ISO-10303-21;
HEADER;
FILE_DESCRIPTION (( 'STEP AP214' ),
    '1' );
FILE_NAME ('7270AE32-03C6-4D5E-9A18-3D3B83AF96ED.STEP',
    '2025-12-09T07:31:34',
    ( '' ),
    ( '' ),
    'SwSTEP 2.0',
    'SolidWorks 2022',
    '' );
FILE_SCHEMA (( 'AUTOMOTIVE_DESIGN' ));
ENDSEC;

DATA;
#1 = CARTESIAN_POINT ( 'NONE',  ( -13.49375189653953022, 11.32737326693549385, -5.618986531965227016 ) ) ;
#2 = CARTESIAN_POINT ( 'NONE',  ( -12.94451475766594051, 4.013977062005593233, 2.614134129105126991 ) ) ;
#3 = EDGE_LOOP ( 'NONE', ( #2974, #4595, #6874, #3839 ) ) ;
#4 = CARTESIAN_POINT ( 'NONE',  ( -10.80744324872742013, 7.750115637317523287, -5.563171183723309987 ) ) ;
#5 = CARTESIAN_POINT ( 'NONE',  ( -12.10000009850236324, 8.999999999999998224, -5.999999999999998224 ) ) ;
#6 = CARTESIAN_POINT ( 'NONE',  ( -6.836715974823708741, 12.97163117532798537, 4.102629185342411944 ) ) ;
#7 = CARTESIAN_POINT ( 'NONE',  ( -10.83413898401053821, 12.32098415872657782, -4.644512717456371398 ) ) ;
#8 = CARTESIAN_POINT ( 'NONE',  ( -12.60625189653952916, 11.48536081608334847, 5.999967093494318782 ) ) ;
#9 = CARTESIAN_POINT ( 'NONE',  ( -19.24738216315595807, 4.152475416838012023, -0.7201639795907626151 ) ) ;
#10 = CARTESIAN_POINT ( 'NONE',  ( -5.000000000000001776, 13.89897948556635754, 5.099999999999999645 ) ) ;
#11 = CARTESIAN_POINT ( 'NONE',  ( -8.162501896539529511, 13.24269686076859287, 4.242584512726211621 ) ) ;
#12 = ORIENTED_EDGE ( 'NONE', *, *, #7462, .F. ) ;
#13 = CARTESIAN_POINT ( 'NONE',  ( -12.69903602584284208, 4.671913205189452967, -3.724733248164369126 ) ) ;
#14 = CARTESIAN_POINT ( 'NONE',  ( -4.900000000000001243, 14.90000000000000036, -4.900000000000000355 ) ) ;
#15 = CARTESIAN_POINT ( 'NONE',  ( -11.12308173059023453, 3.687142162298566728, 1.862682577552932095 ) ) ;
#16 = CARTESIAN_POINT ( 'NONE',  ( -8.324334360305615022, 5.326116659798555197, -4.370466152756699252 ) ) ;
#17 = PLANE ( 'NONE',  #813 ) ;
#18 = FACE_OUTER_BOUND ( 'NONE', #1590, .T. ) ;
#20 = CARTESIAN_POINT ( 'NONE',  ( -12.35281150803748673, 14.70982109742229405, -0.05804815326074507648 ) ) ;
#19 = CARTESIAN_POINT ( 'NONE',  ( -10.35625189653953093, 6.514639183916651533, -5.999967093494321446 ) ) ;
#21 = EDGE_LOOP ( 'NONE', ( #4661, #786, #4600, #2238 ) ) ;
#22 = CARTESIAN_POINT ( 'NONE',  ( -9.568420838485110380, 13.79296787156401471, 3.103662176116737115 ) ) ;
#23 = EDGE_CURVE ( 'NONE', #4270, #4122, #6902, .T. ) ;
#24 = CARTESIAN_POINT ( 'NONE',  ( -10.32657698441338212, 9.015283503855648917, 5.710319179569220083 ) ) ;
#25 = SURFACE_STYLE_USAGE ( .BOTH. , #1912 ) ;
#26 = CARTESIAN_POINT ( 'NONE',  ( -7.358187678844266166, 7.617645322739020841, -5.540357169949794880 ) ) ;
#27 = CARTESIAN_POINT ( 'NONE',  ( -13.00000000000000178, 9.000000000000000000, 0.0000000000000000000 ) ) ;
#28 = EDGE_LOOP ( 'NONE', ( #2712, #188, #2863, #3685 ) ) ;
#29 = CARTESIAN_POINT ( 'NONE',  ( -6.756251896539531288, 6.514639183916653309, -5.999967093494320558 ) ) ;
#30 = EDGE_CURVE ( 'NONE', #1189, #4270, #484, .T. ) ;
#31 = CARTESIAN_POINT ( 'NONE',  ( -9.576653861732642881, 13.96084531765602499, 2.827653174612004605 ) ) ;
#32 = CARTESIAN_POINT ( 'NONE',  ( -7.235745311273051428, 12.26875165471591700, -4.681146526708388045 ) ) ;
#33 =( BOUNDED_CURVE ( )  B_SPLINE_CURVE ( 2, ( #6028, #1691, #2426, #4885, #7382, #7869, #2303, #3564, #1244, #6806, #6847 ),
 .UNSPECIFIED., .F., .T. ) 
 B_SPLINE_CURVE_WITH_KNOTS ( ( 3, 2, 2, 2, 2, 3 ),
 ( 0.7777780180461115744, 0.7916666666666666297, 0.8055555555555555802, 0.8194444444444444198, 0.8333333333333333703, 0.8333335736016671547 ),
 .UNSPECIFIED. ) 
 CURVE ( )  GEOMETRIC_REPRESENTATION_ITEM ( )  RATIONAL_B_SPLINE_CURVE ( ( 0.9999973663809044178, 0.9238808493436148073, 1.000000000000000000, 0.9238795325112867385, 1.000000000000000000, 0.9238795325112867385, 1.000000000000000000, 0.9238795325112867385, 1.000000000000000000, 0.9999986831676719312, 0.9999973663809044178 ) ) 
 REPRESENTATION_ITEM ( '' )  );
#34 = CARTESIAN_POINT ( 'NONE',  ( -10.55625189653953022, 6.514639183916653309, -5.999967093494320558 ) ) ;
#35 = CARTESIAN_POINT ( 'NONE',  ( -6.675001896539530577, 14.99999999947407936, -7.944206262056783218E-05 ) ) ;
#36 = CARTESIAN_POINT ( 'NONE',  ( -11.86250189653953058, 5.026745703644327712, -3.973149083243182833 ) ) ;
#37 = CARTESIAN_POINT ( 'NONE',  ( -12.93537417003456902, 3.860887531578753418, 2.299337440131043131 ) ) ;
#38 = ORIENTED_EDGE ( 'NONE', *, *, #3935, .F. ) ;
#39 = CARTESIAN_POINT ( 'NONE',  ( -6.350001896539530399, 8.999925603094688142, -5.618955715758048086 ) ) ;
#40 = EDGE_CURVE ( 'NONE', #610, #5370, #6311, .T. ) ;
#41 = CARTESIAN_POINT ( 'NONE',  ( -10.54818861551918552, 14.70842495636446934, 0.1353484393440080036 ) ) ;
#42 = CARTESIAN_POINT ( 'NONE',  ( -4.904433119026871069, 13.74820983064026869, 5.000282144914925730 ) ) ;
#43 = CARTESIAN_POINT ( 'NONE',  ( -9.262501896539530932, 13.24269686076859287, 4.242584512726212509 ) ) ;
#44 = VECTOR ( 'NONE', #7426, 1000.000000000000000 ) ;
#45 = CARTESIAN_POINT ( 'NONE',  ( -6.902851452121531395, 10.17792321044897896, 5.587433028271225233 ) ) ;
#46 = CARTESIAN_POINT ( 'NONE',  ( -11.76641402794926883, 11.22133634957738479, -5.259612955131481193 ) ) ;
#47 = CARTESIAN_POINT ( 'NONE',  ( -8.893751896539530577, 6.514798068041889323, 6.000032905453837273 ) ) ;
#48 = EDGE_LOOP ( 'NONE', ( #5939, #7915, #2023, #6440 ) ) ;
#49 = CARTESIAN_POINT ( 'NONE',  ( -12.91144850187994031, 4.897790565141702857, 3.960230070821458614 ) ) ;
#50 = CARTESIAN_POINT ( 'NONE',  ( -6.433337905650770239, 3.923010938919538670, -2.595238768847477839 ) ) ;
#51 = CARTESIAN_POINT ( 'NONE',  ( -11.08705593254547495, 3.391905886373866252, 0.4943357296292226755 ) ) ;
#52 = CARTESIAN_POINT ( 'NONE',  ( -5.000000000000001776, 14.90000000000000036, -3.949683531626298372 ) ) ;
#53 = CARTESIAN_POINT ( 'NONE',  ( -8.953590018560591446, 14.29452800851281147, -2.136734178786440896 ) ) ;
#54 = CARTESIAN_POINT ( 'NONE',  ( -13.00000000000000178, 9.000000000000000000, -6.000000000000000000 ) ) ;
#55 = VECTOR ( 'NONE', #1900, 1000.000000000000000 ) ;
#57 = CARTESIAN_POINT ( 'NONE',  ( -12.55973359499596675, 12.29755881237064941, -4.563025547189563547 ) ) ;
#56 = CARTESIAN_POINT ( 'NONE',  ( -12.38125189653952773, 3.000032906505680774, 2.485360816083349800 ) ) ;
#58 = EDGE_LOOP ( 'NONE', ( #4132, #4467, #7533 ) ) ;
#59 = DIRECTION ( 'NONE',  ( 0.0000000000000000000, -1.000000000000000000, 0.0000000000000000000 ) ) ;
#60 = CIRCLE ( 'NONE', #5747, 0.1000000000000002554 ) ;
#61 = CARTESIAN_POINT ( 'NONE',  ( -8.457188161443507823, 6.361820008465080889, 5.064173282454633274 ) ) ;
#62 = CARTESIAN_POINT ( 'NONE',  ( -10.29293974364533781, 5.183366364545775262, 4.138595597074048449 ) ) ;
#63 = VERTEX_POINT ( 'NONE', #3833 ) ;
#64 = CARTESIAN_POINT ( 'NONE',  ( -7.479633620073427913, 4.111395782671495525, 2.950948562119401597 ) ) ;
#66 = CARTESIAN_POINT ( 'NONE',  ( -11.79043326071569808, 4.919909709320526403, -3.983110848492353195 ) ) ;
#65 = CARTESIAN_POINT ( 'NONE',  ( -13.53750189653953129, 4.757415487273786603, 4.242696860768593758 ) ) ;
#67 = AXIS2_PLACEMENT_3D ( 'NONE', #6897, #6866, #777 ) ;
#68 = CARTESIAN_POINT ( 'NONE',  ( -4.999999999999974243, 3.934274476019330447, 4.830985915492901128 ) ) ;
#69 = EDGE_CURVE ( 'NONE', #1911, #1752, #7321, .T. ) ;
#70 = ORIENTED_EDGE ( 'NONE', *, *, #7865, .T. ) ;
#71 = CARTESIAN_POINT ( 'NONE',  ( -9.389723013971696730, 7.538417546428748395, 5.519965441855271493 ) ) ;
#72 = AXIS2_PLACEMENT_3D ( 'NONE', #2186, #2752, #936 ) ;
#73 = CARTESIAN_POINT ( 'NONE',  ( -6.795870057918183882, 6.066284588538279898, 4.898035844257527138 ) ) ;
#74 = CARTESIAN_POINT ( 'NONE',  ( -13.00000000000000178, 9.000000000000000000, 0.0000000000000000000 ) ) ;
#75 = CARTESIAN_POINT ( 'NONE',  ( -7.068751896539531288, 2.999967094546160951, -2.485201931958109345 ) ) ;
#76 = CARTESIAN_POINT ( 'NONE',  ( -9.725001896539531288, 14.61895571575804809, -7.439690531130537009E-05 ) ) ;
#77 = EDGE_CURVE ( 'NONE', #4031, #5190, #2640, .T. ) ;
#78 = CARTESIAN_POINT ( 'NONE',  ( -12.95070836573941087, 3.298671696876707582, 0.08436407986243660284 ) ) ;
#79 = EDGE_CURVE ( 'NONE', #1275, #6089, #3368, .T. ) ;
#80 = CIRCLE ( 'NONE', #2124, 3.300000000000000266 ) ;
#81 = ORIENTED_EDGE ( 'NONE', *, *, #4235, .F. ) ;
#82 = CARTESIAN_POINT ( 'NONE',  ( -10.49502515646220679, 14.27484567511706537, 2.186694275234608131 ) ) ;
#83 = CARTESIAN_POINT ( 'NONE',  ( -8.820556718150761810, 14.61868898161338493, 0.1837413362957148188 ) ) ;
#84 = CARTESIAN_POINT ( 'NONE',  ( -5.021737108702840402, 13.79736014787596865, 5.049067837604101605 ) ) ;
#85 = AXIS2_PLACEMENT_3D ( 'NONE', #7500, #3268, #1360 ) ;
#86 = CARTESIAN_POINT ( 'NONE',  ( -7.800000098502366086, 8.999999999999998224, -5.999999999999998224 ) ) ;
#87 = CARTESIAN_POINT ( 'NONE',  ( -6.819377862846874194, 12.43433505192668243, 4.561885022830375114 ) ) ;
#88 = CARTESIAN_POINT ( 'NONE',  ( -11.86965266741581004, 7.188659688756059651, -5.414461328677805163 ) ) ;
#89 = CARTESIAN_POINT ( 'NONE',  ( 0.0000000000000000000, 10.00000000000000000, 0.0000000000000000000 ) ) ;
#90 = EDGE_CURVE ( 'NONE', #3047, #4112, #1613, .T. ) ;
#91 = CARTESIAN_POINT ( 'NONE',  ( -8.837501896539530222, 4.757415487273787491, 4.242696860768592870 ) ) ;
#92 = AXIS2_PLACEMENT_3D ( 'NONE', #658, #6777, #5052 ) ;
#93 = CARTESIAN_POINT ( 'NONE',  ( -12.88534117026310177, 4.231384057632118001, 3.140759294167184468 ) ) ;
#94 = CARTESIAN_POINT ( 'NONE',  ( -8.258045024107804721, 5.149195880383925505, -4.106841051904075002 ) ) ;
#95 = CARTESIAN_POINT ( 'NONE',  ( -6.446835549542518251, 3.698916543197944495, -2.121584887135964603 ) ) ;
#96 = CARTESIAN_POINT ( 'NONE',  ( -11.31026913463407979, 9.422820154373525270, 5.613928810756012133 ) ) ;
#97 = CARTESIAN_POINT ( 'NONE',  ( -7.543750843279521057, 11.48523483828331848, -6.000000000000000888 ) ) ;
#98 = CARTESIAN_POINT ( 'NONE',  ( -9.591367413665018660, 9.727273171126022078, 5.662891613232521770 ) ) ;
#99 = CARTESIAN_POINT ( 'NONE',  ( -19.80000000000000071, 22.00100000000000122, 0.9000000000000003553 ) ) ;
#100 = DIRECTION ( 'NONE',  ( 0.0000000000000000000, -0.0000000000000000000, -1.000000000000000000 ) ) ;
#102 = CARTESIAN_POINT ( 'NONE',  ( -12.50742131274383162, 13.73572985942020175, -3.044491012826158194 ) ) ;
#101 = CARTESIAN_POINT ( 'NONE',  ( -10.07500189653953093, 14.99999999947407936, -7.944206262056783218E-05 ) ) ;
#103 = CARTESIAN_POINT ( 'NONE',  ( -4.970819268333391605, 13.98388599685265632, 4.973373407359510168 ) ) ;
#104 = ORIENTED_EDGE ( 'NONE', *, *, #3339, .F. ) ;
#105 = CIRCLE ( 'NONE', #5653, 3.300000000000000266 ) ;
#106 = CARTESIAN_POINT ( 'NONE',  ( -8.718135876508974036, 14.54487691126704441, 1.328686218202422831 ) ) ;
#107 = CARTESIAN_POINT ( 'NONE',  ( -10.30451584672065124, 3.718131704642413382, 2.170344471175772227 ) ) ;
#108 = ORIENTED_EDGE ( 'NONE', *, *, #3934, .T. ) ;
#109 = CARTESIAN_POINT ( 'NONE',  ( -7.608663073715896452, 3.781497808375198666, 2.318147439621160988 ) ) ;
#110 = AXIS2_PLACEMENT_3D ( 'NONE', #4086, #2887, #1516 ) ;
#112 = CARTESIAN_POINT ( 'NONE',  ( -11.78618727675713629, 5.047582975766377267, -4.109809164993623476 ) ) ;
#111 = CARTESIAN_POINT ( 'NONE',  ( -13.31250189653953164, 4.757303139231405353, -4.242584512726213397 ) ) ;
#113 = CARTESIAN_POINT ( 'NONE',  ( -4.900000014779831936, 4.301944499858390891, 4.999999999999998224 ) ) ;
#114 = EDGE_LOOP ( 'NONE', ( #721, #4365 ) ) ;
#115 = CARTESIAN_POINT ( 'NONE',  ( -9.622300492518075288, 14.58880210941584465, 1.172112139591066082 ) ) ;
#116 = CARTESIAN_POINT ( 'NONE',  ( -5.100000000000011191, 14.00586100467226203, 4.893759276613417697 ) ) ;
#117 = CARTESIAN_POINT ( 'NONE',  ( -6.843751896539530755, 11.48520193195810712, -6.000032905453839938 ) ) ;
#118 = CARTESIAN_POINT ( 'NONE',  ( -8.881251896539529511, 14.61892489955086916, -2.327522060746116672 ) ) ;
#119 = ORIENTED_EDGE ( 'NONE', *, *, #4436, .T. ) ;
#120 = CARTESIAN_POINT ( 'NONE',  ( -10.38932730342213873, 11.42184988548066826, 5.161998026023614017 ) ) ;
#121 = CARTESIAN_POINT ( 'NONE',  ( -8.871155219596158048, 12.81511618940287889, -4.248601844384850779 ) ) ;
#122 = CARTESIAN_POINT ( 'NONE',  ( -5.099999962588314339, 14.03154250155795069, 4.866829905147173285 ) ) ;
#123 = FACE_OUTER_BOUND ( 'NONE', #2637, .T. ) ;
#124 = CARTESIAN_POINT ( 'NONE',  ( -6.856621334079139096, 11.16752959280991142, 5.195780497243319473 ) ) ;
#125 = CARTESIAN_POINT ( 'NONE',  ( -11.69802105134206549, 13.40458679676225984, -3.632893049526663809 ) ) ;
#126 = CARTESIAN_POINT ( 'NONE',  ( -8.050001896539528801, 9.000079442062618895, 5.999999999474078471 ) ) ;
#127 =( BOUNDED_CURVE ( )  B_SPLINE_CURVE ( 2, ( #3884, #3354, #5111, #7608, #4523, #6997, #1434, #2728, #5235, #308, #5360 ),
 .UNSPECIFIED., .F., .T. ) 
 B_SPLINE_CURVE_WITH_KNOTS ( ( 3, 2, 2, 2, 2, 3 ),
 ( 0.4444446847127782041, 0.4583333333333333148, 0.4722222222222222099, 0.4861111111111111049, 0.5000000000000000000, 0.5000002402683337843 ),
 .UNSPECIFIED. ) 
 CURVE ( )  GEOMETRIC_REPRESENTATION_ITEM ( )  RATIONAL_B_SPLINE_CURVE ( ( 0.9999973663809044178, 0.9238808493436148073, 1.000000000000000000, 0.9238795325112867385, 1.000000000000000000, 0.9238795325112867385, 1.000000000000000000, 0.9238795325112867385, 1.000000000000000000, 0.9999986831676719312, 0.9999973663809044178 ) ) 
 REPRESENTATION_ITEM ( '' )  );
#128 = CARTESIAN_POINT ( 'NONE',  ( -8.217990862420570863, 6.440892710967235146, -5.005402301372008367 ) ) ;
#129 = CARTESIAN_POINT ( 'NONE',  ( -6.579668370158436197, 4.112296255815823365, 2.952033739660366862 ) ) ;
#130 = EDGE_CURVE ( 'NONE', #6257, #1307, #2076, .T. ) ;
#131 = CARTESIAN_POINT ( 'NONE',  ( -11.23663403685354112, 9.430639090882481312, 5.693937541165594141 ) ) ;
#132 = DIRECTION ( 'NONE',  ( 0.0000000000000000000, 0.0000000000000000000, 1.000000000000000000 ) ) ;
#133 = CARTESIAN_POINT ( 'NONE',  ( -9.549447136357246180, 8.014148012759475748, 5.623923599165526532 ) ) ;
#134 = CARTESIAN_POINT ( 'NONE',  ( -8.950000098502364665, 9.000000000000000000, 5.999999999999998224 ) ) ;
#135 = CARTESIAN_POINT ( 'NONE',  ( 4.041334437186266003E-16, 10.00000000000000000, -3.300000000000000266 ) ) ;
#136 = DIRECTION ( 'NONE',  ( 0.0000000000000000000, 1.000000000000000000, 0.0000000000000000000 ) ) ;
#138 = CARTESIAN_POINT ( 'NONE',  ( -12.49373089797462377, 13.99245291274729119, -2.584363785855960494 ) ) ;
#137 = CARTESIAN_POINT ( 'NONE',  ( -12.55000189653953058, 9.000079442062618895, 5.999999999474079360 ) ) ;
#139 = FACE_OUTER_BOUND ( 'NONE', #2936, .T. ) ;
#140 = EDGE_LOOP ( 'NONE', ( #4525, #6267, #5112 ) ) ;
#141 = B_SPLINE_CURVE_WITH_KNOTS ( 'NONE', 3,
 ( #5348, #2277, #3347, #5817, #260, #575, #2361, #3048, #4940, #2970, #6623, #1673, #3584, #7278, #4316, #6782 ),
 .UNSPECIFIED., .F., .F.,
 ( 4, 3, 3, 3, 3, 4 ),
 ( 0.0000000000000000000, 3.358961431934294012E-05, 6.717875257473702511E-05, 0.0001007745523379259740, 0.0001343737793314205735, 0.0001648079921768098638 ),
 .UNSPECIFIED. ) ;
#142 = CARTESIAN_POINT ( 'NONE',  ( -8.493197094542612291, 7.673638145679297473, 5.545467489382582826 ) ) ;
#143 = FILL_AREA_STYLE_COLOUR ( '', #5868 ) ;
#144 = CARTESIAN_POINT ( 'NONE',  ( -7.424917587549922260, 3.371317598327042475, 0.9611600471394996514 ) ) ;
#146 = CARTESIAN_POINT ( 'NONE',  ( -11.84407033827504208, 3.739229683048524322, -2.220935432619045802 ) ) ;
#145 = CARTESIAN_POINT ( 'NONE',  ( -12.97500189653952951, 14.99999999947407936, -7.944206262056783218E-05 ) ) ;
#147 = CARTESIAN_POINT ( 'NONE',  ( -4.984028437497967090, 4.272460788271460252, 4.996389411979117234 ) ) ;
#148 = VERTEX_POINT ( 'NONE', #401 ) ;
#149 = CARTESIAN_POINT ( 'NONE',  ( -9.822595642534277971, 11.09115234986987275, -5.304613700901742668 ) ) ;
#150 = LINE ( 'NONE', #1837, #7344 ) ;
#151 = CARTESIAN_POINT ( 'NONE',  ( -7.293751896539530044, 6.514798068041888435, 6.000032905453838161 ) ) ;
#152 = ORIENTED_EDGE ( 'NONE', *, *, #2937, .F. ) ;
#153 = CARTESIAN_POINT ( 'NONE',  ( -10.08106894710198809, 3.350554717564867335, -0.8292805423236880857 ) ) ;
#154 = CARTESIAN_POINT ( 'NONE',  ( -8.971507070846589826, 11.91529899877220089, -4.816254370346121583 ) ) ;
#155 = CARTESIAN_POINT ( 'NONE',  ( -5.000000000000001776, 14.90000000000000036, 4.899999999999998579 ) ) ;
#156 = CARTESIAN_POINT ( 'NONE',  ( -7.026105701706715223, 14.62960443164624458, -0.05015737504070086339 ) ) ;
#157 = CARTESIAN_POINT ( 'NONE',  ( -12.07633935969820982, 3.401301436912596898, 1.119136733773913983 ) ) ;
#158 = CARTESIAN_POINT ( 'NONE',  ( -10.24375189653952845, 11.48520193195810357, -6.000032905453839049 ) ) ;
#159 = CARTESIAN_POINT ( 'NONE',  ( -12.99999999999999645, 7.936881766048084152, 5.599137326642992463 ) ) ;
#160 = CARTESIAN_POINT ( 'NONE',  ( -8.148911437178625761, 6.246028690010282602, -4.992796114023820842 ) ) ;
#161 = CARTESIAN_POINT ( 'NONE',  ( -19.80000000000000071, -4.000999999999999446, -0.9000000000000003553 ) ) ;
#162 = CARTESIAN_POINT ( 'NONE',  ( -11.41080154983741579, 10.48140079473087383, 5.514659320606476456 ) ) ;
#163 = CARTESIAN_POINT ( 'NONE',  ( -5.000000000000023093, 14.91978553974519883, -3.890572626379349863 ) ) ;
#164 = CARTESIAN_POINT ( 'NONE',  ( -9.263597626900239135, 4.254949371278629044, -3.175528755731893416 ) ) ;
#165 = CARTESIAN_POINT ( 'NONE',  ( -12.41250189653953129, 4.757303139231405353, -4.242584512726213397 ) ) ;
#166 = DIRECTION ( 'NONE',  ( 0.0000000000000000000, 0.0000000000000000000, -1.000000000000000000 ) ) ;
#168 = CARTESIAN_POINT ( 'NONE',  ( -12.51323643044676182, 11.42756245695586870, -5.168520394611944901 ) ) ;
#167 = CARTESIAN_POINT ( 'NONE',  ( -10.30000189653953058, 8.999920557937377552, -5.999999999474079360 ) ) ;
#169 = AXIS2_PLACEMENT_3D ( 'NONE', #6323, #771, #3238 ) ;
#170 = CARTESIAN_POINT ( 'NONE',  ( -7.600000997523411073, 8.999960278968686112, -5.999999999999998224 ) ) ;
#171 = ADVANCED_FACE ( 'NONE', ( #2140 ), #2790, .T. ) ;
#172 = ORIENTED_EDGE ( 'NONE', *, *, #1395, .T. ) ;
#173 = CARTESIAN_POINT ( 'NONE',  ( -8.430353504080361660, 5.473183069465369144, 4.490442629836068456 ) ) ;
#174 = CARTESIAN_POINT ( 'NONE',  ( -10.66788126362381561, 14.36782766969796121, -1.670272544501839151 ) ) ;
#175 = AXIS2_PLACEMENT_3D ( 'NONE', #7556, #1987, #5725 ) ;
#176 = CARTESIAN_POINT ( 'NONE',  ( -7.441707644067120597, 3.534097318217513717, -1.314134861323197123 ) ) ;
#178 = CARTESIAN_POINT ( 'NONE',  ( -11.89031177132369166, 4.312686007217351403, -3.118232733335541074 ) ) ;
#177 = FACE_OUTER_BOUND ( 'NONE', #58, .T. ) ;
#179 = ORIENTED_EDGE ( 'NONE', *, *, #77, .T. ) ;
#180 = DIRECTION ( 'NONE',  ( 0.0000000000000000000, 1.000000000000000000, 0.0000000000000000000 ) ) ;
#181 = ORIENTED_EDGE ( 'NONE', *, *, #4676, .T. ) ;
#182 = AXIS2_PLACEMENT_3D ( 'NONE', #4035, #7025, #1463 ) ;
#183 = CARTESIAN_POINT ( 'NONE',  ( -9.965290175405776552, 11.25854346900370651, -5.235581319317780036 ) ) ;
#184 = CARTESIAN_POINT ( 'NONE',  ( -10.97500189653952951, 14.99999999947407936, -7.944206262056783218E-05 ) ) ;
#185 = AXIS2_PLACEMENT_3D ( 'NONE', #4164, #4282, #4783 ) ;
#186 = CARTESIAN_POINT ( 'NONE',  ( -5.950163377777665019, 11.05204850545977990, -5.638182059071901620 ) ) ;
#187 = CARTESIAN_POINT ( 'NONE',  ( -8.600001896539529511, 9.000074396905310081, 5.618955715758048086 ) ) ;
#188 = ORIENTED_EDGE ( 'NONE', *, *, #5108, .T. ) ;
#189 = CARTESIAN_POINT ( 'NONE',  ( -10.33568589159948914, 9.391889468606414937, 5.696468638085561587 ) ) ;
#190 = CARTESIAN_POINT ( 'NONE',  ( -9.111871003177627770, 4.352889949160164029, -3.318153881154641383 ) ) ;
#191 = UNCERTAINTY_MEASURE_WITH_UNIT (LENGTH_MEASURE( 1.000000000000000082E-05 ), #672, 'distance_accuracy_value', 'NONE');
#192 = DIRECTION ( 'NONE',  ( 0.0000000000000000000, -1.000000000000000000, 0.0000000000000000000 ) ) ;
#193 = CARTESIAN_POINT ( 'NONE',  ( -4.900000000000001243, 14.90000000000000036, -5.000000000000000888 ) ) ;
#194 = CARTESIAN_POINT ( 'NONE',  ( -6.977370794892201467, 14.31095251025442394, 1.843165243504922390 ) ) ;
#195 = CARTESIAN_POINT ( 'NONE',  ( -12.02579910069483837, 3.367281294289172777, -0.9327507613594004932 ) ) ;
#196 =( NAMED_UNIT ( * ) PLANE_ANGLE_UNIT ( ) SI_UNIT ( $, .RADIAN. ) );
#197 = AXIS2_PLACEMENT_3D ( 'NONE', #3653, #648, #1850 ) ;
#198 = B_SPLINE_CURVE_WITH_KNOTS ( 'NONE', 3,
 ( #5769, #4668, #7111, #7636, #7149, #296, #5307, #1466, #3381, #905 ),
 .UNSPECIFIED., .F., .F.,
 ( 4, 2, 2, 2, 4 ),
 ( 1.253367723550796161E-16, 0.001455208840673653239, 0.002910417681347181144, 0.004365626522020709700, 0.005820835362694237389 ),
 .UNSPECIFIED. ) ;
#199 = ORIENTED_EDGE ( 'NONE', *, *, #3998, .F. ) ;
#200 = CARTESIAN_POINT ( 'NONE',  ( -12.21511004056978322, 12.29358171510600251, 4.654445505180792253 ) ) ;
#201 = CARTESIAN_POINT ( 'NONE',  ( -8.572004434831375974, 5.294174004989996796, 4.344300703337995451 ) ) ;
#202 = TOROIDAL_SURFACE ( 'NONE', #4098, 6.899999999999999467, 0.1000000000000000056 ) ;
#203 = CARTESIAN_POINT ( 'NONE',  ( -11.22098779923981837, 6.070699959505795107, 4.798184116973748026 ) ) ;
#204 = CARTESIAN_POINT ( 'NONE',  ( -6.401338932637036017, 7.020130530878908814, -5.270401579887885823 ) ) ;
#205 = CARTESIAN_POINT ( 'NONE',  ( -9.445905050859932928, 4.541389460309061654, 3.566455330833432580 ) ) ;
#206 = CARTESIAN_POINT ( 'NONE',  ( -9.118751896539530222, 15.00003290545384260, 2.485201931958106236 ) ) ;
#207 = FACE_OUTER_BOUND ( 'NONE', #7444, .T. ) ;
#208 = CARTESIAN_POINT ( 'NONE',  ( -8.475001896539529511, 14.99999999947407936, -7.944206262056783218E-05 ) ) ;
#210 = CARTESIAN_POINT ( 'NONE',  ( -12.72331957629960542, 9.016149956437532254, -5.701918842025796685 ) ) ;
#209 = CARTESIAN_POINT ( 'NONE',  ( -8.612501896539530577, 4.757303139231405353, -4.242584512726213397 ) ) ;
#211 = LINE ( 'NONE', #7103, #2524 ) ;
#212 = VERTEX_POINT ( 'NONE', #6566 ) ;
#213 = CARTESIAN_POINT ( 'NONE',  ( -4.900000000000001243, 13.64758001544925037, 5.099999999999999645 ) ) ;
#214 = CARTESIAN_POINT ( 'NONE',  ( -8.774287390484914795, 14.63259599071244565, -0.9363302541381616217 ) ) ;
#215 = CARTESIAN_POINT ( 'NONE',  ( -10.39865248348138138, 11.74837611700204221, 5.005512577816729092 ) ) ;
#216 = CARTESIAN_POINT ( 'NONE',  ( -4.900000000000001243, 13.64758001544924682, -5.000000000000000888 ) ) ;
#217 = ADVANCED_FACE ( 'NONE', ( #7095 ), #5950, .T. ) ;
#218 = CARTESIAN_POINT ( 'NONE',  ( -6.628833386572535069, 3.356098460793512483, -0.8100236215833073183 ) ) ;
#219 = CARTESIAN_POINT ( 'NONE',  ( -7.317881830588049752, 4.218597629327581977, -3.121494451936135395 ) ) ;
#220 = DIRECTION ( 'NONE',  ( 0.0000000000000000000, -0.5562934551586342646, -0.8309859154929576386 ) ) ;
#222 = CARTESIAN_POINT ( 'NONE',  ( -12.11236068744801209, 8.421760810761668381, 5.680764801953301024 ) ) ;
#221 = CARTESIAN_POINT ( 'NONE',  ( -11.73750189653953058, 4.757415487273786603, 4.242696860768593758 ) ) ;
#223 = CARTESIAN_POINT ( 'NONE',  ( -4.962376114732529153, 4.035734795560895982, 4.979729539395880700 ) ) ;
#224 = AXIS2_PLACEMENT_3D ( 'NONE', #2976, #2280, #1712 ) ;
#225 = VERTEX_POINT ( 'NONE', #557 ) ;
#226 = CARTESIAN_POINT ( 'NONE',  ( -9.802965479835052065, 13.82680197068717121, -2.897846377581118738 ) ) ;
#227 = EDGE_CURVE ( 'NONE', #4208, #2511, #4880, .T. ) ;
#228 = B_SPLINE_CURVE_WITH_KNOTS ( 'NONE', 3,
 ( #4978, #6331, #1906, #4397, #103, #3248, #6247, #2022 ),
 .UNSPECIFIED., .F., .F.,
 ( 4, 2, 2, 4 ),
 ( 0.0000000000000000000, 0.0002612701489777849396, 0.0003919052234666776263, 0.0005225402979555703129 ),
 .UNSPECIFIED. ) ;
#229 = DIRECTION ( 'NONE',  ( 1.000000000000000000, -0.0000000000000000000, -0.0000000000000000000 ) ) ;
#231 = CARTESIAN_POINT ( 'NONE',  ( -10.28750189653953129, 5.026850916756816723, 3.973254296355670956 ) ) ;
#230 = CARTESIAN_POINT ( 'NONE',  ( -19.80000000000000071, 4.183362168483081511, -0.9000000000000003553 ) ) ;
#232 = ORIENTED_EDGE ( 'NONE', *, *, #3783, .F. ) ;
#233 = CIRCLE ( 'NONE', #7878, 0.5999999999999980904 ) ;
#234 = CARTESIAN_POINT ( 'NONE',  ( -9.894605854007142653, 8.248605609601098010, -5.660503273346815689 ) ) ;
#235 = CARTESIAN_POINT ( 'NONE',  ( -9.060857603010777694, 8.556859498305128042, -5.604202896841067982 ) ) ;
#236 = DIRECTION ( 'NONE',  ( 0.0000000000000000000, 0.0000000000000000000, 1.000000000000000000 ) ) ;
#237 = CARTESIAN_POINT ( 'NONE',  ( -10.69375084327952408, 6.514765161716677966, 5.999999999999998224 ) ) ;
#238 = CARTESIAN_POINT ( 'NONE',  ( -6.918682574835373522, 13.15924192739788445, 3.794449458404571374 ) ) ;
#239 = CARTESIAN_POINT ( 'NONE',  ( -12.39573847700017595, 13.30987097885531334, 3.744685676474570624 ) ) ;
#240 =( BOUNDED_CURVE ( )  B_SPLINE_CURVE ( 2, ( #3223, #2539, #2038, #4410, #4519, #1236, #3107, #2497, #1879, #4370, #3805 ),
 .UNSPECIFIED., .F., .T. ) 
 B_SPLINE_CURVE_WITH_KNOTS ( ( 3, 2, 2, 2, 2, 3 ),
 ( 0.7222224624905559942, 0.7361111111111111605, 0.7500000000000000000, 0.7638888888888888395, 0.7777777777777777901, 0.7777780180461115744 ),
 .UNSPECIFIED. ) 
 CURVE ( )  GEOMETRIC_REPRESENTATION_ITEM ( )  RATIONAL_B_SPLINE_CURVE ( ( 0.9999973663809044178, 0.9238808493436148073, 1.000000000000000000, 0.9238795325112867385, 1.000000000000000000, 0.9238795325112867385, 1.000000000000000000, 0.9238795325112867385, 1.000000000000000000, 0.9999986831676719312, 0.9999973663809044178 ) ) 
 REPRESENTATION_ITEM ( '' )  );
#241 = ORIENTED_EDGE ( 'NONE', *, *, #962, .T. ) ;
#242 = CARTESIAN_POINT ( 'NONE',  ( -13.10000189653952951, 9.000074396905310081, 5.618955715758048086 ) ) ;
#243 = CARTESIAN_POINT ( 'NONE',  ( -11.95887726494675896, 3.744380587602631483, 2.231911668325918807 ) ) ;
#244 = CARTESIAN_POINT ( 'NONE',  ( -11.23470480219530288, 6.533287276116164222, 5.051628041915442680 ) ) ;
#245 = CARTESIAN_POINT ( 'NONE',  ( -12.10000099752341107, 8.999960278968686112, -5.999999999999998224 ) ) ;
#246 = CARTESIAN_POINT ( 'NONE',  ( -6.300374397464099552, 8.020953505667838712, -5.625575746180084380 ) ) ;
#247 = CARTESIAN_POINT ( 'NONE',  ( -9.523233773555389803, 7.024621805147368114, 5.356790328415482527 ) ) ;
#248 = FACE_OUTER_BOUND ( 'NONE', #5563, .T. ) ;
#250 = CARTESIAN_POINT ( 'NONE',  ( -12.71675990185222993, 6.483002089280586411, -5.026704946827080356 ) ) ;
#249 = CARTESIAN_POINT ( 'NONE',  ( -6.700001896539530044, 8.999920557937377552, -5.999999999474079360 ) ) ;
#251 = ORIENTED_EDGE ( 'NONE', *, *, #6716, .T. ) ;
#252 = CARTESIAN_POINT ( 'NONE',  ( -7.910773327026094925, 14.22662019523909827, -2.299472391088793977 ) ) ;
#253 = CARTESIAN_POINT ( 'NONE',  ( -10.66191351862259928, 14.51827148637097942, 1.468137758415144267 ) ) ;
#254 = FILL_AREA_STYLE_COLOUR ( '', #2375 ) ;
#255 = CARTESIAN_POINT ( 'NONE',  ( -6.728010628662833170, 4.132832839441348938, 2.984624254875957394 ) ) ;
#256 = CARTESIAN_POINT ( 'NONE',  ( -7.756378035640848267, 8.291078850128817734, 5.657669045147163622 ) ) ;
#257 = CARTESIAN_POINT ( 'NONE',  ( -5.000000000000013323, 3.900595344592933333, 4.920284130145628154 ) ) ;
#259 = CARTESIAN_POINT ( 'NONE',  ( -12.05351921790198055, 3.293595047189497471, 0.2061667273522891641 ) ) ;
#258 = CARTESIAN_POINT ( 'NONE',  ( -8.137501896539530932, 4.757415487273786603, 4.242696860768593758 ) ) ;
#260 = CARTESIAN_POINT ( 'NONE',  ( -6.262910737461150568, 10.94032439083274966, -5.331210213345074500 ) ) ;
#261 = ORIENTED_EDGE ( 'NONE', *, *, #954, .T. ) ;
#262 = CARTESIAN_POINT ( 'NONE',  ( -7.756251896539532176, 11.32752206074611578, 5.618924899550870045 ) ) ;
#263 = EDGE_CURVE ( 'NONE', #1788, #2969, #1005, .T. ) ;
#264 = CARTESIAN_POINT ( 'NONE',  ( -9.784628429332231647, 14.14298591475850131, -2.270085361910978428 ) ) ;
#265 = DIRECTION ( 'NONE',  ( 0.0000000000000000000, -1.000000000000000000, 0.0000000000000000000 ) ) ;
#266 = CARTESIAN_POINT ( 'NONE',  ( -13.05141332556792122, 7.119125573443440658, 5.306346824229745351 ) ) ;
#267 = ORIENTED_EDGE ( 'NONE', *, *, #3534, .T. ) ;
#268 = ADVANCED_FACE ( 'NONE', ( #3520 ), #7849, .F. ) ;
#269 = CARTESIAN_POINT ( 'NONE',  ( -9.815885619804923579, 11.33400536843574358, -5.211070680636997743 ) ) ;
#270 = CARTESIAN_POINT ( 'NONE',  ( -9.008145549211819869, 10.63569678671004759, -5.386934018108889610 ) ) ;
#271 = UNCERTAINTY_MEASURE_WITH_UNIT (LENGTH_MEASURE( 1.000000000000000082E-05 ), #2775, 'distance_accuracy_value', 'NONE');
#272 = CARTESIAN_POINT ( 'NONE',  ( -5.100000000000002309, 14.81690140845070403, -3.894054186110434745 ) ) ;
#273 = PLANE ( 'NONE',  #5671 ) ;
#274 = CARTESIAN_POINT ( 'NONE',  ( -6.991087957245581741, 14.46796031915141079, 1.340627679456619648 ) ) ;
#275 = CARTESIAN_POINT ( 'NONE',  ( -12.46570699534550108, 14.55391212665046474, 1.323686751113817062 ) ) ;
#276 = ORIENTED_EDGE ( 'NONE', *, *, #1897, .T. ) ;
#277 = CARTESIAN_POINT ( 'NONE',  ( -7.431251896539529334, 14.99996709349432145, -2.485360816083347135 ) ) ;
#278 = EDGE_CURVE ( 'NONE', #540, #3227, #2947, .T. ) ;
#279 = CARTESIAN_POINT ( 'NONE',  ( -12.02874975238223776, 5.422502023344576649, 4.450285767300269590 ) ) ;
#280 = CARTESIAN_POINT ( 'NONE',  ( -8.472617622360992584, 4.621107801141146609, 3.525457378871916347 ) ) ;
#281 = CARTESIAN_POINT ( 'NONE',  ( -11.30455467665617952, 11.94509673747640832, 4.882485151565381543 ) ) ;
#282 = CARTESIAN_POINT ( 'NONE',  ( -4.954928434239896262, 4.055466840589009969, -4.984867962589682122 ) ) ;
#283 = CARTESIAN_POINT ( 'NONE',  ( -6.404302464140341655, 9.794767590328756768, -5.654592976857823139 ) ) ;
#284 = CARTESIAN_POINT ( 'NONE',  ( -10.22277139018920877, 3.388153372069989011, -1.051183313608725189 ) ) ;
#285 = DIRECTION ( 'NONE',  ( 1.000000000000000000, -0.0000000000000000000, -0.0000000000000000000 ) ) ;
#286 = CARTESIAN_POINT ( 'NONE',  ( -11.65000009850236573, 9.000000000000000000, 5.999999999999998224 ) ) ;
#288 = CARTESIAN_POINT ( 'NONE',  ( -12.84758160711774622, 4.640504675121197131, -3.687900398353185505 ) ) ;
#287 = CARTESIAN_POINT ( 'NONE',  ( -7.431251896539529334, 14.99996709349432145, -2.485360816083348023 ) ) ;
#289 = CARTESIAN_POINT ( 'NONE',  ( -14.18125189653953200, 3.000032906505681662, 2.485360816083349356 ) ) ;
#290 = EDGE_LOOP ( 'NONE', ( #5479, #3429 ) ) ;
#291 = CARTESIAN_POINT ( 'NONE',  ( -5.082655044156800805, 13.94726860376385069, -4.957651102634376805 ) ) ;
#292 = CARTESIAN_POINT ( 'NONE',  ( -7.699478011100498343, 11.77637266070088806, 4.989466478234762192 ) ) ;
#293 = CARTESIAN_POINT ( 'NONE',  ( -10.52747395590812651, 11.09691256004505355, 5.311468539756993401 ) ) ;
#294 = CARTESIAN_POINT ( 'NONE',  ( -7.581349309867528419, 3.443287519963602605, 1.311983179610462624 ) ) ;
#295 = CARTESIAN_POINT ( 'NONE',  ( -7.660395452281983708, 7.447152084448161347, 5.411667416388429075 ) ) ;
#296 = CARTESIAN_POINT ( 'NONE',  ( -13.00000000000000355, 5.721460212695262726, 4.647298864191092171 ) ) ;
#297 = TOROIDAL_SURFACE ( 'NONE', #2615, 6.899999999999999467, 0.1000000000000000056 ) ;
#299 = CARTESIAN_POINT ( 'NONE',  ( -12.03989233254702462, 5.780209368865374842, 4.715790233834329825 ) ) ;
#298 = CARTESIAN_POINT ( 'NONE',  ( -10.44375189653952951, 11.48520193195810712, -6.000032905453839938 ) ) ;
#300 = ORIENTED_EDGE ( 'NONE', *, *, #3795, .F. ) ;
#301 = CARTESIAN_POINT ( 'NONE',  ( -13.00000000000000178, 9.000000000000000000, 0.0000000000000000000 ) ) ;
#302 = CARTESIAN_POINT ( 'NONE',  ( -8.250000098502367152, 9.000000000000000000, 5.999999999999998224 ) ) ;
#303 = PRESENTATION_LAYER_ASSIGNMENT (  '', '', ( #4445 ) ) ;
#304 = CARTESIAN_POINT ( 'NONE',  ( -9.862896136693294125, 14.14201090111707693, -2.464122428549115451 ) ) ;
#306 = CARTESIAN_POINT ( 'NONE',  ( -12.75000189653952987, 9.000079442062618895, 5.999999999474079360 ) ) ;
#305 = DIRECTION ( 'NONE',  ( 0.0000000000000000000, 0.0000000000000000000, -1.000000000000000000 ) ) ;
#307 = AXIS2_PLACEMENT_3D ( 'NONE', #5961, #7839, #4234 ) ;
#308 = CARTESIAN_POINT ( 'NONE',  ( -9.600000997523412849, 8.999960278968686112, -5.999999999999998224 ) ) ;
#309 = EDGE_LOOP ( 'NONE', ( #4556, #4396, #6792, #661 ) ) ;
#310 = PRESENTATION_STYLE_ASSIGNMENT (( #2156 ) ) ;
#311 = CARTESIAN_POINT ( 'NONE',  ( -9.078472478120586331, 7.865281934903498140, -5.514217643464464302 ) ) ;
#312 = AXIS2_PLACEMENT_3D ( 'NONE', #1552, #5933, #6421 ) ;
#313 = CARTESIAN_POINT ( 'NONE',  ( -5.020830129365940309, 15.04111692204038775, -3.464142481504181692 ) ) ;
#314 = CARTESIAN_POINT ( 'NONE',  ( -11.65000099752341001, 9.000039721031308559, 5.999999999999998224 ) ) ;
#315 = CARTESIAN_POINT ( 'NONE',  ( -6.862765879713477624, 13.66793864001061642, 3.289221345095299842 ) ) ;
#316 = ADVANCED_FACE ( 'NONE', ( #7383 ), #6726, .F. ) ;
#317 = CARTESIAN_POINT ( 'NONE',  ( -12.26704358759970859, 8.723233073508918523, 5.702981096936714955 ) ) ;
#318 = LINE ( 'NONE', #4650, #2915 ) ;
#319 = AXIS2_PLACEMENT_3D ( 'NONE', #2101, #2663, #2707 ) ;
#320 = CARTESIAN_POINT ( 'NONE',  ( -7.318751896539531288, 15.00003290545384083, 2.485201931958106236 ) ) ;
#321 = CARTESIAN_POINT ( 'NONE',  ( -12.01173383556992746, 4.903860857551574526, 3.978083091273246108 ) ) ;
#322 = CARTESIAN_POINT ( 'NONE',  ( -8.532877949767524228, 4.242787831572328194, 3.143368824986767063 ) ) ;
#323 = AXIS2_PLACEMENT_3D ( 'NONE', #4027, #2910, #4696 ) ;
#324 = CARTESIAN_POINT ( 'NONE',  ( -5.000000000000001776, 15.00000000000000000, 4.899999999999997691 ) ) ;
#325 = CARTESIAN_POINT ( 'NONE',  ( -6.347997467942516181, 9.081973771080843250, -5.621103049737554258 ) ) ;
#326 = CARTESIAN_POINT ( 'NONE',  ( -10.48055498105865624, 9.289875941969910400, 5.702268896984263868 ) ) ;
#327 = DIRECTION ( 'NONE',  ( -1.000000000000000000, 0.0000000000000000000, 0.0000000000000000000 ) ) ;
#328 = CARTESIAN_POINT ( 'NONE',  ( 4.999999999999999112, 0.09999999999999939493, 4.899999999999997691 ) ) ;
#329 = FACE_OUTER_BOUND ( 'NONE', #4412, .T. ) ;
#330 = CARTESIAN_POINT ( 'NONE',  ( -10.13125189653952951, 14.99996709349432145, -2.485360816083348023 ) ) ;
#331 = ORIENTED_EDGE ( 'NONE', *, *, #6308, .T. ) ;
#332 = VECTOR ( 'NONE', #4016, 1000.000000000000000 ) ;
#333 = CARTESIAN_POINT ( 'NONE',  ( -20.58568236716251576, 13.88009202358394134, -0.4546100348406829639 ) ) ;
#334 = CARTESIAN_POINT ( 'NONE',  ( -7.658816245678594647, 10.30250488636508521, 5.551086869903800292 ) ) ;
#335 = CARTESIAN_POINT ( 'NONE',  ( -10.73521184122188110, 13.04204291044547226, -3.907036585755367497 ) ) ;
#336 = CARTESIAN_POINT ( 'NONE',  ( -11.85000009850236502, 9.000000000000000000, 5.999999999999998224 ) ) ;
#337 = CARTESIAN_POINT ( 'NONE',  ( -7.495720210349166024, 3.677530660345047053, -2.066651793509214130 ) ) ;
#338 = AXIS2_PLACEMENT_3D ( 'NONE', #3433, #5194, #236 ) ;
#339 = CARTESIAN_POINT ( 'NONE',  ( -7.734029378067734051, 7.423184470103319832, 5.488408284887831279 ) ) ;
#341 = CARTESIAN_POINT ( 'NONE',  ( -12.21433186597438869, 6.704167503181587939, 5.228501018111704646 ) ) ;
#340 = CARTESIAN_POINT ( 'NONE',  ( -11.23125189653953093, 14.99996709349432145, -2.485360816083348023 ) ) ;
#342 = ORIENTED_EDGE ( 'NONE', *, *, #4620, .F. ) ;
#343 = CARTESIAN_POINT ( 'NONE',  ( -4.000000000000000000, -3.999999999999999112, 3.400000000000000355 ) ) ;
#344 = EDGE_LOOP ( 'NONE', ( #2630, #4864 ) ) ;
#345 = DIRECTION ( 'NONE',  ( -0.0000000000000000000, 0.6901408450704156206, 0.7236750748543802070 ) ) ;
#346 = CARTESIAN_POINT ( 'NONE',  ( -9.897697746618796089, 8.126041224476857394, -5.643095378005774876 ) ) ;
#347 = CIRCLE ( 'NONE', #6826, 0.6000000000000003109 ) ;
#349 = CARTESIAN_POINT ( 'NONE',  ( -13.25625189653953129, 6.514639183916651533, -5.999967093494321446 ) ) ;
#348 = DIRECTION ( 'NONE',  ( -1.000000000000000000, 0.0000000000000000000, 0.0000000000000000000 ) ) ;
#350 = DIRECTION ( 'NONE',  ( 0.0000000000000000000, 0.0000000000000000000, 1.000000000000000000 ) ) ;
#351 = DIRECTION ( 'NONE',  ( -1.000000000000000000, 0.0000000000000000000, 0.0000000000000000000 ) ) ;
#352 = CIRCLE ( 'NONE', #5121, 7.000000000000000000 ) ;
#353 = CARTESIAN_POINT ( 'NONE',  ( -9.356589347808686341, 6.341260393916914317, 5.053134612042690321 ) ) ;
#354 = CARTESIAN_POINT ( 'NONE',  ( -9.215748458387908570, 5.600607095458131290, -4.577800075796682577 ) ) ;
#355 = CARTESIAN_POINT ( 'NONE',  ( 0.0000000000000000000, 0.09999999999999939493, 0.0000000000000000000 ) ) ;
#356 = FACE_OUTER_BOUND ( 'NONE', #6991, .T. ) ;
#357 = CARTESIAN_POINT ( 'NONE',  ( -7.311919232787425393, 6.646920946672446817, -5.114516001951924906 ) ) ;
#358 = CARTESIAN_POINT ( 'NONE',  ( -12.68130387150072558, 10.67826615223930098, -5.457175394229511589 ) ) ;
#359 =( NAMED_UNIT ( * ) SI_UNIT ( $, .STERADIAN. ) SOLID_ANGLE_UNIT ( ) );
#360 = AXIS2_PLACEMENT_3D ( 'NONE', #5298, #6367, #3282 ) ;
#361 = ORIENTED_EDGE ( 'NONE', *, *, #816, .T. ) ;
#362 = CARTESIAN_POINT ( 'NONE',  ( -12.08750189653953022, 5.026850916756816723, 3.973254296355670956 ) ) ;
#363 = EDGE_CURVE ( 'NONE', #5279, #3715, #1908, .T. ) ;
#364 = CARTESIAN_POINT ( 'NONE',  ( -12.42675385194655213, 13.94586088776033961, -2.853816575124919819 ) ) ;
#365 = CARTESIAN_POINT ( 'NONE',  ( -8.442440968278225100, 5.863929527256190433, 4.771920380881903512 ) ) ;
#366 = CARTESIAN_POINT ( 'NONE',  ( -12.21250189653953022, 4.757303139231405353, -4.242584512726213397 ) ) ;
#367 = CARTESIAN_POINT ( 'NONE',  ( -6.330667818273362002, 9.781802898901151622, -5.575253594199241824 ) ) ;
#368 = CARTESIAN_POINT ( 'NONE',  ( -10.11927511360089227, 5.485134465680378213, -4.499225449726548476 ) ) ;
#369 = CARTESIAN_POINT ( 'NONE',  ( -13.00000000000000355, 3.363559449385474576, 1.109633551562402287 ) ) ;
#370 = CARTESIAN_POINT ( 'NONE',  ( -13.00000000000000533, 3.664433775853994657, 2.003075084518203486 ) ) ;
#371 = CARTESIAN_POINT ( 'NONE',  ( -19.80000000000000071, 3.199999999999999734, -0.9000000000000003553 ) ) ;
#372 = ORIENTED_EDGE ( 'NONE', *, *, #5957, .F. ) ;
#373 = EDGE_CURVE ( 'NONE', #2969, #1788, #4129, .T. ) ;
#374 = CARTESIAN_POINT ( 'NONE',  ( -20.03623069953177449, 13.82121654044279957, -0.8763254981511812147 ) ) ;
#375 = CARTESIAN_POINT ( 'NONE',  ( -7.544232243180965192, 5.926430559918192564, 4.802525482899698162 ) ) ;
#376 = CARTESIAN_POINT ( 'NONE',  ( -10.62160597728682276, 14.04342949556456688, -2.678199163601468147 ) ) ;
#377 = CARTESIAN_POINT ( 'NONE',  ( -7.970721454463205013, 14.59637295852765604, 1.130812660133363234 ) ) ;
#378 = CARTESIAN_POINT ( 'NONE',  ( -7.773691698846394438, 9.001763986897007186, 5.701956970789559875 ) ) ;
#379 = CARTESIAN_POINT ( 'NONE',  ( -6.216654446870933270, 11.05204922434054637, -5.638181797433028386 ) ) ;
#381 = CARTESIAN_POINT ( 'NONE',  ( -11.93277937426614344, 3.439642511652437840, 1.262826476554584021 ) ) ;
#380 = CARTESIAN_POINT ( 'NONE',  ( -10.72500189653953129, 3.000000000525919752, 7.944206261983304126E-05 ) ) ;
#382 = EDGE_LOOP ( 'NONE', ( #7657, #7647, #1756, #1221 ) ) ;
#383 = PLANE ( 'NONE',  #6263 ) ;
#384 = ORIENTED_EDGE ( 'NONE', *, *, #3131, .T. ) ;
#385 = DIRECTION ( 'NONE',  ( 0.0000000000000000000, 0.0000000000000000000, 1.000000000000000000 ) ) ;
#386 = EDGE_CURVE ( 'NONE', #6220, #4774, #233, .T. ) ;
#387 = CARTESIAN_POINT ( 'NONE',  ( -10.11768979624647713, 5.535209080726587239, -4.538978116064583013 ) ) ;
#388 = ORIENTED_EDGE ( 'NONE', *, *, #1203, .T. ) ;
#390 = CARTESIAN_POINT ( 'NONE',  ( -7.025001896539530222, 14.61895571575804809, -7.439690531130537009E-05 ) ) ;
#389 = CARTESIAN_POINT ( 'NONE',  ( -13.00000000000000178, 9.000000000000000000, 0.0000000000000000000 ) ) ;
#391 = CARTESIAN_POINT ( 'NONE',  ( -13.00000000000000178, 9.000000000000000000, 4.699999999999999289 ) ) ;
#392 = DIRECTION ( 'NONE',  ( -1.000000000000000000, 0.0000000000000000000, 0.0000000000000000000 ) ) ;
#393 = CARTESIAN_POINT ( 'NONE',  ( -9.301717439804972898, 3.480004121337528122, 1.064493220445891009 ) ) ;
#394 = DIRECTION ( 'NONE',  ( 0.0000000000000000000, 1.000000000000000000, 0.0000000000000000000 ) ) ;
#395 = CARTESIAN_POINT ( 'NONE',  ( -11.17500189653953058, 14.99999999947407936, -7.944206262056783218E-05 ) ) ;
#396 = CARTESIAN_POINT ( 'NONE',  ( -7.260344733449372256, 11.43652392267022577, -5.164196047837803505 ) ) ;
#397 = CARTESIAN_POINT ( 'NONE',  ( -12.87899104433807018, 3.946615982898519004, -2.657263803763472154 ) ) ;
#398 = CARTESIAN_POINT ( 'NONE',  ( -9.050001896539530577, 8.999925603094688142, -5.618955715758048086 ) ) ;
#399 = CARTESIAN_POINT ( 'NONE',  ( -11.63282027631876403, 10.71698944050499769, -5.437224051434080607 ) ) ;
#400 = CARTESIAN_POINT ( 'NONE',  ( -8.683801604664683538, 14.09293917818788522, 2.582380168325136172 ) ) ;
#401 = CARTESIAN_POINT ( 'NONE',  ( -19.80000000000000071, 3.199999999999999734, 0.9000000000000003553 ) ) ;
#402 = CARTESIAN_POINT ( 'NONE',  ( -6.601732047651975854, 3.480147861688545508, 1.065038109147947942 ) ) ;
#403 = CARTESIAN_POINT ( 'NONE',  ( -10.31739424388939419, 3.928995741987085566, 2.623487386183659620 ) ) ;
#404 = FACE_OUTER_BOUND ( 'NONE', #7609, .T. ) ;
#405 = DIRECTION ( 'NONE',  ( 0.0000000000000000000, -1.000000000000000000, 0.0000000000000000000 ) ) ;
#406 = ADVANCED_FACE ( 'NONE', ( #3031 ), #6762, .T. ) ;
#407 = CARTESIAN_POINT ( 'NONE',  ( -9.850000997523411073, 9.000039721031308559, 5.999999999999998224 ) ) ;
#408 = ORIENTED_EDGE ( 'NONE', *, *, #6111, .F. ) ;
#409 = CARTESIAN_POINT ( 'NONE',  ( -5.040643756923946839, 13.84583680568952957, -5.026707497216884590 ) ) ;
#410 = CARTESIAN_POINT ( 'NONE',  ( -8.086569088836501606, 8.572131533232528966, -5.693831535839580127 ) ) ;
#411 = CARTESIAN_POINT ( 'NONE',  ( -10.92895541254323533, 8.775802969803777387, -5.705746571688821156 ) ) ;
#412 = CARTESIAN_POINT ( 'NONE',  ( -5.100000002398468624, 14.03123463410777916, -4.867152732004118576 ) ) ;
#413 = CARTESIAN_POINT ( 'NONE',  ( -7.451880956449400628, 4.530783693761509134, -3.552939838563028641 ) ) ;
#414 = CARTESIAN_POINT ( 'NONE',  ( -7.675388427273371228, 10.92543973969229754, 5.375816321548735566 ) ) ;
#415 = EDGE_CURVE ( 'NONE', #7517, #2785, #491, .T. ) ;
#417 = CARTESIAN_POINT ( 'NONE',  ( -12.23855717576164537, 10.51084169720771477, 5.414872363234859876 ) ) ;
#416 = CARTESIAN_POINT ( 'NONE',  ( -13.16875189653952916, 2.999967094546160951, -2.485201931958109345 ) ) ;
#418 = ORIENTED_EDGE ( 'NONE', *, *, #90, .T. ) ;
#419 = CARTESIAN_POINT ( 'NONE',  ( 4.000000000000000000, 0.5000000000000004441, 4.000000000000000000 ) ) ;
#420 = EDGE_LOOP ( 'NONE', ( #1672, #5997, #2692, #5105 ) ) ;
#421 = CARTESIAN_POINT ( 'NONE',  ( -10.10547889069905558, 4.013970000774667035, -2.614396101196199584 ) ) ;
#422 = EDGE_CURVE ( 'NONE', #3047, #5763, #5271, .T. ) ;
#424 = CARTESIAN_POINT ( 'NONE',  ( -6.687501896539530755, 5.026850916756816723, 3.973254296355670956 ) ) ;
#423 = CARTESIAN_POINT ( 'NONE',  ( 3.999999999999996447, -3.999999999999999112, -4.000000000000000000 ) ) ;
#425 = CARTESIAN_POINT ( 'NONE',  ( -4.999999999999314326, 14.91885621990584809, -3.893349039182831817 ) ) ;
#426 = ORIENTED_EDGE ( 'NONE', *, *, #6558, .T. ) ;
#427 = CARTESIAN_POINT ( 'NONE',  ( -5.100000000000002309, 9.000000000000000000, 0.0000000000000000000 ) ) ;
#428 = CARTESIAN_POINT ( 'NONE',  ( -9.275280480044978404, 3.370115532095954602, 0.01612811367378405580 ) ) ;
#429 = CARTESIAN_POINT ( 'NONE',  ( -11.30913266324366973, 12.09770496345323387, 4.787116555435548371 ) ) ;
#430 = CARTESIAN_POINT ( 'NONE',  ( -6.442131972985209565, 8.242287481754383194, -5.658924789328664495 ) ) ;
#431 = CARTESIAN_POINT ( 'NONE',  ( -5.900000000000001243, 9.000000000000000000, -7.000000000000000000 ) ) ;
#432 = CARTESIAN_POINT ( 'NONE',  ( -7.113077180209356420, 11.43311937504331510, -5.165800754641031389 ) ) ;
#433 = CARTESIAN_POINT ( 'NONE',  ( -8.250001896539529866, 9.000079442062618895, 5.999999999474079360 ) ) ;
#434 = SURFACE_SIDE_STYLE ('',( #1684 ) ) ;
#435 = CARTESIAN_POINT ( 'NONE',  ( -12.80090583591347908, 4.098057850976830174, -2.768784654463669170 ) ) ;
#436 = EDGE_LOOP ( 'NONE', ( #3110, #1113, #3286, #5311 ) ) ;
#437 = CARTESIAN_POINT ( 'NONE',  ( -9.387501896539529156, 5.026850916756816723, 3.973254296355670956 ) ) ;
#438 = CIRCLE ( 'NONE', #3541, 4.899999999999999467 ) ;
#439 = CARTESIAN_POINT ( 'NONE',  ( -11.11234737520457649, 4.923923368641966114, 3.987122057787340967 ) ) ;
#440 = CARTESIAN_POINT ( 'NONE',  ( -8.696866527623285492, 9.945071203917130731, 5.631604751403965992 ) ) ;
#441 = CARTESIAN_POINT ( 'NONE',  ( -11.20000009850236466, 8.999999999999998224, -5.999999999999998224 ) ) ;
#442 = CARTESIAN_POINT ( 'NONE',  ( -4.981277284564177954, 14.99700606952867155, 3.344871803972745194 ) ) ;
#443 = CARTESIAN_POINT ( 'NONE',  ( -6.591051447696358423, 3.745196820058160014, -2.234560973907758985 ) ) ;
#444 = CARTESIAN_POINT ( 'NONE',  ( -10.04032488905930798, 8.314229206741165612, -5.668310976038706706 ) ) ;
#445 = CARTESIAN_POINT ( 'NONE',  ( -10.75000009850236360, 9.000000000000000000, 5.999999999999998224 ) ) ;
#446 = DIRECTION ( 'NONE',  ( 0.0000000000000000000, 0.0000000000000000000, -1.000000000000000000 ) ) ;
#447 = VECTOR ( 'NONE', #1337, 1000.000000000000000 ) ;
#448 = CARTESIAN_POINT ( 'NONE',  ( -13.45000189653952916, 9.000079442062618895, 5.999999999474078471 ) ) ;
#449 = CARTESIAN_POINT ( 'NONE',  ( -6.000000000000001776, 9.000000000000000000, 0.0000000000000000000 ) ) ;
#450 = CARTESIAN_POINT ( 'NONE',  ( -7.301728175719054192, 4.601539015631253449, -3.640883648939788220 ) ) ;
#451 = CARTESIAN_POINT ( 'NONE',  ( -10.67881817213513074, 12.57215865250643283, -4.444319923353428514 ) ) ;
#452 = FACE_OUTER_BOUND ( 'NONE', #2699, .T. ) ;
#453 = CARTESIAN_POINT ( 'NONE',  ( -8.228569349071989336, 8.792053395132485960, -5.705622733322207374 ) ) ;
#454 = CARTESIAN_POINT ( 'NONE',  ( -8.161843765953022967, 11.38065190446198471, -5.181195920882595729 ) ) ;
#456 = CARTESIAN_POINT ( 'NONE',  ( -12.19248211894321443, 11.53542166626265164, 5.116540989217057245 ) ) ;
#455 = CARTESIAN_POINT ( 'NONE',  ( -6.337501896539531110, 4.757415487273786603, 4.242696860768593758 ) ) ;
#457 =( GEOMETRIC_REPRESENTATION_CONTEXT ( 3 ) GLOBAL_UNCERTAINTY_ASSIGNED_CONTEXT ( ( #5116 ) ) GLOBAL_UNIT_ASSIGNED_CONTEXT ( ( #3931, #196, #3893 ) ) REPRESENTATION_CONTEXT ( 'NONE', 'WORKASPACE' ) );
#458 = ORIENTED_EDGE ( 'NONE', *, *, #7646, .T. ) ;
#459 = CARTESIAN_POINT ( 'NONE',  ( -5.999949999929704347, 11.05204960117296054, -5.638181660281599505 ) ) ;
#460 = EDGE_CURVE ( 'NONE', #3709, #4020, #3126, .T. ) ;
#461 = ADVANCED_FACE ( 'NONE', ( #1321 ), #3775, .F. ) ;
#462 = CARTESIAN_POINT ( 'NONE',  ( -10.06395559175634702, 3.495499050049139189, -1.487385900565403096 ) ) ;
#463 = VECTOR ( 'NONE', #1606, 1000.000000000000000 ) ;
#464 = CARTESIAN_POINT ( 'NONE',  ( -13.00000000000000355, 13.93505847941750275, 3.209565420685289716 ) ) ;
#465 = VERTEX_POINT ( 'NONE', #2505 ) ;
#466 = CARTESIAN_POINT ( 'NONE',  ( -19.08064709578804141, 13.86936620298066281, 0.5534035980051194015 ) ) ;
#467 = ADVANCED_FACE ( 'NONE', ( #2614 ), #4965, .T. ) ;
#468 = CARTESIAN_POINT ( 'NONE',  ( -9.295610480186191182, 3.678535118523930336, -2.070841118843643081 ) ) ;
#469 = CARTESIAN_POINT ( 'NONE',  ( -11.57248934672153950, 14.61043371359230392, 1.062436182680318808 ) ) ;
#470 = CARTESIAN_POINT ( 'NONE',  ( -6.373845520379618712, 10.94916340887557205, -5.355496090801233677 ) ) ;
#471 = DIRECTION ( 'NONE',  ( -1.000000000000000000, 0.0000000000000000000, 0.0000000000000000000 ) ) ;
#472 = CARTESIAN_POINT ( 'NONE',  ( -9.993751896539530222, 6.514798068041888435, 6.000032905453838161 ) ) ;
#473 = CARTESIAN_POINT ( 'NONE',  ( -12.70625189653953058, 6.672477939253883328, -5.618924899550870933 ) ) ;
#474 = CARTESIAN_POINT ( 'NONE',  ( -12.54973425755044758, 10.07780068096902681, -5.607675593476695752 ) ) ;
#475 = AXIS2_PLACEMENT_3D ( 'NONE', #6114, #5498, #7119 ) ;
#476 = CIRCLE ( 'NONE', #6948, 0.1000000000000000611 ) ;
#477 = CARTESIAN_POINT ( 'NONE',  ( -11.45593464288883467, 14.70652948024945950, -0.1966263928844745879 ) ) ;
#478 = CARTESIAN_POINT ( 'NONE',  ( -8.858608419941084833, 14.48359969972674932, 1.592491136651237982 ) ) ;
#479 = CARTESIAN_POINT ( 'NONE',  ( -5.019758438426355163, 15.04278769123025228, 3.458091947945574951 ) ) ;
#480 = CARTESIAN_POINT ( 'NONE',  ( -6.609309339832351249, 3.508809353682243337, -1.566217978682466150 ) ) ;
#481 = CARTESIAN_POINT ( 'NONE',  ( -10.86032462050923009, 11.43695291773357603, -5.163194907806865963 ) ) ;
#482 = VECTOR ( 'NONE', #541, 1000.000000000000000 ) ;
#483 = DIRECTION ( 'NONE',  ( -0.0000000000000000000, 1.000000000000000000, 0.0000000000000000000 ) ) ;
#484 = CIRCLE ( 'NONE', #1772, 0.5000000000000000000 ) ;
#485 = DIRECTION ( 'NONE',  ( 1.000000000000000000, -0.0000000000000000000, -0.0000000000000000000 ) ) ;
#486 = FACE_OUTER_BOUND ( 'NONE', #6472, .T. ) ;
#487 = CARTESIAN_POINT ( 'NONE',  ( -11.48125189653953093, 3.000032906505681662, 2.485360816083349356 ) ) ;
#488 = EDGE_LOOP ( 'NONE', ( #509, #3081, #6386, #1844, #251, #3875, #626, #6586 ) ) ;
#489 = COLOUR_RGB ( '',1.000000000000000000, 1.000000000000000000, 1.000000000000000000 ) ;
#490 = CARTESIAN_POINT ( 'NONE',  ( -6.373845520379618712, 10.94916340887557205, -5.355496090801233677 ) ) ;
#491 = CIRCLE ( 'NONE', #7752, 0.1000000000000002554 ) ;
#492 = CARTESIAN_POINT ( 'NONE',  ( -6.896536145251544347, 14.29680819001907643, 2.132379186797867199 ) ) ;
#493 = CARTESIAN_POINT ( 'NONE',  ( -10.73939196685787678, 12.91875256343596590, -4.030733922171002348 ) ) ;
#494 = FACE_OUTER_BOUND ( 'NONE', #4950, .T. ) ;
#495 = CARTESIAN_POINT ( 'NONE',  ( -9.005599529020665628, 13.19772754432717754, -3.870020534325656847 ) ) ;
#496 = CARTESIAN_POINT ( 'NONE',  ( -7.929635373108177454, 14.05806235729552256, 2.632158147300657891 ) ) ;
#497 = CARTESIAN_POINT ( 'NONE',  ( -6.843750843279520879, 11.48523483828331848, -6.000000000000000888 ) ) ;
#498 = CIRCLE ( 'NONE', #5007, 0.1000000000000002554 ) ;
#500 = CARTESIAN_POINT ( 'NONE',  ( -12.25234129850540477, 11.01252728996568031, 5.249115888576702638 ) ) ;
#499 = CARTESIAN_POINT ( 'NONE',  ( -7.406251896539530755, 11.48536081608334491, 5.999967093494319670 ) ) ;
#501 = ORIENTED_EDGE ( 'NONE', *, *, #1488, .T. ) ;
#502 = CARTESIAN_POINT ( 'NONE',  ( -20.40000000000000213, 9.000000000000000000, 0.5000000000000002220 ) ) ;
#503 = CARTESIAN_POINT ( 'NONE',  ( -9.250954553453823337, 3.631973003717202442, 1.945972493445401907 ) ) ;
#504 = CARTESIAN_POINT ( 'NONE',  ( -9.952339047269498806, 6.129547520530148397, -4.926746780279349203 ) ) ;
#505 = ORIENTED_EDGE ( 'NONE', *, *, #79, .T. ) ;
#506 = FACE_OUTER_BOUND ( 'NONE', #4827, .T. ) ;
#507 = CARTESIAN_POINT ( 'NONE',  ( -11.52317162329863898, 14.01429751438736204, -2.731835368883388071 ) ) ;
#508 = CARTESIAN_POINT ( 'NONE',  ( -13.00000000000000533, 8.874984141912651836, 5.728143667861684385 ) ) ;
#509 = ORIENTED_EDGE ( 'NONE', *, *, #1448, .T. ) ;
#510 = CARTESIAN_POINT ( 'NONE',  ( -19.24738216315595807, 13.84752458316198975, -0.7201639795907623931 ) ) ;
#511 = CARTESIAN_POINT ( 'NONE',  ( -9.221976710982454861, 3.752763116367772156, -2.039963346208471862 ) ) ;
#512 = CARTESIAN_POINT ( 'NONE',  ( -6.521027562355602214, 5.429709856017441716, -4.455454233626761074 ) ) ;
#513 = DIRECTION ( 'NONE',  ( 0.0000000000000000000, -0.0000000000000000000, -1.000000000000000000 ) ) ;
#514 = CARTESIAN_POINT ( 'NONE',  ( -10.27500189653953022, 14.99999999947407936, -7.944206262056783218E-05 ) ) ;
#515 = CARTESIAN_POINT ( 'NONE',  ( -10.85000189653952951, 8.999925603094688142, -5.618955715758048086 ) ) ;
#516 = CARTESIAN_POINT ( 'NONE',  ( -12.83756017333727151, 3.566180121492896760, -1.472454568749653303 ) ) ;
#517 = EDGE_CURVE ( 'NONE', #7762, #1275, #1384, .T. ) ;
#518 = CARTESIAN_POINT ( 'NONE',  ( -11.27074342535752116, 10.75444644878739453, 5.433642700782760571 ) ) ;
#519 = CARTESIAN_POINT ( 'NONE',  ( -8.585966599886630135, 11.30644666068260129, 5.223875299869050970 ) ) ;
#520 = DIRECTION ( 'NONE',  ( 0.0000000000000000000, 0.0000000000000000000, -1.000000000000000000 ) ) ;
#521 = CARTESIAN_POINT ( 'NONE',  ( -6.636283151208495212, 3.313104011773525759, -0.5151488803643777814 ) ) ;
#522 = CARTESIAN_POINT ( 'NONE',  ( -11.23216261376422409, 4.220230127959077038, 3.122685610534312595 ) ) ;
#523 = CARTESIAN_POINT ( 'NONE',  ( -4.900000000000001243, 15.00000000000000000, 4.899999999999998579 ) ) ;
#524 = CARTESIAN_POINT ( 'NONE',  ( -6.450000098502365553, 9.000000000000000000, 5.999999999999998224 ) ) ;
#525 = CARTESIAN_POINT ( 'NONE',  ( -11.70625189653952880, 11.48536081608334491, 5.999967093494318782 ) ) ;
#526 = ORIENTED_EDGE ( 'NONE', *, *, #5450, .T. ) ;
#527 = FACE_OUTER_BOUND ( 'NONE', #563, .T. ) ;
#528 = CARTESIAN_POINT ( 'NONE',  ( -6.745954797010814907, 9.804959976636389740, 5.653132035570986424 ) ) ;
#529 = CARTESIAN_POINT ( 'NONE',  ( -10.98747276437380727, 6.550724161702150994, -5.149064598416127403 ) ) ;
#530 = CARTESIAN_POINT ( 'NONE',  ( -4.994913529228647064, 14.06890183948293860, -4.936339990305591563 ) ) ;
#531 = CARTESIAN_POINT ( 'NONE',  ( -8.280661281913548777, 6.789005535814434111, -5.263950762508007308 ) ) ;
#532 = CARTESIAN_POINT ( 'NONE',  ( -7.943895633750039487, 13.57353745346309815, -3.418926224758543242 ) ) ;
#533 = FACE_BOUND ( 'NONE', #825, .T. ) ;
#535 = CARTESIAN_POINT ( 'NONE',  ( -12.22843438749977274, 12.71942648168614554, 4.332690547976471684 ) ) ;
#534 = CARTESIAN_POINT ( 'NONE',  ( -14.12500189653952987, 3.000000000525919752, 7.944206261983304126E-05 ) ) ;
#536 = ORIENTED_EDGE ( 'NONE', *, *, #6613, .T. ) ;
#537 = CARTESIAN_POINT ( 'NONE',  ( -8.041958187834117311, 10.37677389397376793, -5.541668713503642429 ) ) ;
#538 = CARTESIAN_POINT ( 'NONE',  ( -9.489437913163571992, 11.42879427996315123, 5.167546454574869941 ) ) ;
#539 = CARTESIAN_POINT ( 'NONE',  ( -10.42053245598738442, 6.926322394993779774, 5.320407320207424462 ) ) ;
#540 = VERTEX_POINT ( 'NONE', #6924 ) ;
#542 = CARTESIAN_POINT ( 'NONE',  ( -11.59680550853716952, 13.94460476538613491, -2.691762098228756894 ) ) ;
#541 = DIRECTION ( 'NONE',  ( 1.000000000000000000, -0.0000000000000000000, -0.0000000000000000000 ) ) ;
#543 = CARTESIAN_POINT ( 'NONE',  ( 0.0000000000000000000, 15.00000000000000000, 0.0000000000000000000 ) ) ;
#544 = VERTEX_POINT ( 'NONE', #2005 ) ;
#545 = CARTESIAN_POINT ( 'NONE',  ( -19.80000000000000071, 22.00100000000000122, 0.0000000000000000000 ) ) ;
#546 = CARTESIAN_POINT ( 'NONE',  ( -9.246121005331952247, 3.570639365654523889, 1.768519482901104167 ) ) ;
#547 = CARTESIAN_POINT ( 'NONE',  ( -6.545751129121541112, 4.689728351874296486, -3.744320770754236971 ) ) ;
#548 = CARTESIAN_POINT ( 'NONE',  ( 0.0000000000000000000, 0.5000000000000004441, 0.0000000000000000000 ) ) ;
#549 = CARTESIAN_POINT ( 'NONE',  ( -8.925001896539530577, 3.000000000525919752, 7.944206261983304126E-05 ) ) ;
#550 = CARTESIAN_POINT ( 'NONE',  ( -11.30000189653953058, 9.000074396905310081, 5.618955715758048086 ) ) ;
#551 = CARTESIAN_POINT ( 'NONE',  ( -12.82829068638071845, 3.670060092096589788, -1.812967780648782501 ) ) ;
#552 = ORIENTED_EDGE ( 'NONE', *, *, #6613, .F. ) ;
#553 = CARTESIAN_POINT ( 'NONE',  ( -9.500001896539531643, 9.000074396905310081, 5.618955715758048086 ) ) ;
#554 = CARTESIAN_POINT ( 'NONE',  ( -10.69286272829661577, 12.11890559321390981, -4.773207019390270034 ) ) ;
#555 = CARTESIAN_POINT ( 'NONE',  ( -8.656778325615091418, 13.52598432492430369, 3.481734558094181864 ) ) ;
#556 = EDGE_CURVE ( 'NONE', #7717, #7285, #3482, .T. ) ;
#557 = CARTESIAN_POINT ( 'NONE',  ( 4.899999999999998579, 0.0000000000000000000, 4.899999999999998579 ) ) ;
#558 = CARTESIAN_POINT ( 'NONE',  ( -6.581942029282312312, 3.893461265797725890, -2.555440712921750013 ) ) ;
#559 = CARTESIAN_POINT ( 'NONE',  ( -10.79222920496026639, 13.54933914316470300, -3.449751194904365104 ) ) ;
#560 = CARTESIAN_POINT ( 'NONE',  ( -12.88750189653952916, 13.24258451272621073, -4.242696860768593758 ) ) ;
#561 = AXIS2_PLACEMENT_3D ( 'NONE', #7469, #4934, #1974 ) ;
#562 = CARTESIAN_POINT ( 'NONE',  ( -13.95625189653952880, 6.514639183916651533, -5.999967093494320558 ) ) ;
#563 = EDGE_LOOP ( 'NONE', ( #2232, #7570, #3807, #526 ) ) ;
#564 = DIRECTION ( 'NONE',  ( 0.0000000000000000000, 0.0000000000000000000, 1.000000000000000000 ) ) ;
#565 = CARTESIAN_POINT ( 'NONE',  ( -6.737285127006339636, 9.456977216038582768, 5.691547289330736170 ) ) ;
#566 = ADVANCED_FACE ( 'NONE', ( #123 ), #1362, .F. ) ;
#567 = CARTESIAN_POINT ( 'NONE',  ( -11.14360581138934947, 3.293654540861820745, -0.2098239983812557052 ) ) ;
#568 = VECTOR ( 'NONE', #4005, 1000.000000000000000 ) ;
#569 = DIRECTION ( 'NONE',  ( 1.000000000000000000, -0.0000000000000000000, -0.0000000000000000000 ) ) ;
#570 = CARTESIAN_POINT ( 'NONE',  ( -8.307161922941542542, 5.877301347933600262, -4.779871457705079152 ) ) ;
#571 = CARTESIAN_POINT ( 'NONE',  ( -8.034945848499845056, 13.05773251501835297, -3.902529676731388175 ) ) ;
#573 = CARTESIAN_POINT ( 'NONE',  ( -12.21178691209949463, 9.483667622745503678, 5.609212270856277271 ) ) ;
#572 = CARTESIAN_POINT ( 'NONE',  ( -13.56250189653952987, 13.24269686076859287, 4.242584512726212509 ) ) ;
#574 = EDGE_LOOP ( 'NONE', ( #3794, #2051, #1006 ) ) ;
#575 = CARTESIAN_POINT ( 'NONE',  ( -6.273833925995887739, 10.93907903360834410, -5.327788422254886136 ) ) ;
#576 = ORIENTED_EDGE ( 'NONE', *, *, #4045, .T. ) ;
#577 = VECTOR ( 'NONE', #3375, 1000.000000000000000 ) ;
#578 = CARTESIAN_POINT ( 'NONE',  ( -9.444524251912568502, 9.748102712894031185, 5.660825457087900858 ) ) ;
#579 = CARTESIAN_POINT ( 'NONE',  ( -10.19343873645923537, 4.423393435450515554, 3.401020930851713864 ) ) ;
#580 = VERTEX_POINT ( 'NONE', #5702 ) ;
#581 = FILL_AREA_STYLE_COLOUR ( '', #7683 ) ;
#582 = MECHANICAL_DESIGN_GEOMETRIC_PRESENTATION_REPRESENTATION (  '', ( #5227 ), #7325 ) ;
#583 = CARTESIAN_POINT ( 'NONE',  ( -7.177602647517225876, 11.71181458098140382, -4.933903344946836356 ) ) ;
#585 = CARTESIAN_POINT ( 'NONE',  ( -11.63662672906162676, 12.99982995464995561, -3.950243895813023709 ) ) ;
#584 = CARTESIAN_POINT ( 'NONE',  ( -5.000000000000001776, 15.09999999999999964, 3.224903099319424538 ) ) ;
#586 = DIRECTION ( 'NONE',  ( -0.0000000000000000000, 1.000000000000000000, -0.0000000000000000000 ) ) ;
#587 = EDGE_LOOP ( 'NONE', ( #6171, #993 ) ) ;
#588 = CARTESIAN_POINT ( 'NONE',  ( -8.050000098502364310, 9.000000000000000000, 5.999999999999998224 ) ) ;
#589 = CARTESIAN_POINT ( 'NONE',  ( -9.580815209785299658, 9.298287830889977457, 5.702378389321810737 ) ) ;
#590 = DIRECTION ( 'NONE',  ( 0.0000000000000000000, 0.0000000000000000000, -1.000000000000000000 ) ) ;
#591 =( BOUNDED_SURFACE ( )  B_SPLINE_SURFACE ( 3, 2, ( 
 ( #7690, #2852, #7243 ),
 ( #425, #7814, #915 ),
 ( #4087, #6014, #2167 ),
 ( #4679, #2772, #5189 ),
 ( #1518, #5278, #2244 ),
 ( #4011, #2203, #4643 ),
 ( #953, #3506, #6471 ),
 ( #7121, #7161, #6508 ),
 ( #3392, #6550, #2889 ),
 ( #1560, #7855, #4050 ) ),
 .UNSPECIFIED., .F., .F., .F. ) 
 B_SPLINE_SURFACE_WITH_KNOTS ( ( 4, 2, 2, 2, 4 ),
 ( 3, 3 ),
 ( 0.0001547184216545046114, 0.0003559777762790008212, 0.0005572371309034970582, 0.0007584964855279932409, 0.0009597558401524895321 ),
 ( 0.0000000000000000000, 1.000000000000000000 ),
 .UNSPECIFIED. ) 
 GEOMETRIC_REPRESENTATION_ITEM ( )  RATIONAL_B_SPLINE_SURFACE ( (
 ( 1.000000000000000000, 0.7071067812036310185, 1.000000000000000000),
 ( 1.000000000000000000, 0.7619886439456934335, 1.000000000000000000),
 ( 1.000000000000000000, 0.7923201545429473525, 1.000000000000000000),
 ( 1.000000000000000000, 0.8290379935298214376, 1.000000000000000000),
 ( 1.000000000000000000, 0.8352609170696595475, 1.000000000000000000),
 ( 1.000000000000000000, 0.8346071392541257739, 1.000000000000000000),
 ( 1.000000000000000000, 0.8269985678580512589, 1.000000000000000000),
 ( 1.000000000000000000, 0.7878553559639333015, 1.000000000000000000),
 ( 1.000000000000000000, 0.7557283608408658093, 1.000000000000000000),
 ( 1.000000000000000000, 0.7071067811865536790, 1.000000000000000000) ) ) 
 REPRESENTATION_ITEM ( '' )  SURFACE ( )  );
#592 = LINE ( 'NONE', #789, #869 ) ;
#593 = CARTESIAN_POINT ( 'NONE',  ( -10.05000189653952880, 9.000079442062618895, 5.999999999474079360 ) ) ;
#594 = CARTESIAN_POINT ( 'NONE',  ( -12.98750189653953058, 5.026850916756816723, 3.973254296355670956 ) ) ;
#595 = CARTESIAN_POINT ( 'NONE',  ( -12.90784498027128357, 3.522496777761394249, 1.300431252314968367 ) ) ;
#596 = ORIENTED_EDGE ( 'NONE', *, *, #3793, .F. ) ;
#597 = CARTESIAN_POINT ( 'NONE',  ( -8.150001896539530222, 8.999925603094688142, -5.618955715758048086 ) ) ;
#598 = CARTESIAN_POINT ( 'NONE',  ( -10.76025893875869954, 9.672596130729955277, -5.703267892932278649 ) ) ;
#599 = CARTESIAN_POINT ( 'NONE',  ( -11.25625189653952951, 6.514639183916653309, -5.999967093494320558 ) ) ;
#600 = CARTESIAN_POINT ( 'NONE',  ( -5.014388760132985290, 14.92622647004745318, 3.690730018876716034 ) ) ;
#601 = CARTESIAN_POINT ( 'NONE',  ( -6.811436815730246508, 9.469613936243465702, 5.610255842790162539 ) ) ;
#602 = CARTESIAN_POINT ( 'NONE',  ( -11.09352555138096008, 3.709104733067039472, -2.145678401355001874 ) ) ;
#603 = SURFACE_STYLE_FILL_AREA ( #3738 ) ;
#604 = CARTESIAN_POINT ( 'NONE',  ( -19.34597351329543002, 4.163231084107344770, 0.7859850502877077094 ) ) ;
#605 = DIRECTION ( 'NONE',  ( 0.0000000000000000000, 0.0000000000000000000, -1.000000000000000000 ) ) ;
#606 = AXIS2_PLACEMENT_3D ( 'NONE', #7307, #564, #3038 ) ;
#607 = CLOSED_SHELL ( 'NONE', ( #5825, #5247, #5809, #5156 ) ) ;
#608 = CARTESIAN_POINT ( 'NONE',  ( -10.52500189653952845, 3.000000000525920640, 7.944206261983304126E-05 ) ) ;
#609 = EDGE_CURVE ( 'NONE', #5190, #6423, #5388, .T. ) ;
#610 = VERTEX_POINT ( 'NONE', #5284 ) ;
#611 = CARTESIAN_POINT ( 'NONE',  ( -12.43568866306822152, 13.76092762895870081, -3.152156668818888452 ) ) ;
#612 = CARTESIAN_POINT ( 'NONE',  ( -7.249766849900129095, 6.216871804004142632, -4.976522754350240163 ) ) ;
#613 = CARTESIAN_POINT ( 'NONE',  ( -10.94255687231145835, 3.762527344659511108, -2.274802106897482634 ) ) ;
#614 = CLOSED_SHELL ( 'NONE', ( #3655, #1791, #7372, #901 ) ) ;
#615 = CARTESIAN_POINT ( 'NONE',  ( -4.914832713155371735, 15.00354932044510292, -3.473557896090369912 ) ) ;
#616 = CARTESIAN_POINT ( 'NONE',  ( -8.914226503605604535, 14.66585043283019729, -0.6386648949198355796 ) ) ;
#617 = CARTESIAN_POINT ( 'NONE',  ( -7.969765710550504423, 12.85579185665709367, -4.211758634780363941 ) ) ;
#618 = CARTESIAN_POINT ( 'NONE',  ( -3.999999999999996447, -3.999999999999999112, -4.599999999999997868 ) ) ;
#619 = CARTESIAN_POINT ( 'NONE',  ( -12.88750189653952916, 13.24258451272621073, -4.242696860768593758 ) ) ;
#620 = EDGE_LOOP ( 'NONE', ( #3147, #276, #3960, #4912, #4709, #1817, #7925, #7238, #5692, #4870, #5514, #6941, #5071, #2350, #3451, #6431, #1184, #2463, #6870, #2611 ) ) ;
#621 = CARTESIAN_POINT ( 'NONE',  ( -5.983321113539521896, 11.05204859490653035, -5.638182026521006307 ) ) ;
#622 = AXIS2_PLACEMENT_3D ( 'NONE', #6156, #1207, #605 ) ;
#623 = AXIS2_PLACEMENT_3D ( 'NONE', #2991, #4302, #3071 ) ;
#624 = CARTESIAN_POINT ( 'NONE',  ( -9.365776429603952735, 6.662110617479401142, 5.209384424439268635 ) ) ;
#625 = CARTESIAN_POINT ( 'NONE',  ( -10.21246994386946128, 3.566275178813858471, 1.473664452463985475 ) ) ;
#626 = ORIENTED_EDGE ( 'NONE', *, *, #5055, .T. ) ;
#627 = CIRCLE ( 'NONE', #7235, 0.5000000000000000000 ) ;
#628 = CARTESIAN_POINT ( 'NONE',  ( -7.140440190188614977, 10.43125516727881141, -5.519397031537434550 ) ) ;
#629 = CARTESIAN_POINT ( 'NONE',  ( -11.54560696235067496, 13.52427122235292956, -3.470326699008517757 ) ) ;
#630 = DIRECTION ( 'NONE',  ( 0.0000000000000000000, 1.000000000000000000, 0.0000000000000000000 ) ) ;
#631 = EDGE_LOOP ( 'NONE', ( #6739, #1947 ) ) ;
#632 = CARTESIAN_POINT ( 'NONE',  ( -6.868751896539530222, 2.999967094546160951, -2.485201931958109345 ) ) ;
#633 = CARTESIAN_POINT ( 'NONE',  ( -9.614366926335280894, 13.07101398931887992, 3.936472590426318252 ) ) ;
#634 = CARTESIAN_POINT ( 'NONE',  ( -7.167764038531386106, 14.06435714999525466, -2.636254216668438843 ) ) ;
#635 = DIRECTION ( 'NONE',  ( -0.0000000000000000000, 1.000000000000000000, -0.0000000000000000000 ) ) ;
#636 = CARTESIAN_POINT ( 'NONE',  ( -6.618751896539531110, 15.00003290545384260, 2.485201931958106236 ) ) ;
#637 = PRODUCT_DEFINITION_FORMATION_WITH_SPECIFIED_SOURCE ( 'ANY', '', #6916, .NOT_KNOWN. ) ;
#638 = CARTESIAN_POINT ( 'NONE',  ( -12.08750189653953022, 5.026850916756816723, 3.973254296355670956 ) ) ;
#639 = CARTESIAN_POINT ( 'NONE',  ( -12.88439711322278214, 4.218593914474521256, 3.106436943168037867 ) ) ;
#640 = VERTEX_POINT ( 'NONE', #193 ) ;
#641 = CARTESIAN_POINT ( 'NONE',  ( -6.743751896539530222, 6.672626733064500826, 5.618986531965226128 ) ) ;
#642 = CARTESIAN_POINT ( 'NONE',  ( -10.55635646745056277, 14.70587968677840429, -0.2140631894565990789 ) ) ;
#643 = CARTESIAN_POINT ( 'NONE',  ( -8.846340987658441790, 14.56394740062056492, -0.8602373327847462336 ) ) ;
#644 = CARTESIAN_POINT ( 'NONE',  ( -5.011902950083324093, 14.04190609456384209, 4.855962478162806129 ) ) ;
#645 = DIRECTION ( 'NONE',  ( -0.0000000000000000000, 1.000000000000000000, -0.0000000000000000000 ) ) ;
#646 = CARTESIAN_POINT ( 'NONE',  ( -6.729398213799123951, 9.125042503811002348, 5.708813288130658137 ) ) ;
#647 = CARTESIAN_POINT ( 'NONE',  ( -10.89570027327295421, 10.13161054799075522, -5.596153052379290394 ) ) ;
#648 = DIRECTION ( 'NONE',  ( -0.0000000000000000000, 1.000000000000000000, -0.0000000000000000000 ) ) ;
#649 = CARTESIAN_POINT ( 'NONE',  ( -10.41250189653952951, 4.757303139231405353, -4.242584512726212509 ) ) ;
#650 = ORIENTED_EDGE ( 'NONE', *, *, #6149, .T. ) ;
#651 = CARTESIAN_POINT ( 'NONE',  ( -12.48734812383463932, 12.30258126003073471, -4.657861431540037955 ) ) ;
#652 = CARTESIAN_POINT ( 'NONE',  ( -6.226480668386043860, 10.94916355797176521, -5.355496701717008534 ) ) ;
#653 = CARTESIAN_POINT ( 'NONE',  ( -10.92746796876652304, 6.118699748528834803, -4.836553649625187745 ) ) ;
#654 = LINE ( 'NONE', #4974, #55 ) ;
#655 = EDGE_CURVE ( 'NONE', #6220, #4994, #2208, .T. ) ;
#656 = CARTESIAN_POINT ( 'NONE',  ( -8.918490844559807229, 14.64414007806147389, -0.8086140308271103638 ) ) ;
#657 = CARTESIAN_POINT ( 'NONE',  ( -5.000000000000003553, 3.896667185312434611, -4.918224613702905756 ) ) ;
#658 = CARTESIAN_POINT ( 'NONE',  ( 0.0000000000000000000, 0.0000000000000000000, 0.0000000000000000000 ) ) ;
#660 = CARTESIAN_POINT ( 'NONE',  ( -12.46013997409848706, 13.14798853610581020, -3.924290765965630534 ) ) ;
#659 = CARTESIAN_POINT ( 'NONE',  ( -12.49375189653952845, 6.514798068041888435, 6.000032905453838161 ) ) ;
#661 = ORIENTED_EDGE ( 'NONE', *, *, #1109, .F. ) ;
#662 = LINE ( 'NONE', #6210, #3426 ) ;
#663 = CARTESIAN_POINT ( 'NONE',  ( -8.571786667251210190, 10.79303823781898330, 5.421107577316841564 ) ) ;
#664 = CARTESIAN_POINT ( 'NONE',  ( -10.39190316897063049, 8.664636833720599896, 5.619776145581613314 ) ) ;
#665 = ORIENTED_EDGE ( 'NONE', *, *, #4300, .T. ) ;
#666 = EDGE_CURVE ( 'NONE', #3721, #7022, #6477, .T. ) ;
#667 = CARTESIAN_POINT ( 'NONE',  ( -7.535029301369861265, 3.855703409252023484, 2.287215196899995195 ) ) ;
#669 = CARTESIAN_POINT ( 'NONE',  ( -11.94634350718060745, 4.681233781318836940, -3.722978689544659936 ) ) ;
#668 = CARTESIAN_POINT ( 'NONE',  ( -11.45625189653953413, 6.514639183916651533, -5.999967093494321446 ) ) ;
#670 = CARTESIAN_POINT ( 'NONE',  ( -5.062376119727430179, 4.101557596149956630, 4.992310985189032380 ) ) ;
#671 = ORIENTED_EDGE ( 'NONE', *, *, #1658, .F. ) ;
#672 =( LENGTH_UNIT ( ) NAMED_UNIT ( * ) SI_UNIT ( .MILLI., .METRE. ) );
#673 = CARTESIAN_POINT ( 'NONE',  ( -9.621137874645205201, 10.86310212795900476, 5.388941762230293975 ) ) ;
#674 = EDGE_CURVE ( 'NONE', #1602, #4440, #3076, .T. ) ;
#675 = CARTESIAN_POINT ( 'NONE',  ( -6.986081693490280742, 13.03749684980959245, 4.037069244836288817 ) ) ;
#676 = DIRECTION ( 'NONE',  ( 1.000000000000000000, -0.0000000000000000000, -0.0000000000000000000 ) ) ;
#677 = CARTESIAN_POINT ( 'NONE',  ( -7.575001896539530932, 14.99999999947407936, -7.944206262056783218E-05 ) ) ;
#678 = CARTESIAN_POINT ( 'NONE',  ( -8.487501896539530577, 5.026850916756816723, 3.973254296355670956 ) ) ;
#679 = CARTESIAN_POINT ( 'NONE',  ( -12.91522026382117438, 5.000642643503126372, 4.075893121607703229 ) ) ;
#680 = ORIENTED_EDGE ( 'NONE', *, *, #6951, .T. ) ;
#681 = CARTESIAN_POINT ( 'NONE',  ( -10.84809163232404750, 6.271007459600338230, -5.015539094818076471 ) ) ;
#682 = CARTESIAN_POINT ( 'NONE',  ( -8.960966352898207532, 14.17390979707984755, -2.396345276188015294 ) ) ;
#683 = CARTESIAN_POINT ( 'NONE',  ( -5.094908604362078819, 13.99724237935870441, 4.902470457030949191 ) ) ;
#684 = CARTESIAN_POINT ( 'NONE',  ( -4.900000000000001243, 0.09999999999999939493, 4.899999999999998579 ) ) ;
#685 = CARTESIAN_POINT ( 'NONE',  ( -6.712233088221681854, 8.416596825473083854, 5.680304625138162145 ) ) ;
#686 = CARTESIAN_POINT ( 'NONE',  ( -12.16302677431019141, 5.020897015791684126, 4.094591828712870196 ) ) ;
#687 = DIRECTION ( 'NONE',  ( 0.0000000000000000000, -1.000000000000000000, 0.0000000000000000000 ) ) ;
#688 = B_SPLINE_CURVE_WITH_KNOTS ( 'NONE', 3,
 ( #584, #7970, #6135, #1713, #1110, #3592, #2409, #3674, #2452, #5524 ),
 .UNSPECIFIED., .F., .F.,
 ( 4, 2, 2, 2, 4 ),
 ( 0.0000000000000000000, 0.0001852500884288551435, 0.0003705001768577102870, 0.0005557502652865654305, 0.0007410003537154205740 ),
 .UNSPECIFIED. ) ;
#689 = CARTESIAN_POINT ( 'NONE',  ( -9.625001896539529866, 3.000000000525920640, 7.944206261983304126E-05 ) ) ;
#690 = MECHANICAL_DESIGN_GEOMETRIC_PRESENTATION_REPRESENTATION (  '', ( #4327 ), #1462 ) ;
#691 = CARTESIAN_POINT ( 'NONE',  ( -12.95496347297585693, 6.285300180564789230, 5.023495401306805164 ) ) ;
#692 = CARTESIAN_POINT ( 'NONE',  ( -8.142346013138100247, 9.317568440981011335, -5.621052519048994611 ) ) ;
#693 = DIRECTION ( 'NONE',  ( 0.0000000000000000000, -1.000000000000000000, 0.0000000000000000000 ) ) ;
#694 = CARTESIAN_POINT ( 'NONE',  ( -10.99633369002554062, 3.293524432854823658, -0.2063995494468850722 ) ) ;
#695 = DIRECTION ( 'NONE',  ( -1.000000000000000000, 0.0000000000000000000, 0.0000000000000000000 ) ) ;
#696 = CARTESIAN_POINT ( 'NONE',  ( -9.652963472148568869, 11.98312982530803872, 4.868337713553525958 ) ) ;
#697 = CARTESIAN_POINT ( 'NONE',  ( -12.35625189653953093, 6.514639183916653309, -5.999967093494320558 ) ) ;
#698 = FACE_BOUND ( 'NONE', #140, .T. ) ;
#699 = AXIS2_PLACEMENT_3D ( 'NONE', #5738, #5781, #759 ) ;
#701 = CARTESIAN_POINT ( 'NONE',  ( -12.50008310337444151, 14.70986011046936781, -0.05458107836456434908 ) ) ;
#700 = CARTESIAN_POINT ( 'NONE',  ( -10.13125189653952773, 14.99996709349432145, -2.485360816083348023 ) ) ;
#702 = ORIENTED_EDGE ( 'NONE', *, *, #3899, .T. ) ;
#703 = CARTESIAN_POINT ( 'NONE',  ( -7.881251896539528623, 3.000032906505680774, 2.485360816083349800 ) ) ;
#704 = ORIENTED_EDGE ( 'NONE', *, *, #4714, .F. ) ;
#705 = CIRCLE ( 'NONE', #312, 0.09999999999999939493 ) ;
#706 = CARTESIAN_POINT ( 'NONE',  ( -8.122133441932646747, 7.194195801985943994, -5.416791438305319062 ) ) ;
#707 = CARTESIAN_POINT ( 'NONE',  ( -10.29153136183927231, 7.606952951443803457, 5.537713410714641071 ) ) ;
#708 = EDGE_LOOP ( 'NONE', ( #7738, #1748, #1868, #6693 ) ) ;
#710 = CARTESIAN_POINT ( 'NONE',  ( -11.75668216646588071, 8.725161646102783664, -5.614982477584209875 ) ) ;
#709 = CARTESIAN_POINT ( 'NONE',  ( -12.91875189653953093, 15.00003290545384260, 2.485201931958106236 ) ) ;
#711 = CIRCLE ( 'NONE', #5218, 3.300000000000000266 ) ;
#712 = ORIENTED_EDGE ( 'NONE', *, *, #6867, .F. ) ;
#713 = ADVANCED_FACE ( 'NONE', ( #356 ), #2780, .F. ) ;
#714 = EDGE_CURVE ( 'NONE', #465, #2320, #1265, .T. ) ;
#715 = PRODUCT_CONTEXT ( 'NONE', #6856, 'mechanical' ) ;
#716 = CARTESIAN_POINT ( 'NONE',  ( -9.563860991692312297, 8.589527720260878851, 5.695405604899375085 ) ) ;
#717 = CARTESIAN_POINT ( 'NONE',  ( 0.0000000000000000000, -3.999999999999999112, 0.5000000000000000000 ) ) ;
#718 = CARTESIAN_POINT ( 'NONE',  ( -9.218751896539533419, 3.381013468034773428, -2.327373266935496954 ) ) ;
#719 = CARTESIAN_POINT ( 'NONE',  ( -13.03077642201322561, 9.190229205545232816, 5.707118403183227606 ) ) ;
#720 = CIRCLE ( 'NONE', #5640, 0.1000000000000002554 ) ;
#721 = ORIENTED_EDGE ( 'NONE', *, *, #517, .T. ) ;
#722 = EDGE_CURVE ( 'NONE', #580, #7079, #2129, .T. ) ;
#723 = CARTESIAN_POINT ( 'NONE',  ( -10.40286813201700333, 11.88828248352889005, 4.916189843091354206 ) ) ;
#724 = CARTESIAN_POINT ( 'NONE',  ( -8.919127045081856053, 13.47233132534319822, -3.419732693050142824 ) ) ;
#725 = CARTESIAN_POINT ( 'NONE',  ( -4.900000000000001243, 13.64758001544924682, -5.100000000000001421 ) ) ;
#726 = TOROIDAL_SURFACE ( 'NONE', #2004, 7.100000000000000533, 0.1000000000000000056 ) ;
#727 = CARTESIAN_POINT ( 'NONE',  ( -13.00000000000000178, 9.000000000000000000, 0.0000000000000000000 ) ) ;
#728 = CARTESIAN_POINT ( 'NONE',  ( -6.644068590908551286, 5.920976850194126229, 4.799109442066210818 ) ) ;
#729 = CARTESIAN_POINT ( 'NONE',  ( -11.77522423980647659, 10.90275686015329093, -5.383142498431396916 ) ) ;
#730 = CARTESIAN_POINT ( 'NONE',  ( -8.275001896539530222, 14.99999999947407758, -7.944206262056783218E-05 ) ) ;
#731 = VECTOR ( 'NONE', #6099, 1000.000000000000000 ) ;
#732 = CARTESIAN_POINT ( 'NONE',  ( -12.50513694666678965, 11.70866960270647184, -5.026513921283050301 ) ) ;
#733 = CARTESIAN_POINT ( 'NONE',  ( -8.302123702943799088, 4.075211683900134219, -2.727856264163468492 ) ) ;
#734 = CARTESIAN_POINT ( 'NONE',  ( -6.376879528089451021, 5.328965094523057999, -4.373375365194140052 ) ) ;
#735 = CARTESIAN_POINT ( 'NONE',  ( -11.12084812450567917, 5.174809002005361869, 4.239889847999096517 ) ) ;
#736 = CARTESIAN_POINT ( 'NONE',  ( -13.00000000000000178, 9.000000000000000000, 0.0000000000000000000 ) ) ;
#737 = CARTESIAN_POINT ( 'NONE',  ( -9.109422860200112382, 9.589963562533940333, -5.679008760500159347 ) ) ;
#738 = DIRECTION ( 'NONE',  ( -0.0000000000000000000, 1.000000000000000000, -0.0000000000000000000 ) ) ;
#739 = CARTESIAN_POINT ( 'NONE',  ( -5.000000000000023093, 4.313681702056209488, -5.087527842407276957 ) ) ;
#740 = PLANE ( 'NONE',  #6425 ) ;
#741 = CARTESIAN_POINT ( 'NONE',  ( -10.18750189653952987, 13.24258451272621073, -4.242696860768593758 ) ) ;
#742 = EDGE_LOOP ( 'NONE', ( #3133, #6046, #5782, #5056 ) ) ;
#743 = CARTESIAN_POINT ( 'NONE',  ( -8.642560854792611380, 13.14447695977024999, 3.927835865592863129 ) ) ;
#744 = CARTESIAN_POINT ( 'NONE',  ( -10.61517264465505050, 14.61518838549911159, 0.4050661788354242288 ) ) ;
#745 = ORIENTED_EDGE ( 'NONE', *, *, #7811, .F. ) ;
#746 = CARTESIAN_POINT ( 'NONE',  ( -7.599547786867566934, 3.648080060242839817, 1.990865492195645015 ) ) ;
#747 = CIRCLE ( 'NONE', #3598, 2.050000000000000266 ) ;
#749 = CARTESIAN_POINT ( 'NONE',  ( -11.99133782929731851, 3.740697360562341700, -2.224406113096982551 ) ) ;
#748 = CARTESIAN_POINT ( 'NONE',  ( -13.00000000000000178, 9.000000000000000000, 1.000000000000000222 ) ) ;
#750 = CLOSED_SHELL ( 'NONE', ( #5722, #5708, #3187, #1800, #855, #756, #566, #2727 ) ) ;
#751 = CARTESIAN_POINT ( 'NONE',  ( -5.004337270580617059, 4.275451445509062864, 5.075583956305677269 ) ) ;
#752 = ORIENTED_EDGE ( 'NONE', *, *, #5209, .T. ) ;
#753 = TOROIDAL_SURFACE ( 'NONE', #5268, 6.899999999999999467, 0.1000000000000000056 ) ;
#754 = CARTESIAN_POINT ( 'NONE',  ( -9.507178917814698593, 9.295761019414189974, 5.622032851803027143 ) ) ;
#755 = CARTESIAN_POINT ( 'NONE',  ( -19.80000000000000071, 14.79999999999999893, 0.9000000000000003553 ) ) ;
#756 = ADVANCED_FACE ( 'NONE', ( #7127, #7783 ), #4017, .F. ) ;
#757 = CARTESIAN_POINT ( 'NONE',  ( -8.193751896539531288, 6.514798068041888435, 6.000032905453838161 ) ) ;
#758 = CARTESIAN_POINT ( 'NONE',  ( -8.543751896539530932, 6.672626733064500826, 5.618986531965226128 ) ) ;
#759 = DIRECTION ( 'NONE',  ( 0.0000000000000000000, -0.0000000000000000000, -1.000000000000000000 ) ) ;
#760 = VERTEX_POINT ( 'NONE', #5241 ) ;
#761 = CARTESIAN_POINT ( 'NONE',  ( -10.02711116067333208, 4.030524777723764274, -2.812035021269636115 ) ) ;
#762 = CARTESIAN_POINT ( 'NONE',  ( -8.733781551163785295, 14.65652029732320649, 0.7183880491129165380 ) ) ;
#763 = CARTESIAN_POINT ( 'NONE',  ( -5.015494318654240224, 14.00973527311226441, 4.883167219200067244 ) ) ;
#764 = DIRECTION ( 'NONE',  ( 0.0000000000000000000, 0.0000000000000000000, 1.000000000000000000 ) ) ;
#765 = CARTESIAN_POINT ( 'NONE',  ( -6.957649732515657881, 12.13912961348261810, 4.770112441088893540 ) ) ;
#766 = EDGE_CURVE ( 'NONE', #212, #7435, #7094, .T. ) ;
#767 = CARTESIAN_POINT ( 'NONE',  ( -11.84344558985982054, 8.190094055032236753, -5.651852305465529192 ) ) ;
#768 = CARTESIAN_POINT ( 'NONE',  ( -10.30000189653953058, 8.999920557937377552, -5.999999999474078471 ) ) ;
#769 = CARTESIAN_POINT ( 'NONE',  ( -12.72561992216913751, 4.059548005033535745, -2.862600780533254508 ) ) ;
#770 = CARTESIAN_POINT ( 'NONE',  ( -8.097396321019047605, 11.02188970580301763, -5.245518880555906094 ) ) ;
#771 = DIRECTION ( 'NONE',  ( -1.000000000000000000, 0.0000000000000000000, 0.0000000000000000000 ) ) ;
#772 = CARTESIAN_POINT ( 'NONE',  ( -11.12950188028123577, 5.446149348602101092, 4.469412172935318672 ) ) ;
#773 = CARTESIAN_POINT ( 'NONE',  ( -4.972150479790749422, 14.97197711947640109, -3.713623557434179823 ) ) ;
#774 = CARTESIAN_POINT ( 'NONE',  ( -9.316552889660645320, 3.438420106190830161, -1.291359866565051195 ) ) ;
#775 = DIRECTION ( 'NONE',  ( 8.673617379884035472E-17, -0.0000000000000000000, 1.000000000000000000 ) ) ;
#776 = CARTESIAN_POINT ( 'NONE',  ( -10.91875189653952738, 15.00003290545384260, 2.485201931958106236 ) ) ;
#777 = DIRECTION ( 'NONE',  ( 0.0000000000000000000, 0.0000000000000000000, -1.000000000000000000 ) ) ;
#778 = VERTEX_POINT ( 'NONE', #1565 ) ;
#779 = CARTESIAN_POINT ( 'NONE',  ( -8.536261763750257359, 9.415354033953875046, 5.694761549286065261 ) ) ;
#780 = CARTESIAN_POINT ( 'NONE',  ( -10.58514720591010594, 14.53900478225101089, -1.353361833993052432 ) ) ;
#781 = CYLINDRICAL_SURFACE ( 'NONE', #175, 6.000000000000000000 ) ;
#782 = CARTESIAN_POINT ( 'NONE',  ( -7.400552286724149553, 4.104575937105671812, -2.780713547661417095 ) ) ;
#784 = CARTESIAN_POINT ( 'NONE',  ( -11.84354356670778330, 8.189228694381784024, -5.644007276747263546 ) ) ;
#783 = CARTESIAN_POINT ( 'NONE',  ( -12.13125189653953129, 14.99996709349432145, -2.485360816083348023 ) ) ;
#785 = CARTESIAN_POINT ( 'NONE',  ( -4.988110326681247209, 4.315490038673601703, 4.999999852815458112 ) ) ;
#786 = ORIENTED_EDGE ( 'NONE', *, *, #7518, .T. ) ;
#787 = CARTESIAN_POINT ( 'NONE',  ( -8.093751896539529866, 11.32737326693549385, -5.618986531965227016 ) ) ;
#788 = CARTESIAN_POINT ( 'NONE',  ( -9.804262784455923807, 14.70542954983685746, -0.2369631729046207114 ) ) ;
#789 = CARTESIAN_POINT ( 'NONE',  ( -13.00000000000000178, 9.000000000000000000, -6.000000000000000000 ) ) ;
#790 = CARTESIAN_POINT ( 'NONE',  ( -6.337501896539531110, 4.757415487273786603, 4.242696860768593758 ) ) ;
#791 = CARTESIAN_POINT ( 'NONE',  ( -8.318751896539529511, 3.381013468034773428, -2.327373266935496954 ) ) ;
#792 = CARTESIAN_POINT ( 'NONE',  ( -13.00507322892037365, 8.131316549926719262, 5.643699829265715451 ) ) ;
#793 = EDGE_LOOP ( 'NONE', ( #4782, #3465, #2730, #418 ) ) ;
#794 = CARTESIAN_POINT ( 'NONE',  ( -9.860606361253758223, 9.648673046198837255, -5.673086092347381815 ) ) ;
#795 = CARTESIAN_POINT ( 'NONE',  ( -9.138860508152337303, 8.375944585543418697, -5.667657643343614104 ) ) ;
#796 = CARTESIAN_POINT ( 'NONE',  ( -5.011831604980192090, 13.94602224295985415, 4.927201984334775631 ) ) ;
#797 = DIRECTION ( 'NONE',  ( 0.0000000000000000000, 0.0000000000000000000, 1.000000000000000000 ) ) ;
#798 = CARTESIAN_POINT ( 'NONE',  ( -6.996867268729335620, 14.42040064365404817, -1.796128190587380047 ) ) ;
#799 = CARTESIAN_POINT ( 'NONE',  ( -11.79283871629303526, 10.24203805898950215, -5.572794314316582565 ) ) ;
#800 = CARTESIAN_POINT ( 'NONE',  ( -13.21250189653953022, 12.97325429635567140, 3.973149083243181945 ) ) ;
#801 = EDGE_CURVE ( 'NONE', #760, #1385, #1135, .T. ) ;
#802 = EDGE_CURVE ( 'NONE', #4711, #1793, #3757, .T. ) ;
#803 = CARTESIAN_POINT ( 'NONE',  ( -11.91856806360597787, 3.342122934840787263, 0.7067432506349277110 ) ) ;
#804 = CARTESIAN_POINT ( 'NONE',  ( -8.546252473097370128, 4.557466381755444829, 3.574381593415461911 ) ) ;
#805 = CARTESIAN_POINT ( 'NONE',  ( -11.28465452520637946, 8.374950243158252761, 5.595058937716850700 ) ) ;
#806 = CARTESIAN_POINT ( 'NONE',  ( -6.287235985452470644, 8.548220789896982197, -5.683986347962481034 ) ) ;
#807 = CARTESIAN_POINT ( 'NONE',  ( -9.811907938308690902, 14.67562151332973208, -0.5454206567854769094 ) ) ;
#808 = CARTESIAN_POINT ( 'NONE',  ( -9.175001896539528801, 14.99999999947407936, -7.944206262056783218E-05 ) ) ;
#809 = CARTESIAN_POINT ( 'NONE',  ( -12.30000009850236431, 8.999999999999998224, -5.999999999999998224 ) ) ;
#810 = DIRECTION ( 'NONE',  ( 0.0000000000000000000, -0.0000000000000000000, -1.000000000000000000 ) ) ;
#812 = CARTESIAN_POINT ( 'NONE',  ( -12.83056703538295551, 5.130305201468098986, -4.198956346792746430 ) ) ;
#811 = DIRECTION ( 'NONE',  ( 0.0000000000000000000, 0.0000000000000000000, -1.000000000000000000 ) ) ;
#813 = AXIS2_PLACEMENT_3D ( 'NONE', #3748, #3124, #5636 ) ;
#814 = CARTESIAN_POINT ( 'NONE',  ( -4.900000000000001243, 15.00000000000000000, -4.900000000000000355 ) ) ;
#815 = ORIENTED_EDGE ( 'NONE', *, *, #2693, .F. ) ;
#816 = EDGE_CURVE ( 'NONE', #3789, #4711, #7041, .T. ) ;
#817 = CARTESIAN_POINT ( 'NONE',  ( -8.360602502705456018, 3.770908631075961637, 2.293326869563544701 ) ) ;
#818 = CARTESIAN_POINT ( 'NONE',  ( -10.43836108467024992, 13.01896230061738358, 4.044770952917881246 ) ) ;
#819 = CARTESIAN_POINT ( 'NONE',  ( -12.01875189653953058, 15.00003290545384260, 2.485201931958106236 ) ) ;
#820 = CARTESIAN_POINT ( 'NONE',  ( -7.141192330111619135, 14.45582283216169195, -1.683256284532475888 ) ) ;
#821 = CARTESIAN_POINT ( 'NONE',  ( -7.378259057845904856, 4.599355846232349165, -3.498195248397131252 ) ) ;
#822 = CARTESIAN_POINT ( 'NONE',  ( -4.993596678570927594, 3.938850048615815336, 4.940511728259825652 ) ) ;
#824 = CARTESIAN_POINT ( 'NONE',  ( -11.88429261462877307, 6.659570727107325006, -5.208510343659539465 ) ) ;
#823 = CARTESIAN_POINT ( 'NONE',  ( -12.46875189653953164, 2.999967094546160951, -2.485201931958109345 ) ) ;
#825 = EDGE_LOOP ( 'NONE', ( #4920, #1055 ) ) ;
#826 = FACE_OUTER_BOUND ( 'NONE', #708, .T. ) ;
#827 = ORIENTED_EDGE ( 'NONE', *, *, #4375, .F. ) ;
#828 = AXIS2_PLACEMENT_3D ( 'NONE', #4350, #3782, #7543 ) ;
#829 = CARTESIAN_POINT ( 'NONE',  ( -7.193751896539532176, 11.32737326693549385, -5.618986531965227016 ) ) ;
#830 = CARTESIAN_POINT ( 'NONE',  ( -9.838036698442572003, 12.96197067449407747, -3.999690024015652767 ) ) ;
#831 = VECTOR ( 'NONE', #2482, 1000.000000000000000 ) ;
#832 = CARTESIAN_POINT ( 'NONE',  ( -24.00000000000000000, 9.000000000000000000, 0.0000000000000000000 ) ) ;
#834 = CARTESIAN_POINT ( 'NONE',  ( -9.837501896539530222, 12.97314908324318061, -3.973254296355671400 ) ) ;
#833 = CARTESIAN_POINT ( 'NONE',  ( -19.34647663000808038, 4.163276066925071461, -0.7862557188019396737 ) ) ;
#835 = CARTESIAN_POINT ( 'NONE',  ( -12.96866603151201680, 6.764680716610754985, 5.254531917543475927 ) ) ;
#836 = ORIENTED_EDGE ( 'NONE', *, *, #2927, .T. ) ;
#837 = CARTESIAN_POINT ( 'NONE',  ( -9.842857093057089557, 10.34249932349105805, -5.549991058138476596 ) ) ;
#838 = CARTESIAN_POINT ( 'NONE',  ( -9.128659501457960346, 6.082364158684792521, -4.805250795742903591 ) ) ;
#839 = CARTESIAN_POINT ( 'NONE',  ( -5.100000000000002309, 14.85138161551080671, -3.842547978074866144 ) ) ;
#840 = CARTESIAN_POINT ( 'NONE',  ( -20.50000000000000000, 9.000000000000000000, 0.0000000000000000000 ) ) ;
#841 = CARTESIAN_POINT ( 'NONE',  ( -7.211400383319754859, 13.02442864175066539, -4.039271737188556699 ) ) ;
#842 = CARTESIAN_POINT ( 'NONE',  ( -11.46937913451435875, 12.51511834747960883, 4.489287214477760024 ) ) ;
#843 = CARTESIAN_POINT ( 'NONE',  ( -12.55000099752341214, 9.000039721031308559, 5.999999999999998224 ) ) ;
#844 = AXIS2_PLACEMENT_3D ( 'NONE', #523, #687, #7950 ) ;
#845 = EDGE_LOOP ( 'NONE', ( #2254, #1067, #3413, #5471 ) ) ;
#846 = CARTESIAN_POINT ( 'NONE',  ( -13.60625189653953093, 6.672477939253883328, -5.618924899550870933 ) ) ;
#847 = CARTESIAN_POINT ( 'NONE',  ( -12.06445756546691683, 6.615490772711931200, 5.188307054934010232 ) ) ;
#848 = CARTESIAN_POINT ( 'NONE',  ( -8.269631705740176031, 3.441660229500778101, -1.271491439296097425 ) ) ;
#849 = CARTESIAN_POINT ( 'NONE',  ( -11.30190894562319848, 9.074668869594072262, 5.629368706545049506 ) ) ;
#850 = CARTESIAN_POINT ( 'NONE',  ( -6.276638991144105617, 11.76774373599652712, -4.972204575930223136 ) ) ;
#851 = CARTESIAN_POINT ( 'NONE',  ( -9.774240817224184141, 14.62245300419873217, 0.9939027079422873001 ) ) ;
#852 = DIRECTION ( 'NONE',  ( 0.0000000000000000000, 0.0000000000000000000, 1.000000000000000000 ) ) ;
#853 = CARTESIAN_POINT ( 'NONE',  ( -4.993596678570927594, 14.06114995138418067, -4.940511728259827429 ) ) ;
#854 = CARTESIAN_POINT ( 'NONE',  ( -8.306251896539530222, 11.48536081608334847, 5.999967093494318782 ) ) ;
#855 = ADVANCED_FACE ( 'NONE', ( #1481, #5906 ), #273, .T. ) ;
#857 = CARTESIAN_POINT ( 'NONE',  ( -12.66679545872381496, 8.317770292540487276, -5.588265065089368377 ) ) ;
#856 = CARTESIAN_POINT ( 'NONE',  ( -7.150001896539529334, 9.000079442062618895, 5.999999999474079360 ) ) ;
#858 = CARTESIAN_POINT ( 'NONE',  ( -14.35000189653952951, 9.000079442062618895, 5.999999999474078471 ) ) ;
#859 = ORIENTED_EDGE ( 'NONE', *, *, #4136, .F. ) ;
#860 = CARTESIAN_POINT ( 'NONE',  ( -20.70006536375752049, 13.90001200558635475, 0.1183816004973706759 ) ) ;
#861 = CARTESIAN_POINT ( 'NONE',  ( -7.566612533894403470, 6.691667820575190717, 5.222741303790289891 ) ) ;
#862 = CARTESIAN_POINT ( 'NONE',  ( -10.54592029015292987, 11.74509216155941260, 5.007315080068138968 ) ) ;
#863 = CARTESIAN_POINT ( 'NONE',  ( -7.297825352671300614, 10.04907671253103096, -5.612228784123511005 ) ) ;
#864 = CARTESIAN_POINT ( 'NONE',  ( -7.902470487049452430, 13.48481250947359378, 3.534662480095769777 ) ) ;
#865 = EDGE_CURVE ( 'NONE', #5791, #544, #7365, .T. ) ;
#867 = CARTESIAN_POINT ( 'NONE',  ( -12.01352177292351797, 4.956556090588057017, 4.032051718707297283 ) ) ;
#866 = CARTESIAN_POINT ( 'NONE',  ( -8.981251896539532709, 3.000032906505680774, 2.485360816083349800 ) ) ;
#868 = CARTESIAN_POINT ( 'NONE',  ( -5.100000000000002309, 14.06572552398066911, -4.830985915492901128 ) ) ;
#869 = VECTOR ( 'NONE', #7733, 1000.000000000000000 ) ;
#870 = ORIENTED_EDGE ( 'NONE', *, *, #655, .F. ) ;
#871 = CARTESIAN_POINT ( 'NONE',  ( -7.362501896539530577, 5.026745703644327712, -3.973149083243182833 ) ) ;
#872 = CARTESIAN_POINT ( 'NONE',  ( -9.748291095357949132, 14.55165702385060023, -0.9358360608311675488 ) ) ;
#873 = AXIS2_PLACEMENT_3D ( 'NONE', #1130, #405, #446 ) ;
#874 = DIRECTION ( 'NONE',  ( 1.000000000000000000, 0.0000000000000000000, 0.0000000000000000000 ) ) ;
#876 = CARTESIAN_POINT ( 'NONE',  ( -13.20000189653953093, 8.999920557937377552, -5.999999999474079360 ) ) ;
#875 = DIRECTION ( 'NONE',  ( 0.0000000000000000000, 0.0000000000000000000, -1.000000000000000000 ) ) ;
#877 = CARTESIAN_POINT ( 'NONE',  ( -20.19999999999999929, 9.000000000000000000, -2.350000000000000089 ) ) ;
#878 = EDGE_LOOP ( 'NONE', ( #1569, #6147 ) ) ;
#879 = CIRCLE ( 'NONE', #7485, 0.1000000000000002554 ) ;
#880 = CARTESIAN_POINT ( 'NONE',  ( -9.912506824605607392, 7.553818730826214356, -5.523990545828419307 ) ) ;
#881 = CARTESIAN_POINT ( 'NONE',  ( 4.000000000000000000, -3.999999999999999112, 4.000000000000000000 ) ) ;
#882 = CARTESIAN_POINT ( 'NONE',  ( -7.144134903263815950, 14.42157968742312235, -1.792559864994851981 ) ) ;
#883 = CARTESIAN_POINT ( 'NONE',  ( -12.69871960527002130, 10.01418594886354008, -5.618607615445602832 ) ) ;
#884 = LINE ( 'NONE', #2618, #3169 ) ;
#885 = EDGE_LOOP ( 'NONE', ( #2648, #4165 ) ) ;
#886 = CARTESIAN_POINT ( 'NONE',  ( -13.71875189653952987, 3.381013468034773428, -2.327373266935496954 ) ) ;
#887 = CARTESIAN_POINT ( 'NONE',  ( -11.79971520995813528, 4.661932135110100184, -3.700363659127081206 ) ) ;
#888 = CARTESIAN_POINT ( 'NONE',  ( -8.382515250279618968, 3.378536921808954929, 0.3099133201320304343 ) ) ;
#889 = CARTESIAN_POINT ( 'NONE',  ( -11.16107096577835378, 6.499757335930087088, 5.124567837943472703 ) ) ;
#890 = CARTESIAN_POINT ( 'NONE',  ( -12.49375084327951946, 6.514765161716677966, 5.999999999999998224 ) ) ;
#891 = CARTESIAN_POINT ( 'NONE',  ( -6.382205699884027084, 10.64096518485072806, -5.458510244139581857 ) ) ;
#892 = CARTESIAN_POINT ( 'NONE',  ( -10.55923645607123262, 12.19096923761461504, 4.734483546635825491 ) ) ;
#893 = DIRECTION ( 'NONE',  ( 0.0000000000000000000, 0.0000000000000000000, -1.000000000000000000 ) ) ;
#894 = DIRECTION ( 'NONE',  ( 0.0000000000000000000, 1.065615849528610117E-14, -1.000000000000000000 ) ) ;
#896 = CARTESIAN_POINT ( 'NONE',  ( -12.75693099842145095, 5.183523823841396094, -4.138717105508184169 ) ) ;
#895 = CARTESIAN_POINT ( 'NONE',  ( -8.387501896539529156, 13.24258451272621073, -4.242696860768593758 ) ) ;
#897 = CARTESIAN_POINT ( 'NONE',  ( 4.999999999999998224, 15.00000000000000000, -4.900000000000000355 ) ) ;
#898 = ORIENTED_EDGE ( 'NONE', *, *, #4855, .T. ) ;
#899 = CARTESIAN_POINT ( 'NONE',  ( -20.67641539460827715, 13.89551890206583984, -0.2363538066999421317 ) ) ;
#900 = CARTESIAN_POINT ( 'NONE',  ( -7.619952700844375926, 8.734579339299141765, 5.703934724348672880 ) ) ;
#901 = ADVANCED_FACE ( 'NONE', ( #3512 ), #7211, .F. ) ;
#902 = CARTESIAN_POINT ( 'NONE',  ( -10.68880778732777515, 14.69522144265695118, 0.4126291695168355367 ) ) ;
#903 = CARTESIAN_POINT ( 'NONE',  ( -7.392379690833291939, 6.376947810774440839, -5.071428368273878107 ) ) ;
#904 = CARTESIAN_POINT ( 'NONE',  ( -7.915940188071460604, 13.78867770455262942, 3.095292908252611497 ) ) ;
#905 = CARTESIAN_POINT ( 'NONE',  ( -12.99999999999999645, 7.936881766048084152, 5.599137326642992463 ) ) ;
#907 = CARTESIAN_POINT ( 'NONE',  ( -11.98756657087569799, 4.280163522765759510, 3.213939769428206805 ) ) ;
#906 = CARTESIAN_POINT ( 'NONE',  ( -9.881251896539529511, 3.000032906505680774, 2.485360816083349800 ) ) ;
#908 = EDGE_LOOP ( 'NONE', ( #6454, #4201 ) ) ;
#909 = LINE ( 'NONE', #1511, #6531 ) ;
#910 = ORIENTED_EDGE ( 'NONE', *, *, #4477, .T. ) ;
#911 = ADVANCED_FACE ( 'NONE', ( #3020 ), #1119, .T. ) ;
#912 = CARTESIAN_POINT ( 'NONE',  ( -9.877853732673193221, 11.70013623392121183, -4.930790608247607842 ) ) ;
#914 = CARTESIAN_POINT ( 'NONE',  ( -6.631251896539530399, 3.381075100449129511, 2.327522060746118893 ) ) ;
#913 = DIRECTION ( 'NONE',  ( 1.224646799147353454E-16, 0.0000000000000000000, -1.000000000000000000 ) ) ;
#915 = CARTESIAN_POINT ( 'NONE',  ( -5.099999976559926651, 14.85402072024680464, -3.838605708341581213 ) ) ;
#916 = ORIENTED_EDGE ( 'NONE', *, *, #3535, .T. ) ;
#917 = CARTESIAN_POINT ( 'NONE',  ( -20.19999999999999929, 9.000000000000000000, 2.350000000000000089 ) ) ;
#918 = ADVANCED_FACE ( 'NONE', ( #4175 ), #7820, .F. ) ;
#919 = CARTESIAN_POINT ( 'NONE',  ( -9.683114100844845140, 14.56484584833506268, -1.278738603845056776 ) ) ;
#920 = CARTESIAN_POINT ( 'NONE',  ( -9.202293601963047465, 6.042299027139795164, -4.874813568946231968 ) ) ;
#921 = CARTESIAN_POINT ( 'NONE',  ( -5.040643756923946839, 4.154163194310464213, 5.026707497216883702 ) ) ;
#922 = CARTESIAN_POINT ( 'NONE',  ( -10.52500189653952845, 3.000000000525919752, 7.944206261983304126E-05 ) ) ;
#923 = CARTESIAN_POINT ( 'NONE',  ( -7.043463259225988260, 14.57994387459083896, -0.7477915409573362426 ) ) ;
#924 = CARTESIAN_POINT ( 'NONE',  ( -12.86153540412509244, 4.300989515737347446, -3.242996427249265512 ) ) ;
#925 = CARTESIAN_POINT ( 'NONE',  ( -4.900000000000001243, 15.00000000000000000, 5.099999999999999645 ) ) ;
#926 = VERTEX_POINT ( 'NONE', #2983 ) ;
#927 = CARTESIAN_POINT ( 'NONE',  ( -13.15625189653952987, 11.32752206074611578, 5.618924899550870045 ) ) ;
#928 = CARTESIAN_POINT ( 'NONE',  ( -11.93181712719890797, 3.431443280310467969, 1.225836129783635542 ) ) ;
#929 = CARTESIAN_POINT ( 'NONE',  ( -8.456151568572137123, 3.298195367039331138, 0.3126443719267377186 ) ) ;
#930 = CARTESIAN_POINT ( 'NONE',  ( -4.900000000000036771, 4.265248727054825828, -5.000000000000001776 ) ) ;
#931 = CARTESIAN_POINT ( 'NONE',  ( -6.364136318997473118, 11.30098616251252430, -5.227377021274399738 ) ) ;
#932 = CARTESIAN_POINT ( 'NONE',  ( -10.37680115339085951, 5.444461736190731926, 4.467404734265146615 ) ) ;
#933 = CARTESIAN_POINT ( 'NONE',  ( -5.100000000000002309, 14.81690140845070403, 3.894054186110434745 ) ) ;
#934 = LINE ( 'NONE', #5133, #7478 ) ;
#935 = CARTESIAN_POINT ( 'NONE',  ( -9.006251896539529511, 11.48536081608334491, 5.999967093494319670 ) ) ;
#936 = DIRECTION ( 'NONE',  ( 0.0000000000000000000, 0.0000000000000000000, -1.000000000000000000 ) ) ;
#937 = EDGE_LOOP ( 'NONE', ( #3885, #5175, #2765 ) ) ;
#938 = CARTESIAN_POINT ( 'NONE',  ( -20.35299681946572647, 13.84758019627938097, -0.7196923221518686242 ) ) ;
#939 = CARTESIAN_POINT ( 'NONE',  ( -7.768969256302434623, 13.80454909683144571, 3.085441563453261704 ) ) ;
#940 = CARTESIAN_POINT ( 'NONE',  ( -7.961837272764967999, 14.51677913736335235, 1.470719479272284858 ) ) ;
#941 = CARTESIAN_POINT ( 'NONE',  ( -7.893813616867950245, 13.25741914012650291, 3.805302190942461582 ) ) ;
#942 = DIRECTION ( 'NONE',  ( 1.000000000000000000, 0.0000000000000000000, 0.0000000000000000000 ) ) ;
#944 = CARTESIAN_POINT ( 'NONE',  ( -12.12565634293316563, 4.084492400493579645, 2.905836476102023003 ) ) ;
#943 = CARTESIAN_POINT ( 'NONE',  ( -8.081251896539532353, 3.000032906505680774, 2.485360816083349800 ) ) ;
#945 = EDGE_LOOP ( 'NONE', ( #4447, #1080, #7639 ) ) ;
#946 = CARTESIAN_POINT ( 'NONE',  ( -5.000000000000001776, 15.00000000000000000, -5.000000000000000888 ) ) ;
#947 =( BOUNDED_CURVE ( )  B_SPLINE_CURVE ( 2, ( #5319, #5860, #7778 ),
 .UNSPECIFIED., .F., .T. ) 
 B_SPLINE_CURVE_WITH_KNOTS ( ( 3, 3 ),
 ( 0.9444446847127782041, 0.9506271160987365132 ),
 .UNSPECIFIED. ) 
 CURVE ( )  GEOMETRIC_REPRESENTATION_ITEM ( )  RATIONAL_B_SPLINE_CURVE ( ( 0.9999973663809045288, 0.9661146498706238983, 0.9623977471357110236 ) ) 
 REPRESENTATION_ITEM ( '' )  );
#948 = CARTESIAN_POINT ( 'NONE',  ( -10.10363942207261090, 3.290404968073686209, 0.09288052585536640815 ) ) ;
#949 = ORIENTED_EDGE ( 'NONE', *, *, #8001, .T. ) ;
#950 = CARTESIAN_POINT ( 'NONE',  ( -4.900000000000001243, 14.90000000000000036, -4.900000000000000355 ) ) ;
#952 = CARTESIAN_POINT ( 'NONE',  ( -12.91875189653953093, 15.00003290545384260, 2.485201931958106236 ) ) ;
#951 = DIRECTION ( 'NONE',  ( 1.000000000000000000, 0.0000000000000000000, 0.0000000000000000000 ) ) ;
#953 = CARTESIAN_POINT ( 'NONE',  ( -4.919841760269457964, 14.99834659680903393, -3.489325939358009609 ) ) ;
#954 = EDGE_CURVE ( 'NONE', #2853, #7773, #6577, .T. ) ;
#955 = CARTESIAN_POINT ( 'NONE',  ( -9.392783508477585031, 7.654727909213695725, 5.549230085814307323 ) ) ;
#956 = CARTESIAN_POINT ( 'NONE',  ( -8.974335283789413253, 9.084298231878550567, -5.701326716100830971 ) ) ;
#957 = AXIS2_PLACEMENT_3D ( 'NONE', #5229, #7072, #4123 ) ;
#958 = CARTESIAN_POINT ( 'NONE',  ( -5.025348781180883684, 4.191012593953364451, 5.044370706310979280 ) ) ;
#959 = CARTESIAN_POINT ( 'NONE',  ( -7.204947809313214435, 10.74960526920457404, -5.342503086094165354 ) ) ;
#960 = CARTESIAN_POINT ( 'NONE',  ( -12.65465346493901144, 11.63449905323600930, -5.065537354043091689 ) ) ;
#961 = CYLINDRICAL_SURFACE ( 'NONE', #5494, 4.899999999999999467 ) ;
#962 = EDGE_CURVE ( 'NONE', #2668, #3789, #3965, .T. ) ;
#963 = ORIENTED_EDGE ( 'NONE', *, *, #1340, .F. ) ;
#964 = CARTESIAN_POINT ( 'NONE',  ( -12.59375189653952987, 11.32737326693549385, -5.618986531965227016 ) ) ;
#965 = CARTESIAN_POINT ( 'NONE',  ( -12.19734587792787650, 11.70341204258700785, 5.029337320465371519 ) ) ;
#966 = CARTESIAN_POINT ( 'NONE',  ( -8.589709407432156496, 5.860839432808786498, 4.769883849324095593 ) ) ;
#967 = EDGE_LOOP ( 'NONE', ( #7982, #3948, #6551, #2823 ) ) ;
#968 = CARTESIAN_POINT ( 'NONE',  ( -6.395520101442893512, 10.13870657984800872, -5.595026995509305934 ) ) ;
#969 = CARTESIAN_POINT ( 'NONE',  ( -10.08419896840546315, 6.663182727396391947, -5.209277513927838221 ) ) ;
#970 = DIRECTION ( 'NONE',  ( 0.0000000000000000000, 0.0000000000000000000, 1.000000000000000000 ) ) ;
#971 = PLANE ( 'NONE',  #7740 ) ;
#972 = FACE_OUTER_BOUND ( 'NONE', #6490, .T. ) ;
#973 = CARTESIAN_POINT ( 'NONE',  ( -9.962501896539530222, 13.24269686076859287, 4.242584512726212509 ) ) ;
#974 = ORIENTED_EDGE ( 'NONE', *, *, #3139, .T. ) ;
#975 = COLOUR_RGB ( '',0.5568627450980392357, 0.5568627450980392357, 0.5568627450980392357 ) ;
#976 = CARTESIAN_POINT ( 'NONE',  ( -7.818595045393316845, 14.54909077451979549, 1.311162948457782029 ) ) ;
#977 = CARTESIAN_POINT ( 'NONE',  ( -10.72870049593780806, 10.87220779363765999, -5.394569288170266930 ) ) ;
#978 = CARTESIAN_POINT ( 'NONE',  ( -11.90625189653952987, 11.48536081608334847, 5.999967093494318782 ) ) ;
#979 = CARTESIAN_POINT ( 'NONE',  ( -7.867159202671201612, 12.44758733945296925, 4.551208691672341544 ) ) ;
#980 = CARTESIAN_POINT ( 'NONE',  ( -7.822655982221612625, 10.92189612309500646, 5.377084412395880975 ) ) ;
#981 = DIRECTION ( 'NONE',  ( 0.0000000000000000000, 0.8309859154929594149, -0.5562934551586312670 ) ) ;
#983 = CARTESIAN_POINT ( 'NONE',  ( -12.06661139809060401, 3.345531560131206117, 0.7340257914862917676 ) ) ;
#982 = CARTESIAN_POINT ( 'NONE',  ( -9.600001896539531288, 8.999920557937377552, -5.999999999474079360 ) ) ;
#984 = VERTEX_POINT ( 'NONE', #431 ) ;
#985 = DIRECTION ( 'NONE',  ( 0.0000000000000000000, -1.000000000000000000, 0.0000000000000000000 ) ) ;
#986 = AXIS2_PLACEMENT_3D ( 'NONE', #4426, #4353, #6894 ) ;
#987 = CARTESIAN_POINT ( 'NONE',  ( -10.02279531349958930, 4.115640076675870063, -2.957916923229629180 ) ) ;
#988 = CARTESIAN_POINT ( 'NONE',  ( -4.917261796503240134, 14.99875472328591641, 3.472649898880993735 ) ) ;
#989 = AXIS2_PLACEMENT_3D ( 'NONE', #213, #5924, #2223 ) ;
#991 = CARTESIAN_POINT ( 'NONE',  ( -12.46875189653953164, 2.999967094546160951, -2.485201931958109345 ) ) ;
#990 = PLANE ( 'NONE',  #110 ) ;
#992 = FACE_OUTER_BOUND ( 'NONE', #21, .T. ) ;
#993 = ORIENTED_EDGE ( 'NONE', *, *, #3935, .T. ) ;
#994 = CARTESIAN_POINT ( 'NONE',  ( -13.00000000000000178, 9.000000000000000000, 0.0000000000000000000 ) ) ;
#995 = AXIS2_PLACEMENT_3D ( 'NONE', #6689, #2831, #7793 ) ;
#996 = CARTESIAN_POINT ( 'NONE',  ( -9.287098645773104622, 4.270060339378843217, 3.198488799902790891 ) ) ;
#997 = CARTESIAN_POINT ( 'NONE',  ( -9.266978500968432897, 3.380018126514026999, -0.3323313946045183820 ) ) ;
#998 = ADVANCED_FACE ( 'NONE', ( #2897 ), #5943, .T. ) ;
#999 = CARTESIAN_POINT ( 'NONE',  ( -5.100000000000002309, 3.934274476019328670, 4.830985915492899352 ) ) ;
#1000 = CARTESIAN_POINT ( 'NONE',  ( 3.999999999999996447, 0.5000000000000004441, -4.000000000000000000 ) ) ;
#1001 = CARTESIAN_POINT ( 'NONE',  ( -7.305797640998568099, 9.735387977172237584, -5.662744054210053335 ) ) ;
#1002 = CARTESIAN_POINT ( 'NONE',  ( -12.74924136835485378, 7.962418752697767665, -5.614351651845323588 ) ) ;
#1003 = PLANE ( 'NONE',  #2138 ) ;
#1004 = AXIS2_PLACEMENT_3D ( 'NONE', #2390, #3035, #5499 ) ;
#1005 = CIRCLE ( 'NONE', #3739, 4.699999999999999289 ) ;
#1006 = ORIENTED_EDGE ( 'NONE', *, *, #6873, .T. ) ;
#1007 = CARTESIAN_POINT ( 'NONE',  ( -11.07500189653953093, 3.381044284241951026, 7.439690531061725408E-05 ) ) ;
#1008 = CARTESIAN_POINT ( 'NONE',  ( -11.26166553764706180, 10.41425145918042894, 5.532149180008436140 ) ) ;
#1009 = CARTESIAN_POINT ( 'NONE',  ( -8.650413894484950461, 10.94660635012935757, 5.282501788789437214 ) ) ;
#1010 = EDGE_CURVE ( 'NONE', #544, #5791, #2933, .T. ) ;
#1011 = AXIS2_PLACEMENT_3D ( 'NONE', #1073, #3550, #6473 ) ;
#1012 = CARTESIAN_POINT ( 'NONE',  ( -13.00000000000000178, 9.000000000000000000, 0.0000000000000000000 ) ) ;
#1013 = CARTESIAN_POINT ( 'NONE',  ( -6.489013284870086551, 3.312784059386578051, -0.5115659692972215344 ) ) ;
#1014 = CARTESIAN_POINT ( 'NONE',  ( -10.23980357412123077, 3.302665909856365545, -0.3717075192436681830 ) ) ;
#1015 = LINE ( 'NONE', #4771, #4836 ) ;
#1016 = CARTESIAN_POINT ( 'NONE',  ( -5.000000000000001776, 14.90000000000000036, -5.000000000000000888 ) ) ;
#1017 = CARTESIAN_POINT ( 'NONE',  ( -19.91758081466140595, 4.183362168483081511, -0.9000000000000007994 ) ) ;
#1018 = DIRECTION ( 'NONE',  ( 0.0000000000000000000, 0.0000000000000000000, -1.000000000000000000 ) ) ;
#1019 = ORIENTED_EDGE ( 'NONE', *, *, #2457, .T. ) ;
#1020 = DIRECTION ( 'NONE',  ( -0.0000000000000000000, 1.000000000000000000, -0.0000000000000000000 ) ) ;
#1021 = CARTESIAN_POINT ( 'NONE',  ( -7.836307218885221637, 14.66833232247279106, 0.6172990726678352358 ) ) ;
#1022 = CARTESIAN_POINT ( 'NONE',  ( -10.76887370887653006, 14.04518983765265716, -2.674886527746689335 ) ) ;
#1023 = CARTESIAN_POINT ( 'NONE',  ( -5.004337270580603736, 13.72454855449090694, -5.075583956305676381 ) ) ;
#1024 = CARTESIAN_POINT ( 'NONE',  ( -7.659424005301880278, 4.913947671463783529, 3.987828704014281467 ) ) ;
#1025 = CARTESIAN_POINT ( 'NONE',  ( -7.700055990981190313, 9.003451792979539903, 5.621706332620028945 ) ) ;
#1027 = CARTESIAN_POINT ( 'NONE',  ( -12.18599548851738490, 8.428126846751361256, 5.600630985661396721 ) ) ;
#1026 = CARTESIAN_POINT ( 'NONE',  ( -9.993751896539530222, 6.514798068041888435, 6.000032905453838161 ) ) ;
#1028 = FACE_OUTER_BOUND ( 'NONE', #793, .T. ) ;
#1029 = CARTESIAN_POINT ( 'NONE',  ( -7.800001896539530577, 8.999920557937377552, -5.999999999474079360 ) ) ;
#1030 = CARTESIAN_POINT ( 'NONE',  ( -10.17006342263606378, 4.117573050010070013, -2.961100513534768108 ) ) ;
#1031 = DIRECTION ( 'NONE',  ( 1.000000000000000000, -0.0000000000000000000, -0.0000000000000000000 ) ) ;
#1032 = LINE ( 'NONE', #5938, #5203 ) ;
#1033 = EDGE_LOOP ( 'NONE', ( #3363, #5035, #7247, #2638 ) ) ;
#1034 = DIRECTION ( 'NONE',  ( 0.0000000000000000000, -1.000000000000000000, -8.673617379884087537E-15 ) ) ;
#1035 = CARTESIAN_POINT ( 'NONE',  ( -9.219146185979326447, 3.344949095091902525, 0.7298382038253707904 ) ) ;
#1036 = CARTESIAN_POINT ( 'NONE',  ( -11.31810994900249590, 12.39046477182242256, 4.584429992664044384 ) ) ;
#1037 = CARTESIAN_POINT ( 'NONE',  ( -6.395837138552154855, 10.12331005927860339, -5.589990641870587140 ) ) ;
#1038 = CARTESIAN_POINT ( 'NONE',  ( -20.19999999999999929, 9.000000000000000000, 0.0000000000000000000 ) ) ;
#1039 = CARTESIAN_POINT ( 'NONE',  ( -7.434636499422987654, 5.014809311171662287, -4.078060328118425559 ) ) ;
#1040 = CARTESIAN_POINT ( 'NONE',  ( -12.51634002222816910, 14.66314428833989147, -0.7262283696929140442 ) ) ;
#1041 = FACE_OUTER_BOUND ( 'NONE', #6588, .T. ) ;
#1042 = CARTESIAN_POINT ( 'NONE',  ( -12.64767610837463963, 6.288312505983493672, -5.015869209912843019 ) ) ;
#1043 = VERTEX_POINT ( 'NONE', #1803 ) ;
#1044 = CARTESIAN_POINT ( 'NONE',  ( -9.725001896539531288, 14.61895571575804809, -7.439690531130537009E-05 ) ) ;
#1045 = CARTESIAN_POINT ( 'NONE',  ( -11.09950049824373330, 4.572990499547981535, 3.593419616429644581 ) ) ;
#1046 = CARTESIAN_POINT ( 'NONE',  ( -8.867639553640890071, 14.57181720653370505, 1.249992488372323018 ) ) ;
#1047 = DIRECTION ( 'NONE',  ( -1.000000000000000000, 0.0000000000000000000, 0.0000000000000000000 ) ) ;
#1048 = CARTESIAN_POINT ( 'NONE',  ( -6.554784195045503026, 4.466184296920701513, -3.457867532114265785 ) ) ;
#1049 = CARTESIAN_POINT ( 'NONE',  ( -9.980947139475873087, 10.69154828423688564, -5.453095731890568842 ) ) ;
#1050 = CARTESIAN_POINT ( 'NONE',  ( -13.00000000000000178, 3.966129951470128923, -2.996854899638079051 ) ) ;
#1051 = LINE ( 'NONE', #3616, #2807 ) ;
#1052 = CARTESIAN_POINT ( 'NONE',  ( -13.00000000000000178, 9.000000000000000000, 0.0000000000000000000 ) ) ;
#1053 = CARTESIAN_POINT ( 'NONE',  ( -13.84375189653952987, 11.48520193195810357, -6.000032905453839049 ) ) ;
#1054 = ADVANCED_FACE ( 'NONE', ( #6719 ), #1077, .T. ) ;
#1055 = ORIENTED_EDGE ( 'NONE', *, *, #1986, .T. ) ;
#1056 = CARTESIAN_POINT ( 'NONE',  ( -10.30000009850236431, 8.999999999999998224, -5.999999999999998224 ) ) ;
#1057 = CARTESIAN_POINT ( 'NONE',  ( -6.905734416501606354, 14.41969543858063396, 1.797259619288338772 ) ) ;
#1058 = CARTESIAN_POINT ( 'NONE',  ( -10.74606823499057739, 14.38982235904118134, -1.860544358850343194 ) ) ;
#1059 = CARTESIAN_POINT ( 'NONE',  ( -5.011849937885342499, 13.94617822502359950, -4.927103879294658206 ) ) ;
#1060 = CARTESIAN_POINT ( 'NONE',  ( -7.788291881895766267, 9.609568721161627636, 5.708532112462843422 ) ) ;
#1061 = CARTESIAN_POINT ( 'NONE',  ( -8.083575286686606631, 11.50551692226033751, -5.032479370854062495 ) ) ;
#1062 = CARTESIAN_POINT ( 'NONE',  ( -6.900000098502364843, 8.999999999999998224, -5.999999999999998224 ) ) ;
#1064 = CARTESIAN_POINT ( 'NONE',  ( -12.47393525889749988, 14.61306232439051378, 1.002833995903467779 ) ) ;
#1063 = CARTESIAN_POINT ( 'NONE',  ( -14.23750189653953058, 4.757415487273786603, 4.242696860768593758 ) ) ;
#1065 = DIRECTION ( 'NONE',  ( 0.0000000000000000000, -0.0000000000000000000, 1.000000000000000000 ) ) ;
#1066 = EDGE_CURVE ( 'NONE', #3789, #7930, #4773, .T. ) ;
#1067 = ORIENTED_EDGE ( 'NONE', *, *, #1242, .F. ) ;
#1068 = CARTESIAN_POINT ( 'NONE',  ( -10.05023230231193487, 3.658693105279786195, -1.995698399506778520 ) ) ;
#1069 = AXIS2_PLACEMENT_3D ( 'NONE', #14, #6281, #4972 ) ;
#1070 = CARTESIAN_POINT ( 'NONE',  ( -11.73181361168076187, 12.39624674003295368, -4.590633523710554442 ) ) ;
#1071 = CARTESIAN_POINT ( 'NONE',  ( -5.000000000000001776, 9.000000000000000000, 0.0000000000000000000 ) ) ;
#1072 = EDGE_LOOP ( 'NONE', ( #6347, #7827, #7154, #1519 ) ) ;
#1073 = CARTESIAN_POINT ( 'NONE',  ( -4.900000000000001243, 14.90000000000000036, 0.0000000000000000000 ) ) ;
#1074 = CARTESIAN_POINT ( 'NONE',  ( -9.482365272908214848, 5.621583645560638942, 4.603474735527672834 ) ) ;
#1075 = CARTESIAN_POINT ( 'NONE',  ( -11.48986865103307764, 14.45660880727877817, 1.386376682022453455 ) ) ;
#1076 = CARTESIAN_POINT ( 'NONE',  ( -24.00000000000000000, 9.000000000000000000, 0.0000000000000000000 ) ) ;
#1077 = CYLINDRICAL_SURFACE ( 'NONE', #6967, 0.1000000000000002554 ) ;
#1078 = CIRCLE ( 'NONE', #6129, 0.5000000000000002220 ) ;
#1079 = CARTESIAN_POINT ( 'NONE',  ( -12.56746131240017483, 9.368061460380552319, -5.690050374757728235 ) ) ;
#1080 = ORIENTED_EDGE ( 'NONE', *, *, #7954, .T. ) ;
#1081 = CARTESIAN_POINT ( 'NONE',  ( -11.58777832945678021, 12.28871949452174839, -4.667989068643927375 ) ) ;
#1082 = CARTESIAN_POINT ( 'NONE',  ( -8.739293244612181155, 13.66528557132090960, 3.151251801596384183 ) ) ;
#1083 = DIRECTION ( 'NONE',  ( -1.000000000000000000, 0.0000000000000000000, 0.0000000000000000000 ) ) ;
#1084 = DIRECTION ( 'NONE',  ( 0.0000000000000000000, -1.000000000000000000, 0.0000000000000000000 ) ) ;
#1085 = CARTESIAN_POINT ( 'NONE',  ( -6.494673333272961813, 4.228530969050876109, -2.972622869871575535 ) ) ;
#1086 = CARTESIAN_POINT ( 'NONE',  ( -11.20565370851224962, 3.735743641859346376, 2.210803104948106945 ) ) ;
#1087 = CARTESIAN_POINT ( 'NONE',  ( 3.999999999999996447, -3.999999999999999112, -3.400000000000002132 ) ) ;
#1088 = DIRECTION ( 'NONE',  ( 0.0000000000000000000, 0.0000000000000000000, 1.000000000000000000 ) ) ;
#1089 = AXIS2_PLACEMENT_3D ( 'NONE', #4578, #1372, #6364 ) ;
#1090 = CYLINDRICAL_SURFACE ( 'NONE', #3999, 0.5000000000000002220 ) ;
#1091 = CARTESIAN_POINT ( 'NONE',  ( -12.83125189653953058, 14.99996709349432145, -2.485360816083347135 ) ) ;
#1092 = ORIENTED_EDGE ( 'NONE', *, *, #7014, .T. ) ;
#1093 = CARTESIAN_POINT ( 'NONE',  ( -5.100000000000002309, 9.000000000000000000, 0.0000000000000000000 ) ) ;
#1094 = AXIS2_PLACEMENT_3D ( 'NONE', #7059, #7760, #5804 ) ;
#1095 = CARTESIAN_POINT ( 'NONE',  ( -7.346419499217086369, 3.704685166898273874, -2.136655832583969072 ) ) ;
#1096 = CARTESIAN_POINT ( 'NONE',  ( -10.85532012256311596, 8.777214233788146913, -5.625374820954758270 ) ) ;
#1097 = CARTESIAN_POINT ( 'NONE',  ( -13.00000000000000178, 9.000000000000000000, 0.0000000000000000000 ) ) ;
#1098 = EDGE_CURVE ( 'NONE', #1356, #2444, #2164, .T. ) ;
#1099 = CARTESIAN_POINT ( 'NONE',  ( -8.867861948666510230, 14.57287718972767721, 1.241097241853063027 ) ) ;
#1100 = CARTESIAN_POINT ( 'NONE',  ( -7.910444261797801246, 14.59835633777406549, 0.5937388990384196985 ) ) ;
#1101 = FACE_OUTER_BOUND ( 'NONE', #290, .T. ) ;
#1102 = CARTESIAN_POINT ( 'NONE',  ( -6.000001896539530755, 8.999920557937377552, -5.999999999474079360 ) ) ;
#1103 = CIRCLE ( 'NONE', #5095, 2.050000000000000266 ) ;
#1104 = VERTEX_POINT ( 'NONE', #5532 ) ;
#1105 = ORIENTED_EDGE ( 'NONE', *, *, #3689, .T. ) ;
#1106 = CARTESIAN_POINT ( 'NONE',  ( -10.08630550879555443, 3.323486985182805942, -0.6207552623285342852 ) ) ;
#1107 = CIRCLE ( 'NONE', #85, 0.1000000000000002554 ) ;
#1108 = DIRECTION ( 'NONE',  ( 1.000000000000000000, -0.0000000000000000000, 0.0000000000000000000 ) ) ;
#1109 = EDGE_CURVE ( 'NONE', #4744, #2320, #7529, .T. ) ;
#1111 = CARTESIAN_POINT ( 'NONE',  ( -11.69734047565704316, 13.41481020468907204, -3.608565010116831839 ) ) ;
#1110 = CARTESIAN_POINT ( 'NONE',  ( -5.034609354792278779, 15.02358977019752118, 3.522093644935520018 ) ) ;
#1112 = CARTESIAN_POINT ( 'NONE',  ( -12.99999999999999645, 14.97331721414797912, 0.1200182946880522100 ) ) ;
#1113 = ORIENTED_EDGE ( 'NONE', *, *, #6058, .F. ) ;
#1114 = DIRECTION ( 'NONE',  ( 0.0000000000000000000, 0.0000000000000000000, -1.000000000000000000 ) ) ;
#1115 = CARTESIAN_POINT ( 'NONE',  ( -9.194629134088680544, 4.221779863011319023, -2.977247978706213605 ) ) ;
#1116 = CARTESIAN_POINT ( 'NONE',  ( -11.56350268826111716, 14.53404844187237188, 1.407975242868042098 ) ) ;
#1117 = AXIS2_PLACEMENT_3D ( 'NONE', #5151, #2037, #2724 ) ;
#1118 = CARTESIAN_POINT ( 'NONE',  ( -6.512308952217589209, 5.708715318104301772, -4.665335843236229962 ) ) ;
#1119 = CYLINDRICAL_SURFACE ( 'NONE', #6319, 1.000000000000000222 ) ;
#1120 = CARTESIAN_POINT ( 'NONE',  ( -11.23125189653953093, 14.99996709349432145, -2.485360816083348023 ) ) ;
#1121 = CARTESIAN_POINT ( 'NONE',  ( -11.07500189653953093, 3.381044284241951026, 7.439690531061725408E-05 ) ) ;
#1122 = CARTESIAN_POINT ( 'NONE',  ( -13.08848183347647520, 5.820452714843679765, 4.743021183038202970 ) ) ;
#1123 = CARTESIAN_POINT ( 'NONE',  ( -9.893751896539528801, 11.32737326693549385, -5.618986531965227016 ) ) ;
#1124 = CARTESIAN_POINT ( 'NONE',  ( -11.37636694315401265, 13.95505146325948331, 2.837295426738720483 ) ) ;
#1125 = CARTESIAN_POINT ( 'NONE',  ( -8.497227656959912778, 7.828353912379586887, 5.580287165475677824 ) ) ;
#1126 = CARTESIAN_POINT ( 'NONE',  ( -6.443783953189249125, 3.743724155023589351, -2.231092709032825638 ) ) ;
#1127 = CARTESIAN_POINT ( 'NONE',  ( -11.15350003264652301, 3.294020238195703332, 0.2051858067871303870 ) ) ;
#1128 = VECTOR ( 'NONE', #5399, 1000.000000000000000 ) ;
#1129 = DIRECTION ( 'NONE',  ( 0.0000000000000000000, 0.0000000000000000000, -1.000000000000000000 ) ) ;
#1130 = CARTESIAN_POINT ( 'NONE',  ( -3.999999999999996447, 0.5000000000000004441, -4.000000000000000000 ) ) ;
#1131 = CARTESIAN_POINT ( 'NONE',  ( -6.373845520379618712, 10.94916340887557205, -5.355496090801233677 ) ) ;
#1132 = CARTESIAN_POINT ( 'NONE',  ( -13.16875189653952916, 2.999967094546162283, -2.485201931958109345 ) ) ;
#1133 = ORIENTED_EDGE ( 'NONE', *, *, #3586, .F. ) ;
#1134 = CYLINDRICAL_SURFACE ( 'NONE', #3801, 7.000000000000000000 ) ;
#1135 = CIRCLE ( 'NONE', #3468, 6.899999999999999467 ) ;
#1136 = CARTESIAN_POINT ( 'NONE',  ( -7.144088589740475115, 10.29541639035721090, -5.561086420364990346 ) ) ;
#1137 = CARTESIAN_POINT ( 'NONE',  ( -11.11728346470919959, 3.431344559638467295, -1.263628141755054335 ) ) ;
#1138 = CARTESIAN_POINT ( 'NONE',  ( -4.987020572190818513, 13.80685318670152029, -4.982960080232533784 ) ) ;
#1139 = CARTESIAN_POINT ( 'NONE',  ( -8.565079153042555404, 5.082621550034157387, 4.153484359945199600 ) ) ;
#1140 = CARTESIAN_POINT ( 'NONE',  ( -7.853941953873832205, 14.70913569165416490, -0.1057646650911452380 ) ) ;
#1141 = CARTESIAN_POINT ( 'NONE',  ( -13.00000000000000533, 3.664433775853994657, 2.003075084518203486 ) ) ;
#1143 = CARTESIAN_POINT ( 'NONE',  ( -12.48282345179428710, 14.66464012317531740, 0.6511405827428266013 ) ) ;
#1142 = CARTESIAN_POINT ( 'NONE',  ( -5.950163340891512220, 11.05204992168750699, -5.638181543627543313 ) ) ;
#1144 = VERTEX_POINT ( 'NONE', #8020 ) ;
#1145 = CARTESIAN_POINT ( 'NONE',  ( 0.0000000000000000000, 10.00000000000000000, 0.0000000000000000000 ) ) ;
#1146 = CARTESIAN_POINT ( 'NONE',  ( -8.130688696418168604, 6.882307538593872565, -5.302931289648052271 ) ) ;
#1147 = CARTESIAN_POINT ( 'NONE',  ( -8.994865284357285162, 8.238402318368825306, -5.658848119243945263 ) ) ;
#1148 = CARTESIAN_POINT ( 'NONE',  ( -10.25358956176002501, 4.193343552918569195, 2.915324202554709476 ) ) ;
#1149 = ORIENTED_EDGE ( 'NONE', *, *, #5209, .F. ) ;
#1150 = CARTESIAN_POINT ( 'NONE',  ( -11.70605266857023707, 13.18076498007903830, -3.877302969052617954 ) ) ;
#1151 = DIRECTION ( 'NONE',  ( 0.0000000000000000000, 0.0000000000000000000, 1.000000000000000000 ) ) ;
#1152 = ORIENTED_EDGE ( 'NONE', *, *, #5353, .T. ) ;
#1153 = EDGE_CURVE ( 'NONE', #7762, #5748, #1193, .T. ) ;
#1154 = CARTESIAN_POINT ( 'NONE',  ( 0.0000000000000000000, 0.0000000000000000000, 4.899999999999998579 ) ) ;
#1155 = CARTESIAN_POINT ( 'NONE',  ( -9.212861275301372999, 3.888986218476243373, -2.360705975599508566 ) ) ;
#1156 = CARTESIAN_POINT ( 'NONE',  ( -6.417171337289166999, 9.271349369714966926, -5.703119294031361974 ) ) ;
#1157 = CARTESIAN_POINT ( 'NONE',  ( -11.00625189653953129, 11.48536081608334491, 5.999967093494319670 ) ) ;
#1158 = CARTESIAN_POINT ( 'NONE',  ( -11.46875189653952987, 14.61898653196522524, 2.327373266935493845 ) ) ;
#1159 = CARTESIAN_POINT ( 'NONE',  ( -12.95039091745733373, 6.129508931635003322, 4.936297316306823113 ) ) ;
#1160 = CARTESIAN_POINT ( 'NONE',  ( -10.79375189653953093, 11.32737326693549385, -5.618986531965227016 ) ) ;
#1161 = ADVANCED_FACE ( 'NONE', ( #2459 ), #5614, .T. ) ;
#1162 = CARTESIAN_POINT ( 'NONE',  ( -11.13807976891811435, 5.721170843105375603, 4.674656091300022354 ) ) ;
#1163 = CARTESIAN_POINT ( 'NONE',  ( -8.626273088714338400, 7.135417299969476268, 5.397251808957467034 ) ) ;
#1164 = DIRECTION ( 'NONE',  ( -1.000000000000000000, 0.0000000000000000000, 0.0000000000000000000 ) ) ;
#1165 = CARTESIAN_POINT ( 'NONE',  ( -5.005864950367948651, 14.94704302003106733, 3.635405967618674072 ) ) ;
#1166 = CARTESIAN_POINT ( 'NONE',  ( -6.571089356856271380, 3.372334723037459181, -0.1582075674623378558 ) ) ;
#1167 = CARTESIAN_POINT ( 'NONE',  ( -10.60121577574859053, 13.45256423323063366, 3.573954409165017054 ) ) ;
#1168 = CARTESIAN_POINT ( 'NONE',  ( -6.393750843279521590, 6.514765161716677966, 5.999999999999998224 ) ) ;
#1169 = CARTESIAN_POINT ( 'NONE',  ( -20.35408926775282978, 4.152290089681214269, 0.7188077656742406507 ) ) ;
#1170 = CARTESIAN_POINT ( 'NONE',  ( -11.03125189653952809, 14.99996709349432145, -2.485360816083347135 ) ) ;
#1171 = CARTESIAN_POINT ( 'NONE',  ( -11.20000009850236466, 8.999999999999998224, -5.999999999999998224 ) ) ;
#1172 = CARTESIAN_POINT ( 'NONE',  ( -6.694234173472085381, 7.710126065683896357, 5.562454990569431601 ) ) ;
#1173 = CARTESIAN_POINT ( 'NONE',  ( -11.08982437278648092, 3.764028793196269707, -2.278257518122145608 ) ) ;
#1174 = CARTESIAN_POINT ( 'NONE',  ( -4.988110326681339579, 13.68450996132637343, -4.999999852815460777 ) ) ;
#1175 = CARTESIAN_POINT ( 'NONE',  ( -8.513863817860734429, 3.867437443472013570, 2.500817434384785098 ) ) ;
#1176 = CARTESIAN_POINT ( 'NONE',  ( -7.800599634558194495, 14.35383096807118974, 1.985465927581044676 ) ) ;
#1177 = DIRECTION ( 'NONE',  ( 1.000000000000000000, -0.0000000000000000000, -0.0000000000000000000 ) ) ;
#1179 = CARTESIAN_POINT ( 'NONE',  ( -12.17870750500481947, 11.04301167883724766, 5.323380040099977784 ) ) ;
#1178 = CARTESIAN_POINT ( 'NONE',  ( -6.675001896539530577, 14.99999999947407936, -7.944206262056783218E-05 ) ) ;
#1180 = VERTEX_POINT ( 'NONE', #6914 ) ;
#1181 = CARTESIAN_POINT ( 'NONE',  ( -5.950163377777665019, 11.05204850545977990, -5.638182059071901620 ) ) ;
#1182 = CARTESIAN_POINT ( 'NONE',  ( -9.039790826596563633, 6.558753190467430549, -5.161853441129400366 ) ) ;
#1183 = CARTESIAN_POINT ( 'NONE',  ( -10.34070788293804810, 4.421220089986975132, 3.398095716761672325 ) ) ;
#1184 = ORIENTED_EDGE ( 'NONE', *, *, #6901, .F. ) ;
#1185 = CARTESIAN_POINT ( 'NONE',  ( -7.292294427075197483, 10.25999288690822908, -5.560999207876302641 ) ) ;
#1187 = CARTESIAN_POINT ( 'NONE',  ( -11.68548394284741399, 11.44294973748457522, -5.072089810704568436 ) ) ;
#1186 = CARTESIAN_POINT ( 'NONE',  ( 0.0000000000000000000, 0.0000000000000000000, 0.0000000000000000000 ) ) ;
#1188 = CARTESIAN_POINT ( 'NONE',  ( -12.99999999999999645, 7.936881766048084152, 5.599137326642992463 ) ) ;
#1189 = VERTEX_POINT ( 'NONE', #717 ) ;
#1190 = DIRECTION ( 'NONE',  ( 0.0000000000000000000, 0.0000000000000000000, -1.000000000000000000 ) ) ;
#1191 = CARTESIAN_POINT ( 'NONE',  ( -9.523974381341178130, 12.59364281176816291, 4.480792513739756622 ) ) ;
#1192 = DIRECTION ( 'NONE',  ( 0.0000000000000000000, 0.0000000000000000000, 1.000000000000000000 ) ) ;
#1193 = LINE ( 'NONE', #6223, #2281 ) ;
#1194 = EDGE_CURVE ( 'NONE', #7773, #2490, #150, .T. ) ;
#1195 = CARTESIAN_POINT ( 'NONE',  ( -10.73750189653953058, 12.97314908324318061, -3.973254296355671400 ) ) ;
#1196 = TOROIDAL_SURFACE ( 'NONE', #2096, 6.899999999999999467, 0.1000000000000000056 ) ;
#1197 = ORIENTED_EDGE ( 'NONE', *, *, #3793, .T. ) ;
#1198 = CARTESIAN_POINT ( 'NONE',  ( -6.687501896539530755, 5.026850916756816723, 3.973254296355670956 ) ) ;
#1199 = CARTESIAN_POINT ( 'NONE',  ( -10.89176511298885330, 4.878842175057000574, -3.952145696486559334 ) ) ;
#1200 = COLOUR_RGB ( '',1.000000000000000000, 1.000000000000000000, 1.000000000000000000 ) ;
#1201 = CARTESIAN_POINT ( 'NONE',  ( -4.900000000000001243, 14.90000000000000036, -4.900000000000000355 ) ) ;
#1202 = CARTESIAN_POINT ( 'NONE',  ( -6.912040066308485997, 10.52808161460463587, 5.501879333653675097 ) ) ;
#1203 = EDGE_CURVE ( 'NONE', #4608, #5279, #347, .T. ) ;
#1204 = CARTESIAN_POINT ( 'NONE',  ( -11.11998132530449013, 3.409378265304889410, -1.159494895097995526 ) ) ;
#1205 = CYLINDRICAL_SURFACE ( 'NONE', #3829, 6.000000000000000000 ) ;
#1206 = CARTESIAN_POINT ( 'NONE',  ( -19.24628666060585047, 4.152334883662532228, 0.7191145116462153153 ) ) ;
#1207 = DIRECTION ( 'NONE',  ( 0.0000000000000000000, -1.000000000000000000, 0.0000000000000000000 ) ) ;
#1208 = CIRCLE ( 'NONE', #2631, 4.699999999999999289 ) ;
#1209 = CARTESIAN_POINT ( 'NONE',  ( -13.67500189653952880, 14.99999999947407758, -7.944206262056783218E-05 ) ) ;
#1210 = ORIENTED_EDGE ( 'NONE', *, *, #5516, .F. ) ;
#1211 = CARTESIAN_POINT ( 'NONE',  ( -12.63800293875834413, 6.621710351182791499, -5.191004157198143787 ) ) ;
#1212 = CARTESIAN_POINT ( 'NONE',  ( -6.685300586678142309, 7.372295316903750617, 5.472971832743245280 ) ) ;
#1213 = CARTESIAN_POINT ( 'NONE',  ( -11.03442918133642792, 3.598951016991111640, -1.588430812379775237 ) ) ;
#1214 = AXIS2_PLACEMENT_3D ( 'NONE', #6090, #3630, #6703 ) ;
#1215 = EDGE_CURVE ( 'NONE', #7488, #1911, #6226, .T. ) ;
#1216 = CARTESIAN_POINT ( 'NONE',  ( -8.823681812954646375, 13.95392392311474872, 2.838870375134420421 ) ) ;
#1217 = CARTESIAN_POINT ( 'NONE',  ( -7.907512022642507965, 14.27631124736981327, -2.183186827402098906 ) ) ;
#1218 = CARTESIAN_POINT ( 'NONE',  ( -13.00000000000000178, 9.000000000000000000, -2.350000000000000089 ) ) ;
#1220 = CARTESIAN_POINT ( 'NONE',  ( -12.25402007838386353, 13.45739094153396209, 3.569094015367342720 ) ) ;
#1219 = CARTESIAN_POINT ( 'NONE',  ( -7.631251896539532176, 14.99996709349432145, -2.485360816083348023 ) ) ;
#1221 = ORIENTED_EDGE ( 'NONE', *, *, #5149, .F. ) ;
#1222 = AXIS2_PLACEMENT_3D ( 'NONE', #4660, #2795, #6573 ) ;
#1223 = CARTESIAN_POINT ( 'NONE',  ( -9.127359084091626329, 4.025784068618097677, -2.803593340158293312 ) ) ;
#1224 = CARTESIAN_POINT ( 'NONE',  ( -10.47384834625522743, 9.011798190642382522, 5.710322708472888920 ) ) ;
#1225 = ORIENTED_EDGE ( 'NONE', *, *, #363, .T. ) ;
#1226 =( NAMED_UNIT ( * ) PLANE_ANGLE_UNIT ( ) SI_UNIT ( $, .RADIAN. ) );
#1227 = MECHANICAL_DESIGN_GEOMETRIC_PRESENTATION_REPRESENTATION (  '', ( #6412 ), #457 ) ;
#1228 = CARTESIAN_POINT ( 'NONE',  ( -7.214074221614919402, 10.41288622552282028, -5.441250778340833705 ) ) ;
#1229 = CARTESIAN_POINT ( 'NONE',  ( -13.00000000000000711, 10.28250815807001572, 5.622683307069173075 ) ) ;
#1230 = EDGE_LOOP ( 'NONE', ( #5875, #6411, #6534, #7963 ) ) ;
#1231 = STYLED_ITEM ( 'NONE', ( #2900 ), #5101 ) ;
#1232 = CARTESIAN_POINT ( 'NONE',  ( -19.24628666060585402, 13.84766511633746688, 0.7191145116462155373 ) ) ;
#1233 = CARTESIAN_POINT ( 'NONE',  ( -9.671243668757584899, 12.59079084412436700, 4.483090160038581296 ) ) ;
#1234 = CARTESIAN_POINT ( 'NONE',  ( -7.029004060244180785, 14.05358802001690854, 2.656802065181791406 ) ) ;
#1235 = CARTESIAN_POINT ( 'NONE',  ( -6.000000098451931940, 9.000000002228377483, -6.000000000000000888 ) ) ;
#1236 = CARTESIAN_POINT ( 'NONE',  ( -8.218751896539529866, 15.00003290545384260, 2.485201931958106236 ) ) ;
#1237 = CARTESIAN_POINT ( 'NONE',  ( -11.63750189653952916, 12.97314908324318061, -3.973254296355671400 ) ) ;
#1238 = AXIS2_PLACEMENT_3D ( 'NONE', #5408, #3600, #2896 ) ;
#1239 = CARTESIAN_POINT ( 'NONE',  ( -13.01814864267418770, 3.941925078238623481, 2.649793258775780647 ) ) ;
#1240 = ORIENTED_EDGE ( 'NONE', *, *, #3446, .F. ) ;
#1241 = CARTESIAN_POINT ( 'NONE',  ( -7.868751896539530222, 14.61898653196522524, 2.327373266935493845 ) ) ;
#1242 = EDGE_CURVE ( 'NONE', #7435, #212, #3325, .T. ) ;
#1243 = CARTESIAN_POINT ( 'NONE',  ( -10.67525261451828200, 12.68367745044614914, -4.352241012027708855 ) ) ;
#1244 = CARTESIAN_POINT ( 'NONE',  ( -6.900001896539530222, 8.999920557937377552, -5.999999999474079360 ) ) ;
#1245 = CARTESIAN_POINT ( 'NONE',  ( -11.70625189653952880, 11.48536081608334847, 5.999967093494318782 ) ) ;
#1246 = CARTESIAN_POINT ( 'NONE',  ( -6.731344247500979705, 6.418199383415022830, 4.993780060072549709 ) ) ;
#1247 = CARTESIAN_POINT ( 'NONE',  ( -10.80897712497895924, 13.10464158846130012, -3.968520693854703296 ) ) ;
#1248 = CARTESIAN_POINT ( 'NONE',  ( -13.00000000000000178, 7.143704002597533353, -5.673970550116403722 ) ) ;
#1249 = CARTESIAN_POINT ( 'NONE',  ( -7.768751896539530577, 2.999967094546162283, -2.485201931958109345 ) ) ;
#1250 = ORIENTED_EDGE ( 'NONE', *, *, #4621, .T. ) ;
#1251 = EDGE_CURVE ( 'NONE', #4774, #2360, #6185, .T. ) ;
#1252 = EDGE_CURVE ( 'NONE', #1189, #63, #3222, .T. ) ;
#1253 = DIRECTION ( 'NONE',  ( 0.0000000000000000000, -1.000000000000000000, 0.0000000000000000000 ) ) ;
#1254 = FACE_OUTER_BOUND ( 'NONE', #3516, .T. ) ;
#1255 = VECTOR ( 'NONE', #4503, 1000.000000000000000 ) ;
#1256 = CARTESIAN_POINT ( 'NONE',  ( -10.86283429128007860, 5.777206395501404579, -4.714088863170246668 ) ) ;
#1257 = CARTESIAN_POINT ( 'NONE',  ( -7.150000098502363954, 9.000000000000000000, 5.999999999999998224 ) ) ;
#1258 = CARTESIAN_POINT ( 'NONE',  ( -8.747003480916506035, 11.78171599142750559, 4.985978051648077169 ) ) ;
#1259 = CARTESIAN_POINT ( 'NONE',  ( -12.58125189653953235, 3.000032906505680774, 2.485360816083349800 ) ) ;
#1260 = CARTESIAN_POINT ( 'NONE',  ( -8.837501896539530222, 4.757415487273786603, 4.242696860768593758 ) ) ;
#1262 = CARTESIAN_POINT ( 'NONE',  ( -12.33992316788585342, 14.68238997935417878, 0.4713914959987925979 ) ) ;
#1261 = CARTESIAN_POINT ( 'NONE',  ( -9.737501896539528801, 4.757415487273786603, 4.242696860768593758 ) ) ;
#1263 = ORIENTED_EDGE ( 'NONE', *, *, #2195, .F. ) ;
#1264 = CARTESIAN_POINT ( 'NONE',  ( -7.656251896539530755, 6.514639183916653309, -5.999967093494320558 ) ) ;
#1265 = CIRCLE ( 'NONE', #2169, 0.5999999999999980904 ) ;
#1266 = EDGE_CURVE ( 'NONE', #2511, #2574, #3830, .T. ) ;
#1267 = CARTESIAN_POINT ( 'NONE',  ( -8.589862449169304526, 11.44372560050244481, 5.160581360025120468 ) ) ;
#1268 = CARTESIAN_POINT ( 'NONE',  ( -10.42662655371209723, 10.06415661191710775, 5.528261820560314455 ) ) ;
#1269 = VERTEX_POINT ( 'NONE', #6877 ) ;
#1270 = SURFACE_STYLE_FILL_AREA ( #4402 ) ;
#1271 = CARTESIAN_POINT ( 'NONE',  ( -7.354505933968917830, 3.595335373359151099, -1.842588213877762948 ) ) ;
#1273 = CARTESIAN_POINT ( 'NONE',  ( -11.68304685392231868, 8.719472379007134677, -5.695052042913598456 ) ) ;
#1272 = DIRECTION ( 'NONE',  ( 0.0000000000000000000, 0.0000000000000000000, 1.000000000000000000 ) ) ;
#1274 = CARTESIAN_POINT ( 'NONE',  ( -13.00000000000000000, 10.51548182786171637, 5.571126737284788355 ) ) ;
#1275 = VERTEX_POINT ( 'NONE', #1279 ) ;
#1276 = DIRECTION ( 'NONE',  ( -1.000000000000000000, 0.0000000000000000000, -0.0000000000000000000 ) ) ;
#1277 = CARTESIAN_POINT ( 'NONE',  ( -9.455612102396797169, 10.17943357539015992, 5.578633158218165633 ) ) ;
#1278 = CARTESIAN_POINT ( 'NONE',  ( -6.641540584983357753, 3.298503326639714128, -0.3005226188377158603 ) ) ;
#1279 = CARTESIAN_POINT ( 'NONE',  ( -20.50000000000000000, 9.000000000000000000, 1.000000000000000222 ) ) ;
#1280 = CARTESIAN_POINT ( 'NONE',  ( -7.462501896539531110, 13.24269686076859287, 4.242584512726212509 ) ) ;
#1281 = CARTESIAN_POINT ( 'NONE',  ( -7.812501896539529866, 12.97325429635567140, 3.973149083243181945 ) ) ;
#1282 = CARTESIAN_POINT ( 'NONE',  ( -12.76392624503307438, 3.488119564151284990, -1.491669839659543140 ) ) ;
#1283 = VERTEX_POINT ( 'NONE', #755 ) ;
#1284 = CARTESIAN_POINT ( 'NONE',  ( -6.631251896539530399, 3.381075100449129511, 2.327522060746118893 ) ) ;
#1285 = CARTESIAN_POINT ( 'NONE',  ( -10.78556848082853570, 8.612832402034428014, -5.696966603564795228 ) ) ;
#1286 = CARTESIAN_POINT ( 'NONE',  ( -8.919975447226084597, 14.64365522518455620, -0.8707069212208020659 ) ) ;
#1287 = CARTESIAN_POINT ( 'NONE',  ( -4.994908611285332256, 14.06885351393753858, 4.936368029071696029 ) ) ;
#1288 = CARTESIAN_POINT ( 'NONE',  ( -9.150000098502365731, 9.000000000000000000, 5.999999999999998224 ) ) ;
#1289 = CARTESIAN_POINT ( 'NONE',  ( -6.695620781444501901, 5.263352103996701281, 4.211224615653116565 ) ) ;
#1290 = CARTESIAN_POINT ( 'NONE',  ( -11.53320817577690072, 14.12757968349005999, 2.511020316030174726 ) ) ;
#1291 = FACE_OUTER_BOUND ( 'NONE', #4673, .T. ) ;
#1292 = CARTESIAN_POINT ( 'NONE',  ( -10.80625189653953022, 11.48536081608334491, 5.999967093494318782 ) ) ;
#1293 = CARTESIAN_POINT ( 'NONE',  ( -12.96405092350535959, 6.601225486264441500, 5.181545075857279414 ) ) ;
#1294 = CARTESIAN_POINT ( 'NONE',  ( -8.195203750866751236, 7.241690250699703846, -5.348368548335441730 ) ) ;
#1295 = PLANE ( 'NONE',  #5732 ) ;
#1296 = CARTESIAN_POINT ( 'NONE',  ( -11.06322992702351904, 3.819999208852557615, 2.383253652952747270 ) ) ;
#1297 = CARTESIAN_POINT ( 'NONE',  ( -7.150000997523410895, 9.000039721031308559, 5.999999999999998224 ) ) ;
#1298 = CARTESIAN_POINT ( 'NONE',  ( -9.410965789235660850, 3.819075232561872202, 2.399223501273981540 ) ) ;
#1299 = CARTESIAN_POINT ( 'NONE',  ( -6.450000098502365553, 9.000000000000000000, 5.999999999999998224 ) ) ;
#1300 = CARTESIAN_POINT ( 'NONE',  ( 3.999999999999996447, -3.999999999999999112, -4.000000000000000000 ) ) ;
#1302 = CARTESIAN_POINT ( 'NONE',  ( -12.51634135003400594, 13.53809013878067091, -3.331707982687600378 ) ) ;
#1301 = CARTESIAN_POINT ( 'NONE',  ( -10.58125189653953235, 3.000032906505680774, 2.485360816083349800 ) ) ;
#1303 = EDGE_LOOP ( 'NONE', ( #4202, #6292, #2805, #7561 ) ) ;
#1304 = FACE_OUTER_BOUND ( 'NONE', #7590, .T. ) ;
#1305 = CARTESIAN_POINT ( 'NONE',  ( -8.757000450699063521, 14.70481453144509132, -0.2406529433312761257 ) ) ;
#1306 = CARTESIAN_POINT ( 'NONE',  ( -10.49128091527983386, 9.724197271687357258, 5.664229534905726560 ) ) ;
#1307 = VERTEX_POINT ( 'NONE', #6144 ) ;
#1308 = CARTESIAN_POINT ( 'NONE',  ( -7.326918325384013997, 4.033765496774790904, -2.818785734297671208 ) ) ;
#1309 = ADVANCED_FACE ( 'NONE', ( #6262 ), #4610, .F. ) ;
#1310 = LINE ( 'NONE', #7525, #2381 ) ;
#1311 = ORIENTED_EDGE ( 'NONE', *, *, #4375, .T. ) ;
#1312 = CARTESIAN_POINT ( 'NONE',  ( -9.769568891165411273, 14.58804245909536945, 1.175737242165741492 ) ) ;
#1313 = ORIENTED_EDGE ( 'NONE', *, *, #6468, .T. ) ;
#1314 = CARTESIAN_POINT ( 'NONE',  ( -5.025336095303861050, 13.80891886187846396, 5.044393376918538507 ) ) ;
#1315 = CARTESIAN_POINT ( 'NONE',  ( -6.506251896539531288, 11.48536081608334491, 5.999967093494319670 ) ) ;
#1316 = CARTESIAN_POINT ( 'NONE',  ( -10.23125189653953093, 3.381075100449129511, 2.327522060746118893 ) ) ;
#1317 = EDGE_LOOP ( 'NONE', ( #3401, #3583, #4736, #7779 ) ) ;
#1318 = CARTESIAN_POINT ( 'NONE',  ( -10.53077543793270721, 14.64001231410780157, 0.8376936115517924497 ) ) ;
#1319 = CARTESIAN_POINT ( 'NONE',  ( -8.901012365039239427, 13.85755080488346813, -2.829769252052232620 ) ) ;
#1320 = CARTESIAN_POINT ( 'NONE',  ( -5.005487033897097149, 13.91279213820011584, 4.945376822296617014 ) ) ;
#1321 = FACE_OUTER_BOUND ( 'NONE', #6998, .T. ) ;
#1322 = CIRCLE ( 'NONE', #1069, 0.1000000000000002554 ) ;
#1323 = CARTESIAN_POINT ( 'NONE',  ( -6.648581011293168253, 6.071658969969102593, 4.892559197246373337 ) ) ;
#1324 = CARTESIAN_POINT ( 'NONE',  ( -11.49000454400010440, 13.15157839701016051, 3.919719712048707727 ) ) ;
#1325 = DIRECTION ( 'NONE',  ( 0.0000000000000000000, -1.000000000000000000, 0.0000000000000000000 ) ) ;
#1326 = CARTESIAN_POINT ( 'NONE',  ( -12.82247167840378310, 3.355906243241289388, 0.8648831503532207199 ) ) ;
#1327 = CARTESIAN_POINT ( 'NONE',  ( -8.014576160120590487, 11.37723965707767704, -5.182762443900533533 ) ) ;
#1328 = CARTESIAN_POINT ( 'NONE',  ( -6.314010278104168705, 7.497107594016050314, -5.508565933921427238 ) ) ;
#1329 = CARTESIAN_POINT ( 'NONE',  ( -11.30833863435668896, 6.496387460950169945, 5.122922201242028351 ) ) ;
#1330 = CYLINDRICAL_SURFACE ( 'NONE', #3681, 0.1000000000000002554 ) ;
#1331 = CARTESIAN_POINT ( 'NONE',  ( -9.290032702279347632, 3.761486067244927511, -2.270567366405747300 ) ) ;
#1332 = FACE_OUTER_BOUND ( 'NONE', #1427, .T. ) ;
#1333 = DIRECTION ( 'NONE',  ( 1.000000000000000000, -0.0000000000000000000, -0.0000000000000000000 ) ) ;
#1334 = CARTESIAN_POINT ( 'NONE',  ( -8.781251896539529866, 3.000032906505680774, 2.485360816083349800 ) ) ;
#1335 = MECHANICAL_DESIGN_GEOMETRIC_PRESENTATION_REPRESENTATION (  '', ( #7437 ), #4703 ) ;
#1336 = CARTESIAN_POINT ( 'NONE',  ( -9.512501896539529156, 4.757303139231405353, -4.242584512726213397 ) ) ;
#1337 = DIRECTION ( 'NONE',  ( 1.000000000000000000, -0.0000000000000000000, 0.0000000000000000000 ) ) ;
#1338 = EDGE_LOOP ( 'NONE', ( #6920, #7691 ) ) ;
#1339 = CARTESIAN_POINT ( 'NONE',  ( -8.466202298663997539, 6.677219111904560300, 5.216058263916450777 ) ) ;
#1340 = EDGE_CURVE ( 'NONE', #2668, #1718, #592, .T. ) ;
#1341 = CARTESIAN_POINT ( 'NONE',  ( -10.53261851382504055, 14.65835261520861366, 0.7679462314459771788 ) ) ;
#1342 = DIRECTION ( 'NONE',  ( 0.0000000000000000000, -1.000000000000000000, 0.0000000000000000000 ) ) ;
#1343 = CARTESIAN_POINT ( 'NONE',  ( -7.300253557637371493, 4.647677041292094025, -3.683671774540664412 ) ) ;
#1345 = CARTESIAN_POINT ( 'NONE',  ( -11.85697479235292562, 7.663833202088287777, -5.551729074256844143 ) ) ;
#1344 = CARTESIAN_POINT ( 'NONE',  ( -12.18750189653952987, 13.24258451272621073, -4.242696860768593758 ) ) ;
#1346 = AXIS2_PLACEMENT_3D ( 'NONE', #5050, #5841, #7712 ) ;
#1347 = DIRECTION ( 'NONE',  ( 0.0000000000000000000, -0.0000000000000000000, 1.000000000000000000 ) ) ;
#1348 = VERTEX_POINT ( 'NONE', #7118 ) ;
#1349 = EDGE_CURVE ( 'NONE', #1419, #4321, #7479, .T. ) ;
#1350 = CARTESIAN_POINT ( 'NONE',  ( -9.795902079401896501, 14.70884847754094160, 0.1204976106227781535 ) ) ;
#1351 = COLOUR_RGB ( '',0.6470588235294117974, 0.5176470588235293491, 0.0000000000000000000 ) ;
#1352 = DIRECTION ( 'NONE',  ( 0.0000000000000000000, 0.0000000000000000000, -1.000000000000000000 ) ) ;
#1353 = CARTESIAN_POINT ( 'NONE',  ( 4.899999999999998579, 14.90000000000000036, 4.899999999999998579 ) ) ;
#1354 = CARTESIAN_POINT ( 'NONE',  ( -9.275001896539530222, 3.381044284241951026, 7.439690531061725408E-05 ) ) ;
#1355 = AXIS2_PLACEMENT_3D ( 'NONE', #6231, #192, #4489 ) ;
#1356 = VERTEX_POINT ( 'NONE', #5777 ) ;
#1357 = EDGE_CURVE ( 'NONE', #984, #4208, #1557, .T. ) ;
#1358 = CARTESIAN_POINT ( 'NONE',  ( -10.81190486361420966, 7.579830451292388638, -5.522196666931550979 ) ) ;
#1359 = CARTESIAN_POINT ( 'NONE',  ( -9.045141082003976152, 11.95851138328400509, -4.884043964219544343 ) ) ;
#1360 = DIRECTION ( 'NONE',  ( 0.0000000000000000000, 0.0000000000000000000, 1.000000000000000000 ) ) ;
#1361 = TOROIDAL_SURFACE ( 'NONE', #7207, 0.6000000000000003109, 0.1000000000000000056 ) ;
#1362 = CYLINDRICAL_SURFACE ( 'NONE', #7228, 1.000000000000000222 ) ;
#1363 = CARTESIAN_POINT ( 'NONE',  ( -6.630684560415700979, 5.483565730438065167, 4.498924506897620468 ) ) ;
#1364 = CARTESIAN_POINT ( 'NONE',  ( -11.71460235308124709, 12.93685960541644420, -4.135141934204899172 ) ) ;
#1365 = CARTESIAN_POINT ( 'NONE',  ( 4.899999999999996803, 0.09999999999999939493, -4.900000000000000355 ) ) ;
#1366 = CARTESIAN_POINT ( 'NONE',  ( -8.291624734658745055, 6.406026130794368889, -5.077711801378613998 ) ) ;
#1367 = CARTESIAN_POINT ( 'NONE',  ( -6.257741549944013215, 9.759746140593382080, -5.651009542456656654 ) ) ;
#1368 = CARTESIAN_POINT ( 'NONE',  ( -11.36451141231619211, 11.44285413669271101, 5.072312937478221428 ) ) ;
#1369 = CARTESIAN_POINT ( 'NONE',  ( -4.900000000000002132, 15.00000000000000355, -3.349426247285112179 ) ) ;
#1370 = CARTESIAN_POINT ( 'NONE',  ( -9.074546275147634233, 10.92754822993575203, -5.374301841989631789 ) ) ;
#1371 = CIRCLE ( 'NONE', #5931, 0.1000000000000002554 ) ;
#1372 = DIRECTION ( 'NONE',  ( 0.0000000000000000000, -1.000000000000000000, 0.0000000000000000000 ) ) ;
#1373 = CARTESIAN_POINT ( 'NONE',  ( -5.034933983389690226, 4.168102235765144492, -5.033980016150050751 ) ) ;
#1374 = LINE ( 'NONE', #2595, #5509 ) ;
#1376 = CARTESIAN_POINT ( 'NONE',  ( -12.54222026150867642, 12.83815940334177519, -4.118692138028113625 ) ) ;
#1375 = CARTESIAN_POINT ( 'NONE',  ( -12.10000189653952951, 8.999920557937377552, -5.999999999474079360 ) ) ;
#1377 = LINE ( 'NONE', #5641, #4344 ) ;
#1378 = ORIENTED_EDGE ( 'NONE', *, *, #666, .T. ) ;
#1379 = CIRCLE ( 'NONE', #5253, 4.699999999999999289 ) ;
#1380 = CARTESIAN_POINT ( 'NONE',  ( -8.333396057275807678, 3.437540279755201489, 1.289584278416418872 ) ) ;
#1381 = CARTESIAN_POINT ( 'NONE',  ( -10.71436591587250575, 14.67347408220032534, -0.6476684741386458111 ) ) ;
#1382 = CARTESIAN_POINT ( 'NONE',  ( -7.446207922388137668, 3.495888092261023594, -1.143754718008808124 ) ) ;
#1383 = CARTESIAN_POINT ( 'NONE',  ( -11.83906692608430511, 8.367644625468532382, -5.666784205372003669 ) ) ;
#1384 = CIRCLE ( 'NONE', #3867, 1.000000000000000222 ) ;
#1385 = VERTEX_POINT ( 'NONE', #3920 ) ;
#1386 = DIRECTION ( 'NONE',  ( 0.0000000000000000000, 0.0000000000000000000, -1.000000000000000000 ) ) ;
#1387 = EDGE_LOOP ( 'NONE', ( #4081, #6213 ) ) ;
#1388 = CARTESIAN_POINT ( 'NONE',  ( -9.983529470180915411, 10.59544030553323779, -5.482720164406223340 ) ) ;
#1389 = DIRECTION ( 'NONE',  ( 1.000000000000000000, -0.0000000000000000000, -0.0000000000000000000 ) ) ;
#1390 = CARTESIAN_POINT ( 'NONE',  ( -6.956251896539532353, 6.514639183916651533, -5.999967093494321446 ) ) ;
#1392 = CARTESIAN_POINT ( 'NONE',  ( -8.431251896539531998, 3.381075100449129511, 2.327522060746118893 ) ) ;
#1391 = DIRECTION ( 'NONE',  ( 1.000000000000000000, 0.0000000000000000000, 0.0000000000000000000 ) ) ;
#1393 = EDGE_CURVE ( 'NONE', #7435, #3393, #4047, .T. ) ;
#1394 = CARTESIAN_POINT ( 'NONE',  ( -13.09615091034299716, 8.837219057571305214, 5.627441497261196801 ) ) ;
#1395 = EDGE_CURVE ( 'NONE', #1718, #4711, #5608, .T. ) ;
#1396 = VERTEX_POINT ( 'NONE', #2119 ) ;
#1397 = CARTESIAN_POINT ( 'NONE',  ( -10.29271262350616212, 7.652023028474181920, 5.548578832261497951 ) ) ;
#1398 = CARTESIAN_POINT ( 'NONE',  ( -9.055025415645950204, 6.039125116809050731, -4.872885928550362955 ) ) ;
#1399 = CARTESIAN_POINT ( 'NONE',  ( -4.976043705581528087, 13.99928135427029829, 4.967436139243729620 ) ) ;
#1400 = DIRECTION ( 'NONE',  ( -0.0000000000000000000, 1.000000000000000000, 0.0000000000000000000 ) ) ;
#1401 = CARTESIAN_POINT ( 'NONE',  ( -7.124914235917941596, 13.32078360848693421, -3.596414270388961665 ) ) ;
#1402 = CARTESIAN_POINT ( 'NONE',  ( -11.82651365013693123, 8.877217645181085359, -5.708263828166713516 ) ) ;
#1403 = LINE ( 'NONE', #7654, #1485 ) ;
#1404 = EDGE_CURVE ( 'NONE', #4805, #640, #1371, .T. ) ;
#1405 = CARTESIAN_POINT ( 'NONE',  ( -8.443751896539529511, 11.48520193195810357, -6.000032905453839049 ) ) ;
#1406 = CARTESIAN_POINT ( 'NONE',  ( -12.00346388535197129, 4.668333511410087233, 3.720240338939902802 ) ) ;
#1407 = CARTESIAN_POINT ( 'NONE',  ( -8.028330179149792301, 10.88261144167621275, -5.382156420222589333 ) ) ;
#1408 = CARTESIAN_POINT ( 'NONE',  ( -6.415359722903873241, 4.281585373681833673, -3.201264806687553754 ) ) ;
#1409 = CARTESIAN_POINT ( 'NONE',  ( -11.15514917294979647, 4.224928554642851886, 2.966772932451366085 ) ) ;
#1410 = CARTESIAN_POINT ( 'NONE',  ( -6.356544164069231506, 8.730761041141143153, -5.615249819790649077 ) ) ;
#1411 = CARTESIAN_POINT ( 'NONE',  ( -9.747759569526772694, 14.35039434383387480, 1.992630511069571675 ) ) ;
#1412 = SPHERICAL_SURFACE ( 'NONE', #319, 0.1000000000000000056 ) ;
#1413 = CARTESIAN_POINT ( 'NONE',  ( -5.094908604362077043, 4.002757620641263614, -4.902470457030918993 ) ) ;
#1414 = CARTESIAN_POINT ( 'NONE',  ( -5.100000000000002309, 9.000000000000000000, 0.0000000000000000000 ) ) ;
#1415 =( BOUNDED_SURFACE ( )  B_SPLINE_SURFACE ( 1, 2, ( 
 ( #2461, #6065, #4957, #2986, #7940, #4296, #4335, #7903, #2419, #1, #4259, #2335, #2945, #4918, #3643, #7292, #6187, #1839, #594, #6721, #1722, #7452, #4877, #473, #7414, #3108, #6145, #7334, #5486, #5575, #1880, #5445, #4834, #5411, #638, #4794, #3064, #4216, #36, #6102, #6799, #7376, #1237, #4371, #6841, #1158, #7979, #5534, #550, #1805, #6678, #2377, #1121, #3023, #3603, #6756, #515, #3728, #1195, #3683, #3557, #2498, #6955, #2540, #4444, #2609, #231, #1316, #7568, #2646, #2578, #6918, #3806, #7531, #834, #3845, #76, #5069, #1960, #3921, #6265, #7607, #1923, #1998, #1354, #718, #5154, #4482, #3184, #3883, #5658, #118, #5697, #3225, #6306, #2039, #187, #758, #678, #1392, #5110, #791, #3262, #5737, #3306, #7644, #3770, #4521, #6996, #2689, #1281, #1433, #6383, #5780, #2083, #4561, #6225, #3144, #5617, #4993, #7495, #6429, #4642, #6470, #390, #7078, #2851, #2771, #5937, #1517, #424, #914, #3391, #7777, #7813, #3353, #5899, #3470, #5234 ),
 ( #2726, #1638, #5318, #6549, #7735, #7688, #2888, #349, #876, #2241, #6592, #1595, #2166, #952, #3505, #5359, #306, #7120, #2122, #4131, #4599, #991, #4010, #5975, #1559, #7204, #2812, #7854, #2283, #7037, #4049, #3427, #6507, #5277, #2202, #4678, #7160, #6635, #3602, #2294, #4793, #7252, #3682, #1120, #5366, #6798, #1804, #1157, #4760, #6677, #4833, #2460, #3556, #1762, #4876, #7291, #6064, #6021, #1721, #3063, #514, #1683, #7333, #4215, #593, #472, #4295, #4176, #4258, #2985, #2944, #7413, #2376, #5410, #6101, #7902, #2334, #7939, #5444, #6720, #6755, #2418, #3642, #2899, #549, #7375, #3022, #5485, #7978, #5533, #1838, #5982, #8021, #4917, #4334, #3514, #433, #757, #3769, #5696, #3143, #5109, #6953, #5736, #1996, #4481, #3727, #6878, #677, #2608, #1280, #5067, #4992, #151, #6224, #2644, #5616, #75, #1959, #1390, #5574, #117, #7566, #7494, #35, #636, #3882, #1315, #4956, #6346, #790, #6305, #1922, #7451, #7606, #2577, #6186, #3260, #186 ) ),
 .UNSPECIFIED., .F., .F., .F. ) 
 B_SPLINE_SURFACE_WITH_KNOTS ( ( 2, 2 ),
 ( 3, 2, 2, 2, 2, 2, 2, 2, 2, 2, 2, 2, 2, 2, 2, 2, 2, 2, 2, 2, 2, 2, 2, 2, 2, 2, 2, 2, 2, 2, 2, 2, 2, 2, 2, 2, 2, 2, 2, 2, 2, 2, 2, 2, 2, 2, 2, 2, 2, 2, 2, 2, 2, 2, 2, 2, 2, 2, 2, 2, 2, 2, 2, 2, 2, 2, 2, 2, 2, 3 ),
 ( 0.0000000000000000000, 1.000000000000000000 ),
 ( 0.0000000000000000000, 0.01388888888888888812, 0.02777777777777777624, 0.04166666666666666435, 0.05555555555555555247, 0.06944444444444444753, 0.08333333333333332871, 0.09722222222222222376, 0.1111111111111111049, 0.1250000000000000000, 0.1388888888888888951, 0.1527777777777777901, 0.1666666666666666574, 0.1805555555555555525, 0.1944444444444444475, 0.2083333333333333426, 0.2222222222222222099, 0.2361111111111111049, 0.2500000000000000000, 0.2638888888888888951, 0.2777777777777777901, 0.2916666666666666852, 0.3055555555555555802, 0.3194444444444444198, 0.3333333333333333148, 0.3472222222222222099, 0.3611111111111111049, 0.3750000000000000000, 0.3888888888888888951, 0.4027777777777777901, 0.4166666666666666852, 0.4305555555555555802, 0.4444444444444444198, 0.4583333333333333148, 0.4722222222222222099, 0.4861111111111111049, 0.5000000000000000000, 0.5138888888888888395, 0.5277777777777777901, 0.5416666666666666297, 0.5555555555555555802, 0.5694444444444444198, 0.5833333333333333703, 0.5972222222222222099, 0.6111111111111111605, 0.6250000000000000000, 0.6388888888888888395, 0.6527777777777777901, 0.6666666666666666297, 0.6805555555555555802, 0.6944444444444444198, 0.7083333333333333703, 0.7222222222222222099, 0.7361111111111111605, 0.7500000000000000000, 0.7638888888888888395, 0.7777777777777777901, 0.7916666666666666297, 0.8055555555555555802, 0.8194444444444444198, 0.8333333333333333703, 0.8472222222222222099, 0.8611111111111111605, 0.8750000000000000000, 0.8888888888888888395, 0.9027777777777777901, 0.9166666666666666297, 0.9305555555555555802, 0.9444444444444444198, 0.9506271117119503566 ),
 .UNSPECIFIED. ) 
 GEOMETRIC_REPRESENTATION_ITEM ( )  RATIONAL_B_SPLINE_SURFACE ( (
 ( 1.000000000000000000, 0.9238795325112867385, 1.000000000000000000, 0.9238795325112867385, 1.000000000000000000, 0.9238795325112867385, 1.000000000000000000, 0.9238795325112867385, 1.000000000000000000, 0.9238795325112867385, 1.000000000000000000, 0.9238795325112867385, 1.000000000000000000, 0.9238795325112867385, 1.000000000000000000, 0.9238795325112867385, 1.000000000000000000, 0.9238795325112867385, 1.000000000000000000, 0.9238795325112867385, 1.000000000000000000, 0.9238795325112867385, 1.000000000000000000, 0.9238795325112867385, 1.000000000000000000, 0.9238795325112867385, 1.000000000000000000, 0.9238795325112867385, 1.000000000000000000, 0.9238795325112867385, 1.000000000000000000, 0.9238795325112867385, 1.000000000000000000, 0.9238795325112867385, 1.000000000000000000, 0.9238795325112867385, 1.000000000000000000, 0.9238795325112867385, 1.000000000000000000, 0.9238795325112867385, 1.000000000000000000, 0.9238795325112867385, 1.000000000000000000, 0.9238795325112867385, 1.000000000000000000, 0.9238795325112867385, 1.000000000000000000, 0.9238795325112867385, 1.000000000000000000, 0.9238795325112867385, 1.000000000000000000, 0.9238795325112867385, 1.000000000000000000, 0.9238795325112867385, 1.000000000000000000, 0.9238795325112867385, 1.000000000000000000, 0.9238795325112867385, 1.000000000000000000, 0.9238795325112867385, 1.000000000000000000, 0.9238795325112867385, 1.000000000000000000, 0.9238795325112867385, 1.000000000000000000, 0.9238795325112867385, 1.000000000000000000, 0.9238795325112867385, 1.000000000000000000, 0.9238795325112867385, 1.000000000000000000, 0.9238795325112867385, 1.000000000000000000, 0.9238795325112867385, 1.000000000000000000, 0.9238795325112867385, 1.000000000000000000, 0.9238795325112867385, 1.000000000000000000, 0.9238795325112867385, 1.000000000000000000, 0.9238795325112867385, 1.000000000000000000, 0.9238795325112867385, 1.000000000000000000, 0.9238795325112867385, 1.000000000000000000, 0.9238795325112867385, 1.000000000000000000, 0.9238795325112867385, 1.000000000000000000, 0.9238795325112867385, 1.000000000000000000, 0.9238795325112867385, 1.000000000000000000, 0.9238795325112867385, 1.000000000000000000, 0.9238795325112867385, 1.000000000000000000, 0.9238795325112867385, 1.000000000000000000, 0.9238795325112867385, 1.000000000000000000, 0.9238795325112867385, 1.000000000000000000, 0.9238795325112867385, 1.000000000000000000, 0.9238795325112867385, 1.000000000000000000, 0.9238795325112867385, 1.000000000000000000, 0.9238795325112867385, 1.000000000000000000, 0.9238795325112867385, 1.000000000000000000, 0.9238795325112867385, 1.000000000000000000, 0.9238795325112867385, 1.000000000000000000, 0.9238795325112867385, 1.000000000000000000, 0.9238795325112867385, 1.000000000000000000, 0.9238795325112867385, 1.000000000000000000, 0.9238795325112867385, 1.000000000000000000, 0.9238795325112867385, 1.000000000000000000, 0.9238795325112867385, 1.000000000000000000, 0.9238795325112867385, 1.000000000000000000, 0.9238795325112867385, 1.000000000000000000, 0.9238795325112867385, 1.000000000000000000, 0.9661148183634604703, 0.9623977524104334602),
 ( 1.000000000000000000, 0.9238795325112867385, 1.000000000000000000, 0.9238795325112867385, 1.000000000000000000, 0.9238795325112867385, 1.000000000000000000, 0.9238795325112867385, 1.000000000000000000, 0.9238795325112867385, 1.000000000000000000, 0.9238795325112867385, 1.000000000000000000, 0.9238795325112867385, 1.000000000000000000, 0.9238795325112867385, 1.000000000000000000, 0.9238795325112867385, 1.000000000000000000, 0.9238795325112867385, 1.000000000000000000, 0.9238795325112867385, 1.000000000000000000, 0.9238795325112867385, 1.000000000000000000, 0.9238795325112867385, 1.000000000000000000, 0.9238795325112867385, 1.000000000000000000, 0.9238795325112867385, 1.000000000000000000, 0.9238795325112867385, 1.000000000000000000, 0.9238795325112867385, 1.000000000000000000, 0.9238795325112867385, 1.000000000000000000, 0.9238795325112867385, 1.000000000000000000, 0.9238795325112867385, 1.000000000000000000, 0.9238795325112867385, 1.000000000000000000, 0.9238795325112867385, 1.000000000000000000, 0.9238795325112867385, 1.000000000000000000, 0.9238795325112867385, 1.000000000000000000, 0.9238795325112867385, 1.000000000000000000, 0.9238795325112867385, 1.000000000000000000, 0.9238795325112867385, 1.000000000000000000, 0.9238795325112867385, 1.000000000000000000, 0.9238795325112867385, 1.000000000000000000, 0.9238795325112867385, 1.000000000000000000, 0.9238795325112867385, 1.000000000000000000, 0.9238795325112867385, 1.000000000000000000, 0.9238795325112867385, 1.000000000000000000, 0.9238795325112867385, 1.000000000000000000, 0.9238795325112867385, 1.000000000000000000, 0.9238795325112867385, 1.000000000000000000, 0.9238795325112867385, 1.000000000000000000, 0.9238795325112867385, 1.000000000000000000, 0.9238795325112867385, 1.000000000000000000, 0.9238795325112867385, 1.000000000000000000, 0.9238795325112867385, 1.000000000000000000, 0.9238795325112867385, 1.000000000000000000, 0.9238795325112867385, 1.000000000000000000, 0.9238795325112867385, 1.000000000000000000, 0.9238795325112867385, 1.000000000000000000, 0.9238795325112867385, 1.000000000000000000, 0.9238795325112867385, 1.000000000000000000, 0.9238795325112867385, 1.000000000000000000, 0.9238795325112867385, 1.000000000000000000, 0.9238795325112867385, 1.000000000000000000, 0.9238795325112867385, 1.000000000000000000, 0.9238795325112867385, 1.000000000000000000, 0.9238795325112867385, 1.000000000000000000, 0.9238795325112867385, 1.000000000000000000, 0.9238795325112867385, 1.000000000000000000, 0.9238795325112867385, 1.000000000000000000, 0.9238795325112867385, 1.000000000000000000, 0.9238795325112867385, 1.000000000000000000, 0.9238795325112867385, 1.000000000000000000, 0.9238795325112867385, 1.000000000000000000, 0.9238795325112867385, 1.000000000000000000, 0.9238795325112867385, 1.000000000000000000, 0.9238795325112867385, 1.000000000000000000, 0.9238795325112867385, 1.000000000000000000, 0.9238795325112867385, 1.000000000000000000, 0.9238795325112867385, 1.000000000000000000, 0.9238795325112867385, 1.000000000000000000, 0.9238795325112867385, 1.000000000000000000, 0.9661148183634604703, 0.9623977524104334602) ) ) 
 REPRESENTATION_ITEM ( '' )  SURFACE ( )  );
#1417 = CARTESIAN_POINT ( 'NONE',  ( -12.73040085402025490, 6.024935488156316410, -4.769948076970925932 ) ) ;
#1416 = CARTESIAN_POINT ( 'NONE',  ( -10.01875189653953058, 15.00003290545384260, 2.485201931958106236 ) ) ;
#1418 = DIRECTION ( 'NONE',  ( -1.000000000000000000, -0.0000000000000000000, -0.0000000000000000000 ) ) ;
#1419 = VERTEX_POINT ( 'NONE', #4597 ) ;
#1420 = CARTESIAN_POINT ( 'NONE',  ( -8.837401540323773119, 13.72324636757027960, -3.208426832758035196 ) ) ;
#1421 = CARTESIAN_POINT ( 'NONE',  ( -10.42100450546262635, 12.48296340148559125, 4.514505630511117751 ) ) ;
#1422 = CARTESIAN_POINT ( 'NONE',  ( -6.925756325826315951, 11.03444721051043764, 5.334688898580257188 ) ) ;
#1423 = CARTESIAN_POINT ( 'NONE',  ( -7.554668706206175699, 3.295484547876649906, 0.2536173975392652657 ) ) ;
#1425 = CARTESIAN_POINT ( 'NONE',  ( -11.85327899248760986, 3.610905427728291262, -1.887629100177249164 ) ) ;
#1424 = DIRECTION ( 'NONE',  ( -0.0000000000000000000, 1.000000000000000000, -0.0000000000000000000 ) ) ;
#1426 = CARTESIAN_POINT ( 'NONE',  ( -5.000000000000000888, 3.861906968533872053, 4.899999999999959499 ) ) ;
#1427 = EDGE_LOOP ( 'NONE', ( #4013, #5136, #7089, #576, #7834, #6786 ) ) ;
#1428 = CARTESIAN_POINT ( 'NONE',  ( -8.037501896539529511, 12.97314908324318061, -3.973254296355671400 ) ) ;
#1429 = CARTESIAN_POINT ( 'NONE',  ( -9.918936080908382635, 10.23326352912411075, -5.493266078963546128 ) ) ;
#1430 = CARTESIAN_POINT ( 'NONE',  ( -6.000000000000001776, 9.000000000000000000, -7.000000000000000000 ) ) ;
#1431 = FACE_OUTER_BOUND ( 'NONE', #4125, .T. ) ;
#1433 = CARTESIAN_POINT ( 'NONE',  ( -7.756251896539532176, 11.32752206074611578, 5.618924899550870045 ) ) ;
#1432 = CARTESIAN_POINT ( 'NONE',  ( -18.92333960818408300, 4.104435924213833964, -0.2354152119710329338 ) ) ;
#1434 = CARTESIAN_POINT ( 'NONE',  ( -9.712501896539530222, 4.757303139231405353, -4.242584512726213397 ) ) ;
#1435 = ORIENTED_EDGE ( 'NONE', *, *, #5861, .F. ) ;
#1436 = CARTESIAN_POINT ( 'NONE',  ( -9.648566016074072493, 14.70860526593191153, 0.1195875093153802304 ) ) ;
#1437 = CARTESIAN_POINT ( 'NONE',  ( -9.087492248838776376, 7.525496999936202691, -5.433521149113445858 ) ) ;
#1438 = EDGE_CURVE ( 'NONE', #2574, #3440, #3724, .T. ) ;
#1439 = CARTESIAN_POINT ( 'NONE',  ( 4.899999999999998579, 0.1000000000000000056, 4.899999999999998579 ) ) ;
#1440 = CARTESIAN_POINT ( 'NONE',  ( -6.000000000000001776, 9.000000000000000000, 0.0000000000000000000 ) ) ;
#1441 = CARTESIAN_POINT ( 'NONE',  ( -7.107052374016816998, 13.74349690879945918, -3.032442744169658866 ) ) ;
#1442 = CARTESIAN_POINT ( 'NONE',  ( -12.05113424236194852, 3.291345043905141932, 0.09920225590576128849 ) ) ;
#1443 = PRESENTATION_STYLE_ASSIGNMENT (( #5670 ) ) ;
#1444 = VERTEX_POINT ( 'NONE', #4750 ) ;
#1445 = CARTESIAN_POINT ( 'NONE',  ( -7.093751896539528978, 6.514798068041889323, 6.000032905453837273 ) ) ;
#1446 = CARTESIAN_POINT ( 'NONE',  ( -12.09611007786629244, 7.785318381952873068, 5.570962551615645353 ) ) ;
#1447 = CARTESIAN_POINT ( 'NONE',  ( -8.519371174082369436, 3.964184373148353480, 2.691882057826516572 ) ) ;
#1448 = EDGE_CURVE ( 'NONE', #984, #2092, #6039, .T. ) ;
#1449 = CARTESIAN_POINT ( 'NONE',  ( -11.15644943500171848, 6.339498493894894615, 5.043201922716571417 ) ) ;
#1450 = CARTESIAN_POINT ( 'NONE',  ( -6.384429500645460109, 10.55771413346720422, -5.482848182861675745 ) ) ;
#1451 = CARTESIAN_POINT ( 'NONE',  ( -9.833435650018520491, 14.53727642001040365, -1.391484847036420280 ) ) ;
#1452 = CARTESIAN_POINT ( 'NONE',  ( -20.50000000000000000, 9.000000000000000000, 1.000000000000000222 ) ) ;
#1453 = CARTESIAN_POINT ( 'NONE',  ( -4.970761254639462834, 13.98370384573066261, -4.973446464911229548 ) ) ;
#1454 = DIRECTION ( 'NONE',  ( 0.0000000000000000000, 0.0000000000000000000, 1.000000000000000000 ) ) ;
#1456 = CARTESIAN_POINT ( 'NONE',  ( -12.71473163899983305, 9.371611351250619393, -5.689820927598872480 ) ) ;
#1455 = CARTESIAN_POINT ( 'NONE',  ( -8.725001896539529511, 3.000000000525919752, 7.944206261983304126E-05 ) ) ;
#1457 = DIRECTION ( 'NONE',  ( 1.000000000000000000, -0.0000000000000000000, -0.0000000000000000000 ) ) ;
#1458 = DIRECTION ( 'NONE',  ( -0.0000000000000000000, -1.000000000000000000, -0.0000000000000000000 ) ) ;
#1459 = CARTESIAN_POINT ( 'NONE',  ( -7.584825239291501653, 7.354459929570468013, 5.467871425651370743 ) ) ;
#1460 = EDGE_CURVE ( 'NONE', #225, #5739, #5382, .T. ) ;
#1461 = CARTESIAN_POINT ( 'NONE',  ( -10.56827388682626179, 12.48009146154559623, 4.516720946906586320 ) ) ;
#1462 =( GEOMETRIC_REPRESENTATION_CONTEXT ( 3 ) GLOBAL_UNCERTAINTY_ASSIGNED_CONTEXT ( ( #7650 ) ) GLOBAL_UNIT_ASSIGNED_CONTEXT ( ( #6176, #1226, #6626 ) ) REPRESENTATION_CONTEXT ( 'NONE', 'WORKASPACE' ) );
#1463 = DIRECTION ( 'NONE',  ( 0.0000000000000000000, 0.0000000000000000000, -1.000000000000000000 ) ) ;
#1464 = CARTESIAN_POINT ( 'NONE',  ( -7.271220752463019465, 11.04856097300103990, -5.329509166915119778 ) ) ;
#1465 = CARTESIAN_POINT ( 'NONE',  ( -7.786602141973644642, 9.536495259118410672, 5.685061472832202867 ) ) ;
#1466 = CARTESIAN_POINT ( 'NONE',  ( -13.00000000000000000, 7.002267399831655581, 5.337542236296917153 ) ) ;
#1468 = CARTESIAN_POINT ( 'NONE',  ( -12.06120082140063232, 4.345568472341127197, 3.167199909557143034 ) ) ;
#1467 = CARTESIAN_POINT ( 'NONE',  ( -9.487501896539530577, 13.24258451272621073, -4.242696860768593758 ) ) ;
#1469 = CARTESIAN_POINT ( 'NONE',  ( -5.011849937885276773, 4.053821774976359649, 4.927103879294638666 ) ) ;
#1470 = ORIENTED_EDGE ( 'NONE', *, *, #4470, .F. ) ;
#1471 = AXIS2_PLACEMENT_3D ( 'NONE', #6120, #569, #3041 ) ;
#1472 = CARTESIAN_POINT ( 'NONE',  ( 6.123233995736766036E-17, -3.999999999999999112, -0.5000000000000000000 ) ) ;
#1473 = CARTESIAN_POINT ( 'NONE',  ( -10.01906176306794549, 9.190447570209334671, -5.706936851416605450 ) ) ;
#1474 = AXIS2_PLACEMENT_3D ( 'NONE', #5273, #1589, #7730 ) ;
#1475 = CARTESIAN_POINT ( 'NONE',  ( -11.51250189653953093, 4.757303139231405353, -4.242584512726213397 ) ) ;
#1476 = CARTESIAN_POINT ( 'NONE',  ( -13.14322709797819222, 7.772629668887964804, 5.576735977623444640 ) ) ;
#1477 = ORIENTED_EDGE ( 'NONE', *, *, #4052, .T. ) ;
#1478 = CARTESIAN_POINT ( 'NONE',  ( -9.710149656961343467, 14.22874001060342408, -2.274172436847036849 ) ) ;
#1479 = CARTESIAN_POINT ( 'NONE',  ( -9.041453323065198333, 6.500516461277982216, -5.134011957345084198 ) ) ;
#1480 = LINE ( 'NONE', #2855, #332 ) ;
#1481 = FACE_OUTER_BOUND ( 'NONE', #885, .T. ) ;
#1482 = CARTESIAN_POINT ( 'NONE',  ( -6.952470023174628366, 14.70995457774350434, -0.05261793078761303061 ) ) ;
#1483 = CARTESIAN_POINT ( 'NONE',  ( -12.75808101389465676, 7.621965430916345596, -5.540733461823389661 ) ) ;
#1484 =( LENGTH_UNIT ( ) NAMED_UNIT ( * ) SI_UNIT ( .MILLI., .METRE. ) );
#1485 = VECTOR ( 'NONE', #3974, 1000.000000000000000 ) ;
#1486 = ORIENTED_EDGE ( 'NONE', *, *, #263, .T. ) ;
#1487 = CARTESIAN_POINT ( 'NONE',  ( -12.70625189653953058, 6.672477939253883328, -5.618924899550870933 ) ) ;
#1488 = EDGE_CURVE ( 'NONE', #7930, #1793, #2931, .T. ) ;
#1489 = CARTESIAN_POINT ( 'NONE',  ( -12.24107540521364434, 13.10094397414929190, 3.973211285847307650 ) ) ;
#1490 = CARTESIAN_POINT ( 'NONE',  ( -8.563623266954824231, 5.032433344479034787, 4.106763445126237144 ) ) ;
#1491 = AXIS2_PLACEMENT_3D ( 'NONE', #1353, #3304, #5778 ) ;
#1492 = CARTESIAN_POINT ( 'NONE',  ( -11.27563887614686244, 8.022921063738413849, 5.544339359683304380 ) ) ;
#1493 = CARTESIAN_POINT ( 'NONE',  ( -6.042269141313791003, 11.01775352296377442, -5.543953606620270591 ) ) ;
#1494 = CARTESIAN_POINT ( 'NONE',  ( -6.336897522578643027, 6.660672692164507858, -5.208937904678799136 ) ) ;
#1495 = CARTESIAN_POINT ( 'NONE',  ( -10.52388694432324456, 10.96650464252107149, 5.360061103736666333 ) ) ;
#1496 = CARTESIAN_POINT ( 'NONE',  ( 4.999999999999999112, 14.90000000000000036, 4.999999999999999112 ) ) ;
#1497 = DIRECTION ( 'NONE',  ( 0.0000000000000000000, 0.0000000000000000000, 1.000000000000000000 ) ) ;
#1499 = CARTESIAN_POINT ( 'NONE',  ( -12.74043010795821473, 8.309835633759778517, -5.668258482442261048 ) ) ;
#1498 = CARTESIAN_POINT ( 'NONE',  ( -9.118751896539530222, 15.00003290545384260, 2.485201931958106236 ) ) ;
#1500 = CARTESIAN_POINT ( 'NONE',  ( -5.000000000000001776, 9.000000000000000000, 0.0000000000000000000 ) ) ;
#1501 = EDGE_CURVE ( 'NONE', #926, #7378, #2263, .T. ) ;
#1502 = CARTESIAN_POINT ( 'NONE',  ( -7.805087892933840976, 14.41183858987728073, 1.821137217430576882 ) ) ;
#1503 = CARTESIAN_POINT ( 'NONE',  ( -10.54153763264583255, 14.69547333661668098, 0.4090622754443167253 ) ) ;
#1504 = CIRCLE ( 'NONE', #986, 6.899999999999999467 ) ;
#1505 = CARTESIAN_POINT ( 'NONE',  ( -11.85000189653953129, 9.000079442062618895, 5.999999999474079360 ) ) ;
#1506 = CARTESIAN_POINT ( 'NONE',  ( -6.882248244009662841, 9.359225791565334518, 5.698161668376100941 ) ) ;
#1507 = CARTESIAN_POINT ( 'NONE',  ( -7.695799881790920338, 8.826190477854250815, 5.619001576768827277 ) ) ;
#1508 = CARTESIAN_POINT ( 'NONE',  ( -9.625001896539529866, 3.000000000525919752, 7.944206261983304126E-05 ) ) ;
#1509 = CARTESIAN_POINT ( 'NONE',  ( -12.07104366225987668, 3.371040186509435266, 0.9094495568320898338 ) ) ;
#1510 = ORIENTED_EDGE ( 'NONE', *, *, #7811, .T. ) ;
#1511 = CARTESIAN_POINT ( 'NONE',  ( -5.000000000000001776, 0.09999999999999939493, -5.000000000000000888 ) ) ;
#1512 = EDGE_CURVE ( 'NONE', #1396, #7162, #6691, .T. ) ;
#1513 = AXIS2_PLACEMENT_3D ( 'NONE', #4832, #7938, #1682 ) ;
#1514 = ORIENTED_EDGE ( 'NONE', *, *, #7462, .T. ) ;
#1515 = CARTESIAN_POINT ( 'NONE',  ( -9.858262220156918332, 14.21716567587477620, -2.300774901869282019 ) ) ;
#1517 = CARTESIAN_POINT ( 'NONE',  ( -6.743751896539530222, 6.672626733064500826, 5.618986531965226128 ) ) ;
#1516 = DIRECTION ( 'NONE',  ( 0.0000000000000000000, -0.0000000000000000000, -1.000000000000000000 ) ) ;
#1518 = CARTESIAN_POINT ( 'NONE',  ( -4.960507073500471265, 14.98117308628651934, -3.670535589042452251 ) ) ;
#1519 = ORIENTED_EDGE ( 'NONE', *, *, #3299, .F. ) ;
#1520 = AXIS2_PLACEMENT_3D ( 'NONE', #2173, #7698, #7085 ) ;
#1521 = PRESENTATION_STYLE_ASSIGNMENT (( #5320 ) ) ;
#1522 = CARTESIAN_POINT ( 'NONE',  ( -10.09833506248535073, 3.291479754560545423, -0.1292430247982473135 ) ) ;
#1523 = CARTESIAN_POINT ( 'NONE',  ( -9.105923827174212448, 6.857001226908100655, -5.206233600248579840 ) ) ;
#1524 = CARTESIAN_POINT ( 'NONE',  ( -5.000000000000001776, 15.09999999999999964, -3.224903099319424538 ) ) ;
#1525 = DIRECTION ( 'NONE',  ( 0.0000000000000000000, 0.0000000000000000000, -1.000000000000000000 ) ) ;
#1526 = CARTESIAN_POINT ( 'NONE',  ( -7.006162495282170610, 14.29609612307534761, -2.134745526533257554 ) ) ;
#1527 = CARTESIAN_POINT ( 'NONE',  ( -12.82803090152809666, 5.211842518145877179, -4.271765632849826133 ) ) ;
#1528 = DIRECTION ( 'NONE',  ( 0.0000000000000000000, 0.0000000000000000000, 1.000000000000000000 ) ) ;
#1529 = ORIENTED_EDGE ( 'NONE', *, *, #6658, .T. ) ;
#1530 = CARTESIAN_POINT ( 'NONE',  ( -13.26875189653952880, 14.61898653196522524, 2.327373266935493845 ) ) ;
#1531 = CARTESIAN_POINT ( 'NONE',  ( -12.40854178843563993, 14.26092092585733440, -2.220028683868599195 ) ) ;
#1532 = CARTESIAN_POINT ( 'NONE',  ( -11.54514398513778239, 14.31501675339479540, 2.087748110546377767 ) ) ;
#1533 = DIRECTION ( 'NONE',  ( -0.0000000000000000000, 1.000000000000000000, -0.0000000000000000000 ) ) ;
#1534 = CARTESIAN_POINT ( 'NONE',  ( -6.308571768743808761, 10.61610504712689185, -5.382211121073854798 ) ) ;
#1535 = CARTESIAN_POINT ( 'NONE',  ( -10.35210233363048715, 4.703138117645107918, 3.759577597476249533 ) ) ;
#1536 = CARTESIAN_POINT ( 'NONE',  ( -12.99999999999999822, 3.485596241001000628, 1.564509669395909741 ) ) ;
#1537 = DIRECTION ( 'NONE',  ( -0.0000000000000000000, -1.000000000000000000, -0.0000000000000000000 ) ) ;
#1538 = CARTESIAN_POINT ( 'NONE',  ( -8.162501896539529511, 13.24269686076859287, 4.242584512726212509 ) ) ;
#1539 = CYLINDRICAL_SURFACE ( 'NONE', #72, 6.000000000000000000 ) ;
#1540 = VERTEX_POINT ( 'NONE', #4032 ) ;
#1541 = CARTESIAN_POINT ( 'NONE',  ( -19.80000000000000071, 13.81663783151691760, -0.9000000000000003553 ) ) ;
#1542 = CARTESIAN_POINT ( 'NONE',  ( -8.007301564881467826, 11.63417352747192979, -5.065990907808650690 ) ) ;
#1543 = CARTESIAN_POINT ( 'NONE',  ( -10.78712563186564921, 13.67044664126101061, -3.285706865888494477 ) ) ;
#1544 = FILL_AREA_STYLE ('',( #254 ) ) ;
#1545 = EDGE_CURVE ( 'NONE', #4290, #1180, #3228, .T. ) ;
#1546 = CARTESIAN_POINT ( 'NONE',  ( -8.065200112326319726, 14.10974134734990137, -2.547447112132774194 ) ) ;
#1547 = CARTESIAN_POINT ( 'NONE',  ( -7.876895626875746181, 12.75350834372994058, 4.303156452794643094 ) ) ;
#1548 = CARTESIAN_POINT ( 'NONE',  ( -6.433408893880502077, 11.05204980905178402, -5.638181584622294906 ) ) ;
#1550 = CARTESIAN_POINT ( 'NONE',  ( -11.93736560431200466, 3.482267791858298711, 1.437657810841008743 ) ) ;
#1549 = CARTESIAN_POINT ( 'NONE',  ( -9.656251896539531643, 6.514639183916651533, -5.999967093494321446 ) ) ;
#1551 = VERTEX_POINT ( 'NONE', #6413 ) ;
#1552 = CARTESIAN_POINT ( 'NONE',  ( 4.899999999999996803, 14.90000000000000036, -4.900000000000000355 ) ) ;
#1553 = ORIENTED_EDGE ( 'NONE', *, *, #30, .T. ) ;
#1554 = DIRECTION ( 'NONE',  ( 0.0000000000000000000, -1.000000000000000000, 0.0000000000000000000 ) ) ;
#1555 = CARTESIAN_POINT ( 'NONE',  ( -9.896229428190890687, 11.06344200019804092, -5.229271113543075167 ) ) ;
#1556 = EDGE_CURVE ( 'NONE', #1356, #6981, #3981, .T. ) ;
#1557 = LINE ( 'NONE', #1430, #4367 ) ;
#1559 = CARTESIAN_POINT ( 'NONE',  ( -12.30000189653953058, 8.999920557937377552, -5.999999999474079360 ) ) ;
#1558 = LINE ( 'NONE', #2725, #3859 ) ;
#1560 = CARTESIAN_POINT ( 'NONE',  ( -4.900000000000002132, 15.00000000000000178, -3.224903099319424538 ) ) ;
#1561 = EDGE_LOOP ( 'NONE', ( #1486, #4881 ) ) ;
#1562 = CARTESIAN_POINT ( 'NONE',  ( -10.18685426466824318, 4.264383608302635409, 3.190585262964159785 ) ) ;
#1563 = UNCERTAINTY_MEASURE_WITH_UNIT (LENGTH_MEASURE( 1.000000000000000082E-05 ), #3338, 'distance_accuracy_value', 'NONE');
#1564 = DIRECTION ( 'NONE',  ( 0.0000000000000000000, 0.0000000000000000000, 1.000000000000000000 ) ) ;
#1565 = CARTESIAN_POINT ( 'NONE',  ( -4.900000000000001243, 0.09999999999999939493, -5.000000000000000888 ) ) ;
#1566 = CARTESIAN_POINT ( 'NONE',  ( -6.978707621979248543, 14.60151446550463916, -1.108981874370854381 ) ) ;
#1567 = CARTESIAN_POINT ( 'NONE',  ( -12.55134939945901706, 14.32656478640838138, -2.055971580353227690 ) ) ;
#1568 = CARTESIAN_POINT ( 'NONE',  ( -4.000000000000000000, -3.999999999999999112, 4.599999999999999645 ) ) ;
#1569 = ORIENTED_EDGE ( 'NONE', *, *, #1242, .T. ) ;
#1570 = CARTESIAN_POINT ( 'NONE',  ( -11.80625189653952845, 6.672477939253883328, -5.618924899550870933 ) ) ;
#1571 = CARTESIAN_POINT ( 'NONE',  ( -12.16110162665340511, 10.39275667624454691, 5.537395166868145147 ) ) ;
#1572 = CARTESIAN_POINT ( 'NONE',  ( -8.491830259948990545, 3.550820092093516234, 1.707275532008159180 ) ) ;
#1573 = CARTESIAN_POINT ( 'NONE',  ( -6.282908840651835192, 8.725152389187455171, -5.695325043830164802 ) ) ;
#1574 = CARTESIAN_POINT ( 'NONE',  ( -10.11069984681001799, 5.761037463808113657, -4.702067806446779130 ) ) ;
#1575 = CARTESIAN_POINT ( 'NONE',  ( -13.00000000000000178, 9.000000000000000000, 0.5000000000000002220 ) ) ;
#1576 = DIRECTION ( 'NONE',  ( 1.000000000000000000, -0.0000000000000000000, -0.0000000000000000000 ) ) ;
#1577 = CARTESIAN_POINT ( 'NONE',  ( -8.443751896539529511, 11.48520193195810712, -6.000032905453839938 ) ) ;
#1578 = LINE ( 'NONE', #897, #577 ) ;
#1579 = ORIENTED_EDGE ( 'NONE', *, *, #6111, .T. ) ;
#1580 = CARTESIAN_POINT ( 'NONE',  ( -7.857347517361895406, 14.70443638310843149, -0.2550644013752236261 ) ) ;
#1581 = CARTESIAN_POINT ( 'NONE',  ( -10.74802027900465440, 12.65972680609838719, -4.267298699841415299 ) ) ;
#1582 = CARTESIAN_POINT ( 'NONE',  ( -7.908972728743159486, 13.64041916539772892, 3.326265017633109000 ) ) ;
#1583 = CARTESIAN_POINT ( 'NONE',  ( -7.613492213886758897, 8.470664901135686264, 5.677317628909749558 ) ) ;
#1584 = CARTESIAN_POINT ( 'NONE',  ( -9.512501896539529156, 4.757303139231405353, -4.242584512726213397 ) ) ;
#1585 = TOROIDAL_SURFACE ( 'NONE', #169, 6.899999999999999467, 0.1000000000000000056 ) ;
#1587 = CARTESIAN_POINT ( 'NONE',  ( -11.99740918516599564, 3.450554181412265997, 0.8984292496054180344 ) ) ;
#1586 = CARTESIAN_POINT ( 'NONE',  ( -10.10625189653953093, 11.48536081608334491, 5.999967093494319670 ) ) ;
#1588 = EDGE_LOOP ( 'NONE', ( #5520, #7888, #7617, #4671 ) ) ;
#1589 = DIRECTION ( 'NONE',  ( 0.0000000000000000000, -1.000000000000000000, 0.0000000000000000000 ) ) ;
#1590 = EDGE_LOOP ( 'NONE', ( #2924, #2123 ) ) ;
#1591 = DIRECTION ( 'NONE',  ( 0.0000000000000000000, 0.0000000000000000000, 1.000000000000000000 ) ) ;
#1592 = CARTESIAN_POINT ( 'NONE',  ( -9.970420544198116630, 5.532316374399496084, -4.536764929789980805 ) ) ;
#1593 = CARTESIAN_POINT ( 'NONE',  ( -4.994019654017341381, 14.93931429783792808, 3.831821699979252482 ) ) ;
#1595 = CARTESIAN_POINT ( 'NONE',  ( -13.03125189653952987, 14.99996709349432145, -2.485360816083348023 ) ) ;
#1594 = FACE_OUTER_BOUND ( 'NONE', #6248, .T. ) ;
#1596 = AXIS2_PLACEMENT_3D ( 'NONE', #7584, #2592, #4423 ) ;
#1597 = ORIENTED_EDGE ( 'NONE', *, *, #3534, .F. ) ;
#1598 = EDGE_CURVE ( 'NONE', #5279, #4608, #2415, .T. ) ;
#1599 = CARTESIAN_POINT ( 'NONE',  ( -7.800000098502366086, 8.999999999999998224, -5.999999999999998224 ) ) ;
#1600 = CARTESIAN_POINT ( 'NONE',  ( -8.880290871612658066, 12.52563413074324572, -4.481231660768397518 ) ) ;
#1601 = CARTESIAN_POINT ( 'NONE',  ( -9.527922486841056582, 7.196114039183328259, 5.417836513566102852 ) ) ;
#1602 = VERTEX_POINT ( 'NONE', #3287 ) ;
#1603 = CARTESIAN_POINT ( 'NONE',  ( -12.75000009850236538, 9.000000000000000000, 5.999999999999998224 ) ) ;
#1604 = DIRECTION ( 'NONE',  ( 0.0000000000000000000, 0.0000000000000000000, 1.000000000000000000 ) ) ;
#1605 = CARTESIAN_POINT ( 'NONE',  ( -7.421676167800182355, 5.408955077951712376, -4.439837242659449679 ) ) ;
#1606 = DIRECTION ( 'NONE',  ( 0.0000000000000000000, -1.000000000000000000, 0.0000000000000000000 ) ) ;
#1607 = AXIS2_PLACEMENT_3D ( 'NONE', #7477, #2598, #1981 ) ;
#1608 = ORIENTED_EDGE ( 'NONE', *, *, #7156, .F. ) ;
#1609 = CARTESIAN_POINT ( 'NONE',  ( -7.037501896539529511, 4.757415487273787491, 4.242696860768592870 ) ) ;
#1610 = CARTESIAN_POINT ( 'NONE',  ( -11.44758577902671881, 14.70767207624774287, 0.1603316646871087159 ) ) ;
#1611 = CARTESIAN_POINT ( 'NONE',  ( -8.451644189097741844, 6.171997025887711708, 4.960709788195700298 ) ) ;
#1612 = AXIS2_PLACEMENT_3D ( 'NONE', #2182, #7184, #327 ) ;
#1613 = LINE ( 'NONE', #324, #5128 ) ;
#1614 = CARTESIAN_POINT ( 'NONE',  ( -6.481149554066906404, 4.528910076304610399, -3.407774771656848500 ) ) ;
#1615 = CARTESIAN_POINT ( 'NONE',  ( -9.954336658012323369, 11.64537610387110789, -5.059700112718841680 ) ) ;
#1616 = CARTESIAN_POINT ( 'NONE',  ( -6.000000000000001776, 9.000000000000000000, 0.0000000000000000000 ) ) ;
#1617 = DIRECTION ( 'NONE',  ( -1.000000000000000000, 0.0000000000000000000, 0.0000000000000000000 ) ) ;
#1618 = DIRECTION ( 'NONE',  ( 0.0000000000000000000, -1.000000000000000000, 0.0000000000000000000 ) ) ;
#1619 = CARTESIAN_POINT ( 'NONE',  ( -5.000000000000001776, 3.861906968533890705, 4.899999999999941735 ) ) ;
#1620 = ORIENTED_EDGE ( 'NONE', *, *, #7271, .T. ) ;
#1621 = DIRECTION ( 'NONE',  ( 0.0000000000000000000, -1.000000000000000000, 0.0000000000000000000 ) ) ;
#1622 = CARTESIAN_POINT ( 'NONE',  ( -7.901665024092482170, 14.35856794210571685, -1.971871773420026397 ) ) ;
#1623 = CARTESIAN_POINT ( 'NONE',  ( -10.89414361616311488, 10.19207681403042010, -5.584397882409134262 ) ) ;
#1624 = CARTESIAN_POINT ( 'NONE',  ( -20.50000000000000000, 9.000000000000000000, 0.0000000000000000000 ) ) ;
#1625 = CARTESIAN_POINT ( 'NONE',  ( -7.598963493640035871, 3.640884315646111702, 1.969325521082556874 ) ) ;
#1626 = AXIS2_PLACEMENT_3D ( 'NONE', #6062, #5364, #1681 ) ;
#1627 = CARTESIAN_POINT ( 'NONE',  ( -7.682743302870748359, 8.302828237500715858, 5.578260390305213257 ) ) ;
#1629 = CARTESIAN_POINT ( 'NONE',  ( -12.09460568387209811, 7.724330270174084134, 5.565800925631330109 ) ) ;
#1628 = CARTESIAN_POINT ( 'NONE',  ( -8.700001896539530932, 8.999920557937377552, -5.999999999474079360 ) ) ;
#1630 = ORIENTED_EDGE ( 'NONE', *, *, #3139, .F. ) ;
#1631 = DIRECTION ( 'NONE',  ( 0.0000000000000000000, 0.0000000000000000000, 1.000000000000000000 ) ) ;
#1632 = ORIENTED_EDGE ( 'NONE', *, *, #2729, .F. ) ;
#1633 =( BOUNDED_CURVE ( )  B_SPLINE_CURVE ( 2, ( #6113, #3075, #560, #3034, #2429, #1814, #5544, #8, #2469, #843, #7007 ),
 .UNSPECIFIED., .F., .T. ) 
 B_SPLINE_CURVE_WITH_KNOTS ( ( 3, 2, 2, 2, 2, 3 ),
 ( 0.1666669200976300114, 0.1805555555555555525, 0.1944444444444444475, 0.2083333333333333426, 0.2222222222222222099, 0.2222224624905559942 ),
 .UNSPECIFIED. ) 
 CURVE ( )  GEOMETRIC_REPRESENTATION_ITEM ( )  RATIONAL_B_SPLINE_CURVE ( ( 0.9999972221058786026, 0.9238809214836920525, 1.000000000000000000, 0.9238795325112867385, 1.000000000000000000, 0.9238795325112867385, 1.000000000000000000, 0.9238795325112867385, 1.000000000000000000, 0.9999986831676719312, 0.9999973663809044178 ) ) 
 REPRESENTATION_ITEM ( '' )  );
#1634 = CARTESIAN_POINT ( 'NONE',  ( -7.968751896539529866, 2.999967094546160951, -2.485201931958109345 ) ) ;
#1635 = CARTESIAN_POINT ( 'NONE',  ( -10.09046268849460937, 6.446331023447513076, -5.098148286738908297 ) ) ;
#1636 = VERTEX_POINT ( 'NONE', #5764 ) ;
#1638 = CARTESIAN_POINT ( 'NONE',  ( -13.59375189653953164, 6.514798068041888435, 6.000032905453838161 ) ) ;
#1637 = DIRECTION ( 'NONE',  ( 0.0000000000000000000, 0.0000000000000000000, -1.000000000000000000 ) ) ;
#1639 = DIRECTION ( 'NONE',  ( 0.0000000000000000000, 0.0000000000000000000, 1.000000000000000000 ) ) ;
#1640 = ORIENTED_EDGE ( 'NONE', *, *, #4905, .F. ) ;
#1641 = DIRECTION ( 'NONE',  ( 0.0000000000000000000, 0.0000000000000000000, -1.000000000000000000 ) ) ;
#1642 = CARTESIAN_POINT ( 'NONE',  ( -9.292780893601033654, 3.424314188455125585, 0.7177934332361716185 ) ) ;
#1643 = VECTOR ( 'NONE', #2098, 1000.000000000000000 ) ;
#1644 = CARTESIAN_POINT ( 'NONE',  ( -6.615817272514788350, 3.452291696072411487, -1.316484802418705247 ) ) ;
#1645 = DIRECTION ( 'NONE',  ( 0.0000000000000000000, -0.0000000000000000000, -1.000000000000000000 ) ) ;
#1646 = CARTESIAN_POINT ( 'NONE',  ( -7.274020721112091969, 10.94382301032284310, -5.360352300992737185 ) ) ;
#1647 = EDGE_CURVE ( 'NONE', #2365, #640, #2065, .T. ) ;
#1648 = CARTESIAN_POINT ( 'NONE',  ( -12.94010896353687379, 3.301707744960665103, -0.3592857089921072666 ) ) ;
#1649 =( NAMED_UNIT ( * ) PLANE_ANGLE_UNIT ( ) SI_UNIT ( $, .RADIAN. ) );
#1650 = CARTESIAN_POINT ( 'NONE',  ( -12.85653469332317123, 4.416156292051609533, -3.405138382150048493 ) ) ;
#1651 = CIRCLE ( 'NONE', #3467, 1.000000000000000222 ) ;
#1652 = AXIS2_PLACEMENT_3D ( 'NONE', #7340, #1047, #3612 ) ;
#1653 = CARTESIAN_POINT ( 'NONE',  ( -11.46875189653952987, 14.61898653196522524, 2.327373266935493845 ) ) ;
#1654 = CARTESIAN_POINT ( 'NONE',  ( -11.29776351380209576, 11.71785037821837783, 5.021882012908885251 ) ) ;
#1655 = CARTESIAN_POINT ( 'NONE',  ( -8.506210813640272761, 8.179497111179218294, 5.642616676711566193 ) ) ;
#1656 = CARTESIAN_POINT ( 'NONE',  ( -4.899999997626339088, 15.00000000000000178, 3.292538949812887861 ) ) ;
#1657 = CARTESIAN_POINT ( 'NONE',  ( -6.725534278414365907, 4.082110356625483938, 2.901700316380220190 ) ) ;
#1658 = EDGE_CURVE ( 'NONE', #3560, #3440, #3334, .T. ) ;
#1659 = CARTESIAN_POINT ( 'NONE',  ( -10.32614986599009299, 4.094952118317947587, 2.922217771764057392 ) ) ;
#1660 = CARTESIAN_POINT ( 'NONE',  ( -13.00000000000000711, 3.339171974252685082, -1.228245188047335512 ) ) ;
#1661 = CARTESIAN_POINT ( 'NONE',  ( -8.756251896539529511, 6.514639183916653309, -5.999967093494320558 ) ) ;
#1662 = CARTESIAN_POINT ( 'NONE',  ( -13.28125189653952809, 3.000032906505681662, 2.485360816083349356 ) ) ;
#1663 = VERTEX_POINT ( 'NONE', #6117 ) ;
#1664 = CARTESIAN_POINT ( 'NONE',  ( -6.650163340891513286, 11.05204992168750877, -5.638181543627544201 ) ) ;
#1665 = CARTESIAN_POINT ( 'NONE',  ( -7.029317340775769196, 13.89467258182058629, -2.940189491869557248 ) ) ;
#1666 = CARTESIAN_POINT ( 'NONE',  ( -10.66575634676653017, 12.97344269280265827, -4.089489845790805767 ) ) ;
#1667 = CARTESIAN_POINT ( 'NONE',  ( -5.100000000000001421, 14.06572552398068865, -4.830985915492879812 ) ) ;
#1668 = CARTESIAN_POINT ( 'NONE',  ( -8.038668537813791204, 14.48387779033501133, -1.588964849883996555 ) ) ;
#1669 = CARTESIAN_POINT ( 'NONE',  ( -8.069874458448236254, 11.96919146718862415, -4.783276130414810368 ) ) ;
#1670 = DIRECTION ( 'NONE',  ( 0.0000000000000000000, 0.0000000000000000000, 1.000000000000000000 ) ) ;
#1671 = CARTESIAN_POINT ( 'NONE',  ( -6.562501896539530755, 13.24269686076859287, 4.242584512726212509 ) ) ;
#1672 = ORIENTED_EDGE ( 'NONE', *, *, #1448, .F. ) ;
#1673 = CARTESIAN_POINT ( 'NONE',  ( -6.340309373190617492, 10.94073644508631027, -5.332341709368829896 ) ) ;
#1674 = EDGE_LOOP ( 'NONE', ( #1597, #6813, #704, #5300 ) ) ;
#1675 = CARTESIAN_POINT ( 'NONE',  ( -10.03609878623328378, 8.483927672466862191, -5.686748087963675147 ) ) ;
#1676 = CARTESIAN_POINT ( 'NONE',  ( 0.0000000000000000000, 0.5000000000000004441, 0.0000000000000000000 ) ) ;
#1677 = ORIENTED_EDGE ( 'NONE', *, *, #40, .T. ) ;
#1678 = CARTESIAN_POINT ( 'NONE',  ( -3.999999999999996447, 0.5000000000000004441, -4.000000000000000000 ) ) ;
#1679 = CARTESIAN_POINT ( 'NONE',  ( -9.214685804849739981, 3.324734858038848717, 0.5509946660325185652 ) ) ;
#1680 = CARTESIAN_POINT ( 'NONE',  ( -11.39616223702793008, 12.48016206421245400, 4.414921244897461960 ) ) ;
#1681 = DIRECTION ( 'NONE',  ( 0.0000000000000000000, 0.0000000000000000000, 1.000000000000000000 ) ) ;
#1682 = DIRECTION ( 'NONE',  ( 0.0000000000000000000, 0.0000000000000000000, 1.000000000000000000 ) ) ;
#1683 = CARTESIAN_POINT ( 'NONE',  ( -10.21875189653953342, 15.00003290545384260, 2.485201931958106236 ) ) ;
#1684 = SURFACE_STYLE_FILL_AREA ( #3814 ) ;
#1685 = CARTESIAN_POINT ( 'NONE',  ( -12.82203577621957535, 5.397659958007740677, -4.430667253120637028 ) ) ;
#1686 = ORIENTED_EDGE ( 'NONE', *, *, #6757, .T. ) ;
#1687 = CARTESIAN_POINT ( 'NONE',  ( -11.13125189653952951, 3.381075100449129511, 2.327522060746118893 ) ) ;
#1688 = EDGE_CURVE ( 'NONE', #7407, #2773, #5655, .T. ) ;
#1689 = CARTESIAN_POINT ( 'NONE',  ( -11.61480963660709520, 11.37202868312411397, -5.193848169526821934 ) ) ;
#1690 = CARTESIAN_POINT ( 'NONE',  ( -8.705910875052691011, 10.29545518553440253, 5.561229387015709236 ) ) ;
#1691 = CARTESIAN_POINT ( 'NONE',  ( -7.293750843279521945, 6.514765161716677966, 5.999999999999998224 ) ) ;
#1692 = CARTESIAN_POINT ( 'NONE',  ( -5.019030472222203443, 14.87652043378338185, 3.796362941246566258 ) ) ;
#1693 = CARTESIAN_POINT ( 'NONE',  ( -6.550380838371848036, 4.575956410929348017, -3.597172942480268976 ) ) ;
#1694 = CARTESIAN_POINT ( 'NONE',  ( -11.14549150014933510, 3.292247647933184584, -0.1372771260839932006 ) ) ;
#1695 = CARTESIAN_POINT ( 'NONE',  ( -13.00000000000000000, 3.754287527171061178, -2.579516183307498878 ) ) ;
#1696 = CARTESIAN_POINT ( 'NONE',  ( -8.700001896539530932, 8.999920557937377552, -5.999999999474079360 ) ) ;
#1697 = CARTESIAN_POINT ( 'NONE',  ( -20.51900633391836948, 4.130688099409157488, -0.5538884478745000894 ) ) ;
#1698 = CARTESIAN_POINT ( 'NONE',  ( -11.65000189653953022, 9.000079442062618895, 5.999999999474078471 ) ) ;
#1699 = ORIENTED_EDGE ( 'NONE', *, *, #3645, .F. ) ;
#1700 = EDGE_CURVE ( 'NONE', #2511, #1307, #476, .T. ) ;
#1701 = FACE_OUTER_BOUND ( 'NONE', #945, .T. ) ;
#1702 = CARTESIAN_POINT ( 'NONE',  ( -6.790905735799319665, 11.48024518815379480, 5.143045904426501558 ) ) ;
#1703 = CARTESIAN_POINT ( 'NONE',  ( -10.79597423442603521, 13.45743344968736643, -3.568871351127890890 ) ) ;
#1704 = CARTESIAN_POINT ( 'NONE',  ( 3.999999999999996447, -3.999999999999999112, -4.599999999999997868 ) ) ;
#1705 = CARTESIAN_POINT ( 'NONE',  ( -7.625402270955737194, 4.080089612450974457, 2.896997039697242649 ) ) ;
#1706 = CARTESIAN_POINT ( 'NONE',  ( -8.064076579668208566, 14.12971296960045109, -2.508566050676896531 ) ) ;
#1707 = CARTESIAN_POINT ( 'NONE',  ( -12.26820644064977905, 8.773228789201246158, 5.705887100464456907 ) ) ;
#1708 = EDGE_LOOP ( 'NONE', ( #4281, #5547, #2533, #3619 ) ) ;
#1709 = CYLINDRICAL_SURFACE ( 'NONE', #1214, 0.5000000000000000000 ) ;
#1710 = EDGE_CURVE ( 'NONE', #3525, #5122, #3454, .T. ) ;
#1711 = CARTESIAN_POINT ( 'NONE',  ( -10.06974152472520245, 4.813713055282180520, -3.764273677207041757 ) ) ;
#1712 = DIRECTION ( 'NONE',  ( 0.0000000000000000000, 1.005636797667714286E-15, 1.000000000000000000 ) ) ;
#1714 = CARTESIAN_POINT ( 'NONE',  ( -11.65218073570101964, 14.31542106277721516, -2.086244216430048315 ) ) ;
#1713 = CARTESIAN_POINT ( 'NONE',  ( -5.020781777242663502, 15.04118550475916294, 3.463904893071955815 ) ) ;
#1715 = ORIENTED_EDGE ( 'NONE', *, *, #6666, .T. ) ;
#1716 = FACE_OUTER_BOUND ( 'NONE', #1982, .T. ) ;
#1717 = CARTESIAN_POINT ( 'NONE',  ( -9.447777155378455305, 4.588519974701913640, 3.625510546228872144 ) ) ;
#1718 = VERTEX_POINT ( 'NONE', #1171 ) ;
#1719 = CARTESIAN_POINT ( 'NONE',  ( -11.32252748845639445, 12.53126349407103923, 4.476826354614279246 ) ) ;
#1720 = CARTESIAN_POINT ( 'NONE',  ( -6.408739065709984750, 9.617397613934784317, -5.675949505481219681 ) ) ;
#1721 = CARTESIAN_POINT ( 'NONE',  ( -10.38750189653953093, 13.24258451272621073, -4.242696860768593758 ) ) ;
#1722 = CARTESIAN_POINT ( 'NONE',  ( -12.87500189653952987, 3.381044284241951026, 7.439690531061725408E-05 ) ) ;
#1723 = CARTESIAN_POINT ( 'NONE',  ( -12.98147902347175808, 3.443872221878389261, 1.317184207756074921 ) ) ;
#1724 = CARTESIAN_POINT ( 'NONE',  ( -10.62500189653952987, 14.61895571575804809, -7.439690531130537009E-05 ) ) ;
#1725 = CIRCLE ( 'NONE', #7565, 0.1000000000000002554 ) ;
#1726 = CARTESIAN_POINT ( 'NONE',  ( -11.72039779105403490, 7.258325693497337916, -5.437828529447203962 ) ) ;
#1727 = CARTESIAN_POINT ( 'NONE',  ( -8.766735682253241180, 14.17129087221003125, 2.225362741331595728 ) ) ;
#1728 = CARTESIAN_POINT ( 'NONE',  ( -5.000000000000002665, 15.09999999999999964, 3.224903099319423649 ) ) ;
#1729 = CARTESIAN_POINT ( 'NONE',  ( -6.471259271308112737, 3.419965642782229143, -1.212174308826275304 ) ) ;
#1730 = CARTESIAN_POINT ( 'NONE',  ( -11.04976665561131099, 4.584332697476096286, -3.619479393719760019 ) ) ;
#1731 = CARTESIAN_POINT ( 'NONE',  ( 4.041334437186266003E-16, 0.5000000000000004441, -3.300000000000000266 ) ) ;
#1732 = CIRCLE ( 'NONE', #2769, 0.1000000000000001027 ) ;
#1733 = DIRECTION ( 'NONE',  ( 0.0000000000000000000, -0.0000000000000000000, -1.000000000000000000 ) ) ;
#1734 = CARTESIAN_POINT ( 'NONE',  ( -12.55000189653953058, 9.000079442062618895, 5.999999999474078471 ) ) ;
#1735 = VERTEX_POINT ( 'NONE', #4192 ) ;
#1736 = CARTESIAN_POINT ( 'NONE',  ( -11.85000009850236502, 9.000000000000000000, 5.999999999999998224 ) ) ;
#1737 = COLOUR_RGB ( '',0.5568627450980392357, 0.5568627450980392357, 0.5568627450980392357 ) ;
#1738 = CARTESIAN_POINT ( 'NONE',  ( -6.975293321043284145, 14.62588831990843019, -0.9757728987767357864 ) ) ;
#1739 = CARTESIAN_POINT ( 'NONE',  ( -11.04364929136947104, 3.509320297065642524, -1.244058640544910332 ) ) ;
#1740 = DIRECTION ( 'NONE',  ( 0.0000000000000000000, 0.0000000000000000000, 1.000000000000000000 ) ) ;
#1741 = CARTESIAN_POINT ( 'NONE',  ( -8.927155344910243429, 14.58505991259990253, -1.147732920407776636 ) ) ;
#1742 = CARTESIAN_POINT ( 'NONE',  ( -7.874233403597537873, 14.27782918999648309, 1.959260294579836081 ) ) ;
#1743 = EDGE_CURVE ( 'NONE', #8004, #4744, #4487, .T. ) ;
#1744 = EDGE_CURVE ( 'NONE', #3047, #1104, #6563, .T. ) ;
#1746 = CARTESIAN_POINT ( 'NONE',  ( -12.34553569012100382, 13.79669173846213148, 2.947388651289022388 ) ) ;
#1745 = CARTESIAN_POINT ( 'NONE',  ( -6.450001896539530044, 9.000079442062618895, 5.999999999474079360 ) ) ;
#1747 = CIRCLE ( 'NONE', #3834, 0.1000000000000002554 ) ;
#1748 = ORIENTED_EDGE ( 'NONE', *, *, #5044, .T. ) ;
#1749 = CARTESIAN_POINT ( 'NONE',  ( -8.124578545745745117, 10.01800124076513576, -5.537215742444627331 ) ) ;
#1750 = CARTESIAN_POINT ( 'NONE',  ( -9.595440438958389606, 14.28074608853388838, 2.171710059647197433 ) ) ;
#1751 = CARTESIAN_POINT ( 'NONE',  ( -10.07856253592560769, 4.584024921169093325, -3.491988390614696236 ) ) ;
#1752 = VERTEX_POINT ( 'NONE', #4893 ) ;
#1753 = CARTESIAN_POINT ( 'NONE',  ( -11.54227849662915339, 14.58602649663383666, -0.7012891246243758703 ) ) ;
#1754 = CARTESIAN_POINT ( 'NONE',  ( -10.05000009850236431, 9.000000000000000000, 5.999999999999998224 ) ) ;
#1755 = VECTOR ( 'NONE', #100, 1000.000000000000000 ) ;
#1756 = ORIENTED_EDGE ( 'NONE', *, *, #3131, .F. ) ;
#1757 = CARTESIAN_POINT ( 'NONE',  ( -19.01378282808432729, 13.88017946585618034, -0.4536698394109239252 ) ) ;
#1758 = CARTESIAN_POINT ( 'NONE',  ( -9.193343373258752393, 3.299687605031361493, -0.3352959346611081304 ) ) ;
#1759 = AXIS2_PLACEMENT_3D ( 'NONE', #2537, #2576, #1352 ) ;
#1760 = CARTESIAN_POINT ( 'NONE',  ( -20.50000000000000000, 9.000000000000000000, 2.050000000000000266 ) ) ;
#1761 = DIRECTION ( 'NONE',  ( 0.0000000000000000000, -1.000000000000000000, 0.0000000000000000000 ) ) ;
#1762 = CARTESIAN_POINT ( 'NONE',  ( -10.66875189653952916, 2.999967094546160951, -2.485201931958109345 ) ) ;
#1763 = CARTESIAN_POINT ( 'NONE',  ( -12.96250766238590835, 4.382180580017521976, 3.206107371112774995 ) ) ;
#1764 = ORIENTED_EDGE ( 'NONE', *, *, #415, .T. ) ;
#1765 = CARTESIAN_POINT ( 'NONE',  ( -9.556251896539528445, 11.32752206074611578, 5.618924899550870045 ) ) ;
#1766 = CARTESIAN_POINT ( 'NONE',  ( -11.18316425765543620, 7.292693474072480697, 5.448708044330371258 ) ) ;
#1767 = CARTESIAN_POINT ( 'NONE',  ( -8.713035687301289300, 12.99973508481749818, 3.962031176213345329 ) ) ;
#1768 = CARTESIAN_POINT ( 'NONE',  ( 4.899999999999997691, 0.09999999999999939493, -4.900000000000000355 ) ) ;
#1769 = CARTESIAN_POINT ( 'NONE',  ( -5.074999500238498662, 14.95458211667139281, 3.675546083572484246 ) ) ;
#1770 = CARTESIAN_POINT ( 'NONE',  ( -6.463759436540891024, 4.979423176817532770, -3.940717483690976852 ) ) ;
#1771 = CARTESIAN_POINT ( 'NONE',  ( -11.38625540901109545, 9.522158475967742675, 5.685574939258675187 ) ) ;
#1772 = AXIS2_PLACEMENT_3D ( 'NONE', #5838, #1342, #4434 ) ;
#1773 = DIRECTION ( 'NONE',  ( 1.000000000000000000, 0.0000000000000000000, 0.0000000000000000000 ) ) ;
#1774 = FACE_OUTER_BOUND ( 'NONE', #7640, .T. ) ;
#1775 = CARTESIAN_POINT ( 'NONE',  ( -11.08750189653953022, 13.24258451272621073, -4.242696860768593758 ) ) ;
#1776 = ORIENTED_EDGE ( 'NONE', *, *, #6207, .F. ) ;
#1777 = VECTOR ( 'NONE', #1276, 1000.000000000000000 ) ;
#1778 = CARTESIAN_POINT ( 'NONE',  ( -6.465951475294389184, 10.98345929240053742, -5.449724437042865688 ) ) ;
#1779 = CARTESIAN_POINT ( 'NONE',  ( -6.711943986479874447, 8.405020393595130201, 5.678966102218097056 ) ) ;
#1780 = CARTESIAN_POINT ( 'NONE',  ( -10.83564064261659254, 6.708359048194219909, -5.221167116648524065 ) ) ;
#1781 = DIRECTION ( 'NONE',  ( 0.0000000000000000000, -1.000000000000000000, 0.0000000000000000000 ) ) ;
#1782 = CARTESIAN_POINT ( 'NONE',  ( -8.332486084346053090, 5.071308464307363373, -4.142871265475421616 ) ) ;
#1783 = CARTESIAN_POINT ( 'NONE',  ( -7.934193537667402651, 14.13736723231742864, 2.473718627933353176 ) ) ;
#1785 = CARTESIAN_POINT ( 'NONE',  ( -12.24543592960002236, 13.22793437028090047, 3.838082130209968579 ) ) ;
#1784 = CARTESIAN_POINT ( 'NONE',  ( -6.225001896539531288, 3.000000000525919752, 7.944206261983304126E-05 ) ) ;
#1786 = EDGE_LOOP ( 'NONE', ( #2599, #2753, #745, #2884 ) ) ;
#1787 = FACE_OUTER_BOUND ( 'NONE', #5833, .T. ) ;
#1788 = VERTEX_POINT ( 'NONE', #6614 ) ;
#1789 = PRODUCT_DEFINITION ( 'UNKNOWN', '', #637, #5282 ) ;
#1790 = CARTESIAN_POINT ( 'NONE',  ( -9.167887258581233212, 3.457367558616966985, -1.338189588906098404 ) ) ;
#1791 = ADVANCED_FACE ( 'NONE', ( #527 ), #4113, .T. ) ;
#1792 = CARTESIAN_POINT ( 'NONE',  ( -10.38408379031669959, 5.677036306897217166, 4.643699651651838067 ) ) ;
#1793 = VERTEX_POINT ( 'NONE', #1056 ) ;
#1794 = CARTESIAN_POINT ( 'NONE',  ( -7.210919603797457000, 7.614028831039614253, -5.539456700811663303 ) ) ;
#1796 = CARTESIAN_POINT ( 'NONE',  ( -11.60268816351307741, 11.79257594697752509, -4.980961495913398984 ) ) ;
#1795 = CARTESIAN_POINT ( 'NONE',  ( 0.0000000000000000000, 10.00000000000000000, 3.300000000000000266 ) ) ;
#1797 = CARTESIAN_POINT ( 'NONE',  ( -10.21875189653953164, 15.00003290545384260, 2.485201931958106236 ) ) ;
#1798 = ORIENTED_EDGE ( 'NONE', *, *, #7592, .F. ) ;
#1799 = DIRECTION ( 'NONE',  ( -0.0000000000000000000, -0.0000000000000000000, -1.000000000000000000 ) ) ;
#1800 = ADVANCED_FACE ( 'NONE', ( #5459 ), #3526, .T. ) ;
#1801 = CARTESIAN_POINT ( 'NONE',  ( -9.515802070905987620, 9.643105273982930825, 5.593042739799027885 ) ) ;
#1802 = CARTESIAN_POINT ( 'NONE',  ( -6.537676975210334973, 4.921426527242718230, -3.995403528020090800 ) ) ;
#1803 = CARTESIAN_POINT ( 'NONE',  ( -12.30000009850236431, 8.999999999999998224, -5.999999999999998224 ) ) ;
#1804 = CARTESIAN_POINT ( 'NONE',  ( -11.06250189653952987, 13.24269686076859287, 4.242584512726212509 ) ) ;
#1805 = CARTESIAN_POINT ( 'NONE',  ( -11.24375189653953022, 6.672626733064500826, 5.618986531965226128 ) ) ;
#1806 = CARTESIAN_POINT ( 'NONE',  ( -12.89009687151410510, 3.411712966235094679, 0.6119562331908103836 ) ) ;
#1807 = ORIENTED_EDGE ( 'NONE', *, *, #1887, .F. ) ;
#1808 = CARTESIAN_POINT ( 'NONE',  ( -7.531251896539530755, 3.381075100449129511, 2.327522060746118893 ) ) ;
#1809 = CARTESIAN_POINT ( 'NONE',  ( -10.38474482293672096, 11.25976417062701351, 5.234972303044642672 ) ) ;
#1810 = CARTESIAN_POINT ( 'NONE',  ( -8.665658935851642042, 13.73291969432842841, 3.194710169705945013 ) ) ;
#1811 = CARTESIAN_POINT ( 'NONE',  ( -4.932645116983721323, 14.99581101813819650, 3.552207063057269298 ) ) ;
#1812 = CARTESIAN_POINT ( 'NONE',  ( -6.749735259317104941, 7.058697416629549082, 5.284607071096280251 ) ) ;
#1813 = CARTESIAN_POINT ( 'NONE',  ( -11.37806614366088809, 9.181149785508795347, 5.706590102839720124 ) ) ;
#1814 = CARTESIAN_POINT ( 'NONE',  ( -12.71875189653952987, 15.00003290545384260, 2.485201931958106236 ) ) ;
#1815 = DIRECTION ( 'NONE',  ( 1.000000000000000000, -0.0000000000000000000, -0.0000000000000000000 ) ) ;
#1816 = CARTESIAN_POINT ( 'NONE',  ( -11.59375189653952987, 6.514798068041889323, 6.000032905453837273 ) ) ;
#1817 = ORIENTED_EDGE ( 'NONE', *, *, #6011, .F. ) ;
#1818 = CARTESIAN_POINT ( 'NONE',  ( -6.826574887424039950, 12.66153787121861818, 4.381308662064672177 ) ) ;
#1819 = CARTESIAN_POINT ( 'NONE',  ( -11.09602505629846014, 3.434417723981141091, 0.8478422289278481072 ) ) ;
#1820 = FACE_OUTER_BOUND ( 'NONE', #7770, .T. ) ;
#1821 = CARTESIAN_POINT ( 'NONE',  ( -8.660824012575810471, 8.466549786005558076, 5.684554425060691862 ) ) ;
#1822 = CARTESIAN_POINT ( 'NONE',  ( -7.768671759184984538, 13.79068374906359651, 3.092188607216463936 ) ) ;
#1823 = FACE_OUTER_BOUND ( 'NONE', #1338, .T. ) ;
#1825 = CARTESIAN_POINT ( 'NONE',  ( -12.14694343062366855, 9.844080714546713295, 5.647398835058888622 ) ) ;
#1824 = CARTESIAN_POINT ( 'NONE',  ( -13.22500189653952951, 3.000000000525919752, 7.944206261983304126E-05 ) ) ;
#1826 = ORIENTED_EDGE ( 'NONE', *, *, #3949, .T. ) ;
#1827 = CARTESIAN_POINT ( 'NONE',  ( -9.338748416097454097, 5.742944223387478786, 4.689844050916293305 ) ) ;
#1828 = CARTESIAN_POINT ( 'NONE',  ( -10.31826804549269205, 8.661629263979916615, 5.700104728400206433 ) ) ;
#1829 = VERTEX_POINT ( 'NONE', #2268 ) ;
#1830 = CARTESIAN_POINT ( 'NONE',  ( -7.438881998586697186, 4.888198079867360768, -3.950342607491647229 ) ) ;
#1831 = CARTESIAN_POINT ( 'NONE',  ( -10.05000099752340859, 9.000039721031308559, 5.999999999999998224 ) ) ;
#1832 = EDGE_CURVE ( 'NONE', #5122, #5791, #5998, .T. ) ;
#1833 = ORIENTED_EDGE ( 'NONE', *, *, #5820, .T. ) ;
#1834 = CARTESIAN_POINT ( 'NONE',  ( -18.92333960818408300, 13.89556407578616515, -0.2354152119710329338 ) ) ;
#1835 = CARTESIAN_POINT ( 'NONE',  ( -9.416590831241336446, 8.593094295420113937, 5.695656097088378722 ) ) ;
#1836 = CARTESIAN_POINT ( 'NONE',  ( -7.426943850137258885, 5.245194969302795940, -4.301399854713594095 ) ) ;
#1837 = CARTESIAN_POINT ( 'NONE',  ( -20.50000000000000000, 9.000000000000000000, 2.350000000000000089 ) ) ;
#1838 = CARTESIAN_POINT ( 'NONE',  ( -8.587501896539530222, 13.24258451272621073, -4.242696860768593758 ) ) ;
#1839 = CARTESIAN_POINT ( 'NONE',  ( -13.04375189653953093, 6.672626733064500826, 5.618986531965226128 ) ) ;
#1840 = TOROIDAL_SURFACE ( 'NONE', #3928, 0.6000000000000003109, 0.1000000000000000056 ) ;
#1841 = ADVANCED_FACE ( 'NONE', ( #4775 ), #1134, .T. ) ;
#1842 = CARTESIAN_POINT ( 'NONE',  ( -13.06249184511055184, 4.998164176790337976, 4.073466570256074171 ) ) ;
#1843 = ADVANCED_FACE ( 'NONE', ( #7835 ), #297, .T. ) ;
#1844 = ORIENTED_EDGE ( 'NONE', *, *, #6397, .T. ) ;
#1845 = CARTESIAN_POINT ( 'NONE',  ( -7.981251896539529156, 14.61892489955086916, -2.327522060746116672 ) ) ;
#1846 = CARTESIAN_POINT ( 'NONE',  ( -10.94468715752190668, 3.730407649140541348, -2.198703405789261822 ) ) ;
#1847 = CARTESIAN_POINT ( 'NONE',  ( -11.81875189653953129, 15.00003290545384260, 2.485201931958106236 ) ) ;
#1848 = CARTESIAN_POINT ( 'NONE',  ( -6.735973904515050847, 6.577051212555415027, 5.072746526993834770 ) ) ;
#1849 = CARTESIAN_POINT ( 'NONE',  ( -11.24925931717260852, 4.627660009532254648, 3.671509738626665076 ) ) ;
#1850 = DIRECTION ( 'NONE',  ( 0.0000000000000000000, 0.0000000000000000000, 1.000000000000000000 ) ) ;
#1851 = CARTESIAN_POINT ( 'NONE',  ( -4.900000000000001243, 15.09999999999999964, 0.0000000000000000000 ) ) ;
#1852 = ADVANCED_FACE ( 'NONE', ( #1701 ), #4231, .T. ) ;
#1853 = CIRCLE ( 'NONE', #4955, 6.899999999999999467 ) ;
#1854 = CARTESIAN_POINT ( 'NONE',  ( -9.456251896539530577, 6.514639183916651533, -5.999967093494320558 ) ) ;
#1855 = CARTESIAN_POINT ( 'NONE',  ( -12.85842691174876151, 3.737564732723684724, 2.215834741474914882 ) ) ;
#1856 = CARTESIAN_POINT ( 'NONE',  ( -6.566121610677657650, 3.867984655974658903, 2.484731410245728966 ) ) ;
#1857 = CARTESIAN_POINT ( 'NONE',  ( -10.90192780704285269, 4.604062907298918539, -3.631462980122698081 ) ) ;
#1858 = AXIS2_PLACEMENT_3D ( 'NONE', #6127, #2321, #3284 ) ;
#1859 = CARTESIAN_POINT ( 'NONE',  ( -6.650163340891513286, 11.05204992168750877, -5.638181543627544201 ) ) ;
#1860 = CARTESIAN_POINT ( 'NONE',  ( -8.850354144012364088, 14.38470695969614965, 1.897952921928335535 ) ) ;
#1861 = CARTESIAN_POINT ( 'NONE',  ( -4.993260412964299455, 4.155985882585049751, -4.972944963627773163 ) ) ;
#1863 = CARTESIAN_POINT ( 'NONE',  ( -12.48910102420434676, 14.07150888452134119, -2.425540412207900065 ) ) ;
#1862 = CARTESIAN_POINT ( 'NONE',  ( -10.80625189653953022, 11.48536081608334491, 5.999967093494319670 ) ) ;
#1864 = VERTEX_POINT ( 'NONE', #1736 ) ;
#1865 = CYLINDRICAL_SURFACE ( 'NONE', #67, 0.5000000000000002220 ) ;
#1866 = CARTESIAN_POINT ( 'NONE',  ( -8.695708374372280502, 14.28494888999961354, 2.162206190532593109 ) ) ;
#1867 = CARTESIAN_POINT ( 'NONE',  ( -10.41764630875522357, 9.715785350468138404, 5.584281651823327586 ) ) ;
#1868 = ORIENTED_EDGE ( 'NONE', *, *, #4470, .T. ) ;
#1869 = CARTESIAN_POINT ( 'NONE',  ( -7.251236520266616026, 11.75217017699417532, -5.003435607487543457 ) ) ;
#1871 = CARTESIAN_POINT ( 'NONE',  ( -12.01865249026695004, 3.419762490395494847, -1.210966546167045133 ) ) ;
#1870 = CYLINDRICAL_SURFACE ( 'NONE', #5261, 0.5999999999999998668 ) ;
#1872 = CARTESIAN_POINT ( 'NONE',  ( -13.00000000000000355, 14.18605618885566244, 2.812416750197823223 ) ) ;
#1873 = ORIENTED_EDGE ( 'NONE', *, *, #7558, .F. ) ;
#1874 = AXIS2_PLACEMENT_3D ( 'NONE', #1768, #4925, #1164 ) ;
#1875 = CARTESIAN_POINT ( 'NONE',  ( -5.100000000000002309, 9.000000000000000000, 0.0000000000000000000 ) ) ;
#1876 = CARTESIAN_POINT ( 'NONE',  ( -9.481295233961002822, 8.242747686993004308, 5.578657176456090383 ) ) ;
#1877 = CARTESIAN_POINT ( 'NONE',  ( -7.365770659275581167, 7.332508138895990513, -5.460484960074571958 ) ) ;
#1878 = DIRECTION ( 'NONE',  ( -0.0000000000000000000, 1.000000000000000000, -0.0000000000000000000 ) ) ;
#1879 = CARTESIAN_POINT ( 'NONE',  ( -8.050001896539528801, 9.000079442062618895, 5.999999999474079360 ) ) ;
#1880 = CARTESIAN_POINT ( 'NONE',  ( -12.31250189653952987, 12.97325429635567140, 3.973149083243181945 ) ) ;
#1881 = AXIS2_PLACEMENT_3D ( 'NONE', #4854, #1177, #6123 ) ;
#1882 = CARTESIAN_POINT ( 'NONE',  ( -12.95500615142783651, 3.304178480428050957, 0.2641796542889681132 ) ) ;
#1883 = ORIENTED_EDGE ( 'NONE', *, *, #3089, .T. ) ;
#1884 = DIRECTION ( 'NONE',  ( 1.000000000000000000, -0.0000000000000000000, -0.0000000000000000000 ) ) ;
#1885 = CARTESIAN_POINT ( 'NONE',  ( -8.992761713958442371, 13.53728279556088410, -3.467107232198712641 ) ) ;
#1886 = UNCERTAINTY_MEASURE_WITH_UNIT (LENGTH_MEASURE( 1.000000000000000082E-05 ), #7602, 'distance_accuracy_value', 'NONE');
#1887 = EDGE_CURVE ( 'NONE', #2880, #6865, #4806, .T. ) ;
#1888 = CARTESIAN_POINT ( 'NONE',  ( -5.062244340187701752, 13.89812578557014255, 4.992520504807417936 ) ) ;
#1889 = DIRECTION ( 'NONE',  ( 0.0000000000000000000, 1.000000000000000000, 0.0000000000000000000 ) ) ;
#1890 = CARTESIAN_POINT ( 'NONE',  ( -6.884015486763532365, 12.09646898729949704, 4.701970060736371693 ) ) ;
#1891 = CARTESIAN_POINT ( 'NONE',  ( -11.50700808268880415, 13.59453561072474237, 3.389701821497738798 ) ) ;
#1892 = VECTOR ( 'NONE', #4823, 1000.000000000000000 ) ;
#1893 = CARTESIAN_POINT ( 'NONE',  ( -10.63750189653953093, 4.757415487273787491, 4.242696860768592870 ) ) ;
#1894 = CARTESIAN_POINT ( 'NONE',  ( -12.45312990941793885, 13.34044118339556739, -3.709860912419027823 ) ) ;
#1895 = CARTESIAN_POINT ( 'NONE',  ( -8.249578265016813461, 5.410648784538760303, -4.337292439464051519 ) ) ;
#1896 = CARTESIAN_POINT ( 'NONE',  ( -6.525629742449456927, 3.376208839527197636, 0.9890246230140449235 ) ) ;
#1897 = EDGE_CURVE ( 'NONE', #3540, #1752, #4848, .T. ) ;
#1898 = AXIS2_PLACEMENT_3D ( 'NONE', #7265, #4269, #2867 ) ;
#1899 = CARTESIAN_POINT ( 'NONE',  ( -10.88065654994088405, 5.211985068414141331, -4.273165940097967130 ) ) ;
#1900 = DIRECTION ( 'NONE',  ( -0.0000000000000000000, 0.0000000000000000000, -1.000000000000000000 ) ) ;
#1901 = CARTESIAN_POINT ( 'NONE',  ( -8.461330348778325572, 3.314795034669097085, 0.5251498730298007622 ) ) ;
#1902 = DIRECTION ( 'NONE',  ( 0.0000000000000000000, -1.000000000000000000, 0.0000000000000000000 ) ) ;
#1904 = CARTESIAN_POINT ( 'NONE',  ( -12.58105550423855945, 13.80433926106437958, -3.086395288251434277 ) ) ;
#1903 = CARTESIAN_POINT ( 'NONE',  ( -11.70625189653952880, 11.48536081608334491, 5.999967093494319670 ) ) ;
#1905 = ORIENTED_EDGE ( 'NONE', *, *, #7646, .F. ) ;
#1906 = CARTESIAN_POINT ( 'NONE',  ( -4.914458728549706557, 13.82212708181094207, 5.003294535273679955 ) ) ;
#1907 = AXIS2_PLACEMENT_3D ( 'NONE', #4630, #220, #981 ) ;
#1908 = CIRCLE ( 'NONE', #7491, 0.1000000000000000472 ) ;
#1909 = CARTESIAN_POINT ( 'NONE',  ( -8.599036286542743213, 11.76130513607342465, 4.997842649792146652 ) ) ;
#1910 = CARTESIAN_POINT ( 'NONE',  ( -10.35299223863117390, 10.08115960506168207, 5.606834459431691897 ) ) ;
#1911 = VERTEX_POINT ( 'NONE', #4457 ) ;
#1912 = SURFACE_SIDE_STYLE ('',( #6903 ) ) ;
#1913 = CARTESIAN_POINT ( 'NONE',  ( -7.372573686114201941, 3.416937327656234924, -1.158275073041033165 ) ) ;
#1915 = CARTESIAN_POINT ( 'NONE',  ( -11.66609129764776753, 9.427233403305727677, -5.694127386384881362 ) ) ;
#1914 = CARTESIAN_POINT ( 'NONE',  ( 0.0000000000000000000, 0.09999999999999939493, -3.300000000000000266 ) ) ;
#1916 = CARTESIAN_POINT ( 'NONE',  ( -4.900000000000001243, 15.00000000000000000, 0.0000000000000000000 ) ) ;
#1917 = VERTEX_POINT ( 'NONE', #5046 ) ;
#1918 = COLOUR_RGB ( '',0.7764705882352941346, 0.7568627450980391913, 0.7372549019607843590 ) ;
#1919 = CARTESIAN_POINT ( 'NONE',  ( -9.603985363177431012, 14.39835137913762253, 1.861819436058939292 ) ) ;
#1920 = CARTESIAN_POINT ( 'NONE',  ( -6.952219961917554869, 11.95817473790640229, 4.883428080283691131 ) ) ;
#1921 = CARTESIAN_POINT ( 'NONE',  ( -5.000000000000001776, 13.64758001544925037, 5.099999999999999645 ) ) ;
#1922 = CARTESIAN_POINT ( 'NONE',  ( -6.225001896539531288, 3.000000000525919752, 7.944206261983304126E-05 ) ) ;
#1923 = CARTESIAN_POINT ( 'NONE',  ( -9.387501896539529156, 5.026850916756816723, 3.973254296355670956 ) ) ;
#1924 = CARTESIAN_POINT ( 'NONE',  ( -12.97777956534696209, 7.094048724217723034, 5.382728417241612107 ) ) ;
#1925 = ORIENTED_EDGE ( 'NONE', *, *, #7603, .F. ) ;
#1926 = CARTESIAN_POINT ( 'NONE',  ( -10.60062159551864092, 14.37250593450303349, -1.933854028524981450 ) ) ;
#1927 = CARTESIAN_POINT ( 'NONE',  ( -8.938173638613223559, 14.49013807971558521, -1.570788864806795582 ) ) ;
#1928 = CARTESIAN_POINT ( 'NONE',  ( 0.0000000000000000000, -3.049318610115481221E-16, 3.400000000000000355 ) ) ;
#1929 = CARTESIAN_POINT ( 'NONE',  ( -9.150001896539531998, 9.000079442062618895, 5.999999999474079360 ) ) ;
#1930 = CARTESIAN_POINT ( 'NONE',  ( -6.777953968357561365, 5.480707672308826162, 4.496685331901325355 ) ) ;
#1931 = CARTESIAN_POINT ( 'NONE',  ( -11.42996976039774992, 11.18624943805877514, 5.274275194743101913 ) ) ;
#1932 = FILL_AREA_STYLE_COLOUR ( '', #1737 ) ;
#1933 =( BOUNDED_CURVE ( )  B_SPLINE_CURVE ( 2, ( #1062, #497, #4278, #5427, #3497, #7922, #4814, #7352, #3532, #3004, #5465 ),
 .UNSPECIFIED., .F., .F. ) 
 B_SPLINE_CURVE_WITH_KNOTS ( ( 3, 2, 2, 2, 2, 3 ),
 ( 0.8333335736016671547, 0.8472222222222222099, 0.8611111111111111605, 0.8750000000000000000, 0.8888888888888888395, 0.8888891291572226239 ),
 .UNSPECIFIED. ) 
 CURVE ( )  GEOMETRIC_REPRESENTATION_ITEM ( )  RATIONAL_B_SPLINE_CURVE ( ( 0.9999973663809044178, 0.9238808493436148073, 1.000000000000000000, 0.9238795325112867385, 1.000000000000000000, 0.9238795325112867385, 1.000000000000000000, 0.9238795325112867385, 1.000000000000000000, 0.9999986831676719312, 0.9999973663809044178 ) ) 
 REPRESENTATION_ITEM ( '' )  );
#1934 = CARTESIAN_POINT ( 'NONE',  ( -10.01875189653953058, 15.00003290545384083, 2.485201931958106236 ) ) ;
#1935 = EDGE_CURVE ( 'NONE', #778, #6257, #2513, .T. ) ;
#1936 = CARTESIAN_POINT ( 'NONE',  ( -12.99105438155338987, 7.588864179957204747, 5.533059567628481723 ) ) ;
#1937 = CARTESIAN_POINT ( 'NONE',  ( -8.162571548169605506, 5.789123999941430121, -4.711945669945637682 ) ) ;
#1938 = CARTESIAN_POINT ( 'NONE',  ( -6.561540998585126516, 3.793015756847680553, 2.323551475355651874 ) ) ;
#1939 = CARTESIAN_POINT ( 'NONE',  ( -11.28176164755655542, 11.15628365736235317, 5.287388304142564444 ) ) ;
#1940 = CARTESIAN_POINT ( 'NONE',  ( -9.756648159883766880, 14.46130528797304926, 1.665527328888195324 ) ) ;
#1941 = CARTESIAN_POINT ( 'NONE',  ( -4.921737118516762877, 4.158156667243308569, -4.997998259227564688 ) ) ;
#1942 = CARTESIAN_POINT ( 'NONE',  ( -8.500000098502365375, 8.999999999999998224, -5.999999999999998224 ) ) ;
#1944 = CARTESIAN_POINT ( 'NONE',  ( -12.41355817030678388, 14.60226737748936898, 0.4665158231599843552 ) ) ;
#1943 = CARTESIAN_POINT ( 'NONE',  ( -12.60625189653952916, 11.48536081608334491, 5.999967093494319670 ) ) ;
#1945 = CARTESIAN_POINT ( 'NONE',  ( 3.999999999999996447, -3.999999999999999112, -4.000000000000000000 ) ) ;
#1946 = EDGE_CURVE ( 'NONE', #3916, #640, #1322, .T. ) ;
#1947 = ORIENTED_EDGE ( 'NONE', *, *, #386, .T. ) ;
#1948 = CARTESIAN_POINT ( 'NONE',  ( -8.113044690894877675, 7.533506852699214384, -5.518528385791961810 ) ) ;
#1949 = CARTESIAN_POINT ( 'NONE',  ( -10.31364405044159405, 3.863027706359960067, 2.493420286629373539 ) ) ;
#1950 = ORIENTED_EDGE ( 'NONE', *, *, #1251, .F. ) ;
#1951 = CARTESIAN_POINT ( 'NONE',  ( -7.514658164404273144, 4.990315249514020834, 4.065708944692530302 ) ) ;
#1953 = CARTESIAN_POINT ( 'NONE',  ( -11.95070983563646116, 4.567574420875336827, -3.586839559318993231 ) ) ;
#1952 = CARTESIAN_POINT ( 'NONE',  ( -13.08750189653953022, 13.24258451272621073, -4.242696860768593758 ) ) ;
#1954 = CYLINDRICAL_SURFACE ( 'NONE', #3289, 6.000000000000000000 ) ;
#1955 = ORIENTED_EDGE ( 'NONE', *, *, #6749, .F. ) ;
#1956 =( NAMED_UNIT ( * ) PLANE_ANGLE_UNIT ( ) SI_UNIT ( $, .RADIAN. ) );
#1957 = CARTESIAN_POINT ( 'NONE',  ( -9.589436781853814651, 9.650484002859483823, 5.673092179703046689 ) ) ;
#1958 = CARTESIAN_POINT ( 'NONE',  ( -5.040635938857002785, 4.154182364124117122, -5.026723553456615257 ) ) ;
#1959 = CARTESIAN_POINT ( 'NONE',  ( -7.012501896539530932, 4.757303139231405353, -4.242584512726213397 ) ) ;
#1960 = CARTESIAN_POINT ( 'NONE',  ( -9.612501896539530577, 12.97325429635567140, 3.973149083243181945 ) ) ;
#1961 = CARTESIAN_POINT ( 'NONE',  ( -13.11319426798934806, 9.535348249626673933, 5.593395779254231925 ) ) ;
#1962 = EDGE_LOOP ( 'NONE', ( #6132, #5030 ) ) ;
#1963 = CARTESIAN_POINT ( 'NONE',  ( -10.65417528550937476, 13.31263636693028651, -3.742208815429323376 ) ) ;
#1964 = CARTESIAN_POINT ( 'NONE',  ( -8.885508212568286268, 14.67601587734045232, 0.5431649797480162523 ) ) ;
#1965 = DIRECTION ( 'NONE',  ( 0.0000000000000000000, 1.000000000000000000, -0.0000000000000000000 ) ) ;
#1966 = CARTESIAN_POINT ( 'NONE',  ( -7.406251896539530755, 11.48536081608334847, 5.999967093494318782 ) ) ;
#1967 = CARTESIAN_POINT ( 'NONE',  ( -6.791336994748672140, 5.917865546132422772, 4.797110966558529199 ) ) ;
#1968 = CARTESIAN_POINT ( 'NONE',  ( -11.67195728542391997, 13.98684121428290439, -2.780134716203912504 ) ) ;
#1969 = SURFACE_SIDE_STYLE ('',( #2008 ) ) ;
#1970 = CARTESIAN_POINT ( 'NONE',  ( -8.500001896539529866, 8.999920557937377552, -5.999999999474078471 ) ) ;
#1971 = CARTESIAN_POINT ( 'NONE',  ( -8.277956193498729576, 6.885806794884282489, -5.304328116210356825 ) ) ;
#1972 = CARTESIAN_POINT ( 'NONE',  ( -6.455852873833341832, 3.578664985448140268, -1.792967459706771738 ) ) ;
#1973 = CARTESIAN_POINT ( 'NONE',  ( -11.29462189477833256, 6.027297341073141190, 4.865714844040713416 ) ) ;
#1974 = DIRECTION ( 'NONE',  ( 0.0000000000000000000, 0.0000000000000000000, -1.000000000000000000 ) ) ;
#1975 = CARTESIAN_POINT ( 'NONE',  ( -9.678786172535733812, 12.81275926117660902, 4.250096017638020029 ) ) ;
#1976 = DIRECTION ( 'NONE',  ( -1.000000000000000000, 0.0000000000000000000, 0.0000000000000000000 ) ) ;
#1977 = CARTESIAN_POINT ( 'NONE',  ( -5.011831604980192090, 4.053977757040163610, -4.927201984334820928 ) ) ;
#1978 = CARTESIAN_POINT ( 'NONE',  ( -5.100000000000002309, 9.000000000000000000, 7.000000000000000000 ) ) ;
#1979 = AXIS2_PLACEMENT_3D ( 'NONE', #5507, #7998, #7393 ) ;
#1980 = CARTESIAN_POINT ( 'NONE',  ( -11.76250189653952916, 13.24269686076859287, 4.242584512726212509 ) ) ;
#1981 = DIRECTION ( 'NONE',  ( 0.0000000000000000000, 0.0000000000000000000, -1.000000000000000000 ) ) ;
#1982 = EDGE_LOOP ( 'NONE', ( #7864, #6370, #6957, #6339 ) ) ;
#1983 = VECTOR ( 'NONE', #1347, 1000.000000000000000 ) ;
#1984 = CARTESIAN_POINT ( 'NONE',  ( -8.413338985760841382, 4.951297034463321367, 4.026224515124416925 ) ) ;
#1985 = CARTESIAN_POINT ( 'NONE',  ( -10.65878130796249934, 14.46147722921669221, -1.332535326604333825 ) ) ;
#1986 = EDGE_CURVE ( 'NONE', #4747, #3585, #5863, .T. ) ;
#1987 = DIRECTION ( 'NONE',  ( 1.000000000000000000, -0.0000000000000000000, -0.0000000000000000000 ) ) ;
#1988 = ADVANCED_FACE ( 'NONE', ( #6932 ), #1585, .T. ) ;
#1989 = CARTESIAN_POINT ( 'NONE',  ( -7.588293865118783899, 5.045526857662953724, 4.007278559493403947 ) ) ;
#1990 = CARTESIAN_POINT ( 'NONE',  ( -11.74632559673719001, 6.331542149361396810, -5.048318611606547712 ) ) ;
#1991 = AXIS2_PLACEMENT_3D ( 'NONE', #5845, #4111, #1018 ) ;
#1992 = CARTESIAN_POINT ( 'NONE',  ( -19.80000000000000071, 14.79999999999999893, 0.0000000000000000000 ) ) ;
#1993 = DIRECTION ( 'NONE',  ( 1.000000000000000000, -0.0000000000000000000, 0.0000000000000000000 ) ) ;
#1994 = CARTESIAN_POINT ( 'NONE',  ( -9.937858592170007555, 12.20004230474216378, -4.729359708397497641 ) ) ;
#1995 = EDGE_CURVE ( 'NONE', #4290, #5985, #5711, .T. ) ;
#1996 = CARTESIAN_POINT ( 'NONE',  ( -7.800001896539530577, 8.999920557937377552, -5.999999999474079360 ) ) ;
#1998 = CARTESIAN_POINT ( 'NONE',  ( -9.331251896539532353, 3.381075100449129511, 2.327522060746118893 ) ) ;
#1997 = CYLINDRICAL_SURFACE ( 'NONE', #7489, 0.1000000000000002554 ) ;
#1999 = DIRECTION ( 'NONE',  ( 0.0000000000000000000, 1.000000000000000000, 0.0000000000000000000 ) ) ;
#2000 = AXIS2_PLACEMENT_3D ( 'NONE', #925, #4059, #5244 ) ;
#2001 = EDGE_LOOP ( 'NONE', ( #4943, #5361, #7416, #1608 ) ) ;
#2002 = CARTESIAN_POINT ( 'NONE',  ( -9.737164563680229534, 13.72851403354178323, -3.200664441935853866 ) ) ;
#2003 = CARTESIAN_POINT ( 'NONE',  ( -8.934511706009551801, 10.65725225353174643, -5.464381728522986315 ) ) ;
#2004 = AXIS2_PLACEMENT_3D ( 'NONE', #3640, #4293, #4758 ) ;
#2005 = CARTESIAN_POINT ( 'NONE',  ( -4.000000000000000000, 0.5000000000000004441, 3.400000000000000355 ) ) ;
#2006 = CARTESIAN_POINT ( 'NONE',  ( -7.079796232611584195, 14.22224737282813933, -2.102975573952554633 ) ) ;
#2007 = CARTESIAN_POINT ( 'NONE',  ( -11.68933957863143291, 13.61824700478165262, -3.357009217225526587 ) ) ;
#2008 = SURFACE_STYLE_FILL_AREA ( #5705 ) ;
#2009 = CARTESIAN_POINT ( 'NONE',  ( -8.387501896539529156, 13.24258451272621073, -4.242696860768593758 ) ) ;
#2010 = CARTESIAN_POINT ( 'NONE',  ( -12.11795615359758749, 8.648887191035587563, 5.699315436403964874 ) ) ;
#2011 = CARTESIAN_POINT ( 'NONE',  ( -8.311210031526181652, 3.915779792705783358, -2.417931024503098048 ) ) ;
#2012 = CARTESIAN_POINT ( 'NONE',  ( -5.100000000000002309, 9.000000000000000000, 0.0000000000000000000 ) ) ;
#2013 = CARTESIAN_POINT ( 'NONE',  ( -11.33124280077905865, 7.319175617036565384, 5.457162763696963736 ) ) ;
#2014 = CARTESIAN_POINT ( 'NONE',  ( -6.248251631056920274, 10.13508196371481240, -5.595761599761837957 ) ) ;
#2015 = CARTESIAN_POINT ( 'NONE',  ( -9.566608675470007483, 8.702167326948643478, 5.701902170439913320 ) ) ;
#2016 = AXIS2_PLACEMENT_3D ( 'NONE', #2374, #4257, #7374 ) ;
#2017 = CARTESIAN_POINT ( 'NONE',  ( -9.006251896539529511, 11.48536081608334847, 5.999967093494318782 ) ) ;
#2018 = CARTESIAN_POINT ( 'NONE',  ( -5.011902950083372055, 3.958093905436046001, -4.855962478162922480 ) ) ;
#2019 = FACE_BOUND ( 'NONE', #4401, .T. ) ;
#2021 = CARTESIAN_POINT ( 'NONE',  ( -12.33555387158999395, 14.66505063523024077, 0.6475514302896745455 ) ) ;
#2020 = CARTESIAN_POINT ( 'NONE',  ( -12.32500189653953093, 3.000000000525919752, 7.944206261983304126E-05 ) ) ;
#2022 = CARTESIAN_POINT ( 'NONE',  ( -5.000000000000001776, 14.13809303146610752, 4.899999999999940847 ) ) ;
#2023 = ORIENTED_EDGE ( 'NONE', *, *, #6207, .T. ) ;
#2024 = CARTESIAN_POINT ( 'NONE',  ( -8.625538913714336786, 12.62924987898369444, 4.408306307573510274 ) ) ;
#2025 = CARTESIAN_POINT ( 'NONE',  ( -10.55163051839355681, 13.91555205717549271, 2.744436936231839486 ) ) ;
#2026 = CARTESIAN_POINT ( 'NONE',  ( -7.428139710509947591, 3.672004611875761437, -1.818409235753120301 ) ) ;
#2027 = CIRCLE ( 'NONE', #6836, 6.899999999999999467 ) ;
#2029 = CARTESIAN_POINT ( 'NONE',  ( -11.97295172449330636, 4.059704206947221117, -2.863863943909522369 ) ) ;
#2028 = CARTESIAN_POINT ( 'NONE',  ( -12.86250189653953058, 13.24269686076859287, 4.242584512726212509 ) ) ;
#2030 = AXIS2_PLACEMENT_3D ( 'NONE', #3811, #7575, #797 ) ;
#2031 = CARTESIAN_POINT ( 'NONE',  ( -5.094913538814359377, 4.002708533211178477, 4.902416684434181882 ) ) ;
#2032 = EDGE_LOOP ( 'NONE', ( #4100, #5021, #5228, #6574, #4298 ) ) ;
#2033 = CARTESIAN_POINT ( 'NONE',  ( -8.768751896539530577, 14.61898653196522524, 2.327373266935493845 ) ) ;
#2034 = ADVANCED_FACE ( 'NONE', ( #7467 ), #1196, .T. ) ;
#2035 =( NAMED_UNIT ( * ) SI_UNIT ( $, .STERADIAN. ) SOLID_ANGLE_UNIT ( ) );
#2036 = CARTESIAN_POINT ( 'NONE',  ( -9.729331462044472190, 13.89474876055418662, -2.940813857195618830 ) ) ;
#2037 = DIRECTION ( 'NONE',  ( -1.000000000000000000, 0.0000000000000000000, 0.0000000000000000000 ) ) ;
#2038 = CARTESIAN_POINT ( 'NONE',  ( -8.387501896539529156, 13.24258451272621073, -4.242696860768593758 ) ) ;
#2039 = CARTESIAN_POINT ( 'NONE',  ( -8.656251896539529866, 11.32752206074611578, 5.618924899550870045 ) ) ;
#2040 = EDGE_LOOP ( 'NONE', ( #4982, #6612, #5894 ) ) ;
#2041 = ADVANCED_FACE ( 'NONE', ( #1254 ), #1295, .T. ) ;
#2042 = CARTESIAN_POINT ( 'NONE',  ( -9.656823370158999609, 14.70531773731472214, -0.2334285926566350977 ) ) ;
#2043 = CARTESIAN_POINT ( 'NONE',  ( -8.961373808927982410, 9.617987550590941126, -5.676750194625916457 ) ) ;
#2044 = UNCERTAINTY_MEASURE_WITH_UNIT (LENGTH_MEASURE( 1.000000000000000082E-05 ), #5435, 'distance_accuracy_value', 'NONE');
#2045 =( GEOMETRIC_REPRESENTATION_CONTEXT ( 3 ) GLOBAL_UNCERTAINTY_ASSIGNED_CONTEXT ( ( #1886 ) ) GLOBAL_UNIT_ASSIGNED_CONTEXT ( ( #7602, #5611, #2035 ) ) REPRESENTATION_CONTEXT ( 'NONE', 'WORKASPACE' ) );
#2046 = CARTESIAN_POINT ( 'NONE',  ( -5.000000000000045297, 4.311088824843846368, 5.086693040661062426 ) ) ;
#2047 = CARTESIAN_POINT ( 'NONE',  ( -11.65000009850236573, 9.000000000000000000, 5.999999999999998224 ) ) ;
#2048 = CARTESIAN_POINT ( 'NONE',  ( -7.032617801871943186, 14.11051673797289929, 2.528724674652908178 ) ) ;
#2049 = CARTESIAN_POINT ( 'NONE',  ( -11.92223106296070867, 5.391894323456736693, -4.424796846082994506 ) ) ;
#2050 = DIRECTION ( 'NONE',  ( 0.0000000000000000000, 0.0000000000000000000, 1.000000000000000000 ) ) ;
#2051 = ORIENTED_EDGE ( 'NONE', *, *, #6659, .T. ) ;
#2052 = CARTESIAN_POINT ( 'NONE',  ( -13.38125189653952951, 14.61892489955086916, -2.327522060746116672 ) ) ;
#2053 = ADVANCED_FACE ( 'NONE', ( #2555 ), #3902, .T. ) ;
#2054 = CARTESIAN_POINT ( 'NONE',  ( -12.36833637420687815, 14.65906701131510381, -0.6975114652449055930 ) ) ;
#2055 = CARTESIAN_POINT ( 'NONE',  ( -8.329603732579982989, 3.661609478419770802, -1.762138587197782158 ) ) ;
#2056 = CARTESIAN_POINT ( 'NONE',  ( -11.30371723328631184, 6.336190444687201939, 5.041454887303341792 ) ) ;
#2057 = CARTESIAN_POINT ( 'NONE',  ( -6.234937841657313129, 10.63738755590715179, -5.459584411673849225 ) ) ;
#2058 = CARTESIAN_POINT ( 'NONE',  ( -9.574663916549567944, 9.045562068062048766, 5.709217126125730069 ) ) ;
#2059 = CYLINDRICAL_SURFACE ( 'NONE', #2878, 0.9000000000000003553 ) ;
#2060 = LINE ( 'NONE', #4579, #3332 ) ;
#2062 = CARTESIAN_POINT ( 'NONE',  ( -12.58023629402664945, 8.835586300278857053, -5.699538341661877006 ) ) ;
#2061 = CARTESIAN_POINT ( 'NONE',  ( -4.000000000000000000, -3.999999999999999112, 4.000000000000000000 ) ) ;
#2063 = LINE ( 'NONE', #7021, #6401 ) ;
#2064 = ORIENTED_EDGE ( 'NONE', *, *, #6011, .T. ) ;
#2065 = LINE ( 'NONE', #3333, #5114 ) ;
#2066 = CARTESIAN_POINT ( 'NONE',  ( -7.874849980049994258, 14.62911670914428441, -0.9585023100385222650 ) ) ;
#2067 = CARTESIAN_POINT ( 'NONE',  ( -10.62526441127096533, 13.98481213846138083, 2.785250805821778641 ) ) ;
#2068 = DIRECTION ( 'NONE',  ( 0.0000000000000000000, 0.0000000000000000000, 1.000000000000000000 ) ) ;
#2069 = CARTESIAN_POINT ( 'NONE',  ( -6.934568684784878201, 11.34994197495400314, 5.203503619489986853 ) ) ;
#2070 = CARTESIAN_POINT ( 'NONE',  ( -7.452280259040263921, 3.649392778578334884, 1.994394928511135978 ) ) ;
#2071 = CARTESIAN_POINT ( 'NONE',  ( -4.000000000000000000, -3.999999999999999112, 4.000000000000000000 ) ) ;
#2073 = CARTESIAN_POINT ( 'NONE',  ( -12.18716094936978322, 5.777165385280827792, 4.713707933584741383 ) ) ;
#2072 = CARTESIAN_POINT ( 'NONE',  ( -9.431251896539530222, 14.99996709349432145, -2.485360816083348023 ) ) ;
#2074 = ORIENTED_EDGE ( 'NONE', *, *, #5656, .T. ) ;
#2075 = CARTESIAN_POINT ( 'NONE',  ( -7.250001896539529866, 8.999925603094688142, -5.618955715758048086 ) ) ;
#2076 = B_SPLINE_CURVE_WITH_KNOTS ( 'NONE', 3,
 ( #6526, #930, #5167, #282, #7790, #2215, #5207, #7709 ),
 .UNSPECIFIED., .F., .F.,
 ( 4, 2, 2, 4 ),
 ( 0.0000000000000000000, 0.0002612701489777850480, 0.0003919052234666777889, 0.0005225402979555705298 ),
 .UNSPECIFIED. ) ;
#2077 = APPLICATION_PROTOCOL_DEFINITION ( 'draft international standard', 'automotive_design', 1998, #3180 ) ;
#2078 = CARTESIAN_POINT ( 'NONE',  ( -9.757246823145527159, 14.48282057281940993, -1.277883859319741688 ) ) ;
#2079 = CARTESIAN_POINT ( 'NONE',  ( -10.86250189653953058, 13.24269686076859287, 4.242584512726212509 ) ) ;
#2080 = EDGE_CURVE ( 'NONE', #2266, #2809, #4463, .T. ) ;
#2081 = CYLINDRICAL_SURFACE ( 'NONE', #3046, 4.899999999999999467 ) ;
#2083 = CARTESIAN_POINT ( 'NONE',  ( -7.587501896539530222, 5.026850916756816723, 3.973254296355670956 ) ) ;
#2082 = FACE_OUTER_BOUND ( 'NONE', #6341, .T. ) ;
#2084 = CARTESIAN_POINT ( 'NONE',  ( -13.07870767513906429, 8.141757101508694916, 5.563993020542071122 ) ) ;
#2085 = ORIENTED_EDGE ( 'NONE', *, *, #7470, .F. ) ;
#2086 = CARTESIAN_POINT ( 'NONE',  ( -9.604461311238253529, 14.40411336376663698, 1.844232518421337952 ) ) ;
#2087 = CARTESIAN_POINT ( 'NONE',  ( -9.121606468294514158, 9.087790613476602886, -5.701275257453841228 ) ) ;
#2088 = DIRECTION ( 'NONE',  ( 1.000000000000000000, 0.0000000000000000000, -8.673617379884020681E-17 ) ) ;
#2089 = CARTESIAN_POINT ( 'NONE',  ( -10.30000099752341036, 8.999960278968686112, -5.999999999999998224 ) ) ;
#2090 = ADVANCED_FACE ( 'NONE', ( #6204 ), #6442, .F. ) ;
#2091 = CARTESIAN_POINT ( 'NONE',  ( -12.54254433627077070, 14.43993109654398310, -1.733411909401187279 ) ) ;
#2092 = VERTEX_POINT ( 'NONE', #4936 ) ;
#2093 = CARTESIAN_POINT ( 'NONE',  ( -12.98750189653953058, 5.026850916756816723, 3.973254296355670956 ) ) ;
#2094 = CARTESIAN_POINT ( 'NONE',  ( -12.05546855380302063, 6.302706127889667442, 5.032650152550038669 ) ) ;
#2095 = CARTESIAN_POINT ( 'NONE',  ( -8.416900014056642121, 3.442486830477290649, -1.275102742453053883 ) ) ;
#2096 = AXIS2_PLACEMENT_3D ( 'NONE', #2012, #4932, #6815 ) ;
#2097 = CARTESIAN_POINT ( 'NONE',  ( -11.29012316565793483, 5.877714296519178205, 4.771071601883244639 ) ) ;
#2098 = DIRECTION ( 'NONE',  ( -0.0000000000000000000, 1.000000000000000000, -0.0000000000000000000 ) ) ;
#2099 = CARTESIAN_POINT ( 'NONE',  ( -6.332200934462438369, 12.45814126935161248, -4.805989884800015766 ) ) ;
#2100 = CARTESIAN_POINT ( 'NONE',  ( -9.151417066346040130, 7.877870008161732329, -5.598052461270107472 ) ) ;
#2101 = CARTESIAN_POINT ( 'NONE',  ( 4.899999999999997691, 14.90000000000000036, -4.900000000000000355 ) ) ;
#2102 = DIRECTION ( 'NONE',  ( 0.0000000000000000000, 0.0000000000000000000, 1.000000000000000000 ) ) ;
#2104 = CARTESIAN_POINT ( 'NONE',  ( -12.80859899312478589, 5.832881480732874380, -4.741487324836022310 ) ) ;
#2103 = CARTESIAN_POINT ( 'NONE',  ( -7.543751896539529156, 11.48520193195810712, -6.000032905453839938 ) ) ;
#2105 = FACE_OUTER_BOUND ( 'NONE', #4931, .T. ) ;
#2106 = VERTEX_POINT ( 'NONE', #135 ) ;
#2107 = CARTESIAN_POINT ( 'NONE',  ( -7.963636454269800602, 13.03816889425940673, -4.025509458366837379 ) ) ;
#2108 = CARTESIAN_POINT ( 'NONE',  ( -10.58136459374232352, 12.88675408689706536, 4.171973080909120668 ) ) ;
#2109 = SURFACE_STYLE_FILL_AREA ( #1544 ) ;
#2110 = CARTESIAN_POINT ( 'NONE',  ( -6.778610172899883324, 5.501810874927974382, 4.512215984633970223 ) ) ;
#2111 = CARTESIAN_POINT ( 'NONE',  ( -7.626420245867203462, 9.005236306688425785, 5.701956141205927864 ) ) ;
#2112 = CARTESIAN_POINT ( 'NONE',  ( -9.400000997523411783, 8.999960278968686112, -5.999999999999998224 ) ) ;
#2114 = CARTESIAN_POINT ( 'NONE',  ( -11.97161031210057835, 3.371835357869298111, -0.1440719738632801061 ) ) ;
#2113 = CARTESIAN_POINT ( 'NONE',  ( -10.38750189653953093, 13.24258451272621073, -4.242696860768593758 ) ) ;
#2115 = LINE ( 'NONE', #7153, #7695 ) ;
#2116 = ORIENTED_EDGE ( 'NONE', *, *, #3645, .T. ) ;
#2117 = AXIS2_PLACEMENT_3D ( 'NONE', #3676, #2411, #4869 ) ;
#2118 = CARTESIAN_POINT ( 'NONE',  ( -9.811936099190468497, 13.63820867861670472, -3.190903580981001575 ) ) ;
#2119 = CARTESIAN_POINT ( 'NONE',  ( 4.041334437186266003E-16, 0.09999999999999939493, 3.300000000000000266 ) ) ;
#2120 = AXIS2_PLACEMENT_3D ( 'NONE', #4540, #5677, #7016 ) ;
#2122 = CARTESIAN_POINT ( 'NONE',  ( -12.63750189653953093, 4.757415487273786603, 4.242696860768593758 ) ) ;
#2121 = PLANE ( 'NONE',  #8005 ) ;
#2123 = ORIENTED_EDGE ( 'NONE', *, *, #1743, .T. ) ;
#2124 = AXIS2_PLACEMENT_3D ( 'NONE', #89, #1325, #2549 ) ;
#2125 = CARTESIAN_POINT ( 'NONE',  ( -19.80000000000000071, 13.81663783151691760, 0.9000000000000003553 ) ) ;
#2126 = CARTESIAN_POINT ( 'NONE',  ( -10.10666729803408437, 3.294631411570133395, 0.2268984839813451004 ) ) ;
#2127 = CARTESIAN_POINT ( 'NONE',  ( -9.125853857033092709, 8.907824798530459276, -5.701200758868492535 ) ) ;
#2128 = DIRECTION ( 'NONE',  ( 8.673617379884013384E-15, 0.0000000000000000000, 1.000000000000000000 ) ) ;
#2129 = LINE ( 'NONE', #4647, #2566 ) ;
#2130 = CARTESIAN_POINT ( 'NONE',  ( -7.153429989896147312, 14.29750429858932925, -2.131250665984866455 ) ) ;
#2131 = CARTESIAN_POINT ( 'NONE',  ( -12.62009544285676732, 12.76458906976349894, -4.292781160238048344 ) ) ;
#2132 = CARTESIAN_POINT ( 'NONE',  ( -19.80000000000000071, 3.199999999999999734, 0.0000000000000000000 ) ) ;
#2133 = ORIENTED_EDGE ( 'NONE', *, *, #1153, .T. ) ;
#2134 = CARTESIAN_POINT ( 'NONE',  ( -12.81875189653953306, 3.381013468034773428, -2.327373266935496954 ) ) ;
#2135 = EDGE_CURVE ( 'NONE', #5272, #148, #5051, .T. ) ;
#2136 = CARTESIAN_POINT ( 'NONE',  ( -11.88006471404624342, 3.356388298398774950, -0.8690042641128015166 ) ) ;
#2137 = CARTESIAN_POINT ( 'NONE',  ( -8.416351522910558103, 5.034923080256025862, 4.109160413803682133 ) ) ;
#2138 = AXIS2_PLACEMENT_3D ( 'NONE', #3477, #5946, #2859 ) ;
#2139 = CARTESIAN_POINT ( 'NONE',  ( -11.38865314704703380, 14.17528218562447151, 2.412874355569769591 ) ) ;
#2140 = FACE_OUTER_BOUND ( 'NONE', #4041, .T. ) ;
#2141 = CARTESIAN_POINT ( 'NONE',  ( -6.368698554745400031, 11.13567837342116995, -5.287575432381864005 ) ) ;
#2142 = CARTESIAN_POINT ( 'NONE',  ( -10.13594538092745267, 4.972729830336842127, -4.047020171265236499 ) ) ;
#2143 = PLANE ( 'NONE',  #2120 ) ;
#2144 = CYLINDRICAL_SURFACE ( 'NONE', #7080, 6.000000000000000000 ) ;
#2146 = CARTESIAN_POINT ( 'NONE',  ( -12.65676671936995845, 5.980891337249828688, -4.837061988485935160 ) ) ;
#2145 = CARTESIAN_POINT ( 'NONE',  ( -7.825001896539530044, 3.000000000525919752, 7.944206261983304126E-05 ) ) ;
#2147 = CIRCLE ( 'NONE', #7075, 0.1000000000000002554 ) ;
#2148 = VERTEX_POINT ( 'NONE', #1299 ) ;
#2149 = EDGE_CURVE ( 'NONE', #3741, #1043, #4319, .T. ) ;
#2150 = CARTESIAN_POINT ( 'NONE',  ( -7.937794082717207544, 13.71446399759104118, -3.221261411922564655 ) ) ;
#2151 = VECTOR ( 'NONE', #635, 1000.000000000000000 ) ;
#2152 = CARTESIAN_POINT ( 'NONE',  ( -10.82183587463101304, 7.208210536946791258, -5.413117258944364352 ) ) ;
#2153 = CARTESIAN_POINT ( 'NONE',  ( -12.07500189653953093, 14.99999999947407936, -7.944206262056783218E-05 ) ) ;
#2154 = CARTESIAN_POINT ( 'NONE',  ( -7.995953211188609799, 14.70842148623536083, 0.1104681744789462183 ) ) ;
#2155 = CARTESIAN_POINT ( 'NONE',  ( -7.850038953778466500, 11.88501405261682642, 4.927794411065862690 ) ) ;
#2156 = SURFACE_STYLE_USAGE ( .BOTH. , #5224 ) ;
#2158 = CARTESIAN_POINT ( 'NONE',  ( -11.90624847362109051, 3.293719470706617081, 0.2096963370924093684 ) ) ;
#2157 = CARTESIAN_POINT ( 'NONE',  ( -8.362501896539530577, 13.24269686076859287, 4.242584512726212509 ) ) ;
#2159 = EDGE_LOOP ( 'NONE', ( #38, #3096, #2168, #1149 ) ) ;
#2160 = CARTESIAN_POINT ( 'NONE',  ( -5.900000000000001243, 9.000000000000000000, 6.899999999999999467 ) ) ;
#2161 = TOROIDAL_SURFACE ( 'NONE', #5523, 6.899999999999999467, 0.1000000000000000056 ) ;
#2162 = CARTESIAN_POINT ( 'NONE',  ( -20.50000000000000000, 9.000000000000000000, 0.0000000000000000000 ) ) ;
#2163 = CARTESIAN_POINT ( 'NONE',  ( -9.808840284655016006, 11.57786768565582314, -5.085953988864249098 ) ) ;
#2164 = B_SPLINE_CURVE_WITH_KNOTS ( 'NONE', 3,
 ( #1921, #4442, #5695, #1314, #3804, #2607, #116, #6839 ),
 .UNSPECIFIED., .F., .F.,
 ( 4, 2, 2, 4 ),
 ( 0.0000000000000000000, 0.0001300497826663575877, 0.0002600995653327151753, 0.0005201991306654307843 ),
 .UNSPECIFIED. ) ;
#2166 = CARTESIAN_POINT ( 'NONE',  ( -12.97500189653952951, 14.99999999947407936, -7.944206262056783218E-05 ) ) ;
#2165 = CARTESIAN_POINT ( 'NONE',  ( -5.000000000000001776, 15.00000000000000000, -5.000000000000000888 ) ) ;
#2167 = CARTESIAN_POINT ( 'NONE',  ( -5.094741437706870713, 14.88974176788184067, -3.784196192431239059 ) ) ;
#2168 = ORIENTED_EDGE ( 'NONE', *, *, #1512, .T. ) ;
#2169 = AXIS2_PLACEMENT_3D ( 'NONE', #1000, #4604, #2819 ) ;
#2170 =( LENGTH_UNIT ( ) NAMED_UNIT ( * ) SI_UNIT ( .MILLI., .METRE. ) );
#2171 = CARTESIAN_POINT ( 'NONE',  ( -9.788814553496148818, 12.25492416935578532, -4.691399622890767063 ) ) ;
#2172 = CARTESIAN_POINT ( 'NONE',  ( -9.099812459436146028, 9.971740328026717393, -5.626871487818282169 ) ) ;
#2173 = CARTESIAN_POINT ( 'NONE',  ( -5.000000000000001776, 9.000000000000000000, 0.0000000000000000000 ) ) ;
#2174 = CARTESIAN_POINT ( 'NONE',  ( -6.943996580523561946, 14.70182358068092832, 0.3085129200479244660 ) ) ;
#2175 = CARTESIAN_POINT ( 'NONE',  ( -12.24153532731263105, 7.708018281142678063, 5.561301794540518983 ) ) ;
#2176 = VERTEX_POINT ( 'NONE', #5090 ) ;
#2177 = CARTESIAN_POINT ( 'NONE',  ( -7.206251896539529689, 11.48536081608334491, 5.999967093494318782 ) ) ;
#2178 = CARTESIAN_POINT ( 'NONE',  ( -11.84419849188727092, 3.737540411794603834, -2.216256960028600620 ) ) ;
#2179 = CARTESIAN_POINT ( 'NONE',  ( -8.436628780646174164, 3.880716396282504199, 2.343035871184767860 ) ) ;
#2180 = CARTESIAN_POINT ( 'NONE',  ( -6.341325264100670545, 12.12752538438934913, -4.926385791170016404 ) ) ;
#2181 = CARTESIAN_POINT ( 'NONE',  ( -10.06658522403177081, 7.302201430630197443, -5.451125021210518895 ) ) ;
#2182 = CARTESIAN_POINT ( 'NONE',  ( -4.900000000000001243, 14.90000000000000036, -4.900000000000000355 ) ) ;
#2183 = DIRECTION ( 'NONE',  ( 0.0000000000000000000, -1.000000000000000000, 0.0000000000000000000 ) ) ;
#2184 = ADVANCED_FACE ( 'NONE', ( #3281 ), #17, .T. ) ;
#2185 = CARTESIAN_POINT ( 'NONE',  ( -9.400001896539530222, 8.999920557937377552, -5.999999999474079360 ) ) ;
#2186 = CARTESIAN_POINT ( 'NONE',  ( -13.00000000000000178, 9.000000000000000000, 0.0000000000000000000 ) ) ;
#2187 = ORIENTED_EDGE ( 'NONE', *, *, #2729, .T. ) ;
#2188 = CARTESIAN_POINT ( 'NONE',  ( -20.69993436301102463, 13.89998794422827899, -0.1193733833156710999 ) ) ;
#2189 = CARTESIAN_POINT ( 'NONE',  ( -7.636891883212560295, 9.441092894456154738, 5.693047826183264881 ) ) ;
#2190 = CARTESIAN_POINT ( 'NONE',  ( -10.77324009583996300, 9.133284743523816473, -5.708657926882690248 ) ) ;
#2191 = SURFACE_SIDE_STYLE ('',( #2109 ) ) ;
#2192 = CARTESIAN_POINT ( 'NONE',  ( -8.203598276378576415, 9.822453543565405454, -5.650077876287443068 ) ) ;
#2193 = CARTESIAN_POINT ( 'NONE',  ( -7.614764926461302430, 5.867196012525107029, 4.667865955154070434 ) ) ;
#2194 = CARTESIAN_POINT ( 'NONE',  ( -5.000000000000001776, 9.000000000000000000, 0.0000000000000000000 ) ) ;
#2195 = EDGE_CURVE ( 'NONE', #2808, #2365, #3317, .T. ) ;
#2197 = CARTESIAN_POINT ( 'NONE',  ( -12.14069810668057769, 6.738182189543402423, 5.155655098142157833 ) ) ;
#2196 = CARTESIAN_POINT ( 'NONE',  ( -11.28750189653952951, 13.24258451272621073, -4.242696860768593758 ) ) ;
#2198 = CARTESIAN_POINT ( 'NONE',  ( 4.899999999999997691, 0.0000000000000000000, -4.900000000000000355 ) ) ;
#2199 = ORIENTED_EDGE ( 'NONE', *, *, #4145, .T. ) ;
#2200 = CARTESIAN_POINT ( 'NONE',  ( -9.998580846752787465, 7.119357471477162136, -5.306358974063678957 ) ) ;
#2202 = CARTESIAN_POINT ( 'NONE',  ( -11.73750189653953058, 4.757415487273786603, 4.242696860768593758 ) ) ;
#2201 = DIRECTION ( 'NONE',  ( 0.0000000000000000000, 0.0000000000000000000, 1.000000000000000000 ) ) ;
#2203 = CARTESIAN_POINT ( 'NONE',  ( -4.990105460487856526, 14.97602632728469096, -3.524275229849840319 ) ) ;
#2204 = VERTEX_POINT ( 'NONE', #4541 ) ;
#2205 = CARTESIAN_POINT ( 'NONE',  ( -9.317172940621997412, 5.069107684543269876, 4.130316830409806350 ) ) ;
#2206 = CARTESIAN_POINT ( 'NONE',  ( -9.509585777792729289, 6.536814810845472223, 5.151667377197864717 ) ) ;
#2207 = CARTESIAN_POINT ( 'NONE',  ( -12.86250189653953058, 13.24269686076859287, 4.242584512726212509 ) ) ;
#2208 = LINE ( 'NONE', #5744, #6183 ) ;
#2209 = CARTESIAN_POINT ( 'NONE',  ( -7.150564793252891072, 12.58489320146239976, -4.340813781564040852 ) ) ;
#2210 = CARTESIAN_POINT ( 'NONE',  ( -12.78455406862531518, 6.650602270810686001, -5.203670520017397827 ) ) ;
#2211 =( LENGTH_UNIT ( ) NAMED_UNIT ( * ) SI_UNIT ( .MILLI., .METRE. ) );
#2212 = CARTESIAN_POINT ( 'NONE',  ( -11.69375189653953306, 11.32737326693549385, -5.618986531965227016 ) ) ;
#2213 = CARTESIAN_POINT ( 'NONE',  ( -11.39435934202585088, 14.26467575384345032, 2.210424533561947680 ) ) ;
#2214 = CARTESIAN_POINT ( 'NONE',  ( -8.385609417339880522, 4.244822784005331862, 3.146445330342475533 ) ) ;
#2215 = CARTESIAN_POINT ( 'NONE',  ( -4.993573183710712016, 3.938915107428597739, -4.940534984458654577 ) ) ;
#2216 = CARTESIAN_POINT ( 'NONE',  ( -6.528097717374506281, 3.401696067669728762, 1.082049017033892557 ) ) ;
#2217 = CARTESIAN_POINT ( 'NONE',  ( -10.26473285537387525, 3.329030398793697554, 0.6620293903907180644 ) ) ;
#2218 = DIRECTION ( 'NONE',  ( 1.000000000000000000, -0.0000000000000000000, -0.0000000000000000000 ) ) ;
#2219 = CARTESIAN_POINT ( 'NONE',  ( -5.100000000000002309, 9.000000000000000000, 0.0000000000000000000 ) ) ;
#2220 = CARTESIAN_POINT ( 'NONE',  ( -6.812501896539529866, 4.757303139231405353, -4.242584512726213397 ) ) ;
#2221 = CYLINDRICAL_SURFACE ( 'NONE', #1991, 4.899999999999999467 ) ;
#2222 = EDGE_LOOP ( 'NONE', ( #3800, #5355, #3102, #4373 ) ) ;
#2223 = DIRECTION ( 'NONE',  ( 0.0000000000000000000, 0.0000000000000000000, -1.000000000000000000 ) ) ;
#2224 = CARTESIAN_POINT ( 'NONE',  ( -7.461021186181394427, 3.777390631990837022, 2.308212903180673958 ) ) ;
#2225 = CARTESIAN_POINT ( 'NONE',  ( -10.63985686143736764, 13.66832791087352916, -3.288712413058681783 ) ) ;
#2226 =( NAMED_UNIT ( * ) PLANE_ANGLE_UNIT ( ) SI_UNIT ( $, .RADIAN. ) );
#2227 = CARTESIAN_POINT ( 'NONE',  ( -7.443501701638377099, 4.751733951242274046, -3.814813252668874277 ) ) ;
#2228 = CARTESIAN_POINT ( 'NONE',  ( -7.795402276835946331, 9.887422232155278934, 5.640768191841319279 ) ) ;
#2229 = VECTOR ( 'NONE', #1333, 1000.000000000000000 ) ;
#2231 = CARTESIAN_POINT ( 'NONE',  ( -12.24187391836526650, 7.720708262232048646, 5.564972886153033649 ) ) ;
#2230 = CARTESIAN_POINT ( 'NONE',  ( -9.150001896539531998, 9.000079442062618895, 5.999999999474079360 ) ) ;
#2232 = ORIENTED_EDGE ( 'NONE', *, *, #23, .F. ) ;
#2233 = CARTESIAN_POINT ( 'NONE',  ( 4.000000000000000000, 0.5000000000000004441, 4.599999999999999645 ) ) ;
#2234 = DIRECTION ( 'NONE',  ( 0.0000000000000000000, 0.0000000000000000000, 1.000000000000000000 ) ) ;
#2235 = ADVANCED_FACE ( 'NONE', ( #207 ), #2059, .T. ) ;
#2236 = ADVANCED_FACE ( 'NONE', ( #8010 ), #1840, .T. ) ;
#2237 = CARTESIAN_POINT ( 'NONE',  ( -10.04405513077282741, 5.582550300192124837, -4.474003373077619194 ) ) ;
#2238 = ORIENTED_EDGE ( 'NONE', *, *, #3437, .F. ) ;
#2239 = CARTESIAN_POINT ( 'NONE',  ( -5.900000000000001243, 9.000000000000000000, 0.0000000000000000000 ) ) ;
#2241 = CARTESIAN_POINT ( 'NONE',  ( -13.14375189653953058, 11.48520193195810712, -6.000032905453839938 ) ) ;
#2240 = DIRECTION ( 'NONE',  ( -1.000000000000000000, 0.0000000000000000000, 0.0000000000000000000 ) ) ;
#2242 =( BOUNDED_CURVE ( )  B_SPLINE_CURVE ( 2, ( #3926, #5905, #6436, #5828, #2207, #4684, #2734, #7171, #1603 ),
 .UNSPECIFIED., .F., .T. ) 
 B_SPLINE_CURVE_WITH_KNOTS ( ( 3, 2, 2, 2, 3 ),
 ( 0.08014322083761092619, 0.08333333333333332871, 0.09722222222222222376, 0.1111111111111111049, 0.1111113513794448893 ),
 .UNSPECIFIED. ) 
 CURVE ( )  GEOMETRIC_REPRESENTATION_ITEM ( )  RATIONAL_B_SPLINE_CURVE ( ( 0.9730637865828044575, 0.9825160344748498087, 1.000000000000000000, 0.9238795325112867385, 1.000000000000000000, 0.9238795325112867385, 1.000000000000000000, 0.9999986831676719312, 0.9999973663809044178 ) ) 
 REPRESENTATION_ITEM ( '' )  );
#2243 = AXIS2_PLACEMENT_3D ( 'NONE', #2674, #3292, #7765 ) ;
#2244 = CARTESIAN_POINT ( 'NONE',  ( -5.060507072427956388, 14.98244946408209799, -3.622244709850129141 ) ) ;
#2245 = MANIFOLD_SOLID_BREP ( '??1', #750 ) ;
#2246 = DIRECTION ( 'NONE',  ( 0.0000000000000000000, 0.0000000000000000000, -1.000000000000000000 ) ) ;
#2247 = ADVANCED_FACE ( 'NONE', ( #3672 ), #7555, .T. ) ;
#2248 = CARTESIAN_POINT ( 'NONE',  ( -9.286495022820217216, 3.816811697387915370, -2.396116972792480038 ) ) ;
#2249 = AXIS2_PLACEMENT_3D ( 'NONE', #1145, #7926, #5470 ) ;
#2250 = CARTESIAN_POINT ( 'NONE',  ( -6.598128691310534144, 3.644482347712614700, -1.979261235562941978 ) ) ;
#2251 = CARTESIAN_POINT ( 'NONE',  ( -11.00625189653952773, 11.48536081608334847, 5.999967093494318782 ) ) ;
#2252 = CARTESIAN_POINT ( 'NONE',  ( -7.265581974065624671, 5.687868591814759789, -4.651407423834386101 ) ) ;
#2253 = CARTESIAN_POINT ( 'NONE',  ( -12.96507058899805642, 3.330694890891236604, 0.6755116989179168474 ) ) ;
#2254 = ORIENTED_EDGE ( 'NONE', *, *, #5044, .F. ) ;
#2255 = CARTESIAN_POINT ( 'NONE',  ( -8.881251896539529511, 14.61892489955086916, -2.327522060746116672 ) ) ;
#2256 = CARTESIAN_POINT ( 'NONE',  ( -11.11654329862789403, 5.050177273922809462, 4.112213199079910453 ) ) ;
#2257 = CARTESIAN_POINT ( 'NONE',  ( -8.831069254814391201, 14.09123723424255203, 2.585729525891947489 ) ) ;
#2258 = CARTESIAN_POINT ( 'NONE',  ( -4.983047008628866514, 14.98524796134619841, 3.464682432333142881 ) ) ;
#2259 = CARTESIAN_POINT ( 'NONE',  ( -6.716381935767591571, 3.910166204655034061, 2.588800684297614119 ) ) ;
#2260 = CARTESIAN_POINT ( 'NONE',  ( -10.29974130967929113, 3.651416502230294903, 1.997605423766960264 ) ) ;
#2261 = CARTESIAN_POINT ( 'NONE',  ( 0.0000000000000000000, 14.90000000000000036, 4.899999999999998579 ) ) ;
#2262 = CARTESIAN_POINT ( 'NONE',  ( -6.112501896539530577, 4.757303139231405353, -4.242584512726213397 ) ) ;
#2263 = B_SPLINE_CURVE_WITH_KNOTS ( 'NONE', 3,
 ( #5398, #7158, #1593, #4717, #4084, #6547, #988, #2849, #5315, #3990 ),
 .UNSPECIFIED., .F., .F.,
 ( 4, 2, 2, 2, 4 ),
 ( 0.0000000000000000000, 0.0001872350971771251306, 0.0003744701943542502612, 0.0005617052915313754460, 0.0007489403887085005224 ),
 .UNSPECIFIED. ) ;
#2264 = CARTESIAN_POINT ( 'NONE',  ( -20.50000000000000000, 9.000000000000000000, 0.0000000000000000000 ) ) ;
#2265 = CARTESIAN_POINT ( 'NONE',  ( -12.43750189653952987, 4.757415487273787491, 4.242696860768592870 ) ) ;
#2266 = VERTEX_POINT ( 'NONE', #7852 ) ;
#2267 = CIRCLE ( 'NONE', #6807, 2.350000000000000089 ) ;
#2268 = CARTESIAN_POINT ( 'NONE',  ( -5.100000000000002309, 14.81690140845070403, -3.894054186110434745 ) ) ;
#2269 = CARTESIAN_POINT ( 'NONE',  ( -7.236136151972380581, 6.690800277059890888, -5.213354056151747962 ) ) ;
#2270 = CARTESIAN_POINT ( 'NONE',  ( -10.74687524280703599, 10.18845221962077296, -5.585168590913895947 ) ) ;
#2271 = CARTESIAN_POINT ( 'NONE',  ( -5.100000000000002309, 3.934274476019330447, -4.830985915492901128 ) ) ;
#2272 = CARTESIAN_POINT ( 'NONE',  ( -7.737679879052281606, 7.561182600880074212, 5.525138318155399020 ) ) ;
#2273 = CARTESIAN_POINT ( 'NONE',  ( -7.862437533968910763, 14.69150837235843987, -0.4633588423964423719 ) ) ;
#2275 = CARTESIAN_POINT ( 'NONE',  ( -12.44664215619932079, 14.33579836633737337, 2.033480855126486908 ) ) ;
#2274 = CARTESIAN_POINT ( 'NONE',  ( -6.787501896539530399, 13.24258451272621073, -4.242696860768593758 ) ) ;
#2276 = VERTEX_POINT ( 'NONE', #7281 ) ;
#2277 = CARTESIAN_POINT ( 'NONE',  ( -6.234054783179356463, 10.94634338554946495, -5.347748032271527840 ) ) ;
#2278 = ORIENTED_EDGE ( 'NONE', *, *, #4387, .T. ) ;
#2279 = CARTESIAN_POINT ( 'NONE',  ( -9.996105360778720694, 4.752817639332532984, -3.816739753965633586 ) ) ;
#2280 = DIRECTION ( 'NONE',  ( 1.000000000000000000, -0.0000000000000000000, -0.0000000000000000000 ) ) ;
#2281 = VECTOR ( 'NONE', #6797, 1000.000000000000000 ) ;
#2283 = CARTESIAN_POINT ( 'NONE',  ( -12.07500189653953093, 14.99999999947407936, -7.944206262056783218E-05 ) ) ;
#2282 = FACE_OUTER_BOUND ( 'NONE', #2407, .T. ) ;
#2284 = FACE_OUTER_BOUND ( 'NONE', #48, .T. ) ;
#2285 = EDGE_CURVE ( 'NONE', #4020, #5642, #6744, .T. ) ;
#2286 = ORIENTED_EDGE ( 'NONE', *, *, #3028, .F. ) ;
#2287 = MANIFOLD_SOLID_BREP ( '??-??5[2]', #614 ) ;
#2288 = FILL_AREA_STYLE ('',( #2891 ) ) ;
#2289 = CIRCLE ( 'NONE', #873, 0.5999999999999980904 ) ;
#2290 = CARTESIAN_POINT ( 'NONE',  ( -9.306209399291340389, 3.515793720807172562, 1.235532291003500704 ) ) ;
#2291 = CARTESIAN_POINT ( 'NONE',  ( -11.45640109664474515, 12.09460194674528921, 4.789123989156816030 ) ) ;
#2292 = CYLINDRICAL_SURFACE ( 'NONE', #5901, 4.699999999999999289 ) ;
#2293 = CARTESIAN_POINT ( 'NONE',  ( -7.145026095367390973, 10.25638096888135209, -5.561815597293144009 ) ) ;
#2294 = CARTESIAN_POINT ( 'NONE',  ( -11.45625189653953413, 6.514639183916651533, -5.999967093494321446 ) ) ;
#2295 =( NAMED_UNIT ( * ) PLANE_ANGLE_UNIT ( ) SI_UNIT ( $, .RADIAN. ) );
#2296 = CARTESIAN_POINT ( 'NONE',  ( -12.65387178338302832, 8.839629553095509351, -5.619370224335444419 ) ) ;
#2297 = EDGE_CURVE ( 'NONE', #1269, #4212, #4204, .T. ) ;
#2298 = AXIS2_PLACEMENT_3D ( 'NONE', #2061, #1618, #5420 ) ;
#2299 = AXIS2_PLACEMENT_3D ( 'NONE', #1038, #7251, #3474 ) ;
#2300 = VERTEX_POINT ( 'NONE', #3590 ) ;
#2301 = CARTESIAN_POINT ( 'NONE',  ( -11.42153105258457657, 14.58211142633655832, 1.201629560522765372 ) ) ;
#2302 = CARTESIAN_POINT ( 'NONE',  ( -8.804047634404344791, 13.52376143750016801, 3.484614582275066930 ) ) ;
#2303 = CARTESIAN_POINT ( 'NONE',  ( -7.012501896539530932, 4.757303139231405353, -4.242584512726213397 ) ) ;
#2304 = CARTESIAN_POINT ( 'NONE',  ( -5.000000000000000888, 15.00000000000000000, 3.224903099319423205 ) ) ;
#2305 = MANIFOLD_SOLID_BREP ( '??-??5[1]', #3991 ) ;
#2306 = CARTESIAN_POINT ( 'NONE',  ( -6.514756063104050199, 3.325003226890397290, 0.5538325457880063363 ) ) ;
#2307 = CARTESIAN_POINT ( 'NONE',  ( -10.99028703450915856, 6.449552544674020282, -5.108177618884507609 ) ) ;
#2308 = DIRECTION ( 'NONE',  ( 0.0000000000000000000, 0.0000000000000000000, 1.000000000000000000 ) ) ;
#2309 = CARTESIAN_POINT ( 'NONE',  ( -8.812501896539529866, 4.757303139231405353, -4.242584512726213397 ) ) ;
#2310 = CARTESIAN_POINT ( 'NONE',  ( -12.94375189653953129, 11.48520193195810357, -6.000032905453839049 ) ) ;
#2311 = ORIENTED_EDGE ( 'NONE', *, *, #1252, .F. ) ;
#2312 = DIRECTION ( 'NONE',  ( 0.0000000000000000000, 0.0000000000000000000, -1.000000000000000000 ) ) ;
#2313 = CARTESIAN_POINT ( 'NONE',  ( -7.055813666273141216, 13.26862185279719242, -3.792725296717971872 ) ) ;
#2314 = CARTESIAN_POINT ( 'NONE',  ( -10.94644571576432668, 8.071528165696950197, -5.634161701709190062 ) ) ;
#2315 = PLANE ( 'NONE',  #307 ) ;
#2316 = CARTESIAN_POINT ( 'NONE',  ( -7.607774088794714729, 3.768280564647293662, 2.286313655359419883 ) ) ;
#2317 = CARTESIAN_POINT ( 'NONE',  ( -7.901574138446884277, 14.55082596838621889, 0.9410676793538164109 ) ) ;
#2319 = CARTESIAN_POINT ( 'NONE',  ( -12.34882483642721596, 11.84391181168764895, 4.951585091736139255 ) ) ;
#2318 = CARTESIAN_POINT ( 'NONE',  ( -7.237501896539530577, 4.757415487273786603, 4.242696860768593758 ) ) ;
#2320 = VERTEX_POINT ( 'NONE', #7483 ) ;
#2321 = DIRECTION ( 'NONE',  ( 2.870688009744636315E-06, 0.9396961080283539047, 0.3420105620417641656 ) ) ;
#2322 = EDGE_LOOP ( 'NONE', ( #3256, #7254, #6463, #5818 ) ) ;
#2323 = CARTESIAN_POINT ( 'NONE',  ( -10.02597306405650102, 6.171535477899396049, -4.858326776294314975 ) ) ;
#2324 = CARTESIAN_POINT ( 'NONE',  ( -11.73097111160250172, 9.770012451615233573, -5.577085583892047893 ) ) ;
#2325 = DIRECTION ( 'NONE',  ( 1.000000000000000000, -0.0000000000000000000, -0.0000000000000000000 ) ) ;
#2326 = ORIENTED_EDGE ( 'NONE', *, *, #1438, .T. ) ;
#2327 = MANIFOLD_SOLID_BREP ( '??-??5[5]', #6949 ) ;
#2328 = CARTESIAN_POINT ( 'NONE',  ( -6.700000997523412494, 8.999960278968686112, -5.999999999999999112 ) ) ;
#2329 = CARTESIAN_POINT ( 'NONE',  ( -9.361955641117450710, 3.324389894896881970, 0.5474175932396216915 ) ) ;
#2330 = ADVANCED_FACE ( 'NONE', ( #506 ), #781, .T. ) ;
#2331 = CARTESIAN_POINT ( 'NONE',  ( -11.46537906731392908, 12.38753286613851756, 4.586597829903075407 ) ) ;
#2332 = CYLINDRICAL_SURFACE ( 'NONE', #1626, 0.9000000000000003553 ) ;
#2333 = CARTESIAN_POINT ( 'NONE',  ( -4.000000000000000000, 0.5000000000000004441, 4.000000000000000000 ) ) ;
#2334 = CARTESIAN_POINT ( 'NONE',  ( -9.375001896539531643, 14.99999999947407936, -7.944206262056783218E-05 ) ) ;
#2335 = CARTESIAN_POINT ( 'NONE',  ( -13.38125189653952951, 14.61892489955086916, -2.327522060746116672 ) ) ;
#2336 = CARTESIAN_POINT ( 'NONE',  ( -12.80403500482862889, 5.984035868987609419, -4.839023841688874228 ) ) ;
#2337 = CARTESIAN_POINT ( 'NONE',  ( -10.51250189653953093, 12.97325429635567140, 3.973149083243181945 ) ) ;
#2338 = CARTESIAN_POINT ( 'NONE',  ( -11.36746363330865783, 13.77230383509530753, 3.135278068466744728 ) ) ;
#2339 = CARTESIAN_POINT ( 'NONE',  ( -8.724047642233864863, 10.97262872283133106, 5.358565411771983200 ) ) ;
#2340 = EDGE_CURVE ( 'NONE', #1043, #1864, #5118, .T. ) ;
#2341 = ADVANCED_FACE ( 'NONE', ( #4549 ), #7192, .T. ) ;
#2342 = CARTESIAN_POINT ( 'NONE',  ( -11.20000099752341072, 8.999960278968686112, -5.999999999999998224 ) ) ;
#2343 = CARTESIAN_POINT ( 'NONE',  ( -5.014659674617226948, 14.84622806916541649, 3.850246106763521414 ) ) ;
#2344 = CARTESIAN_POINT ( 'NONE',  ( -6.390123768299795337, 4.920805510712152220, -3.995726909871298638 ) ) ;
#2345 = CARTESIAN_POINT ( 'NONE',  ( -10.65384095209822490, 14.42828475763451124, 1.769666280279549087 ) ) ;
#2346 = SURFACE_STYLE_USAGE ( .BOTH. , #5627 ) ;
#2347 = CARTESIAN_POINT ( 'NONE',  ( -4.900000000000001243, 0.1000000000000000056, -4.900000000000000355 ) ) ;
#2348 = DIRECTION ( 'NONE',  ( 1.000000000000000000, -0.0000000000000000000, -0.0000000000000000000 ) ) ;
#2349 = CARTESIAN_POINT ( 'NONE',  ( -13.33750189653953022, 4.757415487273787491, 4.242696860768592870 ) ) ;
#2350 = ORIENTED_EDGE ( 'NONE', *, *, #3089, .F. ) ;
#2351 = CARTESIAN_POINT ( 'NONE',  ( -5.025348781180881019, 13.80898740604663111, -5.044370706310981944 ) ) ;
#2352 = CARTESIAN_POINT ( 'NONE',  ( -6.817891761557811847, 12.38665859638469868, 4.597334579970150159 ) ) ;
#2353 = EDGE_CURVE ( 'NONE', #1663, #6067, #3275, .T. ) ;
#2354 = CARTESIAN_POINT ( 'NONE',  ( -11.03625669324563852, 4.956778947102020716, -4.032097558833393158 ) ) ;
#2355 = CARTESIAN_POINT ( 'NONE',  ( -4.934877981728905461, 13.88544248039136519, -4.995032128945545047 ) ) ;
#2356 = CARTESIAN_POINT ( 'NONE',  ( -9.048063200404115491, 11.85974282086845477, -4.941641874779660881 ) ) ;
#2357 = CARTESIAN_POINT ( 'NONE',  ( -8.082264233457946645, 13.77835641878188966, -3.126364553014397085 ) ) ;
#2359 = CARTESIAN_POINT ( 'NONE',  ( -12.37300840500699550, 14.26135744754235546, 2.003124039309908788 ) ) ;
#2358 = CARTESIAN_POINT ( 'NONE',  ( -7.518751896539530577, 15.00003290545384260, 2.485201931958106236 ) ) ;
#2360 = VERTEX_POINT ( 'NONE', #5304 ) ;
#2361 = CARTESIAN_POINT ( 'NONE',  ( -6.284899333270861810, 10.93849492974649884, -5.326183466291785962 ) ) ;
#2362 = CARTESIAN_POINT ( 'NONE',  ( -8.398605239710660086, 3.645134676079472946, -1.958987333491696736 ) ) ;
#2363 = CARTESIAN_POINT ( 'NONE',  ( -9.118264445601838020, 4.210527686972133310, -3.108778353774045655 ) ) ;
#2364 = CARTESIAN_POINT ( 'NONE',  ( -10.17727521481038266, 3.370732757795724677, 0.08986587813201617203 ) ) ;
#2365 = VERTEX_POINT ( 'NONE', #216 ) ;
#2366 =( NAMED_UNIT ( * ) SI_UNIT ( $, .STERADIAN. ) SOLID_ANGLE_UNIT ( ) );
#2368 = CARTESIAN_POINT ( 'NONE',  ( -11.69287630580589621, 13.52648017496178667, -3.467446360936435212 ) ) ;
#2367 = LINE ( 'NONE', #4324, #1128 ) ;
#2369 = CARTESIAN_POINT ( 'NONE',  ( -13.00000000000000355, 12.45300943194863841, 4.717917339329181559 ) ) ;
#2370 = ORIENTED_EDGE ( 'NONE', *, *, #4342, .F. ) ;
#2371 = CARTESIAN_POINT ( 'NONE',  ( -19.68238922798760981, 13.81663783151691938, -0.9000000000000001332 ) ) ;
#2372 = CARTESIAN_POINT ( 'NONE',  ( -9.375351748199056701, 3.400853842701386576, 1.077881910799207033 ) ) ;
#2373 = DIRECTION ( 'NONE',  ( 1.000000000000000000, -0.0000000000000000000, -0.0000000000000000000 ) ) ;
#2374 = CARTESIAN_POINT ( 'NONE',  ( -4.000000000000000000, 0.5000000000000004441, 4.000000000000000000 ) ) ;
#2375 = COLOUR_RGB ( '',0.5568627450980392357, 0.5568627450980392357, 0.5568627450980392357 ) ;
#2376 = CARTESIAN_POINT ( 'NONE',  ( -9.600001896539531288, 8.999920557937377552, -5.999999999474079360 ) ) ;
#2377 = CARTESIAN_POINT ( 'NONE',  ( -11.13125189653952951, 3.381075100449129511, 2.327522060746118893 ) ) ;
#2378 = CARTESIAN_POINT ( 'NONE',  ( -12.79061746578457459, 3.307192064142738808, -0.4465692520177327873 ) ) ;
#2379 = ORIENTED_EDGE ( 'NONE', *, *, #6149, .F. ) ;
#2380 = CARTESIAN_POINT ( 'NONE',  ( -10.34375189653952987, 6.672626733064500826, 5.618986531965226128 ) ) ;
#2381 = VECTOR ( 'NONE', #4516, 1000.000000000000000 ) ;
#2382 = CARTESIAN_POINT ( 'NONE',  ( -11.57901368489465455, 12.56914745638352926, -4.456870674524275877 ) ) ;
#2383 = CARTESIAN_POINT ( 'NONE',  ( -8.558642675293770097, 10.29907622976473824, 5.560386145926045742 ) ) ;
#2384 = CARTESIAN_POINT ( 'NONE',  ( -20.40000000000000213, 9.000000000000000000, -0.5000000000000002220 ) ) ;
#2385 = CARTESIAN_POINT ( 'NONE',  ( -3.999999999999996447, -3.999999999999999112, -4.000000000000000000 ) ) ;
#2386 = CARTESIAN_POINT ( 'NONE',  ( -6.407514887053981312, 4.463981682329585254, -3.454979015298345946 ) ) ;
#2387 = CARTESIAN_POINT ( 'NONE',  ( -11.27418576576330267, 5.362327262859830412, 4.400743822340459133 ) ) ;
#2388 = CARTESIAN_POINT ( 'NONE',  ( -8.925001896539530577, 3.000000000525919752, 7.944206261983304126E-05 ) ) ;
#2389 = CIRCLE ( 'NONE', #6921, 1.000000000000000222 ) ;
#2390 = CARTESIAN_POINT ( 'NONE',  ( -5.000000000000001776, 0.09999999999999939493, -4.900000000000000355 ) ) ;
#2391 = CARTESIAN_POINT ( 'NONE',  ( -11.31250189653952987, 4.757303139231405353, -4.242584512726212509 ) ) ;
#2392 = ADVANCED_FACE ( 'NONE', ( #7108, #5221 ), #3456, .T. ) ;
#2393 = ORIENTED_EDGE ( 'NONE', *, *, #7271, .F. ) ;
#2394 = CIRCLE ( 'NONE', #2774, 7.000000000000000000 ) ;
#2395 = CARTESIAN_POINT ( 'NONE',  ( -7.081085842434871935, 12.50359456149283410, -4.508588110400099325 ) ) ;
#2396 = CARTESIAN_POINT ( 'NONE',  ( -10.99342178228676836, 4.254357368217799973, -3.013710581996734028 ) ) ;
#2397 = PLANE ( 'NONE',  #7689 ) ;
#2398 = CARTESIAN_POINT ( 'NONE',  ( -8.375118777116703939, 4.018618122929362713, -2.789941181302672657 ) ) ;
#2399 = CARTESIAN_POINT ( 'NONE',  ( -8.108581428108326605, 13.11687351370470545, -3.956977756807805058 ) ) ;
#2401 = CARTESIAN_POINT ( 'NONE',  ( -12.16039500081531699, 10.36279146658910477, 5.536661923399911700 ) ) ;
#2400 = CARTESIAN_POINT ( 'NONE',  ( -13.73125189653952916, 14.99996709349432145, -2.485360816083348023 ) ) ;
#2402 = ORIENTED_EDGE ( 'NONE', *, *, #1986, .F. ) ;
#2403 = CARTESIAN_POINT ( 'NONE',  ( -10.95000009850236644, 9.000000000000000000, 5.999999999999998224 ) ) ;
#2404 = CARTESIAN_POINT ( 'NONE',  ( -8.068710866343868915, 9.320323391543235303, -5.701393458998245123 ) ) ;
#2405 = CARTESIAN_POINT ( 'NONE',  ( -9.383845738011107329, 7.318027332919466943, 5.456590268826986723 ) ) ;
#2406 = CARTESIAN_POINT ( 'NONE',  ( -10.36516537155363515, 7.624776945459845301, 5.459321679543451822 ) ) ;
#2407 = EDGE_LOOP ( 'NONE', ( #7176, #6843, #1378, #3671 ) ) ;
#2408 = DIRECTION ( 'NONE',  ( 0.0000000000000000000, 0.0000000000000000000, 1.000000000000000000 ) ) ;
#2410 = CARTESIAN_POINT ( 'NONE',  ( -11.57575771093228489, 12.67127338220578281, -4.373487132763781204 ) ) ;
#2409 = CARTESIAN_POINT ( 'NONE',  ( -5.077388019970960009, 14.94848591072018174, 3.686320259725366810 ) ) ;
#2411 = DIRECTION ( 'NONE',  ( 1.000000000000000000, -0.0000000000000000000, -0.0000000000000000000 ) ) ;
#2412 = ORIENTED_EDGE ( 'NONE', *, *, #3690, .T. ) ;
#2413 = FACE_OUTER_BOUND ( 'NONE', #7170, .T. ) ;
#2414 = CARTESIAN_POINT ( 'NONE',  ( -9.433542758307005727, 9.301684091814331978, 5.702194292881658022 ) ) ;
#2415 = CIRCLE ( 'NONE', #7598, 0.6000000000000003109 ) ;
#2416 = LINE ( 'NONE', #7332, #731 ) ;
#2417 = CARTESIAN_POINT ( 'NONE',  ( -11.34375084327952266, 11.48523483828331848, -6.000000000000000888 ) ) ;
#2418 = CARTESIAN_POINT ( 'NONE',  ( -9.093751896539533419, 6.514798068041888435, 6.000032905453838161 ) ) ;
#2419 = CARTESIAN_POINT ( 'NONE',  ( -13.55000189653953058, 8.999925603094688142, -5.618955715758048086 ) ) ;
#2420 = CARTESIAN_POINT ( 'NONE',  ( -13.00900791818614977, 3.786752298450264398, 2.330443266959093762 ) ) ;
#2421 = ORIENTED_EDGE ( 'NONE', *, *, #2080, .F. ) ;
#2422 = CARTESIAN_POINT ( 'NONE',  ( -9.275001896539530222, 3.381044284241951026, 7.439690531061725408E-05 ) ) ;
#2423 = CLOSED_SHELL ( 'NONE', ( #5871, #5260, #6458, #3394, #7258, #5821 ) ) ;
#2424 = CARTESIAN_POINT ( 'NONE',  ( -10.36219229225111782, 10.43417138272096523, 5.526866558669281559 ) ) ;
#2425 = CARTESIAN_POINT ( 'NONE',  ( -8.566290563586401063, 7.670167550134773471, 5.462136864214380161 ) ) ;
#2426 = CARTESIAN_POINT ( 'NONE',  ( -7.237501896539530577, 4.757415487273786603, 4.242696860768593758 ) ) ;
#2427 = CARTESIAN_POINT ( 'NONE',  ( -6.983987074356702074, 12.96911523561756319, 4.105069496822570052 ) ) ;
#2428 = CARTESIAN_POINT ( 'NONE',  ( -10.84280222968765806, 12.03636862528716378, -4.835056934073106660 ) ) ;
#2429 = CARTESIAN_POINT ( 'NONE',  ( -12.77500189653953022, 14.99999999947407936, -7.944206262056783218E-05 ) ) ;
#2430 = CARTESIAN_POINT ( 'NONE',  ( -12.10000189653952951, 8.999920557937377552, -5.999999999474078471 ) ) ;
#2431 = ORIENTED_EDGE ( 'NONE', *, *, #1340, .T. ) ;
#2432 = CIRCLE ( 'NONE', #3211, 0.09999999999999939493 ) ;
#2433 = DIRECTION ( 'NONE',  ( 1.000000000000000000, -0.0000000000000000000, -0.0000000000000000000 ) ) ;
#2434 = CARTESIAN_POINT ( 'NONE',  ( -6.605918532317073932, 4.734480866893052031, 3.795840229041478331 ) ) ;
#2435 = CARTESIAN_POINT ( 'NONE',  ( -11.00110200922869375, 6.079167366905826597, -4.906554202388743846 ) ) ;
#2436 = CARTESIAN_POINT ( 'NONE',  ( -5.094913538814383358, 13.99729146678885527, -4.902416684434153460 ) ) ;
#2437 = ADVANCED_FACE ( 'NONE', ( #7722 ), #6494, .F. ) ;
#2438 = CARTESIAN_POINT ( 'NONE',  ( -8.669022057711311291, 8.807582231911588622, 5.706201732865490150 ) ) ;
#2439 = CARTESIAN_POINT ( 'NONE',  ( -8.027549923101767959, 14.58996054719961855, -1.166316737437880224 ) ) ;
#2440 = CARTESIAN_POINT ( 'NONE',  ( -5.000000000000001776, 14.90000000000000036, 3.605551275463990013 ) ) ;
#2442 = CARTESIAN_POINT ( 'NONE',  ( -12.36676247675315565, 12.43513366063278269, 4.561344742330608604 ) ) ;
#2441 = CARTESIAN_POINT ( 'NONE',  ( -13.39375189653952880, 6.514798068041888435, 6.000032905453838161 ) ) ;
#2443 = MANIFOLD_SOLID_BREP ( '??3', #4254 ) ;
#2444 = VERTEX_POINT ( 'NONE', #5811 ) ;
#2445 = CARTESIAN_POINT ( 'NONE',  ( -12.75000009850236538, 9.000000000000000000, 5.999999999999998224 ) ) ;
#2446 = CARTESIAN_POINT ( 'NONE',  ( -9.185624706941990070, 3.334715402342098400, -0.6446760573514097592 ) ) ;
#2447 = CARTESIAN_POINT ( 'NONE',  ( -10.21930435234430057, 5.130179803739538968, 4.198874067962471202 ) ) ;
#2448 = ORIENTED_EDGE ( 'NONE', *, *, #3435, .T. ) ;
#2449 = SURFACE_SIDE_STYLE ('',( #5395 ) ) ;
#2450 = ADVANCED_FACE ( 'NONE', ( #5178 ), #5965, .F. ) ;
#2451 = CARTESIAN_POINT ( 'NONE',  ( -7.385552993682122036, 6.615038908677367324, -5.188317793130329925 ) ) ;
#2452 = CARTESIAN_POINT ( 'NONE',  ( -5.100000000000002309, 14.85142346511321243, 3.842485463533582113 ) ) ;
#2453 = CARTESIAN_POINT ( 'NONE',  ( -13.00000000000000000, 13.49769167908173628, 3.769291198439268520 ) ) ;
#2454 = ORIENTED_EDGE ( 'NONE', *, *, #6250, .T. ) ;
#2455 = CARTESIAN_POINT ( 'NONE',  ( -6.981251896539530044, 3.000032906505680774, 2.485360816083349800 ) ) ;
#2456 = CARTESIAN_POINT ( 'NONE',  ( -9.634813877774325519, 11.35884097508671609, 5.200145647687260286 ) ) ;
#2457 = EDGE_CURVE ( 'NONE', #2148, #1348, #3529, .T. ) ;
#2458 = CARTESIAN_POINT ( 'NONE',  ( -7.418483960318237536, 5.510259664056549767, -4.518737057507875576 ) ) ;
#2459 = FACE_OUTER_BOUND ( 'NONE', #4315, .T. ) ;
#2460 = CARTESIAN_POINT ( 'NONE',  ( -10.78125189653952987, 3.000032906505680774, 2.485360816083349800 ) ) ;
#2461 = CARTESIAN_POINT ( 'NONE',  ( -14.00000189653952987, 9.000074396905310081, 5.618955715758048086 ) ) ;
#2462 = CARTESIAN_POINT ( 'NONE',  ( -13.04503577033572270, 4.526866081357505678, 3.535988123366597513 ) ) ;
#2463 = ORIENTED_EDGE ( 'NONE', *, *, #2340, .F. ) ;
#2464 = CARTESIAN_POINT ( 'NONE',  ( -7.137501896539530044, 12.97314908324318061, -3.973254296355671400 ) ) ;
#2465 = CARTESIAN_POINT ( 'NONE',  ( -8.738238356110763050, 14.67635576162765965, 0.5395889192435892046 ) ) ;
#2466 = CARTESIAN_POINT ( 'NONE',  ( -12.04375084327952017, 11.48523483828331848, -6.000000000000000888 ) ) ;
#2467 = CARTESIAN_POINT ( 'NONE',  ( -6.743393041651928321, 4.478342935884798592, 3.487133402444306363 ) ) ;
#2468 = CARTESIAN_POINT ( 'NONE',  ( -10.86925178819283389, 11.11962603909359260, -5.301580878820575826 ) ) ;
#2469 = CARTESIAN_POINT ( 'NONE',  ( -12.55000189653953058, 9.000079442062618895, 5.999999999474079360 ) ) ;
#2470 = CYLINDRICAL_SURFACE ( 'NONE', #622, 0.1000000000000002554 ) ;
#2471 = CARTESIAN_POINT ( 'NONE',  ( -7.993751896539531110, 6.514798068041889323, 6.000032905453837273 ) ) ;
#2472 = ORIENTED_EDGE ( 'NONE', *, *, #3984, .T. ) ;
#2473 = CARTESIAN_POINT ( 'NONE',  ( -12.59313500847899014, 8.307315501278594638, -5.667808500131418903 ) ) ;
#2474 = DIRECTION ( 'NONE',  ( 0.0000000000000000000, 1.000000000000000000, 0.0000000000000000000 ) ) ;
#2475 = CARTESIAN_POINT ( 'NONE',  ( -11.04944794472295655, 3.611918172290610851, 1.891049574506501685 ) ) ;
#2476 = CARTESIAN_POINT ( 'NONE',  ( -8.349041666985479893, 4.603081870914198070, -3.642134670554032727 ) ) ;
#2477 = CARTESIAN_POINT ( 'NONE',  ( -5.062244340187693759, 4.101874214429849452, -4.992520504807408166 ) ) ;
#2478 = DIRECTION ( 'NONE',  ( 0.0000000000000000000, 0.0000000000000000000, 1.000000000000000000 ) ) ;
#2480 = CARTESIAN_POINT ( 'NONE',  ( -12.54899166980147029, 14.35172496289057342, -1.967450448074543168 ) ) ;
#2479 = CARTESIAN_POINT ( 'NONE',  ( -11.25625189653952951, 6.514639183916651533, -5.999967093494321446 ) ) ;
#2481 = ORIENTED_EDGE ( 'NONE', *, *, #422, .T. ) ;
#2482 = DIRECTION ( 'NONE',  ( 0.0000000000000000000, -1.000000000000000000, 0.0000000000000000000 ) ) ;
#2483 = CARTESIAN_POINT ( 'NONE',  ( -9.300153211841061918, 4.589688233750355728, 3.613892063913983321 ) ) ;
#2484 = CARTESIAN_POINT ( 'NONE',  ( -10.18446283327408430, 4.219966098507481611, 3.108626428897458105 ) ) ;
#2485 = ORIENTED_EDGE ( 'NONE', *, *, #1098, .F. ) ;
#2486 =( NAMED_UNIT ( * ) PLANE_ANGLE_UNIT ( ) SI_UNIT ( $, .RADIAN. ) );
#2487 = CARTESIAN_POINT ( 'NONE',  ( -7.247570432751356151, 6.288776771397609267, -5.025444408982549405 ) ) ;
#2488 = CARTESIAN_POINT ( 'NONE',  ( -11.80344013029980133, 4.565307897595523023, -3.584038362499180064 ) ) ;
#2489 = CARTESIAN_POINT ( 'NONE',  ( -13.00000000000000355, 14.91314795514911928, 0.8262912588533380953 ) ) ;
#2490 = VERTEX_POINT ( 'NONE', #7957 ) ;
#2491 = EDGE_CURVE ( 'NONE', #3212, #1551, #438, .T. ) ;
#2492 = ADVANCED_FACE ( 'NONE', ( #494 ), #2397, .F. ) ;
#2493 = CARTESIAN_POINT ( 'NONE',  ( -19.56384603125850674, 13.82119924832696078, 0.8764381626519401891 ) ) ;
#2494 = CARTESIAN_POINT ( 'NONE',  ( -9.668490195371683527, 14.19741324427935325, 2.163586744787977967 ) ) ;
#2495 = CARTESIAN_POINT ( 'NONE',  ( -7.335465740763097209, 8.512900412476531287, -5.680922942990960678 ) ) ;
#2496 = DIRECTION ( 'NONE',  ( 0.0000000000000000000, 0.0000000000000000000, -1.000000000000000000 ) ) ;
#2497 = CARTESIAN_POINT ( 'NONE',  ( -8.106251896539530932, 11.48536081608334847, 5.999967093494318782 ) ) ;
#2498 = CARTESIAN_POINT ( 'NONE',  ( -10.56875189653952951, 14.61898653196522524, 2.327373266935493845 ) ) ;
#2499 = CARTESIAN_POINT ( 'NONE',  ( -12.95803132964416626, 4.284899419437836698, 3.061186482397072695 ) ) ;
#2500 = ORIENTED_EDGE ( 'NONE', *, *, #6904, .F. ) ;
#2501 = CARTESIAN_POINT ( 'NONE',  ( -6.300163385130714389, 10.92172801557488349, -5.280115981239388745 ) ) ;
#2502 = ADVANCED_FACE ( 'NONE', ( #452 ), #2315, .F. ) ;
#2503 = CARTESIAN_POINT ( 'NONE',  ( -8.873658473050422657, 14.30535456450039966, -1.883438422349666075 ) ) ;
#2504 = PRESENTATION_LAYER_ASSIGNMENT (  '', '', ( #3533 ) ) ;
#2505 = CARTESIAN_POINT ( 'NONE',  ( 3.999999999999996447, 0.5000000000000004441, -4.599999999999997868 ) ) ;
#2506 = CARTESIAN_POINT ( 'NONE',  ( -6.829217301489197922, 10.16313294347172125, 5.508414726142050633 ) ) ;
#2507 = CARTESIAN_POINT ( 'NONE',  ( -12.03448596344599508, 3.320777048362345774, -0.5874036242577479472 ) ) ;
#2508 = CARTESIAN_POINT ( 'NONE',  ( -20.50000000000000000, 9.000000000000000000, 0.0000000000000000000 ) ) ;
#2509 =( BOUNDED_CURVE ( )  B_SPLINE_CURVE ( 2, ( #2523, #7516, #3752, #703, #3129, #5093, #5020, #1264, #7436, #170, #7551 ),
 .UNSPECIFIED., .F., .T. ) 
 B_SPLINE_CURVE_WITH_KNOTS ( ( 3, 2, 2, 2, 2, 3 ),
 ( 0.7777780180461115744, 0.7916666666666666297, 0.8055555555555555802, 0.8194444444444444198, 0.8333333333333333703, 0.8333335736016671547 ),
 .UNSPECIFIED. ) 
 CURVE ( )  GEOMETRIC_REPRESENTATION_ITEM ( )  RATIONAL_B_SPLINE_CURVE ( ( 0.9999973663809044178, 0.9238808493436148073, 1.000000000000000000, 0.9238795325112867385, 1.000000000000000000, 0.9238795325112867385, 1.000000000000000000, 0.9238795325112867385, 1.000000000000000000, 0.9999986831676719312, 0.9999973663809044178 ) ) 
 REPRESENTATION_ITEM ( '' )  );
#2510 = CARTESIAN_POINT ( 'NONE',  ( -10.18750189653952987, 13.24258451272621073, -4.242696860768593758 ) ) ;
#2511 = VERTEX_POINT ( 'NONE', #2271 ) ;
#2512 = CARTESIAN_POINT ( 'NONE',  ( -12.67379159745121520, 5.425673633955358177, -4.452719834422147471 ) ) ;
#2513 = LINE ( 'NONE', #3818, #44 ) ;
#2514 = CARTESIAN_POINT ( 'NONE',  ( -11.06147489638411940, 3.397359707531352413, -0.5528691249273164354 ) ) ;
#2515 = AXIS2_PLACEMENT_3D ( 'NONE', #7198, #2764, #4672 ) ;
#2516 = FACE_OUTER_BOUND ( 'NONE', #7815, .T. ) ;
#2517 = CARTESIAN_POINT ( 'NONE',  ( -8.980121924642773479, 13.82336475515604057, -3.055093342816365798 ) ) ;
#2518 = CARTESIAN_POINT ( 'NONE',  ( -5.076043712502855243, 4.069450546038818395, -4.965638543889745016 ) ) ;
#2519 = DIRECTION ( 'NONE',  ( -1.000000000000000000, -0.0000000000000000000, -0.0000000000000000000 ) ) ;
#2521 = CARTESIAN_POINT ( 'NONE',  ( -12.66050398062834859, 11.43096819209927162, -5.166917663211587630 ) ) ;
#2520 = CARTESIAN_POINT ( 'NONE',  ( -11.48125189653953093, 3.000032906505680774, 2.485360816083349800 ) ) ;
#2522 = ORIENTED_EDGE ( 'NONE', *, *, #1066, .T. ) ;
#2523 = CARTESIAN_POINT ( 'NONE',  ( -8.050000098502364310, 9.000000000000000000, 5.999999999999998224 ) ) ;
#2524 = VECTOR ( 'NONE', #4699, 1000.000000000000000 ) ;
#2525 = CARTESIAN_POINT ( 'NONE',  ( -8.439136632984673980, 5.755511244765883383, 4.698842564070869088 ) ) ;
#2526 = CARTESIAN_POINT ( 'NONE',  ( -10.23088211402024328, 3.793180884958805343, 2.141515341853265753 ) ) ;
#2527 = EDGE_LOOP ( 'NONE', ( #5148, #5327, #5184, #6259 ) ) ;
#2528 = AXIS2_PLACEMENT_3D ( 'NONE', #3362, #7616, #2050 ) ;
#2529 = CARTESIAN_POINT ( 'NONE',  ( -7.636060683939226656, 4.305602516865149276, 3.250930398687075229 ) ) ;
#2531 = CARTESIAN_POINT ( 'NONE',  ( -11.87138414861768076, 3.418978991237092924, -1.207342472265730882 ) ) ;
#2530 = CARTESIAN_POINT ( 'NONE',  ( -12.24375189653953022, 11.48520193195810712, -6.000032905453839938 ) ) ;
#2532 = CYLINDRICAL_SURFACE ( 'NONE', #4825, 0.5999999999999998668 ) ;
#2533 = ORIENTED_EDGE ( 'NONE', *, *, #7696, .F. ) ;
#2534 = CIRCLE ( 'NONE', #3308, 3.300000000000000266 ) ;
#2535 = CARTESIAN_POINT ( 'NONE',  ( -9.570291744000456902, 11.64061244989695254, 4.972332192894975300 ) ) ;
#2536 = CARTESIAN_POINT ( 'NONE',  ( -7.081932810739099970, 14.69787846064644121, 0.7023071563873939382 ) ) ;
#2537 = CARTESIAN_POINT ( 'NONE',  ( 4.000000000000000000, -3.999999999999999112, 4.000000000000000000 ) ) ;
#2538 = EDGE_CURVE ( 'NONE', #8004, #465, #2873, .T. ) ;
#2539 = CARTESIAN_POINT ( 'NONE',  ( -8.443750843279520524, 11.48523483828331848, -6.000000000000000888 ) ) ;
#2540 = CARTESIAN_POINT ( 'NONE',  ( -10.45625189653953235, 11.32752206074611578, 5.618924899550870045 ) ) ;
#2541 = CARTESIAN_POINT ( 'NONE',  ( -12.82086789333109778, 3.354241370372532671, 0.7982540464715158768 ) ) ;
#2542 = ORIENTED_EDGE ( 'NONE', *, *, #1897, .F. ) ;
#2543 = CARTESIAN_POINT ( 'NONE',  ( -10.44199888608290827, 13.12806794011341971, 3.945147230868335964 ) ) ;
#2544 = CARTESIAN_POINT ( 'NONE',  ( -4.934933976368388819, 13.88559460330071538, 4.994993206100026839 ) ) ;
#2545 = CARTESIAN_POINT ( 'NONE',  ( -9.150000997523413560, 9.000039721031308559, 5.999999999999998224 ) ) ;
#2546 = CARTESIAN_POINT ( 'NONE',  ( -6.838406137235224058, 10.50835095335656888, 5.423946544811134807 ) ) ;
#2547 = ADVANCED_FACE ( 'NONE', ( #6697 ), #7349, .T. ) ;
#2548 = CARTESIAN_POINT ( 'NONE',  ( -11.94715867210977756, 4.652130797484506530, -3.700831469750115676 ) ) ;
#2549 = DIRECTION ( 'NONE',  ( 0.0000000000000000000, 0.0000000000000000000, -1.000000000000000000 ) ) ;
#2550 = CIRCLE ( 'NONE', #995, 0.2999999999999999334 ) ;
#2551 = AXIS2_PLACEMENT_3D ( 'NONE', #6650, #5504, #3491 ) ;
#2552 = CARTESIAN_POINT ( 'NONE',  ( -9.793751896539529156, 6.514798068041889323, 6.000032905453837273 ) ) ;
#2553 = CARTESIAN_POINT ( 'NONE',  ( -12.58454563982018648, 8.655119222739331875, -5.699496322634050927 ) ) ;
#2554 = CARTESIAN_POINT ( 'NONE',  ( -8.198212930611864735, 10.03434412698346101, -5.615932756562020067 ) ) ;
#2555 = FACE_OUTER_BOUND ( 'NONE', #3730, .T. ) ;
#2556 = AXIS2_PLACEMENT_3D ( 'NONE', #2194, #942, #4591 ) ;
#2557 = CARTESIAN_POINT ( 'NONE',  ( -11.35828936568098690, 8.364231068441055683, 5.674733012254329800 ) ) ;
#2558 = CLOSED_SHELL ( 'NONE', ( #7901, #4386, #2235, #4157 ) ) ;
#2559 = FACE_OUTER_BOUND ( 'NONE', #2740, .T. ) ;
#2560 = CARTESIAN_POINT ( 'NONE',  ( -9.644092743175876947, 11.68203218223002793, 5.040246973047796786 ) ) ;
#2561 = CARTESIAN_POINT ( 'NONE',  ( -5.100000000000006750, 3.934274476019191891, -4.830985915493021920 ) ) ;
#2562 = CARTESIAN_POINT ( 'NONE',  ( -24.00000000000000000, 9.000000000000000000, -4.699999999999999289 ) ) ;
#2564 = CARTESIAN_POINT ( 'NONE',  ( -12.61585558818060449, 12.89424181537636294, -4.176280906609377119 ) ) ;
#2563 = CARTESIAN_POINT ( 'NONE',  ( -9.625001896539529866, 3.000000000525919752, 7.944206261983304126E-05 ) ) ;
#2565 = CARTESIAN_POINT ( 'NONE',  ( -9.150000098502365731, 9.000000000000000000, 5.999999999999998224 ) ) ;
#2566 = VECTOR ( 'NONE', #3313, 1000.000000000000000 ) ;
#2567 = ORIENTED_EDGE ( 'NONE', *, *, #1109, .T. ) ;
#2568 = CARTESIAN_POINT ( 'NONE',  ( -8.272901204783131845, 3.406763676235841309, -1.148740965975868278 ) ) ;
#2569 = CARTESIAN_POINT ( 'NONE',  ( -10.11210811540992260, 3.307629778855108338, 0.4498887698352876940 ) ) ;
#2570 = EDGE_LOOP ( 'NONE', ( #3422, #5024, #3629, #3975 ) ) ;
#2571 = CARTESIAN_POINT ( 'NONE',  ( -7.653635232698255741, 4.744072307019497892, 3.806963007473698646 ) ) ;
#2572 = CARTESIAN_POINT ( 'NONE',  ( -11.76543213317125947, 8.374775532763601760, -5.586829111368407652 ) ) ;
#2573 = CARTESIAN_POINT ( 'NONE',  ( -4.987020572190798084, 4.193146813298407771, 4.982960080232486710 ) ) ;
#2574 = VERTEX_POINT ( 'NONE', #4777 ) ;
#2575 = APPLICATION_PROTOCOL_DEFINITION ( 'draft international standard', 'automotive_design', 1998, #6856 ) ;
#2576 = DIRECTION ( 'NONE',  ( 0.0000000000000000000, -1.000000000000000000, 0.0000000000000000000 ) ) ;
#2577 = CARTESIAN_POINT ( 'NONE',  ( -6.056251896539530222, 6.514639183916651533, -5.999967093494321446 ) ) ;
#2578 = CARTESIAN_POINT ( 'NONE',  ( -10.06250189653952987, 5.026745703644327712, -3.973149083243182833 ) ) ;
#2579 = EDGE_LOOP ( 'NONE', ( #650, #2370, #7933, #7142 ) ) ;
#2580 = CARTESIAN_POINT ( 'NONE',  ( -10.87478969683076890, 5.394267613210113055, -4.427428834209493402 ) ) ;
#2581 = CARTESIAN_POINT ( 'NONE',  ( -9.027240173037915483, 12.54191995228302403, -4.479001624970396556 ) ) ;
#2582 = CARTESIAN_POINT ( 'NONE',  ( -5.000000000000002665, 13.64758001544917043, 5.099999999999910827 ) ) ;
#2583 = CARTESIAN_POINT ( 'NONE',  ( -9.375001896539531643, 14.99999999947407936, -7.944206262056783218E-05 ) ) ;
#2584 = CARTESIAN_POINT ( 'NONE',  ( -6.803034063122928465, 9.121579686182567315, 5.628506187639269243 ) ) ;
#2585 = CARTESIAN_POINT ( 'NONE',  ( -11.58574562069477487, 14.68413350390611960, 0.5365661647031036985 ) ) ;
#2586 = CARTESIAN_POINT ( 'NONE',  ( -9.062501896539529866, 13.24269686076859287, 4.242584512726211621 ) ) ;
#2587 = ADVANCED_FACE ( 'NONE', ( #6734 ), #7882, .T. ) ;
#2588 = CARTESIAN_POINT ( 'NONE',  ( -12.83128003406790896, 3.419379411174438221, 1.208294937093868704 ) ) ;
#2589 = CARTESIAN_POINT ( 'NONE',  ( -8.231651093208430581, 5.983900506277452180, -4.744125978208003858 ) ) ;
#2590 = CARTESIAN_POINT ( 'NONE',  ( -6.393725715689368982, 4.821664850741451680, -3.891579233105926239 ) ) ;
#2591 = CARTESIAN_POINT ( 'NONE',  ( -11.25760890498365718, 7.344599892600733426, 5.380895344859711216 ) ) ;
#2592 = DIRECTION ( 'NONE',  ( 0.0000000000000000000, 1.000000000000000000, 0.0000000000000000000 ) ) ;
#2593 = CARTESIAN_POINT ( 'NONE',  ( -9.487879976251351266, 5.800988896117070581, 4.729038159073734704 ) ) ;
#2594 = DIRECTION ( 'NONE',  ( 0.0000000000000000000, -0.0000000000000000000, -1.000000000000000000 ) ) ;
#2595 = CARTESIAN_POINT ( 'NONE',  ( 0.0000000000000000000, 0.5000000000000004441, 3.300000000000000266 ) ) ;
#2597 = CARTESIAN_POINT ( 'NONE',  ( -12.40172405823567203, 14.35042863988856787, -1.970973780491541705 ) ) ;
#2596 = CARTESIAN_POINT ( 'NONE',  ( -12.43750189653952987, 4.757415487273786603, 4.242696860768593758 ) ) ;
#2598 = DIRECTION ( 'NONE',  ( 0.0000000000000000000, -1.000000000000000000, 0.0000000000000000000 ) ) ;
#2599 = ORIENTED_EDGE ( 'NONE', *, *, #2938, .F. ) ;
#2600 = EDGE_CURVE ( 'NONE', #3549, #6228, #7303, .T. ) ;
#2601 = CARTESIAN_POINT ( 'NONE',  ( -8.378572036352418095, 4.090336449821393217, 2.915122606655661475 ) ) ;
#2602 = CARTESIAN_POINT ( 'NONE',  ( -10.70574335474640826, 14.70250992416237779, -0.2952171882467615749 ) ) ;
#2603 = CARTESIAN_POINT ( 'NONE',  ( -7.474186221312785428, 4.035613333284045368, -2.822037000527249262 ) ) ;
#2604 = CARTESIAN_POINT ( 'NONE',  ( -12.02764587324159962, 3.354809087926763578, -0.8604041254794034810 ) ) ;
#2605 = CARTESIAN_POINT ( 'NONE',  ( -4.904337272886261978, 4.252280647445322082, 5.000296095095241533 ) ) ;
#2606 = CARTESIAN_POINT ( 'NONE',  ( -9.956108009079422061, 11.58120859903603339, -5.084259044752616141 ) ) ;
#2607 = CARTESIAN_POINT ( 'NONE',  ( -5.082699894943078611, 13.94737747936836314, 4.957570964972125793 ) ) ;
#2608 = CARTESIAN_POINT ( 'NONE',  ( -7.518751896539530577, 15.00003290545384260, 2.485201931958106236 ) ) ;
#2609 = CARTESIAN_POINT ( 'NONE',  ( -10.34375189653952987, 6.672626733064500826, 5.618986531965226128 ) ) ;
#2610 = LINE ( 'NONE', #5698, #6523 ) ;
#2611 = ORIENTED_EDGE ( 'NONE', *, *, #5770, .F. ) ;
#2612 = CARTESIAN_POINT ( 'NONE',  ( -9.948609084973316641, 6.253235798707106774, -5.006018655672132667 ) ) ;
#2613 = CARTESIAN_POINT ( 'NONE',  ( -4.900000000000001243, 4.352419984550751408, -5.100000000000001421 ) ) ;
#2614 = FACE_OUTER_BOUND ( 'NONE', #7115, .T. ) ;
#2615 = AXIS2_PLACEMENT_3D ( 'NONE', #1093, #3574, #6037 ) ;
#2616 = CARTESIAN_POINT ( 'NONE',  ( -7.098022997631407982, 13.92201913572939453, -2.732782616792357011 ) ) ;
#2617 = CARTESIAN_POINT ( 'NONE',  ( -12.08522210790950702, 3.480151140581173586, 1.459234455397964147 ) ) ;
#2618 = CARTESIAN_POINT ( 'NONE',  ( 4.000000000000000000, -3.999999999999999112, 3.400000000000000355 ) ) ;
#2619 = MECHANICAL_DESIGN_GEOMETRIC_PRESENTATION_REPRESENTATION (  '', ( #3533 ), #6778 ) ;
#2620 = CARTESIAN_POINT ( 'NONE',  ( -8.284124744622779701, 4.451064607778851823, -3.316914870632705181 ) ) ;
#2621 = CARTESIAN_POINT ( 'NONE',  ( -11.42902914105548540, 11.15279377579195952, 5.288809132744045627 ) ) ;
#2622 = LINE ( 'NONE', #5087, #5341 ) ;
#2623 = CARTESIAN_POINT ( 'NONE',  ( -9.600020890573286891, 10.06801692318916963, 5.608858190478103189 ) ) ;
#2624 = PLANE ( 'NONE',  #3160 ) ;
#2625 = CARTESIAN_POINT ( 'NONE',  ( -12.69375084327952052, 6.514765161716677966, 5.999999999999998224 ) ) ;
#2626 = DIRECTION ( 'NONE',  ( 0.0000000000000000000, 0.0000000000000000000, 1.000000000000000000 ) ) ;
#2627 = AXIS2_PLACEMENT_3D ( 'NONE', #7932, #4826, #3101 ) ;
#2628 = ADVANCED_FACE ( 'NONE', ( #1820 ), #1330, .T. ) ;
#2629 = CARTESIAN_POINT ( 'NONE',  ( -12.21250189653953022, 4.757303139231405353, -4.242584512726213397 ) ) ;
#2630 = ORIENTED_EDGE ( 'NONE', *, *, #2491, .F. ) ;
#2631 = AXIS2_PLACEMENT_3D ( 'NONE', #4326, #4249, #1151 ) ;
#2632 = CARTESIAN_POINT ( 'NONE',  ( -8.298885008142894648, 3.291068202022770617, -0.1063378595409309874 ) ) ;
#2633 = CARTESIAN_POINT ( 'NONE',  ( -10.59424736234438313, 14.44390303712152246, -1.695903455662496562 ) ) ;
#2634 = ADVANCED_FACE ( 'NONE', ( #2559 ), #5675, .T. ) ;
#2635 = CARTESIAN_POINT ( 'NONE',  ( -12.07500189653953093, 14.99999999947407936, -7.944206262056783218E-05 ) ) ;
#2636 = AXIS2_PLACEMENT_3D ( 'NONE', #5756, #5800, #3280 ) ;
#2637 = EDGE_LOOP ( 'NONE', ( #3092, #408, #2722, #665 ) ) ;
#2638 = ORIENTED_EDGE ( 'NONE', *, *, #77, .F. ) ;
#2639 = CARTESIAN_POINT ( 'NONE',  ( -7.418751896539530044, 3.381013468034773428, -2.327373266935496954 ) ) ;
#2640 =( BOUNDED_CURVE ( )  B_SPLINE_CURVE ( 2, ( #6446, #890, #7753, #5292, #3215, #3405, #366, #2745, #5686, #245, #2827 ),
 .UNSPECIFIED., .F., .T. ) 
 B_SPLINE_CURVE_WITH_KNOTS ( ( 3, 2, 2, 2, 2, 3 ),
 ( 0.2222224624905559942, 0.2361111111111111049, 0.2500000000000000000, 0.2638888888888888951, 0.2777777777777777901, 0.2777780180461115744 ),
 .UNSPECIFIED. ) 
 CURVE ( )  GEOMETRIC_REPRESENTATION_ITEM ( )  RATIONAL_B_SPLINE_CURVE ( ( 0.9999973663809044178, 0.9238808493436148073, 1.000000000000000000, 0.9238795325112867385, 1.000000000000000000, 0.9238795325112867385, 1.000000000000000000, 0.9238795325112867385, 1.000000000000000000, 0.9999986831676719312, 0.9999973663809044178 ) ) 
 REPRESENTATION_ITEM ( '' )  );
#2641 = CARTESIAN_POINT ( 'NONE',  ( -9.845301988229174128, 10.24905585426976806, -5.572092382865319493 ) ) ;
#2642 =( GEOMETRIC_REPRESENTATION_CONTEXT ( 3 ) GLOBAL_UNCERTAINTY_ASSIGNED_CONTEXT ( ( #3191 ) ) GLOBAL_UNIT_ASSIGNED_CONTEXT ( ( #6765, #7300, #4844 ) ) REPRESENTATION_CONTEXT ( 'NONE', 'WORKASPACE' ) );
#2643 = DIRECTION ( 'NONE',  ( -0.0000000000000000000, 1.000000000000000000, -0.0000000000000000000 ) ) ;
#2644 = CARTESIAN_POINT ( 'NONE',  ( -7.181251896539530222, 3.000032906505680774, 2.485360816083349800 ) ) ;
#2646 = CARTESIAN_POINT ( 'NONE',  ( -10.11875189653953200, 3.381013468034773428, -2.327373266935496954 ) ) ;
#2645 = CARTESIAN_POINT ( 'NONE',  ( -19.80000000000000071, 4.183362168483081511, 0.9000000000000003553 ) ) ;
#2647 = CARTESIAN_POINT ( 'NONE',  ( 4.899999999999996803, 0.09999999999999939493, -5.000000000000000888 ) ) ;
#2648 = ORIENTED_EDGE ( 'NONE', *, *, #7003, .T. ) ;
#2649 = CARTESIAN_POINT ( 'NONE',  ( -9.992149823399115505, 4.867604496542393910, -3.940305490192042015 ) ) ;
#2650 = CARTESIAN_POINT ( 'NONE',  ( -9.004838207395646776, 7.847272399781819452, -5.592566680936936763 ) ) ;
#2651 = CARTESIAN_POINT ( 'NONE',  ( -5.000000000000009770, 14.13809303146624785, 4.900000000000031442 ) ) ;
#2652 = DIRECTION ( 'NONE',  ( -1.000000000000000000, 0.0000000000000000000, 0.0000000000000000000 ) ) ;
#2653 = CARTESIAN_POINT ( 'NONE',  ( -7.171656928000413878, 13.99319438889845735, -2.770159810009641177 ) ) ;
#2654 = CARTESIAN_POINT ( 'NONE',  ( -11.51571666111422765, 13.79088572629945375, 3.105591366857888502 ) ) ;
#2655 = DIRECTION ( 'NONE',  ( -0.0000000000000000000, 1.000000000000000000, -0.0000000000000000000 ) ) ;
#2656 = ORIENTED_EDGE ( 'NONE', *, *, #2353, .F. ) ;
#2657 = CARTESIAN_POINT ( 'NONE',  ( -6.812501896539529866, 4.757303139231405353, -4.242584512726212509 ) ) ;
#2658 = CARTESIAN_POINT ( 'NONE',  ( -12.13480445037104083, 9.355919310884235784, 5.699019124142250980 ) ) ;
#2659 = CARTESIAN_POINT ( 'NONE',  ( -8.617160429757747764, 6.805071369243975710, 5.271482436806019578 ) ) ;
#2660 = CARTESIAN_POINT ( 'NONE',  ( -11.14735368862165643, 6.030465385482847829, 4.867649473329917598 ) ) ;
#2661 = CARTESIAN_POINT ( 'NONE',  ( -6.327705153674718197, 6.990103507695330620, -5.344980675610171872 ) ) ;
#2662 = CARTESIAN_POINT ( 'NONE',  ( -9.470842411118809423, 5.258529436467595630, 4.312637920078368658 ) ) ;
#2663 = DIRECTION ( 'NONE',  ( 0.0000000000000000000, 1.000000000000000000, 0.0000000000000000000 ) ) ;
#2664 = CARTESIAN_POINT ( 'NONE',  ( -4.900000000002045830, 13.73475735304103651, -5.000000000005705658 ) ) ;
#2665 = DIRECTION ( 'NONE',  ( -1.000000000000000000, 0.0000000000000000000, 0.0000000000000000000 ) ) ;
#2666 = CARTESIAN_POINT ( 'NONE',  ( -7.375001896539529866, 14.99999999947407936, -7.944206262056783218E-05 ) ) ;
#2667 = LINE ( 'NONE', #4430, #6394 ) ;
#2668 = VERTEX_POINT ( 'NONE', #6241 ) ;
#2669 = AXIS2_PLACEMENT_3D ( 'NONE', #3372, #3903, #7139 ) ;
#2670 = CARTESIAN_POINT ( 'NONE',  ( -20.25393414432316064, 13.83677645368018361, 0.7859265616371786667 ) ) ;
#2671 = CARTESIAN_POINT ( 'NONE',  ( -8.562828951140845746, 10.45829923845264098, 5.520606543626867868 ) ) ;
#2672 = ADVANCED_FACE ( 'NONE', ( #3861 ), #6165, .T. ) ;
#2673 = CARTESIAN_POINT ( 'NONE',  ( -10.55496492651365514, 12.05011510607237923, 4.827255029082487603 ) ) ;
#2674 = CARTESIAN_POINT ( 'NONE',  ( -4.900000000000001243, 0.1000000000000000056, -4.900000000000000355 ) ) ;
#2675 = CARTESIAN_POINT ( 'NONE',  ( -6.753680657716729208, 4.746906148608595721, 3.809308324410447089 ) ) ;
#2676 = CARTESIAN_POINT ( 'NONE',  ( -7.419005647260705771, 3.794772485840112619, -2.145495740150745512 ) ) ;
#2677 = CARTESIAN_POINT ( 'NONE',  ( -9.568751896539531288, 2.999967094546160951, -2.485201931958109345 ) ) ;
#2678 = AXIS2_PLACEMENT_3D ( 'NONE', #2958, #6690, #1733 ) ;
#2680 = CARTESIAN_POINT ( 'NONE',  ( -12.15247834462390664, 4.712538326420325774, 3.771465727632071552 ) ) ;
#2679 = CARTESIAN_POINT ( 'NONE',  ( -11.11875189653953022, 15.00003290545384260, 2.485201931958106236 ) ) ;
#2681 = CARTESIAN_POINT ( 'NONE',  ( -5.100000002398381582, 3.968765365892195085, 4.867152732004091042 ) ) ;
#2682 = ORIENTED_EDGE ( 'NONE', *, *, #23, .T. ) ;
#2683 = ADVANCED_FACE ( 'NONE', ( #2516 ), #6774, .T. ) ;
#2684 = EDGE_CURVE ( 'NONE', #5393, #3715, #1078, .T. ) ;
#2685 = MECHANICAL_DESIGN_GEOMETRIC_PRESENTATION_REPRESENTATION (  '', ( #4133 ), #4631 ) ;
#2686 = CARTESIAN_POINT ( 'NONE',  ( -9.775429489858890264, 14.27485774001455354, -1.944085254607293090 ) ) ;
#2687 = DIRECTION ( 'NONE',  ( 0.0000000000000000000, 0.0000000000000000000, -1.000000000000000000 ) ) ;
#2689 = CARTESIAN_POINT ( 'NONE',  ( -7.868751896539530222, 14.61898653196522524, 2.327373266935493845 ) ) ;
#2688 = FACE_OUTER_BOUND ( 'NONE', #1072, .T. ) ;
#2690 = CARTESIAN_POINT ( 'NONE',  ( -12.99595878487273204, 7.776253432217933970, 5.577530593005869619 ) ) ;
#2691 = PRESENTATION_LAYER_ASSIGNMENT (  '', '', ( #4012 ) ) ;
#2692 = ORIENTED_EDGE ( 'NONE', *, *, #7417, .F. ) ;
#2693 = EDGE_CURVE ( 'NONE', #5958, #1540, #3172, .T. ) ;
#2694 = CARTESIAN_POINT ( 'NONE',  ( -9.622559600797320201, 14.59064995159517331, 1.162004522327171996 ) ) ;
#2695 = DIRECTION ( 'NONE',  ( 0.0000000000000000000, 1.000000000000000000, 0.0000000000000000000 ) ) ;
#2696 = CARTESIAN_POINT ( 'NONE',  ( -10.35625189653953093, 6.514639183916653309, -5.999967093494320558 ) ) ;
#2697 = CARTESIAN_POINT ( 'NONE',  ( -6.926419220664792320, 14.61975605430451886, 1.012098166986828973 ) ) ;
#2698 = CARTESIAN_POINT ( 'NONE',  ( -12.59519832945540152, 13.47624021617318846, -3.544094331488332639 ) ) ;
#2699 = EDGE_LOOP ( 'NONE', ( #7599, #7327, #3376, #2472, #5881, #6622 ) ) ;
#2700 = CARTESIAN_POINT ( 'NONE',  ( -12.87500189653952987, 3.381044284241951026, 7.439690531061725408E-05 ) ) ;
#2701 = CARTESIAN_POINT ( 'NONE',  ( -11.81712265187389654, 4.235282674520091106, -3.146447209793245658 ) ) ;
#2702 = CARTESIAN_POINT ( 'NONE',  ( -8.308879067122626694, 3.298387917150426230, 0.3160363086614551009 ) ) ;
#2703 = CARTESIAN_POINT ( 'NONE',  ( -11.38390413432589021, 9.427068822699039785, 5.694202759525308188 ) ) ;
#2704 = EDGE_LOOP ( 'NONE', ( #3772, #4218, #5201, #3751 ) ) ;
#2705 = CARTESIAN_POINT ( 'NONE',  ( -6.474972673236486287, 6.993629692729665059, -5.346303804035953178 ) ) ;
#2706 = CARTESIAN_POINT ( 'NONE',  ( -9.860016713783288367, 14.19630610155543771, -2.365763651761624953 ) ) ;
#2707 = DIRECTION ( 'NONE',  ( 1.000000000000000000, 0.0000000000000000000, 0.0000000000000000000 ) ) ;
#2708 = CYLINDRICAL_SURFACE ( 'NONE', #3854, 0.5999999999999980904 ) ;
#2710 = CARTESIAN_POINT ( 'NONE',  ( -12.56304670134788992, 9.547329431885769324, -5.675627771009501998 ) ) ;
#2709 = CARTESIAN_POINT ( 'NONE',  ( -6.650163340891512398, 11.05204992168750699, -5.638181543627543313 ) ) ;
#2711 = CARTESIAN_POINT ( 'NONE',  ( -9.850001896539531288, 9.000079442062618895, 5.999999999474079360 ) ) ;
#2712 = ORIENTED_EDGE ( 'NONE', *, *, #1710, .F. ) ;
#2713 = CARTESIAN_POINT ( 'NONE',  ( -5.100000000000002309, 14.06572552398066911, -4.830985915492901128 ) ) ;
#2714 = CARTESIAN_POINT ( 'NONE',  ( -7.690500187453930714, 11.46611021052039980, 5.150009346951445188 ) ) ;
#2715 = CARTESIAN_POINT ( 'NONE',  ( -10.51464555430916903, 14.51922781764096904, 1.464527473568764337 ) ) ;
#2716 = CARTESIAN_POINT ( 'NONE',  ( -7.322899370304972066, 9.028369393943100008, -5.709480123548389408 ) ) ;
#2717 = CARTESIAN_POINT ( 'NONE',  ( -7.648133319884080628, 9.891041492555217474, 5.640200148554447956 ) ) ;
#2718 = CARTESIAN_POINT ( 'NONE',  ( -4.954927305442480723, 4.055451823458825267, 4.984877132188224813 ) ) ;
#2720 = CARTESIAN_POINT ( 'NONE',  ( -12.09832140206842688, 3.631625116454376911, 1.946213931837640798 ) ) ;
#2719 = CARTESIAN_POINT ( 'NONE',  ( -10.27500189653953022, 14.99999999947407936, -7.944206262056783218E-05 ) ) ;
#2721 = CARTESIAN_POINT ( 'NONE',  ( -24.00000000000000000, 9.000000000000000000, -4.899999999999999467 ) ) ;
#2722 = ORIENTED_EDGE ( 'NONE', *, *, #7156, .T. ) ;
#2723 = CARTESIAN_POINT ( 'NONE',  ( -9.829550561451499746, 13.20700161617212842, -3.741120066481045114 ) ) ;
#2724 = DIRECTION ( 'NONE',  ( 0.0000000000000000000, 0.0000000000000000000, 1.000000000000000000 ) ) ;
#2726 = CARTESIAN_POINT ( 'NONE',  ( -13.65000189653953022, 9.000079442062618895, 5.999999999474079360 ) ) ;
#2725 = CARTESIAN_POINT ( 'NONE',  ( -6.000000000000001776, 9.000000000000000000, 7.000000000000000000 ) ) ;
#2727 = ADVANCED_FACE ( 'NONE', ( #3746 ), #5609, .T. ) ;
#2728 = CARTESIAN_POINT ( 'NONE',  ( -9.656251896539531643, 6.514639183916653309, -5.999967093494320558 ) ) ;
#2729 = EDGE_CURVE ( 'NONE', #2092, #984, #5472, .T. ) ;
#2730 = ORIENTED_EDGE ( 'NONE', *, *, #2984, .T. ) ;
#2731 = FACE_OUTER_BOUND ( 'NONE', #2570, .T. ) ;
#2732 = CARTESIAN_POINT ( 'NONE',  ( -9.763017583774878716, 13.05825026700476243, -4.016703680943736643 ) ) ;
#2733 = CARTESIAN_POINT ( 'NONE',  ( -9.108643404329217930, 9.621583901783905546, -5.676362533047512038 ) ) ;
#2734 = CARTESIAN_POINT ( 'NONE',  ( -12.75000189653952987, 9.000079442062618895, 5.999999999474079360 ) ) ;
#2735 = DIRECTION ( 'NONE',  ( -1.000000000000000000, 0.0000000000000000000, 0.0000000000000000000 ) ) ;
#2736 = CARTESIAN_POINT ( 'NONE',  ( -7.070501112665507293, 14.34468907281021011, -1.769089566353322374 ) ) ;
#2737 = CARTESIAN_POINT ( 'NONE',  ( -12.36223424480968802, 12.28584569817599892, 4.659765920337783029 ) ) ;
#2738 = FACE_OUTER_BOUND ( 'NONE', #6594, .T. ) ;
#2739 = EDGE_CURVE ( 'NONE', #6309, #2204, #6320, .T. ) ;
#2740 = EDGE_LOOP ( 'NONE', ( #5922, #7279, #199, #3384 ) ) ;
#2741 = CARTESIAN_POINT ( 'NONE',  ( -14.00000189653952987, 9.000074396905310081, 5.618955715758048086 ) ) ;
#2742 = CARTESIAN_POINT ( 'NONE',  ( -12.29393739673948716, 14.25837115613988360, 2.225521126445003883 ) ) ;
#2743 = CARTESIAN_POINT ( 'NONE',  ( -8.335425965172541751, 3.455958260577948860, 1.367151977317857314 ) ) ;
#2744 = CARTESIAN_POINT ( 'NONE',  ( -11.37052344641148593, 13.83748287081488648, 3.033851757181041719 ) ) ;
#2745 = CARTESIAN_POINT ( 'NONE',  ( -12.15625189653952987, 6.514639183916653309, -5.999967093494320558 ) ) ;
#2746 = CARTESIAN_POINT ( 'NONE',  ( -6.434506087526546736, 8.551783713064462944, -5.684267400902658807 ) ) ;
#2747 = CARTESIAN_POINT ( 'NONE',  ( -10.45575362271852171, 8.263213519201515922, 5.661661829733348306 ) ) ;
#2748 = LINE ( 'NONE', #3901, #4459 ) ;
#2749 = CARTESIAN_POINT ( 'NONE',  ( -3.999999999999996447, -3.999999999999999112, -4.000000000000000000 ) ) ;
#2751 = CARTESIAN_POINT ( 'NONE',  ( -12.62336849567118335, 10.06442005060227451, -5.528405998995647330 ) ) ;
#2750 = CARTESIAN_POINT ( 'NONE',  ( -9.343751896539535196, 11.48520193195810712, -6.000032905453839938 ) ) ;
#2752 = DIRECTION ( 'NONE',  ( 1.000000000000000000, -0.0000000000000000000, -0.0000000000000000000 ) ) ;
#2753 = ORIENTED_EDGE ( 'NONE', *, *, #2600, .T. ) ;
#2754 = CARTESIAN_POINT ( 'NONE',  ( -20.03751082945196416, 13.82128215826449846, 0.8759711031548274018 ) ) ;
#2755 = CARTESIAN_POINT ( 'NONE',  ( -7.539798799411513208, 5.780374549842463239, 4.705903471789652848 ) ) ;
#2756 = CARTESIAN_POINT ( 'NONE',  ( -10.58827949860938666, 14.44107299034895142, 1.445695541006085882 ) ) ;
#2757 = CARTESIAN_POINT ( 'NONE',  ( -12.13125189653953129, 14.99996709349432145, -2.485360816083348023 ) ) ;
#2758 = CARTESIAN_POINT ( 'NONE',  ( -7.805420750831367549, 10.28865516446234984, 5.594505503445538430 ) ) ;
#2759 = CARTESIAN_POINT ( 'NONE',  ( -7.715569618074225922, 6.748165390084548854, 5.247687026436156366 ) ) ;
#2760 = FILL_AREA_STYLE_COLOUR ( '', #7364 ) ;
#2762 = CARTESIAN_POINT ( 'NONE',  ( -11.92377468469602064, 3.371623828181212534, 0.9130592137124762253 ) ) ;
#2761 = CARTESIAN_POINT ( 'NONE',  ( -9.318751896539529511, 15.00003290545384260, 2.485201931958106236 ) ) ;
#2763 = ORIENTED_EDGE ( 'NONE', *, *, #4136, .T. ) ;
#2764 = DIRECTION ( 'NONE',  ( -1.000000000000000000, 0.0000000000000000000, 0.0000000000000000000 ) ) ;
#2765 = ORIENTED_EDGE ( 'NONE', *, *, #6749, .T. ) ;
#2766 =( BOUNDED_CURVE ( )  B_SPLINE_CURVE ( 2, ( #302, #6502, #7808, #4713, #7200, #1634, #4126, #6589, #1029, #3502, #5972 ),
 .UNSPECIFIED., .F., .F. ) 
 B_SPLINE_CURVE_WITH_KNOTS ( ( 3, 2, 2, 2, 2, 3 ),
 ( 0.6666669069350004140, 0.6805555555555555802, 0.6944444444444444198, 0.7083333333333333703, 0.7222222222222222099, 0.7222224624905559942 ),
 .UNSPECIFIED. ) 
 CURVE ( )  GEOMETRIC_REPRESENTATION_ITEM ( )  RATIONAL_B_SPLINE_CURVE ( ( 0.9999973663809044178, 0.9238808493436148073, 1.000000000000000000, 0.9238795325112867385, 1.000000000000000000, 0.9238795325112867385, 1.000000000000000000, 0.9238795325112867385, 1.000000000000000000, 0.9999986831676719312, 0.9999973663809044178 ) ) 
 REPRESENTATION_ITEM ( '' )  );
#2767 = CARTESIAN_POINT ( 'NONE',  ( -9.855353337390763357, 12.43599139854321223, -4.459674771775762991 ) ) ;
#2768 = DIRECTION ( 'NONE',  ( 0.0000000000000000000, 0.0000000000000000000, -1.000000000000000000 ) ) ;
#2769 = AXIS2_PLACEMENT_3D ( 'NONE', #5295, #3522, #7911 ) ;
#2771 = CARTESIAN_POINT ( 'NONE',  ( -6.856251896539530044, 11.32752206074611578, 5.618924899550870045 ) ) ;
#2770 = CARTESIAN_POINT ( 'NONE',  ( -11.79375084327952194, 6.514765161716677966, 5.999999999999998224 ) ) ;
#2772 = CARTESIAN_POINT ( 'NONE',  ( -5.014337777560321285, 14.92654782985389694, -3.690012493798825233 ) ) ;
#2773 = VERTEX_POINT ( 'NONE', #1859 ) ;
#2774 = AXIS2_PLACEMENT_3D ( 'NONE', #6235, #6155, #4268 ) ;
#2775 =( LENGTH_UNIT ( ) NAMED_UNIT ( * ) SI_UNIT ( .MILLI., .METRE. ) );
#2776 = CARTESIAN_POINT ( 'NONE',  ( -10.04514222761328490, 3.723611685346418732, -2.182420176771310061 ) ) ;
#2777 = CARTESIAN_POINT ( 'NONE',  ( -9.072955439481061646, 5.455191074511549942, -4.466174349031104107 ) ) ;
#2778 = EDGE_CURVE ( 'NONE', #1043, #5190, #2622, .T. ) ;
#2779 = FACE_OUTER_BOUND ( 'NONE', #1230, .T. ) ;
#2780 = PLANE ( 'NONE',  #1520 ) ;
#2781 = CARTESIAN_POINT ( 'NONE',  ( -7.033418262336394555, 13.81021256284770615, -3.077296928186269209 ) ) ;
#2782 = CARTESIAN_POINT ( 'NONE',  ( -12.35790857957360345, 12.14430776980225346, 4.756375132403385386 ) ) ;
#2783 =( NAMED_UNIT ( * ) SI_UNIT ( $, .STERADIAN. ) SOLID_ANGLE_UNIT ( ) );
#2784 = VECTOR ( 'NONE', #6963, 1000.000000000000000 ) ;
#2785 = VERTEX_POINT ( 'NONE', #6202 ) ;
#2786 = CARTESIAN_POINT ( 'NONE',  ( -12.14375189653952880, 6.672626733064500826, 5.618986531965226128 ) ) ;
#2787 = CARTESIAN_POINT ( 'NONE',  ( -11.89747747663716204, 3.292259868987412297, -0.1649041278382740727 ) ) ;
#2788 = CARTESIAN_POINT ( 'NONE',  ( -8.537354006291920427, 4.342802954964017026, 3.289808149419394923 ) ) ;
#2789 = EDGE_CURVE ( 'NONE', #1104, #6067, #654, .T. ) ;
#2790 = CYLINDRICAL_SURFACE ( 'NONE', #2814, 0.1000000000000002554 ) ;
#2791 = CARTESIAN_POINT ( 'NONE',  ( -6.382975357243021897, 7.694559873727637722, -5.476571986355952326 ) ) ;
#2792 = CARTESIAN_POINT ( 'NONE',  ( -10.50634579903797317, 10.31181613581589396, 5.556664782841926886 ) ) ;
#2793 = CARTESIAN_POINT ( 'NONE',  ( -5.000000000000001776, 14.90000000000000036, -4.900000000000000355 ) ) ;
#2794 = CARTESIAN_POINT ( 'NONE',  ( -9.287501896539529511, 13.24258451272621073, -4.242696860768593758 ) ) ;
#2795 = DIRECTION ( 'NONE',  ( -1.000000000000000000, -0.0000000000000000000, 8.673617379884013384E-15 ) ) ;
#2796 = VERTEX_POINT ( 'NONE', #6527 ) ;
#2797 = CARTESIAN_POINT ( 'NONE',  ( -7.407666287372040692, 3.296404408794484819, 0.2680962319160113960 ) ) ;
#2798 = ADVANCED_FACE ( 'NONE', ( #7754 ), #7328, .F. ) ;
#2799 = CARTESIAN_POINT ( 'NONE',  ( -10.83943346696362120, 12.14830396770416066, -4.764002351489166287 ) ) ;
#2800 = DIRECTION ( 'NONE',  ( -1.000000000000000000, 0.0000000000000000000, 0.0000000000000000000 ) ) ;
#2801 = CARTESIAN_POINT ( 'NONE',  ( -7.884056149191820850, 12.97096400244652514, 4.102532480401063886 ) ) ;
#2802 = CARTESIAN_POINT ( 'NONE',  ( -7.712967302245386847, 9.530714943832641950, 5.604881878507797843 ) ) ;
#2803 = CARTESIAN_POINT ( 'NONE',  ( -9.681251896539530222, 3.000032906505680774, 2.485360816083349800 ) ) ;
#2804 = CARTESIAN_POINT ( 'NONE',  ( -7.968751896539529866, 2.999967094546160951, -2.485201931958109345 ) ) ;
#2805 = ORIENTED_EDGE ( 'NONE', *, *, #5759, .F. ) ;
#2806 = DIRECTION ( 'NONE',  ( -0.0000000000000000000, 0.0000000000000000000, 1.000000000000000000 ) ) ;
#2807 = VECTOR ( 'NONE', #5296, 1000.000000000000000 ) ;
#2808 = VERTEX_POINT ( 'NONE', #4446 ) ;
#2809 = VERTEX_POINT ( 'NONE', #6919 ) ;
#2810 = AXIS2_PLACEMENT_3D ( 'NONE', #1012, #4655, #7135 ) ;
#2812 = CARTESIAN_POINT ( 'NONE',  ( -12.18750189653952987, 13.24258451272621073, -4.242696860768593758 ) ) ;
#2811 = CARTESIAN_POINT ( 'NONE',  ( -13.00000000000000178, 9.000000000000000000, 0.0000000000000000000 ) ) ;
#2813 = DIRECTION ( 'NONE',  ( 0.0000000000000000000, -1.000000000000000000, 0.0000000000000000000 ) ) ;
#2814 = AXIS2_PLACEMENT_3D ( 'NONE', #3483, #4693, #4104 ) ;
#2815 =( NAMED_UNIT ( * ) SI_UNIT ( $, .STERADIAN. ) SOLID_ANGLE_UNIT ( ) );
#2816 = CARTESIAN_POINT ( 'NONE',  ( -9.021600265023099752, 7.216937688620121527, -5.415920637364438406 ) ) ;
#2817 = CARTESIAN_POINT ( 'NONE',  ( -9.168014642812341464, 4.859363041546549411, -3.814380088659969470 ) ) ;
#2818 = DIRECTION ( 'NONE',  ( 1.000000000000000000, 0.0000000000000000000, 0.0000000000000000000 ) ) ;
#2819 = DIRECTION ( 'NONE',  ( 0.0000000000000000000, 0.0000000000000000000, -1.000000000000000000 ) ) ;
#2820 = CARTESIAN_POINT ( 'NONE',  ( -7.257797547817871120, 8.678039644200252312, -5.620578194871109545 ) ) ;
#2821 = CARTESIAN_POINT ( 'NONE',  ( -12.73223701501082061, 8.641254533230778634, -5.698139533339878327 ) ) ;
#2822 = SURFACE_STYLE_FILL_AREA ( #7214 ) ;
#2823 = ORIENTED_EDGE ( 'NONE', *, *, #6994, .F. ) ;
#2824 = CARTESIAN_POINT ( 'NONE',  ( -7.150001896539529334, 9.000079442062618895, 5.999999999474078471 ) ) ;
#2825 = CARTESIAN_POINT ( 'NONE',  ( -11.64634610226250366, 10.20561172790857896, -5.572977519792927659 ) ) ;
#2826 = CARTESIAN_POINT ( 'NONE',  ( -8.445737266488695383, 4.035935954734500619, 2.655621962155023219 ) ) ;
#2827 = CARTESIAN_POINT ( 'NONE',  ( -12.10000009850236324, 8.999999999999998224, -5.999999999999998224 ) ) ;
#2828 = CARTESIAN_POINT ( 'NONE',  ( -6.290429537898968526, 11.27178979550085991, -5.152709810618239850 ) ) ;
#2829 = CARTESIAN_POINT ( 'NONE',  ( -10.16989019709563635, 4.121813133530792150, -2.966613327779308751 ) ) ;
#2830 = CARTESIAN_POINT ( 'NONE',  ( -20.50000000000000000, 9.000000000000000000, -2.050000000000000266 ) ) ;
#2831 = DIRECTION ( 'NONE',  ( 0.0000000000000000000, 1.000000000000000000, 1.224646799147353207E-16 ) ) ;
#2832 = CARTESIAN_POINT ( 'NONE',  ( -7.937501896539529866, 4.757415487273786603, 4.242696860768593758 ) ) ;
#2833 = FACE_OUTER_BOUND ( 'NONE', #5872, .T. ) ;
#2834 = EDGE_CURVE ( 'NONE', #1180, #1283, #7569, .T. ) ;
#2835 = ORIENTED_EDGE ( 'NONE', *, *, #7800, .F. ) ;
#2836 = CARTESIAN_POINT ( 'NONE',  ( -7.505496523559853195, 4.723000208775720132, 3.782887890609488046 ) ) ;
#2837 = CARTESIAN_POINT ( 'NONE',  ( -10.66157628368565646, 13.09852796809745890, -3.964066872056356328 ) ) ;
#2838 = DIRECTION ( 'NONE',  ( 1.000000000000000000, -0.0000000000000000000, -0.0000000000000000000 ) ) ;
#2839 = CARTESIAN_POINT ( 'NONE',  ( -8.245499367906235832, 8.112046721819014650, -5.632204123552191355 ) ) ;
#2840 = CARTESIAN_POINT ( 'NONE',  ( -7.688399215367790696, 5.820943290507364587, 4.733476251208628582 ) ) ;
#2841 = DIRECTION ( 'NONE',  ( 1.000000000000000000, 0.0000000000000000000, 0.0000000000000000000 ) ) ;
#2843 = CARTESIAN_POINT ( 'NONE',  ( -12.01099964718499358, 3.559467961692991622, 1.415647617603533526 ) ) ;
#2842 = CARTESIAN_POINT ( 'NONE',  ( -9.768751896539530577, 2.999967094546160951, -2.485201931958109345 ) ) ;
#2844 = ORIENTED_EDGE ( 'NONE', *, *, #4999, .F. ) ;
#2845 = CARTESIAN_POINT ( 'NONE',  ( -5.000000000000001776, 9.000000000000000000, 6.899999999999999467 ) ) ;
#2846 = ORIENTED_EDGE ( 'NONE', *, *, #6558, .F. ) ;
#2847 = DIRECTION ( 'NONE',  ( 0.0000000000000000000, -1.000000000000000000, 0.0000000000000000000 ) ) ;
#2848 = CARTESIAN_POINT ( 'NONE',  ( -10.19286265607379782, 3.725724623293618087, -2.166610612100531963 ) ) ;
#2849 = CARTESIAN_POINT ( 'NONE',  ( -4.903128081786816139, 15.00020319403158631, 3.349242760386455409 ) ) ;
#2851 = CARTESIAN_POINT ( 'NONE',  ( -6.912501896539530399, 12.97325429635567140, 3.973149083243181945 ) ) ;
#2850 = CARTESIAN_POINT ( 'NONE',  ( -4.900000000000001243, 13.64758001544925037, 4.999999999999999112 ) ) ;
#2852 = CARTESIAN_POINT ( 'NONE',  ( -5.000000000005018208, 14.81690140846032477, -3.894054186121598260 ) ) ;
#2853 = VERTEX_POINT ( 'NONE', #877 ) ;
#2854 = CARTESIAN_POINT ( 'NONE',  ( -9.420946864884140126, 3.993194940362023715, 2.745996279193360756 ) ) ;
#2855 = CARTESIAN_POINT ( 'NONE',  ( 4.999999999999998224, 0.09999999999999939493, -5.000000000000000888 ) ) ;
#2856 = DIRECTION ( 'NONE',  ( -8.673617379884035472E-17, 0.0000000000000000000, -1.000000000000000000 ) ) ;
#2857 = CARTESIAN_POINT ( 'NONE',  ( -7.232162946229484746, 9.723260538749295634, -5.583271468335768262 ) ) ;
#2858 = CARTESIAN_POINT ( 'NONE',  ( -12.93167970983646242, 3.333640944170380926, -0.6998621488960182768 ) ) ;
#2859 = DIRECTION ( 'NONE',  ( 8.673617379884035472E-17, 0.0000000000000000000, 1.000000000000000000 ) ) ;
#2860 = CARTESIAN_POINT ( 'NONE',  ( -8.993751896539531998, 11.32737326693549385, -5.618986531965227016 ) ) ;
#2861 = CARTESIAN_POINT ( 'NONE',  ( -11.23524664021557840, 9.373932089701584758, 5.697627051321437541 ) ) ;
#2862 = CARTESIAN_POINT ( 'NONE',  ( -8.693101943062002235, 14.24586088805300932, 2.255401177209556796 ) ) ;
#2863 = ORIENTED_EDGE ( 'NONE', *, *, #1010, .T. ) ;
#2864 = CARTESIAN_POINT ( 'NONE',  ( -6.497453316315045413, 3.291949173690209118, -0.1587496247568046526 ) ) ;
#2865 = CARTESIAN_POINT ( 'NONE',  ( -10.00706841058513774, 9.684395104615170169, -5.668405626125440300 ) ) ;
#2866 = FACE_OUTER_BOUND ( 'NONE', #742, .T. ) ;
#2867 = DIRECTION ( 'NONE',  ( 0.0000000000000000000, 0.0000000000000000000, 1.000000000000000000 ) ) ;
#2868 = CARTESIAN_POINT ( 'NONE',  ( -20.03623069953177449, 4.178783459557203983, -0.8763254981511812147 ) ) ;
#2869 = CARTESIAN_POINT ( 'NONE',  ( -11.93125189653953200, 14.99996709349432145, -2.485360816083347135 ) ) ;
#2870 = ORIENTED_EDGE ( 'NONE', *, *, #460, .T. ) ;
#2871 = CARTESIAN_POINT ( 'NONE',  ( -7.743039925660079703, 13.15840639332872009, 3.912935788096099099 ) ) ;
#2872 = CARTESIAN_POINT ( 'NONE',  ( -10.68610319051907176, 14.12739110965972067, -2.324646851329100095 ) ) ;
#2873 = LINE ( 'NONE', #1704, #4332 ) ;
#2874 = ADVANCED_FACE ( 'NONE', ( #3966 ), #6307, .T. ) ;
#2875 = CARTESIAN_POINT ( 'NONE',  ( -7.651344662687781017, 4.682761408593703045, 3.736215238525810278 ) ) ;
#2876 = CARTESIAN_POINT ( 'NONE',  ( -7.840974714573586191, 11.57462267619534657, 5.096865522344341315 ) ) ;
#2877 = CARTESIAN_POINT ( 'NONE',  ( -7.600000098502364132, 8.999999999999998224, -5.999999999999998224 ) ) ;
#2878 = AXIS2_PLACEMENT_3D ( 'NONE', #3942, #5757, #2408 ) ;
#2879 = CARTESIAN_POINT ( 'NONE',  ( -13.11250189653953058, 4.757303139231405353, -4.242584512726213397 ) ) ;
#2880 = VERTEX_POINT ( 'NONE', #2647 ) ;
#2881 = DIRECTION ( 'NONE',  ( 0.0000000000000000000, 0.0000000000000000000, -1.000000000000000000 ) ) ;
#2882 = CARTESIAN_POINT ( 'NONE',  ( -9.400000098502363954, 8.999999999999998224, -5.999999999999998224 ) ) ;
#2883 = CARTESIAN_POINT ( 'NONE',  ( -10.03056062221620515, 6.019682995497634082, -4.766669097297265623 ) ) ;
#2884 = ORIENTED_EDGE ( 'NONE', *, *, #5707, .T. ) ;
#2885 = EDGE_CURVE ( 'NONE', #7717, #5958, #3922, .T. ) ;
#2886 = CARTESIAN_POINT ( 'NONE',  ( 4.899999999999998579, 0.09999999999999939493, 4.899999999999998579 ) ) ;
#2888 = CARTESIAN_POINT ( 'NONE',  ( -13.31250189653953164, 4.757303139231405353, -4.242584512726213397 ) ) ;
#2887 = DIRECTION ( 'NONE',  ( 0.0000000000000000000, -1.000000000000000000, 0.0000000000000000000 ) ) ;
#2889 = CARTESIAN_POINT ( 'NONE',  ( -5.000000000000002665, 15.08625840319813882, -3.284153180546726336 ) ) ;
#2890 = ORIENTED_EDGE ( 'NONE', *, *, #5108, .F. ) ;
#2891 = FILL_AREA_STYLE_COLOUR ( '', #489 ) ;
#2892 = CARTESIAN_POINT ( 'NONE',  ( -9.288320739917105939, 3.404441609623184206, 0.5414771042274603152 ) ) ;
#2893 = ORIENTED_EDGE ( 'NONE', *, *, #4524, .F. ) ;
#2894 = EDGE_CURVE ( 'NONE', #6257, #2365, #2610, .T. ) ;
#2895 = CARTESIAN_POINT ( 'NONE',  ( -11.49111824816453264, 13.18386842020965055, 3.886363407723450347 ) ) ;
#2896 = DIRECTION ( 'NONE',  ( 0.0000000000000000000, 0.0000000000000000000, 1.000000000000000000 ) ) ;
#2897 = FACE_OUTER_BOUND ( 'NONE', #7355, .T. ) ;
#2898 = CARTESIAN_POINT ( 'NONE',  ( -7.331433888559401701, 8.675134575226280731, -5.700910542076413456 ) ) ;
#2899 = CARTESIAN_POINT ( 'NONE',  ( -8.981251896539532709, 3.000032906505680774, 2.485360816083349800 ) ) ;
#2900 = PRESENTATION_STYLE_ASSIGNMENT (( #4607 ) ) ;
#2901 = CARTESIAN_POINT ( 'NONE',  ( -12.63668160410831476, 9.541390117964001050, -5.595575699417328686 ) ) ;
#2902 = VECTOR ( 'NONE', #1884, 1000.000000000000000 ) ;
#2903 = CARTESIAN_POINT ( 'NONE',  ( -10.00625189653953129, 6.672477939253883328, -5.618924899550870933 ) ) ;
#2904 = CARTESIAN_POINT ( 'NONE',  ( -11.48202244462592247, 14.57441657895760478, -1.236885031095415366 ) ) ;
#2905 = CARTESIAN_POINT ( 'NONE',  ( -8.778205050526478814, 12.79377801803909165, 4.267688364369134568 ) ) ;
#2906 = DIRECTION ( 'NONE',  ( 0.0000000000000000000, 0.0000000000000000000, 1.000000000000000000 ) ) ;
#2907 = CARTESIAN_POINT ( 'NONE',  ( -4.960383116409833093, 14.98123628568685106, 3.670006301019756112 ) ) ;
#2908 = CARTESIAN_POINT ( 'NONE',  ( -6.618527608367619663, 3.420750620001950182, -1.215798410234487648 ) ) ;
#2909 = CARTESIAN_POINT ( 'NONE',  ( -10.44714026653394789, 7.924165455102384570, 5.607408372579314459 ) ) ;
#2910 = DIRECTION ( 'NONE',  ( -0.0000000000000000000, 1.000000000000000000, -0.0000000000000000000 ) ) ;
#2911 = FACE_OUTER_BOUND ( 'NONE', #1674, .T. ) ;
#2912 = LINE ( 'NONE', #2996, #4872 ) ;
#2913 = CARTESIAN_POINT ( 'NONE',  ( -13.11250189653953058, 4.757303139231405353, -4.242584512726212509 ) ) ;
#2914 = ORIENTED_EDGE ( 'NONE', *, *, #4398, .T. ) ;
#2915 = VECTOR ( 'NONE', #6560, 1000.000000000000000 ) ;
#2916 = DIRECTION ( 'NONE',  ( 0.0000000000000000000, 0.0000000000000000000, -1.000000000000000000 ) ) ;
#2917 = CARTESIAN_POINT ( 'NONE',  ( -7.195846430891471357, 8.199431655578580447, -5.653510843163465971 ) ) ;
#2918 = CARTESIAN_POINT ( 'NONE',  ( -10.61246942461158405, 14.19981263850078790, -2.359548467875894229 ) ) ;
#2919 = CARTESIAN_POINT ( 'NONE',  ( 0.0000000000000000000, 10.00000000000000000, 0.0000000000000000000 ) ) ;
#2920 = CARTESIAN_POINT ( 'NONE',  ( -8.150738863753595354, 11.76888892453879087, -4.993379618147042009 ) ) ;
#2921 = DIRECTION ( 'NONE',  ( 1.000000000000000000, -0.0000000000000000000, -0.0000000000000000000 ) ) ;
#2923 = CARTESIAN_POINT ( 'NONE',  ( -12.35476578011819093, 13.97316064379000800, 2.638571748905749192 ) ) ;
#2922 = CARTESIAN_POINT ( 'NONE',  ( -6.056251896539530222, 6.514639183916651533, -5.999967093494321446 ) ) ;
#2924 = ORIENTED_EDGE ( 'NONE', *, *, #6904, .T. ) ;
#2925 = CARTESIAN_POINT ( 'NONE',  ( -5.966742227217681105, 11.05204855018375198, -5.638182042798250748 ) ) ;
#2926 = ORIENTED_EDGE ( 'NONE', *, *, #1357, .T. ) ;
#2927 = EDGE_CURVE ( 'NONE', #6246, #3709, #127, .T. ) ;
#2928 = CARTESIAN_POINT ( 'NONE',  ( -10.15110039689566079, 3.452558828424272530, -0.9592675296747905644 ) ) ;
#2929 = ORIENTED_EDGE ( 'NONE', *, *, #6261, .T. ) ;
#2930 = FILL_AREA_STYLE ('',( #581 ) ) ;
#2931 = LINE ( 'NONE', #5436, #1892 ) ;
#2932 = AXIS2_PLACEMENT_3D ( 'NONE', #4929, #5779, #7424 ) ;
#2933 = CIRCLE ( 'NONE', #2016, 0.5999999999999998668 ) ;
#2934 = CARTESIAN_POINT ( 'NONE',  ( -11.78651395257665691, 10.48328671400014400, -5.514358253072860094 ) ) ;
#2935 = CARTESIAN_POINT ( 'NONE',  ( -13.00000000000000355, 14.59184210153450323, 1.959376616660432502 ) ) ;
#2936 = EDGE_LOOP ( 'NONE', ( #6509, #2500, #2567, #680 ) ) ;
#2937 = EDGE_CURVE ( 'NONE', #7022, #2773, #947, .T. ) ;
#2938 = EDGE_CURVE ( 'NONE', #3549, #1735, #1853, .T. ) ;
#2939 = CARTESIAN_POINT ( 'NONE',  ( -13.00000000000000178, 9.000000000000000000, 0.0000000000000000000 ) ) ;
#2940 = AXIS2_PLACEMENT_3D ( 'NONE', #5171, #2183, #810 ) ;
#2941 = CARTESIAN_POINT ( 'NONE',  ( -9.374142230791211006, 4.651738522587907987, 3.575853087558855670 ) ) ;
#2942 = CARTESIAN_POINT ( 'NONE',  ( -11.38276686823037664, 12.05257503500592620, 4.720728368538178010 ) ) ;
#2943 = CARTESIAN_POINT ( 'NONE',  ( -6.382732501925752366, 10.62202838544916261, -5.466167913912369336 ) ) ;
#2944 = CARTESIAN_POINT ( 'NONE',  ( -9.712501896539530222, 4.757303139231405353, -4.242584512726213397 ) ) ;
#2945 = CARTESIAN_POINT ( 'NONE',  ( -13.32500189653952916, 14.61895571575804809, -7.439690531130537009E-05 ) ) ;
#2946 = CARTESIAN_POINT ( 'NONE',  ( -12.77672938946572501, 6.930078286862315196, -5.321744383723785887 ) ) ;
#2947 = CIRCLE ( 'NONE', #4634, 6.000000000000000000 ) ;
#2948 = CARTESIAN_POINT ( 'NONE',  ( -10.40000189653952845, 9.000074396905310081, 5.618955715758048086 ) ) ;
#2949 = ADVANCED_FACE ( 'NONE', ( #4719 ), #7737, .T. ) ;
#2950 = CARTESIAN_POINT ( 'NONE',  ( -11.52719159744578903, 13.93703077357933040, -2.868528789088859110 ) ) ;
#2951 = CARTESIAN_POINT ( 'NONE',  ( -8.720371272975725674, 14.57262533427163476, 1.246369183101736056 ) ) ;
#2952 = AXIS2_PLACEMENT_3D ( 'NONE', #994, #392, #7692 ) ;
#2953 = CARTESIAN_POINT ( 'NONE',  ( -5.060383112197143873, 14.98264211342023522, 3.621761901628526736 ) ) ;
#2954 = CARTESIAN_POINT ( 'NONE',  ( -6.462041496288198239, 3.507784551971937059, -1.562617723634269762 ) ) ;
#2955 = CARTESIAN_POINT ( 'NONE',  ( -10.63616844167954056, 14.17714348280888714, 2.407318293944865850 ) ) ;
#2956 = CARTESIAN_POINT ( 'NONE',  ( -12.99999999999999645, 4.360442416510407426, -3.584585926356193664 ) ) ;
#2957 = CARTESIAN_POINT ( 'NONE',  ( -6.337501896539531110, 4.757415487273786603, 4.242696860768593758 ) ) ;
#2958 = CARTESIAN_POINT ( 'NONE',  ( 0.0000000000000000000, -3.999999999999999112, 0.0000000000000000000 ) ) ;
#2959 = CARTESIAN_POINT ( 'NONE',  ( -11.42500189653953058, 3.000000000525920640, 7.944206261983304126E-05 ) ) ;
#2960 = CARTESIAN_POINT ( 'NONE',  ( -6.558057430209236038, 11.01775484308105568, -5.543952904425037964 ) ) ;
#2961 = CARTESIAN_POINT ( 'NONE',  ( -6.658097508490711469, 6.393323108386550047, 5.080255503455681776 ) ) ;
#2962 = CARTESIAN_POINT ( 'NONE',  ( -10.95538802986794913, 7.724495831393599410, -5.566033507452766038 ) ) ;
#2963 = DIRECTION ( 'NONE',  ( 0.0000000000000000000, 0.0000000000000000000, 1.000000000000000000 ) ) ;
#2964 = CARTESIAN_POINT ( 'NONE',  ( -9.022064744324998387, 12.70367056433449626, -4.345208327085256172 ) ) ;
#2965 = CARTESIAN_POINT ( 'NONE',  ( -7.786925886435184019, 14.13899372534644172, 2.470338124236633348 ) ) ;
#2966 = LINE ( 'NONE', #4197, #3312 ) ;
#2968 = CARTESIAN_POINT ( 'NONE',  ( -12.27519083118243159, 11.80547884655482349, 4.880973267139956384 ) ) ;
#2967 = CARTESIAN_POINT ( 'NONE',  ( -7.912501896539530399, 4.757303139231405353, -4.242584512726213397 ) ) ;
#2969 = VERTEX_POINT ( 'NONE', #391 ) ;
#2970 = CARTESIAN_POINT ( 'NONE',  ( -6.318491139518859434, 10.93867341955687777, -5.326673596618578976 ) ) ;
#2971 = CARTESIAN_POINT ( 'NONE',  ( -8.237576252463902904, 3.842389265582282665, -2.450750098217061357 ) ) ;
#2972 = CARTESIAN_POINT ( 'NONE',  ( -9.462408631321144625, 10.43926137693201639, 5.517243898077914821 ) ) ;
#2973 = CARTESIAN_POINT ( 'NONE',  ( -9.956926485376927261, 5.975565224384448371, -4.833734468359883074 ) ) ;
#2974 = ORIENTED_EDGE ( 'NONE', *, *, #3099, .F. ) ;
#2975 = FILL_AREA_STYLE ('',( #4322 ) ) ;
#2976 = CARTESIAN_POINT ( 'NONE',  ( -5.000000000000001776, 9.000000000000000000, 0.0000000000000000000 ) ) ;
#2977 = CARTESIAN_POINT ( 'NONE',  ( -11.57854697714361869, 14.23992670056903087, -2.058608322357858178 ) ) ;
#2978 = CARTESIAN_POINT ( 'NONE',  ( -13.00000000000001599, 13.33658054209346133, 3.944327850947801917 ) ) ;
#2979 = ORIENTED_EDGE ( 'NONE', *, *, #609, .F. ) ;
#2980 = CARTESIAN_POINT ( 'NONE',  ( 4.041334437186266003E-16, 10.00000000000000000, 3.300000000000000266 ) ) ;
#2981 = CARTESIAN_POINT ( 'NONE',  ( -9.393388662076720408, 3.569479013518809030, 1.764946704107218212 ) ) ;
#2982 = CARTESIAN_POINT ( 'NONE',  ( -6.562854591272788696, 4.271447844486563561, -3.199875077899893228 ) ) ;
#2983 = CARTESIAN_POINT ( 'NONE',  ( -5.000000000000001776, 14.90000000000000036, 3.949683531626298372 ) ) ;
#2984 = EDGE_CURVE ( 'NONE', #1663, #3047, #1032, .T. ) ;
#2985 = CARTESIAN_POINT ( 'NONE',  ( -9.768751896539530577, 2.999967094546160951, -2.485201931958109345 ) ) ;
#2986 = CARTESIAN_POINT ( 'NONE',  ( -13.83125189653953058, 3.381075100449129511, 2.327522060746118893 ) ) ;
#2987 = CARTESIAN_POINT ( 'NONE',  ( -12.92912831746898661, 3.346395433521219154, -0.8016678783958752774 ) ) ;
#2988 = CARTESIAN_POINT ( 'NONE',  ( -11.35625189653952916, 11.32752206074611578, 5.618924899550870045 ) ) ;
#2989 = CARTESIAN_POINT ( 'NONE',  ( -11.60580115944127577, 11.68596084168029137, -5.038990887659178242 ) ) ;
#2990 = CARTESIAN_POINT ( 'NONE',  ( -8.644496129513749239, 7.824739864605703588, 5.579527941761686982 ) ) ;
#2991 = CARTESIAN_POINT ( 'NONE',  ( -13.00000000000000178, 9.000000000000000000, 0.0000000000000000000 ) ) ;
#2992 = CARTESIAN_POINT ( 'NONE',  ( -6.657609935252441602, 3.310137525130177671, 0.3709688180072671093 ) ) ;
#2993 = ADVANCED_FACE ( 'NONE', ( #992 ), #591, .F. ) ;
#2994 = CARTESIAN_POINT ( 'NONE',  ( -11.25754306258226833, 4.858749777048076091, 3.930549722610474195 ) ) ;
#2995 = CARTESIAN_POINT ( 'NONE',  ( -8.981251896539532709, 3.000032906505680774, 2.485360816083349800 ) ) ;
#2996 = CARTESIAN_POINT ( 'NONE',  ( -4.900000000000001243, 15.00000000000000000, -3.605551275463990013 ) ) ;
#2997 = CARTESIAN_POINT ( 'NONE',  ( -13.90000189653953022, 8.999920557937377552, -5.999999999474078471 ) ) ;
#2998 = DIRECTION ( 'NONE',  ( 0.0000000000000000000, -0.7236750748543757661, -0.6901408450704200614 ) ) ;
#2999 = CARTESIAN_POINT ( 'NONE',  ( -7.011370429634584234, 14.21704207993036029, -2.320563528938961895 ) ) ;
#3000 = CARTESIAN_POINT ( 'NONE',  ( -10.95429166391957665, 5.266614272072525971, -4.214191079543248009 ) ) ;
#3001 = CARTESIAN_POINT ( 'NONE',  ( -5.021861899987498212, 13.79786131746564237, -5.048882746190771265 ) ) ;
#3002 = CARTESIAN_POINT ( 'NONE',  ( -8.557073158369329136, 4.840468051949076589, 3.911338855407752835 ) ) ;
#3003 = CARTESIAN_POINT ( 'NONE',  ( -8.036565295781626261, 14.50681710590616547, -1.510203083922313061 ) ) ;
#3004 = CARTESIAN_POINT ( 'NONE',  ( -6.450000997523412494, 9.000039721031308559, 5.999999999999998224 ) ) ;
#3005 = CARTESIAN_POINT ( 'NONE',  ( -13.95625189653952880, 6.514639183916651533, -5.999967093494321446 ) ) ;
#3006 = ORIENTED_EDGE ( 'NONE', *, *, #5610, .T. ) ;
#3007 = CARTESIAN_POINT ( 'NONE',  ( -13.00000000000000178, 9.000000000000000000, -1.000000000000000222 ) ) ;
#3008 = CARTESIAN_POINT ( 'NONE',  ( -8.224339527592460897, 8.967715476404428898, -5.710023910293149818 ) ) ;
#3009 = CARTESIAN_POINT ( 'NONE',  ( -9.550746834047416201, 13.37316878714675283, 3.671597657027886097 ) ) ;
#3010 = CARTESIAN_POINT ( 'NONE',  ( -10.46553839497107319, 8.658074024722134610, 5.699896445455614469 ) ) ;
#3011 = ORIENTED_EDGE ( 'NONE', *, *, #4255, .T. ) ;
#3012 =( NAMED_UNIT ( * ) PLANE_ANGLE_UNIT ( ) SI_UNIT ( $, .RADIAN. ) );
#3014 = CARTESIAN_POINT ( 'NONE',  ( -11.64287463900787678, 14.43672276465897575, -1.745944065811250168 ) ) ;
#3013 = CARTESIAN_POINT ( 'NONE',  ( 4.999999999999999112, 14.90000000000000036, 4.899999999999997691 ) ) ;
#3015 = CARTESIAN_POINT ( 'NONE',  ( -13.00000000000000888, 14.96294023345902069, -0.5933723845561529320 ) ) ;
#3016 = EDGE_LOOP ( 'NONE', ( #6395, #1514, #2979, #4859 ) ) ;
#3017 = DIRECTION ( 'NONE',  ( 0.0000000000000000000, 0.0000000000000000000, 1.000000000000000000 ) ) ;
#3018 = CARTESIAN_POINT ( 'NONE',  ( -9.426689262154608784, 6.257546606663108690, 4.916631433900491288 ) ) ;
#3019 = FACE_OUTER_BOUND ( 'NONE', #8009, .T. ) ;
#3020 = FACE_OUTER_BOUND ( 'NONE', #4622, .T. ) ;
#3021 = CIRCLE ( 'NONE', #2627, 0.09999999999999976963 ) ;
#3022 = CARTESIAN_POINT ( 'NONE',  ( -8.812501896539529866, 4.757303139231405353, -4.242584512726213397 ) ) ;
#3023 = CARTESIAN_POINT ( 'NONE',  ( -11.01875189653952880, 3.381013468034773428, -2.327373266935496954 ) ) ;
#3024 = CARTESIAN_POINT ( 'NONE',  ( -12.80343661333099980, 3.298725128787557193, 0.08781303918645669282 ) ) ;
#3025 = EDGE_LOOP ( 'NONE', ( #5853, #6126, #6801 ) ) ;
#3026 = CARTESIAN_POINT ( 'NONE',  ( -9.443751896539529511, 6.672626733064500826, 5.618986531965226128 ) ) ;
#3027 = CIRCLE ( 'NONE', #4082, 0.1000000000000002554 ) ;
#3028 = EDGE_CURVE ( 'NONE', #1917, #5763, #3428, .T. ) ;
#3029 = CARTESIAN_POINT ( 'NONE',  ( -8.786671286045169893, 13.05560072169570951, 4.019829117581092959 ) ) ;
#3030 = DIRECTION ( 'NONE',  ( 0.0000000000000000000, 0.0000000000000000000, 1.000000000000000000 ) ) ;
#3031 = FACE_OUTER_BOUND ( 'NONE', #3025, .T. ) ;
#3032 = CARTESIAN_POINT ( 'NONE',  ( -6.588390991790035400, 3.404705219178506770, 0.5442747268046431719 ) ) ;
#3033 = CARTESIAN_POINT ( 'NONE',  ( -10.93770015288788144, 8.419544875755956781, -5.679955397442530973 ) ) ;
#3034 = CARTESIAN_POINT ( 'NONE',  ( -12.83125189653953058, 14.99996709349432145, -2.485360816083348023 ) ) ;
#3035 = DIRECTION ( 'NONE',  ( -1.000000000000000000, 0.0000000000000000000, 0.0000000000000000000 ) ) ;
#3036 = EDGE_LOOP ( 'NONE', ( #5337, #6781 ) ) ;
#3037 = ADVANCED_FACE ( 'NONE', ( #2284 ), #4753, .T. ) ;
#3038 = DIRECTION ( 'NONE',  ( 1.000000000000000000, 0.0000000000000000000, 0.0000000000000000000 ) ) ;
#3039 = CARTESIAN_POINT ( 'NONE',  ( -6.640179055908398631, 5.789662788679065919, 4.722020778522378670 ) ) ;
#3040 = CARTESIAN_POINT ( 'NONE',  ( -11.16965953041115256, 3.354690791725352117, 0.8581354150408903037 ) ) ;
#3041 = DIRECTION ( 'NONE',  ( 0.0000000000000000000, 0.0000000000000000000, -1.000000000000000000 ) ) ;
#3042 = CARTESIAN_POINT ( 'NONE',  ( -8.487180079022856205, 3.500046764469711746, 1.533159703147686681 ) ) ;
#3043 = CARTESIAN_POINT ( 'NONE',  ( -8.134561672056298320, 12.30748245807529706, -4.654737805396393036 ) ) ;
#3045 = CARTESIAN_POINT ( 'NONE',  ( -12.33974972988293928, 11.53205223841018245, 5.118209351653431938 ) ) ;
#3044 = CARTESIAN_POINT ( 'NONE',  ( -13.50625189653953129, 11.48536081608334491, 5.999967093494319670 ) ) ;
#3046 = AXIS2_PLACEMENT_3D ( 'NONE', #832, #229, #2687 ) ;
#3047 = VERTEX_POINT ( 'NONE', #4948 ) ;
#3048 = CARTESIAN_POINT ( 'NONE',  ( -6.295966892336736009, 10.93791071229919432, -5.324578198227236214 ) ) ;
#3049 = CARTESIAN_POINT ( 'NONE',  ( -9.410464508727205413, 8.345679450815325140, 5.672349925689418093 ) ) ;
#3050 = CARTESIAN_POINT ( 'NONE',  ( -10.21103905737992790, 4.877660857478389289, 3.951392033421249117 ) ) ;
#3051 = ORIENTED_EDGE ( 'NONE', *, *, #4621, .F. ) ;
#3052 = SURFACE_STYLE_USAGE ( .BOTH. , #6787 ) ;
#3053 = CARTESIAN_POINT ( 'NONE',  ( -7.394838201928396693, 6.292075270360581563, -5.027225225205349091 ) ) ;
#3055 = CARTESIAN_POINT ( 'NONE',  ( -11.60583844395036479, 13.76863974856293282, -2.992628758834034119 ) ) ;
#3054 = DIRECTION ( 'NONE',  ( 0.0000000000000000000, -0.0000000000000000000, 1.000000000000000000 ) ) ;
#3056 = CARTESIAN_POINT ( 'NONE',  ( -12.99999999999999822, 14.29953648703381219, 2.606734922903439333 ) ) ;
#3057 = EDGE_LOOP ( 'NONE', ( #1311, #3066, #4240, #671 ) ) ;
#3058 = CARTESIAN_POINT ( 'NONE',  ( -7.093750843279520879, 6.514765161716677966, 5.999999999999998224 ) ) ;
#3059 = CARTESIAN_POINT ( 'NONE',  ( -9.547504045255479355, 10.83862619052527698, 5.312487378508340186 ) ) ;
#3060 = AXIS2_PLACEMENT_3D ( 'NONE', #2239, #7241, #6627 ) ;
#3061 = CARTESIAN_POINT ( 'NONE',  ( -6.589313776589877492, 3.772621745989318764, -2.296126130822584877 ) ) ;
#3062 = CARTESIAN_POINT ( 'NONE',  ( 3.999999999999996447, -3.999999999999999112, -3.400000000000002132 ) ) ;
#3063 = CARTESIAN_POINT ( 'NONE',  ( -10.33125189653953235, 14.99996709349432145, -2.485360816083348023 ) ) ;
#3064 = CARTESIAN_POINT ( 'NONE',  ( -11.97500189653953129, 3.381044284241951026, 7.439690531061725408E-05 ) ) ;
#3065 = CARTESIAN_POINT ( 'NONE',  ( -12.84327219132771880, 3.537053254820119452, 1.662868715059438340 ) ) ;
#3066 = ORIENTED_EDGE ( 'NONE', *, *, #2195, .T. ) ;
#3067 = CARTESIAN_POINT ( 'NONE',  ( -6.575001896539530932, 3.381044284241951026, 7.439690531061725408E-05 ) ) ;
#3068 = CARTESIAN_POINT ( 'NONE',  ( -10.95369603953157345, 3.605647868989532601, -1.872304944186242492 ) ) ;
#3069 = CARTESIAN_POINT ( 'NONE',  ( -8.772706455687641736, 14.64309837629616773, -0.8743256244552113365 ) ) ;
#3070 = FACE_OUTER_BOUND ( 'NONE', #436, .T. ) ;
#3071 = DIRECTION ( 'NONE',  ( 0.0000000000000000000, 0.0000000000000000000, 1.000000000000000000 ) ) ;
#3072 = CARTESIAN_POINT ( 'NONE',  ( -6.893012387753080006, 12.38455998750625042, 4.498762492610018704 ) ) ;
#3073 = CARTESIAN_POINT ( 'NONE',  ( -10.99905326321540500, 6.148610370573279305, -4.946492058626290600 ) ) ;
#3074 = CIRCLE ( 'NONE', #2298, 0.5999999999999998668 ) ;
#3075 = CARTESIAN_POINT ( 'NONE',  ( -12.94375078557882297, 11.48523664098911112, -5.999998197341939843 ) ) ;
#3076 = CIRCLE ( 'NONE', #4384, 1.000000000000000222 ) ;
#3077 = CARTESIAN_POINT ( 'NONE',  ( -19.01378282808432729, 4.119820534143823210, -0.4536698394109237586 ) ) ;
#3078 = CARTESIAN_POINT ( 'NONE',  ( -13.00000000000000178, 9.000000000000000000, 6.000000000000000000 ) ) ;
#3079 =( BOUNDED_SURFACE ( )  B_SPLINE_SURFACE ( 1, 2, ( 
 ( #858, #5174, #4583, #289, #7716, #7388, #7224, #562, #2997, #1053, #5500, #4229, #1209, #5379, #7304, #4804, #448, #6157, #2349, #1662, #5421, #1132, #2913, #7833, #7914, #2310, #4153, #1091, #3618, #5336, #5458, #5996, #1734, #6648, #2265, #6611, #6692, #6731, #6035, #3524, #2430, #7267, #4188, #2869, #3572, #6078, #4892, #525, #1698, #1816, #7953, #487, #2959, #4307, #2391, #4735, #4846, #7345, #1775, #1170, #3657, #6115, #6768, #1292, #7538, #3894, #1893, #5546, #608, #3118, #649, #3236, #768, #158, #2510, #6277, #6968, #1934, #6236, #7505, #5043, #2552, #4418, #3080, #689, #6929, #7465, #1854, #5672, #3815, #5629, #5586, #3155, #3855, #2586, #5706, #5081, #47, #91, #4969, #5006, #4385, #6885, #7579, #1970, #1405, #2009, #6852, #730, #3198, #11, #4455, #126, #2471, #4930, #4345, #6812, #1249, #3740, #5123, #5202, #3402, #6396, #277, #3319, #320, #7787, #2177, #2824, #1445, #1609, #3273, #4609, #5289, #2657, #4061, #6481, #4534, #6522 ),
 ( #2741, #3933, #6356, #5834, #7618, #886, #7090, #846, #5749, #3364, #5792, #2052, #4570, #1530, #800, #927, #242, #7704, #2093, #7009, #2700, #2134, #7748, #1487, #5162, #964, #7658, #7046, #3976, #6441, #4021, #5910, #5873, #2786, #362, #5246, #4652, #7132, #3441, #1570, #4690, #2212, #7177, #4764, #3517, #1653, #3561, #2988, #7255, #5448, #7379, #1687, #1007, #4101, #6602, #4142, #6723, #1160, #6105, #5986, #1724, #7983, #2337, #6638, #2948, #2380, #4796, #7294, #6562, #4219, #4838, #2903, #5328, #1123, #6680, #3608, #1044, #6068, #7337, #1765, #553, #3026, #437, #5490, #2422, #4882, #3478, #5947, #398, #2860, #7824, #2255, #6191, #2033, #4517, #5819, #6379, #7456, #3301, #6802, #5537, #4557, #5185, #6992, #597, #787, #1428, #1845, #3878, #1241, #3918, #262, #7641, #6424, #4921, #1808, #6759, #2639, #871, #6148, #2075, #829, #2464, #7034, #3257, #4299, #3731, #6342, #5731, #641, #1198, #1284, #3067, #4374, #5106, #5578, #39, #6844, #2501 ) ),
 .UNSPECIFIED., .F., .F., .F. ) 
 B_SPLINE_SURFACE_WITH_KNOTS ( ( 2, 2 ),
 ( 3, 2, 2, 2, 2, 2, 2, 2, 2, 2, 2, 2, 2, 2, 2, 2, 2, 2, 2, 2, 2, 2, 2, 2, 2, 2, 2, 2, 2, 2, 2, 2, 2, 2, 2, 2, 2, 2, 2, 2, 2, 2, 2, 2, 2, 2, 2, 2, 2, 2, 2, 2, 2, 2, 2, 2, 2, 2, 2, 2, 2, 2, 2, 2, 2, 2, 2, 2, 2, 3 ),
 ( 0.0000000000000000000, 1.000000000000000000 ),
 ( 0.0000000000000000000, 0.01388888888888888812, 0.02777777777777777624, 0.04166666666666666435, 0.05555555555555555247, 0.06944444444444444753, 0.08333333333333332871, 0.09722222222222222376, 0.1111111111111111049, 0.1250000000000000000, 0.1388888888888888951, 0.1527777777777777901, 0.1666666666666666574, 0.1805555555555555525, 0.1944444444444444475, 0.2083333333333333426, 0.2222222222222222099, 0.2361111111111111049, 0.2500000000000000000, 0.2638888888888888951, 0.2777777777777777901, 0.2916666666666666852, 0.3055555555555555802, 0.3194444444444444198, 0.3333333333333333148, 0.3472222222222222099, 0.3611111111111111049, 0.3750000000000000000, 0.3888888888888888951, 0.4027777777777777901, 0.4166666666666666852, 0.4305555555555555802, 0.4444444444444444198, 0.4583333333333333148, 0.4722222222222222099, 0.4861111111111111049, 0.5000000000000000000, 0.5138888888888888395, 0.5277777777777777901, 0.5416666666666666297, 0.5555555555555555802, 0.5694444444444444198, 0.5833333333333333703, 0.5972222222222222099, 0.6111111111111111605, 0.6250000000000000000, 0.6388888888888888395, 0.6527777777777777901, 0.6666666666666666297, 0.6805555555555555802, 0.6944444444444444198, 0.7083333333333333703, 0.7222222222222222099, 0.7361111111111111605, 0.7500000000000000000, 0.7638888888888888395, 0.7777777777777777901, 0.7916666666666666297, 0.8055555555555555802, 0.8194444444444444198, 0.8333333333333333703, 0.8472222222222222099, 0.8611111111111111605, 0.8750000000000000000, 0.8888888888888888395, 0.9027777777777777901, 0.9166666666666666297, 0.9305555555555555802, 0.9444444444444444198, 0.9506271108374689804 ),
 .UNSPECIFIED. ) 
 GEOMETRIC_REPRESENTATION_ITEM ( )  RATIONAL_B_SPLINE_SURFACE ( (
 ( 1.000000000000000000, 0.9238795325112867385, 1.000000000000000000, 0.9238795325112867385, 1.000000000000000000, 0.9238795325112867385, 1.000000000000000000, 0.9238795325112867385, 1.000000000000000000, 0.9238795325112867385, 1.000000000000000000, 0.9238795325112867385, 1.000000000000000000, 0.9238795325112867385, 1.000000000000000000, 0.9238795325112867385, 1.000000000000000000, 0.9238795325112867385, 1.000000000000000000, 0.9238795325112867385, 1.000000000000000000, 0.9238795325112867385, 1.000000000000000000, 0.9238795325112867385, 1.000000000000000000, 0.9238795325112867385, 1.000000000000000000, 0.9238795325112867385, 1.000000000000000000, 0.9238795325112867385, 1.000000000000000000, 0.9238795325112867385, 1.000000000000000000, 0.9238795325112867385, 1.000000000000000000, 0.9238795325112867385, 1.000000000000000000, 0.9238795325112867385, 1.000000000000000000, 0.9238795325112867385, 1.000000000000000000, 0.9238795325112867385, 1.000000000000000000, 0.9238795325112867385, 1.000000000000000000, 0.9238795325112867385, 1.000000000000000000, 0.9238795325112867385, 1.000000000000000000, 0.9238795325112867385, 1.000000000000000000, 0.9238795325112867385, 1.000000000000000000, 0.9238795325112867385, 1.000000000000000000, 0.9238795325112867385, 1.000000000000000000, 0.9238795325112867385, 1.000000000000000000, 0.9238795325112867385, 1.000000000000000000, 0.9238795325112867385, 1.000000000000000000, 0.9238795325112867385, 1.000000000000000000, 0.9238795325112867385, 1.000000000000000000, 0.9238795325112867385, 1.000000000000000000, 0.9238795325112867385, 1.000000000000000000, 0.9238795325112867385, 1.000000000000000000, 0.9238795325112867385, 1.000000000000000000, 0.9238795325112867385, 1.000000000000000000, 0.9238795325112867385, 1.000000000000000000, 0.9238795325112867385, 1.000000000000000000, 0.9238795325112867385, 1.000000000000000000, 0.9238795325112867385, 1.000000000000000000, 0.9238795325112867385, 1.000000000000000000, 0.9238795325112867385, 1.000000000000000000, 0.9238795325112867385, 1.000000000000000000, 0.9238795325112867385, 1.000000000000000000, 0.9238795325112867385, 1.000000000000000000, 0.9238795325112867385, 1.000000000000000000, 0.9238795325112867385, 1.000000000000000000, 0.9238795325112867385, 1.000000000000000000, 0.9238795325112867385, 1.000000000000000000, 0.9238795325112867385, 1.000000000000000000, 0.9238795325112867385, 1.000000000000000000, 0.9238795325112867385, 1.000000000000000000, 0.9238795325112867385, 1.000000000000000000, 0.9238795325112867385, 1.000000000000000000, 0.9238795325112867385, 1.000000000000000000, 0.9238795325112867385, 1.000000000000000000, 0.9238795325112867385, 1.000000000000000000, 0.9238795325112867385, 1.000000000000000000, 0.9238795325112867385, 1.000000000000000000, 0.9238795325112867385, 1.000000000000000000, 0.9238795325112867385, 1.000000000000000000, 0.9238795325112867385, 1.000000000000000000, 0.9238795325112867385, 1.000000000000000000, 0.9238795325112867385, 1.000000000000000000, 0.9238795325112867385, 1.000000000000000000, 0.9238795325112867385, 1.000000000000000000, 0.9661148231562075583, 0.9623977534619234664),
 ( 1.000000000000000000, 0.9238795325112867385, 1.000000000000000000, 0.9238795325112867385, 1.000000000000000000, 0.9238795325112867385, 1.000000000000000000, 0.9238795325112867385, 1.000000000000000000, 0.9238795325112867385, 1.000000000000000000, 0.9238795325112867385, 1.000000000000000000, 0.9238795325112867385, 1.000000000000000000, 0.9238795325112867385, 1.000000000000000000, 0.9238795325112867385, 1.000000000000000000, 0.9238795325112867385, 1.000000000000000000, 0.9238795325112867385, 1.000000000000000000, 0.9238795325112867385, 1.000000000000000000, 0.9238795325112867385, 1.000000000000000000, 0.9238795325112867385, 1.000000000000000000, 0.9238795325112867385, 1.000000000000000000, 0.9238795325112867385, 1.000000000000000000, 0.9238795325112867385, 1.000000000000000000, 0.9238795325112867385, 1.000000000000000000, 0.9238795325112867385, 1.000000000000000000, 0.9238795325112867385, 1.000000000000000000, 0.9238795325112867385, 1.000000000000000000, 0.9238795325112867385, 1.000000000000000000, 0.9238795325112867385, 1.000000000000000000, 0.9238795325112867385, 1.000000000000000000, 0.9238795325112867385, 1.000000000000000000, 0.9238795325112867385, 1.000000000000000000, 0.9238795325112867385, 1.000000000000000000, 0.9238795325112867385, 1.000000000000000000, 0.9238795325112867385, 1.000000000000000000, 0.9238795325112867385, 1.000000000000000000, 0.9238795325112867385, 1.000000000000000000, 0.9238795325112867385, 1.000000000000000000, 0.9238795325112867385, 1.000000000000000000, 0.9238795325112867385, 1.000000000000000000, 0.9238795325112867385, 1.000000000000000000, 0.9238795325112867385, 1.000000000000000000, 0.9238795325112867385, 1.000000000000000000, 0.9238795325112867385, 1.000000000000000000, 0.9238795325112867385, 1.000000000000000000, 0.9238795325112867385, 1.000000000000000000, 0.9238795325112867385, 1.000000000000000000, 0.9238795325112867385, 1.000000000000000000, 0.9238795325112867385, 1.000000000000000000, 0.9238795325112867385, 1.000000000000000000, 0.9238795325112867385, 1.000000000000000000, 0.9238795325112867385, 1.000000000000000000, 0.9238795325112867385, 1.000000000000000000, 0.9238795325112867385, 1.000000000000000000, 0.9238795325112867385, 1.000000000000000000, 0.9238795325112867385, 1.000000000000000000, 0.9238795325112867385, 1.000000000000000000, 0.9238795325112867385, 1.000000000000000000, 0.9238795325112867385, 1.000000000000000000, 0.9238795325112867385, 1.000000000000000000, 0.9238795325112867385, 1.000000000000000000, 0.9238795325112867385, 1.000000000000000000, 0.9238795325112867385, 1.000000000000000000, 0.9238795325112867385, 1.000000000000000000, 0.9238795325112867385, 1.000000000000000000, 0.9238795325112867385, 1.000000000000000000, 0.9238795325112867385, 1.000000000000000000, 0.9238795325112867385, 1.000000000000000000, 0.9238795325112867385, 1.000000000000000000, 0.9238795325112867385, 1.000000000000000000, 0.9238795325112867385, 1.000000000000000000, 0.9238795325112867385, 1.000000000000000000, 0.9238795325112867385, 1.000000000000000000, 0.9238795325112867385, 1.000000000000000000, 0.9661148231562075583, 0.9623977534619234664) ) ) 
 REPRESENTATION_ITEM ( '' )  SURFACE ( )  );
#3080 = CARTESIAN_POINT ( 'NONE',  ( -9.681251896539530222, 3.000032906505681662, 2.485360816083349356 ) ) ;
#3081 = ORIENTED_EDGE ( 'NONE', *, *, #6867, .T. ) ;
#3082 = CIRCLE ( 'NONE', #7751, 3.300000000000000266 ) ;
#3083 = CARTESIAN_POINT ( 'NONE',  ( -6.350226912491043763, 6.198095909102143253, -4.975231485024446343 ) ) ;
#3084 = CARTESIAN_POINT ( 'NONE',  ( -11.18762986554515848, 3.504310917213117715, 1.550268683473838838 ) ) ;
#3085 = CARTESIAN_POINT ( 'NONE',  ( -4.900000000000001243, 15.00000000000000000, -4.900000000000000355 ) ) ;
#3086 = CARTESIAN_POINT ( 'NONE',  ( -8.720340533354175250, 10.83670133886938913, 5.405997036076831463 ) ) ;
#3087 = CARTESIAN_POINT ( 'NONE',  ( -8.091164753042306756, 13.57572658162692747, -3.416003271435835487 ) ) ;
#3088 = CARTESIAN_POINT ( 'NONE',  ( -8.612501896539530577, 4.757303139231405353, -4.242584512726213397 ) ) ;
#3089 = EDGE_CURVE ( 'NONE', #7930, #6246, #3349, .T. ) ;
#3091 = CARTESIAN_POINT ( 'NONE',  ( -12.37906576831328032, 14.59891924357872384, -1.122938650870175969 ) ) ;
#3090 = CARTESIAN_POINT ( 'NONE',  ( -12.04375189653952916, 11.48520193195810712, -6.000032905453839938 ) ) ;
#3092 = ORIENTED_EDGE ( 'NONE', *, *, #3700, .F. ) ;
#3093 = CARTESIAN_POINT ( 'NONE',  ( -5.000000000000001776, 4.101020514433643349, -5.100000000000001421 ) ) ;
#3094 = CARTESIAN_POINT ( 'NONE',  ( -9.154378627234885712, 3.597024158963656681, -1.847231333949268750 ) ) ;
#3095 = CARTESIAN_POINT ( 'NONE',  ( -10.31958743378286236, 6.021397154143142139, 4.777325514700309306 ) ) ;
#3096 = ORIENTED_EDGE ( 'NONE', *, *, #7818, .T. ) ;
#3097 = SURFACE_STYLE_USAGE ( .BOTH. , #4944 ) ;
#3098 = CARTESIAN_POINT ( 'NONE',  ( -7.076929832038383772, 12.63468416576955278, -4.403927899189764794 ) ) ;
#3099 = EDGE_CURVE ( 'NONE', #540, #3540, #7879, .T. ) ;
#3100 = CARTESIAN_POINT ( 'NONE',  ( -11.74995602929599237, 11.79583787608935275, -4.979128240485403367 ) ) ;
#3101 = DIRECTION ( 'NONE',  ( 0.0000000000000000000, 0.7236750748543822054, -0.6901408450704134001 ) ) ;
#3102 = ORIENTED_EDGE ( 'NONE', *, *, #6160, .F. ) ;
#3103 = CARTESIAN_POINT ( 'NONE',  ( -6.812501896539529866, 4.757303139231405353, -4.242584512726213397 ) ) ;
#3104 = CARTESIAN_POINT ( 'NONE',  ( -9.454288670242878112, 7.223261932077728709, 5.342164716978976102 ) ) ;
#3105 = CARTESIAN_POINT ( 'NONE',  ( -7.374575133084783296, 7.008367944326526100, -5.350999234320700459 ) ) ;
#3106 = CARTESIAN_POINT ( 'NONE',  ( 0.0000000000000000000, -3.999999999999999112, 0.5000000000000000000 ) ) ;
#3107 = CARTESIAN_POINT ( 'NONE',  ( -8.162501896539529511, 13.24269686076859287, 4.242584512726212509 ) ) ;
#3108 = CARTESIAN_POINT ( 'NONE',  ( -12.59375189653952987, 11.32737326693549385, -5.618986531965227016 ) ) ;
#3109 = CARTESIAN_POINT ( 'NONE',  ( -13.04947611071182934, 4.640556449156570729, 3.675270934534288436 ) ) ;
#3110 = ORIENTED_EDGE ( 'NONE', *, *, #2600, .F. ) ;
#3111 = CARTESIAN_POINT ( 'NONE',  ( -10.98496849783647988, 3.337767251552836267, -0.6709476844491926162 ) ) ;
#3112 = CARTESIAN_POINT ( 'NONE',  ( -8.891891706379903226, 14.02447023942283977, -2.521525916456681671 ) ) ;
#3113 = CARTESIAN_POINT ( 'NONE',  ( -4.962244347208994988, 13.96389585824178781, 4.979810608007930739 ) ) ;
#3114 = DIRECTION ( 'NONE',  ( 1.000000000000000000, 0.0000000000000000000, 0.0000000000000000000 ) ) ;
#3115 = CARTESIAN_POINT ( 'NONE',  ( -6.795849150494274404, 6.068470578211750954, 4.890648942983089498 ) ) ;
#3116 = CARTESIAN_POINT ( 'NONE',  ( -10.96362033045357798, 7.412839767240628319, -5.484405115470894820 ) ) ;
#3117 = DIRECTION ( 'NONE',  ( 0.0000000000000000000, 0.0000000000000000000, 1.000000000000000000 ) ) ;
#3118 = CARTESIAN_POINT ( 'NONE',  ( -10.46875189653953164, 2.999967094546162283, -2.485201931958109345 ) ) ;
#3119 = ORIENTED_EDGE ( 'NONE', *, *, #3588, .F. ) ;
#3120 = CARTESIAN_POINT ( 'NONE',  ( -6.296281410642038168, 8.182200937888969960, -5.651032586054572704 ) ) ;
#3121 = CARTESIAN_POINT ( 'NONE',  ( -10.97001520659567042, 3.430527166865245281, -1.260005409735650783 ) ) ;
#3122 = CARTESIAN_POINT ( 'NONE',  ( -7.431251896539529334, 14.99996709349432145, -2.485360816083348023 ) ) ;
#3123 = CARTESIAN_POINT ( 'NONE',  ( -8.944780786246701254, 14.41302066770907153, -1.816120153794978709 ) ) ;
#3124 = DIRECTION ( 'NONE',  ( 0.0000000000000000000, -1.000000000000000000, 0.0000000000000000000 ) ) ;
#3125 = CARTESIAN_POINT ( 'NONE',  ( -4.900000000000001243, 0.09999999999999939493, -4.900000000000000355 ) ) ;
#3126 =( BOUNDED_CURVE ( )  B_SPLINE_CURVE ( 2, ( #4379, #6352, #6882, #6848, #2583, #5582, #43, #4415, #1929, #2545, #1288 ),
 .UNSPECIFIED., .F., .T. ) 
 B_SPLINE_CURVE_WITH_KNOTS ( ( 3, 2, 2, 2, 2, 3 ),
 ( 0.5000002402683337843, 0.5138888888888888395, 0.5277777777777777901, 0.5416666666666666297, 0.5555555555555555802, 0.5555557958238893645 ),
 .UNSPECIFIED. ) 
 CURVE ( )  GEOMETRIC_REPRESENTATION_ITEM ( )  RATIONAL_B_SPLINE_CURVE ( ( 0.9999973663809044178, 0.9238808493436148073, 1.000000000000000000, 0.9238795325112867385, 1.000000000000000000, 0.9238795325112867385, 1.000000000000000000, 0.9238795325112867385, 1.000000000000000000, 0.9999986831676719312, 0.9999973663809044178 ) ) 
 REPRESENTATION_ITEM ( '' )  );
#3128 = CARTESIAN_POINT ( 'NONE',  ( -12.58997591247811165, 13.60395741289733529, -3.377798560493133095 ) ) ;
#3127 = CARTESIAN_POINT ( 'NONE',  ( -11.59375189653952987, 6.514798068041888435, 6.000032905453838161 ) ) ;
#3129 = CARTESIAN_POINT ( 'NONE',  ( -7.825001896539530044, 3.000000000525919752, 7.944206261983304126E-05 ) ) ;
#3130 = CARTESIAN_POINT ( 'NONE',  ( -8.497712554123312501, 7.847112945199784306, 5.584123375548141865 ) ) ;
#3131 = EDGE_CURVE ( 'NONE', #1144, #4112, #3021, .T. ) ;
#3132 = CARTESIAN_POINT ( 'NONE',  ( -10.26707329731503826, 4.486736111687116946, 3.351710066373134733 ) ) ;
#3133 = ORIENTED_EDGE ( 'NONE', *, *, #5248, .T. ) ;
#3134 = CARTESIAN_POINT ( 'NONE',  ( -7.626901707472883984, 4.109470209688327103, 2.947758735353207982 ) ) ;
#3136 = CARTESIAN_POINT ( 'NONE',  ( -11.79907332956302213, 4.678903725768417843, -3.720275978327288513 ) ) ;
#3135 = CARTESIAN_POINT ( 'NONE',  ( -11.40000189653953022, 8.999920557937377552, -5.999999999474079360 ) ) ;
#3137 = CARTESIAN_POINT ( 'NONE',  ( -5.000000000000007994, 3.896983460994319248, 4.918390438666467190 ) ) ;
#3138 = ORIENTED_EDGE ( 'NONE', *, *, #3783, .T. ) ;
#3139 = EDGE_CURVE ( 'NONE', #6252, #7455, #1208, .T. ) ;
#3140 = CARTESIAN_POINT ( 'NONE',  ( -9.650287831017516638, 13.89010814160215190, 2.789453988154759756 ) ) ;
#3141 = CARTESIAN_POINT ( 'NONE',  ( -7.132316565802289787, 14.54778182725462266, -1.348874569341253382 ) ) ;
#3142 = CARTESIAN_POINT ( 'NONE',  ( -10.66875189653953093, 2.999967094546160951, -2.485201931958109345 ) ) ;
#3143 = CARTESIAN_POINT ( 'NONE',  ( -8.025001896539530222, 3.000000000525919752, 7.944206261983304126E-05 ) ) ;
#3144 = CARTESIAN_POINT ( 'NONE',  ( -7.418751896539530044, 3.381013468034773428, -2.327373266935496954 ) ) ;
#3145 = VECTOR ( 'NONE', #4822, 1000.000000000000000 ) ;
#3146 = CARTESIAN_POINT ( 'NONE',  ( -12.89450252087995530, 3.433453619377206500, 0.7852435225211028547 ) ) ;
#3147 = ORIENTED_EDGE ( 'NONE', *, *, #3099, .T. ) ;
#3148 = ADVANCED_FACE ( 'NONE', ( #5526 ), #6096, .T. ) ;
#3149 = CARTESIAN_POINT ( 'NONE',  ( -8.927865131987308800, 13.25188533495582455, -3.689974061695415308 ) ) ;
#3150 = CARTESIAN_POINT ( 'NONE',  ( -4.900000000000001243, 13.64758001544925037, 4.999999999999998224 ) ) ;
#3151 = CARTESIAN_POINT ( 'NONE',  ( -6.604924323603835745, 4.707044809450051659, 3.765486695495081193 ) ) ;
#3152 = CARTESIAN_POINT ( 'NONE',  ( -11.45642559529686544, 12.09534211916878199, 4.788428357133351909 ) ) ;
#3153 = DIRECTION ( 'NONE',  ( -0.0000000000000000000, 0.5562934551586342646, -0.8309859154929576386 ) ) ;
#3154 = CIRCLE ( 'NONE', #5615, 0.5999999999999998668 ) ;
#3155 = CARTESIAN_POINT ( 'NONE',  ( -9.175001896539528801, 14.99999999947407758, -7.944206262056783218E-05 ) ) ;
#3156 = CARTESIAN_POINT ( 'NONE',  ( -12.92828863175496679, 5.408023783980541843, 4.438512681637789115 ) ) ;
#3157 = CARTESIAN_POINT ( 'NONE',  ( -8.204322435642460221, 6.913839609091938954, -5.228980729141373907 ) ) ;
#3158 = DIRECTION ( 'NONE',  ( 0.0000000000000000000, -0.0000000000000000000, -1.000000000000000000 ) ) ;
#3159 = CARTESIAN_POINT ( 'NONE',  ( -11.19671551802857046, 3.610673234931334630, 1.887498991258264924 ) ) ;
#3160 = AXIS2_PLACEMENT_3D ( 'NONE', #3822, #5089, #6285 ) ;
#3161 = DIRECTION ( 'NONE',  ( 0.0000000000000000000, -1.000000000000000000, 0.0000000000000000000 ) ) ;
#3162 = CARTESIAN_POINT ( 'NONE',  ( -9.204316094851765939, 5.971772772177502908, -4.840156646433954712 ) ) ;
#3163 = DIRECTION ( 'NONE',  ( 0.0000000000000000000, -1.000000000000000000, 0.0000000000000000000 ) ) ;
#3164 = DIRECTION ( 'NONE',  ( -0.0000000000000000000, 1.000000000000000000, -0.0000000000000000000 ) ) ;
#3166 = CARTESIAN_POINT ( 'NONE',  ( -12.52633426747311063, 14.59964132952056559, -1.119313079794045818 ) ) ;
#3165 = CARTESIAN_POINT ( 'NONE',  ( -9.906251896539529866, 11.48536081608334491, 5.999967093494319670 ) ) ;
#3167 = DIRECTION ( 'NONE',  ( 0.0000000000000000000, -1.000000000000000000, 0.0000000000000000000 ) ) ;
#3168 = ORIENTED_EDGE ( 'NONE', *, *, #801, .F. ) ;
#3169 = VECTOR ( 'NONE', #2655, 1000.000000000000000 ) ;
#3170 = CARTESIAN_POINT ( 'NONE',  ( -8.748827067719863848, 14.70900574216028822, 0.1087995997518863139 ) ) ;
#3171 = CARTESIAN_POINT ( 'NONE',  ( -10.15724835554266647, 3.719564207958881763, 2.173829946475212882 ) ) ;
#3172 =( BOUNDED_CURVE ( )  B_SPLINE_CURVE ( 2, ( #5634, #97, #6860, #3122, #4311, #3203, #6818, #5591, #5048, #1297, #1257 ),
 .UNSPECIFIED., .F., .T. ) 
 B_SPLINE_CURVE_WITH_KNOTS ( ( 3, 2, 2, 2, 2, 3 ),
 ( 0.8333335736016671547, 0.8472222222222222099, 0.8611111111111111605, 0.8750000000000000000, 0.8888888888888888395, 0.8888891291572226239 ),
 .UNSPECIFIED. ) 
 CURVE ( )  GEOMETRIC_REPRESENTATION_ITEM ( )  RATIONAL_B_SPLINE_CURVE ( ( 0.9999973663809044178, 0.9238808493436148073, 1.000000000000000000, 0.9238795325112867385, 1.000000000000000000, 0.9238795325112867385, 1.000000000000000000, 0.9238795325112867385, 1.000000000000000000, 0.9999986831676719312, 0.9999973663809044178 ) ) 
 REPRESENTATION_ITEM ( '' )  );
#3173 = ORIENTED_EDGE ( 'NONE', *, *, #4866, .F. ) ;
#3174 =( NAMED_UNIT ( * ) SI_UNIT ( $, .STERADIAN. ) SOLID_ANGLE_UNIT ( ) );
#3175 = CARTESIAN_POINT ( 'NONE',  ( -7.492639380517516656, 3.721181113267137963, -2.177867230121363740 ) ) ;
#3177 = CARTESIAN_POINT ( 'NONE',  ( -11.69627437381230095, 8.185624907792629301, -5.643489215702984119 ) ) ;
#3176 = CARTESIAN_POINT ( 'NONE',  ( -13.20000189653953093, 8.999920557937377552, -5.999999999474079360 ) ) ;
#3178 = CARTESIAN_POINT ( 'NONE',  ( -5.034877976733855398, 4.168235112575914947, 5.034074480609458391 ) ) ;
#3179 = EDGE_LOOP ( 'NONE', ( #6663, #1632, #916, #3168 ) ) ;
#3180 = APPLICATION_CONTEXT ( 'automotive_design' ) ;
#3181 = SHAPE_DEFINITION_REPRESENTATION ( #3754, #7544 ) ;
#3182 = CARTESIAN_POINT ( 'NONE',  ( -9.442167274488957318, 9.654084250501171027, 5.672681364290472317 ) ) ;
#3183 = CARTESIAN_POINT ( 'NONE',  ( 0.0000000000000000000, 10.00000000000000000, -3.300000000000000266 ) ) ;
#3184 = CARTESIAN_POINT ( 'NONE',  ( -9.050001896539530577, 8.999925603094688142, -5.618955715758048086 ) ) ;
#3185 = CIRCLE ( 'NONE', #5645, 0.1000000000000002554 ) ;
#3186 = CARTESIAN_POINT ( 'NONE',  ( -13.15234223134588021, 8.127698438121738533, 5.643146091036092216 ) ) ;
#3187 = ADVANCED_FACE ( 'NONE', ( #7894 ), #3720, .T. ) ;
#3188 = ORIENTED_EDGE ( 'NONE', *, *, #5957, .T. ) ;
#3189 = CARTESIAN_POINT ( 'NONE',  ( -10.41619545163996818, 12.33188267419119732, 4.636941847502318303 ) ) ;
#3190 = CARTESIAN_POINT ( 'NONE',  ( -8.944791387740437472, 12.76267314968809963, -4.187687145495578633 ) ) ;
#3191 = UNCERTAINTY_MEASURE_WITH_UNIT (LENGTH_MEASURE( 1.000000000000000082E-05 ), #6765, 'distance_accuracy_value', 'NONE');
#3192 = CARTESIAN_POINT ( 'NONE',  ( 4.899999999999998579, 14.90000000000000036, -4.250072516143176395E-16 ) ) ;
#3193 = CARTESIAN_POINT ( 'NONE',  ( -7.462501896539531110, 13.24269686076859287, 4.242584512726212509 ) ) ;
#3194 = CARTESIAN_POINT ( 'NONE',  ( -6.823369023240890563, 7.029216134007180372, 5.359400920412898728 ) ) ;
#3195 = CARTESIAN_POINT ( 'NONE',  ( -12.20609813315801873, 6.415583292918308977, 5.090994564681418311 ) ) ;
#3196 = ADVANCED_FACE ( 'NONE', ( #7368 ), #5567, .T. ) ;
#3197 = CLOSED_SHELL ( 'NONE', ( #2236, #7318, #911, #2392, #6003, #7848, #3891, #5914 ) ) ;
#3198 = CARTESIAN_POINT ( 'NONE',  ( -8.218751896539529866, 15.00003290545384083, 2.485201931958106236 ) ) ;
#3199 = CARTESIAN_POINT ( 'NONE',  ( -12.46151231341374199, 13.10270772820673990, -3.971492543173906320 ) ) ;
#3200 = CARTESIAN_POINT ( 'NONE',  ( -8.023762528421231721, 11.04900182604133008, -5.321079477337179675 ) ) ;
#3201 = CARTESIAN_POINT ( 'NONE',  ( -13.00000000000000178, 9.000000000000000000, 0.0000000000000000000 ) ) ;
#3202 = CARTESIAN_POINT ( 'NONE',  ( -11.20200453576969046, 8.010785606323423735, 5.623807304498797954 ) ) ;
#3203 = CARTESIAN_POINT ( 'NONE',  ( -7.318751896539531288, 15.00003290545384260, 2.485201931958106236 ) ) ;
#3204 = CARTESIAN_POINT ( 'NONE',  ( -9.540770688611216244, 7.678772857712591104, 5.554427976293237812 ) ) ;
#3205 = LINE ( 'NONE', #3371, #6012 ) ;
#3206 = CARTESIAN_POINT ( 'NONE',  ( -4.999999999999915623, 4.352419984550830456, -4.999999999999999112 ) ) ;
#3207 = CARTESIAN_POINT ( 'NONE',  ( -13.00000000000000178, 9.000000000000000000, 0.0000000000000000000 ) ) ;
#3209 = CARTESIAN_POINT ( 'NONE',  ( -12.53377536389406188, 13.09080405673758563, -3.867797638393136950 ) ) ;
#3208 = CARTESIAN_POINT ( 'NONE',  ( -10.63750189653953093, 4.757415487273786603, 4.242696860768593758 ) ) ;
#3210 = LINE ( 'NONE', #6825, #5482 ) ;
#3211 = AXIS2_PLACEMENT_3D ( 'NONE', #4681, #4755, #1034 ) ;
#3212 = VERTEX_POINT ( 'NONE', #6990 ) ;
#3213 = CARTESIAN_POINT ( 'NONE',  ( -8.616832648424766816, 12.35248496286689246, 4.622127604722344962 ) ) ;
#3214 = CARTESIAN_POINT ( 'NONE',  ( -10.48727849595675288, 14.15258271235669518, 2.461163910575180136 ) ) ;
#3215 = CARTESIAN_POINT ( 'NONE',  ( -12.32500189653953093, 3.000000000525919752, 7.944206261983304126E-05 ) ) ;
#3216 = CARTESIAN_POINT ( 'NONE',  ( -7.679464673637501626, 5.531954200300991609, 4.526018697175941519 ) ) ;
#3218 = CARTESIAN_POINT ( 'NONE',  ( -11.82607265900903215, 8.900224525133387132, -5.701038327814073270 ) ) ;
#3217 = CARTESIAN_POINT ( 'NONE',  ( -4.000000000000000000, -3.999999999999999112, 4.000000000000000000 ) ) ;
#3219 = CARTESIAN_POINT ( 'NONE',  ( -4.993235618933491438, 4.156121299653080747, 4.973007859944091891 ) ) ;
#3220 = ORIENTED_EDGE ( 'NONE', *, *, #7305, .T. ) ;
#3221 = CARTESIAN_POINT ( 'NONE',  ( -9.648631057566422697, 14.70891708887908145, 0.1169874055391183221 ) ) ;
#3222 = LINE ( 'NONE', #3106, #7866 ) ;
#3223 = CARTESIAN_POINT ( 'NONE',  ( -8.500000098502365375, 8.999999999999998224, -5.999999999999998224 ) ) ;
#3225 = CARTESIAN_POINT ( 'NONE',  ( -8.768751896539530577, 14.61898653196522524, 2.327373266935493845 ) ) ;
#3224 = CARTESIAN_POINT ( 'NONE',  ( -19.68079663544767044, 4.183362168483081511, 0.9000000000000004663 ) ) ;
#3226 = CARTESIAN_POINT ( 'NONE',  ( -13.00000000000000178, 9.000000000000000000, -6.000000000000000000 ) ) ;
#3227 = VERTEX_POINT ( 'NONE', #4439 ) ;
#3228 = B_SPLINE_CURVE_WITH_KNOTS ( 'NONE', 3,
 ( #1541, #7143, #374, #6491, #938, #5301, #333, #899, #2188, #860, #7632, #3452, #4700, #3414, #2670, #2754, #4662, #3950 ),
 .UNSPECIFIED., .F., .F.,
 ( 4, 2, 2, 2, 2, 2, 2, 2, 4 ),
 ( 0.002819795736543139354, 0.003172180422707958185, 0.003524565108872777016, 0.003876949795037595847, 0.004229334481202414245, 0.004581719167367233510, 0.004934103853532051907, 0.005286488539696871172, 0.005638873225861689570 ),
 .UNSPECIFIED. ) ;
#3229 = CARTESIAN_POINT ( 'NONE',  ( -10.15997616053580010, 3.761216927638905805, 2.271055484258655000 ) ) ;
#3230 = CARTESIAN_POINT ( 'NONE',  ( -8.845492455618474636, 13.53506838901898135, -3.469998488191335273 ) ) ;
#3231 = ADVANCED_FACE ( 'NONE', ( #6947 ), #3288, .F. ) ;
#3232 = LINE ( 'NONE', #6881, #2784 ) ;
#3233 = DIRECTION ( 'NONE',  ( 1.000000000000000000, -0.0000000000000000000, -0.0000000000000000000 ) ) ;
#3234 = CARTESIAN_POINT ( 'NONE',  ( -7.046832583991617049, 13.49414598460399617, -3.509278047371505505 ) ) ;
#3235 = CARTESIAN_POINT ( 'NONE',  ( -11.97294391035639016, 4.060745614846159590, -2.863759866334357085 ) ) ;
#3236 = CARTESIAN_POINT ( 'NONE',  ( -10.35625189653953093, 6.514639183916651533, -5.999967093494320558 ) ) ;
#3237 = CARTESIAN_POINT ( 'NONE',  ( -8.175597830940978028, 10.88615216049708678, -5.380916946138604828 ) ) ;
#3238 = DIRECTION ( 'NONE',  ( 0.0000000000000000000, 0.0000000000000000000, 1.000000000000000000 ) ) ;
#3239 = EDGE_CURVE ( 'NONE', #4212, #4337, #1310, .T. ) ;
#3240 = CARTESIAN_POINT ( 'NONE',  ( -11.16856923654384026, 4.514489241801369346, 3.402111509534900158 ) ) ;
#3241 = CARTESIAN_POINT ( 'NONE',  ( -4.994026520578957573, 14.93931171441148997, -3.831840886703466786 ) ) ;
#3242 = CARTESIAN_POINT ( 'NONE',  ( -9.307653829558534042, 3.527581359576677400, -1.627923227094087544 ) ) ;
#3243 = DIRECTION ( 'NONE',  ( -0.0000000000000000000, 1.000000000000000000, -0.0000000000000000000 ) ) ;
#3244 = CARTESIAN_POINT ( 'NONE',  ( -12.52500189653953022, 3.000000000525919752, 7.944206261983304126E-05 ) ) ;
#3245 = CARTESIAN_POINT ( 'NONE',  ( -8.500001896539529866, 8.999920557937377552, -5.999999999474079360 ) ) ;
#3247 = CARTESIAN_POINT ( 'NONE',  ( -12.42009702456559772, 14.06286418280194894, -2.622920610724772228 ) ) ;
#3246 = CARTESIAN_POINT ( 'NONE',  ( -10.75000189653952809, 9.000079442062618895, 5.999999999474079360 ) ) ;
#3248 = CARTESIAN_POINT ( 'NONE',  ( -4.993573183710712016, 14.06108489257140270, 4.940534984458651913 ) ) ;
#3249 = VERTEX_POINT ( 'NONE', #6378 ) ;
#3250 = CARTESIAN_POINT ( 'NONE',  ( -8.192721275397547132, 4.850917999855515639, -3.922703371874263656 ) ) ;
#3251 = CARTESIAN_POINT ( 'NONE',  ( -10.51199686878121575, 12.96118654342473953, 3.989047246199950880 ) ) ;
#3252 = CARTESIAN_POINT ( 'NONE',  ( -7.459639776564968905, 3.412854607342926005, -0.6223822328579836638 ) ) ;
#3254 = CARTESIAN_POINT ( 'NONE',  ( -11.75243673732211569, 8.899931588644573566, -5.620770632205453587 ) ) ;
#3253 = CARTESIAN_POINT ( 'NONE',  ( -12.75000189653952987, 9.000079442062618895, 5.999999999474079360 ) ) ;
#3255 = ORIENTED_EDGE ( 'NONE', *, *, #1010, .F. ) ;
#3256 = ORIENTED_EDGE ( 'NONE', *, *, #5516, .T. ) ;
#3257 = CARTESIAN_POINT ( 'NONE',  ( -7.025001896539530222, 14.61895571575804809, -7.439690531130537009E-05 ) ) ;
#3258 = FILL_AREA_STYLE_COLOUR ( '', #1918 ) ;
#3259 = CARTESIAN_POINT ( 'NONE',  ( -9.992570264112391243, 10.25267916030729687, -5.571282447087474665 ) ) ;
#3260 = CARTESIAN_POINT ( 'NONE',  ( -5.976056749931045076, 10.05788370219098127, -6.000014007269808047 ) ) ;
#3262 = CARTESIAN_POINT ( 'NONE',  ( -8.262501896539530932, 5.026745703644327712, -3.973149083243182833 ) ) ;
#3261 = CARTESIAN_POINT ( 'NONE',  ( -18.92379674209537654, 4.104515059364140406, 0.2366552523593479507 ) ) ;
#3263 = CARTESIAN_POINT ( 'NONE',  ( -13.18682920180227391, 9.541204014909599351, 5.673415021446452045 ) ) ;
#3264 = ORIENTED_EDGE ( 'NONE', *, *, #5610, .F. ) ;
#3265 = CARTESIAN_POINT ( 'NONE',  ( -9.701067802913724947, 14.35915903906669122, -1.947048030822309705 ) ) ;
#3266 = CARTESIAN_POINT ( 'NONE',  ( -9.259139861881211075, 4.355027261887911116, -3.321138077347971063 ) ) ;
#3267 = UNCERTAINTY_MEASURE_WITH_UNIT (LENGTH_MEASURE( 1.000000000000000082E-05 ), #2211, 'distance_accuracy_value', 'NONE');
#3268 = DIRECTION ( 'NONE',  ( 0.0000000000000000000, 1.000000000000000000, 1.224646799147353207E-16 ) ) ;
#3269 = CARTESIAN_POINT ( 'NONE',  ( -7.631251896539531288, 14.99996709349432145, -2.485360816083348023 ) ) ;
#3270 = CARTESIAN_POINT ( 'NONE',  ( -6.845047231184602232, 13.21981066426068274, 3.847310320656757821 ) ) ;
#3271 = CARTESIAN_POINT ( 'NONE',  ( -11.89629637385093730, 6.242338084897620654, -4.999553967400451882 ) ) ;
#3272 = ORIENTED_EDGE ( 'NONE', *, *, #3763, .F. ) ;
#3273 = CARTESIAN_POINT ( 'NONE',  ( -6.981251896539530044, 3.000032906505681662, 2.485360816083349356 ) ) ;
#3274 = ADVANCED_FACE ( 'NONE', ( #826 ), #2532, .T. ) ;
#3275 = CIRCLE ( 'NONE', #2243, 0.1000000000000002554 ) ;
#3276 = CARTESIAN_POINT ( 'NONE',  ( -11.82602593642304534, 4.051384085736781770, -2.848941740223984720 ) ) ;
#3277 = CARTESIAN_POINT ( 'NONE',  ( -11.06786421565823098, 3.897787008084132587, 2.545517466869338108 ) ) ;
#3278 = CARTESIAN_POINT ( 'NONE',  ( -6.374008838526290077, 8.036517144042782945, -5.546704883093521943 ) ) ;
#3279 = CARTESIAN_POINT ( 'NONE',  ( -9.617660781060836328, 10.73780870704718460, 5.438748590737454869 ) ) ;
#3280 = DIRECTION ( 'NONE',  ( 0.0000000000000000000, 0.0000000000000000000, -1.000000000000000000 ) ) ;
#3281 = FACE_OUTER_BOUND ( 'NONE', #878, .T. ) ;
#3283 = CARTESIAN_POINT ( 'NONE',  ( -12.78290019314625781, 4.479596709321215009, -3.355764737047854496 ) ) ;
#3282 = DIRECTION ( 'NONE',  ( 0.0000000000000000000, 0.0000000000000000000, -1.000000000000000000 ) ) ;
#3284 = DIRECTION ( 'NONE',  ( 0.0000000000000000000, -0.3420105620431733717, 0.9396961080322258075 ) ) ;
#3285 = ADVANCED_FACE ( 'NONE', ( #4406 ), #1954, .T. ) ;
#3286 = ORIENTED_EDGE ( 'NONE', *, *, #1098, .T. ) ;
#3287 = CARTESIAN_POINT ( 'NONE',  ( -20.50000000000000000, 9.000000000000000000, -1.000000000000000222 ) ) ;
#3288 =( BOUNDED_SURFACE ( )  B_SPLINE_SURFACE ( 3, 2, ( 
 ( #3838, #5650, #4555 ),
 ( #113, #785, #6872 ),
 ( #2605, #147, #751 ),
 ( #5104, #2573, #5606 ),
 ( #7597, #3219, #3178 ),
 ( #223, #7032, #670 ),
 ( #3876, #1469, #6219 ),
 ( #5729, #5029, #2031 ),
 ( #3137, #3915, #2681 ),
 ( #1426, #68, #6299 ) ),
 .UNSPECIFIED., .F., .F., .T. ) 
 B_SPLINE_SURFACE_WITH_KNOTS ( ( 4, 2, 2, 2, 4 ),
 ( 3, 3 ),
 ( 0.0001429618566286912828, 0.0002931993537717549557, 0.0004434368509148186558, 0.0005936743480578823015, 0.0007439118452009460015 ),
 ( 0.0000000000000000000, 1.000000000000000000 ),
 .UNSPECIFIED. ) 
 GEOMETRIC_REPRESENTATION_ITEM ( )  RATIONAL_B_SPLINE_SURFACE ( (
 ( 1.000000000000000000, 0.7071067811871086795, 1.000000000000000000),
 ( 1.000000000000000000, 0.7515127827408638606, 1.000000000000000000),
 ( 1.000000000000000000, 0.7756488135091845759, 1.000000000000000000),
 ( 1.000000000000000000, 0.8013676766012449715, 1.000000000000000000),
 ( 1.000000000000000000, 0.8032177151676784810, 1.000000000000000000),
 ( 1.000000000000000000, 0.8018885077661348504, 1.000000000000000000),
 ( 1.000000000000000000, 0.7989995446948590097, 1.000000000000000000),
 ( 1.000000000000000000, 0.7743723561266433464, 1.000000000000000000),
 ( 1.000000000000000000, 0.7517759092802368537, 1.000000000000000000),
 ( 1.000000000000000000, 0.7071067811864534258, 1.000000000000000000) ) ) 
 REPRESENTATION_ITEM ( '' )  SURFACE ( )  );
#3289 = AXIS2_PLACEMENT_3D ( 'NONE', #4986, #6907, #1386 ) ;
#3290 = CARTESIAN_POINT ( 'NONE',  ( -8.281690736902168837, 3.347054064210273072, -0.8046388031663022078 ) ) ;
#3291 = CARTESIAN_POINT ( 'NONE',  ( -10.50557743879661743, 14.41803082201554709, 1.803157630876826012 ) ) ;
#3292 = DIRECTION ( 'NONE',  ( -0.0000000000000000000, 0.0000000000000000000, 1.000000000000000000 ) ) ;
#3293 = CARTESIAN_POINT ( 'NONE',  ( -6.874202107260920513, 9.017765697676807690, 5.709463752911145384 ) ) ;
#3294 = CARTESIAN_POINT ( 'NONE',  ( -7.434057092733205252, 3.443250135999932127, 1.314963535672764028 ) ) ;
#3295 = CARTESIAN_POINT ( 'NONE',  ( -9.793750843279521945, 6.514765161716677966, 5.999999999999998224 ) ) ;
#3296 = CARTESIAN_POINT ( 'NONE',  ( -11.90625189653952809, 11.48536081608334491, 5.999967093494319670 ) ) ;
#3297 = AXIS2_PLACEMENT_3D ( 'NONE', #7830, #2218, #4066 ) ;
#3298 = CARTESIAN_POINT ( 'NONE',  ( 4.000000000000000000, -3.999999999999999112, 4.000000000000000000 ) ) ;
#3299 = EDGE_CURVE ( 'NONE', #6309, #7378, #7487, .T. ) ;
#3300 = ORIENTED_EDGE ( 'NONE', *, *, #3339, .T. ) ;
#3301 = CARTESIAN_POINT ( 'NONE',  ( -8.487501896539530577, 5.026850916756816723, 3.973254296355670956 ) ) ;
#3302 = DIRECTION ( 'NONE',  ( 0.0000000000000000000, 0.0000000000000000000, -1.000000000000000000 ) ) ;
#3303 = CARTESIAN_POINT ( 'NONE',  ( -9.844494938759282832, 14.40946328441624757, -1.802654521836274837 ) ) ;
#3304 = DIRECTION ( 'NONE',  ( -1.000000000000000000, -0.0000000000000000000, -0.0000000000000000000 ) ) ;
#3306 = CARTESIAN_POINT ( 'NONE',  ( -8.150001896539530222, 8.999925603094688142, -5.618955715758048086 ) ) ;
#3305 = CARTESIAN_POINT ( 'NONE',  ( -19.68238922798760626, 4.183362168483081511, -0.9000000000000000222 ) ) ;
#3307 = DIRECTION ( 'NONE',  ( 1.000000000000000000, -0.0000000000000000000, -0.0000000000000000000 ) ) ;
#3308 = AXIS2_PLACEMENT_3D ( 'NONE', #3649, #6684, #7260 ) ;
#3309 = ORIENTED_EDGE ( 'NONE', *, *, #7800, .T. ) ;
#3310 = CARTESIAN_POINT ( 'NONE',  ( -9.869253376244961018, 9.295490854350072496, -5.702208491273827562 ) ) ;
#3311 = CARTESIAN_POINT ( 'NONE',  ( -8.978582697165180093, 8.904330623257724397, -5.701144437324320080 ) ) ;
#3312 = VECTOR ( 'NONE', #2921, 1000.000000000000000 ) ;
#3313 = DIRECTION ( 'NONE',  ( -1.000000000000000000, -0.0000000000000000000, -0.0000000000000000000 ) ) ;
#3314 = CARTESIAN_POINT ( 'NONE',  ( -7.137764689161161691, 12.96657427987893207, -3.983631961678222755 ) ) ;
#3315 = CARTESIAN_POINT ( 'NONE',  ( -11.64543116539694800, 14.40491574479455750, -1.840056915447375818 ) ) ;
#3316 =( NAMED_UNIT ( * ) PLANE_ANGLE_UNIT ( ) SI_UNIT ( $, .RADIAN. ) );
#3317 = B_SPLINE_CURVE_WITH_KNOTS ( 'NONE', 3,
 ( #5593, #6405, #853, #1453, #7017, #5132, #2664, #7626 ),
 .UNSPECIFIED., .F., .F.,
 ( 4, 2, 2, 4 ),
 ( 0.0000000000000000000, 0.0001309668869663730350, 0.0002619337739327460700, 0.0005238675478654909474 ),
 .UNSPECIFIED. ) ;
#3318 = ORIENTED_EDGE ( 'NONE', *, *, #6568, .F. ) ;
#3319 = CARTESIAN_POINT ( 'NONE',  ( -7.375001896539529866, 14.99999999947407758, -7.944206262056783218E-05 ) ) ;
#3320 = CARTESIAN_POINT ( 'NONE',  ( -12.03765668147596379, 5.707426805311501816, 4.664965876935891487 ) ) ;
#3321 = CARTESIAN_POINT ( 'NONE',  ( -8.365426052816879121, 3.383871740395628880, -0.3949702985172307002 ) ) ;
#3322 = CARTESIAN_POINT ( 'NONE',  ( -11.24220387890588668, 4.449354175897712871, 3.449228755042582417 ) ) ;
#3323 = CARTESIAN_POINT ( 'NONE',  ( -6.447643175541237781, 8.024576425491604326, -5.626200973283010498 ) ) ;
#3324 = CARTESIAN_POINT ( 'NONE',  ( -9.186794813909260782, 6.571650451335592003, -5.167243563066436174 ) ) ;
#3325 = CIRCLE ( 'NONE', #1759, 0.5999999999999998668 ) ;
#3326 = CARTESIAN_POINT ( 'NONE',  ( -9.231251896539529156, 14.99996709349432145, -2.485360816083348023 ) ) ;
#3327 = CARTESIAN_POINT ( 'NONE',  ( -4.900000000000001243, 15.00000000000000000, -3.224903099319424538 ) ) ;
#3329 = CARTESIAN_POINT ( 'NONE',  ( -12.74930789536803388, 7.959430987950989689, -5.614826722844457940 ) ) ;
#3328 = CARTESIAN_POINT ( 'NONE',  ( -6.868751896539530222, 2.999967094546160951, -2.485201931958109345 ) ) ;
#3330 = CARTESIAN_POINT ( 'NONE',  ( -10.24375084327951768, 11.48523483828331848, -6.000000000000000888 ) ) ;
#3331 = ORIENTED_EDGE ( 'NONE', *, *, #227, .T. ) ;
#3332 = VECTOR ( 'NONE', #4542, 1000.000000000000000 ) ;
#3333 = CARTESIAN_POINT ( 'NONE',  ( -4.900000000000001243, 15.00000000000000000, -5.000000000000000888 ) ) ;
#3334 = B_SPLINE_CURVE_WITH_KNOTS ( 'NONE', 3,
 ( #2713, #7671, #291, #409, #2351, #7227, #4808, #4847 ),
 .UNSPECIFIED., .F., .F.,
 ( 4, 2, 2, 4 ),
 ( 0.0000000000000000000, 0.0002602212837060913762, 0.0003903319255591345435, 0.0005204425674121777650 ),
 .UNSPECIFIED. ) ;
#3335 = CARTESIAN_POINT ( 'NONE',  ( -7.513711309721010423, 4.962273965327429259, 4.037454454817715366 ) ) ;
#3336 = CARTESIAN_POINT ( 'NONE',  ( -10.59850235785538430, 13.38371009628462893, 3.659294412757602366 ) ) ;
#3337 = ADVANCED_FACE ( 'NONE', ( #6258 ), #5773, .T. ) ;
#3338 =( LENGTH_UNIT ( ) NAMED_UNIT ( * ) SI_UNIT ( .MILLI., .METRE. ) );
#3339 = EDGE_CURVE ( 'NONE', #1283, #5985, #7186, .T. ) ;
#3340 = CARTESIAN_POINT ( 'NONE',  ( -7.314846136570500867, 9.369963127073093645, -5.697435776191302814 ) ) ;
#3341 = CARTESIAN_POINT ( 'NONE',  ( -7.760762097985877794, 8.467090223181912734, 5.676984395857610721 ) ) ;
#3342 = CARTESIAN_POINT ( 'NONE',  ( -5.100000000000002309, 9.000000000000000000, 0.0000000000000000000 ) ) ;
#3343 = AXIS2_PLACEMENT_3D ( 'NONE', #389, #1031, #6548 ) ;
#3345 = CARTESIAN_POINT ( 'NONE',  ( -12.00520806150274922, 4.714897517057022647, 3.774140210330618306 ) ) ;
#3344 = CARTESIAN_POINT ( 'NONE',  ( -8.250001896539529866, 9.000079442062618895, 5.999999999474079360 ) ) ;
#3346 = AXIS2_PLACEMENT_3D ( 'NONE', #5331, #1533, #7297 ) ;
#3347 = CARTESIAN_POINT ( 'NONE',  ( -6.243157342047267910, 10.94393168005114347, -5.341121639251498188 ) ) ;
#3348 = ORIENTED_EDGE ( 'NONE', *, *, #6069, .T. ) ;
#3349 =( BOUNDED_CURVE ( )  B_SPLINE_CURVE ( 2, ( #3762, #6791, #6138, #4207, #3637, #1797, #7443, #3594, #6748, #1831, #1754 ),
 .UNSPECIFIED., .F., .F. ) 
 B_SPLINE_CURVE_WITH_KNOTS ( ( 3, 2, 2, 2, 2, 3 ),
 ( 0.3888891291572226794, 0.4027777777777777901, 0.4166666666666666852, 0.4305555555555555802, 0.4444444444444444198, 0.4444446847127782041 ),
 .UNSPECIFIED. ) 
 CURVE ( )  GEOMETRIC_REPRESENTATION_ITEM ( )  RATIONAL_B_SPLINE_CURVE ( ( 0.9999973663809044178, 0.9238808493436148073, 1.000000000000000000, 0.9238795325112867385, 1.000000000000000000, 0.9238795325112867385, 1.000000000000000000, 0.9238795325112867385, 1.000000000000000000, 0.9999986831676719312, 0.9999973663809044178 ) ) 
 REPRESENTATION_ITEM ( '' )  );
#3350 = CARTESIAN_POINT ( 'NONE',  ( -9.697227237127227895, 14.40827757943065457, -1.806209891101305587 ) ) ;
#3351 = DIRECTION ( 'NONE',  ( 0.0000000000000000000, 0.0000000000000000000, 1.000000000000000000 ) ) ;
#3353 = CARTESIAN_POINT ( 'NONE',  ( -6.406251896539530755, 6.672477939253883328, -5.618924899550870933 ) ) ;
#3352 = CARTESIAN_POINT ( 'NONE',  ( -11.56875189653953484, 2.999967094546160951, -2.485201931958109345 ) ) ;
#3354 = CARTESIAN_POINT ( 'NONE',  ( -9.993750843279523011, 6.514765161716677966, 5.999999999999998224 ) ) ;
#3355 = ORIENTED_EDGE ( 'NONE', *, *, #7305, .F. ) ;
#3356 = CARTESIAN_POINT ( 'NONE',  ( -9.696557175754779934, 14.41641155049559053, -1.781457218147662891 ) ) ;
#3357 = CARTESIAN_POINT ( 'NONE',  ( -9.072485230271968959, 11.00290938820918107, -5.347412656864447555 ) ) ;
#3358 = UNCERTAINTY_MEASURE_WITH_UNIT (LENGTH_MEASURE( 1.000000000000000082E-05 ), #4510, 'distance_accuracy_value', 'NONE');
#3359 = DIRECTION ( 'NONE',  ( -1.000000000000000000, 0.0000000000000000000, 0.0000000000000000000 ) ) ;
#3360 = CARTESIAN_POINT ( 'NONE',  ( -6.969828572541689304, 14.65936154770091626, -0.7602692520385831987 ) ) ;
#3361 = CARTESIAN_POINT ( 'NONE',  ( -12.49954368339392019, 14.70937231354810315, -0.04058129875227146216 ) ) ;
#3362 = CARTESIAN_POINT ( 'NONE',  ( -5.100000000000002309, 9.000000000000000000, 0.0000000000000000000 ) ) ;
#3363 = ORIENTED_EDGE ( 'NONE', *, *, #4255, .F. ) ;
#3364 = CARTESIAN_POINT ( 'NONE',  ( -13.49375189653953022, 11.32737326693549385, -5.618986531965227016 ) ) ;
#3365 = CARTESIAN_POINT ( 'NONE',  ( -11.78697303573812150, 5.024069033655956140, -4.086979485144288660 ) ) ;
#3366 = CARTESIAN_POINT ( 'NONE',  ( -8.430314061901452050, 3.339941134090319341, -0.7545727076530088784 ) ) ;
#3367 = CARTESIAN_POINT ( 'NONE',  ( -11.51645268654643672, 14.61865983981764394, 0.3535402365696797555 ) ) ;
#3368 = LINE ( 'NONE', #6484, #5397 ) ;
#3369 = CARTESIAN_POINT ( 'NONE',  ( -6.428686764076608107, 6.078328845942624348, -4.812269290283930800 ) ) ;
#3370 = CARTESIAN_POINT ( 'NONE',  ( -9.963311517814906537, 11.33165961699974211, -5.211617354873236962 ) ) ;
#3371 = CARTESIAN_POINT ( 'NONE',  ( -13.00000000000000178, 9.000000000000000000, -6.000000000000000000 ) ) ;
#3372 = CARTESIAN_POINT ( 'NONE',  ( 0.0000000000000000000, 0.0000000000000000000, 0.0000000000000000000 ) ) ;
#3374 = CARTESIAN_POINT ( 'NONE',  ( -12.69396776762829759, 7.286747806621604262, -5.363055641458293721 ) ) ;
#3373 = CARTESIAN_POINT ( 'NONE',  ( -7.656251896539530755, 6.514639183916651533, -5.999967093494321446 ) ) ;
#3375 = DIRECTION ( 'NONE',  ( -0.0000000000000000000, 1.000000000000000000, -0.0000000000000000000 ) ) ;
#3376 = ORIENTED_EDGE ( 'NONE', *, *, #6422, .T. ) ;
#3377 = CARTESIAN_POINT ( 'NONE',  ( -7.593832477491464950, 7.694828373710837610, 5.558690653455506059 ) ) ;
#3378 = CARTESIAN_POINT ( 'NONE',  ( -10.64073120187180166, 14.59342019283025671, -0.6403292723693870814 ) ) ;
#3379 = CARTESIAN_POINT ( 'NONE',  ( -7.684810221170880418, 5.700870817742546670, 4.659751492831730069 ) ) ;
#3380 = CARTESIAN_POINT ( 'NONE',  ( -7.842305985321663897, 13.72226685386087652, 3.050196293408534043 ) ) ;
#3381 = CARTESIAN_POINT ( 'NONE',  ( -13.00000000000000178, 7.462943075480072075, 5.495580352174930461 ) ) ;
#3383 = CARTESIAN_POINT ( 'NONE',  ( -12.03085524615573298, 5.488934576323387660, 4.503258020601677458 ) ) ;
#3382 = CARTESIAN_POINT ( 'NONE',  ( -9.543751896539529156, 11.48520193195810712, -6.000032905453839938 ) ) ;
#3384 = ORIENTED_EDGE ( 'NONE', *, *, #5163, .F. ) ;
#3385 = DIRECTION ( 'NONE',  ( -1.000000000000000000, 0.0000000000000000000, 0.0000000000000000000 ) ) ;
#3386 = ORIENTED_EDGE ( 'NONE', *, *, #4721, .T. ) ;
#3387 = DIRECTION ( 'NONE',  ( 0.0000000000000000000, -0.7236750748543802070, 0.6901408450704155095 ) ) ;
#3388 = ADVANCED_FACE ( 'NONE', ( #6501 ), #6464, .F. ) ;
#3389 = CARTESIAN_POINT ( 'NONE',  ( -9.656992136586854514, 14.70528577437539575, -0.2404993676586830442 ) ) ;
#3391 = CARTESIAN_POINT ( 'NONE',  ( -6.575001896539530932, 3.381044284241951026, 7.439690531061725408E-05 ) ) ;
#3390 = DIRECTION ( 'NONE',  ( 0.0000000000000000000, 0.0000000000000000000, -1.000000000000000000 ) ) ;
#3392 = CARTESIAN_POINT ( 'NONE',  ( -4.899999992121972348, 15.00000000000000178, -3.291331462769820249 ) ) ;
#3393 = VERTEX_POINT ( 'NONE', #2233 ) ;
#3394 = ADVANCED_FACE ( 'NONE', ( #4594, #7680 ), #383, .F. ) ;
#3395 = CARTESIAN_POINT ( 'NONE',  ( -10.34449836995250926, 9.747019857635331519, 5.660834033994280645 ) ) ;
#3396 = CARTESIAN_POINT ( 'NONE',  ( -9.052218295103209300, 8.907398721313928291, -5.620932993974192549 ) ) ;
#3397 = FACE_OUTER_BOUND ( 'NONE', #2001, .T. ) ;
#3398 = CARTESIAN_POINT ( 'NONE',  ( -10.30000189653953058, 8.999920557937377552, -5.999999999474079360 ) ) ;
#3399 = CARTESIAN_POINT ( 'NONE',  ( -7.125976142851721207, 14.60222898179821094, -1.105356540439228263 ) ) ;
#3400 = CARTESIAN_POINT ( 'NONE',  ( -12.91443325701032308, 3.457940758781659074, -1.372236376374501354 ) ) ;
#3401 = ORIENTED_EDGE ( 'NONE', *, *, #1995, .F. ) ;
#3402 = CARTESIAN_POINT ( 'NONE',  ( -7.543751896539529156, 11.48520193195810357, -6.000032905453839049 ) ) ;
#3403 = CARTESIAN_POINT ( 'NONE',  ( -12.17013736168444815, 10.73208380089131353, 5.441062226815164493 ) ) ;
#3404 = CARTESIAN_POINT ( 'NONE',  ( -8.317606993908368551, 3.329515596003732814, 0.6716305643963371708 ) ) ;
#3405 = CARTESIAN_POINT ( 'NONE',  ( -12.26875189653953058, 2.999967094546160951, -2.485201931958109345 ) ) ;
#3406 = CARTESIAN_POINT ( 'NONE',  ( -6.301921652771105720, 10.85849511910181242, -5.303130749741616690 ) ) ;
#3407 = CARTESIAN_POINT ( 'NONE',  ( -10.21409805416981520, 3.461007424898365326, -1.385035010677240441 ) ) ;
#3408 = CYLINDRICAL_SURFACE ( 'NONE', #323, 0.5999999999999980904 ) ;
#3409 = FACE_OUTER_BOUND ( 'NONE', #7440, .T. ) ;
#3410 = CARTESIAN_POINT ( 'NONE',  ( -6.676056732345356792, 10.05788447917555573, -6.000014007280094042 ) ) ;
#3411 =( GEOMETRIC_REPRESENTATION_CONTEXT ( 3 ) GLOBAL_UNCERTAINTY_ASSIGNED_CONTEXT ( ( #3358 ) ) GLOBAL_UNIT_ASSIGNED_CONTEXT ( ( #4510, #2486, #4983 ) ) REPRESENTATION_CONTEXT ( 'NONE', 'WORKASPACE' ) );
#3412 = CARTESIAN_POINT ( 'NONE',  ( -24.00000000000000000, 9.000000000000000000, -4.699999999999999289 ) ) ;
#3413 = ORIENTED_EDGE ( 'NONE', *, *, #1393, .T. ) ;
#3414 = CARTESIAN_POINT ( 'NONE',  ( -20.35408926775282978, 13.84770991031878395, 0.7188077656742406507 ) ) ;
#3415 = CARTESIAN_POINT ( 'NONE',  ( -7.823109467668562189, 14.58726144709789629, 1.137530962883350538 ) ) ;
#3416 = CARTESIAN_POINT ( 'NONE',  ( -12.24375084327952123, 11.48523483828331848, -6.000000000000000888 ) ) ;
#3417 = CARTESIAN_POINT ( 'NONE',  ( -7.469084917522004652, 4.138327320500212458, -2.993565899998325008 ) ) ;
#3418 = CARTESIAN_POINT ( 'NONE',  ( -7.687127138920931024, 8.476352056558249970, 5.597247730863089465 ) ) ;
#3419 = DIRECTION ( 'NONE',  ( -0.0000000000000000000, 1.000000000000000000, -0.0000000000000000000 ) ) ;
#3421 = CARTESIAN_POINT ( 'NONE',  ( -12.17812464237111314, 5.486074205262185366, 4.501020376144507118 ) ) ;
#3420 = CARTESIAN_POINT ( 'NONE',  ( -9.825001896539529156, 3.000000000525919752, 7.944206261983304126E-05 ) ) ;
#3422 = ORIENTED_EDGE ( 'NONE', *, *, #3690, .F. ) ;
#3423 = DIRECTION ( 'NONE',  ( 0.0000000000000000000, 0.0000000000000000000, -1.000000000000000000 ) ) ;
#3424 = CARTESIAN_POINT ( 'NONE',  ( -9.962463918261946105, 8.489422071199449249, -5.606551349567332032 ) ) ;
#3425 = CARTESIAN_POINT ( 'NONE',  ( -11.20000009850236466, 8.999999999999998224, -5.999999999999998224 ) ) ;
#3426 = VECTOR ( 'NONE', #59, 1000.000000000000000 ) ;
#3427 = CARTESIAN_POINT ( 'NONE',  ( -11.90625189653952809, 11.48536081608334491, 5.999967093494319670 ) ) ;
#3428 = LINE ( 'NONE', #5900, #3547 ) ;
#3429 = ORIENTED_EDGE ( 'NONE', *, *, #7363, .F. ) ;
#3430 = PRESENTATION_LAYER_ASSIGNMENT (  '', '', ( #5891 ) ) ;
#3431 = CARTESIAN_POINT ( 'NONE',  ( -8.969299139662222586, 9.293417285091466695, -5.702576584609922783 ) ) ;
#3432 = CARTESIAN_POINT ( 'NONE',  ( -9.220225009901941604, 5.458021227849854995, -4.468420617656493121 ) ) ;
#3433 = CARTESIAN_POINT ( 'NONE',  ( -20.19999999999999929, 9.000000000000000000, 0.0000000000000000000 ) ) ;
#3434 = DIRECTION ( 'NONE',  ( 1.000000000000000000, -0.0000000000000000000, -0.0000000000000000000 ) ) ;
#3435 = EDGE_CURVE ( 'NONE', #7378, #1269, #2115, .T. ) ;
#3436 = CARTESIAN_POINT ( 'NONE',  ( -7.184161340386310712, 8.671746813812880816, -5.700710998179649103 ) ) ;
#3437 = EDGE_CURVE ( 'NONE', #6309, #3249, #6654, .T. ) ;
#3438 = CARTESIAN_POINT ( 'NONE',  ( -12.42165329720948463, 13.91380889219713524, 2.907380588861204096 ) ) ;
#3439 =( LENGTH_UNIT ( ) NAMED_UNIT ( * ) SI_UNIT ( .MILLI., .METRE. ) );
#3440 = VERTEX_POINT ( 'NONE', #7771 ) ;
#3441 = CARTESIAN_POINT ( 'NONE',  ( -11.86250189653953058, 5.026745703644327712, -3.973149083243182833 ) ) ;
#3442 = CARTESIAN_POINT ( 'NONE',  ( -12.32992275129804405, 14.64252444854841251, 0.8745111484615187836 ) ) ;
#3443 = CARTESIAN_POINT ( 'NONE',  ( -8.439061211253902073, 3.303821962461176653, -0.4023883866952079336 ) ) ;
#3444 = TOROIDAL_SURFACE ( 'NONE', #6683, 3.400000000000000355, 0.1000000000000000056 ) ;
#3445 = CARTESIAN_POINT ( 'NONE',  ( -6.221431536859983957, 11.13213691006250272, -5.288939944059304565 ) ) ;
#3446 = EDGE_CURVE ( 'NONE', #1419, #3212, #6544, .T. ) ;
#3447 = DIRECTION ( 'NONE',  ( -1.000000000000000000, 0.0000000000000000000, 0.0000000000000000000 ) ) ;
#3448 = CARTESIAN_POINT ( 'NONE',  ( -8.250000997523411428, 9.000039721031308559, 5.999999999999998224 ) ) ;
#3449 = CARTESIAN_POINT ( 'NONE',  ( -7.487501896539529689, 13.24258451272621073, -4.242696860768593758 ) ) ;
#3450 = CARTESIAN_POINT ( 'NONE',  ( -9.906251896539529866, 11.48536081608334847, 5.999967093494318782 ) ) ;
#3451 = ORIENTED_EDGE ( 'NONE', *, *, #1066, .F. ) ;
#3452 = CARTESIAN_POINT ( 'NONE',  ( -20.58639307771784033, 13.88020917471242122, 0.4532666018932606233 ) ) ;
#3453 = CARTESIAN_POINT ( 'NONE',  ( -7.796081949772476705, 14.29018119295339062, 2.148695608592163353 ) ) ;
#3454 = CIRCLE ( 'NONE', #7992, 0.5999999999999998668 ) ;
#3455 = CARTESIAN_POINT ( 'NONE',  ( -10.87281133156952784, 8.082808839872789974, -5.554569236875083860 ) ) ;
#3456 = PLANE ( 'NONE',  #7562 ) ;
#3457 = CARTESIAN_POINT ( 'NONE',  ( -8.220567298217073215, 9.134216403442511734, -5.708043903860729351 ) ) ;
#3458 = CARTESIAN_POINT ( 'NONE',  ( -7.720708491372413107, 12.47683350885612619, 4.529684165498693460 ) ) ;
#3459 = CARTESIAN_POINT ( 'NONE',  ( -4.914316076296256774, 4.178341350584440228, 5.003342129676899397 ) ) ;
#3461 = CARTESIAN_POINT ( 'NONE',  ( -12.23273356717026594, 7.374700150412139443, 5.474163460036266748 ) ) ;
#3460 = CARTESIAN_POINT ( 'NONE',  ( -10.61250189653953058, 4.757303139231405353, -4.242584512726213397 ) ) ;
#3462 = VERTEX_POINT ( 'NONE', #2198 ) ;
#3463 = CARTESIAN_POINT ( 'NONE',  ( -13.00000000000000178, 9.000000000000000000, -0.5000000000000002220 ) ) ;
#3464 = CIRCLE ( 'NONE', #6695, 6.000000000000000000 ) ;
#3465 = ORIENTED_EDGE ( 'NONE', *, *, #4342, .T. ) ;
#3466 = CARTESIAN_POINT ( 'NONE',  ( -10.17911273839407293, 3.943661201061243293, -2.653381231459662981 ) ) ;
#3467 = AXIS2_PLACEMENT_3D ( 'NONE', #1052, #6077, #5995 ) ;
#3468 = AXIS2_PLACEMENT_3D ( 'NONE', #1440, #3359, #6391 ) ;
#3470 = CARTESIAN_POINT ( 'NONE',  ( -6.326056749931044720, 9.990700279259055350, -5.618968833955360509 ) ) ;
#3469 = DIRECTION ( 'NONE',  ( 1.000000000000000000, -0.0000000000000000000, -0.0000000000000000000 ) ) ;
#3471 = ORIENTED_EDGE ( 'NONE', *, *, #6468, .F. ) ;
#3472 = CARTESIAN_POINT ( 'NONE',  ( -9.175742015404122043, 3.385065314411450199, -1.038518772519514410 ) ) ;
#3473 = DIRECTION ( 'NONE',  ( 0.0000000000000000000, 0.0000000000000000000, 1.000000000000000000 ) ) ;
#3474 = DIRECTION ( 'NONE',  ( 0.0000000000000000000, 0.0000000000000000000, 1.000000000000000000 ) ) ;
#3475 = CARTESIAN_POINT ( 'NONE',  ( -7.131313953729858213, 10.77280211452382019, -5.419355443188019983 ) ) ;
#3476 = CARTESIAN_POINT ( 'NONE',  ( -12.88778861550135701, 3.796591927175382519, -2.350203910735633617 ) ) ;
#3477 = CARTESIAN_POINT ( 'NONE',  ( 4.999999999999998224, 15.00000000000000000, -5.000000000000000888 ) ) ;
#3478 = CARTESIAN_POINT ( 'NONE',  ( -9.162501896539529511, 5.026745703644327712, -3.973149083243182833 ) ) ;
#3479 = EDGE_CURVE ( 'NONE', #2880, #778, #909, .T. ) ;
#3480 = CARTESIAN_POINT ( 'NONE',  ( -11.24386541661869465, 9.721865857875327421, 5.664244874378866257 ) ) ;
#3481 = CARTESIAN_POINT ( 'NONE',  ( -8.597294689610226470, 8.884074858028711219, 5.628576036401227611 ) ) ;
#3482 =( BOUNDED_CURVE ( )  B_SPLINE_CURVE ( 2, ( #86, #3734, #5077, #3269, #5040, #6808, #3193, #1966, #5001, #5665, #7501 ),
 .UNSPECIFIED., .F., .T. ) 
 B_SPLINE_CURVE_WITH_KNOTS ( ( 3, 2, 2, 2, 2, 3 ),
 ( 0.7222224624905559942, 0.7361111111111111605, 0.7500000000000000000, 0.7638888888888888395, 0.7777777777777777901, 0.7777780180461115744 ),
 .UNSPECIFIED. ) 
 CURVE ( )  GEOMETRIC_REPRESENTATION_ITEM ( )  RATIONAL_B_SPLINE_CURVE ( ( 0.9999973663809044178, 0.9238808493436148073, 1.000000000000000000, 0.9238795325112867385, 1.000000000000000000, 0.9238795325112867385, 1.000000000000000000, 0.9238795325112867385, 1.000000000000000000, 0.9999986831676719312, 0.9999973663809044178 ) ) 
 REPRESENTATION_ITEM ( '' )  );
#3483 = CARTESIAN_POINT ( 'NONE',  ( -4.900000000000001243, 14.90000000000000036, 0.0000000000000000000 ) ) ;
#3484 = CARTESIAN_POINT ( 'NONE',  ( -9.911526732903496395, 13.02380039946154788, -4.050545818854852875 ) ) ;
#3485 = CARTESIAN_POINT ( 'NONE',  ( -13.00000000000000355, 3.445026084626527041, -1.686687516814980858 ) ) ;
#3486 = DIRECTION ( 'NONE',  ( 0.0000000000000000000, -0.0000000000000000000, -1.000000000000000000 ) ) ;
#3487 = CARTESIAN_POINT ( 'NONE',  ( 4.000000000000000000, -3.999999999999999112, 4.599999999999999645 ) ) ;
#3488 = CARTESIAN_POINT ( 'NONE',  ( -10.07500189653953093, 14.99999999947407936, -7.944206262056783218E-05 ) ) ;
#3489 = ORIENTED_EDGE ( 'NONE', *, *, #2135, .F. ) ;
#3490 = EDGE_CURVE ( 'NONE', #3393, #2300, #3154, .T. ) ;
#3491 = DIRECTION ( 'NONE',  ( 0.0000000000000000000, 0.0000000000000000000, 1.000000000000000000 ) ) ;
#3492 = CARTESIAN_POINT ( 'NONE',  ( -7.751392197038975418, 13.38984769453576718, 3.651418097256961204 ) ) ;
#3493 = CARTESIAN_POINT ( 'NONE',  ( -10.84843819902293305, 11.84731064876369899, -4.949618803989113580 ) ) ;
#3494 = CARTESIAN_POINT ( 'NONE',  ( -4.993235618933556275, 13.84387870034682244, -4.973007859944094555 ) ) ;
#3495 = CARTESIAN_POINT ( 'NONE',  ( -8.194899477014077505, 10.16258302958982007, -5.589783904640856171 ) ) ;
#3496 = CARTESIAN_POINT ( 'NONE',  ( -7.619257115620865939, 6.013709261621733582, 4.762889045173971603 ) ) ;
#3497 = CARTESIAN_POINT ( 'NONE',  ( -6.675001896539530577, 14.99999999947407936, -7.944206262056783218E-05 ) ) ;
#3499 = CARTESIAN_POINT ( 'NONE',  ( -12.10743840536155425, 3.762434634789081578, 2.274646828828605916 ) ) ;
#3498 = CARTESIAN_POINT ( 'NONE',  ( -8.925001896539530577, 3.000000000525919752, 7.944206261983304126E-05 ) ) ;
#3500 = ORIENTED_EDGE ( 'NONE', *, *, #3299, .T. ) ;
#3501 = PLANE ( 'NONE',  #7045 ) ;
#3502 = CARTESIAN_POINT ( 'NONE',  ( -7.800000997523413027, 8.999960278968686112, -5.999999999999998224 ) ) ;
#3503 = CARTESIAN_POINT ( 'NONE',  ( -10.14337782127106280, 4.755087275884744002, -3.819271957277571961 ) ) ;
#3505 = CARTESIAN_POINT ( 'NONE',  ( -12.86250189653953058, 13.24269686076859287, 4.242584512726212509 ) ) ;
#3504 = CARTESIAN_POINT ( 'NONE',  ( -6.700000098502365553, 9.000000000000000000, -6.000000000000000000 ) ) ;
#3506 = CARTESIAN_POINT ( 'NONE',  ( -4.983079906349042076, 14.98518670508595818, -3.465155975056326110 ) ) ;
#3507 = ORIENTED_EDGE ( 'NONE', *, *, #5970, .F. ) ;
#3508 = CARTESIAN_POINT ( 'NONE',  ( -9.120995009210053794, 4.152583502017293426, -3.018174409907057765 ) ) ;
#3509 = ORIENTED_EDGE ( 'NONE', *, *, #1556, .T. ) ;
#3510 = CARTESIAN_POINT ( 'NONE',  ( -11.37818874940247404, 11.90207588972901931, 4.814710280288330146 ) ) ;
#3511 = FACE_OUTER_BOUND ( 'NONE', #5721, .T. ) ;
#3512 = FACE_OUTER_BOUND ( 'NONE', #1387, .T. ) ;
#3513 = CARTESIAN_POINT ( 'NONE',  ( -7.291610908528889823, 4.885773201603172744, -3.947818838652376261 ) ) ;
#3514 = CARTESIAN_POINT ( 'NONE',  ( -8.306251896539531998, 11.48536081608334491, 5.999967093494319670 ) ) ;
#3515 = CARTESIAN_POINT ( 'NONE',  ( -12.87453974352475861, 4.028999723835330116, -2.809940624500178785 ) ) ;
#3516 = EDGE_LOOP ( 'NONE', ( #5598, #5699 ) ) ;
#3517 = CARTESIAN_POINT ( 'NONE',  ( -11.52500189653953022, 14.61895571575804809, -7.439690531130537009E-05 ) ) ;
#3518 = CARTESIAN_POINT ( 'NONE',  ( -11.71144936998040542, 7.593991067243722526, -5.534153427082023846 ) ) ;
#3519 = CARTESIAN_POINT ( 'NONE',  ( -8.784974501492513355, 14.40693173343532685, 1.568303928162996908 ) ) ;
#3520 = FACE_OUTER_BOUND ( 'NONE', #7324, .T. ) ;
#3521 = CARTESIAN_POINT ( 'NONE',  ( -6.583974793960406302, 3.390333122867283944, 0.3674987041096596796 ) ) ;
#3522 = DIRECTION ( 'NONE',  ( 0.0000000000000000000, 0.6901408450704068498, -0.7236750748543884226 ) ) ;
#3523 = EDGE_CURVE ( 'NONE', #3585, #4747, #7310, .T. ) ;
#3524 = CARTESIAN_POINT ( 'NONE',  ( -12.15625189653952987, 6.514639183916651533, -5.999967093494320558 ) ) ;
#3525 = VERTEX_POINT ( 'NONE', #343 ) ;
#3526 = CYLINDRICAL_SURFACE ( 'NONE', #3591, 2.350000000000000089 ) ;
#3527 = CARTESIAN_POINT ( 'NONE',  ( -6.851964035516205698, 13.40467789949553890, 3.633558837373851436 ) ) ;
#3528 = CARTESIAN_POINT ( 'NONE',  ( -10.71349121397285487, 13.60366733255750660, -3.240941657846409196 ) ) ;
#3529 = LINE ( 'NONE', #6041, #4073 ) ;
#3530 = CARTESIAN_POINT ( 'NONE',  ( -8.074125361132788115, 13.94502126460377944, -2.853806394842845595 ) ) ;
#3531 = CARTESIAN_POINT ( 'NONE',  ( -7.920518449864403898, 13.88396574683075002, 2.942638872013074280 ) ) ;
#3532 = CARTESIAN_POINT ( 'NONE',  ( -6.450001896539530044, 9.000079442062618895, 5.999999999474079360 ) ) ;
#3533 = STYLED_ITEM ( 'NONE', ( #7404 ), #2245 ) ;
#3534 = EDGE_CURVE ( 'NONE', #6500, #5739, #4206, .T. ) ;
#3535 = EDGE_CURVE ( 'NONE', #2092, #1385, #1725, .T. ) ;
#3537 = CARTESIAN_POINT ( 'NONE',  ( -12.28542181408391798, 9.488779528594070811, 5.689437954400490050 ) ) ;
#3536 = CARTESIAN_POINT ( 'NONE',  ( -7.293751896539530044, 6.514798068041888435, 6.000032905453838161 ) ) ;
#3538 = EDGE_LOOP ( 'NONE', ( #3300, #6673 ) ) ;
#3539 = DIRECTION ( 'NONE',  ( 1.000000000000000000, 0.0000000000000000000, 0.0000000000000000000 ) ) ;
#3540 = VERTEX_POINT ( 'NONE', #4080 ) ;
#3541 = AXIS2_PLACEMENT_3D ( 'NONE', #1097, #4851, #1740 ) ;
#3542 = CARTESIAN_POINT ( 'NONE',  ( -9.888828924303426859, 8.480344612522918268, -5.686426938931110620 ) ) ;
#3543 = ORIENTED_EDGE ( 'NONE', *, *, #79, .F. ) ;
#3544 = DIRECTION ( 'NONE',  ( 0.0000000000000000000, 0.0000000000000000000, -1.000000000000000000 ) ) ;
#3545 = ADVANCED_FACE ( 'NONE', ( #3959 ), #6587, .T. ) ;
#3546 = CARTESIAN_POINT ( 'NONE',  ( -11.67043941292565634, 14.01608967832972041, -2.728544598833738011 ) ) ;
#3547 = VECTOR ( 'NONE', #2813, 1000.000000000000000 ) ;
#3548 = DIRECTION ( 'NONE',  ( 1.000000000000000000, -0.0000000000000000000, -0.0000000000000000000 ) ) ;
#3549 = VERTEX_POINT ( 'NONE', #2845 ) ;
#3550 = DIRECTION ( 'NONE',  ( 0.0000000000000000000, 0.0000000000000000000, -1.000000000000000000 ) ) ;
#3551 = CARTESIAN_POINT ( 'NONE',  ( -9.408730807022623210, 5.670589499305357606, 4.539750949412291625 ) ) ;
#3552 = VECTOR ( 'NONE', #7589, 1000.000000000000000 ) ;
#3553 = CARTESIAN_POINT ( 'NONE',  ( -11.46228694007109361, 14.10165464184828643, 2.380593492118233456 ) ) ;
#3554 = DIRECTION ( 'NONE',  ( -1.000000000000000000, 0.0000000000000000000, 0.0000000000000000000 ) ) ;
#3555 = CARTESIAN_POINT ( 'NONE',  ( 4.899999999999997691, 0.09999999999999939493, -5.000000000000000888 ) ) ;
#3556 = CARTESIAN_POINT ( 'NONE',  ( -10.72500189653953129, 3.000000000525919752, 7.944206261983304126E-05 ) ) ;
#3557 = CARTESIAN_POINT ( 'NONE',  ( -10.62500189653952987, 14.61895571575804809, -7.439690531130537009E-05 ) ) ;
#3558 = CARTESIAN_POINT ( 'NONE',  ( -12.88361773211859251, 3.864694752420487767, -2.497033221278059933 ) ) ;
#3559 = AXIS2_PLACEMENT_3D ( 'NONE', #1500, #4545, #3987 ) ;
#3560 = VERTEX_POINT ( 'NONE', #868 ) ;
#3561 = CARTESIAN_POINT ( 'NONE',  ( -11.41250189653952951, 12.97325429635567140, 3.973149083243181945 ) ) ;
#3562 = CARTESIAN_POINT ( 'NONE',  ( -11.21855822219312948, 8.674664968108697138, 5.700605129233922597 ) ) ;
#3563 = CARTESIAN_POINT ( 'NONE',  ( -8.704569814656803572, 12.74169101626350908, 4.206456769015584740 ) ) ;
#3564 = CARTESIAN_POINT ( 'NONE',  ( -6.956251896539532353, 6.514639183916653309, -5.999967093494320558 ) ) ;
#3565 = AXIS2_PLACEMENT_3D ( 'NONE', #4383, #4889, #1129 ) ;
#3566 = DIRECTION ( 'NONE',  ( 0.0000000000000000000, 0.0000000000000000000, 1.000000000000000000 ) ) ;
#3567 = CARTESIAN_POINT ( 'NONE',  ( -6.517417690241712691, 3.818432880955483721, -2.201399953333577741 ) ) ;
#3568 = CARTESIAN_POINT ( 'NONE',  ( -11.35288085369816891, 8.149240025950138744, 5.645718562283928321 ) ) ;
#3569 = CARTESIAN_POINT ( 'NONE',  ( -13.00000000000000355, 5.495369118976874745, -4.769950566979891171 ) ) ;
#3570 = CARTESIAN_POINT ( 'NONE',  ( -8.700000098502364665, 8.999999999999998224, -5.999999999999998224 ) ) ;
#3571 = CARTESIAN_POINT ( 'NONE',  ( -20.25289416379995089, 4.163323753853063636, -0.7865355672232043904 ) ) ;
#3572 = CARTESIAN_POINT ( 'NONE',  ( -11.87500189653952987, 14.99999999947407758, -7.944206262056783218E-05 ) ) ;
#3573 = AXIS2_PLACEMENT_3D ( 'NONE', #2613, #1965, #5000 ) ;
#3574 = DIRECTION ( 'NONE',  ( -1.000000000000000000, 0.0000000000000000000, 0.0000000000000000000 ) ) ;
#3575 = CARTESIAN_POINT ( 'NONE',  ( -6.631420960338664017, 5.507024390528783009, 4.516909844870090396 ) ) ;
#3576 = CARTESIAN_POINT ( 'NONE',  ( -10.59880057063435110, 14.38859749433015800, -1.864089220070013209 ) ) ;
#3577 = CARTESIAN_POINT ( 'NONE',  ( -4.976097878138661557, 13.99945104309116672, -4.967366800939641003 ) ) ;
#3578 = CARTESIAN_POINT ( 'NONE',  ( -8.997355150965056225, 13.42171849059971223, -3.612038892337798845 ) ) ;
#3579 = CIRCLE ( 'NONE', #92, 3.400000000000000355 ) ;
#3580 = CARTESIAN_POINT ( 'NONE',  ( -7.809714011068384920, 14.46689140676112473, 1.649801810428591198 ) ) ;
#3582 = CARTESIAN_POINT ( 'NONE',  ( -12.16492319327529259, 10.53420655651821036, 5.491673686662918996 ) ) ;
#3581 = CARTESIAN_POINT ( 'NONE',  ( -6.506251896539531288, 11.48536081608334491, 5.999967093494319670 ) ) ;
#3583 = ORIENTED_EDGE ( 'NONE', *, *, #1545, .T. ) ;
#3584 = CARTESIAN_POINT ( 'NONE',  ( -6.350019723309721087, 10.94264507472214376, -5.337585711058040694 ) ) ;
#3585 = VERTEX_POINT ( 'NONE', #3463 ) ;
#3586 = EDGE_CURVE ( 'NONE', #2785, #4337, #705, .T. ) ;
#3587 = CARTESIAN_POINT ( 'NONE',  ( -9.577453197107331562, 13.97599021150178089, 2.800378361688017126 ) ) ;
#3588 = EDGE_CURVE ( 'NONE', #7079, #5439, #3027, .T. ) ;
#3589 = CARTESIAN_POINT ( 'NONE',  ( -10.01226255834587064, 6.638132982904210166, -5.101436656205713405 ) ) ;
#3590 = CARTESIAN_POINT ( 'NONE',  ( 4.000000000000000000, 0.5000000000000004441, 3.400000000000000355 ) ) ;
#3591 = AXIS2_PLACEMENT_3D ( 'NONE', #7994, #2433, #5338 ) ;
#3593 = CARTESIAN_POINT ( 'NONE',  ( -11.52493287114087117, 14.62987489179580436, -0.001741106502182868500 ) ) ;
#3592 = CARTESIAN_POINT ( 'NONE',  ( -5.063357703887032102, 14.97738716396424685, 3.632888215572172008 ) ) ;
#3594 = CARTESIAN_POINT ( 'NONE',  ( -10.10625189653953093, 11.48536081608334847, 5.999967093494318782 ) ) ;
#3595 = ORIENTED_EDGE ( 'NONE', *, *, #1203, .F. ) ;
#3596 = DIRECTION ( 'NONE',  ( 0.0000000000000000000, 0.0000000000000000000, 1.000000000000000000 ) ) ;
#3597 = ADVANCED_FACE ( 'NONE', ( #1028 ), #3501, .F. ) ;
#3598 = AXIS2_PLACEMENT_3D ( 'NONE', #7853, #348, #5233 ) ;
#3599 = CARTESIAN_POINT ( 'NONE',  ( -11.59008788519236610, 14.69875838562401249, 0.3603641870737964159 ) ) ;
#3600 = DIRECTION ( 'NONE',  ( 0.0000000000000000000, 1.000000000000000000, 0.0000000000000000000 ) ) ;
#3601 = DIRECTION ( 'NONE',  ( 0.0000000000000000000, -1.000000000000000000, 0.0000000000000000000 ) ) ;
#3602 = CARTESIAN_POINT ( 'NONE',  ( -11.51250189653953093, 4.757303139231405353, -4.242584512726213397 ) ) ;
#3603 = CARTESIAN_POINT ( 'NONE',  ( -10.96250189653953022, 5.026745703644327712, -3.973149083243182833 ) ) ;
#3604 = CARTESIAN_POINT ( 'NONE',  ( -13.01484761930222867, 5.866718171476358101, 4.677280268398109619 ) ) ;
#3605 = AXIS2_PLACEMENT_3D ( 'NONE', #5405, #4291, #8017 ) ;
#3606 = AXIS2_PLACEMENT_3D ( 'NONE', #881, #7002, #1525 ) ;
#3607 = ORIENTED_EDGE ( 'NONE', *, *, #5099, .F. ) ;
#3608 = CARTESIAN_POINT ( 'NONE',  ( -9.781251896539528090, 14.61892489955086916, -2.327522060746116672 ) ) ;
#3609 =( BOUNDED_CURVE ( )  B_SPLINE_CURVE ( 2, ( #6140, #3058, #5569, #2455, #7286, #632, #3103, #29, #7896, #2328, #6671 ),
 .UNSPECIFIED., .F., .T. ) 
 B_SPLINE_CURVE_WITH_KNOTS ( ( 3, 2, 2, 2, 2, 3 ),
 ( 0.8888891291572226239, 0.9027777777777777901, 0.9166666666666666297, 0.9305555555555555802, 0.9444444444444444198, 0.9444446847127782041 ),
 .UNSPECIFIED. ) 
 CURVE ( )  GEOMETRIC_REPRESENTATION_ITEM ( )  RATIONAL_B_SPLINE_CURVE ( ( 0.9999973663809044178, 0.9238808493436148073, 1.000000000000000000, 0.9238795325112867385, 1.000000000000000000, 0.9238795325112867385, 1.000000000000000000, 0.9238795325112867385, 1.000000000000000000, 0.9999986831676719312, 0.9999973663809045288 ) ) 
 REPRESENTATION_ITEM ( '' )  );
#3610 = CARTESIAN_POINT ( 'NONE',  ( -11.15591366669457685, 6.317997413669317552, 5.040834153458489730 ) ) ;
#3611 = CARTESIAN_POINT ( 'NONE',  ( -8.479005498506936078, 7.138973401424315135, 5.398477132750618246 ) ) ;
#3612 = DIRECTION ( 'NONE',  ( 0.0000000000000000000, 0.0000000000000000000, 1.000000000000000000 ) ) ;
#3613 = CARTESIAN_POINT ( 'NONE',  ( -6.644725269674089496, 3.292050963913385697, -0.1621880606779940726 ) ) ;
#3614 = CARTESIAN_POINT ( 'NONE',  ( -11.17057776195504459, 3.360776863537178194, 0.8941466344519166665 ) ) ;
#3615 = CARTESIAN_POINT ( 'NONE',  ( -13.00000000000000178, 8.525531191219977600, -5.988308890193741796 ) ) ;
#3616 = CARTESIAN_POINT ( 'NONE',  ( -13.00000000000000178, 9.000000000000000000, 6.000000000000000000 ) ) ;
#3617 = CYLINDRICAL_SURFACE ( 'NONE', #1004, 0.1000000000000002554 ) ;
#3618 = CARTESIAN_POINT ( 'NONE',  ( -12.77500189653953022, 14.99999999947407758, -7.944206262056783218E-05 ) ) ;
#3619 = ORIENTED_EDGE ( 'NONE', *, *, #4477, .F. ) ;
#3620 = DIRECTION ( 'NONE',  ( 0.0000000000000000000, 1.000000000000000000, 0.0000000000000000000 ) ) ;
#3621 = CARTESIAN_POINT ( 'NONE',  ( -6.878496386558321518, 13.99588704763868208, 2.764837261785399125 ) ) ;
#3622 = CARTESIAN_POINT ( 'NONE',  ( -11.13510981210169604, 3.317554415136216850, -0.5625543274417542650 ) ) ;
#3623 = CARTESIAN_POINT ( 'NONE',  ( -5.005545988021793846, 13.91311969498654655, -4.945236872917887716 ) ) ;
#3624 = CARTESIAN_POINT ( 'NONE',  ( -8.685515792079733899, 9.492207389291516861, 5.688192131090874959 ) ) ;
#3625 = CARTESIAN_POINT ( 'NONE',  ( -8.001213711567755738, 14.70920356873813795, -0.1023104872760815659 ) ) ;
#3626 = DIRECTION ( 'NONE',  ( -1.000000000000000000, 0.0000000000000000000, 0.0000000000000000000 ) ) ;
#3628 = CARTESIAN_POINT ( 'NONE',  ( -12.22057799699560476, 9.830419237170938018, 5.568177497574675172 ) ) ;
#3627 = CARTESIAN_POINT ( 'NONE',  ( -14.18125189653953200, 3.000032906505680774, 2.485360816083349800 ) ) ;
#3629 = ORIENTED_EDGE ( 'NONE', *, *, #1501, .F. ) ;
#3630 = DIRECTION ( 'NONE',  ( -0.0000000000000000000, 1.000000000000000000, -0.0000000000000000000 ) ) ;
#3631 = CARTESIAN_POINT ( 'NONE',  ( -8.296179332719177069, 6.249298788938873805, -4.994599064842113023 ) ) ;
#3632 = CARTESIAN_POINT ( 'NONE',  ( -8.889103170691885936, 12.24235013486191015, -4.690278393797780332 ) ) ;
#3633 = CARTESIAN_POINT ( 'NONE',  ( -10.24001023265554622, 3.936141518062029387, 2.459991784326681863 ) ) ;
#3634 = ORIENTED_EDGE ( 'NONE', *, *, #2693, .T. ) ;
#3635 = FILL_AREA_STYLE ('',( #6711 ) ) ;
#3636 = CARTESIAN_POINT ( 'NONE',  ( -11.63924600987811964, 10.47967758573361685, -5.515324868762107258 ) ) ;
#3637 = CARTESIAN_POINT ( 'NONE',  ( -10.27500189653953022, 14.99999999947407936, -7.944206262056783218E-05 ) ) ;
#3638 = CARTESIAN_POINT ( 'NONE',  ( -19.01363450920136344, 13.88020607556164698, 0.4531745497189409999 ) ) ;
#3639 = CARTESIAN_POINT ( 'NONE',  ( -9.319754861043952232, 3.646486237350774484, 1.741867296708304425 ) ) ;
#3640 = CARTESIAN_POINT ( 'NONE',  ( -5.100000000000002309, 9.000000000000000000, 0.0000000000000000000 ) ) ;
#3641 = CARTESIAN_POINT ( 'NONE',  ( 0.0000000000000000000, 10.00000000000000000, 0.0000000000000000000 ) ) ;
#3642 = CARTESIAN_POINT ( 'NONE',  ( -9.037501896539529511, 4.757415487273786603, 4.242696860768593758 ) ) ;
#3643 = CARTESIAN_POINT ( 'NONE',  ( -13.21250189653953022, 12.97325429635567140, 3.973149083243181945 ) ) ;
#3644 = CARTESIAN_POINT ( 'NONE',  ( -13.11593352635892984, 6.761214328770671855, 5.253054798704406281 ) ) ;
#3645 = EDGE_CURVE ( 'NONE', #1752, #7407, #141, .T. ) ;
#3646 = EDGE_LOOP ( 'NONE', ( #4763, #1826, #6158, #1776 ) ) ;
#3647 = CARTESIAN_POINT ( 'NONE',  ( -11.12935100645150577, 5.441437012838225229, 4.465499259673950228 ) ) ;
#3648 = CARTESIAN_POINT ( 'NONE',  ( -8.605569097887281416, 9.232998332281145082, 5.625159226952330727 ) ) ;
#3649 = CARTESIAN_POINT ( 'NONE',  ( 0.0000000000000000000, 0.5000000000000004441, 0.0000000000000000000 ) ) ;
#3650 = CARTESIAN_POINT ( 'NONE',  ( -5.000000000000000888, 14.91895073242354108, 3.893066685026539187 ) ) ;
#3651 = CARTESIAN_POINT ( 'NONE',  ( -6.455467065167560747, 5.231146722624837153, -4.182404031313777359 ) ) ;
#3652 = CARTESIAN_POINT ( 'NONE',  ( -10.88699775264348268, 10.46471008614067877, -5.518531602392299007 ) ) ;
#3653 = CARTESIAN_POINT ( 'NONE',  ( 4.000000000000000000, -3.999999999999999112, 4.000000000000000000 ) ) ;
#3654 = SPHERICAL_SURFACE ( 'NONE', #475, 0.1000000000000000056 ) ;
#3655 = ADVANCED_FACE ( 'NONE', ( #7317 ), #1709, .T. ) ;
#3656 = CARTESIAN_POINT ( 'NONE',  ( -19.91917300154247528, 4.183362168483082399, 0.9000000000000005773 ) ) ;
#3657 = CARTESIAN_POINT ( 'NONE',  ( -10.97500189653952951, 14.99999999947407758, -7.944206262056783218E-05 ) ) ;
#3658 = ORIENTED_EDGE ( 'NONE', *, *, #2937, .T. ) ;
#3659 = DIRECTION ( 'NONE',  ( 0.0000000000000000000, -1.000000000000000000, 0.0000000000000000000 ) ) ;
#3660 = CARTESIAN_POINT ( 'NONE',  ( -6.932419995859792294, 14.65704450955239579, 0.7757350802922535760 ) ) ;
#3661 = CARTESIAN_POINT ( 'NONE',  ( -11.08071244878339812, 3.914978053472808917, -2.598128865786090369 ) ) ;
#3662 = CARTESIAN_POINT ( 'NONE',  ( -5.015487036004207866, 14.00977721165547685, -4.883128192891642350 ) ) ;
#3663 = CARTESIAN_POINT ( 'NONE',  ( -8.401616750668569722, 3.599085135101308452, -1.851676665679412581 ) ) ;
#3664 = CARTESIAN_POINT ( 'NONE',  ( -7.956981766059972649, 14.46580915950931967, 1.653392011332509792 ) ) ;
#3666 = CARTESIAN_POINT ( 'NONE',  ( -12.32133779487814884, 10.87045343557107735, 5.386434319682675387 ) ) ;
#3665 = CARTESIAN_POINT ( 'NONE',  ( -14.29375189653953271, 6.514798068041888435, 6.000032905453838161 ) ) ;
#3667 = EDGE_LOOP ( 'NONE', ( #974, #6710, #4172, #859 ) ) ;
#3668 = PLANE ( 'NONE',  #1858 ) ;
#3669 = CARTESIAN_POINT ( 'NONE',  ( -9.012579076164827896, 7.554282460388043852, -5.515560053742467161 ) ) ;
#3670 = CARTESIAN_POINT ( 'NONE',  ( -10.13883596823124833, 3.489192206964125020, 1.496505645254918804 ) ) ;
#3671 = ORIENTED_EDGE ( 'NONE', *, *, #8001, .F. ) ;
#3672 = FACE_OUTER_BOUND ( 'NONE', #2527, .T. ) ;
#3673 = CARTESIAN_POINT ( 'NONE',  ( -7.240888608058514642, 9.376276796816423342, -5.617203765962965889 ) ) ;
#3675 = CARTESIAN_POINT ( 'NONE',  ( -11.81336140197372231, 9.430803220495345585, -5.693863779362155597 ) ) ;
#3674 = CARTESIAN_POINT ( 'NONE',  ( -5.095452524009467687, 14.88526189530221977, 3.791014927689019931 ) ) ;
#3676 = CARTESIAN_POINT ( 'NONE',  ( -20.50000000000000000, 9.000000000000000000, 0.0000000000000000000 ) ) ;
#3677 = STYLED_ITEM ( 'NONE', ( #6984 ), #2305 ) ;
#3678 = CARTESIAN_POINT ( 'NONE',  ( -9.602880568172023956, 10.17581962727789069, 5.579395192939460735 ) ) ;
#3679 = CARTESIAN_POINT ( 'NONE',  ( -24.00000000000000000, 9.000000000000000000, 0.0000000000000000000 ) ) ;
#3680 = DIRECTION ( 'NONE',  ( -0.0000000000000000000, 1.000000000000000000, -0.0000000000000000000 ) ) ;
#3681 = AXIS2_PLACEMENT_3D ( 'NONE', #3085, #3161, #6283 ) ;
#3682 = CARTESIAN_POINT ( 'NONE',  ( -11.28750189653952951, 13.24258451272621073, -4.242696860768593758 ) ) ;
#3683 = CARTESIAN_POINT ( 'NONE',  ( -10.68125189653952845, 14.61892489955086916, -2.327522060746116672 ) ) ;
#3684 = CARTESIAN_POINT ( 'NONE',  ( -12.91690607093485355, 3.613407008288766598, 1.637695060791604540 ) ) ;
#3685 = ORIENTED_EDGE ( 'NONE', *, *, #1832, .F. ) ;
#3686 = CIRCLE ( 'NONE', #185, 0.2999999999999999334 ) ;
#3687 = CARTESIAN_POINT ( 'NONE',  ( -10.74254938262708237, 10.36690520622414624, -5.577780598626502773 ) ) ;
#3688 = CARTESIAN_POINT ( 'NONE',  ( -8.881050958117537419, 14.65606326458070185, 0.7219843372433614181 ) ) ;
#3689 = EDGE_CURVE ( 'NONE', #7773, #5932, #3686, .T. ) ;
#3690 = EDGE_CURVE ( 'NONE', #1269, #5439, #60, .T. ) ;
#3691 = DIRECTION ( 'NONE',  ( 0.0000000000000000000, -1.000000000000000000, 0.0000000000000000000 ) ) ;
#3692 = CARTESIAN_POINT ( 'NONE',  ( -6.764772182696273006, 10.53168550787539282, 5.500878015866335069 ) ) ;
#3693 = CARTESIAN_POINT ( 'NONE',  ( -11.06702113478345595, 4.181235521230114216, -3.062397978269387089 ) ) ;
#3694 = DIRECTION ( 'NONE',  ( 0.0000000000000000000, 0.0000000000000000000, -1.000000000000000000 ) ) ;
#3695 = CIRCLE ( 'NONE', #7447, 0.09999999999999945044 ) ;
#3696 = DIRECTION ( 'NONE',  ( -0.0000000000000000000, 1.000000000000000000, -0.0000000000000000000 ) ) ;
#3697 = ORIENTED_EDGE ( 'NONE', *, *, #2135, .T. ) ;
#3698 = CARTESIAN_POINT ( 'NONE',  ( -12.61085092201374813, 7.616729531189596614, -5.539896180956922933 ) ) ;
#3699 = CARTESIAN_POINT ( 'NONE',  ( -7.089966997688564199, 12.21731263549616564, -4.717373452839900949 ) ) ;
#3700 = EDGE_CURVE ( 'NONE', #610, #1602, #6047, .T. ) ;
#3701 = CARTESIAN_POINT ( 'NONE',  ( -10.97556275594294029, 4.667061645527866176, -3.581715509851806978 ) ) ;
#3702 = CARTESIAN_POINT ( 'NONE',  ( -4.956493389107269110, 14.98392922478626410, -3.654709563538675265 ) ) ;
#3703 = CARTESIAN_POINT ( 'NONE',  ( -8.901632977791694046, 14.70798214545668081, -0.1276727927027216380 ) ) ;
#3704 = CARTESIAN_POINT ( 'NONE',  ( -7.934995818878543439, 13.77632666448932675, -3.129461337327553050 ) ) ;
#3705 = CYLINDRICAL_SURFACE ( 'NONE', #7736, 6.000000000000000000 ) ;
#3707 = CARTESIAN_POINT ( 'NONE',  ( -12.63336800223818734, 12.34612000742844629, -4.627089004841877795 ) ) ;
#3706 = CARTESIAN_POINT ( 'NONE',  ( -6.731251896539530044, 14.99996709349432145, -2.485360816083348023 ) ) ;
#3708 = MECHANICAL_DESIGN_GEOMETRIC_PRESENTATION_REPRESENTATION (  '', ( #7973 ), #6931 ) ;
#3709 = VERTEX_POINT ( 'NONE', #6740 ) ;
#3710 = DIRECTION ( 'NONE',  ( -1.000000000000000000, -0.0000000000000000000, -0.0000000000000000000 ) ) ;
#3711 = B_SPLINE_CURVE_WITH_KNOTS ( 'NONE', 3,
 ( #470, #4791, #2943, #7210, #1037, #1720, #1156, #7289, #430, #4874, #4214, #6675, #7819, #1118, #512, #1802, #547, #2982, #6753, #3061, #2250, #4724, #1644, #4137, #218, #1278, #7492, #5179, #3995, #4953, #6838, #7411, #255, #6796, #2675, #4330, #2110, #73, #3954, #4511, #4550, #7675, #7448, #3293, #1506, #6985, #6222, #1422, #2069, #1920, #3910, #5531, #675, #6416, #4368, #1234, #5141, #6374, #2536, #5572, #5613, #3141, #820, #4589, #634, #5767, #7026, #3767, #4991, #32, #7634, #7065, #1464, #3725, #863, #3340, #2716, #2495, #5812, #6184, #6459, #1877, #3105, #903, #8019, #2458, #1836, #2227, #413, #3417, #5305, #337, #5343, #4778, #7232, #7883, #6495, #6656, #294, #1625, #2316, #1705, #5849, #2875, #1024, #7274, #3379, #7193, #7840, #5886, #2272, #5265, #4196, #1060, #2758, #4160, #6618, #5222, #979, #2801, #4740, #1582, #4118, #7723, #5962, #940, #377, #7147, #2154, #4628, #7801, #1668, #6538, #1546, #3530, #7766, #4666, #7109, #4074, #6581, #2920, #4036, #5385, #3495, #2192, #3457, #453, #5927, #2839, #6004, #4704, #7350, #531, #4236, #570, #16, #1782, #2476, #4393, #2398, #6042, #3663, #7429, #7999, #4935, #4975, #1901, #6735, #3042, #6166, #1175, #4897, #6698, #3002, #1139, #6121, #5425, #4852, #4812, #6819, #5508, #1821, #2438, #3624, #7394, #4351, #3086, #6203, #1258, #6084, #4312, #5463, #6775, #7958, #1216, #5592, #1860, #1099, #3747, #4276, #3703, #616, #656, #1741, #5552, #3123, #53, #7471, #2517, #3578, #495, #2964, #7920, #2356, #7312, #1370, #7624, #5755, #737, #6242, #5676, #2100, #3784, #5088, #3324, #3162, #4539, #6974, #5015, #7015, #164, #5169, #1331, #3242, #774, #4424, #6861, #6325, #5635, #5714, #7585, #1298, #4461, #6284, #205, #6891, #2662, #2593, #5130, #3821, #247, #3204, #133, #2015, #2058, #98, #2623, #3279, #5049, #2560, #696, #7511, #1975, #4500, #6403, #1411, #1940, #851, #3900, #6935, #6363, #3940, #807, #7664, #1451, #5799, #2706, #4026, #7711, #6528, #3484, #7220, #5840, #1615, #3370, #1049, #7137, #2865, #5917, #5952, #444, #5375, #2181, #969, #4106, #1574, #368, #2142, #6486, #4616, #2829, #5252, #7829, #3407, #284, #1014, #5294, #2217, #7097, #4695, #2260, #403, #1659, #4732, #1535, #7183, #932, #4149, #5877, #6608, #5992, #2909, #2747, #4577, #326, #7054, #2792, #1495, #5210, #6448, #892, #7755, #6197, #1167, #4226, #4888, #2955, #2345, #6728, #4267, #4843, #4304, #3736, #6154, #6810, #5417, #5584, #7263, #559, #1247, #6643, #7, #2428, #481, #2468, #3652, #647, #4801, #6112, #3033, #7910, #3116, #4928, #2307, #3073, #5543, #4770, #7949, #1730, #3693, #7299, #602, #6074, #1204, #6687, #1694, #1127, #3614, #5496, #7422, #1086, #5454, #522, #1849, #2994, #2387, #4184, #7342, #7989, #4343, #7385, #3568, #6031, #1813, #1771, #6764, #5120, #1931, #6393, #7577, #3152, #7615, #842, #7503, #1324, #1891, #2654, #1290, #5079, #6850, #4531, #2585, #6354, #6926, #6966, #3930, #3315, #5668, #1968, #2007, #125, #1364, #4492, #4453, #3853, #46, #729, #799, #6883, #3777, #1402, #767, #5042, #88, #7537, #3271, #3892, #2049, #5746, #2548, #6318, #3235, #3813, #5704, #7006, #195, #2507, #1442, #4417, #157, #2617, #4967, #7463, #4381, #6234, #5003, #686, #5626, #6275, #3195, #4569, #5831, #2175, #7746, #317, #6559, #4687, #7700, #5161, #4606, #7174, #2782, #2737, #6439, #7822, #4139, #239, #5286, #3438, #7213, #5788, #275, #4649, #7129, #3361, #1040, #5243, #2091, #1567, #4058, #5200, #2698, #6519, #2131, #7043, #4019, #960, #7653, #358, #883, #5908, #7087, #2821, #1002, #1483, #7785, #2210, #6479, #3973, #1527, #4096, #5870, #924, #397, #3476, #5945, #3400, #2858, #1648, #5325, #2253, #4727, #5511, #1141 ),
 .UNSPECIFIED., .F., .F.,
 ( 4, 2, 2, 2, 2, 2, 2, 2, 2, 2, 2, 2, 2, 2, 2, 2, 2, 2, 2, 2, 2, 2, 2, 2, 2, 2, 2, 2, 2, 2, 2, 2, 2, 2, 2, 2, 2, 2, 2, 2, 2, 2, 2, 2, 2, 2, 2, 2, 2, 2, 2, 2, 2, 2, 2, 2, 2, 2, 2, 2, 2, 2, 2, 2, 2, 2, 2, 2, 2, 2, 2, 2, 2, 2, 2, 2, 2, 2, 2, 2, 2, 2, 2, 2, 2, 2, 2, 2, 2, 2, 2, 2, 2, 2, 2, 2, 2, 2, 2, 2, 2, 2, 2, 2, 2, 2, 2, 2, 2, 2, 2, 2, 2, 2, 2, 2, 2, 2, 2, 2, 2, 2, 2, 2, 2, 2, 2, 2, 2, 2, 2, 2, 2, 2, 2, 2, 2, 2, 2, 2, 2, 2, 2, 2, 2, 2, 2, 2, 2, 2, 2, 2, 2, 2, 2, 2, 2, 2, 2, 2, 2, 2, 2, 2, 2, 2, 2, 2, 2, 2, 2, 2, 2, 2, 2, 2, 2, 2, 2, 2, 2, 2, 2, 2, 2, 2, 2, 2, 2, 2, 2, 2, 2, 2, 2, 2, 2, 2, 2, 2, 2, 2, 2, 2, 2, 2, 2, 2, 2, 2, 2, 2, 2, 2, 2, 2, 2, 2, 2, 2, 2, 2, 2, 2, 2, 2, 2, 2, 2, 2, 2, 2, 2, 2, 2, 2, 2, 2, 2, 2, 2, 2, 2, 2, 2, 2, 2, 2, 2, 2, 2, 2, 2, 2, 2, 2, 2, 2, 2, 2, 2, 4 ),
 ( -6.000000001486236560E-08, 0.0005131694109769354860, 0.001026398821953885794, 0.002052857643907786411, 0.003079316465861686811, 0.004105775287815589814, 0.005132234109769493249, 0.006158692931723395818, 0.007185151753677299254, 0.008211610575631203557, 0.009238069397585106993, 0.009751298808562059578, 0.01026452821953901216, 0.01129098704149291560, 0.01231744586344681903, 0.01334390468540072594, 0.01437036350735462938, 0.01539682232930853455, 0.01642328115126243798, 0.01744973997321634315, 0.01847619879517024485, 0.01950265761712415002, 0.02052911643907805866, 0.02155557526103196037, 0.02258203408298586554, 0.02360849290493977071, 0.02463495172689367241, 0.02566141054884757758, 0.02668786937080148275, 0.02874078701470928962, 0.02976724583666319479, 0.03079370465861709996, 0.03182016348057099819, 0.03284662230252489989, 0.03387308112447881547, 0.03489953994643272411, 0.03592599876838663275, 0.03695245759034053445, 0.03797891641229444309, 0.03849214582327140088, 0.03900537523424835867, 0.04003183405620226731, 0.04105829287815617595, 0.04208475170011008459, 0.04311121052206398629, 0.04413766934401789493, 0.04516412816597180357, 0.04619058698792571221, 0.04721704580987962085, 0.04824350463183352949, 0.04926996345378743120, 0.05029642227574133984, 0.05132288109769524848, 0.05234933991964915712, 0.05337579874160306576, 0.05440225756355697440, 0.05542871638551088304, 0.05748163402941868644, 0.05850809285137258814, 0.05953455167332648984, 0.06056101049528039154, 0.06158746931723429324, 0.06261392813918820188, 0.06364038696114210358, 0.06466684578309600528, 0.06569330460504990699, 0.06671976342700380869, 0.06774622224895771039, 0.06877268107091161209, 0.06979913989286551379, 0.07082559871481941549, 0.07185205753677331719, 0.07287851635872720502, 0.07390497518068110672, 0.07441820459165805757, 0.07493143400263500842, 0.07595789282458891012, 0.07698435164654281182, 0.07801081046849671352, 0.07903726929045061522, 0.08006372811240451692, 0.08109018693435841862, 0.08211664575631232033, 0.08314310457826622203, 0.08416956340022012373, 0.08519602222217402543, 0.08622248104412791325, 0.08724893986608181495, 0.08827539868803571665, 0.08930185750998961836, 0.09032831633194352006, 0.09135477515389742176, 0.09238123397585132346, 0.09340769279780522516, 0.09443415161975912686, 0.09546061044171302856, 0.09648706926366693026, 0.09751352808562083196, 0.09853998690757471979, 0.09956644572952862149, 0.1005929045514825232, 0.1011061339624594740, 0.1016193633734364249, 0.1026458221953903266, 0.1036722810173442283, 0.1046987398392981300, 0.1057251986612520317, 0.1067516574832059334, 0.1077781163051598351, 0.1088045751271137368, 0.1098310339490676385, 0.1108574927710215402, 0.1118839515929754280, 0.1129104104149293297, 0.1139368692368832314, 0.1149633280588371331, 0.1159897868807910348, 0.1170162457027449365, 0.1180427045246988382, 0.1190691633466527399, 0.1200956221686066416, 0.1211220809905605433, 0.1221485398125144450, 0.1231749986344683467, 0.1242014574564222484, 0.1252279162783761224, 0.1262543751003300241, 0.1272808339222839258, 0.1283072927442378275, 0.1293337515661917292, 0.1303602103881456309, 0.1313866692100995326, 0.1334395868540073360, 0.1344660456759612377, 0.1354925044979151394, 0.1360057339088920902, 0.1365189633198690411, 0.1375454221418229428, 0.1385718809637768445, 0.1395983397857307462, 0.1406247986076846479, 0.1416512574296385496, 0.1426777162515924513, 0.1437041750735463530, 0.1447306338955002269, 0.1457570927174541286, 0.1467835515394080304, 0.1478100103613619321, 0.1488364691833158338, 0.1498629280052697355, 0.1508893868272236372, 0.1519158456491775389, 0.1529423044711314406, 0.1539687632930853423, 0.1549952221150392440, 0.1560216809369931457, 0.1570481397589470474, 0.1580745985809009491, 0.1591010574028548508, 0.1601275162248087525, 0.1611539750467626542, 0.1621804338687165559, 0.1632068926906704576, 0.1642333515126243593, 0.1652598103345782610, 0.1662862691565321627, 0.1673127279784860644, 0.1683391868004399661, 0.1693656456223938678, 0.1703921044443477695, 0.1714185632663016434, 0.1724450220882555451, 0.1734714809102094468, 0.1744979397321633485, 0.1755243985541172502, 0.1765508573760711519, 0.1775773161980250536, 0.1786037750199789553, 0.1796302338419328570, 0.1806566926638867587, 0.1816831514858406604, 0.1827096103077945621, 0.1837360691297484638, 0.1847625279517023655, 0.1857889867736562672, 0.1868154455956101689, 0.1878419044175640706, 0.1888683632395179723, 0.1898948220614718740, 0.1909212808834257757, 0.1919477397053796774, 0.1929741985273335791, 0.1940006573492874808, 0.1950271161712413825, 0.1960535749931952842, 0.1970800338151491582, 0.1981064926371030599, 0.1991329514590569616, 0.2001594102810108633, 0.2011858691029647650, 0.2016990985139417158, 0.2022123279249186667, 0.2032387867468725684, 0.2042652455688264701, 0.2052917043907803718, 0.2063181632127342735, 0.2073446220346881752, 0.2083710808566420769, 0.2093975396785959786, 0.2104239985005498803, 0.2114504573225037820, 0.2124769161444576837, 0.2135033749664115854, 0.2145298337883654871, 0.2155562926103193888, 0.2165827514322732905, 0.2176092102542271922, 0.2186356690761810939, 0.2196621278981349956, 0.2206885867200888973, 0.2217150455420427990, 0.2227415043639967007, 0.2237679631859505747, 0.2247944220079044764, 0.2258208808298583781, 0.2268473396518122798, 0.2278737984737661815, 0.2289002572957200832, 0.2299267161176739849, 0.2309531749396278866, 0.2319796337615817883, 0.2330060925835356900, 0.2340325514054895917, 0.2350590102274434934, 0.2360854690493973951, 0.2371119278713512968, 0.2376251572823282476, 0.2381383866933051985, 0.2391648455152591002, 0.2401913043372130019, 0.2412177631591669036, 0.2422442219811208053, 0.2432706808030747070, 0.2442971396250286087, 0.2453235984469825104, 0.2463500572689364121, 0.2473765160908903138, 0.2484029749128442155, 0.2494294337347981172, 0.2504558925567519911, 0.2514823513787058928, 0.2525088102006597945, 0.2535352690226136962, 0.2545617278445675979, 0.2555881866665214996, 0.2566146454884754013, 0.2576411043104293030, 0.2586675631323832047, 0.2596940219543371065, 0.2607204807762910082, 0.2617469395982449099, 0.2627733984201988116 ),
 .UNSPECIFIED. ) ;
#3712 = CARTESIAN_POINT ( 'NONE',  ( -8.934106261333202070, 10.67233651854075838, -5.459721398538307291 ) ) ;
#3713 = CARTESIAN_POINT ( 'NONE',  ( -10.31044941216007516, 5.725278606882001853, 4.579396167728653211 ) ) ;
#3714 = TOROIDAL_SURFACE ( 'NONE', #338, 2.050000000000000266, 0.2999999999999999889 ) ;
#3715 = VERTEX_POINT ( 'NONE', #502 ) ;
#3716 = DIRECTION ( 'NONE',  ( -1.000000000000000000, 0.0000000000000000000, 0.0000000000000000000 ) ) ;
#3717 = CARTESIAN_POINT ( 'NONE',  ( -7.287708266259196321, 10.43485711259891247, -5.518462150545524025 ) ) ;
#3719 = CARTESIAN_POINT ( 'NONE',  ( -11.56299091885857777, 13.05571230573252883, -4.007865293376598359 ) ) ;
#3718 = LINE ( 'NONE', #748, #5661 ) ;
#3720 = CYLINDRICAL_SURFACE ( 'NONE', #2117, 2.350000000000000089 ) ;
#3721 = VERTEX_POINT ( 'NONE', #5515 ) ;
#3722 = CARTESIAN_POINT ( 'NONE',  ( -19.68079663544767044, 13.81663783151691405, 0.9000000000000003553 ) ) ;
#3723 = CARTESIAN_POINT ( 'NONE',  ( -9.487546355562058054, 11.36227025346838460, 5.198589177855894583 ) ) ;
#3724 = CIRCLE ( 'NONE', #224, 6.899999999999999467 ) ;
#3725 = CARTESIAN_POINT ( 'NONE',  ( -7.288999196393387336, 10.38884507609662755, -5.538173910220822727 ) ) ;
#3726 = CARTESIAN_POINT ( 'NONE',  ( -10.50000009850236538, 8.999999999999998224, -5.999999999999998224 ) ) ;
#3727 = CARTESIAN_POINT ( 'NONE',  ( -7.687501896539530755, 13.24258451272621073, -4.242696860768593758 ) ) ;
#3728 = CARTESIAN_POINT ( 'NONE',  ( -10.79375189653953093, 11.32737326693549385, -5.618986531965227016 ) ) ;
#3729 = CARTESIAN_POINT ( 'NONE',  ( -12.99053993471751234, 3.535962755056339724, 1.659280143793139484 ) ) ;
#3730 = EDGE_LOOP ( 'NONE', ( #1152, #5862 ) ) ;
#3731 = CARTESIAN_POINT ( 'NONE',  ( -6.912501896539530399, 12.97325429635567140, 3.973149083243181945 ) ) ;
#3732 = CLOSED_SHELL ( 'NONE', ( #3274, #4998, #2184, #316 ) ) ;
#3733 = CARTESIAN_POINT ( 'NONE',  ( -10.60962668169974066, 14.24423690390944941, -2.258647917140206740 ) ) ;
#3734 = CARTESIAN_POINT ( 'NONE',  ( -7.743750843279520346, 11.48523483828331848, -6.000000000000000888 ) ) ;
#3735 = CARTESIAN_POINT ( 'NONE',  ( -6.832463198190782627, 7.364664564807266167, 5.470997361188891794 ) ) ;
#3736 = CARTESIAN_POINT ( 'NONE',  ( -10.71328182321593836, 14.67754170768042954, -0.6038629999605320542 ) ) ;
#3737 = CIRCLE ( 'NONE', #4995, 6.000000000000000000 ) ;
#3738 = FILL_AREA_STYLE ('',( #7990 ) ) ;
#3739 = AXIS2_PLACEMENT_3D ( 'NONE', #7987, #7870, #3566 ) ;
#3740 = CARTESIAN_POINT ( 'NONE',  ( -7.712501896539530222, 4.757303139231405353, -4.242584512726212509 ) ) ;
#3741 = VERTEX_POINT ( 'NONE', #2445 ) ;
#3742 = CIRCLE ( 'NONE', #7885, 7.000000000000000000 ) ;
#3743 = CARTESIAN_POINT ( 'NONE',  ( -12.77960800157568855, 3.359416961729370321, -0.8869147166586081044 ) ) ;
#3744 = CARTESIAN_POINT ( 'NONE',  ( -6.428843445062017103, 4.005042936386088215, -2.749890329556362367 ) ) ;
#3745 = CARTESIAN_POINT ( 'NONE',  ( -11.00707864657019996, 3.985706581766623291, -2.559910254990827028 ) ) ;
#3746 = FACE_OUTER_BOUND ( 'NONE', #6769, .T. ) ;
#3747 = CARTESIAN_POINT ( 'NONE',  ( -8.876584132946966577, 14.63793511264915281, 0.9019618659877941536 ) ) ;
#3748 = CARTESIAN_POINT ( 'NONE',  ( 4.000000000000000000, -3.999999999999999112, 4.000000000000000000 ) ) ;
#3750 = CARTESIAN_POINT ( 'NONE',  ( -12.42644724478872753, 14.62947950996954916, -0.05551935346133362453 ) ) ;
#3749 = CARTESIAN_POINT ( 'NONE',  ( -9.681251896539530222, 3.000032906505680774, 2.485360816083349800 ) ) ;
#3751 = ORIENTED_EDGE ( 'NONE', *, *, #3689, .F. ) ;
#3752 = CARTESIAN_POINT ( 'NONE',  ( -7.937501896539529866, 4.757415487273786603, 4.242696860768593758 ) ) ;
#3753 = EDGE_CURVE ( 'NONE', #7225, #1911, #4479, .T. ) ;
#3754 = PRODUCT_DEFINITION_SHAPE ( 'NONE', 'NONE',  #1789 ) ;
#3755 = CARTESIAN_POINT ( 'NONE',  ( -8.875897092979494474, 12.66362280189232337, -4.369132100947298092 ) ) ;
#3756 = CARTESIAN_POINT ( 'NONE',  ( -10.27703189946153906, 3.406104262952683204, 1.146208600329708061 ) ) ;
#3757 =( BOUNDED_CURVE ( )  B_SPLINE_CURVE ( 2, ( #3927, #237, #6516, #5786, #922, #5829, #5159, #2696, #3398, #2089, #7744 ),
 .UNSPECIFIED., .F., .F. ) 
 B_SPLINE_CURVE_WITH_KNOTS ( ( 3, 2, 2, 2, 2, 3 ),
 ( 0.4444446847127782041, 0.4583333333333333148, 0.4722222222222222099, 0.4861111111111111049, 0.5000000000000000000, 0.5000002402683337843 ),
 .UNSPECIFIED. ) 
 CURVE ( )  GEOMETRIC_REPRESENTATION_ITEM ( )  RATIONAL_B_SPLINE_CURVE ( ( 0.9999973663809044178, 0.9238808493436148073, 1.000000000000000000, 0.9238795325112867385, 1.000000000000000000, 0.9238795325112867385, 1.000000000000000000, 0.9238795325112867385, 1.000000000000000000, 0.9999986831676719312, 0.9999973663809044178 ) ) 
 REPRESENTATION_ITEM ( '' )  );
#3758 = ORIENTED_EDGE ( 'NONE', *, *, #2834, .F. ) ;
#3759 = CARTESIAN_POINT ( 'NONE',  ( -7.519842182697446198, 3.417687545638348201, -1.161889276805027293 ) ) ;
#3761 = CARTESIAN_POINT ( 'NONE',  ( -11.81995942870026006, 6.370736727386361764, -4.978128645932622831 ) ) ;
#3760 = CARTESIAN_POINT ( 'NONE',  ( -13.03125189653952987, 14.99996709349432145, -2.485360816083348023 ) ) ;
#3762 = CARTESIAN_POINT ( 'NONE',  ( -10.50000009850236538, 8.999999999999998224, -5.999999999999998224 ) ) ;
#3763 = EDGE_CURVE ( 'NONE', #2106, #7052, #4712, .T. ) ;
#3764 = ORIENTED_EDGE ( 'NONE', *, *, #6058, .T. ) ;
#3765 = CYLINDRICAL_SURFACE ( 'NONE', #7619, 0.1000000000000002554 ) ;
#3766 = CARTESIAN_POINT ( 'NONE',  ( -9.533820707158600527, 10.33402115348812522, 5.461128637593203550 ) ) ;
#3767 = CARTESIAN_POINT ( 'NONE',  ( -7.210723880020368348, 13.05368134070045905, -4.020731794380468571 ) ) ;
#3768 = CARTESIAN_POINT ( 'NONE',  ( -10.61250189653953058, 4.757303139231405353, -4.242584512726213397 ) ) ;
#3769 = CARTESIAN_POINT ( 'NONE',  ( -8.137501896539530932, 4.757415487273786603, 4.242696860768593758 ) ) ;
#3770 = CARTESIAN_POINT ( 'NONE',  ( -8.037501896539529511, 12.97314908324318061, -3.973254296355671400 ) ) ;
#3771 = CARTESIAN_POINT ( 'NONE',  ( -12.96373168167572132, 3.331741505675388737, 0.6188984934384429426 ) ) ;
#3772 = ORIENTED_EDGE ( 'NONE', *, *, #954, .F. ) ;
#3773 = CARTESIAN_POINT ( 'NONE',  ( -8.751116509410413968, 14.70190386702471486, 0.007534807582109081560 ) ) ;
#3774 = CARTESIAN_POINT ( 'NONE',  ( -5.000000000000023093, 13.68631829794382426, 5.087527842407316925 ) ) ;
#3775 = CYLINDRICAL_SURFACE ( 'NONE', #2030, 0.1000000000000002554 ) ;
#3776 = CARTESIAN_POINT ( 'NONE',  ( -6.776859019465817369, 8.070040185120886278, 5.552466610172516859 ) ) ;
#3777 = CARTESIAN_POINT ( 'NONE',  ( -11.81851552779210301, 9.219165574360843607, -5.705213189175635691 ) ) ;
#3778 = FACE_OUTER_BOUND ( 'NONE', #5064, .T. ) ;
#3779 = CARTESIAN_POINT ( 'NONE',  ( -8.144356996555897510, 6.402691488306390788, -5.076006702126954373 ) ) ;
#3780 = CARTESIAN_POINT ( 'NONE',  ( -6.235715373462658029, 10.61625886627328619, -5.476532698921748654 ) ) ;
#3781 = CARTESIAN_POINT ( 'NONE',  ( -10.98290822263807343, 6.711799332653879624, -5.222675710639108182 ) ) ;
#3782 = DIRECTION ( 'NONE',  ( 1.000000000000000000, -0.0000000000000000000, -0.0000000000000000000 ) ) ;
#3783 = EDGE_CURVE ( 'NONE', #4608, #5393, #4338, .T. ) ;
#3784 = CARTESIAN_POINT ( 'NONE',  ( -9.160124428822166820, 7.544395422061643153, -5.520981857510459889 ) ) ;
#3785 = CARTESIAN_POINT ( 'NONE',  ( -4.904433119026871069, 4.251790169359753513, -5.000282144914927507 ) ) ;
#3786 = CARTESIAN_POINT ( 'NONE',  ( -8.250000098502367152, 9.000000000000000000, 5.999999999999998224 ) ) ;
#3788 = CARTESIAN_POINT ( 'NONE',  ( -12.48609907922783258, 12.34315110426184781, -4.629239760284323602 ) ) ;
#3787 = CARTESIAN_POINT ( 'NONE',  ( -11.98750189653952880, 13.24258451272621073, -4.242696860768593758 ) ) ;
#3789 = VERTEX_POINT ( 'NONE', #2403 ) ;
#3790 = ORIENTED_EDGE ( 'NONE', *, *, #802, .F. ) ;
#3791 = CARTESIAN_POINT ( 'NONE',  ( -8.254934390311161607, 3.590117608719162412, -1.826768876944050435 ) ) ;
#3792 = CARTESIAN_POINT ( 'NONE',  ( -10.30068520041075786, 7.959277053144688807, 5.614500186386528036 ) ) ;
#3793 = EDGE_CURVE ( 'NONE', #3440, #2574, #5392, .T. ) ;
#3794 = ORIENTED_EDGE ( 'NONE', *, *, #2457, .F. ) ;
#3795 = EDGE_CURVE ( 'NONE', #2808, #2204, #5213, .T. ) ;
#3796 = CARTESIAN_POINT ( 'NONE',  ( -7.506364811963072370, 4.746446874204474753, 3.809610052380940637 ) ) ;
#3798 = CARTESIAN_POINT ( 'NONE',  ( -11.73702509940246408, 6.656135495739205155, -5.206965880766524002 ) ) ;
#3797 = CARTESIAN_POINT ( 'NONE',  ( -12.80625189653953200, 11.48536081608334491, 5.999967093494319670 ) ) ;
#3799 = DIRECTION ( 'NONE',  ( 0.0000000000000000000, 0.0000000000000000000, 1.000000000000000000 ) ) ;
#3800 = ORIENTED_EDGE ( 'NONE', *, *, #6261, .F. ) ;
#3801 = AXIS2_PLACEMENT_3D ( 'NONE', #449, #7877, #2916 ) ;
#3802 = CARTESIAN_POINT ( 'NONE',  ( -9.695934666023644510, 14.50976559674383637, 1.157402890320145428 ) ) ;
#3803 = ADVANCED_FACE ( 'NONE', ( #1787 ), #3668, .F. ) ;
#3804 = CARTESIAN_POINT ( 'NONE',  ( -5.040635938857001008, 13.84581763587588377, 5.026723553456612592 ) ) ;
#3805 = CARTESIAN_POINT ( 'NONE',  ( -8.050000098502364310, 9.000000000000000000, 5.999999999999998224 ) ) ;
#3806 = CARTESIAN_POINT ( 'NONE',  ( -9.950001896539530932, 8.999925603094688142, -5.618955715758048086 ) ) ;
#3807 = ORIENTED_EDGE ( 'NONE', *, *, #1252, .T. ) ;
#3808 = CARTESIAN_POINT ( 'NONE',  ( -10.45039751942764816, 13.36378498815715687, 3.682372924771582401 ) ) ;
#3809 = CARTESIAN_POINT ( 'NONE',  ( -8.746921300388894593, 14.69895384343147882, 0.1846060620281107789 ) ) ;
#3810 = CARTESIAN_POINT ( 'NONE',  ( -4.986995384023242828, 13.80632576968115188, 4.983053281101978094 ) ) ;
#3811 = CARTESIAN_POINT ( 'NONE',  ( -4.900000000000001243, 9.000000000000000000, -5.100000000000001421 ) ) ;
#3812 = CARTESIAN_POINT ( 'NONE',  ( -6.804978119835617179, 6.379678638440084981, 5.064211098291380608 ) ) ;
#3813 = CARTESIAN_POINT ( 'NONE',  ( -11.98184380911840385, 3.895794970589793849, -2.558595693011953109 ) ) ;
#3814 = FILL_AREA_STYLE ('',( #1932 ) ) ;
#3815 = CARTESIAN_POINT ( 'NONE',  ( -9.343751896539535196, 11.48520193195810357, -6.000032905453839049 ) ) ;
#3816 = CARTESIAN_POINT ( 'NONE',  ( -12.98206065344698779, 7.251788881306580947, 5.435649388998589515 ) ) ;
#3817 = CARTESIAN_POINT ( 'NONE',  ( -8.250587280327369655, 7.909690384038034594, -5.605297928849493516 ) ) ;
#3818 = CARTESIAN_POINT ( 'NONE',  ( -4.900000000000001243, 15.00000000000000000, -5.000000000000000888 ) ) ;
#3819 = CARTESIAN_POINT ( 'NONE',  ( -11.22827317710557615, 9.077468549094872330, 5.709702705530968814 ) ) ;
#3820 = CIRCLE ( 'NONE', #5086, 0.5000000000000002220 ) ;
#3821 = CARTESIAN_POINT ( 'NONE',  ( -9.514304825951954925, 6.703492835551443818, 5.227391093305717717 ) ) ;
#3822 = CARTESIAN_POINT ( 'NONE',  ( -5.000000000000001776, 15.00000000000000000, 4.999999999999999112 ) ) ;
#3823 = CARTESIAN_POINT ( 'NONE',  ( -4.976043705581524534, 4.000718645729724798, -4.967436139243738502 ) ) ;
#3824 = CARTESIAN_POINT ( 'NONE',  ( -13.00000000000000178, 9.000000000000000000, 1.000000000000000222 ) ) ;
#3826 = CARTESIAN_POINT ( 'NONE',  ( -12.49502929422676623, 12.05034140058578807, -4.827221578517136180 ) ) ;
#3825 = CARTESIAN_POINT ( 'NONE',  ( -12.77500189653953022, 14.99999999947407936, -7.944206262056783218E-05 ) ) ;
#3827 = CARTESIAN_POINT ( 'NONE',  ( -5.000000000000001776, 0.09999999999999939493, 4.999999999999999112 ) ) ;
#3828 = ORIENTED_EDGE ( 'NONE', *, *, #5352, .F. ) ;
#3829 = AXIS2_PLACEMENT_3D ( 'NONE', #6811, #4305, #3694 ) ;
#3830 = B_SPLINE_CURVE_WITH_KNOTS ( 'NONE', 3,
 ( #5033, #5066, #7493, #1958, #7564, #4369, #5573, #4409 ),
 .UNSPECIFIED., .F., .F.,
 ( 4, 2, 2, 4 ),
 ( 0.0000000000000000000, 0.0002592521188537984570, 0.0003888781782806989052, 0.0005185042377075994077 ),
 .UNSPECIFIED. ) ;
#3831 = CARTESIAN_POINT ( 'NONE',  ( -8.801306668766061492, 14.36345132228466248, -1.958854982895603003 ) ) ;
#3832 = CARTESIAN_POINT ( 'NONE',  ( -10.72784470715666316, 14.57970068487164639, -1.174441290795621651 ) ) ;
#3833 = CARTESIAN_POINT ( 'NONE',  ( 0.0000000000000000000, 0.5000000000000004441, 0.5000000000000000000 ) ) ;
#3834 = AXIS2_PLACEMENT_3D ( 'NONE', #3971, #394, #1564 ) ;
#3835 = CARTESIAN_POINT ( 'NONE',  ( -7.675000735375990146, 5.390887315663890789, 4.414362324799025572 ) ) ;
#3837 = CARTESIAN_POINT ( 'NONE',  ( -11.96394596990510095, 4.246797490755739091, -3.164287650810448937 ) ) ;
#3836 = CARTESIAN_POINT ( 'NONE',  ( -12.41250189653953129, 4.757303139231405353, -4.242584512726213397 ) ) ;
#3838 = CARTESIAN_POINT ( 'NONE',  ( -4.899999999999969269, 4.352419984550590648, 4.999999999999998224 ) ) ;
#3839 = ORIENTED_EDGE ( 'NONE', *, *, #7603, .T. ) ;
#3840 = ADVANCED_FACE ( 'NONE', ( #139 ), #6369, .T. ) ;
#3841 = EDGE_CURVE ( 'NONE', #6981, #1917, #2667, .T. ) ;
#3842 = CARTESIAN_POINT ( 'NONE',  ( -9.677619132969601523, 14.32176457617523546, 1.837368187644073947 ) ) ;
#3843 = DIRECTION ( 'NONE',  ( 1.000000000000000000, -0.0000000000000000000, -0.0000000000000000000 ) ) ;
#3844 = PLANE ( 'NONE',  #6280 ) ;
#3845 = CARTESIAN_POINT ( 'NONE',  ( -9.781251896539528090, 14.61892489955086916, -2.327522060746116672 ) ) ;
#3846 = ORIENTED_EDGE ( 'NONE', *, *, #3881, .F. ) ;
#3847 = EDGE_CURVE ( 'NONE', #5763, #5739, #4466, .T. ) ;
#3848 = CARTESIAN_POINT ( 'NONE',  ( -10.97174204536364783, 3.423753162558631935, -1.190350646026778092 ) ) ;
#3849 = CARTESIAN_POINT ( 'NONE',  ( -8.827378347196797037, 13.92595933351191917, -2.871775514304676147 ) ) ;
#3850 = CARTESIAN_POINT ( 'NONE',  ( -5.100000000000006750, 14.06572552398080944, 4.830985915493021920 ) ) ;
#3851 = CARTESIAN_POINT ( 'NONE',  ( -13.00000000000000178, 9.000000000000000000, 0.0000000000000000000 ) ) ;
#3852 = CARTESIAN_POINT ( 'NONE',  ( -6.939376837598729253, 11.51908265494136430, 5.124679866915959892 ) ) ;
#3853 = CARTESIAN_POINT ( 'NONE',  ( -11.74878769968372261, 11.83518767231478463, -4.955761042482571987 ) ) ;
#3854 = AXIS2_PLACEMENT_3D ( 'NONE', #2749, #7587, #3983 ) ;
#3855 = CARTESIAN_POINT ( 'NONE',  ( -9.118751896539530222, 15.00003290545384083, 2.485201931958106236 ) ) ;
#3856 = CARTESIAN_POINT ( 'NONE',  ( -12.80518473123635026, 3.292428734765258991, 0.1655805624647398722 ) ) ;
#3857 = CARTESIAN_POINT ( 'NONE',  ( -8.176953035773189882, 7.923247946533026997, -5.526056682087839178 ) ) ;
#3858 = DIRECTION ( 'NONE',  ( -1.000000000000000000, 0.0000000000000000000, 0.0000000000000000000 ) ) ;
#3859 = VECTOR ( 'NONE', #3469, 1000.000000000000000 ) ;
#3860 = CARTESIAN_POINT ( 'NONE',  ( -11.29087764747090894, 11.47942366424313931, 5.143907888295841779 ) ) ;
#3861 = FACE_OUTER_BOUND ( 'NONE', #2040, .T. ) ;
#3862 = LINE ( 'NONE', #7665, #3958 ) ;
#3863 = CARTESIAN_POINT ( 'NONE',  ( -4.984049988696805045, 4.272034611876725840, -4.996313218409819790 ) ) ;
#3864 = CARTESIAN_POINT ( 'NONE',  ( 0.0000000000000000000, 0.09999999999999939493, 0.0000000000000000000 ) ) ;
#3865 = CARTESIAN_POINT ( 'NONE',  ( -12.26875189653952880, 2.999967094546160951, -2.485201931958109345 ) ) ;
#3866 = DIRECTION ( 'NONE',  ( -0.0000000000000000000, 1.000000000000000000, -0.0000000000000000000 ) ) ;
#3867 = AXIS2_PLACEMENT_3D ( 'NONE', #6273, #7535, #6232 ) ;
#3868 = ORIENTED_EDGE ( 'NONE', *, *, #1688, .T. ) ;
#3869 =( BOUNDED_CURVE ( )  B_SPLINE_CURVE ( 2, ( #6995, #5989, #5373, #5451, #7986, #4222, #4767, #599, #4181, #2342, #441 ),
 .UNSPECIFIED., .F., .T. ) 
 B_SPLINE_CURVE_WITH_KNOTS ( ( 3, 2, 2, 2, 2, 3 ),
 ( 0.3333335736016670992, 0.3472222222222222099, 0.3611111111111111049, 0.3750000000000000000, 0.3888888888888888951, 0.3888891291572226794 ),
 .UNSPECIFIED. ) 
 CURVE ( )  GEOMETRIC_REPRESENTATION_ITEM ( )  RATIONAL_B_SPLINE_CURVE ( ( 0.9999973663809044178, 0.9238808493436148073, 1.000000000000000000, 0.9238795325112867385, 1.000000000000000000, 0.9238795325112867385, 1.000000000000000000, 0.9238795325112867385, 1.000000000000000000, 0.9999986831676719312, 0.9999973663809044178 ) ) 
 REPRESENTATION_ITEM ( '' )  );
#3870 = CARTESIAN_POINT ( 'NONE',  ( -8.201174138867118657, 4.615716415567876929, -3.658266010867750051 ) ) ;
#3871 = CARTESIAN_POINT ( 'NONE',  ( -10.47799655625394522, 13.98663876783404270, 2.781984410865883106 ) ) ;
#3872 = CARTESIAN_POINT ( 'NONE',  ( -7.407398106012986538, 3.295638915917508793, 0.2571566618761413903 ) ) ;
#3874 = CARTESIAN_POINT ( 'NONE',  ( -11.70970665076374395, 7.660213867724028347, -5.550859994758948091 ) ) ;
#3873 = DIRECTION ( 'NONE',  ( -1.000000000000000000, -0.0000000000000000000, -0.0000000000000000000 ) ) ;
#3875 = ORIENTED_EDGE ( 'NONE', *, *, #4044, .T. ) ;
#3876 = CARTESIAN_POINT ( 'NONE',  ( -4.976097878138661557, 4.000548956908807519, 4.967366800939638338 ) ) ;
#3877 = ORIENTED_EDGE ( 'NONE', *, *, #6757, .F. ) ;
#3878 = CARTESIAN_POINT ( 'NONE',  ( -7.925001896539531465, 14.61895571575804809, -7.439690531130537009E-05 ) ) ;
#3879 = CARTESIAN_POINT ( 'NONE',  ( -9.891656390697113110, 11.22505343441933334, -5.162623220802503354 ) ) ;
#3880 = CARTESIAN_POINT ( 'NONE',  ( 4.000000000000000000, -3.999999999999999112, 4.599999999999999645 ) ) ;
#3881 = EDGE_CURVE ( 'NONE', #7890, #5958, #2509, .T. ) ;
#3882 = CARTESIAN_POINT ( 'NONE',  ( -6.562501896539530755, 13.24269686076859287, 4.242584512726212509 ) ) ;
#3883 = CARTESIAN_POINT ( 'NONE',  ( -8.993751896539531998, 11.32737326693549385, -5.618986531965227016 ) ) ;
#3884 = CARTESIAN_POINT ( 'NONE',  ( -10.05000009850236431, 9.000000000000000000, 5.999999999999998224 ) ) ;
#3885 = ORIENTED_EDGE ( 'NONE', *, *, #5859, .T. ) ;
#3886 = CARTESIAN_POINT ( 'NONE',  ( -10.25656325669106828, 6.340306276158354848, 5.052794595997384342 ) ) ;
#3887 = CARTESIAN_POINT ( 'NONE',  ( -9.146590208430103175, 5.506478602996850213, -4.404422528626325217 ) ) ;
#3888 = CARTESIAN_POINT ( 'NONE',  ( -4.988220604556612869, 13.68416729243514141, 4.999999872858116312 ) ) ;
#3889 = DIRECTION ( 'NONE',  ( 0.0000000000000000000, 0.0000000000000000000, -1.000000000000000000 ) ) ;
#3890 = CARTESIAN_POINT ( 'NONE',  ( -6.917453923562996820, 14.54646339883537820, 1.357956559853380485 ) ) ;
#3891 = ADVANCED_FACE ( 'NONE', ( #1304 ), #1865, .F. ) ;
#3892 = CARTESIAN_POINT ( 'NONE',  ( -11.90508093105639276, 5.946309314295106674, -4.824132072449796915 ) ) ;
#3893 =( NAMED_UNIT ( * ) SI_UNIT ( $, .STERADIAN. ) SOLID_ANGLE_UNIT ( ) );
#3894 = CARTESIAN_POINT ( 'NONE',  ( -10.69375189653953129, 6.514798068041889323, 6.000032905453837273 ) ) ;
#3895 = CARTESIAN_POINT ( 'NONE',  ( -11.94986860902621473, 3.617598964065898315, 1.906350965151653698 ) ) ;
#3896 = CARTESIAN_POINT ( 'NONE',  ( -8.305285282525607826, 5.942404295140690351, -4.812845085784991817 ) ) ;
#3897 = CARTESIAN_POINT ( 'NONE',  ( -6.262092509900071491, 9.585750151203457747, -5.671719943761143412 ) ) ;
#3898 = CARTESIAN_POINT ( 'NONE',  ( -11.26812054234944505, 5.172278619881589101, 4.237613008723207564 ) ) ;
#3899 = EDGE_CURVE ( 'NONE', #1444, #4070, #5599, .T. ) ;
#3900 = CARTESIAN_POINT ( 'NONE',  ( -9.782793905693235814, 14.67168161829101436, 0.6553005589530450647 ) ) ;
#3901 = CARTESIAN_POINT ( 'NONE',  ( -5.000000000000001776, 15.00000000000000000, 4.899999999999997691 ) ) ;
#3902 = PLANE ( 'NONE',  #4320 ) ;
#3903 = DIRECTION ( 'NONE',  ( 0.0000000000000000000, 1.000000000000000000, 0.0000000000000000000 ) ) ;
#3905 = CARTESIAN_POINT ( 'NONE',  ( -12.72131002488149321, 6.328100797807511668, -4.946146837103043481 ) ) ;
#3904 = CARTESIAN_POINT ( 'NONE',  ( 0.0000000000000000000, 14.90000000000000036, -4.900000000000000355 ) ) ;
#3906 = EDGE_LOOP ( 'NONE', ( #7729, #267, #6024 ) ) ;
#3907 = CARTESIAN_POINT ( 'NONE',  ( -20.50000000000000000, 9.000000000000000000, 0.0000000000000000000 ) ) ;
#3908 = CARTESIAN_POINT ( 'NONE',  ( -8.783304160220138712, 14.56325203521074840, -1.286055447275283870 ) ) ;
#3909 = CARTESIAN_POINT ( 'NONE',  ( -10.58563261545704215, 13.01650170857165989, 4.047212509497348343 ) ) ;
#3910 = CARTESIAN_POINT ( 'NONE',  ( -6.961055119597427066, 12.25046178819386000, 4.693829208085530169 ) ) ;
#3911 = CARTESIAN_POINT ( 'NONE',  ( -7.581325266846701716, 3.442396104745856444, 1.311343110724816796 ) ) ;
#3912 = SURFACE_STYLE_FILL_AREA ( #7726 ) ;
#3914 = CARTESIAN_POINT ( 'NONE',  ( -11.73972628491096870, 9.422982970703433381, -5.613855526507359528 ) ) ;
#3913 = CARTESIAN_POINT ( 'NONE',  ( -13.59375189653953164, 6.514798068041888435, 6.000032905453838161 ) ) ;
#3915 = CARTESIAN_POINT ( 'NONE',  ( -5.012006746756575204, 3.958301414610305269, 4.856180125371123424 ) ) ;
#3916 = VERTEX_POINT ( 'NONE', #814 ) ;
#3917 =( BOUNDED_CURVE ( )  B_SPLINE_CURVE ( 2, ( #7677, #3295, #6376, #2803, #1508, #2677, #1584, #5267, #4038, #2112, #5144 ),
 .UNSPECIFIED., .F., .F. ) 
 B_SPLINE_CURVE_WITH_KNOTS ( ( 3, 2, 2, 2, 2, 3 ),
 ( 0.5555557958238893645, 0.5694444444444444198, 0.5833333333333333703, 0.5972222222222222099, 0.6111111111111111605, 0.6111113513794449448 ),
 .UNSPECIFIED. ) 
 CURVE ( )  GEOMETRIC_REPRESENTATION_ITEM ( )  RATIONAL_B_SPLINE_CURVE ( ( 0.9999973663809044178, 0.9238808493436148073, 1.000000000000000000, 0.9238795325112867385, 1.000000000000000000, 0.9238795325112867385, 1.000000000000000000, 0.9238795325112867385, 1.000000000000000000, 0.9999986831676719312, 0.9999973663809044178 ) ) 
 REPRESENTATION_ITEM ( '' )  );
#3918 = CARTESIAN_POINT ( 'NONE',  ( -7.812501896539529866, 12.97325429635567140, 3.973149083243181945 ) ) ;
#3919 = CARTESIAN_POINT ( 'NONE',  ( -9.830880902802050514, 14.56151406690998229, -1.294315323284618513 ) ) ;
#3920 = CARTESIAN_POINT ( 'NONE',  ( -6.000000000000001776, 9.000000000000000000, 6.899999999999999467 ) ) ;
#3921 = CARTESIAN_POINT ( 'NONE',  ( -9.556251896539528445, 11.32752206074611578, 5.618924899550870045 ) ) ;
#3922 = LINE ( 'NONE', #3226, #3944 ) ;
#3923 = EDGE_LOOP ( 'NONE', ( #261, #4475, #4720, #6649 ) ) ;
#3924 = CARTESIAN_POINT ( 'NONE',  ( -9.631411567272344598, 14.65129952673525437, 0.8156714880100830456 ) ) ;
#3925 = CARTESIAN_POINT ( 'NONE',  ( -8.980556349697529583, 11.61174513124862351, -4.987367576806031266 ) ) ;
#3926 = CARTESIAN_POINT ( 'NONE',  ( -13.00000000000000178, 14.90470710536146015, -1.065098117496177998 ) ) ;
#3927 = CARTESIAN_POINT ( 'NONE',  ( -10.75000009850236360, 9.000000000000000000, 5.999999999999998224 ) ) ;
#3928 = AXIS2_PLACEMENT_3D ( 'NONE', #4908, #3716, #4785 ) ;
#3929 = CARTESIAN_POINT ( 'NONE',  ( -7.133577706761486503, 13.08834523811975714, -3.858600647742684853 ) ) ;
#3930 = CARTESIAN_POINT ( 'NONE',  ( -11.63649934334049263, 14.50682169431210333, -1.507437780281188688 ) ) ;
#3931 =( LENGTH_UNIT ( ) NAMED_UNIT ( * ) SI_UNIT ( .MILLI., .METRE. ) );
#3932 = ORIENTED_EDGE ( 'NONE', *, *, #1251, .T. ) ;
#3933 = CARTESIAN_POINT ( 'NONE',  ( -13.94375189653953306, 6.672626733064500826, 5.618986531965226128 ) ) ;
#3934 = EDGE_CURVE ( 'NONE', #7073, #6500, #3210, .T. ) ;
#3935 = EDGE_CURVE ( 'NONE', #2176, #2796, #6268, .T. ) ;
#3936 = CARTESIAN_POINT ( 'NONE',  ( -12.38609527469676053, 14.52997316728264465, -1.389411808307892127 ) ) ;
#3937 = CARTESIAN_POINT ( 'NONE',  ( -8.338745416578134950, 3.561944898449951324, -1.425167425330372772 ) ) ;
#3938 = CARTESIAN_POINT ( 'NONE',  ( -11.25096893461633485, 4.671797881863008151, 3.724985801584760114 ) ) ;
#3939 = CARTESIAN_POINT ( 'NONE',  ( -6.274361577381981192, 9.081420038325406452, -5.701370074623157258 ) ) ;
#3940 = CARTESIAN_POINT ( 'NONE',  ( -9.807638108120587006, 14.68961697854974879, -0.3720493691545339043 ) ) ;
#3941 = FACE_OUTER_BOUND ( 'NONE', #488, .T. ) ;
#3942 = CARTESIAN_POINT ( 'NONE',  ( -19.80000000000000071, 22.00100000000000122, 0.0000000000000000000 ) ) ;
#3943 = CARTESIAN_POINT ( 'NONE',  ( -8.250000098502367152, 9.000000000000000000, 5.999999999999998224 ) ) ;
#3944 = VECTOR ( 'NONE', #3307, 1000.000000000000000 ) ;
#3946 = CARTESIAN_POINT ( 'NONE',  ( -12.72750723800197115, 8.839095872651990149, -5.699637315182513042 ) ) ;
#3945 = CARTESIAN_POINT ( 'NONE',  ( -7.881251896539528623, 3.000032906505680774, 2.485360816083349800 ) ) ;
#3947 = FACE_OUTER_BOUND ( 'NONE', #6908, .T. ) ;
#3948 = ORIENTED_EDGE ( 'NONE', *, *, #6397, .F. ) ;
#3949 = EDGE_CURVE ( 'NONE', #6662, #2106, #1377, .T. ) ;
#3950 = CARTESIAN_POINT ( 'NONE',  ( -19.80000000000000071, 13.81663783151691760, 0.9000000000000003553 ) ) ;
#3951 = AXIS2_PLACEMENT_3D ( 'NONE', #1945, #5720, #6291 ) ;
#3952 = CARTESIAN_POINT ( 'NONE',  ( -7.526579699764046616, 5.357668587002142324, 4.386900969290982388 ) ) ;
#3953 = CARTESIAN_POINT ( 'NONE',  ( -10.56091227803907628, 14.07925966475389323, 2.428196412113526659 ) ) ;
#3954 = CARTESIAN_POINT ( 'NONE',  ( -6.804779724216844627, 6.369905024615673206, 5.067697012300639514 ) ) ;
#3955 = CARTESIAN_POINT ( 'NONE',  ( -7.729625404568860603, 12.75619492823340906, 4.300804300408338499 ) ) ;
#3956 = FACE_OUTER_BOUND ( 'NONE', #4230, .T. ) ;
#3957 = CARTESIAN_POINT ( 'NONE',  ( -8.418751896539530932, 15.00003290545384260, 2.485201931958106236 ) ) ;
#3958 = VECTOR ( 'NONE', #285, 1000.000000000000000 ) ;
#3959 = FACE_OUTER_BOUND ( 'NONE', #5230, .T. ) ;
#3960 = ORIENTED_EDGE ( 'NONE', *, *, #69, .F. ) ;
#3961 = CARTESIAN_POINT ( 'NONE',  ( -19.80000000000000071, 13.81663783151691760, -0.9000000000000003553 ) ) ;
#3962 = CARTESIAN_POINT ( 'NONE',  ( -9.945425800329486421, 9.186073483283756502, -5.626675760723669484 ) ) ;
#3963 = COLOUR_RGB ( '',0.5568627450980392357, 0.5568627450980392357, 0.5568627450980392357 ) ;
#3964 = CARTESIAN_POINT ( 'NONE',  ( -10.75000009850236360, 9.000000000000000000, 5.999999999999998224 ) ) ;
#3965 =( BOUNDED_CURVE ( )  B_SPLINE_CURVE ( 2, ( #7977, #2417, #6598, #6754, #395, #6676, #4875, #2251, #5484, #5443, #5980 ),
 .UNSPECIFIED., .F., .T. ) 
 B_SPLINE_CURVE_WITH_KNOTS ( ( 3, 2, 2, 2, 2, 3 ),
 ( 0.2777780180461115744, 0.2916666666666666852, 0.3055555555555555802, 0.3194444444444444198, 0.3333333333333333148, 0.3333335736016670992 ),
 .UNSPECIFIED. ) 
 CURVE ( )  GEOMETRIC_REPRESENTATION_ITEM ( )  RATIONAL_B_SPLINE_CURVE ( ( 0.9999973663809044178, 0.9238808493436148073, 1.000000000000000000, 0.9238795325112867385, 1.000000000000000000, 0.9238795325112867385, 1.000000000000000000, 0.9238795325112867385, 1.000000000000000000, 0.9999986831676719312, 0.9999973663809044178 ) ) 
 REPRESENTATION_ITEM ( '' )  );
#3966 = FACE_OUTER_BOUND ( 'NONE', #631, .T. ) ;
#3967 = VECTOR ( 'NONE', #6840, 1000.000000000000000 ) ;
#3968 = ORIENTED_EDGE ( 'NONE', *, *, #1832, .T. ) ;
#3969 = CARTESIAN_POINT ( 'NONE',  ( -9.939512903707582225, 6.568573028988119233, -5.166304571530991652 ) ) ;
#3970 = CARTESIAN_POINT ( 'NONE',  ( -9.081779454758237335, 10.66084112506093184, -5.463294407065807157 ) ) ;
#3971 = CARTESIAN_POINT ( 'NONE',  ( -4.900000000000001243, 4.352419984550747856, 5.099999999999999645 ) ) ;
#3972 = CARTESIAN_POINT ( 'NONE',  ( -20.50000000000000000, 9.000000000000000000, 0.0000000000000000000 ) ) ;
#3973 = CARTESIAN_POINT ( 'NONE',  ( -12.81099845897723810, 5.751365483724617533, -4.695159180341041072 ) ) ;
#3974 = DIRECTION ( 'NONE',  ( 1.000000000000000000, -0.0000000000000000000, -0.0000000000000000000 ) ) ;
#3975 = ORIENTED_EDGE ( 'NONE', *, *, #6250, .F. ) ;
#3976 = CARTESIAN_POINT ( 'NONE',  ( -12.42500189653953058, 14.61895571575804809, -7.439690531130537009E-05 ) ) ;
#3977 = CARTESIAN_POINT ( 'NONE',  ( -11.98595910468512749, 4.244893953304465839, 3.161094025370192018 ) ) ;
#3978 = CARTESIAN_POINT ( 'NONE',  ( -8.255969881916735531, 3.584811536347211280, -1.785515422482501169 ) ) ;
#3979 = CARTESIAN_POINT ( 'NONE',  ( -11.21101980693842037, 8.367828974782623774, 5.675130010285974080 ) ) ;
#3980 = CARTESIAN_POINT ( 'NONE',  ( -6.203182443075375474, 11.79345509471832898, -5.048385452018774089 ) ) ;
#3981 = CIRCLE ( 'NONE', #989, 0.1000000000000002554 ) ;
#3982 = CARTESIAN_POINT ( 'NONE',  ( 0.0000000000000000000, 10.00000000000000000, 0.0000000000000000000 ) ) ;
#3983 = DIRECTION ( 'NONE',  ( 0.0000000000000000000, 0.0000000000000000000, 1.000000000000000000 ) ) ;
#3984 = EDGE_CURVE ( 'NONE', #2785, #2880, #662, .T. ) ;
#3986 = CARTESIAN_POINT ( 'NONE',  ( -12.79039375680647161, 6.448744829081380026, -5.099305108197867753 ) ) ;
#3985 = CARTESIAN_POINT ( 'NONE',  ( -8.950001896539529156, 9.000079442062618895, 5.999999999474079360 ) ) ;
#3987 = DIRECTION ( 'NONE',  ( 0.0000000000000000000, 0.0000000000000000000, 1.000000000000000000 ) ) ;
#3988 = ORIENTED_EDGE ( 'NONE', *, *, #7100, .T. ) ;
#3989 = AXIS2_PLACEMENT_3D ( 'NONE', #3997, #7028, #7068 ) ;
#3990 = CARTESIAN_POINT ( 'NONE',  ( -4.900000000000001243, 15.00000000000000000, 3.224903099319424538 ) ) ;
#3991 = CLOSED_SHELL ( 'NONE', ( #7165, #7610, #2041, #6510 ) ) ;
#3992 = CARTESIAN_POINT ( 'NONE',  ( -7.663284098299808278, 10.47238480958858275, 5.508503978364443832 ) ) ;
#3993 = CARTESIAN_POINT ( 'NONE',  ( -10.44467834344189328, 10.73907350537028371, 5.354412501006775571 ) ) ;
#3994 = DIRECTION ( 'NONE',  ( 0.0000000000000000000, 0.0000000000000000000, -1.000000000000000000 ) ) ;
#3995 = CARTESIAN_POINT ( 'NONE',  ( -6.675117891731055408, 3.392081972876785478, 1.071698126050358857 ) ) ;
#3996 = CARTESIAN_POINT ( 'NONE',  ( -7.776404917677290030, 11.84599307974366411, 4.857505285857476984 ) ) ;
#3997 = CARTESIAN_POINT ( 'NONE',  ( -13.00000000000000178, 9.000000000000000000, 0.0000000000000000000 ) ) ;
#3998 = EDGE_CURVE ( 'NONE', #6981, #2276, #228, .T. ) ;
#3999 = AXIS2_PLACEMENT_3D ( 'NONE', #2264, #2348, #6034 ) ;
#4001 = CARTESIAN_POINT ( 'NONE',  ( -12.16079321251969958, 4.954103440716442819, 4.029583903583072058 ) ) ;
#4000 = CARTESIAN_POINT ( 'NONE',  ( -9.937501896539531643, 4.757415487273786603, 4.242696860768593758 ) ) ;
#4002 = AXIS2_PLACEMENT_3D ( 'NONE', #727, #3233, #4490 ) ;
#4003 = B_SPLINE_CURVE_WITH_KNOTS ( 'NONE', 3,
 ( #1524, #6390, #4603, #313, #7651, #7001, #7084, #4566, #839, #272 ),
 .UNSPECIFIED., .F., .F.,
 ( 4, 2, 2, 2, 4 ),
 ( 0.0000000000000000000, 0.0001857159759754243992, 0.0003714319519508487983, 0.0005571479279262731704, 0.0007428639039016975967 ),
 .UNSPECIFIED. ) ;
#4004 = ORIENTED_EDGE ( 'NONE', *, *, #1545, .F. ) ;
#4005 = DIRECTION ( 'NONE',  ( 1.000000000000000000, -0.0000000000000000000, -0.0000000000000000000 ) ) ;
#4006 = CARTESIAN_POINT ( 'NONE',  ( -20.50000000000000000, 9.000000000000000000, 0.0000000000000000000 ) ) ;
#4007 = AXIS2_PLACEMENT_3D ( 'NONE', #2939, #5527, #3596 ) ;
#4008 = CARTESIAN_POINT ( 'NONE',  ( -9.790590027019600683, 12.19698504953666784, -4.731429362033026109 ) ) ;
#4009 = CARTESIAN_POINT ( 'NONE',  ( -10.75000099752340788, 9.000039721031308559, 5.999999999999998224 ) ) ;
#4010 = CARTESIAN_POINT ( 'NONE',  ( -12.41250189653953129, 4.757303139231405353, -4.242584512726213397 ) ) ;
#4011 = CARTESIAN_POINT ( 'NONE',  ( -4.932501999244355062, 14.99588428404065965, -3.551596400818216370 ) ) ;
#4012 = STYLED_ITEM ( 'NONE', ( #6910 ), #7544 ) ;
#4013 = ORIENTED_EDGE ( 'NONE', *, *, #3841, .T. ) ;
#4014 = CARTESIAN_POINT ( 'NONE',  ( -9.833912302399394179, 10.67947600177445722, -5.457306622346400182 ) ) ;
#4015 = CARTESIAN_POINT ( 'NONE',  ( -9.115087094096008258, 6.537364689939790807, -5.062562637984097336 ) ) ;
#4016 = DIRECTION ( 'NONE',  ( -8.673617379884035472E-17, 0.0000000000000000000, -1.000000000000000000 ) ) ;
#4017 = PLANE ( 'NONE',  #5797 ) ;
#4018 = CARTESIAN_POINT ( 'NONE',  ( -7.024389089764736305, 13.99137649498653779, -2.773432468038186993 ) ) ;
#4019 = CARTESIAN_POINT ( 'NONE',  ( -12.64584089945735457, 11.93469028569439416, -4.897435323086853920 ) ) ;
#4020 = VERTEX_POINT ( 'NONE', #2565 ) ;
#4021 = CARTESIAN_POINT ( 'NONE',  ( -12.31250189653952987, 12.97325429635567140, 3.973149083243181945 ) ) ;
#4022 = CARTESIAN_POINT ( 'NONE',  ( -12.38164105926403025, 14.57003945214458973, -1.219060519744603166 ) ) ;
#4023 = CARTESIAN_POINT ( 'NONE',  ( -8.265111392892768194, 3.483840029130871763, -1.443712197037611444 ) ) ;
#4024 = CARTESIAN_POINT ( 'NONE',  ( -11.51779168328723912, 13.83550658186097770, 3.036997810074952397 ) ) ;
#4025 = CARTESIAN_POINT ( 'NONE',  ( -6.184933191044821754, 12.45477367360202514, -4.807832160368238128 ) ) ;
#4026 = CARTESIAN_POINT ( 'NONE',  ( -9.877644930222189146, 13.87474824221190239, -2.972415587673313375 ) ) ;
#4027 = CARTESIAN_POINT ( 'NONE',  ( 3.999999999999996447, -3.999999999999999112, -4.000000000000000000 ) ) ;
#4028 = CARTESIAN_POINT ( 'NONE',  ( -8.250001896539529866, 9.000079442062618895, 5.999999999474079360 ) ) ;
#4029 = CARTESIAN_POINT ( 'NONE',  ( -6.925001896539530577, 3.000000000525919752, 7.944206261983304126E-05 ) ) ;
#4030 = SPHERICAL_SURFACE ( 'NONE', #1094, 0.1000000000000000056 ) ;
#4031 = VERTEX_POINT ( 'NONE', #4505 ) ;
#4032 = CARTESIAN_POINT ( 'NONE',  ( -7.150000098502363954, 9.000000000000000000, 5.999999999999998224 ) ) ;
#4033 = CARTESIAN_POINT ( 'NONE',  ( -7.557603802277170324, 6.376284559147832987, 5.071366380945313779 ) ) ;
#4034 = CARTESIAN_POINT ( 'NONE',  ( -10.75578321488215394, 9.840669660832531918, -5.647994861079419060 ) ) ;
#4035 = CARTESIAN_POINT ( 'NONE',  ( 0.0000000000000000000, 10.00000000000000000, 0.0000000000000000000 ) ) ;
#4036 = CARTESIAN_POINT ( 'NONE',  ( -8.168583900152333044, 11.14368508710571071, -5.291994492260664984 ) ) ;
#4037 = CARTESIAN_POINT ( 'NONE',  ( -7.605830018154604133, 5.582186891924821204, 4.463405239718805539 ) ) ;
#4038 = CARTESIAN_POINT ( 'NONE',  ( -9.400001896539530222, 8.999920557937377552, -5.999999999474079360 ) ) ;
#4040 = CARTESIAN_POINT ( 'NONE',  ( -12.02468765044925547, 3.707818059804999233, 1.920566292878594261 ) ) ;
#4039 = CARTESIAN_POINT ( 'NONE',  ( -8.868751896539531998, 2.999967094546160951, -2.485201931958109345 ) ) ;
#4041 = EDGE_LOOP ( 'NONE', ( #7008, #1955, #7361, #2393 ) ) ;
#4042 = DIRECTION ( 'NONE',  ( -0.0000000000000000000, -1.000000000000000000, 0.0000000000000000000 ) ) ;
#4043 = FACE_OUTER_BOUND ( 'NONE', #5602, .T. ) ;
#4044 = EDGE_CURVE ( 'NONE', #1829, #3560, #4968, .T. ) ;
#4045 = EDGE_CURVE ( 'NONE', #5739, #580, #211, .T. ) ;
#4046 = CARTESIAN_POINT ( 'NONE',  ( -9.738301821471923247, 13.70337527307888870, -3.237974832082220367 ) ) ;
#4047 = LINE ( 'NONE', #3880, #4860 ) ;
#4049 = CARTESIAN_POINT ( 'NONE',  ( -11.96250189653953022, 13.24269686076859287, 4.242584512726212509 ) ) ;
#4048 = CARTESIAN_POINT ( 'NONE',  ( -11.62500189653953164, 3.000000000525919752, 7.944206261983304126E-05 ) ) ;
#4050 = CARTESIAN_POINT ( 'NONE',  ( -5.000000000000002665, 15.09999999999999964, -3.224903099319423649 ) ) ;
#4051 =( NAMED_UNIT ( * ) SI_UNIT ( $, .STERADIAN. ) SOLID_ANGLE_UNIT ( ) );
#4052 = EDGE_CURVE ( 'NONE', #2880, #3462, #5621, .T. ) ;
#4053 = CARTESIAN_POINT ( 'NONE',  ( -9.198497710722566723, 3.291446689840465734, -0.1224320710641429166 ) ) ;
#4054 = CARTESIAN_POINT ( 'NONE',  ( -9.054190196395781598, 11.65069292669707401, -5.057696328935011643 ) ) ;
#4055 = DIRECTION ( 'NONE',  ( -1.000000000000000000, -0.0000000000000000000, -0.0000000000000000000 ) ) ;
#4056 = DIRECTION ( 'NONE',  ( -0.0000000000000000000, 1.000000000000000000, -0.0000000000000000000 ) ) ;
#4057 = CARTESIAN_POINT ( 'NONE',  ( -7.037182687595932684, 14.18667136502574522, 2.368696451066410802 ) ) ;
#4058 = CARTESIAN_POINT ( 'NONE',  ( -12.56911161338382321, 14.04005784581394600, -2.682745730564148889 ) ) ;
#4059 = DIRECTION ( 'NONE',  ( 0.0000000000000000000, 1.000000000000000000, 0.0000000000000000000 ) ) ;
#4060 = ORIENTED_EDGE ( 'NONE', *, *, #2491, .T. ) ;
#4061 = CARTESIAN_POINT ( 'NONE',  ( -6.756251896539530399, 6.514639183916651533, -5.999967093494320558 ) ) ;
#4062 = CARTESIAN_POINT ( 'NONE',  ( -11.73847180611833174, 6.605162163414895815, -5.183450834348390934 ) ) ;
#4063 = CARTESIAN_POINT ( 'NONE',  ( -8.498369468132926485, 5.347677061989267067, 4.284306017088955976 ) ) ;
#4064 = DIRECTION ( 'NONE',  ( -0.0000000000000000000, 1.000000000000000000, -0.0000000000000000000 ) ) ;
#4065 = CARTESIAN_POINT ( 'NONE',  ( -6.484165038164738881, 6.664108500366233478, -5.210480995296414619 ) ) ;
#4066 = DIRECTION ( 'NONE',  ( 0.0000000000000000000, 0.0000000000000000000, -1.000000000000000000 ) ) ;
#4067 = CARTESIAN_POINT ( 'NONE',  ( -5.900000000000001243, 9.000000000000000000, 0.0000000000000000000 ) ) ;
#4068 = DIRECTION ( 'NONE',  ( 1.000000000000000000, 0.0000000000000000000, 0.0000000000000000000 ) ) ;
#4069 = FACE_OUTER_BOUND ( 'NONE', #4089, .T. ) ;
#4070 = VERTEX_POINT ( 'NONE', #371 ) ;
#4071 = CARTESIAN_POINT ( 'NONE',  ( -7.967841692022343381, 12.91072987713308073, -4.149409142189083077 ) ) ;
#4072 = CARTESIAN_POINT ( 'NONE',  ( -10.81302755079863509, 12.97594508668743529, -4.087055229915298682 ) ) ;
#4073 = VECTOR ( 'NONE', #5384, 1000.000000000000000 ) ;
#4074 = CARTESIAN_POINT ( 'NONE',  ( -8.124846949895234260, 12.61691213197212846, -4.417603734708714924 ) ) ;
#4075 = CARTESIAN_POINT ( 'NONE',  ( -7.666112056654090345, 10.58201606797917194, 5.486625219125777164 ) ) ;
#4076 = CYLINDRICAL_SURFACE ( 'NONE', #7226, 0.5999999999999998668 ) ;
#4078 = CARTESIAN_POINT ( 'NONE',  ( -12.11352667039435538, 5.824027881991004740, 4.648390422585054971 ) ) ;
#4077 = CARTESIAN_POINT ( 'NONE',  ( -10.33125189653953235, 14.99996709349432145, -2.485360816083348023 ) ) ;
#4079 = ORIENTED_EDGE ( 'NONE', *, *, #5620, .T. ) ;
#4080 = CARTESIAN_POINT ( 'NONE',  ( -12.99999999999999645, 7.936881766048084152, 5.599137326642992463 ) ) ;
#4081 = ORIENTED_EDGE ( 'NONE', *, *, #5450, .F. ) ;
#4082 = AXIS2_PLACEMENT_3D ( 'NONE', #5312, #4042, #7807 ) ;
#4083 = CARTESIAN_POINT ( 'NONE',  ( -10.12642491870576222, 5.261011967019819657, -4.315799859806157102 ) ) ;
#4084 = CARTESIAN_POINT ( 'NONE',  ( -4.956437371695921357, 14.98395615153561522, 3.654467230447436155 ) ) ;
#4085 = AXIS2_PLACEMENT_3D ( 'NONE', #6545, #2847, #2234 ) ;
#4086 = CARTESIAN_POINT ( 'NONE',  ( -3.999999999999996447, 0.5000000000000004441, -4.000000000000000000 ) ) ;
#4087 = CARTESIAN_POINT ( 'NONE',  ( -4.994741430291960604, 14.93709650826935764, -3.838440341330029426 ) ) ;
#4088 = ADVANCED_FACE ( 'NONE', ( #4069 ), #1539, .T. ) ;
#4089 = EDGE_LOOP ( 'NONE', ( #241, #361, #4584, #963 ) ) ;
#4090 = FACE_OUTER_BOUND ( 'NONE', #3, .T. ) ;
#4091 = CARTESIAN_POINT ( 'NONE',  ( -9.498439914528713501, 11.74100759456776011, 5.009260080817526273 ) ) ;
#4092 = CARTESIAN_POINT ( 'NONE',  ( -9.148342974731615840, 3.677171207846775758, -2.067329476611155847 ) ) ;
#4093 = CARTESIAN_POINT ( 'NONE',  ( -4.000000000000000000, 0.5000000000000004441, 4.599999999999999645 ) ) ;
#4094 = CARTESIAN_POINT ( 'NONE',  ( -13.00000000000000178, 9.000000000000000000, 0.0000000000000000000 ) ) ;
#4095 = CARTESIAN_POINT ( 'NONE',  ( -7.103968706250773479, 11.74888893240997589, -5.005241974832273399 ) ) ;
#4096 = CARTESIAN_POINT ( 'NONE',  ( -12.83606415159072967, 4.963115504871502992, -4.037551613263733685 ) ) ;
#4097 = FACE_OUTER_BOUND ( 'NONE', #5577, .T. ) ;
#4098 = AXIS2_PLACEMENT_3D ( 'NONE', #5540, #5493, #2906 ) ;
#4099 = ADVANCED_FACE ( 'NONE', ( #2833 ), #4030, .T. ) ;
#4100 = ORIENTED_EDGE ( 'NONE', *, *, #1658, .T. ) ;
#4101 = CARTESIAN_POINT ( 'NONE',  ( -11.01875189653952880, 3.381013468034773428, -2.327373266935496954 ) ) ;
#4102 = CARTESIAN_POINT ( 'NONE',  ( -8.251337623984779768, 3.643846150329240530, -1.955461449014724185 ) ) ;
#4103 = AXIS2_PLACEMENT_3D ( 'NONE', #7937, #2373, #1192 ) ;
#4104 = DIRECTION ( 'NONE',  ( -1.000000000000000000, 0.0000000000000000000, 0.0000000000000000000 ) ) ;
#4105 = CARTESIAN_POINT ( 'NONE',  ( -6.697949679221811614, 3.626635648079935326, 1.932680595184005812 ) ) ;
#4106 = CARTESIAN_POINT ( 'NONE',  ( -10.09305032083740450, 6.353772414594814677, -5.059428345118040404 ) ) ;
#4107 = CARTESIAN_POINT ( 'NONE',  ( -13.00000000000000178, 9.000000000000000000, 0.0000000000000000000 ) ) ;
#4108 = DIRECTION ( 'NONE',  ( 0.0000000000000000000, 0.0000000000000000000, 1.000000000000000000 ) ) ;
#4109 = CARTESIAN_POINT ( 'NONE',  ( -20.67653210818975040, 4.104457532310402890, 0.2357035179772105082 ) ) ;
#4110 = AXIS2_PLACEMENT_3D ( 'NONE', #7473, #6243, #7513 ) ;
#4111 = DIRECTION ( 'NONE',  ( 1.000000000000000000, 0.0000000000000000000, 0.0000000000000000000 ) ) ;
#4112 = VERTEX_POINT ( 'NONE', #1619 ) ;
#4113 = CYLINDRICAL_SURFACE ( 'NONE', #2551, 0.5000000000000000000 ) ;
#4114 = CARTESIAN_POINT ( 'NONE',  ( -7.717249406330860317, 12.36591599724323842, 4.612332589893705759 ) ) ;
#4115 = AXIS2_PLACEMENT_3D ( 'NONE', #5735, #874, #2768 ) ;
#4116 = CARTESIAN_POINT ( 'NONE',  ( -10.79302506046770560, 11.18000146300457764, -5.190578362595323014 ) ) ;
#4117 =( NAMED_UNIT ( * ) SI_UNIT ( $, .STERADIAN. ) SOLID_ANGLE_UNIT ( ) );
#4118 = CARTESIAN_POINT ( 'NONE',  ( -7.917781319552561925, 13.83473174685656382, 3.037111467264531850 ) ) ;
#4119 = CARTESIAN_POINT ( 'NONE',  ( -7.641935860900213484, 6.781567249219095039, 5.174556765053650587 ) ) ;
#4121 = CARTESIAN_POINT ( 'NONE',  ( -12.25963037843288639, 8.418169146922217294, 5.680401353977086565 ) ) ;
#4120 = CARTESIAN_POINT ( 'NONE',  ( -11.17500189653953058, 14.99999999947407936, -7.944206262056783218E-05 ) ) ;
#4122 = VERTEX_POINT ( 'NONE', #7141 ) ;
#4123 = DIRECTION ( 'NONE',  ( 1.000000000000000000, 0.0000000000000000000, 0.0000000000000000000 ) ) ;
#4124 = CLOSED_SHELL ( 'NONE', ( #217, #3037, #2053, #918 ) ) ;
#4125 = EDGE_LOOP ( 'NONE', ( #552, #6950, #7936, #1240 ) ) ;
#4126 = CARTESIAN_POINT ( 'NONE',  ( -7.912501896539530399, 4.757303139231405353, -4.242584512726213397 ) ) ;
#4127 = CARTESIAN_POINT ( 'NONE',  ( -10.20667777968328416, 3.545471881876109510, -1.661473334569186333 ) ) ;
#4128 = TOROIDAL_SURFACE ( 'NONE', #4261, 7.100000000000000533, 0.1000000000000000056 ) ;
#4129 = CIRCLE ( 'NONE', #623, 4.699999999999999289 ) ;
#4131 = CARTESIAN_POINT ( 'NONE',  ( -12.58125189653952880, 3.000032906505680774, 2.485360816083349800 ) ) ;
#4130 = DIRECTION ( 'NONE',  ( 1.000000000000000000, -0.0000000000000000000, -0.0000000000000000000 ) ) ;
#4132 = ORIENTED_EDGE ( 'NONE', *, *, #6409, .T. ) ;
#4133 = STYLED_ITEM ( 'NONE', ( #310 ), #7655 ) ;
#4134 = CARTESIAN_POINT ( 'NONE',  ( -9.347312951479754162, 4.064554506700448933, 2.708964568372981052 ) ) ;
#4135 =( BOUNDED_CURVE ( )  B_SPLINE_CURVE ( 2, ( #7713, #5758, #6406, #7627, #208, #7666, #7099, #854, #4028, #3448, #3943 ),
 .UNSPECIFIED., .F., .T. ) 
 B_SPLINE_CURVE_WITH_KNOTS ( ( 3, 2, 2, 2, 2, 3 ),
 ( 0.6111113513794449448, 0.6250000000000000000, 0.6388888888888888395, 0.6527777777777777901, 0.6666666666666666297, 0.6666669069350004140 ),
 .UNSPECIFIED. ) 
 CURVE ( )  GEOMETRIC_REPRESENTATION_ITEM ( )  RATIONAL_B_SPLINE_CURVE ( ( 0.9999973663809044178, 0.9238808493436148073, 1.000000000000000000, 0.9238795325112867385, 1.000000000000000000, 0.9238795325112867385, 1.000000000000000000, 0.9238795325112867385, 1.000000000000000000, 0.9999986831676719312, 0.9999973663809044178 ) ) 
 REPRESENTATION_ITEM ( '' )  );
#4136 = EDGE_CURVE ( 'NONE', #6252, #1788, #5216, .T. ) ;
#4137 = CARTESIAN_POINT ( 'NONE',  ( -6.624536404887516383, 3.382950026622586037, -0.9792545567830547304 ) ) ;
#4138 = CARTESIAN_POINT ( 'NONE',  ( -7.193017864088540492, 8.311905391049524638, -5.668597736728863801 ) ) ;
#4139 = CARTESIAN_POINT ( 'NONE',  ( -12.38766157789501321, 13.07815329501962687, 3.995949531801944676 ) ) ;
#4140 = CARTESIAN_POINT ( 'NONE',  ( -24.00000000000000000, 9.000000000000000000, 0.0000000000000000000 ) ) ;
#4141 = CARTESIAN_POINT ( 'NONE',  ( -12.67567360591351644, 7.972288570559995513, -5.535468011864300486 ) ) ;
#4142 = CARTESIAN_POINT ( 'NONE',  ( -10.90625189653953164, 6.672477939253883328, -5.618924899550870933 ) ) ;
#4143 = CARTESIAN_POINT ( 'NONE',  ( -11.66826482193790504, 9.337952953736790462, -5.699875982212873282 ) ) ;
#4144 = CARTESIAN_POINT ( 'NONE',  ( -8.679204371348443914, 9.234554183920469228, 5.705531190977838563 ) ) ;
#4145 = EDGE_CURVE ( 'NONE', #6865, #7517, #1578, .T. ) ;
#4146 = EDGE_CURVE ( 'NONE', #1793, #7038, #5559, .T. ) ;
#4147 = DIRECTION ( 'NONE',  ( 0.0000000000000000000, -0.0000000000000000000, -1.000000000000000000 ) ) ;
#4148 = CARTESIAN_POINT ( 'NONE',  ( -6.651900229410972365, 4.152264955069662200, 2.862440514803202607 ) ) ;
#4149 = CARTESIAN_POINT ( 'NONE',  ( -10.39417254086242437, 6.009286797530293711, 4.863662643562887133 ) ) ;
#4150 = DIRECTION ( 'NONE',  ( 0.0000000000000000000, -1.000000000000000000, 0.0000000000000000000 ) ) ;
#4151 = CARTESIAN_POINT ( 'NONE',  ( 4.899999999999998579, 15.00000000000000000, 4.899999999999997691 ) ) ;
#4152 = CARTESIAN_POINT ( 'NONE',  ( -5.000000000000001776, 15.09999999999999964, 3.224903099319424538 ) ) ;
#4153 = CARTESIAN_POINT ( 'NONE',  ( -12.88750189653952916, 13.24258451272621073, -4.242696860768593758 ) ) ;
#4154 = ORIENTED_EDGE ( 'NONE', *, *, #1598, .T. ) ;
#4155 = DIRECTION ( 'NONE',  ( 0.0000000000000000000, 0.0000000000000000000, -1.000000000000000000 ) ) ;
#4156 = CARTESIAN_POINT ( 'NONE',  ( -7.002245920168952864, 14.35093577562117062, -1.993089788213383784 ) ) ;
#4157 = ADVANCED_FACE ( 'NONE', ( #6453 ), #2221, .F. ) ;
#4158 = CARTESIAN_POINT ( 'NONE',  ( -10.84687552350250250, 9.133143607417110843, -5.628273734578319143 ) ) ;
#4159 = CARTESIAN_POINT ( 'NONE',  ( -4.900000014779831936, 13.69805550014161177, -5.000000000000000000 ) ) ;
#4160 = CARTESIAN_POINT ( 'NONE',  ( -7.832156119346858958, 11.26440479649949822, 5.241439471679849582 ) ) ;
#4161 = CARTESIAN_POINT ( 'NONE',  ( -7.996240340702157390, 12.01000075859217375, -4.852542306312780163 ) ) ;
#4163 = CARTESIAN_POINT ( 'NONE',  ( -12.40128965103829906, 13.45512568356098626, 3.571916129651227845 ) ) ;
#4162 = CARTESIAN_POINT ( 'NONE',  ( -6.956251896539532353, 6.514639183916651533, -5.999967093494321446 ) ) ;
#4164 = CARTESIAN_POINT ( 'NONE',  ( -20.19999999999999929, 9.000000000000000000, 2.050000000000000266 ) ) ;
#4165 = ORIENTED_EDGE ( 'NONE', *, *, #4905, .T. ) ;
#4166 = CARTESIAN_POINT ( 'NONE',  ( -10.21122359723900530, 3.496471704934964730, -1.490983029400340554 ) ) ;
#4167 = CARTESIAN_POINT ( 'NONE',  ( -11.64939273656924712, 12.62095448273800713, -4.310793196306766717 ) ) ;
#4168 = DIRECTION ( 'NONE',  ( 0.0000000000000000000, 1.000000000000000000, 0.0000000000000000000 ) ) ;
#4169 = ORIENTED_EDGE ( 'NONE', *, *, #2297, .T. ) ;
#4170 = DIRECTION ( 'NONE',  ( 0.0000000000000000000, -1.000000000000000000, 0.0000000000000000000 ) ) ;
#4171 = CARTESIAN_POINT ( 'NONE',  ( -9.402510997141881433, 3.689070622839877522, 2.098243720389338929 ) ) ;
#4172 = ORIENTED_EDGE ( 'NONE', *, *, #263, .F. ) ;
#4173 = CARTESIAN_POINT ( 'NONE',  ( -11.47151021931716564, 14.24088508221383798, 2.056634293514486345 ) ) ;
#4174 = DIRECTION ( 'NONE',  ( 0.0000000000000000000, 0.0000000000000000000, -1.000000000000000000 ) ) ;
#4175 = FACE_OUTER_BOUND ( 'NONE', #4546, .T. ) ;
#4176 = CARTESIAN_POINT ( 'NONE',  ( -9.881251896539529511, 3.000032906505680774, 2.485360816083349800 ) ) ;
#4177 = CARTESIAN_POINT ( 'NONE',  ( -12.77394668483444207, 4.700716189608321827, -3.634643432630936477 ) ) ;
#4178 = EDGE_LOOP ( 'NONE', ( #7806, #4821, #7482, #7277 ) ) ;
#4179 = CARTESIAN_POINT ( 'NONE',  ( -11.07753409863509653, 4.069521683722859606, 2.880187765364772279 ) ) ;
#4180 = CARTESIAN_POINT ( 'NONE',  ( -8.733234103321256825, 11.30300024991292318, 5.225396978368788581 ) ) ;
#4181 = CARTESIAN_POINT ( 'NONE',  ( -11.20000189653952916, 8.999920557937377552, -5.999999999474079360 ) ) ;
#4182 = CARTESIAN_POINT ( 'NONE',  ( -4.974999505881705808, 14.96870975682958260, 3.726662807339872874 ) ) ;
#4183 = CARTESIAN_POINT ( 'NONE',  ( -6.434674401844564962, 3.891778569630875761, -2.552079747913434726 ) ) ;
#4184 = CARTESIAN_POINT ( 'NONE',  ( -11.28269024079632388, 5.632326675899116175, 4.610461266057221508 ) ) ;
#4185 = CARTESIAN_POINT ( 'NONE',  ( -13.00000000000000178, 3.247360820530131864, 0.1766144581882214404 ) ) ;
#4186 = CARTESIAN_POINT ( 'NONE',  ( -8.700000997523412494, 8.999960278968686112, -5.999999999999998224 ) ) ;
#4187 = CARTESIAN_POINT ( 'NONE',  ( -20.70006536375752049, 4.099987994413645254, 0.1183816004973706482 ) ) ;
#4188 = CARTESIAN_POINT ( 'NONE',  ( -11.98750189653952880, 13.24258451272621073, -4.242696860768593758 ) ) ;
#4189 = ADVANCED_FACE ( 'NONE', ( #2105 ), #5956, .F. ) ;
#4190 = EDGE_LOOP ( 'NONE', ( #3500, #2448, #4169, #4346, #1313, #1620 ) ) ;
#4191 = VECTOR ( 'NONE', #2474, 1000.000000000000000 ) ;
#4192 = CARTESIAN_POINT ( 'NONE',  ( -5.000000000000001776, 4.352419984550747856, 5.099999999999999645 ) ) ;
#4193 = CARTESIAN_POINT ( 'NONE',  ( -6.763886967262410010, 10.49833974676564985, 5.510069001788278520 ) ) ;
#4194 = CARTESIAN_POINT ( 'NONE',  ( -10.89546973607428981, 7.235183725475407002, -5.337507005763535872 ) ) ;
#4195 = DIRECTION ( 'NONE',  ( 0.0000000000000000000, -0.0000000000000000000, -1.000000000000000000 ) ) ;
#4196 = CARTESIAN_POINT ( 'NONE',  ( -7.763429036569053920, 8.572145004433211923, 5.693600253447283599 ) ) ;
#4197 = CARTESIAN_POINT ( 'NONE',  ( -13.00000000000000178, 9.000000000000000000, 6.000000000000000000 ) ) ;
#4198 = PRESENTATION_LAYER_ASSIGNMENT (  '', '', ( #3677 ) ) ;
#4200 = CARTESIAN_POINT ( 'NONE',  ( -12.37570447288501896, 12.71671216367594148, 4.335026264858700351 ) ) ;
#4199 = CARTESIAN_POINT ( 'NONE',  ( -7.012501896539530932, 4.757303139231405353, -4.242584512726213397 ) ) ;
#4201 = ORIENTED_EDGE ( 'NONE', *, *, #6556, .T. ) ;
#4202 = ORIENTED_EDGE ( 'NONE', *, *, #5402, .T. ) ;
#4203 = CARTESIAN_POINT ( 'NONE',  ( -10.12386609883829180, 3.734520809075674741, -1.969342780444946595 ) ) ;
#4204 = LINE ( 'NONE', #6665, #7172 ) ;
#4205 = CARTESIAN_POINT ( 'NONE',  ( -11.67947260798298004, 13.83770391361832708, -3.033780078111150136 ) ) ;
#4206 = CIRCLE ( 'NONE', #1474, 0.1000000000000002554 ) ;
#4207 = CARTESIAN_POINT ( 'NONE',  ( -10.33125189653953235, 14.99996709349432145, -2.485360816083348023 ) ) ;
#4208 = VERTEX_POINT ( 'NONE', #5135 ) ;
#4209 = CARTESIAN_POINT ( 'NONE',  ( 3.999999999999996447, -3.999999999999999112, -4.599999999999997868 ) ) ;
#4210 = CARTESIAN_POINT ( 'NONE',  ( -9.313840518538020419, 3.462843355116688837, -1.395083741173750447 ) ) ;
#4211 = AXIS2_PLACEMENT_3D ( 'NONE', #6404, #738, #852 ) ;
#4212 = VERTEX_POINT ( 'NONE', #7630 ) ;
#4213 = CARTESIAN_POINT ( 'NONE',  ( -11.40920669865699821, 12.88059884639142894, 4.078621995427564428 ) ) ;
#4214 = CARTESIAN_POINT ( 'NONE',  ( -6.468363390680250014, 7.236223114825156344, -5.430256579113487803 ) ) ;
#4215 = CARTESIAN_POINT ( 'NONE',  ( -10.10625189653953093, 11.48536081608334491, 5.999967093494319670 ) ) ;
#4216 = CARTESIAN_POINT ( 'NONE',  ( -11.91875189653952916, 3.381013468034773428, -2.327373266935496954 ) ) ;
#4217 = CARTESIAN_POINT ( 'NONE',  ( -12.97584108591383867, 4.703051444468188791, 3.624891443245944256 ) ) ;
#4218 = ORIENTED_EDGE ( 'NONE', *, *, #6708, .T. ) ;
#4219 = CARTESIAN_POINT ( 'NONE',  ( -10.11875189653953200, 3.381013468034773428, -2.327373266935496954 ) ) ;
#4220 = CARTESIAN_POINT ( 'NONE',  ( -11.69373031689533882, 8.283558467206532328, -5.664839393100689513 ) ) ;
#4221 = CARTESIAN_POINT ( 'NONE',  ( -8.623232162660089628, 9.933557382867643781, 5.552042764311974743 ) ) ;
#4222 = CARTESIAN_POINT ( 'NONE',  ( -11.36875189653953022, 2.999967094546160951, -2.485201931958109345 ) ) ;
#4223 = CIRCLE ( 'NONE', #3573, 0.1000000000000002554 ) ;
#4224 = CARTESIAN_POINT ( 'NONE',  ( -5.000000000000002665, 15.08601060728993026, 3.285221608262478554 ) ) ;
#4225 = CARTESIAN_POINT ( 'NONE',  ( -6.537394987995683415, 4.923255836444130118, -3.998220385347125205 ) ) ;
#4226 = CARTESIAN_POINT ( 'NONE',  ( -10.60974659534984355, 13.65832640296162914, 3.301208852081861878 ) ) ;
#4227 = CARTESIAN_POINT ( 'NONE',  ( -9.037501896539529511, 4.757415487273786603, 4.242696860768593758 ) ) ;
#4228 = CARTESIAN_POINT ( 'NONE',  ( -4.900000000000001243, 15.00000000000000000, 3.224903099319424538 ) ) ;
#4229 = CARTESIAN_POINT ( 'NONE',  ( -13.73125189653952916, 14.99996709349432145, -2.485360816083347135 ) ) ;
#4230 = EDGE_LOOP ( 'NONE', ( #2890, #5846, #3968, #7122 ) ) ;
#4231 = SPHERICAL_SURFACE ( 'NONE', #7163, 0.1000000000000000056 ) ;
#4232 = CARTESIAN_POINT ( 'NONE',  ( -7.170199766057190338, 9.254925533789075232, -5.704234918599379256 ) ) ;
#4233 = CARTESIAN_POINT ( 'NONE',  ( -10.91978759514685393, 4.185617307729986969, -3.055172061684285900 ) ) ;
#4234 = DIRECTION ( 'NONE',  ( 1.000000000000000000, 0.0000000000000000000, -0.0000000000000000000 ) ) ;
#4235 = EDGE_CURVE ( 'NONE', #7455, #2969, #2063, .T. ) ;
#4236 = CARTESIAN_POINT ( 'NONE',  ( -8.298274629248115986, 6.175040432842317628, -4.961579465936064359 ) ) ;
#4237 = CARTESIAN_POINT ( 'NONE',  ( -8.009707538675398197, 14.69179469423384177, -0.4597833105178465440 ) ) ;
#4239 = CARTESIAN_POINT ( 'NONE',  ( -12.40030084889736095, 14.53437672034498007, 0.9869388583206504251 ) ) ;
#4238 = CARTESIAN_POINT ( 'NONE',  ( -7.350001896539530399, 9.000079442062618895, 5.999999999474079360 ) ) ;
#4240 = ORIENTED_EDGE ( 'NONE', *, *, #5562, .F. ) ;
#4241 = AXIS2_PLACEMENT_3D ( 'NONE', #74, #676, #2496 ) ;
#4242 = CARTESIAN_POINT ( 'NONE',  ( -8.103318733983339683, 7.906064941110674482, -5.604593572199195961 ) ) ;
#4243 = CARTESIAN_POINT ( 'NONE',  ( -9.048773182669558324, 6.247692754670371329, -5.002775711452317253 ) ) ;
#4244 = CARTESIAN_POINT ( 'NONE',  ( -10.19749990256447703, 3.660008311391018676, -1.999215591422040639 ) ) ;
#4245 = SURFACE_STYLE_FILL_AREA ( #2930 ) ;
#4246 = ADVANCED_FACE ( 'NONE', ( #3947 ), #3079, .F. ) ;
#4247 = CIRCLE ( 'NONE', #4746, 7.000000000000000000 ) ;
#4248 = CARTESIAN_POINT ( 'NONE',  ( -11.55878187933250523, 13.17836790565246119, -3.879884329616331673 ) ) ;
#4249 = DIRECTION ( 'NONE',  ( -1.000000000000000000, 0.0000000000000000000, 0.0000000000000000000 ) ) ;
#4250 = ORIENTED_EDGE ( 'NONE', *, *, #4146, .F. ) ;
#4251 = CARTESIAN_POINT ( 'NONE',  ( -20.50000000000000000, 9.000000000000000000, 0.0000000000000000000 ) ) ;
#4252 = CIRCLE ( 'NONE', #6959, 7.100000000000000533 ) ;
#4253 = CARTESIAN_POINT ( 'NONE',  ( -9.379843560962848770, 3.437095413710923530, 1.251364151052702711 ) ) ;
#4254 = CLOSED_SHELL ( 'NONE', ( #5667, #6360, #7707, #4574, #4565, #4914, #3337, #6216, #4088, #4728, #6350, #2330, #6969, #3285, #1161, #2341, #467, #2683, #2587, #7005, #3196, #3388, #6912, #5187, #2502, #3597, #4587, #3148, #7047, #2437, #2547, #713, #2492, #1841, #6206, #4189, #7772, #3803, #5197, #4246, #7206, #7248, #3545, #6816, #406, #4522, #1054, #7408, #2628, #5904, #171, #5564, #6624, #2949, #6646, #2450, #2993, #2672, #8013, #5571, #7450, #461, #1843, #2034, #6805, #7761, #4807, #1852, #2090, #268, #4099, #4958, #1309, #7645, #2634, #5098, #3231, #5501, #5316, #1988, #2247, #2798 ) ) ;
#4255 = EDGE_CURVE ( 'NONE', #3741, #4031, #4962, .T. ) ;
#4256 = CARTESIAN_POINT ( 'NONE',  ( 4.899999999999997691, 14.90000000000000036, -4.900000000000000355 ) ) ;
#4257 = DIRECTION ( 'NONE',  ( 0.0000000000000000000, -1.000000000000000000, 0.0000000000000000000 ) ) ;
#4258 = CARTESIAN_POINT ( 'NONE',  ( -9.825001896539529156, 3.000000000525919752, 7.944206261983304126E-05 ) ) ;
#4259 = CARTESIAN_POINT ( 'NONE',  ( -13.43750189653952987, 12.97314908324318061, -3.973254296355671400 ) ) ;
#4260 = CARTESIAN_POINT ( 'NONE',  ( -12.92357005015674787, 5.260867186599149647, 4.315631147904452014 ) ) ;
#4261 = AXIS2_PLACEMENT_3D ( 'NONE', #3342, #2841, #5851 ) ;
#4262 = AXIS2_PLACEMENT_3D ( 'NONE', #2333, #7861, #6063 ) ;
#4263 = CARTESIAN_POINT ( 'NONE',  ( -11.16509946550554311, 6.638179460631614681, 5.198569187923968826 ) ) ;
#4264 = CARTESIAN_POINT ( 'NONE',  ( -8.730413038807288473, 13.46118846621815912, 3.434148124744372144 ) ) ;
#4265 = DIRECTION ( 'NONE',  ( 0.0000000000000000000, 0.0000000000000000000, -1.000000000000000000 ) ) ;
#4266 = CARTESIAN_POINT ( 'NONE',  ( -6.476745984821989488, 4.637102566284568184, -3.545166485080267993 ) ) ;
#4267 = CARTESIAN_POINT ( 'NONE',  ( -10.67996943158060041, 14.65761639212646905, 0.7680256985873529230 ) ) ;
#4268 = DIRECTION ( 'NONE',  ( 0.0000000000000000000, 0.0000000000000000000, 1.000000000000000000 ) ) ;
#4269 = DIRECTION ( 'NONE',  ( 0.0000000000000000000, 1.000000000000000000, 0.0000000000000000000 ) ) ;
#4270 = VERTEX_POINT ( 'NONE', #1472 ) ;
#4271 = CARTESIAN_POINT ( 'NONE',  ( -4.000000000000000000, -3.999999999999999112, 4.000000000000000000 ) ) ;
#4272 = CARTESIAN_POINT ( 'NONE',  ( -7.276246085266833141, 5.348632723417079404, -4.390063260366557252 ) ) ;
#4273 = B_SPLINE_CURVE_WITH_KNOTS ( 'NONE', 3,
 ( #6497, #1548, #379, #6987 ),
 .UNSPECIFIED., .F., .F.,
 ( 4, 4 ),
 ( 0.0000000000000000000, 0.9289476300486640969 ),
 .UNSPECIFIED. ) ;
#4274 = CARTESIAN_POINT ( 'NONE',  ( -10.97994840889601775, 4.557907611327003394, -3.445463382185341317 ) ) ;
#4275 = CARTESIAN_POINT ( 'NONE',  ( -5.012006746756568099, 14.04169858538950066, -4.856180125371004408 ) ) ;
#4276 = CARTESIAN_POINT ( 'NONE',  ( -8.893630237614033263, 14.70559411777469272, 0.2145085942222710873 ) ) ;
#4277 = CARTESIAN_POINT ( 'NONE',  ( -7.981145780847088922, 14.20275567807388128, -2.150741911423689867 ) ) ;
#4278 = CARTESIAN_POINT ( 'NONE',  ( -6.787501896539530399, 13.24258451272621073, -4.242696860768593758 ) ) ;
#4280 = CARTESIAN_POINT ( 'NONE',  ( -12.29937464158771299, 14.33713897378997082, 2.029960989907694024 ) ) ;
#4279 = CARTESIAN_POINT ( 'NONE',  ( -13.61875189653953022, 15.00003290545384260, 2.485201931958106236 ) ) ;
#4281 = ORIENTED_EDGE ( 'NONE', *, *, #5861, .T. ) ;
#4282 = DIRECTION ( 'NONE',  ( 0.0000000000000000000, -1.000000000000000000, 0.0000000000000000000 ) ) ;
#4283 = CARTESIAN_POINT ( 'NONE',  ( -9.330008437444737623, 5.462203224708450655, 4.481984161418020030 ) ) ;
#4284 = CARTESIAN_POINT ( 'NONE',  ( -10.26414938664283838, 6.604565608386577580, 5.183457876564721012 ) ) ;
#4285 = ORIENTED_EDGE ( 'NONE', *, *, #4398, .F. ) ;
#4286 = DIRECTION ( 'NONE',  ( 0.0000000000000000000, 0.0000000000000000000, 1.000000000000000000 ) ) ;
#4287 = CARTESIAN_POINT ( 'NONE',  ( -7.447523603302900419, 4.649990501582592195, -3.686401533408926845 ) ) ;
#4288 = CARTESIAN_POINT ( 'NONE',  ( -11.65733655195699647, 9.779196988521015044, -5.656950208118982637 ) ) ;
#4289 = CARTESIAN_POINT ( 'NONE',  ( -13.00000000000000533, 13.79754292294007278, 3.401033360753227708 ) ) ;
#4290 = VERTEX_POINT ( 'NONE', #3961 ) ;
#4291 = DIRECTION ( 'NONE',  ( -1.000000000000000000, 0.0000000000000000000, 0.0000000000000000000 ) ) ;
#4292 = CARTESIAN_POINT ( 'NONE',  ( -9.469310018343572111, 10.69823771568181314, 5.443189916474905132 ) ) ;
#4293 = DIRECTION ( 'NONE',  ( 1.000000000000000000, 0.0000000000000000000, 0.0000000000000000000 ) ) ;
#4294 = CARTESIAN_POINT ( 'NONE',  ( -10.89375084327952159, 6.514765161716677966, 5.999999999999998224 ) ) ;
#4295 = CARTESIAN_POINT ( 'NONE',  ( -9.937501896539531643, 4.757415487273786603, 4.242696860768593758 ) ) ;
#4296 = CARTESIAN_POINT ( 'NONE',  ( -13.71875189653952987, 3.381013468034773428, -2.327373266935496954 ) ) ;
#4297 = CARTESIAN_POINT ( 'NONE',  ( -12.87088093185077042, 3.943669529354869141, 2.653115801032486676 ) ) ;
#4298 = ORIENTED_EDGE ( 'NONE', *, *, #5055, .F. ) ;
#4299 = CARTESIAN_POINT ( 'NONE',  ( -6.968751896539530755, 14.61898653196522524, 2.327373266935493845 ) ) ;
#4300 = EDGE_CURVE ( 'NONE', #4440, #1602, #6795, .T. ) ;
#4301 = CARTESIAN_POINT ( 'NONE',  ( -10.42491219366127453, 12.60963583621624373, 4.424442990297420941 ) ) ;
#4302 = DIRECTION ( 'NONE',  ( -1.000000000000000000, 0.0000000000000000000, 0.0000000000000000000 ) ) ;
#4303 = CARTESIAN_POINT ( 'NONE',  ( -6.758829278978544686, 7.389451527292906441, 5.394520042810683869 ) ) ;
#4304 = CARTESIAN_POINT ( 'NONE',  ( -10.70498399512868737, 14.70336714533169875, -0.2629877338277583632 ) ) ;
#4305 = DIRECTION ( 'NONE',  ( 1.000000000000000000, -0.0000000000000000000, -0.0000000000000000000 ) ) ;
#4306 = LINE ( 'NONE', #10, #5923 ) ;
#4307 = CARTESIAN_POINT ( 'NONE',  ( -11.36875189653953022, 2.999967094546162283, -2.485201931958109345 ) ) ;
#4308 = CARTESIAN_POINT ( 'NONE',  ( -12.79685023867221361, 3.293305349143360150, -0.1907901742635121634 ) ) ;
#4309 = CARTESIAN_POINT ( 'NONE',  ( -6.869581589696887924, 13.81756429839276024, 3.065132273359123083 ) ) ;
#4310 = CARTESIAN_POINT ( 'NONE',  ( -10.84020512469292008, 6.547336378612056862, -5.147451420567549896 ) ) ;
#4311 = CARTESIAN_POINT ( 'NONE',  ( -7.375001896539529866, 14.99999999947407936, -7.944206262056783218E-05 ) ) ;
#4312 = CARTESIAN_POINT ( 'NONE',  ( -8.772912146417240820, 12.62951947800933006, 4.407477947531772244 ) ) ;
#4313 = CARTESIAN_POINT ( 'NONE',  ( -7.846884378950785610, 13.81616930831795820, 2.899652028754809319 ) ) ;
#4314 = CARTESIAN_POINT ( 'NONE',  ( -7.687501896539530755, 13.24258451272621073, -4.242696860768593758 ) ) ;
#4315 = EDGE_LOOP ( 'NONE', ( #12, #4817, #2431, #7681 ) ) ;
#4316 = CARTESIAN_POINT ( 'NONE',  ( -6.366965527652062917, 10.94660198981494936, -5.348457448597931929 ) ) ;
#4317 = CARTESIAN_POINT ( 'NONE',  ( -9.312972376152679033, 4.942242214656776156, 4.005758989668152026 ) ) ;
#4318 = CARTESIAN_POINT ( 'NONE',  ( -10.25937815962447353, 3.307352115328485720, 0.4463155829048829348 ) ) ;
#4319 =( BOUNDED_CURVE ( )  B_SPLINE_CURVE ( 2, ( #7512, #2625, #6820, #1259, #3244, #7586, #165, #697, #4425, #6976, #809 ),
 .UNSPECIFIED., .F., .T. ) 
 B_SPLINE_CURVE_WITH_KNOTS ( ( 3, 2, 2, 2, 2, 3 ),
 ( 0.1111113513794448893, 0.1250000000000000000, 0.1388888888888888951, 0.1527777777777777901, 0.1666666666666666574, 0.1666669069350004417 ),
 .UNSPECIFIED. ) 
 CURVE ( )  GEOMETRIC_REPRESENTATION_ITEM ( )  RATIONAL_B_SPLINE_CURVE ( ( 0.9999973663809044178, 0.9238808493436148073, 1.000000000000000000, 0.9238795325112867385, 1.000000000000000000, 0.9238795325112867385, 1.000000000000000000, 0.9238795325112867385, 1.000000000000000000, 0.9999986831676719312, 0.9999973663809044178 ) ) 
 REPRESENTATION_ITEM ( '' )  );
#4320 = AXIS2_PLACEMENT_3D ( 'NONE', #6893, #1902, #2594 ) ;
#4321 = VERTEX_POINT ( 'NONE', #7774 ) ;
#4322 = FILL_AREA_STYLE_COLOUR ( '', #6517 ) ;
#4323 = CARTESIAN_POINT ( 'NONE',  ( -7.365246471392303818, 4.944872603379720566, -3.893499780454881876 ) ) ;
#4325 = CARTESIAN_POINT ( 'NONE',  ( -11.47750630781888681, 14.61051064926741283, -1.062287025896752501 ) ) ;
#4324 = CARTESIAN_POINT ( 'NONE',  ( -5.000000000000001776, 15.09999999999999964, 0.0000000000000000000 ) ) ;
#4326 = CARTESIAN_POINT ( 'NONE',  ( -24.00000000000000000, 9.000000000000000000, 0.0000000000000000000 ) ) ;
#4327 = STYLED_ITEM ( 'NONE', ( #5521 ), #2287 ) ;
#4328 = CYLINDRICAL_SURFACE ( 'NONE', #5805, 0.9000000000000003553 ) ;
#4329 = CARTESIAN_POINT ( 'NONE',  ( -9.496657907634261875, 11.67996682350813664, 5.042435714960285864 ) ) ;
#4330 = CARTESIAN_POINT ( 'NONE',  ( -6.770170049514794286, 5.237722790436276199, 4.294757772064230039 ) ) ;
#4331 = CARTESIAN_POINT ( 'NONE',  ( -5.976055747516456407, 10.05792218946474925, -5.999999999607091183 ) ) ;
#4332 = VECTOR ( 'NONE', #4739, 1000.000000000000000 ) ;
#4333 = EDGE_CURVE ( 'NONE', #1275, #7762, #4592, .T. ) ;
#4334 = CARTESIAN_POINT ( 'NONE',  ( -8.362501896539530577, 13.24269686076859287, 4.242584512726212509 ) ) ;
#4335 = CARTESIAN_POINT ( 'NONE',  ( -13.66250189653953129, 5.026745703644327712, -3.973149083243182833 ) ) ;
#4336 = CARTESIAN_POINT ( 'NONE',  ( -12.80773552244138536, 3.304342206759019795, 0.2677105453696541626 ) ) ;
#4337 = VERTEX_POINT ( 'NONE', #7074 ) ;
#4338 = CIRCLE ( 'NONE', #5879, 0.1000000000000000472 ) ;
#4339 = CARTESIAN_POINT ( 'NONE',  ( -10.71521871060237530, 11.35767938658409903, -5.200653751212766629 ) ) ;
#4340 = CARTESIAN_POINT ( 'NONE',  ( -11.76250189653952916, 13.24269686076859287, 4.242584512726212509 ) ) ;
#4341 = CARTESIAN_POINT ( 'NONE',  ( -6.662340081636008549, 6.544153935793234567, 5.145973639748410378 ) ) ;
#4342 = EDGE_CURVE ( 'NONE', #1307, #1663, #6466, .T. ) ;
#4343 = CARTESIAN_POINT ( 'NONE',  ( -11.32673225774871639, 7.152569458554416393, 5.402367179083863213 ) ) ;
#4344 = VECTOR ( 'NONE', #3866, 1000.000000000000000 ) ;
#4345 = CARTESIAN_POINT ( 'NONE',  ( -7.881251896539528623, 3.000032906505681662, 2.485360816083349356 ) ) ;
#4346 = ORIENTED_EDGE ( 'NONE', *, *, #3239, .T. ) ;
#4347 = CARTESIAN_POINT ( 'NONE',  ( -12.61997624598511969, 7.273975513060009668, -5.442758735829276162 ) ) ;
#4348 = DIRECTION ( 'NONE',  ( 0.0000000000000000000, 0.0000000000000000000, 1.000000000000000000 ) ) ;
#4349 = CARTESIAN_POINT ( 'NONE',  ( -11.05358310601284089, 4.495605580379848476, -3.496081441403342982 ) ) ;
#4350 = CARTESIAN_POINT ( 'NONE',  ( -5.900000000000001243, 9.000000000000000000, 0.0000000000000000000 ) ) ;
#4351 = CARTESIAN_POINT ( 'NONE',  ( -8.711569045383795284, 10.51008960935228131, 5.506162150020995405 ) ) ;
#4352 = CARTESIAN_POINT ( 'NONE',  ( -4.900000000000001243, 4.352419984550751408, -5.000000000000000000 ) ) ;
#4353 = DIRECTION ( 'NONE',  ( 1.000000000000000000, -0.0000000000000000000, -0.0000000000000000000 ) ) ;
#4355 = CARTESIAN_POINT ( 'NONE',  ( -12.44270689778958783, 13.60178830848332332, -3.380745790087760660 ) ) ;
#4354 = CARTESIAN_POINT ( 'NONE',  ( -10.52500189653952845, 3.000000000525919752, 7.944206261983304126E-05 ) ) ;
#4356 = PRESENTATION_LAYER_ASSIGNMENT (  '', '', ( #7973 ) ) ;
#4357 = ORIENTED_EDGE ( 'NONE', *, *, #865, .F. ) ;
#4358 = CARTESIAN_POINT ( 'NONE',  ( -8.863056493870658414, 13.05712948830727527, -4.017941028524450786 ) ) ;
#4359 = CARTESIAN_POINT ( 'NONE',  ( -10.43879941670611444, 7.603337302471524950, 5.536803872855766251 ) ) ;
#4360 = ORIENTED_EDGE ( 'NONE', *, *, #90, .F. ) ;
#4361 = CARTESIAN_POINT ( 'NONE',  ( -7.126753098262975428, 10.94029397063020426, -5.361630666549675794 ) ) ;
#4363 = CARTESIAN_POINT ( 'NONE',  ( -11.87707499717311066, 4.628841188696321218, -3.534974910985242857 ) ) ;
#4362 = CARTESIAN_POINT ( 'NONE',  ( -11.79375189653952916, 6.514798068041888435, 6.000032905453838161 ) ) ;
#4364 = CARTESIAN_POINT ( 'NONE',  ( -12.99999999999999822, 11.62781570091740235, 5.193805465702884483 ) ) ;
#4365 = ORIENTED_EDGE ( 'NONE', *, *, #4333, .T. ) ;
#4366 = CYLINDRICAL_SURFACE ( 'NONE', #4506, 1.000000000000000222 ) ;
#4367 = VECTOR ( 'NONE', #1389, 1000.000000000000000 ) ;
#4368 = CARTESIAN_POINT ( 'NONE',  ( -7.011577135576345654, 13.69991773914365396, 3.241621012866525486 ) ) ;
#4369 = CARTESIAN_POINT ( 'NONE',  ( -5.005039918526352771, 4.269707364618210654, -5.073866917425456258 ) ) ;
#4370 = CARTESIAN_POINT ( 'NONE',  ( -8.050000997523410362, 9.000039721031308559, 5.999999999999998224 ) ) ;
#4371 = CARTESIAN_POINT ( 'NONE',  ( -11.58125189653953413, 14.61892489955086916, -2.327522060746116672 ) ) ;
#4372 = CARTESIAN_POINT ( 'NONE',  ( -12.78185916231942976, 3.345886972754502864, -0.7980542742871282735 ) ) ;
#4373 = ORIENTED_EDGE ( 'NONE', *, *, #6766, .F. ) ;
#4374 = CARTESIAN_POINT ( 'NONE',  ( -6.518751896539531465, 3.381013468034773428, -2.327373266935496954 ) ) ;
#4375 = EDGE_CURVE ( 'NONE', #3560, #2808, #3695, .T. ) ;
#4376 = CARTESIAN_POINT ( 'NONE',  ( -10.82092680845657462, 7.241832090490912144, -5.424056514155500608 ) ) ;
#4377 = CARTESIAN_POINT ( 'NONE',  ( -9.001500286140595719, 13.31375390779694179, -3.741304033627681935 ) ) ;
#4378 = CARTESIAN_POINT ( 'NONE',  ( -4.899999994687997074, 13.69756021527139289, 4.999999999999998224 ) ) ;
#4379 = CARTESIAN_POINT ( 'NONE',  ( -9.600000098502368573, 8.999999999999998224, -5.999999999999998224 ) ) ;
#4380 = CARTESIAN_POINT ( 'NONE',  ( -6.676101487725666139, 7.032750256709087822, 5.360699518818508480 ) ) ;
#4381 = CARTESIAN_POINT ( 'NONE',  ( -12.12927168121714061, 4.158827735345385967, 3.026783788451753221 ) ) ;
#4382 = CIRCLE ( 'NONE', #1907, 0.09999999999999989453 ) ;
#4383 = CARTESIAN_POINT ( 'NONE',  ( 0.0000000000000000000, -3.999999999999999112, 0.0000000000000000000 ) ) ;
#4384 = AXIS2_PLACEMENT_3D ( 'NONE', #840, #4567, #1604 ) ;
#4385 = CARTESIAN_POINT ( 'NONE',  ( -8.668751896539529156, 2.999967094546162283, -2.485201931958109345 ) ) ;
#4386 = ADVANCED_FACE ( 'NONE', ( #4043 ), #5856, .T. ) ;
#4387 = EDGE_CURVE ( 'NONE', #6104, #7717, #2766, .T. ) ;
#4388 = AXIS2_PLACEMENT_3D ( 'NONE', #1678, #4170, #2246 ) ;
#4389 = CARTESIAN_POINT ( 'NONE',  ( -12.87644571185935760, 4.048346439987417611, 2.843284793629529350 ) ) ;
#4390 = CARTESIAN_POINT ( 'NONE',  ( -8.375757586402780674, 4.005814530806848239, -2.768437149947563292 ) ) ;
#4391 = CARTESIAN_POINT ( 'NONE',  ( -6.473926707909861022, 3.398613889374373809, -1.109082893412733917 ) ) ;
#4392 = CARTESIAN_POINT ( 'NONE',  ( -11.02239051032442063, 3.355239272133190731, 0.8617530310223783241 ) ) ;
#4393 = CARTESIAN_POINT ( 'NONE',  ( -8.357724861005305428, 4.388695733147120137, -3.366569757147879649 ) ) ;
#4394 = CARTESIAN_POINT ( 'NONE',  ( -4.988220604556577342, 4.315832707564872806, -4.999999872858118088 ) ) ;
#4395 = CARTESIAN_POINT ( 'NONE',  ( -12.56273484779005400, 14.14471917135582224, -2.458475144103688059 ) ) ;
#4396 = ORIENTED_EDGE ( 'NONE', *, *, #2538, .T. ) ;
#4397 = CARTESIAN_POINT ( 'NONE',  ( -4.954928434239897150, 13.94453315941098914, 4.984867962589680346 ) ) ;
#4398 = EDGE_CURVE ( 'NONE', #7199, #5642, #7799, .T. ) ;
#4399 = CARTESIAN_POINT ( 'NONE',  ( -8.677484516560273420, 13.97685216689141718, 2.799420767837910606 ) ) ;
#4400 = CARTESIAN_POINT ( 'NONE',  ( -10.34519119551964117, 4.530747293273645226, 3.540904154616397292 ) ) ;
#4401 = EDGE_LOOP ( 'NONE', ( #1630, #2846 ) ) ;
#4402 = FILL_AREA_STYLE ('',( #143 ) ) ;
#4403 = CARTESIAN_POINT ( 'NONE',  ( -7.488791990255765363, 4.307703280797097634, 3.253954944273828254 ) ) ;
#4405 = CARTESIAN_POINT ( 'NONE',  ( -11.81065886296114442, 6.690818845898732548, -5.134438610148267301 ) ) ;
#4404 = CARTESIAN_POINT ( 'NONE',  ( -13.25625189653953129, 6.514639183916651533, -5.999967093494321446 ) ) ;
#4406 = FACE_OUTER_BOUND ( 'NONE', #1033, .T. ) ;
#4407 = ORIENTED_EDGE ( 'NONE', *, *, #6069, .F. ) ;
#4408 = CARTESIAN_POINT ( 'NONE',  ( -9.490225845923534465, 8.597060186420717898, 5.615369273924075699 ) ) ;
#4409 = CARTESIAN_POINT ( 'NONE',  ( -5.000000000000001776, 4.352419984550751408, -5.100000000000001421 ) ) ;
#4410 = CARTESIAN_POINT ( 'NONE',  ( -8.331251896539530577, 14.99996709349432145, -2.485360816083348023 ) ) ;
#4411 = CARTESIAN_POINT ( 'NONE',  ( -13.17804940413006243, 9.186791512966149043, 5.707222144043833545 ) ) ;
#4412 = EDGE_LOOP ( 'NONE', ( #1133, #4939, #6601, #3471 ) ) ;
#4413 = CARTESIAN_POINT ( 'NONE',  ( -10.50404631967910341, 14.39863944696971743, 1.859380931584407648 ) ) ;
#4414 = CARTESIAN_POINT ( 'NONE',  ( -8.811873267373954377, 14.59629608425390757, 0.5337581209369313129 ) ) ;
#4415 = CARTESIAN_POINT ( 'NONE',  ( -9.206251896539532353, 11.48536081608334847, 5.999967093494318782 ) ) ;
#4416 = CARTESIAN_POINT ( 'NONE',  ( -6.657710362215127020, 6.383004181363717500, 5.065930893026074244 ) ) ;
#4417 = CARTESIAN_POINT ( 'NONE',  ( -12.05924188222460813, 3.307564801648303909, 0.4405094160627487931 ) ) ;
#4418 = CARTESIAN_POINT ( 'NONE',  ( -9.737501896539528801, 4.757415487273787491, 4.242696860768592870 ) ) ;
#4419 = CARTESIAN_POINT ( 'NONE',  ( -12.90289425425946490, 4.661060348398923026, 3.699346464817578894 ) ) ;
#4420 = CARTESIAN_POINT ( 'NONE',  ( -8.101964000295156509, 10.85785920275346328, -5.305791142289168150 ) ) ;
#4421 = CARTESIAN_POINT ( 'NONE',  ( -6.323169957421681531, 7.155994680664214513, -5.403995167129107990 ) ) ;
#4422 = CARTESIAN_POINT ( 'NONE',  ( -11.32213691166845138, 6.984393546222476878, 5.342774155860809948 ) ) ;
#4423 = DIRECTION ( 'NONE',  ( 1.000000000000000000, 0.0000000000000000000, 0.0000000000000000000 ) ) ;
#4424 = CARTESIAN_POINT ( 'NONE',  ( -9.333840040687778838, 3.323511641519527604, -0.6133826413071490347 ) ) ;
#4425 = CARTESIAN_POINT ( 'NONE',  ( -12.30000189653953058, 8.999920557937377552, -5.999999999474079360 ) ) ;
#4426 = CARTESIAN_POINT ( 'NONE',  ( -5.000000000000001776, 9.000000000000000000, 0.0000000000000000000 ) ) ;
#4427 = EDGE_CURVE ( 'NONE', #2853, #6198, #3862, .T. ) ;
#4429 = CARTESIAN_POINT ( 'NONE',  ( -12.50846943005886658, 14.69571461772004284, -0.4094542067064372848 ) ) ;
#4428 = CARTESIAN_POINT ( 'NONE',  ( -9.568751896539529511, 2.999967094546160951, -2.485201931958109345 ) ) ;
#4430 = CARTESIAN_POINT ( 'NONE',  ( -4.900000000000001243, 4.101020514433641573, 4.999999999999999112 ) ) ;
#4431 = ORIENTED_EDGE ( 'NONE', *, *, #5707, .F. ) ;
#4432 = CARTESIAN_POINT ( 'NONE',  ( -8.095212221907404526, 8.224541641141588144, -5.657154898461643100 ) ) ;
#4433 = CARTESIAN_POINT ( 'NONE',  ( -10.60625308642603137, 14.57847196652032018, 0.7589195221983557893 ) ) ;
#4434 = DIRECTION ( 'NONE',  ( 0.0000000000000000000, 0.0000000000000000000, -1.000000000000000000 ) ) ;
#4435 = CARTESIAN_POINT ( 'NONE',  ( -7.601365862708234999, 5.443057673486306314, 4.353355311216978052 ) ) ;
#4436 = EDGE_CURVE ( 'NONE', #2276, #5439, #2748, .T. ) ;
#4438 = CARTESIAN_POINT ( 'NONE',  ( -11.71875266095826618, 7.319327744704909655, -5.457245807001595672 ) ) ;
#4437 = CARTESIAN_POINT ( 'NONE',  ( -12.35625189653953093, 6.514639183916651533, -5.999967093494321446 ) ) ;
#4439 = CARTESIAN_POINT ( 'NONE',  ( -13.00000000000000355, 9.000004352083681880, -5.999999999998421707 ) ) ;
#4440 = VERTEX_POINT ( 'NONE', #1452 ) ;
#4441 = CARTESIAN_POINT ( 'NONE',  ( -9.704903663504397926, 14.57093880225842675, 0.8116338657459682970 ) ) ;
#4442 = CARTESIAN_POINT ( 'NONE',  ( -5.000000000000026645, 13.68890267235770075, 5.086695778217652730 ) ) ;
#4443 = DIRECTION ( 'NONE',  ( 0.0000000000000000000, 1.000000000000000000, 0.0000000000000000000 ) ) ;
#4444 = CARTESIAN_POINT ( 'NONE',  ( -10.40000189653952845, 9.000074396905310081, 5.618955715758048086 ) ) ;
#4445 = STYLED_ITEM ( 'NONE', ( #6214 ), #2327 ) ;
#4446 = CARTESIAN_POINT ( 'NONE',  ( -5.000000000000001776, 14.13809303146610752, -4.899999999999942624 ) ) ;
#4447 = ORIENTED_EDGE ( 'NONE', *, *, #1744, .T. ) ;
#4448 = CARTESIAN_POINT ( 'NONE',  ( -10.70621472776086591, 11.67162709006997545, -5.046289967386468511 ) ) ;
#4449 = CARTESIAN_POINT ( 'NONE',  ( -8.965525566248357947, 14.09703998933608382, -2.555848826688272180 ) ) ;
#4450 = VECTOR ( 'NONE', #1999, 1000.000000000000000 ) ;
#4451 = DIRECTION ( 'NONE',  ( 0.0000000000000000000, 0.0000000000000000000, 1.000000000000000000 ) ) ;
#4452 = CARTESIAN_POINT ( 'NONE',  ( -6.785867868091632005, 8.423034523812969354, 5.600176664299473472 ) ) ;
#4453 = CARTESIAN_POINT ( 'NONE',  ( -11.73989491487030179, 12.13276925432089115, -4.773248337743732250 ) ) ;
#4454 = SURFACE_STYLE_FILL_AREA ( #5789 ) ;
#4455 = CARTESIAN_POINT ( 'NONE',  ( -8.106251896539530932, 11.48536081608334491, 5.999967093494318782 ) ) ;
#4456 = CARTESIAN_POINT ( 'NONE',  ( -8.150703938758606881, 8.966446778297084919, -5.629651804471881071 ) ) ;
#4457 = CARTESIAN_POINT ( 'NONE',  ( -5.950163377777665019, 11.05204850545977990, -5.638182059071901620 ) ) ;
#4458 = CARTESIAN_POINT ( 'NONE',  ( -11.35539540749300969, 11.12421386058129258, 5.213668015042547843 ) ) ;
#4459 = VECTOR ( 'NONE', #3243, 1000.000000000000000 ) ;
#4460 = DIRECTION ( 'NONE',  ( 0.0000000000000000000, 0.0000000000000000000, 1.000000000000000000 ) ) ;
#4461 = CARTESIAN_POINT ( 'NONE',  ( -9.419943696139508660, 3.975382357663601596, 2.711272509962258326 ) ) ;
#4462 = CYLINDRICAL_SURFACE ( 'NONE', #6142, 3.300000000000000266 ) ;
#4463 = LINE ( 'NONE', #54, #2229 ) ;
#4464 = CARTESIAN_POINT ( 'NONE',  ( -8.556251896539530222, 6.514639183916653309, -5.999967093494320558 ) ) ;
#4465 = CARTESIAN_POINT ( 'NONE',  ( -11.14375189653953058, 11.48520193195810712, -6.000032905453839938 ) ) ;
#4466 = LINE ( 'NONE', #3827, #447 ) ;
#4467 = ORIENTED_EDGE ( 'NONE', *, *, #1215, .T. ) ;
#4468 = AXIS2_PLACEMENT_3D ( 'NONE', #6075, #3153, #7386 ) ;
#4469 = CARTESIAN_POINT ( 'NONE',  ( -8.828333506213084547, 13.91448090170381313, -2.907108225925759459 ) ) ;
#4470 = EDGE_CURVE ( 'NONE', #2300, #3393, #6535, .T. ) ;
#4471 = CARTESIAN_POINT ( 'NONE',  ( -10.57921124951108816, 14.34118598791202892, 1.779536088863392429 ) ) ;
#4472 = PRESENTATION_LAYER_ASSIGNMENT (  '', '', ( #1231 ) ) ;
#4473 = CARTESIAN_POINT ( 'NONE',  ( -7.391516082206496918, 4.286893964999594964, -3.079085426833300776 ) ) ;
#4474 = CARTESIAN_POINT ( 'NONE',  ( -11.85982280823760426, 5.104454155139609206, -4.053163102966561127 ) ) ;
#4475 = ORIENTED_EDGE ( 'NONE', *, *, #1194, .T. ) ;
#4476 = DIRECTION ( 'NONE',  ( 1.000000000000000000, 0.0000000000000000000, 0.0000000000000000000 ) ) ;
#4477 = EDGE_CURVE ( 'NONE', #7517, #7073, #5211, .T. ) ;
#4478 = CARTESIAN_POINT ( 'NONE',  ( -9.710994638162052439, 14.21564886658270765, -2.304211379942773252 ) ) ;
#4479 = B_SPLINE_CURVE_WITH_KNOTS ( 'NONE', 3,
 ( #459, #621, #2925, #1181 ),
 .UNSPECIFIED., .F., .F.,
 ( 4, 4 ),
 ( 0.9289476300486640969, 1.000000000000000000 ),
 .UNSPECIFIED. ) ;
#4480 = CARTESIAN_POINT ( 'NONE',  ( -10.50000189653952987, 8.999920557937377552, -5.999999999474079360 ) ) ;
#4481 = CARTESIAN_POINT ( 'NONE',  ( -7.743751896539529334, 11.48520193195810712, -6.000032905453839938 ) ) ;
#4482 = CARTESIAN_POINT ( 'NONE',  ( -9.106251896539529156, 6.672477939253883328, -5.618924899550870933 ) ) ;
#4483 = CARTESIAN_POINT ( 'NONE',  ( -13.10441303653349365, 9.185862316835233798, 5.626845310931888555 ) ) ;
#4484 = ORIENTED_EDGE ( 'NONE', *, *, #2938, .T. ) ;
#4485 = EDGE_CURVE ( 'NONE', #3709, #7199, #3205, .T. ) ;
#4486 = CARTESIAN_POINT ( 'NONE',  ( -9.728288082247265933, 13.91544605181469407, -2.905601838548819593 ) ) ;
#4487 = CIRCLE ( 'NONE', #5517, 0.5999999999999980904 ) ;
#4488 = CARTESIAN_POINT ( 'NONE',  ( -9.142113870917800256, 5.647011414176046351, -4.512297520376166382 ) ) ;
#4489 = DIRECTION ( 'NONE',  ( 0.0000000000000000000, 0.0000000000000000000, -1.000000000000000000 ) ) ;
#4490 = DIRECTION ( 'NONE',  ( 0.0000000000000000000, 0.0000000000000000000, -1.000000000000000000 ) ) ;
#4491 = CARTESIAN_POINT ( 'NONE',  ( -7.180686577319461250, 13.81221373862879176, -3.074173041440762422 ) ) ;
#4492 = CARTESIAN_POINT ( 'NONE',  ( -11.72274745090213166, 12.68247503750554905, -4.363197856468753244 ) ) ;
#4493 = PRESENTATION_STYLE_ASSIGNMENT (( #6355 ) ) ;
#4494 = CARTESIAN_POINT ( 'NONE',  ( -12.08264256996119990, 7.276415549183012921, 5.435141617277066572 ) ) ;
#4495 = CARTESIAN_POINT ( 'NONE',  ( -8.167982262508216351, 8.271106867537305618, -5.582367245176978798 ) ) ;
#4496 = CARTESIAN_POINT ( 'NONE',  ( -6.368023036498521527, 5.609168817252373707, -4.594109240519239634 ) ) ;
#4497 = CARTESIAN_POINT ( 'NONE',  ( -11.07699596628413907, 4.066518667171798107, 2.858844708885468489 ) ) ;
#4498 = AXIS2_PLACEMENT_3D ( 'NONE', #3641, #3601, #1645 ) ;
#4499 = CARTESIAN_POINT ( 'NONE',  ( -6.270061498636042785, 9.261389695447526549, -5.695925855412548700 ) ) ;
#4500 = CARTESIAN_POINT ( 'NONE',  ( -9.703614543467386611, 13.54266680792337496, 3.510632446822861574 ) ) ;
#4501 = CARTESIAN_POINT ( 'NONE',  ( -20.40000000000000213, 9.000000000000000000, 0.0000000000000000000 ) ) ;
#4502 = CARTESIAN_POINT ( 'NONE',  ( -4.986995384023263256, 4.193674230318842788, -4.983053281101978982 ) ) ;
#4503 = DIRECTION ( 'NONE',  ( -1.000000000000000000, 0.0000000000000000000, 0.0000000000000000000 ) ) ;
#4504 = CARTESIAN_POINT ( 'NONE',  ( -11.53750189653953129, 4.757415487273786603, 4.242696860768593758 ) ) ;
#4505 = CARTESIAN_POINT ( 'NONE',  ( -12.55000009850236609, 9.000000000000000000, 5.999999999999998224 ) ) ;
#4506 = AXIS2_PLACEMENT_3D ( 'NONE', #4251, #6715, #1190 ) ;
#4507 = ORIENTED_EDGE ( 'NONE', *, *, #4856, .T. ) ;
#4508 = CARTESIAN_POINT ( 'NONE',  ( -8.731431876615072696, 14.64380602026062661, 0.8117192437195037691 ) ) ;
#4509 = CARTESIAN_POINT ( 'NONE',  ( -10.57266691929135050, 12.61879306539327317, 4.406423720636787777 ) ) ;
#4510 =( LENGTH_UNIT ( ) NAMED_UNIT ( * ) SI_UNIT ( .MILLI., .METRE. ) );
#4511 = CARTESIAN_POINT ( 'NONE',  ( -6.822521457273464485, 6.998659050077633559, 5.347297417783112294 ) ) ;
#4512 = CARTESIAN_POINT ( 'NONE',  ( -7.345371889826813216, 3.719744205461392728, -2.174383494468971723 ) ) ;
#4514 = CARTESIAN_POINT ( 'NONE',  ( -12.00054656794849173, 3.612148697115744600, -1.891179933173662731 ) ) ;
#4513 = CARTESIAN_POINT ( 'NONE',  ( -13.14375189653953058, 11.48520193195810712, -6.000032905453839938 ) ) ;
#4515 = EDGE_LOOP ( 'NONE', ( #870, #2893, #3932, #7796 ) ) ;
#4516 = DIRECTION ( 'NONE',  ( -8.673617379884035472E-17, 0.0000000000000000000, -1.000000000000000000 ) ) ;
#4517 = CARTESIAN_POINT ( 'NONE',  ( -8.712501896539530222, 12.97325429635567140, 3.973149083243181945 ) ) ;
#4518 = CARTESIAN_POINT ( 'NONE',  ( -9.903185796035529620, 13.26824087606588698, -3.793198681654598392 ) ) ;
#4519 = CARTESIAN_POINT ( 'NONE',  ( -8.275001896539530222, 14.99999999947407936, -7.944206262056783218E-05 ) ) ;
#4521 = CARTESIAN_POINT ( 'NONE',  ( -7.981251896539529156, 14.61892489955086916, -2.327522060746116672 ) ) ;
#4520 = CARTESIAN_POINT ( 'NONE',  ( -19.56384603125849964, 4.178800751673038327, 0.8764381626519398560 ) ) ;
#4522 = ADVANCED_FACE ( 'NONE', ( #248 ), #1412, .T. ) ;
#4523 = CARTESIAN_POINT ( 'NONE',  ( -9.825001896539529156, 3.000000000525919752, 7.944206261983304126E-05 ) ) ;
#4524 = EDGE_CURVE ( 'NONE', #4774, #6220, #7051, .T. ) ;
#4525 = ORIENTED_EDGE ( 'NONE', *, *, #6409, .F. ) ;
#4526 = CARTESIAN_POINT ( 'NONE',  ( -10.28358814323251735, 7.308463758575866720, 5.453580754258839036 ) ) ;
#4527 = CARTESIAN_POINT ( 'NONE',  ( -9.134492637717352537, 8.552315758426587422, -5.684345390162969913 ) ) ;
#4528 = CARTESIAN_POINT ( 'NONE',  ( 4.899999999999998579, 0.09999999999999939493, 4.999999999999999112 ) ) ;
#4529 = DIRECTION ( 'NONE',  ( 0.0000000000000000000, 0.0000000000000000000, 1.000000000000000000 ) ) ;
#4530 = CARTESIAN_POINT ( 'NONE',  ( -7.064722028984495417, 14.54557770165390096, 1.361574534096677391 ) ) ;
#4531 = CARTESIAN_POINT ( 'NONE',  ( -11.56862324456037427, 14.57931980846758435, 1.211813286355357899 ) ) ;
#4532 = ADVANCED_FACE ( 'NONE', ( #7625 ), #2143, .F. ) ;
#4533 = ORIENTED_EDGE ( 'NONE', *, *, #415, .F. ) ;
#4534 = CARTESIAN_POINT ( 'NONE',  ( -6.676056753436653501, 10.05788354730344203, -6.000014007267754579 ) ) ;
#4535 = CARTESIAN_POINT ( 'NONE',  ( -12.24934899811485778, 13.33615700020464168, 3.714939485523799600 ) ) ;
#4536 = CARTESIAN_POINT ( 'NONE',  ( -8.489987332352844973, 5.089498673679912599, 4.050144105008903317 ) ) ;
#4537 = CARTESIAN_POINT ( 'NONE',  ( -11.21648893569563299, 5.923183557273197231, 4.704916200191757270 ) ) ;
#4538 = CARTESIAN_POINT ( 'NONE',  ( -6.267445264227450963, 12.09838075129720991, -4.851867378780593931 ) ) ;
#4539 = CARTESIAN_POINT ( 'NONE',  ( -9.213010433959404111, 5.685873633755065271, -4.649399550160807415 ) ) ;
#4540 = CARTESIAN_POINT ( 'NONE',  ( 3.999999999999996447, 0.5000000000000004441, -4.000000000000000000 ) ) ;
#4541 = CARTESIAN_POINT ( 'NONE',  ( -5.000000000000001776, 14.90000000000000036, -3.949683531626298372 ) ) ;
#4542 = DIRECTION ( 'NONE',  ( 1.000000000000000000, -0.0000000000000000000, -0.0000000000000000000 ) ) ;
#4544 = CARTESIAN_POINT ( 'NONE',  ( -12.60203925547499537, 7.955805980475048500, -5.614155907651081634 ) ) ;
#4543 = CARTESIAN_POINT ( 'NONE',  ( -7.037501896539529511, 4.757415487273786603, 4.242696860768593758 ) ) ;
#4545 = DIRECTION ( 'NONE',  ( -1.000000000000000000, 0.0000000000000000000, 0.0000000000000000000 ) ) ;
#4546 = EDGE_LOOP ( 'NONE', ( #6116, #3272 ) ) ;
#4547 = CARTESIAN_POINT ( 'NONE',  ( -7.676893125334473211, 10.97711778991388165, 5.348131614953447688 ) ) ;
#4548 = CARTESIAN_POINT ( 'NONE',  ( -10.60728807249447314, 13.60167391165054163, 3.380909992447636903 ) ) ;
#4549 = FACE_OUTER_BOUND ( 'NONE', #6561, .T. ) ;
#4550 = CARTESIAN_POINT ( 'NONE',  ( -6.831317146228761850, 7.322215294322767853, 5.457358077709326238 ) ) ;
#4551 = CARTESIAN_POINT ( 'NONE',  ( -7.813379886282901587, 10.57841736475939420, 5.487658984664003370 ) ) ;
#4552 = DIRECTION ( 'NONE',  ( 0.0000000000000000000, 0.0000000000000000000, 1.000000000000000000 ) ) ;
#4554 = CARTESIAN_POINT ( 'NONE',  ( -12.00641354910202274, 3.517500710102524408, 1.243272329201909221 ) ) ;
#4553 = CARTESIAN_POINT ( 'NONE',  ( -8.812501896539529866, 4.757303139231405353, -4.242584512726213397 ) ) ;
#4555 = CARTESIAN_POINT ( 'NONE',  ( -4.999999999999936939, 4.352419984550705223, 5.099999999999872635 ) ) ;
#4556 = ORIENTED_EDGE ( 'NONE', *, *, #1743, .F. ) ;
#4557 = CARTESIAN_POINT ( 'NONE',  ( -8.318751896539529511, 3.381013468034773428, -2.327373266935496954 ) ) ;
#4558 = CARTESIAN_POINT ( 'NONE',  ( -9.864224338347101551, 12.15349404560368995, -4.663815586852532391 ) ) ;
#4559 = CARTESIAN_POINT ( 'NONE',  ( -10.80625189653952845, 11.48536081608334847, 5.999967093494318782 ) ) ;
#4561 = CARTESIAN_POINT ( 'NONE',  ( -7.531251896539530755, 3.381075100449129511, 2.327522060746118893 ) ) ;
#4560 = CARTESIAN_POINT ( 'NONE',  ( -19.01363450920135634, 4.119793924438354793, 0.4531745497189407779 ) ) ;
#4562 = ORIENTED_EDGE ( 'NONE', *, *, #386, .F. ) ;
#4563 = CARTESIAN_POINT ( 'NONE',  ( -10.07227005530354091, 3.411884168840836562, -1.173105364350850444 ) ) ;
#4564 = CARTESIAN_POINT ( 'NONE',  ( -9.161126196382863185, 7.506251490429730389, -5.511578934768953886 ) ) ;
#4565 = ADVANCED_FACE ( 'NONE', ( #7055 ), #4462, .F. ) ;
#4566 = CARTESIAN_POINT ( 'NONE',  ( -5.095464221480029643, 14.88523518270600476, -3.791063271368046994 ) ) ;
#4567 = DIRECTION ( 'NONE',  ( -1.000000000000000000, 0.0000000000000000000, 0.0000000000000000000 ) ) ;
#4568 = CARTESIAN_POINT ( 'NONE',  ( -7.000053521495684272, 14.54033841763532564, 0.9996417532452717136 ) ) ;
#4569 = CARTESIAN_POINT ( 'NONE',  ( -12.21491178619737639, 6.725055731578000184, 5.236829510825844913 ) ) ;
#4570 = CARTESIAN_POINT ( 'NONE',  ( -13.32500189653952916, 14.61895571575804809, -7.439690531130537009E-05 ) ) ;
#4571 = AXIS2_PLACEMENT_3D ( 'NONE', #7146, #2838, #3994 ) ;
#4572 = CARTESIAN_POINT ( 'NONE',  ( -11.85329310357421484, 3.610964229508474066, -1.887012688447263775 ) ) ;
#4573 = CARTESIAN_POINT ( 'NONE',  ( -8.510262539003191407, 3.806849827774077433, 2.374772741895552652 ) ) ;
#4574 = ADVANCED_FACE ( 'NONE', ( #3941 ), #6326, .T. ) ;
#4575 = CARTESIAN_POINT ( 'NONE',  ( -6.134374904849917876, 10.98345854046776715, -5.449725154168639563 ) ) ;
#4576 = CARTESIAN_POINT ( 'NONE',  ( -6.194057839918608366, 12.12411432331854044, -4.928108621089245744 ) ) ;
#4577 = CARTESIAN_POINT ( 'NONE',  ( -10.47246168340207895, 8.944848828407149455, 5.709132671272795001 ) ) ;
#4578 = CARTESIAN_POINT ( 'NONE',  ( -3.999999999999996447, -3.999999999999999112, -4.000000000000000000 ) ) ;
#4579 = CARTESIAN_POINT ( 'NONE',  ( 4.999999999999998224, 14.90000000000000036, -5.000000000000000888 ) ) ;
#4580 = AXIS2_PLACEMENT_3D ( 'NONE', #27, #2325, #7284 ) ;
#4582 = CARTESIAN_POINT ( 'NONE',  ( -12.69700283392615603, 10.08142598970925796, -5.606981503101940767 ) ) ;
#4581 = CARTESIAN_POINT ( 'NONE',  ( -7.262501896539530044, 13.24269686076859287, 4.242584512726212509 ) ) ;
#4583 = CARTESIAN_POINT ( 'NONE',  ( -14.23750189653953058, 4.757415487273787491, 4.242696860768592870 ) ) ;
#4584 = ORIENTED_EDGE ( 'NONE', *, *, #1395, .F. ) ;
#4585 = AXIS2_PLACEMENT_3D ( 'NONE', #5691, #5062, #7560 ) ;
#4586 = CARTESIAN_POINT ( 'NONE',  ( -7.989442535838350068, 12.23440711445750395, -4.705499868506654693 ) ) ;
#4587 = ADVANCED_FACE ( 'NONE', ( #1332 ), #2624, .F. ) ;
#4588 = CARTESIAN_POINT ( 'NONE',  ( -10.48133074702986711, 12.00872960409311396, 4.758333329811747170 ) ) ;
#4589 = CARTESIAN_POINT ( 'NONE',  ( -7.158960439946025822, 14.21322518813386360, -2.328441773196125109 ) ) ;
#4590 = CARTESIAN_POINT ( 'NONE',  ( -7.828835802050523540, 13.42279911314379781, 3.483508062456455612 ) ) ;
#4591 = DIRECTION ( 'NONE',  ( 0.0000000000000000000, 0.0000000000000000000, -1.000000000000000000 ) ) ;
#4592 = CIRCLE ( 'NONE', #7571, 1.000000000000000222 ) ;
#4593 = ORIENTED_EDGE ( 'NONE', *, *, #7558, .T. ) ;
#4594 = FACE_OUTER_BOUND ( 'NONE', #344, .T. ) ;
#4595 = ORIENTED_EDGE ( 'NONE', *, *, #278, .T. ) ;
#4596 = CARTESIAN_POINT ( 'NONE',  ( -9.911672297874034143, 13.01976771982939596, -4.055555071851178361 ) ) ;
#4597 = CARTESIAN_POINT ( 'NONE',  ( -24.00000000000000000, 9.000000000000000000, -4.899999999999999467 ) ) ;
#4599 = CARTESIAN_POINT ( 'NONE',  ( -12.52500189653953022, 3.000000000525919752, 7.944206261983304126E-05 ) ) ;
#4598 = DIRECTION ( 'NONE',  ( -1.000000000000000000, 0.0000000000000000000, 0.0000000000000000000 ) ) ;
#4600 = ORIENTED_EDGE ( 'NONE', *, *, #5620, .F. ) ;
#4601 = CARTESIAN_POINT ( 'NONE',  ( -10.13276918979888563, 3.431947035408883462, 1.265590876963306188 ) ) ;
#4602 = CARTESIAN_POINT ( 'NONE',  ( -9.065225702544001507, 8.382959254219189305, -5.587692823639639705 ) ) ;
#4603 = CARTESIAN_POINT ( 'NONE',  ( -5.003790201584067177, 15.07204039049582178, -3.345702796140582969 ) ) ;
#4604 = DIRECTION ( 'NONE',  ( 0.0000000000000000000, -1.000000000000000000, 0.0000000000000000000 ) ) ;
#4605 = CARTESIAN_POINT ( 'NONE',  ( -7.051004629687748881, 14.38615699351757193, 1.871249871047597768 ) ) ;
#4606 = CARTESIAN_POINT ( 'NONE',  ( -12.33605639145857502, 11.40246416032218413, 5.179568700243674328 ) ) ;
#4607 = SURFACE_STYLE_USAGE ( .BOTH. , #5832 ) ;
#4608 = VERTEX_POINT ( 'NONE', #7545 ) ;
#4609 = CARTESIAN_POINT ( 'NONE',  ( -6.925001896539530577, 3.000000000525920640, 7.944206261983304126E-05 ) ) ;
#4610 = TOROIDAL_SURFACE ( 'NONE', #4115, 7.100000000000000533, 0.1000000000000000056 ) ;
#4611 = CARTESIAN_POINT ( 'NONE',  ( -12.30294171973164552, 14.38460823098790264, 1.899925008907241475 ) ) ;
#4612 = CARTESIAN_POINT ( 'NONE',  ( -8.283044797509848678, 3.339463933385945715, -0.7509628839903846886 ) ) ;
#4613 = CARTESIAN_POINT ( 'NONE',  ( -11.59856851098843222, 14.71024010079639588, -2.216671732377818033E-05 ) ) ;
#4614 = DIRECTION ( 'NONE',  ( 1.000000000000000000, -0.0000000000000000000, -0.0000000000000000000 ) ) ;
#4615 = CARTESIAN_POINT ( 'NONE',  ( -6.295026386737361257, 11.10647182051679671, -5.212878222782487470 ) ) ;
#4616 = CARTESIAN_POINT ( 'NONE',  ( -10.16121686601022667, 4.308032731910458324, -3.253445809444594605 ) ) ;
#4617 = CYLINDRICAL_SURFACE ( 'NONE', #6670, 0.1000000000000002554 ) ;
#4619 = CARTESIAN_POINT ( 'NONE',  ( -12.70031163446449796, 4.638183414078586253, -3.685162792047445901 ) ) ;
#4618 = CARTESIAN_POINT ( 'NONE',  ( -7.318751896539531288, 15.00003290545384260, 2.485201931958106236 ) ) ;
#4620 = EDGE_CURVE ( 'NONE', #148, #4070, #7702, .T. ) ;
#4621 = EDGE_CURVE ( 'NONE', #3715, #5393, #3820, .T. ) ;
#4622 = EDGE_LOOP ( 'NONE', ( #7845, #505, #5660, #5806 ) ) ;
#4623 = AXIS2_PLACEMENT_3D ( 'NONE', #423, #265, #1637 ) ;
#4624 = CARTESIAN_POINT ( 'NONE',  ( 0.0000000000000000000, 0.09999999999999939493, 0.0000000000000000000 ) ) ;
#4625 = CARTESIAN_POINT ( 'NONE',  ( -7.778067764004842566, 13.98774006698154970, 2.779451935672970553 ) ) ;
#4626 = CARTESIAN_POINT ( 'NONE',  ( -10.97373541867531443, 7.041872905936540583, -5.355178948275325368 ) ) ;
#4627 = CARTESIAN_POINT ( 'NONE',  ( -11.96250189653953022, 13.24269686076859287, 4.242584512726212509 ) ) ;
#4628 = CARTESIAN_POINT ( 'NONE',  ( -8.012572943973527373, 14.68043355402126693, -0.5753152800869403283 ) ) ;
#4629 = CARTESIAN_POINT ( 'NONE',  ( -7.746541087040541562, 13.25967684799331892, 3.802766527621180170 ) ) ;
#4630 = CARTESIAN_POINT ( 'NONE',  ( -5.100000000000002309, 14.90000000000000036, -3.949683531626298372 ) ) ;
#4631 =( GEOMETRIC_REPRESENTATION_CONTEXT ( 3 ) GLOBAL_UNCERTAINTY_ASSIGNED_CONTEXT ( ( #271 ) ) GLOBAL_UNIT_ASSIGNED_CONTEXT ( ( #2775, #7123, #2815 ) ) REPRESENTATION_CONTEXT ( 'NONE', 'WORKASPACE' ) );
#4633 = CARTESIAN_POINT ( 'NONE',  ( -11.97988390044127271, 3.373970385290942176, 0.2050074042261005036 ) ) ;
#4632 = CARTESIAN_POINT ( 'NONE',  ( -8.531251896539529866, 14.99996709349432145, -2.485360816083348023 ) ) ;
#4634 = AXIS2_PLACEMENT_3D ( 'NONE', #6685, #6641, #6152 ) ;
#4635 = EDGE_LOOP ( 'NONE', ( #6008, #2278, #7316, #3846 ) ) ;
#4636 = DIRECTION ( 'NONE',  ( 0.0000000000000000000, -1.000000000000000000, 0.0000000000000000000 ) ) ;
#4637 = EDGE_CURVE ( 'NONE', #7052, #2106, #711, .T. ) ;
#4638 = ORIENTED_EDGE ( 'NONE', *, *, #2885, .F. ) ;
#4639 = DIRECTION ( 'NONE',  ( -1.000000000000000000, 0.0000000000000000000, 0.0000000000000000000 ) ) ;
#4640 = CARTESIAN_POINT ( 'NONE',  ( -9.818022601223995949, 11.25509339544971432, -5.237068458118598002 ) ) ;
#4642 = CARTESIAN_POINT ( 'NONE',  ( -7.137501896539530044, 12.97314908324318061, -3.973254296355671400 ) ) ;
#4641 = CARTESIAN_POINT ( 'NONE',  ( -11.40000009850236573, 8.999999999999998224, -5.999999999999998224 ) ) ;
#4643 = CARTESIAN_POINT ( 'NONE',  ( -5.032502000316666724, 15.02639985554405477, -3.513568690247788506 ) ) ;
#4644 = VERTEX_POINT ( 'NONE', #2830 ) ;
#4645 = CARTESIAN_POINT ( 'NONE',  ( -9.086107586605809416, 5.046524874452473775, -4.120426068043234302 ) ) ;
#4646 = DIRECTION ( 'NONE',  ( 1.000000000000000000, 0.0000000000000000000, -8.673617379884013384E-15 ) ) ;
#4647 = CARTESIAN_POINT ( 'NONE',  ( -5.000000000000001776, 14.90000000000000036, 4.999999999999999112 ) ) ;
#4648 = CARTESIAN_POINT ( 'NONE',  ( -6.972733609812889810, 14.25014295971547540, 2.009849118129274803 ) ) ;
#4649 = CARTESIAN_POINT ( 'NONE',  ( -12.47454953847761061, 14.62441525203836257, 0.9817575377530829428 ) ) ;
#4650 = CARTESIAN_POINT ( 'NONE',  ( -4.000000000000000000, -3.999999999999999112, 3.400000000000000355 ) ) ;
#4651 = ORIENTED_EDGE ( 'NONE', *, *, #1501, .T. ) ;
#4652 = CARTESIAN_POINT ( 'NONE',  ( -11.97500189653953129, 3.381044284241951026, 7.439690531061725408E-05 ) ) ;
#4653 = CARTESIAN_POINT ( 'NONE',  ( -11.74765292629631119, 6.286040446128977166, -5.023693060685188172 ) ) ;
#4654 = CARTESIAN_POINT ( 'NONE',  ( -8.550684334298866318, 4.672466664312830531, 3.712766627750772042 ) ) ;
#4655 = DIRECTION ( 'NONE',  ( -1.000000000000000000, 0.0000000000000000000, 0.0000000000000000000 ) ) ;
#4656 = CARTESIAN_POINT ( 'NONE',  ( -6.216869272790911616, 11.29746643351853308, -5.228801251865741406 ) ) ;
#4657 = CARTESIAN_POINT ( 'NONE',  ( -13.00000000000000178, 3.250876767011164237, -0.5313607558910473649 ) ) ;
#4658 = FACE_OUTER_BOUND ( 'NONE', #420, .T. ) ;
#4659 = CARTESIAN_POINT ( 'NONE',  ( -8.218751896539529866, 15.00003290545384260, 2.485201931958106236 ) ) ;
#4660 = CARTESIAN_POINT ( 'NONE',  ( 4.899999999999997691, 0.1000000000000000056, -4.900000000000000355 ) ) ;
#4661 = ORIENTED_EDGE ( 'NONE', *, *, #2739, .T. ) ;
#4662 = CARTESIAN_POINT ( 'NONE',  ( -19.91917300154247528, 13.81663783151691938, 0.9000000000000005773 ) ) ;
#4663 = CARTESIAN_POINT ( 'NONE',  ( -8.069816192025161428, 9.271359873927659478, -5.703430198412466012 ) ) ;
#4664 = CARTESIAN_POINT ( 'NONE',  ( -10.67243440483479233, 14.31335643000939761, -1.836104659677779249 ) ) ;
#4665 = EDGE_CURVE ( 'NONE', #2276, #2444, #1732, .T. ) ;
#4666 = CARTESIAN_POINT ( 'NONE',  ( -8.099917165453478063, 13.35527348802060388, -3.692053007905795603 ) ) ;
#4667 = CARTESIAN_POINT ( 'NONE',  ( -7.721767833316356189, 9.876717596124972687, 5.561095444567223822 ) ) ;
#4668 = CARTESIAN_POINT ( 'NONE',  ( -12.99999999999919531, 3.847614206882552512, 2.452290635615680170 ) ) ;
#4670 = CARTESIAN_POINT ( 'NONE',  ( -12.10449000389922602, 5.536943466672253678, 4.438774887931222324 ) ) ;
#4669 = CARTESIAN_POINT ( 'NONE',  ( -11.00625189653953129, 11.48536081608334491, 5.999967093494319670 ) ) ;
#4671 = ORIENTED_EDGE ( 'NONE', *, *, #7061, .F. ) ;
#4672 = DIRECTION ( 'NONE',  ( 0.0000000000000000000, 0.0000000000000000000, 1.000000000000000000 ) ) ;
#4673 = EDGE_LOOP ( 'NONE', ( #2064, #1019, #181, #1798, #152, #5587 ) ) ;
#4674 = DIRECTION ( 'NONE',  ( -1.000000000000000000, 0.0000000000000000000, 0.0000000000000000000 ) ) ;
#4675 = CARTESIAN_POINT ( 'NONE',  ( -10.08589636579290350, 6.606118256499582841, -5.175053437212937091 ) ) ;
#4676 = EDGE_CURVE ( 'NONE', #1348, #7225, #5882, .T. ) ;
#4678 = CARTESIAN_POINT ( 'NONE',  ( -11.68125189653953022, 3.000032906505680774, 2.485360816083349800 ) ) ;
#4677 = CARTESIAN_POINT ( 'NONE',  ( -9.850000098502365020, 9.000000000000000000, 5.999999999999998224 ) ) ;
#4679 = CARTESIAN_POINT ( 'NONE',  ( -4.974848724278330359, 14.96891848818315118, -3.725888675264386940 ) ) ;
#4680 = ORIENTED_EDGE ( 'NONE', *, *, #556, .T. ) ;
#4681 = CARTESIAN_POINT ( 'NONE',  ( 4.899999999999998579, 14.90000000000000036, 4.899999999999997691 ) ) ;
#4682 = CARTESIAN_POINT ( 'NONE',  ( -9.516432553449675424, 12.33965449949456428, 4.631684249797471509 ) ) ;
#4683 = CARTESIAN_POINT ( 'NONE',  ( -9.435951993904698298, 6.573158156102174132, 5.079956771688438621 ) ) ;
#4684 = CARTESIAN_POINT ( 'NONE',  ( -12.80625189653953377, 11.48536081608334847, 5.999967093494318782 ) ) ;
#4685 = DIRECTION ( 'NONE',  ( 1.000000000000000000, -0.0000000000000000000, -0.0000000000000000000 ) ) ;
#4686 = CARTESIAN_POINT ( 'NONE',  ( -7.233039010169389549, 12.35681759397684942, -4.619585007950469446 ) ) ;
#4687 = CARTESIAN_POINT ( 'NONE',  ( -12.29211703759895435, 9.757108950337748610, 5.658980667893811045 ) ) ;
#4688 = SURFACE_STYLE_USAGE ( .BOTH. , #434 ) ;
#4689 = ORIENTED_EDGE ( 'NONE', *, *, #6410, .F. ) ;
#4690 = CARTESIAN_POINT ( 'NONE',  ( -11.75000189653952987, 8.999925603094688142, -5.618955715758048086 ) ) ;
#4691 = CARTESIAN_POINT ( 'NONE',  ( -11.40354448167496848, 14.39236520859065926, 1.877842294886464147 ) ) ;
#4692 = CARTESIAN_POINT ( 'NONE',  ( -8.525278158265317430, 6.210201179599449617, 4.889974404538056874 ) ) ;
#4693 = DIRECTION ( 'NONE',  ( 0.0000000000000000000, 0.0000000000000000000, -1.000000000000000000 ) ) ;
#4694 = CARTESIAN_POINT ( 'NONE',  ( -6.615215261881330022, 3.595124484309385249, 1.575307472284444676 ) ) ;
#4695 = CARTESIAN_POINT ( 'NONE',  ( -10.29075951567747893, 3.539319674505953195, 1.667105099186287909 ) ) ;
#4696 = DIRECTION ( 'NONE',  ( 0.0000000000000000000, 0.0000000000000000000, 1.000000000000000000 ) ) ;
#4697 = CARTESIAN_POINT ( 'NONE',  ( -6.281251896539530755, 3.000032906505680774, 2.485360816083349800 ) ) ;
#4698 = CARTESIAN_POINT ( 'NONE',  ( -9.175001896539528801, 14.99999999947407936, -7.944206262056783218E-05 ) ) ;
#4699 = DIRECTION ( 'NONE',  ( -0.0000000000000000000, 1.000000000000000000, -0.0000000000000000000 ) ) ;
#4700 = CARTESIAN_POINT ( 'NONE',  ( -20.51951070820155110, 13.86939134976649513, 0.5531761576711065054 ) ) ;
#4701 = CARTESIAN_POINT ( 'NONE',  ( -7.399487249271250455, 3.290547506899849761, -0.08128355422410081521 ) ) ;
#4702 = CARTESIAN_POINT ( 'NONE',  ( -10.69216500884276755, 12.14521879710300034, -4.766044161960541814 ) ) ;
#4703 =( GEOMETRIC_REPRESENTATION_CONTEXT ( 3 ) GLOBAL_UNCERTAINTY_ASSIGNED_CONTEXT ( ( #1563 ) ) GLOBAL_UNIT_ASSIGNED_CONTEXT ( ( #3338, #2226, #4117 ) ) REPRESENTATION_CONTEXT ( 'NONE', 'WORKASPACE' ) );
#4704 = CARTESIAN_POINT ( 'NONE',  ( -8.258619804395648245, 7.604478693124979038, -5.528354951344377710 ) ) ;
#4705 = CARTESIAN_POINT ( 'NONE',  ( -7.693707071674450226, 11.57797596533915829, 5.095170046799003316 ) ) ;
#4706 = CARTESIAN_POINT ( 'NONE',  ( -4.900000000000001243, 0.0000000000000000000, -4.900000000000000355 ) ) ;
#4708 = CARTESIAN_POINT ( 'NONE',  ( -12.08004770167562825, 3.438824212459032914, 1.259214674666023548 ) ) ;
#4707 = CARTESIAN_POINT ( 'NONE',  ( -8.756251896539529511, 6.514639183916651533, -5.999967093494321446 ) ) ;
#4709 = ORIENTED_EDGE ( 'NONE', *, *, #6659, .F. ) ;
#4710 = DIRECTION ( 'NONE',  ( 0.0000000000000000000, 0.0000000000000000000, -1.000000000000000000 ) ) ;
#4711 = VERTEX_POINT ( 'NONE', #445 ) ;
#4712 = CIRCLE ( 'NONE', #2249, 3.300000000000000266 ) ;
#4713 = CARTESIAN_POINT ( 'NONE',  ( -8.081251896539530577, 3.000032906505680774, 2.485360816083349800 ) ) ;
#4714 = EDGE_CURVE ( 'NONE', #580, #7073, #7836, .T. ) ;
#4715 = CARTESIAN_POINT ( 'NONE',  ( -9.971332278248782544, 8.140124309567594807, -5.563944328915851223 ) ) ;
#4716 = VERTEX_POINT ( 'NONE', #933 ) ;
#4717 = CARTESIAN_POINT ( 'NONE',  ( -4.972181525424375970, 14.97193842327601487, 3.713773426789109156 ) ) ;
#4718 = FACE_OUTER_BOUND ( 'NONE', #4178, .T. ) ;
#4719 = FACE_OUTER_BOUND ( 'NONE', #3906, .T. ) ;
#4720 = ORIENTED_EDGE ( 'NONE', *, *, #7548, .T. ) ;
#4721 = EDGE_CURVE ( 'NONE', #5748, #6089, #2389, .T. ) ;
#4722 = PRESENTATION_LAYER_ASSIGNMENT (  '', '', ( #6412 ) ) ;
#4723 = CARTESIAN_POINT ( 'NONE',  ( -9.282771808396367064, 4.176321005127655361, 3.055747031155872317 ) ) ;
#4724 = CARTESIAN_POINT ( 'NONE',  ( -6.611378429002781942, 3.495028034462253519, -1.485082677302592247 ) ) ;
#4725 = CARTESIAN_POINT ( 'NONE',  ( -20.50000000000000000, 9.000000000000000000, 0.0000000000000000000 ) ) ;
#4726 = CARTESIAN_POINT ( 'NONE',  ( -7.348041280485436921, 5.458116591554315278, -4.376227711980454238 ) ) ;
#4727 = CARTESIAN_POINT ( 'NONE',  ( -12.98229739931127469, 3.452039540831770115, 1.348144247879406565 ) ) ;
#4728 = ADVANCED_FACE ( 'NONE', ( #404 ), #5254, .T. ) ;
#4729 = CARTESIAN_POINT ( 'NONE',  ( -8.639924667545260561, 7.649379543728632491, 5.539674754536219048 ) ) ;
#4730 = CARTESIAN_POINT ( 'NONE',  ( -5.100000000000001421, 14.81690140845070403, 3.894054186110435634 ) ) ;
#4731 = CARTESIAN_POINT ( 'NONE',  ( -6.569114284175019414, 3.911870720512190314, 2.592148695533484037 ) ) ;
#4732 = CARTESIAN_POINT ( 'NONE',  ( -10.34351750209240528, 4.481956157915177208, 3.490860967726788111 ) ) ;
#4733 = CARTESIAN_POINT ( 'NONE',  ( -13.00000000000000178, 3.265757166044555238, 0.4129726343669931077 ) ) ;
#4734 = CARTESIAN_POINT ( 'NONE',  ( -6.000001896539530755, 8.999920557937377552, -5.999999999474079360 ) ) ;
#4735 = CARTESIAN_POINT ( 'NONE',  ( -11.25625189653952951, 6.514639183916651533, -5.999967093494320558 ) ) ;
#4736 = ORIENTED_EDGE ( 'NONE', *, *, #2834, .T. ) ;
#4737 = CARTESIAN_POINT ( 'NONE',  ( -7.107952507037016865, 11.61172724642506537, -5.077756297725071200 ) ) ;
#4738 = CARTESIAN_POINT ( 'NONE',  ( -10.90305227962679169, 9.844286118097398841, -5.647459831800794028 ) ) ;
#4739 = DIRECTION ( 'NONE',  ( -0.0000000000000000000, 1.000000000000000000, -0.0000000000000000000 ) ) ;
#4740 = CARTESIAN_POINT ( 'NONE',  ( -7.892061048694412051, 13.20932147544726121, 3.857345348751970882 ) ) ;
#4741 = CARTESIAN_POINT ( 'NONE',  ( -7.987292847384479977, 12.30448991926354196, -4.656867768542610087 ) ) ;
#4743 = CARTESIAN_POINT ( 'NONE',  ( -12.41916972680973075, 13.86419231872205238, 2.991050982258435909 ) ) ;
#4742 = CARTESIAN_POINT ( 'NONE',  ( -7.068751896539531288, 2.999967094546160951, -2.485201931958109345 ) ) ;
#4744 = VERTEX_POINT ( 'NONE', #1087 ) ;
#4745 = CARTESIAN_POINT ( 'NONE',  ( 4.899999999999996803, 15.00000000000000000, -4.900000000000000355 ) ) ;
#4746 = AXIS2_PLACEMENT_3D ( 'NONE', #1414, #5212, #894 ) ;
#4747 = VERTEX_POINT ( 'NONE', #1575 ) ;
#4748 = CARTESIAN_POINT ( 'NONE',  ( -10.09642940914530840, 4.185339134369294278, -2.917852351354397911 ) ) ;
#4749 = AXIS2_PLACEMENT_3D ( 'NONE', #1186, #6628, #3054 ) ;
#4750 = CARTESIAN_POINT ( 'NONE',  ( -19.80000000000000071, 4.183362168483081511, -0.9000000000000003553 ) ) ;
#4752 = CARTESIAN_POINT ( 'NONE',  ( -11.72302763510821855, 12.67402114007551361, -4.371172304985422308 ) ) ;
#4751 = DIRECTION ( 'NONE',  ( 0.0000000000000000000, 0.0000000000000000000, 1.000000000000000000 ) ) ;
#4753 = CYLINDRICAL_SURFACE ( 'NONE', #5075, 3.300000000000000266 ) ;
#4754 = ORIENTED_EDGE ( 'NONE', *, *, #3490, .F. ) ;
#4755 = DIRECTION ( 'NONE',  ( 0.0000000000000000000, -8.673617379884087537E-15, 1.000000000000000000 ) ) ;
#4756 = CARTESIAN_POINT ( 'NONE',  ( -9.300507396573751251, 4.590812352895748738, 3.628292836025476475 ) ) ;
#4757 = CARTESIAN_POINT ( 'NONE',  ( -11.43515704646019238, 13.57292194777358851, 3.284136889810938431 ) ) ;
#4758 = DIRECTION ( 'NONE',  ( 0.0000000000000000000, 0.0000000000000000000, -1.000000000000000000 ) ) ;
#4759 = ADVANCED_FACE ( 'NONE', ( #7098 ), #3408, .T. ) ;
#4760 = CARTESIAN_POINT ( 'NONE',  ( -10.95000189653953093, 9.000079442062618895, 5.999999999474079360 ) ) ;
#4761 = DIRECTION ( 'NONE',  ( 1.000000000000000000, -0.0000000000000000000, -0.0000000000000000000 ) ) ;
#4762 = CARTESIAN_POINT ( 'NONE',  ( -12.67476609612847582, 5.394860983945721777, -4.428385814186648339 ) ) ;
#4763 = ORIENTED_EDGE ( 'NONE', *, *, #7656, .F. ) ;
#4764 = CARTESIAN_POINT ( 'NONE',  ( -11.58125189653953413, 14.61892489955086916, -2.327522060746116672 ) ) ;
#4765 = CARTESIAN_POINT ( 'NONE',  ( -11.05027188146983619, 3.622999044785121914, 1.921038880681825711 ) ) ;
#4766 = CARTESIAN_POINT ( 'NONE',  ( -8.653479984827454174, 8.175892601070183119, 5.642092164282176192 ) ) ;
#4767 = CARTESIAN_POINT ( 'NONE',  ( -11.31250189653952987, 4.757303139231405353, -4.242584512726213397 ) ) ;
#4768 = CARTESIAN_POINT ( 'NONE',  ( -5.094688931498957629, 14.88985389789566582, 3.783988206272197896 ) ) ;
#4769 = CARTESIAN_POINT ( 'NONE',  ( -6.597265810307266776, 3.449653800856629093, 0.8928697805066968529 ) ) ;
#4770 = CARTESIAN_POINT ( 'NONE',  ( -11.02507207020894775, 5.303202220904483788, -4.351031262497097707 ) ) ;
#4771 = CARTESIAN_POINT ( 'NONE',  ( -13.00000000000000178, 9.000000000000000000, 6.000000000000000000 ) ) ;
#4772 = CARTESIAN_POINT ( 'NONE',  ( -6.225001896539531288, 3.000000000525919752, 7.944206261983304126E-05 ) ) ;
#4773 =( BOUNDED_CURVE ( )  B_SPLINE_CURVE ( 2, ( #5409, #4294, #7900, #7290, #5323, #3142, #3768, #34, #4480, #5654, #3726 ),
 .UNSPECIFIED., .F., .T. ) 
 B_SPLINE_CURVE_WITH_KNOTS ( ( 3, 2, 2, 2, 2, 3 ),
 ( 0.3333335736016670992, 0.3472222222222222099, 0.3611111111111111049, 0.3750000000000000000, 0.3888888888888888951, 0.3888891291572226794 ),
 .UNSPECIFIED. ) 
 CURVE ( )  GEOMETRIC_REPRESENTATION_ITEM ( )  RATIONAL_B_SPLINE_CURVE ( ( 0.9999973663809044178, 0.9238808493436148073, 1.000000000000000000, 0.9238795325112867385, 1.000000000000000000, 0.9238795325112867385, 1.000000000000000000, 0.9238795325112867385, 1.000000000000000000, 0.9999986831676719312, 0.9999973663809044178 ) ) 
 REPRESENTATION_ITEM ( '' )  );
#4774 = VERTEX_POINT ( 'NONE', #7756 ) ;
#4775 = FACE_OUTER_BOUND ( 'NONE', #5217, .T. ) ;
#4776 = CARTESIAN_POINT ( 'NONE',  ( -10.79917684060669103, 8.067907029336092606, -5.633567974067567263 ) ) ;
#4777 = CARTESIAN_POINT ( 'NONE',  ( -5.000000000000001776, 4.352419984550751408, -5.100000000000001421 ) ) ;
#4778 = CARTESIAN_POINT ( 'NONE',  ( -7.521985416721027384, 3.393999498155118033, -1.081750529272120565 ) ) ;
#4779 = CARTESIAN_POINT ( 'NONE',  ( -7.975208579648450424, 14.62976241629159624, 0.9563119858003698015 ) ) ;
#4781 = CARTESIAN_POINT ( 'NONE',  ( -12.20155689972895630, 11.84715012362067377, 4.949720608515902676 ) ) ;
#4780 = CARTESIAN_POINT ( 'NONE',  ( -13.90000189653953022, 8.999920557937377552, -5.999999999474079360 ) ) ;
#4782 = ORIENTED_EDGE ( 'NONE', *, *, #7601, .T. ) ;
#4783 = DIRECTION ( 'NONE',  ( 0.0000000000000000000, 0.0000000000000000000, -1.000000000000000000 ) ) ;
#4784 = CARTESIAN_POINT ( 'NONE',  ( -10.13758958568551805, 3.573454366407929683, -1.468224608121483588 ) ) ;
#4785 = DIRECTION ( 'NONE',  ( 0.0000000000000000000, 0.0000000000000000000, 1.000000000000000000 ) ) ;
#4786 = CARTESIAN_POINT ( 'NONE',  ( -13.00000000000000711, 8.404516543792055927, 5.685918491698623178 ) ) ;
#4787 = ORIENTED_EDGE ( 'NONE', *, *, #4145, .F. ) ;
#4788 = CARTESIAN_POINT ( 'NONE',  ( -4.900000000000001243, 15.09999999999999964, 3.224903099319424538 ) ) ;
#4789 = CARTESIAN_POINT ( 'NONE',  ( -9.228083105889361093, 3.401549977128411673, 1.081496250725194841 ) ) ;
#4790 = CARTESIAN_POINT ( 'NONE',  ( -11.39787648577400070, 14.31639196815952531, 2.084240404425959259 ) ) ;
#4791 = CARTESIAN_POINT ( 'NONE',  ( -6.378252475762090867, 10.78845617214678576, -5.413985770733390268 ) ) ;
#4792 = DIRECTION ( 'NONE',  ( 0.0000000000000000000, 0.0000000000000000000, -1.000000000000000000 ) ) ;
#4793 = CARTESIAN_POINT ( 'NONE',  ( -11.40000189653953022, 8.999920557937377552, -5.999999999474079360 ) ) ;
#4794 = CARTESIAN_POINT ( 'NONE',  ( -12.03125189653952987, 3.381075100449129511, 2.327522060746118893 ) ) ;
#4795 = CARTESIAN_POINT ( 'NONE',  ( -12.68801335533253472, 10.42646660864079244, -5.529109003617806550 ) ) ;
#4796 = CARTESIAN_POINT ( 'NONE',  ( -10.28750189653953129, 5.026850916756816723, 3.973254296355670956 ) ) ;
#4797 = EDGE_CURVE ( 'NONE', #3916, #4805, #6928, .T. ) ;
#4798 = CARTESIAN_POINT ( 'NONE',  ( -8.576780107052428548, 10.97616203503720200, 5.357264941197257713 ) ) ;
#4799 = CARTESIAN_POINT ( 'NONE',  ( -5.000000000000000888, 14.90000000000000036, 3.949683531626299260 ) ) ;
#4800 = CARTESIAN_POINT ( 'NONE',  ( -6.563744056669571947, 4.258923539645756762, -3.167733995946681702 ) ) ;
#4801 = CARTESIAN_POINT ( 'NONE',  ( -10.91277339565759696, 9.454423868957423593, -5.691304331514693615 ) ) ;
#4802 = DIRECTION ( 'NONE',  ( 0.0000000000000000000, 0.0000000000000000000, 1.000000000000000000 ) ) ;
#4803 = CARTESIAN_POINT ( 'NONE',  ( -19.80000000000000071, 4.183362168483081511, 0.9000000000000003553 ) ) ;
#4804 = CARTESIAN_POINT ( 'NONE',  ( -13.50625189653953129, 11.48536081608334491, 5.999967093494318782 ) ) ;
#4805 = VERTEX_POINT ( 'NONE', #2793 ) ;
#4806 = CIRCLE ( 'NONE', #7029, 0.1000000000000002554 ) ;
#4807 = ADVANCED_FACE ( 'NONE', ( #2866 ), #4617, .T. ) ;
#4808 = CARTESIAN_POINT ( 'NONE',  ( -5.000000000000044409, 13.68891117515614830, -5.086693040661064202 ) ) ;
#4809 = CARTESIAN_POINT ( 'NONE',  ( -7.293270659176166681, 4.834812639668014889, -3.905933544157232706 ) ) ;
#4810 = CARTESIAN_POINT ( 'NONE',  ( -11.16069082122796452, 3.311692565034556335, 0.4995993274408186968 ) ) ;
#4811 = CARTESIAN_POINT ( 'NONE',  ( -5.034877976733860727, 13.83176488742403798, -5.034074480609505464 ) ) ;
#4812 = CARTESIAN_POINT ( 'NONE',  ( -8.617104371554439979, 6.803357681385838518, 5.269940937495333877 ) ) ;
#4813 = CARTESIAN_POINT ( 'NONE',  ( -7.990442757064703194, 14.05669655147239894, -2.474921701458597134 ) ) ;
#4814 = CARTESIAN_POINT ( 'NONE',  ( -6.562501896539530755, 13.24269686076859287, 4.242584512726212509 ) ) ;
#4816 = CARTESIAN_POINT ( 'NONE',  ( -12.23402909914876169, 10.34183262763226629, 5.459170354779891987 ) ) ;
#4815 = CARTESIAN_POINT ( 'NONE',  ( -6.112501896539530577, 4.757303139231405353, -4.242584512726213397 ) ) ;
#4817 = ORIENTED_EDGE ( 'NONE', *, *, #6901, .T. ) ;
#4818 = CARTESIAN_POINT ( 'NONE',  ( -8.324971430865140576, 3.719869622339224691, -1.929676363846029252 ) ) ;
#4819 = CARTESIAN_POINT ( 'NONE',  ( -9.092392087582787497, 4.860492349776609267, -3.932934771945026053 ) ) ;
#4820 = CARTESIAN_POINT ( 'NONE',  ( -9.943194981986598791, 6.442981009635250444, -5.096468459118550065 ) ) ;
#4821 = ORIENTED_EDGE ( 'NONE', *, *, #2789, .T. ) ;
#4822 = DIRECTION ( 'NONE',  ( 1.000000000000000000, -0.0000000000000000000, -0.0000000000000000000 ) ) ;
#4823 = DIRECTION ( 'NONE',  ( 1.000000000000000000, -0.0000000000000000000, -0.0000000000000000000 ) ) ;
#4824 = CARTESIAN_POINT ( 'NONE',  ( -11.71287994335791538, 10.46063183614376513, -5.437219874779345652 ) ) ;
#4825 = AXIS2_PLACEMENT_3D ( 'NONE', #3298, #5147, #3799 ) ;
#4826 = DIRECTION ( 'NONE',  ( 6.276880706645834643E-15, -0.6901408450704134001, -0.7236750748543823164 ) ) ;
#4827 = EDGE_LOOP ( 'NONE', ( #331, #1529, #4902, #2421 ) ) ;
#4828 = LINE ( 'NONE', #2980, #8011 ) ;
#4829 = CARTESIAN_POINT ( 'NONE',  ( -9.201644743581239183, 3.289750926611547222, 0.01809864616088860401 ) ) ;
#4830 = AXIS2_PLACEMENT_3D ( 'NONE', #6529, #483, #2308 ) ;
#4831 = CYLINDRICAL_SURFACE ( 'NONE', #1238, 0.9000000000000003553 ) ;
#4832 = CARTESIAN_POINT ( 'NONE',  ( -3.999999999999996447, -3.999999999999999112, -4.000000000000000000 ) ) ;
#4833 = CARTESIAN_POINT ( 'NONE',  ( -10.83750189653953200, 4.757415487273786603, 4.242696860768593758 ) ) ;
#4834 = CARTESIAN_POINT ( 'NONE',  ( -12.20000189653953093, 9.000074396905310081, 5.618955715758048086 ) ) ;
#4835 = CARTESIAN_POINT ( 'NONE',  ( -12.73635014577692992, 3.863051013057008820, -2.493649850169262994 ) ) ;
#4836 = VECTOR ( 'NONE', #6487, 1000.000000000000000 ) ;
#4837 = EDGE_LOOP ( 'NONE', ( #4154, #388 ) ) ;
#4838 = CARTESIAN_POINT ( 'NONE',  ( -10.06250189653952987, 5.026745703644327712, -3.973149083243182833 ) ) ;
#4839 = CARTESIAN_POINT ( 'NONE',  ( -11.56205596486123355, 13.08661623905760152, -3.987736648630141989 ) ) ;
#4840 = CARTESIAN_POINT ( 'NONE',  ( -8.552639269370978070, 7.163413522924543919, 5.321888830146520810 ) ) ;
#4841 = CARTESIAN_POINT ( 'NONE',  ( -4.900000000000002132, 15.00000000000000178, 3.224903099319424982 ) ) ;
#4842 = CARTESIAN_POINT ( 'NONE',  ( -6.523631300924019882, 3.370708627969049687, 0.9074201171900027063 ) ) ;
#4843 = CARTESIAN_POINT ( 'NONE',  ( -10.68858962707781579, 14.69387070982025811, 0.4212263683289459437 ) ) ;
#4844 =( NAMED_UNIT ( * ) SI_UNIT ( $, .STERADIAN. ) SOLID_ANGLE_UNIT ( ) );
#4845 = CARTESIAN_POINT ( 'NONE',  ( 0.0000000000000000000, 0.0000000000000000000, -4.900000000000000355 ) ) ;
#4846 = CARTESIAN_POINT ( 'NONE',  ( -11.20000189653952916, 8.999920557937377552, -5.999999999474078471 ) ) ;
#4847 = CARTESIAN_POINT ( 'NONE',  ( -5.000000000000001776, 13.64758001544924682, -5.100000000000001421 ) ) ;
#4848 = B_SPLINE_CURVE_WITH_KNOTS ( 'NONE', 3,
 ( #159, #1936, #3816, #1293, #691, #7390, #3156, #7539, #49, #4419, #6886, #93, #4389, #1855, #7466, #2588, #1326, #3856, #4308, #3743, #6278, #6855, #6321, #769, #5588, #13, #6237, #2512, #6771, #5630, #1211, #4347, #3698, #2473, #2553, #4970, #6814, #6162, #5008, #6199, #732, #651, #7506, #3199, #1894, #611, #364, #1531, #7620, #3936, #4022, #7659, #2054, #5750, #7133, #3442, #7580, #4611, #2742, #6524, #5082, #4535, #1489, #7048, #5124, #200, #6398, #965, #5912, #3403, #1571, #5793, #2658, #2010, #7010, #1446, #5835, #4494, #7705, #847, #2094, #3320, #279, #321, #1406, #3977, #6482, #243, #3895, #6970, #928, #5164, #803, #7749, #2787, #2136, #6357, #4572, #2178, #3276, #2701, #6443, #887, #7091, #3365, #5204, #5249, #4653, #4062, #1726, #3518, #4220, #6106, #4143, #7788, #2825, #5329, #399, #7945, #1689, #2989, #1081, #2382, #4839, #5290, #6681, #2950, #7216, #5948, #2904, #7179, #477, #1610, #7905, #2301, #4691, #2213, #1124, #2338, #6564, #5987, #7338, #6724, #1654, #7295, #518, #1008, #3480, #2861, #3562, #7825, #6025, #1766, #4263, #3610, #1162, #3647, #2256, #439, #6604, #1045, #5371, #4179, #7867, #4765, #7256, #6639, #4963, #7457, #3111, #7418, #3848, #4996, #3068, #1846, #7498, #5579, #5538, #1199, #2580, #6922, #681, #6760, #6269, #4376, #1358, #4, #6845, #1285, #598, #3687, #4339, #4448, #554, #6879, #5036, #1243, #6150, #1963, #4923, #6803, #3733, #1926, #6192, #5491, #642, #41, #6229, #1318, #4883, #5622, #4413, #82, #7380, #7984, #3808, #2543, #4301, #3189, #723, #5662, #120, #1809, #7534, #2424, #3395, #189, #7124, #5826, #1397, #4526, #5740, #3886, #5783, #5192, #6999, #7693, #1562, #7611, #3229, #6313, #4601, #7648, #2126, #1522, #153, #4563, #5864, #2776, #761, #7081, #6433, #2649, #6348, #6387, #2612, #3969, #5073, #880, #234, #7572, #3310, #794, #837, #4014, #269, #5238, #2171, #5113, #2732, #6474, #2002, #4486, #6961, #1478, #3265, #3356, #919, #7741, #2042, #1436, #3924, #2694, #2086, #1750, #3587, #22, #3009, #6049, #6741, #4682, #4091, #538, #6092, #6707, #2972, #7438, #578, #6553, #5433, #3049, #955, #2405, #624, #353, #1827, #4283, #2205, #4317, #5474, #2483, #996, #7967, #4862, #503, #7167, #7928, #4941, #4053, #2446, #6173, #7359, #1790, #3094, #6784, #1223, #2363, #5518, #4819, #5560, #7322, #4243, #1182, #4904, #2816, #3669, #8007, #1147, #5280, #3431, #7401, #7780, #3712, #6512, #6130, #5902, #3632, #1600, #3755, #4358, #6333, #1420, #4469, #5643, #3831, #3908, #214, #1305, #3170, #6211, #4508, #5138, #106, #6827, #1866, #4399, #7480, #6982, #743, #2024, #3213, #1909, #1267, #663, #2671, #6942, #779, #6293, #5684, #3130, #142, #5600, #7553, #1339, #61, #2525, #173, #1984, #4979, #5022, #2601, #817, #6868, #1380, #6372, #6899, #2632, #3290, #2568, #3791, #5057, #5096, #5765, #3870, #3250, #6249, #5723, #7519, #7591, #706, #1948, #4432, #410, #4663, #6414, #6492, #7144, #7672, #1542, #4586, #5847, #4071, #2107, #6455, #6536, #2150, #7062, #252, #1622, #5959, #2066, #1580, #5262, #1021, #7633, #3415, #976, #1502, #3453, #4625, #939, #3492, #2871, #5925, #4114, #292, #2714, #4547, #5176, #3992, #334, #7023, #2189, #900, #7106, #3377, #1459, #861, #4033, #375, #2755, #5219, #3952, #3335, #2836, #7719, #5808, #2224, #5302, #7797, #5883, #2797, #4701, #7763, #7190, #6578, #4894, #7955, #1095, #7308, #7391, #450, #4809, #4272, #6038, #6732, #612, #6651, #2269, #5339, #7880, #2917, #7995, #4232, #5505, #1136, #5381, #7837, #4737, #3699, #2395, #7270, #2313, #5422, #1665, #2999, #4156, #5460, #1738, #7229, #6615, #3660, #4849, #1057, #492, #3621, #4309, #3527, #7347, #1818, #2352, #5999, #1702, #6081, #4193, #528, #565, #6772, #1779, #1172, #1212, #6118, #2961, #3039, #3575, #7917, #2434, #6163, #129, #1856, #1938, #7508, #5011, #5632, #1896, #6359, #7541, #5589, #4391, #1972, #95, #50, #3744, #5084, #1408, #5548, #2590, #734, #4496, #3083, #6888, #4421, #1328, #3120, #6200, #6858, #6972, #3897, #1367, #7582, #3780, #652 ),
 .UNSPECIFIED., .F., .F.,
 ( 4, 2, 2, 2, 2, 2, 2, 2, 2, 2, 2, 2, 2, 2, 2, 2, 2, 2, 2, 2, 2, 2, 2, 2, 2, 2, 2, 2, 2, 2, 2, 2, 2, 2, 2, 2, 2, 2, 2, 2, 2, 2, 2, 2, 2, 2, 2, 2, 2, 2, 2, 2, 2, 2, 2, 2, 2, 2, 2, 2, 2, 2, 2, 2, 2, 2, 2, 2, 2, 2, 2, 2, 2, 2, 2, 2, 2, 2, 2, 2, 2, 2, 2, 2, 2, 2, 2, 2, 2, 2, 2, 2, 2, 2, 2, 2, 2, 2, 2, 2, 2, 2, 2, 2, 2, 2, 2, 2, 2, 2, 2, 2, 2, 2, 2, 2, 2, 2, 2, 2, 2, 2, 2, 2, 2, 2, 2, 2, 2, 2, 2, 2, 2, 2, 2, 2, 2, 2, 2, 2, 2, 2, 2, 2, 2, 2, 2, 2, 2, 2, 2, 2, 2, 2, 2, 2, 2, 2, 2, 2, 2, 2, 2, 2, 2, 2, 2, 2, 2, 2, 2, 2, 2, 2, 2, 2, 2, 2, 2, 2, 2, 2, 2, 2, 2, 2, 2, 2, 2, 2, 2, 2, 2, 2, 2, 2, 2, 2, 2, 2, 2, 2, 2, 2, 2, 2, 2, 2, 2, 2, 2, 2, 2, 2, 2, 2, 2, 2, 2, 2, 2, 2, 2, 2, 2, 2, 2, 2, 2, 2, 2, 2, 2, 2, 2, 2, 2, 2, 2, 2, 2, 2, 2, 2, 2, 2, 2, 2, 2, 2, 2, 2, 2, 2, 2, 2, 2, 2, 2, 2, 2, 2, 2, 2, 2, 2, 2, 2, 2, 2, 2, 2, 2, 2, 2, 2, 2, 2, 2, 2, 2, 2, 2, 2, 2, 4 ),
 ( 0.0000000000000000000, 0.001063035622812514387, 0.002126071245625028774, 0.003189106868437543377, 0.003720624679843798511, 0.004252142491250053211, 0.005315178114062562610, 0.006378213736875072877, 0.007441249359687584011, 0.008504284982500094278, 0.009567320605312604545, 0.01063035622812511655, 0.01169339185093762681, 0.01275642747375013708, 0.01381946309656264735, 0.01488249871937515761, 0.01594553434218766788, 0.01700856996500017815, 0.01807160558781268148, 0.01913464121062518827, 0.02019767683343768813, 0.02126071245625019493, 0.02232374807906269479, 0.02338678370187520159, 0.02444981932468770144, 0.02498133713609395484, 0.02551285494750021171, 0.02657589057031271504, 0.02763892619312522531, 0.02870196181593772863, 0.02976499743875023890, 0.03082803306156274223, 0.03135955087296899563, 0.03189106868437525250, 0.03295410430718775929, 0.03401713993000027303, 0.03508017555281277983, 0.03614321117562527969, 0.03667472898703153655, 0.03720624679843778648, 0.03826928242125028634, 0.03933231804406278620, 0.04039535366687527912, 0.04145838928968777898, 0.04252142491250029271, 0.04305294272390653570, 0.04358446053531279257, 0.04464749615812529243, 0.04571053178093779923, 0.04677356740375030603, 0.04783660302656281976, 0.04836812083796906275, 0.04889963864937531268, 0.04996267427218781948, 0.05102570989500032628, 0.05208874551781284001, 0.05315178114062533987, 0.05421481676343784667, 0.05474633457484411048, 0.05527785238625036734, 0.05634088800906288108, 0.05740392363187538788, 0.05846695925468790855, 0.05952999487750042229, 0.06059303050031293603, 0.06165606612312544976, 0.06271910174593796350, 0.06378213736875047724, 0.06484517299156299097, 0.06590820861437550471, 0.06697124423718801844, 0.06803427986000053218, 0.06909731548281305979, 0.07016035110562557353, 0.07122338672843808727, 0.07228642235125060100, 0.07334945797406311474, 0.07441249359687562848, 0.07547552921968815609, 0.07600704703109439908, 0.07653856484250065595, 0.07760160046531316969, 0.07866463608812569730, 0.07972767171093819716, 0.08079070733375071089, 0.08132222514515698164, 0.08185374295656323851, 0.08291677857937573837, 0.08397981420218826598, 0.08504284982500077972, 0.08610588544781327958, 0.08716892107062580719, 0.08770043888203206406, 0.08823195669343832093, 0.08929499231625082079, 0.09142106356187584826, 0.09248409918468834812, 0.09301561699609460498, 0.09354713480750086185, 0.09461017043031337559, 0.09567320605312588933, 0.09673624167593840306, 0.09779927729875091680, 0.09886231292156343053, 0.09939383073296968740, 0.09992534854437594427, 0.1009883841671884719, 0.1020514197900009717, 0.1031144554128134855, 0.1041774910356260131, 0.1047090088470322561, 0.1052405266584385130, 0.1063035622812510267, 0.1073665979040635543, 0.1084296335268760542, 0.1094926691496885818, 0.1105557047725010955, 0.1116187403953135954, 0.1126817760181261230, 0.1137448116409386367, 0.1148078472637511366, 0.1158708828865636642, 0.1169339185093761779, 0.1179969541321886917, 0.1190599897550012054, 0.1201230253778137191, 0.1211860610006262329, 0.1222490966234387466, 0.1233121322462512603, 0.1243751678690637741, 0.1254382034918763156, 0.1265012391146888571, 0.1275642747375013708, 0.1286273103603138845, 0.1296903459831264260, 0.1307533816059389675, 0.1318164172287514813, 0.1323479350401577381, 0.1328794528515639950, 0.1339424884743765365, 0.1350055240971890780, 0.1360685597200015640, 0.1371315953428141055, 0.1381946309656266192, 0.1392576665884391607, 0.1403207022112516744, 0.1413837378340641882, 0.1419152556454704450, 0.1424467734568766741, 0.1435098090796891879, 0.1445728447025017016, 0.1456358803253142431, 0.1466989159481267568, 0.1477619515709392706, 0.1482934693823455274, 0.1488249871937517566, 0.1498880228165642703, 0.1509510584393768395, 0.1520140940621893810, 0.1530771296850019225, 0.1536086474964081794, 0.1541401653078144363, 0.1552032009306269777, 0.1562662365534395192, 0.1573292721762520330, 0.1583923077990645190, 0.1594553434218770327, 0.1599868612332832896, 0.1605183790446895464, 0.1615814146675020879, 0.1626444502903146572, 0.1637074859131271987, 0.1647705215359397402, 0.1653020393473459970, 0.1658335571587522539, 0.1668965927815647399, 0.1679596284043772814, 0.1690226640271897951, 0.1700856996500023088, 0.1711487352728148226, 0.1716802530842210794, 0.1722117708956273363, 0.1732748065184398500, 0.1743378421412523638, 0.1754008777640648775, 0.1764639133868773913, 0.1775269490096899050, 0.1785899846325024465, 0.1796530202553149325, 0.1807160558781274462, 0.1812475736895337031, 0.1817790915009399599, 0.1828421271237524737, 0.1839051627465649874, 0.1849681983693775289, 0.1860312339921900149, 0.1870942696150025286, 0.1881573052378150424, 0.1892203408606275561, 0.1902833764834400976, 0.1913464121062526113, 0.1924094477290650973, 0.1934724833518776110, 0.1945355189746901248, 0.1955985545975026385, 0.1966615902203151800, 0.1977246258431276937, 0.1987876614659401797, 0.1998506970887526935, 0.2009137327115652072, 0.2019767683343777487, 0.2025082861457840055, 0.2030398039571902624, 0.2041028395800027762, 0.2051658752028152899, 0.2062289108256277759, 0.2072919464484403174, 0.2078234642598465742, 0.2083549820712528311, 0.2094180176940653448, 0.2104810533168778586, 0.2115440889396903723, 0.2126071245625028860, 0.2136701601853153998, 0.2142016779967216566, 0.2147331958081279135, 0.2157962314309403995, 0.2168592670537528855, 0.2179223026765653437, 0.2189853382993778574, 0.2195168561107841143, 0.2200483739221903712, 0.2211114095450028572, 0.2221744451678153154, 0.2232374807906278014, 0.2243005164134403151, 0.2253635520362528011, 0.2258950698476590579, 0.2264265876590652871, 0.2274896232818777730, 0.2285526589046902590, 0.2296156945275027450, 0.2306787301503152310, 0.2312102479617214879, 0.2317417657731277447, 0.2328048013959402307, 0.2338678370187527167, 0.2349308726415652027, 0.2359939082643776886, 0.2370569438871901746, 0.2381199795100026606, 0.2391830151328151466, 0.2402460507556276048, 0.2413090863784401185, 0.2423721220012526045, 0.2434351576240650905, 0.2444981932468775487, 0.2455612288696900347, 0.2466242644925025207, 0.2476873001153150344, 0.2487503357381274927, 0.2498133713609399786, 0.2508764069837524646, 0.2519394426065649228, 0.2530024782293774366, 0.2540655138521899503, 0.2551285494750024085, 0.2561915850978148668, 0.2572546207206273805, 0.2583176563434398942, 0.2588491741548460956, 0.2593806919662523525, 0.2604437275890648662, 0.2615067632118773244, 0.2625697988346898382, 0.2636328344575022964, 0.2641643522689085533, 0.2646958700803148101, 0.2657589057031273239, 0.2668219413259397821, 0.2678849769487522403, 0.2689480125715647540, 0.2700110481943772678, 0.2705425660057835247, 0.2710740838171897815, 0.2721371194400022397 ),
 .UNSPECIFIED. ) ;
#4849 = CARTESIAN_POINT ( 'NONE',  ( -6.923639864045624925, 14.59897780014341429, 1.120122419016322812 ) ) ;
#4850 = CARTESIAN_POINT ( 'NONE',  ( -11.02792688248106678, 5.214649195575385754, -4.275531388678562195 ) ) ;
#4851 = DIRECTION ( 'NONE',  ( -1.000000000000000000, 0.0000000000000000000, 0.0000000000000000000 ) ) ;
#4852 = CARTESIAN_POINT ( 'NONE',  ( -8.608288805202258587, 6.491720066635346065, 5.129132611365978534 ) ) ;
#4853 = CARTESIAN_POINT ( 'NONE',  ( -7.961310383614325303, 13.11443778524372483, -3.959503941193157850 ) ) ;
#4854 = CARTESIAN_POINT ( 'NONE',  ( -5.000000000000001776, 9.000000000000000000, 0.0000000000000000000 ) ) ;
#4855 = EDGE_CURVE ( 'NONE', #7285, #1540, #1015, .T. ) ;
#4856 = EDGE_CURVE ( 'NONE', #7208, #3227, #6514, .T. ) ;
#4858 = CARTESIAN_POINT ( 'NONE',  ( -12.29312785543318576, 12.38821932775570644, 4.496062598925373521 ) ) ;
#4857 = CARTESIAN_POINT ( 'NONE',  ( -13.67500189653952880, 14.99999999947407936, -7.944206262056783218E-05 ) ) ;
#4859 = ORIENTED_EDGE ( 'NONE', *, *, #2778, .F. ) ;
#4860 = VECTOR ( 'NONE', #2643, 1000.000000000000000 ) ;
#4861 = CARTESIAN_POINT ( 'NONE',  ( -8.094347553108038440, 8.258899836384557602, -5.661825778134033094 ) ) ;
#4862 = CARTESIAN_POINT ( 'NONE',  ( -9.260050644597438207, 3.762144856497120493, 2.273797139194459138 ) ) ;
#4863 = CARTESIAN_POINT ( 'NONE',  ( -10.41141692347583003, 6.601149057245090823, 5.181875978472959332 ) ) ;
#4864 = ORIENTED_EDGE ( 'NONE', *, *, #7909, .F. ) ;
#4865 = CARTESIAN_POINT ( 'NONE',  ( -7.287365243942184101, 5.012316761383226904, -4.075621281701672594 ) ) ;
#4866 = EDGE_CURVE ( 'NONE', #4270, #1189, #5488, .T. ) ;
#4867 = CIRCLE ( 'NONE', #2932, 0.09999999999999982514 ) ;
#4868 = CARTESIAN_POINT ( 'NONE',  ( -11.58454456225463680, 12.39330767515610177, -4.592809759689395754 ) ) ;
#4869 = DIRECTION ( 'NONE',  ( 0.0000000000000000000, 0.0000000000000000000, -1.000000000000000000 ) ) ;
#4870 = ORIENTED_EDGE ( 'NONE', *, *, #6308, .F. ) ;
#4871 = CARTESIAN_POINT ( 'NONE',  ( -10.50000009850236538, 8.999999999999998224, -5.999999999999998224 ) ) ;
#4872 = VECTOR ( 'NONE', #5378, 1000.000000000000000 ) ;
#4873 = CARTESIAN_POINT ( 'NONE',  ( -9.473870211875512481, 10.86664651117918901, 5.387715178273780658 ) ) ;
#4874 = CARTESIAN_POINT ( 'NONE',  ( -6.459427576989201114, 7.570867304964727929, -5.527672031690997301 ) ) ;
#4875 = CARTESIAN_POINT ( 'NONE',  ( -11.06250189653952987, 13.24269686076859287, 4.242584512726212509 ) ) ;
#4876 = CARTESIAN_POINT ( 'NONE',  ( -10.61250189653953058, 4.757303139231405353, -4.242584512726213397 ) ) ;
#4877 = CARTESIAN_POINT ( 'NONE',  ( -12.76250189653953093, 5.026745703644327712, -3.973149083243182833 ) ) ;
#4878 = CARTESIAN_POINT ( 'NONE',  ( -12.97140098096667948, 4.590929098316404833, 3.487617208592091789 ) ) ;
#4879 = STYLED_ITEM ( 'NONE', ( #1521 ), #7685 ) ;
#4880 = CIRCLE ( 'NONE', #1652, 7.000000000000000000 ) ;
#4881 = ORIENTED_EDGE ( 'NONE', *, *, #373, .T. ) ;
#4882 = CARTESIAN_POINT ( 'NONE',  ( -9.218751896539533419, 3.381013468034773428, -2.327373266935496954 ) ) ;
#4883 = CARTESIAN_POINT ( 'NONE',  ( -10.52191226507093802, 14.57764548710340868, 1.183786923595616880 ) ) ;
#4884 = CARTESIAN_POINT ( 'NONE',  ( -8.549597689777282739, 9.948693300275200713, 5.630999960762586021 ) ) ;
#4885 = CARTESIAN_POINT ( 'NONE',  ( -7.181251896539530222, 3.000032906505680774, 2.485360816083349800 ) ) ;
#4886 = CARTESIAN_POINT ( 'NONE',  ( -5.003711937461213566, 15.07247657156668730, 3.343657736972504235 ) ) ;
#4887 = CARTESIAN_POINT ( 'NONE',  ( -6.685195423940068160, 7.368256818404909758, 5.472067359424127808 ) ) ;
#4888 = CARTESIAN_POINT ( 'NONE',  ( -10.62718749666987250, 14.02032320588109648, 2.719256609704246763 ) ) ;
#4889 = DIRECTION ( 'NONE',  ( 0.0000000000000000000, -1.000000000000000000, 0.0000000000000000000 ) ) ;
#4890 = CARTESIAN_POINT ( 'NONE',  ( -18.90004514576411054, 4.100008292078534566, 0.1180286795828160706 ) ) ;
#4891 = DIRECTION ( 'NONE',  ( 0.0000000000000000000, 0.0000000000000000000, 1.000000000000000000 ) ) ;
#4892 = CARTESIAN_POINT ( 'NONE',  ( -11.76250189653952916, 13.24269686076859287, 4.242584512726211621 ) ) ;
#4893 = CARTESIAN_POINT ( 'NONE',  ( -6.226480668386043860, 10.94916355797176521, -5.355496701717008534 ) ) ;
#4894 = CARTESIAN_POINT ( 'NONE',  ( -7.368835917324402907, 3.448780905798034535, -1.301936547551896250 ) ) ;
#4895 = CARTESIAN_POINT ( 'NONE',  ( -11.06250010731212896, 4.286455742698058735, -3.208530414847067025 ) ) ;
#4896 = CARTESIAN_POINT ( 'NONE',  ( -4.921861897681863773, 13.84249032322883366, -4.997980488145304712 ) ) ;
#4897 = CARTESIAN_POINT ( 'NONE',  ( -8.531356846596061416, 4.202931913684645693, 3.096031575188367579 ) ) ;
#4898 = CARTESIAN_POINT ( 'NONE',  ( -7.827939764078521989, 14.63037415518864925, 0.9526893964355421796 ) ) ;
#4899 = CARTESIAN_POINT ( 'NONE',  ( -8.500000997523411428, 8.999960278968686112, -5.999999999999998224 ) ) ;
#4901 = CARTESIAN_POINT ( 'NONE',  ( -12.30848255165982508, 14.45277046732314652, 1.695631670061086504 ) ) ;
#4900 = CARTESIAN_POINT ( 'NONE',  ( -13.28125189653952809, 3.000032906505680774, 2.485360816083349800 ) ) ;
#4902 = ORIENTED_EDGE ( 'NONE', *, *, #5199, .F. ) ;
#4903 = DIRECTION ( 'NONE',  ( 1.000000000000000000, 0.0000000000000000000, 0.0000000000000000000 ) ) ;
#4904 = CARTESIAN_POINT ( 'NONE',  ( -9.026177823837837622, 7.048940665222845681, -5.357695777230245149 ) ) ;
#4905 = EDGE_CURVE ( 'NONE', #4644, #5932, #1103, .T. ) ;
#4906 = CARTESIAN_POINT ( 'NONE',  ( -10.23681492734262832, 5.680019417170676377, 4.645837966966824162 ) ) ;
#4907 = ORIENTED_EDGE ( 'NONE', *, *, #1404, .T. ) ;
#4908 = CARTESIAN_POINT ( 'NONE',  ( -20.40000000000000213, 9.000000000000000000, 0.0000000000000000000 ) ) ;
#4909 = CARTESIAN_POINT ( 'NONE',  ( -7.339216356351943027, 5.735961779059203458, -4.586991269202900234 ) ) ;
#4910 = CARTESIAN_POINT ( 'NONE',  ( -11.65817912390032873, 12.34699532525037924, -4.527095261870536902 ) ) ;
#4911 = CARTESIAN_POINT ( 'NONE',  ( -13.00000000000001954, 12.82844707173476095, 4.434351401413313631 ) ) ;
#4912 = ORIENTED_EDGE ( 'NONE', *, *, #1215, .F. ) ;
#4913 = CARTESIAN_POINT ( 'NONE',  ( -19.07990457885119540, 13.86946049643295531, -0.5527071697913075177 ) ) ;
#4914 = ADVANCED_FACE ( 'NONE', ( #1291 ), #1205, .T. ) ;
#4915 = CARTESIAN_POINT ( 'NONE',  ( -9.380654858773880278, 7.199680613947067265, 5.419022568096712789 ) ) ;
#4916 = CARTESIAN_POINT ( 'NONE',  ( -20.50000000000000000, 9.000000000000000000, 0.0000000000000000000 ) ) ;
#4917 = CARTESIAN_POINT ( 'NONE',  ( -8.418751896539530932, 15.00003290545384260, 2.485201931958106236 ) ) ;
#4918 = CARTESIAN_POINT ( 'NONE',  ( -13.26875189653952880, 14.61898653196522524, 2.327373266935493845 ) ) ;
#4919 = CARTESIAN_POINT ( 'NONE',  ( -12.91119417505126599, 3.489094359421383906, -1.495277593838393537 ) ) ;
#4920 = ORIENTED_EDGE ( 'NONE', *, *, #3523, .T. ) ;
#4921 = CARTESIAN_POINT ( 'NONE',  ( -7.587501896539530222, 5.026850916756816723, 3.973254296355670956 ) ) ;
#4922 = B_SPLINE_CURVE_WITH_KNOTS ( 'NONE', 3,
 ( #5814, #257, #822, #6540, #2718, #3459, #6461, #7803 ),
 .UNSPECIFIED., .F., .F.,
 ( 4, 2, 2, 4 ),
 ( 0.0000000000000000000, 0.0001309668869663723845, 0.0002619337739327447690, 0.0005238675478654883453 ),
 .UNSPECIFIED. ) ;
#4923 = CARTESIAN_POINT ( 'NONE',  ( -10.63673460845946117, 13.73801921864971476, -3.186559236415672736 ) ) ;
#4924 = CARTESIAN_POINT ( 'NONE',  ( -8.800024692941219584, 14.38046436835191599, -1.912099563202680708 ) ) ;
#4925 = DIRECTION ( 'NONE',  ( -0.0000000000000000000, -0.0000000000000000000, 1.000000000000000000 ) ) ;
#4926 = CARTESIAN_POINT ( 'NONE',  ( -11.93125189653953200, 14.99996709349432145, -2.485360816083348023 ) ) ;
#4927 = CARTESIAN_POINT ( 'NONE',  ( -6.722215087985630610, 6.111303747123814745, 4.822755162586267019 ) ) ;
#4928 = CARTESIAN_POINT ( 'NONE',  ( -10.97259266464130434, 7.080702158414989178, -5.377225837024655064 ) ) ;
#4929 = CARTESIAN_POINT ( 'NONE',  ( 0.0000000000000000000, 0.09999999999999939493, 3.400000000000000355 ) ) ;
#4930 = CARTESIAN_POINT ( 'NONE',  ( -7.937501896539529866, 4.757415487273787491, 4.242696860768592870 ) ) ;
#4931 = EDGE_LOOP ( 'NONE', ( #3988, #7071 ) ) ;
#4932 = DIRECTION ( 'NONE',  ( -1.000000000000000000, 0.0000000000000000000, 0.0000000000000000000 ) ) ;
#4933 = CARTESIAN_POINT ( 'NONE',  ( -11.21049753380113145, 3.818430998762553763, 2.379842253623157156 ) ) ;
#4934 = DIRECTION ( 'NONE',  ( 0.0000000000000000000, -1.000000000000000000, 0.0000000000000000000 ) ) ;
#4935 = CARTESIAN_POINT ( 'NONE',  ( -8.436404545881325490, 3.313249214913770668, -0.5099927110876766312 ) ) ;
#4936 = CARTESIAN_POINT ( 'NONE',  ( -5.900000000000001243, 9.000000000000000000, 7.000000000000000000 ) ) ;
#4938 = CARTESIAN_POINT ( 'NONE',  ( -12.56736478438551075, 14.06458561439264798, -2.619596090658233400 ) ) ;
#4937 = CARTESIAN_POINT ( 'NONE',  ( -11.03125189653952809, 14.99996709349432145, -2.485360816083348023 ) ) ;
#4939 = ORIENTED_EDGE ( 'NONE', *, *, #6422, .F. ) ;
#4940 = CARTESIAN_POINT ( 'NONE',  ( -6.307481958661622201, 10.93797189325365871, -5.324746200198547719 ) ) ;
#4941 = CARTESIAN_POINT ( 'NONE',  ( -9.206678638332800091, 3.294410698918529334, 0.2274660296166942930 ) ) ;
#4942 = CARTESIAN_POINT ( 'NONE',  ( -10.16637646237509429, 3.864672836861309246, 2.496802762834103184 ) ) ;
#4943 = ORIENTED_EDGE ( 'NONE', *, *, #40, .F. ) ;
#4944 = SURFACE_SIDE_STYLE ('',( #1270 ) ) ;
#4945 = CARTESIAN_POINT ( 'NONE',  ( -7.218660250068821504, 10.24047856718122240, -5.483131041615887824 ) ) ;
#4947 = CARTESIAN_POINT ( 'NONE',  ( -11.78334076363653615, 7.680853751249969719, -5.473160042916829227 ) ) ;
#4946 = CARTESIAN_POINT ( 'NONE',  ( -11.68125189653953022, 3.000032906505680774, 2.485360816083349800 ) ) ;
#4948 = CARTESIAN_POINT ( 'NONE',  ( -5.000000000000001776, 0.09999999999999939493, 4.899999999999998579 ) ) ;
#4949 = EDGE_CURVE ( 'NONE', #6228, #2444, #2394, .T. ) ;
#4950 = EDGE_LOOP ( 'NONE', ( #1197, #2326 ) ) ;
#4951 = DIRECTION ( 'NONE',  ( -0.0000000000000000000, -1.000000000000000000, -0.0000000000000000000 ) ) ;
#4952 = CARTESIAN_POINT ( 'NONE',  ( -9.542943918568393968, 10.67257410632326753, 5.367125360724820382 ) ) ;
#4953 = CARTESIAN_POINT ( 'NONE',  ( -6.692559460158948426, 3.560269589795657552, 1.733963481757178737 ) ) ;
#4954 = CARTESIAN_POINT ( 'NONE',  ( -5.950163377777665019, 11.05204850545977990, -5.638182059071901620 ) ) ;
#4955 = AXIS2_PLACEMENT_3D ( 'NONE', #1071, #3548, #350 ) ;
#4956 = CARTESIAN_POINT ( 'NONE',  ( -6.450001896539530044, 9.000079442062618895, 5.999999999474079360 ) ) ;
#4957 = CARTESIAN_POINT ( 'NONE',  ( -13.88750189653953093, 5.026850916756816723, 3.973254296355670956 ) ) ;
#4958 = ADVANCED_FACE ( 'NONE', ( #3778 ), #5497, .T. ) ;
#4959 = CARTESIAN_POINT ( 'NONE',  ( -13.03614206124130348, 4.315210927719455469, 3.250369704982052355 ) ) ;
#4960 = EDGE_CURVE ( 'NONE', #926, #4716, #7844, .T. ) ;
#4961 = ORIENTED_EDGE ( 'NONE', *, *, #5770, .T. ) ;
#4962 = LINE ( 'NONE', #7600, #2902 ) ;
#4963 = CARTESIAN_POINT ( 'NONE',  ( -11.00603914670962524, 3.293401949635000658, 0.2010414228326127817 ) ) ;
#4964 = CARTESIAN_POINT ( 'NONE',  ( -8.974646395642762897, 13.92783382412330084, -2.868558538469990093 ) ) ;
#4965 = CYLINDRICAL_SURFACE ( 'NONE', #4002, 6.000000000000000000 ) ;
#4966 = CARTESIAN_POINT ( 'NONE',  ( -6.930255069011031388, 11.19673394218876439, 5.270680795200247459 ) ) ;
#4967 = CARTESIAN_POINT ( 'NONE',  ( -12.10285755996344470, 3.694872448946968646, 2.110385277731923637 ) ) ;
#4968 = CIRCLE ( 'NONE', #5357, 7.000000000000000000 ) ;
#4969 = CARTESIAN_POINT ( 'NONE',  ( -8.781251896539529866, 3.000032906505681662, 2.485360816083349356 ) ) ;
#4970 = CARTESIAN_POINT ( 'NONE',  ( -12.56784233940292417, 9.355707892371556866, -5.698834159214783313 ) ) ;
#4971 = MANIFOLD_SOLID_BREP ( '??2', #3197 ) ;
#4972 = DIRECTION ( 'NONE',  ( 0.0000000000000000000, 0.0000000000000000000, 1.000000000000000000 ) ) ;
#4973 = CARTESIAN_POINT ( 'NONE',  ( -11.11399596961591740, 3.582163307775818151, 1.530225615436214603 ) ) ;
#4974 = CARTESIAN_POINT ( 'NONE',  ( -4.900000000000001243, 0.0000000000000000000, 0.0000000000000000000 ) ) ;
#4975 = CARTESIAN_POINT ( 'NONE',  ( -8.453010467643581549, 3.293228150192152537, 0.1787374311818727690 ) ) ;
#4976 = CARTESIAN_POINT ( 'NONE',  ( -5.004433128840801714, 4.275071349298593226, -5.075442956489618851 ) ) ;
#4977 = CARTESIAN_POINT ( 'NONE',  ( -8.725001896539529511, 3.000000000525919752, 7.944206261983304126E-05 ) ) ;
#4978 = CARTESIAN_POINT ( 'NONE',  ( -4.900000000000001243, 13.64758001544925037, 4.999999999999999112 ) ) ;
#4979 = CARTESIAN_POINT ( 'NONE',  ( -8.405011798900464015, 4.709697713963573840, 3.768058641286364363 ) ) ;
#4980 = CARTESIAN_POINT ( 'NONE',  ( -10.24595330740327981, 5.980451000071953516, 4.846509492976764477 ) ) ;
#4981 = CIRCLE ( 'NONE', #6027, 1.000000000000000222 ) ;
#4982 = ORIENTED_EDGE ( 'NONE', *, *, #4714, .T. ) ;
#4983 =( NAMED_UNIT ( * ) SI_UNIT ( $, .STERADIAN. ) SOLID_ANGLE_UNIT ( ) );
#4984 = CARTESIAN_POINT ( 'NONE',  ( -7.572186401602608363, 3.370704383740129373, 0.9575377264547794143 ) ) ;
#4985 = CARTESIAN_POINT ( 'NONE',  ( -11.89931776181541068, 4.128315084320603567, -2.821961314119027620 ) ) ;
#4986 = CARTESIAN_POINT ( 'NONE',  ( -13.00000000000000178, 9.000000000000000000, 0.0000000000000000000 ) ) ;
#4987 = CIRCLE ( 'NONE', #7594, 0.1000000000000002554 ) ;
#4988 = ORIENTED_EDGE ( 'NONE', *, *, #6161, .T. ) ;
#4989 = CARTESIAN_POINT ( 'NONE',  ( 0.0000000000000000000, 0.0000000000000000000, 0.0000000000000000000 ) ) ;
#4990 = CARTESIAN_POINT ( 'NONE',  ( -9.594856436670193389, 14.27233598125992664, 2.192735485326247069 ) ) ;
#4991 = CARTESIAN_POINT ( 'NONE',  ( -7.218748766707445697, 12.80585216809354066, -4.255976025235071347 ) ) ;
#4992 = CARTESIAN_POINT ( 'NONE',  ( -7.350001896539530399, 9.000079442062618895, 5.999999999474079360 ) ) ;
#4993 = CARTESIAN_POINT ( 'NONE',  ( -7.306251896539530222, 6.672477939253883328, -5.618924899550870933 ) ) ;
#4994 = VERTEX_POINT ( 'NONE', #6688 ) ;
#4995 = AXIS2_PLACEMENT_3D ( 'NONE', #5974, #4598, #4751 ) ;
#4996 = CARTESIAN_POINT ( 'NONE',  ( -10.96722043742725283, 3.463562396107819019, -1.363606340230703706 ) ) ;
#4997 = CARTESIAN_POINT ( 'NONE',  ( -8.807416241268168022, 14.57668139897833370, 0.7100504525313232618 ) ) ;
#4998 = ADVANCED_FACE ( 'NONE', ( #5455 ), #6729, .T. ) ;
#4999 = EDGE_CURVE ( 'NONE', #3227, #4031, #1633, .T. ) ;
#5000 = DIRECTION ( 'NONE',  ( 0.0000000000000000000, 0.0000000000000000000, 1.000000000000000000 ) ) ;
#5001 = CARTESIAN_POINT ( 'NONE',  ( -7.350001896539530399, 9.000079442062618895, 5.999999999474079360 ) ) ;
#5002 = CARTESIAN_POINT ( 'NONE',  ( -6.678559383674078198, 4.766302009164999021, 3.711166441297221397 ) ) ;
#5003 = CARTESIAN_POINT ( 'NONE',  ( -12.15502370385650899, 4.783098585942999748, 3.849077858592926393 ) ) ;
#5004 = FILL_AREA_STYLE_COLOUR ( '', #7454 ) ;
#5005 = AXIS2_PLACEMENT_3D ( 'NONE', #1201, #1889, #3114 ) ;
#5006 = CARTESIAN_POINT ( 'NONE',  ( -8.725001896539529511, 3.000000000525920640, 7.944206261983304126E-05 ) ) ;
#5007 = AXIS2_PLACEMENT_3D ( 'NONE', #4788, #1799, #5480 ) ;
#5008 = CARTESIAN_POINT ( 'NONE',  ( -12.53241427511387585, 10.73515924465346671, -5.439966554970989243 ) ) ;
#5009 = CARTESIAN_POINT ( 'NONE',  ( -8.115592209312113781, 10.35917943994730095, -5.463226795764870580 ) ) ;
#5010 = MANIFOLD_SOLID_BREP ( '??1', #2558 ) ;
#5011 = CARTESIAN_POINT ( 'NONE',  ( -6.547946482422251080, 3.600703524243590969, 1.832675738673503973 ) ) ;
#5012 = EDGE_CURVE ( 'NONE', #3715, #4747, #1403, .T. ) ;
#5013 = CARTESIAN_POINT ( 'NONE',  ( -11.32797239074323237, 10.11566560353532651, 5.518176065433918254 ) ) ;
#5014 = CARTESIAN_POINT ( 'NONE',  ( -4.900000000000001243, 15.00000000000000000, -3.224903099319424538 ) ) ;
#5015 = CARTESIAN_POINT ( 'NONE',  ( -9.238147469646527554, 4.902046172754096709, -3.975431096611926396 ) ) ;
#5016 = CARTESIAN_POINT ( 'NONE',  ( -4.962244347209002981, 4.036104141758192654, -4.979810608007927186 ) ) ;
#5017 = CARTESIAN_POINT ( 'NONE',  ( -4.900000000000001243, 4.352419984550751408, -5.000000000000000888 ) ) ;
#5019 = CARTESIAN_POINT ( 'NONE',  ( -12.46858482446207006, 12.89166196243538920, -4.178690825446121693 ) ) ;
#5018 = CARTESIAN_POINT ( 'NONE',  ( -11.20000189653952916, 8.999920557937377552, -5.999999999474079360 ) ) ;
#5020 = CARTESIAN_POINT ( 'NONE',  ( -7.712501896539530222, 4.757303139231405353, -4.242584512726213397 ) ) ;
#5021 = ORIENTED_EDGE ( 'NONE', *, *, #1438, .F. ) ;
#5022 = CARTESIAN_POINT ( 'NONE',  ( -8.387455043390687592, 4.277784974034171128, 3.210244887660702595 ) ) ;
#5023 = CARTESIAN_POINT ( 'NONE',  ( -10.32722366027928018, 4.123761399829922070, 2.955355752471306552 ) ) ;
#5024 = ORIENTED_EDGE ( 'NONE', *, *, #3435, .F. ) ;
#5025 = CARTESIAN_POINT ( 'NONE',  ( -7.386004980236154260, 3.332895949082483877, -0.6294727129319820369 ) ) ;
#5026 = MANIFOLD_SOLID_BREP ( '??-??1', #2423 ) ;
#5028 = CARTESIAN_POINT ( 'NONE',  ( -11.83802204479137110, 5.774192873192493636, -4.613995722303557478 ) ) ;
#5027 = CARTESIAN_POINT ( 'NONE',  ( -12.58125189653952880, 3.000032906505680774, 2.485360816083349800 ) ) ;
#5029 = CARTESIAN_POINT ( 'NONE',  ( -5.015487036004274479, 3.990222788344568450, 4.883128192891665442 ) ) ;
#5030 = ORIENTED_EDGE ( 'NONE', *, *, #674, .F. ) ;
#5031 = CARTESIAN_POINT ( 'NONE',  ( -5.000000000000001776, 0.09999999999999939493, 4.899999999999998579 ) ) ;
#5032 = CARTESIAN_POINT ( 'NONE',  ( -9.723921773147862879, 13.95899218320371205, 2.830899991027758578 ) ) ;
#5033 = CARTESIAN_POINT ( 'NONE',  ( -5.100000000000002309, 3.934274476019330447, -4.830985915492901128 ) ) ;
#5034 = CARTESIAN_POINT ( 'NONE',  ( -13.12504713074269524, 7.090501395344769087, 5.381472795886204530 ) ) ;
#5035 = ORIENTED_EDGE ( 'NONE', *, *, #2149, .T. ) ;
#5036 = CARTESIAN_POINT ( 'NONE',  ( -10.67964097351569563, 12.54618252696384317, -4.464984335115694591 ) ) ;
#5037 = CARTESIAN_POINT ( 'NONE',  ( -8.953605477062842155, 12.49066589015123974, -4.417071797762164742 ) ) ;
#5038 = UNCERTAINTY_MEASURE_WITH_UNIT (LENGTH_MEASURE( 1.000000000000000082E-05 ), #1484, 'distance_accuracy_value', 'NONE');
#5039 = CARTESIAN_POINT ( 'NONE',  ( -4.993260412964298567, 13.84401411741494847, 4.972944963627748294 ) ) ;
#5040 = CARTESIAN_POINT ( 'NONE',  ( -7.575001896539530932, 14.99999999947407936, -7.944206262056783218E-05 ) ) ;
#5041 = CARTESIAN_POINT ( 'NONE',  ( -6.703224632055206023, 8.058576670822720445, 5.632034408099030998 ) ) ;
#5042 = CARTESIAN_POINT ( 'NONE',  ( -11.85217336994854698, 7.848597627500385698, -5.592101965331666591 ) ) ;
#5043 = CARTESIAN_POINT ( 'NONE',  ( -9.850001896539531288, 9.000079442062618895, 5.999999999474078471 ) ) ;
#5044 = EDGE_CURVE ( 'NONE', #212, #2300, #884, .T. ) ;
#5045 = CARTESIAN_POINT ( 'NONE',  ( -8.175943408860378625, 5.358021172549435107, -4.398058652261983781 ) ) ;
#5046 = CARTESIAN_POINT ( 'NONE',  ( -4.900000000000001243, 4.352419984550747856, 4.999999999999999112 ) ) ;
#5047 = CARTESIAN_POINT ( 'NONE',  ( -11.26353361026659705, 10.48500925368135483, 5.513689733865074771 ) ) ;
#5048 = CARTESIAN_POINT ( 'NONE',  ( -7.150001896539529334, 9.000079442062618895, 5.999999999474079360 ) ) ;
#5049 = CARTESIAN_POINT ( 'NONE',  ( -9.626475080904608461, 11.06045388208593216, 5.324652082673895670 ) ) ;
#5050 = CARTESIAN_POINT ( 'NONE',  ( -6.000000000000001776, 9.000000000000000000, 0.0000000000000000000 ) ) ;
#5051 = LINE ( 'NONE', #99, #6770 ) ;
#5052 = DIRECTION ( 'NONE',  ( 0.0000000000000000000, 0.0000000000000000000, 1.000000000000000000 ) ) ;
#5053 = CARTESIAN_POINT ( 'NONE',  ( -11.65000189653953022, 9.000079442062618895, 5.999999999474079360 ) ) ;
#5054 = DIRECTION ( 'NONE',  ( 0.0000000000000000000, -1.000000000000000000, 0.0000000000000000000 ) ) ;
#5055 = EDGE_CURVE ( 'NONE', #3560, #4208, #6016, .T. ) ;
#5056 = ORIENTED_EDGE ( 'NONE', *, *, #722, .F. ) ;
#5057 = CARTESIAN_POINT ( 'NONE',  ( -8.245752778169968877, 3.714645544412234823, -2.160510806331572553 ) ) ;
#5058 = CARTESIAN_POINT ( 'NONE',  ( -10.73241539515476539, 14.53988450866044957, -1.349754334581237503 ) ) ;
#5059 = CARTESIAN_POINT ( 'NONE',  ( -7.562426286086917138, 4.372709553499306345, 3.206663433760617909 ) ) ;
#5061 = CARTESIAN_POINT ( 'NONE',  ( -11.86602038940623061, 7.322913538442500148, -5.458348348150917850 ) ) ;
#5060 = CARTESIAN_POINT ( 'NONE',  ( -12.63750189653953093, 4.757415487273786603, 4.242696860768593758 ) ) ;
#5062 = DIRECTION ( 'NONE',  ( 1.000000000000000000, -0.0000000000000000000, -0.0000000000000000000 ) ) ;
#5063 = EDGE_CURVE ( 'NONE', #2796, #2176, #80, .T. ) ;
#5064 = EDGE_LOOP ( 'NONE', ( #2481, #2286, #1905, #4360 ) ) ;
#5065 = CARTESIAN_POINT ( 'NONE',  ( -9.701795683851598184, 14.34951252992776105, -1.973600372757842170 ) ) ;
#5066 = CARTESIAN_POINT ( 'NONE',  ( -5.100000000000011191, 3.994138995327727759, -4.893759276613421250 ) ) ;
#5067 = CARTESIAN_POINT ( 'NONE',  ( -7.406251896539530755, 11.48536081608334491, 5.999967093494319670 ) ) ;
#5069 = CARTESIAN_POINT ( 'NONE',  ( -9.668751896539529156, 14.61898653196522524, 2.327373266935493845 ) ) ;
#5068 = CARTESIAN_POINT ( 'NONE',  ( -18.89995498629575366, 4.099991732177358017, -0.1173391757808259078 ) ) ;
#5070 = DIRECTION ( 'NONE',  ( 0.0000000000000000000, 1.000000000000000000, -0.0000000000000000000 ) ) ;
#5071 = ORIENTED_EDGE ( 'NONE', *, *, #2927, .F. ) ;
#5072 = MANIFOLD_SOLID_BREP ( '??-??5[3]', #3732 ) ;
#5073 = CARTESIAN_POINT ( 'NONE',  ( -9.921500660306575625, 7.217551793700095253, -5.424519970451793682 ) ) ;
#5074 = CARTESIAN_POINT ( 'NONE',  ( -8.897872977390534288, 11.95532645736241406, -4.885975425045900877 ) ) ;
#5075 = AXIS2_PLACEMENT_3D ( 'NONE', #1676, #586, #6669 ) ;
#5076 = CARTESIAN_POINT ( 'NONE',  ( -5.076043712502853467, 13.93054945396121269, 4.965638543889709489 ) ) ;
#5077 = CARTESIAN_POINT ( 'NONE',  ( -7.687501896539530755, 13.24258451272621073, -4.242696860768593758 ) ) ;
#5078 = CARTESIAN_POINT ( 'NONE',  ( -7.198549210153184497, 13.38361228214072440, -3.646376856459199622 ) ) ;
#5079 = CARTESIAN_POINT ( 'NONE',  ( -11.54205026253981181, 14.26938001182893956, 2.198680929541643181 ) ) ;
#5080 = AXIS2_PLACEMENT_3D ( 'NONE', #4745, #985, #5183 ) ;
#5081 = CARTESIAN_POINT ( 'NONE',  ( -8.950001896539529156, 9.000079442062618895, 5.999999999474078471 ) ) ;
#5082 = CARTESIAN_POINT ( 'NONE',  ( -12.26681952246973317, 13.75814116363311435, 3.156446050414429383 ) ) ;
#5083 = CARTESIAN_POINT ( 'NONE',  ( -8.384843813878887886, 3.844005396417494946, -2.454148736523197538 ) ) ;
#5084 = CARTESIAN_POINT ( 'NONE',  ( -6.419864219034575825, 4.184073698010281284, -3.052595490671287770 ) ) ;
#5085 = CARTESIAN_POINT ( 'NONE',  ( -11.25433810241344368, 10.13340320750123169, 5.596588105491233200 ) ) ;
#5086 = AXIS2_PLACEMENT_3D ( 'NONE', #4501, #1976, #6936 ) ;
#5087 = CARTESIAN_POINT ( 'NONE',  ( -13.00000000000000178, 9.000000000000000000, -6.000000000000000000 ) ) ;
#5088 = CARTESIAN_POINT ( 'NONE',  ( -9.177903774176296992, 6.887885141006450773, -5.304621003328740869 ) ) ;
#5089 = DIRECTION ( 'NONE',  ( 0.0000000000000000000, 0.0000000000000000000, -1.000000000000000000 ) ) ;
#5090 = CARTESIAN_POINT ( 'NONE',  ( 4.041334437186266003E-16, 10.00000000000000000, 3.300000000000000266 ) ) ;
#5091 = LINE ( 'NONE', #6530, #1255 ) ;
#5092 = CARTESIAN_POINT ( 'NONE',  ( -10.24375189653952845, 11.48520193195810712, -6.000032905453839938 ) ) ;
#5093 = CARTESIAN_POINT ( 'NONE',  ( -7.768751896539529689, 2.999967094546160951, -2.485201931958109345 ) ) ;
#5094 = EDGE_LOOP ( 'NONE', ( #4079, #6465, #6750, #7895 ) ) ;
#5095 = AXIS2_PLACEMENT_3D ( 'NONE', #2508, #6851, #3117 ) ;
#5096 = CARTESIAN_POINT ( 'NONE',  ( -8.227750478874952478, 4.018312177541970343, -2.790261464448999362 ) ) ;
#5097 = CARTESIAN_POINT ( 'NONE',  ( -10.38020645983330326, 11.10041653564545605, 5.310083134280558781 ) ) ;
#5098 = ADVANCED_FACE ( 'NONE', ( #2738 ), #7504, .F. ) ;
#5099 = EDGE_CURVE ( 'NONE', #4070, #148, #6151, .T. ) ;
#5100 = CARTESIAN_POINT ( 'NONE',  ( -7.481033459664748975, 3.375848265897869016, 0.2517949328723522728 ) ) ;
#5101 = MANIFOLD_SOLID_BREP ( '??-??5[4]', #5255 ) ;
#5103 = CARTESIAN_POINT ( 'NONE',  ( -11.89359332138043079, 6.334858503581441092, -5.050072723859234891 ) ) ;
#5102 = CARTESIAN_POINT ( 'NONE',  ( -12.01875189653953058, 15.00003290545384260, 2.485201931958106236 ) ) ;
#5104 = CARTESIAN_POINT ( 'NONE',  ( -4.921861897681841569, 4.157509676771161899, 4.997980488145305600 ) ) ;
#5105 = ORIENTED_EDGE ( 'NONE', *, *, #3535, .F. ) ;
#5106 = CARTESIAN_POINT ( 'NONE',  ( -6.462501896539530222, 5.026745703644327712, -3.973149083243182833 ) ) ;
#5107 = CARTESIAN_POINT ( 'NONE',  ( -9.821925458788184571, 14.63121428595345641, -0.9473823713530828972 ) ) ;
#5108 = EDGE_CURVE ( 'NONE', #3525, #544, #318, .T. ) ;
#5109 = CARTESIAN_POINT ( 'NONE',  ( -7.968751896539529866, 2.999967094546160951, -2.485201931958109345 ) ) ;
#5110 = CARTESIAN_POINT ( 'NONE',  ( -8.375001896539529866, 3.381044284241951026, 7.439690531061725408E-05 ) ) ;
#5111 = CARTESIAN_POINT ( 'NONE',  ( -9.937501896539531643, 4.757415487273786603, 4.242696860768593758 ) ) ;
#5112 = ORIENTED_EDGE ( 'NONE', *, *, #6873, .F. ) ;
#5113 = CARTESIAN_POINT ( 'NONE',  ( -9.780076704990642966, 12.53560752493446628, -4.483616457335769745 ) ) ;
#5114 = VECTOR ( 'NONE', #5807, 1000.000000000000000 ) ;
#5115 = CARTESIAN_POINT ( 'NONE',  ( -9.032290069694674628, 6.824665631317045289, -5.279841418827238897 ) ) ;
#5116 = UNCERTAINTY_MEASURE_WITH_UNIT (LENGTH_MEASURE( 1.000000000000000082E-05 ), #3931, 'distance_accuracy_value', 'NONE');
#5117 = DIRECTION ( 'NONE',  ( 0.0000000000000000000, 0.0000000000000000000, -1.000000000000000000 ) ) ;
#5118 =( BOUNDED_CURVE ( )  B_SPLINE_CURVE ( 2, ( #6335, #3416, #5264, #2757, #2153, #819, #4627, #978, #1505, #5885, #336 ),
 .UNSPECIFIED., .F., .T. ) 
 B_SPLINE_CURVE_WITH_KNOTS ( ( 3, 2, 2, 2, 2, 3 ),
 ( 0.1666669069350004417, 0.1805555555555555525, 0.1944444444444444475, 0.2083333333333333426, 0.2222222222222222099, 0.2222224624905559942 ),
 .UNSPECIFIED. ) 
 CURVE ( )  GEOMETRIC_REPRESENTATION_ITEM ( )  RATIONAL_B_SPLINE_CURVE ( ( 0.9999973663809044178, 0.9238808493436148073, 1.000000000000000000, 0.9238795325112867385, 1.000000000000000000, 0.9238795325112867385, 1.000000000000000000, 0.9238795325112867385, 1.000000000000000000, 0.9999986831676719312, 0.9999973663809044178 ) ) 
 REPRESENTATION_ITEM ( '' )  );
#5119 = CARTESIAN_POINT ( 'NONE',  ( -6.871735648022768039, 13.86263337067435408, 2.993392229685857497 ) ) ;
#5120 = CARTESIAN_POINT ( 'NONE',  ( -11.41235032609153244, 10.53948203243800386, 5.497968196921491746 ) ) ;
#5121 = AXIS2_PLACEMENT_3D ( 'NONE', #2219, #1617, #4108 ) ;
#5122 = VERTEX_POINT ( 'NONE', #1568 ) ;
#5123 = CARTESIAN_POINT ( 'NONE',  ( -7.656251896539530755, 6.514639183916651533, -5.999967093494320558 ) ) ;
#5124 = CARTESIAN_POINT ( 'NONE',  ( -12.22389992250364443, 12.57455478409304561, 4.442306662652877769 ) ) ;
#5125 = CARTESIAN_POINT ( 'NONE',  ( -8.398982800169470408, 4.559728295501130013, 3.577189590252254359 ) ) ;
#5126 = CIRCLE ( 'NONE', #6310, 0.09999999999999982514 ) ;
#5127 = CARTESIAN_POINT ( 'NONE',  ( -11.17486939284139602, 6.987917776134271897, 5.344102847903060116 ) ) ;
#5128 = VECTOR ( 'NONE', #4064, 1000.000000000000000 ) ;
#5129 = CARTESIAN_POINT ( 'NONE',  ( -6.321885840301059822, 10.12089370020732737, -5.516639582519439422 ) ) ;
#5130 = CARTESIAN_POINT ( 'NONE',  ( -9.496570635860443588, 6.089793903886093318, 4.912255563221022747 ) ) ;
#5131 = DIRECTION ( 'NONE',  ( 1.000000000000000000, -0.0000000000000000000, -0.0000000000000000000 ) ) ;
#5132 = CARTESIAN_POINT ( 'NONE',  ( -4.914316076296256774, 13.82165864941555711, -5.003342129676899397 ) ) ;
#5133 = CARTESIAN_POINT ( 'NONE',  ( -24.00000000000000000, 9.000000000000000000, 4.899999999999999467 ) ) ;
#5134 = CARTESIAN_POINT ( 'NONE',  ( -8.106251896539530932, 11.48536081608334491, 5.999967093494319670 ) ) ;
#5135 = CARTESIAN_POINT ( 'NONE',  ( -5.100000000000002309, 9.000000000000000000, -7.000000000000000000 ) ) ;
#5136 = ORIENTED_EDGE ( 'NONE', *, *, #3028, .T. ) ;
#5137 = DIRECTION ( 'NONE',  ( 1.000000000000000000, -0.0000000000000000000, -0.0000000000000000000 ) ) ;
#5138 = CARTESIAN_POINT ( 'NONE',  ( -8.722582567802231068, 14.58307249739364764, 1.157906474336176661 ) ) ;
#5139 = CARTESIAN_POINT ( 'NONE',  ( -10.49463918302911658, 12.43252565544518617, 4.452057981968422951 ) ) ;
#5140 = SURFACE_STYLE_USAGE ( .BOTH. , #2191 ) ;
#5141 = CARTESIAN_POINT ( 'NONE',  ( -7.037817101639945783, 14.20396689728975481, 2.349239963531037478 ) ) ;
#5142 =( GEOMETRIC_REPRESENTATION_CONTEXT ( 3 ) GLOBAL_UNCERTAINTY_ASSIGNED_CONTEXT ( ( #191 ) ) GLOBAL_UNIT_ASSIGNED_CONTEXT ( ( #672, #1956, #6260 ) ) REPRESENTATION_CONTEXT ( 'NONE', 'WORKASPACE' ) );
#5143 = CARTESIAN_POINT ( 'NONE',  ( -7.304624251173953198, 4.535410550565387666, -3.546720838005116949 ) ) ;
#5144 = CARTESIAN_POINT ( 'NONE',  ( -9.400000098502363954, 8.999999999999998224, -5.999999999999998224 ) ) ;
#5146 = CARTESIAN_POINT ( 'NONE',  ( -11.97838832067298931, 4.086392885561207500, 2.909046677768534206 ) ) ;
#5145 = CARTESIAN_POINT ( 'NONE',  ( -11.34375189653953164, 11.48520193195810712, -6.000032905453839938 ) ) ;
#5147 = DIRECTION ( 'NONE',  ( -0.0000000000000000000, 1.000000000000000000, -0.0000000000000000000 ) ) ;
#5148 = ORIENTED_EDGE ( 'NONE', *, *, #6853, .F. ) ;
#5149 = EDGE_CURVE ( 'NONE', #2511, #1144, #7460, .T. ) ;
#5150 = CARTESIAN_POINT ( 'NONE',  ( -9.936872196825778047, 9.537125946143730104, -5.604320098668997829 ) ) ;
#5151 = CARTESIAN_POINT ( 'NONE',  ( -24.00000000000000000, 9.000000000000000000, 0.0000000000000000000 ) ) ;
#5152 = CARTESIAN_POINT ( 'NONE',  ( -20.50000000000000000, 9.000000000000000000, 0.6000000000000003109 ) ) ;
#5154 = CARTESIAN_POINT ( 'NONE',  ( -9.162501896539529511, 5.026745703644327712, -3.973149083243182833 ) ) ;
#5153 = CARTESIAN_POINT ( 'NONE',  ( -19.56414972864428847, 4.178813392104642865, -0.8765022258836642211 ) ) ;
#5155 = ORIENTED_EDGE ( 'NONE', *, *, #1688, .F. ) ;
#5156 = ADVANCED_FACE ( 'NONE', ( #1041 ), #961, .F. ) ;
#5157 = CARTESIAN_POINT ( 'NONE',  ( -8.998851473785325794, 10.97297942247384839, -5.272798169150227032 ) ) ;
#5158 = FACE_OUTER_BOUND ( 'NONE', #2222, .T. ) ;
#5159 = CARTESIAN_POINT ( 'NONE',  ( -10.41250189653952951, 4.757303139231405353, -4.242584512726213397 ) ) ;
#5160 = CARTESIAN_POINT ( 'NONE',  ( -6.958983964113223841, 14.03940525413301899, 2.491475916659150247 ) ) ;
#5161 = CARTESIAN_POINT ( 'NONE',  ( -12.31825133783949866, 10.75967070922700586, 5.431696142482975276 ) ) ;
#5162 = CARTESIAN_POINT ( 'NONE',  ( -12.65000189653953022, 8.999925603094688142, -5.618955715758048086 ) ) ;
#5163 = EDGE_CURVE ( 'NONE', #7079, #6981, #7175, .T. ) ;
#5164 = CARTESIAN_POINT ( 'NONE',  ( -11.92293912923689980, 3.366452557479620911, 0.8801309818384301931 ) ) ;
#5165 = CARTESIAN_POINT ( 'NONE',  ( -8.391241767878494073, 3.409117648180675975, 0.6604037546714028872 ) ) ;
#5166 = CARTESIAN_POINT ( 'NONE',  ( -11.21513191310627278, 3.896114484390266863, 2.542163143159390959 ) ) ;
#5167 = CARTESIAN_POINT ( 'NONE',  ( -4.914458728549706557, 4.177872918189060591, -5.003294535273682619 ) ) ;
#5168 = CARTESIAN_POINT ( 'NONE',  ( -6.410531262623373472, 6.695293312410915298, -5.136382611937011511 ) ) ;
#5169 = CARTESIAN_POINT ( 'NONE',  ( -9.281221467148380810, 3.906668614928540784, -2.580208898989997390 ) ) ;
#5170 = CARTESIAN_POINT ( 'NONE',  ( -8.950001896539529156, 9.000079442062618895, 5.999999999474079360 ) ) ;
#5171 = CARTESIAN_POINT ( 'NONE',  ( -4.000000000000000000, 0.5000000000000004441, 4.000000000000000000 ) ) ;
#5173 = CARTESIAN_POINT ( 'NONE',  ( -12.57604815893570560, 9.012674887295441195, -5.701926338013998397 ) ) ;
#5172 = CARTESIAN_POINT ( 'NONE',  ( -8.556251896539530222, 6.514639183916651533, -5.999967093494321446 ) ) ;
#5174 = CARTESIAN_POINT ( 'NONE',  ( -14.29375189653953271, 6.514798068041889323, 6.000032905453837273 ) ) ;
#5175 = ORIENTED_EDGE ( 'NONE', *, *, #3795, .T. ) ;
#5176 = CARTESIAN_POINT ( 'NONE',  ( -7.672314306885604118, 10.80940881420985278, 5.407178399415292880 ) ) ;
#5177 = CARTESIAN_POINT ( 'NONE',  ( -10.55847091438319829, 14.70232763188734459, -0.2986143849608933198 ) ) ;
#5178 = FACE_OUTER_BOUND ( 'NONE', #3057, .T. ) ;
#5179 = CARTESIAN_POINT ( 'NONE',  ( -6.666448466137132378, 3.337312475806530010, 0.7305896885937166463 ) ) ;
#5180 = CARTESIAN_POINT ( 'NONE',  ( -7.669451785640828412, 7.786369024420799256, 5.497383838457813532 ) ) ;
#5182 = CARTESIAN_POINT ( 'NONE',  ( -12.13483517162513792, 4.278084883502896396, 3.210891862008893316 ) ) ;
#5181 = CARTESIAN_POINT ( 'NONE',  ( -10.95000189653953093, 9.000079442062618895, 5.999999999474079360 ) ) ;
#5183 = DIRECTION ( 'NONE',  ( 0.0000000000000000000, 0.0000000000000000000, -1.000000000000000000 ) ) ;
#5184 = ORIENTED_EDGE ( 'NONE', *, *, #6766, .T. ) ;
#5185 = CARTESIAN_POINT ( 'NONE',  ( -8.262501896539530932, 5.026745703644327712, -3.973149083243182833 ) ) ;
#5186 = CARTESIAN_POINT ( 'NONE',  ( -9.755915430071519623, 13.26587221687641538, -3.795856441676260129 ) ) ;
#5187 = ADVANCED_FACE ( 'NONE', ( #4097 ), #1003, .F. ) ;
#5188 = CARTESIAN_POINT ( 'NONE',  ( -11.73750189653953058, 4.757415487273786603, 4.242696860768593758 ) ) ;
#5189 = CARTESIAN_POINT ( 'NONE',  ( -5.074848716863423093, 14.95501702880834038, -3.674797226107254566 ) ) ;
#5190 = VERTEX_POINT ( 'NONE', #5326 ) ;
#5191 = CARTESIAN_POINT ( 'NONE',  ( -20.50000000000000000, 9.000000000000000000, -1.000000000000000222 ) ) ;
#5192 = CARTESIAN_POINT ( 'NONE',  ( -10.22974301272076580, 5.453868762703518946, 4.475209108847111317 ) ) ;
#5193 = CARTESIAN_POINT ( 'NONE',  ( -9.047970857967808200, 9.084834291299904052, -5.621059610474555157 ) ) ;
#5194 = DIRECTION ( 'NONE',  ( -1.000000000000000000, 0.0000000000000000000, 0.0000000000000000000 ) ) ;
#5195 = DIRECTION ( 'NONE',  ( 0.0000000000000000000, 0.0000000000000000000, 1.000000000000000000 ) ) ;
#5196 = AXIS2_PLACEMENT_3D ( 'NONE', #7362, #7892, #4286 ) ;
#5197 = ADVANCED_FACE ( 'NONE', ( #7823 ), #1415, .F. ) ;
#5198 = CARTESIAN_POINT ( 'NONE',  ( -6.936400325747070994, 13.60119379343251289, 3.244404332317359696 ) ) ;
#5199 = EDGE_CURVE ( 'NONE', #2809, #7890, #240, .T. ) ;
#5200 = CARTESIAN_POINT ( 'NONE',  ( -12.57798618542777902, 13.86767326260160438, -2.983807989383759018 ) ) ;
#5201 = ORIENTED_EDGE ( 'NONE', *, *, #7003, .F. ) ;
#5202 = CARTESIAN_POINT ( 'NONE',  ( -7.600001896539529511, 8.999920557937377552, -5.999999999474078471 ) ) ;
#5203 = VECTOR ( 'NONE', #1639, 1000.000000000000000 ) ;
#5204 = CARTESIAN_POINT ( 'NONE',  ( -11.77418340629409776, 5.413285836252214267, -4.442934497804719385 ) ) ;
#5205 = CARTESIAN_POINT ( 'NONE',  ( -8.409060056888634449, 3.533553119328618042, 1.346127715786011425 ) ) ;
#5206 = CARTESIAN_POINT ( 'NONE',  ( -11.48284222918512754, 12.93472472976389298, 4.138056984812698680 ) ) ;
#5207 = CARTESIAN_POINT ( 'NONE',  ( -5.000000000000007994, 3.900579424900256331, -4.920275783527082503 ) ) ;
#5208 = CARTESIAN_POINT ( 'NONE',  ( -6.355052727223059250, 6.035027305018378918, -4.880001380340853068 ) ) ;
#5209 = EDGE_CURVE ( 'NONE', #2796, #7162, #6264, .T. ) ;
#5210 = CARTESIAN_POINT ( 'NONE',  ( -10.53284479486907799, 11.28886050200408775, 5.230704264398717385 ) ) ;
#5211 = LINE ( 'NONE', #1496, #5628 ) ;
#5212 = DIRECTION ( 'NONE',  ( -1.000000000000000000, -0.0000000000000000000, -0.0000000000000000000 ) ) ;
#5213 = CIRCLE ( 'NONE', #5350, 7.100000000000000533 ) ;
#5215 = CARTESIAN_POINT ( 'NONE',  ( -12.64968384915310651, 9.014210479254705533, -5.621672793866415496 ) ) ;
#5214 = CARTESIAN_POINT ( 'NONE',  ( -7.993751896539531110, 6.514798068041888435, 6.000032905453838161 ) ) ;
#5216 = LINE ( 'NONE', #3412, #7319 ) ;
#5217 = EDGE_LOOP ( 'NONE', ( #712, #2187, #2926, #3331, #6829, #1510 ) ) ;
#5218 = AXIS2_PLACEMENT_3D ( 'NONE', #6975, #4150, #7138 ) ;
#5219 = CARTESIAN_POINT ( 'NONE',  ( -7.530980417053361187, 5.496222448050859910, 4.498338142274394436 ) ) ;
#5220 = CARTESIAN_POINT ( 'NONE',  ( -10.52486748605541678, 13.32315115965034913, 3.606429595885602080 ) ) ;
#5221 = FACE_OUTER_BOUND ( 'NONE', #114, .T. ) ;
#5222 = CARTESIAN_POINT ( 'NONE',  ( -7.858441982996422936, 12.16485783277308030, 4.751947930277514942 ) ) ;
#5223 = CARTESIAN_POINT ( 'NONE',  ( -7.803260449834493073, 12.70200208692672383, 4.241434421498194496 ) ) ;
#5224 = SURFACE_SIDE_STYLE ('',( #3912 ) ) ;
#5226 = CARTESIAN_POINT ( 'NONE',  ( -12.05795062227552705, 6.388173409859819074, 5.077805287181320182 ) ) ;
#5225 = CARTESIAN_POINT ( 'NONE',  ( -9.037501896539529511, 4.757415487273786603, 4.242696860768593758 ) ) ;
#5227 = STYLED_ITEM ( 'NONE', ( #1443 ), #5010 ) ;
#5228 = ORIENTED_EDGE ( 'NONE', *, *, #1266, .F. ) ;
#5229 = CARTESIAN_POINT ( 'NONE',  ( -4.900000000000001243, 15.09999999999999964, -3.224903099319424538 ) ) ;
#5230 = EDGE_LOOP ( 'NONE', ( #1807, #5568, #4533, #4787 ) ) ;
#5231 = CARTESIAN_POINT ( 'NONE',  ( -9.804219785206221616, 11.73704554544081802, -5.002079387103736785 ) ) ;
#5232 = AXIS2_PLACEMENT_3D ( 'NONE', #3192, #5664, #2088 ) ;
#5234 = CARTESIAN_POINT ( 'NONE',  ( -6.300163377777663776, 10.92172827996277817, -5.280115885013909605 ) ) ;
#5233 = DIRECTION ( 'NONE',  ( 0.0000000000000000000, 0.0000000000000000000, 1.000000000000000000 ) ) ;
#5235 = CARTESIAN_POINT ( 'NONE',  ( -9.600001896539531288, 8.999920557937377552, -5.999999999474079360 ) ) ;
#5236 = AXIS2_PLACEMENT_3D ( 'NONE', #1076, #5442, #590 ) ;
#5237 = ORIENTED_EDGE ( 'NONE', *, *, #1349, .T. ) ;
#5238 = CARTESIAN_POINT ( 'NONE',  ( -9.806709037400002771, 11.65463838962367760, -5.055360809887125662 ) ) ;
#5239 = CARTESIAN_POINT ( 'NONE',  ( -9.233378604263061007, 5.049056259522194168, -4.122859590565459698 ) ) ;
#5240 = DIRECTION ( 'NONE',  ( 0.0000000000000000000, 0.0000000000000000000, 1.000000000000000000 ) ) ;
#5241 = CARTESIAN_POINT ( 'NONE',  ( -6.000000000000001776, 9.000000000000000000, -6.899999999999999467 ) ) ;
#5242 = CARTESIAN_POINT ( 'NONE',  ( -7.194102043657398582, 13.49637453387122754, -3.506423612481782914 ) ) ;
#5243 = CARTESIAN_POINT ( 'NONE',  ( -12.52508297399538151, 14.60819973065747845, -1.070349527002473655 ) ) ;
#5244 = DIRECTION ( 'NONE',  ( 0.0000000000000000000, 0.0000000000000000000, 1.000000000000000000 ) ) ;
#5245 = ORIENTED_EDGE ( 'NONE', *, *, #7061, .T. ) ;
#5246 = CARTESIAN_POINT ( 'NONE',  ( -12.03125189653952987, 3.381075100449129511, 2.327522060746118893 ) ) ;
#5247 = ADVANCED_FACE ( 'NONE', ( #5657 ), #3844, .T. ) ;
#5248 = EDGE_CURVE ( 'NONE', #580, #4212, #7202, .T. ) ;
#5249 = CARTESIAN_POINT ( 'NONE',  ( -11.76546566014649642, 5.691733275880623388, -4.653861030968212020 ) ) ;
#5250 = CARTESIAN_POINT ( 'NONE',  ( -8.463719559489890187, 4.409394705889500443, 3.244979251062457770 ) ) ;
#5251 = CARTESIAN_POINT ( 'NONE',  ( -6.258251638636389558, 12.42901414316959041, -4.731531510353245373 ) ) ;
#5252 = CARTESIAN_POINT ( 'NONE',  ( -10.18745233069074274, 3.802088913502852385, -2.362039755076228875 ) ) ;
#5253 = AXIS2_PLACEMENT_3D ( 'NONE', #6366, #6610, #4802 ) ;
#5254 = CYLINDRICAL_SURFACE ( 'NONE', #3297, 6.000000000000000000 ) ;
#5255 = CLOSED_SHELL ( 'NONE', ( #4759, #3840, #6100, #4532 ) ) ;
#5256 = FACE_OUTER_BOUND ( 'NONE', #5447, .T. ) ;
#5257 = CARTESIAN_POINT ( 'NONE',  ( -7.768751896539530577, 2.999967094546160951, -2.485201931958109345 ) ) ;
#5258 = CARTESIAN_POINT ( 'NONE',  ( -10.30000009850236431, 8.999999999999998224, -5.999999999999998224 ) ) ;
#5259 = EDGE_LOOP ( 'NONE', ( #232, #5683, #1225, #7399 ) ) ;
#5260 = ADVANCED_FACE ( 'NONE', ( #1431 ), #2081, .T. ) ;
#5261 = AXIS2_PLACEMENT_3D ( 'NONE', #3217, #1424, #1272 ) ;
#5262 = CARTESIAN_POINT ( 'NONE',  ( -7.849158885008750808, 14.70907498916627887, 0.09490537029238510502 ) ) ;
#5263 = CARTESIAN_POINT ( 'NONE',  ( -10.67438519040549849, 12.71061650821489231, -4.329378312617322422 ) ) ;
#5264 = CARTESIAN_POINT ( 'NONE',  ( -12.18750189653952987, 13.24258451272621073, -4.242696860768593758 ) ) ;
#5265 = CARTESIAN_POINT ( 'NONE',  ( -7.754961646047753732, 8.231705100577357825, 5.657477505741332457 ) ) ;
#5266 = CARTESIAN_POINT ( 'NONE',  ( -7.595817675540128988, 7.770857102705678976, 5.576262148115324280 ) ) ;
#5267 = CARTESIAN_POINT ( 'NONE',  ( -9.456251896539532353, 6.514639183916653309, -5.999967093494320558 ) ) ;
#5268 = AXIS2_PLACEMENT_3D ( 'NONE', #427, #351, #7245 ) ;
#5270 = CARTESIAN_POINT ( 'NONE',  ( -11.89797490225193677, 3.291449234675823732, -0.1443677620187096000 ) ) ;
#5269 = CARTESIAN_POINT ( 'NONE',  ( -8.643751896539532353, 11.48520193195810712, -6.000032905453839938 ) ) ;
#5271 = CIRCLE ( 'NONE', #6053, 0.1000000000000002554 ) ;
#5272 = VERTEX_POINT ( 'NONE', #6381 ) ;
#5273 = CARTESIAN_POINT ( 'NONE',  ( 4.899999999999998579, 0.09999999999999939493, 4.899999999999997691 ) ) ;
#5274 = ORIENTED_EDGE ( 'NONE', *, *, #2285, .T. ) ;
#5275 = CARTESIAN_POINT ( 'NONE',  ( -10.06311629944511843, 7.431385382343071555, -5.490698215240983338 ) ) ;
#5277 = CARTESIAN_POINT ( 'NONE',  ( -11.79375189653952916, 6.514798068041888435, 6.000032905453838161 ) ) ;
#5276 = DIRECTION ( 'NONE',  ( 0.0000000000000000000, 0.0000000000000000000, -1.000000000000000000 ) ) ;
#5278 = CARTESIAN_POINT ( 'NONE',  ( -5.005934860132591702, 14.94691638341659967, -3.635901743080487414 ) ) ;
#5279 = VERTEX_POINT ( 'NONE', #5152 ) ;
#5280 = CARTESIAN_POINT ( 'NONE',  ( -8.986215926816550237, 8.586418816126359488, -5.695126112883198033 ) ) ;
#5281 = CARTESIAN_POINT ( 'NONE',  ( -9.206794417905770800, 5.892388221130277159, -4.780678405884539295 ) ) ;
#5282 = PRODUCT_DEFINITION_CONTEXT ( 'detailed design', #3180, 'design' ) ;
#5283 = CARTESIAN_POINT ( 'NONE',  ( -5.082655044156800805, 4.052731396236143979, 4.957651102634374141 ) ) ;
#5284 = CARTESIAN_POINT ( 'NONE',  ( -13.00000000000000178, 9.000000000000000000, -1.000000000000000222 ) ) ;
#5285 = CARTESIAN_POINT ( 'NONE',  ( -7.314523792968508076, 9.383426335321528811, -5.697274850156382797 ) ) ;
#5286 = CARTESIAN_POINT ( 'NONE',  ( -12.41278826436512794, 13.72702090008819198, 3.202024096006857334 ) ) ;
#5287 = DIRECTION ( 'NONE',  ( 0.0000000000000000000, 0.0000000000000000000, -1.000000000000000000 ) ) ;
#5288 = ORIENTED_EDGE ( 'NONE', *, *, #4044, .F. ) ;
#5289 = CARTESIAN_POINT ( 'NONE',  ( -6.868751896539530222, 2.999967094546162283, -2.485201931958109345 ) ) ;
#5290 = CARTESIAN_POINT ( 'NONE',  ( -11.55369219077866738, 13.32571512868105756, -3.727355195309983937 ) ) ;
#5291 = CARTESIAN_POINT ( 'NONE',  ( -8.598912100186312912, 6.168750294799119516, 4.958856418944655786 ) ) ;
#5292 = CARTESIAN_POINT ( 'NONE',  ( -12.38125189653953129, 3.000032906505680774, 2.485360816083349800 ) ) ;
#5293 = CARTESIAN_POINT ( 'NONE',  ( -6.304112870728212137, 10.77919006006550795, -5.330522946082225211 ) ) ;
#5294 = CARTESIAN_POINT ( 'NONE',  ( -10.24803149641305566, 3.290567055147510356, -0.02284490793745297746 ) ) ;
#5295 = CARTESIAN_POINT ( 'NONE',  ( -5.100000000000002309, 14.13809303146610752, 4.899999999999940847 ) ) ;
#5296 = DIRECTION ( 'NONE',  ( 1.000000000000000000, -0.0000000000000000000, -0.0000000000000000000 ) ) ;
#5297 = PRODUCT_RELATED_PRODUCT_CATEGORY ( 'part', '', ( #6916 ) ) ;
#5298 = CARTESIAN_POINT ( 'NONE',  ( -24.00000000000000000, 9.000000000000000000, 0.0000000000000000000 ) ) ;
#5299 = CARTESIAN_POINT ( 'NONE',  ( -10.18750189653952987, 13.24258451272621073, -4.242696860768593758 ) ) ;
#5300 = ORIENTED_EDGE ( 'NONE', *, *, #4045, .F. ) ;
#5301 = CARTESIAN_POINT ( 'NONE',  ( -20.51900633391836948, 13.86931190059084074, -0.5538884478745000894 ) ) ;
#5302 = CARTESIAN_POINT ( 'NONE',  ( -7.452015031334296324, 3.646048462172923443, 1.984648880035626783 ) ) ;
#5303 = CARTESIAN_POINT ( 'NONE',  ( -10.82165533223958320, 12.71332639448778856, -4.327052610333196547 ) ) ;
#5304 = CARTESIAN_POINT ( 'NONE',  ( -3.999999999999996447, 0.5000000000000004441, -3.400000000000002132 ) ) ;
#5305 = CARTESIAN_POINT ( 'NONE',  ( -7.477927544878001598, 3.965865120174445924, -2.693921215625244336 ) ) ;
#5306 = CARTESIAN_POINT ( 'NONE',  ( -7.743085985288323592, 7.767233519360926763, 5.575465660070133112 ) ) ;
#5307 = CARTESIAN_POINT ( 'NONE',  ( -13.00000000000000178, 6.131110723848747668, 4.913138617746787951 ) ) ;
#5308 = EDGE_CURVE ( 'NONE', #6423, #1718, #3869, .T. ) ;
#5310 = CARTESIAN_POINT ( 'NONE',  ( -12.08546578811265704, 7.378293574325518911, 5.475228435265138138 ) ) ;
#5309 = CARTESIAN_POINT ( 'NONE',  ( -9.375001896539531643, 14.99999999947407936, -7.944206262056783218E-05 ) ) ;
#5311 = ORIENTED_EDGE ( 'NONE', *, *, #4949, .F. ) ;
#5312 = CARTESIAN_POINT ( 'NONE',  ( -4.900000000000001243, 14.90000000000000036, 4.899999999999998579 ) ) ;
#5313 = CARTESIAN_POINT ( 'NONE',  ( -10.22473481961773167, 3.373676863533328074, -0.9747718640377761590 ) ) ;
#5314 = ORIENTED_EDGE ( 'NONE', *, *, #7944, .T. ) ;
#5315 = CARTESIAN_POINT ( 'NONE',  ( -4.900000000000002132, 15.00000000000000178, 3.287202235749270507 ) ) ;
#5316 = ADVANCED_FACE ( 'NONE', ( #3070 ), #202, .T. ) ;
#5318 = CARTESIAN_POINT ( 'NONE',  ( -13.53750189653953129, 4.757415487273786603, 4.242696860768593758 ) ) ;
#5317 = FACE_BOUND ( 'NONE', #908, .T. ) ;
#5319 = CARTESIAN_POINT ( 'NONE',  ( -6.700000098502365553, 9.000000000000000000, -5.999999999999999112 ) ) ;
#5320 = SURFACE_STYLE_USAGE ( .BOTH. , #5940 ) ;
#5321 = CARTESIAN_POINT ( 'NONE',  ( -9.273679058752875903, 3.994997997869389028, 2.749279826078076194 ) ) ;
#5322 = CARTESIAN_POINT ( 'NONE',  ( -5.004998269261553112, 4.269888139102262947, 5.073931653880234371 ) ) ;
#5323 = CARTESIAN_POINT ( 'NONE',  ( -10.72500189653953129, 3.000000000525919752, 7.944206261983304126E-05 ) ) ;
#5324 = CARTESIAN_POINT ( 'NONE',  ( -7.284553681737732767, 7.635317461795188443, -5.461932634218523042 ) ) ;
#5325 = CARTESIAN_POINT ( 'NONE',  ( -12.95656862752192851, 3.299991927383853607, 0.3308952579979621000 ) ) ;
#5326 = CARTESIAN_POINT ( 'NONE',  ( -12.10000009850236324, 8.999999999999998224, -5.999999999999998224 ) ) ;
#5327 = ORIENTED_EDGE ( 'NONE', *, *, #1512, .F. ) ;
#5328 = CARTESIAN_POINT ( 'NONE',  ( -9.950001896539530932, 8.999925603094688142, -5.618955715758048086 ) ) ;
#5329 = CARTESIAN_POINT ( 'NONE',  ( -11.64182309494345624, 10.37872495777571658, -5.532681932084596355 ) ) ;
#5330 = CARTESIAN_POINT ( 'NONE',  ( -8.840369439885202851, 14.24437220328045584, 2.258862344685854229 ) ) ;
#5331 = CARTESIAN_POINT ( 'NONE',  ( 0.0000000000000000000, 0.5000000000000004441, 0.0000000000000000000 ) ) ;
#5332 = CARTESIAN_POINT ( 'NONE',  ( -6.624315901701344877, 3.702894914486157596, 1.907223726012603038 ) ) ;
#5333 = SPHERICAL_SURFACE ( 'NONE', #7996, 0.1000000000000000056 ) ;
#5334 = CARTESIAN_POINT ( 'NONE',  ( -20.03751082945196416, 4.178717841735499761, 0.8759711031548274018 ) ) ;
#5335 = PRESENTATION_LAYER_ASSIGNMENT (  '', '', ( #4327 ) ) ;
#5336 = CARTESIAN_POINT ( 'NONE',  ( -12.71875189653953164, 15.00003290545384083, 2.485201931958106236 ) ) ;
#5337 = ORIENTED_EDGE ( 'NONE', *, *, #6951, .F. ) ;
#5338 = DIRECTION ( 'NONE',  ( 0.0000000000000000000, 0.0000000000000000000, -1.000000000000000000 ) ) ;
#5339 = CARTESIAN_POINT ( 'NONE',  ( -7.222538440535362980, 7.179216464987269397, -5.411919266837570852 ) ) ;
#5340 = CARTESIAN_POINT ( 'NONE',  ( -10.80884743434029538, 13.10095808680574692, -3.961554543641485182 ) ) ;
#5341 = VECTOR ( 'NONE', #7510, 1000.000000000000000 ) ;
#5342 = CARTESIAN_POINT ( 'NONE',  ( -5.000000000000000888, 14.13809303146612528, -4.899999999999960387 ) ) ;
#5343 = CARTESIAN_POINT ( 'NONE',  ( -7.504530795755095518, 3.563502867942413666, -1.744115665303184626 ) ) ;
#5344 = CARTESIAN_POINT ( 'NONE',  ( -7.609108596724042606, 8.294673853340803760, 5.658117490169708219 ) ) ;
#5346 = CARTESIAN_POINT ( 'NONE',  ( -12.19457041707094902, 8.778109040011823794, 5.625651646858835342 ) ) ;
#5345 = CARTESIAN_POINT ( 'NONE',  ( -13.05625189653953200, 6.514639183916651533, -5.999967093494321446 ) ) ;
#5347 = ORIENTED_EDGE ( 'NONE', *, *, #4866, .T. ) ;
#5348 = CARTESIAN_POINT ( 'NONE',  ( -6.226480668386043860, 10.94916355797176521, -5.355496701717008534 ) ) ;
#5349 = ORIENTED_EDGE ( 'NONE', *, *, #7720, .T. ) ;
#5350 = AXIS2_PLACEMENT_3D ( 'NONE', #7889, #4903, #7356 ) ;
#5351 = CARTESIAN_POINT ( 'NONE',  ( -9.343750843279522655, 11.48523483828331848, -6.000000000000000888 ) ) ;
#5352 = EDGE_CURVE ( 'NONE', #6198, #2490, #2267, .T. ) ;
#5353 = EDGE_CURVE ( 'NONE', #1636, #6662, #2534, .T. ) ;
#5354 = CARTESIAN_POINT ( 'NONE',  ( -10.04559508755951036, 3.724297990571073136, -2.163134707680322233 ) ) ;
#5355 = ORIENTED_EDGE ( 'NONE', *, *, #6853, .T. ) ;
#5356 = SURFACE_STYLE_USAGE ( .BOTH. , #2449 ) ;
#5357 = AXIS2_PLACEMENT_3D ( 'NONE', #6980, #1418, #5762 ) ;
#5359 = CARTESIAN_POINT ( 'NONE',  ( -12.80625189653953200, 11.48536081608334491, 5.999967093494319670 ) ) ;
#5358 = FACE_OUTER_BOUND ( 'NONE', #5934, .T. ) ;
#5360 = CARTESIAN_POINT ( 'NONE',  ( -9.600000098502368573, 8.999999999999998224, -5.999999999999998224 ) ) ;
#5361 = ORIENTED_EDGE ( 'NONE', *, *, #3700, .T. ) ;
#5362 = CARTESIAN_POINT ( 'NONE',  ( -9.255243499459083978, 3.690456911346905677, 2.101747345447522175 ) ) ;
#5363 = CARTESIAN_POINT ( 'NONE',  ( -11.45182283662850509, 11.94191498086917136, 4.884403469538997733 ) ) ;
#5364 = DIRECTION ( 'NONE',  ( 0.0000000000000000000, 1.000000000000000000, 0.0000000000000000000 ) ) ;
#5365 = CARTESIAN_POINT ( 'NONE',  ( -7.219973030768252364, 7.273963478206747268, -5.443113100945505600 ) ) ;
#5366 = CARTESIAN_POINT ( 'NONE',  ( -11.17500189653953058, 14.99999999947407936, -7.944206262056783218E-05 ) ) ;
#5367 = FILL_AREA_STYLE_COLOUR ( '', #975 ) ;
#5368 = CIRCLE ( 'NONE', #1874, 0.1000000000000002554 ) ;
#5369 = CARTESIAN_POINT ( 'NONE',  ( -12.70309562951288562, 6.957482464030388059, -5.246166389271771813 ) ) ;
#5370 = VERTEX_POINT ( 'NONE', #6071 ) ;
#5371 = CARTESIAN_POINT ( 'NONE',  ( -11.08642747344248747, 4.255236714920406449, 3.176464266103566914 ) ) ;
#5372 = CARTESIAN_POINT ( 'NONE',  ( -8.630934681806083475, 12.79643529470923369, 4.265319476790501163 ) ) ;
#5373 = CARTESIAN_POINT ( 'NONE',  ( -11.53750189653953129, 4.757415487273786603, 4.242696860768593758 ) ) ;
#5374 = CARTESIAN_POINT ( 'NONE',  ( -6.508308241879015910, 3.964506117613761482, -2.517814940937516344 ) ) ;
#5375 = CARTESIAN_POINT ( 'NONE',  ( -10.05775861634152335, 7.634190816018414871, -5.543881120471588098 ) ) ;
#5376 = CARTESIAN_POINT ( 'NONE',  ( -13.00000000000000711, 4.505025964999372690, -3.773941425861329524 ) ) ;
#5377 = DIRECTION ( 'NONE',  ( 0.0000000000000000000, 0.0000000000000000000, -1.000000000000000000 ) ) ;
#5378 = DIRECTION ( 'NONE',  ( -0.0000000000000000000, 0.0000000000000000000, 1.000000000000000000 ) ) ;
#5379 = CARTESIAN_POINT ( 'NONE',  ( -13.61875189653953022, 15.00003290545384083, 2.485201931958106236 ) ) ;
#5380 = EDGE_LOOP ( 'NONE', ( #7703, #1833, #6079, #6015 ) ) ;
#5381 = CARTESIAN_POINT ( 'NONE',  ( -7.134975859446396562, 10.63983147338080038, -5.469349231589132110 ) ) ;
#5382 = CIRCLE ( 'NONE', #5651, 0.1000000000000002554 ) ;
#5383 = CARTESIAN_POINT ( 'NONE',  ( -10.77480424632335776, 11.80563736139970388, -4.880871667344193199 ) ) ;
#5384 = DIRECTION ( 'NONE',  ( 1.000000000000000000, -0.0000000000000000000, -0.0000000000000000000 ) ) ;
#5385 = CARTESIAN_POINT ( 'NONE',  ( -8.177421409909941374, 10.82202913808980504, -5.410869287688658602 ) ) ;
#5386 = CARTESIAN_POINT ( 'NONE',  ( -7.860559713824271988, 14.06586029240899904, 2.437234335722390455 ) ) ;
#5387 = CARTESIAN_POINT ( 'NONE',  ( -13.00000000000000178, 9.000000000000000000, 0.0000000000000000000 ) ) ;
#5388 =( BOUNDED_CURVE ( )  B_SPLINE_CURVE ( 2, ( #5, #2466, #6964, #4926, #7420, #1847, #4340, #1245, #6195, #314, #2047 ),
 .UNSPECIFIED., .F., .T. ) 
 B_SPLINE_CURVE_WITH_KNOTS ( ( 3, 2, 2, 2, 2, 3 ),
 ( 0.2777780180461115744, 0.2916666666666666852, 0.3055555555555555802, 0.3194444444444444198, 0.3333333333333333148, 0.3333335736016670992 ),
 .UNSPECIFIED. ) 
 CURVE ( )  GEOMETRIC_REPRESENTATION_ITEM ( )  RATIONAL_B_SPLINE_CURVE ( ( 0.9999973663809044178, 0.9238808493436148073, 1.000000000000000000, 0.9238795325112867385, 1.000000000000000000, 0.9238795325112867385, 1.000000000000000000, 0.9238795325112867385, 1.000000000000000000, 0.9999986831676719312, 0.9999973663809044178 ) ) 
 REPRESENTATION_ITEM ( '' )  );
#5390 = CARTESIAN_POINT ( 'NONE',  ( -12.45575026462124235, 14.45165710653646940, 1.699215393427036425 ) ) ;
#5389 = CARTESIAN_POINT ( 'NONE',  ( -14.35000189653952951, 9.000079442062618895, 5.999999999474079360 ) ) ;
#5391 = ORIENTED_EDGE ( 'NONE', *, *, #655, .T. ) ;
#5392 = LINE ( 'NONE', #3093, #831 ) ;
#5393 = VERTEX_POINT ( 'NONE', #2384 ) ;
#5394 = CARTESIAN_POINT ( 'NONE',  ( -9.915848459866616338, 7.427785267858251217, -5.489671132782560470 ) ) ;
#5395 = SURFACE_STYLE_FILL_AREA ( #3635 ) ;
#5396 = VECTOR ( 'NONE', #1815, 1000.000000000000000 ) ;
#5397 = VECTOR ( 'NONE', #4614, 1000.000000000000000 ) ;
#5398 = CARTESIAN_POINT ( 'NONE',  ( -5.000000000000001776, 14.90000000000000036, 3.949683531626298372 ) ) ;
#5400 = CARTESIAN_POINT ( 'NONE',  ( -11.53220436813671590, 13.83572623040218197, -3.036925170242513961 ) ) ;
#5399 = DIRECTION ( 'NONE',  ( -0.0000000000000000000, -0.0000000000000000000, -1.000000000000000000 ) ) ;
#5401 = CARTESIAN_POINT ( 'NONE',  ( -12.99999999999999822, 9.579466495792281933, 5.718524514773412726 ) ) ;
#5402 = EDGE_CURVE ( 'NONE', #3462, #6865, #5368, .T. ) ;
#5403 = ORIENTED_EDGE ( 'NONE', *, *, #5402, .F. ) ;
#5404 = PRESENTATION_LAYER_ASSIGNMENT (  '', '', ( #4879 ) ) ;
#5405 = CARTESIAN_POINT ( 'NONE',  ( -4.900000000000001243, 0.1000000000000000056, 4.899999999999998579 ) ) ;
#5406 = CARTESIAN_POINT ( 'NONE',  ( -9.340613731572945611, 3.299893916123654236, -0.3388506561756079449 ) ) ;
#5407 = CARTESIAN_POINT ( 'NONE',  ( -11.49885499031103109, 14.53180338839682939, 1.045697736352007690 ) ) ;
#5408 = CARTESIAN_POINT ( 'NONE',  ( -19.80000000000000071, -4.000999999999999446, 0.0000000000000000000 ) ) ;
#5409 = CARTESIAN_POINT ( 'NONE',  ( -10.95000009850236644, 9.000000000000000000, 5.999999999999998224 ) ) ;
#5410 = CARTESIAN_POINT ( 'NONE',  ( -9.543751896539529156, 11.48520193195810712, -6.000032905453839938 ) ) ;
#5411 = CARTESIAN_POINT ( 'NONE',  ( -12.14375189653952880, 6.672626733064500826, 5.618986531965226128 ) ) ;
#5412 = CARTESIAN_POINT ( 'NONE',  ( -12.59316069118681547, 8.306231718270298714, -5.667823260257399021 ) ) ;
#5413 = EDGE_CURVE ( 'NONE', #7285, #3721, #33, .T. ) ;
#5414 = CARTESIAN_POINT ( 'NONE',  ( -8.492656474543005984, 7.652987218060184560, 5.540552630283769986 ) ) ;
#5415 = CARTESIAN_POINT ( 'NONE',  ( -4.903711924919504916, 15.00025713565079499, 3.358955169696935084 ) ) ;
#5416 = CARTESIAN_POINT ( 'NONE',  ( -6.364111198522696355, 5.735565017071648342, -4.685259238116990410 ) ) ;
#5417 = CARTESIAN_POINT ( 'NONE',  ( -10.75708219301598945, 14.24234720158793088, -2.261678385981221506 ) ) ;
#5418 = CARTESIAN_POINT ( 'NONE',  ( -13.00000000000000355, 6.708050441515147178, -5.498326645090156006 ) ) ;
#5419 = EDGE_CURVE ( 'NONE', #3462, #225, #3232, .T. ) ;
#5420 = DIRECTION ( 'NONE',  ( 0.0000000000000000000, 0.0000000000000000000, -1.000000000000000000 ) ) ;
#5421 = CARTESIAN_POINT ( 'NONE',  ( -13.22500189653952951, 3.000000000525920640, 7.944206261983304126E-05 ) ) ;
#5422 = CARTESIAN_POINT ( 'NONE',  ( -7.038217483270942765, 13.70524585040313958, -3.235210528381500250 ) ) ;
#5423 = CARTESIAN_POINT ( 'NONE',  ( -10.80811979991401728, 7.720873690378187604, -5.565203795296330469 ) ) ;
#5424 = CARTESIAN_POINT ( 'NONE',  ( -4.999999999999965361, 13.68670510640281357, -5.087403305639099038 ) ) ;
#5425 = CARTESIAN_POINT ( 'NONE',  ( -8.590635219640146758, 5.891640647357489158, 4.789317167266337272 ) ) ;
#5426 = CARTESIAN_POINT ( 'NONE',  ( -7.927577770762553655, 14.62881822266337117, -0.1025706047296038731 ) ) ;
#5427 = CARTESIAN_POINT ( 'NONE',  ( -6.731251896539530932, 14.99996709349432145, -2.485360816083348023 ) ) ;
#5429 = CARTESIAN_POINT ( 'NONE',  ( -12.31907204217115570, 13.16730075744603390, 3.785312866109923569 ) ) ;
#5428 = CARTESIAN_POINT ( 'NONE',  ( -7.125001896539530755, 3.000000000525919752, 7.944206261983304126E-05 ) ) ;
#5430 = ORIENTED_EDGE ( 'NONE', *, *, #1887, .T. ) ;
#5431 = CARTESIAN_POINT ( 'NONE',  ( -4.900000000000001243, 14.90000000000000036, 4.899999999999998579 ) ) ;
#5432 = CARTESIAN_POINT ( 'NONE',  ( -8.215981265409451950, 9.323875681660565462, -5.701196767056808667 ) ) ;
#5433 = CARTESIAN_POINT ( 'NONE',  ( -9.419171031564520291, 8.700987625827885097, 5.702051558720593327 ) ) ;
#5434 = CARTESIAN_POINT ( 'NONE',  ( -10.07746603855734691, 3.373052719086705675, -0.9711489689737327069 ) ) ;
#5435 =( LENGTH_UNIT ( ) NAMED_UNIT ( * ) SI_UNIT ( .MILLI., .METRE. ) );
#5436 = CARTESIAN_POINT ( 'NONE',  ( -13.00000000000000178, 9.000000000000000000, -6.000000000000000000 ) ) ;
#5437 = CARTESIAN_POINT ( 'NONE',  ( -11.75911773150728656, 11.47952008989682682, -5.143682834837704831 ) ) ;
#5438 = CARTESIAN_POINT ( 'NONE',  ( -13.00000000000000711, 14.97922004773690396, -0.1190318436231517507 ) ) ;
#5439 = VERTEX_POINT ( 'NONE', #155 ) ;
#5440 = CARTESIAN_POINT ( 'NONE',  ( -18.92379674209537654, 13.89548494063586048, 0.2366552523593479784 ) ) ;
#5441 = CARTESIAN_POINT ( 'NONE',  ( -9.382723715955727073, 4.883875910398050912, 3.841118876940804228 ) ) ;
#5442 = DIRECTION ( 'NONE',  ( 1.000000000000000000, -0.0000000000000000000, -0.0000000000000000000 ) ) ;
#5443 = CARTESIAN_POINT ( 'NONE',  ( -10.95000099752341072, 9.000039721031308559, 5.999999999999998224 ) ) ;
#5444 = CARTESIAN_POINT ( 'NONE',  ( -9.262501896539530932, 13.24269686076859287, 4.242584512726212509 ) ) ;
#5445 = CARTESIAN_POINT ( 'NONE',  ( -12.25625189653952951, 11.32752206074611578, 5.618924899550870045 ) ) ;
#5446 = CARTESIAN_POINT ( 'NONE',  ( -12.88137085378572522, 3.384424231296206731, 0.2622029033435293588 ) ) ;
#5447 = EDGE_LOOP ( 'NONE', ( #4357, #3255 ) ) ;
#5448 = CARTESIAN_POINT ( 'NONE',  ( -11.24375189653953022, 6.672626733064500826, 5.618986531965226128 ) ) ;
#5449 = CARTESIAN_POINT ( 'NONE',  ( -8.657897214628924587, 8.351825515925384025, 5.664953991277742240 ) ) ;
#5450 = EDGE_CURVE ( 'NONE', #63, #4122, #7066, .T. ) ;
#5451 = CARTESIAN_POINT ( 'NONE',  ( -11.48125189653952916, 3.000032906505680774, 2.485360816083349800 ) ) ;
#5452 = CARTESIAN_POINT ( 'NONE',  ( -5.032645121196383187, 15.02617713482884021, 3.514125851532482692 ) ) ;
#5453 = CARTESIAN_POINT ( 'NONE',  ( -6.670900291165832385, 3.370128973122798577, 0.9038107461749136373 ) ) ;
#5454 = CARTESIAN_POINT ( 'NONE',  ( -11.22344385324897686, 4.041502815412323812, 2.830785071207853498 ) ) ;
#5455 = FACE_OUTER_BOUND ( 'NONE', #845, .T. ) ;
#5456 = DIRECTION ( 'NONE',  ( 0.0000000000000000000, -1.000000000000000000, 0.0000000000000000000 ) ) ;
#5457 = CARTESIAN_POINT ( 'NONE',  ( -20.35299681946572647, 4.152419803720614588, -0.7196923221518686242 ) ) ;
#5458 = CARTESIAN_POINT ( 'NONE',  ( -12.66250189653952951, 13.24269686076859287, 4.242584512726211621 ) ) ;
#5459 = FACE_OUTER_BOUND ( 'NONE', #5380, .T. ) ;
#5460 = CARTESIAN_POINT ( 'NONE',  ( -6.984144886113123007, 14.55581644938980546, -1.318261597215023784 ) ) ;
#5461 = CARTESIAN_POINT ( 'NONE',  ( -10.91523143983879152, 4.284385866936774256, -3.205489041928299532 ) ) ;
#5462 = CARTESIAN_POINT ( 'NONE',  ( -5.000000000000007994, 14.10301653900565810, -4.918390438666450315 ) ) ;
#5463 = CARTESIAN_POINT ( 'NONE',  ( -8.789565352504345341, 13.13409536418385315, 3.938082595402480734 ) ) ;
#5464 = CARTESIAN_POINT ( 'NONE',  ( -7.773250293615424411, 13.88588259861775143, 2.939455922111952724 ) ) ;
#5465 = CARTESIAN_POINT ( 'NONE',  ( -6.450000098502365553, 9.000000000000000000, 5.999999999999998224 ) ) ;
#5466 =( GEOMETRIC_REPRESENTATION_CONTEXT ( 3 ) GLOBAL_UNCERTAINTY_ASSIGNED_CONTEXT ( ( #6271 ) ) GLOBAL_UNIT_ASSIGNED_CONTEXT ( ( #5687, #6253, #3174 ) ) REPRESENTATION_CONTEXT ( 'NONE', 'WORKASPACE' ) );
#5468 = CARTESIAN_POINT ( 'NONE',  ( -12.27190156874940286, 13.86614305003403125, 2.987882375960853487 ) ) ;
#5467 = CARTESIAN_POINT ( 'NONE',  ( -7.462501896539531110, 13.24269686076859287, 4.242584512726212509 ) ) ;
#5469 = ORIENTED_EDGE ( 'NONE', *, *, #1556, .F. ) ;
#5470 = DIRECTION ( 'NONE',  ( 0.0000000000000000000, 0.0000000000000000000, -1.000000000000000000 ) ) ;
#5471 = ORIENTED_EDGE ( 'NONE', *, *, #3490, .T. ) ;
#5472 = CIRCLE ( 'NONE', #828, 7.000000000000000000 ) ;
#5473 = CARTESIAN_POINT ( 'NONE',  ( -8.241616855875761871, 8.262508213141931179, -5.662292284526548869 ) ) ;
#5474 = CARTESIAN_POINT ( 'NONE',  ( -9.304458082661341223, 4.702756477805762003, 3.747695157682595202 ) ) ;
#5475 = CARTESIAN_POINT ( 'NONE',  ( -10.20339772054628291, 3.485202880938074621, 1.131864850673306222 ) ) ;
#5476 = ORIENTED_EDGE ( 'NONE', *, *, #5859, .F. ) ;
#5477 = CARTESIAN_POINT ( 'NONE',  ( -11.61591312199675485, 14.66599438953224244, -0.7094948500402328273 ) ) ;
#5478 = CARTESIAN_POINT ( 'NONE',  ( -12.99999999999999822, 9.109969424943885841, 5.734383147359263688 ) ) ;
#5479 = ORIENTED_EDGE ( 'NONE', *, *, #4721, .F. ) ;
#5480 = DIRECTION ( 'NONE',  ( -1.000000000000000000, 0.0000000000000000000, 0.0000000000000000000 ) ) ;
#5481 = CARTESIAN_POINT ( 'NONE',  ( -9.616577805142734192, 10.69466513274021757, 5.444302783161649728 ) ) ;
#5482 = VECTOR ( 'NONE', #3167, 1000.000000000000000 ) ;
#5483 = FACE_OUTER_BOUND ( 'NONE', #3667, .T. ) ;
#5484 = CARTESIAN_POINT ( 'NONE',  ( -10.95000189653953093, 9.000079442062618895, 5.999999999474079360 ) ) ;
#5485 = CARTESIAN_POINT ( 'NONE',  ( -8.756251896539529511, 6.514639183916651533, -5.999967093494321446 ) ) ;
#5486 = CARTESIAN_POINT ( 'NONE',  ( -12.42500189653953058, 14.61895571575804809, -7.439690531130537009E-05 ) ) ;
#5487 = CARTESIAN_POINT ( 'NONE',  ( -12.85549370206224395, 3.425717905791630713, -0.7886048471620995537 ) ) ;
#5488 = CIRCLE ( 'NONE', #3565, 0.5000000000000000000 ) ;
#5489 = ORIENTED_EDGE ( 'NONE', *, *, #7548, .F. ) ;
#5490 = CARTESIAN_POINT ( 'NONE',  ( -9.331251896539532353, 3.381075100449129511, 2.327522060746118893 ) ) ;
#5491 = CARTESIAN_POINT ( 'NONE',  ( -10.57362385550561434, 14.63687467847938350, -0.9102524883881710771 ) ) ;
#5492 = CARTESIAN_POINT ( 'NONE',  ( -8.686978916574998877, 12.19227140047046376, 4.637233761865343418 ) ) ;
#5493 = DIRECTION ( 'NONE',  ( -1.000000000000000000, 0.0000000000000000000, 0.0000000000000000000 ) ) ;
#5494 = AXIS2_PLACEMENT_3D ( 'NONE', #4140, #4761, #5287 ) ;
#5495 = CARTESIAN_POINT ( 'NONE',  ( -6.769257148903071730, 5.208744793836209475, 4.270218247057014693 ) ) ;
#5496 = CARTESIAN_POINT ( 'NONE',  ( -11.17925926075680465, 3.425066154174245536, 1.231823391562442360 ) ) ;
#5497 = CYLINDRICAL_SURFACE ( 'NONE', #844, 0.1000000000000002554 ) ;
#5498 = DIRECTION ( 'NONE',  ( 0.0000000000000000000, 1.000000000000000000, 0.0000000000000000000 ) ) ;
#5499 = DIRECTION ( 'NONE',  ( 0.0000000000000000000, 0.0000000000000000000, 1.000000000000000000 ) ) ;
#5500 = CARTESIAN_POINT ( 'NONE',  ( -13.78750189653952951, 13.24258451272621073, -4.242696860768593758 ) ) ;
#5501 = ADVANCED_FACE ( 'NONE', ( #6351 ), #6344, .F. ) ;
#5502 = EDGE_LOOP ( 'NONE', ( #4961, #3011, #2844, #6702 ) ) ;
#5503 = CIRCLE ( 'NONE', #4103, 2.350000000000000089 ) ;
#5504 = DIRECTION ( 'NONE',  ( -0.0000000000000000000, 1.000000000000000000, -0.0000000000000000000 ) ) ;
#5505 = CARTESIAN_POINT ( 'NONE',  ( -7.161739407973554350, 9.603173412214127680, -5.678022919184735784 ) ) ;
#5506 = CARTESIAN_POINT ( 'NONE',  ( -10.82646780399074871, 7.038347595154566427, -5.353888640759797646 ) ) ;
#5507 = CARTESIAN_POINT ( 'NONE',  ( -5.100000000000002309, 9.000000000000000000, 6.899999999999999467 ) ) ;
#5508 = CARTESIAN_POINT ( 'NONE',  ( -8.643596284912785421, 7.787099144692405162, 5.579213551209776689 ) ) ;
#5509 = VECTOR ( 'NONE', #3164, 1000.000000000000000 ) ;
#5510 = CARTESIAN_POINT ( 'NONE',  ( -8.054779514811967189, 14.27774992371658058, -2.179704226041241366 ) ) ;
#5511 = CARTESIAN_POINT ( 'NONE',  ( -12.99106718196285648, 3.542635755001787956, 1.678642768294254406 ) ) ;
#5513 = CARTESIAN_POINT ( 'NONE',  ( -12.26611592280863405, 11.49807433677722734, 5.045347766889972441 ) ) ;
#5512 = CARTESIAN_POINT ( 'NONE',  ( -13.45000189653952916, 9.000079442062618895, 5.999999999474079360 ) ) ;
#5514 = ORIENTED_EDGE ( 'NONE', *, *, #6666, .F. ) ;
#5515 = CARTESIAN_POINT ( 'NONE',  ( -6.900000098502364843, 8.999999999999998224, -5.999999999999998224 ) ) ;
#5516 = EDGE_CURVE ( 'NONE', #2574, #6257, #4223, .T. ) ;
#5517 = AXIS2_PLACEMENT_3D ( 'NONE', #6576, #1621, #4155 ) ;
#5518 = CARTESIAN_POINT ( 'NONE',  ( -9.100715066188104885, 4.627807275582113355, -3.672526849096395818 ) ) ;
#5519 = CARTESIAN_POINT ( 'NONE',  ( -10.36657502643172180, 5.127582406714718211, 4.196473094387137337 ) ) ;
#5520 = ORIENTED_EDGE ( 'NONE', *, *, #2684, .T. ) ;
#5521 = PRESENTATION_STYLE_ASSIGNMENT (( #3052 ) ) ;
#5522 = CARTESIAN_POINT ( 'NONE',  ( -7.321204285492788344, 6.328564492503296002, -4.955589659084576937 ) ) ;
#5523 = AXIS2_PLACEMENT_3D ( 'NONE', #4067, #7056, #2626 ) ;
#5525 = CARTESIAN_POINT ( 'NONE',  ( -11.63008074112955370, 10.82143257709644679, -5.411827304722066856 ) ) ;
#5524 = CARTESIAN_POINT ( 'NONE',  ( -5.100000000000002309, 14.81690140845070403, 3.894054186110434745 ) ) ;
#5526 = FACE_OUTER_BOUND ( 'NONE', #4190, .T. ) ;
#5527 = DIRECTION ( 'NONE',  ( -1.000000000000000000, 0.0000000000000000000, 0.0000000000000000000 ) ) ;
#5528 = CIRCLE ( 'NONE', #4623, 0.5999999999999980904 ) ;
#5529 = CARTESIAN_POINT ( 'NONE',  ( -9.554929886656568172, 8.230133513708182136, 5.658052568243886249 ) ) ;
#5530 = AXIS2_PLACEMENT_3D ( 'NONE', #6072, #6606, #4147 ) ;
#5531 = CARTESIAN_POINT ( 'NONE',  ( -6.978042083052475419, 12.78847906094325459, 4.271408866599065490 ) ) ;
#5532 = CARTESIAN_POINT ( 'NONE',  ( -4.900000000000001243, 0.0000000000000000000, 4.899999999999998579 ) ) ;
#5533 = CARTESIAN_POINT ( 'NONE',  ( -8.643751896539532353, 11.48520193195810712, -6.000032905453839938 ) ) ;
#5534 = CARTESIAN_POINT ( 'NONE',  ( -11.35625189653952916, 11.32752206074611578, 5.618924899550870045 ) ) ;
#5535 = CARTESIAN_POINT ( 'NONE',  ( -12.75465688620620952, 3.593364334825259299, -1.837069664445175610 ) ) ;
#5536 = VERTEX_POINT ( 'NONE', #1928 ) ;
#5537 = CARTESIAN_POINT ( 'NONE',  ( -8.375001896539529866, 3.381044284241951026, 7.439690531061725408E-05 ) ) ;
#5538 = CARTESIAN_POINT ( 'NONE',  ( -10.90006233283158465, 4.644930987110099885, -3.692831653672047132 ) ) ;
#5539 = CARTESIAN_POINT ( 'NONE',  ( -8.864539756172328921, 14.41235691606239300, -1.550456032337570900 ) ) ;
#5540 = CARTESIAN_POINT ( 'NONE',  ( -5.100000000000002309, 9.000000000000000000, 0.0000000000000000000 ) ) ;
#5541 = CARTESIAN_POINT ( 'NONE',  ( 4.899999999999997691, 14.90000000000000036, -4.900000000000000355 ) ) ;
#5542 = CARTESIAN_POINT ( 'NONE',  ( -6.910351467160404937, 12.91449133208543643, 4.046092435587364200 ) ) ;
#5543 = CARTESIAN_POINT ( 'NONE',  ( -11.01642396135292934, 5.575972983487185175, -4.568832015661377532 ) ) ;
#5544 = CARTESIAN_POINT ( 'NONE',  ( -12.66250189653952951, 13.24269686076859287, 4.242584512726212509 ) ) ;
#5545 = CARTESIAN_POINT ( 'NONE',  ( -6.000000098451931940, 9.000000002228377483, -6.000000000000000888 ) ) ;
#5546 = CARTESIAN_POINT ( 'NONE',  ( -10.58125189653953235, 3.000032906505681662, 2.485360816083349356 ) ) ;
#5547 = ORIENTED_EDGE ( 'NONE', *, *, #3239, .F. ) ;
#5548 = CARTESIAN_POINT ( 'NONE',  ( -6.402116157514766925, 4.591357441989831756, -3.628815930935911371 ) ) ;
#5549 = CARTESIAN_POINT ( 'NONE',  ( -10.88898531753648768, 4.954316197422053314, -4.029633111561228276 ) ) ;
#5550 = CARTESIAN_POINT ( 'NONE',  ( -20.40000000000000213, 9.000000000000000000, 0.0000000000000000000 ) ) ;
#5551 = EDGE_CURVE ( 'NONE', #984, #760, #1107, .T. ) ;
#5552 = CARTESIAN_POINT ( 'NONE',  ( -8.931573268853011172, 14.54745472289616082, -1.317550695939460503 ) ) ;
#5553 = CARTESIAN_POINT ( 'NONE',  ( -7.883347856334985693, 14.38941087354381487, 1.628351909238327622 ) ) ;
#5554 = CARTESIAN_POINT ( 'NONE',  ( -10.05000009850236431, 9.000000000000000000, 5.999999999999998224 ) ) ;
#5556 = CARTESIAN_POINT ( 'NONE',  ( -12.47535786785669742, 14.27575994400133297, -1.941495464315929675 ) ) ;
#5555 = CARTESIAN_POINT ( 'NONE',  ( -10.97500189653952951, 14.99999999947407936, -7.944206262056783218E-05 ) ) ;
#5557 = EDGE_LOOP ( 'NONE', ( #458, #3006, #4431, #384 ) ) ;
#5558 = DIRECTION ( 'NONE',  ( 0.0000000000000000000, 1.000000000000000000, 1.224646799147353207E-16 ) ) ;
#5559 =( BOUNDED_CURVE ( )  B_SPLINE_CURVE ( 2, ( #5258, #3330, #5299, #330, #3488, #7669, #973, #3450, #2711, #407, #7795 ),
 .UNSPECIFIED., .F., .F. ) 
 B_SPLINE_CURVE_WITH_KNOTS ( ( 3, 2, 2, 2, 2, 3 ),
 ( 0.5000002402683337843, 0.5138888888888888395, 0.5277777777777777901, 0.5416666666666666297, 0.5555555555555555802, 0.5555557958238893645 ),
 .UNSPECIFIED. ) 
 CURVE ( )  GEOMETRIC_REPRESENTATION_ITEM ( )  RATIONAL_B_SPLINE_CURVE ( ( 0.9999973663809044178, 0.9238808493436148073, 1.000000000000000000, 0.9238795325112867385, 1.000000000000000000, 0.9238795325112867385, 1.000000000000000000, 0.9238795325112867385, 1.000000000000000000, 0.9999986831676719312, 0.9999973663809044178 ) ) 
 REPRESENTATION_ITEM ( '' )  );
#5560 = CARTESIAN_POINT ( 'NONE',  ( -9.075438541405338455, 5.373929461393714746, -4.410798912904682290 ) ) ;
#5561 = CARTESIAN_POINT ( 'NONE',  ( -10.12976344722576982, 3.406844601017985585, 1.149833657224208938 ) ) ;
#5562 = EDGE_CURVE ( 'NONE', #3440, #2365, #720, .T. ) ;
#5563 = EDGE_LOOP ( 'NONE', ( #1764, #6521, #1435 ) ) ;
#5564 = ADVANCED_FACE ( 'NONE', ( #7574 ), #7613, .T. ) ;
#5565 = CARTESIAN_POINT ( 'NONE',  ( -7.238285463421256338, 6.611618022564867303, -5.186744296177322688 ) ) ;
#5566 = CARTESIAN_POINT ( 'NONE',  ( -11.77734835533396485, 10.82499528207305239, -5.410627005230385755 ) ) ;
#5567 = CYLINDRICAL_SURFACE ( 'NONE', #4580, 6.000000000000000000 ) ;
#5568 = ORIENTED_EDGE ( 'NONE', *, *, #3984, .F. ) ;
#5569 = CARTESIAN_POINT ( 'NONE',  ( -7.037501896539529511, 4.757415487273786603, 4.242696860768593758 ) ) ;
#5570 = CARTESIAN_POINT ( 'NONE',  ( -9.567508585077220573, 13.77355608509127549, 3.133909940120295001 ) ) ;
#5571 = ADVANCED_FACE ( 'NONE', ( #2779 ), #5942, .T. ) ;
#5572 = CARTESIAN_POINT ( 'NONE',  ( -7.106671484915351833, 14.69979780695799398, -0.3352998662511195160 ) ) ;
#5573 = CARTESIAN_POINT ( 'NONE',  ( -5.000000000000025757, 4.311097327642306354, -5.086695778217654507 ) ) ;
#5574 = CARTESIAN_POINT ( 'NONE',  ( -6.900001896539530222, 8.999920557937377552, -5.999999999474079360 ) ) ;
#5575 = CARTESIAN_POINT ( 'NONE',  ( -12.36875189653953200, 14.61898653196522524, 2.327373266935493845 ) ) ;
#5576 = CARTESIAN_POINT ( 'NONE',  ( -12.81646202853035632, 3.332133042134956202, 0.6224843816423328846 ) ) ;
#5577 = EDGE_LOOP ( 'NONE', ( #2074, #2199, #910, #108 ) ) ;
#5578 = CARTESIAN_POINT ( 'NONE',  ( -6.406251896539530755, 6.672477939253883328, -5.618924899550870933 ) ) ;
#5579 = CARTESIAN_POINT ( 'NONE',  ( -10.91759909399271145, 4.224860763465018820, -3.130767104498781706 ) ) ;
#5580 = CARTESIAN_POINT ( 'NONE',  ( -8.818257858026210982, 14.09535878620670424, -2.559197999656514622 ) ) ;
#5581 = CARTESIAN_POINT ( 'NONE',  ( -5.034933983389682233, 13.83189776423485995, 5.033980016150034764 ) ) ;
#5582 = CARTESIAN_POINT ( 'NONE',  ( -9.318751896539529511, 15.00003290545384260, 2.485201931958106236 ) ) ;
#5583 = CARTESIAN_POINT ( 'NONE',  ( -6.737801784638657310, 9.478104623995848854, 5.690196995944060809 ) ) ;
#5584 = CARTESIAN_POINT ( 'NONE',  ( -10.76589973952258283, 14.09763025066398612, -2.571793250633525041 ) ) ;
#5585 = PRESENTATION_STYLE_ASSIGNMENT (( #2346 ) ) ;
#5586 = CARTESIAN_POINT ( 'NONE',  ( -9.231251896539530932, 14.99996709349432145, -2.485360816083347135 ) ) ;
#5587 = ORIENTED_EDGE ( 'NONE', *, *, #666, .F. ) ;
#5588 = CARTESIAN_POINT ( 'NONE',  ( -12.71670811928029998, 4.244051137966036613, -3.160213606408497355 ) ) ;
#5589 = CARTESIAN_POINT ( 'NONE',  ( -6.482761988386690710, 3.341227436842876486, -0.7621001589137379462 ) ) ;
#5590 = CARTESIAN_POINT ( 'NONE',  ( -10.98784007133599161, 3.317203583884863249, -0.5589649796664292181 ) ) ;
#5591 = CARTESIAN_POINT ( 'NONE',  ( -7.206251896539529689, 11.48536081608334847, 5.999967093494318782 ) ) ;
#5592 = CARTESIAN_POINT ( 'NONE',  ( -8.841509134475558085, 14.26126423257015041, 2.218029073196672751 ) ) ;
#5593 = CARTESIAN_POINT ( 'NONE',  ( -5.000000000000001776, 14.13809303146610752, -4.899999999999942624 ) ) ;
#5594 = DIRECTION ( 'NONE',  ( 0.0000000000000000000, 0.0000000000000000000, 1.000000000000000000 ) ) ;
#5596 = CARTESIAN_POINT ( 'NONE',  ( -12.40918864778800490, 14.58511484765337229, 0.6402073711899549657 ) ) ;
#5595 = CARTESIAN_POINT ( 'NONE',  ( -11.93125189653953200, 14.99996709349432145, -2.485360816083348023 ) ) ;
#5597 = AXIS2_PLACEMENT_3D ( 'NONE', #3201, #3858, #4348 ) ;
#5598 = ORIENTED_EDGE ( 'NONE', *, *, #7259, .T. ) ;
#5599 = LINE ( 'NONE', #5682, #3552 ) ;
#5600 = CARTESIAN_POINT ( 'NONE',  ( -8.484205453349954240, 7.334514610390459488, 5.453220205304452506 ) ) ;
#5601 = CARTESIAN_POINT ( 'NONE',  ( -10.34401158315411706, 9.727804725406919317, 5.663771911477678778 ) ) ;
#5602 = EDGE_LOOP ( 'NONE', ( #342, #3607 ) ) ;
#5603 = CARTESIAN_POINT ( 'NONE',  ( -7.553267645252017992, 4.179253088549971018, 2.907840918373879813 ) ) ;
#5605 = CARTESIAN_POINT ( 'NONE',  ( -11.93770450732785982, 4.922347954468588860, -3.985605124529155052 ) ) ;
#5604 = CARTESIAN_POINT ( 'NONE',  ( -12.69375189653953129, 6.514798068041888435, 6.000032905453838161 ) ) ;
#5606 = CARTESIAN_POINT ( 'NONE',  ( -5.021861899987487554, 4.202138682534378944, 5.048882746190764159 ) ) ;
#5607 = ORIENTED_EDGE ( 'NONE', *, *, #4620, .T. ) ;
#5608 =( BOUNDED_CURVE ( )  B_SPLINE_CURVE ( 2, ( #3425, #5897, #7643, #6345, #184, #7686, #2079, #4559, #6505, #4009, #3964 ),
 .UNSPECIFIED., .F., .T. ) 
 B_SPLINE_CURVE_WITH_KNOTS ( ( 3, 2, 2, 2, 2, 3 ),
 ( 0.3888891291572226794, 0.4027777777777777901, 0.4166666666666666852, 0.4305555555555555802, 0.4444444444444444198, 0.4444446847127782041 ),
 .UNSPECIFIED. ) 
 CURVE ( )  GEOMETRIC_REPRESENTATION_ITEM ( )  RATIONAL_B_SPLINE_CURVE ( ( 0.9999973663809044178, 0.9238808493436148073, 1.000000000000000000, 0.9238795325112867385, 1.000000000000000000, 0.9238795325112867385, 1.000000000000000000, 0.9238795325112867385, 1.000000000000000000, 0.9999986831676719312, 0.9999973663809044178 ) ) 
 REPRESENTATION_ITEM ( '' )  );
#5609 = TOROIDAL_SURFACE ( 'NONE', #6909, 2.050000000000000266, 0.2999999999999999889 ) ;
#5610 = EDGE_CURVE ( 'NONE', #1917, #1735, #1747, .T. ) ;
#5611 =( NAMED_UNIT ( * ) PLANE_ANGLE_UNIT ( ) SI_UNIT ( $, .RADIAN. ) );
#5612 = CARTESIAN_POINT ( 'NONE',  ( -9.742123929451533826, 14.27088702877721360, 2.196213798844259824 ) ) ;
#5613 = CARTESIAN_POINT ( 'NONE',  ( -7.115090164433051534, 14.66921074714706386, -0.6762940418179244073 ) ) ;
#5614 = CYLINDRICAL_SURFACE ( 'NONE', #4241, 6.000000000000000000 ) ;
#5615 = AXIS2_PLACEMENT_3D ( 'NONE', #419, #5893, #4710 ) ;
#5616 = CARTESIAN_POINT ( 'NONE',  ( -7.125001896539530755, 3.000000000525919752, 7.944206261983304126E-05 ) ) ;
#5617 = CARTESIAN_POINT ( 'NONE',  ( -7.362501896539530577, 5.026745703644327712, -3.973149083243182833 ) ) ;
#5618 = CARTESIAN_POINT ( 'NONE',  ( -12.93788751578141927, 3.307468074519026580, -0.4501423156130461845 ) ) ;
#5619 = ORIENTED_EDGE ( 'NONE', *, *, #7112, .T. ) ;
#5620 = EDGE_CURVE ( 'NONE', #3249, #1829, #4003, .T. ) ;
#5621 = CIRCLE ( 'NONE', #1222, 0.1000000000000002554 ) ;
#5622 = CARTESIAN_POINT ( 'NONE',  ( -10.51746056306467203, 14.53864234995981342, 1.354442867064660438 ) ) ;
#5623 = CARTESIAN_POINT ( 'NONE',  ( -9.018427688252044661, 12.81764876152020705, -4.246333592203852092 ) ) ;
#5624 = CARTESIAN_POINT ( 'NONE',  ( -4.999999999999914735, 13.64758001544917043, 4.999999999999997335 ) ) ;
#5625 = CARTESIAN_POINT ( 'NONE',  ( -6.966647025778274660, 12.43142213172944999, 4.564082082017258735 ) ) ;
#5626 = CARTESIAN_POINT ( 'NONE',  ( -12.17988966896724712, 5.542488941792911739, 4.543631954581659471 ) ) ;
#5627 = SURFACE_SIDE_STYLE ('',( #603 ) ) ;
#5628 = VECTOR ( 'NONE', #775, 1000.000000000000000 ) ;
#5629 = CARTESIAN_POINT ( 'NONE',  ( -9.287501896539529511, 13.24258451272621073, -4.242696860768593758 ) ) ;
#5630 = CARTESIAN_POINT ( 'NONE',  ( -12.64699840652542839, 6.308446712538545498, -5.035911112623126407 ) ) ;
#5631 = CARTESIAN_POINT ( 'NONE',  ( -8.050944264390855309, 10.03071939055234196, -5.616595095738325938 ) ) ;
#5632 = CARTESIAN_POINT ( 'NONE',  ( -6.534490825447133666, 3.447518421884926632, 1.331399498982156038 ) ) ;
#5633 = CARTESIAN_POINT ( 'NONE',  ( -11.08151504777647567, 4.157739180084045749, 3.010700866374003581 ) ) ;
#5634 = CARTESIAN_POINT ( 'NONE',  ( -7.600000098502364132, 8.999999999999998224, -5.999999999999998224 ) ) ;
#5635 = CARTESIAN_POINT ( 'NONE',  ( -9.367171199157116490, 3.341231160068061978, 0.7592939218648874222 ) ) ;
#5636 = DIRECTION ( 'NONE',  ( 0.0000000000000000000, -0.0000000000000000000, -1.000000000000000000 ) ) ;
#5637 = CARTESIAN_POINT ( 'NONE',  ( -13.00000000000000178, 9.000000000000000000, 0.0000000000000000000 ) ) ;
#5639 = CARTESIAN_POINT ( 'NONE',  ( -12.53534946540243489, 14.51918177486880701, -1.464302355684184542 ) ) ;
#5638 = CARTESIAN_POINT ( 'NONE',  ( -9.850001896539531288, 9.000079442062618895, 5.999999999474079360 ) ) ;
#5640 = AXIS2_PLACEMENT_3D ( 'NONE', #725, #6315, #5117 ) ;
#5641 = CARTESIAN_POINT ( 'NONE',  ( 4.041334437186266003E-16, 0.5000000000000004441, -3.300000000000000266 ) ) ;
#5642 = VERTEX_POINT ( 'NONE', #7743 ) ;
#5643 = CARTESIAN_POINT ( 'NONE',  ( -8.810312541503273920, 14.23365133928053616, -2.283046856614475928 ) ) ;
#5644 = CARTESIAN_POINT ( 'NONE',  ( -10.27155639571964585, 4.594756833671280738, 3.492462257828089722 ) ) ;
#5645 = AXIS2_PLACEMENT_3D ( 'NONE', #1439, #2128, #4646 ) ;
#5646 = EDGE_LOOP ( 'NONE', ( #3543, #7152, #2133, #3386 ) ) ;
#5647 = CARTESIAN_POINT ( 'NONE',  ( -7.528797546259587747, 3.356099704919625282, -0.8115275432780670872 ) ) ;
#5649 = CARTESIAN_POINT ( 'NONE',  ( -11.86406890224584743, 4.978535082066348316, -3.928280682802431034 ) ) ;
#5648 = CARTESIAN_POINT ( 'NONE',  ( -12.52500189653953022, 3.000000000525919752, 7.944206261983304126E-05 ) ) ;
#5650 = CARTESIAN_POINT ( 'NONE',  ( -4.999999999999810818, 4.352419984550705223, 5.000000000000031974 ) ) ;
#5651 = AXIS2_PLACEMENT_3D ( 'NONE', #2886, #6054, #3544 ) ;
#5652 = CARTESIAN_POINT ( 'NONE',  ( -9.529246347150831298, 10.16105219277974037, 5.500490181349777075 ) ) ;
#5653 = AXIS2_PLACEMENT_3D ( 'NONE', #3864, #1537, #1454 ) ;
#5654 = CARTESIAN_POINT ( 'NONE',  ( -10.50000099752341143, 8.999960278968686112, -5.999999999999998224 ) ) ;
#5655 = B_SPLINE_CURVE_WITH_KNOTS ( 'NONE', 3,
 ( #490, #1778, #2960, #1664 ),
 .UNSPECIFIED., .F., .F.,
 ( 4, 4 ),
 ( 0.2105203864310315198, 1.000000000000000000 ),
 .UNSPECIFIED. ) ;
#5656 = EDGE_CURVE ( 'NONE', #6500, #6865, #1480, .T. ) ;
#5657 = FACE_OUTER_BOUND ( 'NONE', #3538, .T. ) ;
#5658 = CARTESIAN_POINT ( 'NONE',  ( -8.937501896539529866, 12.97314908324318061, -3.973254296355671400 ) ) ;
#5659 = CARTESIAN_POINT ( 'NONE',  ( -13.03955932862106870, 9.544776740917034985, 5.673073077413225640 ) ) ;
#5660 = ORIENTED_EDGE ( 'NONE', *, *, #7363, .T. ) ;
#5661 = VECTOR ( 'NONE', #3873, 1000.000000000000000 ) ;
#5662 = CARTESIAN_POINT ( 'NONE',  ( -10.39838338564401710, 11.73589165669229217, 5.002646621591143372 ) ) ;
#5663 = CARTESIAN_POINT ( 'NONE',  ( -8.887332544860390371, 14.10030833020580232, -2.364295469264371619 ) ) ;
#5664 = DIRECTION ( 'NONE',  ( 8.673617379884035472E-17, -0.0000000000000000000, 1.000000000000000000 ) ) ;
#5665 = CARTESIAN_POINT ( 'NONE',  ( -7.350000997523411961, 9.000039721031308559, 5.999999999999998224 ) ) ;
#5666 = CARTESIAN_POINT ( 'NONE',  ( -6.885071751067263435, 9.474526997601172340, 5.690492886667727568 ) ) ;
#5667 = ADVANCED_FACE ( 'NONE', ( #5158 ), #3444, .T. ) ;
#5668 = CARTESIAN_POINT ( 'NONE',  ( -11.66317615964882926, 14.14433804878090406, -2.476834699307867371 ) ) ;
#5669 = MECHANICAL_DESIGN_GEOMETRIC_PRESENTATION_REPRESENTATION (  '', ( #4879 ), #7496 ) ;
#5670 = SURFACE_STYLE_USAGE ( .BOTH. , #1969 ) ;
#5671 = AXIS2_PLACEMENT_3D ( 'NONE', #3972, #2735, #5195 ) ;
#5672 = CARTESIAN_POINT ( 'NONE',  ( -9.400001896539530222, 8.999920557937377552, -5.999999999474078471 ) ) ;
#5673 = CARTESIAN_POINT ( 'NONE',  ( -8.228489751366915073, 4.003998247397168697, -2.765163302950282453 ) ) ;
#5674 = CARTESIAN_POINT ( 'NONE',  ( -11.40160658299191709, 10.12977794987357960, 5.597317317367768830 ) ) ;
#5675 = CYLINDRICAL_SURFACE ( 'NONE', #561, 0.1000000000000002554 ) ;
#5676 = CARTESIAN_POINT ( 'NONE',  ( -9.134354951507287268, 8.554912640477535746, -5.692032927046482449 ) ) ;
#5677 = DIRECTION ( 'NONE',  ( 0.0000000000000000000, -1.000000000000000000, 0.0000000000000000000 ) ) ;
#5678 = CARTESIAN_POINT ( 'NONE',  ( -5.015494318654240224, 3.990264726887710278, -4.883167219200026388 ) ) ;
#5679 = CARTESIAN_POINT ( 'NONE',  ( -4.900000000000001243, 0.09999999999999939493, -4.900000000000000355 ) ) ;
#5681 = CARTESIAN_POINT ( 'NONE',  ( -12.58687022701976943, 11.39507243153823524, -5.094983339180580550 ) ) ;
#5680 = CARTESIAN_POINT ( 'NONE',  ( -12.83125189653953058, 14.99996709349432145, -2.485360816083348023 ) ) ;
#5682 = CARTESIAN_POINT ( 'NONE',  ( -19.80000000000000071, 22.00100000000000122, -0.9000000000000003553 ) ) ;
#5683 = ORIENTED_EDGE ( 'NONE', *, *, #1598, .F. ) ;
#5684 = CARTESIAN_POINT ( 'NONE',  ( -8.511012989254581385, 8.367629548441207987, 5.674921449838040921 ) ) ;
#5685 = CARTESIAN_POINT ( 'NONE',  ( -10.58057623918555201, 14.57893958157289305, -1.178055279991516269 ) ) ;
#5686 = CARTESIAN_POINT ( 'NONE',  ( -12.10000189653952951, 8.999920557937377552, -5.999999999474079360 ) ) ;
#5687 =( LENGTH_UNIT ( ) NAMED_UNIT ( * ) SI_UNIT ( .MILLI., .METRE. ) );
#5688 = CARTESIAN_POINT ( 'NONE',  ( -7.533274605668986545, 3.333294398219044385, -0.6330598470245317744 ) ) ;
#5690 = CARTESIAN_POINT ( 'NONE',  ( -11.91770409757955740, 3.813998834736695098, -2.191385958167033188 ) ) ;
#5689 = CARTESIAN_POINT ( 'NONE',  ( -13.48125189653952916, 3.000032906505680774, 2.485360816083349800 ) ) ;
#5691 = CARTESIAN_POINT ( 'NONE',  ( -13.00000000000000178, 9.000000000000000000, 0.0000000000000000000 ) ) ;
#5692 = ORIENTED_EDGE ( 'NONE', *, *, #4387, .F. ) ;
#5693 = SURFACE_STYLE_USAGE ( .BOTH. , #6875 ) ;
#5694 = CARTESIAN_POINT ( 'NONE',  ( -9.969863218824688289, 11.09464692596798052, -5.303234946210874767 ) ) ;
#5695 = CARTESIAN_POINT ( 'NONE',  ( -5.005039918526352771, 13.73029263538179023, 5.073866917425455370 ) ) ;
#5696 = CARTESIAN_POINT ( 'NONE',  ( -8.081251896539532353, 3.000032906505680774, 2.485360816083349800 ) ) ;
#5697 = CARTESIAN_POINT ( 'NONE',  ( -8.825001896539529156, 14.61895571575804809, -7.439690531130537009E-05 ) ) ;
#5698 = CARTESIAN_POINT ( 'NONE',  ( -4.900000000000001243, 13.89897948556635576, -5.000000000000000888 ) ) ;
#5699 = ORIENTED_EDGE ( 'NONE', *, *, #1710, .T. ) ;
#5700 = CARTESIAN_POINT ( 'NONE',  ( -8.854230108817363387, 13.31140719048590348, -3.743999843325404697 ) ) ;
#5701 = CARTESIAN_POINT ( 'NONE',  ( -5.004433128840794609, 13.72492865070138812, 5.075442956489619739 ) ) ;
#5702 = CARTESIAN_POINT ( 'NONE',  ( 4.899999999999998579, 14.90000000000000036, 4.999999999999999112 ) ) ;
#5703 = CARTESIAN_POINT ( 'NONE',  ( -7.051279295856356377, 13.38131604177384304, -3.649133724162481496 ) ) ;
#5704 = CARTESIAN_POINT ( 'NONE',  ( -11.99961762423734868, 3.624702194626827634, -1.924966390234079006 ) ) ;
#5705 = FILL_AREA_STYLE ('',( #5004 ) ) ;
#5706 = CARTESIAN_POINT ( 'NONE',  ( -9.006251896539529511, 11.48536081608334491, 5.999967093494318782 ) ) ;
#5707 = EDGE_CURVE ( 'NONE', #1144, #1735, #6312, .T. ) ;
#5708 = ADVANCED_FACE ( 'NONE', ( #3397 ), #5866, .F. ) ;
#5709 = DIRECTION ( 'NONE',  ( 0.0000000000000000000, 0.0000000000000000000, -1.000000000000000000 ) ) ;
#5710 = CARTESIAN_POINT ( 'NONE',  ( -8.323213213462874904, 5.360793824051903300, -4.400357612129019991 ) ) ;
#5711 = LINE ( 'NONE', #161, #4191 ) ;
#5712 = CARTESIAN_POINT ( 'NONE',  ( -11.23008334107261952, 6.375314655297978916, 4.971357633906563045 ) ) ;
#5713 = DIRECTION ( 'NONE',  ( 0.0000000000000000000, 0.0000000000000000000, -1.000000000000000000 ) ) ;
#5714 = CARTESIAN_POINT ( 'NONE',  ( -9.384515131842761093, 3.473135173730658387, 1.432472536039426370 ) ) ;
#5715 = CARTESIAN_POINT ( 'NONE',  ( -8.950000997523410717, 9.000039721031308559, 5.999999999999998224 ) ) ;
#5716 = CARTESIAN_POINT ( 'NONE',  ( -5.021737108702833297, 4.202639852124050890, -5.049067837604106046 ) ) ;
#5717 = PLANE ( 'NONE',  #4110 ) ;
#5719 = CARTESIAN_POINT ( 'NONE',  ( -12.43378716983471932, 13.80233239667537681, -3.089513837447585232 ) ) ;
#5718 = CARTESIAN_POINT ( 'NONE',  ( -10.69375189653953129, 6.514798068041888435, 6.000032905453838161 ) ) ;
#5720 = DIRECTION ( 'NONE',  ( -0.0000000000000000000, 1.000000000000000000, -0.0000000000000000000 ) ) ;
#5721 = EDGE_LOOP ( 'NONE', ( #3309, #7876, #104, #3758 ) ) ;
#5722 = ADVANCED_FACE ( 'NONE', ( #5785 ), #3714, .T. ) ;
#5723 = CARTESIAN_POINT ( 'NONE',  ( -8.167138765992037364, 5.637547742597206479, -4.615178667411973912 ) ) ;
#5724 = CARTESIAN_POINT ( 'NONE',  ( -10.74151515127089596, 14.44501432668186780, -1.692330553633365042 ) ) ;
#5725 = DIRECTION ( 'NONE',  ( 0.0000000000000000000, 0.0000000000000000000, -1.000000000000000000 ) ) ;
#5726 = CARTESIAN_POINT ( 'NONE',  ( -7.472760143081758955, 3.370896966079535595, -0.09688453013334931418 ) ) ;
#5728 = CARTESIAN_POINT ( 'NONE',  ( -11.76438770876416307, 5.726633759193261675, -4.678808073023059677 ) ) ;
#5727 = CARTESIAN_POINT ( 'NONE',  ( -9.400000098502363954, 8.999999999999998224, -5.999999999999998224 ) ) ;
#5729 = CARTESIAN_POINT ( 'NONE',  ( -4.994913529228647064, 3.931098160517082274, 4.936339990305590675 ) ) ;
#5730 = ORIENTED_EDGE ( 'NONE', *, *, #5308, .T. ) ;
#5731 = CARTESIAN_POINT ( 'NONE',  ( -6.800001896539529689, 9.000074396905310081, 5.618955715758048086 ) ) ;
#5732 = AXIS2_PLACEMENT_3D ( 'NONE', #6239, #693, #3158 ) ;
#5733 = FILL_AREA_STYLE ('',( #3258 ) ) ;
#5734 = CARTESIAN_POINT ( 'NONE',  ( -9.715628489410191193, 14.14038818172110012, -2.467505060016233820 ) ) ;
#5735 = CARTESIAN_POINT ( 'NONE',  ( -5.100000000000002309, 9.000000000000000000, 0.0000000000000000000 ) ) ;
#5736 = CARTESIAN_POINT ( 'NONE',  ( -7.856251896539531820, 6.514639183916651533, -5.999967093494321446 ) ) ;
#5737 = CARTESIAN_POINT ( 'NONE',  ( -8.206251896539532353, 6.672477939253883328, -5.618924899550870933 ) ) ;
#5738 = CARTESIAN_POINT ( 'NONE',  ( -3.999999999999996447, -3.999999999999999112, -4.000000000000000000 ) ) ;
#5739 = VERTEX_POINT ( 'NONE', #4528 ) ;
#5740 = CARTESIAN_POINT ( 'NONE',  ( -10.26556002837200055, 6.654473786668041235, 5.205895497749733813 ) ) ;
#5741 = CARTESIAN_POINT ( 'NONE',  ( -9.185505485667246006, 4.419349169393428589, -3.272920939573606081 ) ) ;
#5742 = AXIS2_PLACEMENT_3D ( 'NONE', #2919, #1781, #4195 ) ;
#5743 = CARTESIAN_POINT ( 'NONE',  ( -5.000000000000003553, 14.10333281468751565, 4.918224613702781411 ) ) ;
#5744 = CARTESIAN_POINT ( 'NONE',  ( -3.999999999999996447, -3.999999999999999112, -4.599999999999997868 ) ) ;
#5745 = CARTESIAN_POINT ( 'NONE',  ( -7.019003813279548254, 13.86068081051911172, 2.996559084317433896 ) ) ;
#5746 = CARTESIAN_POINT ( 'NONE',  ( -11.93054537678427174, 5.131492534029441721, -4.199373080156321159 ) ) ;
#5747 = AXIS2_PLACEMENT_3D ( 'NONE', #5431, #1065, #3539 ) ;
#5748 = VERTEX_POINT ( 'NONE', #6515 ) ;
#5749 = CARTESIAN_POINT ( 'NONE',  ( -13.55000189653953058, 8.999925603094688142, -5.618955715758048086 ) ) ;
#5750 = CARTESIAN_POINT ( 'NONE',  ( -12.35532436176963245, 14.70746937203481508, -0.1713993580907522685 ) ) ;
#5751 = CARTESIAN_POINT ( 'NONE',  ( -8.403414185050088747, 4.674793354679713353, 3.715474939376421482 ) ) ;
#5752 = CARTESIAN_POINT ( 'NONE',  ( -11.17733381045604268, 4.733866357721832507, 3.673891592419704644 ) ) ;
#5753 = AXIS2_PLACEMENT_3D ( 'NONE', #4006, #4674, #385 ) ;
#5754 = CARTESIAN_POINT ( 'NONE',  ( -6.456609415555950804, 7.677734461615093764, -5.555185827578722702 ) ) ;
#5755 = CARTESIAN_POINT ( 'NONE',  ( -9.100900343236897783, 9.928774844461981886, -5.633378822760846560 ) ) ;
#5756 = CARTESIAN_POINT ( 'NONE',  ( 4.000000000000000000, 0.5000000000000004441, 4.000000000000000000 ) ) ;
#5757 = DIRECTION ( 'NONE',  ( 0.0000000000000000000, -1.000000000000000000, 0.0000000000000000000 ) ) ;
#5758 = CARTESIAN_POINT ( 'NONE',  ( -8.643750843279523366, 11.48523483828331848, -6.000000000000000888 ) ) ;
#5759 = EDGE_CURVE ( 'NONE', #225, #6500, #3185, .T. ) ;
#5761 = CARTESIAN_POINT ( 'NONE',  ( -12.80998393905447053, 3.936164275963433656, -2.460219380738499328 ) ) ;
#5760 = CARTESIAN_POINT ( 'NONE',  ( -8.331251896539530577, 14.99996709349432145, -2.485360816083348023 ) ) ;
#5762 = DIRECTION ( 'NONE',  ( 0.0000000000000000000, -3.469446951953614189E-15, -1.000000000000000000 ) ) ;
#5763 = VERTEX_POINT ( 'NONE', #7126 ) ;
#5764 = CARTESIAN_POINT ( 'NONE',  ( 0.0000000000000000000, 0.5000000000000004441, 3.300000000000000266 ) ) ;
#5765 = CARTESIAN_POINT ( 'NONE',  ( -8.218833885261544125, 4.198233674950929029, -3.089970537102645132 ) ) ;
#5766 = CARTESIAN_POINT ( 'NONE',  ( -10.45384019885708682, 11.06912531053243498, 5.236026273958414023 ) ) ;
#5767 = CARTESIAN_POINT ( 'NONE',  ( -7.185214012178492204, 13.71273494543920890, -3.222989881220880370 ) ) ;
#5768 = CARTESIAN_POINT ( 'NONE',  ( -7.525914042342805033, 3.724056191790903192, 1.964584501646018833 ) ) ;
#5769 = CARTESIAN_POINT ( 'NONE',  ( -13.00000000000000533, 3.664433775853994657, 2.003075084518203486 ) ) ;
#5770 = EDGE_CURVE ( 'NONE', #540, #3741, #2242, .T. ) ;
#5772 = CARTESIAN_POINT ( 'NONE',  ( -11.77322497663980805, 5.443379296520505228, -4.467375376187387559 ) ) ;
#5771 = CARTESIAN_POINT ( 'NONE',  ( -11.85000189653953129, 9.000079442062618895, 5.999999999474079360 ) ) ;
#5773 = CYLINDRICAL_SURFACE ( 'NONE', #4585, 6.000000000000000000 ) ;
#5774 = EDGE_LOOP ( 'NONE', ( #3828, #5489 ) ) ;
#5775 = AXIS2_PLACEMENT_3D ( 'NONE', #4256, #6633, #6143 ) ;
#5776 = CARTESIAN_POINT ( 'NONE',  ( -9.951487664545549450, 11.74032152061025158, -5.000284858195009896 ) ) ;
#5777 = CARTESIAN_POINT ( 'NONE',  ( -5.000000000000001776, 13.64758001544925037, 5.099999999999999645 ) ) ;
#5778 = DIRECTION ( 'NONE',  ( 0.0000000000000000000, 0.0000000000000000000, -1.000000000000000000 ) ) ;
#5780 = CARTESIAN_POINT ( 'NONE',  ( -7.643751896539529689, 6.672626733064500826, 5.618986531965226128 ) ) ;
#5779 = DIRECTION ( 'NONE',  ( -1.000000000000000000, 0.0000000000000000000, 0.0000000000000000000 ) ) ;
#5781 = DIRECTION ( 'NONE',  ( 0.0000000000000000000, -1.000000000000000000, 0.0000000000000000000 ) ) ;
#5782 = ORIENTED_EDGE ( 'NONE', *, *, #7014, .F. ) ;
#5783 = CARTESIAN_POINT ( 'NONE',  ( -10.23860503974401048, 5.738215804698151956, 4.686731428536293542 ) ) ;
#5784 = CARTESIAN_POINT ( 'NONE',  ( -8.991590868965758432, 8.372358112720105439, -5.667262503109563809 ) ) ;
#5785 = FACE_OUTER_BOUND ( 'NONE', #2704, .T. ) ;
#5786 = CARTESIAN_POINT ( 'NONE',  ( -10.58125189653953235, 3.000032906505680774, 2.485360816083349800 ) ) ;
#5787 = CARTESIAN_POINT ( 'NONE',  ( -6.945369750941623010, 13.79322996151534930, 2.952820792634865299 ) ) ;
#5788 = CARTESIAN_POINT ( 'NONE',  ( -12.44811083625946857, 14.35520073409553277, 1.979879269497937022 ) ) ;
#5789 = FILL_AREA_STYLE ('',( #7044 ) ) ;
#5790 = CIRCLE ( 'NONE', #1898, 0.9000000000000003553 ) ;
#5791 = VERTEX_POINT ( 'NONE', #4093 ) ;
#5792 = CARTESIAN_POINT ( 'NONE',  ( -13.43750189653952987, 12.97314908324318061, -3.973254296355671400 ) ) ;
#5793 = CARTESIAN_POINT ( 'NONE',  ( -12.14347674731693516, 9.706282921000298103, 5.666009113572742173 ) ) ;
#5794 = CARTESIAN_POINT ( 'NONE',  ( -8.482694067283285122, 3.455070565929541981, 1.363534406503581708 ) ) ;
#5795 = CIRCLE ( 'NONE', #7088, 0.5999999999999980904 ) ;
#5796 = CARTESIAN_POINT ( 'NONE',  ( -11.37554483793844184, 9.074006524293691811, 5.709753538097742442 ) ) ;
#5797 = AXIS2_PLACEMENT_3D ( 'NONE', #4094, #2652, #4529 ) ;
#5798 = CARTESIAN_POINT ( 'NONE',  ( -6.309341258053771995, 7.674114368542500841, -5.554324369748585788 ) ) ;
#5799 = CARTESIAN_POINT ( 'NONE',  ( -9.851021026208595543, 14.33100470316560227, -2.044029861786607061 ) ) ;
#5800 = DIRECTION ( 'NONE',  ( 0.0000000000000000000, -1.000000000000000000, 0.0000000000000000000 ) ) ;
#5801 = DIRECTION ( 'NONE',  ( 1.000000000000000000, -0.0000000000000000000, -0.0000000000000000000 ) ) ;
#5803 = CARTESIAN_POINT ( 'NONE',  ( -12.62033389940037686, 7.260501704393711009, -5.439048556759790820 ) ) ;
#5802 = CARTESIAN_POINT ( 'NONE',  ( -8.781251896539529866, 3.000032906505680774, 2.485360816083349800 ) ) ;
#5804 = DIRECTION ( 'NONE',  ( 1.000000000000000000, 0.0000000000000000000, 0.0000000000000000000 ) ) ;
#5805 = AXIS2_PLACEMENT_3D ( 'NONE', #545, #6180, #3017 ) ;
#5806 = ORIENTED_EDGE ( 'NONE', *, *, #1153, .F. ) ;
#5807 = DIRECTION ( 'NONE',  ( -0.0000000000000000000, 1.000000000000000000, -0.0000000000000000000 ) ) ;
#5808 = CARTESIAN_POINT ( 'NONE',  ( -7.479041314075149494, 4.099687437237235166, 2.930942368900279149 ) ) ;
#5809 = ADVANCED_FACE ( 'NONE', ( #7899 ), #4831, .T. ) ;
#5810 = CARTESIAN_POINT ( 'NONE',  ( -10.65284506517519958, 14.41684285834758583, 1.806723655567916031 ) ) ;
#5811 = CARTESIAN_POINT ( 'NONE',  ( -5.100000000000002309, 14.06572552398066911, 4.830985915492899352 ) ) ;
#5812 = CARTESIAN_POINT ( 'NONE',  ( -7.339762440834125989, 8.339850601683744813, -5.663425335767080959 ) ) ;
#5813 = CARTESIAN_POINT ( 'NONE',  ( -7.541130612456147908, 5.824001432333076878, 4.735529706231815794 ) ) ;
#5814 = CARTESIAN_POINT ( 'NONE',  ( -5.000000000000001776, 3.861906968533890705, 4.899999999999941735 ) ) ;
#5816 = CARTESIAN_POINT ( 'NONE',  ( -12.05202231502637567, 4.154614589891306942, 2.866518773291020228 ) ) ;
#5815 = CARTESIAN_POINT ( 'NONE',  ( -8.193751896539531288, 6.514798068041888435, 6.000032905453838161 ) ) ;
#5817 = CARTESIAN_POINT ( 'NONE',  ( -6.253034082425452667, 10.94212802764948833, -5.336165904887644196 ) ) ;
#5818 = ORIENTED_EDGE ( 'NONE', *, *, #1266, .T. ) ;
#5819 = CARTESIAN_POINT ( 'NONE',  ( -8.656251896539529866, 11.32752206074611578, 5.618924899550870045 ) ) ;
#5820 = EDGE_CURVE ( 'NONE', #7773, #2853, #5503, .T. ) ;
#5821 = ADVANCED_FACE ( 'NONE', ( #6718 ), #2292, .F. ) ;
#5822 = CARTESIAN_POINT ( 'NONE',  ( -9.849063294227100585, 14.35081083386365997, -1.970077613675752737 ) ) ;
#5823 = CARTESIAN_POINT ( 'NONE',  ( -11.85000009850236502, 9.000000000000000000, 5.999999999999998224 ) ) ;
#5824 = ORIENTED_EDGE ( 'NONE', *, *, #6994, .T. ) ;
#5825 = ADVANCED_FACE ( 'NONE', ( #3511 ), #2332, .T. ) ;
#5826 = CARTESIAN_POINT ( 'NONE',  ( -10.31039957394009221, 8.343077162899797727, 5.672054206155708656 ) ) ;
#5827 = CARTESIAN_POINT ( 'NONE',  ( -8.925217707281941415, 10.99938243938769844, -5.348732799488504774 ) ) ;
#5828 = CARTESIAN_POINT ( 'NONE',  ( -12.91875189653953093, 15.00003290545384260, 2.485201931958106236 ) ) ;
#5829 = CARTESIAN_POINT ( 'NONE',  ( -10.46875189653953164, 2.999967094546160951, -2.485201931958109345 ) ) ;
#5830 = CARTESIAN_POINT ( 'NONE',  ( -7.046367403680666719, 14.32442267741439501, 2.040295592810152936 ) ) ;
#5831 = CARTESIAN_POINT ( 'NONE',  ( -12.23270186694682593, 7.373795916812096785, 5.473135338382900450 ) ) ;
#5832 = SURFACE_SIDE_STYLE ('',( #2822 ) ) ;
#5833 = EDGE_LOOP ( 'NONE', ( #7389, #2116, #3868, #7521, #6061 ) ) ;
#5834 = CARTESIAN_POINT ( 'NONE',  ( -13.83125189653953058, 3.381075100449129511, 2.327522060746118893 ) ) ;
#5835 = CARTESIAN_POINT ( 'NONE',  ( -12.09165386060590386, 7.614837485918931392, 5.531078228720502921 ) ) ;
#5836 = CARTESIAN_POINT ( 'NONE',  ( -8.362995012712003629, 3.808416726307132016, 2.378197171712701063 ) ) ;
#5837 = CARTESIAN_POINT ( 'NONE',  ( -11.44281758941393967, 14.69897846232735716, 0.3568056908935944294 ) ) ;
#5838 = CARTESIAN_POINT ( 'NONE',  ( 0.0000000000000000000, -3.999999999999999112, 0.0000000000000000000 ) ) ;
#5839 = CARTESIAN_POINT ( 'NONE',  ( -6.421633320315935478, 9.084869752650932995, -5.701318414995137474 ) ) ;
#5840 = CARTESIAN_POINT ( 'NONE',  ( -9.936812972671093647, 12.23396278947795146, -4.705321371450605028 ) ) ;
#5841 = DIRECTION ( 'NONE',  ( 1.000000000000000000, -0.0000000000000000000, -0.0000000000000000000 ) ) ;
#5842 = CARTESIAN_POINT ( 'NONE',  ( -13.00000000000000178, 9.000000000000000000, 0.0000000000000000000 ) ) ;
#5844 = CARTESIAN_POINT ( 'NONE',  ( -12.68329483193115692, 5.127787072741846863, -4.196641418069655849 ) ) ;
#5843 = CARTESIAN_POINT ( 'NONE',  ( -9.062501896539529866, 13.24269686076859287, 4.242584512726212509 ) ) ;
#5845 = CARTESIAN_POINT ( 'NONE',  ( -24.00000000000000000, 9.000000000000000000, 0.0000000000000000000 ) ) ;
#5846 = ORIENTED_EDGE ( 'NONE', *, *, #7259, .F. ) ;
#5847 = CARTESIAN_POINT ( 'NONE',  ( -7.980692975900010921, 12.51611364031154672, -4.499002098272844918 ) ) ;
#5848 = CARTESIAN_POINT ( 'NONE',  ( -10.46001906292878481, 13.60384194015714243, 3.377961505417601096 ) ) ;
#5849 = CARTESIAN_POINT ( 'NONE',  ( -7.634275625360273487, 4.266361355246117704, 3.192263248706329382 ) ) ;
#5850 = CARTESIAN_POINT ( 'NONE',  ( -7.632806530697574310, 6.465049152482048811, 5.026746354034887787 ) ) ;
#5851 = DIRECTION ( 'NONE',  ( 0.0000000000000000000, 0.0000000000000000000, -1.000000000000000000 ) ) ;
#5852 = CARTESIAN_POINT ( 'NONE',  ( -11.95401130358198394, 3.433994856089551018, -0.8465131958266519652 ) ) ;
#5853 = ORIENTED_EDGE ( 'NONE', *, *, #4797, .F. ) ;
#5854 = DIRECTION ( 'NONE',  ( 1.000000000000000000, 0.0000000000000000000, 0.0000000000000000000 ) ) ;
#5855 = ORIENTED_EDGE ( 'NONE', *, *, #4146, .T. ) ;
#5856 = PLANE ( 'NONE',  #4085 ) ;
#5857 = CARTESIAN_POINT ( 'NONE',  ( -9.730627515349256740, 14.62505825448579522, -0.2353736504319513534 ) ) ;
#5858 = CARTESIAN_POINT ( 'NONE',  ( -5.000000000000001776, 9.000000000000000000, 0.0000000000000000000 ) ) ;
#5859 = EDGE_CURVE ( 'NONE', #4805, #2808, #2416, .T. ) ;
#5860 = CARTESIAN_POINT ( 'NONE',  ( -6.676055729958830121, 10.05792296536795583, -5.999999999999999112 ) ) ;
#5861 = EDGE_CURVE ( 'NONE', #7517, #4337, #7980, .T. ) ;
#5862 = ORIENTED_EDGE ( 'NONE', *, *, #7656, .T. ) ;
#5863 = CIRCLE ( 'NONE', #5597, 0.5000000000000002220 ) ;
#5864 = CARTESIAN_POINT ( 'NONE',  ( -10.05434364290552018, 3.597559957590283464, -1.848477614384009815 ) ) ;
#5865 = CARTESIAN_POINT ( 'NONE',  ( -9.068479308151429663, 5.597682723001293326, -4.575626064572243301 ) ) ;
#5866 = CYLINDRICAL_SURFACE ( 'NONE', #6159, 1.000000000000000222 ) ;
#5867 = CARTESIAN_POINT ( 'NONE',  ( -13.00000000000000178, 9.000000000000000000, 6.000000000000000000 ) ) ;
#5868 = COLOUR_RGB ( '',0.5568627450980392357, 0.5568627450980392357, 0.5568627450980392357 ) ;
#5869 = CARTESIAN_POINT ( 'NONE',  ( -6.963548887152700040, 14.11443699783013983, 2.333672806128674893 ) ) ;
#5870 = CARTESIAN_POINT ( 'NONE',  ( -12.85279636303256900, 4.507840179084516841, -3.524030644092249531 ) ) ;
#5871 = ADVANCED_FACE ( 'NONE', ( #5483 ), #7373, .F. ) ;
#5872 = EDGE_LOOP ( 'NONE', ( #1092, #2412, #3119 ) ) ;
#5873 = CARTESIAN_POINT ( 'NONE',  ( -12.20000189653953093, 9.000074396905310081, 5.618955715758048086 ) ) ;
#5874 = CARTESIAN_POINT ( 'NONE',  ( -8.459243674102651767, 4.310747814307221759, 3.100642598302315367 ) ) ;
#5875 = ORIENTED_EDGE ( 'NONE', *, *, #2353, .T. ) ;
#5876 = CARTESIAN_POINT ( 'NONE',  ( -6.417332135435870555, 9.264920045482840649, -5.695763878917419198 ) ) ;
#5877 = CARTESIAN_POINT ( 'NONE',  ( -10.40302806437550664, 6.309613521510057055, 5.035785559672631528 ) ) ;
#5878 = CARTESIAN_POINT ( 'NONE',  ( -24.00000000000000000, 9.000000000000000000, 0.0000000000000000000 ) ) ;
#5879 = AXIS2_PLACEMENT_3D ( 'NONE', #7964, #5558, #7400 ) ;
#5880 = CARTESIAN_POINT ( 'NONE',  ( -5.999949999929704347, 11.05204960117296054, -5.638181660281599505 ) ) ;
#5881 = ORIENTED_EDGE ( 'NONE', *, *, #3479, .T. ) ;
#5882 = CIRCLE ( 'NONE', #7189, 6.000000000000000000 ) ;
#5883 = CARTESIAN_POINT ( 'NONE',  ( -7.424981723143145196, 3.371995226986095773, 0.9635711534397183309 ) ) ;
#5884 = CARTESIAN_POINT ( 'NONE',  ( -10.64870465543003064, 13.45516733152839528, -3.571692045206351640 ) ) ;
#5885 = CARTESIAN_POINT ( 'NONE',  ( -11.85000099752341285, 9.000039721031308559, 5.999999999999998224 ) ) ;
#5886 = CARTESIAN_POINT ( 'NONE',  ( -7.728787339424888714, 7.228306095603830528, 5.427747572814290322 ) ) ;
#5887 = CARTESIAN_POINT ( 'NONE',  ( -7.692891260830606370, 5.969507825232144960, 4.829898853160760730 ) ) ;
#5888 = CARTESIAN_POINT ( 'NONE',  ( 4.999999999999998224, 14.90000000000000036, -4.900000000000000355 ) ) ;
#5890 = CARTESIAN_POINT ( 'NONE',  ( -12.13158448869097761, 6.423290634441665148, 5.005487304736124798 ) ) ;
#5889 = CARTESIAN_POINT ( 'NONE',  ( -8.025001896539530222, 3.000000000525919752, 7.944206261983304126E-05 ) ) ;
#5891 = STYLED_ITEM ( 'NONE', ( #5585 ), #4971 ) ;
#5892 = EDGE_LOOP ( 'NONE', ( #1579, #1677 ) ) ;
#5893 = DIRECTION ( 'NONE',  ( 0.0000000000000000000, -1.000000000000000000, 0.0000000000000000000 ) ) ;
#5894 = ORIENTED_EDGE ( 'NONE', *, *, #5248, .F. ) ;
#5895 = CARTESIAN_POINT ( 'NONE',  ( -10.09960709361798514, 6.132765135729090211, -4.928620480540571336 ) ) ;
#5896 = ORIENTED_EDGE ( 'NONE', *, *, #3899, .F. ) ;
#5897 = CARTESIAN_POINT ( 'NONE',  ( -11.14375084327952159, 11.48523483828331848, -6.000000000000000888 ) ) ;
#5899 = CARTESIAN_POINT ( 'NONE',  ( -6.350001896539530399, 8.999925603094688142, -5.618955715758048086 ) ) ;
#5898 = CYLINDRICAL_SURFACE ( 'NONE', #6181, 6.000000000000000000 ) ;
#5900 = CARTESIAN_POINT ( 'NONE',  ( -4.900000000000001243, 15.00000000000000000, 4.999999999999999112 ) ) ;
#5901 = AXIS2_PLACEMENT_3D ( 'NONE', #3679, #7250, #4174 ) ;
#5902 = CARTESIAN_POINT ( 'NONE',  ( -8.893533787360766496, 12.09671610579359147, -4.787633723428069921 ) ) ;
#5903 = CARTESIAN_POINT ( 'NONE',  ( -9.013858272991122078, 7.502643859952415895, -5.510600923577820609 ) ) ;
#5904 = ADVANCED_FACE ( 'NONE', ( #3019 ), #726, .F. ) ;
#5905 = CARTESIAN_POINT ( 'NONE',  ( -12.98715078991944161, 14.99999289242981959, -0.5368513252990968487 ) ) ;
#5906 = FACE_BOUND ( 'NONE', #1962, .T. ) ;
#5907 = CARTESIAN_POINT ( 'NONE',  ( -7.278581676869747774, 10.77636258073317244, -5.418189847446516438 ) ) ;
#5908 = CARTESIAN_POINT ( 'NONE',  ( -12.70739439314571584, 9.671363986248694644, -5.669978814906039055 ) ) ;
#5909 = DIRECTION ( 'NONE',  ( 0.0000000000000000000, 0.0000000000000000000, -1.000000000000000000 ) ) ;
#5910 = CARTESIAN_POINT ( 'NONE',  ( -12.25625189653952951, 11.32752206074611578, 5.618924899550870045 ) ) ;
#5911 = AXIS2_PLACEMENT_3D ( 'NONE', #4624, #1458, #7105 ) ;
#5912 = CARTESIAN_POINT ( 'NONE',  ( -12.18834746601284991, 11.39051969786251917, 5.185623442970314301 ) ) ;
#5913 = CARTESIAN_POINT ( 'NONE',  ( -8.516075235123093279, 5.906547630658825376, 4.703753450948890524 ) ) ;
#5914 = ADVANCED_FACE ( 'NONE', ( #5979 ), #1361, .T. ) ;
#5915 = CARTESIAN_POINT ( 'NONE',  ( 6.123233995736766036E-17, -3.999999999999999112, -0.5000000000000000000 ) ) ;
#5916 = CARTESIAN_POINT ( 'NONE',  ( -6.237161555271106828, 10.55412652057500367, -5.483866059358936340 ) ) ;
#5917 = CARTESIAN_POINT ( 'NONE',  ( -10.01560394268193654, 9.338676518738465049, -5.699350801116675136 ) ) ;
#5918 = AXIS2_PLACEMENT_3D ( 'NONE', #4151, #5456, #5377 ) ;
#5919 = CARTESIAN_POINT ( 'NONE',  ( -13.00000000000000533, 3.664433775853994657, 2.003075084518203486 ) ) ;
#5920 = CARTESIAN_POINT ( 'NONE',  ( -6.000000098451931940, 9.000000002228377483, -6.000000000000000888 ) ) ;
#5921 = CYLINDRICAL_SURFACE ( 'NONE', #360, 4.899999999999999467 ) ;
#5922 = ORIENTED_EDGE ( 'NONE', *, *, #3588, .T. ) ;
#5923 = VECTOR ( 'NONE', #3696, 1000.000000000000000 ) ;
#5924 = DIRECTION ( 'NONE',  ( -0.0000000000000000000, -1.000000000000000000, -0.0000000000000000000 ) ) ;
#5925 = CARTESIAN_POINT ( 'NONE',  ( -7.726123169051336781, 12.64747084833290458, 4.393108477757603936 ) ) ;
#5926 = CARTESIAN_POINT ( 'NONE',  ( -10.96910358582822198, 7.211768429640867062, -5.414293250900982457 ) ) ;
#5927 = CARTESIAN_POINT ( 'NONE',  ( -8.241218813699068946, 8.281687192622451121, -5.656304965812744889 ) ) ;
#5928 = CARTESIAN_POINT ( 'NONE',  ( -7.706440324802024122, 6.427182130546298389, 5.097660800406229598 ) ) ;
#5929 = PRESENTATION_LAYER_ASSIGNMENT (  '', '', ( #4133 ) ) ;
#5930 = CARTESIAN_POINT ( 'NONE',  ( -10.55625189653953022, 6.514639183916651533, -5.999967093494321446 ) ) ;
#5931 = AXIS2_PLACEMENT_3D ( 'NONE', #950, #6427, #3351 ) ;
#5932 = VERTEX_POINT ( 'NONE', #1760 ) ;
#5933 = DIRECTION ( 'NONE',  ( 1.000000000000000000, -8.673617379884087537E-15, 0.0000000000000000000 ) ) ;
#5934 = EDGE_LOOP ( 'NONE', ( #4680, #898, #815, #4638 ) ) ;
#5935 = CARTESIAN_POINT ( 'NONE',  ( -10.03184503020403007, 3.941918044934037191, -2.650057661922783581 ) ) ;
#5937 = CARTESIAN_POINT ( 'NONE',  ( -6.800001896539529689, 9.000074396905310081, 5.618955715758048086 ) ) ;
#5936 = CARTESIAN_POINT ( 'NONE',  ( 4.999999999999998224, 0.09999999999999939493, -4.900000000000000355 ) ) ;
#5938 = CARTESIAN_POINT ( 'NONE',  ( -5.000000000000001776, 0.09999999999999939493, -5.000000000000000888 ) ) ;
#5939 = ORIENTED_EDGE ( 'NONE', *, *, #3949, .F. ) ;
#5940 = SURFACE_SIDE_STYLE ('',( #6595 ) ) ;
#5941 = CARTESIAN_POINT ( 'NONE',  ( -9.348916096473912418, 3.289745647150480234, 0.01461270724318643535 ) ) ;
#5942 = CYLINDRICAL_SURFACE ( 'NONE', #7329, 0.1000000000000002554 ) ;
#5943 = CYLINDRICAL_SURFACE ( 'NONE', #1513, 0.5999999999999980904 ) ;
#5944 = CARTESIAN_POINT ( 'NONE',  ( -7.158528332063977651, 9.731779621218993981, -5.663208526015787392 ) ) ;
#5945 = CARTESIAN_POINT ( 'NONE',  ( -12.90552534073113478, 3.551684890509838599, -1.707270750838338902 ) ) ;
#5946 = DIRECTION ( 'NONE',  ( -1.000000000000000000, 0.0000000000000000000, 8.673617379884035472E-17 ) ) ;
#5947 = CARTESIAN_POINT ( 'NONE',  ( -9.106251896539529156, 6.672477939253883328, -5.618924899550870933 ) ) ;
#5948 = CARTESIAN_POINT ( 'NONE',  ( -11.50002920160232023, 14.38028391271589967, -1.912213857394037486 ) ) ;
#5949 = CARTESIAN_POINT ( 'NONE',  ( -8.757435457125142264, 14.02041729755720212, 2.547683137010982701 ) ) ;
#5950 = CYLINDRICAL_SURFACE ( 'NONE', #3346, 3.300000000000000266 ) ;
#5951 = CARTESIAN_POINT ( 'NONE',  ( -6.529102356406194296, 5.178661414303117994, -4.243298086905803679 ) ) ;
#5952 = CARTESIAN_POINT ( 'NONE',  ( -10.03189780771380235, 8.655138245760989335, -5.698983121394519458 ) ) ;
#5953 = CARTESIAN_POINT ( 'NONE',  ( -12.99999999999999645, 3.512731543751260066, -1.915401660552624508 ) ) ;
#5954 = CYLINDRICAL_SURFACE ( 'NONE', #5918, 0.1000000000000002554 ) ;
#5955 = FACE_OUTER_BOUND ( 'NONE', #2579, .T. ) ;
#5956 = PLANE ( 'NONE',  #3559 ) ;
#5957 = EDGE_CURVE ( 'NONE', #7407, #7208, #3711, .T. ) ;
#5958 = VERTEX_POINT ( 'NONE', #2877 ) ;
#5959 = CARTESIAN_POINT ( 'NONE',  ( -7.883744958589936402, 14.55922647839096662, -1.302888664806989505 ) ) ;
#5960 = CARTESIAN_POINT ( 'NONE',  ( -10.87596807882238537, 10.87576172606958380, -5.393336418738456928 ) ) ;
#5961 = CARTESIAN_POINT ( 'NONE',  ( -5.000000000000001776, 15.00000000000000000, -5.000000000000000888 ) ) ;
#5962 = CARTESIAN_POINT ( 'NONE',  ( -7.944217592169048103, 14.30095103456924654, 2.120800207391515979 ) ) ;
#5963 = CARTESIAN_POINT ( 'NONE',  ( -7.639332335053234502, 9.540081375521808127, 5.684727119485242675 ) ) ;
#5964 = CARTESIAN_POINT ( 'NONE',  ( -8.893750843279521590, 6.514765161716677966, 5.999999999999998224 ) ) ;
#5965 =( BOUNDED_SURFACE ( )  B_SPLINE_SURFACE ( 3, 2, ( 
 ( #7064, #7674, #6580 ),
 ( #4159, #1174, #5424 ),
 ( #7919, #6617, #1023 ),
 ( #4896, #1138, #3001 ),
 ( #2355, #3494, #4811 ),
 ( #7273, #3623, #6083 ),
 ( #3577, #1059, #6655 ),
 ( #530, #3662, #2436 ),
 ( #5462, #4275, #412 ),
 ( #5342, #7311, #1667 ) ),
 .UNSPECIFIED., .F., .F., .T. ) 
 B_SPLINE_SURFACE_WITH_KNOTS ( ( 4, 2, 2, 2, 4 ),
 ( 3, 3 ),
 ( 0.0001429618566286898463, 0.0002931993537717547931, 0.0004434368509148197942, 0.0005936743480578847952, 0.0007439118452009496878 ),
 ( 0.0000000000000000000, 1.000000000000000000 ),
 .UNSPECIFIED. ) 
 GEOMETRIC_REPRESENTATION_ITEM ( )  RATIONAL_B_SPLINE_SURFACE ( (
 ( 1.000000000000000000, 0.7071067811871056819, 1.000000000000000000),
 ( 1.000000000000000000, 0.7515127827409128214, 1.000000000000000000),
 ( 1.000000000000000000, 0.7756488135091116343, 1.000000000000000000),
 ( 1.000000000000000000, 0.8013676766013183572, 1.000000000000000000),
 ( 1.000000000000000000, 0.8032177151676117566, 1.000000000000000000),
 ( 1.000000000000000000, 0.8018885077662024630, 1.000000000000000000),
 ( 1.000000000000000000, 0.7989995446949822444, 1.000000000000000000),
 ( 1.000000000000000000, 0.7743723561265209998, 1.000000000000000000),
 ( 1.000000000000000000, 0.7517759092803271148, 1.000000000000000000),
 ( 1.000000000000000000, 0.7071067811864502062, 1.000000000000000000) ) ) 
 REPRESENTATION_ITEM ( '' )  SURFACE ( )  );
#5967 = CARTESIAN_POINT ( 'NONE',  ( -12.12093426161975884, 8.776648404108017942, 5.706027323978680066 ) ) ;
#5966 = CARTESIAN_POINT ( 'NONE',  ( -8.475001896539529511, 14.99999999947407936, -7.944206262056783218E-05 ) ) ;
#5968 = EDGE_LOOP ( 'NONE', ( #1925, #372, #1699, #2542 ) ) ;
#5969 = CARTESIAN_POINT ( 'NONE',  ( -5.000000000000001776, 15.00000000000000000, -5.000000000000000888 ) ) ;
#5970 = EDGE_CURVE ( 'NONE', #6246, #7038, #2966, .T. ) ;
#5971 = ORIENTED_EDGE ( 'NONE', *, *, #6161, .F. ) ;
#5972 = CARTESIAN_POINT ( 'NONE',  ( -7.800000098502366086, 8.999999999999998224, -5.999999999999998224 ) ) ;
#5973 = CARTESIAN_POINT ( 'NONE',  ( -10.04496673774051985, 8.129659829473304455, -5.643651987303925921 ) ) ;
#5975 = CARTESIAN_POINT ( 'NONE',  ( -12.35625189653953093, 6.514639183916651533, -5.999967093494321446 ) ) ;
#5974 = CARTESIAN_POINT ( 'NONE',  ( -6.000000000000001776, 9.000000000000000000, 0.0000000000000000000 ) ) ;
#5976 = EDGE_LOOP ( 'NONE', ( #7857, #6758, #752, #2929 ) ) ;
#5977 = CARTESIAN_POINT ( 'NONE',  ( -9.240206472023508866, 3.540331041016921088, -1.373666298248065409 ) ) ;
#5978 = CARTESIAN_POINT ( 'NONE',  ( -11.46979701734750456, 12.52842416249287893, 4.479065911755951923 ) ) ;
#5979 = FACE_OUTER_BOUND ( 'NONE', #5259, .T. ) ;
#5980 = CARTESIAN_POINT ( 'NONE',  ( -10.95000009850236644, 9.000000000000000000, 5.999999999999998224 ) ) ;
#5981 = CARTESIAN_POINT ( 'NONE',  ( -7.367240719123522297, 7.277542673469603152, -5.444246422227608129 ) ) ;
#5982 = CARTESIAN_POINT ( 'NONE',  ( -8.531251896539529866, 14.99996709349432145, -2.485360816083348023 ) ) ;
#5983 = CARTESIAN_POINT ( 'NONE',  ( -4.900000000000001243, 15.00000000000000000, 4.999999999999999112 ) ) ;
#5984 = CARTESIAN_POINT ( 'NONE',  ( -12.73496468927897851, 5.875948612170089014, -4.673742138421617121 ) ) ;
#5985 = VERTEX_POINT ( 'NONE', #7234 ) ;
#5986 = CARTESIAN_POINT ( 'NONE',  ( -10.68125189653952845, 14.61892489955086916, -2.327522060746116672 ) ) ;
#5987 = CARTESIAN_POINT ( 'NONE',  ( -11.34144595788538723, 13.11176585596413169, 3.961801419769925392 ) ) ;
#5988 = CARTESIAN_POINT ( 'NONE',  ( -8.579845386734646695, 8.189267975347684470, 5.562939877707424152 ) ) ;
#5989 = CARTESIAN_POINT ( 'NONE',  ( -11.59375084327952266, 6.514765161716677966, 5.999999999999998224 ) ) ;
#5990 = CARTESIAN_POINT ( 'NONE',  ( -4.986910397921643145, 14.99999993131729425, 3.281342527738936088 ) ) ;
#5991 = CARTESIAN_POINT ( 'NONE',  ( -6.662025890952306462, 3.324656198624883707, 0.5502550455475261337 ) ) ;
#5992 = CARTESIAN_POINT ( 'NONE',  ( -10.42946209009206804, 7.253237527917629102, 5.435925348675570312 ) ) ;
#5993 = DIRECTION ( 'NONE',  ( -1.000000000000000000, 0.0000000000000000000, 0.0000000000000000000 ) ) ;
#5994 = CARTESIAN_POINT ( 'NONE',  ( -9.150000098502365731, 9.000000000000000000, 5.999999999999998224 ) ) ;
#5995 = DIRECTION ( 'NONE',  ( 0.0000000000000000000, 0.0000000000000000000, 1.000000000000000000 ) ) ;
#5996 = CARTESIAN_POINT ( 'NONE',  ( -12.60625189653952916, 11.48536081608334491, 5.999967093494318782 ) ) ;
#5997 = ORIENTED_EDGE ( 'NONE', *, *, #5551, .T. ) ;
#5998 = LINE ( 'NONE', #7916, #7082 ) ;
#5999 = CARTESIAN_POINT ( 'NONE',  ( -6.799993008182716459, 11.79398826167114578, 4.979818299969822171 ) ) ;
#6000 = CARTESIAN_POINT ( 'NONE',  ( -10.82608783827814669, 12.57496816993437605, -4.442059103214554661 ) ) ;
#6001 = AXIS2_PLACEMENT_3D ( 'NONE', #7205, #4168, #6593 ) ;
#6002 = DIRECTION ( 'NONE',  ( -1.000000000000000000, 0.0000000000000000000, 0.0000000000000000000 ) ) ;
#6003 = ADVANCED_FACE ( 'NONE', ( #1101, #533 ), #6086, .F. ) ;
#6004 = CARTESIAN_POINT ( 'NONE',  ( -8.254191362570990620, 7.773749763741760965, -5.568348517327329716 ) ) ;
#6005 = CARTESIAN_POINT ( 'NONE',  ( -8.009941433253219500, 11.53960823912269973, -5.105158326238674604 ) ) ;
#6007 = CARTESIAN_POINT ( 'NONE',  ( -12.32597509191021778, 11.03950462566206880, 5.324724672854302732 ) ) ;
#6006 = CARTESIAN_POINT ( 'NONE',  ( -7.181251896539530222, 3.000032906505680774, 2.485360816083349800 ) ) ;
#6008 = ORIENTED_EDGE ( 'NONE', *, *, #6658, .F. ) ;
#6009 = VECTOR ( 'NONE', #3710, 1000.000000000000000 ) ;
#6010 = CARTESIAN_POINT ( 'NONE',  ( -10.05278976883083963, 5.312308477931894757, -4.253902980778213383 ) ) ;
#6011 = EDGE_CURVE ( 'NONE', #3721, #2148, #1933, .T. ) ;
#6012 = VECTOR ( 'NONE', #5131, 1000.000000000000000 ) ;
#6013 = CARTESIAN_POINT ( 'NONE',  ( -11.45129711088201852, 14.71024375331438350, -0.003504398552015377567 ) ) ;
#6014 = CARTESIAN_POINT ( 'NONE',  ( -5.019060725932924960, 14.87643029462309663, -3.796590511953120028 ) ) ;
#6015 = ORIENTED_EDGE ( 'NONE', *, *, #5352, .T. ) ;
#6016 = CIRCLE ( 'NONE', #2528, 7.000000000000000000 ) ;
#6017 = DIRECTION ( 'NONE',  ( 0.0000000000000000000, -1.000000000000000000, 0.0000000000000000000 ) ) ;
#6018 = CARTESIAN_POINT ( 'NONE',  ( -9.335096269906697941, 5.624533670951973541, 4.605641432029355720 ) ) ;
#6019 = CARTESIAN_POINT ( 'NONE',  ( -11.41623464861223525, 14.53496567854894650, 1.404360252055509628 ) ) ;
#6020 = DIRECTION ( 'NONE',  ( 0.0000000000000000000, 0.0000000000000000000, 1.000000000000000000 ) ) ;
#6021 = CARTESIAN_POINT ( 'NONE',  ( -10.44375189653952951, 11.48520193195810712, -6.000032905453839938 ) ) ;
#6022 = AXIS2_PLACEMENT_3D ( 'NONE', #7701, #6520, #5909 ) ;
#6023 = CARTESIAN_POINT ( 'NONE',  ( -12.62946188477348386, 6.926567986429817303, -5.320377073947566871 ) ) ;
#6024 = ORIENTED_EDGE ( 'NONE', *, *, #1460, .F. ) ;
#6025 = CARTESIAN_POINT ( 'NONE',  ( -11.19210756322415357, 7.628970511643269781, 5.542933271835061682 ) ) ;
#6026 = CARTESIAN_POINT ( 'NONE',  ( -8.794005368254879329, 14.49379242879141394, 1.230614665647379757 ) ) ;
#6027 = AXIS2_PLACEMENT_3D ( 'NONE', #3207, #6205, #5594 ) ;
#6028 = CARTESIAN_POINT ( 'NONE',  ( -7.350000098502365020, 9.000000000000000000, 5.999999999999998224 ) ) ;
#6029 = CARTESIAN_POINT ( 'NONE',  ( -4.919758450968065411, 14.99836094372693296, 3.488815163670394792 ) ) ;
#6030 = CARTESIAN_POINT ( 'NONE',  ( -6.511379914705233141, 5.738583600794886941, -4.687365906761908896 ) ) ;
#6031 = CARTESIAN_POINT ( 'NONE',  ( -11.36154940594500751, 8.495913408129272426, 5.687171306995415954 ) ) ;
#6032 = CARTESIAN_POINT ( 'NONE',  ( -13.00000000000000178, 5.885331900660613513, -5.048209454157579046 ) ) ;
#6033 = LINE ( 'NONE', #4845, #7872 ) ;
#6034 = DIRECTION ( 'NONE',  ( 0.0000000000000000000, 0.0000000000000000000, -1.000000000000000000 ) ) ;
#6035 = CARTESIAN_POINT ( 'NONE',  ( -12.21250189653953022, 4.757303139231405353, -4.242584512726212509 ) ) ;
#6036 = ORIENTED_EDGE ( 'NONE', *, *, #6708, .F. ) ;
#6037 = DIRECTION ( 'NONE',  ( 0.0000000000000000000, 0.0000000000000000000, 1.000000000000000000 ) ) ;
#6038 = CARTESIAN_POINT ( 'NONE',  ( -7.267552020371675248, 5.624349307464923342, -4.605177426836142729 ) ) ;
#6039 = CIRCLE ( 'NONE', #3060, 7.000000000000000000 ) ;
#6040 = CARTESIAN_POINT ( 'NONE',  ( -10.70117026510599700, 11.84407134783008964, -4.951481947058790745 ) ) ;
#6041 = CARTESIAN_POINT ( 'NONE',  ( -13.00000000000000178, 9.000000000000000000, 6.000000000000000000 ) ) ;
#6042 = CARTESIAN_POINT ( 'NONE',  ( -8.383896891452135236, 3.860606575782718597, -2.487010924334049911 ) ) ;
#6043 = CARTESIAN_POINT ( 'NONE',  ( -7.916808983689112011, 14.12805807651275636, -2.511943162281589981 ) ) ;
#6045 = CARTESIAN_POINT ( 'NONE',  ( -12.24770397076948036, 10.84587350708286735, 5.310012860677522539 ) ) ;
#6044 = CARTESIAN_POINT ( 'NONE',  ( -7.575001896539530932, 14.99999999947407936, -7.944206262056783218E-05 ) ) ;
#6046 = ORIENTED_EDGE ( 'NONE', *, *, #2297, .F. ) ;
#6047 = LINE ( 'NONE', #3007, #6009 ) ;
#6048 = CIRCLE ( 'NONE', #2556, 7.100000000000000533 ) ;
#6049 = CARTESIAN_POINT ( 'NONE',  ( -9.542293935458507903, 13.13669973668435809, 3.936098306345551023 ) ) ;
#6050 = CARTESIAN_POINT ( 'NONE',  ( -10.25091113325501802, 3.290344765621310952, 0.08942252466359118523 ) ) ;
#6051 = VERTEX_POINT ( 'NONE', #7960 ) ;
#6052 = CIRCLE ( 'NONE', #4388, 0.5999999999999980904 ) ;
#6053 = AXIS2_PLACEMENT_3D ( 'NONE', #684, #645, #3889 ) ;
#6054 = DIRECTION ( 'NONE',  ( -1.000000000000000000, -0.0000000000000000000, 0.0000000000000000000 ) ) ;
#6055 = CARTESIAN_POINT ( 'NONE',  ( -11.49560696843363061, 14.43557528680607582, -1.749519972833420312 ) ) ;
#6056 = CARTESIAN_POINT ( 'NONE',  ( -13.00000000000000533, 9.813977025267220711, 5.696351093823324163 ) ) ;
#6057 = ORIENTED_EDGE ( 'NONE', *, *, #5562, .T. ) ;
#6058 = EDGE_CURVE ( 'NONE', #1356, #3549, #6290, .T. ) ;
#6059 = CARTESIAN_POINT ( 'NONE',  ( -18.89995498629575366, 13.90000826782264198, -0.1173391757808258801 ) ) ;
#6060 = CARTESIAN_POINT ( 'NONE',  ( -9.232575220921047432, 3.437908640897072043, 1.254976161245206390 ) ) ;
#6061 = ORIENTED_EDGE ( 'NONE', *, *, #3753, .T. ) ;
#6062 = CARTESIAN_POINT ( 'NONE',  ( -19.80000000000000071, -4.000999999999999446, 0.0000000000000000000 ) ) ;
#6063 = DIRECTION ( 'NONE',  ( 0.0000000000000000000, 0.0000000000000000000, -1.000000000000000000 ) ) ;
#6064 = CARTESIAN_POINT ( 'NONE',  ( -10.50000189653952987, 8.999920557937377552, -5.999999999474079360 ) ) ;
#6065 = CARTESIAN_POINT ( 'NONE',  ( -13.94375189653953306, 6.672626733064500826, 5.618986531965226128 ) ) ;
#6066 = CARTESIAN_POINT ( 'NONE',  ( -12.94121330813698911, 5.823520192737642098, 4.745080533926343769 ) ) ;
#6067 = VERTEX_POINT ( 'NONE', #4706 ) ;
#6068 = CARTESIAN_POINT ( 'NONE',  ( -9.668751896539529156, 14.61898653196522524, 2.327373266935493845 ) ) ;
#6069 = EDGE_CURVE ( 'NONE', #5642, #2809, #6128, .T. ) ;
#6070 = CARTESIAN_POINT ( 'NONE',  ( -8.659600334564553137, 11.27228363113962040, 5.151099174441464257 ) ) ;
#6071 = CARTESIAN_POINT ( 'NONE',  ( -13.00000000000000178, 9.000000000000000000, 1.000000000000000222 ) ) ;
#6072 = CARTESIAN_POINT ( 'NONE',  ( 4.000000000000000000, 0.5000000000000004441, 4.000000000000000000 ) ) ;
#6073 = CARTESIAN_POINT ( 'NONE',  ( -6.568307465870619311, 4.161394612087419453, -3.016632794810391260 ) ) ;
#6074 = CARTESIAN_POINT ( 'NONE',  ( -11.10233957229918644, 3.589968433043146501, -1.825116869639357153 ) ) ;
#6075 = CARTESIAN_POINT ( 'NONE',  ( -5.100000000000002309, 14.90000000000000036, 3.949683531626298372 ) ) ;
#6076 = CARTESIAN_POINT ( 'NONE',  ( -9.093750843279520879, 6.514765161716677966, 5.999999999999998224 ) ) ;
#6077 = DIRECTION ( 'NONE',  ( -1.000000000000000000, 0.0000000000000000000, 0.0000000000000000000 ) ) ;
#6078 = CARTESIAN_POINT ( 'NONE',  ( -11.81875189653953129, 15.00003290545384083, 2.485201931958106236 ) ) ;
#6079 = ORIENTED_EDGE ( 'NONE', *, *, #4427, .T. ) ;
#6080 = CARTESIAN_POINT ( 'NONE',  ( -5.100000000000002309, 3.861906968533892481, -4.899999999999943512 ) ) ;
#6081 = CARTESIAN_POINT ( 'NONE',  ( -6.772891990157996034, 10.83374708409778187, 5.407393872119231837 ) ) ;
#6082 = CARTESIAN_POINT ( 'NONE',  ( -11.06996981529673896, 3.373901518019121859, -0.2051799367689929599 ) ) ;
#6083 = CARTESIAN_POINT ( 'NONE',  ( -5.062376119727424850, 13.89844240385008334, -4.992310985188987971 ) ) ;
#6084 = CARTESIAN_POINT ( 'NONE',  ( -8.764398490085541837, 12.35891588475750780, 4.616880652834193910 ) ) ;
#6085 = CARTESIAN_POINT ( 'NONE',  ( -7.936072584960064624, 14.61154409887208772, -0.4550767643195574030 ) ) ;
#6086 = PLANE ( 'NONE',  #7856 ) ;
#6088 = CARTESIAN_POINT ( 'NONE',  ( -12.30206936503837589, 12.66573735610382379, 4.272863595793374714 ) ) ;
#6087 = CARTESIAN_POINT ( 'NONE',  ( -6.618751896539531110, 15.00003290545384260, 2.485201931958106236 ) ) ;
#6089 = VERTEX_POINT ( 'NONE', #3824 ) ;
#6090 = CARTESIAN_POINT ( 'NONE',  ( 0.0000000000000000000, -3.999999999999999112, 0.0000000000000000000 ) ) ;
#6091 = CARTESIAN_POINT ( 'NONE',  ( -8.158016921069741301, 5.939281405143444381, -4.810859073836001976 ) ) ;
#6092 = CARTESIAN_POINT ( 'NONE',  ( -9.475926732541244846, 10.94188396187882439, 5.360985303739885133 ) ) ;
#6093 = CARTESIAN_POINT ( 'NONE',  ( -10.35831006641147489, 4.875228195104511997, 3.948858990584290130 ) ) ;
#6094 = ORIENTED_EDGE ( 'NONE', *, *, #2080, .T. ) ;
#6095 = CARTESIAN_POINT ( 'NONE',  ( -11.80460574924868844, 9.782809421385101345, -5.656454303437278952 ) ) ;
#6096 = PLANE ( 'NONE',  #6790 ) ;
#6097 = DIRECTION ( 'NONE',  ( 0.0000000000000000000, 0.0000000000000000000, 1.000000000000000000 ) ) ;
#6098 = CARTESIAN_POINT ( 'NONE',  ( -9.366415574640374331, 3.344486892056661720, 0.7262412293457390922 ) ) ;
#6099 = DIRECTION ( 'NONE',  ( 0.0000000000000000000, -1.000000000000000000, 0.0000000000000000000 ) ) ;
#6100 = ADVANCED_FACE ( 'NONE', ( #18 ), #740, .T. ) ;
#6101 = CARTESIAN_POINT ( 'NONE',  ( -9.487501896539530577, 13.24258451272621073, -4.242696860768593758 ) ) ;
#6102 = CARTESIAN_POINT ( 'NONE',  ( -11.80625189653952845, 6.672477939253883328, -5.618924899550870933 ) ) ;
#6103 = CARTESIAN_POINT ( 'NONE',  ( -12.86174040864636225, 3.788290280080821582, 2.333881977669448382 ) ) ;
#6104 = VERTEX_POINT ( 'NONE', #3786 ) ;
#6105 = CARTESIAN_POINT ( 'NONE',  ( -10.73750189653953058, 12.97314908324318061, -3.973254296355671400 ) ) ;
#6106 = CARTESIAN_POINT ( 'NONE',  ( -11.68494208159087222, 8.638516677660334153, -5.698435390223814956 ) ) ;
#6107 = CARTESIAN_POINT ( 'NONE',  ( -8.570861881280579908, 7.843062549847539699, 5.501370994063024433 ) ) ;
#6108 = CARTESIAN_POINT ( 'NONE',  ( -13.00000000000000178, 9.000000000000000000, 0.0000000000000000000 ) ) ;
#6109 = CARTESIAN_POINT ( 'NONE',  ( -5.099999998204596707, 14.85421015964888802, 3.838322725524617951 ) ) ;
#6110 = CARTESIAN_POINT ( 'NONE',  ( -6.403111098297980419, 4.573684796298343791, -3.594379168194536511 ) ) ;
#6111 = EDGE_CURVE ( 'NONE', #5370, #610, #4981, .T. ) ;
#6112 = CARTESIAN_POINT ( 'NONE',  ( -10.92103987180598246, 9.106784469240672308, -5.708536115617022233 ) ) ;
#6113 = CARTESIAN_POINT ( 'NONE',  ( -13.00000000000000355, 9.000004352083681880, -5.999999999998421707 ) ) ;
#6114 = CARTESIAN_POINT ( 'NONE',  ( 4.899999999999997691, 0.1000000000000000056, -4.900000000000000355 ) ) ;
#6115 = CARTESIAN_POINT ( 'NONE',  ( -10.91875189653952738, 15.00003290545384083, 2.485201931958106236 ) ) ;
#6116 = ORIENTED_EDGE ( 'NONE', *, *, #4637, .F. ) ;
#6117 = CARTESIAN_POINT ( 'NONE',  ( -5.000000000000001776, 0.09999999999999939493, -4.900000000000000355 ) ) ;
#6118 = CARTESIAN_POINT ( 'NONE',  ( -6.667279593057449993, 6.715439573013185282, 5.232937164794154938 ) ) ;
#6119 = CARTESIAN_POINT ( 'NONE',  ( -11.01619061408658595, 3.836985573625812052, -2.244487735224755642 ) ) ;
#6120 = CARTESIAN_POINT ( 'NONE',  ( -13.00000000000000178, 9.000000000000000000, 0.0000000000000000000 ) ) ;
#6121 = CARTESIAN_POINT ( 'NONE',  ( -8.581901545849820678, 5.606961723592294611, 4.591797829042932655 ) ) ;
#6122 = CARTESIAN_POINT ( 'NONE',  ( -8.043401072225856652, 12.80280821845062178, -4.151301601275024566 ) ) ;
#6123 = DIRECTION ( 'NONE',  ( 0.0000000000000000000, -1.005636797667714286E-15, 1.000000000000000000 ) ) ;
#6125 = CARTESIAN_POINT ( 'NONE',  ( -12.13815187973365184, 9.492359038525096437, 5.689134661906621204 ) ) ;
#6124 = CARTESIAN_POINT ( 'NONE',  ( -6.900001896539530222, 8.999920557937377552, -5.999999999474079360 ) ) ;
#6126 = ORIENTED_EDGE ( 'NONE', *, *, #1946, .T. ) ;
#6127 = CARTESIAN_POINT ( 'NONE',  ( -6.037663377777663598, 11.01946844908552769, -5.548665515557403616 ) ) ;
#6128 =( BOUNDED_CURVE ( )  B_SPLINE_CURVE ( 2, ( #6583, #5964, #1260, #1334, #4977, #7431, #3088, #4464, #3245, #4899, #1942 ),
 .UNSPECIFIED., .F., .T. ) 
 B_SPLINE_CURVE_WITH_KNOTS ( ( 3, 2, 2, 2, 2, 3 ),
 ( 0.6666669069350004140, 0.6805555555555555802, 0.6944444444444444198, 0.7083333333333333703, 0.7222222222222222099, 0.7222224624905559942 ),
 .UNSPECIFIED. ) 
 CURVE ( )  GEOMETRIC_REPRESENTATION_ITEM ( )  RATIONAL_B_SPLINE_CURVE ( ( 0.9999973663809044178, 0.9238808493436148073, 1.000000000000000000, 0.9238795325112867385, 1.000000000000000000, 0.9238795325112867385, 1.000000000000000000, 0.9238795325112867385, 1.000000000000000000, 0.9999986831676719312, 0.9999973663809044178 ) ) 
 REPRESENTATION_ITEM ( '' )  );
#6129 = AXIS2_PLACEMENT_3D ( 'NONE', #5550, #695, #132 ) ;
#6130 = CARTESIAN_POINT ( 'NONE',  ( -8.906897415123575357, 11.64810570805108902, -5.058676427979595935 ) ) ;
#6131 = CARTESIAN_POINT ( 'NONE',  ( -10.18574318573112514, 3.387610389050568216, 0.4417974223413926871 ) ) ;
#6132 = ORIENTED_EDGE ( 'NONE', *, *, #4300, .F. ) ;
#6133 = CARTESIAN_POINT ( 'NONE',  ( -13.00000000000000178, 9.000000000000000000, 6.000000000000000000 ) ) ;
#6134 = CARTESIAN_POINT ( 'NONE',  ( -7.340287286947852152, 8.315509113855501511, -5.669030966815251205 ) ) ;
#6136 = CARTESIAN_POINT ( 'NONE',  ( -11.56924083190604513, 14.35963461054076440, -1.723133705313637742 ) ) ;
#6135 = CARTESIAN_POINT ( 'NONE',  ( -5.003762072527193183, 15.07211068967846757, 3.345408341360776472 ) ) ;
#6137 = AXIS2_PLACEMENT_3D ( 'NONE', #946, #5854, #3423 ) ;
#6138 = CARTESIAN_POINT ( 'NONE',  ( -10.38750189653953093, 13.24258451272621073, -4.242696860768593758 ) ) ;
#6139 = ORIENTED_EDGE ( 'NONE', *, *, #4665, .T. ) ;
#6140 = CARTESIAN_POINT ( 'NONE',  ( -7.150000098502363954, 9.000000000000000000, 5.999999999999998224 ) ) ;
#6141 = CARTESIAN_POINT ( 'NONE',  ( -9.540731319091328544, 13.13036231315197711, 3.991402533537894204 ) ) ;
#6142 = AXIS2_PLACEMENT_3D ( 'NONE', #3982, #6449, #893 ) ;
#6143 = DIRECTION ( 'NONE',  ( -1.000000000000000000, 0.0000000000000000000, 0.0000000000000000000 ) ) ;
#6144 = CARTESIAN_POINT ( 'NONE',  ( -5.000000000000001776, 3.861906968533892481, -4.899999999999943512 ) ) ;
#6145 = CARTESIAN_POINT ( 'NONE',  ( -12.53750189653952951, 12.97314908324318061, -3.973254296355671400 ) ) ;
#6146 = CARTESIAN_POINT ( 'NONE',  ( -12.88887329012176863, 4.317305533480816138, 3.253385047020124432 ) ) ;
#6147 = ORIENTED_EDGE ( 'NONE', *, *, #766, .T. ) ;
#6148 = CARTESIAN_POINT ( 'NONE',  ( -7.306251896539530222, 6.672477939253883328, -5.618924899550870933 ) ) ;
#6149 = EDGE_CURVE ( 'NONE', #778, #1663, #2147, .T. ) ;
#6150 = CARTESIAN_POINT ( 'NONE',  ( -10.66242557926279311, 13.07578185528834958, -3.999036305794732460 ) ) ;
#6151 = CIRCLE ( 'NONE', #7718, 0.9000000000000003553 ) ;
#6152 = DIRECTION ( 'NONE',  ( 0.0000000000000000000, 0.0000000000000000000, 1.000000000000000000 ) ) ;
#6153 = CARTESIAN_POINT ( 'NONE',  ( -6.669758342291788544, 4.543079349865863037, 3.439470377555069902 ) ) ;
#6154 = CARTESIAN_POINT ( 'NONE',  ( -10.73059348201238272, 14.56352744914375918, -1.283088347820415365 ) ) ;
#6155 = DIRECTION ( 'NONE',  ( -1.000000000000000000, 0.0000000000000000000, 0.0000000000000000000 ) ) ;
#6156 = CARTESIAN_POINT ( 'NONE',  ( -4.900000000000001243, 15.00000000000000000, -4.900000000000000355 ) ) ;
#6157 = CARTESIAN_POINT ( 'NONE',  ( -13.39375189653952880, 6.514798068041889323, 6.000032905453837273 ) ) ;
#6158 = ORIENTED_EDGE ( 'NONE', *, *, #3763, .T. ) ;
#6159 = AXIS2_PLACEMENT_3D ( 'NONE', #7040, #4055, #3473 ) ;
#6160 = EDGE_CURVE ( 'NONE', #5536, #6051, #3579, .T. ) ;
#6161 = EDGE_CURVE ( 'NONE', #778, #6067, #4987, .T. ) ;
#6162 = CARTESIAN_POINT ( 'NONE',  ( -12.54136340623631085, 10.39930473074846518, -5.535804209147451971 ) ) ;
#6163 = CARTESIAN_POINT ( 'NONE',  ( -6.588530016717135673, 4.302020470599390300, 3.245315493755491332 ) ) ;
#6164 = CARTESIAN_POINT ( 'NONE',  ( -10.98886578642156664, 4.351777319410904177, -3.161871161860209334 ) ) ;
#6165 = SPHERICAL_SURFACE ( 'NONE', #1596, 0.1000000000000000056 ) ;
#6166 = CARTESIAN_POINT ( 'NONE',  ( -8.504978976103810595, 3.725667008770967126, 2.186660032980905832 ) ) ;
#6167 = CARTESIAN_POINT ( 'NONE',  ( -8.017530136921331874, 13.51024695051695801, -3.369363053193306534 ) ) ;
#6168 = DIRECTION ( 'NONE',  ( 0.0000000000000000000, 0.0000000000000000000, -1.000000000000000000 ) ) ;
#6170 = CARTESIAN_POINT ( 'NONE',  ( -12.43483440855830580, 14.61542507544141145, -0.4054522557820735562 ) ) ;
#6169 = CARTESIAN_POINT ( 'NONE',  ( -12.66250189653952951, 13.24269686076859287, 4.242584512726212509 ) ) ;
#6171 = ORIENTED_EDGE ( 'NONE', *, *, #5063, .T. ) ;
#6172 = EDGE_CURVE ( 'NONE', #3249, #7357, #1504, .T. ) ;
#6173 = CARTESIAN_POINT ( 'NONE',  ( -9.181265172451494649, 3.357142933729965417, -0.8183214806701626376 ) ) ;
#6174 = CARTESIAN_POINT ( 'NONE',  ( -10.40021272571144806, 9.013352916159419692, 5.629952736486710130 ) ) ;
#6175 = EDGE_LOOP ( 'NONE', ( #2870, #5274, #4285, #7497 ) ) ;
#6176 =( LENGTH_UNIT ( ) NAMED_UNIT ( * ) SI_UNIT ( .MILLI., .METRE. ) );
#6177 = CARTESIAN_POINT ( 'NONE',  ( -7.085770068377716946, 12.35385369641666387, -4.621740411996098530 ) ) ;
#6178 = CARTESIAN_POINT ( 'NONE',  ( -11.71026250206672792, 13.05814430869518539, -4.005400905960002866 ) ) ;
#6179 = CARTESIAN_POINT ( 'NONE',  ( -13.00000000000000355, 11.19475750249886126, 5.376689639458373193 ) ) ;
#6180 = DIRECTION ( 'NONE',  ( 0.0000000000000000000, -1.000000000000000000, 0.0000000000000000000 ) ) ;
#6181 = AXIS2_PLACEMENT_3D ( 'NONE', #2811, #4130, #5276 ) ;
#6182 = CARTESIAN_POINT ( 'NONE',  ( -9.641142849648684177, 13.70536668827761417, 3.091322908220678567 ) ) ;
#6183 = VECTOR ( 'NONE', #4056, 1000.000000000000000 ) ;
#6184 = CARTESIAN_POINT ( 'NONE',  ( -7.348375428322626135, 7.999207901475066329, -5.613253191110252338 ) ) ;
#6185 = LINE ( 'NONE', #7449, #2151 ) ;
#6186 = CARTESIAN_POINT ( 'NONE',  ( -6.000001896539530755, 8.999920557937377552, -5.999999999474079360 ) ) ;
#6187 = CARTESIAN_POINT ( 'NONE',  ( -13.10000189653952951, 9.000074396905310081, 5.618955715758048086 ) ) ;
#6188 = CARTESIAN_POINT ( 'NONE',  ( -12.96813712330991919, 3.353733979438226598, 0.7946514759340113088 ) ) ;
#6189 = CIRCLE ( 'NONE', #4007, 4.899999999999999467 ) ;
#6190 = ORIENTED_EDGE ( 'NONE', *, *, #6705, .F. ) ;
#6191 = CARTESIAN_POINT ( 'NONE',  ( -8.825001896539529156, 14.61895571575804809, -7.439690531130537009E-05 ) ) ;
#6192 = CARTESIAN_POINT ( 'NONE',  ( -10.58263615560638193, 14.56910112322432305, -1.260441394547182181 ) ) ;
#6193 = CARTESIAN_POINT ( 'NONE',  ( -8.763901013362010772, 14.68616419921275806, -0.5225724022448663408 ) ) ;
#6194 = CARTESIAN_POINT ( 'NONE',  ( -5.000000000000030198, 14.06572552398082898, 4.830985915493005933 ) ) ;
#6195 = CARTESIAN_POINT ( 'NONE',  ( -11.65000189653953022, 9.000079442062618895, 5.999999999474079360 ) ) ;
#6196 = CARTESIAN_POINT ( 'NONE',  ( -6.876670037867436136, 9.121593589362410270, 5.708892794840074281 ) ) ;
#6197 = CARTESIAN_POINT ( 'NONE',  ( -10.58453594563314937, 12.99119169116886852, 4.082748330374465162 ) ) ;
#6198 = VERTEX_POINT ( 'NONE', #1218 ) ;
#6199 = CARTESIAN_POINT ( 'NONE',  ( -12.51429581157095861, 11.39019745472659295, -5.185650607961678205 ) ) ;
#6200 = CARTESIAN_POINT ( 'NONE',  ( -6.287621091734329148, 8.529318409681007296, -5.690587819889936227 ) ) ;
#6201 = CARTESIAN_POINT ( 'NONE',  ( -10.96079529410546805, 3.521317425083101860, -1.609309430992685419 ) ) ;
#6202 = CARTESIAN_POINT ( 'NONE',  ( 4.899999999999996803, 14.90000000000000036, -5.000000000000000888 ) ) ;
#6203 = CARTESIAN_POINT ( 'NONE',  ( -8.738036832859870984, 11.47193688743156059, 5.146630382605401621 ) ) ;
#6204 = FACE_OUTER_BOUND ( 'NONE', #2322, .T. ) ;
#6205 = DIRECTION ( 'NONE',  ( -1.000000000000000000, 0.0000000000000000000, 0.0000000000000000000 ) ) ;
#6206 = ADVANCED_FACE ( 'NONE', ( #1823, #698 ), #5717, .T. ) ;
#6207 = EDGE_CURVE ( 'NONE', #1636, #7052, #1374, .T. ) ;
#6208 = CARTESIAN_POINT ( 'NONE',  ( -11.81875189653953129, 15.00003290545384260, 2.485201931958106236 ) ) ;
#6209 = ORIENTED_EDGE ( 'NONE', *, *, #3841, .F. ) ;
#6210 = CARTESIAN_POINT ( 'NONE',  ( 4.899999999999996803, 15.00000000000000000, -5.000000000000000888 ) ) ;
#6211 = CARTESIAN_POINT ( 'NONE',  ( -8.735856137873682314, 14.66637502090900291, 0.6354164498979586462 ) ) ;
#6212 = CARTESIAN_POINT ( 'NONE',  ( -10.17995547789027100, 4.125687655600554393, 2.958530828678697766 ) ) ;
#6213 = ORIENTED_EDGE ( 'NONE', *, *, #7865, .F. ) ;
#6214 = PRESENTATION_STYLE_ASSIGNMENT (( #3097 ) ) ;
#6215 = CARTESIAN_POINT ( 'NONE',  ( -7.546395744472771838, 3.290568383592264556, -0.1000178690833640194 ) ) ;
#6216 = ADVANCED_FACE ( 'NONE', ( #7547 ), #3705, .T. ) ;
#6218 = CARTESIAN_POINT ( 'NONE',  ( -11.69179730751261737, 8.364057193233987775, -5.666383874158031020 ) ) ;
#6217 = CARTESIAN_POINT ( 'NONE',  ( -11.51250189653953093, 4.757303139231405353, -4.242584512726213397 ) ) ;
#6219 = CARTESIAN_POINT ( 'NONE',  ( -5.076097868552508885, 4.069290632514063866, 4.965494338813057240 ) ) ;
#6220 = VERTEX_POINT ( 'NONE', #618 ) ;
#6221 = CARTESIAN_POINT ( 'NONE',  ( -9.460186606276764110, 10.35486883791548074, 5.538650707716595178 ) ) ;
#6222 = CARTESIAN_POINT ( 'NONE',  ( -6.908157886726693064, 10.38093065895381173, 5.539937041429360498 ) ) ;
#6223 = CARTESIAN_POINT ( 'NONE',  ( -20.50000000000000000, 9.000000000000000000, -1.000000000000000222 ) ) ;
#6224 = CARTESIAN_POINT ( 'NONE',  ( -7.237501896539530577, 4.757415487273786603, 4.242696860768593758 ) ) ;
#6225 = CARTESIAN_POINT ( 'NONE',  ( -7.475001896539530399, 3.381044284241951026, 7.439690531061725408E-05 ) ) ;
#6226 =( BOUNDED_CURVE ( )  B_SPLINE_CURVE ( 2, ( #1235, #4331, #4954 ),
 .UNSPECIFIED., .F., .T. ) 
 B_SPLINE_CURVE_WITH_KNOTS ( ( 3, 3 ),
 ( 0.9444446847195178130, 0.9506271117119503566 ),
 .UNSPECIFIED. ) 
 CURVE ( )  GEOMETRIC_REPRESENTATION_ITEM ( )  RATIONAL_B_SPLINE_CURVE ( ( 0.9999973663070316210, 0.9661146739082834278, 0.9623977524104334602 ) ) 
 REPRESENTATION_ITEM ( '' )  );
#6227 = CARTESIAN_POINT ( 'NONE',  ( -13.07084021224623882, 5.258168226990214578, 4.313286335061889076 ) ) ;
#6228 = VERTEX_POINT ( 'NONE', #1978 ) ;
#6229 = CARTESIAN_POINT ( 'NONE',  ( -10.53520644504124526, 14.66339262217634776, 0.6614433887906668863 ) ) ;
#6230 = CARTESIAN_POINT ( 'NONE',  ( -8.947292256098656082, 14.38172344739991537, -1.908553376117646749 ) ) ;
#6231 = CARTESIAN_POINT ( 'NONE',  ( 0.0000000000000000000, 0.5000000000000004441, 0.0000000000000000000 ) ) ;
#6232 = DIRECTION ( 'NONE',  ( 0.0000000000000000000, 0.0000000000000000000, 1.000000000000000000 ) ) ;
#6233 = CARTESIAN_POINT ( 'NONE',  ( -6.810381294089678406, 12.14221951275647626, 4.768075361204924256 ) ) ;
#6234 = CARTESIAN_POINT ( 'NONE',  ( -12.13809508299659612, 4.352777848094991242, 3.316777444833348021 ) ) ;
#6235 = CARTESIAN_POINT ( 'NONE',  ( -5.100000000000002309, 9.000000000000000000, 0.0000000000000000000 ) ) ;
#6236 = CARTESIAN_POINT ( 'NONE',  ( -9.962501896539530222, 13.24269686076859287, 4.242584512726211621 ) ) ;
#6237 = CARTESIAN_POINT ( 'NONE',  ( -12.69074878381483806, 4.908723930482122633, -3.982957323570821551 ) ) ;
#6238 = CARTESIAN_POINT ( 'NONE',  ( -8.222545376964175645, 6.286403197332506743, -4.923411443939042620 ) ) ;
#6239 = CARTESIAN_POINT ( 'NONE',  ( -4.000000000000000000, -3.999999999999999112, 4.000000000000000000 ) ) ;
#6240 = CARTESIAN_POINT ( 'NONE',  ( -10.90631368504002197, 4.493383661065462498, -3.493218211974859155 ) ) ;
#6241 = CARTESIAN_POINT ( 'NONE',  ( -11.40000009850236573, 8.999999999999998224, -5.999999999999998224 ) ) ;
#6242 = CARTESIAN_POINT ( 'NONE',  ( -9.126113893647582742, 8.901679307081707293, -5.708721103064553937 ) ) ;
#6243 = DIRECTION ( 'NONE',  ( -1.000000000000000000, 0.0000000000000000000, 0.0000000000000000000 ) ) ;
#6245 = CARTESIAN_POINT ( 'NONE',  ( -12.48719320720097237, 14.68209420932892506, 0.4749578996561618638 ) ) ;
#6244 = CARTESIAN_POINT ( 'NONE',  ( -10.86250189653953058, 13.24269686076859287, 4.242584512726212509 ) ) ;
#6246 = VERTEX_POINT ( 'NONE', #5554 ) ;
#6247 = CARTESIAN_POINT ( 'NONE',  ( -5.000000000000007994, 14.09942057509974056, 4.920275783527080726 ) ) ;
#6248 = EDGE_LOOP ( 'NONE', ( #3318, #7197 ) ) ;
#6249 = CARTESIAN_POINT ( 'NONE',  ( -8.175854945808277208, 5.360940675375938547, -4.399973362082222117 ) ) ;
#6250 = EDGE_CURVE ( 'NONE', #5439, #926, #6938, .T. ) ;
#6251 = CARTESIAN_POINT ( 'NONE',  ( -10.51831214548008830, 10.76211280036256923, 5.431431593005710212 ) ) ;
#6252 = VERTEX_POINT ( 'NONE', #2562 ) ;
#6253 =( NAMED_UNIT ( * ) PLANE_ANGLE_UNIT ( ) SI_UNIT ( $, .RADIAN. ) );
#6254 = CARTESIAN_POINT ( 'NONE',  ( -7.515341760061030385, 3.456500315085388575, -1.334699180820740683 ) ) ;
#6256 = CARTESIAN_POINT ( 'NONE',  ( -11.79238653241050727, 7.344750648082274402, -5.380978220292997882 ) ) ;
#6255 = CARTESIAN_POINT ( 'NONE',  ( -13.36875189653952845, 2.999967094546160951, -2.485201931958109345 ) ) ;
#6257 = VERTEX_POINT ( 'NONE', #5017 ) ;
#6258 = FACE_OUTER_BOUND ( 'NONE', #5502, .T. ) ;
#6259 = ORIENTED_EDGE ( 'NONE', *, *, #6556, .F. ) ;
#6260 =( NAMED_UNIT ( * ) SI_UNIT ( $, .STERADIAN. ) SOLID_ANGLE_UNIT ( ) );
#6261 = EDGE_CURVE ( 'NONE', #7162, #1396, #105, .T. ) ;
#6262 = FACE_OUTER_BOUND ( 'NONE', #382, .T. ) ;
#6263 = AXIS2_PLACEMENT_3D ( 'NONE', #301, #7846, #1631 ) ;
#6264 = LINE ( 'NONE', #3183, #3967 ) ;
#6265 = CARTESIAN_POINT ( 'NONE',  ( -9.500001896539531643, 9.000074396905310081, 5.618955715758048086 ) ) ;
#6266 = CARTESIAN_POINT ( 'NONE',  ( -13.06959291771652332, 7.791690203025895656, 5.498635388888663655 ) ) ;
#6267 = ORIENTED_EDGE ( 'NONE', *, *, #4676, .F. ) ;
#6268 = CIRCLE ( 'NONE', #1607, 3.300000000000000266 ) ;
#6269 = CARTESIAN_POINT ( 'NONE',  ( -10.82550297193530930, 7.073575215807866634, -5.366599334153595358 ) ) ;
#6270 = CARTESIAN_POINT ( 'NONE',  ( -8.831963673597368114, 13.83297256814066145, -3.025679763291587054 ) ) ;
#6271 = UNCERTAINTY_MEASURE_WITH_UNIT (LENGTH_MEASURE( 1.000000000000000082E-05 ), #5687, 'distance_accuracy_value', 'NONE');
#6272 = CARTESIAN_POINT ( 'NONE',  ( -4.984049988696826361, 13.72796538812327505, 4.996313218409818013 ) ) ;
#6273 = CARTESIAN_POINT ( 'NONE',  ( -20.50000000000000000, 9.000000000000000000, 0.0000000000000000000 ) ) ;
#6274 = CARTESIAN_POINT ( 'NONE',  ( -6.717702804234930269, 5.962780418529450621, 4.730577650007673718 ) ) ;
#6275 = CARTESIAN_POINT ( 'NONE',  ( -12.18862888538993339, 5.825569032564319016, 4.745567330225237690 ) ) ;
#6276 =( NAMED_UNIT ( * ) SI_UNIT ( $, .STERADIAN. ) SOLID_ANGLE_UNIT ( ) );
#6277 = CARTESIAN_POINT ( 'NONE',  ( -10.13125189653952773, 14.99996709349432145, -2.485360816083347135 ) ) ;
#6278 = CARTESIAN_POINT ( 'NONE',  ( -12.77078418485065825, 3.424080806527144194, -1.230406070140540375 ) ) ;
#6279 = CARTESIAN_POINT ( 'NONE',  ( -8.210490225300411282, 4.385046302317617162, -3.362788332479213160 ) ) ;
#6280 = AXIS2_PLACEMENT_3D ( 'NONE', #7530, #4443, #6917 ) ;
#6281 = DIRECTION ( 'NONE',  ( -1.000000000000000000, 0.0000000000000000000, 0.0000000000000000000 ) ) ;
#6282 = CARTESIAN_POINT ( 'NONE',  ( -11.43814522412311874, 11.47603477046226850, 5.145541917980154700 ) ) ;
#6283 = DIRECTION ( 'NONE',  ( 0.0000000000000000000, 0.0000000000000000000, -1.000000000000000000 ) ) ;
#6284 = CARTESIAN_POINT ( 'NONE',  ( -9.437370289847883953, 4.336082515933638248, 3.293271637111425232 ) ) ;
#6285 = DIRECTION ( 'NONE',  ( -1.000000000000000000, 0.0000000000000000000, -0.0000000000000000000 ) ) ;
#6286 = CARTESIAN_POINT ( 'NONE',  ( -5.005487033897094484, 4.087207861799885045, -4.945376822296597474 ) ) ;
#6287 = DIRECTION ( 'NONE',  ( 0.0000000000000000000, -1.000000000000000000, 0.0000000000000000000 ) ) ;
#6289 = CARTESIAN_POINT ( 'NONE',  ( -12.36119928631927500, 14.69546080540666111, -0.4130219184165682678 ) ) ;
#6288 = CARTESIAN_POINT ( 'NONE',  ( -9.456251896539530577, 6.514639183916651533, -5.999967093494321446 ) ) ;
#6290 = CIRCLE ( 'NONE', #1881, 6.899999999999999467 ) ;
#6291 = DIRECTION ( 'NONE',  ( 0.0000000000000000000, 0.0000000000000000000, 1.000000000000000000 ) ) ;
#6292 = ORIENTED_EDGE ( 'NONE', *, *, #5656, .F. ) ;
#6293 = CARTESIAN_POINT ( 'NONE',  ( -8.519520937213416190, 8.715992771384399873, 5.702817814010892050 ) ) ;
#6294 = CARTESIAN_POINT ( 'NONE',  ( -10.65421048510711266, 14.50079183531235039, -1.159693280013717187 ) ) ;
#6295 = CARTESIAN_POINT ( 'NONE',  ( -5.950163377777665019, 11.05204850545977990, -5.638182059071901620 ) ) ;
#6296 = CARTESIAN_POINT ( 'NONE',  ( -7.527730956414802499, 5.393672727663688882, 4.416639678826261850 ) ) ;
#6298 = CARTESIAN_POINT ( 'NONE',  ( -11.82568376900234774, 4.057830928894625266, -2.860632066707734733 ) ) ;
#6297 = CARTESIAN_POINT ( 'NONE',  ( -13.65000189653953022, 9.000079442062618895, 5.999999999474079360 ) ) ;
#6299 = CARTESIAN_POINT ( 'NONE',  ( -5.100000000000001421, 3.934274476019310463, 4.830985915492879812 ) ) ;
#6300 = ORIENTED_EDGE ( 'NONE', *, *, #3998, .T. ) ;
#6301 = DIRECTION ( 'NONE',  ( 0.0000000000000000000, 0.0000000000000000000, 1.000000000000000000 ) ) ;
#6302 = CARTESIAN_POINT ( 'NONE',  ( -9.722266511642672526, 14.62853431716258790, 0.1170737710455258540 ) ) ;
#6303 = CIRCLE ( 'NONE', #2669, 3.400000000000000355 ) ;
#6304 = DIRECTION ( 'NONE',  ( 1.000000000000000000, -0.0000000000000000000, -0.0000000000000000000 ) ) ;
#6305 = CARTESIAN_POINT ( 'NONE',  ( -6.281251896539531643, 3.000032906505680774, 2.485360816083349800 ) ) ;
#6306 = CARTESIAN_POINT ( 'NONE',  ( -8.712501896539530222, 12.97325429635567140, 3.973149083243181945 ) ) ;
#6307 = PLANE ( 'NONE',  #699 ) ;
#6308 = EDGE_CURVE ( 'NONE', #2266, #6104, #4135, .T. ) ;
#6309 = VERTEX_POINT ( 'NONE', #3327 ) ;
#6310 = AXIS2_PLACEMENT_3D ( 'NONE', #7036, #7734, #913 ) ;
#6311 = CIRCLE ( 'NONE', #2810, 1.000000000000000222 ) ;
#6312 = B_SPLINE_CURVE_WITH_KNOTS ( 'NONE', 3,
 ( #999, #6476, #5283, #921, #958, #5322, #2046, #7697 ),
 .UNSPECIFIED., .F., .F.,
 ( 4, 2, 2, 4 ),
 ( 0.0000000000000000000, 0.0002602212837060881236, 0.0003903319255591322125, 0.0005204425674121762472 ),
 .UNSPECIFIED. ) ;
#6313 = CARTESIAN_POINT ( 'NONE',  ( -10.15085434418808852, 3.630452501271024701, 1.942396783406316718 ) ) ;
#6314 = CARTESIAN_POINT ( 'NONE',  ( -8.905597811389986518, 13.76591828668349571, -2.981544776311334299 ) ) ;
#6315 = DIRECTION ( 'NONE',  ( -0.0000000000000000000, 1.000000000000000000, -0.0000000000000000000 ) ) ;
#6316 = DIRECTION ( 'NONE',  ( -1.000000000000000000, -0.0000000000000000000, -0.0000000000000000000 ) ) ;
#6317 = CARTESIAN_POINT ( 'NONE',  ( -6.865743010665254609, 11.48528843008291034, 5.051730969216004397 ) ) ;
#6318 = CARTESIAN_POINT ( 'NONE',  ( -11.95564085016628475, 4.438342991314067731, -3.433456009343498927 ) ) ;
#6319 = AXIS2_PLACEMENT_3D ( 'NONE', #4725, #6634, #4792 ) ;
#6320 = B_SPLINE_CURVE_WITH_KNOTS ( 'NONE', 3,
 ( #5014, #1369, #615, #3702, #773, #3241, #163, #52 ),
 .UNSPECIFIED., .F., .F.,
 ( 4, 2, 2, 4 ),
 ( 0.0000000000000000000, 0.0003732402780617619814, 0.0005598604170926423486, 0.0007464805561235226617 ),
 .UNSPECIFIED. ) ;
#6321 = CARTESIAN_POINT ( 'NONE',  ( -12.74358889604993017, 3.746979595033229860, -2.237930601831207067 ) ) ;
#6322 = CARTESIAN_POINT ( 'NONE',  ( -8.184408942668934372, 5.092973832640771192, -4.164295549676642061 ) ) ;
#6323 = CARTESIAN_POINT ( 'NONE',  ( -5.900000000000001243, 9.000000000000000000, 0.0000000000000000000 ) ) ;
#6324 = CARTESIAN_POINT ( 'NONE',  ( -11.15062997534240452, 4.135036935379138967, 2.817017456677305187 ) ) ;
#6325 = CARTESIAN_POINT ( 'NONE',  ( -9.358543485299410492, 3.305444110747927322, 0.4120825132350111053 ) ) ;
#6326 = CYLINDRICAL_SURFACE ( 'NONE', #1346, 7.000000000000000000 ) ;
#6327 = CARTESIAN_POINT ( 'NONE',  ( -5.000000000000002665, 4.352419984550831344, -5.099999999999913491 ) ) ;
#6328 = DIRECTION ( 'NONE',  ( 0.0000000000000000000, -0.0000000000000000000, -1.000000000000000000 ) ) ;
#6330 = CARTESIAN_POINT ( 'NONE',  ( -12.47992532012681366, 14.21293566716067502, -2.104459658862524840 ) ) ;
#6329 = CARTESIAN_POINT ( 'NONE',  ( -11.31250189653952987, 4.757303139231405353, -4.242584512726213397 ) ) ;
#6331 = CARTESIAN_POINT ( 'NONE',  ( -4.900000000000036771, 13.73475127294517861, 5.000000000000000000 ) ) ;
#6332 = ORIENTED_EDGE ( 'NONE', *, *, #7518, .F. ) ;
#6333 = CARTESIAN_POINT ( 'NONE',  ( -8.854825737111397643, 13.29516057520853956, -3.762263620935436315 ) ) ;
#6334 = CARTESIAN_POINT ( 'NONE',  ( -10.37104448657980171, 10.76568602725239643, 5.430273159953607376 ) ) ;
#6335 = CARTESIAN_POINT ( 'NONE',  ( -12.30000009850236431, 8.999999999999998224, -5.999999999999998224 ) ) ;
#6336 = CARTESIAN_POINT ( 'NONE',  ( -7.465150240781528446, 4.220625822711530084, -3.124592502049525766 ) ) ;
#6338 = CARTESIAN_POINT ( 'NONE',  ( -11.92049450666137744, 5.446210566580030665, -4.469634223676602680 ) ) ;
#6337 = CARTESIAN_POINT ( 'NONE',  ( -13.42500189653953058, 3.000000000525919752, 7.944206261983304126E-05 ) ) ;
#6339 = ORIENTED_EDGE ( 'NONE', *, *, #7858, .F. ) ;
#6340 = DIRECTION ( 'NONE',  ( 0.0000000000000000000, 0.0000000000000000000, 1.000000000000000000 ) ) ;
#6341 = EDGE_LOOP ( 'NONE', ( #7972, #5430, #5403 ) ) ;
#6342 = CARTESIAN_POINT ( 'NONE',  ( -6.856251896539530044, 11.32752206074611578, 5.618924899550870045 ) ) ;
#6343 = CARTESIAN_POINT ( 'NONE',  ( -9.836261657334057773, 10.59184348687126764, -5.483764818405874486 ) ) ;
#6344 =( BOUNDED_SURFACE ( )  B_SPLINE_SURFACE ( 3, 2, ( 
 ( #2651, #6194, #3850 ),
 ( #5743, #644, #122 ),
 ( #1287, #763, #683 ),
 ( #1399, #796, #5076 ),
 ( #3113, #1320, #1888 ),
 ( #2544, #5039, #5581 ),
 ( #7459, #3810, #84 ),
 ( #42, #6272, #5701 ),
 ( #4378, #3888, #3774 ),
 ( #3150, #5624, #2582 ) ),
 .UNSPECIFIED., .F., .F., .T. ) 
 B_SPLINE_SURFACE_WITH_KNOTS ( ( 4, 2, 2, 2, 4 ),
 ( 3, 3 ),
 ( 0.0001009644754517381379, 0.0002516085180240736226, 0.0004022525605964091073, 0.0005528966031687445378, 0.0007035406457410800767 ),
 ( 0.0000000000000000000, 1.000000000000000000 ),
 .UNSPECIFIED. ) 
 GEOMETRIC_REPRESENTATION_ITEM ( )  RATIONAL_B_SPLINE_SURFACE ( (
 ( 1.000000000000000000, 0.7071067811866336150, 1.000000000000000000),
 ( 1.000000000000000000, 0.7515729716891299539, 1.000000000000000000),
 ( 1.000000000000000000, 0.7744116645454364178, 1.000000000000000000),
 ( 1.000000000000000000, 0.7990374733668696994, 1.000000000000000000),
 ( 1.000000000000000000, 0.8019013641208596610, 1.000000000000000000),
 ( 1.000000000000000000, 0.8032085036204561490, 1.000000000000000000),
 ( 1.000000000000000000, 0.8012036284895877047, 1.000000000000000000),
 ( 1.000000000000000000, 0.7757703687069278375, 1.000000000000000000),
 ( 1.000000000000000000, 0.7512810074924133330, 1.000000000000000000),
 ( 1.000000000000000000, 0.7071067811868542163, 1.000000000000000000) ) ) 
 REPRESENTATION_ITEM ( '' )  SURFACE ( )  );
#6345 = CARTESIAN_POINT ( 'NONE',  ( -11.03125189653952987, 14.99996709349432145, -2.485360816083348023 ) ) ;
#6346 = CARTESIAN_POINT ( 'NONE',  ( -6.393751896539531465, 6.514798068041888435, 6.000032905453838161 ) ) ;
#6347 = ORIENTED_EDGE ( 'NONE', *, *, #3437, .T. ) ;
#6348 = CARTESIAN_POINT ( 'NONE',  ( -9.975241505293245936, 5.380127416770944748, -4.415796336467413319 ) ) ;
#6349 = CARTESIAN_POINT ( 'NONE',  ( -9.094379256334150341, 4.799055895690146123, -3.867533583196471447 ) ) ;
#6350 = ADVANCED_FACE ( 'NONE', ( #7757 ), #2144, .T. ) ;
#6351 = FACE_OUTER_BOUND ( 'NONE', #7786, .T. ) ;
#6352 = CARTESIAN_POINT ( 'NONE',  ( -9.543750843279518392, 11.48523483828331848, -6.000000000000000888 ) ) ;
#6353 = CARTESIAN_POINT ( 'NONE',  ( -7.120467300240229669, 13.43199151457364771, -3.458478612159913368 ) ) ;
#6354 = CARTESIAN_POINT ( 'NONE',  ( -11.59404531733420640, 14.70639881068987798, 0.1913602519261710655 ) ) ;
#6355 = SURFACE_STYLE_USAGE ( .BOTH. , #6927 ) ;
#6356 = CARTESIAN_POINT ( 'NONE',  ( -13.88750189653953093, 5.026850916756816723, 3.973254296355670956 ) ) ;
#6357 = CARTESIAN_POINT ( 'NONE',  ( -11.87118375447409235, 3.420897069728238371, -1.214957426583808342 ) ) ;
#6358 = CARTESIAN_POINT ( 'NONE',  ( -8.201506475387086326, 4.606964171361418003, -3.647942306107211596 ) ) ;
#6359 = CARTESIAN_POINT ( 'NONE',  ( -6.508133027101309587, 3.297142839983485452, 0.2873816109919833939 ) ) ;
#6360 = ADVANCED_FACE ( 'NONE', ( #4658 ), #2161, .T. ) ;
#6361 = CARTESIAN_POINT ( 'NONE',  ( -11.24850315788343735, 7.014500909474581825, 5.268229174424794437 ) ) ;
#6362 = CARTESIAN_POINT ( 'NONE',  ( -6.257033286354062973, 9.791154689871522265, -5.655095065421094525 ) ) ;
#6363 = CARTESIAN_POINT ( 'NONE',  ( -9.799319429901920842, 14.70169808373183962, -0.02799644444524040238 ) ) ;
#6364 = DIRECTION ( 'NONE',  ( 0.0000000000000000000, 0.0000000000000000000, -1.000000000000000000 ) ) ;
#6365 = CARTESIAN_POINT ( 'NONE',  ( -5.099999962588314339, 3.968457498442076403, -4.866829905147200819 ) ) ;
#6366 = CARTESIAN_POINT ( 'NONE',  ( -24.00000000000000000, 9.000000000000000000, 0.0000000000000000000 ) ) ;
#6368 = CARTESIAN_POINT ( 'NONE',  ( -12.74840089122843168, 5.446983141477072188, -4.367183944723042721 ) ) ;
#6367 = DIRECTION ( 'NONE',  ( 1.000000000000000000, -0.0000000000000000000, -0.0000000000000000000 ) ) ;
#6369 = CYLINDRICAL_SURFACE ( 'NONE', #3951, 0.5999999999999980904 ) ;
#6370 = ORIENTED_EDGE ( 'NONE', *, *, #3847, .F. ) ;
#6371 = DIRECTION ( 'NONE',  ( 0.0000000000000000000, 0.0000000000000000000, 1.000000000000000000 ) ) ;
#6372 = CARTESIAN_POINT ( 'NONE',  ( -8.324561023267810000, 3.369172459053943136, 0.9470827189917639943 ) ) ;
#6373 = CARTESIAN_POINT ( 'NONE',  ( -10.47228637651361183, 11.70807337842613904, 4.935948607492755436 ) ) ;
#6374 = CARTESIAN_POINT ( 'NONE',  ( -7.064565936869945162, 14.57281369485126987, 1.379422767895805535 ) ) ;
#6375 = CARTESIAN_POINT ( 'NONE',  ( -7.507691200427005995, 3.521040296177848195, 1.294671609185503058 ) ) ;
#6376 = CARTESIAN_POINT ( 'NONE',  ( -9.737501896539528801, 4.757415487273786603, 4.242696860768593758 ) ) ;
#6377 = CARTESIAN_POINT ( 'NONE',  ( -11.84685968069847384, 5.494835047594386346, -4.405614087277772484 ) ) ;
#6378 = CARTESIAN_POINT ( 'NONE',  ( -5.000000000000001776, 15.09999999999999964, -3.224903099319424538 ) ) ;
#6379 = CARTESIAN_POINT ( 'NONE',  ( -8.600001896539529511, 9.000074396905310081, 5.618955715758048086 ) ) ;
#6380 = CARTESIAN_POINT ( 'NONE',  ( -10.01050713322367969, 9.546585409721544124, -5.684154542331482318 ) ) ;
#6381 = CARTESIAN_POINT ( 'NONE',  ( -19.80000000000000071, 4.183362168483081511, 0.9000000000000003553 ) ) ;
#6383 = CARTESIAN_POINT ( 'NONE',  ( -7.700001896539530044, 9.000074396905310081, 5.618955715758048086 ) ) ;
#6382 = CARTESIAN_POINT ( 'NONE',  ( -19.08064709578803431, 4.130633797019337194, 0.5534035980051194015 ) ) ;
#6384 = MECHANICAL_DESIGN_GEOMETRIC_PRESENTATION_REPRESENTATION (  '', ( #4445 ), #5466 ) ;
#6385 = CARTESIAN_POINT ( 'NONE',  ( -19.80000000000000071, -4.000999999999999446, 0.9000000000000003553 ) ) ;
#6386 = ORIENTED_EDGE ( 'NONE', *, *, #4949, .T. ) ;
#6387 = CARTESIAN_POINT ( 'NONE',  ( -9.966536026950791438, 5.657032722733409180, -4.629199507891130771 ) ) ;
#6388 = CARTESIAN_POINT ( 'NONE',  ( -9.179557558910946824, 6.828150731025464104, -5.281274923107007524 ) ) ;
#6389 =( BOUNDED_CURVE ( )  B_SPLINE_CURVE ( 2, ( #5994, #6076, #4227, #2995, #2388, #7222, #2309, #1661, #1696, #4186, #3570 ),
 .UNSPECIFIED., .F., .T. ) 
 B_SPLINE_CURVE_WITH_KNOTS ( ( 3, 2, 2, 2, 2, 3 ),
 ( 0.5555557958238893645, 0.5694444444444444198, 0.5833333333333333703, 0.5972222222222222099, 0.6111111111111111605, 0.6111113513794449448 ),
 .UNSPECIFIED. ) 
 CURVE ( )  GEOMETRIC_REPRESENTATION_ITEM ( )  RATIONAL_B_SPLINE_CURVE ( ( 0.9999973663809044178, 0.9238808493436148073, 1.000000000000000000, 0.9238795325112867385, 1.000000000000000000, 0.9238795325112867385, 1.000000000000000000, 0.9238795325112867385, 1.000000000000000000, 0.9999986831676719312, 0.9999973663809044178 ) ) 
 REPRESENTATION_ITEM ( '' )  );
#6390 = CARTESIAN_POINT ( 'NONE',  ( -5.000000000000003553, 15.08599878523492421, -3.285272585679773094 ) ) ;
#6391 = DIRECTION ( 'NONE',  ( 0.0000000000000000000, 0.0000000000000000000, 1.000000000000000000 ) ) ;
#6392 = CARTESIAN_POINT ( 'NONE',  ( -7.059942255730985217, 13.14550100884413197, -3.914960000581540367 ) ) ;
#6393 = CARTESIAN_POINT ( 'NONE',  ( -11.43878134732950969, 11.49799723150992570, 5.134110208348655391 ) ) ;
#6394 = VECTOR ( 'NONE', #5054, 1000.000000000000000 ) ;
#6395 = ORIENTED_EDGE ( 'NONE', *, *, #2340, .T. ) ;
#6396 = CARTESIAN_POINT ( 'NONE',  ( -7.487501896539529689, 13.24258451272621073, -4.242696860768593758 ) ) ;
#6397 = EDGE_CURVE ( 'NONE', #2444, #4716, #4247, .T. ) ;
#6398 = CARTESIAN_POINT ( 'NONE',  ( -12.21068850020890473, 12.14902427791454720, 4.753391613337512034 ) ) ;
#6399 = CARTESIAN_POINT ( 'NONE',  ( -8.477049241980006755, 4.734520788589112961, 3.661845893919805306 ) ) ;
#6400 = CARTESIAN_POINT ( 'NONE',  ( -11.34927327974732236, 8.007162136996653246, 5.623171025727986105 ) ) ;
#6401 = VECTOR ( 'NONE', #1457, 1000.000000000000000 ) ;
#6402 = CARTESIAN_POINT ( 'NONE',  ( -6.430179450022417420, 8.728684605782778050, -5.695493053338060996 ) ) ;
#6403 = CARTESIAN_POINT ( 'NONE',  ( -9.721332825089904262, 13.93585657173765036, 2.929977062608330129 ) ) ;
#6404 = CARTESIAN_POINT ( 'NONE',  ( -19.80000000000000071, 3.199999999999999734, 0.0000000000000000000 ) ) ;
#6405 = CARTESIAN_POINT ( 'NONE',  ( -5.000000000000014211, 14.09940465540706533, -4.920284130145629042 ) ) ;
#6406 = CARTESIAN_POINT ( 'NONE',  ( -8.587501896539530222, 13.24258451272621073, -4.242696860768593758 ) ) ;
#6408 = CARTESIAN_POINT ( 'NONE',  ( -12.76760157729253287, 7.264079513115635933, -5.440189233627665821 ) ) ;
#6407 = CARTESIAN_POINT ( 'NONE',  ( -7.600001896539529511, 8.999920557937377552, -5.999999999474079360 ) ) ;
#6409 = EDGE_CURVE ( 'NONE', #7225, #7488, #3464, .T. ) ;
#6410 = EDGE_CURVE ( 'NONE', #4321, #1551, #934, .T. ) ;
#6411 = ORIENTED_EDGE ( 'NONE', *, *, #2789, .F. ) ;
#6412 = STYLED_ITEM ( 'NONE', ( #4493 ), #5026 ) ;
#6413 = CARTESIAN_POINT ( 'NONE',  ( -13.00000000000000178, 9.000000000000000000, 4.899999999999999467 ) ) ;
#6414 = CARTESIAN_POINT ( 'NONE',  ( -8.061154695158712968, 9.626656249643357199, -5.675481507240887069 ) ) ;
#6415 = CARTESIAN_POINT ( 'NONE',  ( -10.42539709831658179, 12.62156966652388590, 4.404140436043735285 ) ) ;
#6416 = CARTESIAN_POINT ( 'NONE',  ( -7.002890633342014226, 13.49458892060179416, 3.521081059216602860 ) ) ;
#6417 = CARTESIAN_POINT ( 'NONE',  ( -7.532195336506037897, 5.534836018955295422, 4.528226477006513484 ) ) ;
#6418 = FACE_OUTER_BOUND ( 'NONE', #967, .T. ) ;
#6420 = CARTESIAN_POINT ( 'NONE',  ( -12.08463367689863510, 3.481331018497025642, 1.434056100986214499 ) ) ;
#6419 = CARTESIAN_POINT ( 'NONE',  ( -9.262501896539530932, 13.24269686076859287, 4.242584512726212509 ) ) ;
#6421 = DIRECTION ( 'NONE',  ( 8.673617379884087537E-15, 1.000000000000000000, 0.0000000000000000000 ) ) ;
#6422 = EDGE_CURVE ( 'NONE', #640, #2785, #2060, .T. ) ;
#6423 = VERTEX_POINT ( 'NONE', #286 ) ;
#6424 = CARTESIAN_POINT ( 'NONE',  ( -7.643751896539529689, 6.672626733064500826, 5.618986531965226128 ) ) ;
#6425 = AXIS2_PLACEMENT_3D ( 'NONE', #1300, #6287, #6328 ) ;
#6426 = CARTESIAN_POINT ( 'NONE',  ( -9.871789710119033501, 9.187017509249356451, -5.707055419165341092 ) ) ;
#6427 = DIRECTION ( 'NONE',  ( -0.0000000000000000000, -1.000000000000000000, -0.0000000000000000000 ) ) ;
#6429 = CARTESIAN_POINT ( 'NONE',  ( -7.193751896539532176, 11.32737326693549385, -5.618986531965227016 ) ) ;
#6428 = FACE_OUTER_BOUND ( 'NONE', #937, .T. ) ;
#6430 = CARTESIAN_POINT ( 'NONE',  ( -13.04229979305072895, 6.794434771616136182, 5.179845928758631146 ) ) ;
#6431 = ORIENTED_EDGE ( 'NONE', *, *, #962, .F. ) ;
#6432 = VECTOR ( 'NONE', #3486, 1000.000000000000000 ) ;
#6433 = CARTESIAN_POINT ( 'NONE',  ( -10.00063374547825745, 4.629901855515863751, -3.675072562405983678 ) ) ;
#6434 = CARTESIAN_POINT ( 'NONE',  ( -9.188720912784859252, 6.503897956579852035, -5.135658804164528135 ) ) ;
#6435 = UNCERTAINTY_MEASURE_WITH_UNIT (LENGTH_MEASURE( 1.000000000000000082E-05 ), #3439, 'distance_accuracy_value', 'NONE');
#6436 = CARTESIAN_POINT ( 'NONE',  ( -12.97500189653952951, 14.99999999947407936, -7.944206262056783218E-05 ) ) ;
#6437 = CARTESIAN_POINT ( 'NONE',  ( -13.00000000000000178, 9.000000000000000000, -6.000000000000000000 ) ) ;
#6438 = CARTESIAN_POINT ( 'NONE',  ( -6.992317809694132080, 13.21741883893208325, 3.849925941432766674 ) ) ;
#6439 = CARTESIAN_POINT ( 'NONE',  ( -12.37083459898834725, 12.56114239784867692, 4.452915056067111799 ) ) ;
#6440 = ORIENTED_EDGE ( 'NONE', *, *, #4637, .T. ) ;
#6441 = CARTESIAN_POINT ( 'NONE',  ( -12.36875189653953200, 14.61898653196522524, 2.327373266935493845 ) ) ;
#6442 =( BOUNDED_SURFACE ( )  B_SPLINE_SURFACE ( 3, 2, ( 
 ( #6862, #6937, #2561 ),
 ( #657, #2018, #6365 ),
 ( #7546, #5678, #1413 ),
 ( #3823, #1977, #2518 ),
 ( #5016, #6286, #2477 ),
 ( #7430, #1861, #1373 ),
 ( #1941, #4502, #5716 ),
 ( #3785, #3863, #4976 ),
 ( #7472, #4394, #739 ),
 ( #4352, #3206, #6327 ) ),
 .UNSPECIFIED., .F., .F., .F. ) 
 B_SPLINE_SURFACE_WITH_KNOTS ( ( 4, 2, 2, 2, 4 ),
 ( 3, 3 ),
 ( 0.0001009644754517377991, 0.0002516085180240741105, 0.0004022525605964104626, 0.0005528966031687468146, 0.0007035406457410831125 ),
 ( 0.0000000000000000000, 1.000000000000000000 ),
 .UNSPECIFIED. ) 
 GEOMETRIC_REPRESENTATION_ITEM ( )  RATIONAL_B_SPLINE_SURFACE ( (
 ( 1.000000000000000000, 0.7071067811866359465, 1.000000000000000000),
 ( 1.000000000000000000, 0.7515729716891760281, 1.000000000000000000),
 ( 1.000000000000000000, 0.7744116645453725800, 1.000000000000000000),
 ( 1.000000000000000000, 0.7990374733669345364, 1.000000000000000000),
 ( 1.000000000000000000, 0.8019013641209027377, 1.000000000000000000),
 ( 1.000000000000000000, 0.8032085036204101858, 1.000000000000000000),
 ( 1.000000000000000000, 0.8012036284895767135, 1.000000000000000000),
 ( 1.000000000000000000, 0.7757703687069388288, 1.000000000000000000),
 ( 1.000000000000000000, 0.7512810074924051174, 1.000000000000000000),
 ( 1.000000000000000000, 0.7071067811868511077, 1.000000000000000000) ) ) 
 REPRESENTATION_ITEM ( '' )  SURFACE ( )  );
#6443 = CARTESIAN_POINT ( 'NONE',  ( -11.80403361894719616, 4.550337218437826792, -3.565328774927383648 ) ) ;
#6444 = CARTESIAN_POINT ( 'NONE',  ( -8.343265849030796488, 3.520300927543247305, -1.255376036259869821 ) ) ;
#6445 = CARTESIAN_POINT ( 'NONE',  ( -11.14285468210005270, 5.880803914952542399, 4.773093015373753190 ) ) ;
#6446 = CARTESIAN_POINT ( 'NONE',  ( -12.55000009850236609, 9.000000000000000000, 5.999999999999998224 ) ) ;
#6447 = CARTESIAN_POINT ( 'NONE',  ( -6.502320838921609614, 6.038210049268521118, -4.881935253128796504 ) ) ;
#6448 = CARTESIAN_POINT ( 'NONE',  ( -10.55054907304890932, 11.90198400427502712, 4.917075341421019985 ) ) ;
#6449 = DIRECTION ( 'NONE',  ( -0.0000000000000000000, -1.000000000000000000, -0.0000000000000000000 ) ) ;
#6450 = PLANE ( 'NONE',  #2940 ) ;
#6452 = CARTESIAN_POINT ( 'NONE',  ( -12.66133041044145635, 5.829818314247692257, -4.739438823723745031 ) ) ;
#6451 = CARTESIAN_POINT ( 'NONE',  ( -8.668751896539529156, 2.999967094546160951, -2.485201931958109345 ) ) ;
#6453 = FACE_OUTER_BOUND ( 'NONE', #7552, .T. ) ;
#6454 = ORIENTED_EDGE ( 'NONE', *, *, #6160, .T. ) ;
#6455 = CARTESIAN_POINT ( 'NONE',  ( -7.955133139722796898, 13.27903315371142057, -3.768478134553152614 ) ) ;
#6456 = CARTESIAN_POINT ( 'NONE',  ( -10.63210706854414411, 14.62216340840250162, -0.2927340629302013775 ) ) ;
#6457 = PRESENTATION_STYLE_ASSIGNMENT (( #5140 ) ) ;
#6458 = ADVANCED_FACE ( 'NONE', ( #3409, #2019 ), #971, .T. ) ;
#6459 = CARTESIAN_POINT ( 'NONE',  ( -7.352706328112499357, 7.830989579105194665, -5.580608381758145775 ) ) ;
#6460 = CARTESIAN_POINT ( 'NONE',  ( -7.749022202691713268, 10.89659207612774239, 5.300776381254149072 ) ) ;
#6461 = CARTESIAN_POINT ( 'NONE',  ( -4.900000000002045830, 4.265242646958959050, 5.000000000005703882 ) ) ;
#6462 = CARTESIAN_POINT ( 'NONE',  ( -10.16250189653953129, 13.24269686076859287, 4.242584512726212509 ) ) ;
#6463 = ORIENTED_EDGE ( 'NONE', *, *, #1700, .F. ) ;
#6464 = PLANE ( 'NONE',  #6137 ) ;
#6465 = ORIENTED_EDGE ( 'NONE', *, *, #6716, .F. ) ;
#6466 = LINE ( 'NONE', #7682, #7965 ) ;
#6467 = CARTESIAN_POINT ( 'NONE',  ( -9.789262308328122941, 14.06883691336604869, -2.431107070165649642 ) ) ;
#6468 = EDGE_CURVE ( 'NONE', #4337, #3916, #5091, .T. ) ;
#6470 = CARTESIAN_POINT ( 'NONE',  ( -7.081251896539530577, 14.61892489955086916, -2.327522060746116672 ) ) ;
#6469 = CYLINDRICAL_SURFACE ( 'NONE', #3343, 6.000000000000000000 ) ;
#6471 = CARTESIAN_POINT ( 'NONE',  ( -5.019841752337006469, 15.04266182573544697, -3.458542714141043195 ) ) ;
#6472 = EDGE_LOOP ( 'NONE', ( #1553, #5347 ) ) ;
#6473 = DIRECTION ( 'NONE',  ( -1.000000000000000000, 0.0000000000000000000, 0.0000000000000000000 ) ) ;
#6474 = CARTESIAN_POINT ( 'NONE',  ( -9.754599200106300216, 13.30126617745971984, -3.755286964136993255 ) ) ;
#6475 = CARTESIAN_POINT ( 'NONE',  ( -9.059525957942019758, 5.889292248012753639, -4.778663554013466097 ) ) ;
#6476 = CARTESIAN_POINT ( 'NONE',  ( -5.100000000000012079, 3.994161605638264056, 4.893782985568320143 ) ) ;
#6477 = LINE ( 'NONE', #6437, #6960 ) ;
#6478 = CARTESIAN_POINT ( 'NONE',  ( -7.010034664906171109, 13.66581678459079008, 3.292223355833739706 ) ) ;
#6479 = CARTESIAN_POINT ( 'NONE',  ( -12.80214441276915061, 6.044388165905306920, -4.884895670711137505 ) ) ;
#6480 = ORIENTED_EDGE ( 'NONE', *, *, #802, .T. ) ;
#6481 = CARTESIAN_POINT ( 'NONE',  ( -6.700001896539530044, 8.999920557937377552, -5.999999999474078471 ) ) ;
#6482 = CARTESIAN_POINT ( 'NONE',  ( -11.97687887319764855, 4.056817000196939027, 2.857953721094944388 ) ) ;
#6483 = CARTESIAN_POINT ( 'NONE',  ( -8.403237594983240299, 3.585985700534107146, -1.789073779059352942 ) ) ;
#6484 = CARTESIAN_POINT ( 'NONE',  ( -20.50000000000000000, 9.000000000000000000, 1.000000000000000222 ) ) ;
#6485 = CARTESIAN_POINT ( 'NONE',  ( -6.310795525269420558, 10.53402089773762285, -5.406178862815466779 ) ) ;
#6486 = CARTESIAN_POINT ( 'NONE',  ( -10.14409121971601380, 4.734527516677696113, -3.795416118681049777 ) ) ;
#6487 = DIRECTION ( 'NONE',  ( 1.000000000000000000, -0.0000000000000000000, -0.0000000000000000000 ) ) ;
#6488 = CARTESIAN_POINT ( 'NONE',  ( -6.000000000000001776, 9.000000000000000000, 0.0000000000000000000 ) ) ;
#6489 = CARTESIAN_POINT ( 'NONE',  ( -6.756251896539530399, 6.514639183916651533, -5.999967093494321446 ) ) ;
#6490 = EDGE_LOOP ( 'NONE', ( #4689, #7033, #7306, #4060 ) ) ;
#6491 = CARTESIAN_POINT ( 'NONE',  ( -20.25289416379995089, 13.83667624614693281, -0.7865355672232043904 ) ) ;
#6492 = CARTESIAN_POINT ( 'NONE',  ( -8.043485509578777837, 10.31847894876625205, -5.555665992486494176 ) ) ;
#6493 = CARTESIAN_POINT ( 'NONE',  ( -10.82050940452757359, 10.17351269269684799, -5.506177740040529400 ) ) ;
#6494 = CYLINDRICAL_SURFACE ( 'NONE', #182, 3.300000000000000266 ) ;
#6495 = CARTESIAN_POINT ( 'NONE',  ( -7.555555147251318715, 3.297922900216380349, 0.2898035648418022525 ) ) ;
#6496 = CARTESIAN_POINT ( 'NONE',  ( -7.769435349625252840, 8.821953871491009735, 5.699160249012237500 ) ) ;
#6497 = CARTESIAN_POINT ( 'NONE',  ( -6.650163340891513286, 11.05204992168750877, -5.638181543627544201 ) ) ;
#6499 = CARTESIAN_POINT ( 'NONE',  ( -11.95105385648931851, 3.632907842015601574, 1.949753095300131411 ) ) ;
#6498 = CARTESIAN_POINT ( 'NONE',  ( -11.06250189653952987, 13.24269686076859287, 4.242584512726212509 ) ) ;
#6500 = VERTEX_POINT ( 'NONE', #328 ) ;
#6501 = FACE_OUTER_BOUND ( 'NONE', #7476, .T. ) ;
#6502 = CARTESIAN_POINT ( 'NONE',  ( -8.193750843279522300, 6.514765161716677966, 5.999999999999998224 ) ) ;
#6503 = ADVANCED_FACE ( 'NONE', ( #7018 ), #2708, .T. ) ;
#6504 = CARTESIAN_POINT ( 'NONE',  ( -9.781718621487744514, 12.48360479256659339, -4.524449466839996603 ) ) ;
#6505 = CARTESIAN_POINT ( 'NONE',  ( -10.75000189653952809, 9.000079442062618895, 5.999999999474079360 ) ) ;
#6507 = CARTESIAN_POINT ( 'NONE',  ( -11.85000189653953129, 9.000079442062618895, 5.999999999474079360 ) ) ;
#6506 = CARTESIAN_POINT ( 'NONE',  ( 3.999999999999996447, 0.5000000000000004441, -4.000000000000000000 ) ) ;
#6508 = CARTESIAN_POINT ( 'NONE',  ( -5.003737773743273110, 15.07240068173629943, -3.343984394949387706 ) ) ;
#6509 = ORIENTED_EDGE ( 'NONE', *, *, #2538, .F. ) ;
#6510 = ADVANCED_FACE ( 'NONE', ( #5256 ), #6450, .F. ) ;
#6511 =( NAMED_UNIT ( * ) PLANE_ANGLE_UNIT ( ) SI_UNIT ( $, .RADIAN. ) );
#6512 = CARTESIAN_POINT ( 'NONE',  ( -8.915901590849053093, 11.33352140835733302, -5.211520758550252985 ) ) ;
#6513 = CARTESIAN_POINT ( 'NONE',  ( -8.987222533100693411, 8.548752923959675343, -5.684064912417269966 ) ) ;
#6514 = B_SPLINE_CURVE_WITH_KNOTS ( 'NONE', 3,
 ( #5919, #1536, #369, #4733, #4185, #7221, #4657, #6644, #1660, #3485, #5953, #1695, #1050, #2956, #5376, #7873, #7264, #3569, #6032, #5418, #1248, #7464, #3615, #7423 ),
 .UNSPECIFIED., .F., .F.,
 ( 4, 2, 2, 2, 2, 2, 2, 2, 2, 2, 2, 4 ),
 ( 0.002933124460052263273, 0.004350844954243883109, 0.005059705201339692593, 0.005768565448435502077, 0.006477425695531312429, 0.007186285942627121913, 0.008604006436818741749, 0.009312866683914549498, 0.01002172693101035725, 0.01143944742520197622, 0.01285716791939359518, 0.01427488841358521762 ),
 .UNSPECIFIED. ) ;
#6515 = CARTESIAN_POINT ( 'NONE',  ( -13.00000000000000178, 9.000000000000000000, -1.000000000000000222 ) ) ;
#6516 = CARTESIAN_POINT ( 'NONE',  ( -10.63750189653953093, 4.757415487273786603, 4.242696860768593758 ) ) ;
#6517 = COLOUR_RGB ( '',0.5568627450980392357, 0.5568627450980392357, 0.5568627450980392357 ) ;
#6518 = CARTESIAN_POINT ( 'NONE',  ( -7.099741262578887380, 14.70998111796892616, -0.04912360549998889131 ) ) ;
#6519 = CARTESIAN_POINT ( 'NONE',  ( -12.60358084531541500, 13.25597271151198520, -3.806147686977453315 ) ) ;
#6520 = DIRECTION ( 'NONE',  ( -1.000000000000000000, -0.0000000000000000000, -0.0000000000000000000 ) ) ;
#6521 = ORIENTED_EDGE ( 'NONE', *, *, #3586, .T. ) ;
#6522 = CARTESIAN_POINT ( 'NONE',  ( -6.650163385130714921, 11.05204822314266089, -5.638182161822819616 ) ) ;
#6523 = VECTOR ( 'NONE', #5070, 1000.000000000000000 ) ;
#6524 = CARTESIAN_POINT ( 'NONE',  ( -12.27590282919509868, 13.94606003506818581, 2.853049985726112681 ) ) ;
#6525 = CARTESIAN_POINT ( 'NONE',  ( -8.424734404873653659, 5.296899928069687569, 4.346629258396805362 ) ) ;
#6526 = CARTESIAN_POINT ( 'NONE',  ( -4.900000000000001243, 4.352419984550751408, -5.000000000000000888 ) ) ;
#6527 = CARTESIAN_POINT ( 'NONE',  ( 0.0000000000000000000, 10.00000000000000000, -3.300000000000000266 ) ) ;
#6528 = CARTESIAN_POINT ( 'NONE',  ( -9.903320106314870586, 13.26387168225950752, -3.797026751373782538 ) ) ;
#6529 = CARTESIAN_POINT ( 'NONE',  ( 4.899999999999998579, 14.90000000000000036, 4.899999999999998579 ) ) ;
#6530 = CARTESIAN_POINT ( 'NONE',  ( -5.000000000000001776, 15.00000000000000000, -4.900000000000000355 ) ) ;
#6531 = VECTOR ( 'NONE', #3385, 1000.000000000000000 ) ;
#6532 = CARTESIAN_POINT ( 'NONE',  ( -7.206251896539529689, 11.48536081608334491, 5.999967093494319670 ) ) ;
#6533 = DIRECTION ( 'NONE',  ( 1.000000000000000000, -0.0000000000000000000, -0.0000000000000000000 ) ) ;
#6534 = ORIENTED_EDGE ( 'NONE', *, *, #1744, .F. ) ;
#6535 = CIRCLE ( 'NONE', #2636, 0.5999999999999998668 ) ;
#6536 = CARTESIAN_POINT ( 'NONE',  ( -7.950833507934029321, 13.39278426422285584, -3.635178150164705801 ) ) ;
#6537 = CARTESIAN_POINT ( 'NONE',  ( -10.75973694589652041, 14.20136733055370470, -2.356118328284967589 ) ) ;
#6538 = CARTESIAN_POINT ( 'NONE',  ( -8.047454362124984328, 14.37908362620372671, -1.914263249774703191 ) ) ;
#6539 = CARTESIAN_POINT ( 'NONE',  ( -7.622164448828178784, 8.825466459425193477, 5.699267711668302816 ) ) ;
#6540 = CARTESIAN_POINT ( 'NONE',  ( -4.970761254639463722, 4.016296154269336505, 4.973446464911229548 ) ) ;
#6542 = CARTESIAN_POINT ( 'NONE',  ( -12.06706436345042377, 6.707617878256610489, 5.230014047883971173 ) ) ;
#6541 = CARTESIAN_POINT ( 'NONE',  ( -10.21875189653953342, 15.00003290545384260, 2.485201931958106236 ) ) ;
#6543 = ORIENTED_EDGE ( 'NONE', *, *, #4485, .T. ) ;
#6544 = LINE ( 'NONE', #2721, #568 ) ;
#6545 = CARTESIAN_POINT ( 'NONE',  ( -19.80000000000000071, 3.199999999999999734, 0.0000000000000000000 ) ) ;
#6546 = CARTESIAN_POINT ( 'NONE',  ( -9.979154750165468712, 5.258314379409503303, -4.313454150029324197 ) ) ;
#6547 = CARTESIAN_POINT ( 'NONE',  ( -4.928769783771628887, 14.99698511146742064, 3.534158729508380947 ) ) ;
#6549 = CARTESIAN_POINT ( 'NONE',  ( -13.48125189653952916, 3.000032906505680774, 2.485360816083349800 ) ) ;
#6548 = DIRECTION ( 'NONE',  ( 0.0000000000000000000, 0.0000000000000000000, -1.000000000000000000 ) ) ;
#6550 = CARTESIAN_POINT ( 'NONE',  ( -4.987131803803494634, 14.99999993763210604, -3.280387815523475581 ) ) ;
#6551 = ORIENTED_EDGE ( 'NONE', *, *, #4665, .F. ) ;
#6552 = PLANE ( 'NONE',  #2952 ) ;
#6553 = CARTESIAN_POINT ( 'NONE',  ( -9.435894836621452342, 9.400396668508184561, 5.695833568616635922 ) ) ;
#6554 = CARTESIAN_POINT ( 'NONE',  ( -9.166572460978970938, 3.461934894202141511, -1.391468040728525590 ) ) ;
#6555 = DIRECTION ( 'NONE',  ( 0.0000000000000000000, 0.0000000000000000000, 1.000000000000000000 ) ) ;
#6556 = EDGE_CURVE ( 'NONE', #6051, #5536, #6303, .T. ) ;
#6557 = CARTESIAN_POINT ( 'NONE',  ( -7.186710954590706635, 11.40055138669515244, -5.092300565039732163 ) ) ;
#6558 = EDGE_CURVE ( 'NONE', #7455, #6252, #1379, .T. ) ;
#6559 = CARTESIAN_POINT ( 'NONE',  ( -12.28364391614247531, 9.416274029747549790, 5.694501364659129372 ) ) ;
#6560 = DIRECTION ( 'NONE',  ( -0.0000000000000000000, 1.000000000000000000, -0.0000000000000000000 ) ) ;
#6561 = EDGE_LOOP ( 'NONE', ( #7268, #2522, #501, #3790 ) ) ;
#6562 = CARTESIAN_POINT ( 'NONE',  ( -10.17500189653952880, 3.381044284241951026, 7.439690531061725408E-05 ) ) ;
#6563 = CIRCLE ( 'NONE', #606, 0.1000000000000002554 ) ;
#6564 = CARTESIAN_POINT ( 'NONE',  ( -11.34984747667671812, 13.34950481022704594, 3.699545169978223580 ) ) ;
#6565 = CARTESIAN_POINT ( 'NONE',  ( -8.523659233737253871, 8.884177504314370921, 5.708959032977102943 ) ) ;
#6566 = CARTESIAN_POINT ( 'NONE',  ( 4.000000000000000000, -3.999999999999999112, 3.400000000000000355 ) ) ;
#6567 = CARTESIAN_POINT ( 'NONE',  ( -6.490109780312940835, 4.324643962973444999, -3.121637476208608319 ) ) ;
#6568 = EDGE_CURVE ( 'NONE', #2360, #4994, #2289, .T. ) ;
#6569 = CIRCLE ( 'NONE', #7605, 4.899999999999999467 ) ;
#6570 = DIRECTION ( 'NONE',  ( 0.0000000000000000000, 0.0000000000000000000, 1.000000000000000000 ) ) ;
#6571 = LINE ( 'NONE', #1016, #6432 ) ;
#6572 = DIRECTION ( 'NONE',  ( -1.000000000000000000, 0.0000000000000000000, 0.0000000000000000000 ) ) ;
#6573 = DIRECTION ( 'NONE',  ( -8.673617379884013384E-15, -6.234162491791634718E-15, -1.000000000000000000 ) ) ;
#6574 = ORIENTED_EDGE ( 'NONE', *, *, #227, .F. ) ;
#6575 = CIRCLE ( 'NONE', #3989, 2.350000000000000089 ) ;
#6576 = CARTESIAN_POINT ( 'NONE',  ( 3.999999999999996447, -3.999999999999999112, -4.000000000000000000 ) ) ;
#6577 = CIRCLE ( 'NONE', #2299, 2.350000000000000089 ) ;
#6578 = CARTESIAN_POINT ( 'NONE',  ( -7.373280068332515036, 3.411397563401156852, -1.130927404214559839 ) ) ;
#6579 = CARTESIAN_POINT ( 'NONE',  ( -10.82941769126703591, 9.830622640351860397, -5.568236915267728904 ) ) ;
#6580 = CARTESIAN_POINT ( 'NONE',  ( -4.999999999999936939, 13.64758001544928767, -5.099999999999875300 ) ) ;
#6581 = CARTESIAN_POINT ( 'NONE',  ( -8.141994362798243401, 12.06323713026355193, -4.818078238958170445 ) ) ;
#6582 = CARTESIAN_POINT ( 'NONE',  ( -7.702770958635536402, 11.88823312961947920, 4.925905030148163277 ) ) ;
#6583 = CARTESIAN_POINT ( 'NONE',  ( -8.950000098502364665, 9.000000000000000000, 5.999999999999998224 ) ) ;
#6585 = CARTESIAN_POINT ( 'NONE',  ( -12.15909966832001032, 7.399347343537273858, 5.397639279140361346 ) ) ;
#6584 = CARTESIAN_POINT ( 'NONE',  ( -10.78125189653952987, 3.000032906505680774, 2.485360816083349800 ) ) ;
#6586 = ORIENTED_EDGE ( 'NONE', *, *, #1357, .F. ) ;
#6587 = CYLINDRICAL_SURFACE ( 'NONE', #5080, 0.1000000000000002554 ) ;
#6588 = EDGE_LOOP ( 'NONE', ( #2835, #4004 ) ) ;
#6589 = CARTESIAN_POINT ( 'NONE',  ( -7.856251896539531820, 6.514639183916653309, -5.999967093494320558 ) ) ;
#6590 = CARTESIAN_POINT ( 'NONE',  ( -10.00492775317140648, 4.519859938428862911, -3.540419027420144360 ) ) ;
#6592 = CARTESIAN_POINT ( 'NONE',  ( -13.08750189653953022, 13.24258451272621073, -4.242696860768593758 ) ) ;
#6591 = DIRECTION ( 'NONE',  ( 1.000000000000000000, 0.0000000000000000000, 0.0000000000000000000 ) ) ;
#6593 = DIRECTION ( 'NONE',  ( 1.000000000000000000, 0.0000000000000000000, 0.0000000000000000000 ) ) ;
#6594 = EDGE_LOOP ( 'NONE', ( #3264, #6209, #5469, #2085 ) ) ;
#6595 = SURFACE_STYLE_FILL_AREA ( #2288 ) ;
#6596 = CARTESIAN_POINT ( 'NONE',  ( -9.399935568922847651, 5.395639168941793073, 4.324957721409536049 ) ) ;
#6597 = CARTESIAN_POINT ( 'NONE',  ( -11.34384751804615910, 13.18627529385867092, 3.883776950264440142 ) ) ;
#6598 = CARTESIAN_POINT ( 'NONE',  ( -11.28750189653952951, 13.24258451272621073, -4.242696860768593758 ) ) ;
#6599 = CARTESIAN_POINT ( 'NONE',  ( -7.412850804666328841, 5.690859641316011519, -4.653538706991805718 ) ) ;
#6600 = CARTESIAN_POINT ( 'NONE',  ( -12.70926561921335818, 4.413975493788055537, -3.402205186207482690 ) ) ;
#6601 = ORIENTED_EDGE ( 'NONE', *, *, #1946, .F. ) ;
#6602 = CARTESIAN_POINT ( 'NONE',  ( -10.96250189653953022, 5.026745703644327712, -3.973149083243182833 ) ) ;
#6603 = EDGE_CURVE ( 'NONE', #5985, #1283, #5790, .T. ) ;
#6604 = CARTESIAN_POINT ( 'NONE',  ( -11.10381337997254114, 4.685480659716460217, 3.727798713570758871 ) ) ;
#6605 = CARTESIAN_POINT ( 'NONE',  ( -8.613344637132911430, 12.23936175120229031, 4.702386063346431833 ) ) ;
#6606 = DIRECTION ( 'NONE',  ( 0.0000000000000000000, -1.000000000000000000, 0.0000000000000000000 ) ) ;
#6607 = CARTESIAN_POINT ( 'NONE',  ( -6.578266258024376256, 4.084009727050575300, 2.904911320984245204 ) ) ;
#6608 = CARTESIAN_POINT ( 'NONE',  ( -10.42063992086527868, 6.930526676341522752, 5.321146467102805921 ) ) ;
#6609 = DIRECTION ( 'NONE',  ( -1.000000000000000000, 0.0000000000000000000, 0.0000000000000000000 ) ) ;
#6610 = DIRECTION ( 'NONE',  ( -1.000000000000000000, 0.0000000000000000000, 0.0000000000000000000 ) ) ;
#6611 = CARTESIAN_POINT ( 'NONE',  ( -12.38125189653952773, 3.000032906505681662, 2.485360816083349356 ) ) ;
#6612 = ORIENTED_EDGE ( 'NONE', *, *, #7696, .T. ) ;
#6613 = EDGE_CURVE ( 'NONE', #4321, #1419, #6569, .T. ) ;
#6614 = CARTESIAN_POINT ( 'NONE',  ( -13.00000000000000178, 9.000000000000000000, -4.699999999999999289 ) ) ;
#6615 = CARTESIAN_POINT ( 'NONE',  ( -6.949632019729062193, 14.70948571590688481, 0.07522280635756538325 ) ) ;
#6616 = CARTESIAN_POINT ( 'NONE',  ( -10.69523981159144732, 13.97331145128406682, -2.638869275705847173 ) ) ;
#6617 = CARTESIAN_POINT ( 'NONE',  ( -4.984028437497944886, 13.72753921172860103, -4.996389411979074602 ) ) ;
#6618 = CARTESIAN_POINT ( 'NONE',  ( -7.840976698643585152, 11.57437704716104676, 5.096070153498054367 ) ) ;
#6619 = CARTESIAN_POINT ( 'NONE',  ( -8.157209128940243303, 11.54296351220467542, -5.103487427634195939 ) ) ;
#6621 = CARTESIAN_POINT ( 'NONE',  ( -12.38211637776277385, 14.37547330213495655, 1.673533422304854135 ) ) ;
#6620 = CARTESIAN_POINT ( 'NONE',  ( -12.94375189653953129, 11.48520193195810712, -6.000032905453839938 ) ) ;
#6622 = ORIENTED_EDGE ( 'NONE', *, *, #1935, .T. ) ;
#6623 = CARTESIAN_POINT ( 'NONE',  ( -6.329501385213728071, 10.93937501371361343, -5.328601179461584181 ) ) ;
#6624 = ADVANCED_FACE ( 'NONE', ( #2911 ), #5954, .T. ) ;
#6625 = CARTESIAN_POINT ( 'NONE',  ( -10.11922887315063235, 3.799257198340235231, -2.134401846510292078 ) ) ;
#6626 =( NAMED_UNIT ( * ) SI_UNIT ( $, .STERADIAN. ) SOLID_ANGLE_UNIT ( ) );
#6627 = DIRECTION ( 'NONE',  ( 0.0000000000000000000, 0.0000000000000000000, 1.000000000000000000 ) ) ;
#6629 = CARTESIAN_POINT ( 'NONE',  ( -11.70371454641402842, 10.79755214686651676, -5.335063698825748268 ) ) ;
#6628 = DIRECTION ( 'NONE',  ( 0.0000000000000000000, 1.000000000000000000, 0.0000000000000000000 ) ) ;
#6630 = CYLINDRICAL_SURFACE ( 'NONE', #1011, 0.1000000000000002554 ) ;
#6631 = CARTESIAN_POINT ( 'NONE',  ( -9.326300572596192495, 5.345563306111195345, 4.387850087956127965 ) ) ;
#6632 = CARTESIAN_POINT ( 'NONE',  ( -11.33557128075095122, 12.93726930165854050, 4.135629955010377223 ) ) ;
#6633 = DIRECTION ( 'NONE',  ( -0.0000000000000000000, -0.0000000000000000000, 1.000000000000000000 ) ) ;
#6634 = DIRECTION ( 'NONE',  ( 1.000000000000000000, -0.0000000000000000000, -0.0000000000000000000 ) ) ;
#6635 = CARTESIAN_POINT ( 'NONE',  ( -11.56875189653953306, 2.999967094546160951, -2.485201931958109345 ) ) ;
#6636 = PRESENTATION_STYLE_ASSIGNMENT (( #4688 ) ) ;
#6637 = CARTESIAN_POINT ( 'NONE',  ( -12.72727185683519124, 4.027157914824078588, -2.806685232677193387 ) ) ;
#6638 = CARTESIAN_POINT ( 'NONE',  ( -10.45625189653953235, 11.32752206074611578, 5.618924899550870045 ) ) ;
#6639 = CARTESIAN_POINT ( 'NONE',  ( -11.02349409668667946, 3.362070937154121086, 0.9052430661038513016 ) ) ;
#6640 = CARTESIAN_POINT ( 'NONE',  ( -8.469892937266795485, 6.808550109226924718, 5.272930558754808317 ) ) ;
#6641 = DIRECTION ( 'NONE',  ( -1.000000000000000000, 0.0000000000000000000, 0.0000000000000000000 ) ) ;
#6642 = CARTESIAN_POINT ( 'NONE',  ( -6.381831880542191193, 5.176025339038937467, -4.240917215615779945 ) ) ;
#6643 = CARTESIAN_POINT ( 'NONE',  ( -10.81701640636022077, 12.85880675219721425, -4.208326950827731672 ) ) ;
#6644 = CARTESIAN_POINT ( 'NONE',  ( -13.00000000000000000, 3.300416802603811650, -0.9971700647076789936 ) ) ;
#6645 = FACE_OUTER_BOUND ( 'NONE', #7188, .T. ) ;
#6646 = ADVANCED_FACE ( 'NONE', ( #6645 ), #5333, .T. ) ;
#6647 = CARTESIAN_POINT ( 'NONE',  ( -20.58639307771784033, 4.119790825287576119, 0.4532666018932605678 ) ) ;
#6648 = CARTESIAN_POINT ( 'NONE',  ( -12.49375189653952845, 6.514798068041889323, 6.000032905453837273 ) ) ;
#6649 = ORIENTED_EDGE ( 'NONE', *, *, #4427, .F. ) ;
#6650 = CARTESIAN_POINT ( 'NONE',  ( 0.0000000000000000000, -3.999999999999999112, 0.0000000000000000000 ) ) ;
#6651 = CARTESIAN_POINT ( 'NONE',  ( -7.240716882519779851, 6.529420751202152928, -5.138854353797325913 ) ) ;
#6652 = CARTESIAN_POINT ( 'NONE',  ( -10.76579928604463632, 12.10246949123309079, -4.697957383797008113 ) ) ;
#6653 =( BOUNDED_SURFACE ( )  B_SPLINE_SURFACE ( 1, 2, ( 
 ( #6297, #3913, #65, #5689, #6337, #6255, #111, #4404, #3176, #4513, #1952, #3760, #145, #709, #2028, #3797, #3253, #5604, #5060, #5027, #5648, #823, #3836, #4437, #6945, #2530, #1344, #783, #2635, #5102, #6988, #3296, #5771, #4362, #221, #4946, #7441, #6831, #6217, #668, #3135, #5145, #2196, #340, #4120, #2679, #6498, #4669, #5181, #7150, #7069, #6584, #380, #7195, #3460, #5930, #7637, #298, #2113, #4077, #2719, #6541, #6462, #1586, #7678, #1026, #4000, #906, #3420, #2842, #7030, #1549, #982, #3382, #1467, #2072, #5309, #2761, #6419, #7804, #2230, #7768, #5225, #866, #3498, #4039, #4553, #4707, #1628, #5269, #7727, #4632, #5966, #3957, #2157, #7113, #3344, #5815, #258, #943, #5889, #2804, #2967, #6737, #7314, #7353, #4314, #1219, #6044, #2358, #5467, #499, #4238, #3536, #2318, #6006, #5428, #4742, #4199, #4162, #6124, #7923, #2274, #3706, #1178, #6087, #1671, #3581, #1745, #7397, #455, #6700, #1784, #6660, #4815, #2922, #1102, #8002, #1142 ),
 ( #5389, #3665, #1063, #3627, #534, #7886, #6779, #3005, #4780, #7961, #7276, #2400, #4857, #4279, #572, #3044, #5512, #2441, #7842, #4900, #1824, #416, #2879, #5345, #7236, #6620, #619, #5680, #3825, #7588, #6169, #1943, #137, #659, #2596, #56, #2020, #3865, #2629, #6939, #1375, #3090, #3787, #5595, #7549, #6208, #1980, #1903, #5053, #3127, #4504, #2520, #7474, #6895, #6329, #2479, #5018, #4465, #6863, #4937, #5555, #776, #6244, #1862, #3246, #5718, #3208, #1301, #4354, #6978, #7514, #19, #167, #5092, #741, #700, #101, #1416, #7433, #3165, #5638, #6822, #1261, #3749, #2563, #4428, #1336, #6288, #2185, #2750, #2794, #7794, #4698, #1498, #5843, #935, #3985, #7714, #7019, #5802, #1455, #6451, #209, #5172, #7628, #1577, #895, #5760, #7187, #4659, #1538, #5134, #7057, #5214, #2832, #3945, #2145, #5257, #7667, #3373, #6407, #2103, #3449, #287, #2666, #4618, #4581, #6532, #856, #7140, #4543, #7101, #4029, #3328, #2220, #6489, #249, #3410, #2709 ) ),
 .UNSPECIFIED., .F., .F., .T. ) 
 B_SPLINE_SURFACE_WITH_KNOTS ( ( 2, 2 ),
 ( 3, 2, 2, 2, 2, 2, 2, 2, 2, 2, 2, 2, 2, 2, 2, 2, 2, 2, 2, 2, 2, 2, 2, 2, 2, 2, 2, 2, 2, 2, 2, 2, 2, 2, 2, 2, 2, 2, 2, 2, 2, 2, 2, 2, 2, 2, 2, 2, 2, 2, 2, 2, 2, 2, 2, 2, 2, 2, 2, 2, 2, 2, 2, 2, 2, 2, 2, 2, 2, 3 ),
 ( 0.0000000000000000000, 1.000000000000000000 ),
 ( 0.0000000000000000000, 0.01388888888888888812, 0.02777777777777777624, 0.04166666666666666435, 0.05555555555555555247, 0.06944444444444444753, 0.08333333333333332871, 0.09722222222222222376, 0.1111111111111111049, 0.1250000000000000000, 0.1388888888888888951, 0.1527777777777777901, 0.1666666666666666574, 0.1805555555555555525, 0.1944444444444444475, 0.2083333333333333426, 0.2222222222222222099, 0.2361111111111111049, 0.2500000000000000000, 0.2638888888888888951, 0.2777777777777777901, 0.2916666666666666852, 0.3055555555555555802, 0.3194444444444444198, 0.3333333333333333148, 0.3472222222222222099, 0.3611111111111111049, 0.3750000000000000000, 0.3888888888888888951, 0.4027777777777777901, 0.4166666666666666852, 0.4305555555555555802, 0.4444444444444444198, 0.4583333333333333148, 0.4722222222222222099, 0.4861111111111111049, 0.5000000000000000000, 0.5138888888888888395, 0.5277777777777777901, 0.5416666666666666297, 0.5555555555555555802, 0.5694444444444444198, 0.5833333333333333703, 0.5972222222222222099, 0.6111111111111111605, 0.6250000000000000000, 0.6388888888888888395, 0.6527777777777777901, 0.6666666666666666297, 0.6805555555555555802, 0.6944444444444444198, 0.7083333333333333703, 0.7222222222222222099, 0.7361111111111111605, 0.7500000000000000000, 0.7638888888888888395, 0.7777777777777777901, 0.7916666666666666297, 0.8055555555555555802, 0.8194444444444444198, 0.8333333333333333703, 0.8472222222222222099, 0.8611111111111111605, 0.8750000000000000000, 0.8888888888888888395, 0.9027777777777777901, 0.9166666666666666297, 0.9305555555555555802, 0.9444444444444444198, 0.9506271160987365132 ),
 .UNSPECIFIED. ) 
 GEOMETRIC_REPRESENTATION_ITEM ( )  RATIONAL_B_SPLINE_SURFACE ( (
 ( 1.000000000000000000, 0.9238795325112867385, 1.000000000000000000, 0.9238795325112867385, 1.000000000000000000, 0.9238795325112867385, 1.000000000000000000, 0.9238795325112867385, 1.000000000000000000, 0.9238795325112867385, 1.000000000000000000, 0.9238795325112867385, 1.000000000000000000, 0.9238795325112867385, 1.000000000000000000, 0.9238795325112867385, 1.000000000000000000, 0.9238795325112867385, 1.000000000000000000, 0.9238795325112867385, 1.000000000000000000, 0.9238795325112867385, 1.000000000000000000, 0.9238795325112867385, 1.000000000000000000, 0.9238795325112867385, 1.000000000000000000, 0.9238795325112867385, 1.000000000000000000, 0.9238795325112867385, 1.000000000000000000, 0.9238795325112867385, 1.000000000000000000, 0.9238795325112867385, 1.000000000000000000, 0.9238795325112867385, 1.000000000000000000, 0.9238795325112867385, 1.000000000000000000, 0.9238795325112867385, 1.000000000000000000, 0.9238795325112867385, 1.000000000000000000, 0.9238795325112867385, 1.000000000000000000, 0.9238795325112867385, 1.000000000000000000, 0.9238795325112867385, 1.000000000000000000, 0.9238795325112867385, 1.000000000000000000, 0.9238795325112867385, 1.000000000000000000, 0.9238795325112867385, 1.000000000000000000, 0.9238795325112867385, 1.000000000000000000, 0.9238795325112867385, 1.000000000000000000, 0.9238795325112867385, 1.000000000000000000, 0.9238795325112867385, 1.000000000000000000, 0.9238795325112867385, 1.000000000000000000, 0.9238795325112867385, 1.000000000000000000, 0.9238795325112867385, 1.000000000000000000, 0.9238795325112867385, 1.000000000000000000, 0.9238795325112867385, 1.000000000000000000, 0.9238795325112867385, 1.000000000000000000, 0.9238795325112867385, 1.000000000000000000, 0.9238795325112867385, 1.000000000000000000, 0.9238795325112867385, 1.000000000000000000, 0.9238795325112867385, 1.000000000000000000, 0.9238795325112867385, 1.000000000000000000, 0.9238795325112867385, 1.000000000000000000, 0.9238795325112867385, 1.000000000000000000, 0.9238795325112867385, 1.000000000000000000, 0.9238795325112867385, 1.000000000000000000, 0.9238795325112867385, 1.000000000000000000, 0.9238795325112867385, 1.000000000000000000, 0.9238795325112867385, 1.000000000000000000, 0.9238795325112867385, 1.000000000000000000, 0.9238795325112867385, 1.000000000000000000, 0.9238795325112867385, 1.000000000000000000, 0.9238795325112867385, 1.000000000000000000, 0.9238795325112867385, 1.000000000000000000, 0.9238795325112867385, 1.000000000000000000, 0.9238795325112867385, 1.000000000000000000, 0.9238795325112867385, 1.000000000000000000, 0.9238795325112867385, 1.000000000000000000, 0.9238795325112867385, 1.000000000000000000, 0.9238795325112867385, 1.000000000000000000, 0.9238795325112867385, 1.000000000000000000, 0.9238795325112867385, 1.000000000000000000, 0.9238795325112867385, 1.000000000000000000, 0.9238795325112867385, 1.000000000000000000, 0.9238795325112867385, 1.000000000000000000, 0.9238795325112867385, 1.000000000000000000, 0.9238795325112867385, 1.000000000000000000, 0.9238795325112867385, 1.000000000000000000, 0.9661147943209171807, 0.9623977471357110236),
 ( 1.000000000000000000, 0.9238795325112867385, 1.000000000000000000, 0.9238795325112867385, 1.000000000000000000, 0.9238795325112867385, 1.000000000000000000, 0.9238795325112867385, 1.000000000000000000, 0.9238795325112867385, 1.000000000000000000, 0.9238795325112867385, 1.000000000000000000, 0.9238795325112867385, 1.000000000000000000, 0.9238795325112867385, 1.000000000000000000, 0.9238795325112867385, 1.000000000000000000, 0.9238795325112867385, 1.000000000000000000, 0.9238795325112867385, 1.000000000000000000, 0.9238795325112867385, 1.000000000000000000, 0.9238795325112867385, 1.000000000000000000, 0.9238795325112867385, 1.000000000000000000, 0.9238795325112867385, 1.000000000000000000, 0.9238795325112867385, 1.000000000000000000, 0.9238795325112867385, 1.000000000000000000, 0.9238795325112867385, 1.000000000000000000, 0.9238795325112867385, 1.000000000000000000, 0.9238795325112867385, 1.000000000000000000, 0.9238795325112867385, 1.000000000000000000, 0.9238795325112867385, 1.000000000000000000, 0.9238795325112867385, 1.000000000000000000, 0.9238795325112867385, 1.000000000000000000, 0.9238795325112867385, 1.000000000000000000, 0.9238795325112867385, 1.000000000000000000, 0.9238795325112867385, 1.000000000000000000, 0.9238795325112867385, 1.000000000000000000, 0.9238795325112867385, 1.000000000000000000, 0.9238795325112867385, 1.000000000000000000, 0.9238795325112867385, 1.000000000000000000, 0.9238795325112867385, 1.000000000000000000, 0.9238795325112867385, 1.000000000000000000, 0.9238795325112867385, 1.000000000000000000, 0.9238795325112867385, 1.000000000000000000, 0.9238795325112867385, 1.000000000000000000, 0.9238795325112867385, 1.000000000000000000, 0.9238795325112867385, 1.000000000000000000, 0.9238795325112867385, 1.000000000000000000, 0.9238795325112867385, 1.000000000000000000, 0.9238795325112867385, 1.000000000000000000, 0.9238795325112867385, 1.000000000000000000, 0.9238795325112867385, 1.000000000000000000, 0.9238795325112867385, 1.000000000000000000, 0.9238795325112867385, 1.000000000000000000, 0.9238795325112867385, 1.000000000000000000, 0.9238795325112867385, 1.000000000000000000, 0.9238795325112867385, 1.000000000000000000, 0.9238795325112867385, 1.000000000000000000, 0.9238795325112867385, 1.000000000000000000, 0.9238795325112867385, 1.000000000000000000, 0.9238795325112867385, 1.000000000000000000, 0.9238795325112867385, 1.000000000000000000, 0.9238795325112867385, 1.000000000000000000, 0.9238795325112867385, 1.000000000000000000, 0.9238795325112867385, 1.000000000000000000, 0.9238795325112867385, 1.000000000000000000, 0.9238795325112867385, 1.000000000000000000, 0.9238795325112867385, 1.000000000000000000, 0.9238795325112867385, 1.000000000000000000, 0.9238795325112867385, 1.000000000000000000, 0.9238795325112867385, 1.000000000000000000, 0.9238795325112867385, 1.000000000000000000, 0.9238795325112867385, 1.000000000000000000, 0.9238795325112867385, 1.000000000000000000, 0.9238795325112867385, 1.000000000000000000, 0.9238795325112867385, 1.000000000000000000, 0.9238795325112867385, 1.000000000000000000, 0.9661147943209171807, 0.9623977471357110236) ) ) 
 REPRESENTATION_ITEM ( '' )  SURFACE ( )  );
#6654 = CIRCLE ( 'NONE', #957, 0.1000000000000002554 ) ;
#6655 = CARTESIAN_POINT ( 'NONE',  ( -5.076097868552484904, 13.93070936748589794, -4.965494338813090103 ) ) ;
#6656 = CARTESIAN_POINT ( 'NONE',  ( -7.572514731481040151, 3.373583867656077651, 0.9701230968712508673 ) ) ;
#6657 = CARTESIAN_POINT ( 'NONE',  ( -7.782367604158064722, 14.05978958328542738, 2.628837313951086774 ) ) ;
#6658 = EDGE_CURVE ( 'NONE', #6104, #7890, #1051, .T. ) ;
#6659 = EDGE_CURVE ( 'NONE', #2148, #7488, #6913, .T. ) ;
#6661 = CARTESIAN_POINT ( 'NONE',  ( -12.30766317739501936, 10.35918454731340610, 5.537547805457458949 ) ) ;
#6660 = CARTESIAN_POINT ( 'NONE',  ( -6.168751896539530932, 2.999967094546160951, -2.485201931958109345 ) ) ;
#6662 = VERTEX_POINT ( 'NONE', #1731 ) ;
#6663 = ORIENTED_EDGE ( 'NONE', *, *, #5551, .F. ) ;
#6664 = CARTESIAN_POINT ( 'NONE',  ( -10.15994024076954005, 3.403573759719813907, -0.6137941452481929794 ) ) ;
#6665 = CARTESIAN_POINT ( 'NONE',  ( 4.999999999999999112, 15.00000000000000000, 4.899999999999998579 ) ) ;
#6666 = EDGE_CURVE ( 'NONE', #4020, #2266, #6389, .T. ) ;
#6668 = CARTESIAN_POINT ( 'NONE',  ( -11.61924162096851809, 13.46168294602138538, -3.420062638795096532 ) ) ;
#6667 = PLANE ( 'NONE',  #4749 ) ;
#6669 = DIRECTION ( 'NONE',  ( 0.0000000000000000000, 0.0000000000000000000, 1.000000000000000000 ) ) ;
#6670 = AXIS2_PLACEMENT_3D ( 'NONE', #2261, #6609, #970 ) ;
#6671 = CARTESIAN_POINT ( 'NONE',  ( -6.700000098502365553, 9.000000000000000000, -5.999999999999999112 ) ) ;
#6672 = CARTESIAN_POINT ( 'NONE',  ( -9.323010666953113201, 3.385732967310620456, -1.042143370072557085 ) ) ;
#6673 = ORIENTED_EDGE ( 'NONE', *, *, #6603, .T. ) ;
#6674 = CARTESIAN_POINT ( 'NONE',  ( -11.36152254930866334, 13.63927390274941054, 3.329533319592977936 ) ) ;
#6675 = CARTESIAN_POINT ( 'NONE',  ( -6.486081092136374515, 6.596705447059759031, -5.179070633032445414 ) ) ;
#6676 = CARTESIAN_POINT ( 'NONE',  ( -11.11875189653953022, 15.00003290545384260, 2.485201931958106236 ) ) ;
#6677 = CARTESIAN_POINT ( 'NONE',  ( -10.89375189653953058, 6.514798068041888435, 6.000032905453838161 ) ) ;
#6678 = CARTESIAN_POINT ( 'NONE',  ( -11.18750189653953164, 5.026850916756816723, 3.973254296355670956 ) ) ;
#6679 = CARTESIAN_POINT ( 'NONE',  ( -12.99720518069176300, 5.312164670281428691, 4.253736360096175950 ) ) ;
#6680 = CARTESIAN_POINT ( 'NONE',  ( -9.837501896539530222, 12.97314908324318061, -3.973254296355671400 ) ) ;
#6681 = CARTESIAN_POINT ( 'NONE',  ( -11.53608920389660319, 13.75237898218523824, -3.165423923452721944 ) ) ;
#6682 = CARTESIAN_POINT ( 'NONE',  ( -8.677987533122509589, 11.89863084978420638, 4.826492894397213185 ) ) ;
#6683 = AXIS2_PLACEMENT_3D ( 'NONE', #355, #2695, #5240 ) ;
#6684 = DIRECTION ( 'NONE',  ( 0.0000000000000000000, -1.000000000000000000, 0.0000000000000000000 ) ) ;
#6685 = CARTESIAN_POINT ( 'NONE',  ( -13.00000000000000178, 9.000000000000000000, 0.0000000000000000000 ) ) ;
#6686 = CARTESIAN_POINT ( 'NONE',  ( -6.421039184575357162, 4.159434212451661672, -3.013487006013086500 ) ) ;
#6687 = CARTESIAN_POINT ( 'NONE',  ( -11.12870162635596039, 3.349536508334936435, -0.8182753361272427917 ) ) ;
#6688 = CARTESIAN_POINT ( 'NONE',  ( -3.999999999999996447, 0.5000000000000004441, -4.599999999999997868 ) ) ;
#6689 = CARTESIAN_POINT ( 'NONE',  ( -20.19999999999999929, 9.000000000000000000, -2.050000000000000266 ) ) ;
#6690 = DIRECTION ( 'NONE',  ( 0.0000000000000000000, -1.000000000000000000, 0.0000000000000000000 ) ) ;
#6691 = CIRCLE ( 'NONE', #5911, 3.300000000000000266 ) ;
#6692 = CARTESIAN_POINT ( 'NONE',  ( -12.32500189653953093, 3.000000000525920640, 7.944206261983304126E-05 ) ) ;
#6693 = ORIENTED_EDGE ( 'NONE', *, *, #1393, .F. ) ;
#6694 = CARTESIAN_POINT ( 'NONE',  ( -4.900000000000001243, 0.1000000000000000056, 4.899999999999998579 ) ) ;
#6695 = AXIS2_PLACEMENT_3D ( 'NONE', #6488, #2665, #2102 ) ;
#6696 = CARTESIAN_POINT ( 'NONE',  ( -11.10806308804892772, 3.522373947403933059, -1.612904153269271390 ) ) ;
#6697 = FACE_OUTER_BOUND ( 'NONE', #587, .T. ) ;
#6698 = CARTESIAN_POINT ( 'NONE',  ( -8.540029373933084145, 4.397775443121687111, 3.379324904516298744 ) ) ;
#6699 = CARTESIAN_POINT ( 'NONE',  ( -8.008630000334791887, 13.71010157147401287, -3.083886992979805175 ) ) ;
#6701 = CARTESIAN_POINT ( 'NONE',  ( -12.32666646568156565, 14.61370571366284032, 0.9992210071303503360 ) ) ;
#6700 = CARTESIAN_POINT ( 'NONE',  ( -6.281251896539531643, 3.000032906505680774, 2.485360816083349800 ) ) ;
#6702 = ORIENTED_EDGE ( 'NONE', *, *, #278, .F. ) ;
#6703 = DIRECTION ( 'NONE',  ( 0.0000000000000000000, 0.0000000000000000000, 1.000000000000000000 ) ) ;
#6704 = AXIS2_PLACEMENT_3D ( 'NONE', #3904, #4068, #811 ) ;
#6705 = EDGE_CURVE ( 'NONE', #6067, #3462, #6033, .T. ) ;
#6706 = CARTESIAN_POINT ( 'NONE',  ( -8.121569902062404367, 7.214804550711669151, -5.424136344397592957 ) ) ;
#6707 = CARTESIAN_POINT ( 'NONE',  ( -9.471421632934438506, 10.77646171065463321, 5.418084812609945899 ) ) ;
#6708 = EDGE_CURVE ( 'NONE', #2853, #4644, #2550, .T. ) ;
#6709 = CARTESIAN_POINT ( 'NONE',  ( -10.25809704930234290, 4.286251492408264419, 3.063345702041182061 ) ) ;
#6710 = ORIENTED_EDGE ( 'NONE', *, *, #4235, .T. ) ;
#6711 = FILL_AREA_STYLE_COLOUR ( '', #1200 ) ;
#6712 = AXIS2_PLACEMENT_3D ( 'NONE', #548, #1761, #513 ) ;
#6713 = CARTESIAN_POINT ( 'NONE',  ( -11.63241725670110149, 13.12074247504946634, -3.824004492936130095 ) ) ;
#6714 = CARTESIAN_POINT ( 'NONE',  ( -12.99999999999999645, 8.167708897163825199, 5.649573722318795177 ) ) ;
#6715 = DIRECTION ( 'NONE',  ( 1.000000000000000000, -0.0000000000000000000, -0.0000000000000000000 ) ) ;
#6716 = EDGE_CURVE ( 'NONE', #4716, #1829, #352, .T. ) ;
#6717 = CARTESIAN_POINT ( 'NONE',  ( -9.500323154116962598, 6.216760625644079497, 4.985907556626219872 ) ) ;
#6718 = FACE_OUTER_BOUND ( 'NONE', #7060, .T. ) ;
#6719 = FACE_OUTER_BOUND ( 'NONE', #1303, .T. ) ;
#6720 = CARTESIAN_POINT ( 'NONE',  ( -9.206251896539530577, 11.48536081608334491, 5.999967093494319670 ) ) ;
#6721 = CARTESIAN_POINT ( 'NONE',  ( -12.93125189653953200, 3.381075100449129511, 2.327522060746118893 ) ) ;
#6722 = CARTESIAN_POINT ( 'NONE',  ( -12.87707247042008341, 3.378938994092867798, 0.08487600475023841795 ) ) ;
#6723 = CARTESIAN_POINT ( 'NONE',  ( -10.85000189653952951, 8.999925603094688142, -5.618955715758048086 ) ) ;
#6724 = CARTESIAN_POINT ( 'NONE',  ( -11.31578441047962791, 12.31869555279981299, 4.646746376337750561 ) ) ;
#6725 = CARTESIAN_POINT ( 'NONE',  ( -8.531933714637483845, 9.238089895763300419, 5.705388938001886068 ) ) ;
#6726 = PLANE ( 'NONE',  #5530 ) ;
#6727 = CARTESIAN_POINT ( 'NONE',  ( -6.416475478988028947, 4.256876422073823107, -3.164669471292071101 ) ) ;
#6728 = CARTESIAN_POINT ( 'NONE',  ( -10.66260134027741202, 14.52445729863021207, 1.441831650365844375 ) ) ;
#6729 = CYLINDRICAL_SURFACE ( 'NONE', #197, 0.5999999999999998668 ) ;
#6730 = PLANE ( 'NONE',  #2678 ) ;
#6731 = CARTESIAN_POINT ( 'NONE',  ( -12.26875189653952880, 2.999967094546162283, -2.485201931958109345 ) ) ;
#6732 = CARTESIAN_POINT ( 'NONE',  ( -7.254246419275418134, 6.065297449199474222, -4.888621455975772356 ) ) ;
#6733 = CARTESIAN_POINT ( 'NONE',  ( -10.93646854993973072, 5.824068517747411633, -4.648767385850677059 ) ) ;
#6734 = FACE_OUTER_BOUND ( 'NONE', #4635, .T. ) ;
#6735 = CARTESIAN_POINT ( 'NONE',  ( -8.478452658050484203, 3.418290158364742481, 1.200781958918519132 ) ) ;
#6736 = CARTESIAN_POINT ( 'NONE',  ( -8.117036326371904309, 12.85840045772417817, -4.209363460020716374 ) ) ;
#6738 = CARTESIAN_POINT ( 'NONE',  ( -12.39575796019685860, 14.50053993858386825, 1.160893132433449271 ) ) ;
#6737 = CARTESIAN_POINT ( 'NONE',  ( -7.856251896539531820, 6.514639183916651533, -5.999967093494321446 ) ) ;
#6739 = ORIENTED_EDGE ( 'NONE', *, *, #4524, .T. ) ;
#6740 = CARTESIAN_POINT ( 'NONE',  ( -9.600000098502368573, 8.999999999999998224, -5.999999999999998224 ) ) ;
#6741 = CARTESIAN_POINT ( 'NONE',  ( -9.525219413530939150, 12.61926655845394762, 4.416571000572489858 ) ) ;
#6742 = CARTESIAN_POINT ( 'NONE',  ( -10.28610389116576229, 3.488214776971867881, 1.492897965126481985 ) ) ;
#6743 = EDGE_LOOP ( 'NONE', ( #3595, #3138, #3051, #7747 ) ) ;
#6744 = LINE ( 'NONE', #6133, #3145 ) ;
#6745 = CARTESIAN_POINT ( 'NONE',  ( -7.224199629492202845, 12.63745838637431085, -4.401630206281039293 ) ) ;
#6747 = CARTESIAN_POINT ( 'NONE',  ( -11.55114064147760722, 14.53188003806869588, -1.045549753843008967 ) ) ;
#6746 = CARTESIAN_POINT ( 'NONE',  ( -4.900000000000001243, 14.90000000000000036, 4.999999999999999112 ) ) ;
#6748 = CARTESIAN_POINT ( 'NONE',  ( -10.05000189653952880, 9.000079442062618895, 5.999999999474079360 ) ) ;
#6749 = EDGE_CURVE ( 'NONE', #2204, #4805, #6571, .T. ) ;
#6750 = ORIENTED_EDGE ( 'NONE', *, *, #7112, .F. ) ;
#6751 = CARTESIAN_POINT ( 'NONE',  ( -19.80000000000000071, 13.81663783151691760, -0.9000000000000003553 ) ) ;
#6752 = CARTESIAN_POINT ( 'NONE',  ( -9.561180121839051083, 11.32733074886066582, 5.126185748110802187 ) ) ;
#6753 = CARTESIAN_POINT ( 'NONE',  ( -6.571719790073911938, 4.084923621232271707, -2.905115208613672895 ) ) ;
#6754 = CARTESIAN_POINT ( 'NONE',  ( -11.23125189653953093, 14.99996709349432145, -2.485360816083348023 ) ) ;
#6755 = CARTESIAN_POINT ( 'NONE',  ( -9.150001896539531998, 9.000079442062618895, 5.999999999474079360 ) ) ;
#6756 = CARTESIAN_POINT ( 'NONE',  ( -10.90625189653953164, 6.672477939253883328, -5.618924899550870933 ) ) ;
#6757 = EDGE_CURVE ( 'NONE', #5272, #1444, #6884, .T. ) ;
#6758 = ORIENTED_EDGE ( 'NONE', *, *, #5063, .F. ) ;
#6759 = CARTESIAN_POINT ( 'NONE',  ( -7.475001896539530399, 3.381044284241951026, 7.439690531061725408E-05 ) ) ;
#6760 = CARTESIAN_POINT ( 'NONE',  ( -10.83910719676907064, 6.582771595338118509, -5.173130761051817572 ) ) ;
#6761 = CARTESIAN_POINT ( 'NONE',  ( -8.894192170679312781, 14.69884009072888986, 0.1881208015842559811 ) ) ;
#6762 = SPHERICAL_SURFACE ( 'NONE', #5005, 0.1000000000000000056 ) ;
#6763 = CARTESIAN_POINT ( 'NONE',  ( -6.859502771836216262, 8.413004766129807521, 5.679939580473882366 ) ) ;
#6764 = CARTESIAN_POINT ( 'NONE',  ( -11.40345519924534834, 10.20091642429574108, 5.581777129414896343 ) ) ;
#6765 =( LENGTH_UNIT ( ) NAMED_UNIT ( * ) SI_UNIT ( .MILLI., .METRE. ) );
#6766 = EDGE_CURVE ( 'NONE', #1396, #5536, #4867, .T. ) ;
#6767 = LINE ( 'NONE', #3078, #5396 ) ;
#6768 = CARTESIAN_POINT ( 'NONE',  ( -10.86250189653953058, 13.24269686076859287, 4.242584512726211621 ) ) ;
#6769 = EDGE_LOOP ( 'NONE', ( #6036, #7526, #1105, #1640 ) ) ;
#6770 = VECTOR ( 'NONE', #3163, 1000.000000000000000 ) ;
#6771 = CARTESIAN_POINT ( 'NONE',  ( -12.66495265142264159, 5.708316466183830151, -4.665797082836524723 ) ) ;
#6772 = CARTESIAN_POINT ( 'NONE',  ( -6.720515162974694867, 8.758527708492213293, 5.704751837048841701 ) ) ;
#6773 = CARTESIAN_POINT ( 'NONE',  ( -10.90927443293583998, 6.742310008435754121, -5.148422439778845394 ) ) ;
#6774 = CYLINDRICAL_SURFACE ( 'NONE', #7178, 6.000000000000000000 ) ;
#6775 = CARTESIAN_POINT ( 'NONE',  ( -8.797843031207522202, 13.36565647006539237, 3.679482706285012394 ) ) ;
#6776 = CARTESIAN_POINT ( 'NONE',  ( -7.984079143370174769, 14.67808775102977847, 0.6040091473277461320 ) ) ;
#6777 = DIRECTION ( 'NONE',  ( 0.0000000000000000000, 1.000000000000000000, 0.0000000000000000000 ) ) ;
#6778 =( GEOMETRIC_REPRESENTATION_CONTEXT ( 3 ) GLOBAL_UNCERTAINTY_ASSIGNED_CONTEXT ( ( #2044 ) ) GLOBAL_UNIT_ASSIGNED_CONTEXT ( ( #5435, #3012, #2366 ) ) REPRESENTATION_CONTEXT ( 'NONE', 'WORKASPACE' ) );
#6780 = CARTESIAN_POINT ( 'NONE',  ( -12.21949331015912854, 12.43804562749515874, 4.559146848277877417 ) ) ;
#6779 = CARTESIAN_POINT ( 'NONE',  ( -14.01250189653953093, 4.757303139231405353, -4.242584512726213397 ) ) ;
#6781 = ORIENTED_EDGE ( 'NONE', *, *, #714, .F. ) ;
#6782 = CARTESIAN_POINT ( 'NONE',  ( -6.373845520379618712, 10.94916340887557205, -5.355496090801233677 ) ) ;
#6783 = PRESENTATION_LAYER_ASSIGNMENT (  '', '', ( #7437 ) ) ;
#6784 = CARTESIAN_POINT ( 'NONE',  ( -9.145372413307605086, 3.720228339604238155, -2.174161289385681428 ) ) ;
#6785 = CARTESIAN_POINT ( 'NONE',  ( -10.28467450445815068, 4.934478884101022977, 3.894528518133925310 ) ) ;
#6786 = ORIENTED_EDGE ( 'NONE', *, *, #5163, .T. ) ;
#6787 = SURFACE_SIDE_STYLE ('',( #4245 ) ) ;
#6788 = CARTESIAN_POINT ( 'NONE',  ( -7.373888597897928499, 4.710073666894683875, -3.633171023063988425 ) ) ;
#6789 = CARTESIAN_POINT ( 'NONE',  ( -11.50491323517507780, 14.31404284559546269, -2.089750563816782591 ) ) ;
#6790 = AXIS2_PLACEMENT_3D ( 'NONE', #543, #630, #7971 ) ;
#6791 = CARTESIAN_POINT ( 'NONE',  ( -10.44375084327952230, 11.48523483828331848, -6.000000000000000888 ) ) ;
#6792 = ORIENTED_EDGE ( 'NONE', *, *, #714, .T. ) ;
#6793 = CARTESIAN_POINT ( 'NONE',  ( -19.34597351329542647, 13.83676891589265345, 0.7859850502877074874 ) ) ;
#6794 = CARTESIAN_POINT ( 'NONE',  ( -9.714777018190730473, 13.77152065745973530, 3.137001436893784856 ) ) ;
#6795 = CIRCLE ( 'NONE', #5753, 1.000000000000000222 ) ;
#6796 = CARTESIAN_POINT ( 'NONE',  ( -6.745218134587691594, 4.524260092095013341, 3.544718377161880873 ) ) ;
#6797 = DIRECTION ( 'NONE',  ( 1.000000000000000000, -0.0000000000000000000, -0.0000000000000000000 ) ) ;
#6798 = CARTESIAN_POINT ( 'NONE',  ( -11.11875189653953022, 15.00003290545384260, 2.485201931958106236 ) ) ;
#6799 = CARTESIAN_POINT ( 'NONE',  ( -11.75000189653952987, 8.999925603094688142, -5.618955715758048086 ) ) ;
#6800 = CARTESIAN_POINT ( 'NONE',  ( -12.86425242529980117, 3.387451551310254327, -0.4420482926436921645 ) ) ;
#6801 = ORIENTED_EDGE ( 'NONE', *, *, #1404, .F. ) ;
#6802 = CARTESIAN_POINT ( 'NONE',  ( -8.431251896539531998, 3.381075100449129511, 2.327522060746118893 ) ) ;
#6803 = CARTESIAN_POINT ( 'NONE',  ( -10.62766157568677272, 13.92782991418852134, -2.884440226786269434 ) ) ;
#6804 = CARTESIAN_POINT ( 'NONE',  ( -8.898388005220619235, 14.70189694022152516, 0.01100383614504726014 ) ) ;
#6805 = ADVANCED_FACE ( 'NONE', ( #2688 ), #1997, .F. ) ;
#6806 = CARTESIAN_POINT ( 'NONE',  ( -6.900000997523411783, 8.999960278968686112, -5.999999999999998224 ) ) ;
#6807 = AXIS2_PLACEMENT_3D ( 'NONE', #6108, #1083, #3030 ) ;
#6808 = CARTESIAN_POINT ( 'NONE',  ( -7.518751896539530577, 15.00003290545384260, 2.485201931958106236 ) ) ;
#6809 = CARTESIAN_POINT ( 'NONE',  ( -6.850493473390611321, 8.054954824388833146, 5.631430209973308898 ) ) ;
#6810 = CARTESIAN_POINT ( 'NONE',  ( -10.73947001835523807, 14.47506958878447847, -1.618950769740675311 ) ) ;
#6811 = CARTESIAN_POINT ( 'NONE',  ( -13.00000000000000178, 9.000000000000000000, 0.0000000000000000000 ) ) ;
#6812 = CARTESIAN_POINT ( 'NONE',  ( -7.825001896539530044, 3.000000000525920640, 7.944206261983304126E-05 ) ) ;
#6813 = ORIENTED_EDGE ( 'NONE', *, *, #3934, .F. ) ;
#6814 = CARTESIAN_POINT ( 'NONE',  ( -12.55904363516980027, 9.711091873113751660, -5.665466340086188879 ) ) ;
#6815 = DIRECTION ( 'NONE',  ( 0.0000000000000000000, 0.0000000000000000000, 1.000000000000000000 ) ) ;
#6816 = ADVANCED_FACE ( 'NONE', ( #2082 ), #3654, .T. ) ;
#6817 = CARTESIAN_POINT ( 'NONE',  ( -10.85383396298693981, 6.075964478005454694, -4.904644744868067008 ) ) ;
#6818 = CARTESIAN_POINT ( 'NONE',  ( -7.262501896539530044, 13.24269686076859287, 4.242584512726212509 ) ) ;
#6819 = CARTESIAN_POINT ( 'NONE',  ( -8.634713601628845936, 7.449258561276401736, 5.494789341440142749 ) ) ;
#6820 = CARTESIAN_POINT ( 'NONE',  ( -12.63750189653953093, 4.757415487273786603, 4.242696860768593758 ) ) ;
#6821 = DIRECTION ( 'NONE',  ( 1.000000000000000000, -0.0000000000000000000, -0.0000000000000000000 ) ) ;
#6823 = CARTESIAN_POINT ( 'NONE',  ( -12.60741086569462510, 13.15041047631456372, -3.921735463644981046 ) ) ;
#6822 = CARTESIAN_POINT ( 'NONE',  ( -9.793751896539529156, 6.514798068041888435, 6.000032905453838161 ) ) ;
#6824 = EDGE_LOOP ( 'NONE', ( #3173, #2682, #70, #2311 ) ) ;
#6825 = CARTESIAN_POINT ( 'NONE',  ( 4.999999999999999112, 15.00000000000000000, 4.899999999999997691 ) ) ;
#6826 = AXIS2_PLACEMENT_3D ( 'NONE', #4916, #6304, #7412 ) ;
#6827 = CARTESIAN_POINT ( 'NONE',  ( -8.704730931102981017, 14.40723969904955837, 1.834212705043112290 ) ) ;
#6828 = CARTESIAN_POINT ( 'NONE',  ( -10.50026081157444402, 10.07753454990130848, 5.607530200758982453 ) ) ;
#6829 = ORIENTED_EDGE ( 'NONE', *, *, #5149, .T. ) ;
#6830 = CARTESIAN_POINT ( 'NONE',  ( -7.461395563553711696, 3.783029335858462794, 2.321588939720620193 ) ) ;
#6832 = CARTESIAN_POINT ( 'NONE',  ( -11.67880085358577702, 8.896779811199602150, -5.700975656506123812 ) ) ;
#6831 = CARTESIAN_POINT ( 'NONE',  ( -11.56875189653953306, 2.999967094546160951, -2.485201931958109345 ) ) ;
#6833 = CARTESIAN_POINT ( 'NONE',  ( -13.00000000000000178, 14.81789823698613162, 1.286154560576706851 ) ) ;
#6834 = ORIENTED_EDGE ( 'NONE', *, *, #5012, .F. ) ;
#6835 = DIRECTION ( 'NONE',  ( -1.000000000000000000, 0.0000000000000000000, 0.0000000000000000000 ) ) ;
#6836 = AXIS2_PLACEMENT_3D ( 'NONE', #7991, #6572, #4891 ) ;
#6837 = CARTESIAN_POINT ( 'NONE',  ( -9.536990982287434804, 7.534807063980264452, 5.519011107563620122 ) ) ;
#6838 = CARTESIAN_POINT ( 'NONE',  ( -6.701389149469467732, 3.673885731400828192, 2.057453105326906506 ) ) ;
#6839 = CARTESIAN_POINT ( 'NONE',  ( -5.100000000000002309, 14.06572552398066911, 4.830985915492899352 ) ) ;
#6840 = DIRECTION ( 'NONE',  ( -0.0000000000000000000, -1.000000000000000000, -0.0000000000000000000 ) ) ;
#6841 = CARTESIAN_POINT ( 'NONE',  ( -11.52500189653953022, 14.61895571575804809, -7.439690531130537009E-05 ) ) ;
#6842 = CARTESIAN_POINT ( 'NONE',  ( -12.90220609602961233, 4.642866091682305019, 3.678006881874990253 ) ) ;
#6843 = ORIENTED_EDGE ( 'NONE', *, *, #5413, .T. ) ;
#6844 = CARTESIAN_POINT ( 'NONE',  ( -6.326056753436652969, 9.990700134208017502, -5.618968833953441155 ) ) ;
#6845 = CARTESIAN_POINT ( 'NONE',  ( -10.79420325406144876, 8.264745628303129976, -5.662334224040885822 ) ) ;
#6846 = CARTESIAN_POINT ( 'NONE',  ( -8.911170867577951071, 14.68648724331215938, -0.5189889304053366681 ) ) ;
#6847 = CARTESIAN_POINT ( 'NONE',  ( -6.900000098502364843, 8.999999999999998224, -5.999999999999998224 ) ) ;
#6848 = CARTESIAN_POINT ( 'NONE',  ( -9.431251896539530222, 14.99996709349432145, -2.485360816083348023 ) ) ;
#6849 = CARTESIAN_POINT ( 'NONE',  ( -6.782987576225400161, 11.20021185019137455, 5.269230842127520020 ) ) ;
#6850 = CARTESIAN_POINT ( 'NONE',  ( -11.55988712888439274, 14.49687421934774889, 1.544322243098664948 ) ) ;
#6851 = DIRECTION ( 'NONE',  ( -1.000000000000000000, 0.0000000000000000000, 0.0000000000000000000 ) ) ;
#6852 = CARTESIAN_POINT ( 'NONE',  ( -8.331251896539530577, 14.99996709349432145, -2.485360816083347135 ) ) ;
#6853 = EDGE_CURVE ( 'NONE', #7162, #6051, #5126, .T. ) ;
#6854 = AXIS2_PLACEMENT_3D ( 'NONE', #4989, #6301, #4476 ) ;
#6855 = CARTESIAN_POINT ( 'NONE',  ( -12.75272140145350086, 3.618157766742366555, -1.908025224686750621 ) ) ;
#6856 = APPLICATION_CONTEXT ( 'automotive_design' ) ;
#6857 = CARTESIAN_POINT ( 'NONE',  ( -8.077068232204004161, 8.964225357948036432, -5.710007712733007779 ) ) ;
#6858 = CARTESIAN_POINT ( 'NONE',  ( -6.274941885247985240, 9.056967123123033758, -5.701597453093860679 ) ) ;
#6859 = CARTESIAN_POINT ( 'NONE',  ( -11.13686372967646321, 3.892135025337093879, 2.348027447878048513 ) ) ;
#6860 = CARTESIAN_POINT ( 'NONE',  ( -7.487501896539529689, 13.24258451272621073, -4.242696860768593758 ) ) ;
#6861 = CARTESIAN_POINT ( 'NONE',  ( -9.342141435914809833, 3.297072108964154591, -0.2726832271903387173 ) ) ;
#6862 = CARTESIAN_POINT ( 'NONE',  ( -5.000000000000009770, 3.861906968533753481, -4.900000000000032330 ) ) ;
#6864 = CARTESIAN_POINT ( 'NONE',  ( -12.38808150347214010, 14.51822381696707076, -1.467912283807330631 ) ) ;
#6863 = CARTESIAN_POINT ( 'NONE',  ( -11.08750189653953022, 13.24258451272621073, -4.242696860768593758 ) ) ;
#6865 = VERTEX_POINT ( 'NONE', #5936 ) ;
#6866 = DIRECTION ( 'NONE',  ( 1.000000000000000000, -0.0000000000000000000, -0.0000000000000000000 ) ) ;
#6867 = EDGE_CURVE ( 'NONE', #2092, #6228, #1558, .T. ) ;
#6868 = CARTESIAN_POINT ( 'NONE',  ( -8.351419892429271741, 3.638035498758595221, 1.962990954204630212 ) ) ;
#6869 = CARTESIAN_POINT ( 'NONE',  ( -10.33778317524600610, 6.636598059321884513, 5.109720797017872407 ) ) ;
#6870 = ORIENTED_EDGE ( 'NONE', *, *, #2149, .F. ) ;
#6871 = CARTESIAN_POINT ( 'NONE',  ( -7.368073543187389163, 3.455633207876633417, -1.331090661160932553 ) ) ;
#6872 = CARTESIAN_POINT ( 'NONE',  ( -4.999999999999966249, 4.313294893597205082, 5.087403305639090156 ) ) ;
#6873 = EDGE_CURVE ( 'NONE', #7488, #1348, #3737, .T. ) ;
#6874 = ORIENTED_EDGE ( 'NONE', *, *, #4856, .F. ) ;
#6875 = SURFACE_SIDE_STYLE ('',( #7527 ) ) ;
#6876 = CARTESIAN_POINT ( 'NONE',  ( -9.688002157840282180, 13.12788529819725269, 3.993943266600568531 ) ) ;
#6877 = CARTESIAN_POINT ( 'NONE',  ( -4.900000000000001243, 15.00000000000000000, 4.899999999999998579 ) ) ;
#6878 = CARTESIAN_POINT ( 'NONE',  ( -7.631251896539532176, 14.99996709349432145, -2.485360816083348023 ) ) ;
#6879 = CARTESIAN_POINT ( 'NONE',  ( -10.68843789079273776, 12.26403226346529785, -4.675211418627902127 ) ) ;
#6880 = CARTESIAN_POINT ( 'NONE',  ( -8.790905803645262750, 14.48910952478361303, -1.574388813374845819 ) ) ;
#6881 = CARTESIAN_POINT ( 'NONE',  ( 4.899999999999998579, 0.0000000000000000000, -4.250072516143176395E-16 ) ) ;
#6882 = CARTESIAN_POINT ( 'NONE',  ( -9.487501896539530577, 13.24258451272621073, -4.242696860768593758 ) ) ;
#6883 = CARTESIAN_POINT ( 'NONE',  ( -11.80163536296268667, 9.899864850162412466, -5.638063798434612472 ) ) ;
#6884 = B_SPLINE_CURVE_WITH_KNOTS ( 'NONE', 3,
 ( #2645, #3224, #4520, #604, #1206, #6382, #4560, #3261, #4890, #5068, #1432, #3077, #7567, #9, #833, #5153, #3305, #230 ),
 .UNSPECIFIED., .F., .F.,
 ( 4, 2, 2, 2, 2, 2, 2, 2, 4 ),
 ( 0.0000000000000000000, 0.0003524744670678926360, 0.0007049489341357852721, 0.001057423401203677529, 0.001409897868271569894, 0.001762372335339462475, 0.002114846802407354624, 0.002467321269475246989, 0.002819795736543139354 ),
 .UNSPECIFIED. ) ;
#6885 = CARTESIAN_POINT ( 'NONE',  ( -8.612501896539530577, 4.757303139231405353, -4.242584512726212509 ) ) ;
#6886 = CARTESIAN_POINT ( 'NONE',  ( -12.89851144493803403, 4.547885498985036357, 3.562316134191880312 ) ) ;
#6887 = CARTESIAN_POINT ( 'NONE',  ( -8.357759193521932417, 4.387206312087756466, -3.365746354628468939 ) ) ;
#6888 = CARTESIAN_POINT ( 'NONE',  ( -6.341256262978487435, 6.507466893501396399, -5.137197522152653129 ) ) ;
#6889 = CARTESIAN_POINT ( 'NONE',  ( -11.10369881957730342, 4.674137523555299545, 3.727694161687795216 ) ) ;
#6890 = DIRECTION ( 'NONE',  ( 1.000000000000000000, -0.0000000000000000000, -0.0000000000000000000 ) ) ;
#6891 = CARTESIAN_POINT ( 'NONE',  ( -9.462612755293312361, 5.002595625717059846, 4.076706583851066767 ) ) ;
#6892 = CARTESIAN_POINT ( 'NONE',  ( -9.062501896539529866, 13.24269686076859287, 4.242584512726212509 ) ) ;
#6893 = CARTESIAN_POINT ( 'NONE',  ( 0.0000000000000000000, 0.5000000000000004441, 0.0000000000000000000 ) ) ;
#6894 = DIRECTION ( 'NONE',  ( 0.0000000000000000000, 0.0000000000000000000, 1.000000000000000000 ) ) ;
#6896 = CARTESIAN_POINT ( 'NONE',  ( -12.56866345027659726, 12.00895396104095347, -4.758300306164952254 ) ) ;
#6895 = CARTESIAN_POINT ( 'NONE',  ( -11.36875189653953022, 2.999967094546160951, -2.485201931958109345 ) ) ;
#6897 = CARTESIAN_POINT ( 'NONE',  ( -20.50000000000000000, 9.000000000000000000, 0.0000000000000000000 ) ) ;
#6898 = ORIENTED_EDGE ( 'NONE', *, *, #2285, .F. ) ;
#6899 = CARTESIAN_POINT ( 'NONE',  ( -8.307241233272627312, 3.295584364370209407, 0.2505944742188390695 ) ) ;
#6900 = CARTESIAN_POINT ( 'NONE',  ( -10.56709640185349208, 14.67306512914550609, -0.6512684930640868508 ) ) ;
#6901 = EDGE_CURVE ( 'NONE', #1864, #2668, #7758, .T. ) ;
#6902 = LINE ( 'NONE', #5915, #1643 ) ;
#6903 = SURFACE_STYLE_FILL_AREA ( #2975 ) ;
#6904 = EDGE_CURVE ( 'NONE', #4744, #8004, #5528, .T. ) ;
#6905 = CARTESIAN_POINT ( 'NONE',  ( -7.399124658068567228, 3.290512563829200765, -0.09651213072520950509 ) ) ;
#6906 = CARTESIAN_POINT ( 'NONE',  ( -11.93345837543081345, 5.050105048953482445, -4.112234865541609885 ) ) ;
#6907 = DIRECTION ( 'NONE',  ( 1.000000000000000000, -0.0000000000000000000, -0.0000000000000000000 ) ) ;
#6908 = EDGE_LOOP ( 'NONE', ( #5155, #3188, #4507, #7346, #179, #7942, #5730, #172, #6480, #5855, #4593, #2914, #3348, #7810, #7131, #3634, #949, #3658 ) ) ;
#6909 = AXIS2_PLACEMENT_3D ( 'NONE', #6934, #7428, #4460 ) ;
#6910 = PRESENTATION_STYLE_ASSIGNMENT (( #5693 ) ) ;
#6911 = CARTESIAN_POINT ( 'NONE',  ( -9.631269165369808150, 14.65072885322405760, 0.8214105061392626972 ) ) ;
#6912 = ADVANCED_FACE ( 'NONE', ( #6428 ), #2121, .F. ) ;
#6913 =( BOUNDED_CURVE ( )  B_SPLINE_CURVE ( 2, ( #524, #1168, #2957, #4697, #4772, #7912, #2262, #7874, #4734, #7301, #5920 ),
 .UNSPECIFIED., .F., .T. ) 
 B_SPLINE_CURVE_WITH_KNOTS ( ( 3, 2, 2, 2, 2, 3 ),
 ( 0.8888891291572226239, 0.9027777777777777901, 0.9166666666666666297, 0.9305555555555555802, 0.9444444444444444198, 0.9444446847195178130 ),
 .UNSPECIFIED. ) 
 CURVE ( )  GEOMETRIC_REPRESENTATION_ITEM ( )  RATIONAL_B_SPLINE_CURVE ( ( 0.9999973663809044178, 0.9238808493436148073, 1.000000000000000000, 0.9238795325112867385, 1.000000000000000000, 0.9238795325112867385, 1.000000000000000000, 0.9238795325112867385, 1.000000000000000000, 0.9999986831307342561, 0.9999973663070316210 ) ) 
 REPRESENTATION_ITEM ( '' )  );
#6914 = CARTESIAN_POINT ( 'NONE',  ( -19.80000000000000071, 13.81663783151691760, 0.9000000000000003553 ) ) ;
#6915 = AXIS2_PLACEMENT_3D ( 'NONE', #1992, #180, #6340 ) ;
#6916 = PRODUCT ( '7270AE32-03C6-4D5E-9A18-3D3B83AF96ED', '7270AE32-03C6-4D5E-9A18-3D3B83AF96ED', '', ( #715 ) ) ;
#6917 = DIRECTION ( 'NONE',  ( 0.0000000000000000000, -0.0000000000000000000, 1.000000000000000000 ) ) ;
#6918 = CARTESIAN_POINT ( 'NONE',  ( -10.00625189653953129, 6.672477939253883328, -5.618924899550870933 ) ) ;
#6919 = CARTESIAN_POINT ( 'NONE',  ( -8.500000098502365375, 8.999999999999998224, -5.999999999999998224 ) ) ;
#6920 = ORIENTED_EDGE ( 'NONE', *, *, #7417, .T. ) ;
#6921 = AXIS2_PLACEMENT_3D ( 'NONE', #4107, #5993, #7792 ) ;
#6922 = CARTESIAN_POINT ( 'NONE',  ( -10.86589293561131342, 5.677893239882325638, -4.643987710701331650 ) ) ;
#6923 = CARTESIAN_POINT ( 'NONE',  ( -8.879970696600926416, 12.53907716912559067, -4.481252122878226274 ) ) ;
#6924 = CARTESIAN_POINT ( 'NONE',  ( -13.00000000000000178, 14.90470710536146015, -1.065098117496177998 ) ) ;
#6925 = CARTESIAN_POINT ( 'NONE',  ( -6.809607724170868792, 6.540768292716311549, 5.144356430875516750 ) ) ;
#6926 = CARTESIAN_POINT ( 'NONE',  ( -11.61067235140179044, 14.68779628852187713, -0.4986128320649876877 ) ) ;
#6927 = SURFACE_SIDE_STYLE ('',( #4454 ) ) ;
#6928 = CIRCLE ( 'NONE', #1612, 0.1000000000000002554 ) ;
#6929 = CARTESIAN_POINT ( 'NONE',  ( -9.568751896539529511, 2.999967094546162283, -2.485201931958109345 ) ) ;
#6930 = CARTESIAN_POINT ( 'NONE',  ( -8.348776317222892374, 4.609268162531765078, -3.650707056959593633 ) ) ;
#6931 =( GEOMETRIC_REPRESENTATION_CONTEXT ( 3 ) GLOBAL_UNCERTAINTY_ASSIGNED_CONTEXT ( ( #3267 ) ) GLOBAL_UNIT_ASSIGNED_CONTEXT ( ( #2211, #1649, #359 ) ) REPRESENTATION_CONTEXT ( 'NONE', 'WORKASPACE' ) );
#6932 = FACE_OUTER_BOUND ( 'NONE', #3179, .T. ) ;
#6933 = CARTESIAN_POINT ( 'NONE',  ( -11.20313668508432769, 5.494773588081095284, 4.405394997479303854 ) ) ;
#6934 = CARTESIAN_POINT ( 'NONE',  ( -20.19999999999999929, 9.000000000000000000, 0.0000000000000000000 ) ) ;
#6935 = CARTESIAN_POINT ( 'NONE',  ( -9.795269791125706504, 14.69992863523296300, 0.1433391393251633450 ) ) ;
#6936 = DIRECTION ( 'NONE',  ( 0.0000000000000000000, 0.0000000000000000000, 1.000000000000000000 ) ) ;
#6937 = CARTESIAN_POINT ( 'NONE',  ( -5.000000000000031086, 3.934274476019173683, -4.830985915493008598 ) ) ;
#6938 = LINE ( 'NONE', #2440, #1755 ) ;
#6940 = CARTESIAN_POINT ( 'NONE',  ( -12.40629153564636233, 14.28665235144673851, -2.136244972703428946 ) ) ;
#6939 = CARTESIAN_POINT ( 'NONE',  ( -12.15625189653952987, 6.514639183916651533, -5.999967093494321446 ) ) ;
#6941 = ORIENTED_EDGE ( 'NONE', *, *, #460, .F. ) ;
#6942 = CARTESIAN_POINT ( 'NONE',  ( -8.545074488254527978, 9.769951301306029734, 5.657816517940532641 ) ) ;
#6943 = CARTESIAN_POINT ( 'NONE',  ( -10.50772916242316235, 12.83331887578302855, 4.112072478913737505 ) ) ;
#6944 = CARTESIAN_POINT ( 'NONE',  ( -7.579999970359935446, 4.805141105881404862, 3.754685425372265239 ) ) ;
#6946 = CARTESIAN_POINT ( 'NONE',  ( -11.83031744538621766, 8.723005760637850159, -5.695223857627898845 ) ) ;
#6945 = CARTESIAN_POINT ( 'NONE',  ( -12.30000189653953058, 8.999920557937377552, -5.999999999474079360 ) ) ;
#6947 = FACE_OUTER_BOUND ( 'NONE', #5557, .T. ) ;
#6948 = AXIS2_PLACEMENT_3D ( 'NONE', #6080, #7269, #2998 ) ;
#6949 = CLOSED_SHELL ( 'NONE', ( #998, #6503, #2874, #6958 ) ) ;
#6950 = ORIENTED_EDGE ( 'NONE', *, *, #6410, .T. ) ;
#6951 = EDGE_CURVE ( 'NONE', #2320, #465, #5795, .T. ) ;
#6952 = CARTESIAN_POINT ( 'NONE',  ( -9.928987936406130643, 12.48648348950500520, -4.522225693737849994 ) ) ;
#6953 = CARTESIAN_POINT ( 'NONE',  ( -7.912501896539530399, 4.757303139231405353, -4.242584512726213397 ) ) ;
#6955 = CARTESIAN_POINT ( 'NONE',  ( -10.51250189653953093, 12.97325429635567140, 3.973149083243181945 ) ) ;
#6954 = DIRECTION ( 'NONE',  ( 0.0000000000000000000, -0.0000000000000000000, 1.000000000000000000 ) ) ;
#6956 = CARTESIAN_POINT ( 'NONE',  ( -13.02251552818780311, 8.836658074620567405, 5.707823348310221867 ) ) ;
#6957 = ORIENTED_EDGE ( 'NONE', *, *, #7954, .F. ) ;
#6958 = ADVANCED_FACE ( 'NONE', ( #1594 ), #990, .F. ) ;
#6959 = AXIS2_PLACEMENT_3D ( 'NONE', #5858, #951, #305 ) ;
#6960 = VECTOR ( 'NONE', #4685, 1000.000000000000000 ) ;
#6961 = CARTESIAN_POINT ( 'NONE',  ( -9.714731660552674342, 14.15530275142466010, -2.436046092549063680 ) ) ;
#6962 = CARTESIAN_POINT ( 'NONE',  ( -9.133160176118058970, 5.934601700590219409, -4.712398032888577504 ) ) ;
#6963 = DIRECTION ( 'NONE',  ( 8.673617379884035472E-17, -0.0000000000000000000, 1.000000000000000000 ) ) ;
#6964 = CARTESIAN_POINT ( 'NONE',  ( -11.98750189653952880, 13.24258451272621073, -4.242696860768593758 ) ) ;
#6965 = CARTESIAN_POINT ( 'NONE',  ( -6.903736970052520405, 14.38738646018113698, 1.867706243655653964 ) ) ;
#6966 = CARTESIAN_POINT ( 'NONE',  ( -11.61916517242761060, 14.64753620849054094, -0.8383135927283822397 ) ) ;
#6967 = AXIS2_PLACEMENT_3D ( 'NONE', #3555, #2856, #471 ) ;
#6968 = CARTESIAN_POINT ( 'NONE',  ( -10.07500189653953093, 14.99999999947407758, -7.944206262056783218E-05 ) ) ;
#6969 = ADVANCED_FACE ( 'NONE', ( #5358 ), #6469, .T. ) ;
#6970 = CARTESIAN_POINT ( 'NONE',  ( -11.93634362071592570, 3.472368969280888340, 1.398864900621226370 ) ) ;
#6971 = CARTESIAN_POINT ( 'NONE',  ( -8.275141459531281996, 4.669928015208496319, -3.597960090540814448 ) ) ;
#6972 = CARTESIAN_POINT ( 'NONE',  ( -6.270708533292597586, 9.234706545286190504, -5.697052492772713528 ) ) ;
#6973 = CARTESIAN_POINT ( 'NONE',  ( -11.22426399687653209, 4.064651970638309741, 2.855621680927539430 ) ) ;
#6974 = CARTESIAN_POINT ( 'NONE',  ( -9.230130041682411246, 5.147589098020394438, -4.214172660439403195 ) ) ;
#6975 = CARTESIAN_POINT ( 'NONE',  ( 0.0000000000000000000, 10.00000000000000000, 0.0000000000000000000 ) ) ;
#6976 = CARTESIAN_POINT ( 'NONE',  ( -12.30000099752341214, 8.999960278968686112, -5.999999999999998224 ) ) ;
#6977 = DIRECTION ( 'NONE',  ( -1.000000000000000000, 0.0000000000000000000, 0.0000000000000000000 ) ) ;
#6979 = CARTESIAN_POINT ( 'NONE',  ( -12.41546720389975533, 14.14310027258895808, -2.461859873745445348 ) ) ;
#6978 = CARTESIAN_POINT ( 'NONE',  ( -10.46875189653953164, 2.999967094546160951, -2.485201931958109345 ) ) ;
#6980 = CARTESIAN_POINT ( 'NONE',  ( -5.100000000000002309, 9.000000000000000000, 0.0000000000000000000 ) ) ;
#6981 = VERTEX_POINT ( 'NONE', #2850 ) ;
#6982 = CARTESIAN_POINT ( 'NONE',  ( -8.651026256702555983, 13.38025554523242278, 3.662804791608711419 ) ) ;
#6983 = CARTESIAN_POINT ( 'NONE',  ( -10.43409376573655756, 12.88932783615316779, 4.169572192623868467 ) ) ;
#6984 = PRESENTATION_STYLE_ASSIGNMENT (( #25 ) ) ;
#6985 = CARTESIAN_POINT ( 'NONE',  ( -6.899297057737683758, 10.03977226481557494, 5.613999476025698598 ) ) ;
#6986 = CARTESIAN_POINT ( 'NONE',  ( -7.381528347278234037, 3.355583527019629475, -0.8079239339487307436 ) ) ;
#6987 = CARTESIAN_POINT ( 'NONE',  ( -5.999949999929704347, 11.05204960117296054, -5.638181660281599505 ) ) ;
#6989 = CARTESIAN_POINT ( 'NONE',  ( -11.91165644389401557, 5.729648159002877605, -4.680918285374101373 ) ) ;
#6988 = CARTESIAN_POINT ( 'NONE',  ( -11.96250189653953022, 13.24269686076859287, 4.242584512726212509 ) ) ;
#6990 = CARTESIAN_POINT ( 'NONE',  ( -13.00000000000000178, 9.000000000000000000, -4.899999999999999467 ) ) ;
#6991 = EDGE_LOOP ( 'NONE', ( #7631, #3764, #4484 ) ) ;
#6992 = CARTESIAN_POINT ( 'NONE',  ( -8.206251896539532353, 6.672477939253883328, -5.618924899550870933 ) ) ;
#6993 = CARTESIAN_POINT ( 'NONE',  ( -9.882474149892326309, 11.54323089016415516, -5.013533465602189487 ) ) ;
#6994 = EDGE_CURVE ( 'NONE', #926, #2276, #4252, .T. ) ;
#6995 = CARTESIAN_POINT ( 'NONE',  ( -11.65000009850236573, 9.000000000000000000, 5.999999999999998224 ) ) ;
#6996 = CARTESIAN_POINT ( 'NONE',  ( -7.925001896539531465, 14.61895571575804809, -7.439690531130537009E-05 ) ) ;
#6997 = CARTESIAN_POINT ( 'NONE',  ( -9.768751896539530577, 2.999967094546160951, -2.485201931958109345 ) ) ;
#6998 = EDGE_LOOP ( 'NONE', ( #6057, #7403, #1210, #596 ) ) ;
#6999 = CARTESIAN_POINT ( 'NONE',  ( -10.21275198866513279, 4.933923771040118922, 4.008682318617176499 ) ) ;
#7000 = CARTESIAN_POINT ( 'NONE',  ( -9.152106654545661968, 7.850897441665288135, -5.593308974228440533 ) ) ;
#7001 = CARTESIAN_POINT ( 'NONE',  ( -5.063418280080806078, 14.97728422964603645, -3.633118895163189865 ) ) ;
#7002 = DIRECTION ( 'NONE',  ( 0.0000000000000000000, -1.000000000000000000, 0.0000000000000000000 ) ) ;
#7003 = EDGE_CURVE ( 'NONE', #5932, #4644, #747, .T. ) ;
#7004 = CARTESIAN_POINT ( 'NONE',  ( -7.207213192789459377, 13.14791211798346460, -3.912407074155715314 ) ) ;
#7005 = ADVANCED_FACE ( 'NONE', ( #2282 ), #5898, .T. ) ;
#7006 = CARTESIAN_POINT ( 'NONE',  ( -12.00840781868055451, 3.519265734272780666, -1.599722863543005413 ) ) ;
#7007 = CARTESIAN_POINT ( 'NONE',  ( -12.55000009850236609, 9.000000000000000000, 5.999999999999998224 ) ) ;
#7008 = ORIENTED_EDGE ( 'NONE', *, *, #4797, .T. ) ;
#7009 = CARTESIAN_POINT ( 'NONE',  ( -12.93125189653953200, 3.381075100449129511, 2.327522060746118893 ) ) ;
#7010 = CARTESIAN_POINT ( 'NONE',  ( -12.10933345929784011, 8.300493138458444164, 5.666858281651111717 ) ) ;
#7011 = CARTESIAN_POINT ( 'NONE',  ( -8.543526695864654741, 6.837680546342548737, 5.197999862533302817 ) ) ;
#7012 = CARTESIAN_POINT ( 'NONE',  ( -11.27677140492255958, 5.443316837902575145, 4.467154459724341109 ) ) ;
#7013 = CARTESIAN_POINT ( 'NONE',  ( -6.228274913406167457, 10.88414267019845028, -5.379148120482225792 ) ) ;
#7014 = EDGE_CURVE ( 'NONE', #7079, #1269, #879, .T. ) ;
#7015 = CARTESIAN_POINT ( 'NONE',  ( -9.254893856223839421, 4.456405667435547890, -3.457319700394688500 ) ) ;
#7016 = DIRECTION ( 'NONE',  ( 0.0000000000000000000, -0.0000000000000000000, -1.000000000000000000 ) ) ;
#7017 = CARTESIAN_POINT ( 'NONE',  ( -4.954927305442480723, 13.94454817654117029, -4.984877132188226589 ) ) ;
#7018 = FACE_OUTER_BOUND ( 'NONE', #4515, .T. ) ;
#7020 = CARTESIAN_POINT ( 'NONE',  ( -12.64312605228880315, 6.445393849802131037, -5.097627023652830047 ) ) ;
#7019 = CARTESIAN_POINT ( 'NONE',  ( -8.837501896539530222, 4.757415487273786603, 4.242696860768593758 ) ) ;
#7021 = CARTESIAN_POINT ( 'NONE',  ( -24.00000000000000000, 9.000000000000000000, 4.699999999999999289 ) ) ;
#7022 = VERTEX_POINT ( 'NONE', #3504 ) ;
#7023 = CARTESIAN_POINT ( 'NONE',  ( -7.645551385222197460, 9.788849468133216547, 5.655116312596945249 ) ) ;
#7024 = CARTESIAN_POINT ( 'NONE',  ( -10.53365360348609236, 13.53797613972746738, 3.331869799748031546 ) ) ;
#7025 = DIRECTION ( 'NONE',  ( -0.0000000000000000000, -1.000000000000000000, -0.0000000000000000000 ) ) ;
#7026 = CARTESIAN_POINT ( 'NONE',  ( -7.193946972307779575, 13.50745238036419948, -3.504500209444510350 ) ) ;
#7027 = CARTESIAN_POINT ( 'NONE',  ( -7.794343090947634778, 12.42647383475962997, 4.467024587737721042 ) ) ;
#7028 = DIRECTION ( 'NONE',  ( -1.000000000000000000, 0.0000000000000000000, 0.0000000000000000000 ) ) ;
#7029 = AXIS2_PLACEMENT_3D ( 'NONE', #1365, #1253, #5709 ) ;
#7031 = CARTESIAN_POINT ( 'NONE',  ( -11.96017090461842614, 3.763937619589581285, 2.278101574267223484 ) ) ;
#7030 = CARTESIAN_POINT ( 'NONE',  ( -9.712501896539530222, 4.757303139231405353, -4.242584512726213397 ) ) ;
#7032 = CARTESIAN_POINT ( 'NONE',  ( -5.005545988021859571, 4.086880305013536940, 4.945236872917883275 ) ) ;
#7033 = ORIENTED_EDGE ( 'NONE', *, *, #1349, .F. ) ;
#7034 = CARTESIAN_POINT ( 'NONE',  ( -7.081251896539530577, 14.61892489955086916, -2.327522060746116672 ) ) ;
#7035 = CARTESIAN_POINT ( 'NONE',  ( -9.909895553377250366, 10.57121176799806150, -5.406065561326761859 ) ) ;
#7037 = CARTESIAN_POINT ( 'NONE',  ( -12.01875189653953058, 15.00003290545384260, 2.485201931958106236 ) ) ;
#7036 = CARTESIAN_POINT ( 'NONE',  ( 4.163799117101001052E-16, 0.09999999999999939493, -3.400000000000000355 ) ) ;
#7038 = VERTEX_POINT ( 'NONE', #4677 ) ;
#7039 = CARTESIAN_POINT ( 'NONE',  ( -9.035008544882026982, 9.611065178545700860, -5.596660975518999770 ) ) ;
#7040 = CARTESIAN_POINT ( 'NONE',  ( -13.00000000000000178, 9.000000000000000000, 0.0000000000000000000 ) ) ;
#7041 = LINE ( 'NONE', #5867, #8006 ) ;
#7042 = CARTESIAN_POINT ( 'NONE',  ( -7.052341910291278992, 14.52302589115557652, -1.091587103502307698 ) ) ;
#7043 = CARTESIAN_POINT ( 'NONE',  ( -12.62859351210338055, 12.49871268434406701, -4.511792145935196174 ) ) ;
#7044 = FILL_AREA_STYLE_COLOUR ( '', #3963 ) ;
#7045 = AXIS2_PLACEMENT_3D ( 'NONE', #5969, #7239, #2881 ) ;
#7046 = CARTESIAN_POINT ( 'NONE',  ( -12.48125189653952916, 14.61892489955086916, -2.327522060746116672 ) ) ;
#7047 = ADVANCED_FACE ( 'NONE', ( #5317, #4718 ), #6667, .F. ) ;
#7048 = CARTESIAN_POINT ( 'NONE',  ( -12.22828037193372985, 12.71130705288866558, 4.328700194558523506 ) ) ;
#7049 = CARTESIAN_POINT ( 'NONE',  ( -8.390085140211242631, 4.344919012006950965, 3.292800089587943457 ) ) ;
#7050 = CARTESIAN_POINT ( 'NONE',  ( -11.19448426607128333, 5.227394933837404167, 4.179093437276817369 ) ) ;
#7051 = CIRCLE ( 'NONE', #1089, 0.5999999999999980904 ) ;
#7052 = VERTEX_POINT ( 'NONE', #1795 ) ;
#7053 = CARTESIAN_POINT ( 'NONE',  ( -6.350449653035642683, 11.79690962192386650, -5.046782063098768312 ) ) ;
#7054 = CARTESIAN_POINT ( 'NONE',  ( -10.49767803800911281, 9.976594201045683619, 5.625494695952761859 ) ) ;
#7055 = FACE_OUTER_BOUND ( 'NONE', #2159, .T. ) ;
#7056 = DIRECTION ( 'NONE',  ( -1.000000000000000000, 0.0000000000000000000, 0.0000000000000000000 ) ) ;
#7058 = CARTESIAN_POINT ( 'NONE',  ( -12.52254454891433078, 11.09614444267213607, -5.311499538247398178 ) ) ;
#7057 = CARTESIAN_POINT ( 'NONE',  ( -8.050001896539528801, 9.000079442062618895, 5.999999999474079360 ) ) ;
#7059 = CARTESIAN_POINT ( 'NONE',  ( -4.900000000000001243, 14.90000000000000036, 4.899999999999998579 ) ) ;
#7060 = EDGE_LOOP ( 'NONE', ( #81, #426, #2763, #7662 ) ) ;
#7061 = EDGE_CURVE ( 'NONE', #5393, #3585, #8014, .T. ) ;
#7062 = CARTESIAN_POINT ( 'NONE',  ( -7.928914960744415374, 13.90298604647485980, -2.926747480071902441 ) ) ;
#7063 = CARTESIAN_POINT ( 'NONE',  ( -10.45123248615946565, 13.38601819965592377, 3.656535768660828190 ) ) ;
#7064 = CARTESIAN_POINT ( 'NONE',  ( -4.899999999999969269, 13.64758001544940136, -5.000000000000000000 ) ) ;
#7065 = CARTESIAN_POINT ( 'NONE',  ( -7.262274586806523935, 11.36837627725319244, -5.195200134453007657 ) ) ;
#7066 = CIRCLE ( 'NONE', #1355, 0.5000000000000000000 ) ;
#7067 = CARTESIAN_POINT ( 'NONE',  ( -7.755201032740204781, 13.48705945109750459, 3.531814657808016733 ) ) ;
#7068 = DIRECTION ( 'NONE',  ( 0.0000000000000000000, 0.0000000000000000000, 1.000000000000000000 ) ) ;
#7070 = CARTESIAN_POINT ( 'NONE',  ( -11.91934202653177444, 3.345998679526394071, 0.7376233826987609321 ) ) ;
#7069 = CARTESIAN_POINT ( 'NONE',  ( -10.83750189653953200, 4.757415487273786603, 4.242696860768593758 ) ) ;
#7071 = ORIENTED_EDGE ( 'NONE', *, *, #6172, .T. ) ;
#7072 = DIRECTION ( 'NONE',  ( -0.0000000000000000000, -0.0000000000000000000, -1.000000000000000000 ) ) ;
#7073 = VERTEX_POINT ( 'NONE', #3013 ) ;
#7074 = CARTESIAN_POINT ( 'NONE',  ( 4.899999999999997691, 15.00000000000000000, -4.900000000000000355 ) ) ;
#7075 = AXIS2_PLACEMENT_3D ( 'NONE', #5679, #136, #7396 ) ;
#7076 = CARTESIAN_POINT ( 'NONE',  ( -9.764400980427852872, 13.01729259623061097, -4.058013387607370070 ) ) ;
#7078 = CARTESIAN_POINT ( 'NONE',  ( -6.968751896539530755, 14.61898653196522524, 2.327373266935493845 ) ) ;
#7077 = DIRECTION ( 'NONE',  ( 0.0000000000000000000, -1.000000000000000000, 0.0000000000000000000 ) ) ;
#7079 = VERTEX_POINT ( 'NONE', #6746 ) ;
#7080 = AXIS2_PLACEMENT_3D ( 'NONE', #5842, #1576, #166 ) ;
#7081 = CARTESIAN_POINT ( 'NONE',  ( -10.01820907702665941, 4.211684477509230362, -3.110623070634027876 ) ) ;
#7082 = VECTOR ( 'NONE', #1020, 1000.000000000000000 ) ;
#7083 = CARTESIAN_POINT ( 'NONE',  ( -8.952543672281574771, 9.968117504347311808, -5.627493595641785973 ) ) ;
#7084 = CARTESIAN_POINT ( 'NONE',  ( -5.077354808151624432, 14.94858790453862873, -3.686147250578728496 ) ) ;
#7085 = DIRECTION ( 'NONE',  ( 0.0000000000000000000, 0.0000000000000000000, 1.000000000000000000 ) ) ;
#7086 = CARTESIAN_POINT ( 'NONE',  ( -7.017631746282279259, 14.62148032621784566, 0.3059229650034050452 ) ) ;
#7087 = CARTESIAN_POINT ( 'NONE',  ( -12.72418412465524185, 8.983028782169910187, -5.709559402060434330 ) ) ;
#7088 = AXIS2_PLACEMENT_3D ( 'NONE', #6506, #7077, #875 ) ;
#7089 = ORIENTED_EDGE ( 'NONE', *, *, #3847, .T. ) ;
#7090 = CARTESIAN_POINT ( 'NONE',  ( -13.66250189653953129, 5.026745703644327712, -3.973149083243182833 ) ) ;
#7091 = CARTESIAN_POINT ( 'NONE',  ( -11.79116961838379396, 4.898576107927416601, -3.961038872198299643 ) ) ;
#7092 = CIRCLE ( 'NONE', #3605, 0.1000000000000002554 ) ;
#7093 = CARTESIAN_POINT ( 'NONE',  ( -11.39174449589762794, 12.34129916419704642, 4.520974452670193600 ) ) ;
#7094 = CIRCLE ( 'NONE', #3606, 0.5999999999999998668 ) ;
#7095 = FACE_OUTER_BOUND ( 'NONE', #3646, .T. ) ;
#7096 = CARTESIAN_POINT ( 'NONE',  ( -6.230479012371982428, 10.80281338209820596, -5.407214267319455203 ) ) ;
#7097 = CARTESIAN_POINT ( 'NONE',  ( -10.27327841587776192, 3.378771368720584256, 1.000020783550764625 ) ) ;
#7098 = FACE_OUTER_BOUND ( 'NONE', #309, .T. ) ;
#7099 = CARTESIAN_POINT ( 'NONE',  ( -8.362501896539530577, 13.24269686076859287, 4.242584512726212509 ) ) ;
#7100 = EDGE_CURVE ( 'NONE', #7357, #3249, #2367, .T. ) ;
#7102 = CARTESIAN_POINT ( 'NONE',  ( -12.54074533950791448, 10.42285324657305878, -5.530038791649893426 ) ) ;
#7101 = CARTESIAN_POINT ( 'NONE',  ( -6.981251896539530044, 3.000032906505680774, 2.485360816083349800 ) ) ;
#7103 = CARTESIAN_POINT ( 'NONE',  ( 4.899999999999998579, 15.00000000000000000, 4.999999999999999112 ) ) ;
#7104 = ORIENTED_EDGE ( 'NONE', *, *, #1647, .F. ) ;
#7105 = DIRECTION ( 'NONE',  ( 0.0000000000000000000, 0.0000000000000000000, 1.000000000000000000 ) ) ;
#7106 = CARTESIAN_POINT ( 'NONE',  ( -7.611400309112696938, 8.383248025853836438, 5.676452123893001911 ) ) ;
#7107 = CARTESIAN_POINT ( 'NONE',  ( -10.90010161228749830, 7.067695794739624837, -5.279168318825403716 ) ) ;
#7108 = FACE_BOUND ( 'NONE', #4837, .T. ) ;
#7109 = CARTESIAN_POINT ( 'NONE',  ( -8.116506791242720453, 12.87789019003720981, -4.190655624450201344 ) ) ;
#7110 = CARTESIAN_POINT ( 'NONE',  ( -7.568302123488560795, 6.751628982939137380, 5.249171123351940693 ) ) ;
#7111 = CARTESIAN_POINT ( 'NONE',  ( -13.00000000000000355, 4.082192000852867153, 2.879928118565163064 ) ) ;
#7112 = EDGE_CURVE ( 'NONE', #7357, #4716, #688, .T. ) ;
#7114 = CARTESIAN_POINT ( 'NONE',  ( -12.04524583660283277, 3.291534827929063933, -0.1478844457745149832 ) ) ;
#7113 = CARTESIAN_POINT ( 'NONE',  ( -8.306251896539531998, 11.48536081608334491, 5.999967093494319670 ) ) ;
#7115 = EDGE_LOOP ( 'NONE', ( #3507, #836, #6543, #1873 ) ) ;
#7116 = DIRECTION ( 'NONE',  ( 0.0000000000000000000, 0.0000000000000000000, -1.000000000000000000 ) ) ;
#7117 = CARTESIAN_POINT ( 'NONE',  ( -9.674656624165665519, 14.63060794472993997, -0.9510045574088783482 ) ) ;
#7118 = CARTESIAN_POINT ( 'NONE',  ( -6.000000000000001776, 9.000000000000000000, 6.000000000000000000 ) ) ;
#7120 = CARTESIAN_POINT ( 'NONE',  ( -12.69375189653953129, 6.514798068041888435, 6.000032905453838161 ) ) ;
#7119 = DIRECTION ( 'NONE',  ( 1.000000000000000000, 0.0000000000000000000, 0.0000000000000000000 ) ) ;
#7121 = CARTESIAN_POINT ( 'NONE',  ( -4.903737765810822324, 15.00025855405526443, -3.359326610442242789 ) ) ;
#7122 = ORIENTED_EDGE ( 'NONE', *, *, #865, .T. ) ;
#7123 =( NAMED_UNIT ( * ) PLANE_ANGLE_UNIT ( ) SI_UNIT ( $, .RADIAN. ) );
#7124 = CARTESIAN_POINT ( 'NONE',  ( -10.31893924787011230, 8.691056874847067348, 5.701565494736042794 ) ) ;
#7125 = CARTESIAN_POINT ( 'NONE',  ( -9.241649921160812298, 4.801455905953497805, -3.870132778338986501 ) ) ;
#7126 = CARTESIAN_POINT ( 'NONE',  ( -4.900000000000001243, 0.09999999999999939493, 4.999999999999999112 ) ) ;
#7127 = FACE_BOUND ( 'NONE', #5892, .T. ) ;
#7128 = CARTESIAN_POINT ( 'NONE',  ( -7.091267016368172804, 14.70163435526591300, 0.3120627516727056960 ) ) ;
#7129 = CARTESIAN_POINT ( 'NONE',  ( -12.49152890310919162, 14.70151330747597562, 0.3010198634800323458 ) ) ;
#7130 = DIRECTION ( 'NONE',  ( -0.0000000000000000000, 1.000000000000000000, -0.0000000000000000000 ) ) ;
#7131 = ORIENTED_EDGE ( 'NONE', *, *, #3881, .T. ) ;
#7132 = CARTESIAN_POINT ( 'NONE',  ( -11.91875189653952916, 3.381013468034773428, -2.327373266935496954 ) ) ;
#7133 = CARTESIAN_POINT ( 'NONE',  ( -12.34715730358739449, 14.70711047322715181, 0.1780779247605165094 ) ) ;
#7134 = CARTESIAN_POINT ( 'NONE',  ( -8.291791028113179252, 3.303576765565439555, -0.3988229067776912773 ) ) ;
#7135 = DIRECTION ( 'NONE',  ( 0.0000000000000000000, 0.0000000000000000000, 1.000000000000000000 ) ) ;
#7136 = CARTESIAN_POINT ( 'NONE',  ( -6.377746732523980278, 10.80636593680672775, -5.406028596601077929 ) ) ;
#7137 = CARTESIAN_POINT ( 'NONE',  ( -9.989699068023208284, 10.36217489660987923, -5.544701999443659268 ) ) ;
#7138 = DIRECTION ( 'NONE',  ( 0.0000000000000000000, 0.0000000000000000000, -1.000000000000000000 ) ) ;
#7139 = DIRECTION ( 'NONE',  ( 0.0000000000000000000, 0.0000000000000000000, 1.000000000000000000 ) ) ;
#7140 = CARTESIAN_POINT ( 'NONE',  ( -7.093751896539528978, 6.514798068041888435, 6.000032905453838161 ) ) ;
#7141 = CARTESIAN_POINT ( 'NONE',  ( 6.123233995736766036E-17, 0.5000000000000004441, -0.5000000000000000000 ) ) ;
#7142 = ORIENTED_EDGE ( 'NONE', *, *, #1935, .F. ) ;
#7143 = CARTESIAN_POINT ( 'NONE',  ( -19.91758081466140595, 13.81663783151691405, -0.9000000000000007994 ) ) ;
#7144 = CARTESIAN_POINT ( 'NONE',  ( -8.034552823948668987, 10.65563083556806845, -5.464633050163499206 ) ) ;
#7145 = CARTESIAN_POINT ( 'NONE',  ( -10.78168472395380384, 8.772269616634426725, -5.705610794066191538 ) ) ;
#7146 = CARTESIAN_POINT ( 'NONE',  ( -13.00000000000000178, 9.000000000000000000, 0.0000000000000000000 ) ) ;
#7147 = CARTESIAN_POINT ( 'NONE',  ( -7.987841036590637600, 14.69157891562378637, 0.4516985049651938700 ) ) ;
#7148 = CARTESIAN_POINT ( 'NONE',  ( -7.867977769815012401, 12.47394692112541215, 4.531901980433858945 ) ) ;
#7149 = CARTESIAN_POINT ( 'NONE',  ( -13.00000000000000178, 4.980568865415506252, 4.023945593655362529 ) ) ;
#7151 = CARTESIAN_POINT ( 'NONE',  ( -11.99297672770416057, 3.425346583159691871, 0.7254688283368612156 ) ) ;
#7150 = CARTESIAN_POINT ( 'NONE',  ( -10.89375189653953058, 6.514798068041888435, 6.000032905453838161 ) ) ;
#7152 = ORIENTED_EDGE ( 'NONE', *, *, #517, .F. ) ;
#7153 = CARTESIAN_POINT ( 'NONE',  ( -4.900000000000001243, 15.00000000000000000, 4.999999999999999112 ) ) ;
#7154 = ORIENTED_EDGE ( 'NONE', *, *, #7944, .F. ) ;
#7155 = CARTESIAN_POINT ( 'NONE',  ( -5.100000000000002309, 14.13809303146610752, -4.899999999999942624 ) ) ;
#7156 = EDGE_CURVE ( 'NONE', #5370, #4440, #3718, .T. ) ;
#7157 = CARTESIAN_POINT ( 'NONE',  ( -10.01682882947891429, 6.480622838820120357, -5.025563613353046577 ) ) ;
#7158 = CARTESIAN_POINT ( 'NONE',  ( -5.000000000000002665, 14.91981022494197617, 3.890498877351205032 ) ) ;
#7160 = CARTESIAN_POINT ( 'NONE',  ( -11.62500189653953164, 3.000000000525919752, 7.944206261983304126E-05 ) ) ;
#7159 = CARTESIAN_POINT ( 'NONE',  ( -11.40000189653953022, 8.999920557937377552, -5.999999999474079360 ) ) ;
#7161 = CARTESIAN_POINT ( 'NONE',  ( -4.981255327815122591, 14.99698793734528302, -3.345213616694981074 ) ) ;
#7162 = VERTEX_POINT ( 'NONE', #1914 ) ;
#7163 = AXIS2_PLACEMENT_3D ( 'NONE', #6694, #3620, #7425 ) ;
#7164 = FACE_OUTER_BOUND ( 'NONE', #1786, .T. ) ;
#7165 = ADVANCED_FACE ( 'NONE', ( #7523 ), #1870, .T. ) ;
#7167 = CARTESIAN_POINT ( 'NONE',  ( -9.233043951666306981, 3.434550989134589560, 1.276044204264959125 ) ) ;
#7166 = B_SPLINE_CURVE_WITH_KNOTS ( 'NONE', 3,
 ( #2125, #3722, #2493, #6793, #1232, #466, #3638, #5440, #7409, #6059, #1834, #1757, #4913, #510, #7445, #7934, #2371, #6751 ),
 .UNSPECIFIED., .F., .F.,
 ( 4, 2, 2, 2, 2, 2, 2, 2, 4 ),
 ( 0.0000000000000000000, 0.0003524744670678924192, 0.0007049489341357848384, 0.001057423401203677312, 0.001409897868271569677, 0.001762372335339462042, 0.002114846802407354624, 0.002467321269475246989, 0.002819795736543139354 ),
 .UNSPECIFIED. ) ;
#7168 = CARTESIAN_POINT ( 'NONE',  ( -9.362318212562655617, 6.540210270186479491, 5.153289336593697811 ) ) ;
#7169 = UNCERTAINTY_MEASURE_WITH_UNIT (LENGTH_MEASURE( 1.000000000000000082E-05 ), #2170, 'distance_accuracy_value', 'NONE');
#7170 = EDGE_LOOP ( 'NONE', ( #3355, #702, #7670, #3489 ) ) ;
#7171 = CARTESIAN_POINT ( 'NONE',  ( -12.75000099752341143, 9.000039721031308559, 5.999999999999998224 ) ) ;
#7172 = VECTOR ( 'NONE', #1108, 1000.000000000000000 ) ;
#7173 = CARTESIAN_POINT ( 'NONE',  ( -7.266652617034278450, 8.323364831884187964, -5.589027522269869763 ) ) ;
#7174 = CARTESIAN_POINT ( 'NONE',  ( -12.34485675963128593, 11.70827816409447308, 5.026197323772416681 ) ) ;
#7175 = LINE ( 'NONE', #5983, #463 ) ;
#7176 = ORIENTED_EDGE ( 'NONE', *, *, #4855, .F. ) ;
#7177 = CARTESIAN_POINT ( 'NONE',  ( -11.63750189653952916, 12.97314908324318061, -3.973254296355671400 ) ) ;
#7178 = AXIS2_PLACEMENT_3D ( 'NONE', #736, #6890, #5713 ) ;
#7179 = CARTESIAN_POINT ( 'NONE',  ( -11.47320429241677608, 14.63953804172975559, -0.8937456599327304740 ) ) ;
#7180 = CARTESIAN_POINT ( 'NONE',  ( -8.372103421293857650, 3.965955182544394830, 2.695187280755865000 ) ) ;
#7181 = CARTESIAN_POINT ( 'NONE',  ( -6.226480668386043860, 10.94916355797176521, -5.355496701717008534 ) ) ;
#7182 = CARTESIAN_POINT ( 'NONE',  ( -6.541581323044188601, 3.518487236287195952, 1.599593457770112082 ) ) ;
#7183 = CARTESIAN_POINT ( 'NONE',  ( -10.36843882913961323, 5.183459201909652592, 4.246342613544620725 ) ) ;
#7184 = DIRECTION ( 'NONE',  ( -0.0000000000000000000, -0.0000000000000000000, 1.000000000000000000 ) ) ;
#7185 = CARTESIAN_POINT ( 'NONE',  ( -24.00000000000000000, 9.000000000000000000, 0.0000000000000000000 ) ) ;
#7186 = CIRCLE ( 'NONE', #6915, 0.9000000000000003553 ) ;
#7187 = CARTESIAN_POINT ( 'NONE',  ( -8.275001896539530222, 14.99999999947407936, -7.944206262056783218E-05 ) ) ;
#7188 = EDGE_LOOP ( 'NONE', ( #2379, #4988, #2656 ) ) ;
#7189 = AXIS2_PLACEMENT_3D ( 'NONE', #1616, #3447, #6570 ) ;
#7190 = CARTESIAN_POINT ( 'NONE',  ( -7.382123880204039423, 3.352314243712747110, -0.7842881842070842380 ) ) ;
#7191 = CARTESIAN_POINT ( 'NONE',  ( -10.86665879380966970, 11.21286056936806652, -5.263949047416240035 ) ) ;
#7192 = CYLINDRICAL_SURFACE ( 'NONE', #4571, 6.000000000000000000 ) ;
#7193 = CARTESIAN_POINT ( 'NONE',  ( -7.702218795862932232, 6.281831329575276790, 5.020867772614941771 ) ) ;
#7194 = CARTESIAN_POINT ( 'NONE',  ( -7.586761548842431147, 7.426783841940662434, 5.489440325711936630 ) ) ;
#7196 = CARTESIAN_POINT ( 'NONE',  ( -12.16823975775277589, 7.740497917538930572, 5.487054197719834825 ) ) ;
#7195 = CARTESIAN_POINT ( 'NONE',  ( -10.66875189653952916, 2.999967094546160951, -2.485201931958109345 ) ) ;
#7197 = ORIENTED_EDGE ( 'NONE', *, *, #7720, .F. ) ;
#7198 = CARTESIAN_POINT ( 'NONE',  ( -13.00000000000000178, 9.000000000000000000, 0.0000000000000000000 ) ) ;
#7199 = VERTEX_POINT ( 'NONE', #5727 ) ;
#7200 = CARTESIAN_POINT ( 'NONE',  ( -8.025001896539530222, 3.000000000525919752, 7.944206261983304126E-05 ) ) ;
#7201 = CARTESIAN_POINT ( 'NONE',  ( -10.10419478087303347, 5.978706863235970559, -4.835699597422411067 ) ) ;
#7202 = CIRCLE ( 'NONE', #1491, 0.1000000000000002554 ) ;
#7204 = CARTESIAN_POINT ( 'NONE',  ( -12.24375189653953022, 11.48520193195810712, -6.000032905453839938 ) ) ;
#7203 = CARTESIAN_POINT ( 'NONE',  ( -11.68125189653952845, 3.000032906505680774, 2.485360816083349800 ) ) ;
#7205 = CARTESIAN_POINT ( 'NONE',  ( 4.899999999999998579, 0.1000000000000000056, 4.899999999999998579 ) ) ;
#7206 = ADVANCED_FACE ( 'NONE', ( #177 ), #6653, .F. ) ;
#7207 = AXIS2_PLACEMENT_3D ( 'NONE', #7976, #3554, #6020 ) ;
#7208 = VERTEX_POINT ( 'NONE', #370 ) ;
#7209 = CARTESIAN_POINT ( 'NONE',  ( -9.139227487419116613, 3.815231556398903212, -2.392699457389751316 ) ) ;
#7210 = CARTESIAN_POINT ( 'NONE',  ( -6.391496068634258343, 10.29051270310138477, -5.553785892526024170 ) ) ;
#7211 = PLANE ( 'NONE',  #6712 ) ;
#7212 = CARTESIAN_POINT ( 'NONE',  ( -7.159404574704780089, 12.30810885417042932, -4.555628827431553951 ) ) ;
#7213 = CARTESIAN_POINT ( 'NONE',  ( -12.43930011845402817, 14.22722262589982201, 2.296634891612808982 ) ) ;
#7214 = FILL_AREA_STYLE ('',( #5367 ) ) ;
#7215 = VECTOR ( 'NONE', #1878, 1000.000000000000000 ) ;
#7216 = CARTESIAN_POINT ( 'NONE',  ( -11.50920950584141700, 14.25055207709774230, -2.243755968536659040 ) ) ;
#7217 = CARTESIAN_POINT ( 'NONE',  ( -8.711340604036429625, 14.48464235302706449, 1.588893940062148902 ) ) ;
#7218 = CARTESIAN_POINT ( 'NONE',  ( -5.000000000000002665, 14.81690140845070403, 3.894054186110436966 ) ) ;
#7219 = CARTESIAN_POINT ( 'NONE',  ( -6.688849134380102868, 3.517441523118390201, 1.595996833409475846 ) ) ;
#7220 = CARTESIAN_POINT ( 'NONE',  ( -9.928251611269445220, 12.50958799139885436, -4.503411514897083912 ) ) ;
#7221 = CARTESIAN_POINT ( 'NONE',  ( -13.00000000000000533, 3.240090078200078327, -0.2966268091423342468 ) ) ;
#7222 = CARTESIAN_POINT ( 'NONE',  ( -8.868751896539531998, 2.999967094546160951, -2.485201931958109345 ) ) ;
#7223 = CARTESIAN_POINT ( 'NONE',  ( -20.69993436301102463, 4.100012055771720121, -0.1193733833156710999 ) ) ;
#7224 = CARTESIAN_POINT ( 'NONE',  ( -14.01250189653953093, 4.757303139231405353, -4.242584512726212509 ) ) ;
#7225 = VERTEX_POINT ( 'NONE', #5880 ) ;
#7226 = AXIS2_PLACEMENT_3D ( 'NONE', #2071, #3419, #4552 ) ;
#7227 = CARTESIAN_POINT ( 'NONE',  ( -5.004998269261551336, 13.73011186089773439, -5.073931653880234371 ) ) ;
#7228 = AXIS2_PLACEMENT_3D ( 'NONE', #3851, #6316, #764 ) ;
#7229 = CARTESIAN_POINT ( 'NONE',  ( -6.957977737876990254, 14.70296538033073830, -0.2809081539911103542 ) ) ;
#7230 = CARTESIAN_POINT ( 'NONE',  ( -10.71939130114045646, 11.20938687547747925, -5.265409020594143286 ) ) ;
#7231 = CARTESIAN_POINT ( 'NONE',  ( -5.000000000000001776, 9.000000000000000000, 0.0000000000000000000 ) ) ;
#7232 = CARTESIAN_POINT ( 'NONE',  ( -7.530713268627465595, 3.338406423599058481, -0.7384520388698921911 ) ) ;
#7233 = CARTESIAN_POINT ( 'NONE',  ( -8.143508533916413938, 12.01315933560500149, -4.850579909391293576 ) ) ;
#7234 = CARTESIAN_POINT ( 'NONE',  ( -19.80000000000000071, 14.79999999999999893, -0.9000000000000003553 ) ) ;
#7235 = AXIS2_PLACEMENT_3D ( 'NONE', #7370, #6017, #1114 ) ;
#7237 = CARTESIAN_POINT ( 'NONE',  ( -12.46939220190844999, 14.57868356397123577, 1.179272377982223841 ) ) ;
#7236 = CARTESIAN_POINT ( 'NONE',  ( -13.00000189653952987, 8.999920557937377552, -5.999999999474079360 ) ) ;
#7238 = ORIENTED_EDGE ( 'NONE', *, *, #556, .F. ) ;
#7239 = DIRECTION ( 'NONE',  ( 1.000000000000000000, 0.0000000000000000000, 0.0000000000000000000 ) ) ;
#7240 = CARTESIAN_POINT ( 'NONE',  ( -10.13304386550155201, 3.621708094471062456, -1.636324570405526702 ) ) ;
#7241 = DIRECTION ( 'NONE',  ( 1.000000000000000000, -0.0000000000000000000, -0.0000000000000000000 ) ) ;
#7242 = CARTESIAN_POINT ( 'NONE',  ( -11.67632213218876380, 11.75487716406901306, -4.909951468892342241 ) ) ;
#7243 = CARTESIAN_POINT ( 'NONE',  ( -5.100000000000186162, 14.81690140846190218, -3.894054186118910632 ) ) ;
#7244 = ORIENTED_EDGE ( 'NONE', *, *, #1488, .F. ) ;
#7245 = DIRECTION ( 'NONE',  ( 0.0000000000000000000, 0.0000000000000000000, 1.000000000000000000 ) ) ;
#7246 = CARTESIAN_POINT ( 'NONE',  ( -9.456359691144976765, 4.823948320116929089, 3.894692790732267262 ) ) ;
#7247 = ORIENTED_EDGE ( 'NONE', *, *, #2778, .T. ) ;
#7248 = ADVANCED_FACE ( 'NONE', ( #329 ), #7759, .T. ) ;
#7249 = CARTESIAN_POINT ( 'NONE',  ( -11.44415758676488437, 13.76842187859146271, 2.992700596170614347 ) ) ;
#7250 = DIRECTION ( 'NONE',  ( 1.000000000000000000, -0.0000000000000000000, -0.0000000000000000000 ) ) ;
#7251 = DIRECTION ( 'NONE',  ( 1.000000000000000000, -0.0000000000000000000, -0.0000000000000000000 ) ) ;
#7252 = CARTESIAN_POINT ( 'NONE',  ( -11.34375189653953164, 11.48520193195810712, -6.000032905453839938 ) ) ;
#7253 = CARTESIAN_POINT ( 'NONE',  ( -12.59617828336239320, 11.06836915716336556, -5.236057618084532628 ) ) ;
#7254 = ORIENTED_EDGE ( 'NONE', *, *, #130, .T. ) ;
#7255 = CARTESIAN_POINT ( 'NONE',  ( -11.30000189653953058, 9.000074396905310081, 5.618955715758048086 ) ) ;
#7256 = CARTESIAN_POINT ( 'NONE',  ( -11.03236985176458873, 3.428683869861282041, 1.250181775867301504 ) ) ;
#7257 = CARTESIAN_POINT ( 'NONE',  ( -8.584262404452950079, 8.362716684128503886, 5.585423266705969780 ) ) ;
#7258 = ADVANCED_FACE ( 'NONE', ( #972 ), #5921, .T. ) ;
#7259 = EDGE_CURVE ( 'NONE', #5122, #3525, #3074, .T. ) ;
#7260 = DIRECTION ( 'NONE',  ( 0.0000000000000000000, 0.0000000000000000000, -1.000000000000000000 ) ) ;
#7261 = CARTESIAN_POINT ( 'NONE',  ( -20.40000000000000213, 9.000000000000000000, 0.6000000000000003109 ) ) ;
#7262 = CARTESIAN_POINT ( 'NONE',  ( -6.642748106093183225, 3.982646134193042364, 2.554013426826995392 ) ) ;
#7263 = CARTESIAN_POINT ( 'NONE',  ( -10.78355854010782977, 13.74960752723432122, -3.168780350291581893 ) ) ;
#7264 = CARTESIAN_POINT ( 'NONE',  ( -13.00000000000000355, 4.975905656332409777, -4.296934010730820930 ) ) ;
#7265 = CARTESIAN_POINT ( 'NONE',  ( -19.80000000000000071, 14.79999999999999893, 0.0000000000000000000 ) ) ;
#7266 = CARTESIAN_POINT ( 'NONE',  ( -19.80000000000000071, 4.183362168483081511, -0.9000000000000003553 ) ) ;
#7267 = CARTESIAN_POINT ( 'NONE',  ( -12.04375189653952916, 11.48520193195810357, -6.000032905453839049 ) ) ;
#7268 = ORIENTED_EDGE ( 'NONE', *, *, #816, .F. ) ;
#7269 = DIRECTION ( 'NONE',  ( -0.0000000000000000000, 0.6901408450704179520, -0.7236750748543778755 ) ) ;
#7270 = CARTESIAN_POINT ( 'NONE',  ( -7.064039110327930970, 13.02792613331918936, -4.047013710249921736 ) ) ;
#7271 = EDGE_CURVE ( 'NONE', #3916, #6309, #2912, .T. ) ;
#7272 = CARTESIAN_POINT ( 'NONE',  ( -10.88175393692245940, 7.740661981659683555, -5.487282720621734278 ) ) ;
#7273 = CARTESIAN_POINT ( 'NONE',  ( -4.962376114732512278, 13.96426520443914399, -4.979729539395891358 ) ) ;
#7274 = CARTESIAN_POINT ( 'NONE',  ( -7.676110211165771524, 5.422716350278463437, 4.449907471452032581 ) ) ;
#7275 = CARTESIAN_POINT ( 'NONE',  ( -7.889297390584096625, 14.50582794130647102, -1.513808781618938282 ) ) ;
#7276 = CARTESIAN_POINT ( 'NONE',  ( -13.78750189653952951, 13.24258451272621073, -4.242696860768593758 ) ) ;
#7277 = ORIENTED_EDGE ( 'NONE', *, *, #5419, .T. ) ;
#7278 = CARTESIAN_POINT ( 'NONE',  ( -6.358837675826334745, 10.94437829806570583, -5.342347780120980438 ) ) ;
#7279 = ORIENTED_EDGE ( 'NONE', *, *, #4436, .F. ) ;
#7280 = CARTESIAN_POINT ( 'NONE',  ( -9.938628752701573532, 6.602711544187472192, -5.173476154965515938 ) ) ;
#7281 = CARTESIAN_POINT ( 'NONE',  ( -5.000000000000001776, 14.13809303146610752, 4.899999999999940847 ) ) ;
#7283 = CARTESIAN_POINT ( 'NONE',  ( -11.46864375252904722, 14.66554645058717554, -0.7131008064882699005 ) ) ;
#7282 = CARTESIAN_POINT ( 'NONE',  ( -20.50000000000000000, 9.000000000000000000, -0.5000000000000002220 ) ) ;
#7284 = DIRECTION ( 'NONE',  ( 0.0000000000000000000, 0.0000000000000000000, -1.000000000000000000 ) ) ;
#7285 = VERTEX_POINT ( 'NONE', #7875 ) ;
#7286 = CARTESIAN_POINT ( 'NONE',  ( -6.925001896539530577, 3.000000000525919752, 7.944206261983304126E-05 ) ) ;
#7287 = CARTESIAN_POINT ( 'NONE',  ( -9.328877239252699738, 3.764505733908547924, 2.070437560822131484 ) ) ;
#7288 = CARTESIAN_POINT ( 'NONE',  ( -11.41748293880971765, 13.12617133458919660, 3.830388572106232292 ) ) ;
#7289 = CARTESIAN_POINT ( 'NONE',  ( -6.433679006513457033, 8.582346012406727453, -5.694277968909816856 ) ) ;
#7290 = CARTESIAN_POINT ( 'NONE',  ( -10.78125189653952987, 3.000032906505680774, 2.485360816083349800 ) ) ;
#7291 = CARTESIAN_POINT ( 'NONE',  ( -10.55625189653953022, 6.514639183916651533, -5.999967093494321446 ) ) ;
#7292 = CARTESIAN_POINT ( 'NONE',  ( -13.15625189653952987, 11.32752206074611578, 5.618924899550870045 ) ) ;
#7293 = CARTESIAN_POINT ( 'NONE',  ( -12.90192448892353028, 3.594575221530198483, -1.840629669086830456 ) ) ;
#7294 = CARTESIAN_POINT ( 'NONE',  ( -10.23125189653953093, 3.381075100449129511, 2.327522060746118893 ) ) ;
#7295 = CARTESIAN_POINT ( 'NONE',  ( -11.28875535039564326, 11.40479310721323358, 5.178757334192768624 ) ) ;
#7296 = CARTESIAN_POINT ( 'NONE',  ( -8.760613297096069729, 12.23632863792790815, 4.704478782403842096 ) ) ;
#7297 = DIRECTION ( 'NONE',  ( 0.0000000000000000000, 0.0000000000000000000, 1.000000000000000000 ) ) ;
#7298 = CARTESIAN_POINT ( 'NONE',  ( -6.544893394303475276, 3.498891333764890810, -1.196901515788765469 ) ) ;
#7299 = CARTESIAN_POINT ( 'NONE',  ( -11.07591085184428970, 4.003620331289477363, -2.762913910103576232 ) ) ;
#7300 =( NAMED_UNIT ( * ) PLANE_ANGLE_UNIT ( ) SI_UNIT ( $, .RADIAN. ) );
#7301 = CARTESIAN_POINT ( 'NONE',  ( -6.000000997498195154, 8.999960280082875741, -6.000000000000015099 ) ) ;
#7302 = CARTESIAN_POINT ( 'NONE',  ( -20.25393414432316064, 4.163223546319816393, 0.7859265616371786667 ) ) ;
#7303 = CIRCLE ( 'NONE', #1979, 0.1000000000000002554 ) ;
#7304 = CARTESIAN_POINT ( 'NONE',  ( -13.56250189653952987, 13.24269686076859287, 4.242584512726211621 ) ) ;
#7305 = EDGE_CURVE ( 'NONE', #1444, #5272, #7943, .T. ) ;
#7306 = ORIENTED_EDGE ( 'NONE', *, *, #3446, .T. ) ;
#7307 = CARTESIAN_POINT ( 'NONE',  ( -4.900000000000001243, 0.09999999999999939493, 4.899999999999998579 ) ) ;
#7308 = CARTESIAN_POINT ( 'NONE',  ( -7.328202559287363194, 4.009477008824642752, -2.774947184516661114 ) ) ;
#7309 = CARTESIAN_POINT ( 'NONE',  ( -11.01010291119219708, 5.780249464191309805, -4.716172599893569739 ) ) ;
#7310 = CIRCLE ( 'NONE', #2515, 0.5000000000000002220 ) ;
#7311 = CARTESIAN_POINT ( 'NONE',  ( -4.999999999999973355, 14.06572552398066911, -4.830985915492900240 ) ) ;
#7312 = CARTESIAN_POINT ( 'NONE',  ( -9.056829461579246399, 11.55906871780597811, -5.103893468802008115 ) ) ;
#7313 = CARTESIAN_POINT ( 'NONE',  ( -7.962931356569867170, 14.42882083005470939, -1.490724986773187766 ) ) ;
#7315 = CARTESIAN_POINT ( 'NONE',  ( -12.31219114708818729, 10.53061365723783460, 5.492675825509857113 ) ) ;
#7314 = CARTESIAN_POINT ( 'NONE',  ( -7.800001896539530577, 8.999920557937377552, -5.999999999474079360 ) ) ;
#7316 = ORIENTED_EDGE ( 'NONE', *, *, #2885, .T. ) ;
#7317 = FACE_OUTER_BOUND ( 'NONE', #6824, .T. ) ;
#7318 = ADVANCED_FACE ( 'NONE', ( #7952 ), #1090, .F. ) ;
#7319 = VECTOR ( 'NONE', #6533, 1000.000000000000000 ) ;
#7320 = CARTESIAN_POINT ( 'NONE',  ( -8.171030113495406866, 11.05250663759506935, -5.319728519832811031 ) ) ;
#7321 = B_SPLINE_CURVE_WITH_KNOTS ( 'NONE', 3,
 ( #6295, #1493, #4575, #7181 ),
 .UNSPECIFIED., .F., .F.,
 ( 4, 4 ),
 ( 0.0000000000000000000, 0.7894779731668015721 ),
 .UNSPECIFIED. ) ;
#7322 = CARTESIAN_POINT ( 'NONE',  ( -9.066555176767776558, 5.656482321547628977, -4.628588504959097349 ) ) ;
#7323 = CARTESIAN_POINT ( 'NONE',  ( -10.15219723434328714, 4.522111072305690094, -3.543260840177970827 ) ) ;
#7324 = EDGE_LOOP ( 'NONE', ( #5314, #5619, #7369, #4651 ) ) ;
#7325 =( GEOMETRIC_REPRESENTATION_CONTEXT ( 3 ) GLOBAL_UNCERTAINTY_ASSIGNED_CONTEXT ( ( #5038 ) ) GLOBAL_UNIT_ASSIGNED_CONTEXT ( ( #1484, #3316, #6276 ) ) REPRESENTATION_CONTEXT ( 'NONE', 'WORKASPACE' ) );
#7326 = CARTESIAN_POINT ( 'NONE',  ( -13.00000000000000178, 14.90470710536146015, -1.065098117496177998 ) ) ;
#7327 = ORIENTED_EDGE ( 'NONE', *, *, #1647, .T. ) ;
#7328 =( BOUNDED_SURFACE ( )  B_SPLINE_SURFACE ( 3, 2, ( 
 ( #2099, #5251, #4025 ),
 ( #2180, #4538, #4576 ),
 ( #7053, #850, #3980 ),
 ( #931, #2828, #4656 ),
 ( #2141, #4615, #3445 ),
 ( #7663, #3406, #7013 ),
 ( #7136, #5293, #7096 ),
 ( #891, #1534, #2057 ),
 ( #1450, #6485, #5916 ),
 ( #968, #5129, #2014 ),
 ( #283, #367, #6362 ),
 ( #5876, #7710, #4499 ),
 ( #5839, #325, #3939 ),
 ( #6402, #1410, #1573 ),
 ( #2746, #7623, #806 ),
 ( #3323, #3278, #246 ),
 ( #5754, #2791, #5798 ),
 ( #2705, #204, #2661 ),
 ( #4065, #5168, #1494 ),
 ( #6447, #3369, #5208 ),
 ( #6030, #7341, #5416 ),
 ( #5951, #3651, #6642 ),
 ( #4225, #1770, #2344 ),
 ( #1693, #4266, #6110 ),
 ( #1048, #1614, #2386 ),
 ( #4800, #6567, #6727 ),
 ( #6073, #1085, #6686 ),
 ( #558, #5374, #4183 ),
 ( #443, #3567, #1126 ),
 ( #480, #7791, #2954 ),
 ( #2908, #7298, #1729 ),
 ( #521, #7908, #1013 ),
 ( #3613, #1166, #2864 ),
 ( #2992, #3521, #7871 ),
 ( #5991, #3032, #2306 ),
 ( #5453, #4769, #4842 ),
 ( #7948, #402, #2216 ),
 ( #7219, #4694, #7182 ),
 ( #4105, #5332, #7828 ),
 ( #2259, #7262, #4731 ),
 ( #1657, #4148, #6607 ),
 ( #2467, #6153, #7536 ),
 ( #7988, #5002, #3151 ),
 ( #5495, #1289, #7502 ),
 ( #1930, #7421, #1363 ),
 ( #1967, #6274, #728 ),
 ( #3115, #4927, #1323 ),
 ( #3812, #1246, #4416 ),
 ( #6925, #1848, #4341 ),
 ( #3194, #1812, #4380 ),
 ( #3735, #4303, #4887 ),
 ( #6809, #3776, #5041 ),
 ( #6763, #4452, #685 ),
 ( #6196, #2584, #646 ),
 ( #5666, #601, #5583 ),
 ( #45, #2506, #7384 ),
 ( #1202, #2546, #3692 ),
 ( #4966, #124, #6849 ),
 ( #3852, #6317, #7461 ),
 ( #765, #1890, #6233 ),
 ( #5625, #3072, #87 ),
 ( #2427, #5542, #6 ),
 ( #6438, #238, #3270 ),
 ( #6478, #5198, #315 ),
 ( #5745, #5787, #5119 ),
 ( #2048, #5160, #7745 ),
 ( #4057, #5869, #7614 ),
 ( #5830, #4648, #7699 ),
 ( #4605, #194, #6965 ),
 ( #4530, #274, #3890 ),
 ( #7652, #4568, #2697 ),
 ( #7128, #7086, #2174 ),
 ( #6518, #156, #1482 ),
 ( #7576, #923, #3360 ),
 ( #3399, #7042, #1566 ),
 ( #882, #2736, #798 ),
 ( #2130, #2006, #1526 ),
 ( #2653, #2616, #4018 ),
 ( #4491, #1441, #2781 ),
 ( #5242, #6353, #3234 ),
 ( #5078, #1401, #5703 ),
 ( #7004, #3929, #6392 ),
 ( #841, #3314, #7366 ),
 ( #6745, #2209, #3098 ),
 ( #4686, #7212, #6177 ),
 ( #1869, #583, #4095 ),
 ( #396, #6557, #432 ),
 ( #1646, #8012, #4361 ),
 ( #5907, #959, #3475 ),
 ( #3717, #1228, #628 ),
 ( #1185, #4945, #2293 ),
 ( #1001, #2857, #5944 ),
 ( #5285, #3673, #7784 ),
 ( #2898, #2820, #3436 ),
 ( #6134, #7173, #4138 ),
 ( #26, #5324, #1794 ),
 ( #5981, #7821, #5365 ),
 ( #2451, #357, #5565 ),
 ( #3053, #5522, #2487 ),
 ( #6599, #4909, #2252 ),
 ( #1605, #4726, #7405 ),
 ( #1039, #7862, #4865 ),
 ( #1830, #4323, #3513 ),
 ( #4287, #6788, #1343 ),
 ( #7484, #821, #5143 ),
 ( #6336, #4473, #219 ),
 ( #2603, #782, #1308 ),
 ( #3175, #2676, #4512 ),
 ( #7595, #2026, #1271 ),
 ( #6254, #176, #6871 ),
 ( #3759, #1382, #1913 ),
 ( #5647, #7557, #6986 ),
 ( #5688, #3252, #5025 ),
 ( #6215, #5726, #6905 ),
 ( #1423, #5100, #3872 ),
 ( #4984, #7635, #144 ),
 ( #3911, #6375, #3294 ),
 ( #746, #5768, #2070 ),
 ( #109, #667, #6830 ),
 ( #3134, #5603, #64 ),
 ( #2529, #5059, #4403 ),
 ( #2571, #6944, #3796 ),
 ( #7522, #1989, #1951 ),
 ( #3835, #4435, #6296 ),
 ( #3216, #4037, #6417 ),
 ( #2840, #2193, #5813 ),
 ( #5887, #3496, #7676 ),
 ( #5928, #5850, #7725 ),
 ( #2759, #4119, #7110 ),
 ( #339, #295, #7194 ),
 ( #5306, #5180, #5266 ),
 ( #256, #1627, #5344 ),
 ( #3341, #3418, #1583 ),
 ( #6496, #1507, #6539 ),
 ( #378, #1025, #2111 ),
 ( #1465, #2802, #5963 ),
 ( #2228, #4667, #2717 ),
 ( #4551, #7767, #4075 ),
 ( #980, #6460, #414 ),
 ( #2876, #7802, #4705 ),
 ( #2155, #3996, #6582 ),
 ( #7148, #7027, #3458 ),
 ( #1547, #5223, #3955 ),
 ( #941, #7841, #4629 ),
 ( #864, #4590, #7067 ),
 ( #904, #3380, #1822 ),
 ( #3531, #4313, #5464 ),
 ( #496, #7395, #6657 ),
 ( #1783, #5386, #2965 ),
 ( #7884, #1742, #1176 ),
 ( #3664, #5553, #3580 ),
 ( #4779, #2317, #4898 ),
 ( #6776, #1100, #7959 ),
 ( #3625, #5426, #1140 ),
 ( #4237, #6085, #2273 ),
 ( #2439, #7921, #7351 ),
 ( #3003, #7313, #7275 ),
 ( #5510, #4277, #1217 ),
 ( #1706, #4813, #6043 ),
 ( #2357, #6699, #3704 ),
 ( #3087, #6167, #532 ),
 ( #2399, #571, #4853 ),
 ( #6736, #6122, #617 ),
 ( #3043, #8000, #4741 ),
 ( #7233, #1669, #4161 ),
 ( #6619, #1061, #6005 ),
 ( #454, #7927, #1327 ),
 ( #7320, #770, #3200 ),
 ( #3237, #4420, #1407 ),
 ( #7507, #5009, #537 ),
 ( #2554, #1749, #5631 ),
 ( #5432, #692, #2404 ),
 ( #3008, #4456, #6857 ),
 ( #5473, #4495, #4861 ),
 ( #3817, #3857, #4242 ),
 ( #7540, #1294, #6706 ),
 ( #1971, #3157, #1146 ),
 ( #1366, #128, #3779 ),
 ( #3631, #6238, #160 ),
 ( #3896, #2589, #6091 ),
 ( #7358, #7966, #1937 ),
 ( #5710, #1895, #5045 ),
 ( #7581, #94, #6322 ),
 ( #6930, #6971, #6358 ),
 ( #6887, #2620, #6279 ),
 ( #4390, #733, #5673 ),
 ( #5083, #2011, #2971 ),
 ( #2362, #4818, #4102 ),
 ( #6483, #2055, #3978 ),
 ( #7789, #3937, #4023 ),
 ( #2095, #6444, #848 ),
 ( #3366, #7621, #4612 ),
 ( #3443, #3321, #7134 ),
 ( #929, #888, #2702 ),
 ( #7706, #5165, #3404 ),
 ( #5794, #5205, #2743 ),
 ( #1572, #7750, #7660 ),
 ( #4573, #2179, #5836 ),
 ( #1447, #2826, #7180 ),
 ( #322, #5874, #2214 ),
 ( #2788, #5250, #7049 ),
 ( #804, #280, #5125 ),
 ( #4654, #6399, #5751 ),
 ( #1490, #4536, #2137 ),
 ( #201, #4063, #6525 ),
 ( #966, #5913, #365 ),
 ( #5291, #4692, #1611 ),
 ( #2659, #7011, #6640 ),
 ( #1163, #4840, #3611 ),
 ( #4729, #2425, #5414 ),
 ( #2990, #6107, #1125 ),
 ( #4766, #5988, #1655 ),
 ( #5449, #7257, #7946 ),
 ( #7868, #3481, #6565 ),
 ( #4144, #3648, #6725 ),
 ( #440, #4221, #4884 ),
 ( #1690, #7906, #2383 ),
 ( #2339, #1009, #4798 ),
 ( #4180, #6070, #519 ),
 ( #7339, #6682, #7826 ),
 ( #7296, #5492, #6605 ),
 ( #2905, #3563, #5372 ),
 ( #3029, #1767, #7381 ),
 ( #2302, #4264, #555 ),
 ( #7985, #1082, #1810 ),
 ( #2257, #5949, #400 ),
 ( #5330, #1727, #2862 ),
 ( #478, #3519, #7217 ),
 ( #1046, #6026, #2951 ),
 ( #3688, #4997, #762 ),
 ( #1964, #4414, #2465 ),
 ( #6761, #83, #3809 ),
 ( #6804, #7573, #3773 ),
 ( #6846, #7499, #6193 ),
 ( #1286, #643, #3069 ),
 ( #1927, #5539, #6880 ),
 ( #6230, #2503, #4924 ),
 ( #682, #5663, #7458 ),
 ( #4449, #3112, #5580 ),
 ( #4964, #1319, #3849 ),
 ( #7419, #6314, #6270 ),
 ( #1885, #724, #3230 ),
 ( #4377, #3149, #5700 ),
 ( #5623, #3190, #121 ),
 ( #2581, #5037, #6923 ),
 ( #1359, #154, #5074 ),
 ( #4054, #3925, #7694 ),
 ( #3357, #5157, #5827 ),
 ( #3970, #270, #2003 ),
 ( #2172, #7649, #7083 ),
 ( #2733, #7039, #2043 ),
 ( #2087, #5193, #956 ),
 ( #2127, #3396, #3311 ),
 ( #4527, #235, #6513 ),
 ( #795, #4602, #5784 ),
 ( #7000, #311, #2650 ),
 ( #4564, #1437, #5903 ),
 ( #6388, #1523, #5115 ),
 ( #6434, #4015, #1479 ),
 ( #920, #838, #1398 ),
 ( #5281, #6962, #6475 ),
 ( #354, #4488, #5865 ),
 ( #3432, #3887, #2777 ),
 ( #5239, #7742, #4645 ),
 ( #7125, #2817, #6349 ),
 ( #3266, #5741, #190 ),
 ( #7612, #1115, #3508 ),
 ( #2248, #1155, #7209 ),
 ( #468, #511, #4092 ),
 ( #4210, #5977, #6554 ),
 ( #6672, #7859, #3472 ),
 ( #5406, #997, #1758 ),
 ( #5941, #428, #4829 ),
 ( #2329, #2892, #1679 ),
 ( #6098, #1642, #1035 ),
 ( #2372, #393, #4789 ),
 ( #4253, #2290, #6060 ),
 ( #2981, #3639, #546 ),
 ( #4171, #7287, #5362 ),
 ( #2854, #4134, #5321 ),
 ( #7817, #7897, #4723 ),
 ( #1717, #2941, #4756 ),
 ( #7246, #5441, #7935 ),
 ( #7331, #6596, #6631 ),
 ( #1074, #3551, #6018 ),
 ( #6717, #3018, #7781 ),
 ( #2206, #4683, #7168 ),
 ( #1601, #3104, #4915 ),
 ( #6837, #7410, #71 ),
 ( #5529, #1876, #7446 ),
 ( #716, #4408, #1835 ),
 ( #589, #754, #2414 ),
 ( #1957, #1801, #3182 ),
 ( #3678, #5652, #1277 ),
 ( #8018, #3766, #6221 ),
 ( #5481, #4952, #4292 ),
 ( #673, #3059, #4873 ),
 ( #2456, #6752, #3723 ),
 ( #7975, #2535, #4329 ),
 ( #1233, #7371, #1191 ),
 ( #6876, #633, #6141 ),
 ( #6794, #6182, #5570 ),
 ( #5032, #3140, #31 ),
 ( #5612, #2494, #4990 ),
 ( #7490, #3842, #1919 ),
 ( #1312, #3802, #115 ),
 ( #7528, #4441, #6911 ),
 ( #1350, #6302, #3221 ),
 ( #788, #5857, #3389 ),
 ( #5107, #872, #7117 ),
 ( #3919, #2078, #7684 ),
 ( #3303, #7563, #3350 ),
 ( #5822, #2686, #5065 ),
 ( #1515, #264, #4478 ),
 ( #304, #6467, #5734 ),
 ( #7604, #226, #2036 ),
 ( #7732, #2118, #4046 ),
 ( #4518, #2723, #5186 ),
 ( #4596, #830, #7076 ),
 ( #6952, #2767, #6504 ),
 ( #1994, #4558, #4008 ),
 ( #5776, #912, #5231 ),
 ( #2606, #6993, #2163 ),
 ( #183, #3879, #4640 ),
 ( #5694, #1555, #149 ),
 ( #1388, #7035, #6343 ),
 ( #3259, #1429, #2641 ),
 ( #6380, #5150, #7642 ),
 ( #1473, #3962, #6426 ),
 ( #1675, #3424, #3542 ),
 ( #5973, #4715, #346 ),
 ( #5275, #7850, #5394 ),
 ( #7775, #2200, #7891 ),
 ( #4675, #3589, #7280 ),
 ( #1635, #7157, #4820 ),
 ( #5895, #2323, #504 ),
 ( #7201, #2883, #2973 ),
 ( #387, #2237, #1592 ),
 ( #4083, #6010, #6546 ),
 ( #3503, #1711, #2279 ),
 ( #7323, #1751, #6590 ),
 ( #1030, #4748, #987 ),
 ( #3466, #421, #5935 ),
 ( #2848, #6625, #5354 ),
 ( #4244, #4203, #1068 ),
 ( #4127, #7240, #7929 ),
 ( #4166, #4784, #462 ),
 ( #5313, #2928, #5434 ),
 ( #7809, #6664, #1106 ),
 ( #6050, #2364, #948 ),
 ( #4318, #6131, #2569 ),
 ( #3756, #5475, #5561 ),
 ( #6742, #625, #3670 ),
 ( #107, #2526, #3171 ),
 ( #1949, #3633, #4942 ),
 ( #5023, #1148, #6212 ),
 ( #7520, #6709, #2484 ),
 ( #1183, #3132, #579 ),
 ( #4400, #5644, #7481 ),
 ( #6093, #6785, #3050 ),
 ( #5519, #62, #2447 ),
 ( #1792, #3713, #4906 ),
 ( #7968, #3095, #4980 ),
 ( #4863, #6869, #4284 ),
 ( #539, #8008, #7439 ),
 ( #4359, #2406, #707 ),
 ( #7360, #7402, #3792 ),
 ( #3010, #664, #1828 ),
 ( #1224, #6174, #24 ),
 ( #1306, #1867, #5601 ),
 ( #6828, #1268, #1910 ),
 ( #6251, #3993, #6334 ),
 ( #293, #5766, #5097 ),
 ( #862, #6373, #215 ),
 ( #2673, #4588, #7593 ),
 ( #1461, #5139, #1421 ),
 ( #4509, #7673, #6415 ),
 ( #2108, #6943, #6983 ),
 ( #3909, #3251, #818 ),
 ( #3336, #5220, #7063 ),
 ( #4548, #7024, #5848 ),
 ( #2067, #2025, #3871 ),
 ( #7721, #3953, #3214 ),
 ( #5810, #4471, #3291 ),
 ( #253, #2756, #2715 ),
 ( #7554, #4433, #1341 ),
 ( #902, #744, #1503 ),
 ( #2602, #6456, #5177 ),
 ( #1381, #3378, #6900 ),
 ( #3832, #6294, #5685 ),
 ( #5058, #1985, #780 ),
 ( #5724, #174, #2633 ),
 ( #1058, #4664, #3576 ),
 ( #6537, #2872, #2918 ),
 ( #1022, #6616, #376 ),
 ( #1543, #3528, #2225 ),
 ( #1703, #7838, #5884 ),
 ( #5340, #335, #2837 ),
 ( #4072, #493, #1666 ),
 ( #5303, #1581, #5263 ),
 ( #6000, #7798, #451 ),
 ( #2799, #6652, #4702 ),
 ( #3493, #5383, #6040 ),
 ( #7191, #4116, #7230 ),
 ( #5960, #7764, #977 ),
 ( #1623, #6493, #2270 ),
 ( #4738, #6579, #4034 ),
 ( #7881, #4158, #2190 ),
 ( #411, #1096, #7145 ),
 ( #2314, #3455, #4776 ),
 ( #2962, #7272, #5423 ),
 ( #5926, #4194, #2152 ),
 ( #4626, #7107, #5506 ),
 ( #3781, #6773, #1780 ),
 ( #529, #7956, #4310 ),
 ( #2435, #653, #6817 ),
 ( #7309, #6733, #1256 ),
 ( #4850, #3000, #1899 ),
 ( #2354, #7427, #5549 ),
 ( #7918, #3701, #1857 ),
 ( #4349, #4274, #6240 ),
 ( #4895, #6164, #5461 ),
 ( #7392, #2396, #4233 ),
 ( #3661, #3745, #7348 ),
 ( #1173, #6119, #613 ),
 ( #6696, #1213, #6201 ),
 ( #1137, #1739, #3121 ),
 ( #3622, #2514, #5590 ),
 ( #567, #6082, #694 ),
 ( #4810, #51, #7468 ),
 ( #3040, #1819, #4392 ),
 ( #3084, #4973, #7997 ),
 ( #3159, #15, #2475 ),
 ( #4933, #6859, #1296 ),
 ( #5166, #7542, #3277 ),
 ( #6973, #6324, #4497 ),
 ( #7583, #1409, #5633 ),
 ( #3322, #3240, #7509 ),
 ( #3938, #5752, #6889 ),
 ( #3898, #7050, #735 ),
 ( #7012, #6933, #772 ),
 ( #2097, #4537, #6445 ),
 ( #1973, #203, #2660 ),
 ( #2056, #5712, #1449 ),
 ( #1329, #244, #889 ),
 ( #4422, #6361, #5127 ),
 ( #2013, #2591, #7622 ),
 ( #6400, #1492, #3202 ),
 ( #2557, #805, #3979 ),
 ( #5796, #849, #3819 ),
 ( #2703, #96, #131 ),
 ( #5674, #5013, #5085 ),
 ( #162, #7661, #5047 ),
 ( #2621, #4458, #1939 ),
 ( #6282, #1368, #3860 ),
 ( #5363, #3510, #281 ),
 ( #2291, #2942, #429 ),
 ( #2331, #7093, #1036 ),
 ( #5978, #1680, #1719 ),
 ( #5206, #4213, #6632 ),
 ( #2895, #7288, #6597 ),
 ( #7860, #4757, #6674 ),
 ( #4024, #7249, #2744 ),
 ( #7708, #3553, #2139 ),
 ( #1532, #4173, #4790 ),
 ( #1116, #1075, #6019 ),
 ( #469, #5407, #7898 ),
 ( #3599, #3367, #5837 ),
 ( #4613, #3593, #6013 ),
 ( #5477, #1753, #7283 ),
 ( #8015, #6747, #4325 ),
 ( #3014, #6136, #6055 ),
 ( #1714, #2977, #6789 ),
 ( #3546, #542, #507 ),
 ( #4205, #3055, #5400 ),
 ( #2368, #6668, #629 ),
 ( #1111, #7367, #7893 ),
 ( #1150, #6713, #4248 ),
 ( #6178, #585, #3719 ),
 ( #4752, #4167, #2410 ),
 ( #1070, #4910, #4868 ),
 ( #3100, #7242, #1796 ),
 ( #5437, #1187, #7931 ),
 ( #5566, #6629, #5525 ),
 ( #2934, #4824, #3636 ),
 ( #6095, #2324, #4288 ),
 ( #3675, #3914, #1915 ),
 ( #3218, #3254, #6832 ),
 ( #6946, #710, #1273 ),
 ( #1383, #2572, #6218 ),
 ( #784, #7559, #3177 ),
 ( #1345, #4947, #3874 ),
 ( #5061, #6256, #4438 ),
 ( #824, #4405, #3798 ),
 ( #5103, #3761, #1990 ),
 ( #6989, #5028, #5728 ),
 ( #6338, #6377, #5772 ),
 ( #6906, #4474, #112 ),
 ( #5605, #5649, #66 ),
 ( #669, #7524, #3136 ),
 ( #1953, #4363, #2488 ),
 ( #3837, #178, #7596 ),
 ( #2029, #4985, #6298 ),
 ( #749, #5690, #146 ),
 ( #4514, #7442, #1425 ),
 ( #1871, #7486, #2531 ),
 ( #2604, #5852, #7679 ),
 ( #7114, #2114, #5270 ),
 ( #259, #4633, #2158 ),
 ( #983, #7151, #7070 ),
 ( #1509, #1587, #2762 ),
 ( #4708, #4554, #381 ),
 ( #6420, #2843, #1550 ),
 ( #2720, #4040, #6499 ),
 ( #3499, #7728, #7031 ),
 ( #944, #5816, #5146 ),
 ( #5182, #1468, #907 ),
 ( #2680, #7769, #3345 ),
 ( #4001, #7638, #867 ),
 ( #3421, #4670, #3383 ),
 ( #2073, #4078, #299 ),
 ( #7805, #5890, #5226 ),
 ( #341, #2197, #6542 ),
 ( #3461, #6585, #5310 ),
 ( #2231, #7196, #1629 ),
 ( #4121, #1027, #222 ),
 ( #1707, #5346, #5967 ),
 ( #3537, #573, #6125 ),
 ( #7887, #3628, #1825 ),
 ( #6661, #4816, #2401 ),
 ( #7315, #417, #3582 ),
 ( #3666, #6045, #7843 ),
 ( #6007, #500, #1179 ),
 ( #3045, #5513, #456 ),
 ( #2319, #2968, #4781 ),
 ( #2442, #4858, #6780 ),
 ( #4200, #6088, #535 ),
 ( #7354, #5429, #1785 ),
 ( #4163, #8003, #1220 ),
 ( #4743, #1746, #5468 ),
 ( #7924, #2923, #7962 ),
 ( #2275, #2359, #4280 ),
 ( #5390, #6621, #4901 ),
 ( #7237, #6738, #7398 ),
 ( #1064, #4239, #6701 ),
 ( #1143, #5596, #2021 ),
 ( #6245, #1944, #1262 ),
 ( #701, #3750, #20 ),
 ( #4429, #6170, #6289 ),
 ( #3166, #7475, #3091 ),
 ( #5639, #7550, #6864 ),
 ( #2480, #5556, #2597 ),
 ( #7434, #6330, #6940 ),
 ( #4395, #1863, #6979 ),
 ( #4938, #138, #3247 ),
 ( #1904, #102, #5719 ),
 ( #3128, #1302, #4355 ),
 ( #6823, #3209, #660 ),
 ( #2564, #1376, #5019 ),
 ( #3707, #57, #3788 ),
 ( #7515, #6896, #3826 ),
 ( #2521, #5681, #168 ),
 ( #7629, #7253, #7058 ),
 ( #4795, #7863, #7102 ),
 ( #4582, #2751, #474 ),
 ( #7715, #2901, #2710 ),
 ( #1456, #7668, #1079 ),
 ( #210, #5215, #5173 ),
 ( #3946, #2296, #2062 ),
 ( #1499, #857, #5412 ),
 ( #3329, #4141, #4544 ),
 ( #6408, #3374, #5803 ),
 ( #2946, #5369, #6023 ),
 ( #3986, #250, #7020 ),
 ( #7904, #3905, #1042 ),
 ( #2336, #1417, #2146 ),
 ( #2104, #5984, #6452 ),
 ( #1685, #6368, #4762 ),
 ( #812, #896, #5844 ),
 ( #288, #4177, #4619 ),
 ( #1650, #3283, #6600 ),
 ( #3515, #435, #6637 ),
 ( #3558, #5761, #4835 ),
 ( #7293, #551, #5535 ),
 ( #4919, #516, #1282 ),
 ( #2987, #5487, #4372 ),
 ( #5618, #6800, #2378 ),
 ( #78, #6722, #3024 ),
 ( #1882, #5446, #4336 ),
 ( #3771, #1806, #5576 ),
 ( #6188, #3146, #2541 ),
 ( #1723, #595, #7981 ),
 ( #3729, #3684, #3065 ),
 ( #2420, #37, #6103 ),
 ( #1239, #2, #4297 ),
 ( #7377, #2499, #639 ),
 ( #4959, #1763, #6146 ),
 ( #2462, #4878, #7415 ),
 ( #3109, #4217, #6842 ),
 ( #1842, #7453, #679 ),
 ( #6227, #6679, #4260 ),
 ( #1122, #3604, #6066 ),
 ( #7941, #7335, #1159 ),
 ( #3644, #6430, #835 ),
 ( #5034, #266, #1924 ),
 ( #1476, #6266, #2690 ),
 ( #3186, #2084, #792 ),
 ( #7532, #1394, #6956 ),
 ( #4411, #4483, #719 ),
 ( #3263, #1961, #5659 ) ),
 .UNSPECIFIED., .F., .F., .F. ) 
 B_SPLINE_SURFACE_WITH_KNOTS ( ( 4, 2, 2, 2, 2, 2, 2, 2, 2, 2, 2, 2, 2, 2, 2, 2, 2, 2, 2, 2, 2, 2, 2, 2, 2, 2, 2, 2, 2, 2, 2, 2, 2, 2, 2, 2, 2, 2, 2, 2, 2, 2, 2, 2, 2, 2, 2, 2, 2, 2, 2, 2, 2, 2, 2, 2, 2, 2, 2, 2, 2, 2, 2, 2, 2, 2, 2, 2, 2, 2, 2, 2, 2, 2, 2, 2, 2, 2, 2, 2, 2, 2, 2, 2, 2, 2, 2, 2, 2, 2, 2, 2, 2, 2, 2, 2, 2, 2, 2, 2, 2, 2, 2, 2, 2, 2, 2, 2, 2, 2, 2, 2, 2, 2, 2, 2, 2, 2, 2, 2, 2, 2, 2, 2, 2, 2, 2, 2, 2, 2, 2, 2, 2, 2, 2, 2, 2, 2, 2, 2, 2, 2, 2, 2, 2, 2, 2, 2, 2, 2, 2, 2, 2, 2, 2, 2, 2, 2, 2, 2, 2, 2, 2, 2, 2, 2, 2, 2, 2, 2, 2, 2, 2, 2, 2, 2, 2, 2, 2, 2, 2, 2, 2, 2, 2, 2, 2, 2, 2, 2, 2, 2, 2, 2, 2, 2, 2, 2, 2, 2, 2, 2, 2, 2, 2, 2, 2, 2, 2, 2, 2, 2, 2, 2, 2, 2, 2, 2, 2, 2, 2, 2, 2, 2, 2, 2, 2, 2, 2, 2, 2, 2, 2, 2, 2, 2, 2, 2, 2, 2, 2, 2, 2, 2, 2, 2, 2, 2, 2, 2, 2, 2, 2, 2, 2, 2, 2, 2, 2, 2, 2, 2, 2, 2, 2, 2, 2, 2, 2, 2, 2, 2, 2, 2, 2, 2, 2, 2, 2, 2, 2, 2, 2, 2, 2, 2, 2, 2, 2, 2, 2, 2, 2, 2, 2, 2, 2, 2, 2, 2, 2, 2, 2, 2, 4 ),
 ( 3, 3 ),
 ( 0.006415085020022689294, 0.007471005138253321298, 0.007998965197368637300, 0.008262945226926294434, 0.008526925256483953303, 0.009582845374714585307, 0.01011080543382990131, 0.01063876549294521731, 0.01169468561117584932, 0.01275060572940648132, 0.01380652584763711332, 0.01486244596586774706, 0.01539040602498306307, 0.01591836608409838080, 0.01697428620232901281, 0.01803020632055964481, 0.01908612643879027682, 0.01961408649790559455, 0.02014204655702090882, 0.02119796667525154082, 0.02225388679348217283, 0.02330980691171280483, 0.02436572702994343684, 0.02489368708905875111, 0.02542164714817406884, 0.02647756726640470085, 0.02753348738463533285, 0.02858940750286596486, 0.02964532762109659686, 0.03070124773932722886, 0.03175716785755786087, 0.03281308797578849634, 0.03386900809401912488, 0.03439696815313443568, 0.03492492821224975341, 0.03598084833048038889, 0.03703676844871102436, 0.03809268856694165289, 0.03914860868517228143, 0.04020452880340291690, 0.04073248886251823464, 0.04126044892163355238, 0.04231636903986418091, 0.04337228915809480945, 0.04390024921721012718, 0.04442820927632544492, 0.04548412939455608039, 0.04654004951278670893, 0.04759596963101733746, 0.04865188974924797294, 0.04970780986747860841, 0.05023576992659392615, 0.05076372998570923695, 0.05181965010393986548, 0.05287557022217050096, 0.05340353028128581869, 0.05393149034040113643, 0.05498741045863176496, 0.05604333057686239350, 0.05709925069509302897, 0.05815517081332366445, 0.05921109093155429298, 0.05973905099066960378, 0.06026701104978492152, 0.06132293116801555699, 0.06237885128624618553, 0.06290681134536149632, 0.06343477140447681406, 0.06449069152270744953, 0.06554661164093808501, 0.06660253175916872048, 0.06765845187739935596, 0.06871437199562999143, 0.06924233205474530917, 0.06977029211386061303, 0.07082621223209123462, 0.07188213235032187010, 0.07293805246855250557, 0.07399397258678314104, 0.07504989270501377652, 0.07610581282324441199, 0.07716173294147504746, 0.07821765305970566906, 0.07874561311882097292, 0.07927357317793629066, 0.08032949329616692613, 0.08138541341439756160, 0.08244133353262819708, 0.08349725365085883255, 0.08402521370997415029, 0.08455317376908946803, 0.08560909388732010350, 0.08666501400555072510, 0.08772093412378134669, 0.08824889418289666443, 0.08877685424201198217, 0.08983277436024261764, 0.09088869447847325311, 0.09194461459670388859, 0.09300053471493452406, 0.09352849477404984180, 0.09405645483316515953, 0.09511237495139578113, 0.09616829506962640273, 0.09722421518785703820, 0.09775217524697235594, 0.09828013530608767367, 0.09933605542431830915, 0.1003919755425489446, 0.1014478956607795801, 0.1025038157790102156, 0.1035597358972408372, 0.1046156560154714588, 0.1056715761337020942, 0.1067274962519327297, 0.1072554563110480474, 0.1077834163701633652, 0.1088393364883940007, 0.1098952566066246361, 0.1104232166657399539, 0.1109511767248552716, 0.1120070968430858932, 0.1130630169613165148, 0.1141189370795471503, 0.1151748571977777857, 0.1162307773160084212, 0.1167587373751237390, 0.1172866974342390567, 0.1183426175524696922, 0.1193985376707003276, 0.1199264977298156454, 0.1204544577889309492, 0.1215103779071615708, 0.1225662980253922063, 0.1236222181436228418, 0.1246781382618534773, 0.1257340583800841127, 0.1262620184391994305, 0.1267899784983147482, 0.1278458986165453837, 0.1289018187347760191, 0.1299577388530066546, 0.1310136589712372901, 0.1320695790894679256, 0.1331254992076985333, 0.1341814193259291410, 0.1352373394441597765, 0.1357652995032750942, 0.1362932595623904120, 0.1373491796806210474, 0.1394610199170823184, 0.1405169400353129538, 0.1415728601535435893, 0.1426287802717742248, 0.1436847003900048603, 0.1447406205082354957, 0.1452685805673508135, 0.1457965406264661312, 0.1468524607446967667, 0.1479083808629274022, 0.1489643009811580376, 0.1494922610402733554, 0.1500202210993886454, 0.1510761412176192531, 0.1521320613358498886, 0.1531879814540805240, 0.1542439015723111595, 0.1547718616314264772, 0.1552998216905417950, 0.1563557418087724304, 0.1574116619270030659, 0.1584675820452337014, 0.1589955421043490191, 0.1595235021634643369, 0.1605794222816949723, 0.1616353423999256078, 0.1626912625181562433, 0.1637471826363868788, 0.1642751426955021965, 0.1648031027546175142, 0.1658590228728481497, 0.1669149429910787574, 0.1679708631093093651, 0.1690267832275400006, 0.1700827033457706361, 0.1711386234640012716, 0.1721945435822319070, 0.1732504637004625425, 0.1737784237595778603, 0.1743063838186931780, 0.1753623039369238135, 0.1764182240551544489, 0.1774741441733850844, 0.1785300642916157199, 0.1795859844098463554, 0.1801139444689616731, 0.1806419045280769908, 0.1816978246463076263, 0.1827537447645382618, 0.1832817048236535795, 0.1838096648827688695, 0.1848655850009994772, 0.1859215051192301127, 0.1869774252374607482, 0.1880333453556913836, 0.1890892654739220191, 0.1896172255330373368, 0.1901451855921526546, 0.1912011057103832901, 0.1922570258286139255, 0.1927849858877292433, 0.1933129459468445610, 0.1943688660650751965, 0.1954247861833058320, 0.1964807063015364674, 0.1975366264197671029, 0.1985925465379977384, 0.1991205065971130561, 0.1996484666562283739, 0.2007043867744589816, 0.2017603068926895893, 0.2022882669518049070, 0.2028162270109202248, 0.2038721471291508602, 0.2049280672473814957, 0.2059839873656121312, 0.2070399074838427667, 0.2080958276020734021, 0.2086237876611887199, 0.2091517477203040376, 0.2102076678385346731, 0.2112635879567653086, 0.2123195080749959440, 0.2133754281932265795, 0.2144313483114572150, 0.2154872684296878504, 0.2165431885479184859, 0.2175991086661490936, 0.2181270687252643836, 0.2186550287843797014, 0.2197109489026103368, 0.2207668690208409723, 0.2218227891390716078, 0.2228787092573022433, 0.2234066693164175610, 0.2239346293755328787, 0.2249905494937635142, 0.2260464696119941497, 0.2271023897302247851, 0.2276303497893401029, 0.2281583098484554206, 0.2292142299666860561, 0.2302701500849166916, 0.2313260702031473270, 0.2323819903213779625, 0.2329099503804932803, 0.2334379104396085980, 0.2344938305578392057, 0.2355497506760698134, 0.2366056707943004489, 0.2376615909125310844, 0.2387175110307617198, 0.2397734311489923553, 0.2408293512672229908, 0.2418852713854536263, 0.2424132314445689440, 0.2429411915036842617, 0.2439971116219148972, 0.2450530317401455327, 0.2461089518583761682, 0.2471648719766067759, 0.2482207920948373836, 0.2487487521539527013, 0.2492767122130680191, 0.2503326323312986545, 0.2513885524495292900, 0.2519165125086446078, 0.2524444725677599255, 0.2535003926859905610, 0.2545563128042211964, 0.2556122329224518319, 0.2566681530406824674, 0.2577240731589131029, 0.2582520332180284206, 0.2587799932771437383, 0.2598359133953743738, 0.2608918335136050093, 0.2614197935727203270, 0.2619477536318356448, 0.2630036737500662802, 0.2640595938682969157, 0.2651155139865275512, 0.2661714341047581867, 0.2672273542229888221, 0.2677553142821041399, 0.2682832743412194576, 0.2693391944594500931, 0.2703951145776807286, 0.2709230746367960463, 0.2714510346959113640, 0.2725069548141419995, 0.2735628749323726350, 0.2746187950506032704, 0.2756747151688339059, 0.2767306352870644859 ),
 ( 0.0000000000000000000, 1.000000000000000000 ),
 .UNSPECIFIED. ) 
 GEOMETRIC_REPRESENTATION_ITEM ( )  RATIONAL_B_SPLINE_SURFACE ( (
 ( 1.000000000000000000, 0.6763408361965330684, 1.000000000000000000),
 ( 1.000000000000000000, 0.6763452973829044979, 1.000000000000000000),
 ( 1.000000000000000000, 0.6763482906705170494, 1.000000000000000000),
 ( 1.000000000000000000, 0.6763505787554032755, 1.000000000000000000),
 ( 1.000000000000000000, 0.6763509744776732280, 1.000000000000000000),
 ( 1.000000000000000000, 0.6763510175987736961, 1.000000000000000000),
 ( 1.000000000000000000, 0.6763541120731146883, 1.000000000000000000),
 ( 1.000000000000000000, 0.6763547135918748232, 1.000000000000000000),
 ( 1.000000000000000000, 0.6763550934694828598, 1.000000000000000000),
 ( 1.000000000000000000, 0.6763573823538494567, 1.000000000000000000),
 ( 1.000000000000000000, 0.6763604604139111798, 1.000000000000000000),
 ( 1.000000000000000000, 0.6763668268377091009, 1.000000000000000000),
 ( 1.000000000000000000, 0.6763716471293110821, 1.000000000000000000),
 ( 1.000000000000000000, 0.6763667034233082909, 1.000000000000000000),
 ( 1.000000000000000000, 0.6763644941732338545, 1.000000000000000000),
 ( 1.000000000000000000, 0.6763587222485304418, 1.000000000000000000),
 ( 1.000000000000000000, 0.6763560145480623786, 1.000000000000000000),
 ( 1.000000000000000000, 0.6763532412474296818, 1.000000000000000000),
 ( 1.000000000000000000, 0.6763532202186752773, 1.000000000000000000),
 ( 1.000000000000000000, 0.6763558186082101464, 1.000000000000000000),
 ( 1.000000000000000000, 0.6763584566821267963, 1.000000000000000000),
 ( 1.000000000000000000, 0.6763661195494785616, 1.000000000000000000),
 ( 1.000000000000000000, 0.6763693641546099089, 1.000000000000000000),
 ( 1.000000000000000000, 0.6763629164320650311, 1.000000000000000000),
 ( 1.000000000000000000, 0.6763610311455910962, 1.000000000000000000),
 ( 1.000000000000000000, 0.6763578511155491357, 1.000000000000000000),
 ( 1.000000000000000000, 0.6763565590141058514, 1.000000000000000000),
 ( 1.000000000000000000, 0.6763537052530936844, 1.000000000000000000),
 ( 1.000000000000000000, 0.6763531266623408200, 1.000000000000000000),
 ( 1.000000000000000000, 0.6763546515087532907, 1.000000000000000000),
 ( 1.000000000000000000, 0.6763568024908542808, 1.000000000000000000),
 ( 1.000000000000000000, 0.6763634646086672531, 1.000000000000000000),
 ( 1.000000000000000000, 0.6763725602034583728, 1.000000000000000000),
 ( 1.000000000000000000, 0.6763654394350988586, 1.000000000000000000),
 ( 1.000000000000000000, 0.6763633000866784428, 1.000000000000000000),
 ( 1.000000000000000000, 0.6763596462152654532, 1.000000000000000000),
 ( 1.000000000000000000, 0.6763581239327099981, 1.000000000000000000),
 ( 1.000000000000000000, 0.6763545084891388059, 1.000000000000000000),
 ( 1.000000000000000000, 0.6763533662849465777, 1.000000000000000000),
 ( 1.000000000000000000, 0.6763538165997884377, 1.000000000000000000),
 ( 1.000000000000000000, 0.6763554205837161160, 1.000000000000000000),
 ( 1.000000000000000000, 0.6763610801821777763, 1.000000000000000000),
 ( 1.000000000000000000, 0.6763651637546682638, 1.000000000000000000),
 ( 1.000000000000000000, 0.6763753722471251839, 1.000000000000000000),
 ( 1.000000000000000000, 0.6763614675496942841, 1.000000000000000000),
 ( 1.000000000000000000, 0.6763570922525105056, 1.000000000000000000),
 ( 1.000000000000000000, 0.6763559369024899626, 1.000000000000000000),
 ( 1.000000000000000000, 0.6763542767310694037, 1.000000000000000000),
 ( 1.000000000000000000, 0.6763537749675085919, 1.000000000000000000),
 ( 1.000000000000000000, 0.6763533044756903090, 1.000000000000000000),
 ( 1.000000000000000000, 0.6763543460751755276, 1.000000000000000000),
 ( 1.000000000000000000, 0.6763590003729467171, 1.000000000000000000),
 ( 1.000000000000000000, 0.6763626717178613523, 1.000000000000000000),
 ( 1.000000000000000000, 0.6763719974620659992, 1.000000000000000000),
 ( 1.000000000000000000, 0.6763639000727909023, 1.000000000000000000),
 ( 1.000000000000000000, 0.6763570557017387630, 1.000000000000000000),
 ( 1.000000000000000000, 0.6763548253714635194, 1.000000000000000000),
 ( 1.000000000000000000, 0.6763531199374592795, 1.000000000000000000),
 ( 1.000000000000000000, 0.6763535989992861541, 1.000000000000000000),
 ( 1.000000000000000000, 0.6763572459756705957, 1.000000000000000000),
 ( 1.000000000000000000, 0.6763604005892615012, 1.000000000000000000),
 ( 1.000000000000000000, 0.6763688411735463424, 1.000000000000000000),
 ( 1.000000000000000000, 0.6763665740907919277, 1.000000000000000000),
 ( 1.000000000000000000, 0.6763587503206142104, 1.000000000000000000),
 ( 1.000000000000000000, 0.6763560512826995996, 1.000000000000000000),
 ( 1.000000000000000000, 0.6763539644172693599, 1.000000000000000000),
 ( 1.000000000000000000, 0.6763535956362338730, 1.000000000000000000),
 ( 1.000000000000000000, 0.6763535355391960824, 1.000000000000000000),
 ( 1.000000000000000000, 0.6763538495574618059, 1.000000000000000000),
 ( 1.000000000000000000, 0.6763557883633319889, 1.000000000000000000),
 ( 1.000000000000000000, 0.6763583988686971971, 1.000000000000000000),
 ( 1.000000000000000000, 0.6763659500995351515, 1.000000000000000000),
 ( 1.000000000000000000, 0.6763694529195404259, 1.000000000000000000),
 ( 1.000000000000000000, 0.6763608103666066684, 1.000000000000000000),
 ( 1.000000000000000000, 0.6763575995779633754, 1.000000000000000000),
 ( 1.000000000000000000, 0.6763537411284841205, 1.000000000000000000),
 ( 1.000000000000000000, 0.6763531299937933783, 1.000000000000000000),
 ( 1.000000000000000000, 0.6763546255054665446, 1.000000000000000000),
 ( 1.000000000000000000, 0.6763567013055403754, 1.000000000000000000),
 ( 1.000000000000000000, 0.6763616954158090389, 1.000000000000000000),
 ( 1.000000000000000000, 0.6763636765587890398, 1.000000000000000000),
 ( 1.000000000000000000, 0.6763681319478684895, 1.000000000000000000),
 ( 1.000000000000000000, 0.6763702597057620336, 1.000000000000000000),
 ( 1.000000000000000000, 0.6763631658052856599, 1.000000000000000000),
 ( 1.000000000000000000, 0.6763594403990832449, 1.000000000000000000),
 ( 1.000000000000000000, 0.6763545172193788924, 1.000000000000000000),
 ( 1.000000000000000000, 0.6763533838510449314, 1.000000000000000000),
 ( 1.000000000000000000, 0.6763536881050477012, 1.000000000000000000),
 ( 1.000000000000000000, 0.6763541235709960020, 1.000000000000000000),
 ( 1.000000000000000000, 0.6763556646136710260, 1.000000000000000000),
 ( 1.000000000000000000, 0.6763567789238222883, 1.000000000000000000),
 ( 1.000000000000000000, 0.6763610338798802246, 1.000000000000000000),
 ( 1.000000000000000000, 0.6763650842823364373, 1.000000000000000000),
 ( 1.000000000000000000, 0.6763751567869767944, 1.000000000000000000),
 ( 1.000000000000000000, 0.6763615354279648439, 1.000000000000000000),
 ( 1.000000000000000000, 0.6763556567086366211, 1.000000000000000000),
 ( 1.000000000000000000, 0.6763539710763276647, 1.000000000000000000),
 ( 1.000000000000000000, 0.6763532865234570535, 1.000000000000000000),
 ( 1.000000000000000000, 0.6763543268197549363, 1.000000000000000000),
 ( 1.000000000000000000, 0.6763589507257843358, 1.000000000000000000),
 ( 1.000000000000000000, 0.6763625196847706800, 1.000000000000000000),
 ( 1.000000000000000000, 0.6763695226080256306, 1.000000000000000000),
 ( 1.000000000000000000, 0.6763688013009130362, 1.000000000000000000),
 ( 1.000000000000000000, 0.6763642466539925291, 1.000000000000000000),
 ( 1.000000000000000000, 0.6763622434395805127, 1.000000000000000000),
 ( 1.000000000000000000, 0.6763571191715914699, 1.000000000000000000),
 ( 1.000000000000000000, 0.6763548820080894641, 1.000000000000000000),
 ( 1.000000000000000000, 0.6763531078529131380, 1.000000000000000000),
 ( 1.000000000000000000, 0.6763535974111879456, 1.000000000000000000),
 ( 1.000000000000000000, 0.6763562771702339438, 1.000000000000000000),
 ( 1.000000000000000000, 0.6763574947710930818, 1.000000000000000000),
 ( 1.000000000000000000, 0.6763605588815884140, 1.000000000000000000),
 ( 1.000000000000000000, 0.6763624178228015982, 1.000000000000000000),
 ( 1.000000000000000000, 0.6763687810566444414, 1.000000000000000000),
 ( 1.000000000000000000, 0.6763666636072265259, 1.000000000000000000),
 ( 1.000000000000000000, 0.6763588811041214566, 1.000000000000000000),
 ( 1.000000000000000000, 0.6763560927489978836, 1.000000000000000000),
 ( 1.000000000000000000, 0.6763532714749856956, 1.000000000000000000),
 ( 1.000000000000000000, 0.6763531945170612181, 1.000000000000000000),
 ( 1.000000000000000000, 0.6763557147588089569, 1.000000000000000000),
 ( 1.000000000000000000, 0.6763583564946283877, 1.000000000000000000),
 ( 1.000000000000000000, 0.6763658813874281472, 1.000000000000000000),
 ( 1.000000000000000000, 0.6763696343630517527, 1.000000000000000000),
 ( 1.000000000000000000, 0.6763630869733822104, 1.000000000000000000),
 ( 1.000000000000000000, 0.6763611610434840937, 1.000000000000000000),
 ( 1.000000000000000000, 0.6763579581954310971, 1.000000000000000000),
 ( 1.000000000000000000, 0.6763566687110970088, 1.000000000000000000),
 ( 1.000000000000000000, 0.6763537682732017053, 1.000000000000000000),
 ( 1.000000000000000000, 0.6763531248681580177, 1.000000000000000000),
 ( 1.000000000000000000, 0.6763545912349999689, 1.000000000000000000),
 ( 1.000000000000000000, 0.6763566814025649965, 1.000000000000000000),
 ( 1.000000000000000000, 0.6763616035222436151, 1.000000000000000000),
 ( 1.000000000000000000, 0.6763635424673057894, 1.000000000000000000),
 ( 1.000000000000000000, 0.6763679763702337144, 1.000000000000000000),
 ( 1.000000000000000000, 0.6763703834422877259, 1.000000000000000000),
 ( 1.000000000000000000, 0.6763632041617213542, 1.000000000000000000),
 ( 1.000000000000000000, 0.6763595014771778269, 1.000000000000000000),
 ( 1.000000000000000000, 0.6763545902695008438, 1.000000000000000000),
 ( 1.000000000000000000, 0.6763533941635577751, 1.000000000000000000),
 ( 1.000000000000000000, 0.6763537729132835796, 1.000000000000000000),
 ( 1.000000000000000000, 0.6763553084761200207, 1.000000000000000000),
 ( 1.000000000000000000, 0.6763609059346642471, 1.000000000000000000),
 ( 1.000000000000000000, 0.6763650192823763563, 1.000000000000000000),
 ( 1.000000000000000000, 0.6763750739702215631, 1.000000000000000000),
 ( 1.000000000000000000, 0.6763616675515849996, 1.000000000000000000),
 ( 1.000000000000000000, 0.6763572024675271743, 1.000000000000000000),
 ( 1.000000000000000000, 0.6763560140981782487, 1.000000000000000000),
 ( 1.000000000000000000, 0.6763543232218615087, 1.000000000000000000),
 ( 1.000000000000000000, 0.6763538118368073171, 1.000000000000000000),
 ( 1.000000000000000000, 0.6763532793769788665, 1.000000000000000000),
 ( 1.000000000000000000, 0.6763542600000901350, 1.000000000000000000),
 ( 1.000000000000000000, 0.6763588902032825478, 1.000000000000000000),
 ( 1.000000000000000000, 0.6763624830182970449, 1.000000000000000000),
 ( 1.000000000000000000, 0.6763717102195427877, 1.000000000000000000),
 ( 1.000000000000000000, 0.6763640726961901439, 1.000000000000000000),
 ( 1.000000000000000000, 0.6763571405457717844, 1.000000000000000000),
 ( 1.000000000000000000, 0.6763549174020236920, 1.000000000000000000),
 ( 1.000000000000000000, 0.6763531193032313871, 1.000000000000000000),
 ( 1.000000000000000000, 0.6763535731035069665, 1.000000000000000000),
 ( 1.000000000000000000, 0.6763571362650114827, 1.000000000000000000),
 ( 1.000000000000000000, 0.6763602083094548689, 1.000000000000000000),
 ( 1.000000000000000000, 0.6763686033541813636, 1.000000000000000000),
 ( 1.000000000000000000, 0.6763667345789882157, 1.000000000000000000),
 ( 1.000000000000000000, 0.6763589245342455092, 1.000000000000000000),
 ( 1.000000000000000000, 0.6763561710505878732, 1.000000000000000000),
 ( 1.000000000000000000, 0.6763540066768060077, 1.000000000000000000),
 ( 1.000000000000000000, 0.6763536151041095179, 1.000000000000000000),
 ( 1.000000000000000000, 0.6763535217205828287, 1.000000000000000000),
 ( 1.000000000000000000, 0.6763538143250258372, 1.000000000000000000),
 ( 1.000000000000000000, 0.6763556768259959551, 1.000000000000000000),
 ( 1.000000000000000000, 0.6763582318153609219, 1.000000000000000000),
 ( 1.000000000000000000, 0.6763657919193615253, 1.000000000000000000),
 ( 1.000000000000000000, 0.6763696948685637977, 1.000000000000000000),
 ( 1.000000000000000000, 0.6763610100427297489, 1.000000000000000000),
 ( 1.000000000000000000, 0.6763577163893806921, 1.000000000000000000),
 ( 1.000000000000000000, 0.6763537713896873305, 1.000000000000000000),
 ( 1.000000000000000000, 0.6763531386930332623, 1.000000000000000000),
 ( 1.000000000000000000, 0.6763541906416710159, 1.000000000000000000),
 ( 1.000000000000000000, 0.6763548747989563958, 1.000000000000000000),
 ( 1.000000000000000000, 0.6763569086963557853, 1.000000000000000000),
 ( 1.000000000000000000, 0.6763582640260635825, 1.000000000000000000),
 ( 1.000000000000000000, 0.6763631947082546780, 1.000000000000000000),
 ( 1.000000000000000000, 0.6763729165800722587, 1.000000000000000000),
 ( 1.000000000000000000, 0.6763633613073742890, 1.000000000000000000),
 ( 1.000000000000000000, 0.6763595534549369237, 1.000000000000000000),
 ( 1.000000000000000000, 0.6763546109790063987, 1.000000000000000000),
 ( 1.000000000000000000, 0.6763534174034958601, 1.000000000000000000),
 ( 1.000000000000000000, 0.6763536580971677425, 1.000000000000000000),
 ( 1.000000000000000000, 0.6763540825553862046, 1.000000000000000000),
 ( 1.000000000000000000, 0.6763555932223797029, 1.000000000000000000),
 ( 1.000000000000000000, 0.6763566759235517534, 1.000000000000000000),
 ( 1.000000000000000000, 0.6763608418275135481, 1.000000000000000000),
 ( 1.000000000000000000, 0.6763648435893971911, 1.000000000000000000),
 ( 1.000000000000000000, 0.6763749552653441910, 1.000000000000000000),
 ( 1.000000000000000000, 0.6763617146172249406, 1.000000000000000000),
 ( 1.000000000000000000, 0.6763557767407930577, 1.000000000000000000),
 ( 1.000000000000000000, 0.6763540216839758479, 1.000000000000000000),
 ( 1.000000000000000000, 0.6763532634334585847, 1.000000000000000000),
 ( 1.000000000000000000, 0.6763542533404695023, 1.000000000000000000),
 ( 1.000000000000000000, 0.6763576527361800927, 1.000000000000000000),
 ( 1.000000000000000000, 0.6763591050644049973, 1.000000000000000000),
 ( 1.000000000000000000, 0.6763626248305550925, 1.000000000000000000),
 ( 1.000000000000000000, 0.6763647007284717683, 1.000000000000000000),
 ( 1.000000000000000000, 0.6763716478547190381, 1.000000000000000000),
 ( 1.000000000000000000, 0.6763641777928635079, 1.000000000000000000),
 ( 1.000000000000000000, 0.6763572474488344088, 1.000000000000000000),
 ( 1.000000000000000000, 0.6763549459330694402, 1.000000000000000000),
 ( 1.000000000000000000, 0.6763531178501994701, 1.000000000000000000),
 ( 1.000000000000000000, 0.6763535430108188473, 1.000000000000000000),
 ( 1.000000000000000000, 0.6763561741641345160, 1.000000000000000000),
 ( 1.000000000000000000, 0.6763573929265884743, 1.000000000000000000),
 ( 1.000000000000000000, 0.6763604348473286620, 1.000000000000000000),
 ( 1.000000000000000000, 0.6763622546221275122, 1.000000000000000000),
 ( 1.000000000000000000, 0.6763685183355619968, 1.000000000000000000),
 ( 1.000000000000000000, 0.6763669078338022667, 1.000000000000000000),
 ( 1.000000000000000000, 0.6763589869220477668, 1.000000000000000000),
 ( 1.000000000000000000, 0.6763562024589989674, 1.000000000000000000),
 ( 1.000000000000000000, 0.6763533055972220653, 1.000000000000000000),
 ( 1.000000000000000000, 0.6763531708381208540, 1.000000000000000000),
 ( 1.000000000000000000, 0.6763556418013801919, 1.000000000000000000),
 ( 1.000000000000000000, 0.6763582073234806202, 1.000000000000000000),
 ( 1.000000000000000000, 0.6763656568728868557, 1.000000000000000000),
 ( 1.000000000000000000, 0.6763697905733644378, 1.000000000000000000),
 ( 1.000000000000000000, 0.6763610338550226642, 1.000000000000000000),
 ( 1.000000000000000000, 0.6763577719785169862, 1.000000000000000000),
 ( 1.000000000000000000, 0.6763538088244298585, 1.000000000000000000),
 ( 1.000000000000000000, 0.6763531398314968079, 1.000000000000000000),
 ( 1.000000000000000000, 0.6763545279647009689, 1.000000000000000000),
 ( 1.000000000000000000, 0.6763565519477280352, 1.000000000000000000),
 ( 1.000000000000000000, 0.6763614655544619714, 1.000000000000000000),
 ( 1.000000000000000000, 0.6763634245714298387, 1.000000000000000000),
 ( 1.000000000000000000, 0.6763678408206972303, 1.000000000000000000),
 ( 1.000000000000000000, 0.6763705687753986950, 1.000000000000000000),
 ( 1.000000000000000000, 0.6763634130049777093, 1.000000000000000000),
 ( 1.000000000000000000, 0.6763596494810386606, 1.000000000000000000),
 ( 1.000000000000000000, 0.6763546162863123268, 1.000000000000000000),
 ( 1.000000000000000000, 0.6763534272881317477, 1.000000000000000000),
 ( 1.000000000000000000, 0.6763536503715910086, 1.000000000000000000),
 ( 1.000000000000000000, 0.6763540586549162681, 1.000000000000000000),
 ( 1.000000000000000000, 0.6763555441041227967, 1.000000000000000000),
 ( 1.000000000000000000, 0.6763566300795562647, 1.000000000000000000),
 ( 1.000000000000000000, 0.6763608131518065170, 1.000000000000000000),
 ( 1.000000000000000000, 0.6763648205629779753, 1.000000000000000000),
 ( 1.000000000000000000, 0.6763748100012121345, 1.000000000000000000),
 ( 1.000000000000000000, 0.6763617691639554064, 1.000000000000000000),
 ( 1.000000000000000000, 0.6763557853662365282, 1.000000000000000000),
 ( 1.000000000000000000, 0.6763540481342448230, 1.000000000000000000),
 ( 1.000000000000000000, 0.6763532546193155026, 1.000000000000000000),
 ( 1.000000000000000000, 0.6763542379914310176, 1.000000000000000000),
 ( 1.000000000000000000, 0.6763587611501250541, 1.000000000000000000),
 ( 1.000000000000000000, 0.6763622824910482390, 1.000000000000000000),
 ( 1.000000000000000000, 0.6763692131404888119, 1.000000000000000000),
 ( 1.000000000000000000, 0.6763691056848094574, 1.000000000000000000),
 ( 1.000000000000000000, 0.6763645034896058617, 1.000000000000000000),
 ( 1.000000000000000000, 0.6763624765418931872, 1.000000000000000000),
 ( 1.000000000000000000, 0.6763572800392051443, 1.000000000000000000),
 ( 1.000000000000000000, 0.6763549939760576946, 1.000000000000000000),
 ( 1.000000000000000000, 0.6763531091588513844, 1.000000000000000000),
 ( 1.000000000000000000, 0.6763535431719086555, 1.000000000000000000),
 ( 1.000000000000000000, 0.6763561438826285466, 1.000000000000000000),
 ( 1.000000000000000000, 0.6763573352696649055, 1.000000000000000000),
 ( 1.000000000000000000, 0.6763603463131256932, 1.000000000000000000),
 ( 1.000000000000000000, 0.6763621781562468849, 1.000000000000000000),
 ( 1.000000000000000000, 0.6763684811978495359, 1.000000000000000000),
 ( 1.000000000000000000, 0.6763669455320076018, 1.000000000000000000),
 ( 1.000000000000000000, 0.6763590755069990301, 1.000000000000000000),
 ( 1.000000000000000000, 0.6763562358801500363, 1.000000000000000000),
 ( 1.000000000000000000, 0.6763533042726670441, 1.000000000000000000),
 ( 1.000000000000000000, 0.6763531742038105810, 1.000000000000000000),
 ( 1.000000000000000000, 0.6763555844906884440, 1.000000000000000000),
 ( 1.000000000000000000, 0.6763581730552318261, 1.000000000000000000),
 ( 1.000000000000000000, 0.6763656091106072799, 1.000000000000000000),
 ( 1.000000000000000000, 0.6763699428361731325, 1.000000000000000000),
 ( 1.000000000000000000, 0.6763633366385874979, 1.000000000000000000),
 ( 1.000000000000000000, 0.6763613857486556746, 1.000000000000000000),
 ( 1.000000000000000000, 0.6763581298082839144, 1.000000000000000000),
 ( 1.000000000000000000, 0.6763568141347121587, 1.000000000000000000),
 ( 1.000000000000000000, 0.6763538348563020719, 1.000000000000000000),
 ( 1.000000000000000000, 0.6763531385904227866, 1.000000000000000000),
 ( 1.000000000000000000, 0.6763544903539838726, 1.000000000000000000),
 ( 1.000000000000000000, 0.6763565319977705714, 1.000000000000000000),
 ( 1.000000000000000000, 0.6763629977518402780, 1.000000000000000000),
 ( 1.000000000000000000, 0.6763731208434458075, 1.000000000000000000),
 ( 1.000000000000000000, 0.6763634524435628848, 1.000000000000000000),
 ( 1.000000000000000000, 0.6763597024004842639, 1.000000000000000000),
 ( 1.000000000000000000, 0.6763546913428463148, 1.000000000000000000),
 ( 1.000000000000000000, 0.6763534391948509139, 1.000000000000000000),
 ( 1.000000000000000000, 0.6763537080497628029, 1.000000000000000000),
 ( 1.000000000000000000, 0.6763551917518981771, 1.000000000000000000),
 ( 1.000000000000000000, 0.6763606839352218625, 1.000000000000000000),
 ( 1.000000000000000000, 0.6763647498825771098, 1.000000000000000000),
 ( 1.000000000000000000, 0.6763747322716977539, 1.000000000000000000),
 ( 1.000000000000000000, 0.6763618990139729226, 1.000000000000000000),
 ( 1.000000000000000000, 0.6763573631443178247, 1.000000000000000000),
 ( 1.000000000000000000, 0.6763561477222002072, 1.000000000000000000),
 ( 1.000000000000000000, 0.6763544009144240032, 1.000000000000000000),
 ( 1.000000000000000000, 0.6763538622272944334, 1.000000000000000000),
 ( 1.000000000000000000, 0.6763532483651900629, 1.000000000000000000),
 ( 1.000000000000000000, 0.6763541754058473021, 1.000000000000000000),
 ( 1.000000000000000000, 0.6763609501388283540, 1.000000000000000000),
 ( 1.000000000000000000, 0.6763677025200037773, 1.000000000000000000),
 ( 1.000000000000000000, 0.6763572205229211320, 1.000000000000000000),
 ( 1.000000000000000000, 0.6763549462720582772, 1.000000000000000000),
 ( 1.000000000000000000, 0.6763531202006719534, 1.000000000000000000),
 ( 1.000000000000000000, 0.6763535355315505315, 1.000000000000000000),
 ( 1.000000000000000000, 0.6763570728867590587, 1.000000000000000000),
 ( 1.000000000000000000, 0.6763601616934833416, 1.000000000000000000),
 ( 1.000000000000000000, 0.6763685028079111650, 1.000000000000000000),
 ( 1.000000000000000000, 0.6763668761030950938, 1.000000000000000000),
 ( 1.000000000000000000, 0.6763589660645624724, 1.000000000000000000),
 ( 1.000000000000000000, 0.6763562094240958000, 1.000000000000000000),
 ( 1.000000000000000000, 0.6763540316845118028, 1.000000000000000000),
 ( 1.000000000000000000, 0.6763536318711650397, 1.000000000000000000),
 ( 1.000000000000000000, 0.6763535113334998572, 1.000000000000000000),
 ( 1.000000000000000000, 0.6763537955774207022, 1.000000000000000000),
 ( 1.000000000000000000, 0.6763556423750629598, 1.000000000000000000),
 ( 1.000000000000000000, 0.6763581921235111150, 1.000000000000000000),
 ( 1.000000000000000000, 0.6763656457970292912, 1.000000000000000000),
 ( 1.000000000000000000, 0.6763697927870246929, 1.000000000000000000),
 ( 1.000000000000000000, 0.6763610612251422793, 1.000000000000000000),
 ( 1.000000000000000000, 0.6763577922713935875, 1.000000000000000000),
 ( 1.000000000000000000, 0.6763548070977244420, 1.000000000000000000),
 ( 1.000000000000000000, 0.6763541320539043777, 1.000000000000000000),
 ( 1.000000000000000000, 0.6763534741914680737, 1.000000000000000000),
 ( 1.000000000000000000, 0.6763534853034751659, 1.000000000000000000),
 ( 1.000000000000000000, 0.6763545151169413350, 1.000000000000000000),
 ( 1.000000000000000000, 0.6763565305862344612, 1.000000000000000000),
 ( 1.000000000000000000, 0.6763630941810347963, 1.000000000000000000),
 ( 1.000000000000000000, 0.6763729968788022573, 1.000000000000000000),
 ( 1.000000000000000000, 0.6763634471075902210, 1.000000000000000000),
 ( 1.000000000000000000, 0.6763596551065130802, 1.000000000000000000),
 ( 1.000000000000000000, 0.6763546289400018674, 1.000000000000000000),
 ( 1.000000000000000000, 0.6763534331388212362, 1.000000000000000000),
 ( 1.000000000000000000, 0.6763536457134957658, 1.000000000000000000),
 ( 1.000000000000000000, 0.6763540509324473815, 1.000000000000000000),
 ( 1.000000000000000000, 0.6763555352132825105, 1.000000000000000000),
 ( 1.000000000000000000, 0.6763566209480535996, 1.000000000000000000),
 ( 1.000000000000000000, 0.6763607862211429289, 1.000000000000000000),
 ( 1.000000000000000000, 0.6763647817989660860, 1.000000000000000000),
 ( 1.000000000000000000, 0.6763747749021727929, 1.000000000000000000),
 ( 1.000000000000000000, 0.6763617893101314671, 1.000000000000000000),
 ( 1.000000000000000000, 0.6763558055717608930, 1.000000000000000000),
 ( 1.000000000000000000, 0.6763540572474517898, 1.000000000000000000),
 ( 1.000000000000000000, 0.6763534522659193637, 1.000000000000000000),
 ( 1.000000000000000000, 0.6763535908973875577, 1.000000000000000000),
 ( 1.000000000000000000, 0.6763545450723406072, 1.000000000000000000),
 ( 1.000000000000000000, 0.6763553560372278506, 1.000000000000000000),
 ( 1.000000000000000000, 0.6763587350790831731, 1.000000000000000000),
 ( 1.000000000000000000, 0.6763622499086333617, 1.000000000000000000),
 ( 1.000000000000000000, 0.6763715106934101717, 1.000000000000000000),
 ( 1.000000000000000000, 0.6763642417118351791, 1.000000000000000000),
 ( 1.000000000000000000, 0.6763573026883940020, 1.000000000000000000),
 ( 1.000000000000000000, 0.6763549994198921889, 1.000000000000000000),
 ( 1.000000000000000000, 0.6763531102725109934, 1.000000000000000000),
 ( 1.000000000000000000, 0.6763535354787668652, 1.000000000000000000),
 ( 1.000000000000000000, 0.6763561270054315733, 1.000000000000000000),
 ( 1.000000000000000000, 0.6763573165477514415, 1.000000000000000000),
 ( 1.000000000000000000, 0.6763603301903615694, 1.000000000000000000),
 ( 1.000000000000000000, 0.6763621640900390197, 1.000000000000000000),
 ( 1.000000000000000000, 0.6763684441140246362, 1.000000000000000000),
 ( 1.000000000000000000, 0.6763669853940696974, 1.000000000000000000),
 ( 1.000000000000000000, 0.6763590946223589917, 1.000000000000000000),
 ( 1.000000000000000000, 0.6763562484442584566, 1.000000000000000000),
 ( 1.000000000000000000, 0.6763533110100912182, 1.000000000000000000),
 ( 1.000000000000000000, 0.6763531697421207856, 1.000000000000000000),
 ( 1.000000000000000000, 0.6763555732401429488, 1.000000000000000000),
 ( 1.000000000000000000, 0.6763581553006894342, 1.000000000000000000),
 ( 1.000000000000000000, 0.6763655710855100978, 1.000000000000000000),
 ( 1.000000000000000000, 0.6763699813244387071, 1.000000000000000000),
 ( 1.000000000000000000, 0.6763611411909647986, 1.000000000000000000),
 ( 1.000000000000000000, 0.6763578291219055627, 1.000000000000000000),
 ( 1.000000000000000000, 0.6763538447418923072, 1.000000000000000000),
 ( 1.000000000000000000, 0.6763531390270723920, 1.000000000000000000),
 ( 1.000000000000000000, 0.6763544852637141114, 1.000000000000000000),
 ( 1.000000000000000000, 0.6763565113828753361, 1.000000000000000000),
 ( 1.000000000000000000, 0.6763613528096079630, 1.000000000000000000),
 ( 1.000000000000000000, 0.6763632671857270351, 1.000000000000000000),
 ( 1.000000000000000000, 0.6763676592489201722, 1.000000000000000000),
 ( 1.000000000000000000, 0.6763707224281421126, 1.000000000000000000),
 ( 1.000000000000000000, 0.6763634867861438860, 1.000000000000000000),
 ( 1.000000000000000000, 0.6763597305128951076, 1.000000000000000000),
 ( 1.000000000000000000, 0.6763547012142251402, 1.000000000000000000),
 ( 1.000000000000000000, 0.6763534443717320599, 1.000000000000000000),
 ( 1.000000000000000000, 0.6763537011920617292, 1.000000000000000000),
 ( 1.000000000000000000, 0.6763551738199808927, 1.000000000000000000),
 ( 1.000000000000000000, 0.6763606652846363421, 1.000000000000000000),
 ( 1.000000000000000000, 0.6763647242533120663, 1.000000000000000000),
 ( 1.000000000000000000, 0.6763746843097985240, 1.000000000000000000),
 ( 1.000000000000000000, 0.6763619275155464683, 1.000000000000000000),
 ( 1.000000000000000000, 0.6763573729659488887, 1.000000000000000000),
 ( 1.000000000000000000, 0.6763561577697874139, 1.000000000000000000),
 ( 1.000000000000000000, 0.6763544104349024089, 1.000000000000000000),
 ( 1.000000000000000000, 0.6763538688989497727, 1.000000000000000000),
 ( 1.000000000000000000, 0.6763532448101897687, 1.000000000000000000),
 ( 1.000000000000000000, 0.6763541656634400878, 1.000000000000000000),
 ( 1.000000000000000000, 0.6763586857854430034, 1.000000000000000000),
 ( 1.000000000000000000, 0.6763622133912756684, 1.000000000000000000),
 ( 1.000000000000000000, 0.6763690643975974748, 1.000000000000000000),
 ( 1.000000000000000000, 0.6763692954529392232, 1.000000000000000000),
 ( 1.000000000000000000, 0.6763646684319595259, 1.000000000000000000),
 ( 1.000000000000000000, 0.6763625952365123206, 1.000000000000000000),
 ( 1.000000000000000000, 0.6763573254526227263, 1.000000000000000000),
 ( 1.000000000000000000, 0.6763550422994264455, 1.000000000000000000),
 ( 1.000000000000000000, 0.6763531217608160784, 1.000000000000000000),
 ( 1.000000000000000000, 0.6763535157591616942, 1.000000000000000000),
 ( 1.000000000000000000, 0.6763569568590307446, 1.000000000000000000),
 ( 1.000000000000000000, 0.6763599702812390646, 1.000000000000000000),
 ( 1.000000000000000000, 0.6763682749890187473, 1.000000000000000000),
 ( 1.000000000000000000, 0.6763670514717530224, 1.000000000000000000),
 ( 1.000000000000000000, 0.6763591448566090847, 1.000000000000000000),
 ( 1.000000000000000000, 0.6763563308902470483, 1.000000000000000000),
 ( 1.000000000000000000, 0.6763540744268146110, 1.000000000000000000),
 ( 1.000000000000000000, 0.6763536535450900278, 1.000000000000000000),
 ( 1.000000000000000000, 0.6763534998399258757, 1.000000000000000000),
 ( 1.000000000000000000, 0.6763537614068849679, 1.000000000000000000),
 ( 1.000000000000000000, 0.6763555327765630176, 1.000000000000000000),
 ( 1.000000000000000000, 0.6763580296684112980, 1.000000000000000000),
 ( 1.000000000000000000, 0.6763655022658532356, 1.000000000000000000),
 ( 1.000000000000000000, 0.6763700446819226331, 1.000000000000000000),
 ( 1.000000000000000000, 0.6763634571968029086, 1.000000000000000000),
 ( 1.000000000000000000, 0.6763615238569279375, 1.000000000000000000),
 ( 1.000000000000000000, 0.6763582422128388005, 1.000000000000000000),
 ( 1.000000000000000000, 0.6763568899480365548, 1.000000000000000000),
 ( 1.000000000000000000, 0.6763538495170768883, 1.000000000000000000),
 ( 1.000000000000000000, 0.6763531532099376076, 1.000000000000000000),
 ( 1.000000000000000000, 0.6763544347827898928, 1.000000000000000000),
 ( 1.000000000000000000, 0.6763564589370276714, 1.000000000000000000),
 ( 1.000000000000000000, 0.6763629167455265101, 1.000000000000000000),
 ( 1.000000000000000000, 0.6763732930071413296, 1.000000000000000000),
 ( 1.000000000000000000, 0.6763636372309749234, 1.000000000000000000),
 ( 1.000000000000000000, 0.6763597792362174843, 1.000000000000000000),
 ( 1.000000000000000000, 0.6763547262812734662, 1.000000000000000000),
 ( 1.000000000000000000, 0.6763534689389869570, 1.000000000000000000),
 ( 1.000000000000000000, 0.6763536192407583192, 1.000000000000000000),
 ( 1.000000000000000000, 0.6763540143343417244, 1.000000000000000000),
 ( 1.000000000000000000, 0.6763554636478094073, 1.000000000000000000),
 ( 1.000000000000000000, 0.6763565158769215824, 1.000000000000000000),
 ( 1.000000000000000000, 0.6763605954447723390, 1.000000000000000000),
 ( 1.000000000000000000, 0.6763645464669054697, 1.000000000000000000),
 ( 1.000000000000000000, 0.6763745911550751444, 1.000000000000000000),
 ( 1.000000000000000000, 0.6763619767165215402, 1.000000000000000000),
 ( 1.000000000000000000, 0.6763574394513544030, 1.000000000000000000),
 ( 1.000000000000000000, 0.6763562290047898662, 1.000000000000000000),
 ( 1.000000000000000000, 0.6763544537009643642, 1.000000000000000000),
 ( 1.000000000000000000, 0.6763538887556923562, 1.000000000000000000),
 ( 1.000000000000000000, 0.6763532311888607040, 1.000000000000000000),
 ( 1.000000000000000000, 0.6763541568931688008, 1.000000000000000000),
 ( 1.000000000000000000, 0.6763585755008201250, 1.000000000000000000),
 ( 1.000000000000000000, 0.6763621279828674338, 1.000000000000000000),
 ( 1.000000000000000000, 0.6763712854503455274, 1.000000000000000000),
 ( 1.000000000000000000, 0.6763644717710471932, 1.000000000000000000),
 ( 1.000000000000000000, 0.6763574282938406013, 1.000000000000000000),
 ( 1.000000000000000000, 0.6763550698026877805, 1.000000000000000000),
 ( 1.000000000000000000, 0.6763531225170215100, 1.000000000000000000),
 ( 1.000000000000000000, 0.6763534836404720973, 1.000000000000000000),
 ( 1.000000000000000000, 0.6763560303437975429, 1.000000000000000000),
 ( 1.000000000000000000, 0.6763572221221275660, 1.000000000000000000),
 ( 1.000000000000000000, 0.6763602045355371351, 1.000000000000000000),
 ( 1.000000000000000000, 0.6763619958455585612, 1.000000000000000000),
 ( 1.000000000000000000, 0.6763681820791789256, 1.000000000000000000),
 ( 1.000000000000000000, 0.6763672274829026776, 1.000000000000000000),
 ( 1.000000000000000000, 0.6763591916542104343, 1.000000000000000000),
 ( 1.000000000000000000, 0.6763563639597427457, 1.000000000000000000),
 ( 1.000000000000000000, 0.6763533472943568103, 1.000000000000000000),
 ( 1.000000000000000000, 0.6763531529479405169, 1.000000000000000000),
 ( 1.000000000000000000, 0.6763555011357011981, 1.000000000000000000),
 ( 1.000000000000000000, 0.6763580036675075347, 1.000000000000000000),
 ( 1.000000000000000000, 0.6763653390815808075, 1.000000000000000000),
 ( 1.000000000000000000, 0.6763701538908621913, 1.000000000000000000),
 ( 1.000000000000000000, 0.6763612981638620347, 1.000000000000000000),
 ( 1.000000000000000000, 0.6763579822906086170, 1.000000000000000000),
 ( 1.000000000000000000, 0.6763538976755526511, 1.000000000000000000),
 ( 1.000000000000000000, 0.6763531562830253918, 1.000000000000000000),
 ( 1.000000000000000000, 0.6763544131180145857, 1.000000000000000000),
 ( 1.000000000000000000, 0.6763563743665138572, 1.000000000000000000),
 ( 1.000000000000000000, 0.6763611886229500270, 1.000000000000000000),
 ( 1.000000000000000000, 0.6763631177869090516, 1.000000000000000000),
 ( 1.000000000000000000, 0.6763674873825294975, 1.000000000000000000),
 ( 1.000000000000000000, 0.6763709498635019912, 1.000000000000000000),
 ( 1.000000000000000000, 0.6763637176231308556, 1.000000000000000000),
 ( 1.000000000000000000, 0.6763599021244962595, 1.000000000000000000),
 ( 1.000000000000000000, 0.6763547502630117281, 1.000000000000000000),
 ( 1.000000000000000000, 0.6763534846743631812, 1.000000000000000000),
 ( 1.000000000000000000, 0.6763536501988084426, 1.000000000000000000),
 ( 1.000000000000000000, 0.6763550853918338657, 1.000000000000000000),
 ( 1.000000000000000000, 0.6763605467291320394, 1.000000000000000000),
 ( 1.000000000000000000, 0.6763645027168746493, 1.000000000000000000),
 ( 1.000000000000000000, 0.6763719184659567896, 1.000000000000000000),
 ( 1.000000000000000000, 0.6763666253139838380, 1.000000000000000000),
 ( 1.000000000000000000, 0.6763623879322576693, 1.000000000000000000),
 ( 1.000000000000000000, 0.6763605323419782378, 1.000000000000000000),
 ( 1.000000000000000000, 0.6763559462022414870, 1.000000000000000000),
 ( 1.000000000000000000, 0.6763541463596924874, 1.000000000000000000),
 ( 1.000000000000000000, 0.6763532204587918706, 1.000000000000000000),
 ( 1.000000000000000000, 0.6763541332394396033, 1.000000000000000000),
 ( 1.000000000000000000, 0.6763585340804343371, 1.000000000000000000),
 ( 1.000000000000000000, 0.6763619978523603971, 1.000000000000000000),
 ( 1.000000000000000000, 0.6763688388723987366, 1.000000000000000000),
 ( 1.000000000000000000, 0.6763694839374767565, 1.000000000000000000),
 ( 1.000000000000000000, 0.6763648215031921040, 1.000000000000000000),
 ( 1.000000000000000000, 0.6763627650194647956, 1.000000000000000000),
 ( 1.000000000000000000, 0.6763574796705019709, 1.000000000000000000),
 ( 1.000000000000000000, 0.6763551342189462190, 1.000000000000000000),
 ( 1.000000000000000000, 0.6763531166957001961, 1.000000000000000000),
 ( 1.000000000000000000, 0.6763534813316253169, 1.000000000000000000),
 ( 1.000000000000000000, 0.6763568207319093917, 1.000000000000000000),
 ( 1.000000000000000000, 0.6763598092341759349, 1.000000000000000000),
 ( 1.000000000000000000, 0.6763681177646766463, 1.000000000000000000),
 ( 1.000000000000000000, 0.6763672921568870677, 1.000000000000000000),
 ( 1.000000000000000000, 0.6763613101450541842, 1.000000000000000000),
 ( 1.000000000000000000, 0.6763595910147444101, 1.000000000000000000),
 ( 1.000000000000000000, 0.6763567602032363180, 1.000000000000000000),
 ( 1.000000000000000000, 0.6763556494073599268, 1.000000000000000000),
 ( 1.000000000000000000, 0.6763533483173393979, 1.000000000000000000),
 ( 1.000000000000000000, 0.6763531539954537042, 1.000000000000000000),
 ( 1.000000000000000000, 0.6763554303096768194, 1.000000000000000000),
 ( 1.000000000000000000, 0.6763579519602525014, 1.000000000000000000),
 ( 1.000000000000000000, 0.6763652810532785331, 1.000000000000000000),
 ( 1.000000000000000000, 0.6763703210630322982, 1.000000000000000000),
 ( 1.000000000000000000, 0.6763614196945546553, 1.000000000000000000),
 ( 1.000000000000000000, 0.6763580211845987566, 1.000000000000000000),
 ( 1.000000000000000000, 0.6763539199782788724, 1.000000000000000000),
 ( 1.000000000000000000, 0.6763531600272710831, 1.000000000000000000),
 ( 1.000000000000000000, 0.6763543720143628812, 1.000000000000000000),
 ( 1.000000000000000000, 0.6763563539126480340, 1.000000000000000000),
 ( 1.000000000000000000, 0.6763627018428846061, 1.000000000000000000),
 ( 1.000000000000000000, 0.6763735501474108514, 1.000000000000000000),
 ( 1.000000000000000000, 0.6763637590287598922, 1.000000000000000000),
 ( 1.000000000000000000, 0.6763599507845611258, 1.000000000000000000),
 ( 1.000000000000000000, 0.6763561016444508134, 1.000000000000000000),
 ( 1.000000000000000000, 0.6763551289473435091, 1.000000000000000000),
 ( 1.000000000000000000, 0.6763538429788094053, 1.000000000000000000),
 ( 1.000000000000000000, 0.6763535325740774873, 1.000000000000000000),
 ( 1.000000000000000000, 0.6763536330742591085, 1.000000000000000000),
 ( 1.000000000000000000, 0.6763550542627918549, 1.000000000000000000),
 ( 1.000000000000000000, 0.6763604179062481236, 1.000000000000000000),
 ( 1.000000000000000000, 0.6763644230220162701, 1.000000000000000000),
 ( 1.000000000000000000, 0.6763743195128528729, 1.000000000000000000),
 ( 1.000000000000000000, 0.6763621839079614340, 1.000000000000000000),
 ( 1.000000000000000000, 0.6763560229505685140, 1.000000000000000000),
 ( 1.000000000000000000, 0.6763541658246071675, 1.000000000000000000),
 ( 1.000000000000000000, 0.6763532149336840549, 1.000000000000000000),
 ( 1.000000000000000000, 0.6763540773648488713, 1.000000000000000000),
 ( 1.000000000000000000, 0.6763573601125570933, 1.000000000000000000),
 ( 1.000000000000000000, 0.6763587902204695190, 1.000000000000000000),
 ( 1.000000000000000000, 0.6763622179397412726, 1.000000000000000000),
 ( 1.000000000000000000, 0.6763642203988083912, 1.000000000000000000),
 ( 1.000000000000000000, 0.6763710020423137070, 1.000000000000000000),
 ( 1.000000000000000000, 0.6763646792432310706, 1.000000000000000000),
 ( 1.000000000000000000, 0.6763575034713050771, 1.000000000000000000),
 ( 1.000000000000000000, 0.6763551651875834292, 1.000000000000000000),
 ( 1.000000000000000000, 0.6763536389182052133, 1.000000000000000000),
 ( 1.000000000000000000, 0.6763534602561819264, 1.000000000000000000),
 ( 1.000000000000000000, 0.6763537808846510346, 1.000000000000000000),
 ( 1.000000000000000000, 0.6763542862955310708, 1.000000000000000000),
 ( 1.000000000000000000, 0.6763567862642301254, 1.000000000000000000),
 ( 1.000000000000000000, 0.6763597529208260628, 1.000000000000000000),
 ( 1.000000000000000000, 0.6763679363944872236, 1.000000000000000000),
 ( 1.000000000000000000, 0.6763673797383404906, 1.000000000000000000),
 ( 1.000000000000000000, 0.6763593526195466055, 1.000000000000000000),
 ( 1.000000000000000000, 0.6763564917143416455, 1.000000000000000000),
 ( 1.000000000000000000, 0.6763533733247542035, 1.000000000000000000),
 ( 1.000000000000000000, 0.6763531514324474525, 1.000000000000000000),
 ( 1.000000000000000000, 0.6763553994126121349, 1.000000000000000000),
 ( 1.000000000000000000, 0.6763578407681294369, 1.000000000000000000),
 ( 1.000000000000000000, 0.6763633316966873865, 1.000000000000000000),
 ( 1.000000000000000000, 0.6763654737015100116, 1.000000000000000000),
 ( 1.000000000000000000, 0.6763702253328568448, 1.000000000000000000),
 ( 1.000000000000000000, 0.6763681635153517835, 1.000000000000000000),
 ( 1.000000000000000000, 0.6763615064150177991, 1.000000000000000000),
 ( 1.000000000000000000, 0.6763581246861716245, 1.000000000000000000),
 ( 1.000000000000000000, 0.6763539237638196422, 1.000000000000000000),
 ( 1.000000000000000000, 0.6763531723880380486, 1.000000000000000000),
 ( 1.000000000000000000, 0.6763540439976006846, 1.000000000000000000),
 ( 1.000000000000000000, 0.6763546676679567105, 1.000000000000000000),
 ( 1.000000000000000000, 0.6763565771832359408, 1.000000000000000000),
 ( 1.000000000000000000, 0.6763578728995055522, 1.000000000000000000),
 ( 1.000000000000000000, 0.6763626514630964870, 1.000000000000000000),
 ( 1.000000000000000000, 0.6763736516148078914, 1.000000000000000000),
 ( 1.000000000000000000, 0.6763639309538639344, 1.000000000000000000),
 ( 1.000000000000000000, 0.6763600155134412706, 1.000000000000000000),
 ( 1.000000000000000000, 0.6763548355845891979, 1.000000000000000000),
 ( 1.000000000000000000, 0.6763535265888592773, 1.000000000000000000),
 ( 1.000000000000000000, 0.6763536021827797340, 1.000000000000000000),
 ( 1.000000000000000000, 0.6763550280097153644, 1.000000000000000000),
 ( 1.000000000000000000, 0.6763603651615343049, 1.000000000000000000),
 ( 1.000000000000000000, 0.6763642638180916711, 1.000000000000000000),
 ( 1.000000000000000000, 0.6763716884450450273, 1.000000000000000000),
 ( 1.000000000000000000, 0.6763667917507621974, 1.000000000000000000),
 ( 1.000000000000000000, 0.6763625357345796063, 1.000000000000000000),
 ( 1.000000000000000000, 0.6763606929338190632, 1.000000000000000000),
 ( 1.000000000000000000, 0.6763560749225498991, 1.000000000000000000),
 ( 1.000000000000000000, 0.6763542093401024857, 1.000000000000000000),
 ( 1.000000000000000000, 0.6763531978186623217, 1.000000000000000000),
 ( 1.000000000000000000, 0.6763540709512210203, 1.000000000000000000),
 ( 1.000000000000000000, 0.6763572968299057520, 1.000000000000000000),
 ( 1.000000000000000000, 0.6763586914401235051, 1.000000000000000000),
 ( 1.000000000000000000, 0.6763620936086901514, 1.000000000000000000),
 ( 1.000000000000000000, 0.6763641144867080790, 1.000000000000000000),
 ( 1.000000000000000000, 0.6763709379085331985, 1.000000000000000000),
 ( 1.000000000000000000, 0.6763647542264098478, 1.000000000000000000),
 ( 1.000000000000000000, 0.6763576225750383974, 1.000000000000000000),
 ( 1.000000000000000000, 0.6763552011276813269, 1.000000000000000000),
 ( 1.000000000000000000, 0.6763531275866109249, 1.000000000000000000),
 ( 1.000000000000000000, 0.6763534354013350791, 1.000000000000000000),
 ( 1.000000000000000000, 0.6763566983807128841, 1.000000000000000000),
 ( 1.000000000000000000, 0.6763597023276487485, 1.000000000000000000),
 ( 1.000000000000000000, 0.6763678660013462407, 1.000000000000000000),
 ( 1.000000000000000000, 0.6763726110423222693, 1.000000000000000000),
 ( 1.000000000000000000, 0.6763634961384634714, 1.000000000000000000) ) ) 
 REPRESENTATION_ITEM ( '' )  SURFACE ( )  );
#7329 = AXIS2_PLACEMENT_3D ( 'NONE', #7782, #6555, #2818 ) ;
#7330 = FACE_OUTER_BOUND ( 'NONE', #5646, .T. ) ;
#7331 = CARTESIAN_POINT ( 'NONE',  ( -9.473570436530241778, 5.342803073181382700, 4.385542910760342750 ) ) ;
#7332 = CARTESIAN_POINT ( 'NONE',  ( -5.000000000000001776, 15.00000000000000000, -4.900000000000000355 ) ) ;
#7333 = CARTESIAN_POINT ( 'NONE',  ( -10.16250189653953129, 13.24269686076859287, 4.242584512726212509 ) ) ;
#7334 = CARTESIAN_POINT ( 'NONE',  ( -12.48125189653952916, 14.61892489955086916, -2.327522060746116672 ) ) ;
#7335 = CARTESIAN_POINT ( 'NONE',  ( -13.02402491760001801, 6.168320816279590169, 4.865892913767662975 ) ) ;
#7336 = EDGE_LOOP ( 'NONE', ( #4754, #1470 ) ) ;
#7337 = CARTESIAN_POINT ( 'NONE',  ( -9.612501896539530577, 12.97325429635567140, 3.973149083243181945 ) ) ;
#7338 = CARTESIAN_POINT ( 'NONE',  ( -11.32452026101754328, 12.59724236923030993, 4.434227179697125543 ) ) ;
#7339 = CARTESIAN_POINT ( 'NONE',  ( -8.751621587405605140, 11.93841477113820915, 4.896355081397185671 ) ) ;
#7340 = CARTESIAN_POINT ( 'NONE',  ( -5.100000000000002309, 9.000000000000000000, 0.0000000000000000000 ) ) ;
#7341 = CARTESIAN_POINT ( 'NONE',  ( -6.437745504266098706, 5.783001116698329724, -4.620354993398637866 ) ) ;
#7342 = CARTESIAN_POINT ( 'NONE',  ( -11.30005774905729510, 6.207991776543088314, 4.980189255314792618 ) ) ;
#7343 = CARTESIAN_POINT ( 'NONE',  ( -20.67641539460827715, 4.104481097934158385, -0.2363538066999421317 ) ) ;
#7344 = VECTOR ( 'NONE', #3843, 1000.000000000000000 ) ;
#7345 = CARTESIAN_POINT ( 'NONE',  ( -11.14375189653953058, 11.48520193195810357, -6.000032905453839049 ) ) ;
#7346 = ORIENTED_EDGE ( 'NONE', *, *, #4999, .T. ) ;
#7347 = CARTESIAN_POINT ( 'NONE',  ( -6.843422615470927894, 13.16951942902623074, 3.900999524974052335 ) ) ;
#7348 = CARTESIAN_POINT ( 'NONE',  ( -10.93344478812150555, 3.913268202465487011, -2.594784211226019544 ) ) ;
#7349 = PLANE ( 'NONE',  #5742 ) ;
#7350 = CARTESIAN_POINT ( 'NONE',  ( -8.271848451197044483, 7.107912796339461714, -5.386934411722595684 ) ) ;
#7351 = CARTESIAN_POINT ( 'NONE',  ( -7.880281507335919144, 14.58920665970634722, -1.169941872190888521 ) ) ;
#7352 = CARTESIAN_POINT ( 'NONE',  ( -6.506251896539531288, 11.48536081608334847, 5.999967093494318782 ) ) ;
#7354 = CARTESIAN_POINT ( 'NONE',  ( -12.39270828645224753, 13.22564649037076734, 3.840608873051039041 ) ) ;
#7353 = CARTESIAN_POINT ( 'NONE',  ( -7.743751896539529334, 11.48520193195810712, -6.000032905453839938 ) ) ;
#7355 = EDGE_LOOP ( 'NONE', ( #4562, #5391, #5349, #1950 ) ) ;
#7356 = DIRECTION ( 'NONE',  ( 0.0000000000000000000, 0.0000000000000000000, -1.000000000000000000 ) ) ;
#7357 = VERTEX_POINT ( 'NONE', #4152 ) ;
#7358 = CARTESIAN_POINT ( 'NONE',  ( -8.309840220652429110, 5.792164042503872956, -4.714016857333615640 ) ) ;
#7359 = CARTESIAN_POINT ( 'NONE',  ( -9.172406193891784909, 3.418340828984971491, -1.164722351185617288 ) ) ;
#7360 = CARTESIAN_POINT ( 'NONE',  ( -10.44795384799799010, 7.955652450388138952, 5.613831041781981668 ) ) ;
#7361 = ORIENTED_EDGE ( 'NONE', *, *, #2739, .F. ) ;
#7362 = CARTESIAN_POINT ( 'NONE',  ( 0.0000000000000000000, 0.09999999999999939493, 0.0000000000000000000 ) ) ;
#7363 = EDGE_CURVE ( 'NONE', #6089, #5748, #1651, .T. ) ;
#7364 = COLOUR_RGB ( '',0.5568627450980392357, 0.5568627450980392357, 0.5568627450980392357 ) ;
#7365 = CIRCLE ( 'NONE', #4262, 0.5999999999999998668 ) ;
#7366 = CARTESIAN_POINT ( 'NONE',  ( -7.064128958396359792, 13.02196746761850576, -4.041724171702572477 ) ) ;
#7367 = CARTESIAN_POINT ( 'NONE',  ( -11.62370556581314851, 13.35155106099166211, -3.559147806188196039 ) ) ;
#7368 = FACE_OUTER_BOUND ( 'NONE', #574, .T. ) ;
#7369 = ORIENTED_EDGE ( 'NONE', *, *, #4960, .F. ) ;
#7370 = CARTESIAN_POINT ( 'NONE',  ( 0.0000000000000000000, 0.5000000000000004441, 0.0000000000000000000 ) ) ;
#7371 = CARTESIAN_POINT ( 'NONE',  ( -9.597608900656442898, 12.54165322702660923, 4.418862160401021200 ) ) ;
#7372 = ADVANCED_FACE ( 'NONE', ( #486 ), #6730, .T. ) ;
#7373 = CYLINDRICAL_SURFACE ( 'NONE', #5236, 4.699999999999999289 ) ;
#7374 = DIRECTION ( 'NONE',  ( 0.0000000000000000000, 0.0000000000000000000, -1.000000000000000000 ) ) ;
#7375 = CARTESIAN_POINT ( 'NONE',  ( -8.868751896539531998, 2.999967094546160951, -2.485201931958109345 ) ) ;
#7376 = CARTESIAN_POINT ( 'NONE',  ( -11.69375189653953306, 11.32737326693549385, -5.618986531965227016 ) ) ;
#7377 = CARTESIAN_POINT ( 'NONE',  ( -13.03166556405420096, 4.216581679819753958, 3.103338536924464375 ) ) ;
#7378 = VERTEX_POINT ( 'NONE', #4228 ) ;
#7379 = CARTESIAN_POINT ( 'NONE',  ( -11.18750189653953164, 5.026850916756816723, 3.973254296355670956 ) ) ;
#7380 = CARTESIAN_POINT ( 'NONE',  ( -10.47682030635060890, 13.96406422098774769, 2.822000782690616827 ) ) ;
#7381 = CARTESIAN_POINT ( 'NONE',  ( -8.639399969257304690, 13.05805912795802293, 4.017353953649958953 ) ) ;
#7382 = CARTESIAN_POINT ( 'NONE',  ( -7.125001896539530755, 3.000000000525919752, 7.944206261983304126E-05 ) ) ;
#7383 = FACE_OUTER_BOUND ( 'NONE', #7336, .T. ) ;
#7384 = CARTESIAN_POINT ( 'NONE',  ( -6.755583057148821347, 10.18154806018899450, 5.586671264563446648 ) ) ;
#7385 = CARTESIAN_POINT ( 'NONE',  ( -11.33550540453002320, 7.479029809739113688, 5.503144471890064615 ) ) ;
#7386 = DIRECTION ( 'NONE',  ( 0.0000000000000000000, -0.8309859154929574165, -0.5562934551586342646 ) ) ;
#7387 = CARTESIAN_POINT ( 'NONE',  ( -24.00000000000000000, 9.000000000000000000, 4.699999999999999289 ) ) ;
#7388 = CARTESIAN_POINT ( 'NONE',  ( -14.06875189653952951, 2.999967094546162283, -2.485201931958109345 ) ) ;
#7389 = ORIENTED_EDGE ( 'NONE', *, *, #69, .T. ) ;
#7390 = CARTESIAN_POINT ( 'NONE',  ( -12.93700832699634873, 5.686319417622194727, 4.650226304775801900 ) ) ;
#7391 = CARTESIAN_POINT ( 'NONE',  ( -7.319233705152120351, 4.189922067935895278, -3.076632495758568009 ) ) ;
#7392 = CARTESIAN_POINT ( 'NONE',  ( -11.06705595230583583, 4.187601910724045418, -3.058296211523148678 ) ) ;
#7393 = DIRECTION ( 'NONE',  ( 0.0000000000000000000, 0.0000000000000000000, -1.000000000000000000 ) ) ;
#7394 = CARTESIAN_POINT ( 'NONE',  ( -8.694179267022667190, 9.838896249289339480, 5.647515061847691697 ) ) ;
#7395 = CARTESIAN_POINT ( 'NONE',  ( -7.856001495227516784, 13.98772154267589052, 2.593473123028163130 ) ) ;
#7396 = DIRECTION ( 'NONE',  ( 0.0000000000000000000, 0.0000000000000000000, -1.000000000000000000 ) ) ;
#7398 = CARTESIAN_POINT ( 'NONE',  ( -12.32212373689129770, 14.57944572108117853, 1.175658393666321189 ) ) ;
#7397 = CARTESIAN_POINT ( 'NONE',  ( -6.393751896539531465, 6.514798068041888435, 6.000032905453838161 ) ) ;
#7399 = ORIENTED_EDGE ( 'NONE', *, *, #2684, .F. ) ;
#7400 = DIRECTION ( 'NONE',  ( 0.0000000000000000000, 0.0000000000000000000, 1.000000000000000000 ) ) ;
#7401 = CARTESIAN_POINT ( 'NONE',  ( -8.960718195979310963, 9.644115537370916869, -5.673412433731909843 ) ) ;
#7402 = CARTESIAN_POINT ( 'NONE',  ( -10.37431947391324805, 7.972136134178786193, 5.535146941989401270 ) ) ;
#7403 = ORIENTED_EDGE ( 'NONE', *, *, #2894, .F. ) ;
#7404 = PRESENTATION_STYLE_ASSIGNMENT (( #5356 ) ) ;
#7405 = CARTESIAN_POINT ( 'NONE',  ( -7.274406517927751281, 5.406149656421015415, -4.437560204976242595 ) ) ;
#7406 = CARTESIAN_POINT ( 'NONE',  ( -13.00000000000000533, 14.94086772557784393, -0.8296742831953329844 ) ) ;
#7407 = VERTEX_POINT ( 'NONE', #1131 ) ;
#7408 = ADVANCED_FACE ( 'NONE', ( #1774 ), #3617, .T. ) ;
#7409 = CARTESIAN_POINT ( 'NONE',  ( -18.90004514576411054, 13.89999170792146721, 0.1180286795828160845 ) ) ;
#7410 = CARTESIAN_POINT ( 'NONE',  ( -9.463356960335296719, 7.557207931051032723, 5.441801223418258004 ) ) ;
#7411 = CARTESIAN_POINT ( 'NONE',  ( -6.719247564285106833, 3.962327601144141287, 2.687463373073598838 ) ) ;
#7412 = DIRECTION ( 'NONE',  ( 0.0000000000000000000, 0.0000000000000000000, 1.000000000000000000 ) ) ;
#7413 = CARTESIAN_POINT ( 'NONE',  ( -9.656251896539531643, 6.514639183916651533, -5.999967093494321446 ) ) ;
#7414 = CARTESIAN_POINT ( 'NONE',  ( -12.65000189653953022, 8.999925603094688142, -5.618955715758048086 ) ) ;
#7415 = CARTESIAN_POINT ( 'NONE',  ( -12.89776621922371369, 4.529109255809036227, 3.538822525573295685 ) ) ;
#7416 = ORIENTED_EDGE ( 'NONE', *, *, #674, .T. ) ;
#7417 = EDGE_CURVE ( 'NONE', #1385, #760, #2027, .T. ) ;
#7418 = CARTESIAN_POINT ( 'NONE',  ( -10.98060500146818086, 3.360993682375373659, -0.8444288563140532888 ) ) ;
#7419 = CARTESIAN_POINT ( 'NONE',  ( -8.979231971132076495, 13.83493843124117539, -3.022538749100704969 ) ) ;
#7420 = CARTESIAN_POINT ( 'NONE',  ( -11.87500189653952987, 14.99999999947407936, -7.944206262056783218E-05 ) ) ;
#7421 = CARTESIAN_POINT ( 'NONE',  ( -6.704319305472334456, 5.531650811095183862, 4.434500921258385908 ) ) ;
#7422 = CARTESIAN_POINT ( 'NONE',  ( -11.19676511312976253, 3.612137342452472755, 1.888974368131348003 ) ) ;
#7423 = CARTESIAN_POINT ( 'NONE',  ( -13.00000000000000355, 9.000004352083681880, -5.999999999998421707 ) ) ;
#7424 = DIRECTION ( 'NONE',  ( 0.0000000000000000000, 0.0000000000000000000, 1.000000000000000000 ) ) ;
#7425 = DIRECTION ( 'NONE',  ( 1.000000000000000000, 0.0000000000000000000, 0.0000000000000000000 ) ) ;
#7426 = DIRECTION ( 'NONE',  ( -0.0000000000000000000, 1.000000000000000000, -0.0000000000000000000 ) ) ;
#7427 = CARTESIAN_POINT ( 'NONE',  ( -10.96262106483013099, 5.012468148890120823, -3.974132298454230661 ) ) ;
#7428 = DIRECTION ( 'NONE',  ( -1.000000000000000000, 0.0000000000000000000, 0.0000000000000000000 ) ) ;
#7429 = CARTESIAN_POINT ( 'NONE',  ( -8.410566916148111360, 3.496245523488117346, -1.518641207033481599 ) ) ;
#7430 = CARTESIAN_POINT ( 'NONE',  ( -4.934933976368379938, 4.114405396699303274, -4.994993206100033056 ) ) ;
#7431 = CARTESIAN_POINT ( 'NONE',  ( -8.668751896539529156, 2.999967094546160951, -2.485201931958109345 ) ) ;
#7432 = MECHANICAL_DESIGN_GEOMETRIC_PRESENTATION_REPRESENTATION (  '', ( #3677 ), #3411 ) ;
#7434 = CARTESIAN_POINT ( 'NONE',  ( -12.55355910659600305, 14.28805890454298932, -2.132761030652423617 ) ) ;
#7433 = CARTESIAN_POINT ( 'NONE',  ( -9.962501896539530222, 13.24269686076859287, 4.242584512726212509 ) ) ;
#7435 = VERTEX_POINT ( 'NONE', #3487 ) ;
#7436 = CARTESIAN_POINT ( 'NONE',  ( -7.600001896539529511, 8.999920557937377552, -5.999999999474079360 ) ) ;
#7437 = STYLED_ITEM ( 'NONE', ( #6457 ), #2443 ) ;
#7438 = CARTESIAN_POINT ( 'NONE',  ( -9.457878386194442655, 10.26659948169173653, 5.559433808735318117 ) ) ;
#7439 = CARTESIAN_POINT ( 'NONE',  ( -10.27326495144546925, 6.929833407521832633, 5.321773129795187351 ) ) ;
#7440 = EDGE_LOOP ( 'NONE', ( #5237, #536 ) ) ;
#7442 = CARTESIAN_POINT ( 'NONE',  ( -11.92691275728307509, 3.687370525123500720, -1.862811888999485133 ) ) ;
#7441 = CARTESIAN_POINT ( 'NONE',  ( -11.62500189653953164, 3.000000000525919752, 7.944206261983304126E-05 ) ) ;
#7443 = CARTESIAN_POINT ( 'NONE',  ( -10.16250189653953129, 13.24269686076859287, 4.242584512726212509 ) ) ;
#7444 = EDGE_LOOP ( 'NONE', ( #5896, #3877, #3697, #5607 ) ) ;
#7445 = CARTESIAN_POINT ( 'NONE',  ( -19.34647663000807682, 13.83672393307492499, -0.7862557188019396737 ) ) ;
#7446 = CARTESIAN_POINT ( 'NONE',  ( -9.407660659100471889, 8.233744680865104471, 5.658539903642185287 ) ) ;
#7447 = AXIS2_PLACEMENT_3D ( 'NONE', #7155, #345, #3387 ) ;
#7448 = CARTESIAN_POINT ( 'NONE',  ( -6.857490134646334390, 8.332504313835498166, 5.670341624359195087 ) ) ;
#7449 = CARTESIAN_POINT ( 'NONE',  ( -3.999999999999996447, -3.999999999999999112, -3.400000000000002132 ) ) ;
#7450 = ADVANCED_FACE ( 'NONE', ( #5955 ), #2470, .T. ) ;
#7451 = CARTESIAN_POINT ( 'NONE',  ( -6.168751896539530932, 2.999967094546160951, -2.485201931958109345 ) ) ;
#7452 = CARTESIAN_POINT ( 'NONE',  ( -12.81875189653953306, 3.381013468034773428, -2.327373266935496954 ) ) ;
#7453 = CARTESIAN_POINT ( 'NONE',  ( -12.98885599263676838, 5.055706459730952673, 4.017330291760295324 ) ) ;
#7454 = COLOUR_RGB ( '',0.5568627450980392357, 0.5568627450980392357, 0.5568627450980392357 ) ;
#7455 = VERTEX_POINT ( 'NONE', #7387 ) ;
#7456 = CARTESIAN_POINT ( 'NONE',  ( -8.543751896539530932, 6.672626733064500826, 5.618986531965226128 ) ) ;
#7457 = CARTESIAN_POINT ( 'NONE',  ( -10.99785892357186867, 3.292080114949297531, -0.1489731867197945092 ) ) ;
#7458 = CARTESIAN_POINT ( 'NONE',  ( -8.813698738682125722, 14.17233092328857147, -2.399751165764552496 ) ) ;
#7459 = CARTESIAN_POINT ( 'NONE',  ( -4.921737118516762877, 13.84184333275666923, 4.997998259227562912 ) ) ;
#7460 = CIRCLE ( 'NONE', #6022, 7.000000000000000000 ) ;
#7461 = CARTESIAN_POINT ( 'NONE',  ( -6.792109234353882918, 11.52245604721711203, 5.123018188263531947 ) ) ;
#7462 = EDGE_CURVE ( 'NONE', #1864, #6423, #6767, .T. ) ;
#7463 = CARTESIAN_POINT ( 'NONE',  ( -12.11166748201739907, 3.830567741667802117, 2.423912164496856647 ) ) ;
#7464 = CARTESIAN_POINT ( 'NONE',  ( -13.00000000000000355, 8.059385395101303473, -5.920704980626893210 ) ) ;
#7465 = CARTESIAN_POINT ( 'NONE',  ( -9.512501896539529156, 4.757303139231405353, -4.242584512726212509 ) ) ;
#7466 = CARTESIAN_POINT ( 'NONE',  ( -12.84922450282483553, 3.609389286769965288, 1.882719179830956824 ) ) ;
#7467 = FACE_OUTER_BOUND ( 'NONE', #5094, .T. ) ;
#7468 = CARTESIAN_POINT ( 'NONE',  ( -11.01342091615169494, 3.312002968247204748, 0.5031801662956764121 ) ) ;
#7469 = CARTESIAN_POINT ( 'NONE',  ( -4.900000000000001243, 15.00000000000000000, 4.899999999999998579 ) ) ;
#7470 = EDGE_CURVE ( 'NONE', #1735, #1356, #4306, .T. ) ;
#7471 = CARTESIAN_POINT ( 'NONE',  ( -8.971216768111364814, 14.00084284018734238, -2.754854866681352821 ) ) ;
#7472 = CARTESIAN_POINT ( 'NONE',  ( -4.899999994687997074, 4.302439784728588457, -5.000000000000000000 ) ) ;
#7473 = CARTESIAN_POINT ( 'NONE',  ( -6.000000000000001776, 9.000000000000000000, 0.0000000000000000000 ) ) ;
#7475 = CARTESIAN_POINT ( 'NONE',  ( -12.45270006724196499, 14.52047090133078022, -1.105348240264953485 ) ) ;
#7474 = CARTESIAN_POINT ( 'NONE',  ( -11.42500189653953058, 3.000000000525919752, 7.944206261983304126E-05 ) ) ;
#7476 = EDGE_LOOP ( 'NONE', ( #2454, #5824, #119 ) ) ;
#7477 = CARTESIAN_POINT ( 'NONE',  ( 0.0000000000000000000, 10.00000000000000000, 0.0000000000000000000 ) ) ;
#7478 = VECTOR ( 'NONE', #5801, 1000.000000000000000 ) ;
#7479 = CIRCLE ( 'NONE', #1117, 4.899999999999999467 ) ;
#7480 = CARTESIAN_POINT ( 'NONE',  ( -8.668531178590093589, 13.79512876375063612, 3.099926235807713315 ) ) ;
#7481 = CARTESIAN_POINT ( 'NONE',  ( -10.19792162826723292, 4.532993022291798013, 3.543735025108504910 ) ) ;
#7482 = ORIENTED_EDGE ( 'NONE', *, *, #6705, .T. ) ;
#7483 = CARTESIAN_POINT ( 'NONE',  ( 3.999999999999996447, 0.5000000000000004441, -3.400000000000002132 ) ) ;
#7484 = CARTESIAN_POINT ( 'NONE',  ( -7.451893836903891177, 4.537658953752251811, -3.549547844576391498 ) ) ;
#7485 = AXIS2_PLACEMENT_3D ( 'NONE', #7776, #2240, #2201 ) ;
#7486 = CARTESIAN_POINT ( 'NONE',  ( -11.94501829528456582, 3.497917806967674181, -1.192136768264144164 ) ) ;
#7487 = LINE ( 'NONE', #1916, #1983 ) ;
#7488 = VERTEX_POINT ( 'NONE', #5545 ) ;
#7489 = AXIS2_PLACEMENT_3D ( 'NONE', #1851, #6954, #1391 ) ;
#7490 = CARTESIAN_POINT ( 'NONE',  ( -9.751252951927517287, 14.39712551823053666, 1.865375577658754835 ) ) ;
#7491 = AXIS2_PLACEMENT_3D ( 'NONE', #7261, #1084, #520 ) ;
#7492 = CARTESIAN_POINT ( 'NONE',  ( -6.649565720596938512, 3.290531260103697786, 0.04154587397676307026 ) ) ;
#7493 = CARTESIAN_POINT ( 'NONE',  ( -5.082699894943079499, 4.052622520631636860, -4.957570964972131122 ) ) ;
#7494 = CARTESIAN_POINT ( 'NONE',  ( -6.731251896539530044, 14.99996709349432145, -2.485360816083348023 ) ) ;
#7495 = CARTESIAN_POINT ( 'NONE',  ( -7.250001896539529866, 8.999925603094688142, -5.618955715758048086 ) ) ;
#7496 =( GEOMETRIC_REPRESENTATION_CONTEXT ( 3 ) GLOBAL_UNCERTAINTY_ASSIGNED_CONTEXT ( ( #7169 ) ) GLOBAL_UNIT_ASSIGNED_CONTEXT ( ( #2170, #6511, #4051 ) ) REPRESENTATION_CONTEXT ( 'NONE', 'WORKASPACE' ) );
#7497 = ORIENTED_EDGE ( 'NONE', *, *, #4485, .F. ) ;
#7498 = CARTESIAN_POINT ( 'NONE',  ( -10.92668386402893788, 4.038795609559921118, -2.826542829580664051 ) ) ;
#7499 = CARTESIAN_POINT ( 'NONE',  ( -8.837536003428320797, 14.60629323004608793, -0.5134536817517973972 ) ) ;
#7500 = CARTESIAN_POINT ( 'NONE',  ( -5.900000000000001243, 9.000000000000000000, -6.899999999999999467 ) ) ;
#7501 = CARTESIAN_POINT ( 'NONE',  ( -7.350000098502365020, 9.000000000000000000, 5.999999999999998224 ) ) ;
#7502 = CARTESIAN_POINT ( 'NONE',  ( -6.621984550154996541, 5.211284165164704163, 4.272463951339603661 ) ) ;
#7503 = CARTESIAN_POINT ( 'NONE',  ( -11.48200459925513073, 12.90916328016442094, 4.161226810396787101 ) ) ;
#7504 = CYLINDRICAL_SURFACE ( 'NONE', #2000, 0.1000000000000002554 ) ;
#7505 = CARTESIAN_POINT ( 'NONE',  ( -9.906251896539529866, 11.48536081608334491, 5.999967093494318782 ) ) ;
#7506 = CARTESIAN_POINT ( 'NONE',  ( -12.47862132229776044, 12.58159214172760620, -4.447155943990130922 ) ) ;
#7507 = CARTESIAN_POINT ( 'NONE',  ( -8.189226267186775488, 10.38039049197150732, -5.540770243212643109 ) ) ;
#7508 = CARTESIAN_POINT ( 'NONE',  ( -6.552459216134059794, 3.659518444713365071, 1.997706911388042794 ) ) ;
#7509 = CARTESIAN_POINT ( 'NONE',  ( -11.09493467110759113, 4.451559304919138427, 3.452131494373202436 ) ) ;
#7510 = DIRECTION ( 'NONE',  ( 1.000000000000000000, -0.0000000000000000000, -0.0000000000000000000 ) ) ;
#7511 = CARTESIAN_POINT ( 'NONE',  ( -9.670351468259752892, 12.54901762100452167, 4.472608556256068901 ) ) ;
#7512 = CARTESIAN_POINT ( 'NONE',  ( -12.75000009850236538, 9.000000000000000000, 5.999999999999998224 ) ) ;
#7513 = DIRECTION ( 'NONE',  ( 0.0000000000000000000, 0.0000000000000000000, 1.000000000000000000 ) ) ;
#7515 = CARTESIAN_POINT ( 'NONE',  ( -12.64229756088842649, 12.05347897048480910, -4.825235633749306530 ) ) ;
#7514 = CARTESIAN_POINT ( 'NONE',  ( -10.41250189653952951, 4.757303139231405353, -4.242584512726213397 ) ) ;
#7516 = CARTESIAN_POINT ( 'NONE',  ( -7.993750843279522122, 6.514765161716677966, 5.999999999999998224 ) ) ;
#7517 = VERTEX_POINT ( 'NONE', #5888 ) ;
#7518 = EDGE_CURVE ( 'NONE', #2204, #1829, #4382, .T. ) ;
#7519 = CARTESIAN_POINT ( 'NONE',  ( -8.149149258894182069, 6.234744995460035355, -4.995932606707384593 ) ) ;
#7520 = CARTESIAN_POINT ( 'NONE',  ( -10.33173128900105375, 4.217952424880044404, 3.105529310704068013 ) ) ;
#7521 = ORIENTED_EDGE ( 'NONE', *, *, #7592, .T. ) ;
#7522 = CARTESIAN_POINT ( 'NONE',  ( -7.661929446574716529, 4.987833458112646667, 4.063253303992285126 ) ) ;
#7524 = CARTESIAN_POINT ( 'NONE',  ( -11.87270843619883287, 4.740868876188603309, -3.669246814645327870 ) ) ;
#7523 = FACE_OUTER_BOUND ( 'NONE', #28, .T. ) ;
#7525 = CARTESIAN_POINT ( 'NONE',  ( 4.899999999999997691, 15.00000000000000000, -5.000000000000000888 ) ) ;
#7526 = ORIENTED_EDGE ( 'NONE', *, *, #5820, .F. ) ;
#7527 = SURFACE_STYLE_FILL_AREA ( #5733 ) ;
#7528 = CARTESIAN_POINT ( 'NONE',  ( -9.778538273557014548, 14.65020662082969594, 0.8250255462694827679 ) ) ;
#7529 = LINE ( 'NONE', #3062, #7215 ) ;
#7530 = CARTESIAN_POINT ( 'NONE',  ( -19.80000000000000071, 14.79999999999999893, 0.0000000000000000000 ) ) ;
#7531 = CARTESIAN_POINT ( 'NONE',  ( -9.893751896539528801, 11.32737326693549385, -5.618986531965227016 ) ) ;
#7532 = CARTESIAN_POINT ( 'NONE',  ( -13.16978640428894209, 8.833137500214506943, 5.707725817013009184 ) ) ;
#7533 = ORIENTED_EDGE ( 'NONE', *, *, #3753, .F. ) ;
#7534 = CARTESIAN_POINT ( 'NONE',  ( -10.37114750867147883, 10.76945000819329223, 5.428921554134311656 ) ) ;
#7535 = DIRECTION ( 'NONE',  ( -1.000000000000000000, 0.0000000000000000000, 0.0000000000000000000 ) ) ;
#7536 = CARTESIAN_POINT ( 'NONE',  ( -6.596123722757657681, 4.480567384907892858, 3.490011126996157564 ) ) ;
#7537 = CARTESIAN_POINT ( 'NONE',  ( -11.87847601530780928, 6.867279123929350249, -5.296389917382637869 ) ) ;
#7538 = CARTESIAN_POINT ( 'NONE',  ( -10.75000189653952809, 9.000079442062618895, 5.999999999474078471 ) ) ;
#7539 = CARTESIAN_POINT ( 'NONE',  ( -12.91558477049977860, 5.021464382269297033, 4.084398131996853643 ) ) ;
#7540 = CARTESIAN_POINT ( 'NONE',  ( -8.268837544868345546, 7.218374880634119251, -5.425307985435600777 ) ) ;
#7541 = CARTESIAN_POINT ( 'NONE',  ( -6.499863540820497221, 3.290518361814515735, -0.06550661556426511101 ) ) ;
#7542 = CARTESIAN_POINT ( 'NONE',  ( -11.14149805876688859, 3.968776323193888622, 2.508035397969335278 ) ) ;
#7543 = DIRECTION ( 'NONE',  ( 0.0000000000000000000, 0.0000000000000000000, 1.000000000000000000 ) ) ;
#7544 = ADVANCED_BREP_SHAPE_REPRESENTATION ( '7270AE32-03C6-4D5E-9A18-3D3B83AF96ED', ( #7685, #2305, #2287, #5072, #5101, #2327, #5026, #2245, #4971, #7655, #5010, #2443, #6854 ), #5142 ) ;
#7545 = CARTESIAN_POINT ( 'NONE',  ( -20.50000000000000000, 9.000000000000000000, -0.6000000000000003109 ) ) ;
#7546 = CARTESIAN_POINT ( 'NONE',  ( -4.994908611285335809, 3.931146486062438328, -4.936368029071693364 ) ) ;
#7547 = FACE_OUTER_BOUND ( 'NONE', #3016, .T. ) ;
#7548 = EDGE_CURVE ( 'NONE', #2490, #6198, #6575, .T. ) ;
#7550 = CARTESIAN_POINT ( 'NONE',  ( -12.46171549948399715, 14.44102690838190739, -1.445472483986776302 ) ) ;
#7549 = CARTESIAN_POINT ( 'NONE',  ( -11.87500189653952987, 14.99999999947407936, -7.944206262056783218E-05 ) ) ;
#7551 = CARTESIAN_POINT ( 'NONE',  ( -7.600000098502364132, 8.999999999999998224, -5.999999999999998224 ) ) ;
#7552 = EDGE_LOOP ( 'NONE', ( #1686, #3220 ) ) ;
#7553 = CARTESIAN_POINT ( 'NONE',  ( -8.479706770693066886, 7.167969686778596916, 5.399512919945467893 ) ) ;
#7554 = CARTESIAN_POINT ( 'NONE',  ( -10.67988773699028293, 14.65786416305551754, 0.7715575903482695397 ) ) ;
#7555 = TOROIDAL_SURFACE ( 'NONE', #5196, 3.400000000000000355, 0.1000000000000000056 ) ;
#7556 = CARTESIAN_POINT ( 'NONE',  ( -13.00000000000000178, 9.000000000000000000, 0.0000000000000000000 ) ) ;
#7557 = CARTESIAN_POINT ( 'NONE',  ( -7.455162934208042991, 3.435281509935715683, -0.7983296797514140009 ) ) ;
#7558 = EDGE_CURVE ( 'NONE', #7038, #7199, #3917, .T. ) ;
#7559 = CARTESIAN_POINT ( 'NONE',  ( -11.76990898279399289, 8.198862939575581876, -5.564314116492421469 ) ) ;
#7560 = DIRECTION ( 'NONE',  ( 0.0000000000000000000, 0.0000000000000000000, -1.000000000000000000 ) ) ;
#7561 = ORIENTED_EDGE ( 'NONE', *, *, #5419, .F. ) ;
#7562 = AXIS2_PLACEMENT_3D ( 'NONE', #1624, #2800, #2068 ) ;
#7563 = CARTESIAN_POINT ( 'NONE',  ( -9.770861093546400866, 14.33274022290025584, -1.779034963761082944 ) ) ;
#7564 = CARTESIAN_POINT ( 'NONE',  ( -5.025336095303859274, 4.191081138121540484, -5.044393376918542060 ) ) ;
#7565 = AXIS2_PLACEMENT_3D ( 'NONE', #2160, #4636, #7116 ) ;
#7566 = CARTESIAN_POINT ( 'NONE',  ( -6.787501896539530399, 13.24258451272621073, -4.242696860768593758 ) ) ;
#7568 = CARTESIAN_POINT ( 'NONE',  ( -10.17500189653952880, 3.381044284241951026, 7.439690531061725408E-05 ) ) ;
#7567 = CARTESIAN_POINT ( 'NONE',  ( -19.07990457885119895, 4.130539503567042914, -0.5527071697913078507 ) ) ;
#7569 = LINE ( 'NONE', #6385, #4450 ) ;
#7570 = ORIENTED_EDGE ( 'NONE', *, *, #30, .F. ) ;
#7571 = AXIS2_PLACEMENT_3D ( 'NONE', #2162, #4639, #1591 ) ;
#7572 = CARTESIAN_POINT ( 'NONE',  ( -9.885960032251093210, 8.596955233299077292, -5.695620116061585136 ) ) ;
#7573 = CARTESIAN_POINT ( 'NONE',  ( -8.824752275750023855, 14.62165103135972899, 0.009137962973312247980 ) ) ;
#7574 = FACE_OUTER_BOUND ( 'NONE', #1708, .T. ) ;
#7575 = DIRECTION ( 'NONE',  ( 0.0000000000000000000, 1.000000000000000000, -0.0000000000000000000 ) ) ;
#7576 = CARTESIAN_POINT ( 'NONE',  ( -7.117097829971071654, 14.65984072471910871, -0.7566591162873151921 ) ) ;
#7577 = CARTESIAN_POINT ( 'NONE',  ( -11.45200160156494107, 11.94784793810631918, 4.880613223500363418 ) ) ;
#7578 = PRESENTATION_LAYER_ASSIGNMENT (  '', '', ( #5227 ) ) ;
#7579 = CARTESIAN_POINT ( 'NONE',  ( -8.556251896539530222, 6.514639183916651533, -5.999967093494320558 ) ) ;
#7580 = CARTESIAN_POINT ( 'NONE',  ( -12.32092434817432824, 14.57701834376977956, 1.224979601827844933 ) ) ;
#7581 = CARTESIAN_POINT ( 'NONE',  ( -8.331680977603618032, 5.095482081802634511, -4.166640365439090665 ) ) ;
#7582 = CARTESIAN_POINT ( 'NONE',  ( -6.244562298015575053, 10.27724381371558060, -5.565205389530942348 ) ) ;
#7583 = CARTESIAN_POINT ( 'NONE',  ( -11.22878331940603580, 4.155782084372908081, 3.007552212501839684 ) ) ;
#7584 = CARTESIAN_POINT ( 'NONE',  ( 4.899999999999998579, 14.90000000000000036, 4.899999999999998579 ) ) ;
#7585 = CARTESIAN_POINT ( 'NONE',  ( -9.393274041076773884, 3.568698726100196339, 1.760459980340000508 ) ) ;
#7586 = CARTESIAN_POINT ( 'NONE',  ( -12.46875189653952987, 2.999967094546160951, -2.485201931958109345 ) ) ;
#7587 = DIRECTION ( 'NONE',  ( -0.0000000000000000000, 1.000000000000000000, -0.0000000000000000000 ) ) ;
#7588 = CARTESIAN_POINT ( 'NONE',  ( -12.71875189653953164, 15.00003290545384260, 2.485201931958106236 ) ) ;
#7589 = DIRECTION ( 'NONE',  ( 0.0000000000000000000, -1.000000000000000000, 0.0000000000000000000 ) ) ;
#7590 = EDGE_LOOP ( 'NONE', ( #6834, #1250, #5245, #2402 ) ) ;
#7591 = CARTESIAN_POINT ( 'NONE',  ( -8.140148084922572025, 6.546285118245672940, -5.155758201215965286 ) ) ;
#7592 = EDGE_CURVE ( 'NONE', #2773, #7225, #4273, .T. ) ;
#7593 = CARTESIAN_POINT ( 'NONE',  ( -10.40769665570942415, 12.05325148828559634, 4.825267927658192235 ) ) ;
#7594 = AXIS2_PLACEMENT_3D ( 'NONE', #3125, #2519, #2478 ) ;
#7595 = CARTESIAN_POINT ( 'NONE',  ( -7.501773536180238011, 3.596548244734372624, -1.846147563965096605 ) ) ;
#7596 = CARTESIAN_POINT ( 'NONE',  ( -11.81667747688220338, 4.244746747202689185, -3.161211592534744597 ) ) ;
#7597 = CARTESIAN_POINT ( 'NONE',  ( -4.934877981728888585, 4.114557519608586844, 4.995032128945552152 ) ) ;
#7598 = AXIS2_PLACEMENT_3D ( 'NONE', #3907, #5137, #6371 ) ;
#7599 = ORIENTED_EDGE ( 'NONE', *, *, #2894, .T. ) ;
#7600 = CARTESIAN_POINT ( 'NONE',  ( -13.00000000000000178, 9.000000000000000000, 6.000000000000000000 ) ) ;
#7601 = EDGE_CURVE ( 'NONE', #4112, #1307, #6048, .T. ) ;
#7602 =( LENGTH_UNIT ( ) NAMED_UNIT ( * ) SI_UNIT ( .MILLI., .METRE. ) );
#7603 = EDGE_CURVE ( 'NONE', #7208, #3540, #198, .T. ) ;
#7604 = CARTESIAN_POINT ( 'NONE',  ( -9.876599533906649242, 13.89666830518077489, -2.937618993005926438 ) ) ;
#7605 = AXIS2_PLACEMENT_3D ( 'NONE', #7185, #7951, #1088 ) ;
#7606 = CARTESIAN_POINT ( 'NONE',  ( -6.112501896539530577, 4.757303139231405353, -4.242584512726213397 ) ) ;
#7607 = CARTESIAN_POINT ( 'NONE',  ( -9.443751896539529511, 6.672626733064500826, 5.618986531965226128 ) ) ;
#7608 = CARTESIAN_POINT ( 'NONE',  ( -9.881251896539529511, 3.000032906505680774, 2.485360816083349800 ) ) ;
#7609 = EDGE_LOOP ( 'NONE', ( #1883, #7993, #4250, #7244 ) ) ;
#7610 = ADVANCED_FACE ( 'NONE', ( #3956 ), #4076, .T. ) ;
#7611 = CARTESIAN_POINT ( 'NONE',  ( -10.17793684736605542, 4.077700955440250574, 2.893700914336530428 ) ) ;
#7612 = CARTESIAN_POINT ( 'NONE',  ( -9.268263216113250991, 4.154550675345670463, -3.021328733331742455 ) ) ;
#7613 = CYLINDRICAL_SURFACE ( 'NONE', #5232, 0.1000000000000002554 ) ;
#7614 = CARTESIAN_POINT ( 'NONE',  ( -6.889915085567860586, 14.18823013756174767, 2.365280310134399322 ) ) ;
#7615 = CARTESIAN_POINT ( 'NONE',  ( -11.46510559071125179, 12.37866743179014151, 4.592905893183304222 ) ) ;
#7616 = DIRECTION ( 'NONE',  ( -1.000000000000000000, 0.0000000000000000000, 0.0000000000000000000 ) ) ;
#7617 = ORIENTED_EDGE ( 'NONE', *, *, #3523, .F. ) ;
#7618 = CARTESIAN_POINT ( 'NONE',  ( -13.77500189653953022, 3.381044284241951026, 7.439690531061725408E-05 ) ) ;
#7619 = AXIS2_PLACEMENT_3D ( 'NONE', #5031, #1993, #3302 ) ;
#7620 = CARTESIAN_POINT ( 'NONE',  ( -12.39951656975018146, 14.38680051473907895, -1.893398584781155858 ) ) ;
#7621 = CARTESIAN_POINT ( 'NONE',  ( -8.356679390464579527, 3.419369708539436115, -0.7421744739007478664 ) ) ;
#7622 = CARTESIAN_POINT ( 'NONE',  ( -11.18397507005357916, 7.322761715180470254, 5.458263652481630146 ) ) ;
#7623 = CARTESIAN_POINT ( 'NONE',  ( -6.360871051851617608, 8.556335005175176533, -5.604125691564679990 ) ) ;
#7624 = CARTESIAN_POINT ( 'NONE',  ( -9.083508473076548739, 10.59595476677479908, -5.481835956815622524 ) ) ;
#7625 = FACE_OUTER_BOUND ( 'NONE', #3036, .T. ) ;
#7626 = CARTESIAN_POINT ( 'NONE',  ( -4.900000000000001243, 13.64758001544924682, -5.000000000000000888 ) ) ;
#7627 = CARTESIAN_POINT ( 'NONE',  ( -8.531251896539529866, 14.99996709349432145, -2.485360816083348023 ) ) ;
#7629 = CARTESIAN_POINT ( 'NONE',  ( -12.66981204841625086, 11.09964892136375347, -5.310116403219757863 ) ) ;
#7628 = CARTESIAN_POINT ( 'NONE',  ( -8.500001896539529866, 8.999920557937377552, -5.999999999474079360 ) ) ;
#7630 = CARTESIAN_POINT ( 'NONE',  ( 4.899999999999998579, 15.00000000000000000, 4.899999999999998579 ) ) ;
#7631 = ORIENTED_EDGE ( 'NONE', *, *, #7470, .T. ) ;
#7632 = CARTESIAN_POINT ( 'NONE',  ( -20.67653210818975040, 13.89554246768959622, 0.2357035179772105915 ) ) ;
#7633 = CARTESIAN_POINT ( 'NONE',  ( -7.831954651650421262, 14.64674884365782681, 0.7910013242183744353 ) ) ;
#7634 = CARTESIAN_POINT ( 'NONE',  ( -7.244580642001517745, 11.97704591383563866, -4.872011728303953682 ) ) ;
#7635 = CARTESIAN_POINT ( 'NONE',  ( -7.498552047194774417, 3.450238055537215409, 0.9458484886752444032 ) ) ;
#7636 = CARTESIAN_POINT ( 'NONE',  ( -13.00000000000000000, 4.648411157095668322, 3.665264085579491571 ) ) ;
#7638 = CARTESIAN_POINT ( 'NONE',  ( -12.08715755318341145, 5.012257062526113138, 3.974089228889828185 ) ) ;
#7637 = CARTESIAN_POINT ( 'NONE',  ( -10.50000189653952987, 8.999920557937377552, -5.999999999474079360 ) ) ;
#7639 = ORIENTED_EDGE ( 'NONE', *, *, #422, .F. ) ;
#7640 = EDGE_LOOP ( 'NONE', ( #1477, #6190, #5971, #7731 ) ) ;
#7641 = CARTESIAN_POINT ( 'NONE',  ( -7.700001896539530044, 9.000074396905310081, 5.618955715758048086 ) ) ;
#7642 = CARTESIAN_POINT ( 'NONE',  ( -9.863237353079927772, 9.542997960340711572, -5.684494923436497871 ) ) ;
#7643 = CARTESIAN_POINT ( 'NONE',  ( -11.08750189653953022, 13.24258451272621073, -4.242696860768593758 ) ) ;
#7644 = CARTESIAN_POINT ( 'NONE',  ( -8.093751896539529866, 11.32737326693549385, -5.618986531965227016 ) ) ;
#7645 = ADVANCED_FACE ( 'NONE', ( #6418 ), #4128, .F. ) ;
#7646 = EDGE_CURVE ( 'NONE', #4112, #1917, #4922, .T. ) ;
#7647 = ORIENTED_EDGE ( 'NONE', *, *, #7601, .F. ) ;
#7648 = CARTESIAN_POINT ( 'NONE',  ( -10.12393397130934147, 3.365122468702351988, 0.9224415027900016995 ) ) ;
#7649 = CARTESIAN_POINT ( 'NONE',  ( -9.026178033514426602, 9.956278704905798804, -5.547980808323150548 ) ) ;
#7650 = UNCERTAINTY_MEASURE_WITH_UNIT (LENGTH_MEASURE( 1.000000000000000082E-05 ), #6176, 'distance_accuracy_value', 'NONE');
#7651 = CARTESIAN_POINT ( 'NONE',  ( -5.034596239554320896, 15.02361641896198563, -3.522045872706641045 ) ) ;
#7652 = CARTESIAN_POINT ( 'NONE',  ( -7.073687924725440723, 14.61910618422838404, 1.015722205375326981 ) ) ;
#7653 = CARTESIAN_POINT ( 'NONE',  ( -12.67249221438160234, 11.00244714355044984, -5.347004969014557574 ) ) ;
#7654 = CARTESIAN_POINT ( 'NONE',  ( -20.50000000000000000, 9.000000000000000000, 0.5000000000000002220 ) ) ;
#7655 = MANIFOLD_SOLID_BREP ( '??-??9', #607 ) ;
#7656 = EDGE_CURVE ( 'NONE', #6662, #1636, #3082, .T. ) ;
#7657 = ORIENTED_EDGE ( 'NONE', *, *, #1700, .T. ) ;
#7658 = CARTESIAN_POINT ( 'NONE',  ( -12.53750189653952951, 12.97314908324318061, -3.973254296355671400 ) ) ;
#7659 = CARTESIAN_POINT ( 'NONE',  ( -12.37277245790058799, 14.63456606952220973, -0.8735573149011915950 ) ) ;
#7660 = CARTESIAN_POINT ( 'NONE',  ( -8.344562561310654658, 3.551943148912412695, 1.710857202927321685 ) ) ;
#7661 = CARTESIAN_POINT ( 'NONE',  ( -11.33716759450544309, 10.46232950644008497, 5.436562351654147918 ) ) ;
#7662 = ORIENTED_EDGE ( 'NONE', *, *, #373, .F. ) ;
#7663 = CARTESIAN_POINT ( 'NONE',  ( -6.375541928205216813, 10.88771673592394329, -5.377873186856980681 ) ) ;
#7664 = CARTESIAN_POINT ( 'NONE',  ( -9.824755691553047399, 14.61073894995680078, -1.057667540652836635 ) ) ;
#7665 = CARTESIAN_POINT ( 'NONE',  ( -20.50000000000000000, 9.000000000000000000, -2.350000000000000089 ) ) ;
#7666 = CARTESIAN_POINT ( 'NONE',  ( -8.418751896539530932, 15.00003290545384260, 2.485201931958106236 ) ) ;
#7668 = CARTESIAN_POINT ( 'NONE',  ( -12.64109645761201861, 9.364632036856233910, -5.609853057319543090 ) ) ;
#7667 = CARTESIAN_POINT ( 'NONE',  ( -7.712501896539530222, 4.757303139231405353, -4.242584512726213397 ) ) ;
#7669 = CARTESIAN_POINT ( 'NONE',  ( -10.01875189653952880, 15.00003290545384260, 2.485201931958106236 ) ) ;
#7670 = ORIENTED_EDGE ( 'NONE', *, *, #5099, .T. ) ;
#7671 = CARTESIAN_POINT ( 'NONE',  ( -5.100000000000012079, 14.00583839436173683, -4.893782985568322808 ) ) ;
#7672 = CARTESIAN_POINT ( 'NONE',  ( -8.016492480887553285, 11.31252013109178201, -5.220687926746050422 ) ) ;
#7673 = CARTESIAN_POINT ( 'NONE',  ( -10.49903199191457404, 12.56922835964893892, 4.343280263274390762 ) ) ;
#7674 = CARTESIAN_POINT ( 'NONE',  ( -4.999999999999811706, 13.64758001544928412, -5.000000000000032863 ) ) ;
#7675 = CARTESIAN_POINT ( 'NONE',  ( -6.848760549810285703, 7.987400119163114098, 5.618927322722346851 ) ) ;
#7676 = CARTESIAN_POINT ( 'NONE',  ( -7.545622954129909132, 5.972646426490760163, 4.831867311371172313 ) ) ;
#7677 = CARTESIAN_POINT ( 'NONE',  ( -9.850000098502365020, 9.000000000000000000, 5.999999999999998224 ) ) ;
#7679 = CARTESIAN_POINT ( 'NONE',  ( -11.88037684677583705, 3.354263364634077593, -0.8567864457573053372 ) ) ;
#7678 = CARTESIAN_POINT ( 'NONE',  ( -10.05000189653952880, 9.000079442062618895, 5.999999999474079360 ) ) ;
#7680 = FACE_BOUND ( 'NONE', #1561, .T. ) ;
#7681 = ORIENTED_EDGE ( 'NONE', *, *, #5308, .F. ) ;
#7682 = CARTESIAN_POINT ( 'NONE',  ( -5.000000000000001776, 15.00000000000000000, -4.900000000000000355 ) ) ;
#7683 = COLOUR_RGB ( '',0.6470588235294117974, 0.5176470588235293491, 0.0000000000000000000 ) ;
#7684 = CARTESIAN_POINT ( 'NONE',  ( -9.683612701198708095, 14.56067159841238379, -1.297936443227844627 ) ) ;
#7685 = MANIFOLD_SOLID_BREP ( '??-??4', #4124 ) ;
#7686 = CARTESIAN_POINT ( 'NONE',  ( -10.91875189653952916, 15.00003290545384260, 2.485201931958106236 ) ) ;
#7688 = CARTESIAN_POINT ( 'NONE',  ( -13.36875189653952845, 2.999967094546160951, -2.485201931958109345 ) ) ;
#7687 = CARTESIAN_POINT ( 'NONE',  ( -11.40000099752341178, 8.999960278968686112, -5.999999999999998224 ) ) ;
#7689 = AXIS2_PLACEMENT_3D ( 'NONE', #7231, #6002, #2963 ) ;
#7690 = CARTESIAN_POINT ( 'NONE',  ( -5.000000000000368594, 14.90000000000559588, -3.949683531634783584 ) ) ;
#7691 = ORIENTED_EDGE ( 'NONE', *, *, #801, .T. ) ;
#7692 = DIRECTION ( 'NONE',  ( 0.0000000000000000000, 0.0000000000000000000, 1.000000000000000000 ) ) ;
#7693 = CARTESIAN_POINT ( 'NONE',  ( -10.20449381577831716, 4.695661260342707699, 3.752137770980259912 ) ) ;
#7694 = CARTESIAN_POINT ( 'NONE',  ( -8.906922490409996840, 11.64736833113444092, -5.059437779818806824 ) ) ;
#7695 = VECTOR ( 'NONE', #2806, 1000.000000000000000 ) ;
#7696 = EDGE_CURVE ( 'NONE', #7073, #4212, #2432, .T. ) ;
#7697 = CARTESIAN_POINT ( 'NONE',  ( -5.000000000000001776, 4.352419984550747856, 5.099999999999999645 ) ) ;
#7698 = DIRECTION ( 'NONE',  ( -1.000000000000000000, 0.0000000000000000000, 0.0000000000000000000 ) ) ;
#7699 = CARTESIAN_POINT ( 'NONE',  ( -6.899099816098245519, 14.32576550200235843, 2.036787897671941128 ) ) ;
#7700 = CARTESIAN_POINT ( 'NONE',  ( -12.30939117711268693, 10.42774334316917439, 5.528005555293673545 ) ) ;
#7701 = CARTESIAN_POINT ( 'NONE',  ( -5.100000000000002309, 9.000000000000000000, 0.0000000000000000000 ) ) ;
#7702 = CIRCLE ( 'NONE', #4211, 0.9000000000000003553 ) ;
#7703 = ORIENTED_EDGE ( 'NONE', *, *, #1194, .F. ) ;
#7704 = CARTESIAN_POINT ( 'NONE',  ( -13.04375189653953093, 6.672626733064500826, 5.618986531965226128 ) ) ;
#7705 = CARTESIAN_POINT ( 'NONE',  ( -12.07806794750558410, 7.107789821966970401, 5.378761569288653455 ) ) ;
#7706 = CARTESIAN_POINT ( 'NONE',  ( -8.464876458354412492, 3.329093205056676386, 0.6680286403875071999 ) ) ;
#7707 = ADVANCED_FACE ( 'NONE', ( #7164 ), #753, .T. ) ;
#7708 = CARTESIAN_POINT ( 'NONE',  ( -11.53592069173151025, 14.17368900829405653, 2.416284961451739211 ) ) ;
#7709 = CARTESIAN_POINT ( 'NONE',  ( -5.000000000000001776, 3.861906968533892481, -4.899999999999943512 ) ) ;
#7710 = CARTESIAN_POINT ( 'NONE',  ( -6.343696800281212411, 9.259451941360067551, -5.615679510375425565 ) ) ;
#7711 = CARTESIAN_POINT ( 'NONE',  ( -9.886305299414935632, 13.68821234008301779, -3.258635653745705518 ) ) ;
#7712 = DIRECTION ( 'NONE',  ( 0.0000000000000000000, 0.0000000000000000000, -1.000000000000000000 ) ) ;
#7713 = CARTESIAN_POINT ( 'NONE',  ( -8.700000098502364665, 8.999999999999998224, -5.999999999999998224 ) ) ;
#7715 = CARTESIAN_POINT ( 'NONE',  ( -12.71031653644498149, 9.550906578858386453, -5.675282640704589099 ) ) ;
#7714 = CARTESIAN_POINT ( 'NONE',  ( -8.893751896539530577, 6.514798068041888435, 6.000032905453838161 ) ) ;
#7716 = CARTESIAN_POINT ( 'NONE',  ( -14.12500189653952987, 3.000000000525920640, 7.944206261983304126E-05 ) ) ;
#7717 = VERTEX_POINT ( 'NONE', #1599 ) ;
#7718 = AXIS2_PLACEMENT_3D ( 'NONE', #2132, #7130, #1528 ) ;
#7719 = CARTESIAN_POINT ( 'NONE',  ( -7.488099798820022635, 4.292355350145629522, 3.231265598055475863 ) ) ;
#7720 = EDGE_CURVE ( 'NONE', #4994, #2360, #6052, .T. ) ;
#7721 = CARTESIAN_POINT ( 'NONE',  ( -10.63454606248981094, 14.15095987792924426, 2.464558825777118489 ) ) ;
#7722 = FACE_OUTER_BOUND ( 'NONE', #5976, .T. ) ;
#7723 = CARTESIAN_POINT ( 'NONE',  ( -7.935406407994570976, 14.16465990210387460, 2.434127454164918714 ) ) ;
#7724 =( GEOMETRIC_REPRESENTATION_CONTEXT ( 3 ) GLOBAL_UNCERTAINTY_ASSIGNED_CONTEXT ( ( #6435 ) ) GLOBAL_UNIT_ASSIGNED_CONTEXT ( ( #3439, #2295, #2783 ) ) REPRESENTATION_CONTEXT ( 'NONE', 'WORKASPACE' ) );
#7725 = CARTESIAN_POINT ( 'NONE',  ( -7.559172683380631419, 6.430536328890316788, 5.099354493306632818 ) ) ;
#7726 = FILL_AREA_STYLE ('',( #2760 ) ) ;
#7728 = CARTESIAN_POINT ( 'NONE',  ( -12.03380463947486412, 3.836894530987625895, 2.244333448220551919 ) ) ;
#7727 = CARTESIAN_POINT ( 'NONE',  ( -8.587501896539530222, 13.24258451272621073, -4.242696860768593758 ) ) ;
#7729 = ORIENTED_EDGE ( 'NONE', *, *, #5759, .T. ) ;
#7730 = DIRECTION ( 'NONE',  ( 0.0000000000000000000, 0.0000000000000000000, -1.000000000000000000 ) ) ;
#7731 = ORIENTED_EDGE ( 'NONE', *, *, #3479, .F. ) ;
#7732 = CARTESIAN_POINT ( 'NONE',  ( -9.885570478162978958, 13.70546724578951547, -3.234940876254347231 ) ) ;
#7733 = DIRECTION ( 'NONE',  ( 1.000000000000000000, -0.0000000000000000000, -0.0000000000000000000 ) ) ;
#7735 = CARTESIAN_POINT ( 'NONE',  ( -13.42500189653953058, 3.000000000525919752, 7.944206261983304126E-05 ) ) ;
#7734 = DIRECTION ( 'NONE',  ( 1.000000000000000000, -0.0000000000000000000, 1.224646799147353207E-16 ) ) ;
#7736 = AXIS2_PLACEMENT_3D ( 'NONE', #5637, #6821, #6168 ) ;
#7737 = SPHERICAL_SURFACE ( 'NONE', #6001, 0.1000000000000000056 ) ;
#7738 = ORIENTED_EDGE ( 'NONE', *, *, #766, .F. ) ;
#7739 = DIRECTION ( 'NONE',  ( 0.0000000000000000000, -1.000000000000000000, 0.0000000000000000000 ) ) ;
#7740 = AXIS2_PLACEMENT_3D ( 'NONE', #5878, #6977, #1497 ) ;
#7741 = CARTESIAN_POINT ( 'NONE',  ( -9.674269702817818839, 14.63290382937689671, -0.9357154701169386746 ) ) ;
#7742 = CARTESIAN_POINT ( 'NONE',  ( -9.159743037651827180, 5.103416893108168928, -4.063635409197753567 ) ) ;
#7743 = CARTESIAN_POINT ( 'NONE',  ( -8.950000098502364665, 9.000000000000000000, 5.999999999999998224 ) ) ;
#7744 = CARTESIAN_POINT ( 'NONE',  ( -10.30000009850236431, 8.999999999999998224, -5.999999999999998224 ) ) ;
#7745 = CARTESIAN_POINT ( 'NONE',  ( -6.885350115641055702, 14.11217856503422574, 2.525364161083707870 ) ) ;
#7746 = CARTESIAN_POINT ( 'NONE',  ( -12.25871537352196938, 8.381661725550774378, 5.675819721378555727 ) ) ;
#7747 = ORIENTED_EDGE ( 'NONE', *, *, #363, .F. ) ;
#7748 = CARTESIAN_POINT ( 'NONE',  ( -12.76250189653953093, 5.026745703644327712, -3.973149083243182833 ) ) ;
#7749 = CARTESIAN_POINT ( 'NONE',  ( -11.90565448983360497, 3.293131787893355256, 0.1850073212429125813 ) ) ;
#7750 = CARTESIAN_POINT ( 'NONE',  ( -8.418196416714849306, 3.628071310238549785, 1.685011420585775577 ) ) ;
#7751 = AXIS2_PLACEMENT_3D ( 'NONE', #7816, #7739, #1641 ) ;
#7752 = AXIS2_PLACEMENT_3D ( 'NONE', #5541, #1400, #4451 ) ;
#7753 = CARTESIAN_POINT ( 'NONE',  ( -12.43750189653952987, 4.757415487273786603, 4.242696860768593758 ) ) ;
#7754 = FACE_OUTER_BOUND ( 'NONE', #5968, .T. ) ;
#7755 = CARTESIAN_POINT ( 'NONE',  ( -10.57628807562480588, 12.73445745280469765, 4.318729051133695762 ) ) ;
#7756 = CARTESIAN_POINT ( 'NONE',  ( -3.999999999999996447, -3.999999999999999112, -3.400000000000002132 ) ) ;
#7757 = FACE_OUTER_BOUND ( 'NONE', #6175, .T. ) ;
#7758 =( BOUNDED_CURVE ( )  B_SPLINE_CURVE ( 2, ( #5823, #2770, #5188, #7203, #4048, #3352, #1475, #7812, #7159, #7687, #4641 ),
 .UNSPECIFIED., .F., .T. ) 
 B_SPLINE_CURVE_WITH_KNOTS ( ( 3, 2, 2, 2, 2, 3 ),
 ( 0.2222224624905559942, 0.2361111111111111049, 0.2500000000000000000, 0.2638888888888888951, 0.2777777777777777901, 0.2777780180461115744 ),
 .UNSPECIFIED. ) 
 CURVE ( )  GEOMETRIC_REPRESENTATION_ITEM ( )  RATIONAL_B_SPLINE_CURVE ( ( 0.9999973663809044178, 0.9238808493436148073, 1.000000000000000000, 0.9238795325112867385, 1.000000000000000000, 0.9238795325112867385, 1.000000000000000000, 0.9238795325112867385, 1.000000000000000000, 0.9999986831676719312, 0.9999973663809044178 ) ) 
 REPRESENTATION_ITEM ( '' )  );
#7759 = CYLINDRICAL_SURFACE ( 'NONE', #6704, 0.1000000000000002554 ) ;
#7760 = DIRECTION ( 'NONE',  ( 0.0000000000000000000, 1.000000000000000000, 0.0000000000000000000 ) ) ;
#7761 = ADVANCED_FACE ( 'NONE', ( #2731 ), #6630, .T. ) ;
#7762 = VERTEX_POINT ( 'NONE', #5191 ) ;
#7763 = CARTESIAN_POINT ( 'NONE',  ( -7.386543397981205850, 3.330602346952224568, -0.6078298545265395925 ) ) ;
#7764 = CARTESIAN_POINT ( 'NONE',  ( -10.80233426364493354, 10.84760920277257412, -5.318032264231270290 ) ) ;
#7765 = DIRECTION ( 'NONE',  ( -1.000000000000000000, -6.234162491791634718E-15, 0.0000000000000000000 ) ) ;
#7766 = CARTESIAN_POINT ( 'NONE',  ( -8.091438832784900725, 13.56841150359653270, -3.424477055933807801 ) ) ;
#7767 = CARTESIAN_POINT ( 'NONE',  ( -7.739746005274168006, 10.55797649467079324, 5.409910146201703185 ) ) ;
#7769 = CARTESIAN_POINT ( 'NONE',  ( -12.07884315223543936, 4.774043557108568869, 3.719701180442091193 ) ) ;
#7768 = CARTESIAN_POINT ( 'NONE',  ( -9.093751896539533419, 6.514798068041888435, 6.000032905453838161 ) ) ;
#7770 = EDGE_LOOP ( 'NONE', ( #4907, #7104, #1263, #5476 ) ) ;
#7771 = CARTESIAN_POINT ( 'NONE',  ( -5.000000000000001776, 13.64758001544924682, -5.100000000000001421 ) ) ;
#7772 = ADVANCED_FACE ( 'NONE', ( #4090 ), #6552, .T. ) ;
#7773 = VERTEX_POINT ( 'NONE', #917 ) ;
#7774 = CARTESIAN_POINT ( 'NONE',  ( -24.00000000000000000, 9.000000000000000000, 4.899999999999999467 ) ) ;
#7775 = CARTESIAN_POINT ( 'NONE',  ( -10.07221463042966292, 7.094282728723087850, -5.382741242261773529 ) ) ;
#7777 = CARTESIAN_POINT ( 'NONE',  ( -6.518751896539531465, 3.381013468034773428, -2.327373266935496954 ) ) ;
#7776 = CARTESIAN_POINT ( 'NONE',  ( -4.900000000000001243, 14.90000000000000036, 4.899999999999998579 ) ) ;
#7778 = CARTESIAN_POINT ( 'NONE',  ( -6.650163340891512398, 11.05204992168751055, -5.638181543627544201 ) ) ;
#7779 = ORIENTED_EDGE ( 'NONE', *, *, #6603, .F. ) ;
#7780 = CARTESIAN_POINT ( 'NONE',  ( -8.943131329790352524, 10.33196110360754538, -5.552332452570357901 ) ) ;
#7781 = CARTESIAN_POINT ( 'NONE',  ( -9.353055301250419618, 6.220027885052652472, 4.987732935206548923 ) ) ;
#7782 = CARTESIAN_POINT ( 'NONE',  ( -4.900000000000001243, 0.09999999999999939493, -5.000000000000000888 ) ) ;
#7783 = FACE_OUTER_BOUND ( 'NONE', #5774, .T. ) ;
#7784 = CARTESIAN_POINT ( 'NONE',  ( -7.167253555093535233, 9.379864300530801557, -5.697507971355987522 ) ) ;
#7785 = CARTESIAN_POINT ( 'NONE',  ( -12.77574146805155308, 6.966063322565669402, -5.334961800702384238 ) ) ;
#7786 = EDGE_LOOP ( 'NONE', ( #6300, #6139, #2485, #3509 ) ) ;
#7787 = CARTESIAN_POINT ( 'NONE',  ( -7.262501896539530044, 13.24269686076859287, 4.242584512726211621 ) ) ;
#7788 = CARTESIAN_POINT ( 'NONE',  ( -11.65967274412074062, 9.686025770577174399, -5.668683558899129338 ) ) ;
#7789 = CARTESIAN_POINT ( 'NONE',  ( -8.412379453247117667, 3.484783342870318101, -1.447313155015904629 ) ) ;
#7790 = CARTESIAN_POINT ( 'NONE',  ( -4.970819268333389829, 4.016114003147345457, -4.973373407359512832 ) ) ;
#7791 = CARTESIAN_POINT ( 'NONE',  ( -6.535675406583296265, 3.585592937133375901, -1.542399107468713115 ) ) ;
#7792 = DIRECTION ( 'NONE',  ( 0.0000000000000000000, 0.0000000000000000000, 1.000000000000000000 ) ) ;
#7793 = DIRECTION ( 'NONE',  ( 0.0000000000000000000, 0.0000000000000000000, 1.000000000000000000 ) ) ;
#7794 = CARTESIAN_POINT ( 'NONE',  ( -9.231251896539530932, 14.99996709349432145, -2.485360816083348023 ) ) ;
#7795 = CARTESIAN_POINT ( 'NONE',  ( -9.850000098502365020, 9.000000000000000000, 5.999999999999998224 ) ) ;
#7796 = ORIENTED_EDGE ( 'NONE', *, *, #6568, .T. ) ;
#7797 = CARTESIAN_POINT ( 'NONE',  ( -7.434010536972401439, 3.443073529736975669, 1.313082576720304706 ) ) ;
#7798 = CARTESIAN_POINT ( 'NONE',  ( -10.75245301945323995, 12.52326646949565969, -4.380653893301245105 ) ) ;
#7799 =( BOUNDED_CURVE ( )  B_SPLINE_CURVE ( 2, ( #2882, #5351, #7847, #3326, #808, #206, #6892, #2017, #5170, #5715, #134 ),
 .UNSPECIFIED., .F., .T. ) 
 B_SPLINE_CURVE_WITH_KNOTS ( ( 3, 2, 2, 2, 2, 3 ),
 ( 0.6111113513794449448, 0.6250000000000000000, 0.6388888888888888395, 0.6527777777777777901, 0.6666666666666666297, 0.6666669069350004140 ),
 .UNSPECIFIED. ) 
 CURVE ( )  GEOMETRIC_REPRESENTATION_ITEM ( )  RATIONAL_B_SPLINE_CURVE ( ( 0.9999973663809044178, 0.9238808493436148073, 1.000000000000000000, 0.9238795325112867385, 1.000000000000000000, 0.9238795325112867385, 1.000000000000000000, 0.9238795325112867385, 1.000000000000000000, 0.9999986831676719312, 0.9999973663809044178 ) ) 
 REPRESENTATION_ITEM ( '' )  );
#7800 = EDGE_CURVE ( 'NONE', #1180, #4290, #7166, .T. ) ;
#7801 = CARTESIAN_POINT ( 'NONE',  ( -8.021268337675115490, 14.63463009631778533, -0.9212226061904793539 ) ) ;
#7802 = CARTESIAN_POINT ( 'NONE',  ( -7.767340889778388657, 11.54003759097444615, 5.024291056421943402 ) ) ;
#7803 = CARTESIAN_POINT ( 'NONE',  ( -4.900000000000001243, 4.352419984550747856, 4.999999999999999112 ) ) ;
#7805 = CARTESIAN_POINT ( 'NONE',  ( -12.20521829862299512, 6.384835656210452903, 5.076084745751942684 ) ) ;
#7804 = CARTESIAN_POINT ( 'NONE',  ( -9.206251896539530577, 11.48536081608334491, 5.999967093494319670 ) ) ;
#7806 = ORIENTED_EDGE ( 'NONE', *, *, #7858, .T. ) ;
#7807 = DIRECTION ( 'NONE',  ( 0.0000000000000000000, 0.0000000000000000000, 1.000000000000000000 ) ) ;
#7808 = CARTESIAN_POINT ( 'NONE',  ( -8.137501896539530932, 4.757415487273786603, 4.242696860768593758 ) ) ;
#7809 = CARTESIAN_POINT ( 'NONE',  ( -10.23357509683992461, 3.323876436098576637, -0.6243520157284473404 ) ) ;
#7810 = ORIENTED_EDGE ( 'NONE', *, *, #5199, .T. ) ;
#7811 = EDGE_CURVE ( 'NONE', #1144, #6228, #3742, .T. ) ;
#7813 = CARTESIAN_POINT ( 'NONE',  ( -6.462501896539530222, 5.026745703644327712, -3.973149083243182833 ) ) ;
#7812 = CARTESIAN_POINT ( 'NONE',  ( -11.45625189653953413, 6.514639183916653309, -5.999967093494320558 ) ) ;
#7814 = CARTESIAN_POINT ( 'NONE',  ( -5.014589255265089029, 14.84608728415365952, -3.850456368214041802 ) ) ;
#7815 = EDGE_LOOP ( 'NONE', ( #6898, #1715, #6094, #4407 ) ) ;
#7816 = CARTESIAN_POINT ( 'NONE',  ( 0.0000000000000000000, 0.5000000000000004441, 0.0000000000000000000 ) ) ;
#7817 = CARTESIAN_POINT ( 'NONE',  ( -9.430040083818642671, 4.174332458350232145, 3.052611971169248317 ) ) ;
#7818 = EDGE_CURVE ( 'NONE', #2176, #1396, #4828, .T. ) ;
#7819 = CARTESIAN_POINT ( 'NONE',  ( -6.494869960616563631, 6.291252076142149541, -5.025993905468072676 ) ) ;
#7820 = PLANE ( 'NONE',  #4498 ) ;
#7821 = CARTESIAN_POINT ( 'NONE',  ( -7.293606880469430287, 7.300021716367871782, -5.367059576199136650 ) ) ;
#7822 = CARTESIAN_POINT ( 'NONE',  ( -12.37512327810438073, 12.69530146453935160, 4.342222047201189206 ) ) ;
#7823 = FACE_OUTER_BOUND ( 'NONE', #620, .T. ) ;
#7824 = CARTESIAN_POINT ( 'NONE',  ( -8.937501896539529866, 12.97314908324318061, -3.973254296355671400 ) ) ;
#7825 = CARTESIAN_POINT ( 'NONE',  ( -11.20981481399548052, 8.319679968157570826, 5.669300990892495840 ) ) ;
#7826 = CARTESIAN_POINT ( 'NONE',  ( -8.604353515449972178, 11.94160943376123285, 4.894435001331985724 ) ) ;
#7827 = ORIENTED_EDGE ( 'NONE', *, *, #7100, .F. ) ;
#7828 = CARTESIAN_POINT ( 'NONE',  ( -6.550682129340190230, 3.627911034212637276, 1.936222168229409180 ) ) ;
#7829 = CARTESIAN_POINT ( 'NONE',  ( -10.19643301191933560, 3.667663893831922373, -2.040823742141977704 ) ) ;
#7830 = CARTESIAN_POINT ( 'NONE',  ( -13.00000000000000178, 9.000000000000000000, 0.0000000000000000000 ) ) ;
#7831 = DIRECTION ( 'NONE',  ( 0.0000000000000000000, 1.000000000000000000, 0.0000000000000000000 ) ) ;
#7832 = CARTESIAN_POINT ( 'NONE',  ( -20.58568236716251576, 4.119907976416053330, -0.4546100348406829639 ) ) ;
#7833 = CARTESIAN_POINT ( 'NONE',  ( -13.05625189653953200, 6.514639183916651533, -5.999967093494320558 ) ) ;
#7834 = ORIENTED_EDGE ( 'NONE', *, *, #722, .T. ) ;
#7835 = FACE_OUTER_BOUND ( 'NONE', #2032, .T. ) ;
#7836 = CIRCLE ( 'NONE', #4830, 0.1000000000000002554 ) ;
#7837 = CARTESIAN_POINT ( 'NONE',  ( -7.116954355568374524, 11.29611383337020847, -5.227876605669735888 ) ) ;
#7838 = CARTESIAN_POINT ( 'NONE',  ( -10.72233938427146960, 13.39358150308293105, -3.520029438520814402 ) ) ;
#7839 = DIRECTION ( 'NONE',  ( 0.0000000000000000000, 0.0000000000000000000, 1.000000000000000000 ) ) ;
#7840 = CARTESIAN_POINT ( 'NONE',  ( -7.711013392425199342, 6.587181579683627497, 5.174712752213672218 ) ) ;
#7841 = CARTESIAN_POINT ( 'NONE',  ( -7.820177285388591137, 13.19861153212728766, 3.750498895757726103 ) ) ;
#7843 = CARTESIAN_POINT ( 'NONE',  ( -12.17407013675548733, 10.87399653640333597, 5.385203009412308894 ) ) ;
#7842 = CARTESIAN_POINT ( 'NONE',  ( -13.33750189653953022, 4.757415487273786603, 4.242696860768593758 ) ) ;
#7844 = CIRCLE ( 'NONE', #4468, 0.1000000000000001443 ) ;
#7845 = ORIENTED_EDGE ( 'NONE', *, *, #4333, .F. ) ;
#7846 = DIRECTION ( 'NONE',  ( -1.000000000000000000, 0.0000000000000000000, 0.0000000000000000000 ) ) ;
#7847 = CARTESIAN_POINT ( 'NONE',  ( -9.287501896539529511, 13.24258451272621073, -4.242696860768593758 ) ) ;
#7848 = ADVANCED_FACE ( 'NONE', ( #7330 ), #4366, .T. ) ;
#7849 =( BOUNDED_SURFACE ( )  B_SPLINE_SURFACE ( 3, 2, ( 
 ( #4841, #2304, #1728 ),
 ( #1656, #5990, #4224 ),
 ( #5415, #442, #4886 ),
 ( #6029, #2258, #479 ),
 ( #1811, #7947, #5452 ),
 ( #2907, #1165, #2953 ),
 ( #4182, #600, #1769 ),
 ( #7907, #1692, #4768 ),
 ( #3650, #2343, #6109 ),
 ( #4799, #7218, #4730 ) ),
 .UNSPECIFIED., .F., .F., .T. ) 
 B_SPLINE_SURFACE_WITH_KNOTS ( ( 4, 2, 2, 2, 4 ),
 ( 3, 3 ),
 ( 0.0002132490776337525530, 0.0004146978206856572402, 0.0006161465637375619815, 0.0008175953067894667229, 0.001019044049841371464 ),
 ( 0.0000000000000000000, 1.000000000000000000 ),
 .UNSPECIFIED. ) 
 GEOMETRIC_REPRESENTATION_ITEM ( )  RATIONAL_B_SPLINE_SURFACE ( (
 ( 1.000000000000000000, 0.7071067811865536790, 1.000000000000000000),
 ( 1.000000000000000000, 0.7563416533171161138, 1.000000000000000000),
 ( 1.000000000000000000, 0.7876914111821317066, 1.000000000000000000),
 ( 1.000000000000000000, 0.8268965223944363396, 1.000000000000000000),
 ( 1.000000000000000000, 0.8346140146031363338, 1.000000000000000000),
 ( 1.000000000000000000, 0.8352544865632193227, 1.000000000000000000),
 ( 1.000000000000000000, 0.8288279177884466664, 1.000000000000000000),
 ( 1.000000000000000000, 0.7923484907800174559, 1.000000000000000000),
 ( 1.000000000000000000, 0.7622403436624756168, 1.000000000000000000),
 ( 1.000000000000000000, 0.7071067811865526798, 1.000000000000000000) ) ) 
 REPRESENTATION_ITEM ( '' )  SURFACE ( )  );
#7850 = CARTESIAN_POINT ( 'NONE',  ( -9.989482414560381329, 7.451687534201174579, -5.412909899575614858 ) ) ;
#7851 = MECHANICAL_DESIGN_GEOMETRIC_PRESENTATION_REPRESENTATION (  '', ( #1231 ), #7724 ) ;
#7852 = CARTESIAN_POINT ( 'NONE',  ( -8.700000098502364665, 8.999999999999998224, -5.999999999999998224 ) ) ;
#7854 = CARTESIAN_POINT ( 'NONE',  ( -12.13125189653953129, 14.99996709349432145, -2.485360816083348023 ) ) ;
#7853 = CARTESIAN_POINT ( 'NONE',  ( -20.50000000000000000, 9.000000000000000000, 0.0000000000000000000 ) ) ;
#7855 = CARTESIAN_POINT ( 'NONE',  ( -5.000000000000000888, 15.00000000000000000, -3.224903099319424093 ) ) ;
#7856 = AXIS2_PLACEMENT_3D ( 'NONE', #5387, #3626, #1670 ) ;
#7857 = ORIENTED_EDGE ( 'NONE', *, *, #7818, .F. ) ;
#7858 = EDGE_CURVE ( 'NONE', #225, #1104, #7974, .T. ) ;
#7859 = CARTESIAN_POINT ( 'NONE',  ( -9.249376290701070147, 3.464423933528673061, -1.025690721414280748 ) ) ;
#7860 = CARTESIAN_POINT ( 'NONE',  ( -11.50879143405660443, 13.63713028883841716, 3.332510829792698193 ) ) ;
#7861 = DIRECTION ( 'NONE',  ( 0.0000000000000000000, -1.000000000000000000, 0.0000000000000000000 ) ) ;
#7862 = CARTESIAN_POINT ( 'NONE',  ( -7.361000853435624158, 5.069669592021244675, -4.019463140317404815 ) ) ;
#7863 = CARTESIAN_POINT ( 'NONE',  ( -12.61437933085916363, 10.40460854341202968, -5.451745056258054056 ) ) ;
#7864 = ORIENTED_EDGE ( 'NONE', *, *, #1460, .T. ) ;
#7865 = EDGE_CURVE ( 'NONE', #4122, #63, #627, .T. ) ;
#7866 = VECTOR ( 'NONE', #3680, 1000.000000000000000 ) ;
#7867 = CARTESIAN_POINT ( 'NONE',  ( -11.05938087924299751, 3.751871183025425438, 2.249944412725347842 ) ) ;
#7868 = CARTESIAN_POINT ( 'NONE',  ( -8.670930259383171190, 8.880667541364486439, 5.708891152883571962 ) ) ;
#7869 = CARTESIAN_POINT ( 'NONE',  ( -7.068751896539530399, 2.999967094546160951, -2.485201931958109345 ) ) ;
#7870 = DIRECTION ( 'NONE',  ( -1.000000000000000000, 0.0000000000000000000, 0.0000000000000000000 ) ) ;
#7871 = CARTESIAN_POINT ( 'NONE',  ( -6.510339616518119321, 3.310368825845836138, 0.3745191764758867836 ) ) ;
#7872 = VECTOR ( 'NONE', #485, 1000.000000000000000 ) ;
#7873 = CARTESIAN_POINT ( 'NONE',  ( -13.00000000000001066, 4.812313850165840456, -4.129425107712756393 ) ) ;
#7874 = CARTESIAN_POINT ( 'NONE',  ( -6.056251896539530222, 6.514639183916653309, -5.999967093494320558 ) ) ;
#7875 = CARTESIAN_POINT ( 'NONE',  ( -7.350000098502365020, 9.000000000000000000, 5.999999999999998224 ) ) ;
#7876 = ORIENTED_EDGE ( 'NONE', *, *, #1995, .T. ) ;
#7877 = DIRECTION ( 'NONE',  ( 1.000000000000000000, -0.0000000000000000000, -0.0000000000000000000 ) ) ;
#7878 = AXIS2_PLACEMENT_3D ( 'NONE', #2385, #3691, #4265 ) ;
#7879 = B_SPLINE_CURVE_WITH_KNOTS ( 'NONE', 3,
 ( #7326, #7406, #3015, #5438, #1112, #2489, #6833, #2935, #8016, #3056, #1872, #464, #4289, #2453, #2978, #4911, #2369, #4364, #6179, #1274, #1229, #6056, #5401, #5478, #508, #4786, #6714, #1188 ),
 .UNSPECIFIED., .F., .F.,
 ( 4, 2, 2, 2, 2, 2, 2, 2, 2, 2, 2, 2, 2, 4 ),
 ( 0.0000000000000000000, 0.0007116519057986801962, 0.001423303811597360176, 0.002846607623194719484, 0.003558259528993398813, 0.004269911434792078575, 0.004981563340590758338, 0.005693215246389438100, 0.007116519057986793288, 0.008539822869584148476, 0.009251474775382824769, 0.009963126681181499328, 0.01067477858698017389, 0.01138643049277884844 ),
 .UNSPECIFIED. ) ;
#7880 = CARTESIAN_POINT ( 'NONE',  ( -7.213574485043642959, 7.513546208312668284, -5.513036332295042641 ) ) ;
#7881 = CARTESIAN_POINT ( 'NONE',  ( -10.92051106493335233, 9.136798752099874577, -5.708579196023931601 ) ) ;
#7882 = CYLINDRICAL_SURFACE ( 'NONE', #1471, 6.000000000000000000 ) ;
#7883 = CARTESIAN_POINT ( 'NONE',  ( -7.547540656482053301, 3.290689457965053411, -0.05191003838111250823 ) ) ;
#7884 = CARTESIAN_POINT ( 'NONE',  ( -7.947867163838195914, 14.35252018200301194, 1.988995882972276696 ) ) ;
#7885 = AXIS2_PLACEMENT_3D ( 'NONE', #1875, #6835, #6097 ) ;
#7887 = CARTESIAN_POINT ( 'NONE',  ( -12.29421249054114007, 9.840464237854723351, 5.647935531523962993 ) ) ;
#7886 = CARTESIAN_POINT ( 'NONE',  ( -14.06875189653952951, 2.999967094546160951, -2.485201931958109345 ) ) ;
#7888 = ORIENTED_EDGE ( 'NONE', *, *, #5012, .T. ) ;
#7889 = CARTESIAN_POINT ( 'NONE',  ( -5.000000000000001776, 9.000000000000000000, 0.0000000000000000000 ) ) ;
#7890 = VERTEX_POINT ( 'NONE', #588 ) ;
#7891 = CARTESIAN_POINT ( 'NONE',  ( -9.924947065817798730, 7.090735957030983805, -5.381484070201056902 ) ) ;
#7892 = DIRECTION ( 'NONE',  ( 0.0000000000000000000, 1.000000000000000000, 0.0000000000000000000 ) ) ;
#7893 = CARTESIAN_POINT ( 'NONE',  ( -11.55007068962247807, 13.41253176853535578, -3.611348862745187294 ) ) ;
#7894 = FACE_OUTER_BOUND ( 'NONE', #3923, .T. ) ;
#7895 = ORIENTED_EDGE ( 'NONE', *, *, #6172, .F. ) ;
#7896 = CARTESIAN_POINT ( 'NONE',  ( -6.700001896539530044, 8.999920557937377552, -5.999999999474079360 ) ) ;
#7897 = CARTESIAN_POINT ( 'NONE',  ( -9.356405901971607264, 4.243232518687291233, 3.011190676088808527 ) ) ;
#7898 = CARTESIAN_POINT ( 'NONE',  ( -11.42522073345261902, 14.61111504612977363, 1.058811306543085307 ) ) ;
#7899 = FACE_OUTER_BOUND ( 'NONE', #1317, .T. ) ;
#7900 = CARTESIAN_POINT ( 'NONE',  ( -10.83750189653953200, 4.757415487273786603, 4.242696860768593758 ) ) ;
#7901 = ADVANCED_FACE ( 'NONE', ( #2413 ), #4328, .T. ) ;
#7902 = CARTESIAN_POINT ( 'NONE',  ( -9.431251896539530222, 14.99996709349432145, -2.485360816083348023 ) ) ;
#7903 = CARTESIAN_POINT ( 'NONE',  ( -13.60625189653953093, 6.672477939253883328, -5.618924899550870933 ) ) ;
#7904 = CARTESIAN_POINT ( 'NONE',  ( -12.79494395633076387, 6.291600694632442980, -5.017646038779110640 ) ) ;
#7905 = CARTESIAN_POINT ( 'NONE',  ( -11.43033877486957905, 14.64507770334267533, 0.8581113050578746959 ) ) ;
#7906 = CARTESIAN_POINT ( 'NONE',  ( -8.632276796254618745, 10.27900763767240910, 5.482539517288512521 ) ) ;
#7907 = CARTESIAN_POINT ( 'NONE',  ( -4.994688925855749417, 14.93714786516564175, 3.838222648767847023 ) ) ;
#7908 = CARTESIAN_POINT ( 'NONE',  ( -6.562648171470043756, 3.392986984189206634, -0.5061341357637801908 ) ) ;
#7909 = EDGE_CURVE ( 'NONE', #1551, #3212, #6189, .T. ) ;
#7910 = CARTESIAN_POINT ( 'NONE',  ( -10.94621728062072386, 8.080782362649907569, -5.634962153512615757 ) ) ;
#7911 = DIRECTION ( 'NONE',  ( 0.0000000000000000000, 0.7236750748543927525, 0.6901408450704022979 ) ) ;
#7912 = CARTESIAN_POINT ( 'NONE',  ( -6.168751896539530932, 2.999967094546160951, -2.485201931958109345 ) ) ;
#7913 = CARTESIAN_POINT ( 'NONE',  ( -20.51951070820155110, 4.130608650233502210, 0.5531761576711063944 ) ) ;
#7914 = CARTESIAN_POINT ( 'NONE',  ( -13.00000189653952987, 8.999920557937377552, -5.999999999474078471 ) ) ;
#7915 = ORIENTED_EDGE ( 'NONE', *, *, #5353, .F. ) ;
#7916 = CARTESIAN_POINT ( 'NONE',  ( -4.000000000000000000, -3.999999999999999112, 4.599999999999999645 ) ) ;
#7917 = CARTESIAN_POINT ( 'NONE',  ( -6.614305062612256592, 4.979953665248818773, 4.054941183573889774 ) ) ;
#7918 = CARTESIAN_POINT ( 'NONE',  ( -11.04919767124542318, 4.606352117788389045, -3.634230488473867204 ) ) ;
#7919 = CARTESIAN_POINT ( 'NONE',  ( -4.904337272886240662, 13.74771935255467348, -5.000296095095245086 ) ) ;
#7920 = CARTESIAN_POINT ( 'NONE',  ( -9.030713589598457602, 12.43114957824767330, -4.563457722593054378 ) ) ;
#7921 = CARTESIAN_POINT ( 'NONE',  ( -7.953915762825777058, 14.51091057967431119, -1.151690009367212886 ) ) ;
#7922 = CARTESIAN_POINT ( 'NONE',  ( -6.618751896539531110, 15.00003290545384260, 2.485201931958106236 ) ) ;
#7924 = CARTESIAN_POINT ( 'NONE',  ( -12.42839963885258392, 14.04327799571587398, 2.677896946852378335 ) ) ;
#7923 = CARTESIAN_POINT ( 'NONE',  ( -6.843751896539530755, 11.48520193195810712, -6.000032905453839938 ) ) ;
#7925 = ORIENTED_EDGE ( 'NONE', *, *, #5413, .F. ) ;
#7926 = DIRECTION ( 'NONE',  ( 0.0000000000000000000, -1.000000000000000000, 0.0000000000000000000 ) ) ;
#7927 = CARTESIAN_POINT ( 'NONE',  ( -8.088209963744144915, 11.34546190175377767, -5.109042449490331705 ) ) ;
#7928 = CARTESIAN_POINT ( 'NONE',  ( -9.224144510536627095, 3.366252416834893069, 0.9308103808604351048 ) ) ;
#7929 = CARTESIAN_POINT ( 'NONE',  ( -10.05940995979450925, 3.544383632335963430, -1.657895624204521523 ) ) ;
#7930 = VERTEX_POINT ( 'NONE', #4871 ) ;
#7931 = CARTESIAN_POINT ( 'NONE',  ( -11.61185015525282793, 11.47613057380961443, -5.145315289159248628 ) ) ;
#7932 = CARTESIAN_POINT ( 'NONE',  ( -5.100000000000002309, 3.861906968533890705, 4.899999999999940847 ) ) ;
#7933 = ORIENTED_EDGE ( 'NONE', *, *, #130, .F. ) ;
#7934 = CARTESIAN_POINT ( 'NONE',  ( -19.56414972864428847, 13.82118660789535625, -0.8765022258836642211 ) ) ;
#7935 = CARTESIAN_POINT ( 'NONE',  ( -9.309087610534653834, 4.826284687524038830, 3.897204129977771991 ) ) ;
#7936 = ORIENTED_EDGE ( 'NONE', *, *, #7909, .T. ) ;
#7937 = CARTESIAN_POINT ( 'NONE',  ( -20.19999999999999929, 9.000000000000000000, 0.0000000000000000000 ) ) ;
#7938 = DIRECTION ( 'NONE',  ( -0.0000000000000000000, 1.000000000000000000, -0.0000000000000000000 ) ) ;
#7939 = CARTESIAN_POINT ( 'NONE',  ( -9.318751896539529511, 15.00003290545384260, 2.485201931958106236 ) ) ;
#7940 = CARTESIAN_POINT ( 'NONE',  ( -13.77500189653953022, 3.381044284241951026, 7.439690531061725408E-05 ) ) ;
#7941 = CARTESIAN_POINT ( 'NONE',  ( -13.09765888697329395, 6.126281853715939363, 4.934418120834416221 ) ) ;
#7942 = ORIENTED_EDGE ( 'NONE', *, *, #609, .T. ) ;
#7943 = B_SPLINE_CURVE_WITH_KNOTS ( 'NONE', 3,
 ( #7266, #1017, #2868, #3571, #5457, #1697, #7832, #7343, #7223, #4187, #4109, #6647, #7913, #1169, #7302, #5334, #3656, #4803 ),
 .UNSPECIFIED., .F., .F.,
 ( 4, 2, 2, 2, 2, 2, 2, 2, 4 ),
 ( 0.002819795736543139354, 0.003172180422707958185, 0.003524565108872777016, 0.003876949795037595847, 0.004229334481202414245, 0.004581719167367233510, 0.004934103853532051907, 0.005286488539696871172, 0.005638873225861689570 ),
 .UNSPECIFIED. ) ;
#7944 = EDGE_CURVE ( 'NONE', #7378, #7357, #498, .T. ) ;
#7945 = CARTESIAN_POINT ( 'NONE',  ( -11.62831814612416359, 10.88302708732216040, -5.381940672009958071 ) ) ;
#7946 = CARTESIAN_POINT ( 'NONE',  ( -8.510627626398452605, 8.355414274545477582, 5.665362345975318625 ) ) ;
#7947 = CARTESIAN_POINT ( 'NONE',  ( -4.990186384565014954, 14.97587943586955284, 3.524848676221387311 ) ) ;
#7948 = CARTESIAN_POINT ( 'NONE',  ( -6.675366357905009096, 3.400999330109756524, 1.078434720764653409 ) ) ;
#7949 = CARTESIAN_POINT ( 'NONE',  ( -11.04152650261910651, 4.808841994434856382, -3.877105362512641928 ) ) ;
#7950 = DIRECTION ( 'NONE',  ( 0.0000000000000000000, 0.0000000000000000000, -1.000000000000000000 ) ) ;
#7951 = DIRECTION ( 'NONE',  ( -1.000000000000000000, 0.0000000000000000000, 0.0000000000000000000 ) ) ;
#7952 = FACE_OUTER_BOUND ( 'NONE', #1588, .T. ) ;
#7953 = CARTESIAN_POINT ( 'NONE',  ( -11.53750189653953129, 4.757415487273787491, 4.242696860768592870 ) ) ;
#7954 = EDGE_CURVE ( 'NONE', #1104, #5763, #7092, .T. ) ;
#7955 = CARTESIAN_POINT ( 'NONE',  ( -7.355438053115928021, 3.583993541402633820, -1.808168830595732191 ) ) ;
#7956 = CARTESIAN_POINT ( 'NONE',  ( -10.91383894003068455, 6.583528009902114952, -5.075796018468990312 ) ) ;
#7957 = CARTESIAN_POINT ( 'NONE',  ( -13.00000000000000178, 9.000000000000000000, 2.350000000000000089 ) ) ;
#7958 = CARTESIAN_POINT ( 'NONE',  ( -8.814951280488610763, 13.77442169185314746, 3.130889930574134006 ) ) ;
#7959 = CARTESIAN_POINT ( 'NONE',  ( -7.836809502577186670, 14.67846396268077669, 0.6004150909686757354 ) ) ;
#7960 = CARTESIAN_POINT ( 'NONE',  ( 4.163799117101001052E-16, -3.049318610115481221E-16, -3.400000000000000355 ) ) ;
#7962 = CARTESIAN_POINT ( 'NONE',  ( -12.28113190659168552, 14.04503650382438451, 2.674583546806872825 ) ) ;
#7961 = CARTESIAN_POINT ( 'NONE',  ( -13.84375189653952987, 11.48520193195810712, -6.000032905453839938 ) ) ;
#7963 = ORIENTED_EDGE ( 'NONE', *, *, #2984, .F. ) ;
#7964 = CARTESIAN_POINT ( 'NONE',  ( -20.40000000000000213, 9.000000000000000000, -0.6000000000000003109 ) ) ;
#7965 = VECTOR ( 'NONE', #1554, 1000.000000000000000 ) ;
#7966 = CARTESIAN_POINT ( 'NONE',  ( -8.236205871545617896, 5.835815607580277842, -4.646647246121513142 ) ) ;
#7967 = CARTESIAN_POINT ( 'NONE',  ( -9.278210199175829231, 4.082909655265949844, 2.903014645438199981 ) ) ;
#7968 = CARTESIAN_POINT ( 'NONE',  ( -10.39322151730295829, 5.977297442854371035, 4.844541534281160189 ) ) ;
#7969 = MECHANICAL_DESIGN_GEOMETRIC_PRESENTATION_REPRESENTATION (  '', ( #5891 ), #2642 ) ;
#7970 = CARTESIAN_POINT ( 'NONE',  ( -5.000000000000003553, 15.08598865505010878, 3.285316264322235558 ) ) ;
#7971 = DIRECTION ( 'NONE',  ( 0.0000000000000000000, -0.0000000000000000000, 1.000000000000000000 ) ) ;
#7972 = ORIENTED_EDGE ( 'NONE', *, *, #4052, .F. ) ;
#7973 = STYLED_ITEM ( 'NONE', ( #6636 ), #5072 ) ;
#7974 = LINE ( 'NONE', #1154, #1777 ) ;
#7975 = CARTESIAN_POINT ( 'NONE',  ( -9.643925643167159834, 11.67665497741199232, 5.044197137967214140 ) ) ;
#7976 = CARTESIAN_POINT ( 'NONE',  ( -20.40000000000000213, 9.000000000000000000, 0.0000000000000000000 ) ) ;
#7977 = CARTESIAN_POINT ( 'NONE',  ( -11.40000009850236573, 8.999999999999998224, -5.999999999999998224 ) ) ;
#7978 = CARTESIAN_POINT ( 'NONE',  ( -8.700001896539530932, 8.999920557937377552, -5.999999999474079360 ) ) ;
#7979 = CARTESIAN_POINT ( 'NONE',  ( -11.41250189653952951, 12.97325429635567140, 3.973149083243181945 ) ) ;
#7980 = CIRCLE ( 'NONE', #5775, 0.1000000000000002554 ) ;
#7981 = CARTESIAN_POINT ( 'NONE',  ( -12.83421085282735241, 3.444728433732015649, 1.320804354810623416 ) ) ;
#7982 = ORIENTED_EDGE ( 'NONE', *, *, #4960, .T. ) ;
#7983 = CARTESIAN_POINT ( 'NONE',  ( -10.56875189653952951, 14.61898653196522524, 2.327373266935493845 ) ) ;
#7984 = CARTESIAN_POINT ( 'NONE',  ( -10.46786200339206019, 13.78072592589339962, 3.122046563792919116 ) ) ;
#7985 = CARTESIAN_POINT ( 'NONE',  ( -8.812927496194445709, 13.73085133400977398, 3.197768673009332652 ) ) ;
#7986 = CARTESIAN_POINT ( 'NONE',  ( -11.42500189653953058, 3.000000000525919752, 7.944206261983304126E-05 ) ) ;
#7987 = CARTESIAN_POINT ( 'NONE',  ( -13.00000000000000178, 9.000000000000000000, 0.0000000000000000000 ) ) ;
#7988 = CARTESIAN_POINT ( 'NONE',  ( -6.752194578570546390, 4.704688358221055466, 3.762806961996246979 ) ) ;
#7989 = CARTESIAN_POINT ( 'NONE',  ( -11.30901372278415096, 6.517074660970414435, 5.141366826192164119 ) ) ;
#7990 = FILL_AREA_STYLE_COLOUR ( '', #1351 ) ;
#7991 = CARTESIAN_POINT ( 'NONE',  ( -6.000000000000001776, 9.000000000000000000, 0.0000000000000000000 ) ) ;
#7992 = AXIS2_PLACEMENT_3D ( 'NONE', #4271, #3659, #2312 ) ;
#7993 = ORIENTED_EDGE ( 'NONE', *, *, #5970, .T. ) ;
#7994 = CARTESIAN_POINT ( 'NONE',  ( -20.50000000000000000, 9.000000000000000000, 0.0000000000000000000 ) ) ;
#7995 = CARTESIAN_POINT ( 'NONE',  ( -7.187009024501951338, 8.554215773751586482, -5.692503498152052366 ) ) ;
#7996 = AXIS2_PLACEMENT_3D ( 'NONE', #2347, #7831, #1773 ) ;
#7997 = CARTESIAN_POINT ( 'NONE',  ( -11.04036200411937862, 3.505325548597874263, 1.553870539281140051 ) ) ;
#7998 = DIRECTION ( 'NONE',  ( 0.0000000000000000000, -1.000000000000000000, 0.0000000000000000000 ) ) ;
#7999 = CARTESIAN_POINT ( 'NONE',  ( -8.427914277814434030, 3.354113025707500473, -0.8494268325663140162 ) ) ;
#8000 = CARTESIAN_POINT ( 'NONE',  ( -8.060927312544071910, 12.25945338824558739, -4.590274780392937792 ) ) ;
#8001 = EDGE_CURVE ( 'NONE', #1540, #7022, #3609, .T. ) ;
#8003 = CARTESIAN_POINT ( 'NONE',  ( -12.32765490812879072, 13.39353931991395896, 3.520250117682129254 ) ) ;
#8002 = CARTESIAN_POINT ( 'NONE',  ( -5.976056732345357503, 10.05788447917555573, -6.000014007280094042 ) ) ;
#8004 = VERTEX_POINT ( 'NONE', #4209 ) ;
#8005 = AXIS2_PLACEMENT_3D ( 'NONE', #2165, #6591, #3390 ) ;
#8006 = VECTOR ( 'NONE', #3434, 1000.000000000000000 ) ;
#8007 = CARTESIAN_POINT ( 'NONE',  ( -9.008115838186844471, 7.724313902845188373, -5.557310612404801731 ) ) ;
#8008 = CARTESIAN_POINT ( 'NONE',  ( -10.34689868725816631, 6.957239782495405755, 5.246195142514102017 ) ) ;
#8009 = EDGE_LOOP ( 'NONE', ( #6332, #300, #827, #5288 ) ) ;
#8010 = FACE_OUTER_BOUND ( 'NONE', #6743, .T. ) ;
#8011 = VECTOR ( 'NONE', #4951, 1000.000000000000000 ) ;
#8012 = CARTESIAN_POINT ( 'NONE',  ( -7.200386908536443364, 10.91472393465321034, -5.285535122892143001 ) ) ;
#8013 = ADVANCED_FACE ( 'NONE', ( #1716 ), #3765, .T. ) ;
#8015 = CARTESIAN_POINT ( 'NONE',  ( -11.62477491637443094, 14.61119366355009674, -1.058662074160660049 ) ) ;
#8014 = LINE ( 'NONE', #7282, #482 ) ;
#8016 = CARTESIAN_POINT ( 'NONE',  ( -13.00000000000000178, 14.50219879233901388, 2.181001829696743499 ) ) ;
#8017 = DIRECTION ( 'NONE',  ( 0.0000000000000000000, 0.0000000000000000000, 1.000000000000000000 ) ) ;
#8018 = CARTESIAN_POINT ( 'NONE',  ( -9.607454793159243778, 10.35126140831854613, 5.539531453740679012 ) ) ;
#8019 = CARTESIAN_POINT ( 'NONE',  ( -7.401231709942596382, 6.075080171315116573, -4.903278194499653964 ) ) ;
#8020 = CARTESIAN_POINT ( 'NONE',  ( -5.100000000000002309, 3.934274476019328670, 4.830985915492899352 ) ) ;
#8021 = CARTESIAN_POINT ( 'NONE',  ( -8.475001896539529511, 14.99999999947407936, -7.944206262056783218E-05 ) ) ;
#8022 = MECHANICAL_DESIGN_GEOMETRIC_PRESENTATION_REPRESENTATION (  '', ( #4012 ), #2045 ) ;
ENDSEC;
END-ISO-10303-21;
