ISO-10303-21;
HEADER;
/* Generated by software containing ST-Developer
 * from STEP Tools, Inc. (www.steptools.com) 
 */

FILE_DESCRIPTION(
/* description */ ('Designed by EasyEDA Pro'),
/* implementation_level */ '2;1');

FILE_NAME(
/* name */ 'PH2.0-2PWB.step',
/* time_stamp */ '2026-01-22T14:19:51+08:00',
/* author */ (''),
/* organization */ (''),
/* preprocessor_version */ 'ST-DEVELOPER v20.1',
/* originating_system */ 'Autodesk Translation Framework v14.21.0.0',
/* authorisation */ '');

FILE_SCHEMA (('AUTOMOTIVE_DESIGN { 1 0 10303 214 3 1 1 }'));
ENDSEC;

DATA;
#10=MECHANICAL_DESIGN_GEOMETRIC_PRESENTATION_REPRESENTATION('',(#6259,#6260,
#6261,#6262,#6263,#6264,#6265,#6266,#6267,#6268,#6269,#6270,#6271,#6272,
#6273,#6274,#6275,#6276,#6277,#6278,#6279,#6280,#6281,#6282,#6283,#6284,
#6285,#6286,#6287,#6288,#6289,#6290,#6291,#6292,#6293,#6294,#6295,#6296,
#6297,#6298,#6299,#6300,#6301,#6302,#6303,#6304,#6305,#6306,#6307,#6308,
#6309,#6310,#6311,#6312,#6313,#6314,#6315,#6316,#6317,#6318,#6319,#6320,
#6321,#6322,#6323,#6324,#6325,#6326,#6327,#6328,#6329,#6330,#6331,#6332,
#6333,#6334,#6335,#6336,#6337,#6338,#6339,#6340,#6341,#6342,#6343,#6344,
#6345,#6346,#6347,#6348,#6349,#6350,#6351,#6352,#6353,#6354,#6355,#6356,
#6357,#6358,#6359,#6360,#6361,#6362,#6363,#6364,#6365,#6366,#6367,#6368,
#6369,#6370,#6371,#6372,#6373,#6374,#6375,#6376,#6377,#6378,#6379,#6380,
#6381,#6382,#6383,#6384,#6385,#6386,#6387,#6388,#6389,#6390,#6391,#6392,
#6393,#6394,#6395,#6396,#6397,#6398,#6399,#6400,#6401,#6402,#6403,#6404,
#6405,#6406,#6407,#6408,#6409,#6410,#6411,#6412,#6413,#6414,#6415,#6416,
#6417,#6418,#6419,#6420,#6421,#6422,#6423,#6424,#6425,#6426,#6427,#6428,
#6429,#6430,#6431,#6432,#6433,#6434,#6435,#6436,#6437,#6438,#6439,#6440,
#6441,#6442,#6443,#6444,#6445,#6446,#6447,#6448,#6449,#6450,#6451,#6452,
#6453,#6454,#6455,#6456,#6457,#6458,#6459,#6460,#6461,#6462,#6463,#6464,
#6465,#6466,#6467,#6468,#6469,#6470,#6471,#6472,#6473,#6474,#6475,#6476,
#6477,#6478,#6479,#6480,#6481,#6482,#6483,#6484,#6485,#6486,#6487,#6488,
#6489,#6490,#6491,#6492,#6493,#6494,#6495,#6496,#6497,#6498,#6499,#6500,
#6501,#6502,#6503,#6504,#6505,#6506,#6507,#6508,#6509,#6510,#6511,#6512,
#6513,#6514,#6515,#6516,#6517,#6518,#6519,#6520,#6521,#6522,#6523,#6524,
#6525,#6526,#6527,#6528,#6529,#6530,#6531,#6532,#6533,#6534,#6535,#6536,
#6537,#6538,#6539,#6540,#6541,#6542,#6543,#6544,#6545,#6546,#6547,#6548,
#6549,#6550,#6551,#6552,#6553,#6554,#6555,#6556,#6557,#6558,#6559,#6560,
#6561,#6562,#6563,#6564,#6565,#6566,#6567,#6568,#6569,#6570,#6571,#6572,
#6573,#6574,#6575,#6576,#6577,#6578,#6579,#6580,#6581,#6582,#6583,#6584,
#6585,#6586,#6587,#6588,#6589,#6590,#6591,#6592,#6593,#6594,#6595,#6596,
#6597,#6598,#6599,#6600,#6601,#6602,#6603,#6604,#6605),#11744);
#11=ITEM_DEFINED_TRANSFORMATION($,$,#6967,#7320);
#12=ITEM_DEFINED_TRANSFORMATION($,$,#6966,#7321);
#13=(
REPRESENTATION_RELATIONSHIP($,$,#11759,#11758)
REPRESENTATION_RELATIONSHIP_WITH_TRANSFORMATION(#11)
SHAPE_REPRESENTATION_RELATIONSHIP()
);
#14=(
REPRESENTATION_RELATIONSHIP($,$,#11758,#11757)
REPRESENTATION_RELATIONSHIP_WITH_TRANSFORMATION(#12)
SHAPE_REPRESENTATION_RELATIONSHIP()
);
#15=CONTEXT_DEPENDENT_SHAPE_REPRESENTATION(#13,#11755);
#16=CONTEXT_DEPENDENT_SHAPE_REPRESENTATION(#14,#11756);
#17=NEXT_ASSEMBLY_USAGE_OCCURRENCE(
'CONN-SMD_2P-P2.00_XUNPU_WAFER-PH2.0-2PWB~CONN-SMD_2P-P2.00_XUNPU_WAFE
R-PH2.0-2PWB~cKGF:1',
'CONN-SMD_2P-P2.00_XUNPU_WAFER-PH2.0-2PWB~CONN-SMD_2P-P2.00_XUNPU_WAFE
R-PH2.0-2PWB~cKGF:1',
'CONN-SMD_2P-P2.00_XUNPU_WAFER-PH2.0-2PWB~CONN-SMD_2P-P2.00_XUNPU_WAFE
R-PH2.0-2PWB~cKGF:1',#11762,#11763,
'CONN-SMD_2P-P2.00_XUNPU_WAFER-PH2.0-2PWB~CONN-SMD_2P-P2.00_XUNPU_WAFE
R-PH2.0-2PWB~cKGF:1');
#18=NEXT_ASSEMBLY_USAGE_OCCURRENCE(
'H1~CONN-SMD_2P-P2.00_XUNPU_WAFER-PH2.0-2PWB~CONN-SMD_2P-P2.00_XUNPU_W
AFER-PH2.0-2PWB~cQUz:1',
'H1~CONN-SMD_2P-P2.00_XUNPU_WAFER-PH2.0-2PWB~CONN-SMD_2P-P2.00_XUNPU_W
AFER-PH2.0-2PWB~cQUz:1',
'H1~CONN-SMD_2P-P2.00_XUNPU_WAFER-PH2.0-2PWB~CONN-SMD_2P-P2.00_XUNPU_W
AFER-PH2.0-2PWB~cQUz:1',#11761,#11762,
'H1~CONN-SMD_2P-P2.00_XUNPU_WAFER-PH2.0-2PWB~CONN-SMD_2P-P2.00_XUNPU_W
AFER-PH2.0-2PWB~cQUz:1');
#19=SHAPE_REPRESENTATION_RELATIONSHIP('SRR','None',#11759,#20);
#20=ADVANCED_BREP_SHAPE_REPRESENTATION('',(#21),#11743);
#21=MANIFOLD_SOLID_BREP('\X2\5B9E4F53\X0\1',#6952);
#22=B_SPLINE_SURFACE_WITH_KNOTS('',3,1,((#9956,#9957),(#9958,#9959),(#9960,
#9961),(#9962,#9963)),.UNSPECIFIED.,.F.,.F.,.F.,(4,4),(2,2),(4.,5.),(0.,
0.00119999999988003),.UNSPECIFIED.);
#23=B_SPLINE_SURFACE_WITH_KNOTS('',3,1,((#9966,#9967),(#9968,#9969),(#9970,
#9971),(#9972,#9973)),.UNSPECIFIED.,.F.,.F.,.F.,(4,4),(2,2),(3.,4.),(0.,
0.00119999999988003),.UNSPECIFIED.);
#24=B_SPLINE_SURFACE_WITH_KNOTS('',3,1,((#9975,#9976),(#9977,#9978),(#9979,
#9980),(#9981,#9982)),.UNSPECIFIED.,.F.,.F.,.F.,(4,4),(2,2),(2.,3.),(0.,
0.00119999999988003),.UNSPECIFIED.);
#25=B_SPLINE_SURFACE_WITH_KNOTS('',3,1,((#9990,#9991),(#9992,#9993),(#9994,
#9995),(#9996,#9997)),.UNSPECIFIED.,.F.,.F.,.F.,(4,4),(2,2),(5.,6.),(0.,
0.00119999999988003),.UNSPECIFIED.);
#26=B_SPLINE_SURFACE_WITH_KNOTS('',3,1,((#9998,#9999),(#10000,#10001),(#10002,
#10003),(#10004,#10005)),.UNSPECIFIED.,.F.,.F.,.F.,(4,4),(2,2),(4.,5.),
(0.,0.00119999999988003),.UNSPECIFIED.);
#27=B_SPLINE_SURFACE_WITH_KNOTS('',3,1,((#10011,#10012),(#10013,#10014),
(#10015,#10016),(#10017,#10018)),.UNSPECIFIED.,.F.,.F.,.F.,(4,4),(2,2),
(5.,6.),(0.,0.00119999999988003),.UNSPECIFIED.);
#28=B_SPLINE_SURFACE_WITH_KNOTS('',3,1,((#10034,#10035),(#10036,#10037),
(#10038,#10039),(#10040,#10041)),.UNSPECIFIED.,.F.,.F.,.F.,(4,4),(2,2),
(2.,3.),(0.,0.00119999999988003),.UNSPECIFIED.);
#29=B_SPLINE_SURFACE_WITH_KNOTS('',3,1,((#10045,#10046),(#10047,#10048),
(#10049,#10050),(#10051,#10052)),.UNSPECIFIED.,.F.,.F.,.F.,(4,4),(2,2),
(3.,4.),(0.,0.00119999999988003),.UNSPECIFIED.);
#30=B_SPLINE_SURFACE_WITH_KNOTS('',3,1,((#10055,#10056),(#10057,#10058),
(#10059,#10060),(#10061,#10062)),.UNSPECIFIED.,.F.,.F.,.F.,(4,4),(2,2),
(12.,13.),(0.,0.00119999999988003),.UNSPECIFIED.);
#31=B_SPLINE_SURFACE_WITH_KNOTS('',3,1,((#10095,#10096),(#10097,#10098),
(#10099,#10100),(#10101,#10102)),.UNSPECIFIED.,.F.,.F.,.F.,(4,4),(2,2),
(5.,6.),(0.,0.00119999999988003),.UNSPECIFIED.);
#32=B_SPLINE_SURFACE_WITH_KNOTS('',3,1,((#10109,#10110),(#10111,#10112),
(#10113,#10114),(#10115,#10116)),.UNSPECIFIED.,.F.,.F.,.F.,(4,4),(2,2),
(4.,5.),(0.,0.00119999999988003),.UNSPECIFIED.);
#33=B_SPLINE_SURFACE_WITH_KNOTS('',3,1,((#10127,#10128),(#10129,#10130),
(#10131,#10132),(#10133,#10134)),.UNSPECIFIED.,.F.,.F.,.F.,(4,4),(2,2),
(2.,3.),(0.,0.00119999999988003),.UNSPECIFIED.);
#34=B_SPLINE_SURFACE_WITH_KNOTS('',3,1,((#10138,#10139),(#10140,#10141),
(#10142,#10143),(#10144,#10145)),.UNSPECIFIED.,.F.,.F.,.F.,(4,4),(2,2),
(1.,2.),(0.,0.00119999999988003),.UNSPECIFIED.);
#35=B_SPLINE_SURFACE_WITH_KNOTS('',3,1,((#10163,#10164),(#10165,#10166),
(#10167,#10168),(#10169,#10170)),.UNSPECIFIED.,.F.,.F.,.F.,(4,4),(2,2),
(18.,19.),(0.,0.00119999999988003),.UNSPECIFIED.);
#36=B_SPLINE_SURFACE_WITH_KNOTS('',3,1,((#10176,#10177),(#10178,#10179),
(#10180,#10181),(#10182,#10183)),.UNSPECIFIED.,.F.,.F.,.F.,(4,4),(2,2),
(17.,18.),(0.,0.00119999999988003),.UNSPECIFIED.);
#37=B_SPLINE_SURFACE_WITH_KNOTS('',3,1,((#10187,#10188),(#10189,#10190),
(#10191,#10192),(#10193,#10194)),.UNSPECIFIED.,.F.,.F.,.F.,(4,4),(2,2),
(16.,17.),(0.,0.00119999999988003),.UNSPECIFIED.);
#38=B_SPLINE_SURFACE_WITH_KNOTS('',3,1,((#10198,#10199),(#10200,#10201),
(#10202,#10203),(#10204,#10205)),.UNSPECIFIED.,.F.,.F.,.F.,(4,4),(2,2),
(15.,16.),(0.,0.00119999999988003),.UNSPECIFIED.);
#39=B_SPLINE_SURFACE_WITH_KNOTS('',3,1,((#10209,#10210),(#10211,#10212),
(#10213,#10214),(#10215,#10216)),.UNSPECIFIED.,.F.,.F.,.F.,(4,4),(2,2),
(14.,15.),(0.,0.00119999999988003),.UNSPECIFIED.);
#40=B_SPLINE_SURFACE_WITH_KNOTS('',3,1,((#10220,#10221),(#10222,#10223),
(#10224,#10225),(#10226,#10227)),.UNSPECIFIED.,.F.,.F.,.F.,(4,4),(2,2),
(13.,14.),(0.,0.00119999999988003),.UNSPECIFIED.);
#41=B_SPLINE_SURFACE_WITH_KNOTS('',3,1,((#10234,#10235),(#10236,#10237),
(#10238,#10239),(#10240,#10241)),.UNSPECIFIED.,.F.,.F.,.F.,(4,4),(2,2),
(12.,13.),(0.,0.00119999999988003),.UNSPECIFIED.);
#42=B_SPLINE_SURFACE_WITH_KNOTS('',3,1,((#10245,#10246),(#10247,#10248),
(#10249,#10250),(#10251,#10252)),.UNSPECIFIED.,.F.,.F.,.F.,(4,4),(2,2),
(11.,12.),(0.,0.00119999999988003),.UNSPECIFIED.);
#43=B_SPLINE_SURFACE_WITH_KNOTS('',3,1,((#10259,#10260),(#10261,#10262),
(#10263,#10264),(#10265,#10266)),.UNSPECIFIED.,.F.,.F.,.F.,(4,4),(2,2),
(10.,11.),(0.,0.00119999999988003),.UNSPECIFIED.);
#44=B_SPLINE_SURFACE_WITH_KNOTS('',3,1,((#10277,#10278),(#10279,#10280),
(#10281,#10282),(#10283,#10284)),.UNSPECIFIED.,.F.,.F.,.F.,(4,4),(2,2),
(8.,9.),(0.,0.00119999999988003),.UNSPECIFIED.);
#45=B_SPLINE_SURFACE_WITH_KNOTS('',3,1,((#10291,#10292),(#10293,#10294),
(#10295,#10296),(#10297,#10298)),.UNSPECIFIED.,.F.,.F.,.F.,(4,4),(2,2),
(7.,8.),(0.,0.00119999999988003),.UNSPECIFIED.);
#46=B_SPLINE_SURFACE_WITH_KNOTS('',3,1,((#10305,#10306),(#10307,#10308),
(#10309,#10310),(#10311,#10312)),.UNSPECIFIED.,.F.,.F.,.F.,(4,4),(2,2),
(6.,7.),(0.,0.00119999999988003),.UNSPECIFIED.);
#47=B_SPLINE_SURFACE_WITH_KNOTS('',3,1,((#10319,#10320),(#10321,#10322),
(#10323,#10324),(#10325,#10326)),.UNSPECIFIED.,.F.,.F.,.F.,(4,4),(2,2),
(5.,6.),(0.,0.00119999999988003),.UNSPECIFIED.);
#48=B_SPLINE_SURFACE_WITH_KNOTS('',3,1,((#10330,#10331),(#10332,#10333),
(#10334,#10335),(#10336,#10337)),.UNSPECIFIED.,.F.,.F.,.F.,(4,4),(2,2),
(4.,5.),(0.,0.00119999999988003),.UNSPECIFIED.);
#49=B_SPLINE_SURFACE_WITH_KNOTS('',3,1,((#10341,#10342),(#10343,#10344),
(#10345,#10346),(#10347,#10348)),.UNSPECIFIED.,.F.,.F.,.F.,(4,4),(2,2),
(3.,4.),(0.,0.00119999999988003),.UNSPECIFIED.);
#50=B_SPLINE_SURFACE_WITH_KNOTS('',3,1,((#10352,#10353),(#10354,#10355),
(#10356,#10357),(#10358,#10359)),.UNSPECIFIED.,.F.,.F.,.F.,(4,4),(2,2),
(2.,3.),(0.,0.00119999999988003),.UNSPECIFIED.);
#51=B_SPLINE_SURFACE_WITH_KNOTS('',3,1,((#10366,#10367),(#10368,#10369),
(#10370,#10371),(#10372,#10373)),.UNSPECIFIED.,.F.,.F.,.F.,(4,4),(2,2),
(1.,2.),(0.,0.00119999999988003),.UNSPECIFIED.);
#52=B_SPLINE_SURFACE_WITH_KNOTS('',3,1,((#10377,#10378),(#10379,#10380),
(#10381,#10382),(#10383,#10384)),.UNSPECIFIED.,.F.,.F.,.F.,(4,4),(2,2),
(0.,1.),(0.,0.00119999999988003),.UNSPECIFIED.);
#53=B_SPLINE_SURFACE_WITH_KNOTS('',3,1,((#10395,#10396),(#10397,#10398),
(#10399,#10400),(#10401,#10402)),.UNSPECIFIED.,.F.,.F.,.F.,(4,4),(2,2),
(19.,20.),(0.,0.00119999999988003),.UNSPECIFIED.);
#54=B_SPLINE_SURFACE_WITH_KNOTS('',3,1,((#10474,#10475),(#10476,#10477),
(#10478,#10479),(#10480,#10481)),.UNSPECIFIED.,.F.,.F.,.F.,(4,4),(2,2),
(11.,12.),(0.,0.00119999999988003),.UNSPECIFIED.);
#55=B_SPLINE_SURFACE_WITH_KNOTS('',3,1,((#10486,#10487),(#10488,#10489),
(#10490,#10491),(#10492,#10493)),.UNSPECIFIED.,.F.,.F.,.F.,(4,4),(2,2),
(9.,10.),(0.,0.00119999999988003),.UNSPECIFIED.);
#56=B_SPLINE_SURFACE_WITH_KNOTS('',3,1,((#10495,#10496),(#10497,#10498),
(#10499,#10500),(#10501,#10502)),.UNSPECIFIED.,.F.,.F.,.F.,(4,4),(2,2),
(8.,9.),(0.,0.00119999999988003),.UNSPECIFIED.);
#57=B_SPLINE_SURFACE_WITH_KNOTS('',3,1,((#10504,#10505),(#10506,#10507),
(#10508,#10509),(#10510,#10511)),.UNSPECIFIED.,.F.,.F.,.F.,(4,4),(2,2),
(7.,8.),(0.,0.00119999999988003),.UNSPECIFIED.);
#58=B_SPLINE_SURFACE_WITH_KNOTS('',3,1,((#10513,#10514),(#10515,#10516),
(#10517,#10518),(#10519,#10520)),.UNSPECIFIED.,.F.,.F.,.F.,(4,4),(2,2),
(6.,7.),(0.,0.00119999999988003),.UNSPECIFIED.);
#59=B_SPLINE_SURFACE_WITH_KNOTS('',3,1,((#10530,#10531),(#10532,#10533),
(#10534,#10535),(#10536,#10537)),.UNSPECIFIED.,.F.,.F.,.F.,(4,4),(2,2),
(1.,2.),(0.,0.00119999999988003),.UNSPECIFIED.);
#60=B_SPLINE_SURFACE_WITH_KNOTS('',3,1,((#10539,#10540),(#10541,#10542),
(#10543,#10544),(#10545,#10546)),.UNSPECIFIED.,.F.,.F.,.F.,(4,4),(2,2),
(0.,1.),(0.,0.00119999999988003),.UNSPECIFIED.);
#61=B_SPLINE_SURFACE_WITH_KNOTS('',3,1,((#10550,#10551),(#10552,#10553),
(#10554,#10555),(#10556,#10557)),.UNSPECIFIED.,.F.,.F.,.F.,(4,4),(2,2),
(12.,13.),(0.,0.00119999999988003),.UNSPECIFIED.);
#62=B_SPLINE_SURFACE_WITH_KNOTS('',3,1,((#10558,#10559),(#10560,#10561),
(#10562,#10563),(#10564,#10565)),.UNSPECIFIED.,.F.,.F.,.F.,(4,4),(2,2),
(4.,5.),(0.,0.00119999999988003),.UNSPECIFIED.);
#63=B_SPLINE_SURFACE_WITH_KNOTS('',3,1,((#10571,#10572),(#10573,#10574),
(#10575,#10576),(#10577,#10578)),.UNSPECIFIED.,.F.,.F.,.F.,(4,4),(2,2),
(5.,6.),(0.,0.00119999999988003),.UNSPECIFIED.);
#64=B_SPLINE_SURFACE_WITH_KNOTS('',3,1,((#10593,#10594),(#10595,#10596),
(#10597,#10598),(#10599,#10600)),.UNSPECIFIED.,.F.,.F.,.F.,(4,4),(2,2),
(0.,1.),(0.,0.00119999999988003),.UNSPECIFIED.);
#65=B_SPLINE_SURFACE_WITH_KNOTS('',3,1,((#10607,#10608),(#10609,#10610),
(#10611,#10612),(#10613,#10614)),.UNSPECIFIED.,.F.,.F.,.F.,(4,4),(2,2),
(1.,2.),(0.,0.00119999999988003),.UNSPECIFIED.);
#66=B_SPLINE_SURFACE_WITH_KNOTS('',3,1,((#10618,#10619),(#10620,#10621),
(#10622,#10623),(#10624,#10625)),.UNSPECIFIED.,.F.,.F.,.F.,(4,4),(2,2),
(2.,3.),(0.,0.00119999999988003),.UNSPECIFIED.);
#67=B_SPLINE_SURFACE_WITH_KNOTS('',3,1,((#10632,#10633),(#10634,#10635),
(#10636,#10637),(#10638,#10639)),.UNSPECIFIED.,.F.,.F.,.F.,(4,4),(2,2),
(3.,4.),(0.,0.00119999999988003),.UNSPECIFIED.);
#68=B_SPLINE_SURFACE_WITH_KNOTS('',3,1,((#10778,#10779),(#10780,#10781),
(#10782,#10783),(#10784,#10785)),.UNSPECIFIED.,.F.,.F.,.F.,(4,4),(2,2),
(35.,36.),(0.,0.00119999999988003),.UNSPECIFIED.);
#69=B_SPLINE_SURFACE_WITH_KNOTS('',3,1,((#10788,#10789),(#10790,#10791),
(#10792,#10793),(#10794,#10795)),.UNSPECIFIED.,.F.,.F.,.F.,(4,4),(2,2),
(0.,1.),(0.,0.00119999999988003),.UNSPECIFIED.);
#70=B_SPLINE_SURFACE_WITH_KNOTS('',3,1,((#10797,#10798),(#10799,#10800),
(#10801,#10802),(#10803,#10804)),.UNSPECIFIED.,.F.,.F.,.F.,(4,4),(2,2),
(1.,2.),(0.,0.00119999999988003),.UNSPECIFIED.);
#71=B_SPLINE_SURFACE_WITH_KNOTS('',3,1,((#10806,#10807),(#10808,#10809),
(#10810,#10811),(#10812,#10813)),.UNSPECIFIED.,.F.,.F.,.F.,(4,4),(2,2),
(2.,3.),(0.,0.00119999999988003),.UNSPECIFIED.);
#72=B_SPLINE_SURFACE_WITH_KNOTS('',3,1,((#10815,#10816),(#10817,#10818),
(#10819,#10820),(#10821,#10822)),.UNSPECIFIED.,.F.,.F.,.F.,(4,4),(2,2),
(3.,4.),(0.,0.00119999999988003),.UNSPECIFIED.);
#73=B_SPLINE_SURFACE_WITH_KNOTS('',3,1,((#10824,#10825),(#10826,#10827),
(#10828,#10829),(#10830,#10831)),.UNSPECIFIED.,.F.,.F.,.F.,(4,4),(2,2),
(4.,5.),(0.,0.00119999999988003),.UNSPECIFIED.);
#74=B_SPLINE_SURFACE_WITH_KNOTS('',3,1,((#10833,#10834),(#10835,#10836),
(#10837,#10838),(#10839,#10840)),.UNSPECIFIED.,.F.,.F.,.F.,(4,4),(2,2),
(5.,6.),(0.,0.00119999999988003),.UNSPECIFIED.);
#75=B_SPLINE_SURFACE_WITH_KNOTS('',3,1,((#10842,#10843),(#10844,#10845),
(#10846,#10847),(#10848,#10849)),.UNSPECIFIED.,.F.,.F.,.F.,(4,4),(2,2),
(6.,7.),(0.,0.00119999999988003),.UNSPECIFIED.);
#76=B_SPLINE_SURFACE_WITH_KNOTS('',3,1,((#10851,#10852),(#10853,#10854),
(#10855,#10856),(#10857,#10858)),.UNSPECIFIED.,.F.,.F.,.F.,(4,4),(2,2),
(7.,8.),(0.,0.00119999999988003),.UNSPECIFIED.);
#77=B_SPLINE_SURFACE_WITH_KNOTS('',3,1,((#10860,#10861),(#10862,#10863),
(#10864,#10865),(#10866,#10867)),.UNSPECIFIED.,.F.,.F.,.F.,(4,4),(2,2),
(8.,9.),(0.,0.00119999999988003),.UNSPECIFIED.);
#78=B_SPLINE_SURFACE_WITH_KNOTS('',3,1,((#10869,#10870),(#10871,#10872),
(#10873,#10874),(#10875,#10876)),.UNSPECIFIED.,.F.,.F.,.F.,(4,4),(2,2),
(9.,10.),(0.,0.00119999999988003),.UNSPECIFIED.);
#79=B_SPLINE_SURFACE_WITH_KNOTS('',3,1,((#10878,#10879),(#10880,#10881),
(#10882,#10883),(#10884,#10885)),.UNSPECIFIED.,.F.,.F.,.F.,(4,4),(2,2),
(10.,11.),(0.,0.00119999999988003),.UNSPECIFIED.);
#80=B_SPLINE_SURFACE_WITH_KNOTS('',3,1,((#10895,#10896),(#10897,#10898),
(#10899,#10900),(#10901,#10902)),.UNSPECIFIED.,.F.,.F.,.F.,(4,4),(2,2),
(15.,16.),(0.,0.00119999999988003),.UNSPECIFIED.);
#81=B_SPLINE_SURFACE_WITH_KNOTS('',3,1,((#10904,#10905),(#10906,#10907),
(#10908,#10909),(#10910,#10911)),.UNSPECIFIED.,.F.,.F.,.F.,(4,4),(2,2),
(16.,17.),(0.,0.00119999999988003),.UNSPECIFIED.);
#82=B_SPLINE_SURFACE_WITH_KNOTS('',3,1,((#10913,#10914),(#10915,#10916),
(#10917,#10918),(#10919,#10920)),.UNSPECIFIED.,.F.,.F.,.F.,(4,4),(2,2),
(17.,18.),(0.,0.00119999999988003),.UNSPECIFIED.);
#83=B_SPLINE_SURFACE_WITH_KNOTS('',3,1,((#10922,#10923),(#10924,#10925),
(#10926,#10927),(#10928,#10929)),.UNSPECIFIED.,.F.,.F.,.F.,(4,4),(2,2),
(18.,19.),(0.,0.00119999999988003),.UNSPECIFIED.);
#84=B_SPLINE_SURFACE_WITH_KNOTS('',3,1,((#10931,#10932),(#10933,#10934),
(#10935,#10936),(#10937,#10938)),.UNSPECIFIED.,.F.,.F.,.F.,(4,4),(2,2),
(19.,20.),(0.,0.00119999999988003),.UNSPECIFIED.);
#85=B_SPLINE_SURFACE_WITH_KNOTS('',3,1,((#10940,#10941),(#10942,#10943),
(#10944,#10945),(#10946,#10947)),.UNSPECIFIED.,.F.,.F.,.F.,(4,4),(2,2),
(20.,21.),(0.,0.00119999999988003),.UNSPECIFIED.);
#86=B_SPLINE_SURFACE_WITH_KNOTS('',3,1,((#10949,#10950),(#10951,#10952),
(#10953,#10954),(#10955,#10956)),.UNSPECIFIED.,.F.,.F.,.F.,(4,4),(2,2),
(21.,22.),(0.,0.00119999999988003),.UNSPECIFIED.);
#87=B_SPLINE_SURFACE_WITH_KNOTS('',3,1,((#10960,#10961),(#10962,#10963),
(#10964,#10965),(#10966,#10967)),.UNSPECIFIED.,.F.,.F.,.F.,(4,4),(2,2),
(23.,24.),(0.,0.00119999999988003),.UNSPECIFIED.);
#88=B_SPLINE_SURFACE_WITH_KNOTS('',3,1,((#10969,#10970),(#10971,#10972),
(#10973,#10974),(#10975,#10976)),.UNSPECIFIED.,.F.,.F.,.F.,(4,4),(2,2),
(24.,25.),(0.,0.00119999999988003),.UNSPECIFIED.);
#89=B_SPLINE_SURFACE_WITH_KNOTS('',3,1,((#10980,#10981),(#10982,#10983),
(#10984,#10985),(#10986,#10987)),.UNSPECIFIED.,.F.,.F.,.F.,(4,4),(2,2),
(26.,27.),(0.,0.00119999999988003),.UNSPECIFIED.);
#90=B_SPLINE_SURFACE_WITH_KNOTS('',3,1,((#10989,#10990),(#10991,#10992),
(#10993,#10994),(#10995,#10996)),.UNSPECIFIED.,.F.,.F.,.F.,(4,4),(2,2),
(27.,28.),(0.,0.00119999999988003),.UNSPECIFIED.);
#91=B_SPLINE_SURFACE_WITH_KNOTS('',3,1,((#10998,#10999),(#11000,#11001),
(#11002,#11003),(#11004,#11005)),.UNSPECIFIED.,.F.,.F.,.F.,(4,4),(2,2),
(28.,29.),(0.,0.00119999999988003),.UNSPECIFIED.);
#92=B_SPLINE_SURFACE_WITH_KNOTS('',3,1,((#11009,#11010),(#11011,#11012),
(#11013,#11014),(#11015,#11016)),.UNSPECIFIED.,.F.,.F.,.F.,(4,4),(2,2),
(33.,34.),(0.,0.00119999999988003),.UNSPECIFIED.);
#93=B_SPLINE_SURFACE_WITH_KNOTS('',3,1,((#11018,#11019),(#11020,#11021),
(#11022,#11023),(#11024,#11025)),.UNSPECIFIED.,.F.,.F.,.F.,(4,4),(2,2),
(34.,35.),(0.,0.00119999999988003),.UNSPECIFIED.);
#94=B_SPLINE_SURFACE_WITH_KNOTS('',3,1,((#11026,#11027),(#11028,#11029),
(#11030,#11031),(#11032,#11033),(#11034,#11035),(#11036,#11037),(#11038,
#11039)),.UNSPECIFIED.,.F.,.F.,.F.,(4,3,4),(2,2),(0.,1.,2.),(0.,0.00119999999988003),
 .UNSPECIFIED.);
#95=B_SPLINE_SURFACE_WITH_KNOTS('',3,1,((#11051,#11052),(#11053,#11054),
(#11055,#11056),(#11057,#11058),(#11059,#11060),(#11061,#11062),(#11063,
#11064)),.UNSPECIFIED.,.F.,.F.,.F.,(4,3,4),(2,2),(2.,3.,4.),(0.,0.00119999999988003),
 .UNSPECIFIED.);
#96=B_SPLINE_SURFACE_WITH_KNOTS('',3,1,((#11107,#11108),(#11109,#11110),
(#11111,#11112),(#11113,#11114)),.UNSPECIFIED.,.F.,.F.,.F.,(4,4),(2,2),
(4.,5.),(0.,0.00119999999988003),.UNSPECIFIED.);
#97=B_SPLINE_SURFACE_WITH_KNOTS('',3,1,((#11117,#11118),(#11119,#11120),
(#11121,#11122),(#11123,#11124)),.UNSPECIFIED.,.F.,.F.,.F.,(4,4),(2,2),
(3.,4.),(0.,0.00119999999988003),.UNSPECIFIED.);
#98=B_SPLINE_SURFACE_WITH_KNOTS('',3,1,((#11126,#11127),(#11128,#11129),
(#11130,#11131),(#11132,#11133)),.UNSPECIFIED.,.F.,.F.,.F.,(4,4),(2,2),
(2.,3.),(0.,0.00119999999988003),.UNSPECIFIED.);
#99=B_SPLINE_SURFACE_WITH_KNOTS('',3,1,((#11141,#11142),(#11143,#11144),
(#11145,#11146),(#11147,#11148)),.UNSPECIFIED.,.F.,.F.,.F.,(4,4),(2,2),
(5.,6.),(0.,0.00119999999988003),.UNSPECIFIED.);
#100=B_SPLINE_SURFACE_WITH_KNOTS('',3,1,((#11149,#11150),(#11151,#11152),
(#11153,#11154),(#11155,#11156)),.UNSPECIFIED.,.F.,.F.,.F.,(4,4),(2,2),
(4.,5.),(0.,0.00119999999988003),.UNSPECIFIED.);
#101=B_SPLINE_SURFACE_WITH_KNOTS('',3,1,((#11162,#11163),(#11164,#11165),
(#11166,#11167),(#11168,#11169)),.UNSPECIFIED.,.F.,.F.,.F.,(4,4),(2,2),
(5.,6.),(0.,0.00119999999988003),.UNSPECIFIED.);
#102=B_SPLINE_SURFACE_WITH_KNOTS('',3,1,((#11185,#11186),(#11187,#11188),
(#11189,#11190),(#11191,#11192)),.UNSPECIFIED.,.F.,.F.,.F.,(4,4),(2,2),
(2.,3.),(0.,0.00119999999988003),.UNSPECIFIED.);
#103=B_SPLINE_SURFACE_WITH_KNOTS('',3,1,((#11196,#11197),(#11198,#11199),
(#11200,#11201),(#11202,#11203)),.UNSPECIFIED.,.F.,.F.,.F.,(4,4),(2,2),
(3.,4.),(0.,0.00119999999988003),.UNSPECIFIED.);
#104=B_SPLINE_SURFACE_WITH_KNOTS('',3,1,((#11206,#11207),(#11208,#11209),
(#11210,#11211),(#11212,#11213)),.UNSPECIFIED.,.F.,.F.,.F.,(4,4),(2,2),
(11.,12.),(0.,0.00119999999988003),.UNSPECIFIED.);
#105=B_SPLINE_SURFACE_WITH_KNOTS('',3,1,((#11219,#11220),(#11221,#11222),
(#11223,#11224),(#11225,#11226)),.UNSPECIFIED.,.F.,.F.,.F.,(4,4),(2,2),
(10.,11.),(0.,0.00119999999988003),.UNSPECIFIED.);
#106=B_SPLINE_SURFACE_WITH_KNOTS('',3,1,((#11233,#11234),(#11235,#11236),
(#11237,#11238),(#11239,#11240)),.UNSPECIFIED.,.F.,.F.,.F.,(4,4),(2,2),
(9.,10.),(0.,0.00119999999988003),.UNSPECIFIED.);
#107=B_SPLINE_SURFACE_WITH_KNOTS('',3,1,((#11247,#11248),(#11249,#11250),
(#11251,#11252),(#11253,#11254)),.UNSPECIFIED.,.F.,.F.,.F.,(4,4),(2,2),
(8.,9.),(0.,0.00119999999988003),.UNSPECIFIED.);
#108=B_SPLINE_SURFACE_WITH_KNOTS('',3,1,((#11261,#11262),(#11263,#11264),
(#11265,#11266),(#11267,#11268)),.UNSPECIFIED.,.F.,.F.,.F.,(4,4),(2,2),
(7.,8.),(0.,0.00119999999988003),.UNSPECIFIED.);
#109=B_SPLINE_SURFACE_WITH_KNOTS('',3,1,((#11279,#11280),(#11281,#11282),
(#11283,#11284),(#11285,#11286)),.UNSPECIFIED.,.F.,.F.,.F.,(4,4),(2,2),
(5.,6.),(0.,0.00119999999988003),.UNSPECIFIED.);
#110=B_SPLINE_SURFACE_WITH_KNOTS('',3,1,((#11290,#11291),(#11292,#11293),
(#11294,#11295),(#11296,#11297)),.UNSPECIFIED.,.F.,.F.,.F.,(4,4),(2,2),
(4.,5.),(0.,0.00119999999988003),.UNSPECIFIED.);
#111=B_SPLINE_SURFACE_WITH_KNOTS('',3,1,((#11304,#11305),(#11306,#11307),
(#11308,#11309),(#11310,#11311)),.UNSPECIFIED.,.F.,.F.,.F.,(4,4),(2,2),
(3.,4.),(0.,0.00119999999988003),.UNSPECIFIED.);
#112=B_SPLINE_SURFACE_WITH_KNOTS('',3,1,((#11318,#11319),(#11320,#11321),
(#11322,#11323),(#11324,#11325)),.UNSPECIFIED.,.F.,.F.,.F.,(4,4),(2,2),
(2.,3.),(0.,0.00119999999988003),.UNSPECIFIED.);
#113=B_SPLINE_SURFACE_WITH_KNOTS('',3,1,((#11329,#11330),(#11331,#11332),
(#11333,#11334),(#11335,#11336)),.UNSPECIFIED.,.F.,.F.,.F.,(4,4),(2,2),
(1.,2.),(0.,0.00119999999988003),.UNSPECIFIED.);
#114=B_SPLINE_SURFACE_WITH_KNOTS('',3,1,((#11343,#11344),(#11345,#11346),
(#11347,#11348),(#11349,#11350)),.UNSPECIFIED.,.F.,.F.,.F.,(4,4),(2,2),
(0.,1.),(0.,0.00119999999988003),.UNSPECIFIED.);
#115=B_SPLINE_SURFACE_WITH_KNOTS('',3,1,((#11361,#11362),(#11363,#11364),
(#11365,#11366),(#11367,#11368)),.UNSPECIFIED.,.F.,.F.,.F.,(4,4),(2,2),
(12.,13.),(0.,0.00119999999988003),.UNSPECIFIED.);
#116=B_SPLINE_SURFACE_WITH_KNOTS('',3,1,((#11422,#11423),(#11424,#11425),
(#11426,#11427),(#11428,#11429)),.UNSPECIFIED.,.F.,.F.,.F.,(4,4),(2,2),
(3.,4.),(0.,0.00119999999988003),.UNSPECIFIED.);
#117=B_SPLINE_SURFACE_WITH_KNOTS('',3,1,((#11450,#11451),(#11452,#11453),
(#11454,#11455),(#11456,#11457)),.UNSPECIFIED.,.F.,.F.,.F.,(4,4),(2,2),
(1.,2.),(0.,0.00119999999988003),.UNSPECIFIED.);
#118=B_SPLINE_SURFACE_WITH_KNOTS('',3,1,((#11616,#11617),(#11618,#11619),
(#11620,#11621),(#11622,#11623)),.UNSPECIFIED.,.F.,.F.,.F.,(4,4),(2,2),
(3.,4.),(0.,0.00119999999988003),.UNSPECIFIED.);
#119=B_SPLINE_SURFACE_WITH_KNOTS('',3,1,((#11644,#11645),(#11646,#11647),
(#11648,#11649),(#11650,#11651)),.UNSPECIFIED.,.F.,.F.,.F.,(4,4),(2,2),
(1.,2.),(0.,0.00119999999988003),.UNSPECIFIED.);
#120=CYLINDRICAL_SURFACE('',#7046,0.149999999999);
#121=CYLINDRICAL_SURFACE('',#7047,0.149999999999);
#122=CYLINDRICAL_SURFACE('',#7061,0.149999999999);
#123=CYLINDRICAL_SURFACE('',#7062,0.149999999999);
#124=CYLINDRICAL_SURFACE('',#7072,0.799999999999);
#125=CYLINDRICAL_SURFACE('',#7078,0.299999999999);
#126=CYLINDRICAL_SURFACE('',#7082,1.1);
#127=CYLINDRICAL_SURFACE('',#7100,0.799999999999);
#128=CYLINDRICAL_SURFACE('',#7106,0.299999999999);
#129=CYLINDRICAL_SURFACE('',#7110,1.1);
#130=CIRCLE('',#7013,0.149999999999);
#131=CIRCLE('',#7014,0.149999999999);
#132=CIRCLE('',#7021,0.149999999999);
#133=CIRCLE('',#7022,0.149999999999);
#134=CIRCLE('',#7036,0.149999999999);
#135=CIRCLE('',#7037,0.149999999999);
#136=CIRCLE('',#7051,0.149999999999);
#137=CIRCLE('',#7052,0.149999999999);
#138=CIRCLE('',#7073,0.799999999999);
#139=CIRCLE('',#7074,0.799999999999);
#140=CIRCLE('',#7079,0.299999999999);
#141=CIRCLE('',#7080,0.299999999999);
#142=CIRCLE('',#7083,1.1);
#143=CIRCLE('',#7084,1.1);
#144=CIRCLE('',#7101,0.799999999999);
#145=CIRCLE('',#7102,0.799999999999);
#146=CIRCLE('',#7107,0.299999999999);
#147=CIRCLE('',#7108,0.299999999999);
#148=CIRCLE('',#7111,1.1);
#149=CIRCLE('',#7112,1.1);
#150=FACE_BOUND('',#716,.T.);
#151=FACE_BOUND('',#717,.T.);
#152=FACE_BOUND('',#718,.T.);
#153=FACE_BOUND('',#719,.T.);
#154=FACE_BOUND('',#720,.T.);
#155=FACE_BOUND('',#721,.T.);
#156=FACE_BOUND('',#722,.T.);
#157=FACE_BOUND('',#723,.T.);
#158=FACE_BOUND('',#724,.T.);
#159=FACE_BOUND('',#725,.T.);
#160=FACE_BOUND('',#726,.T.);
#161=FACE_BOUND('',#727,.T.);
#162=FACE_BOUND('',#728,.T.);
#163=FACE_BOUND('',#730,.T.);
#164=FACE_BOUND('',#731,.T.);
#165=FACE_BOUND('',#751,.T.);
#166=FACE_BOUND('',#752,.T.);
#167=FACE_BOUND('',#855,.T.);
#168=FACE_BOUND('',#910,.T.);
#169=FACE_BOUND('',#935,.T.);
#170=FACE_BOUND('',#973,.T.);
#171=FACE_BOUND('',#1005,.T.);
#172=FACE_BOUND('',#1048,.T.);
#173=B_SPLINE_CURVE_WITH_KNOTS('',3,(#8811,#8812,#8813,#8814),
 .UNSPECIFIED.,.F.,.F.,(4,4),(12.,13.),.UNSPECIFIED.);
#174=B_SPLINE_CURVE_WITH_KNOTS('',3,(#8818,#8819,#8820,#8821),
 .UNSPECIFIED.,.F.,.F.,(4,4),(0.,1.),.UNSPECIFIED.);
#175=B_SPLINE_CURVE_WITH_KNOTS('',3,(#8823,#8824,#8825,#8826),
 .UNSPECIFIED.,.F.,.F.,(4,4),(1.,2.),.UNSPECIFIED.);
#176=B_SPLINE_CURVE_WITH_KNOTS('',3,(#8840,#8841,#8842,#8843),
 .UNSPECIFIED.,.F.,.F.,(4,4),(8.,9.),.UNSPECIFIED.);
#177=B_SPLINE_CURVE_WITH_KNOTS('',3,(#8844,#8845,#8846,#8847),
 .UNSPECIFIED.,.F.,.F.,(4,4),(9.,10.),.UNSPECIFIED.);
#178=B_SPLINE_CURVE_WITH_KNOTS('',3,(#8850,#8851,#8852,#8853),
 .UNSPECIFIED.,.F.,.F.,(4,4),(3.,4.),.UNSPECIFIED.);
#179=B_SPLINE_CURVE_WITH_KNOTS('',3,(#8864,#8865,#8866,#8867),
 .UNSPECIFIED.,.F.,.F.,(4,4),(2.,3.),.UNSPECIFIED.);
#180=B_SPLINE_CURVE_WITH_KNOTS('',3,(#8870,#8871,#8872,#8873),
 .UNSPECIFIED.,.F.,.F.,(4,4),(10.,11.),.UNSPECIFIED.);
#181=B_SPLINE_CURVE_WITH_KNOTS('',3,(#8881,#8882,#8883,#8884),
 .UNSPECIFIED.,.F.,.F.,(4,4),(0.,1.),.UNSPECIFIED.);
#182=B_SPLINE_CURVE_WITH_KNOTS('',3,(#8886,#8887,#8888,#8889),
 .UNSPECIFIED.,.F.,.F.,(4,4),(1.,2.),.UNSPECIFIED.);
#183=B_SPLINE_CURVE_WITH_KNOTS('',3,(#8893,#8894,#8895,#8896),
 .UNSPECIFIED.,.F.,.F.,(4,4),(3.,4.),.UNSPECIFIED.);
#184=B_SPLINE_CURVE_WITH_KNOTS('',3,(#8898,#8899,#8900,#8901),
 .UNSPECIFIED.,.F.,.F.,(4,4),(4.,5.),.UNSPECIFIED.);
#185=B_SPLINE_CURVE_WITH_KNOTS('',3,(#8907,#8908,#8909,#8910),
 .UNSPECIFIED.,.F.,.F.,(4,4),(7.,8.),.UNSPECIFIED.);
#186=B_SPLINE_CURVE_WITH_KNOTS('',3,(#8912,#8913,#8914,#8915),
 .UNSPECIFIED.,.F.,.F.,(4,4),(8.,9.),.UNSPECIFIED.);
#187=B_SPLINE_CURVE_WITH_KNOTS('',3,(#8916,#8917,#8918,#8919),
 .UNSPECIFIED.,.F.,.F.,(4,4),(9.,10.),.UNSPECIFIED.);
#188=B_SPLINE_CURVE_WITH_KNOTS('',3,(#9040,#9041,#9042,#9043),
 .UNSPECIFIED.,.F.,.F.,(4,4),(35.,36.),.UNSPECIFIED.);
#189=B_SPLINE_CURVE_WITH_KNOTS('',3,(#9051,#9052,#9053,#9054),
 .UNSPECIFIED.,.F.,.F.,(4,4),(0.,0.0107413912461552),.UNSPECIFIED.);
#190=B_SPLINE_CURVE_WITH_KNOTS('',3,(#9056,#9057,#9058,#9059),
 .UNSPECIFIED.,.F.,.F.,(4,4),(27.,28.),.UNSPECIFIED.);
#191=B_SPLINE_CURVE_WITH_KNOTS('',3,(#9061,#9062,#9063,#9064),
 .UNSPECIFIED.,.F.,.F.,(4,4),(26.,27.),.UNSPECIFIED.);
#192=B_SPLINE_CURVE_WITH_KNOTS('',3,(#9068,#9069,#9070,#9071),
 .UNSPECIFIED.,.F.,.F.,(4,4),(24.,25.),.UNSPECIFIED.);
#193=B_SPLINE_CURVE_WITH_KNOTS('',3,(#9073,#9074,#9075,#9076),
 .UNSPECIFIED.,.F.,.F.,(4,4),(23.,24.),.UNSPECIFIED.);
#194=B_SPLINE_CURVE_WITH_KNOTS('',3,(#9080,#9081,#9082,#9083),
 .UNSPECIFIED.,.F.,.F.,(4,4),(21.,22.),.UNSPECIFIED.);
#195=B_SPLINE_CURVE_WITH_KNOTS('',3,(#9085,#9086,#9087,#9088),
 .UNSPECIFIED.,.F.,.F.,(4,4),(20.,21.),.UNSPECIFIED.);
#196=B_SPLINE_CURVE_WITH_KNOTS('',3,(#9090,#9091,#9092,#9093),
 .UNSPECIFIED.,.F.,.F.,(4,4),(0.,0.0127548872899536),.UNSPECIFIED.);
#197=B_SPLINE_CURVE_WITH_KNOTS('',3,(#9095,#9096,#9097,#9098),
 .UNSPECIFIED.,.F.,.F.,(4,4),(18.,19.),.UNSPECIFIED.);
#198=B_SPLINE_CURVE_WITH_KNOTS('',3,(#9100,#9101,#9102,#9103),
 .UNSPECIFIED.,.F.,.F.,(4,4),(17.,18.),.UNSPECIFIED.);
#199=B_SPLINE_CURVE_WITH_KNOTS('',3,(#9105,#9106,#9107,#9108),
 .UNSPECIFIED.,.F.,.F.,(4,4),(16.,17.),.UNSPECIFIED.);
#200=B_SPLINE_CURVE_WITH_KNOTS('',3,(#9110,#9111,#9112,#9113),
 .UNSPECIFIED.,.F.,.F.,(4,4),(0.,0.0195190712348695),.UNSPECIFIED.);
#201=B_SPLINE_CURVE_WITH_KNOTS('',3,(#9123,#9124,#9125,#9126),
 .UNSPECIFIED.,.F.,.F.,(4,4),(10.,11.),.UNSPECIFIED.);
#202=B_SPLINE_CURVE_WITH_KNOTS('',3,(#9128,#9129,#9130,#9131),
 .UNSPECIFIED.,.F.,.F.,(4,4),(0.,0.0287409543120735),.UNSPECIFIED.);
#203=B_SPLINE_CURVE_WITH_KNOTS('',3,(#9141,#9142,#9143,#9144),
 .UNSPECIFIED.,.F.,.F.,(4,4),(4.,5.),.UNSPECIFIED.);
#204=B_SPLINE_CURVE_WITH_KNOTS('',3,(#9146,#9147,#9148,#9149),
 .UNSPECIFIED.,.F.,.F.,(4,4),(3.,4.),.UNSPECIFIED.);
#205=B_SPLINE_CURVE_WITH_KNOTS('',3,(#9152,#9153,#9154,#9155),
 .UNSPECIFIED.,.F.,.F.,(4,4),(0.,0.0342624777521596),.UNSPECIFIED.);
#206=B_SPLINE_CURVE_WITH_KNOTS('',3,(#9166,#9167,#9168,#9169),
 .UNSPECIFIED.,.F.,.F.,(4,4),(0.,1.),.UNSPECIFIED.);
#207=B_SPLINE_CURVE_WITH_KNOTS('',3,(#9173,#9174,#9175,#9176),
 .UNSPECIFIED.,.F.,.F.,(4,4),(2.,3.),.UNSPECIFIED.);
#208=B_SPLINE_CURVE_WITH_KNOTS('',3,(#9184,#9185,#9186,#9187),
 .UNSPECIFIED.,.F.,.F.,(4,4),(6.,7.),.UNSPECIFIED.);
#209=B_SPLINE_CURVE_WITH_KNOTS('',3,(#9189,#9190,#9191,#9192),
 .UNSPECIFIED.,.F.,.F.,(4,4),(7.,8.),.UNSPECIFIED.);
#210=B_SPLINE_CURVE_WITH_KNOTS('',3,(#9194,#9195,#9196,#9197),
 .UNSPECIFIED.,.F.,.F.,(4,4),(8.,9.),.UNSPECIFIED.);
#211=B_SPLINE_CURVE_WITH_KNOTS('',3,(#9201,#9202,#9203,#9204),
 .UNSPECIFIED.,.F.,.F.,(4,4),(10.,11.),.UNSPECIFIED.);
#212=B_SPLINE_CURVE_WITH_KNOTS('',3,(#9206,#9207,#9208,#9209),
 .UNSPECIFIED.,.F.,.F.,(4,4),(11.,12.),.UNSPECIFIED.);
#213=B_SPLINE_CURVE_WITH_KNOTS('',3,(#9213,#9214,#9215,#9216),
 .UNSPECIFIED.,.F.,.F.,(4,4),(13.,14.),.UNSPECIFIED.);
#214=B_SPLINE_CURVE_WITH_KNOTS('',3,(#9226,#9227,#9228,#9229),
 .UNSPECIFIED.,.F.,.F.,(4,4),(12.,13.),.UNSPECIFIED.);
#215=B_SPLINE_CURVE_WITH_KNOTS('',3,(#9237,#9238,#9239,#9240),
 .UNSPECIFIED.,.F.,.F.,(4,4),(1.,2.),.UNSPECIFIED.);
#216=B_SPLINE_CURVE_WITH_KNOTS('',3,(#9246,#9247,#9248,#9249),
 .UNSPECIFIED.,.F.,.F.,(4,4),(4.,5.),.UNSPECIFIED.);
#217=B_SPLINE_CURVE_WITH_KNOTS('',3,(#9251,#9252,#9253,#9254),
 .UNSPECIFIED.,.F.,.F.,(4,4),(5.,6.),.UNSPECIFIED.);
#218=B_SPLINE_CURVE_WITH_KNOTS('',3,(#9266,#9267,#9268,#9269),
 .UNSPECIFIED.,.F.,.F.,(4,4),(3.,4.),.UNSPECIFIED.);
#219=B_SPLINE_CURVE_WITH_KNOTS('',3,(#9280,#9281,#9282,#9283),
 .UNSPECIFIED.,.F.,.F.,(4,4),(2.,3.),.UNSPECIFIED.);
#220=B_SPLINE_CURVE_WITH_KNOTS('',3,(#9926,#9927,#9928,#9929),
 .UNSPECIFIED.,.F.,.F.,(4,4),(3.,4.),.UNSPECIFIED.);
#221=B_SPLINE_CURVE_WITH_KNOTS('',3,(#9931,#9932,#9933,#9934),
 .UNSPECIFIED.,.F.,.F.,(4,4),(2.,3.),.UNSPECIFIED.);
#222=B_SPLINE_CURVE_WITH_KNOTS('',3,(#10066,#10067,#10068,#10069),
 .UNSPECIFIED.,.F.,.F.,(4,4),(12.,13.),.UNSPECIFIED.);
#223=B_SPLINE_CURVE_WITH_KNOTS('',3,(#10105,#10106,#10107,#10108),
 .UNSPECIFIED.,.F.,.F.,(4,4),(5.,6.),.UNSPECIFIED.);
#224=B_SPLINE_CURVE_WITH_KNOTS('',3,(#10119,#10120,#10121,#10122),
 .UNSPECIFIED.,.F.,.F.,(4,4),(4.,5.),.UNSPECIFIED.);
#225=B_SPLINE_CURVE_WITH_KNOTS('',3,(#10148,#10149,#10150,#10151),
 .UNSPECIFIED.,.F.,.F.,(4,4),(1.,2.),.UNSPECIFIED.);
#226=B_SPLINE_CURVE_WITH_KNOTS('',3,(#10230,#10231,#10232,#10233),
 .UNSPECIFIED.,.F.,.F.,(4,4),(13.,14.),.UNSPECIFIED.);
#227=B_SPLINE_CURVE_WITH_KNOTS('',3,(#10255,#10256,#10257,#10258),
 .UNSPECIFIED.,.F.,.F.,(4,4),(11.,12.),.UNSPECIFIED.);
#228=B_SPLINE_CURVE_WITH_KNOTS('',3,(#10269,#10270,#10271,#10272),
 .UNSPECIFIED.,.F.,.F.,(4,4),(10.,11.),.UNSPECIFIED.);
#229=B_SPLINE_CURVE_WITH_KNOTS('',3,(#10287,#10288,#10289,#10290),
 .UNSPECIFIED.,.F.,.F.,(4,4),(8.,9.),.UNSPECIFIED.);
#230=B_SPLINE_CURVE_WITH_KNOTS('',3,(#10301,#10302,#10303,#10304),
 .UNSPECIFIED.,.F.,.F.,(4,4),(7.,8.),.UNSPECIFIED.);
#231=B_SPLINE_CURVE_WITH_KNOTS('',3,(#10315,#10316,#10317,#10318),
 .UNSPECIFIED.,.F.,.F.,(4,4),(6.,7.),.UNSPECIFIED.);
#232=B_SPLINE_CURVE_WITH_KNOTS('',3,(#10362,#10363,#10364,#10365),
 .UNSPECIFIED.,.F.,.F.,(4,4),(2.,3.),.UNSPECIFIED.);
#233=B_SPLINE_CURVE_WITH_KNOTS('',3,(#10387,#10388,#10389,#10390),
 .UNSPECIFIED.,.F.,.F.,(4,4),(0.,1.),.UNSPECIFIED.);
#234=B_SPLINE_CURVE_WITH_KNOTS('',3,(#10412,#10413,#10414,#10415),
 .UNSPECIFIED.,.F.,.F.,(4,4),(9.,10.),.UNSPECIFIED.);
#235=B_SPLINE_CURVE_WITH_KNOTS('',3,(#10417,#10418,#10419,#10420),
 .UNSPECIFIED.,.F.,.F.,(4,4),(8.,9.),.UNSPECIFIED.);
#236=B_SPLINE_CURVE_WITH_KNOTS('',3,(#10434,#10435,#10436,#10437),
 .UNSPECIFIED.,.F.,.F.,(4,4),(1.,2.),.UNSPECIFIED.);
#237=B_SPLINE_CURVE_WITH_KNOTS('',3,(#10439,#10440,#10441,#10442),
 .UNSPECIFIED.,.F.,.F.,(4,4),(0.,1.),.UNSPECIFIED.);
#238=B_SPLINE_CURVE_WITH_KNOTS('',3,(#10445,#10446,#10447,#10448),
 .UNSPECIFIED.,.F.,.F.,(4,4),(12.,13.),.UNSPECIFIED.);
#239=B_SPLINE_CURVE_WITH_KNOTS('',3,(#10455,#10456,#10457,#10458),
 .UNSPECIFIED.,.F.,.F.,(4,4),(2.,3.),.UNSPECIFIED.);
#240=B_SPLINE_CURVE_WITH_KNOTS('',3,(#10462,#10463,#10464,#10465),
 .UNSPECIFIED.,.F.,.F.,(4,4),(0.,1.),.UNSPECIFIED.);
#241=B_SPLINE_CURVE_WITH_KNOTS('',3,(#10470,#10471,#10472,#10473),
 .UNSPECIFIED.,.F.,.F.,(4,4),(5.,6.),.UNSPECIFIED.);
#242=B_SPLINE_CURVE_WITH_KNOTS('',3,(#10580,#10581,#10582,#10583),
 .UNSPECIFIED.,.F.,.F.,(4,4),(5.,6.),.UNSPECIFIED.);
#243=B_SPLINE_CURVE_WITH_KNOTS('',3,(#10602,#10603,#10604,#10605),
 .UNSPECIFIED.,.F.,.F.,(4,4),(0.,1.),.UNSPECIFIED.);
#244=B_SPLINE_CURVE_WITH_KNOTS('',3,(#10627,#10628,#10629,#10630),
 .UNSPECIFIED.,.F.,.F.,(4,4),(2.,3.),.UNSPECIFIED.);
#245=B_SPLINE_CURVE_WITH_KNOTS('',3,(#10645,#10646,#10647,#10648),
 .UNSPECIFIED.,.F.,.F.,(4,4),(35.,36.),.UNSPECIFIED.);
#246=B_SPLINE_CURVE_WITH_KNOTS('',3,(#10652,#10653,#10654,#10655),
 .UNSPECIFIED.,.F.,.F.,(4,4),(-0.0342526259520112,0.),.UNSPECIFIED.);
#247=B_SPLINE_CURVE_WITH_KNOTS('',3,(#10659,#10660,#10661,#10662),
 .UNSPECIFIED.,.F.,.F.,(4,4),(3.,4.),.UNSPECIFIED.);
#248=B_SPLINE_CURVE_WITH_KNOTS('',3,(#10664,#10665,#10666,#10667),
 .UNSPECIFIED.,.F.,.F.,(4,4),(4.,5.),.UNSPECIFIED.);
#249=B_SPLINE_CURVE_WITH_KNOTS('',3,(#10677,#10678,#10679,#10680),
 .UNSPECIFIED.,.F.,.F.,(4,4),(-0.0287705807258839,0.),.UNSPECIFIED.);
#250=B_SPLINE_CURVE_WITH_KNOTS('',3,(#10682,#10683,#10684,#10685),
 .UNSPECIFIED.,.F.,.F.,(4,4),(10.,11.),.UNSPECIFIED.);
#251=B_SPLINE_CURVE_WITH_KNOTS('',3,(#10695,#10696,#10697,#10698),
 .UNSPECIFIED.,.F.,.F.,(4,4),(-0.0195367634831474,0.),.UNSPECIFIED.);
#252=B_SPLINE_CURVE_WITH_KNOTS('',3,(#10700,#10701,#10702,#10703),
 .UNSPECIFIED.,.F.,.F.,(4,4),(16.,17.),.UNSPECIFIED.);
#253=B_SPLINE_CURVE_WITH_KNOTS('',3,(#10705,#10706,#10707,#10708),
 .UNSPECIFIED.,.F.,.F.,(4,4),(17.,18.),.UNSPECIFIED.);
#254=B_SPLINE_CURVE_WITH_KNOTS('',3,(#10710,#10711,#10712,#10713),
 .UNSPECIFIED.,.F.,.F.,(4,4),(18.,19.),.UNSPECIFIED.);
#255=B_SPLINE_CURVE_WITH_KNOTS('',3,(#10715,#10716,#10717,#10718),
 .UNSPECIFIED.,.F.,.F.,(4,4),(-0.0127039501449834,0.),.UNSPECIFIED.);
#256=B_SPLINE_CURVE_WITH_KNOTS('',3,(#10720,#10721,#10722,#10723),
 .UNSPECIFIED.,.F.,.F.,(4,4),(20.,21.),.UNSPECIFIED.);
#257=B_SPLINE_CURVE_WITH_KNOTS('',3,(#10725,#10726,#10727,#10728),
 .UNSPECIFIED.,.F.,.F.,(4,4),(21.,22.),.UNSPECIFIED.);
#258=B_SPLINE_CURVE_WITH_KNOTS('',3,(#10732,#10733,#10734,#10735),
 .UNSPECIFIED.,.F.,.F.,(4,4),(23.,24.),.UNSPECIFIED.);
#259=B_SPLINE_CURVE_WITH_KNOTS('',3,(#10737,#10738,#10739,#10740),
 .UNSPECIFIED.,.F.,.F.,(4,4),(24.,25.),.UNSPECIFIED.);
#260=B_SPLINE_CURVE_WITH_KNOTS('',3,(#10744,#10745,#10746,#10747),
 .UNSPECIFIED.,.F.,.F.,(4,4),(26.,27.),.UNSPECIFIED.);
#261=B_SPLINE_CURVE_WITH_KNOTS('',3,(#10749,#10750,#10751,#10752),
 .UNSPECIFIED.,.F.,.F.,(4,4),(27.,28.),.UNSPECIFIED.);
#262=B_SPLINE_CURVE_WITH_KNOTS('',3,(#10754,#10755,#10756,#10757),
 .UNSPECIFIED.,.F.,.F.,(4,4),(-0.0107416480871795,0.),.UNSPECIFIED.);
#263=B_SPLINE_CURVE_WITH_KNOTS('',3,(#10765,#10766,#10767,#10768,#10769,
#10770,#10771),.UNSPECIFIED.,.F.,.F.,(4,3,4),(0.,1.,2.),.UNSPECIFIED.);
#264=B_SPLINE_CURVE_WITH_KNOTS('',3,(#10772,#10773,#10774,#10775,#10776,
#10777),.UNSPECIFIED.,.F.,.F.,(4,2,4),(2.,3.,4.),.UNSPECIFIED.);
#265=B_SPLINE_CURVE_WITH_KNOTS('',3,(#11042,#11043,#11044,#11045,#11046,
#11047,#11048),.UNSPECIFIED.,.F.,.F.,(4,3,4),(0.,1.,2.),.UNSPECIFIED.);
#266=B_SPLINE_CURVE_WITH_KNOTS('',3,(#11065,#11066,#11067,#11068,#11069,
#11070),.UNSPECIFIED.,.F.,.F.,(4,2,4),(2.,3.,4.),.UNSPECIFIED.);
#267=B_SPLINE_CURVE_WITH_KNOTS('',3,(#11077,#11078,#11079,#11080),
 .UNSPECIFIED.,.F.,.F.,(4,4),(3.,4.),.UNSPECIFIED.);
#268=B_SPLINE_CURVE_WITH_KNOTS('',3,(#11082,#11083,#11084,#11085),
 .UNSPECIFIED.,.F.,.F.,(4,4),(2.,3.),.UNSPECIFIED.);
#269=B_SPLINE_CURVE_WITH_KNOTS('',3,(#11229,#11230,#11231,#11232),
 .UNSPECIFIED.,.F.,.F.,(4,4),(10.,11.),.UNSPECIFIED.);
#270=B_SPLINE_CURVE_WITH_KNOTS('',3,(#11243,#11244,#11245,#11246),
 .UNSPECIFIED.,.F.,.F.,(4,4),(9.,10.),.UNSPECIFIED.);
#271=B_SPLINE_CURVE_WITH_KNOTS('',3,(#11257,#11258,#11259,#11260),
 .UNSPECIFIED.,.F.,.F.,(4,4),(8.,9.),.UNSPECIFIED.);
#272=B_SPLINE_CURVE_WITH_KNOTS('',3,(#11271,#11272,#11273,#11274),
 .UNSPECIFIED.,.F.,.F.,(4,4),(7.,8.),.UNSPECIFIED.);
#273=B_SPLINE_CURVE_WITH_KNOTS('',3,(#11300,#11301,#11302,#11303),
 .UNSPECIFIED.,.F.,.F.,(4,4),(4.,5.),.UNSPECIFIED.);
#274=B_SPLINE_CURVE_WITH_KNOTS('',3,(#11314,#11315,#11316,#11317),
 .UNSPECIFIED.,.F.,.F.,(4,4),(3.,4.),.UNSPECIFIED.);
#275=B_SPLINE_CURVE_WITH_KNOTS('',3,(#11339,#11340,#11341,#11342),
 .UNSPECIFIED.,.F.,.F.,(4,4),(1.,2.),.UNSPECIFIED.);
#276=B_SPLINE_CURVE_WITH_KNOTS('',3,(#11353,#11354,#11355,#11356),
 .UNSPECIFIED.,.F.,.F.,(4,4),(0.,1.),.UNSPECIFIED.);
#277=B_SPLINE_CURVE_WITH_KNOTS('',3,(#11390,#11391,#11392,#11393),
 .UNSPECIFIED.,.F.,.F.,(4,4),(3.,4.),.UNSPECIFIED.);
#278=B_SPLINE_CURVE_WITH_KNOTS('',3,(#11397,#11398,#11399,#11400),
 .UNSPECIFIED.,.F.,.F.,(4,4),(1.,2.),.UNSPECIFIED.);
#279=B_SPLINE_CURVE_WITH_KNOTS('',3,(#11432,#11433,#11434,#11435),
 .UNSPECIFIED.,.F.,.F.,(4,4),(3.,4.),.UNSPECIFIED.);
#280=B_SPLINE_CURVE_WITH_KNOTS('',3,(#11459,#11460,#11461,#11462),
 .UNSPECIFIED.,.F.,.F.,(4,4),(1.,2.),.UNSPECIFIED.);
#281=B_SPLINE_CURVE_WITH_KNOTS('',3,(#11584,#11585,#11586,#11587),
 .UNSPECIFIED.,.F.,.F.,(4,4),(3.,4.),.UNSPECIFIED.);
#282=B_SPLINE_CURVE_WITH_KNOTS('',3,(#11591,#11592,#11593,#11594),
 .UNSPECIFIED.,.F.,.F.,(4,4),(1.,2.),.UNSPECIFIED.);
#283=B_SPLINE_CURVE_WITH_KNOTS('',3,(#11626,#11627,#11628,#11629),
 .UNSPECIFIED.,.F.,.F.,(4,4),(3.,4.),.UNSPECIFIED.);
#284=B_SPLINE_CURVE_WITH_KNOTS('',3,(#11653,#11654,#11655,#11656),
 .UNSPECIFIED.,.F.,.F.,(4,4),(1.,2.),.UNSPECIFIED.);
#285=ELLIPSE('',#6969,20.7358764969056,0.856510334240593);
#286=ELLIPSE('',#6970,6.66065384408273,0.688231208003023);
#287=ELLIPSE('',#6971,9.51286237557041,0.77684731016679);
#288=ELLIPSE('',#6972,42.5749255147284,2.47578799645638);
#289=ELLIPSE('',#6973,33.1903857730346,2.29864188140701);
#290=ELLIPSE('',#6974,10.6558065544756,1.03729652814019);
#291=ELLIPSE('',#6975,3.38529494729786,0.685216789884193);
#292=ELLIPSE('',#6976,16.9696190247603,1.55148623982704);
#293=ELLIPSE('',#6977,2.45531723554142,0.450516962823075);
#294=ELLIPSE('',#6978,0.465926197690406,0.390440594544498);
#295=ELLIPSE('',#6979,0.321917665463602,0.318362382086192);
#296=ELLIPSE('',#6980,0.394146719842908,0.352944895887848);
#297=ELLIPSE('',#6981,1.73682596458586,0.795718846252874);
#298=ELLIPSE('',#6982,0.36243111207384,0.348617014443336);
#299=ELLIPSE('',#6983,0.367939471117775,0.362833235417392);
#300=ELLIPSE('',#6984,0.429357238469154,0.397806451350207);
#301=ELLIPSE('',#6985,0.799687512757066,0.607751094156004);
#302=ELLIPSE('',#6986,2.8284723694167,0.390507988846048);
#303=ELLIPSE('',#6987,3.00665730022269,0.49871976145239);
#304=ELLIPSE('',#6988,8.0362967302241,0.955828122703613);
#305=ELLIPSE('',#6989,16.4741790988473,0.627857583139753);
#306=ELLIPSE('',#6990,0.499563926644132,0.0463292567389117);
#307=ELLIPSE('',#6991,1.26626576766661,0.142318833473293);
#308=ELLIPSE('',#6992,1.18650209132089,0.251759920367453);
#309=ELLIPSE('',#6993,0.256962593815878,0.0792275621305872);
#310=ELLIPSE('',#6994,2.35354936951443,0.0911603901819598);
#311=ELLIPSE('',#6995,0.658979237988433,0.113914257785573);
#312=ELLIPSE('',#6996,3.9257170592803,0.451458192543083);
#313=ELLIPSE('',#6997,0.127312535685831,0.0530418462308631);
#314=ELLIPSE('',#6998,42.574927848587,2.47578806440705);
#315=ELLIPSE('',#6999,33.1903867480588,2.29864191493678);
#316=ELLIPSE('',#7142,42.574927848587,2.47578806440705);
#317=ELLIPSE('',#7143,33.1903867480588,2.29864191493678);
#318=ELLIPSE('',#7144,26.0800798755664,1.72456959542317);
#319=ELLIPSE('',#7145,8.51423782766988,0.883076733212465);
#320=ELLIPSE('',#7146,13.2974470358653,1.17056181657326);
#321=ELLIPSE('',#7147,16.1406775169551,1.30885858777908);
#322=ELLIPSE('',#7151,8.51423782766988,0.883076733212465);
#323=ELLIPSE('',#7152,26.0800798755664,1.72456959542317);
#324=ELLIPSE('',#7156,16.1406775169551,1.30885858777908);
#325=ELLIPSE('',#7157,13.2974470358653,1.17056181657326);
#326=ELLIPSE('',#7166,0.127312535685831,0.0530418462308631);
#327=ELLIPSE('',#7171,3.00665730022269,0.49871976145239);
#328=ELLIPSE('',#7172,2.8284723694167,0.390507988846048);
#329=ELLIPSE('',#7173,3.9257170592803,0.451458192543083);
#330=ELLIPSE('',#7174,0.658979237988433,0.113914257785573);
#331=ELLIPSE('',#7175,2.35354936951443,0.0911603901819598);
#332=ELLIPSE('',#7176,0.256962593815878,0.0792275621305872);
#333=ELLIPSE('',#7178,1.18650209132089,0.251759920367453);
#334=ELLIPSE('',#7179,1.26626576766661,0.142318833473293);
#335=ELLIPSE('',#7180,0.499563926644132,0.0463292567389117);
#336=ELLIPSE('',#7181,16.4741790988473,0.627857583139753);
#337=ELLIPSE('',#7183,8.0362967302241,0.955828122703613);
#338=ELLIPSE('',#7186,20.7358764969056,0.856510334240593);
#339=ELLIPSE('',#7187,9.51286237557041,0.77684731016679);
#340=ELLIPSE('',#7188,6.66065384408273,0.688231208003023);
#341=ELLIPSE('',#7189,1.70461575704603,0.303620150299066);
#342=ELLIPSE('',#7190,1.50196279418529,0.237005588171834);
#343=ELLIPSE('',#7191,1.00504118982519,0.180779310344468);
#344=ELLIPSE('',#7198,1.70461575704603,0.303620150299066);
#345=ELLIPSE('',#7201,1.00504118982519,0.180779310344468);
#346=ELLIPSE('',#7202,1.50196279418529,0.237005588171834);
#347=ELLIPSE('',#7205,0.465926197690406,0.390440594544498);
#348=ELLIPSE('',#7206,0.799687512757066,0.607751094156004);
#349=ELLIPSE('',#7207,0.429357238469154,0.397806451350207);
#350=ELLIPSE('',#7208,0.367939471117775,0.362833235417392);
#351=ELLIPSE('',#7209,0.36243111207384,0.348617014443336);
#352=ELLIPSE('',#7210,1.73682596458586,0.795718846252874);
#353=ELLIPSE('',#7211,0.394146719842908,0.352944895887848);
#354=ELLIPSE('',#7212,0.321917665463602,0.318362382086192);
#355=ELLIPSE('',#7222,42.5749255147284,2.47578799645638);
#356=ELLIPSE('',#7223,33.1903857730346,2.29864188140701);
#357=ELLIPSE('',#7224,26.0800820326677,1.72456966664522);
#358=ELLIPSE('',#7225,8.5142373873265,0.883076710334466);
#359=ELLIPSE('',#7226,13.297446290083,1.17056178384146);
#360=ELLIPSE('',#7227,16.1406767641373,1.30885855739405);
#361=ELLIPSE('',#7231,8.5142373873265,0.883076710334466);
#362=ELLIPSE('',#7232,26.0800820326677,1.72456966664522);
#363=ELLIPSE('',#7236,16.1406767641373,1.30885855739405);
#364=ELLIPSE('',#7237,13.297446290083,1.17056178384146);
#365=ELLIPSE('',#7239,10.6558065544756,1.03729652814019);
#366=ELLIPSE('',#7241,2.45531723554142,0.450516962823075);
#367=ELLIPSE('',#7242,16.9696190247603,1.55148623982704);
#368=ELLIPSE('',#7244,3.38529494729786,0.685216789884193);
#369=FACE_OUTER_BOUND('',#715,.T.);
#370=FACE_OUTER_BOUND('',#729,.T.);
#371=FACE_OUTER_BOUND('',#732,.T.);
#372=FACE_OUTER_BOUND('',#733,.T.);
#373=FACE_OUTER_BOUND('',#734,.T.);
#374=FACE_OUTER_BOUND('',#735,.T.);
#375=FACE_OUTER_BOUND('',#736,.T.);
#376=FACE_OUTER_BOUND('',#737,.T.);
#377=FACE_OUTER_BOUND('',#738,.T.);
#378=FACE_OUTER_BOUND('',#739,.T.);
#379=FACE_OUTER_BOUND('',#740,.T.);
#380=FACE_OUTER_BOUND('',#741,.T.);
#381=FACE_OUTER_BOUND('',#742,.T.);
#382=FACE_OUTER_BOUND('',#743,.T.);
#383=FACE_OUTER_BOUND('',#744,.T.);
#384=FACE_OUTER_BOUND('',#745,.T.);
#385=FACE_OUTER_BOUND('',#746,.T.);
#386=FACE_OUTER_BOUND('',#747,.T.);
#387=FACE_OUTER_BOUND('',#748,.T.);
#388=FACE_OUTER_BOUND('',#749,.T.);
#389=FACE_OUTER_BOUND('',#750,.T.);
#390=FACE_OUTER_BOUND('',#753,.T.);
#391=FACE_OUTER_BOUND('',#754,.T.);
#392=FACE_OUTER_BOUND('',#755,.T.);
#393=FACE_OUTER_BOUND('',#756,.T.);
#394=FACE_OUTER_BOUND('',#757,.T.);
#395=FACE_OUTER_BOUND('',#758,.T.);
#396=FACE_OUTER_BOUND('',#759,.T.);
#397=FACE_OUTER_BOUND('',#760,.T.);
#398=FACE_OUTER_BOUND('',#761,.T.);
#399=FACE_OUTER_BOUND('',#762,.T.);
#400=FACE_OUTER_BOUND('',#763,.T.);
#401=FACE_OUTER_BOUND('',#764,.T.);
#402=FACE_OUTER_BOUND('',#765,.T.);
#403=FACE_OUTER_BOUND('',#766,.T.);
#404=FACE_OUTER_BOUND('',#767,.T.);
#405=FACE_OUTER_BOUND('',#768,.T.);
#406=FACE_OUTER_BOUND('',#769,.T.);
#407=FACE_OUTER_BOUND('',#770,.T.);
#408=FACE_OUTER_BOUND('',#771,.T.);
#409=FACE_OUTER_BOUND('',#772,.T.);
#410=FACE_OUTER_BOUND('',#773,.T.);
#411=FACE_OUTER_BOUND('',#774,.T.);
#412=FACE_OUTER_BOUND('',#775,.T.);
#413=FACE_OUTER_BOUND('',#776,.T.);
#414=FACE_OUTER_BOUND('',#777,.T.);
#415=FACE_OUTER_BOUND('',#778,.T.);
#416=FACE_OUTER_BOUND('',#779,.T.);
#417=FACE_OUTER_BOUND('',#780,.T.);
#418=FACE_OUTER_BOUND('',#781,.T.);
#419=FACE_OUTER_BOUND('',#782,.T.);
#420=FACE_OUTER_BOUND('',#783,.T.);
#421=FACE_OUTER_BOUND('',#784,.T.);
#422=FACE_OUTER_BOUND('',#785,.T.);
#423=FACE_OUTER_BOUND('',#786,.T.);
#424=FACE_OUTER_BOUND('',#787,.T.);
#425=FACE_OUTER_BOUND('',#788,.T.);
#426=FACE_OUTER_BOUND('',#789,.T.);
#427=FACE_OUTER_BOUND('',#790,.T.);
#428=FACE_OUTER_BOUND('',#791,.T.);
#429=FACE_OUTER_BOUND('',#792,.T.);
#430=FACE_OUTER_BOUND('',#793,.T.);
#431=FACE_OUTER_BOUND('',#794,.T.);
#432=FACE_OUTER_BOUND('',#795,.T.);
#433=FACE_OUTER_BOUND('',#796,.T.);
#434=FACE_OUTER_BOUND('',#797,.T.);
#435=FACE_OUTER_BOUND('',#798,.T.);
#436=FACE_OUTER_BOUND('',#799,.T.);
#437=FACE_OUTER_BOUND('',#800,.T.);
#438=FACE_OUTER_BOUND('',#801,.T.);
#439=FACE_OUTER_BOUND('',#802,.T.);
#440=FACE_OUTER_BOUND('',#803,.T.);
#441=FACE_OUTER_BOUND('',#804,.T.);
#442=FACE_OUTER_BOUND('',#805,.T.);
#443=FACE_OUTER_BOUND('',#806,.T.);
#444=FACE_OUTER_BOUND('',#807,.T.);
#445=FACE_OUTER_BOUND('',#808,.T.);
#446=FACE_OUTER_BOUND('',#809,.T.);
#447=FACE_OUTER_BOUND('',#810,.T.);
#448=FACE_OUTER_BOUND('',#811,.T.);
#449=FACE_OUTER_BOUND('',#812,.T.);
#450=FACE_OUTER_BOUND('',#813,.T.);
#451=FACE_OUTER_BOUND('',#814,.T.);
#452=FACE_OUTER_BOUND('',#815,.T.);
#453=FACE_OUTER_BOUND('',#816,.T.);
#454=FACE_OUTER_BOUND('',#817,.T.);
#455=FACE_OUTER_BOUND('',#818,.T.);
#456=FACE_OUTER_BOUND('',#819,.T.);
#457=FACE_OUTER_BOUND('',#820,.T.);
#458=FACE_OUTER_BOUND('',#821,.T.);
#459=FACE_OUTER_BOUND('',#822,.T.);
#460=FACE_OUTER_BOUND('',#823,.T.);
#461=FACE_OUTER_BOUND('',#824,.T.);
#462=FACE_OUTER_BOUND('',#825,.T.);
#463=FACE_OUTER_BOUND('',#826,.T.);
#464=FACE_OUTER_BOUND('',#827,.T.);
#465=FACE_OUTER_BOUND('',#828,.T.);
#466=FACE_OUTER_BOUND('',#829,.T.);
#467=FACE_OUTER_BOUND('',#830,.T.);
#468=FACE_OUTER_BOUND('',#831,.T.);
#469=FACE_OUTER_BOUND('',#832,.T.);
#470=FACE_OUTER_BOUND('',#833,.T.);
#471=FACE_OUTER_BOUND('',#834,.T.);
#472=FACE_OUTER_BOUND('',#835,.T.);
#473=FACE_OUTER_BOUND('',#836,.T.);
#474=FACE_OUTER_BOUND('',#837,.T.);
#475=FACE_OUTER_BOUND('',#838,.T.);
#476=FACE_OUTER_BOUND('',#839,.T.);
#477=FACE_OUTER_BOUND('',#840,.T.);
#478=FACE_OUTER_BOUND('',#841,.T.);
#479=FACE_OUTER_BOUND('',#842,.T.);
#480=FACE_OUTER_BOUND('',#843,.T.);
#481=FACE_OUTER_BOUND('',#844,.T.);
#482=FACE_OUTER_BOUND('',#845,.T.);
#483=FACE_OUTER_BOUND('',#846,.T.);
#484=FACE_OUTER_BOUND('',#847,.T.);
#485=FACE_OUTER_BOUND('',#848,.T.);
#486=FACE_OUTER_BOUND('',#849,.T.);
#487=FACE_OUTER_BOUND('',#850,.T.);
#488=FACE_OUTER_BOUND('',#851,.T.);
#489=FACE_OUTER_BOUND('',#852,.T.);
#490=FACE_OUTER_BOUND('',#853,.T.);
#491=FACE_OUTER_BOUND('',#854,.T.);
#492=FACE_OUTER_BOUND('',#856,.T.);
#493=FACE_OUTER_BOUND('',#857,.T.);
#494=FACE_OUTER_BOUND('',#858,.T.);
#495=FACE_OUTER_BOUND('',#859,.T.);
#496=FACE_OUTER_BOUND('',#860,.T.);
#497=FACE_OUTER_BOUND('',#861,.T.);
#498=FACE_OUTER_BOUND('',#862,.T.);
#499=FACE_OUTER_BOUND('',#863,.T.);
#500=FACE_OUTER_BOUND('',#864,.T.);
#501=FACE_OUTER_BOUND('',#865,.T.);
#502=FACE_OUTER_BOUND('',#866,.T.);
#503=FACE_OUTER_BOUND('',#867,.T.);
#504=FACE_OUTER_BOUND('',#868,.T.);
#505=FACE_OUTER_BOUND('',#869,.T.);
#506=FACE_OUTER_BOUND('',#870,.T.);
#507=FACE_OUTER_BOUND('',#871,.T.);
#508=FACE_OUTER_BOUND('',#872,.T.);
#509=FACE_OUTER_BOUND('',#873,.T.);
#510=FACE_OUTER_BOUND('',#874,.T.);
#511=FACE_OUTER_BOUND('',#875,.T.);
#512=FACE_OUTER_BOUND('',#876,.T.);
#513=FACE_OUTER_BOUND('',#877,.T.);
#514=FACE_OUTER_BOUND('',#878,.T.);
#515=FACE_OUTER_BOUND('',#879,.T.);
#516=FACE_OUTER_BOUND('',#880,.T.);
#517=FACE_OUTER_BOUND('',#881,.T.);
#518=FACE_OUTER_BOUND('',#882,.T.);
#519=FACE_OUTER_BOUND('',#883,.T.);
#520=FACE_OUTER_BOUND('',#884,.T.);
#521=FACE_OUTER_BOUND('',#885,.T.);
#522=FACE_OUTER_BOUND('',#886,.T.);
#523=FACE_OUTER_BOUND('',#887,.T.);
#524=FACE_OUTER_BOUND('',#888,.T.);
#525=FACE_OUTER_BOUND('',#889,.T.);
#526=FACE_OUTER_BOUND('',#890,.T.);
#527=FACE_OUTER_BOUND('',#891,.T.);
#528=FACE_OUTER_BOUND('',#892,.T.);
#529=FACE_OUTER_BOUND('',#893,.T.);
#530=FACE_OUTER_BOUND('',#894,.T.);
#531=FACE_OUTER_BOUND('',#895,.T.);
#532=FACE_OUTER_BOUND('',#896,.T.);
#533=FACE_OUTER_BOUND('',#897,.T.);
#534=FACE_OUTER_BOUND('',#898,.T.);
#535=FACE_OUTER_BOUND('',#899,.T.);
#536=FACE_OUTER_BOUND('',#900,.T.);
#537=FACE_OUTER_BOUND('',#901,.T.);
#538=FACE_OUTER_BOUND('',#902,.T.);
#539=FACE_OUTER_BOUND('',#903,.T.);
#540=FACE_OUTER_BOUND('',#904,.T.);
#541=FACE_OUTER_BOUND('',#905,.T.);
#542=FACE_OUTER_BOUND('',#906,.T.);
#543=FACE_OUTER_BOUND('',#907,.T.);
#544=FACE_OUTER_BOUND('',#908,.T.);
#545=FACE_OUTER_BOUND('',#909,.T.);
#546=FACE_OUTER_BOUND('',#911,.T.);
#547=FACE_OUTER_BOUND('',#912,.T.);
#548=FACE_OUTER_BOUND('',#913,.T.);
#549=FACE_OUTER_BOUND('',#914,.T.);
#550=FACE_OUTER_BOUND('',#915,.T.);
#551=FACE_OUTER_BOUND('',#916,.T.);
#552=FACE_OUTER_BOUND('',#917,.T.);
#553=FACE_OUTER_BOUND('',#918,.T.);
#554=FACE_OUTER_BOUND('',#919,.T.);
#555=FACE_OUTER_BOUND('',#920,.T.);
#556=FACE_OUTER_BOUND('',#921,.T.);
#557=FACE_OUTER_BOUND('',#922,.T.);
#558=FACE_OUTER_BOUND('',#923,.T.);
#559=FACE_OUTER_BOUND('',#924,.T.);
#560=FACE_OUTER_BOUND('',#925,.T.);
#561=FACE_OUTER_BOUND('',#926,.T.);
#562=FACE_OUTER_BOUND('',#927,.T.);
#563=FACE_OUTER_BOUND('',#928,.T.);
#564=FACE_OUTER_BOUND('',#929,.T.);
#565=FACE_OUTER_BOUND('',#930,.T.);
#566=FACE_OUTER_BOUND('',#931,.T.);
#567=FACE_OUTER_BOUND('',#932,.T.);
#568=FACE_OUTER_BOUND('',#933,.T.);
#569=FACE_OUTER_BOUND('',#934,.T.);
#570=FACE_OUTER_BOUND('',#936,.T.);
#571=FACE_OUTER_BOUND('',#937,.T.);
#572=FACE_OUTER_BOUND('',#938,.T.);
#573=FACE_OUTER_BOUND('',#939,.T.);
#574=FACE_OUTER_BOUND('',#940,.T.);
#575=FACE_OUTER_BOUND('',#941,.T.);
#576=FACE_OUTER_BOUND('',#942,.T.);
#577=FACE_OUTER_BOUND('',#943,.T.);
#578=FACE_OUTER_BOUND('',#944,.T.);
#579=FACE_OUTER_BOUND('',#945,.T.);
#580=FACE_OUTER_BOUND('',#946,.T.);
#581=FACE_OUTER_BOUND('',#947,.T.);
#582=FACE_OUTER_BOUND('',#948,.T.);
#583=FACE_OUTER_BOUND('',#949,.T.);
#584=FACE_OUTER_BOUND('',#950,.T.);
#585=FACE_OUTER_BOUND('',#951,.T.);
#586=FACE_OUTER_BOUND('',#952,.T.);
#587=FACE_OUTER_BOUND('',#953,.T.);
#588=FACE_OUTER_BOUND('',#954,.T.);
#589=FACE_OUTER_BOUND('',#955,.T.);
#590=FACE_OUTER_BOUND('',#956,.T.);
#591=FACE_OUTER_BOUND('',#957,.T.);
#592=FACE_OUTER_BOUND('',#958,.T.);
#593=FACE_OUTER_BOUND('',#959,.T.);
#594=FACE_OUTER_BOUND('',#960,.T.);
#595=FACE_OUTER_BOUND('',#961,.T.);
#596=FACE_OUTER_BOUND('',#962,.T.);
#597=FACE_OUTER_BOUND('',#963,.T.);
#598=FACE_OUTER_BOUND('',#964,.T.);
#599=FACE_OUTER_BOUND('',#965,.T.);
#600=FACE_OUTER_BOUND('',#966,.T.);
#601=FACE_OUTER_BOUND('',#967,.T.);
#602=FACE_OUTER_BOUND('',#968,.T.);
#603=FACE_OUTER_BOUND('',#969,.T.);
#604=FACE_OUTER_BOUND('',#970,.T.);
#605=FACE_OUTER_BOUND('',#971,.T.);
#606=FACE_OUTER_BOUND('',#972,.T.);
#607=FACE_OUTER_BOUND('',#974,.T.);
#608=FACE_OUTER_BOUND('',#975,.T.);
#609=FACE_OUTER_BOUND('',#976,.T.);
#610=FACE_OUTER_BOUND('',#977,.T.);
#611=FACE_OUTER_BOUND('',#978,.T.);
#612=FACE_OUTER_BOUND('',#979,.T.);
#613=FACE_OUTER_BOUND('',#980,.T.);
#614=FACE_OUTER_BOUND('',#981,.T.);
#615=FACE_OUTER_BOUND('',#982,.T.);
#616=FACE_OUTER_BOUND('',#983,.T.);
#617=FACE_OUTER_BOUND('',#984,.T.);
#618=FACE_OUTER_BOUND('',#985,.T.);
#619=FACE_OUTER_BOUND('',#986,.T.);
#620=FACE_OUTER_BOUND('',#987,.T.);
#621=FACE_OUTER_BOUND('',#988,.T.);
#622=FACE_OUTER_BOUND('',#989,.T.);
#623=FACE_OUTER_BOUND('',#990,.T.);
#624=FACE_OUTER_BOUND('',#991,.T.);
#625=FACE_OUTER_BOUND('',#992,.T.);
#626=FACE_OUTER_BOUND('',#993,.T.);
#627=FACE_OUTER_BOUND('',#994,.T.);
#628=FACE_OUTER_BOUND('',#995,.T.);
#629=FACE_OUTER_BOUND('',#996,.T.);
#630=FACE_OUTER_BOUND('',#997,.T.);
#631=FACE_OUTER_BOUND('',#998,.T.);
#632=FACE_OUTER_BOUND('',#999,.T.);
#633=FACE_OUTER_BOUND('',#1000,.T.);
#634=FACE_OUTER_BOUND('',#1001,.T.);
#635=FACE_OUTER_BOUND('',#1002,.T.);
#636=FACE_OUTER_BOUND('',#1003,.T.);
#637=FACE_OUTER_BOUND('',#1004,.T.);
#638=FACE_OUTER_BOUND('',#1006,.T.);
#639=FACE_OUTER_BOUND('',#1007,.T.);
#640=FACE_OUTER_BOUND('',#1008,.T.);
#641=FACE_OUTER_BOUND('',#1009,.T.);
#642=FACE_OUTER_BOUND('',#1010,.T.);
#643=FACE_OUTER_BOUND('',#1011,.T.);
#644=FACE_OUTER_BOUND('',#1012,.T.);
#645=FACE_OUTER_BOUND('',#1013,.T.);
#646=FACE_OUTER_BOUND('',#1014,.T.);
#647=FACE_OUTER_BOUND('',#1015,.T.);
#648=FACE_OUTER_BOUND('',#1016,.T.);
#649=FACE_OUTER_BOUND('',#1017,.T.);
#650=FACE_OUTER_BOUND('',#1018,.T.);
#651=FACE_OUTER_BOUND('',#1019,.T.);
#652=FACE_OUTER_BOUND('',#1020,.T.);
#653=FACE_OUTER_BOUND('',#1021,.T.);
#654=FACE_OUTER_BOUND('',#1022,.T.);
#655=FACE_OUTER_BOUND('',#1023,.T.);
#656=FACE_OUTER_BOUND('',#1024,.T.);
#657=FACE_OUTER_BOUND('',#1025,.T.);
#658=FACE_OUTER_BOUND('',#1026,.T.);
#659=FACE_OUTER_BOUND('',#1027,.T.);
#660=FACE_OUTER_BOUND('',#1028,.T.);
#661=FACE_OUTER_BOUND('',#1029,.T.);
#662=FACE_OUTER_BOUND('',#1030,.T.);
#663=FACE_OUTER_BOUND('',#1031,.T.);
#664=FACE_OUTER_BOUND('',#1032,.T.);
#665=FACE_OUTER_BOUND('',#1033,.T.);
#666=FACE_OUTER_BOUND('',#1034,.T.);
#667=FACE_OUTER_BOUND('',#1035,.T.);
#668=FACE_OUTER_BOUND('',#1036,.T.);
#669=FACE_OUTER_BOUND('',#1037,.T.);
#670=FACE_OUTER_BOUND('',#1038,.T.);
#671=FACE_OUTER_BOUND('',#1039,.T.);
#672=FACE_OUTER_BOUND('',#1040,.T.);
#673=FACE_OUTER_BOUND('',#1041,.T.);
#674=FACE_OUTER_BOUND('',#1042,.T.);
#675=FACE_OUTER_BOUND('',#1043,.T.);
#676=FACE_OUTER_BOUND('',#1044,.T.);
#677=FACE_OUTER_BOUND('',#1045,.T.);
#678=FACE_OUTER_BOUND('',#1046,.T.);
#679=FACE_OUTER_BOUND('',#1047,.T.);
#680=FACE_OUTER_BOUND('',#1049,.T.);
#681=FACE_OUTER_BOUND('',#1050,.T.);
#682=FACE_OUTER_BOUND('',#1051,.T.);
#683=FACE_OUTER_BOUND('',#1052,.T.);
#684=FACE_OUTER_BOUND('',#1053,.T.);
#685=FACE_OUTER_BOUND('',#1054,.T.);
#686=FACE_OUTER_BOUND('',#1055,.T.);
#687=FACE_OUTER_BOUND('',#1056,.T.);
#688=FACE_OUTER_BOUND('',#1057,.T.);
#689=FACE_OUTER_BOUND('',#1058,.T.);
#690=FACE_OUTER_BOUND('',#1059,.T.);
#691=FACE_OUTER_BOUND('',#1060,.T.);
#692=FACE_OUTER_BOUND('',#1061,.T.);
#693=FACE_OUTER_BOUND('',#1062,.T.);
#694=FACE_OUTER_BOUND('',#1063,.T.);
#695=FACE_OUTER_BOUND('',#1064,.T.);
#696=FACE_OUTER_BOUND('',#1065,.T.);
#697=FACE_OUTER_BOUND('',#1066,.T.);
#698=FACE_OUTER_BOUND('',#1067,.T.);
#699=FACE_OUTER_BOUND('',#1068,.T.);
#700=FACE_OUTER_BOUND('',#1069,.T.);
#701=FACE_OUTER_BOUND('',#1070,.T.);
#702=FACE_OUTER_BOUND('',#1071,.T.);
#703=FACE_OUTER_BOUND('',#1072,.T.);
#704=FACE_OUTER_BOUND('',#1073,.T.);
#705=FACE_OUTER_BOUND('',#1074,.T.);
#706=FACE_OUTER_BOUND('',#1075,.T.);
#707=FACE_OUTER_BOUND('',#1076,.T.);
#708=FACE_OUTER_BOUND('',#1077,.T.);
#709=FACE_OUTER_BOUND('',#1078,.T.);
#710=FACE_OUTER_BOUND('',#1079,.T.);
#711=FACE_OUTER_BOUND('',#1080,.T.);
#712=FACE_OUTER_BOUND('',#1081,.T.);
#713=FACE_OUTER_BOUND('',#1082,.T.);
#714=FACE_OUTER_BOUND('',#1083,.T.);
#715=EDGE_LOOP('',(#4123,#4124,#4125,#4126,#4127,#4128,#4129,#4130,#4131,
#4132,#4133,#4134,#4135,#4136,#4137,#4138));
#716=EDGE_LOOP('',(#4139,#4140,#4141,#4142,#4143,#4144,#4145,#4146,#4147,
#4148,#4149,#4150,#4151,#4152));
#717=EDGE_LOOP('',(#4153,#4154,#4155,#4156,#4157,#4158,#4159));
#718=EDGE_LOOP('',(#4160,#4161,#4162,#4163,#4164,#4165,#4166,#4167,#4168,
#4169,#4170,#4171,#4172,#4173));
#719=EDGE_LOOP('',(#4174,#4175,#4176,#4177,#4178,#4179,#4180,#4181));
#720=EDGE_LOOP('',(#4182,#4183,#4184,#4185,#4186,#4187,#4188,#4189,#4190,
#4191,#4192,#4193));
#721=EDGE_LOOP('',(#4194,#4195,#4196,#4197,#4198,#4199));
#722=EDGE_LOOP('',(#4200,#4201,#4202,#4203,#4204,#4205,#4206,#4207,#4208,
#4209,#4210,#4211));
#723=EDGE_LOOP('',(#4212,#4213,#4214,#4215,#4216,#4217,#4218,#4219,#4220,
#4221,#4222,#4223));
#724=EDGE_LOOP('',(#4224,#4225,#4226,#4227,#4228,#4229,#4230,#4231));
#725=EDGE_LOOP('',(#4232,#4233,#4234,#4235,#4236,#4237,#4238,#4239,#4240,
#4241,#4242,#4243,#4244,#4245,#4246,#4247,#4248,#4249,#4250,#4251,#4252,
#4253,#4254,#4255,#4256,#4257,#4258,#4259,#4260,#4261,#4262,#4263,#4264));
#726=EDGE_LOOP('',(#4265,#4266,#4267,#4268,#4269,#4270,#4271,#4272,#4273,
#4274,#4275,#4276,#4277,#4278,#4279,#4280,#4281,#4282,#4283,#4284,#4285));
#727=EDGE_LOOP('',(#4286,#4287,#4288,#4289,#4290,#4291,#4292,#4293,#4294,
#4295,#4296,#4297,#4298,#4299,#4300));
#728=EDGE_LOOP('',(#4301,#4302,#4303,#4304,#4305,#4306,#4307));
#729=EDGE_LOOP('',(#4308,#4309,#4310,#4311,#4312,#4313,#4314,#4315,#4316,
#4317,#4318,#4319,#4320,#4321,#4322,#4323));
#730=EDGE_LOOP('',(#4324,#4325,#4326,#4327));
#731=EDGE_LOOP('',(#4328,#4329,#4330,#4331));
#732=EDGE_LOOP('',(#4332,#4333,#4334,#4335,#4336,#4337,#4338,#4339));
#733=EDGE_LOOP('',(#4340,#4341,#4342,#4343,#4344,#4345));
#734=EDGE_LOOP('',(#4346,#4347,#4348,#4349,#4350,#4351));
#735=EDGE_LOOP('',(#4352,#4353,#4354,#4355,#4356,#4357,#4358,#4359,#4360,
#4361,#4362,#4363,#4364,#4365,#4366,#4367));
#736=EDGE_LOOP('',(#4368,#4369,#4370,#4371,#4372,#4373,#4374,#4375,#4376,
#4377,#4378,#4379,#4380,#4381));
#737=EDGE_LOOP('',(#4382,#4383,#4384,#4385,#4386,#4387,#4388,#4389,#4390,
#4391,#4392,#4393,#4394,#4395));
#738=EDGE_LOOP('',(#4396,#4397,#4398,#4399));
#739=EDGE_LOOP('',(#4400,#4401,#4402,#4403,#4404,#4405,#4406,#4407,#4408));
#740=EDGE_LOOP('',(#4409,#4410,#4411,#4412));
#741=EDGE_LOOP('',(#4413,#4414,#4415,#4416,#4417,#4418,#4419,#4420,#4421,
#4422,#4423,#4424));
#742=EDGE_LOOP('',(#4425,#4426,#4427,#4428,#4429,#4430,#4431,#4432));
#743=EDGE_LOOP('',(#4433,#4434,#4435,#4436,#4437,#4438,#4439,#4440,#4441,
#4442,#4443,#4444,#4445,#4446));
#744=EDGE_LOOP('',(#4447,#4448,#4449,#4450));
#745=EDGE_LOOP('',(#4451,#4452,#4453,#4454));
#746=EDGE_LOOP('',(#4455,#4456,#4457,#4458));
#747=EDGE_LOOP('',(#4459,#4460,#4461,#4462,#4463,#4464,#4465,#4466));
#748=EDGE_LOOP('',(#4467,#4468,#4469,#4470));
#749=EDGE_LOOP('',(#4471,#4472,#4473,#4474,#4475,#4476,#4477,#4478,#4479,
#4480,#4481,#4482,#4483,#4484));
#750=EDGE_LOOP('',(#4485,#4486,#4487,#4488,#4489,#4490,#4491,#4492,#4493,
#4494));
#751=EDGE_LOOP('',(#4495,#4496,#4497,#4498));
#752=EDGE_LOOP('',(#4499,#4500,#4501,#4502));
#753=EDGE_LOOP('',(#4503,#4504,#4505,#4506));
#754=EDGE_LOOP('',(#4507,#4508,#4509,#4510));
#755=EDGE_LOOP('',(#4511,#4512,#4513,#4514));
#756=EDGE_LOOP('',(#4515,#4516,#4517,#4518));
#757=EDGE_LOOP('',(#4519,#4520,#4521,#4522));
#758=EDGE_LOOP('',(#4523,#4524,#4525,#4526));
#759=EDGE_LOOP('',(#4527,#4528,#4529,#4530));
#760=EDGE_LOOP('',(#4531,#4532,#4533,#4534));
#761=EDGE_LOOP('',(#4535,#4536,#4537,#4538,#4539,#4540,#4541,#4542,#4543));
#762=EDGE_LOOP('',(#4544,#4545,#4546,#4547,#4548));
#763=EDGE_LOOP('',(#4549,#4550,#4551,#4552));
#764=EDGE_LOOP('',(#4553,#4554,#4555,#4556,#4557,#4558,#4559,#4560,#4561,
#4562,#4563,#4564));
#765=EDGE_LOOP('',(#4565,#4566,#4567,#4568));
#766=EDGE_LOOP('',(#4569,#4570,#4571,#4572));
#767=EDGE_LOOP('',(#4573,#4574,#4575,#4576));
#768=EDGE_LOOP('',(#4577,#4578,#4579,#4580));
#769=EDGE_LOOP('',(#4581,#4582,#4583,#4584));
#770=EDGE_LOOP('',(#4585,#4586,#4587,#4588));
#771=EDGE_LOOP('',(#4589,#4590,#4591,#4592));
#772=EDGE_LOOP('',(#4593,#4594,#4595,#4596));
#773=EDGE_LOOP('',(#4597,#4598,#4599,#4600));
#774=EDGE_LOOP('',(#4601,#4602,#4603,#4604));
#775=EDGE_LOOP('',(#4605,#4606,#4607,#4608,#4609));
#776=EDGE_LOOP('',(#4610,#4611,#4612,#4613));
#777=EDGE_LOOP('',(#4614,#4615,#4616,#4617,#4618,#4619,#4620,#4621,#4622,
#4623,#4624,#4625));
#778=EDGE_LOOP('',(#4626,#4627,#4628,#4629));
#779=EDGE_LOOP('',(#4630,#4631,#4632,#4633,#4634,#4635));
#780=EDGE_LOOP('',(#4636,#4637,#4638,#4639,#4640,#4641));
#781=EDGE_LOOP('',(#4642,#4643,#4644,#4645));
#782=EDGE_LOOP('',(#4646,#4647,#4648,#4649));
#783=EDGE_LOOP('',(#4650,#4651,#4652,#4653));
#784=EDGE_LOOP('',(#4654,#4655,#4656,#4657));
#785=EDGE_LOOP('',(#4658,#4659,#4660,#4661));
#786=EDGE_LOOP('',(#4662,#4663,#4664,#4665));
#787=EDGE_LOOP('',(#4666,#4667,#4668,#4669));
#788=EDGE_LOOP('',(#4670,#4671,#4672,#4673));
#789=EDGE_LOOP('',(#4674,#4675,#4676,#4677));
#790=EDGE_LOOP('',(#4678,#4679,#4680,#4681));
#791=EDGE_LOOP('',(#4682,#4683,#4684,#4685));
#792=EDGE_LOOP('',(#4686,#4687,#4688,#4689));
#793=EDGE_LOOP('',(#4690,#4691,#4692,#4693));
#794=EDGE_LOOP('',(#4694,#4695,#4696,#4697));
#795=EDGE_LOOP('',(#4698,#4699,#4700,#4701));
#796=EDGE_LOOP('',(#4702,#4703,#4704,#4705));
#797=EDGE_LOOP('',(#4706,#4707,#4708,#4709));
#798=EDGE_LOOP('',(#4710,#4711,#4712,#4713));
#799=EDGE_LOOP('',(#4714,#4715,#4716,#4717));
#800=EDGE_LOOP('',(#4718,#4719,#4720,#4721));
#801=EDGE_LOOP('',(#4722,#4723,#4724,#4725));
#802=EDGE_LOOP('',(#4726,#4727,#4728,#4729));
#803=EDGE_LOOP('',(#4730,#4731,#4732,#4733));
#804=EDGE_LOOP('',(#4734,#4735,#4736,#4737,#4738,#4739,#4740,#4741));
#805=EDGE_LOOP('',(#4742,#4743,#4744,#4745,#4746,#4747,#4748,#4749));
#806=EDGE_LOOP('',(#4750,#4751,#4752,#4753));
#807=EDGE_LOOP('',(#4754,#4755,#4756,#4757));
#808=EDGE_LOOP('',(#4758,#4759,#4760,#4761));
#809=EDGE_LOOP('',(#4762,#4763,#4764,#4765));
#810=EDGE_LOOP('',(#4766,#4767,#4768,#4769));
#811=EDGE_LOOP('',(#4770,#4771,#4772,#4773));
#812=EDGE_LOOP('',(#4774,#4775,#4776,#4777));
#813=EDGE_LOOP('',(#4778,#4779,#4780,#4781));
#814=EDGE_LOOP('',(#4782,#4783,#4784,#4785));
#815=EDGE_LOOP('',(#4786,#4787,#4788,#4789));
#816=EDGE_LOOP('',(#4790,#4791,#4792,#4793));
#817=EDGE_LOOP('',(#4794,#4795,#4796,#4797));
#818=EDGE_LOOP('',(#4798,#4799,#4800,#4801));
#819=EDGE_LOOP('',(#4802,#4803,#4804,#4805));
#820=EDGE_LOOP('',(#4806,#4807,#4808,#4809));
#821=EDGE_LOOP('',(#4810,#4811,#4812,#4813));
#822=EDGE_LOOP('',(#4814,#4815,#4816,#4817));
#823=EDGE_LOOP('',(#4818,#4819,#4820,#4821));
#824=EDGE_LOOP('',(#4822,#4823,#4824,#4825));
#825=EDGE_LOOP('',(#4826,#4827,#4828,#4829));
#826=EDGE_LOOP('',(#4830,#4831,#4832,#4833,#4834,#4835,#4836,#4837));
#827=EDGE_LOOP('',(#4838,#4839,#4840,#4841,#4842,#4843,#4844,#4845));
#828=EDGE_LOOP('',(#4846,#4847,#4848,#4849));
#829=EDGE_LOOP('',(#4850,#4851,#4852,#4853));
#830=EDGE_LOOP('',(#4854,#4855,#4856,#4857));
#831=EDGE_LOOP('',(#4858,#4859,#4860,#4861));
#832=EDGE_LOOP('',(#4862,#4863,#4864,#4865));
#833=EDGE_LOOP('',(#4866,#4867,#4868,#4869));
#834=EDGE_LOOP('',(#4870,#4871,#4872,#4873));
#835=EDGE_LOOP('',(#4874,#4875,#4876,#4877));
#836=EDGE_LOOP('',(#4878,#4879,#4880,#4881));
#837=EDGE_LOOP('',(#4882,#4883,#4884,#4885,#4886,#4887,#4888));
#838=EDGE_LOOP('',(#4889,#4890,#4891,#4892));
#839=EDGE_LOOP('',(#4893,#4894,#4895,#4896));
#840=EDGE_LOOP('',(#4897,#4898,#4899,#4900,#4901));
#841=EDGE_LOOP('',(#4902,#4903,#4904,#4905));
#842=EDGE_LOOP('',(#4906,#4907,#4908,#4909));
#843=EDGE_LOOP('',(#4910,#4911,#4912,#4913));
#844=EDGE_LOOP('',(#4914,#4915,#4916,#4917));
#845=EDGE_LOOP('',(#4918,#4919,#4920,#4921,#4922));
#846=EDGE_LOOP('',(#4923,#4924,#4925,#4926,#4927,#4928,#4929));
#847=EDGE_LOOP('',(#4930,#4931,#4932,#4933));
#848=EDGE_LOOP('',(#4934,#4935,#4936,#4937));
#849=EDGE_LOOP('',(#4938,#4939,#4940,#4941,#4942));
#850=EDGE_LOOP('',(#4943,#4944,#4945,#4946));
#851=EDGE_LOOP('',(#4947,#4948,#4949,#4950));
#852=EDGE_LOOP('',(#4951,#4952,#4953,#4954,#4955));
#853=EDGE_LOOP('',(#4956,#4957,#4958,#4959));
#854=EDGE_LOOP('',(#4960,#4961,#4962,#4963,#4964,#4965,#4966));
#855=EDGE_LOOP('',(#4967,#4968,#4969,#4970,#4971,#4972,#4973));
#856=EDGE_LOOP('',(#4974,#4975,#4976,#4977));
#857=EDGE_LOOP('',(#4978,#4979,#4980,#4981));
#858=EDGE_LOOP('',(#4982,#4983,#4984,#4985));
#859=EDGE_LOOP('',(#4986,#4987,#4988,#4989));
#860=EDGE_LOOP('',(#4990,#4991,#4992,#4993));
#861=EDGE_LOOP('',(#4994,#4995,#4996,#4997));
#862=EDGE_LOOP('',(#4998,#4999,#5000,#5001));
#863=EDGE_LOOP('',(#5002,#5003,#5004,#5005));
#864=EDGE_LOOP('',(#5006,#5007,#5008,#5009));
#865=EDGE_LOOP('',(#5010,#5011,#5012,#5013));
#866=EDGE_LOOP('',(#5014,#5015,#5016,#5017));
#867=EDGE_LOOP('',(#5018,#5019,#5020,#5021));
#868=EDGE_LOOP('',(#5022,#5023,#5024,#5025));
#869=EDGE_LOOP('',(#5026,#5027,#5028,#5029));
#870=EDGE_LOOP('',(#5030,#5031,#5032,#5033,#5034,#5035,#5036));
#871=EDGE_LOOP('',(#5037,#5038,#5039,#5040));
#872=EDGE_LOOP('',(#5041,#5042,#5043,#5044));
#873=EDGE_LOOP('',(#5045,#5046,#5047,#5048));
#874=EDGE_LOOP('',(#5049,#5050,#5051,#5052));
#875=EDGE_LOOP('',(#5053,#5054,#5055,#5056));
#876=EDGE_LOOP('',(#5057,#5058,#5059,#5060));
#877=EDGE_LOOP('',(#5061,#5062,#5063,#5064));
#878=EDGE_LOOP('',(#5065,#5066,#5067,#5068));
#879=EDGE_LOOP('',(#5069,#5070,#5071,#5072));
#880=EDGE_LOOP('',(#5073,#5074,#5075,#5076));
#881=EDGE_LOOP('',(#5077,#5078,#5079,#5080));
#882=EDGE_LOOP('',(#5081,#5082,#5083,#5084));
#883=EDGE_LOOP('',(#5085,#5086,#5087,#5088));
#884=EDGE_LOOP('',(#5089,#5090,#5091,#5092));
#885=EDGE_LOOP('',(#5093,#5094,#5095,#5096));
#886=EDGE_LOOP('',(#5097,#5098,#5099,#5100,#5101,#5102,#5103,#5104,#5105,
#5106,#5107,#5108,#5109,#5110,#5111));
#887=EDGE_LOOP('',(#5112,#5113,#5114,#5115));
#888=EDGE_LOOP('',(#5116,#5117,#5118,#5119));
#889=EDGE_LOOP('',(#5120,#5121,#5122,#5123));
#890=EDGE_LOOP('',(#5124,#5125,#5126,#5127));
#891=EDGE_LOOP('',(#5128,#5129,#5130,#5131));
#892=EDGE_LOOP('',(#5132,#5133,#5134,#5135));
#893=EDGE_LOOP('',(#5136,#5137,#5138,#5139));
#894=EDGE_LOOP('',(#5140,#5141,#5142,#5143));
#895=EDGE_LOOP('',(#5144,#5145,#5146,#5147));
#896=EDGE_LOOP('',(#5148,#5149,#5150,#5151));
#897=EDGE_LOOP('',(#5152,#5153,#5154,#5155));
#898=EDGE_LOOP('',(#5156,#5157,#5158,#5159));
#899=EDGE_LOOP('',(#5160,#5161,#5162,#5163));
#900=EDGE_LOOP('',(#5164,#5165,#5166,#5167));
#901=EDGE_LOOP('',(#5168,#5169,#5170,#5171));
#902=EDGE_LOOP('',(#5172,#5173,#5174,#5175));
#903=EDGE_LOOP('',(#5176,#5177,#5178,#5179));
#904=EDGE_LOOP('',(#5180,#5181,#5182,#5183));
#905=EDGE_LOOP('',(#5184,#5185,#5186,#5187));
#906=EDGE_LOOP('',(#5188,#5189,#5190,#5191));
#907=EDGE_LOOP('',(#5192,#5193,#5194,#5195));
#908=EDGE_LOOP('',(#5196,#5197,#5198,#5199,#5200,#5201,#5202,#5203,#5204,
#5205,#5206,#5207,#5208,#5209,#5210,#5211,#5212,#5213,#5214,#5215,#5216));
#909=EDGE_LOOP('',(#5217,#5218,#5219,#5220,#5221,#5222,#5223,#5224,#5225,
#5226,#5227,#5228,#5229,#5230));
#910=EDGE_LOOP('',(#5231,#5232,#5233,#5234,#5235,#5236,#5237,#5238));
#911=EDGE_LOOP('',(#5239,#5240,#5241,#5242));
#912=EDGE_LOOP('',(#5243,#5244,#5245,#5246));
#913=EDGE_LOOP('',(#5247,#5248,#5249,#5250));
#914=EDGE_LOOP('',(#5251,#5252,#5253,#5254));
#915=EDGE_LOOP('',(#5255,#5256,#5257,#5258));
#916=EDGE_LOOP('',(#5259,#5260,#5261,#5262));
#917=EDGE_LOOP('',(#5263,#5264,#5265,#5266));
#918=EDGE_LOOP('',(#5267,#5268,#5269,#5270));
#919=EDGE_LOOP('',(#5271,#5272,#5273,#5274));
#920=EDGE_LOOP('',(#5275,#5276,#5277,#5278));
#921=EDGE_LOOP('',(#5279,#5280,#5281,#5282));
#922=EDGE_LOOP('',(#5283,#5284,#5285,#5286));
#923=EDGE_LOOP('',(#5287,#5288,#5289,#5290));
#924=EDGE_LOOP('',(#5291,#5292,#5293,#5294));
#925=EDGE_LOOP('',(#5295,#5296,#5297,#5298));
#926=EDGE_LOOP('',(#5299,#5300,#5301,#5302));
#927=EDGE_LOOP('',(#5303,#5304,#5305,#5306));
#928=EDGE_LOOP('',(#5307,#5308,#5309,#5310));
#929=EDGE_LOOP('',(#5311,#5312,#5313,#5314));
#930=EDGE_LOOP('',(#5315,#5316,#5317,#5318));
#931=EDGE_LOOP('',(#5319,#5320,#5321,#5322));
#932=EDGE_LOOP('',(#5323,#5324,#5325,#5326));
#933=EDGE_LOOP('',(#5327,#5328,#5329,#5330,#5331,#5332,#5333,#5334));
#934=EDGE_LOOP('',(#5335,#5336,#5337,#5338,#5339,#5340,#5341,#5342,#5343,
#5344,#5345,#5346,#5347,#5348,#5349,#5350,#5351,#5352,#5353,#5354,#5355,
#5356,#5357,#5358,#5359,#5360,#5361,#5362,#5363,#5364,#5365,#5366,#5367));
#935=EDGE_LOOP('',(#5368,#5369));
#936=EDGE_LOOP('',(#5370,#5371,#5372,#5373));
#937=EDGE_LOOP('',(#5374,#5375,#5376,#5377));
#938=EDGE_LOOP('',(#5378,#5379,#5380,#5381));
#939=EDGE_LOOP('',(#5382,#5383,#5384,#5385));
#940=EDGE_LOOP('',(#5386,#5387,#5388,#5389));
#941=EDGE_LOOP('',(#5390,#5391,#5392,#5393));
#942=EDGE_LOOP('',(#5394,#5395,#5396,#5397));
#943=EDGE_LOOP('',(#5398,#5399,#5400,#5401));
#944=EDGE_LOOP('',(#5402,#5403,#5404,#5405));
#945=EDGE_LOOP('',(#5406,#5407,#5408,#5409));
#946=EDGE_LOOP('',(#5410,#5411,#5412,#5413));
#947=EDGE_LOOP('',(#5414,#5415,#5416,#5417));
#948=EDGE_LOOP('',(#5418,#5419,#5420,#5421));
#949=EDGE_LOOP('',(#5422,#5423,#5424,#5425));
#950=EDGE_LOOP('',(#5426,#5427,#5428,#5429));
#951=EDGE_LOOP('',(#5430,#5431,#5432,#5433));
#952=EDGE_LOOP('',(#5434,#5435,#5436,#5437));
#953=EDGE_LOOP('',(#5438,#5439,#5440,#5441));
#954=EDGE_LOOP('',(#5442,#5443,#5444,#5445));
#955=EDGE_LOOP('',(#5446,#5447,#5448,#5449));
#956=EDGE_LOOP('',(#5450,#5451,#5452,#5453));
#957=EDGE_LOOP('',(#5454,#5455,#5456,#5457));
#958=EDGE_LOOP('',(#5458,#5459,#5460,#5461));
#959=EDGE_LOOP('',(#5462,#5463,#5464,#5465));
#960=EDGE_LOOP('',(#5466,#5467,#5468,#5469));
#961=EDGE_LOOP('',(#5470,#5471,#5472,#5473));
#962=EDGE_LOOP('',(#5474,#5475,#5476,#5477));
#963=EDGE_LOOP('',(#5478,#5479,#5480,#5481));
#964=EDGE_LOOP('',(#5482,#5483,#5484,#5485));
#965=EDGE_LOOP('',(#5486,#5487,#5488,#5489));
#966=EDGE_LOOP('',(#5490,#5491,#5492,#5493));
#967=EDGE_LOOP('',(#5494,#5495,#5496,#5497));
#968=EDGE_LOOP('',(#5498,#5499,#5500,#5501));
#969=EDGE_LOOP('',(#5502,#5503,#5504,#5505));
#970=EDGE_LOOP('',(#5506,#5507,#5508,#5509));
#971=EDGE_LOOP('',(#5510,#5511));
#972=EDGE_LOOP('',(#5512,#5513,#5514,#5515,#5516,#5517,#5518));
#973=EDGE_LOOP('',(#5519,#5520,#5521,#5522,#5523,#5524,#5525));
#974=EDGE_LOOP('',(#5526,#5527,#5528,#5529));
#975=EDGE_LOOP('',(#5530,#5531,#5532,#5533));
#976=EDGE_LOOP('',(#5534,#5535,#5536,#5537));
#977=EDGE_LOOP('',(#5538,#5539,#5540,#5541));
#978=EDGE_LOOP('',(#5542,#5543,#5544,#5545));
#979=EDGE_LOOP('',(#5546,#5547,#5548,#5549));
#980=EDGE_LOOP('',(#5550,#5551,#5552,#5553));
#981=EDGE_LOOP('',(#5554,#5555,#5556,#5557));
#982=EDGE_LOOP('',(#5558,#5559,#5560,#5561));
#983=EDGE_LOOP('',(#5562,#5563,#5564,#5565));
#984=EDGE_LOOP('',(#5566,#5567,#5568,#5569));
#985=EDGE_LOOP('',(#5570,#5571,#5572,#5573));
#986=EDGE_LOOP('',(#5574,#5575,#5576,#5577));
#987=EDGE_LOOP('',(#5578,#5579,#5580,#5581));
#988=EDGE_LOOP('',(#5582,#5583,#5584,#5585,#5586,#5587,#5588));
#989=EDGE_LOOP('',(#5589,#5590,#5591,#5592));
#990=EDGE_LOOP('',(#5593,#5594,#5595,#5596));
#991=EDGE_LOOP('',(#5597,#5598,#5599,#5600));
#992=EDGE_LOOP('',(#5601,#5602,#5603,#5604));
#993=EDGE_LOOP('',(#5605,#5606,#5607,#5608));
#994=EDGE_LOOP('',(#5609,#5610,#5611,#5612));
#995=EDGE_LOOP('',(#5613,#5614,#5615,#5616));
#996=EDGE_LOOP('',(#5617,#5618,#5619,#5620));
#997=EDGE_LOOP('',(#5621,#5622,#5623,#5624));
#998=EDGE_LOOP('',(#5625,#5626,#5627,#5628));
#999=EDGE_LOOP('',(#5629,#5630,#5631,#5632));
#1000=EDGE_LOOP('',(#5633,#5634,#5635,#5636));
#1001=EDGE_LOOP('',(#5637,#5638,#5639,#5640));
#1002=EDGE_LOOP('',(#5641,#5642,#5643,#5644));
#1003=EDGE_LOOP('',(#5645,#5646,#5647,#5648,#5649,#5650,#5651,#5652,#5653,
#5654,#5655,#5656,#5657,#5658));
#1004=EDGE_LOOP('',(#5659,#5660,#5661,#5662,#5663,#5664,#5665,#5666));
#1005=EDGE_LOOP('',(#5667,#5668,#5669,#5670,#5671,#5672));
#1006=EDGE_LOOP('',(#5673,#5674,#5675,#5676));
#1007=EDGE_LOOP('',(#5677,#5678,#5679,#5680));
#1008=EDGE_LOOP('',(#5681,#5682,#5683,#5684));
#1009=EDGE_LOOP('',(#5685,#5686,#5687,#5688));
#1010=EDGE_LOOP('',(#5689,#5690,#5691,#5692));
#1011=EDGE_LOOP('',(#5693,#5694,#5695,#5696));
#1012=EDGE_LOOP('',(#5697,#5698,#5699,#5700));
#1013=EDGE_LOOP('',(#5701,#5702,#5703,#5704));
#1014=EDGE_LOOP('',(#5705,#5706,#5707,#5708));
#1015=EDGE_LOOP('',(#5709,#5710,#5711,#5712));
#1016=EDGE_LOOP('',(#5713,#5714,#5715,#5716));
#1017=EDGE_LOOP('',(#5717,#5718,#5719,#5720));
#1018=EDGE_LOOP('',(#5721,#5722,#5723,#5724));
#1019=EDGE_LOOP('',(#5725,#5726,#5727,#5728));
#1020=EDGE_LOOP('',(#5729,#5730,#5731,#5732,#5733,#5734));
#1021=EDGE_LOOP('',(#5735,#5736,#5737,#5738));
#1022=EDGE_LOOP('',(#5739,#5740,#5741,#5742));
#1023=EDGE_LOOP('',(#5743,#5744,#5745,#5746));
#1024=EDGE_LOOP('',(#5747,#5748,#5749,#5750));
#1025=EDGE_LOOP('',(#5751,#5752,#5753,#5754));
#1026=EDGE_LOOP('',(#5755,#5756,#5757,#5758));
#1027=EDGE_LOOP('',(#5759,#5760,#5761,#5762));
#1028=EDGE_LOOP('',(#5763,#5764,#5765,#5766));
#1029=EDGE_LOOP('',(#5767,#5768,#5769,#5770));
#1030=EDGE_LOOP('',(#5771,#5772,#5773,#5774));
#1031=EDGE_LOOP('',(#5775,#5776,#5777,#5778));
#1032=EDGE_LOOP('',(#5779,#5780,#5781,#5782));
#1033=EDGE_LOOP('',(#5783,#5784,#5785,#5786,#5787,#5788,#5789,#5790,#5791,
#5792,#5793,#5794));
#1034=EDGE_LOOP('',(#5795,#5796,#5797,#5798));
#1035=EDGE_LOOP('',(#5799,#5800,#5801,#5802));
#1036=EDGE_LOOP('',(#5803,#5804,#5805,#5806));
#1037=EDGE_LOOP('',(#5807,#5808,#5809,#5810));
#1038=EDGE_LOOP('',(#5811,#5812,#5813,#5814));
#1039=EDGE_LOOP('',(#5815,#5816,#5817,#5818));
#1040=EDGE_LOOP('',(#5819,#5820,#5821,#5822));
#1041=EDGE_LOOP('',(#5823,#5824,#5825,#5826));
#1042=EDGE_LOOP('',(#5827,#5828,#5829,#5830));
#1043=EDGE_LOOP('',(#5831,#5832,#5833,#5834));
#1044=EDGE_LOOP('',(#5835,#5836,#5837,#5838));
#1045=EDGE_LOOP('',(#5839,#5840,#5841,#5842));
#1046=EDGE_LOOP('',(#5843,#5844,#5845,#5846,#5847,#5848,#5849,#5850,#5851,
#5852,#5853,#5854));
#1047=EDGE_LOOP('',(#5855,#5856,#5857,#5858,#5859,#5860,#5861,#5862));
#1048=EDGE_LOOP('',(#5863,#5864,#5865,#5866,#5867,#5868));
#1049=EDGE_LOOP('',(#5869,#5870,#5871,#5872));
#1050=EDGE_LOOP('',(#5873,#5874,#5875,#5876));
#1051=EDGE_LOOP('',(#5877,#5878,#5879,#5880));
#1052=EDGE_LOOP('',(#5881,#5882,#5883,#5884));
#1053=EDGE_LOOP('',(#5885,#5886,#5887,#5888));
#1054=EDGE_LOOP('',(#5889,#5890,#5891,#5892));
#1055=EDGE_LOOP('',(#5893,#5894,#5895,#5896));
#1056=EDGE_LOOP('',(#5897,#5898,#5899,#5900));
#1057=EDGE_LOOP('',(#5901,#5902,#5903,#5904));
#1058=EDGE_LOOP('',(#5905,#5906,#5907,#5908));
#1059=EDGE_LOOP('',(#5909,#5910,#5911,#5912));
#1060=EDGE_LOOP('',(#5913,#5914,#5915,#5916));
#1061=EDGE_LOOP('',(#5917,#5918,#5919,#5920));
#1062=EDGE_LOOP('',(#5921,#5922,#5923,#5924));
#1063=EDGE_LOOP('',(#5925,#5926,#5927,#5928,#5929,#5930));
#1064=EDGE_LOOP('',(#5931,#5932,#5933,#5934));
#1065=EDGE_LOOP('',(#5935,#5936,#5937,#5938));
#1066=EDGE_LOOP('',(#5939,#5940,#5941,#5942));
#1067=EDGE_LOOP('',(#5943,#5944,#5945,#5946));
#1068=EDGE_LOOP('',(#5947,#5948,#5949,#5950));
#1069=EDGE_LOOP('',(#5951,#5952,#5953,#5954));
#1070=EDGE_LOOP('',(#5955,#5956,#5957,#5958));
#1071=EDGE_LOOP('',(#5959,#5960,#5961,#5962));
#1072=EDGE_LOOP('',(#5963,#5964,#5965,#5966));
#1073=EDGE_LOOP('',(#5967,#5968,#5969,#5970));
#1074=EDGE_LOOP('',(#5971,#5972,#5973,#5974));
#1075=EDGE_LOOP('',(#5975,#5976,#5977,#5978));
#1076=EDGE_LOOP('',(#5979,#5980,#5981,#5982,#5983,#5984,#5985,#5986,#5987,
#5988,#5989,#5990));
#1077=EDGE_LOOP('',(#5991,#5992,#5993,#5994));
#1078=EDGE_LOOP('',(#5995,#5996,#5997,#5998));
#1079=EDGE_LOOP('',(#5999,#6000,#6001,#6002));
#1080=EDGE_LOOP('',(#6003,#6004,#6005,#6006));
#1081=EDGE_LOOP('',(#6007,#6008,#6009,#6010));
#1082=EDGE_LOOP('',(#6011,#6012,#6013,#6014));
#1083=EDGE_LOOP('',(#6015,#6016,#6017,#6018,#6019,#6020));
#1084=LINE('',#8775,#1817);
#1085=LINE('',#8777,#1818);
#1086=LINE('',#8779,#1819);
#1087=LINE('',#8781,#1820);
#1088=LINE('',#8783,#1821);
#1089=LINE('',#8785,#1822);
#1090=LINE('',#8787,#1823);
#1091=LINE('',#8789,#1824);
#1092=LINE('',#8791,#1825);
#1093=LINE('',#8793,#1826);
#1094=LINE('',#8795,#1827);
#1095=LINE('',#8797,#1828);
#1096=LINE('',#8799,#1829);
#1097=LINE('',#8801,#1830);
#1098=LINE('',#8803,#1831);
#1099=LINE('',#8804,#1832);
#1100=LINE('',#8807,#1833);
#1101=LINE('',#8816,#1834);
#1102=LINE('',#8828,#1835);
#1103=LINE('',#8830,#1836);
#1104=LINE('',#8832,#1837);
#1105=LINE('',#8834,#1838);
#1106=LINE('',#8859,#1839);
#1107=LINE('',#8861,#1840);
#1108=LINE('',#8863,#1841);
#1109=LINE('',#8879,#1842);
#1110=LINE('',#8905,#1843);
#1111=LINE('',#8922,#1844);
#1112=LINE('',#8924,#1845);
#1113=LINE('',#8926,#1846);
#1114=LINE('',#8928,#1847);
#1115=LINE('',#8930,#1848);
#1116=LINE('',#8932,#1849);
#1117=LINE('',#8934,#1850);
#1118=LINE('',#8935,#1851);
#1119=LINE('',#8938,#1852);
#1120=LINE('',#8940,#1853);
#1121=LINE('',#8942,#1854);
#1122=LINE('',#8944,#1855);
#1123=LINE('',#8946,#1856);
#1124=LINE('',#8948,#1857);
#1125=LINE('',#8950,#1858);
#1126=LINE('',#8952,#1859);
#1127=LINE('',#8954,#1860);
#1128=LINE('',#8956,#1861);
#1129=LINE('',#8958,#1862);
#1130=LINE('',#8959,#1863);
#1131=LINE('',#8962,#1864);
#1132=LINE('',#8964,#1865);
#1133=LINE('',#8966,#1866);
#1134=LINE('',#8968,#1867);
#1135=LINE('',#8970,#1868);
#1136=LINE('',#8971,#1869);
#1137=LINE('',#8974,#1870);
#1138=LINE('',#8976,#1871);
#1139=LINE('',#8978,#1872);
#1140=LINE('',#8980,#1873);
#1141=LINE('',#8982,#1874);
#1142=LINE('',#8984,#1875);
#1143=LINE('',#8986,#1876);
#1144=LINE('',#8988,#1877);
#1145=LINE('',#8990,#1878);
#1146=LINE('',#8992,#1879);
#1147=LINE('',#8994,#1880);
#1148=LINE('',#8995,#1881);
#1149=LINE('',#8998,#1882);
#1150=LINE('',#9000,#1883);
#1151=LINE('',#9002,#1884);
#1152=LINE('',#9004,#1885);
#1153=LINE('',#9006,#1886);
#1154=LINE('',#9008,#1887);
#1155=LINE('',#9010,#1888);
#1156=LINE('',#9012,#1889);
#1157=LINE('',#9014,#1890);
#1158=LINE('',#9016,#1891);
#1159=LINE('',#9018,#1892);
#1160=LINE('',#9019,#1893);
#1161=LINE('',#9022,#1894);
#1162=LINE('',#9024,#1895);
#1163=LINE('',#9026,#1896);
#1164=LINE('',#9028,#1897);
#1165=LINE('',#9030,#1898);
#1166=LINE('',#9032,#1899);
#1167=LINE('',#9034,#1900);
#1168=LINE('',#9035,#1901);
#1169=LINE('',#9049,#1902);
#1170=LINE('',#9066,#1903);
#1171=LINE('',#9078,#1904);
#1172=LINE('',#9115,#1905);
#1173=LINE('',#9117,#1906);
#1174=LINE('',#9119,#1907);
#1175=LINE('',#9121,#1908);
#1176=LINE('',#9164,#1909);
#1177=LINE('',#9199,#1910);
#1178=LINE('',#9224,#1911);
#1179=LINE('',#9231,#1912);
#1180=LINE('',#9233,#1913);
#1181=LINE('',#9235,#1914);
#1182=LINE('',#9244,#1915);
#1183=LINE('',#9256,#1916);
#1184=LINE('',#9258,#1917);
#1185=LINE('',#9260,#1918);
#1186=LINE('',#9262,#1919);
#1187=LINE('',#9263,#1920);
#1188=LINE('',#9275,#1921);
#1189=LINE('',#9277,#1922);
#1190=LINE('',#9279,#1923);
#1191=LINE('',#9286,#1924);
#1192=LINE('',#9288,#1925);
#1193=LINE('',#9289,#1926);
#1194=LINE('',#9291,#1927);
#1195=LINE('',#9293,#1928);
#1196=LINE('',#9295,#1929);
#1197=LINE('',#9297,#1930);
#1198=LINE('',#9299,#1931);
#1199=LINE('',#9301,#1932);
#1200=LINE('',#9302,#1933);
#1201=LINE('',#9304,#1934);
#1202=LINE('',#9306,#1935);
#1203=LINE('',#9307,#1936);
#1204=LINE('',#9310,#1937);
#1205=LINE('',#9312,#1938);
#1206=LINE('',#9314,#1939);
#1207=LINE('',#9315,#1940);
#1208=LINE('',#9318,#1941);
#1209=LINE('',#9320,#1942);
#1210=LINE('',#9322,#1943);
#1211=LINE('',#9323,#1944);
#1212=LINE('',#9327,#1945);
#1213=LINE('',#9329,#1946);
#1214=LINE('',#9331,#1947);
#1215=LINE('',#9333,#1948);
#1216=LINE('',#9335,#1949);
#1217=LINE('',#9337,#1950);
#1218=LINE('',#9339,#1951);
#1219=LINE('',#9340,#1952);
#1220=LINE('',#9344,#1953);
#1221=LINE('',#9346,#1954);
#1222=LINE('',#9348,#1955);
#1223=LINE('',#9350,#1956);
#1224=LINE('',#9352,#1957);
#1225=LINE('',#9353,#1958);
#1226=LINE('',#9357,#1959);
#1227=LINE('',#9359,#1960);
#1228=LINE('',#9361,#1961);
#1229=LINE('',#9362,#1962);
#1230=LINE('',#9363,#1963);
#1231=LINE('',#9366,#1964);
#1232=LINE('',#9368,#1965);
#1233=LINE('',#9370,#1966);
#1234=LINE('',#9372,#1967);
#1235=LINE('',#9374,#1968);
#1236=LINE('',#9375,#1969);
#1237=LINE('',#9377,#1970);
#1238=LINE('',#9379,#1971);
#1239=LINE('',#9381,#1972);
#1240=LINE('',#9383,#1973);
#1241=LINE('',#9385,#1974);
#1242=LINE('',#9387,#1975);
#1243=LINE('',#9389,#1976);
#1244=LINE('',#9390,#1977);
#1245=LINE('',#9393,#1978);
#1246=LINE('',#9394,#1979);
#1247=LINE('',#9396,#1980);
#1248=LINE('',#9398,#1981);
#1249=LINE('',#9400,#1982);
#1250=LINE('',#9402,#1983);
#1251=LINE('',#9404,#1984);
#1252=LINE('',#9405,#1985);
#1253=LINE('',#9407,#1986);
#1254=LINE('',#9408,#1987);
#1255=LINE('',#9412,#1988);
#1256=LINE('',#9413,#1989);
#1257=LINE('',#9415,#1990);
#1258=LINE('',#9416,#1991);
#1259=LINE('',#9418,#1992);
#1260=LINE('',#9420,#1993);
#1261=LINE('',#9422,#1994);
#1262=LINE('',#9424,#1995);
#1263=LINE('',#9426,#1996);
#1264=LINE('',#9428,#1997);
#1265=LINE('',#9429,#1998);
#1266=LINE('',#9432,#1999);
#1267=LINE('',#9434,#2000);
#1268=LINE('',#9435,#2001);
#1269=LINE('',#9439,#2002);
#1270=LINE('',#9441,#2003);
#1271=LINE('',#9443,#2004);
#1272=LINE('',#9445,#2005);
#1273=LINE('',#9447,#2006);
#1274=LINE('',#9449,#2007);
#1275=LINE('',#9450,#2008);
#1276=LINE('',#9451,#2009);
#1277=LINE('',#9454,#2010);
#1278=LINE('',#9455,#2011);
#1279=LINE('',#9458,#2012);
#1280=LINE('',#9460,#2013);
#1281=LINE('',#9462,#2014);
#1282=LINE('',#9464,#2015);
#1283=LINE('',#9466,#2016);
#1284=LINE('',#9468,#2017);
#1285=LINE('',#9470,#2018);
#1286=LINE('',#9471,#2019);
#1287=LINE('',#9473,#2020);
#1288=LINE('',#9474,#2021);
#1289=LINE('',#9476,#2022);
#1290=LINE('',#9478,#2023);
#1291=LINE('',#9480,#2024);
#1292=LINE('',#9482,#2025);
#1293=LINE('',#9483,#2026);
#1294=LINE('',#9487,#2027);
#1295=LINE('',#9491,#2028);
#1296=LINE('',#9492,#2029);
#1297=LINE('',#9493,#2030);
#1298=LINE('',#9495,#2031);
#1299=LINE('',#9497,#2032);
#1300=LINE('',#9499,#2033);
#1301=LINE('',#9500,#2034);
#1302=LINE('',#9503,#2035);
#1303=LINE('',#9505,#2036);
#1304=LINE('',#9508,#2037);
#1305=LINE('',#9510,#2038);
#1306=LINE('',#9511,#2039);
#1307=LINE('',#9515,#2040);
#1308=LINE('',#9517,#2041);
#1309=LINE('',#9519,#2042);
#1310=LINE('',#9521,#2043);
#1311=LINE('',#9522,#2044);
#1312=LINE('',#9524,#2045);
#1313=LINE('',#9525,#2046);
#1314=LINE('',#9528,#2047);
#1315=LINE('',#9529,#2048);
#1316=LINE('',#9530,#2049);
#1317=LINE('',#9534,#2050);
#1318=LINE('',#9537,#2051);
#1319=LINE('',#9539,#2052);
#1320=LINE('',#9540,#2053);
#1321=LINE('',#9541,#2054);
#1322=LINE('',#9543,#2055);
#1323=LINE('',#9545,#2056);
#1324=LINE('',#9548,#2057);
#1325=LINE('',#9550,#2058);
#1326=LINE('',#9552,#2059);
#1327=LINE('',#9553,#2060);
#1328=LINE('',#9554,#2061);
#1329=LINE('',#9557,#2062);
#1330=LINE('',#9559,#2063);
#1331=LINE('',#9561,#2064);
#1332=LINE('',#9562,#2065);
#1333=LINE('',#9565,#2066);
#1334=LINE('',#9567,#2067);
#1335=LINE('',#9569,#2068);
#1336=LINE('',#9570,#2069);
#1337=LINE('',#9573,#2070);
#1338=LINE('',#9576,#2071);
#1339=LINE('',#9578,#2072);
#1340=LINE('',#9579,#2073);
#1341=LINE('',#9581,#2074);
#1342=LINE('',#9583,#2075);
#1343=LINE('',#9585,#2076);
#1344=LINE('',#9587,#2077);
#1345=LINE('',#9591,#2078);
#1346=LINE('',#9593,#2079);
#1347=LINE('',#9594,#2080);
#1348=LINE('',#9597,#2081);
#1349=LINE('',#9598,#2082);
#1350=LINE('',#9602,#2083);
#1351=LINE('',#9603,#2084);
#1352=LINE('',#9604,#2085);
#1353=LINE('',#9608,#2086);
#1354=LINE('',#9610,#2087);
#1355=LINE('',#9612,#2088);
#1356=LINE('',#9614,#2089);
#1357=LINE('',#9615,#2090);
#1358=LINE('',#9618,#2091);
#1359=LINE('',#9619,#2092);
#1360=LINE('',#9621,#2093);
#1361=LINE('',#9624,#2094);
#1362=LINE('',#9628,#2095);
#1363=LINE('',#9629,#2096);
#1364=LINE('',#9631,#2097);
#1365=LINE('',#9637,#2098);
#1366=LINE('',#9638,#2099);
#1367=LINE('',#9641,#2100);
#1368=LINE('',#9643,#2101);
#1369=LINE('',#9644,#2102);
#1370=LINE('',#9649,#2103);
#1371=LINE('',#9650,#2104);
#1372=LINE('',#9651,#2105);
#1373=LINE('',#9656,#2106);
#1374=LINE('',#9658,#2107);
#1375=LINE('',#9659,#2108);
#1376=LINE('',#9660,#2109);
#1377=LINE('',#9663,#2110);
#1378=LINE('',#9664,#2111);
#1379=LINE('',#9666,#2112);
#1380=LINE('',#9670,#2113);
#1381=LINE('',#9671,#2114);
#1382=LINE('',#9673,#2115);
#1383=LINE('',#9679,#2116);
#1384=LINE('',#9680,#2117);
#1385=LINE('',#9682,#2118);
#1386=LINE('',#9685,#2119);
#1387=LINE('',#9686,#2120);
#1388=LINE('',#9688,#2121);
#1389=LINE('',#9692,#2122);
#1390=LINE('',#9694,#2123);
#1391=LINE('',#9696,#2124);
#1392=LINE('',#9697,#2125);
#1393=LINE('',#9700,#2126);
#1394=LINE('',#9702,#2127);
#1395=LINE('',#9703,#2128);
#1396=LINE('',#9706,#2129);
#1397=LINE('',#9708,#2130);
#1398=LINE('',#9709,#2131);
#1399=LINE('',#9711,#2132);
#1400=LINE('',#9713,#2133);
#1401=LINE('',#9719,#2134);
#1402=LINE('',#9722,#2135);
#1403=LINE('',#9724,#2136);
#1404=LINE('',#9725,#2137);
#1405=LINE('',#9729,#2138);
#1406=LINE('',#9731,#2139);
#1407=LINE('',#9733,#2140);
#1408=LINE('',#9734,#2141);
#1409=LINE('',#9738,#2142);
#1410=LINE('',#9740,#2143);
#1411=LINE('',#9742,#2144);
#1412=LINE('',#9743,#2145);
#1413=LINE('',#9748,#2146);
#1414=LINE('',#9752,#2147);
#1415=LINE('',#9754,#2148);
#1416=LINE('',#9755,#2149);
#1417=LINE('',#9760,#2150);
#1418=LINE('',#9762,#2151);
#1419=LINE('',#9764,#2152);
#1420=LINE('',#9765,#2153);
#1421=LINE('',#9767,#2154);
#1422=LINE('',#9769,#2155);
#1423=LINE('',#9772,#2156);
#1424=LINE('',#9773,#2157);
#1425=LINE('',#9775,#2158);
#1426=LINE('',#9777,#2159);
#1427=LINE('',#9782,#2160);
#1428=LINE('',#9784,#2161);
#1429=LINE('',#9786,#2162);
#1430=LINE('',#9787,#2163);
#1431=LINE('',#9790,#2164);
#1432=LINE('',#9792,#2165);
#1433=LINE('',#9793,#2166);
#1434=LINE('',#9796,#2167);
#1435=LINE('',#9798,#2168);
#1436=LINE('',#9799,#2169);
#1437=LINE('',#9801,#2170);
#1438=LINE('',#9803,#2171);
#1439=LINE('',#9809,#2172);
#1440=LINE('',#9812,#2173);
#1441=LINE('',#9814,#2174);
#1442=LINE('',#9815,#2175);
#1443=LINE('',#9819,#2176);
#1444=LINE('',#9821,#2177);
#1445=LINE('',#9823,#2178);
#1446=LINE('',#9824,#2179);
#1447=LINE('',#9828,#2180);
#1448=LINE('',#9830,#2181);
#1449=LINE('',#9832,#2182);
#1450=LINE('',#9833,#2183);
#1451=LINE('',#9838,#2184);
#1452=LINE('',#9842,#2185);
#1453=LINE('',#9844,#2186);
#1454=LINE('',#9845,#2187);
#1455=LINE('',#9850,#2188);
#1456=LINE('',#9852,#2189);
#1457=LINE('',#9854,#2190);
#1458=LINE('',#9855,#2191);
#1459=LINE('',#9857,#2192);
#1460=LINE('',#9859,#2193);
#1461=LINE('',#9862,#2194);
#1462=LINE('',#9863,#2195);
#1463=LINE('',#9865,#2196);
#1464=LINE('',#9867,#2197);
#1465=LINE('',#9871,#2198);
#1466=LINE('',#9872,#2199);
#1467=LINE('',#9875,#2200);
#1468=LINE('',#9877,#2201);
#1469=LINE('',#9878,#2202);
#1470=LINE('',#9881,#2203);
#1471=LINE('',#9883,#2204);
#1472=LINE('',#9884,#2205);
#1473=LINE('',#9886,#2206);
#1474=LINE('',#9887,#2207);
#1475=LINE('',#9892,#2208);
#1476=LINE('',#9894,#2209);
#1477=LINE('',#9895,#2210);
#1478=LINE('',#9898,#2211);
#1479=LINE('',#9900,#2212);
#1480=LINE('',#9901,#2213);
#1481=LINE('',#9904,#2214);
#1482=LINE('',#9905,#2215);
#1483=LINE('',#9907,#2216);
#1484=LINE('',#9908,#2217);
#1485=LINE('',#9912,#2218);
#1486=LINE('',#9914,#2219);
#1487=LINE('',#9917,#2220);
#1488=LINE('',#9919,#2221);
#1489=LINE('',#9936,#2222);
#1490=LINE('',#9938,#2223);
#1491=LINE('',#9940,#2224);
#1492=LINE('',#9952,#2225);
#1493=LINE('',#9954,#2226);
#1494=LINE('',#9955,#2227);
#1495=LINE('',#9964,#2228);
#1496=LINE('',#9965,#2229);
#1497=LINE('',#9974,#2230);
#1498=LINE('',#9983,#2231);
#1499=LINE('',#9985,#2232);
#1500=LINE('',#9987,#2233);
#1501=LINE('',#9989,#2234);
#1502=LINE('',#10009,#2235);
#1503=LINE('',#10010,#2236);
#1504=LINE('',#10021,#2237);
#1505=LINE('',#10024,#2238);
#1506=LINE('',#10025,#2239);
#1507=LINE('',#10028,#2240);
#1508=LINE('',#10029,#2241);
#1509=LINE('',#10032,#2242);
#1510=LINE('',#10033,#2243);
#1511=LINE('',#10044,#2244);
#1512=LINE('',#10064,#2245);
#1513=LINE('',#10070,#2246);
#1514=LINE('',#10073,#2247);
#1515=LINE('',#10074,#2248);
#1516=LINE('',#10077,#2249);
#1517=LINE('',#10078,#2250);
#1518=LINE('',#10081,#2251);
#1519=LINE('',#10082,#2252);
#1520=LINE('',#10085,#2253);
#1521=LINE('',#10086,#2254);
#1522=LINE('',#10089,#2255);
#1523=LINE('',#10090,#2256);
#1524=LINE('',#10093,#2257);
#1525=LINE('',#10094,#2258);
#1526=LINE('',#10104,#2259);
#1527=LINE('',#10118,#2260);
#1528=LINE('',#10125,#2261);
#1529=LINE('',#10126,#2262);
#1530=LINE('',#10136,#2263);
#1531=LINE('',#10147,#2264);
#1532=LINE('',#10154,#2265);
#1533=LINE('',#10155,#2266);
#1534=LINE('',#10158,#2267);
#1535=LINE('',#10159,#2268);
#1536=LINE('',#10161,#2269);
#1537=LINE('',#10172,#2270);
#1538=LINE('',#10175,#2271);
#1539=LINE('',#10185,#2272);
#1540=LINE('',#10196,#2273);
#1541=LINE('',#10207,#2274);
#1542=LINE('',#10218,#2275);
#1543=LINE('',#10229,#2276);
#1544=LINE('',#10243,#2277);
#1545=LINE('',#10254,#2278);
#1546=LINE('',#10268,#2279);
#1547=LINE('',#10275,#2280);
#1548=LINE('',#10276,#2281);
#1549=LINE('',#10286,#2282);
#1550=LINE('',#10300,#2283);
#1551=LINE('',#10314,#2284);
#1552=LINE('',#10328,#2285);
#1553=LINE('',#10339,#2286);
#1554=LINE('',#10350,#2287);
#1555=LINE('',#10361,#2288);
#1556=LINE('',#10375,#2289);
#1557=LINE('',#10386,#2290);
#1558=LINE('',#10393,#2291);
#1559=LINE('',#10394,#2292);
#1560=LINE('',#10410,#2293);
#1561=LINE('',#10426,#2294);
#1562=LINE('',#10428,#2295);
#1563=LINE('',#10430,#2296);
#1564=LINE('',#10432,#2297);
#1565=LINE('',#10444,#2298);
#1566=LINE('',#10467,#2299);
#1567=LINE('',#10469,#2300);
#1568=LINE('',#10482,#2301);
#1569=LINE('',#10483,#2302);
#1570=LINE('',#10485,#2303);
#1571=LINE('',#10494,#2304);
#1572=LINE('',#10503,#2305);
#1573=LINE('',#10512,#2306);
#1574=LINE('',#10521,#2307);
#1575=LINE('',#10523,#2308);
#1576=LINE('',#10525,#2309);
#1577=LINE('',#10527,#2310);
#1578=LINE('',#10529,#2311);
#1579=LINE('',#10538,#2312);
#1580=LINE('',#10547,#2313);
#1581=LINE('',#10549,#2314);
#1582=LINE('',#10569,#2315);
#1583=LINE('',#10570,#2316);
#1584=LINE('',#10584,#2317);
#1585=LINE('',#10587,#2318);
#1586=LINE('',#10588,#2319);
#1587=LINE('',#10591,#2320);
#1588=LINE('',#10592,#2321);
#1589=LINE('',#10606,#2322);
#1590=LINE('',#10617,#2323);
#1591=LINE('',#10631,#2324);
#1592=LINE('',#10687,#2325);
#1593=LINE('',#10689,#2326);
#1594=LINE('',#10691,#2327);
#1595=LINE('',#10693,#2328);
#1596=LINE('',#10730,#2329);
#1597=LINE('',#10742,#2330);
#1598=LINE('',#10759,#2331);
#1599=LINE('',#10786,#2332);
#1600=LINE('',#10787,#2333);
#1601=LINE('',#10796,#2334);
#1602=LINE('',#10805,#2335);
#1603=LINE('',#10814,#2336);
#1604=LINE('',#10823,#2337);
#1605=LINE('',#10832,#2338);
#1606=LINE('',#10841,#2339);
#1607=LINE('',#10850,#2340);
#1608=LINE('',#10859,#2341);
#1609=LINE('',#10868,#2342);
#1610=LINE('',#10877,#2343);
#1611=LINE('',#10886,#2344);
#1612=LINE('',#10888,#2345);
#1613=LINE('',#10890,#2346);
#1614=LINE('',#10892,#2347);
#1615=LINE('',#10894,#2348);
#1616=LINE('',#10903,#2349);
#1617=LINE('',#10912,#2350);
#1618=LINE('',#10921,#2351);
#1619=LINE('',#10930,#2352);
#1620=LINE('',#10939,#2353);
#1621=LINE('',#10948,#2354);
#1622=LINE('',#10957,#2355);
#1623=LINE('',#10959,#2356);
#1624=LINE('',#10968,#2357);
#1625=LINE('',#10977,#2358);
#1626=LINE('',#10979,#2359);
#1627=LINE('',#10988,#2360);
#1628=LINE('',#10997,#2361);
#1629=LINE('',#11006,#2362);
#1630=LINE('',#11008,#2363);
#1631=LINE('',#11017,#2364);
#1632=LINE('',#11049,#2365);
#1633=LINE('',#11050,#2366);
#1634=LINE('',#11087,#2367);
#1635=LINE('',#11089,#2368);
#1636=LINE('',#11091,#2369);
#1637=LINE('',#11103,#2370);
#1638=LINE('',#11105,#2371);
#1639=LINE('',#11106,#2372);
#1640=LINE('',#11115,#2373);
#1641=LINE('',#11116,#2374);
#1642=LINE('',#11125,#2375);
#1643=LINE('',#11134,#2376);
#1644=LINE('',#11136,#2377);
#1645=LINE('',#11138,#2378);
#1646=LINE('',#11140,#2379);
#1647=LINE('',#11160,#2380);
#1648=LINE('',#11161,#2381);
#1649=LINE('',#11172,#2382);
#1650=LINE('',#11175,#2383);
#1651=LINE('',#11176,#2384);
#1652=LINE('',#11179,#2385);
#1653=LINE('',#11180,#2386);
#1654=LINE('',#11183,#2387);
#1655=LINE('',#11184,#2388);
#1656=LINE('',#11195,#2389);
#1657=LINE('',#11215,#2390);
#1658=LINE('',#11218,#2391);
#1659=LINE('',#11228,#2392);
#1660=LINE('',#11242,#2393);
#1661=LINE('',#11256,#2394);
#1662=LINE('',#11270,#2395);
#1663=LINE('',#11277,#2396);
#1664=LINE('',#11278,#2397);
#1665=LINE('',#11288,#2398);
#1666=LINE('',#11299,#2399);
#1667=LINE('',#11313,#2400);
#1668=LINE('',#11327,#2401);
#1669=LINE('',#11338,#2402);
#1670=LINE('',#11352,#2403);
#1671=LINE('',#11359,#2404);
#1672=LINE('',#11360,#2405);
#1673=LINE('',#11374,#2406);
#1674=LINE('',#11376,#2407);
#1675=LINE('',#11378,#2408);
#1676=LINE('',#11380,#2409);
#1677=LINE('',#11382,#2410);
#1678=LINE('',#11384,#2411);
#1679=LINE('',#11386,#2412);
#1680=LINE('',#11387,#2413);
#1681=LINE('',#11395,#2414);
#1682=LINE('',#11402,#2415);
#1683=LINE('',#11404,#2416);
#1684=LINE('',#11405,#2417);
#1685=LINE('',#11407,#2418);
#1686=LINE('',#11408,#2419);
#1687=LINE('',#11410,#2420);
#1688=LINE('',#11412,#2421);
#1689=LINE('',#11414,#2422);
#1690=LINE('',#11416,#2423);
#1691=LINE('',#11418,#2424);
#1692=LINE('',#11420,#2425);
#1693=LINE('',#11436,#2426);
#1694=LINE('',#11437,#2427);
#1695=LINE('',#11440,#2428);
#1696=LINE('',#11441,#2429);
#1697=LINE('',#11444,#2430);
#1698=LINE('',#11445,#2431);
#1699=LINE('',#11448,#2432);
#1700=LINE('',#11449,#2433);
#1701=LINE('',#11463,#2434);
#1702=LINE('',#11465,#2435);
#1703=LINE('',#11469,#2436);
#1704=LINE('',#11471,#2437);
#1705=LINE('',#11472,#2438);
#1706=LINE('',#11475,#2439);
#1707=LINE('',#11476,#2440);
#1708=LINE('',#11479,#2441);
#1709=LINE('',#11480,#2442);
#1710=LINE('',#11483,#2443);
#1711=LINE('',#11484,#2444);
#1712=LINE('',#11487,#2445);
#1713=LINE('',#11488,#2446);
#1714=LINE('',#11491,#2447);
#1715=LINE('',#11492,#2448);
#1716=LINE('',#11495,#2449);
#1717=LINE('',#11496,#2450);
#1718=LINE('',#11499,#2451);
#1719=LINE('',#11500,#2452);
#1720=LINE('',#11503,#2453);
#1721=LINE('',#11504,#2454);
#1722=LINE('',#11507,#2455);
#1723=LINE('',#11508,#2456);
#1724=LINE('',#11511,#2457);
#1725=LINE('',#11512,#2458);
#1726=LINE('',#11514,#2459);
#1727=LINE('',#11518,#2460);
#1728=LINE('',#11520,#2461);
#1729=LINE('',#11521,#2462);
#1730=LINE('',#11524,#2463);
#1731=LINE('',#11525,#2464);
#1732=LINE('',#11528,#2465);
#1733=LINE('',#11529,#2466);
#1734=LINE('',#11532,#2467);
#1735=LINE('',#11533,#2468);
#1736=LINE('',#11536,#2469);
#1737=LINE('',#11537,#2470);
#1738=LINE('',#11540,#2471);
#1739=LINE('',#11541,#2472);
#1740=LINE('',#11544,#2473);
#1741=LINE('',#11545,#2474);
#1742=LINE('',#11548,#2475);
#1743=LINE('',#11549,#2476);
#1744=LINE('',#11552,#2477);
#1745=LINE('',#11553,#2478);
#1746=LINE('',#11556,#2479);
#1747=LINE('',#11557,#2480);
#1748=LINE('',#11560,#2481);
#1749=LINE('',#11561,#2482);
#1750=LINE('',#11563,#2483);
#1751=LINE('',#11568,#2484);
#1752=LINE('',#11570,#2485);
#1753=LINE('',#11572,#2486);
#1754=LINE('',#11574,#2487);
#1755=LINE('',#11576,#2488);
#1756=LINE('',#11578,#2489);
#1757=LINE('',#11580,#2490);
#1758=LINE('',#11581,#2491);
#1759=LINE('',#11589,#2492);
#1760=LINE('',#11596,#2493);
#1761=LINE('',#11598,#2494);
#1762=LINE('',#11599,#2495);
#1763=LINE('',#11601,#2496);
#1764=LINE('',#11602,#2497);
#1765=LINE('',#11604,#2498);
#1766=LINE('',#11606,#2499);
#1767=LINE('',#11608,#2500);
#1768=LINE('',#11610,#2501);
#1769=LINE('',#11612,#2502);
#1770=LINE('',#11614,#2503);
#1771=LINE('',#11630,#2504);
#1772=LINE('',#11631,#2505);
#1773=LINE('',#11634,#2506);
#1774=LINE('',#11635,#2507);
#1775=LINE('',#11638,#2508);
#1776=LINE('',#11639,#2509);
#1777=LINE('',#11642,#2510);
#1778=LINE('',#11643,#2511);
#1779=LINE('',#11657,#2512);
#1780=LINE('',#11659,#2513);
#1781=LINE('',#11663,#2514);
#1782=LINE('',#11665,#2515);
#1783=LINE('',#11666,#2516);
#1784=LINE('',#11669,#2517);
#1785=LINE('',#11670,#2518);
#1786=LINE('',#11673,#2519);
#1787=LINE('',#11674,#2520);
#1788=LINE('',#11677,#2521);
#1789=LINE('',#11678,#2522);
#1790=LINE('',#11681,#2523);
#1791=LINE('',#11682,#2524);
#1792=LINE('',#11685,#2525);
#1793=LINE('',#11686,#2526);
#1794=LINE('',#11689,#2527);
#1795=LINE('',#11690,#2528);
#1796=LINE('',#11693,#2529);
#1797=LINE('',#11694,#2530);
#1798=LINE('',#11697,#2531);
#1799=LINE('',#11698,#2532);
#1800=LINE('',#11701,#2533);
#1801=LINE('',#11702,#2534);
#1802=LINE('',#11705,#2535);
#1803=LINE('',#11706,#2536);
#1804=LINE('',#11708,#2537);
#1805=LINE('',#11712,#2538);
#1806=LINE('',#11714,#2539);
#1807=LINE('',#11715,#2540);
#1808=LINE('',#11718,#2541);
#1809=LINE('',#11719,#2542);
#1810=LINE('',#11722,#2543);
#1811=LINE('',#11723,#2544);
#1812=LINE('',#11726,#2545);
#1813=LINE('',#11727,#2546);
#1814=LINE('',#11730,#2547);
#1815=LINE('',#11731,#2548);
#1816=LINE('',#11733,#2549);
#1817=VECTOR('',#7330,1000.);
#1818=VECTOR('',#7331,1000.);
#1819=VECTOR('',#7332,1000.);
#1820=VECTOR('',#7333,1000.);
#1821=VECTOR('',#7334,1000.);
#1822=VECTOR('',#7335,1000.);
#1823=VECTOR('',#7336,1000.);
#1824=VECTOR('',#7337,1000.);
#1825=VECTOR('',#7338,1000.);
#1826=VECTOR('',#7339,1000.);
#1827=VECTOR('',#7340,1000.);
#1828=VECTOR('',#7341,1000.);
#1829=VECTOR('',#7342,1000.);
#1830=VECTOR('',#7343,1000.);
#1831=VECTOR('',#7344,1000.);
#1832=VECTOR('',#7345,1000.);
#1833=VECTOR('',#7346,999.999999999829);
#1834=VECTOR('',#7349,1000.);
#1835=VECTOR('',#7350,1000.);
#1836=VECTOR('',#7351,1000.);
#1837=VECTOR('',#7352,1000.);
#1838=VECTOR('',#7353,1000.);
#1839=VECTOR('',#7362,1000.);
#1840=VECTOR('',#7363,1000.);
#1841=VECTOR('',#7364,1000.);
#1842=VECTOR('',#7369,1000.);
#1843=VECTOR('',#7374,1000.);
#1844=VECTOR('',#7375,999.99999999908);
#1845=VECTOR('',#7376,1000.);
#1846=VECTOR('',#7377,999.999999998991);
#1847=VECTOR('',#7378,1000.);
#1848=VECTOR('',#7379,999.999999999495);
#1849=VECTOR('',#7380,1000.);
#1850=VECTOR('',#7381,999.999999999401);
#1851=VECTOR('',#7382,1000.);
#1852=VECTOR('',#7383,1000.);
#1853=VECTOR('',#7384,1000.);
#1854=VECTOR('',#7385,1000.);
#1855=VECTOR('',#7386,1000.);
#1856=VECTOR('',#7387,1000.);
#1857=VECTOR('',#7388,1000.);
#1858=VECTOR('',#7389,1000.);
#1859=VECTOR('',#7390,1000.);
#1860=VECTOR('',#7391,1000.);
#1861=VECTOR('',#7392,1000.);
#1862=VECTOR('',#7393,1000.);
#1863=VECTOR('',#7394,1000.);
#1864=VECTOR('',#7395,1000.);
#1865=VECTOR('',#7396,1000.);
#1866=VECTOR('',#7397,1000.);
#1867=VECTOR('',#7398,1000.);
#1868=VECTOR('',#7399,1000.);
#1869=VECTOR('',#7400,1000.);
#1870=VECTOR('',#7401,1000.);
#1871=VECTOR('',#7402,1000.);
#1872=VECTOR('',#7403,1000.);
#1873=VECTOR('',#7404,1000.);
#1874=VECTOR('',#7405,1000.);
#1875=VECTOR('',#7406,1000.);
#1876=VECTOR('',#7407,1000.);
#1877=VECTOR('',#7408,1000.);
#1878=VECTOR('',#7409,1000.);
#1879=VECTOR('',#7410,1000.);
#1880=VECTOR('',#7411,1000.);
#1881=VECTOR('',#7412,1000.);
#1882=VECTOR('',#7413,1000.);
#1883=VECTOR('',#7414,1000.);
#1884=VECTOR('',#7415,1000.);
#1885=VECTOR('',#7416,1000.);
#1886=VECTOR('',#7417,1000.);
#1887=VECTOR('',#7418,1000.);
#1888=VECTOR('',#7419,1000.);
#1889=VECTOR('',#7420,1000.);
#1890=VECTOR('',#7421,1000.);
#1891=VECTOR('',#7422,1000.);
#1892=VECTOR('',#7423,1000.);
#1893=VECTOR('',#7424,1000.);
#1894=VECTOR('',#7425,999.999999998991);
#1895=VECTOR('',#7426,1000.);
#1896=VECTOR('',#7427,999.99999999908);
#1897=VECTOR('',#7428,1000.);
#1898=VECTOR('',#7429,999.999999998972);
#1899=VECTOR('',#7430,1000.);
#1900=VECTOR('',#7431,999.999999998891);
#1901=VECTOR('',#7432,1000.);
#1902=VECTOR('',#7439,1000.);
#1903=VECTOR('',#7440,1000.);
#1904=VECTOR('',#7441,10.);
#1905=VECTOR('',#7442,999.999999998915);
#1906=VECTOR('',#7443,999.999999999347);
#1907=VECTOR('',#7444,999.999999998961);
#1908=VECTOR('',#7445,10.);
#1909=VECTOR('',#7462,1000.);
#1910=VECTOR('',#7471,1000.);
#1911=VECTOR('',#7480,1000.);
#1912=VECTOR('',#7481,999.999999998902);
#1913=VECTOR('',#7482,1000.);
#1914=VECTOR('',#7483,999.99999999949);
#1915=VECTOR('',#7486,1000.);
#1916=VECTOR('',#7487,999.999999999567);
#1917=VECTOR('',#7488,999.999999999169);
#1918=VECTOR('',#7489,1000.);
#1919=VECTOR('',#7490,999.999999999415);
#1920=VECTOR('',#7491,999.999999999604);
#1921=VECTOR('',#7496,1000.);
#1922=VECTOR('',#7497,1000.);
#1923=VECTOR('',#7498,1000.);
#1924=VECTOR('',#7501,1000.);
#1925=VECTOR('',#7502,1000.);
#1926=VECTOR('',#7503,1000.);
#1927=VECTOR('',#7504,1000.);
#1928=VECTOR('',#7505,1000.);
#1929=VECTOR('',#7506,1000.);
#1930=VECTOR('',#7507,1000.);
#1931=VECTOR('',#7508,1000.);
#1932=VECTOR('',#7509,1000.);
#1933=VECTOR('',#7510,1000.);
#1934=VECTOR('',#7511,1000.);
#1935=VECTOR('',#7512,1000.);
#1936=VECTOR('',#7513,1000.);
#1937=VECTOR('',#7514,1000.);
#1938=VECTOR('',#7515,1000.);
#1939=VECTOR('',#7516,1000.);
#1940=VECTOR('',#7517,1000.);
#1941=VECTOR('',#7518,1000.);
#1942=VECTOR('',#7519,1000.);
#1943=VECTOR('',#7520,1000.);
#1944=VECTOR('',#7521,1000.);
#1945=VECTOR('',#7524,1000.);
#1946=VECTOR('',#7525,1000.);
#1947=VECTOR('',#7526,1000.);
#1948=VECTOR('',#7527,999.999999999226);
#1949=VECTOR('',#7528,1000.);
#1950=VECTOR('',#7529,999.999999999226);
#1951=VECTOR('',#7530,1000.);
#1952=VECTOR('',#7531,1000.);
#1953=VECTOR('',#7534,1000.);
#1954=VECTOR('',#7535,1000.);
#1955=VECTOR('',#7536,1000.);
#1956=VECTOR('',#7537,1000.);
#1957=VECTOR('',#7538,1000.);
#1958=VECTOR('',#7539,1000.);
#1959=VECTOR('',#7542,1000.);
#1960=VECTOR('',#7543,1000.);
#1961=VECTOR('',#7544,1000.);
#1962=VECTOR('',#7545,1000.);
#1963=VECTOR('',#7546,1000.);
#1964=VECTOR('',#7549,1000.);
#1965=VECTOR('',#7550,1000.);
#1966=VECTOR('',#7551,1000.);
#1967=VECTOR('',#7552,1000.);
#1968=VECTOR('',#7553,1000.);
#1969=VECTOR('',#7554,1000.);
#1970=VECTOR('',#7555,1000.);
#1971=VECTOR('',#7556,1000.);
#1972=VECTOR('',#7557,1000.);
#1973=VECTOR('',#7558,1000.);
#1974=VECTOR('',#7559,1000.);
#1975=VECTOR('',#7560,1000.);
#1976=VECTOR('',#7561,1000.);
#1977=VECTOR('',#7562,1000.);
#1978=VECTOR('',#7565,1000.);
#1979=VECTOR('',#7566,1000.);
#1980=VECTOR('',#7567,1000.);
#1981=VECTOR('',#7568,1000.);
#1982=VECTOR('',#7569,1000.);
#1983=VECTOR('',#7570,1000.);
#1984=VECTOR('',#7571,1000.);
#1985=VECTOR('',#7572,1000.);
#1986=VECTOR('',#7573,999.99999999912);
#1987=VECTOR('',#7574,1000.);
#1988=VECTOR('',#7577,1000.);
#1989=VECTOR('',#7578,1000.);
#1990=VECTOR('',#7579,1000.);
#1991=VECTOR('',#7580,999.99999999912);
#1992=VECTOR('',#7581,1000.);
#1993=VECTOR('',#7582,1000.);
#1994=VECTOR('',#7583,1000.);
#1995=VECTOR('',#7584,1000.);
#1996=VECTOR('',#7585,1000.);
#1997=VECTOR('',#7586,1000.);
#1998=VECTOR('',#7587,1000.);
#1999=VECTOR('',#7590,1000.);
#2000=VECTOR('',#7591,1000.);
#2001=VECTOR('',#7592,1000.);
#2002=VECTOR('',#7595,1000.);
#2003=VECTOR('',#7596,1000.);
#2004=VECTOR('',#7597,1000.);
#2005=VECTOR('',#7598,999.999999999226);
#2006=VECTOR('',#7599,1000.);
#2007=VECTOR('',#7600,1000.);
#2008=VECTOR('',#7601,1000.);
#2009=VECTOR('',#7602,1000.);
#2010=VECTOR('',#7605,1000.);
#2011=VECTOR('',#7606,1000.);
#2012=VECTOR('',#7609,1000.);
#2013=VECTOR('',#7610,1000.);
#2014=VECTOR('',#7611,1000.);
#2015=VECTOR('',#7612,1000.);
#2016=VECTOR('',#7613,1000.);
#2017=VECTOR('',#7614,1000.);
#2018=VECTOR('',#7615,1000.);
#2019=VECTOR('',#7616,1000.);
#2020=VECTOR('',#7617,1000.);
#2021=VECTOR('',#7618,1000.);
#2022=VECTOR('',#7621,1000.);
#2023=VECTOR('',#7622,1000.);
#2024=VECTOR('',#7623,1000.);
#2025=VECTOR('',#7624,1000.);
#2026=VECTOR('',#7625,1000.);
#2027=VECTOR('',#7628,1000.);
#2028=VECTOR('',#7631,1000.);
#2029=VECTOR('',#7632,1000.);
#2030=VECTOR('',#7633,1000.);
#2031=VECTOR('',#7634,1000.);
#2032=VECTOR('',#7635,1000.);
#2033=VECTOR('',#7636,1000.);
#2034=VECTOR('',#7637,1000.);
#2035=VECTOR('',#7642,999.999999999226);
#2036=VECTOR('',#7645,999.999999998916);
#2037=VECTOR('',#7648,999.999999999226);
#2038=VECTOR('',#7649,999.999999998916);
#2039=VECTOR('',#7650,1000.);
#2040=VECTOR('',#7653,1000.);
#2041=VECTOR('',#7654,1000.);
#2042=VECTOR('',#7655,1000.);
#2043=VECTOR('',#7656,1000.);
#2044=VECTOR('',#7657,999.999999999226);
#2045=VECTOR('',#7658,999.999999999226);
#2046=VECTOR('',#7659,1000.);
#2047=VECTOR('',#7662,1000.);
#2048=VECTOR('',#7663,1000.);
#2049=VECTOR('',#7664,1000.);
#2050=VECTOR('',#7667,1000.);
#2051=VECTOR('',#7670,1000.);
#2052=VECTOR('',#7671,1000.);
#2053=VECTOR('',#7672,1000.);
#2054=VECTOR('',#7673,1000.);
#2055=VECTOR('',#7674,1000.);
#2056=VECTOR('',#7675,1000.);
#2057=VECTOR('',#7680,1000.);
#2058=VECTOR('',#7681,1000.);
#2059=VECTOR('',#7682,1000.);
#2060=VECTOR('',#7683,1000.);
#2061=VECTOR('',#7684,1000.);
#2062=VECTOR('',#7685,1000.);
#2063=VECTOR('',#7686,1000.);
#2064=VECTOR('',#7687,1000.);
#2065=VECTOR('',#7688,1000.);
#2066=VECTOR('',#7689,1000.);
#2067=VECTOR('',#7690,1000.);
#2068=VECTOR('',#7691,1000.);
#2069=VECTOR('',#7692,1000.);
#2070=VECTOR('',#7697,999.999999999226);
#2071=VECTOR('',#7700,1000.);
#2072=VECTOR('',#7701,1000.);
#2073=VECTOR('',#7702,1000.);
#2074=VECTOR('',#7705,1000.);
#2075=VECTOR('',#7708,1000.);
#2076=VECTOR('',#7711,999.999999998916);
#2077=VECTOR('',#7714,999.999999998916);
#2078=VECTOR('',#7719,1000.);
#2079=VECTOR('',#7720,1000.);
#2080=VECTOR('',#7721,1000.);
#2081=VECTOR('',#7724,1000.);
#2082=VECTOR('',#7725,1000.);
#2083=VECTOR('',#7728,1000.);
#2084=VECTOR('',#7729,1000.);
#2085=VECTOR('',#7730,1000.);
#2086=VECTOR('',#7735,1000.);
#2087=VECTOR('',#7736,1000.);
#2088=VECTOR('',#7737,1000.);
#2089=VECTOR('',#7738,1000.);
#2090=VECTOR('',#7739,1000.);
#2091=VECTOR('',#7744,1000.);
#2092=VECTOR('',#7745,1000.);
#2093=VECTOR('',#7748,1000.);
#2094=VECTOR('',#7753,1000.);
#2095=VECTOR('',#7758,999.99999999912);
#2096=VECTOR('',#7759,1000.);
#2097=VECTOR('',#7762,1000.);
#2098=VECTOR('',#7771,1000.);
#2099=VECTOR('',#7772,1000.);
#2100=VECTOR('',#7775,1000.);
#2101=VECTOR('',#7776,1000.);
#2102=VECTOR('',#7777,1000.);
#2103=VECTOR('',#7784,1000.);
#2104=VECTOR('',#7785,1000.);
#2105=VECTOR('',#7786,1000.);
#2106=VECTOR('',#7791,1000.);
#2107=VECTOR('',#7792,1000.);
#2108=VECTOR('',#7793,1000.);
#2109=VECTOR('',#7794,1000.);
#2110=VECTOR('',#7797,1000.);
#2111=VECTOR('',#7798,1000.);
#2112=VECTOR('',#7801,1000.);
#2113=VECTOR('',#7806,1000.);
#2114=VECTOR('',#7807,999.99999999912);
#2115=VECTOR('',#7810,1000.);
#2116=VECTOR('',#7819,1000.);
#2117=VECTOR('',#7820,1000.);
#2118=VECTOR('',#7823,1000.);
#2119=VECTOR('',#7826,1000.);
#2120=VECTOR('',#7827,1000.);
#2121=VECTOR('',#7830,1000.);
#2122=VECTOR('',#7833,1000.);
#2123=VECTOR('',#7834,1000.);
#2124=VECTOR('',#7835,1000.);
#2125=VECTOR('',#7836,1000.);
#2126=VECTOR('',#7839,1000.);
#2127=VECTOR('',#7840,1000.);
#2128=VECTOR('',#7841,1000.);
#2129=VECTOR('',#7844,1000.);
#2130=VECTOR('',#7845,1000.);
#2131=VECTOR('',#7846,1000.);
#2132=VECTOR('',#7849,1000.);
#2133=VECTOR('',#7852,1000.);
#2134=VECTOR('',#7859,1000.);
#2135=VECTOR('',#7862,1000.);
#2136=VECTOR('',#7863,1000.);
#2137=VECTOR('',#7864,1000.);
#2138=VECTOR('',#7867,1000.);
#2139=VECTOR('',#7868,1000.);
#2140=VECTOR('',#7869,1000.);
#2141=VECTOR('',#7870,1000.);
#2142=VECTOR('',#7873,1000.);
#2143=VECTOR('',#7874,1000.);
#2144=VECTOR('',#7875,1000.);
#2145=VECTOR('',#7876,1000.);
#2146=VECTOR('',#7881,1000.);
#2147=VECTOR('',#7886,1000.);
#2148=VECTOR('',#7887,1000.);
#2149=VECTOR('',#7888,1000.);
#2150=VECTOR('',#7897,1000.);
#2151=VECTOR('',#7900,1000.);
#2152=VECTOR('',#7903,999.999999999606);
#2153=VECTOR('',#7904,999.999999999606);
#2154=VECTOR('',#7907,999.999999999606);
#2155=VECTOR('',#7910,999.999999999606);
#2156=VECTOR('',#7915,999.999999999606);
#2157=VECTOR('',#7916,999.999999999606);
#2158=VECTOR('',#7919,999.999999999606);
#2159=VECTOR('',#7922,999.999999999606);
#2160=VECTOR('',#7927,1000.);
#2161=VECTOR('',#7928,1000.);
#2162=VECTOR('',#7929,1000.);
#2163=VECTOR('',#7930,1000.);
#2164=VECTOR('',#7933,1000.);
#2165=VECTOR('',#7934,1000.);
#2166=VECTOR('',#7935,1000.);
#2167=VECTOR('',#7938,1000.);
#2168=VECTOR('',#7939,1000.);
#2169=VECTOR('',#7940,1000.);
#2170=VECTOR('',#7943,1000.);
#2171=VECTOR('',#7946,1000.);
#2172=VECTOR('',#7953,1000.);
#2173=VECTOR('',#7956,1000.);
#2174=VECTOR('',#7957,1000.);
#2175=VECTOR('',#7958,1000.);
#2176=VECTOR('',#7961,1000.);
#2177=VECTOR('',#7962,1000.);
#2178=VECTOR('',#7963,1000.);
#2179=VECTOR('',#7964,1000.);
#2180=VECTOR('',#7967,1000.);
#2181=VECTOR('',#7968,1000.);
#2182=VECTOR('',#7969,1000.);
#2183=VECTOR('',#7970,1000.);
#2184=VECTOR('',#7975,1000.);
#2185=VECTOR('',#7980,1000.);
#2186=VECTOR('',#7981,1000.);
#2187=VECTOR('',#7982,1000.);
#2188=VECTOR('',#7991,1000.);
#2189=VECTOR('',#7994,1000.);
#2190=VECTOR('',#7997,999.999999999606);
#2191=VECTOR('',#7998,999.999999999606);
#2192=VECTOR('',#8001,999.999999999606);
#2193=VECTOR('',#8004,999.999999999606);
#2194=VECTOR('',#8009,999.999999999606);
#2195=VECTOR('',#8010,999.999999999606);
#2196=VECTOR('',#8013,999.999999999606);
#2197=VECTOR('',#8016,999.999999999606);
#2198=VECTOR('',#8021,1000.);
#2199=VECTOR('',#8022,1000.);
#2200=VECTOR('',#8025,1000.);
#2201=VECTOR('',#8026,1000.);
#2202=VECTOR('',#8027,1000.);
#2203=VECTOR('',#8030,1000.);
#2204=VECTOR('',#8031,1000.);
#2205=VECTOR('',#8032,1000.);
#2206=VECTOR('',#8035,1000.);
#2207=VECTOR('',#8036,1000.);
#2208=VECTOR('',#8043,1000.);
#2209=VECTOR('',#8044,1000.);
#2210=VECTOR('',#8045,1000.);
#2211=VECTOR('',#8048,1000.);
#2212=VECTOR('',#8049,1000.);
#2213=VECTOR('',#8050,1000.);
#2214=VECTOR('',#8053,1000.);
#2215=VECTOR('',#8054,1000.);
#2216=VECTOR('',#8057,1000.);
#2217=VECTOR('',#8058,1000.);
#2218=VECTOR('',#8065,1000.);
#2219=VECTOR('',#8068,1000.);
#2220=VECTOR('',#8073,1000.);
#2221=VECTOR('',#8076,1000.);
#2222=VECTOR('',#8083,1000.);
#2223=VECTOR('',#8084,1000.);
#2224=VECTOR('',#8085,1000.);
#2225=VECTOR('',#8096,1000.);
#2226=VECTOR('',#8097,1000.);
#2227=VECTOR('',#8098,1000.);
#2228=VECTOR('',#8099,1000.);
#2229=VECTOR('',#8100,1000.);
#2230=VECTOR('',#8101,1000.);
#2231=VECTOR('',#8102,1000.);
#2232=VECTOR('',#8105,1000.);
#2233=VECTOR('',#8108,1000.);
#2234=VECTOR('',#8111,1000.);
#2235=VECTOR('',#8114,1000.);
#2236=VECTOR('',#8115,1000.);
#2237=VECTOR('',#8118,1000.);
#2238=VECTOR('',#8121,1000.);
#2239=VECTOR('',#8122,1000.);
#2240=VECTOR('',#8125,1000.);
#2241=VECTOR('',#8126,1000.);
#2242=VECTOR('',#8129,1000.);
#2243=VECTOR('',#8130,1000.);
#2244=VECTOR('',#8133,1000.);
#2245=VECTOR('',#8138,1000.);
#2246=VECTOR('',#8139,1000.);
#2247=VECTOR('',#8142,1000.);
#2248=VECTOR('',#8143,1000.);
#2249=VECTOR('',#8146,1000.);
#2250=VECTOR('',#8147,999.999999999604);
#2251=VECTOR('',#8150,1000.);
#2252=VECTOR('',#8151,999.999999999415);
#2253=VECTOR('',#8154,1000.);
#2254=VECTOR('',#8155,1000.);
#2255=VECTOR('',#8158,1000.);
#2256=VECTOR('',#8159,999.999999999169);
#2257=VECTOR('',#8162,1000.);
#2258=VECTOR('',#8163,999.999999999567);
#2259=VECTOR('',#8164,1000.);
#2260=VECTOR('',#8165,1000.);
#2261=VECTOR('',#8168,1000.);
#2262=VECTOR('',#8169,1000.);
#2263=VECTOR('',#8170,1000.);
#2264=VECTOR('',#8173,1000.);
#2265=VECTOR('',#8176,1000.);
#2266=VECTOR('',#8177,999.99999999949);
#2267=VECTOR('',#8180,1000.);
#2268=VECTOR('',#8181,1000.);
#2269=VECTOR('',#8184,999.999999998902);
#2270=VECTOR('',#8187,1000.);
#2271=VECTOR('',#8190,1000.);
#2272=VECTOR('',#8191,1000.);
#2273=VECTOR('',#8194,1000.);
#2274=VECTOR('',#8197,1000.);
#2275=VECTOR('',#8200,1000.);
#2276=VECTOR('',#8203,1000.);
#2277=VECTOR('',#8204,1000.);
#2278=VECTOR('',#8207,1000.);
#2279=VECTOR('',#8208,1000.);
#2280=VECTOR('',#8211,1000.);
#2281=VECTOR('',#8212,1000.);
#2282=VECTOR('',#8213,1000.);
#2283=VECTOR('',#8214,1000.);
#2284=VECTOR('',#8215,1000.);
#2285=VECTOR('',#8216,1000.);
#2286=VECTOR('',#8219,1000.);
#2287=VECTOR('',#8222,1000.);
#2288=VECTOR('',#8225,1000.);
#2289=VECTOR('',#8226,1000.);
#2290=VECTOR('',#8229,1000.);
#2291=VECTOR('',#8232,1000.);
#2292=VECTOR('',#8233,1000.);
#2293=VECTOR('',#8242,999.999999999829);
#2294=VECTOR('',#8247,1000.);
#2295=VECTOR('',#8248,1000.);
#2296=VECTOR('',#8249,1000.);
#2297=VECTOR('',#8250,1000.);
#2298=VECTOR('',#8251,1000.);
#2299=VECTOR('',#8258,999.999999999118);
#2300=VECTOR('',#8259,1000.);
#2301=VECTOR('',#8260,1000.);
#2302=VECTOR('',#8261,1000.);
#2303=VECTOR('',#8264,1000.);
#2304=VECTOR('',#8265,1000.);
#2305=VECTOR('',#8266,1000.);
#2306=VECTOR('',#8267,1000.);
#2307=VECTOR('',#8268,1000.);
#2308=VECTOR('',#8271,1000.);
#2309=VECTOR('',#8274,1000.);
#2310=VECTOR('',#8277,1000.);
#2311=VECTOR('',#8280,1000.);
#2312=VECTOR('',#8281,1000.);
#2313=VECTOR('',#8282,1000.);
#2314=VECTOR('',#8285,1000.);
#2315=VECTOR('',#8288,1000.);
#2316=VECTOR('',#8289,1000.);
#2317=VECTOR('',#8290,1000.);
#2318=VECTOR('',#8293,1000.);
#2319=VECTOR('',#8294,1000.);
#2320=VECTOR('',#8297,999.999999999118);
#2321=VECTOR('',#8298,1000.);
#2322=VECTOR('',#8299,1000.);
#2323=VECTOR('',#8302,1000.);
#2324=VECTOR('',#8303,1000.);
#2325=VECTOR('',#8322,10.);
#2326=VECTOR('',#8323,999.999999998961);
#2327=VECTOR('',#8324,999.999999999347);
#2328=VECTOR('',#8325,999.999999998915);
#2329=VECTOR('',#8326,10.);
#2330=VECTOR('',#8327,1000.);
#2331=VECTOR('',#8328,1000.);
#2332=VECTOR('',#8333,1000.);
#2333=VECTOR('',#8334,1000.);
#2334=VECTOR('',#8335,1000.);
#2335=VECTOR('',#8336,1000.);
#2336=VECTOR('',#8337,1000.);
#2337=VECTOR('',#8338,1000.);
#2338=VECTOR('',#8339,1000.);
#2339=VECTOR('',#8340,1000.);
#2340=VECTOR('',#8341,1000.);
#2341=VECTOR('',#8342,1000.);
#2342=VECTOR('',#8343,1000.);
#2343=VECTOR('',#8344,1000.);
#2344=VECTOR('',#8345,1000.);
#2345=VECTOR('',#8348,1000.);
#2346=VECTOR('',#8351,1000.);
#2347=VECTOR('',#8354,1000.);
#2348=VECTOR('',#8357,1000.);
#2349=VECTOR('',#8358,1000.);
#2350=VECTOR('',#8359,1000.);
#2351=VECTOR('',#8360,1000.);
#2352=VECTOR('',#8361,1000.);
#2353=VECTOR('',#8362,1000.);
#2354=VECTOR('',#8363,1000.);
#2355=VECTOR('',#8364,1000.);
#2356=VECTOR('',#8367,1000.);
#2357=VECTOR('',#8368,1000.);
#2358=VECTOR('',#8369,1000.);
#2359=VECTOR('',#8372,1000.);
#2360=VECTOR('',#8373,1000.);
#2361=VECTOR('',#8374,1000.);
#2362=VECTOR('',#8375,1000.);
#2363=VECTOR('',#8378,1000.);
#2364=VECTOR('',#8379,1000.);
#2365=VECTOR('',#8380,1000.);
#2366=VECTOR('',#8381,1000.);
#2367=VECTOR('',#8388,1000.);
#2368=VECTOR('',#8389,1000.);
#2369=VECTOR('',#8390,1000.);
#2370=VECTOR('',#8401,1000.);
#2371=VECTOR('',#8402,1000.);
#2372=VECTOR('',#8403,1000.);
#2373=VECTOR('',#8404,1000.);
#2374=VECTOR('',#8405,1000.);
#2375=VECTOR('',#8406,1000.);
#2376=VECTOR('',#8407,1000.);
#2377=VECTOR('',#8410,1000.);
#2378=VECTOR('',#8413,1000.);
#2379=VECTOR('',#8416,1000.);
#2380=VECTOR('',#8419,1000.);
#2381=VECTOR('',#8420,1000.);
#2382=VECTOR('',#8423,1000.);
#2383=VECTOR('',#8426,1000.);
#2384=VECTOR('',#8427,1000.);
#2385=VECTOR('',#8430,1000.);
#2386=VECTOR('',#8431,1000.);
#2387=VECTOR('',#8434,1000.);
#2388=VECTOR('',#8435,1000.);
#2389=VECTOR('',#8438,1000.);
#2390=VECTOR('',#8443,1000.);
#2391=VECTOR('',#8446,1000.);
#2392=VECTOR('',#8447,1000.);
#2393=VECTOR('',#8448,1000.);
#2394=VECTOR('',#8449,1000.);
#2395=VECTOR('',#8450,1000.);
#2396=VECTOR('',#8453,1000.);
#2397=VECTOR('',#8454,1000.);
#2398=VECTOR('',#8455,1000.);
#2399=VECTOR('',#8458,1000.);
#2400=VECTOR('',#8459,1000.);
#2401=VECTOR('',#8460,1000.);
#2402=VECTOR('',#8463,1000.);
#2403=VECTOR('',#8464,1000.);
#2404=VECTOR('',#8467,1000.);
#2405=VECTOR('',#8468,1000.);
#2406=VECTOR('',#8475,1000.);
#2407=VECTOR('',#8476,999.999999998991);
#2408=VECTOR('',#8477,1000.);
#2409=VECTOR('',#8478,999.999999998891);
#2410=VECTOR('',#8479,1000.);
#2411=VECTOR('',#8480,999.999999998972);
#2412=VECTOR('',#8481,1000.);
#2413=VECTOR('',#8482,999.99999999908);
#2414=VECTOR('',#8483,1000.);
#2415=VECTOR('',#8484,999.999999999145);
#2416=VECTOR('',#8485,1000.);
#2417=VECTOR('',#8486,999.999999999109);
#2418=VECTOR('',#8489,1000.);
#2419=VECTOR('',#8490,1000.);
#2420=VECTOR('',#8493,1000.);
#2421=VECTOR('',#8496,1000.);
#2422=VECTOR('',#8499,1000.);
#2423=VECTOR('',#8502,1000.);
#2424=VECTOR('',#8505,1000.);
#2425=VECTOR('',#8508,1000.);
#2426=VECTOR('',#8511,1000.);
#2427=VECTOR('',#8512,1000.);
#2428=VECTOR('',#8515,999.999999999109);
#2429=VECTOR('',#8516,1000.);
#2430=VECTOR('',#8519,1000.);
#2431=VECTOR('',#8520,1000.);
#2432=VECTOR('',#8523,999.999999999145);
#2433=VECTOR('',#8524,1000.);
#2434=VECTOR('',#8525,1000.);
#2435=VECTOR('',#8528,1000.);
#2436=VECTOR('',#8533,1000.);
#2437=VECTOR('',#8534,1000.);
#2438=VECTOR('',#8535,1000.);
#2439=VECTOR('',#8538,1000.);
#2440=VECTOR('',#8539,1000.);
#2441=VECTOR('',#8542,1000.);
#2442=VECTOR('',#8543,1000.);
#2443=VECTOR('',#8546,1000.);
#2444=VECTOR('',#8547,1000.);
#2445=VECTOR('',#8550,1000.);
#2446=VECTOR('',#8551,1000.);
#2447=VECTOR('',#8554,1000.);
#2448=VECTOR('',#8555,1000.);
#2449=VECTOR('',#8558,1000.);
#2450=VECTOR('',#8559,1000.);
#2451=VECTOR('',#8562,1000.);
#2452=VECTOR('',#8563,1000.);
#2453=VECTOR('',#8566,1000.);
#2454=VECTOR('',#8567,1000.);
#2455=VECTOR('',#8570,1000.);
#2456=VECTOR('',#8571,1000.);
#2457=VECTOR('',#8574,1000.);
#2458=VECTOR('',#8575,1000.);
#2459=VECTOR('',#8578,1000.);
#2460=VECTOR('',#8583,1000.);
#2461=VECTOR('',#8584,1000.);
#2462=VECTOR('',#8585,1000.);
#2463=VECTOR('',#8588,1000.);
#2464=VECTOR('',#8589,1000.);
#2465=VECTOR('',#8592,1000.);
#2466=VECTOR('',#8593,1000.);
#2467=VECTOR('',#8596,1000.);
#2468=VECTOR('',#8597,1000.);
#2469=VECTOR('',#8600,1000.);
#2470=VECTOR('',#8601,1000.);
#2471=VECTOR('',#8604,1000.);
#2472=VECTOR('',#8605,1000.);
#2473=VECTOR('',#8608,1000.);
#2474=VECTOR('',#8609,1000.);
#2475=VECTOR('',#8612,1000.);
#2476=VECTOR('',#8613,1000.);
#2477=VECTOR('',#8616,1000.);
#2478=VECTOR('',#8617,1000.);
#2479=VECTOR('',#8620,1000.);
#2480=VECTOR('',#8621,1000.);
#2481=VECTOR('',#8624,1000.);
#2482=VECTOR('',#8625,1000.);
#2483=VECTOR('',#8628,1000.);
#2484=VECTOR('',#8633,1000.);
#2485=VECTOR('',#8634,999.99999999908);
#2486=VECTOR('',#8635,1000.);
#2487=VECTOR('',#8636,999.999999999401);
#2488=VECTOR('',#8637,1000.);
#2489=VECTOR('',#8638,999.999999999495);
#2490=VECTOR('',#8639,1000.);
#2491=VECTOR('',#8640,999.999999998991);
#2492=VECTOR('',#8641,1000.);
#2493=VECTOR('',#8642,999.999999998891);
#2494=VECTOR('',#8643,1000.);
#2495=VECTOR('',#8644,999.999999999896);
#2496=VECTOR('',#8647,1000.);
#2497=VECTOR('',#8648,1000.);
#2498=VECTOR('',#8651,1000.);
#2499=VECTOR('',#8654,1000.);
#2500=VECTOR('',#8657,1000.);
#2501=VECTOR('',#8660,1000.);
#2502=VECTOR('',#8663,1000.);
#2503=VECTOR('',#8666,1000.);
#2504=VECTOR('',#8669,1000.);
#2505=VECTOR('',#8670,1000.);
#2506=VECTOR('',#8673,999.999999999896);
#2507=VECTOR('',#8674,1000.);
#2508=VECTOR('',#8677,1000.);
#2509=VECTOR('',#8678,1000.);
#2510=VECTOR('',#8681,999.999999998891);
#2511=VECTOR('',#8682,1000.);
#2512=VECTOR('',#8683,1000.);
#2513=VECTOR('',#8686,1000.);
#2514=VECTOR('',#8691,1000.);
#2515=VECTOR('',#8692,1000.);
#2516=VECTOR('',#8693,1000.);
#2517=VECTOR('',#8696,1000.);
#2518=VECTOR('',#8697,1000.);
#2519=VECTOR('',#8700,1000.);
#2520=VECTOR('',#8701,1000.);
#2521=VECTOR('',#8704,1000.);
#2522=VECTOR('',#8705,1000.);
#2523=VECTOR('',#8708,1000.);
#2524=VECTOR('',#8709,1000.);
#2525=VECTOR('',#8712,1000.);
#2526=VECTOR('',#8713,1000.);
#2527=VECTOR('',#8716,1000.);
#2528=VECTOR('',#8717,1000.);
#2529=VECTOR('',#8720,1000.);
#2530=VECTOR('',#8721,1000.);
#2531=VECTOR('',#8724,1000.);
#2532=VECTOR('',#8725,1000.);
#2533=VECTOR('',#8728,1000.);
#2534=VECTOR('',#8729,1000.);
#2535=VECTOR('',#8732,1000.);
#2536=VECTOR('',#8733,1000.);
#2537=VECTOR('',#8736,1000.);
#2538=VECTOR('',#8741,1000.);
#2539=VECTOR('',#8742,1000.);
#2540=VECTOR('',#8743,1000.);
#2541=VECTOR('',#8746,1000.);
#2542=VECTOR('',#8747,1000.);
#2543=VECTOR('',#8750,1000.);
#2544=VECTOR('',#8751,1000.);
#2545=VECTOR('',#8754,1000.);
#2546=VECTOR('',#8755,1000.);
#2547=VECTOR('',#8758,1000.);
#2548=VECTOR('',#8759,1000.);
#2549=VECTOR('',#8762,1000.);
#2550=VERTEX_POINT('',#8773);
#2551=VERTEX_POINT('',#8774);
#2552=VERTEX_POINT('',#8776);
#2553=VERTEX_POINT('',#8778);
#2554=VERTEX_POINT('',#8780);
#2555=VERTEX_POINT('',#8782);
#2556=VERTEX_POINT('',#8784);
#2557=VERTEX_POINT('',#8786);
#2558=VERTEX_POINT('',#8788);
#2559=VERTEX_POINT('',#8790);
#2560=VERTEX_POINT('',#8792);
#2561=VERTEX_POINT('',#8794);
#2562=VERTEX_POINT('',#8796);
#2563=VERTEX_POINT('',#8798);
#2564=VERTEX_POINT('',#8800);
#2565=VERTEX_POINT('',#8802);
#2566=VERTEX_POINT('',#8805);
#2567=VERTEX_POINT('',#8806);
#2568=VERTEX_POINT('',#8808);
#2569=VERTEX_POINT('',#8810);
#2570=VERTEX_POINT('',#8815);
#2571=VERTEX_POINT('',#8817);
#2572=VERTEX_POINT('',#8822);
#2573=VERTEX_POINT('',#8827);
#2574=VERTEX_POINT('',#8829);
#2575=VERTEX_POINT('',#8831);
#2576=VERTEX_POINT('',#8833);
#2577=VERTEX_POINT('',#8835);
#2578=VERTEX_POINT('',#8837);
#2579=VERTEX_POINT('',#8839);
#2580=VERTEX_POINT('',#8848);
#2581=VERTEX_POINT('',#8849);
#2582=VERTEX_POINT('',#8854);
#2583=VERTEX_POINT('',#8856);
#2584=VERTEX_POINT('',#8858);
#2585=VERTEX_POINT('',#8860);
#2586=VERTEX_POINT('',#8862);
#2587=VERTEX_POINT('',#8868);
#2588=VERTEX_POINT('',#8869);
#2589=VERTEX_POINT('',#8874);
#2590=VERTEX_POINT('',#8876);
#2591=VERTEX_POINT('',#8878);
#2592=VERTEX_POINT('',#8880);
#2593=VERTEX_POINT('',#8885);
#2594=VERTEX_POINT('',#8890);
#2595=VERTEX_POINT('',#8892);
#2596=VERTEX_POINT('',#8897);
#2597=VERTEX_POINT('',#8902);
#2598=VERTEX_POINT('',#8904);
#2599=VERTEX_POINT('',#8906);
#2600=VERTEX_POINT('',#8911);
#2601=VERTEX_POINT('',#8920);
#2602=VERTEX_POINT('',#8921);
#2603=VERTEX_POINT('',#8923);
#2604=VERTEX_POINT('',#8925);
#2605=VERTEX_POINT('',#8927);
#2606=VERTEX_POINT('',#8929);
#2607=VERTEX_POINT('',#8931);
#2608=VERTEX_POINT('',#8933);
#2609=VERTEX_POINT('',#8936);
#2610=VERTEX_POINT('',#8937);
#2611=VERTEX_POINT('',#8939);
#2612=VERTEX_POINT('',#8941);
#2613=VERTEX_POINT('',#8943);
#2614=VERTEX_POINT('',#8945);
#2615=VERTEX_POINT('',#8947);
#2616=VERTEX_POINT('',#8949);
#2617=VERTEX_POINT('',#8951);
#2618=VERTEX_POINT('',#8953);
#2619=VERTEX_POINT('',#8955);
#2620=VERTEX_POINT('',#8957);
#2621=VERTEX_POINT('',#8960);
#2622=VERTEX_POINT('',#8961);
#2623=VERTEX_POINT('',#8963);
#2624=VERTEX_POINT('',#8965);
#2625=VERTEX_POINT('',#8967);
#2626=VERTEX_POINT('',#8969);
#2627=VERTEX_POINT('',#8972);
#2628=VERTEX_POINT('',#8973);
#2629=VERTEX_POINT('',#8975);
#2630=VERTEX_POINT('',#8977);
#2631=VERTEX_POINT('',#8979);
#2632=VERTEX_POINT('',#8981);
#2633=VERTEX_POINT('',#8983);
#2634=VERTEX_POINT('',#8985);
#2635=VERTEX_POINT('',#8987);
#2636=VERTEX_POINT('',#8989);
#2637=VERTEX_POINT('',#8991);
#2638=VERTEX_POINT('',#8993);
#2639=VERTEX_POINT('',#8996);
#2640=VERTEX_POINT('',#8997);
#2641=VERTEX_POINT('',#8999);
#2642=VERTEX_POINT('',#9001);
#2643=VERTEX_POINT('',#9003);
#2644=VERTEX_POINT('',#9005);
#2645=VERTEX_POINT('',#9007);
#2646=VERTEX_POINT('',#9009);
#2647=VERTEX_POINT('',#9011);
#2648=VERTEX_POINT('',#9013);
#2649=VERTEX_POINT('',#9015);
#2650=VERTEX_POINT('',#9017);
#2651=VERTEX_POINT('',#9020);
#2652=VERTEX_POINT('',#9021);
#2653=VERTEX_POINT('',#9023);
#2654=VERTEX_POINT('',#9025);
#2655=VERTEX_POINT('',#9027);
#2656=VERTEX_POINT('',#9029);
#2657=VERTEX_POINT('',#9031);
#2658=VERTEX_POINT('',#9033);
#2659=VERTEX_POINT('',#9036);
#2660=VERTEX_POINT('',#9037);
#2661=VERTEX_POINT('',#9039);
#2662=VERTEX_POINT('',#9044);
#2663=VERTEX_POINT('',#9046);
#2664=VERTEX_POINT('',#9048);
#2665=VERTEX_POINT('',#9050);
#2666=VERTEX_POINT('',#9055);
#2667=VERTEX_POINT('',#9060);
#2668=VERTEX_POINT('',#9065);
#2669=VERTEX_POINT('',#9067);
#2670=VERTEX_POINT('',#9072);
#2671=VERTEX_POINT('',#9077);
#2672=VERTEX_POINT('',#9079);
#2673=VERTEX_POINT('',#9084);
#2674=VERTEX_POINT('',#9089);
#2675=VERTEX_POINT('',#9094);
#2676=VERTEX_POINT('',#9099);
#2677=VERTEX_POINT('',#9104);
#2678=VERTEX_POINT('',#9109);
#2679=VERTEX_POINT('',#9114);
#2680=VERTEX_POINT('',#9116);
#2681=VERTEX_POINT('',#9118);
#2682=VERTEX_POINT('',#9120);
#2683=VERTEX_POINT('',#9122);
#2684=VERTEX_POINT('',#9127);
#2685=VERTEX_POINT('',#9132);
#2686=VERTEX_POINT('',#9134);
#2687=VERTEX_POINT('',#9136);
#2688=VERTEX_POINT('',#9138);
#2689=VERTEX_POINT('',#9140);
#2690=VERTEX_POINT('',#9145);
#2691=VERTEX_POINT('',#9150);
#2692=VERTEX_POINT('',#9156);
#2693=VERTEX_POINT('',#9157);
#2694=VERTEX_POINT('',#9159);
#2695=VERTEX_POINT('',#9161);
#2696=VERTEX_POINT('',#9163);
#2697=VERTEX_POINT('',#9165);
#2698=VERTEX_POINT('',#9170);
#2699=VERTEX_POINT('',#9172);
#2700=VERTEX_POINT('',#9177);
#2701=VERTEX_POINT('',#9179);
#2702=VERTEX_POINT('',#9181);
#2703=VERTEX_POINT('',#9183);
#2704=VERTEX_POINT('',#9188);
#2705=VERTEX_POINT('',#9193);
#2706=VERTEX_POINT('',#9198);
#2707=VERTEX_POINT('',#9200);
#2708=VERTEX_POINT('',#9205);
#2709=VERTEX_POINT('',#9210);
#2710=VERTEX_POINT('',#9212);
#2711=VERTEX_POINT('',#9217);
#2712=VERTEX_POINT('',#9219);
#2713=VERTEX_POINT('',#9222);
#2714=VERTEX_POINT('',#9223);
#2715=VERTEX_POINT('',#9225);
#2716=VERTEX_POINT('',#9230);
#2717=VERTEX_POINT('',#9232);
#2718=VERTEX_POINT('',#9234);
#2719=VERTEX_POINT('',#9236);
#2720=VERTEX_POINT('',#9241);
#2721=VERTEX_POINT('',#9243);
#2722=VERTEX_POINT('',#9245);
#2723=VERTEX_POINT('',#9250);
#2724=VERTEX_POINT('',#9255);
#2725=VERTEX_POINT('',#9257);
#2726=VERTEX_POINT('',#9259);
#2727=VERTEX_POINT('',#9261);
#2728=VERTEX_POINT('',#9264);
#2729=VERTEX_POINT('',#9265);
#2730=VERTEX_POINT('',#9270);
#2731=VERTEX_POINT('',#9272);
#2732=VERTEX_POINT('',#9274);
#2733=VERTEX_POINT('',#9276);
#2734=VERTEX_POINT('',#9278);
#2735=VERTEX_POINT('',#9285);
#2736=VERTEX_POINT('',#9287);
#2737=VERTEX_POINT('',#9290);
#2738=VERTEX_POINT('',#9292);
#2739=VERTEX_POINT('',#9294);
#2740=VERTEX_POINT('',#9296);
#2741=VERTEX_POINT('',#9298);
#2742=VERTEX_POINT('',#9300);
#2743=VERTEX_POINT('',#9303);
#2744=VERTEX_POINT('',#9305);
#2745=VERTEX_POINT('',#9308);
#2746=VERTEX_POINT('',#9309);
#2747=VERTEX_POINT('',#9311);
#2748=VERTEX_POINT('',#9313);
#2749=VERTEX_POINT('',#9316);
#2750=VERTEX_POINT('',#9317);
#2751=VERTEX_POINT('',#9319);
#2752=VERTEX_POINT('',#9321);
#2753=VERTEX_POINT('',#9325);
#2754=VERTEX_POINT('',#9326);
#2755=VERTEX_POINT('',#9328);
#2756=VERTEX_POINT('',#9330);
#2757=VERTEX_POINT('',#9332);
#2758=VERTEX_POINT('',#9334);
#2759=VERTEX_POINT('',#9336);
#2760=VERTEX_POINT('',#9338);
#2761=VERTEX_POINT('',#9342);
#2762=VERTEX_POINT('',#9343);
#2763=VERTEX_POINT('',#9345);
#2764=VERTEX_POINT('',#9347);
#2765=VERTEX_POINT('',#9349);
#2766=VERTEX_POINT('',#9351);
#2767=VERTEX_POINT('',#9355);
#2768=VERTEX_POINT('',#9356);
#2769=VERTEX_POINT('',#9358);
#2770=VERTEX_POINT('',#9360);
#2771=VERTEX_POINT('',#9365);
#2772=VERTEX_POINT('',#9367);
#2773=VERTEX_POINT('',#9369);
#2774=VERTEX_POINT('',#9371);
#2775=VERTEX_POINT('',#9373);
#2776=VERTEX_POINT('',#9376);
#2777=VERTEX_POINT('',#9378);
#2778=VERTEX_POINT('',#9380);
#2779=VERTEX_POINT('',#9382);
#2780=VERTEX_POINT('',#9384);
#2781=VERTEX_POINT('',#9386);
#2782=VERTEX_POINT('',#9388);
#2783=VERTEX_POINT('',#9392);
#2784=VERTEX_POINT('',#9395);
#2785=VERTEX_POINT('',#9397);
#2786=VERTEX_POINT('',#9399);
#2787=VERTEX_POINT('',#9401);
#2788=VERTEX_POINT('',#9403);
#2789=VERTEX_POINT('',#9406);
#2790=VERTEX_POINT('',#9410);
#2791=VERTEX_POINT('',#9411);
#2792=VERTEX_POINT('',#9414);
#2793=VERTEX_POINT('',#9417);
#2794=VERTEX_POINT('',#9419);
#2795=VERTEX_POINT('',#9421);
#2796=VERTEX_POINT('',#9423);
#2797=VERTEX_POINT('',#9425);
#2798=VERTEX_POINT('',#9427);
#2799=VERTEX_POINT('',#9431);
#2800=VERTEX_POINT('',#9433);
#2801=VERTEX_POINT('',#9437);
#2802=VERTEX_POINT('',#9438);
#2803=VERTEX_POINT('',#9440);
#2804=VERTEX_POINT('',#9442);
#2805=VERTEX_POINT('',#9444);
#2806=VERTEX_POINT('',#9446);
#2807=VERTEX_POINT('',#9448);
#2808=VERTEX_POINT('',#9453);
#2809=VERTEX_POINT('',#9457);
#2810=VERTEX_POINT('',#9459);
#2811=VERTEX_POINT('',#9461);
#2812=VERTEX_POINT('',#9463);
#2813=VERTEX_POINT('',#9465);
#2814=VERTEX_POINT('',#9467);
#2815=VERTEX_POINT('',#9469);
#2816=VERTEX_POINT('',#9472);
#2817=VERTEX_POINT('',#9477);
#2818=VERTEX_POINT('',#9479);
#2819=VERTEX_POINT('',#9481);
#2820=VERTEX_POINT('',#9485);
#2821=VERTEX_POINT('',#9486);
#2822=VERTEX_POINT('',#9488);
#2823=VERTEX_POINT('',#9490);
#2824=VERTEX_POINT('',#9494);
#2825=VERTEX_POINT('',#9496);
#2826=VERTEX_POINT('',#9498);
#2827=VERTEX_POINT('',#9507);
#2828=VERTEX_POINT('',#9509);
#2829=VERTEX_POINT('',#9513);
#2830=VERTEX_POINT('',#9514);
#2831=VERTEX_POINT('',#9516);
#2832=VERTEX_POINT('',#9518);
#2833=VERTEX_POINT('',#9520);
#2834=VERTEX_POINT('',#9523);
#2835=VERTEX_POINT('',#9527);
#2836=VERTEX_POINT('',#9532);
#2837=VERTEX_POINT('',#9533);
#2838=VERTEX_POINT('',#9535);
#2839=VERTEX_POINT('',#9538);
#2840=VERTEX_POINT('',#9542);
#2841=VERTEX_POINT('',#9544);
#2842=VERTEX_POINT('',#9549);
#2843=VERTEX_POINT('',#9551);
#2844=VERTEX_POINT('',#9555);
#2845=VERTEX_POINT('',#9556);
#2846=VERTEX_POINT('',#9558);
#2847=VERTEX_POINT('',#9560);
#2848=VERTEX_POINT('',#9563);
#2849=VERTEX_POINT('',#9564);
#2850=VERTEX_POINT('',#9566);
#2851=VERTEX_POINT('',#9568);
#2852=VERTEX_POINT('',#9575);
#2853=VERTEX_POINT('',#9577);
#2854=VERTEX_POINT('',#9590);
#2855=VERTEX_POINT('',#9592);
#2856=VERTEX_POINT('',#9596);
#2857=VERTEX_POINT('',#9600);
#2858=VERTEX_POINT('',#9601);
#2859=VERTEX_POINT('',#9607);
#2860=VERTEX_POINT('',#9609);
#2861=VERTEX_POINT('',#9611);
#2862=VERTEX_POINT('',#9613);
#2863=VERTEX_POINT('',#9627);
#2864=VERTEX_POINT('',#9636);
#2865=VERTEX_POINT('',#9640);
#2866=VERTEX_POINT('',#9642);
#2867=VERTEX_POINT('',#9648);
#2868=VERTEX_POINT('',#9654);
#2869=VERTEX_POINT('',#9655);
#2870=VERTEX_POINT('',#9657);
#2871=VERTEX_POINT('',#9662);
#2872=VERTEX_POINT('',#9669);
#2873=VERTEX_POINT('',#9678);
#2874=VERTEX_POINT('',#9684);
#2875=VERTEX_POINT('',#9690);
#2876=VERTEX_POINT('',#9691);
#2877=VERTEX_POINT('',#9693);
#2878=VERTEX_POINT('',#9695);
#2879=VERTEX_POINT('',#9699);
#2880=VERTEX_POINT('',#9701);
#2881=VERTEX_POINT('',#9705);
#2882=VERTEX_POINT('',#9707);
#2883=VERTEX_POINT('',#9715);
#2884=VERTEX_POINT('',#9717);
#2885=VERTEX_POINT('',#9721);
#2886=VERTEX_POINT('',#9723);
#2887=VERTEX_POINT('',#9727);
#2888=VERTEX_POINT('',#9728);
#2889=VERTEX_POINT('',#9730);
#2890=VERTEX_POINT('',#9732);
#2891=VERTEX_POINT('',#9736);
#2892=VERTEX_POINT('',#9737);
#2893=VERTEX_POINT('',#9739);
#2894=VERTEX_POINT('',#9741);
#2895=VERTEX_POINT('',#9745);
#2896=VERTEX_POINT('',#9747);
#2897=VERTEX_POINT('',#9751);
#2898=VERTEX_POINT('',#9753);
#2899=VERTEX_POINT('',#9780);
#2900=VERTEX_POINT('',#9781);
#2901=VERTEX_POINT('',#9783);
#2902=VERTEX_POINT('',#9785);
#2903=VERTEX_POINT('',#9789);
#2904=VERTEX_POINT('',#9791);
#2905=VERTEX_POINT('',#9795);
#2906=VERTEX_POINT('',#9797);
#2907=VERTEX_POINT('',#9805);
#2908=VERTEX_POINT('',#9807);
#2909=VERTEX_POINT('',#9811);
#2910=VERTEX_POINT('',#9813);
#2911=VERTEX_POINT('',#9817);
#2912=VERTEX_POINT('',#9818);
#2913=VERTEX_POINT('',#9820);
#2914=VERTEX_POINT('',#9822);
#2915=VERTEX_POINT('',#9826);
#2916=VERTEX_POINT('',#9827);
#2917=VERTEX_POINT('',#9829);
#2918=VERTEX_POINT('',#9831);
#2919=VERTEX_POINT('',#9835);
#2920=VERTEX_POINT('',#9837);
#2921=VERTEX_POINT('',#9841);
#2922=VERTEX_POINT('',#9843);
#2923=VERTEX_POINT('',#9870);
#2924=VERTEX_POINT('',#9874);
#2925=VERTEX_POINT('',#9876);
#2926=VERTEX_POINT('',#9880);
#2927=VERTEX_POINT('',#9882);
#2928=VERTEX_POINT('',#9891);
#2929=VERTEX_POINT('',#9893);
#2930=VERTEX_POINT('',#9897);
#2931=VERTEX_POINT('',#9899);
#2932=VERTEX_POINT('',#9903);
#2933=VERTEX_POINT('',#9922);
#2934=VERTEX_POINT('',#9923);
#2935=VERTEX_POINT('',#9925);
#2936=VERTEX_POINT('',#9930);
#2937=VERTEX_POINT('',#9935);
#2938=VERTEX_POINT('',#9937);
#2939=VERTEX_POINT('',#9939);
#2940=VERTEX_POINT('',#9942);
#2941=VERTEX_POINT('',#9943);
#2942=VERTEX_POINT('',#9945);
#2943=VERTEX_POINT('',#9947);
#2944=VERTEX_POINT('',#9949);
#2945=VERTEX_POINT('',#9951);
#2946=VERTEX_POINT('',#9953);
#2947=VERTEX_POINT('',#10006);
#2948=VERTEX_POINT('',#10007);
#2949=VERTEX_POINT('',#10019);
#2950=VERTEX_POINT('',#10023);
#2951=VERTEX_POINT('',#10027);
#2952=VERTEX_POINT('',#10031);
#2953=VERTEX_POINT('',#10042);
#2954=VERTEX_POINT('',#10063);
#2955=VERTEX_POINT('',#10065);
#2956=VERTEX_POINT('',#10072);
#2957=VERTEX_POINT('',#10076);
#2958=VERTEX_POINT('',#10080);
#2959=VERTEX_POINT('',#10084);
#2960=VERTEX_POINT('',#10088);
#2961=VERTEX_POINT('',#10092);
#2962=VERTEX_POINT('',#10103);
#2963=VERTEX_POINT('',#10117);
#2964=VERTEX_POINT('',#10124);
#2965=VERTEX_POINT('',#10135);
#2966=VERTEX_POINT('',#10146);
#2967=VERTEX_POINT('',#10153);
#2968=VERTEX_POINT('',#10157);
#2969=VERTEX_POINT('',#10171);
#2970=VERTEX_POINT('',#10173);
#2971=VERTEX_POINT('',#10184);
#2972=VERTEX_POINT('',#10195);
#2973=VERTEX_POINT('',#10206);
#2974=VERTEX_POINT('',#10217);
#2975=VERTEX_POINT('',#10228);
#2976=VERTEX_POINT('',#10242);
#2977=VERTEX_POINT('',#10253);
#2978=VERTEX_POINT('',#10267);
#2979=VERTEX_POINT('',#10274);
#2980=VERTEX_POINT('',#10285);
#2981=VERTEX_POINT('',#10299);
#2982=VERTEX_POINT('',#10313);
#2983=VERTEX_POINT('',#10327);
#2984=VERTEX_POINT('',#10338);
#2985=VERTEX_POINT('',#10349);
#2986=VERTEX_POINT('',#10360);
#2987=VERTEX_POINT('',#10374);
#2988=VERTEX_POINT('',#10385);
#2989=VERTEX_POINT('',#10392);
#2990=VERTEX_POINT('',#10406);
#2991=VERTEX_POINT('',#10407);
#2992=VERTEX_POINT('',#10409);
#2993=VERTEX_POINT('',#10411);
#2994=VERTEX_POINT('',#10416);
#2995=VERTEX_POINT('',#10421);
#2996=VERTEX_POINT('',#10423);
#2997=VERTEX_POINT('',#10425);
#2998=VERTEX_POINT('',#10427);
#2999=VERTEX_POINT('',#10429);
#3000=VERTEX_POINT('',#10431);
#3001=VERTEX_POINT('',#10433);
#3002=VERTEX_POINT('',#10438);
#3003=VERTEX_POINT('',#10443);
#3004=VERTEX_POINT('',#10449);
#3005=VERTEX_POINT('',#10450);
#3006=VERTEX_POINT('',#10452);
#3007=VERTEX_POINT('',#10454);
#3008=VERTEX_POINT('',#10459);
#3009=VERTEX_POINT('',#10461);
#3010=VERTEX_POINT('',#10466);
#3011=VERTEX_POINT('',#10468);
#3012=VERTEX_POINT('',#10566);
#3013=VERTEX_POINT('',#10567);
#3014=VERTEX_POINT('',#10579);
#3015=VERTEX_POINT('',#10586);
#3016=VERTEX_POINT('',#10590);
#3017=VERTEX_POINT('',#10601);
#3018=VERTEX_POINT('',#10615);
#3019=VERTEX_POINT('',#10626);
#3020=VERTEX_POINT('',#10643);
#3021=VERTEX_POINT('',#10644);
#3022=VERTEX_POINT('',#10649);
#3023=VERTEX_POINT('',#10651);
#3024=VERTEX_POINT('',#10656);
#3025=VERTEX_POINT('',#10658);
#3026=VERTEX_POINT('',#10663);
#3027=VERTEX_POINT('',#10668);
#3028=VERTEX_POINT('',#10670);
#3029=VERTEX_POINT('',#10672);
#3030=VERTEX_POINT('',#10674);
#3031=VERTEX_POINT('',#10676);
#3032=VERTEX_POINT('',#10681);
#3033=VERTEX_POINT('',#10686);
#3034=VERTEX_POINT('',#10688);
#3035=VERTEX_POINT('',#10690);
#3036=VERTEX_POINT('',#10692);
#3037=VERTEX_POINT('',#10694);
#3038=VERTEX_POINT('',#10699);
#3039=VERTEX_POINT('',#10704);
#3040=VERTEX_POINT('',#10709);
#3041=VERTEX_POINT('',#10714);
#3042=VERTEX_POINT('',#10719);
#3043=VERTEX_POINT('',#10724);
#3044=VERTEX_POINT('',#10729);
#3045=VERTEX_POINT('',#10731);
#3046=VERTEX_POINT('',#10736);
#3047=VERTEX_POINT('',#10741);
#3048=VERTEX_POINT('',#10743);
#3049=VERTEX_POINT('',#10748);
#3050=VERTEX_POINT('',#10753);
#3051=VERTEX_POINT('',#10758);
#3052=VERTEX_POINT('',#10760);
#3053=VERTEX_POINT('',#10763);
#3054=VERTEX_POINT('',#10764);
#3055=VERTEX_POINT('',#11040);
#3056=VERTEX_POINT('',#11041);
#3057=VERTEX_POINT('',#11073);
#3058=VERTEX_POINT('',#11074);
#3059=VERTEX_POINT('',#11076);
#3060=VERTEX_POINT('',#11081);
#3061=VERTEX_POINT('',#11086);
#3062=VERTEX_POINT('',#11088);
#3063=VERTEX_POINT('',#11090);
#3064=VERTEX_POINT('',#11093);
#3065=VERTEX_POINT('',#11094);
#3066=VERTEX_POINT('',#11096);
#3067=VERTEX_POINT('',#11098);
#3068=VERTEX_POINT('',#11100);
#3069=VERTEX_POINT('',#11102);
#3070=VERTEX_POINT('',#11104);
#3071=VERTEX_POINT('',#11157);
#3072=VERTEX_POINT('',#11158);
#3073=VERTEX_POINT('',#11170);
#3074=VERTEX_POINT('',#11174);
#3075=VERTEX_POINT('',#11178);
#3076=VERTEX_POINT('',#11182);
#3077=VERTEX_POINT('',#11193);
#3078=VERTEX_POINT('',#11214);
#3079=VERTEX_POINT('',#11216);
#3080=VERTEX_POINT('',#11227);
#3081=VERTEX_POINT('',#11241);
#3082=VERTEX_POINT('',#11255);
#3083=VERTEX_POINT('',#11269);
#3084=VERTEX_POINT('',#11276);
#3085=VERTEX_POINT('',#11287);
#3086=VERTEX_POINT('',#11298);
#3087=VERTEX_POINT('',#11312);
#3088=VERTEX_POINT('',#11326);
#3089=VERTEX_POINT('',#11337);
#3090=VERTEX_POINT('',#11351);
#3091=VERTEX_POINT('',#11358);
#3092=VERTEX_POINT('',#11372);
#3093=VERTEX_POINT('',#11373);
#3094=VERTEX_POINT('',#11375);
#3095=VERTEX_POINT('',#11377);
#3096=VERTEX_POINT('',#11379);
#3097=VERTEX_POINT('',#11381);
#3098=VERTEX_POINT('',#11383);
#3099=VERTEX_POINT('',#11385);
#3100=VERTEX_POINT('',#11388);
#3101=VERTEX_POINT('',#11389);
#3102=VERTEX_POINT('',#11394);
#3103=VERTEX_POINT('',#11396);
#3104=VERTEX_POINT('',#11401);
#3105=VERTEX_POINT('',#11403);
#3106=VERTEX_POINT('',#11430);
#3107=VERTEX_POINT('',#11431);
#3108=VERTEX_POINT('',#11439);
#3109=VERTEX_POINT('',#11443);
#3110=VERTEX_POINT('',#11447);
#3111=VERTEX_POINT('',#11458);
#3112=VERTEX_POINT('',#11468);
#3113=VERTEX_POINT('',#11470);
#3114=VERTEX_POINT('',#11474);
#3115=VERTEX_POINT('',#11478);
#3116=VERTEX_POINT('',#11482);
#3117=VERTEX_POINT('',#11486);
#3118=VERTEX_POINT('',#11490);
#3119=VERTEX_POINT('',#11494);
#3120=VERTEX_POINT('',#11498);
#3121=VERTEX_POINT('',#11502);
#3122=VERTEX_POINT('',#11506);
#3123=VERTEX_POINT('',#11510);
#3124=VERTEX_POINT('',#11517);
#3125=VERTEX_POINT('',#11519);
#3126=VERTEX_POINT('',#11523);
#3127=VERTEX_POINT('',#11527);
#3128=VERTEX_POINT('',#11531);
#3129=VERTEX_POINT('',#11535);
#3130=VERTEX_POINT('',#11539);
#3131=VERTEX_POINT('',#11543);
#3132=VERTEX_POINT('',#11547);
#3133=VERTEX_POINT('',#11551);
#3134=VERTEX_POINT('',#11555);
#3135=VERTEX_POINT('',#11559);
#3136=VERTEX_POINT('',#11566);
#3137=VERTEX_POINT('',#11567);
#3138=VERTEX_POINT('',#11569);
#3139=VERTEX_POINT('',#11571);
#3140=VERTEX_POINT('',#11573);
#3141=VERTEX_POINT('',#11575);
#3142=VERTEX_POINT('',#11577);
#3143=VERTEX_POINT('',#11579);
#3144=VERTEX_POINT('',#11582);
#3145=VERTEX_POINT('',#11583);
#3146=VERTEX_POINT('',#11588);
#3147=VERTEX_POINT('',#11590);
#3148=VERTEX_POINT('',#11595);
#3149=VERTEX_POINT('',#11597);
#3150=VERTEX_POINT('',#11624);
#3151=VERTEX_POINT('',#11625);
#3152=VERTEX_POINT('',#11633);
#3153=VERTEX_POINT('',#11637);
#3154=VERTEX_POINT('',#11641);
#3155=VERTEX_POINT('',#11652);
#3156=VERTEX_POINT('',#11662);
#3157=VERTEX_POINT('',#11664);
#3158=VERTEX_POINT('',#11668);
#3159=VERTEX_POINT('',#11672);
#3160=VERTEX_POINT('',#11676);
#3161=VERTEX_POINT('',#11680);
#3162=VERTEX_POINT('',#11684);
#3163=VERTEX_POINT('',#11688);
#3164=VERTEX_POINT('',#11692);
#3165=VERTEX_POINT('',#11696);
#3166=VERTEX_POINT('',#11700);
#3167=VERTEX_POINT('',#11704);
#3168=VERTEX_POINT('',#11711);
#3169=VERTEX_POINT('',#11713);
#3170=VERTEX_POINT('',#11717);
#3171=VERTEX_POINT('',#11721);
#3172=VERTEX_POINT('',#11725);
#3173=VERTEX_POINT('',#11729);
#3174=EDGE_CURVE('',#2550,#2551,#1084,.T.);
#3175=EDGE_CURVE('',#2551,#2552,#1085,.T.);
#3176=EDGE_CURVE('',#2553,#2552,#1086,.T.);
#3177=EDGE_CURVE('',#2554,#2553,#1087,.T.);
#3178=EDGE_CURVE('',#2555,#2554,#1088,.T.);
#3179=EDGE_CURVE('',#2556,#2555,#1089,.T.);
#3180=EDGE_CURVE('',#2557,#2556,#1090,.T.);
#3181=EDGE_CURVE('',#2558,#2557,#1091,.T.);
#3182=EDGE_CURVE('',#2559,#2558,#1092,.T.);
#3183=EDGE_CURVE('',#2560,#2559,#1093,.T.);
#3184=EDGE_CURVE('',#2560,#2561,#1094,.T.);
#3185=EDGE_CURVE('',#2561,#2562,#1095,.T.);
#3186=EDGE_CURVE('',#2562,#2563,#1096,.T.);
#3187=EDGE_CURVE('',#2563,#2564,#1097,.T.);
#3188=EDGE_CURVE('',#2565,#2564,#1098,.T.);
#3189=EDGE_CURVE('',#2565,#2550,#1099,.T.);
#3190=EDGE_CURVE('',#2566,#2567,#1100,.T.);
#3191=EDGE_CURVE('',#2568,#2566,#285,.T.);
#3192=EDGE_CURVE('',#2569,#2568,#173,.T.);
#3193=EDGE_CURVE('',#2570,#2569,#1101,.T.);
#3194=EDGE_CURVE('',#2571,#2570,#174,.T.);
#3195=EDGE_CURVE('',#2572,#2571,#175,.T.);
#3196=EDGE_CURVE('',#2573,#2572,#1102,.T.);
#3197=EDGE_CURVE('',#2574,#2573,#1103,.T.);
#3198=EDGE_CURVE('',#2575,#2574,#1104,.T.);
#3199=EDGE_CURVE('',#2576,#2575,#1105,.T.);
#3200=EDGE_CURVE('',#2577,#2576,#286,.T.);
#3201=EDGE_CURVE('',#2578,#2577,#287,.T.);
#3202=EDGE_CURVE('',#2579,#2578,#176,.T.);
#3203=EDGE_CURVE('',#2567,#2579,#177,.T.);
#3204=EDGE_CURVE('',#2580,#2581,#178,.T.);
#3205=EDGE_CURVE('',#2582,#2580,#288,.T.);
#3206=EDGE_CURVE('',#2583,#2582,#289,.T.);
#3207=EDGE_CURVE('',#2584,#2583,#1106,.T.);
#3208=EDGE_CURVE('',#2585,#2584,#1107,.T.);
#3209=EDGE_CURVE('',#2586,#2585,#1108,.T.);
#3210=EDGE_CURVE('',#2581,#2586,#179,.T.);
#3211=EDGE_CURVE('',#2587,#2588,#180,.T.);
#3212=EDGE_CURVE('',#2589,#2587,#290,.T.);
#3213=EDGE_CURVE('',#2590,#2589,#291,.T.);
#3214=EDGE_CURVE('',#2591,#2590,#1109,.T.);
#3215=EDGE_CURVE('',#2592,#2591,#181,.T.);
#3216=EDGE_CURVE('',#2593,#2592,#182,.T.);
#3217=EDGE_CURVE('',#2594,#2593,#292,.T.);
#3218=EDGE_CURVE('',#2595,#2594,#183,.T.);
#3219=EDGE_CURVE('',#2596,#2595,#184,.T.);
#3220=EDGE_CURVE('',#2597,#2596,#293,.T.);
#3221=EDGE_CURVE('',#2598,#2597,#1110,.T.);
#3222=EDGE_CURVE('',#2599,#2598,#185,.T.);
#3223=EDGE_CURVE('',#2600,#2599,#186,.T.);
#3224=EDGE_CURVE('',#2588,#2600,#187,.T.);
#3225=EDGE_CURVE('',#2601,#2602,#1111,.T.);
#3226=EDGE_CURVE('',#2603,#2601,#1112,.T.);
#3227=EDGE_CURVE('',#2604,#2603,#1113,.T.);
#3228=EDGE_CURVE('',#2605,#2604,#1114,.T.);
#3229=EDGE_CURVE('',#2606,#2605,#1115,.T.);
#3230=EDGE_CURVE('',#2607,#2606,#1116,.T.);
#3231=EDGE_CURVE('',#2608,#2607,#1117,.T.);
#3232=EDGE_CURVE('',#2602,#2608,#1118,.T.);
#3233=EDGE_CURVE('',#2609,#2610,#1119,.T.);
#3234=EDGE_CURVE('',#2611,#2609,#1120,.T.);
#3235=EDGE_CURVE('',#2612,#2611,#1121,.T.);
#3236=EDGE_CURVE('',#2613,#2612,#1122,.T.);
#3237=EDGE_CURVE('',#2614,#2613,#1123,.T.);
#3238=EDGE_CURVE('',#2615,#2614,#1124,.T.);
#3239=EDGE_CURVE('',#2616,#2615,#1125,.T.);
#3240=EDGE_CURVE('',#2617,#2616,#1126,.T.);
#3241=EDGE_CURVE('',#2618,#2617,#1127,.T.);
#3242=EDGE_CURVE('',#2619,#2618,#1128,.T.);
#3243=EDGE_CURVE('',#2620,#2619,#1129,.T.);
#3244=EDGE_CURVE('',#2610,#2620,#1130,.T.);
#3245=EDGE_CURVE('',#2621,#2622,#1131,.T.);
#3246=EDGE_CURVE('',#2623,#2621,#1132,.T.);
#3247=EDGE_CURVE('',#2624,#2623,#1133,.T.);
#3248=EDGE_CURVE('',#2625,#2624,#1134,.T.);
#3249=EDGE_CURVE('',#2626,#2625,#1135,.T.);
#3250=EDGE_CURVE('',#2622,#2626,#1136,.T.);
#3251=EDGE_CURVE('',#2627,#2628,#1137,.T.);
#3252=EDGE_CURVE('',#2629,#2627,#1138,.T.);
#3253=EDGE_CURVE('',#2630,#2629,#1139,.T.);
#3254=EDGE_CURVE('',#2631,#2630,#1140,.T.);
#3255=EDGE_CURVE('',#2632,#2631,#1141,.T.);
#3256=EDGE_CURVE('',#2633,#2632,#1142,.T.);
#3257=EDGE_CURVE('',#2634,#2633,#1143,.T.);
#3258=EDGE_CURVE('',#2635,#2634,#1144,.T.);
#3259=EDGE_CURVE('',#2636,#2635,#1145,.T.);
#3260=EDGE_CURVE('',#2637,#2636,#1146,.T.);
#3261=EDGE_CURVE('',#2638,#2637,#1147,.T.);
#3262=EDGE_CURVE('',#2628,#2638,#1148,.T.);
#3263=EDGE_CURVE('',#2639,#2640,#1149,.T.);
#3264=EDGE_CURVE('',#2641,#2639,#1150,.T.);
#3265=EDGE_CURVE('',#2642,#2641,#1151,.T.);
#3266=EDGE_CURVE('',#2643,#2642,#1152,.T.);
#3267=EDGE_CURVE('',#2644,#2643,#1153,.T.);
#3268=EDGE_CURVE('',#2645,#2644,#1154,.T.);
#3269=EDGE_CURVE('',#2646,#2645,#1155,.T.);
#3270=EDGE_CURVE('',#2647,#2646,#1156,.T.);
#3271=EDGE_CURVE('',#2648,#2647,#1157,.T.);
#3272=EDGE_CURVE('',#2649,#2648,#1158,.T.);
#3273=EDGE_CURVE('',#2650,#2649,#1159,.T.);
#3274=EDGE_CURVE('',#2640,#2650,#1160,.T.);
#3275=EDGE_CURVE('',#2651,#2652,#1161,.T.);
#3276=EDGE_CURVE('',#2653,#2651,#1162,.T.);
#3277=EDGE_CURVE('',#2654,#2653,#1163,.T.);
#3278=EDGE_CURVE('',#2655,#2654,#1164,.T.);
#3279=EDGE_CURVE('',#2656,#2655,#1165,.T.);
#3280=EDGE_CURVE('',#2657,#2656,#1166,.T.);
#3281=EDGE_CURVE('',#2658,#2657,#1167,.T.);
#3282=EDGE_CURVE('',#2652,#2658,#1168,.T.);
#3283=EDGE_CURVE('',#2659,#2660,#294,.T.);
#3284=EDGE_CURVE('',#2661,#2659,#188,.T.);
#3285=EDGE_CURVE('',#2662,#2661,#295,.T.);
#3286=EDGE_CURVE('',#2663,#2662,#296,.T.);
#3287=EDGE_CURVE('',#2664,#2663,#1169,.T.);
#3288=EDGE_CURVE('',#2665,#2664,#189,.T.);
#3289=EDGE_CURVE('',#2666,#2665,#190,.T.);
#3290=EDGE_CURVE('',#2667,#2666,#191,.T.);
#3291=EDGE_CURVE('',#2668,#2667,#1170,.T.);
#3292=EDGE_CURVE('',#2669,#2668,#192,.T.);
#3293=EDGE_CURVE('',#2670,#2669,#193,.T.);
#3294=EDGE_CURVE('',#2671,#2670,#1171,.T.);
#3295=EDGE_CURVE('',#2672,#2671,#194,.T.);
#3296=EDGE_CURVE('',#2673,#2672,#195,.T.);
#3297=EDGE_CURVE('',#2674,#2673,#196,.T.);
#3298=EDGE_CURVE('',#2675,#2674,#197,.T.);
#3299=EDGE_CURVE('',#2676,#2675,#198,.T.);
#3300=EDGE_CURVE('',#2677,#2676,#199,.T.);
#3301=EDGE_CURVE('',#2678,#2677,#200,.T.);
#3302=EDGE_CURVE('',#2679,#2678,#1172,.T.);
#3303=EDGE_CURVE('',#2680,#2679,#1173,.T.);
#3304=EDGE_CURVE('',#2681,#2680,#1174,.T.);
#3305=EDGE_CURVE('',#2682,#2681,#1175,.T.);
#3306=EDGE_CURVE('',#2683,#2682,#201,.T.);
#3307=EDGE_CURVE('',#2684,#2683,#202,.T.);
#3308=EDGE_CURVE('',#2685,#2684,#297,.T.);
#3309=EDGE_CURVE('',#2686,#2685,#298,.T.);
#3310=EDGE_CURVE('',#2687,#2686,#299,.T.);
#3311=EDGE_CURVE('',#2688,#2687,#300,.T.);
#3312=EDGE_CURVE('',#2689,#2688,#203,.T.);
#3313=EDGE_CURVE('',#2690,#2689,#204,.T.);
#3314=EDGE_CURVE('',#2691,#2690,#301,.T.);
#3315=EDGE_CURVE('',#2660,#2691,#205,.T.);
#3316=EDGE_CURVE('',#2692,#2693,#302,.T.);
#3317=EDGE_CURVE('',#2694,#2692,#303,.T.);
#3318=EDGE_CURVE('',#2695,#2694,#304,.T.);
#3319=EDGE_CURVE('',#2696,#2695,#1176,.T.);
#3320=EDGE_CURVE('',#2697,#2696,#206,.T.);
#3321=EDGE_CURVE('',#2698,#2697,#305,.T.);
#3322=EDGE_CURVE('',#2699,#2698,#207,.T.);
#3323=EDGE_CURVE('',#2700,#2699,#306,.T.);
#3324=EDGE_CURVE('',#2701,#2700,#307,.T.);
#3325=EDGE_CURVE('',#2702,#2701,#308,.T.);
#3326=EDGE_CURVE('',#2703,#2702,#208,.T.);
#3327=EDGE_CURVE('',#2704,#2703,#209,.T.);
#3328=EDGE_CURVE('',#2705,#2704,#210,.T.);
#3329=EDGE_CURVE('',#2706,#2705,#1177,.T.);
#3330=EDGE_CURVE('',#2707,#2706,#211,.T.);
#3331=EDGE_CURVE('',#2708,#2707,#212,.T.);
#3332=EDGE_CURVE('',#2709,#2708,#309,.T.);
#3333=EDGE_CURVE('',#2710,#2709,#213,.T.);
#3334=EDGE_CURVE('',#2711,#2710,#310,.T.);
#3335=EDGE_CURVE('',#2712,#2711,#311,.T.);
#3336=EDGE_CURVE('',#2693,#2712,#312,.T.);
#3337=EDGE_CURVE('',#2713,#2714,#1178,.T.);
#3338=EDGE_CURVE('',#2715,#2713,#214,.T.);
#3339=EDGE_CURVE('',#2716,#2715,#1179,.T.);
#3340=EDGE_CURVE('',#2717,#2716,#1180,.T.);
#3341=EDGE_CURVE('',#2718,#2717,#1181,.T.);
#3342=EDGE_CURVE('',#2719,#2718,#215,.T.);
#3343=EDGE_CURVE('',#2720,#2719,#313,.T.);
#3344=EDGE_CURVE('',#2721,#2720,#1182,.T.);
#3345=EDGE_CURVE('',#2722,#2721,#216,.T.);
#3346=EDGE_CURVE('',#2723,#2722,#217,.T.);
#3347=EDGE_CURVE('',#2724,#2723,#1183,.T.);
#3348=EDGE_CURVE('',#2725,#2724,#1184,.T.);
#3349=EDGE_CURVE('',#2726,#2725,#1185,.T.);
#3350=EDGE_CURVE('',#2727,#2726,#1186,.T.);
#3351=EDGE_CURVE('',#2714,#2727,#1187,.T.);
#3352=EDGE_CURVE('',#2728,#2729,#218,.T.);
#3353=EDGE_CURVE('',#2730,#2728,#314,.T.);
#3354=EDGE_CURVE('',#2731,#2730,#315,.T.);
#3355=EDGE_CURVE('',#2732,#2731,#1188,.T.);
#3356=EDGE_CURVE('',#2733,#2732,#1189,.T.);
#3357=EDGE_CURVE('',#2734,#2733,#1190,.T.);
#3358=EDGE_CURVE('',#2729,#2734,#219,.T.);
#3359=EDGE_CURVE('',#2735,#2552,#1191,.T.);
#3360=EDGE_CURVE('',#2735,#2736,#1192,.T.);
#3361=EDGE_CURVE('',#2736,#2565,#1193,.T.);
#3362=EDGE_CURVE('',#2564,#2737,#1194,.T.);
#3363=EDGE_CURVE('',#2738,#2737,#1195,.T.);
#3364=EDGE_CURVE('',#2739,#2738,#1196,.T.);
#3365=EDGE_CURVE('',#2739,#2740,#1197,.T.);
#3366=EDGE_CURVE('',#2740,#2741,#1198,.T.);
#3367=EDGE_CURVE('',#2741,#2742,#1199,.T.);
#3368=EDGE_CURVE('',#2742,#2557,#1200,.T.);
#3369=EDGE_CURVE('',#2743,#2556,#1201,.T.);
#3370=EDGE_CURVE('',#2744,#2743,#1202,.T.);
#3371=EDGE_CURVE('',#2744,#2553,#1203,.T.);
#3372=EDGE_CURVE('',#2745,#2746,#1204,.T.);
#3373=EDGE_CURVE('',#2745,#2747,#1205,.T.);
#3374=EDGE_CURVE('',#2747,#2748,#1206,.T.);
#3375=EDGE_CURVE('',#2746,#2748,#1207,.T.);
#3376=EDGE_CURVE('',#2749,#2750,#1208,.T.);
#3377=EDGE_CURVE('',#2749,#2751,#1209,.T.);
#3378=EDGE_CURVE('',#2751,#2752,#1210,.T.);
#3379=EDGE_CURVE('',#2750,#2752,#1211,.T.);
#3380=EDGE_CURVE('',#2753,#2754,#1212,.T.);
#3381=EDGE_CURVE('',#2755,#2753,#1213,.T.);
#3382=EDGE_CURVE('',#2755,#2756,#1214,.T.);
#3383=EDGE_CURVE('',#2756,#2757,#1215,.T.);
#3384=EDGE_CURVE('',#2757,#2758,#1216,.T.);
#3385=EDGE_CURVE('',#2758,#2759,#1217,.T.);
#3386=EDGE_CURVE('',#2760,#2759,#1218,.T.);
#3387=EDGE_CURVE('',#2754,#2760,#1219,.T.);
#3388=EDGE_CURVE('',#2761,#2762,#1220,.T.);
#3389=EDGE_CURVE('',#2763,#2761,#1221,.T.);
#3390=EDGE_CURVE('',#2764,#2763,#1222,.T.);
#3391=EDGE_CURVE('',#2764,#2765,#1223,.T.);
#3392=EDGE_CURVE('',#2766,#2765,#1224,.T.);
#3393=EDGE_CURVE('',#2766,#2762,#1225,.T.);
#3394=EDGE_CURVE('',#2767,#2768,#1226,.T.);
#3395=EDGE_CURVE('',#2767,#2769,#1227,.T.);
#3396=EDGE_CURVE('',#2769,#2770,#1228,.T.);
#3397=EDGE_CURVE('',#2763,#2770,#1229,.T.);
#3398=EDGE_CURVE('',#2768,#2761,#1230,.T.);
#3399=EDGE_CURVE('',#2771,#2767,#1231,.T.);
#3400=EDGE_CURVE('',#2771,#2772,#1232,.T.);
#3401=EDGE_CURVE('',#2772,#2773,#1233,.T.);
#3402=EDGE_CURVE('',#2773,#2774,#1234,.T.);
#3403=EDGE_CURVE('',#2775,#2774,#1235,.T.);
#3404=EDGE_CURVE('',#2775,#2740,#1236,.T.);
#3405=EDGE_CURVE('',#2776,#2739,#1237,.T.);
#3406=EDGE_CURVE('',#2776,#2777,#1238,.T.);
#3407=EDGE_CURVE('',#2778,#2777,#1239,.T.);
#3408=EDGE_CURVE('',#2779,#2778,#1240,.T.);
#3409=EDGE_CURVE('',#2780,#2779,#1241,.T.);
#3410=EDGE_CURVE('',#2780,#2781,#1242,.T.);
#3411=EDGE_CURVE('',#2781,#2782,#1243,.T.);
#3412=EDGE_CURVE('',#2782,#2769,#1244,.T.);
#3413=EDGE_CURVE('',#2773,#2783,#1245,.T.);
#3414=EDGE_CURVE('',#2783,#2765,#1246,.T.);
#3415=EDGE_CURVE('',#2784,#2764,#1247,.T.);
#3416=EDGE_CURVE('',#2785,#2784,#1248,.T.);
#3417=EDGE_CURVE('',#2786,#2785,#1249,.T.);
#3418=EDGE_CURVE('',#2787,#2786,#1250,.T.);
#3419=EDGE_CURVE('',#2787,#2788,#1251,.T.);
#3420=EDGE_CURVE('',#2558,#2788,#1252,.T.);
#3421=EDGE_CURVE('',#2742,#2789,#1253,.T.);
#3422=EDGE_CURVE('',#2789,#2774,#1254,.T.);
#3423=EDGE_CURVE('',#2790,#2791,#1255,.T.);
#3424=EDGE_CURVE('',#2778,#2790,#1256,.T.);
#3425=EDGE_CURVE('',#2792,#2777,#1257,.T.);
#3426=EDGE_CURVE('',#2737,#2792,#1258,.T.);
#3427=EDGE_CURVE('',#2563,#2793,#1259,.T.);
#3428=EDGE_CURVE('',#2794,#2793,#1260,.T.);
#3429=EDGE_CURVE('',#2794,#2795,#1261,.T.);
#3430=EDGE_CURVE('',#2795,#2796,#1262,.T.);
#3431=EDGE_CURVE('',#2796,#2797,#1263,.T.);
#3432=EDGE_CURVE('',#2797,#2798,#1264,.T.);
#3433=EDGE_CURVE('',#2798,#2791,#1265,.T.);
#3434=EDGE_CURVE('',#2799,#2795,#1266,.T.);
#3435=EDGE_CURVE('',#2800,#2794,#1267,.T.);
#3436=EDGE_CURVE('',#2799,#2800,#1268,.T.);
#3437=EDGE_CURVE('',#2801,#2802,#1269,.T.);
#3438=EDGE_CURVE('',#2802,#2803,#1270,.T.);
#3439=EDGE_CURVE('',#2803,#2804,#1271,.T.);
#3440=EDGE_CURVE('',#2805,#2804,#1272,.T.);
#3441=EDGE_CURVE('',#2806,#2805,#1273,.T.);
#3442=EDGE_CURVE('',#2807,#2806,#1274,.T.);
#3443=EDGE_CURVE('',#2807,#2798,#1275,.T.);
#3444=EDGE_CURVE('',#2801,#2797,#1276,.T.);
#3445=EDGE_CURVE('',#2793,#2808,#1277,.T.);
#3446=EDGE_CURVE('',#2800,#2808,#1278,.T.);
#3447=EDGE_CURVE('',#2809,#2561,#1279,.T.);
#3448=EDGE_CURVE('',#2810,#2560,#1280,.T.);
#3449=EDGE_CURVE('',#2811,#2810,#1281,.T.);
#3450=EDGE_CURVE('',#2811,#2812,#1282,.T.);
#3451=EDGE_CURVE('',#2813,#2812,#1283,.T.);
#3452=EDGE_CURVE('',#2813,#2814,#1284,.T.);
#3453=EDGE_CURVE('',#2814,#2815,#1285,.T.);
#3454=EDGE_CURVE('',#2815,#2758,#1286,.T.);
#3455=EDGE_CURVE('',#2757,#2816,#1287,.T.);
#3456=EDGE_CURVE('',#2816,#2809,#1288,.T.);
#3457=EDGE_CURVE('',#2782,#2806,#1289,.T.);
#3458=EDGE_CURVE('',#2805,#2817,#1290,.T.);
#3459=EDGE_CURVE('',#2817,#2818,#1291,.T.);
#3460=EDGE_CURVE('',#2818,#2819,#1292,.T.);
#3461=EDGE_CURVE('',#2770,#2819,#1293,.T.);
#3462=EDGE_CURVE('',#2820,#2821,#1294,.T.);
#3463=EDGE_CURVE('',#2821,#2822,#130,.T.);
#3464=EDGE_CURVE('',#2822,#2823,#1295,.T.);
#3465=EDGE_CURVE('',#2823,#2756,#1296,.T.);
#3466=EDGE_CURVE('',#2755,#2550,#1297,.T.);
#3467=EDGE_CURVE('',#2736,#2824,#1298,.T.);
#3468=EDGE_CURVE('',#2825,#2824,#1299,.T.);
#3469=EDGE_CURVE('',#2825,#2826,#1300,.T.);
#3470=EDGE_CURVE('',#2826,#2804,#1301,.T.);
#3471=EDGE_CURVE('',#2803,#2820,#131,.T.);
#3472=EDGE_CURVE('',#2823,#2816,#1302,.T.);
#3473=EDGE_CURVE('',#2817,#2826,#1303,.T.);
#3474=EDGE_CURVE('',#2819,#2827,#1304,.T.);
#3475=EDGE_CURVE('',#2818,#2828,#1305,.T.);
#3476=EDGE_CURVE('',#2827,#2828,#1306,.T.);
#3477=EDGE_CURVE('',#2829,#2830,#1307,.T.);
#3478=EDGE_CURVE('',#2830,#2831,#1308,.T.);
#3479=EDGE_CURVE('',#2832,#2831,#1309,.T.);
#3480=EDGE_CURVE('',#2832,#2833,#1310,.T.);
#3481=EDGE_CURVE('',#2833,#2813,#1311,.T.);
#3482=EDGE_CURVE('',#2812,#2834,#1312,.T.);
#3483=EDGE_CURVE('',#2829,#2834,#1313,.T.);
#3484=EDGE_CURVE('',#2835,#2828,#1314,.T.);
#3485=EDGE_CURVE('',#2828,#2826,#1315,.T.);
#3486=EDGE_CURVE('',#2835,#2825,#1316,.T.);
#3487=EDGE_CURVE('',#2836,#2837,#1317,.T.);
#3488=EDGE_CURVE('',#2836,#2838,#132,.T.);
#3489=EDGE_CURVE('',#2838,#2827,#1318,.T.);
#3490=EDGE_CURVE('',#2839,#2835,#1319,.T.);
#3491=EDGE_CURVE('',#2743,#2839,#1320,.T.);
#3492=EDGE_CURVE('',#2829,#2555,#1321,.T.);
#3493=EDGE_CURVE('',#2834,#2840,#1322,.T.);
#3494=EDGE_CURVE('',#2841,#2840,#1323,.T.);
#3495=EDGE_CURVE('',#2841,#2837,#133,.T.);
#3496=EDGE_CURVE('',#2824,#2754,#1324,.T.);
#3497=EDGE_CURVE('',#2760,#2842,#1325,.T.);
#3498=EDGE_CURVE('',#2842,#2843,#1326,.T.);
#3499=EDGE_CURVE('',#2843,#2832,#1327,.T.);
#3500=EDGE_CURVE('',#2831,#2839,#1328,.T.);
#3501=EDGE_CURVE('',#2844,#2845,#1329,.T.);
#3502=EDGE_CURVE('',#2844,#2846,#1330,.T.);
#3503=EDGE_CURVE('',#2846,#2847,#1331,.T.);
#3504=EDGE_CURVE('',#2845,#2847,#1332,.T.);
#3505=EDGE_CURVE('',#2848,#2849,#1333,.T.);
#3506=EDGE_CURVE('',#2848,#2850,#1334,.T.);
#3507=EDGE_CURVE('',#2850,#2851,#1335,.T.);
#3508=EDGE_CURVE('',#2849,#2851,#1336,.T.);
#3509=EDGE_CURVE('',#2840,#2811,#1337,.T.);
#3510=EDGE_CURVE('',#2842,#2852,#1338,.T.);
#3511=EDGE_CURVE('',#2852,#2853,#1339,.T.);
#3512=EDGE_CURVE('',#2843,#2853,#1340,.T.);
#3513=EDGE_CURVE('',#2853,#2833,#1341,.T.);
#3514=EDGE_CURVE('',#2759,#2852,#1342,.T.);
#3515=EDGE_CURVE('',#2814,#2853,#1343,.T.);
#3516=EDGE_CURVE('',#2815,#2852,#1344,.T.);
#3517=EDGE_CURVE('',#2838,#2854,#1345,.T.);
#3518=EDGE_CURVE('',#2855,#2854,#1346,.T.);
#3519=EDGE_CURVE('',#2855,#2784,#1347,.T.);
#3520=EDGE_CURVE('',#2856,#2810,#1348,.T.);
#3521=EDGE_CURVE('',#2856,#2841,#1349,.T.);
#3522=EDGE_CURVE('',#2857,#2858,#1350,.T.);
#3523=EDGE_CURVE('',#2858,#2836,#1351,.T.);
#3524=EDGE_CURVE('',#2837,#2857,#1352,.T.);
#3525=EDGE_CURVE('',#2857,#2856,#134,.T.);
#3526=EDGE_CURVE('',#2559,#2859,#1353,.T.);
#3527=EDGE_CURVE('',#2860,#2859,#1354,.T.);
#3528=EDGE_CURVE('',#2861,#2860,#1355,.T.);
#3529=EDGE_CURVE('',#2861,#2862,#1356,.T.);
#3530=EDGE_CURVE('',#2862,#2855,#1357,.T.);
#3531=EDGE_CURVE('',#2854,#2858,#135,.T.);
#3532=EDGE_CURVE('',#2859,#2788,#1358,.T.);
#3533=EDGE_CURVE('',#2860,#2787,#1359,.T.);
#3534=EDGE_CURVE('',#2861,#2786,#1360,.T.);
#3535=EDGE_CURVE('',#2862,#2785,#1361,.T.);
#3536=EDGE_CURVE('',#2741,#2863,#1362,.T.);
#3537=EDGE_CURVE('',#2863,#2789,#1363,.T.);
#3538=EDGE_CURVE('',#2863,#2775,#1364,.T.);
#3539=EDGE_CURVE('',#2822,#2864,#1365,.T.);
#3540=EDGE_CURVE('',#2864,#2809,#1366,.T.);
#3541=EDGE_CURVE('',#2820,#2865,#1367,.T.);
#3542=EDGE_CURVE('',#2866,#2865,#1368,.T.);
#3543=EDGE_CURVE('',#2866,#2821,#1369,.T.);
#3544=EDGE_CURVE('',#2864,#2866,#136,.T.);
#3545=EDGE_CURVE('',#2865,#2802,#137,.T.);
#3546=EDGE_CURVE('',#2867,#2801,#1370,.T.);
#3547=EDGE_CURVE('',#2799,#2867,#1371,.T.);
#3548=EDGE_CURVE('',#2562,#2808,#1372,.T.);
#3549=EDGE_CURVE('',#2868,#2869,#1373,.T.);
#3550=EDGE_CURVE('',#2870,#2868,#1374,.T.);
#3551=EDGE_CURVE('',#2791,#2870,#1375,.T.);
#3552=EDGE_CURVE('',#2807,#2869,#1376,.T.);
#3553=EDGE_CURVE('',#2781,#2871,#1377,.T.);
#3554=EDGE_CURVE('',#2871,#2869,#1378,.T.);
#3555=EDGE_CURVE('',#2867,#2796,#1379,.T.);
#3556=EDGE_CURVE('',#2872,#2792,#1380,.T.);
#3557=EDGE_CURVE('',#2738,#2872,#1381,.T.);
#3558=EDGE_CURVE('',#2872,#2776,#1382,.T.);
#3559=EDGE_CURVE('',#2870,#2873,#1383,.T.);
#3560=EDGE_CURVE('',#2873,#2790,#1384,.T.);
#3561=EDGE_CURVE('',#2873,#2779,#1385,.T.);
#3562=EDGE_CURVE('',#2766,#2874,#1386,.T.);
#3563=EDGE_CURVE('',#2874,#2783,#1387,.T.);
#3564=EDGE_CURVE('',#2874,#2772,#1388,.T.);
#3565=EDGE_CURVE('',#2875,#2876,#1389,.T.);
#3566=EDGE_CURVE('',#2876,#2877,#1390,.T.);
#3567=EDGE_CURVE('',#2877,#2878,#1391,.T.);
#3568=EDGE_CURVE('',#2878,#2875,#1392,.T.);
#3569=EDGE_CURVE('',#2851,#2879,#1393,.T.);
#3570=EDGE_CURVE('',#2879,#2880,#1394,.T.);
#3571=EDGE_CURVE('',#2849,#2880,#1395,.T.);
#3572=EDGE_CURVE('',#2848,#2881,#1396,.T.);
#3573=EDGE_CURVE('',#2881,#2882,#1397,.T.);
#3574=EDGE_CURVE('',#2850,#2882,#1398,.T.);
#3575=EDGE_CURVE('',#2882,#2879,#1399,.T.);
#3576=EDGE_CURVE('',#2880,#2881,#1400,.T.);
#3577=EDGE_CURVE('',#2883,#2750,#138,.T.);
#3578=EDGE_CURVE('',#2884,#2752,#139,.T.);
#3579=EDGE_CURVE('',#2883,#2884,#1401,.T.);
#3580=EDGE_CURVE('',#2885,#2884,#1402,.T.);
#3581=EDGE_CURVE('',#2885,#2886,#1403,.T.);
#3582=EDGE_CURVE('',#2886,#2883,#1404,.T.);
#3583=EDGE_CURVE('',#2887,#2888,#1405,.T.);
#3584=EDGE_CURVE('',#2888,#2889,#1406,.T.);
#3585=EDGE_CURVE('',#2889,#2890,#1407,.T.);
#3586=EDGE_CURVE('',#2890,#2887,#1408,.T.);
#3587=EDGE_CURVE('',#2891,#2892,#1409,.T.);
#3588=EDGE_CURVE('',#2891,#2893,#1410,.T.);
#3589=EDGE_CURVE('',#2893,#2894,#1411,.T.);
#3590=EDGE_CURVE('',#2892,#2894,#1412,.T.);
#3591=EDGE_CURVE('',#2894,#2895,#140,.T.);
#3592=EDGE_CURVE('',#2896,#2895,#1413,.T.);
#3593=EDGE_CURVE('',#2892,#2896,#141,.T.);
#3594=EDGE_CURVE('',#2895,#2897,#1414,.T.);
#3595=EDGE_CURVE('',#2898,#2897,#1415,.T.);
#3596=EDGE_CURVE('',#2896,#2898,#1416,.T.);
#3597=EDGE_CURVE('',#2898,#2749,#142,.T.);
#3598=EDGE_CURVE('',#2897,#2751,#143,.T.);
#3599=EDGE_CURVE('',#2886,#2891,#1417,.T.);
#3600=EDGE_CURVE('',#2893,#2885,#1418,.T.);
#3601=EDGE_CURVE('',#2893,#2890,#1419,.T.);
#3602=EDGE_CURVE('',#2887,#2891,#1420,.T.);
#3603=EDGE_CURVE('',#2888,#2886,#1421,.T.);
#3604=EDGE_CURVE('',#2885,#2889,#1422,.T.);
#3605=EDGE_CURVE('',#2879,#2878,#1423,.T.);
#3606=EDGE_CURVE('',#2875,#2882,#1424,.T.);
#3607=EDGE_CURVE('',#2876,#2881,#1425,.T.);
#3608=EDGE_CURVE('',#2880,#2877,#1426,.T.);
#3609=EDGE_CURVE('',#2899,#2900,#1427,.T.);
#3610=EDGE_CURVE('',#2900,#2901,#1428,.T.);
#3611=EDGE_CURVE('',#2901,#2902,#1429,.T.);
#3612=EDGE_CURVE('',#2902,#2899,#1430,.T.);
#3613=EDGE_CURVE('',#2847,#2903,#1431,.T.);
#3614=EDGE_CURVE('',#2903,#2904,#1432,.T.);
#3615=EDGE_CURVE('',#2845,#2904,#1433,.T.);
#3616=EDGE_CURVE('',#2844,#2905,#1434,.T.);
#3617=EDGE_CURVE('',#2905,#2906,#1435,.T.);
#3618=EDGE_CURVE('',#2846,#2906,#1436,.T.);
#3619=EDGE_CURVE('',#2906,#2903,#1437,.T.);
#3620=EDGE_CURVE('',#2904,#2905,#1438,.T.);
#3621=EDGE_CURVE('',#2907,#2746,#144,.T.);
#3622=EDGE_CURVE('',#2908,#2748,#145,.T.);
#3623=EDGE_CURVE('',#2907,#2908,#1439,.T.);
#3624=EDGE_CURVE('',#2909,#2908,#1440,.T.);
#3625=EDGE_CURVE('',#2909,#2910,#1441,.T.);
#3626=EDGE_CURVE('',#2910,#2907,#1442,.T.);
#3627=EDGE_CURVE('',#2911,#2912,#1443,.T.);
#3628=EDGE_CURVE('',#2912,#2913,#1444,.T.);
#3629=EDGE_CURVE('',#2913,#2914,#1445,.T.);
#3630=EDGE_CURVE('',#2914,#2911,#1446,.T.);
#3631=EDGE_CURVE('',#2915,#2916,#1447,.T.);
#3632=EDGE_CURVE('',#2915,#2917,#1448,.T.);
#3633=EDGE_CURVE('',#2917,#2918,#1449,.T.);
#3634=EDGE_CURVE('',#2916,#2918,#1450,.T.);
#3635=EDGE_CURVE('',#2918,#2919,#146,.T.);
#3636=EDGE_CURVE('',#2920,#2919,#1451,.T.);
#3637=EDGE_CURVE('',#2916,#2920,#147,.T.);
#3638=EDGE_CURVE('',#2919,#2921,#1452,.T.);
#3639=EDGE_CURVE('',#2922,#2921,#1453,.T.);
#3640=EDGE_CURVE('',#2920,#2922,#1454,.T.);
#3641=EDGE_CURVE('',#2922,#2745,#148,.T.);
#3642=EDGE_CURVE('',#2921,#2747,#149,.T.);
#3643=EDGE_CURVE('',#2910,#2915,#1455,.T.);
#3644=EDGE_CURVE('',#2917,#2909,#1456,.T.);
#3645=EDGE_CURVE('',#2917,#2914,#1457,.T.);
#3646=EDGE_CURVE('',#2911,#2915,#1458,.T.);
#3647=EDGE_CURVE('',#2912,#2910,#1459,.T.);
#3648=EDGE_CURVE('',#2909,#2913,#1460,.T.);
#3649=EDGE_CURVE('',#2903,#2902,#1461,.T.);
#3650=EDGE_CURVE('',#2899,#2906,#1462,.T.);
#3651=EDGE_CURVE('',#2900,#2905,#1463,.T.);
#3652=EDGE_CURVE('',#2904,#2901,#1464,.T.);
#3653=EDGE_CURVE('',#2923,#2762,#1465,.T.);
#3654=EDGE_CURVE('',#2923,#2768,#1466,.T.);
#3655=EDGE_CURVE('',#2772,#2924,#1467,.T.);
#3656=EDGE_CURVE('',#2924,#2925,#1468,.T.);
#3657=EDGE_CURVE('',#2925,#2923,#1469,.T.);
#3658=EDGE_CURVE('',#2926,#2767,#1470,.T.);
#3659=EDGE_CURVE('',#2927,#2926,#1471,.T.);
#3660=EDGE_CURVE('',#2771,#2927,#1472,.T.);
#3661=EDGE_CURVE('',#2925,#2926,#1473,.T.);
#3662=EDGE_CURVE('',#2924,#2927,#1474,.T.);
#3663=EDGE_CURVE('',#2780,#2928,#1475,.T.);
#3664=EDGE_CURVE('',#2779,#2929,#1476,.T.);
#3665=EDGE_CURVE('',#2929,#2928,#1477,.T.);
#3666=EDGE_CURVE('',#2928,#2930,#1478,.T.);
#3667=EDGE_CURVE('',#2929,#2931,#1479,.T.);
#3668=EDGE_CURVE('',#2931,#2930,#1480,.T.);
#3669=EDGE_CURVE('',#2932,#2868,#1481,.T.);
#3670=EDGE_CURVE('',#2932,#2871,#1482,.T.);
#3671=EDGE_CURVE('',#2930,#2781,#1483,.T.);
#3672=EDGE_CURVE('',#2931,#2932,#1484,.T.);
#3673=EDGE_CURVE('',#2831,#2744,#1485,.T.);
#3674=EDGE_CURVE('',#2830,#2554,#1486,.T.);
#3675=EDGE_CURVE('',#2754,#2735,#1487,.T.);
#3676=EDGE_CURVE('',#2753,#2551,#1488,.T.);
#3677=EDGE_CURVE('',#2933,#2934,#316,.T.);
#3678=EDGE_CURVE('',#2934,#2935,#220,.T.);
#3679=EDGE_CURVE('',#2935,#2936,#221,.T.);
#3680=EDGE_CURVE('',#2936,#2937,#1489,.T.);
#3681=EDGE_CURVE('',#2937,#2938,#1490,.T.);
#3682=EDGE_CURVE('',#2938,#2939,#1491,.T.);
#3683=EDGE_CURVE('',#2939,#2933,#317,.T.);
#3684=EDGE_CURVE('',#2940,#2941,#318,.T.);
#3685=EDGE_CURVE('',#2942,#2940,#319,.T.);
#3686=EDGE_CURVE('',#2943,#2942,#320,.T.);
#3687=EDGE_CURVE('',#2944,#2943,#321,.T.);
#3688=EDGE_CURVE('',#2945,#2944,#1492,.T.);
#3689=EDGE_CURVE('',#2946,#2945,#1493,.T.);
#3690=EDGE_CURVE('',#2941,#2946,#1494,.T.);
#3691=EDGE_CURVE('',#2934,#2728,#1495,.T.);
#3692=EDGE_CURVE('',#2933,#2730,#1496,.T.);
#3693=EDGE_CURVE('',#2935,#2729,#1497,.T.);
#3694=EDGE_CURVE('',#2936,#2734,#1498,.T.);
#3695=EDGE_CURVE('',#2937,#2733,#1499,.T.);
#3696=EDGE_CURVE('',#2938,#2732,#1500,.T.);
#3697=EDGE_CURVE('',#2939,#2731,#1501,.T.);
#3698=EDGE_CURVE('',#2947,#2948,#322,.T.);
#3699=EDGE_CURVE('',#2942,#2947,#1502,.T.);
#3700=EDGE_CURVE('',#2940,#2948,#1503,.T.);
#3701=EDGE_CURVE('',#2948,#2949,#323,.T.);
#3702=EDGE_CURVE('',#2941,#2949,#1504,.T.);
#3703=EDGE_CURVE('',#2949,#2950,#1505,.T.);
#3704=EDGE_CURVE('',#2946,#2950,#1506,.T.);
#3705=EDGE_CURVE('',#2950,#2951,#1507,.T.);
#3706=EDGE_CURVE('',#2945,#2951,#1508,.T.);
#3707=EDGE_CURVE('',#2951,#2952,#1509,.T.);
#3708=EDGE_CURVE('',#2944,#2952,#1510,.T.);
#3709=EDGE_CURVE('',#2952,#2953,#324,.T.);
#3710=EDGE_CURVE('',#2943,#2953,#1511,.T.);
#3711=EDGE_CURVE('',#2953,#2947,#325,.T.);
#3712=EDGE_CURVE('',#2954,#2713,#1512,.T.);
#3713=EDGE_CURVE('',#2955,#2954,#222,.T.);
#3714=EDGE_CURVE('',#2955,#2715,#1513,.T.);
#3715=EDGE_CURVE('',#2956,#2714,#1514,.T.);
#3716=EDGE_CURVE('',#2954,#2956,#1515,.T.);
#3717=EDGE_CURVE('',#2957,#2727,#1516,.T.);
#3718=EDGE_CURVE('',#2956,#2957,#1517,.T.);
#3719=EDGE_CURVE('',#2958,#2726,#1518,.T.);
#3720=EDGE_CURVE('',#2957,#2958,#1519,.T.);
#3721=EDGE_CURVE('',#2959,#2725,#1520,.T.);
#3722=EDGE_CURVE('',#2958,#2959,#1521,.T.);
#3723=EDGE_CURVE('',#2960,#2724,#1522,.T.);
#3724=EDGE_CURVE('',#2959,#2960,#1523,.T.);
#3725=EDGE_CURVE('',#2961,#2723,#1524,.T.);
#3726=EDGE_CURVE('',#2960,#2961,#1525,.T.);
#3727=EDGE_CURVE('',#2962,#2722,#1526,.T.);
#3728=EDGE_CURVE('',#2961,#2962,#223,.T.);
#3729=EDGE_CURVE('',#2963,#2721,#1527,.T.);
#3730=EDGE_CURVE('',#2962,#2963,#224,.T.);
#3731=EDGE_CURVE('',#2964,#2720,#1528,.T.);
#3732=EDGE_CURVE('',#2963,#2964,#1529,.T.);
#3733=EDGE_CURVE('',#2965,#2719,#1530,.T.);
#3734=EDGE_CURVE('',#2964,#2965,#326,.T.);
#3735=EDGE_CURVE('',#2966,#2718,#1531,.T.);
#3736=EDGE_CURVE('',#2965,#2966,#225,.T.);
#3737=EDGE_CURVE('',#2967,#2717,#1532,.T.);
#3738=EDGE_CURVE('',#2966,#2967,#1533,.T.);
#3739=EDGE_CURVE('',#2968,#2716,#1534,.T.);
#3740=EDGE_CURVE('',#2967,#2968,#1535,.T.);
#3741=EDGE_CURVE('',#2968,#2955,#1536,.T.);
#3742=EDGE_CURVE('',#2969,#2692,#1537,.T.);
#3743=EDGE_CURVE('',#2970,#2969,#327,.T.);
#3744=EDGE_CURVE('',#2970,#2694,#1538,.T.);
#3745=EDGE_CURVE('',#2971,#2693,#1539,.T.);
#3746=EDGE_CURVE('',#2969,#2971,#328,.T.);
#3747=EDGE_CURVE('',#2972,#2712,#1540,.T.);
#3748=EDGE_CURVE('',#2971,#2972,#329,.T.);
#3749=EDGE_CURVE('',#2973,#2711,#1541,.T.);
#3750=EDGE_CURVE('',#2972,#2973,#330,.T.);
#3751=EDGE_CURVE('',#2974,#2710,#1542,.T.);
#3752=EDGE_CURVE('',#2973,#2974,#331,.T.);
#3753=EDGE_CURVE('',#2975,#2709,#1543,.T.);
#3754=EDGE_CURVE('',#2974,#2975,#226,.T.);
#3755=EDGE_CURVE('',#2976,#2708,#1544,.T.);
#3756=EDGE_CURVE('',#2975,#2976,#332,.T.);
#3757=EDGE_CURVE('',#2977,#2707,#1545,.T.);
#3758=EDGE_CURVE('',#2976,#2977,#227,.T.);
#3759=EDGE_CURVE('',#2978,#2706,#1546,.T.);
#3760=EDGE_CURVE('',#2977,#2978,#228,.T.);
#3761=EDGE_CURVE('',#2979,#2705,#1547,.T.);
#3762=EDGE_CURVE('',#2978,#2979,#1548,.T.);
#3763=EDGE_CURVE('',#2980,#2704,#1549,.T.);
#3764=EDGE_CURVE('',#2979,#2980,#229,.T.);
#3765=EDGE_CURVE('',#2981,#2703,#1550,.T.);
#3766=EDGE_CURVE('',#2980,#2981,#230,.T.);
#3767=EDGE_CURVE('',#2982,#2702,#1551,.T.);
#3768=EDGE_CURVE('',#2981,#2982,#231,.T.);
#3769=EDGE_CURVE('',#2983,#2701,#1552,.T.);
#3770=EDGE_CURVE('',#2982,#2983,#333,.T.);
#3771=EDGE_CURVE('',#2984,#2700,#1553,.T.);
#3772=EDGE_CURVE('',#2983,#2984,#334,.T.);
#3773=EDGE_CURVE('',#2985,#2699,#1554,.T.);
#3774=EDGE_CURVE('',#2984,#2985,#335,.T.);
#3775=EDGE_CURVE('',#2986,#2698,#1555,.T.);
#3776=EDGE_CURVE('',#2985,#2986,#232,.T.);
#3777=EDGE_CURVE('',#2987,#2697,#1556,.T.);
#3778=EDGE_CURVE('',#2986,#2987,#336,.T.);
#3779=EDGE_CURVE('',#2988,#2696,#1557,.T.);
#3780=EDGE_CURVE('',#2987,#2988,#233,.T.);
#3781=EDGE_CURVE('',#2989,#2695,#1558,.T.);
#3782=EDGE_CURVE('',#2988,#2989,#1559,.T.);
#3783=EDGE_CURVE('',#2989,#2970,#337,.T.);
#3784=EDGE_CURVE('',#2990,#2991,#338,.T.);
#3785=EDGE_CURVE('',#2991,#2992,#1560,.T.);
#3786=EDGE_CURVE('',#2992,#2993,#234,.T.);
#3787=EDGE_CURVE('',#2993,#2994,#235,.T.);
#3788=EDGE_CURVE('',#2994,#2995,#339,.T.);
#3789=EDGE_CURVE('',#2995,#2996,#340,.T.);
#3790=EDGE_CURVE('',#2996,#2997,#1561,.T.);
#3791=EDGE_CURVE('',#2997,#2998,#1562,.T.);
#3792=EDGE_CURVE('',#2998,#2999,#1563,.T.);
#3793=EDGE_CURVE('',#2999,#3000,#1564,.T.);
#3794=EDGE_CURVE('',#3000,#3001,#236,.T.);
#3795=EDGE_CURVE('',#3001,#3002,#237,.T.);
#3796=EDGE_CURVE('',#3002,#3003,#1565,.T.);
#3797=EDGE_CURVE('',#3003,#2990,#238,.T.);
#3798=EDGE_CURVE('',#3004,#3005,#341,.T.);
#3799=EDGE_CURVE('',#3006,#3004,#342,.T.);
#3800=EDGE_CURVE('',#3007,#3006,#239,.T.);
#3801=EDGE_CURVE('',#3008,#3007,#343,.T.);
#3802=EDGE_CURVE('',#3009,#3008,#240,.T.);
#3803=EDGE_CURVE('',#3010,#3009,#1566,.T.);
#3804=EDGE_CURVE('',#3011,#3010,#1567,.T.);
#3805=EDGE_CURVE('',#3005,#3011,#241,.T.);
#3806=EDGE_CURVE('',#2991,#2566,#1568,.T.);
#3807=EDGE_CURVE('',#2990,#2568,#1569,.T.);
#3808=EDGE_CURVE('',#2992,#2567,#1570,.T.);
#3809=EDGE_CURVE('',#2993,#2579,#1571,.T.);
#3810=EDGE_CURVE('',#2994,#2578,#1572,.T.);
#3811=EDGE_CURVE('',#2995,#2577,#1573,.T.);
#3812=EDGE_CURVE('',#2996,#2576,#1574,.T.);
#3813=EDGE_CURVE('',#2997,#2575,#1575,.T.);
#3814=EDGE_CURVE('',#2998,#2574,#1576,.T.);
#3815=EDGE_CURVE('',#2999,#2573,#1577,.T.);
#3816=EDGE_CURVE('',#3000,#2572,#1578,.T.);
#3817=EDGE_CURVE('',#3001,#2571,#1579,.T.);
#3818=EDGE_CURVE('',#3002,#2570,#1580,.T.);
#3819=EDGE_CURVE('',#3003,#2569,#1581,.T.);
#3820=EDGE_CURVE('',#3012,#3013,#344,.T.);
#3821=EDGE_CURVE('',#3004,#3012,#1582,.T.);
#3822=EDGE_CURVE('',#3005,#3013,#1583,.T.);
#3823=EDGE_CURVE('',#3013,#3014,#242,.T.);
#3824=EDGE_CURVE('',#3011,#3014,#1584,.T.);
#3825=EDGE_CURVE('',#3014,#3015,#1585,.T.);
#3826=EDGE_CURVE('',#3010,#3015,#1586,.T.);
#3827=EDGE_CURVE('',#3015,#3016,#1587,.T.);
#3828=EDGE_CURVE('',#3009,#3016,#1588,.T.);
#3829=EDGE_CURVE('',#3016,#3017,#243,.T.);
#3830=EDGE_CURVE('',#3008,#3017,#1589,.T.);
#3831=EDGE_CURVE('',#3017,#3018,#345,.T.);
#3832=EDGE_CURVE('',#3007,#3018,#1590,.T.);
#3833=EDGE_CURVE('',#3018,#3019,#244,.T.);
#3834=EDGE_CURVE('',#3006,#3019,#1591,.T.);
#3835=EDGE_CURVE('',#3019,#3012,#346,.T.);
#3836=EDGE_CURVE('',#3020,#3021,#245,.T.);
#3837=EDGE_CURVE('',#3021,#3022,#347,.T.);
#3838=EDGE_CURVE('',#3022,#3023,#246,.T.);
#3839=EDGE_CURVE('',#3023,#3024,#348,.T.);
#3840=EDGE_CURVE('',#3024,#3025,#247,.T.);
#3841=EDGE_CURVE('',#3025,#3026,#248,.T.);
#3842=EDGE_CURVE('',#3026,#3027,#349,.T.);
#3843=EDGE_CURVE('',#3027,#3028,#350,.T.);
#3844=EDGE_CURVE('',#3028,#3029,#351,.T.);
#3845=EDGE_CURVE('',#3029,#3030,#352,.T.);
#3846=EDGE_CURVE('',#3030,#3031,#249,.T.);
#3847=EDGE_CURVE('',#3031,#3032,#250,.T.);
#3848=EDGE_CURVE('',#3032,#3033,#1592,.T.);
#3849=EDGE_CURVE('',#3033,#3034,#1593,.T.);
#3850=EDGE_CURVE('',#3034,#3035,#1594,.T.);
#3851=EDGE_CURVE('',#3035,#3036,#1595,.T.);
#3852=EDGE_CURVE('',#3036,#3037,#251,.T.);
#3853=EDGE_CURVE('',#3037,#3038,#252,.T.);
#3854=EDGE_CURVE('',#3038,#3039,#253,.T.);
#3855=EDGE_CURVE('',#3039,#3040,#254,.T.);
#3856=EDGE_CURVE('',#3040,#3041,#255,.T.);
#3857=EDGE_CURVE('',#3041,#3042,#256,.T.);
#3858=EDGE_CURVE('',#3042,#3043,#257,.T.);
#3859=EDGE_CURVE('',#3043,#3044,#1596,.T.);
#3860=EDGE_CURVE('',#3044,#3045,#258,.T.);
#3861=EDGE_CURVE('',#3045,#3046,#259,.T.);
#3862=EDGE_CURVE('',#3046,#3047,#1597,.T.);
#3863=EDGE_CURVE('',#3047,#3048,#260,.T.);
#3864=EDGE_CURVE('',#3048,#3049,#261,.T.);
#3865=EDGE_CURVE('',#3049,#3050,#262,.T.);
#3866=EDGE_CURVE('',#3050,#3051,#1598,.T.);
#3867=EDGE_CURVE('',#3051,#3052,#353,.T.);
#3868=EDGE_CURVE('',#3052,#3020,#354,.T.);
#3869=EDGE_CURVE('',#3053,#3054,#263,.T.);
#3870=EDGE_CURVE('',#3054,#3053,#264,.T.);
#3871=EDGE_CURVE('',#3021,#2659,#1599,.T.);
#3872=EDGE_CURVE('',#3020,#2661,#1600,.T.);
#3873=EDGE_CURVE('',#3022,#2660,#1601,.T.);
#3874=EDGE_CURVE('',#3023,#2691,#1602,.T.);
#3875=EDGE_CURVE('',#3024,#2690,#1603,.T.);
#3876=EDGE_CURVE('',#3025,#2689,#1604,.T.);
#3877=EDGE_CURVE('',#3026,#2688,#1605,.T.);
#3878=EDGE_CURVE('',#3027,#2687,#1606,.T.);
#3879=EDGE_CURVE('',#3028,#2686,#1607,.T.);
#3880=EDGE_CURVE('',#3029,#2685,#1608,.T.);
#3881=EDGE_CURVE('',#3030,#2684,#1609,.T.);
#3882=EDGE_CURVE('',#3031,#2683,#1610,.T.);
#3883=EDGE_CURVE('',#3032,#2682,#1611,.T.);
#3884=EDGE_CURVE('',#3033,#2681,#1612,.T.);
#3885=EDGE_CURVE('',#3034,#2680,#1613,.T.);
#3886=EDGE_CURVE('',#3035,#2679,#1614,.T.);
#3887=EDGE_CURVE('',#3036,#2678,#1615,.T.);
#3888=EDGE_CURVE('',#3037,#2677,#1616,.T.);
#3889=EDGE_CURVE('',#3038,#2676,#1617,.T.);
#3890=EDGE_CURVE('',#3039,#2675,#1618,.T.);
#3891=EDGE_CURVE('',#3040,#2674,#1619,.T.);
#3892=EDGE_CURVE('',#3041,#2673,#1620,.T.);
#3893=EDGE_CURVE('',#3042,#2672,#1621,.T.);
#3894=EDGE_CURVE('',#3043,#2671,#1622,.T.);
#3895=EDGE_CURVE('',#3044,#2670,#1623,.T.);
#3896=EDGE_CURVE('',#3045,#2669,#1624,.T.);
#3897=EDGE_CURVE('',#3046,#2668,#1625,.T.);
#3898=EDGE_CURVE('',#3047,#2667,#1626,.T.);
#3899=EDGE_CURVE('',#3048,#2666,#1627,.T.);
#3900=EDGE_CURVE('',#3049,#2665,#1628,.T.);
#3901=EDGE_CURVE('',#3050,#2664,#1629,.T.);
#3902=EDGE_CURVE('',#3051,#2663,#1630,.T.);
#3903=EDGE_CURVE('',#3052,#2662,#1631,.T.);
#3904=EDGE_CURVE('',#3055,#3056,#265,.T.);
#3905=EDGE_CURVE('',#3053,#3055,#1632,.T.);
#3906=EDGE_CURVE('',#3054,#3056,#1633,.T.);
#3907=EDGE_CURVE('',#3056,#3055,#266,.T.);
#3908=EDGE_CURVE('',#3057,#3058,#355,.T.);
#3909=EDGE_CURVE('',#3058,#3059,#267,.T.);
#3910=EDGE_CURVE('',#3059,#3060,#268,.T.);
#3911=EDGE_CURVE('',#3060,#3061,#1634,.T.);
#3912=EDGE_CURVE('',#3061,#3062,#1635,.T.);
#3913=EDGE_CURVE('',#3062,#3063,#1636,.T.);
#3914=EDGE_CURVE('',#3063,#3057,#356,.T.);
#3915=EDGE_CURVE('',#3064,#3065,#357,.T.);
#3916=EDGE_CURVE('',#3066,#3064,#358,.T.);
#3917=EDGE_CURVE('',#3067,#3066,#359,.T.);
#3918=EDGE_CURVE('',#3068,#3067,#360,.T.);
#3919=EDGE_CURVE('',#3069,#3068,#1637,.T.);
#3920=EDGE_CURVE('',#3070,#3069,#1638,.T.);
#3921=EDGE_CURVE('',#3065,#3070,#1639,.T.);
#3922=EDGE_CURVE('',#3058,#2580,#1640,.T.);
#3923=EDGE_CURVE('',#3057,#2582,#1641,.T.);
#3924=EDGE_CURVE('',#3059,#2581,#1642,.T.);
#3925=EDGE_CURVE('',#3060,#2586,#1643,.T.);
#3926=EDGE_CURVE('',#3061,#2585,#1644,.T.);
#3927=EDGE_CURVE('',#3062,#2584,#1645,.T.);
#3928=EDGE_CURVE('',#3063,#2583,#1646,.T.);
#3929=EDGE_CURVE('',#3071,#3072,#361,.T.);
#3930=EDGE_CURVE('',#3066,#3071,#1647,.T.);
#3931=EDGE_CURVE('',#3064,#3072,#1648,.T.);
#3932=EDGE_CURVE('',#3072,#3073,#362,.T.);
#3933=EDGE_CURVE('',#3065,#3073,#1649,.T.);
#3934=EDGE_CURVE('',#3073,#3074,#1650,.T.);
#3935=EDGE_CURVE('',#3070,#3074,#1651,.T.);
#3936=EDGE_CURVE('',#3074,#3075,#1652,.T.);
#3937=EDGE_CURVE('',#3069,#3075,#1653,.T.);
#3938=EDGE_CURVE('',#3075,#3076,#1654,.T.);
#3939=EDGE_CURVE('',#3068,#3076,#1655,.T.);
#3940=EDGE_CURVE('',#3076,#3077,#363,.T.);
#3941=EDGE_CURVE('',#3067,#3077,#1656,.T.);
#3942=EDGE_CURVE('',#3077,#3071,#364,.T.);
#3943=EDGE_CURVE('',#3078,#2587,#1657,.T.);
#3944=EDGE_CURVE('',#3079,#3078,#365,.T.);
#3945=EDGE_CURVE('',#3079,#2589,#1658,.T.);
#3946=EDGE_CURVE('',#3080,#2588,#1659,.T.);
#3947=EDGE_CURVE('',#3078,#3080,#269,.T.);
#3948=EDGE_CURVE('',#3081,#2600,#1660,.T.);
#3949=EDGE_CURVE('',#3080,#3081,#270,.T.);
#3950=EDGE_CURVE('',#3082,#2599,#1661,.T.);
#3951=EDGE_CURVE('',#3081,#3082,#271,.T.);
#3952=EDGE_CURVE('',#3083,#2598,#1662,.T.);
#3953=EDGE_CURVE('',#3082,#3083,#272,.T.);
#3954=EDGE_CURVE('',#3084,#2597,#1663,.T.);
#3955=EDGE_CURVE('',#3083,#3084,#1664,.T.);
#3956=EDGE_CURVE('',#3085,#2596,#1665,.T.);
#3957=EDGE_CURVE('',#3084,#3085,#366,.T.);
#3958=EDGE_CURVE('',#3086,#2595,#1666,.T.);
#3959=EDGE_CURVE('',#3085,#3086,#273,.T.);
#3960=EDGE_CURVE('',#3087,#2594,#1667,.T.);
#3961=EDGE_CURVE('',#3086,#3087,#274,.T.);
#3962=EDGE_CURVE('',#3088,#2593,#1668,.T.);
#3963=EDGE_CURVE('',#3087,#3088,#367,.T.);
#3964=EDGE_CURVE('',#3089,#2592,#1669,.T.);
#3965=EDGE_CURVE('',#3088,#3089,#275,.T.);
#3966=EDGE_CURVE('',#3090,#2591,#1670,.T.);
#3967=EDGE_CURVE('',#3089,#3090,#276,.T.);
#3968=EDGE_CURVE('',#3091,#2590,#1671,.T.);
#3969=EDGE_CURVE('',#3090,#3091,#1672,.T.);
#3970=EDGE_CURVE('',#3091,#3079,#368,.T.);
#3971=EDGE_CURVE('',#3092,#3093,#1673,.T.);
#3972=EDGE_CURVE('',#3093,#3094,#1674,.T.);
#3973=EDGE_CURVE('',#3094,#3095,#1675,.T.);
#3974=EDGE_CURVE('',#3095,#3096,#1676,.T.);
#3975=EDGE_CURVE('',#3096,#3097,#1677,.T.);
#3976=EDGE_CURVE('',#3097,#3098,#1678,.T.);
#3977=EDGE_CURVE('',#3098,#3099,#1679,.T.);
#3978=EDGE_CURVE('',#3099,#3092,#1680,.T.);
#3979=EDGE_CURVE('',#3100,#3101,#277,.T.);
#3980=EDGE_CURVE('',#3102,#3100,#1681,.T.);
#3981=EDGE_CURVE('',#3103,#3102,#278,.T.);
#3982=EDGE_CURVE('',#3104,#3103,#1682,.T.);
#3983=EDGE_CURVE('',#3105,#3104,#1683,.T.);
#3984=EDGE_CURVE('',#3101,#3105,#1684,.T.);
#3985=EDGE_CURVE('',#3093,#2651,#1685,.T.);
#3986=EDGE_CURVE('',#3092,#2653,#1686,.T.);
#3987=EDGE_CURVE('',#3094,#2652,#1687,.T.);
#3988=EDGE_CURVE('',#3095,#2658,#1688,.T.);
#3989=EDGE_CURVE('',#3096,#2657,#1689,.T.);
#3990=EDGE_CURVE('',#3097,#2656,#1690,.T.);
#3991=EDGE_CURVE('',#3098,#2655,#1691,.T.);
#3992=EDGE_CURVE('',#3099,#2654,#1692,.T.);
#3993=EDGE_CURVE('',#3106,#3107,#279,.T.);
#3994=EDGE_CURVE('',#3100,#3106,#1693,.T.);
#3995=EDGE_CURVE('',#3101,#3107,#1694,.T.);
#3996=EDGE_CURVE('',#3107,#3108,#1695,.T.);
#3997=EDGE_CURVE('',#3105,#3108,#1696,.T.);
#3998=EDGE_CURVE('',#3108,#3109,#1697,.T.);
#3999=EDGE_CURVE('',#3104,#3109,#1698,.T.);
#4000=EDGE_CURVE('',#3109,#3110,#1699,.T.);
#4001=EDGE_CURVE('',#3103,#3110,#1700,.T.);
#4002=EDGE_CURVE('',#3110,#3111,#280,.T.);
#4003=EDGE_CURVE('',#3102,#3111,#1701,.T.);
#4004=EDGE_CURVE('',#3111,#3106,#1702,.T.);
#4005=EDGE_CURVE('',#3112,#2639,#1703,.T.);
#4006=EDGE_CURVE('',#3113,#3112,#1704,.T.);
#4007=EDGE_CURVE('',#3113,#2641,#1705,.T.);
#4008=EDGE_CURVE('',#3114,#2640,#1706,.T.);
#4009=EDGE_CURVE('',#3112,#3114,#1707,.T.);
#4010=EDGE_CURVE('',#3115,#2650,#1708,.T.);
#4011=EDGE_CURVE('',#3114,#3115,#1709,.T.);
#4012=EDGE_CURVE('',#3116,#2649,#1710,.T.);
#4013=EDGE_CURVE('',#3115,#3116,#1711,.T.);
#4014=EDGE_CURVE('',#3117,#2648,#1712,.T.);
#4015=EDGE_CURVE('',#3116,#3117,#1713,.T.);
#4016=EDGE_CURVE('',#3118,#2647,#1714,.T.);
#4017=EDGE_CURVE('',#3117,#3118,#1715,.T.);
#4018=EDGE_CURVE('',#3119,#2646,#1716,.T.);
#4019=EDGE_CURVE('',#3118,#3119,#1717,.T.);
#4020=EDGE_CURVE('',#3120,#2645,#1718,.T.);
#4021=EDGE_CURVE('',#3119,#3120,#1719,.T.);
#4022=EDGE_CURVE('',#3121,#2644,#1720,.T.);
#4023=EDGE_CURVE('',#3120,#3121,#1721,.T.);
#4024=EDGE_CURVE('',#3122,#2643,#1722,.T.);
#4025=EDGE_CURVE('',#3121,#3122,#1723,.T.);
#4026=EDGE_CURVE('',#3123,#2642,#1724,.T.);
#4027=EDGE_CURVE('',#3122,#3123,#1725,.T.);
#4028=EDGE_CURVE('',#3123,#3113,#1726,.T.);
#4029=EDGE_CURVE('',#3124,#2627,#1727,.T.);
#4030=EDGE_CURVE('',#3125,#3124,#1728,.T.);
#4031=EDGE_CURVE('',#3125,#2629,#1729,.T.);
#4032=EDGE_CURVE('',#3126,#2628,#1730,.T.);
#4033=EDGE_CURVE('',#3124,#3126,#1731,.T.);
#4034=EDGE_CURVE('',#3127,#2638,#1732,.T.);
#4035=EDGE_CURVE('',#3126,#3127,#1733,.T.);
#4036=EDGE_CURVE('',#3128,#2637,#1734,.T.);
#4037=EDGE_CURVE('',#3127,#3128,#1735,.T.);
#4038=EDGE_CURVE('',#3129,#2636,#1736,.T.);
#4039=EDGE_CURVE('',#3128,#3129,#1737,.T.);
#4040=EDGE_CURVE('',#3130,#2635,#1738,.T.);
#4041=EDGE_CURVE('',#3129,#3130,#1739,.T.);
#4042=EDGE_CURVE('',#3131,#2634,#1740,.T.);
#4043=EDGE_CURVE('',#3130,#3131,#1741,.T.);
#4044=EDGE_CURVE('',#3132,#2633,#1742,.T.);
#4045=EDGE_CURVE('',#3131,#3132,#1743,.T.);
#4046=EDGE_CURVE('',#3133,#2632,#1744,.T.);
#4047=EDGE_CURVE('',#3132,#3133,#1745,.T.);
#4048=EDGE_CURVE('',#3134,#2631,#1746,.T.);
#4049=EDGE_CURVE('',#3133,#3134,#1747,.T.);
#4050=EDGE_CURVE('',#3135,#2630,#1748,.T.);
#4051=EDGE_CURVE('',#3134,#3135,#1749,.T.);
#4052=EDGE_CURVE('',#3135,#3125,#1750,.T.);
#4053=EDGE_CURVE('',#3136,#3137,#1751,.T.);
#4054=EDGE_CURVE('',#3137,#3138,#1752,.T.);
#4055=EDGE_CURVE('',#3138,#3139,#1753,.T.);
#4056=EDGE_CURVE('',#3139,#3140,#1754,.T.);
#4057=EDGE_CURVE('',#3140,#3141,#1755,.T.);
#4058=EDGE_CURVE('',#3141,#3142,#1756,.T.);
#4059=EDGE_CURVE('',#3142,#3143,#1757,.T.);
#4060=EDGE_CURVE('',#3143,#3136,#1758,.T.);
#4061=EDGE_CURVE('',#3144,#3145,#281,.T.);
#4062=EDGE_CURVE('',#3146,#3144,#1759,.T.);
#4063=EDGE_CURVE('',#3147,#3146,#282,.T.);
#4064=EDGE_CURVE('',#3148,#3147,#1760,.T.);
#4065=EDGE_CURVE('',#3149,#3148,#1761,.T.);
#4066=EDGE_CURVE('',#3145,#3149,#1762,.T.);
#4067=EDGE_CURVE('',#3137,#2601,#1763,.T.);
#4068=EDGE_CURVE('',#3136,#2603,#1764,.T.);
#4069=EDGE_CURVE('',#3138,#2602,#1765,.T.);
#4070=EDGE_CURVE('',#3139,#2608,#1766,.T.);
#4071=EDGE_CURVE('',#3140,#2607,#1767,.T.);
#4072=EDGE_CURVE('',#3141,#2606,#1768,.T.);
#4073=EDGE_CURVE('',#3142,#2605,#1769,.T.);
#4074=EDGE_CURVE('',#3143,#2604,#1770,.T.);
#4075=EDGE_CURVE('',#3150,#3151,#283,.T.);
#4076=EDGE_CURVE('',#3144,#3150,#1771,.T.);
#4077=EDGE_CURVE('',#3145,#3151,#1772,.T.);
#4078=EDGE_CURVE('',#3151,#3152,#1773,.T.);
#4079=EDGE_CURVE('',#3149,#3152,#1774,.T.);
#4080=EDGE_CURVE('',#3152,#3153,#1775,.T.);
#4081=EDGE_CURVE('',#3148,#3153,#1776,.T.);
#4082=EDGE_CURVE('',#3153,#3154,#1777,.T.);
#4083=EDGE_CURVE('',#3147,#3154,#1778,.T.);
#4084=EDGE_CURVE('',#3154,#3155,#284,.T.);
#4085=EDGE_CURVE('',#3146,#3155,#1779,.T.);
#4086=EDGE_CURVE('',#3155,#3150,#1780,.T.);
#4087=EDGE_CURVE('',#3156,#2609,#1781,.T.);
#4088=EDGE_CURVE('',#3157,#3156,#1782,.T.);
#4089=EDGE_CURVE('',#3157,#2611,#1783,.T.);
#4090=EDGE_CURVE('',#3158,#2610,#1784,.T.);
#4091=EDGE_CURVE('',#3156,#3158,#1785,.T.);
#4092=EDGE_CURVE('',#3159,#2620,#1786,.T.);
#4093=EDGE_CURVE('',#3158,#3159,#1787,.T.);
#4094=EDGE_CURVE('',#3160,#2619,#1788,.T.);
#4095=EDGE_CURVE('',#3159,#3160,#1789,.T.);
#4096=EDGE_CURVE('',#3161,#2618,#1790,.T.);
#4097=EDGE_CURVE('',#3160,#3161,#1791,.T.);
#4098=EDGE_CURVE('',#3162,#2617,#1792,.T.);
#4099=EDGE_CURVE('',#3161,#3162,#1793,.T.);
#4100=EDGE_CURVE('',#3163,#2616,#1794,.T.);
#4101=EDGE_CURVE('',#3162,#3163,#1795,.T.);
#4102=EDGE_CURVE('',#3164,#2615,#1796,.T.);
#4103=EDGE_CURVE('',#3163,#3164,#1797,.T.);
#4104=EDGE_CURVE('',#3165,#2614,#1798,.T.);
#4105=EDGE_CURVE('',#3164,#3165,#1799,.T.);
#4106=EDGE_CURVE('',#3166,#2613,#1800,.T.);
#4107=EDGE_CURVE('',#3165,#3166,#1801,.T.);
#4108=EDGE_CURVE('',#3167,#2612,#1802,.T.);
#4109=EDGE_CURVE('',#3166,#3167,#1803,.T.);
#4110=EDGE_CURVE('',#3167,#3157,#1804,.T.);
#4111=EDGE_CURVE('',#3168,#2621,#1805,.T.);
#4112=EDGE_CURVE('',#3169,#3168,#1806,.T.);
#4113=EDGE_CURVE('',#3169,#2623,#1807,.T.);
#4114=EDGE_CURVE('',#3170,#2622,#1808,.T.);
#4115=EDGE_CURVE('',#3168,#3170,#1809,.T.);
#4116=EDGE_CURVE('',#3171,#2626,#1810,.T.);
#4117=EDGE_CURVE('',#3170,#3171,#1811,.T.);
#4118=EDGE_CURVE('',#3172,#2625,#1812,.T.);
#4119=EDGE_CURVE('',#3171,#3172,#1813,.T.);
#4120=EDGE_CURVE('',#3173,#2624,#1814,.T.);
#4121=EDGE_CURVE('',#3172,#3173,#1815,.T.);
#4122=EDGE_CURVE('',#3173,#3169,#1816,.T.);
#4123=ORIENTED_EDGE('',*,*,#3174,.T.);
#4124=ORIENTED_EDGE('',*,*,#3175,.T.);
#4125=ORIENTED_EDGE('',*,*,#3176,.F.);
#4126=ORIENTED_EDGE('',*,*,#3177,.F.);
#4127=ORIENTED_EDGE('',*,*,#3178,.F.);
#4128=ORIENTED_EDGE('',*,*,#3179,.F.);
#4129=ORIENTED_EDGE('',*,*,#3180,.F.);
#4130=ORIENTED_EDGE('',*,*,#3181,.F.);
#4131=ORIENTED_EDGE('',*,*,#3182,.F.);
#4132=ORIENTED_EDGE('',*,*,#3183,.F.);
#4133=ORIENTED_EDGE('',*,*,#3184,.T.);
#4134=ORIENTED_EDGE('',*,*,#3185,.T.);
#4135=ORIENTED_EDGE('',*,*,#3186,.T.);
#4136=ORIENTED_EDGE('',*,*,#3187,.T.);
#4137=ORIENTED_EDGE('',*,*,#3188,.F.);
#4138=ORIENTED_EDGE('',*,*,#3189,.T.);
#4139=ORIENTED_EDGE('',*,*,#3190,.F.);
#4140=ORIENTED_EDGE('',*,*,#3191,.F.);
#4141=ORIENTED_EDGE('',*,*,#3192,.F.);
#4142=ORIENTED_EDGE('',*,*,#3193,.F.);
#4143=ORIENTED_EDGE('',*,*,#3194,.F.);
#4144=ORIENTED_EDGE('',*,*,#3195,.F.);
#4145=ORIENTED_EDGE('',*,*,#3196,.F.);
#4146=ORIENTED_EDGE('',*,*,#3197,.F.);
#4147=ORIENTED_EDGE('',*,*,#3198,.F.);
#4148=ORIENTED_EDGE('',*,*,#3199,.F.);
#4149=ORIENTED_EDGE('',*,*,#3200,.F.);
#4150=ORIENTED_EDGE('',*,*,#3201,.F.);
#4151=ORIENTED_EDGE('',*,*,#3202,.F.);
#4152=ORIENTED_EDGE('',*,*,#3203,.F.);
#4153=ORIENTED_EDGE('',*,*,#3204,.F.);
#4154=ORIENTED_EDGE('',*,*,#3205,.F.);
#4155=ORIENTED_EDGE('',*,*,#3206,.F.);
#4156=ORIENTED_EDGE('',*,*,#3207,.F.);
#4157=ORIENTED_EDGE('',*,*,#3208,.F.);
#4158=ORIENTED_EDGE('',*,*,#3209,.F.);
#4159=ORIENTED_EDGE('',*,*,#3210,.F.);
#4160=ORIENTED_EDGE('',*,*,#3211,.F.);
#4161=ORIENTED_EDGE('',*,*,#3212,.F.);
#4162=ORIENTED_EDGE('',*,*,#3213,.F.);
#4163=ORIENTED_EDGE('',*,*,#3214,.F.);
#4164=ORIENTED_EDGE('',*,*,#3215,.F.);
#4165=ORIENTED_EDGE('',*,*,#3216,.F.);
#4166=ORIENTED_EDGE('',*,*,#3217,.F.);
#4167=ORIENTED_EDGE('',*,*,#3218,.F.);
#4168=ORIENTED_EDGE('',*,*,#3219,.F.);
#4169=ORIENTED_EDGE('',*,*,#3220,.F.);
#4170=ORIENTED_EDGE('',*,*,#3221,.F.);
#4171=ORIENTED_EDGE('',*,*,#3222,.F.);
#4172=ORIENTED_EDGE('',*,*,#3223,.F.);
#4173=ORIENTED_EDGE('',*,*,#3224,.F.);
#4174=ORIENTED_EDGE('',*,*,#3225,.F.);
#4175=ORIENTED_EDGE('',*,*,#3226,.F.);
#4176=ORIENTED_EDGE('',*,*,#3227,.F.);
#4177=ORIENTED_EDGE('',*,*,#3228,.F.);
#4178=ORIENTED_EDGE('',*,*,#3229,.F.);
#4179=ORIENTED_EDGE('',*,*,#3230,.F.);
#4180=ORIENTED_EDGE('',*,*,#3231,.F.);
#4181=ORIENTED_EDGE('',*,*,#3232,.F.);
#4182=ORIENTED_EDGE('',*,*,#3233,.F.);
#4183=ORIENTED_EDGE('',*,*,#3234,.F.);
#4184=ORIENTED_EDGE('',*,*,#3235,.F.);
#4185=ORIENTED_EDGE('',*,*,#3236,.F.);
#4186=ORIENTED_EDGE('',*,*,#3237,.F.);
#4187=ORIENTED_EDGE('',*,*,#3238,.F.);
#4188=ORIENTED_EDGE('',*,*,#3239,.F.);
#4189=ORIENTED_EDGE('',*,*,#3240,.F.);
#4190=ORIENTED_EDGE('',*,*,#3241,.F.);
#4191=ORIENTED_EDGE('',*,*,#3242,.F.);
#4192=ORIENTED_EDGE('',*,*,#3243,.F.);
#4193=ORIENTED_EDGE('',*,*,#3244,.F.);
#4194=ORIENTED_EDGE('',*,*,#3245,.F.);
#4195=ORIENTED_EDGE('',*,*,#3246,.F.);
#4196=ORIENTED_EDGE('',*,*,#3247,.F.);
#4197=ORIENTED_EDGE('',*,*,#3248,.F.);
#4198=ORIENTED_EDGE('',*,*,#3249,.F.);
#4199=ORIENTED_EDGE('',*,*,#3250,.F.);
#4200=ORIENTED_EDGE('',*,*,#3251,.F.);
#4201=ORIENTED_EDGE('',*,*,#3252,.F.);
#4202=ORIENTED_EDGE('',*,*,#3253,.F.);
#4203=ORIENTED_EDGE('',*,*,#3254,.F.);
#4204=ORIENTED_EDGE('',*,*,#3255,.F.);
#4205=ORIENTED_EDGE('',*,*,#3256,.F.);
#4206=ORIENTED_EDGE('',*,*,#3257,.F.);
#4207=ORIENTED_EDGE('',*,*,#3258,.F.);
#4208=ORIENTED_EDGE('',*,*,#3259,.F.);
#4209=ORIENTED_EDGE('',*,*,#3260,.F.);
#4210=ORIENTED_EDGE('',*,*,#3261,.F.);
#4211=ORIENTED_EDGE('',*,*,#3262,.F.);
#4212=ORIENTED_EDGE('',*,*,#3263,.F.);
#4213=ORIENTED_EDGE('',*,*,#3264,.F.);
#4214=ORIENTED_EDGE('',*,*,#3265,.F.);
#4215=ORIENTED_EDGE('',*,*,#3266,.F.);
#4216=ORIENTED_EDGE('',*,*,#3267,.F.);
#4217=ORIENTED_EDGE('',*,*,#3268,.F.);
#4218=ORIENTED_EDGE('',*,*,#3269,.F.);
#4219=ORIENTED_EDGE('',*,*,#3270,.F.);
#4220=ORIENTED_EDGE('',*,*,#3271,.F.);
#4221=ORIENTED_EDGE('',*,*,#3272,.F.);
#4222=ORIENTED_EDGE('',*,*,#3273,.F.);
#4223=ORIENTED_EDGE('',*,*,#3274,.F.);
#4224=ORIENTED_EDGE('',*,*,#3275,.F.);
#4225=ORIENTED_EDGE('',*,*,#3276,.F.);
#4226=ORIENTED_EDGE('',*,*,#3277,.F.);
#4227=ORIENTED_EDGE('',*,*,#3278,.F.);
#4228=ORIENTED_EDGE('',*,*,#3279,.F.);
#4229=ORIENTED_EDGE('',*,*,#3280,.F.);
#4230=ORIENTED_EDGE('',*,*,#3281,.F.);
#4231=ORIENTED_EDGE('',*,*,#3282,.F.);
#4232=ORIENTED_EDGE('',*,*,#3283,.F.);
#4233=ORIENTED_EDGE('',*,*,#3284,.F.);
#4234=ORIENTED_EDGE('',*,*,#3285,.F.);
#4235=ORIENTED_EDGE('',*,*,#3286,.F.);
#4236=ORIENTED_EDGE('',*,*,#3287,.F.);
#4237=ORIENTED_EDGE('',*,*,#3288,.F.);
#4238=ORIENTED_EDGE('',*,*,#3289,.F.);
#4239=ORIENTED_EDGE('',*,*,#3290,.F.);
#4240=ORIENTED_EDGE('',*,*,#3291,.F.);
#4241=ORIENTED_EDGE('',*,*,#3292,.F.);
#4242=ORIENTED_EDGE('',*,*,#3293,.F.);
#4243=ORIENTED_EDGE('',*,*,#3294,.F.);
#4244=ORIENTED_EDGE('',*,*,#3295,.F.);
#4245=ORIENTED_EDGE('',*,*,#3296,.F.);
#4246=ORIENTED_EDGE('',*,*,#3297,.F.);
#4247=ORIENTED_EDGE('',*,*,#3298,.F.);
#4248=ORIENTED_EDGE('',*,*,#3299,.F.);
#4249=ORIENTED_EDGE('',*,*,#3300,.F.);
#4250=ORIENTED_EDGE('',*,*,#3301,.F.);
#4251=ORIENTED_EDGE('',*,*,#3302,.F.);
#4252=ORIENTED_EDGE('',*,*,#3303,.F.);
#4253=ORIENTED_EDGE('',*,*,#3304,.F.);
#4254=ORIENTED_EDGE('',*,*,#3305,.F.);
#4255=ORIENTED_EDGE('',*,*,#3306,.F.);
#4256=ORIENTED_EDGE('',*,*,#3307,.F.);
#4257=ORIENTED_EDGE('',*,*,#3308,.F.);
#4258=ORIENTED_EDGE('',*,*,#3309,.F.);
#4259=ORIENTED_EDGE('',*,*,#3310,.F.);
#4260=ORIENTED_EDGE('',*,*,#3311,.F.);
#4261=ORIENTED_EDGE('',*,*,#3312,.F.);
#4262=ORIENTED_EDGE('',*,*,#3313,.F.);
#4263=ORIENTED_EDGE('',*,*,#3314,.F.);
#4264=ORIENTED_EDGE('',*,*,#3315,.F.);
#4265=ORIENTED_EDGE('',*,*,#3316,.F.);
#4266=ORIENTED_EDGE('',*,*,#3317,.F.);
#4267=ORIENTED_EDGE('',*,*,#3318,.F.);
#4268=ORIENTED_EDGE('',*,*,#3319,.F.);
#4269=ORIENTED_EDGE('',*,*,#3320,.F.);
#4270=ORIENTED_EDGE('',*,*,#3321,.F.);
#4271=ORIENTED_EDGE('',*,*,#3322,.F.);
#4272=ORIENTED_EDGE('',*,*,#3323,.F.);
#4273=ORIENTED_EDGE('',*,*,#3324,.F.);
#4274=ORIENTED_EDGE('',*,*,#3325,.F.);
#4275=ORIENTED_EDGE('',*,*,#3326,.F.);
#4276=ORIENTED_EDGE('',*,*,#3327,.F.);
#4277=ORIENTED_EDGE('',*,*,#3328,.F.);
#4278=ORIENTED_EDGE('',*,*,#3329,.F.);
#4279=ORIENTED_EDGE('',*,*,#3330,.F.);
#4280=ORIENTED_EDGE('',*,*,#3331,.F.);
#4281=ORIENTED_EDGE('',*,*,#3332,.F.);
#4282=ORIENTED_EDGE('',*,*,#3333,.F.);
#4283=ORIENTED_EDGE('',*,*,#3334,.F.);
#4284=ORIENTED_EDGE('',*,*,#3335,.F.);
#4285=ORIENTED_EDGE('',*,*,#3336,.F.);
#4286=ORIENTED_EDGE('',*,*,#3337,.F.);
#4287=ORIENTED_EDGE('',*,*,#3338,.F.);
#4288=ORIENTED_EDGE('',*,*,#3339,.F.);
#4289=ORIENTED_EDGE('',*,*,#3340,.F.);
#4290=ORIENTED_EDGE('',*,*,#3341,.F.);
#4291=ORIENTED_EDGE('',*,*,#3342,.F.);
#4292=ORIENTED_EDGE('',*,*,#3343,.F.);
#4293=ORIENTED_EDGE('',*,*,#3344,.F.);
#4294=ORIENTED_EDGE('',*,*,#3345,.F.);
#4295=ORIENTED_EDGE('',*,*,#3346,.F.);
#4296=ORIENTED_EDGE('',*,*,#3347,.F.);
#4297=ORIENTED_EDGE('',*,*,#3348,.F.);
#4298=ORIENTED_EDGE('',*,*,#3349,.F.);
#4299=ORIENTED_EDGE('',*,*,#3350,.F.);
#4300=ORIENTED_EDGE('',*,*,#3351,.F.);
#4301=ORIENTED_EDGE('',*,*,#3352,.F.);
#4302=ORIENTED_EDGE('',*,*,#3353,.F.);
#4303=ORIENTED_EDGE('',*,*,#3354,.F.);
#4304=ORIENTED_EDGE('',*,*,#3355,.F.);
#4305=ORIENTED_EDGE('',*,*,#3356,.F.);
#4306=ORIENTED_EDGE('',*,*,#3357,.F.);
#4307=ORIENTED_EDGE('',*,*,#3358,.F.);
#4308=ORIENTED_EDGE('',*,*,#3176,.T.);
#4309=ORIENTED_EDGE('',*,*,#3359,.F.);
#4310=ORIENTED_EDGE('',*,*,#3360,.T.);
#4311=ORIENTED_EDGE('',*,*,#3361,.T.);
#4312=ORIENTED_EDGE('',*,*,#3188,.T.);
#4313=ORIENTED_EDGE('',*,*,#3362,.T.);
#4314=ORIENTED_EDGE('',*,*,#3363,.F.);
#4315=ORIENTED_EDGE('',*,*,#3364,.F.);
#4316=ORIENTED_EDGE('',*,*,#3365,.T.);
#4317=ORIENTED_EDGE('',*,*,#3366,.T.);
#4318=ORIENTED_EDGE('',*,*,#3367,.T.);
#4319=ORIENTED_EDGE('',*,*,#3368,.T.);
#4320=ORIENTED_EDGE('',*,*,#3180,.T.);
#4321=ORIENTED_EDGE('',*,*,#3369,.F.);
#4322=ORIENTED_EDGE('',*,*,#3370,.F.);
#4323=ORIENTED_EDGE('',*,*,#3371,.T.);
#4324=ORIENTED_EDGE('',*,*,#3372,.F.);
#4325=ORIENTED_EDGE('',*,*,#3373,.T.);
#4326=ORIENTED_EDGE('',*,*,#3374,.T.);
#4327=ORIENTED_EDGE('',*,*,#3375,.F.);
#4328=ORIENTED_EDGE('',*,*,#3376,.F.);
#4329=ORIENTED_EDGE('',*,*,#3377,.T.);
#4330=ORIENTED_EDGE('',*,*,#3378,.T.);
#4331=ORIENTED_EDGE('',*,*,#3379,.F.);
#4332=ORIENTED_EDGE('',*,*,#3380,.F.);
#4333=ORIENTED_EDGE('',*,*,#3381,.F.);
#4334=ORIENTED_EDGE('',*,*,#3382,.T.);
#4335=ORIENTED_EDGE('',*,*,#3383,.T.);
#4336=ORIENTED_EDGE('',*,*,#3384,.T.);
#4337=ORIENTED_EDGE('',*,*,#3385,.T.);
#4338=ORIENTED_EDGE('',*,*,#3386,.F.);
#4339=ORIENTED_EDGE('',*,*,#3387,.F.);
#4340=ORIENTED_EDGE('',*,*,#3388,.F.);
#4341=ORIENTED_EDGE('',*,*,#3389,.F.);
#4342=ORIENTED_EDGE('',*,*,#3390,.F.);
#4343=ORIENTED_EDGE('',*,*,#3391,.T.);
#4344=ORIENTED_EDGE('',*,*,#3392,.F.);
#4345=ORIENTED_EDGE('',*,*,#3393,.T.);
#4346=ORIENTED_EDGE('',*,*,#3394,.F.);
#4347=ORIENTED_EDGE('',*,*,#3395,.T.);
#4348=ORIENTED_EDGE('',*,*,#3396,.T.);
#4349=ORIENTED_EDGE('',*,*,#3397,.F.);
#4350=ORIENTED_EDGE('',*,*,#3389,.T.);
#4351=ORIENTED_EDGE('',*,*,#3398,.F.);
#4352=ORIENTED_EDGE('',*,*,#3399,.F.);
#4353=ORIENTED_EDGE('',*,*,#3400,.T.);
#4354=ORIENTED_EDGE('',*,*,#3401,.T.);
#4355=ORIENTED_EDGE('',*,*,#3402,.T.);
#4356=ORIENTED_EDGE('',*,*,#3403,.F.);
#4357=ORIENTED_EDGE('',*,*,#3404,.T.);
#4358=ORIENTED_EDGE('',*,*,#3365,.F.);
#4359=ORIENTED_EDGE('',*,*,#3405,.F.);
#4360=ORIENTED_EDGE('',*,*,#3406,.T.);
#4361=ORIENTED_EDGE('',*,*,#3407,.F.);
#4362=ORIENTED_EDGE('',*,*,#3408,.F.);
#4363=ORIENTED_EDGE('',*,*,#3409,.F.);
#4364=ORIENTED_EDGE('',*,*,#3410,.T.);
#4365=ORIENTED_EDGE('',*,*,#3411,.T.);
#4366=ORIENTED_EDGE('',*,*,#3412,.T.);
#4367=ORIENTED_EDGE('',*,*,#3395,.F.);
#4368=ORIENTED_EDGE('',*,*,#3402,.F.);
#4369=ORIENTED_EDGE('',*,*,#3413,.T.);
#4370=ORIENTED_EDGE('',*,*,#3414,.T.);
#4371=ORIENTED_EDGE('',*,*,#3391,.F.);
#4372=ORIENTED_EDGE('',*,*,#3415,.F.);
#4373=ORIENTED_EDGE('',*,*,#3416,.F.);
#4374=ORIENTED_EDGE('',*,*,#3417,.F.);
#4375=ORIENTED_EDGE('',*,*,#3418,.F.);
#4376=ORIENTED_EDGE('',*,*,#3419,.T.);
#4377=ORIENTED_EDGE('',*,*,#3420,.F.);
#4378=ORIENTED_EDGE('',*,*,#3181,.T.);
#4379=ORIENTED_EDGE('',*,*,#3368,.F.);
#4380=ORIENTED_EDGE('',*,*,#3421,.T.);
#4381=ORIENTED_EDGE('',*,*,#3422,.T.);
#4382=ORIENTED_EDGE('',*,*,#3423,.F.);
#4383=ORIENTED_EDGE('',*,*,#3424,.F.);
#4384=ORIENTED_EDGE('',*,*,#3407,.T.);
#4385=ORIENTED_EDGE('',*,*,#3425,.F.);
#4386=ORIENTED_EDGE('',*,*,#3426,.F.);
#4387=ORIENTED_EDGE('',*,*,#3362,.F.);
#4388=ORIENTED_EDGE('',*,*,#3187,.F.);
#4389=ORIENTED_EDGE('',*,*,#3427,.T.);
#4390=ORIENTED_EDGE('',*,*,#3428,.F.);
#4391=ORIENTED_EDGE('',*,*,#3429,.T.);
#4392=ORIENTED_EDGE('',*,*,#3430,.T.);
#4393=ORIENTED_EDGE('',*,*,#3431,.T.);
#4394=ORIENTED_EDGE('',*,*,#3432,.T.);
#4395=ORIENTED_EDGE('',*,*,#3433,.T.);
#4396=ORIENTED_EDGE('',*,*,#3434,.T.);
#4397=ORIENTED_EDGE('',*,*,#3429,.F.);
#4398=ORIENTED_EDGE('',*,*,#3435,.F.);
#4399=ORIENTED_EDGE('',*,*,#3436,.F.);
#4400=ORIENTED_EDGE('',*,*,#3437,.T.);
#4401=ORIENTED_EDGE('',*,*,#3438,.T.);
#4402=ORIENTED_EDGE('',*,*,#3439,.T.);
#4403=ORIENTED_EDGE('',*,*,#3440,.F.);
#4404=ORIENTED_EDGE('',*,*,#3441,.F.);
#4405=ORIENTED_EDGE('',*,*,#3442,.F.);
#4406=ORIENTED_EDGE('',*,*,#3443,.T.);
#4407=ORIENTED_EDGE('',*,*,#3432,.F.);
#4408=ORIENTED_EDGE('',*,*,#3444,.F.);
#4409=ORIENTED_EDGE('',*,*,#3428,.T.);
#4410=ORIENTED_EDGE('',*,*,#3445,.T.);
#4411=ORIENTED_EDGE('',*,*,#3446,.F.);
#4412=ORIENTED_EDGE('',*,*,#3435,.T.);
#4413=ORIENTED_EDGE('',*,*,#3447,.T.);
#4414=ORIENTED_EDGE('',*,*,#3184,.F.);
#4415=ORIENTED_EDGE('',*,*,#3448,.F.);
#4416=ORIENTED_EDGE('',*,*,#3449,.F.);
#4417=ORIENTED_EDGE('',*,*,#3450,.T.);
#4418=ORIENTED_EDGE('',*,*,#3451,.F.);
#4419=ORIENTED_EDGE('',*,*,#3452,.T.);
#4420=ORIENTED_EDGE('',*,*,#3453,.T.);
#4421=ORIENTED_EDGE('',*,*,#3454,.T.);
#4422=ORIENTED_EDGE('',*,*,#3384,.F.);
#4423=ORIENTED_EDGE('',*,*,#3455,.T.);
#4424=ORIENTED_EDGE('',*,*,#3456,.T.);
#4425=ORIENTED_EDGE('',*,*,#3412,.F.);
#4426=ORIENTED_EDGE('',*,*,#3457,.T.);
#4427=ORIENTED_EDGE('',*,*,#3441,.T.);
#4428=ORIENTED_EDGE('',*,*,#3458,.T.);
#4429=ORIENTED_EDGE('',*,*,#3459,.T.);
#4430=ORIENTED_EDGE('',*,*,#3460,.T.);
#4431=ORIENTED_EDGE('',*,*,#3461,.F.);
#4432=ORIENTED_EDGE('',*,*,#3396,.F.);
#4433=ORIENTED_EDGE('',*,*,#3462,.T.);
#4434=ORIENTED_EDGE('',*,*,#3463,.T.);
#4435=ORIENTED_EDGE('',*,*,#3464,.T.);
#4436=ORIENTED_EDGE('',*,*,#3465,.T.);
#4437=ORIENTED_EDGE('',*,*,#3382,.F.);
#4438=ORIENTED_EDGE('',*,*,#3466,.T.);
#4439=ORIENTED_EDGE('',*,*,#3189,.F.);
#4440=ORIENTED_EDGE('',*,*,#3361,.F.);
#4441=ORIENTED_EDGE('',*,*,#3467,.T.);
#4442=ORIENTED_EDGE('',*,*,#3468,.F.);
#4443=ORIENTED_EDGE('',*,*,#3469,.T.);
#4444=ORIENTED_EDGE('',*,*,#3470,.T.);
#4445=ORIENTED_EDGE('',*,*,#3439,.F.);
#4446=ORIENTED_EDGE('',*,*,#3471,.T.);
#4447=ORIENTED_EDGE('',*,*,#3465,.F.);
#4448=ORIENTED_EDGE('',*,*,#3472,.T.);
#4449=ORIENTED_EDGE('',*,*,#3455,.F.);
#4450=ORIENTED_EDGE('',*,*,#3383,.F.);
#4451=ORIENTED_EDGE('',*,*,#3458,.F.);
#4452=ORIENTED_EDGE('',*,*,#3440,.T.);
#4453=ORIENTED_EDGE('',*,*,#3470,.F.);
#4454=ORIENTED_EDGE('',*,*,#3473,.F.);
#4455=ORIENTED_EDGE('',*,*,#3474,.F.);
#4456=ORIENTED_EDGE('',*,*,#3460,.F.);
#4457=ORIENTED_EDGE('',*,*,#3475,.T.);
#4458=ORIENTED_EDGE('',*,*,#3476,.F.);
#4459=ORIENTED_EDGE('',*,*,#3477,.T.);
#4460=ORIENTED_EDGE('',*,*,#3478,.T.);
#4461=ORIENTED_EDGE('',*,*,#3479,.F.);
#4462=ORIENTED_EDGE('',*,*,#3480,.T.);
#4463=ORIENTED_EDGE('',*,*,#3481,.T.);
#4464=ORIENTED_EDGE('',*,*,#3451,.T.);
#4465=ORIENTED_EDGE('',*,*,#3482,.T.);
#4466=ORIENTED_EDGE('',*,*,#3483,.F.);
#4467=ORIENTED_EDGE('',*,*,#3484,.T.);
#4468=ORIENTED_EDGE('',*,*,#3485,.T.);
#4469=ORIENTED_EDGE('',*,*,#3469,.F.);
#4470=ORIENTED_EDGE('',*,*,#3486,.F.);
#4471=ORIENTED_EDGE('',*,*,#3487,.F.);
#4472=ORIENTED_EDGE('',*,*,#3488,.T.);
#4473=ORIENTED_EDGE('',*,*,#3489,.T.);
#4474=ORIENTED_EDGE('',*,*,#3476,.T.);
#4475=ORIENTED_EDGE('',*,*,#3484,.F.);
#4476=ORIENTED_EDGE('',*,*,#3490,.F.);
#4477=ORIENTED_EDGE('',*,*,#3491,.F.);
#4478=ORIENTED_EDGE('',*,*,#3369,.T.);
#4479=ORIENTED_EDGE('',*,*,#3179,.T.);
#4480=ORIENTED_EDGE('',*,*,#3492,.F.);
#4481=ORIENTED_EDGE('',*,*,#3483,.T.);
#4482=ORIENTED_EDGE('',*,*,#3493,.T.);
#4483=ORIENTED_EDGE('',*,*,#3494,.F.);
#4484=ORIENTED_EDGE('',*,*,#3495,.T.);
#4485=ORIENTED_EDGE('',*,*,#3468,.T.);
#4486=ORIENTED_EDGE('',*,*,#3496,.T.);
#4487=ORIENTED_EDGE('',*,*,#3387,.T.);
#4488=ORIENTED_EDGE('',*,*,#3497,.T.);
#4489=ORIENTED_EDGE('',*,*,#3498,.T.);
#4490=ORIENTED_EDGE('',*,*,#3499,.T.);
#4491=ORIENTED_EDGE('',*,*,#3479,.T.);
#4492=ORIENTED_EDGE('',*,*,#3500,.T.);
#4493=ORIENTED_EDGE('',*,*,#3490,.T.);
#4494=ORIENTED_EDGE('',*,*,#3486,.T.);
#4495=ORIENTED_EDGE('',*,*,#3501,.F.);
#4496=ORIENTED_EDGE('',*,*,#3502,.T.);
#4497=ORIENTED_EDGE('',*,*,#3503,.T.);
#4498=ORIENTED_EDGE('',*,*,#3504,.F.);
#4499=ORIENTED_EDGE('',*,*,#3505,.F.);
#4500=ORIENTED_EDGE('',*,*,#3506,.T.);
#4501=ORIENTED_EDGE('',*,*,#3507,.T.);
#4502=ORIENTED_EDGE('',*,*,#3508,.F.);
#4503=ORIENTED_EDGE('',*,*,#3473,.T.);
#4504=ORIENTED_EDGE('',*,*,#3485,.F.);
#4505=ORIENTED_EDGE('',*,*,#3475,.F.);
#4506=ORIENTED_EDGE('',*,*,#3459,.F.);
#4507=ORIENTED_EDGE('',*,*,#3509,.F.);
#4508=ORIENTED_EDGE('',*,*,#3493,.F.);
#4509=ORIENTED_EDGE('',*,*,#3482,.F.);
#4510=ORIENTED_EDGE('',*,*,#3450,.F.);
#4511=ORIENTED_EDGE('',*,*,#3510,.T.);
#4512=ORIENTED_EDGE('',*,*,#3511,.T.);
#4513=ORIENTED_EDGE('',*,*,#3512,.F.);
#4514=ORIENTED_EDGE('',*,*,#3498,.F.);
#4515=ORIENTED_EDGE('',*,*,#3512,.T.);
#4516=ORIENTED_EDGE('',*,*,#3513,.T.);
#4517=ORIENTED_EDGE('',*,*,#3480,.F.);
#4518=ORIENTED_EDGE('',*,*,#3499,.F.);
#4519=ORIENTED_EDGE('',*,*,#3386,.T.);
#4520=ORIENTED_EDGE('',*,*,#3514,.T.);
#4521=ORIENTED_EDGE('',*,*,#3510,.F.);
#4522=ORIENTED_EDGE('',*,*,#3497,.F.);
#4523=ORIENTED_EDGE('',*,*,#3481,.F.);
#4524=ORIENTED_EDGE('',*,*,#3513,.F.);
#4525=ORIENTED_EDGE('',*,*,#3515,.F.);
#4526=ORIENTED_EDGE('',*,*,#3452,.F.);
#4527=ORIENTED_EDGE('',*,*,#3515,.T.);
#4528=ORIENTED_EDGE('',*,*,#3511,.F.);
#4529=ORIENTED_EDGE('',*,*,#3516,.F.);
#4530=ORIENTED_EDGE('',*,*,#3453,.F.);
#4531=ORIENTED_EDGE('',*,*,#3385,.F.);
#4532=ORIENTED_EDGE('',*,*,#3454,.F.);
#4533=ORIENTED_EDGE('',*,*,#3516,.T.);
#4534=ORIENTED_EDGE('',*,*,#3514,.F.);
#4535=ORIENTED_EDGE('',*,*,#3489,.F.);
#4536=ORIENTED_EDGE('',*,*,#3517,.T.);
#4537=ORIENTED_EDGE('',*,*,#3518,.F.);
#4538=ORIENTED_EDGE('',*,*,#3519,.T.);
#4539=ORIENTED_EDGE('',*,*,#3415,.T.);
#4540=ORIENTED_EDGE('',*,*,#3390,.T.);
#4541=ORIENTED_EDGE('',*,*,#3397,.T.);
#4542=ORIENTED_EDGE('',*,*,#3461,.T.);
#4543=ORIENTED_EDGE('',*,*,#3474,.T.);
#4544=ORIENTED_EDGE('',*,*,#3520,.F.);
#4545=ORIENTED_EDGE('',*,*,#3521,.T.);
#4546=ORIENTED_EDGE('',*,*,#3494,.T.);
#4547=ORIENTED_EDGE('',*,*,#3509,.T.);
#4548=ORIENTED_EDGE('',*,*,#3449,.T.);
#4549=ORIENTED_EDGE('',*,*,#3522,.T.);
#4550=ORIENTED_EDGE('',*,*,#3523,.T.);
#4551=ORIENTED_EDGE('',*,*,#3487,.T.);
#4552=ORIENTED_EDGE('',*,*,#3524,.T.);
#4553=ORIENTED_EDGE('',*,*,#3522,.F.);
#4554=ORIENTED_EDGE('',*,*,#3525,.T.);
#4555=ORIENTED_EDGE('',*,*,#3520,.T.);
#4556=ORIENTED_EDGE('',*,*,#3448,.T.);
#4557=ORIENTED_EDGE('',*,*,#3183,.T.);
#4558=ORIENTED_EDGE('',*,*,#3526,.T.);
#4559=ORIENTED_EDGE('',*,*,#3527,.F.);
#4560=ORIENTED_EDGE('',*,*,#3528,.F.);
#4561=ORIENTED_EDGE('',*,*,#3529,.T.);
#4562=ORIENTED_EDGE('',*,*,#3530,.T.);
#4563=ORIENTED_EDGE('',*,*,#3518,.T.);
#4564=ORIENTED_EDGE('',*,*,#3531,.T.);
#4565=ORIENTED_EDGE('',*,*,#3527,.T.);
#4566=ORIENTED_EDGE('',*,*,#3532,.T.);
#4567=ORIENTED_EDGE('',*,*,#3419,.F.);
#4568=ORIENTED_EDGE('',*,*,#3533,.F.);
#4569=ORIENTED_EDGE('',*,*,#3418,.T.);
#4570=ORIENTED_EDGE('',*,*,#3534,.F.);
#4571=ORIENTED_EDGE('',*,*,#3528,.T.);
#4572=ORIENTED_EDGE('',*,*,#3533,.T.);
#4573=ORIENTED_EDGE('',*,*,#3526,.F.);
#4574=ORIENTED_EDGE('',*,*,#3182,.T.);
#4575=ORIENTED_EDGE('',*,*,#3420,.T.);
#4576=ORIENTED_EDGE('',*,*,#3532,.F.);
#4577=ORIENTED_EDGE('',*,*,#3535,.T.);
#4578=ORIENTED_EDGE('',*,*,#3416,.T.);
#4579=ORIENTED_EDGE('',*,*,#3519,.F.);
#4580=ORIENTED_EDGE('',*,*,#3530,.F.);
#4581=ORIENTED_EDGE('',*,*,#3534,.T.);
#4582=ORIENTED_EDGE('',*,*,#3417,.T.);
#4583=ORIENTED_EDGE('',*,*,#3535,.F.);
#4584=ORIENTED_EDGE('',*,*,#3529,.F.);
#4585=ORIENTED_EDGE('',*,*,#3421,.F.);
#4586=ORIENTED_EDGE('',*,*,#3367,.F.);
#4587=ORIENTED_EDGE('',*,*,#3536,.T.);
#4588=ORIENTED_EDGE('',*,*,#3537,.T.);
#4589=ORIENTED_EDGE('',*,*,#3422,.F.);
#4590=ORIENTED_EDGE('',*,*,#3537,.F.);
#4591=ORIENTED_EDGE('',*,*,#3538,.T.);
#4592=ORIENTED_EDGE('',*,*,#3403,.T.);
#4593=ORIENTED_EDGE('',*,*,#3536,.F.);
#4594=ORIENTED_EDGE('',*,*,#3366,.F.);
#4595=ORIENTED_EDGE('',*,*,#3404,.F.);
#4596=ORIENTED_EDGE('',*,*,#3538,.F.);
#4597=ORIENTED_EDGE('',*,*,#3531,.F.);
#4598=ORIENTED_EDGE('',*,*,#3517,.F.);
#4599=ORIENTED_EDGE('',*,*,#3488,.F.);
#4600=ORIENTED_EDGE('',*,*,#3523,.F.);
#4601=ORIENTED_EDGE('',*,*,#3495,.F.);
#4602=ORIENTED_EDGE('',*,*,#3521,.F.);
#4603=ORIENTED_EDGE('',*,*,#3525,.F.);
#4604=ORIENTED_EDGE('',*,*,#3524,.F.);
#4605=ORIENTED_EDGE('',*,*,#3464,.F.);
#4606=ORIENTED_EDGE('',*,*,#3539,.T.);
#4607=ORIENTED_EDGE('',*,*,#3540,.T.);
#4608=ORIENTED_EDGE('',*,*,#3456,.F.);
#4609=ORIENTED_EDGE('',*,*,#3472,.F.);
#4610=ORIENTED_EDGE('',*,*,#3462,.F.);
#4611=ORIENTED_EDGE('',*,*,#3541,.T.);
#4612=ORIENTED_EDGE('',*,*,#3542,.F.);
#4613=ORIENTED_EDGE('',*,*,#3543,.T.);
#4614=ORIENTED_EDGE('',*,*,#3447,.F.);
#4615=ORIENTED_EDGE('',*,*,#3540,.F.);
#4616=ORIENTED_EDGE('',*,*,#3544,.T.);
#4617=ORIENTED_EDGE('',*,*,#3542,.T.);
#4618=ORIENTED_EDGE('',*,*,#3545,.T.);
#4619=ORIENTED_EDGE('',*,*,#3437,.F.);
#4620=ORIENTED_EDGE('',*,*,#3546,.F.);
#4621=ORIENTED_EDGE('',*,*,#3547,.F.);
#4622=ORIENTED_EDGE('',*,*,#3436,.T.);
#4623=ORIENTED_EDGE('',*,*,#3446,.T.);
#4624=ORIENTED_EDGE('',*,*,#3548,.F.);
#4625=ORIENTED_EDGE('',*,*,#3185,.F.);
#4626=ORIENTED_EDGE('',*,*,#3427,.F.);
#4627=ORIENTED_EDGE('',*,*,#3186,.F.);
#4628=ORIENTED_EDGE('',*,*,#3548,.T.);
#4629=ORIENTED_EDGE('',*,*,#3445,.F.);
#4630=ORIENTED_EDGE('',*,*,#3549,.F.);
#4631=ORIENTED_EDGE('',*,*,#3550,.F.);
#4632=ORIENTED_EDGE('',*,*,#3551,.F.);
#4633=ORIENTED_EDGE('',*,*,#3433,.F.);
#4634=ORIENTED_EDGE('',*,*,#3443,.F.);
#4635=ORIENTED_EDGE('',*,*,#3552,.T.);
#4636=ORIENTED_EDGE('',*,*,#3553,.T.);
#4637=ORIENTED_EDGE('',*,*,#3554,.T.);
#4638=ORIENTED_EDGE('',*,*,#3552,.F.);
#4639=ORIENTED_EDGE('',*,*,#3442,.T.);
#4640=ORIENTED_EDGE('',*,*,#3457,.F.);
#4641=ORIENTED_EDGE('',*,*,#3411,.F.);
#4642=ORIENTED_EDGE('',*,*,#3547,.T.);
#4643=ORIENTED_EDGE('',*,*,#3555,.T.);
#4644=ORIENTED_EDGE('',*,*,#3430,.F.);
#4645=ORIENTED_EDGE('',*,*,#3434,.F.);
#4646=ORIENTED_EDGE('',*,*,#3546,.T.);
#4647=ORIENTED_EDGE('',*,*,#3444,.T.);
#4648=ORIENTED_EDGE('',*,*,#3431,.F.);
#4649=ORIENTED_EDGE('',*,*,#3555,.F.);
#4650=ORIENTED_EDGE('',*,*,#3426,.T.);
#4651=ORIENTED_EDGE('',*,*,#3556,.F.);
#4652=ORIENTED_EDGE('',*,*,#3557,.F.);
#4653=ORIENTED_EDGE('',*,*,#3363,.T.);
#4654=ORIENTED_EDGE('',*,*,#3425,.T.);
#4655=ORIENTED_EDGE('',*,*,#3406,.F.);
#4656=ORIENTED_EDGE('',*,*,#3558,.F.);
#4657=ORIENTED_EDGE('',*,*,#3556,.T.);
#4658=ORIENTED_EDGE('',*,*,#3557,.T.);
#4659=ORIENTED_EDGE('',*,*,#3558,.T.);
#4660=ORIENTED_EDGE('',*,*,#3405,.T.);
#4661=ORIENTED_EDGE('',*,*,#3364,.T.);
#4662=ORIENTED_EDGE('',*,*,#3545,.F.);
#4663=ORIENTED_EDGE('',*,*,#3541,.F.);
#4664=ORIENTED_EDGE('',*,*,#3471,.F.);
#4665=ORIENTED_EDGE('',*,*,#3438,.F.);
#4666=ORIENTED_EDGE('',*,*,#3463,.F.);
#4667=ORIENTED_EDGE('',*,*,#3543,.F.);
#4668=ORIENTED_EDGE('',*,*,#3544,.F.);
#4669=ORIENTED_EDGE('',*,*,#3539,.F.);
#4670=ORIENTED_EDGE('',*,*,#3551,.T.);
#4671=ORIENTED_EDGE('',*,*,#3559,.T.);
#4672=ORIENTED_EDGE('',*,*,#3560,.T.);
#4673=ORIENTED_EDGE('',*,*,#3423,.T.);
#4674=ORIENTED_EDGE('',*,*,#3560,.F.);
#4675=ORIENTED_EDGE('',*,*,#3561,.T.);
#4676=ORIENTED_EDGE('',*,*,#3408,.T.);
#4677=ORIENTED_EDGE('',*,*,#3424,.T.);
#4678=ORIENTED_EDGE('',*,*,#3562,.F.);
#4679=ORIENTED_EDGE('',*,*,#3392,.T.);
#4680=ORIENTED_EDGE('',*,*,#3414,.F.);
#4681=ORIENTED_EDGE('',*,*,#3563,.F.);
#4682=ORIENTED_EDGE('',*,*,#3564,.F.);
#4683=ORIENTED_EDGE('',*,*,#3563,.T.);
#4684=ORIENTED_EDGE('',*,*,#3413,.F.);
#4685=ORIENTED_EDGE('',*,*,#3401,.F.);
#4686=ORIENTED_EDGE('',*,*,#3565,.T.);
#4687=ORIENTED_EDGE('',*,*,#3566,.T.);
#4688=ORIENTED_EDGE('',*,*,#3567,.T.);
#4689=ORIENTED_EDGE('',*,*,#3568,.T.);
#4690=ORIENTED_EDGE('',*,*,#3569,.T.);
#4691=ORIENTED_EDGE('',*,*,#3570,.T.);
#4692=ORIENTED_EDGE('',*,*,#3571,.F.);
#4693=ORIENTED_EDGE('',*,*,#3508,.T.);
#4694=ORIENTED_EDGE('',*,*,#3572,.T.);
#4695=ORIENTED_EDGE('',*,*,#3573,.T.);
#4696=ORIENTED_EDGE('',*,*,#3574,.F.);
#4697=ORIENTED_EDGE('',*,*,#3506,.F.);
#4698=ORIENTED_EDGE('',*,*,#3574,.T.);
#4699=ORIENTED_EDGE('',*,*,#3575,.T.);
#4700=ORIENTED_EDGE('',*,*,#3569,.F.);
#4701=ORIENTED_EDGE('',*,*,#3507,.F.);
#4702=ORIENTED_EDGE('',*,*,#3571,.T.);
#4703=ORIENTED_EDGE('',*,*,#3576,.T.);
#4704=ORIENTED_EDGE('',*,*,#3572,.F.);
#4705=ORIENTED_EDGE('',*,*,#3505,.T.);
#4706=ORIENTED_EDGE('',*,*,#3577,.T.);
#4707=ORIENTED_EDGE('',*,*,#3379,.T.);
#4708=ORIENTED_EDGE('',*,*,#3578,.F.);
#4709=ORIENTED_EDGE('',*,*,#3579,.F.);
#4710=ORIENTED_EDGE('',*,*,#3580,.F.);
#4711=ORIENTED_EDGE('',*,*,#3581,.T.);
#4712=ORIENTED_EDGE('',*,*,#3582,.T.);
#4713=ORIENTED_EDGE('',*,*,#3579,.T.);
#4714=ORIENTED_EDGE('',*,*,#3583,.T.);
#4715=ORIENTED_EDGE('',*,*,#3584,.T.);
#4716=ORIENTED_EDGE('',*,*,#3585,.T.);
#4717=ORIENTED_EDGE('',*,*,#3586,.T.);
#4718=ORIENTED_EDGE('',*,*,#3587,.F.);
#4719=ORIENTED_EDGE('',*,*,#3588,.T.);
#4720=ORIENTED_EDGE('',*,*,#3589,.T.);
#4721=ORIENTED_EDGE('',*,*,#3590,.F.);
#4722=ORIENTED_EDGE('',*,*,#3591,.T.);
#4723=ORIENTED_EDGE('',*,*,#3592,.F.);
#4724=ORIENTED_EDGE('',*,*,#3593,.F.);
#4725=ORIENTED_EDGE('',*,*,#3590,.T.);
#4726=ORIENTED_EDGE('',*,*,#3594,.T.);
#4727=ORIENTED_EDGE('',*,*,#3595,.F.);
#4728=ORIENTED_EDGE('',*,*,#3596,.F.);
#4729=ORIENTED_EDGE('',*,*,#3592,.T.);
#4730=ORIENTED_EDGE('',*,*,#3377,.F.);
#4731=ORIENTED_EDGE('',*,*,#3597,.F.);
#4732=ORIENTED_EDGE('',*,*,#3595,.T.);
#4733=ORIENTED_EDGE('',*,*,#3598,.T.);
#4734=ORIENTED_EDGE('',*,*,#3582,.F.);
#4735=ORIENTED_EDGE('',*,*,#3599,.T.);
#4736=ORIENTED_EDGE('',*,*,#3587,.T.);
#4737=ORIENTED_EDGE('',*,*,#3593,.T.);
#4738=ORIENTED_EDGE('',*,*,#3596,.T.);
#4739=ORIENTED_EDGE('',*,*,#3597,.T.);
#4740=ORIENTED_EDGE('',*,*,#3376,.T.);
#4741=ORIENTED_EDGE('',*,*,#3577,.F.);
#4742=ORIENTED_EDGE('',*,*,#3589,.F.);
#4743=ORIENTED_EDGE('',*,*,#3600,.T.);
#4744=ORIENTED_EDGE('',*,*,#3580,.T.);
#4745=ORIENTED_EDGE('',*,*,#3578,.T.);
#4746=ORIENTED_EDGE('',*,*,#3378,.F.);
#4747=ORIENTED_EDGE('',*,*,#3598,.F.);
#4748=ORIENTED_EDGE('',*,*,#3594,.F.);
#4749=ORIENTED_EDGE('',*,*,#3591,.F.);
#4750=ORIENTED_EDGE('',*,*,#3601,.F.);
#4751=ORIENTED_EDGE('',*,*,#3588,.F.);
#4752=ORIENTED_EDGE('',*,*,#3602,.F.);
#4753=ORIENTED_EDGE('',*,*,#3586,.F.);
#4754=ORIENTED_EDGE('',*,*,#3602,.T.);
#4755=ORIENTED_EDGE('',*,*,#3599,.F.);
#4756=ORIENTED_EDGE('',*,*,#3603,.F.);
#4757=ORIENTED_EDGE('',*,*,#3583,.F.);
#4758=ORIENTED_EDGE('',*,*,#3601,.T.);
#4759=ORIENTED_EDGE('',*,*,#3585,.F.);
#4760=ORIENTED_EDGE('',*,*,#3604,.F.);
#4761=ORIENTED_EDGE('',*,*,#3600,.F.);
#4762=ORIENTED_EDGE('',*,*,#3603,.T.);
#4763=ORIENTED_EDGE('',*,*,#3581,.F.);
#4764=ORIENTED_EDGE('',*,*,#3604,.T.);
#4765=ORIENTED_EDGE('',*,*,#3584,.F.);
#4766=ORIENTED_EDGE('',*,*,#3605,.F.);
#4767=ORIENTED_EDGE('',*,*,#3575,.F.);
#4768=ORIENTED_EDGE('',*,*,#3606,.F.);
#4769=ORIENTED_EDGE('',*,*,#3568,.F.);
#4770=ORIENTED_EDGE('',*,*,#3606,.T.);
#4771=ORIENTED_EDGE('',*,*,#3573,.F.);
#4772=ORIENTED_EDGE('',*,*,#3607,.F.);
#4773=ORIENTED_EDGE('',*,*,#3565,.F.);
#4774=ORIENTED_EDGE('',*,*,#3605,.T.);
#4775=ORIENTED_EDGE('',*,*,#3567,.F.);
#4776=ORIENTED_EDGE('',*,*,#3608,.F.);
#4777=ORIENTED_EDGE('',*,*,#3570,.F.);
#4778=ORIENTED_EDGE('',*,*,#3607,.T.);
#4779=ORIENTED_EDGE('',*,*,#3576,.F.);
#4780=ORIENTED_EDGE('',*,*,#3608,.T.);
#4781=ORIENTED_EDGE('',*,*,#3566,.F.);
#4782=ORIENTED_EDGE('',*,*,#3609,.T.);
#4783=ORIENTED_EDGE('',*,*,#3610,.T.);
#4784=ORIENTED_EDGE('',*,*,#3611,.T.);
#4785=ORIENTED_EDGE('',*,*,#3612,.T.);
#4786=ORIENTED_EDGE('',*,*,#3613,.T.);
#4787=ORIENTED_EDGE('',*,*,#3614,.T.);
#4788=ORIENTED_EDGE('',*,*,#3615,.F.);
#4789=ORIENTED_EDGE('',*,*,#3504,.T.);
#4790=ORIENTED_EDGE('',*,*,#3616,.T.);
#4791=ORIENTED_EDGE('',*,*,#3617,.T.);
#4792=ORIENTED_EDGE('',*,*,#3618,.F.);
#4793=ORIENTED_EDGE('',*,*,#3502,.F.);
#4794=ORIENTED_EDGE('',*,*,#3618,.T.);
#4795=ORIENTED_EDGE('',*,*,#3619,.T.);
#4796=ORIENTED_EDGE('',*,*,#3613,.F.);
#4797=ORIENTED_EDGE('',*,*,#3503,.F.);
#4798=ORIENTED_EDGE('',*,*,#3615,.T.);
#4799=ORIENTED_EDGE('',*,*,#3620,.T.);
#4800=ORIENTED_EDGE('',*,*,#3616,.F.);
#4801=ORIENTED_EDGE('',*,*,#3501,.T.);
#4802=ORIENTED_EDGE('',*,*,#3621,.T.);
#4803=ORIENTED_EDGE('',*,*,#3375,.T.);
#4804=ORIENTED_EDGE('',*,*,#3622,.F.);
#4805=ORIENTED_EDGE('',*,*,#3623,.F.);
#4806=ORIENTED_EDGE('',*,*,#3624,.F.);
#4807=ORIENTED_EDGE('',*,*,#3625,.T.);
#4808=ORIENTED_EDGE('',*,*,#3626,.T.);
#4809=ORIENTED_EDGE('',*,*,#3623,.T.);
#4810=ORIENTED_EDGE('',*,*,#3627,.T.);
#4811=ORIENTED_EDGE('',*,*,#3628,.T.);
#4812=ORIENTED_EDGE('',*,*,#3629,.T.);
#4813=ORIENTED_EDGE('',*,*,#3630,.T.);
#4814=ORIENTED_EDGE('',*,*,#3631,.F.);
#4815=ORIENTED_EDGE('',*,*,#3632,.T.);
#4816=ORIENTED_EDGE('',*,*,#3633,.T.);
#4817=ORIENTED_EDGE('',*,*,#3634,.F.);
#4818=ORIENTED_EDGE('',*,*,#3635,.T.);
#4819=ORIENTED_EDGE('',*,*,#3636,.F.);
#4820=ORIENTED_EDGE('',*,*,#3637,.F.);
#4821=ORIENTED_EDGE('',*,*,#3634,.T.);
#4822=ORIENTED_EDGE('',*,*,#3638,.T.);
#4823=ORIENTED_EDGE('',*,*,#3639,.F.);
#4824=ORIENTED_EDGE('',*,*,#3640,.F.);
#4825=ORIENTED_EDGE('',*,*,#3636,.T.);
#4826=ORIENTED_EDGE('',*,*,#3373,.F.);
#4827=ORIENTED_EDGE('',*,*,#3641,.F.);
#4828=ORIENTED_EDGE('',*,*,#3639,.T.);
#4829=ORIENTED_EDGE('',*,*,#3642,.T.);
#4830=ORIENTED_EDGE('',*,*,#3626,.F.);
#4831=ORIENTED_EDGE('',*,*,#3643,.T.);
#4832=ORIENTED_EDGE('',*,*,#3631,.T.);
#4833=ORIENTED_EDGE('',*,*,#3637,.T.);
#4834=ORIENTED_EDGE('',*,*,#3640,.T.);
#4835=ORIENTED_EDGE('',*,*,#3641,.T.);
#4836=ORIENTED_EDGE('',*,*,#3372,.T.);
#4837=ORIENTED_EDGE('',*,*,#3621,.F.);
#4838=ORIENTED_EDGE('',*,*,#3633,.F.);
#4839=ORIENTED_EDGE('',*,*,#3644,.T.);
#4840=ORIENTED_EDGE('',*,*,#3624,.T.);
#4841=ORIENTED_EDGE('',*,*,#3622,.T.);
#4842=ORIENTED_EDGE('',*,*,#3374,.F.);
#4843=ORIENTED_EDGE('',*,*,#3642,.F.);
#4844=ORIENTED_EDGE('',*,*,#3638,.F.);
#4845=ORIENTED_EDGE('',*,*,#3635,.F.);
#4846=ORIENTED_EDGE('',*,*,#3645,.F.);
#4847=ORIENTED_EDGE('',*,*,#3632,.F.);
#4848=ORIENTED_EDGE('',*,*,#3646,.F.);
#4849=ORIENTED_EDGE('',*,*,#3630,.F.);
#4850=ORIENTED_EDGE('',*,*,#3646,.T.);
#4851=ORIENTED_EDGE('',*,*,#3643,.F.);
#4852=ORIENTED_EDGE('',*,*,#3647,.F.);
#4853=ORIENTED_EDGE('',*,*,#3627,.F.);
#4854=ORIENTED_EDGE('',*,*,#3645,.T.);
#4855=ORIENTED_EDGE('',*,*,#3629,.F.);
#4856=ORIENTED_EDGE('',*,*,#3648,.F.);
#4857=ORIENTED_EDGE('',*,*,#3644,.F.);
#4858=ORIENTED_EDGE('',*,*,#3647,.T.);
#4859=ORIENTED_EDGE('',*,*,#3625,.F.);
#4860=ORIENTED_EDGE('',*,*,#3648,.T.);
#4861=ORIENTED_EDGE('',*,*,#3628,.F.);
#4862=ORIENTED_EDGE('',*,*,#3649,.F.);
#4863=ORIENTED_EDGE('',*,*,#3619,.F.);
#4864=ORIENTED_EDGE('',*,*,#3650,.F.);
#4865=ORIENTED_EDGE('',*,*,#3612,.F.);
#4866=ORIENTED_EDGE('',*,*,#3650,.T.);
#4867=ORIENTED_EDGE('',*,*,#3617,.F.);
#4868=ORIENTED_EDGE('',*,*,#3651,.F.);
#4869=ORIENTED_EDGE('',*,*,#3609,.F.);
#4870=ORIENTED_EDGE('',*,*,#3649,.T.);
#4871=ORIENTED_EDGE('',*,*,#3611,.F.);
#4872=ORIENTED_EDGE('',*,*,#3652,.F.);
#4873=ORIENTED_EDGE('',*,*,#3614,.F.);
#4874=ORIENTED_EDGE('',*,*,#3651,.T.);
#4875=ORIENTED_EDGE('',*,*,#3620,.F.);
#4876=ORIENTED_EDGE('',*,*,#3652,.T.);
#4877=ORIENTED_EDGE('',*,*,#3610,.F.);
#4878=ORIENTED_EDGE('',*,*,#3398,.T.);
#4879=ORIENTED_EDGE('',*,*,#3388,.T.);
#4880=ORIENTED_EDGE('',*,*,#3653,.F.);
#4881=ORIENTED_EDGE('',*,*,#3654,.T.);
#4882=ORIENTED_EDGE('',*,*,#3393,.F.);
#4883=ORIENTED_EDGE('',*,*,#3562,.T.);
#4884=ORIENTED_EDGE('',*,*,#3564,.T.);
#4885=ORIENTED_EDGE('',*,*,#3655,.T.);
#4886=ORIENTED_EDGE('',*,*,#3656,.T.);
#4887=ORIENTED_EDGE('',*,*,#3657,.T.);
#4888=ORIENTED_EDGE('',*,*,#3653,.T.);
#4889=ORIENTED_EDGE('',*,*,#3399,.T.);
#4890=ORIENTED_EDGE('',*,*,#3658,.F.);
#4891=ORIENTED_EDGE('',*,*,#3659,.F.);
#4892=ORIENTED_EDGE('',*,*,#3660,.F.);
#4893=ORIENTED_EDGE('',*,*,#3659,.T.);
#4894=ORIENTED_EDGE('',*,*,#3661,.F.);
#4895=ORIENTED_EDGE('',*,*,#3656,.F.);
#4896=ORIENTED_EDGE('',*,*,#3662,.T.);
#4897=ORIENTED_EDGE('',*,*,#3658,.T.);
#4898=ORIENTED_EDGE('',*,*,#3394,.T.);
#4899=ORIENTED_EDGE('',*,*,#3654,.F.);
#4900=ORIENTED_EDGE('',*,*,#3657,.F.);
#4901=ORIENTED_EDGE('',*,*,#3661,.T.);
#4902=ORIENTED_EDGE('',*,*,#3400,.F.);
#4903=ORIENTED_EDGE('',*,*,#3660,.T.);
#4904=ORIENTED_EDGE('',*,*,#3662,.F.);
#4905=ORIENTED_EDGE('',*,*,#3655,.F.);
#4906=ORIENTED_EDGE('',*,*,#3663,.F.);
#4907=ORIENTED_EDGE('',*,*,#3409,.T.);
#4908=ORIENTED_EDGE('',*,*,#3664,.T.);
#4909=ORIENTED_EDGE('',*,*,#3665,.T.);
#4910=ORIENTED_EDGE('',*,*,#3666,.F.);
#4911=ORIENTED_EDGE('',*,*,#3665,.F.);
#4912=ORIENTED_EDGE('',*,*,#3667,.T.);
#4913=ORIENTED_EDGE('',*,*,#3668,.T.);
#4914=ORIENTED_EDGE('',*,*,#3669,.T.);
#4915=ORIENTED_EDGE('',*,*,#3549,.T.);
#4916=ORIENTED_EDGE('',*,*,#3554,.F.);
#4917=ORIENTED_EDGE('',*,*,#3670,.F.);
#4918=ORIENTED_EDGE('',*,*,#3671,.F.);
#4919=ORIENTED_EDGE('',*,*,#3668,.F.);
#4920=ORIENTED_EDGE('',*,*,#3672,.T.);
#4921=ORIENTED_EDGE('',*,*,#3670,.T.);
#4922=ORIENTED_EDGE('',*,*,#3553,.F.);
#4923=ORIENTED_EDGE('',*,*,#3559,.F.);
#4924=ORIENTED_EDGE('',*,*,#3550,.T.);
#4925=ORIENTED_EDGE('',*,*,#3669,.F.);
#4926=ORIENTED_EDGE('',*,*,#3672,.F.);
#4927=ORIENTED_EDGE('',*,*,#3667,.F.);
#4928=ORIENTED_EDGE('',*,*,#3664,.F.);
#4929=ORIENTED_EDGE('',*,*,#3561,.F.);
#4930=ORIENTED_EDGE('',*,*,#3410,.F.);
#4931=ORIENTED_EDGE('',*,*,#3663,.T.);
#4932=ORIENTED_EDGE('',*,*,#3666,.T.);
#4933=ORIENTED_EDGE('',*,*,#3671,.T.);
#4934=ORIENTED_EDGE('',*,*,#3673,.T.);
#4935=ORIENTED_EDGE('',*,*,#3370,.T.);
#4936=ORIENTED_EDGE('',*,*,#3491,.T.);
#4937=ORIENTED_EDGE('',*,*,#3500,.F.);
#4938=ORIENTED_EDGE('',*,*,#3177,.T.);
#4939=ORIENTED_EDGE('',*,*,#3371,.F.);
#4940=ORIENTED_EDGE('',*,*,#3673,.F.);
#4941=ORIENTED_EDGE('',*,*,#3478,.F.);
#4942=ORIENTED_EDGE('',*,*,#3674,.T.);
#4943=ORIENTED_EDGE('',*,*,#3178,.T.);
#4944=ORIENTED_EDGE('',*,*,#3674,.F.);
#4945=ORIENTED_EDGE('',*,*,#3477,.F.);
#4946=ORIENTED_EDGE('',*,*,#3492,.T.);
#4947=ORIENTED_EDGE('',*,*,#3467,.F.);
#4948=ORIENTED_EDGE('',*,*,#3360,.F.);
#4949=ORIENTED_EDGE('',*,*,#3675,.F.);
#4950=ORIENTED_EDGE('',*,*,#3496,.F.);
#4951=ORIENTED_EDGE('',*,*,#3175,.F.);
#4952=ORIENTED_EDGE('',*,*,#3676,.F.);
#4953=ORIENTED_EDGE('',*,*,#3380,.T.);
#4954=ORIENTED_EDGE('',*,*,#3675,.T.);
#4955=ORIENTED_EDGE('',*,*,#3359,.T.);
#4956=ORIENTED_EDGE('',*,*,#3174,.F.);
#4957=ORIENTED_EDGE('',*,*,#3466,.F.);
#4958=ORIENTED_EDGE('',*,*,#3381,.T.);
#4959=ORIENTED_EDGE('',*,*,#3676,.T.);
#4960=ORIENTED_EDGE('',*,*,#3677,.T.);
#4961=ORIENTED_EDGE('',*,*,#3678,.T.);
#4962=ORIENTED_EDGE('',*,*,#3679,.T.);
#4963=ORIENTED_EDGE('',*,*,#3680,.T.);
#4964=ORIENTED_EDGE('',*,*,#3681,.T.);
#4965=ORIENTED_EDGE('',*,*,#3682,.T.);
#4966=ORIENTED_EDGE('',*,*,#3683,.T.);
#4967=ORIENTED_EDGE('',*,*,#3684,.F.);
#4968=ORIENTED_EDGE('',*,*,#3685,.F.);
#4969=ORIENTED_EDGE('',*,*,#3686,.F.);
#4970=ORIENTED_EDGE('',*,*,#3687,.F.);
#4971=ORIENTED_EDGE('',*,*,#3688,.F.);
#4972=ORIENTED_EDGE('',*,*,#3689,.F.);
#4973=ORIENTED_EDGE('',*,*,#3690,.F.);
#4974=ORIENTED_EDGE('',*,*,#3353,.T.);
#4975=ORIENTED_EDGE('',*,*,#3691,.F.);
#4976=ORIENTED_EDGE('',*,*,#3677,.F.);
#4977=ORIENTED_EDGE('',*,*,#3692,.T.);
#4978=ORIENTED_EDGE('',*,*,#3352,.T.);
#4979=ORIENTED_EDGE('',*,*,#3693,.F.);
#4980=ORIENTED_EDGE('',*,*,#3678,.F.);
#4981=ORIENTED_EDGE('',*,*,#3691,.T.);
#4982=ORIENTED_EDGE('',*,*,#3358,.T.);
#4983=ORIENTED_EDGE('',*,*,#3694,.F.);
#4984=ORIENTED_EDGE('',*,*,#3679,.F.);
#4985=ORIENTED_EDGE('',*,*,#3693,.T.);
#4986=ORIENTED_EDGE('',*,*,#3357,.T.);
#4987=ORIENTED_EDGE('',*,*,#3695,.F.);
#4988=ORIENTED_EDGE('',*,*,#3680,.F.);
#4989=ORIENTED_EDGE('',*,*,#3694,.T.);
#4990=ORIENTED_EDGE('',*,*,#3356,.T.);
#4991=ORIENTED_EDGE('',*,*,#3696,.F.);
#4992=ORIENTED_EDGE('',*,*,#3681,.F.);
#4993=ORIENTED_EDGE('',*,*,#3695,.T.);
#4994=ORIENTED_EDGE('',*,*,#3355,.T.);
#4995=ORIENTED_EDGE('',*,*,#3697,.F.);
#4996=ORIENTED_EDGE('',*,*,#3682,.F.);
#4997=ORIENTED_EDGE('',*,*,#3696,.T.);
#4998=ORIENTED_EDGE('',*,*,#3354,.T.);
#4999=ORIENTED_EDGE('',*,*,#3692,.F.);
#5000=ORIENTED_EDGE('',*,*,#3683,.F.);
#5001=ORIENTED_EDGE('',*,*,#3697,.T.);
#5002=ORIENTED_EDGE('',*,*,#3698,.F.);
#5003=ORIENTED_EDGE('',*,*,#3699,.F.);
#5004=ORIENTED_EDGE('',*,*,#3685,.T.);
#5005=ORIENTED_EDGE('',*,*,#3700,.T.);
#5006=ORIENTED_EDGE('',*,*,#3701,.F.);
#5007=ORIENTED_EDGE('',*,*,#3700,.F.);
#5008=ORIENTED_EDGE('',*,*,#3684,.T.);
#5009=ORIENTED_EDGE('',*,*,#3702,.T.);
#5010=ORIENTED_EDGE('',*,*,#3703,.F.);
#5011=ORIENTED_EDGE('',*,*,#3702,.F.);
#5012=ORIENTED_EDGE('',*,*,#3690,.T.);
#5013=ORIENTED_EDGE('',*,*,#3704,.T.);
#5014=ORIENTED_EDGE('',*,*,#3705,.F.);
#5015=ORIENTED_EDGE('',*,*,#3704,.F.);
#5016=ORIENTED_EDGE('',*,*,#3689,.T.);
#5017=ORIENTED_EDGE('',*,*,#3706,.T.);
#5018=ORIENTED_EDGE('',*,*,#3707,.F.);
#5019=ORIENTED_EDGE('',*,*,#3706,.F.);
#5020=ORIENTED_EDGE('',*,*,#3688,.T.);
#5021=ORIENTED_EDGE('',*,*,#3708,.T.);
#5022=ORIENTED_EDGE('',*,*,#3709,.F.);
#5023=ORIENTED_EDGE('',*,*,#3708,.F.);
#5024=ORIENTED_EDGE('',*,*,#3687,.T.);
#5025=ORIENTED_EDGE('',*,*,#3710,.T.);
#5026=ORIENTED_EDGE('',*,*,#3711,.F.);
#5027=ORIENTED_EDGE('',*,*,#3710,.F.);
#5028=ORIENTED_EDGE('',*,*,#3686,.T.);
#5029=ORIENTED_EDGE('',*,*,#3699,.T.);
#5030=ORIENTED_EDGE('',*,*,#3698,.T.);
#5031=ORIENTED_EDGE('',*,*,#3701,.T.);
#5032=ORIENTED_EDGE('',*,*,#3703,.T.);
#5033=ORIENTED_EDGE('',*,*,#3705,.T.);
#5034=ORIENTED_EDGE('',*,*,#3707,.T.);
#5035=ORIENTED_EDGE('',*,*,#3709,.T.);
#5036=ORIENTED_EDGE('',*,*,#3711,.T.);
#5037=ORIENTED_EDGE('',*,*,#3338,.T.);
#5038=ORIENTED_EDGE('',*,*,#3712,.F.);
#5039=ORIENTED_EDGE('',*,*,#3713,.F.);
#5040=ORIENTED_EDGE('',*,*,#3714,.T.);
#5041=ORIENTED_EDGE('',*,*,#3337,.T.);
#5042=ORIENTED_EDGE('',*,*,#3715,.F.);
#5043=ORIENTED_EDGE('',*,*,#3716,.F.);
#5044=ORIENTED_EDGE('',*,*,#3712,.T.);
#5045=ORIENTED_EDGE('',*,*,#3351,.T.);
#5046=ORIENTED_EDGE('',*,*,#3717,.F.);
#5047=ORIENTED_EDGE('',*,*,#3718,.F.);
#5048=ORIENTED_EDGE('',*,*,#3715,.T.);
#5049=ORIENTED_EDGE('',*,*,#3350,.T.);
#5050=ORIENTED_EDGE('',*,*,#3719,.F.);
#5051=ORIENTED_EDGE('',*,*,#3720,.F.);
#5052=ORIENTED_EDGE('',*,*,#3717,.T.);
#5053=ORIENTED_EDGE('',*,*,#3349,.T.);
#5054=ORIENTED_EDGE('',*,*,#3721,.F.);
#5055=ORIENTED_EDGE('',*,*,#3722,.F.);
#5056=ORIENTED_EDGE('',*,*,#3719,.T.);
#5057=ORIENTED_EDGE('',*,*,#3348,.T.);
#5058=ORIENTED_EDGE('',*,*,#3723,.F.);
#5059=ORIENTED_EDGE('',*,*,#3724,.F.);
#5060=ORIENTED_EDGE('',*,*,#3721,.T.);
#5061=ORIENTED_EDGE('',*,*,#3347,.T.);
#5062=ORIENTED_EDGE('',*,*,#3725,.F.);
#5063=ORIENTED_EDGE('',*,*,#3726,.F.);
#5064=ORIENTED_EDGE('',*,*,#3723,.T.);
#5065=ORIENTED_EDGE('',*,*,#3346,.T.);
#5066=ORIENTED_EDGE('',*,*,#3727,.F.);
#5067=ORIENTED_EDGE('',*,*,#3728,.F.);
#5068=ORIENTED_EDGE('',*,*,#3725,.T.);
#5069=ORIENTED_EDGE('',*,*,#3345,.T.);
#5070=ORIENTED_EDGE('',*,*,#3729,.F.);
#5071=ORIENTED_EDGE('',*,*,#3730,.F.);
#5072=ORIENTED_EDGE('',*,*,#3727,.T.);
#5073=ORIENTED_EDGE('',*,*,#3344,.T.);
#5074=ORIENTED_EDGE('',*,*,#3731,.F.);
#5075=ORIENTED_EDGE('',*,*,#3732,.F.);
#5076=ORIENTED_EDGE('',*,*,#3729,.T.);
#5077=ORIENTED_EDGE('',*,*,#3343,.T.);
#5078=ORIENTED_EDGE('',*,*,#3733,.F.);
#5079=ORIENTED_EDGE('',*,*,#3734,.F.);
#5080=ORIENTED_EDGE('',*,*,#3731,.T.);
#5081=ORIENTED_EDGE('',*,*,#3342,.T.);
#5082=ORIENTED_EDGE('',*,*,#3735,.F.);
#5083=ORIENTED_EDGE('',*,*,#3736,.F.);
#5084=ORIENTED_EDGE('',*,*,#3733,.T.);
#5085=ORIENTED_EDGE('',*,*,#3341,.T.);
#5086=ORIENTED_EDGE('',*,*,#3737,.F.);
#5087=ORIENTED_EDGE('',*,*,#3738,.F.);
#5088=ORIENTED_EDGE('',*,*,#3735,.T.);
#5089=ORIENTED_EDGE('',*,*,#3340,.T.);
#5090=ORIENTED_EDGE('',*,*,#3739,.F.);
#5091=ORIENTED_EDGE('',*,*,#3740,.F.);
#5092=ORIENTED_EDGE('',*,*,#3737,.T.);
#5093=ORIENTED_EDGE('',*,*,#3339,.T.);
#5094=ORIENTED_EDGE('',*,*,#3714,.F.);
#5095=ORIENTED_EDGE('',*,*,#3741,.F.);
#5096=ORIENTED_EDGE('',*,*,#3739,.T.);
#5097=ORIENTED_EDGE('',*,*,#3713,.T.);
#5098=ORIENTED_EDGE('',*,*,#3716,.T.);
#5099=ORIENTED_EDGE('',*,*,#3718,.T.);
#5100=ORIENTED_EDGE('',*,*,#3720,.T.);
#5101=ORIENTED_EDGE('',*,*,#3722,.T.);
#5102=ORIENTED_EDGE('',*,*,#3724,.T.);
#5103=ORIENTED_EDGE('',*,*,#3726,.T.);
#5104=ORIENTED_EDGE('',*,*,#3728,.T.);
#5105=ORIENTED_EDGE('',*,*,#3730,.T.);
#5106=ORIENTED_EDGE('',*,*,#3732,.T.);
#5107=ORIENTED_EDGE('',*,*,#3734,.T.);
#5108=ORIENTED_EDGE('',*,*,#3736,.T.);
#5109=ORIENTED_EDGE('',*,*,#3738,.T.);
#5110=ORIENTED_EDGE('',*,*,#3740,.T.);
#5111=ORIENTED_EDGE('',*,*,#3741,.T.);
#5112=ORIENTED_EDGE('',*,*,#3317,.T.);
#5113=ORIENTED_EDGE('',*,*,#3742,.F.);
#5114=ORIENTED_EDGE('',*,*,#3743,.F.);
#5115=ORIENTED_EDGE('',*,*,#3744,.T.);
#5116=ORIENTED_EDGE('',*,*,#3316,.T.);
#5117=ORIENTED_EDGE('',*,*,#3745,.F.);
#5118=ORIENTED_EDGE('',*,*,#3746,.F.);
#5119=ORIENTED_EDGE('',*,*,#3742,.T.);
#5120=ORIENTED_EDGE('',*,*,#3336,.T.);
#5121=ORIENTED_EDGE('',*,*,#3747,.F.);
#5122=ORIENTED_EDGE('',*,*,#3748,.F.);
#5123=ORIENTED_EDGE('',*,*,#3745,.T.);
#5124=ORIENTED_EDGE('',*,*,#3335,.T.);
#5125=ORIENTED_EDGE('',*,*,#3749,.F.);
#5126=ORIENTED_EDGE('',*,*,#3750,.F.);
#5127=ORIENTED_EDGE('',*,*,#3747,.T.);
#5128=ORIENTED_EDGE('',*,*,#3334,.T.);
#5129=ORIENTED_EDGE('',*,*,#3751,.F.);
#5130=ORIENTED_EDGE('',*,*,#3752,.F.);
#5131=ORIENTED_EDGE('',*,*,#3749,.T.);
#5132=ORIENTED_EDGE('',*,*,#3333,.T.);
#5133=ORIENTED_EDGE('',*,*,#3753,.F.);
#5134=ORIENTED_EDGE('',*,*,#3754,.F.);
#5135=ORIENTED_EDGE('',*,*,#3751,.T.);
#5136=ORIENTED_EDGE('',*,*,#3332,.T.);
#5137=ORIENTED_EDGE('',*,*,#3755,.F.);
#5138=ORIENTED_EDGE('',*,*,#3756,.F.);
#5139=ORIENTED_EDGE('',*,*,#3753,.T.);
#5140=ORIENTED_EDGE('',*,*,#3331,.T.);
#5141=ORIENTED_EDGE('',*,*,#3757,.F.);
#5142=ORIENTED_EDGE('',*,*,#3758,.F.);
#5143=ORIENTED_EDGE('',*,*,#3755,.T.);
#5144=ORIENTED_EDGE('',*,*,#3330,.T.);
#5145=ORIENTED_EDGE('',*,*,#3759,.F.);
#5146=ORIENTED_EDGE('',*,*,#3760,.F.);
#5147=ORIENTED_EDGE('',*,*,#3757,.T.);
#5148=ORIENTED_EDGE('',*,*,#3329,.T.);
#5149=ORIENTED_EDGE('',*,*,#3761,.F.);
#5150=ORIENTED_EDGE('',*,*,#3762,.F.);
#5151=ORIENTED_EDGE('',*,*,#3759,.T.);
#5152=ORIENTED_EDGE('',*,*,#3328,.T.);
#5153=ORIENTED_EDGE('',*,*,#3763,.F.);
#5154=ORIENTED_EDGE('',*,*,#3764,.F.);
#5155=ORIENTED_EDGE('',*,*,#3761,.T.);
#5156=ORIENTED_EDGE('',*,*,#3327,.T.);
#5157=ORIENTED_EDGE('',*,*,#3765,.F.);
#5158=ORIENTED_EDGE('',*,*,#3766,.F.);
#5159=ORIENTED_EDGE('',*,*,#3763,.T.);
#5160=ORIENTED_EDGE('',*,*,#3326,.T.);
#5161=ORIENTED_EDGE('',*,*,#3767,.F.);
#5162=ORIENTED_EDGE('',*,*,#3768,.F.);
#5163=ORIENTED_EDGE('',*,*,#3765,.T.);
#5164=ORIENTED_EDGE('',*,*,#3325,.T.);
#5165=ORIENTED_EDGE('',*,*,#3769,.F.);
#5166=ORIENTED_EDGE('',*,*,#3770,.F.);
#5167=ORIENTED_EDGE('',*,*,#3767,.T.);
#5168=ORIENTED_EDGE('',*,*,#3324,.T.);
#5169=ORIENTED_EDGE('',*,*,#3771,.F.);
#5170=ORIENTED_EDGE('',*,*,#3772,.F.);
#5171=ORIENTED_EDGE('',*,*,#3769,.T.);
#5172=ORIENTED_EDGE('',*,*,#3323,.T.);
#5173=ORIENTED_EDGE('',*,*,#3773,.F.);
#5174=ORIENTED_EDGE('',*,*,#3774,.F.);
#5175=ORIENTED_EDGE('',*,*,#3771,.T.);
#5176=ORIENTED_EDGE('',*,*,#3322,.T.);
#5177=ORIENTED_EDGE('',*,*,#3775,.F.);
#5178=ORIENTED_EDGE('',*,*,#3776,.F.);
#5179=ORIENTED_EDGE('',*,*,#3773,.T.);
#5180=ORIENTED_EDGE('',*,*,#3321,.T.);
#5181=ORIENTED_EDGE('',*,*,#3777,.F.);
#5182=ORIENTED_EDGE('',*,*,#3778,.F.);
#5183=ORIENTED_EDGE('',*,*,#3775,.T.);
#5184=ORIENTED_EDGE('',*,*,#3320,.T.);
#5185=ORIENTED_EDGE('',*,*,#3779,.F.);
#5186=ORIENTED_EDGE('',*,*,#3780,.F.);
#5187=ORIENTED_EDGE('',*,*,#3777,.T.);
#5188=ORIENTED_EDGE('',*,*,#3319,.T.);
#5189=ORIENTED_EDGE('',*,*,#3781,.F.);
#5190=ORIENTED_EDGE('',*,*,#3782,.F.);
#5191=ORIENTED_EDGE('',*,*,#3779,.T.);
#5192=ORIENTED_EDGE('',*,*,#3318,.T.);
#5193=ORIENTED_EDGE('',*,*,#3744,.F.);
#5194=ORIENTED_EDGE('',*,*,#3783,.F.);
#5195=ORIENTED_EDGE('',*,*,#3781,.T.);
#5196=ORIENTED_EDGE('',*,*,#3743,.T.);
#5197=ORIENTED_EDGE('',*,*,#3746,.T.);
#5198=ORIENTED_EDGE('',*,*,#3748,.T.);
#5199=ORIENTED_EDGE('',*,*,#3750,.T.);
#5200=ORIENTED_EDGE('',*,*,#3752,.T.);
#5201=ORIENTED_EDGE('',*,*,#3754,.T.);
#5202=ORIENTED_EDGE('',*,*,#3756,.T.);
#5203=ORIENTED_EDGE('',*,*,#3758,.T.);
#5204=ORIENTED_EDGE('',*,*,#3760,.T.);
#5205=ORIENTED_EDGE('',*,*,#3762,.T.);
#5206=ORIENTED_EDGE('',*,*,#3764,.T.);
#5207=ORIENTED_EDGE('',*,*,#3766,.T.);
#5208=ORIENTED_EDGE('',*,*,#3768,.T.);
#5209=ORIENTED_EDGE('',*,*,#3770,.T.);
#5210=ORIENTED_EDGE('',*,*,#3772,.T.);
#5211=ORIENTED_EDGE('',*,*,#3774,.T.);
#5212=ORIENTED_EDGE('',*,*,#3776,.T.);
#5213=ORIENTED_EDGE('',*,*,#3778,.T.);
#5214=ORIENTED_EDGE('',*,*,#3780,.T.);
#5215=ORIENTED_EDGE('',*,*,#3782,.T.);
#5216=ORIENTED_EDGE('',*,*,#3783,.T.);
#5217=ORIENTED_EDGE('',*,*,#3784,.T.);
#5218=ORIENTED_EDGE('',*,*,#3785,.T.);
#5219=ORIENTED_EDGE('',*,*,#3786,.T.);
#5220=ORIENTED_EDGE('',*,*,#3787,.T.);
#5221=ORIENTED_EDGE('',*,*,#3788,.T.);
#5222=ORIENTED_EDGE('',*,*,#3789,.T.);
#5223=ORIENTED_EDGE('',*,*,#3790,.T.);
#5224=ORIENTED_EDGE('',*,*,#3791,.T.);
#5225=ORIENTED_EDGE('',*,*,#3792,.T.);
#5226=ORIENTED_EDGE('',*,*,#3793,.T.);
#5227=ORIENTED_EDGE('',*,*,#3794,.T.);
#5228=ORIENTED_EDGE('',*,*,#3795,.T.);
#5229=ORIENTED_EDGE('',*,*,#3796,.T.);
#5230=ORIENTED_EDGE('',*,*,#3797,.T.);
#5231=ORIENTED_EDGE('',*,*,#3798,.F.);
#5232=ORIENTED_EDGE('',*,*,#3799,.F.);
#5233=ORIENTED_EDGE('',*,*,#3800,.F.);
#5234=ORIENTED_EDGE('',*,*,#3801,.F.);
#5235=ORIENTED_EDGE('',*,*,#3802,.F.);
#5236=ORIENTED_EDGE('',*,*,#3803,.F.);
#5237=ORIENTED_EDGE('',*,*,#3804,.F.);
#5238=ORIENTED_EDGE('',*,*,#3805,.F.);
#5239=ORIENTED_EDGE('',*,*,#3191,.T.);
#5240=ORIENTED_EDGE('',*,*,#3806,.F.);
#5241=ORIENTED_EDGE('',*,*,#3784,.F.);
#5242=ORIENTED_EDGE('',*,*,#3807,.T.);
#5243=ORIENTED_EDGE('',*,*,#3190,.T.);
#5244=ORIENTED_EDGE('',*,*,#3808,.F.);
#5245=ORIENTED_EDGE('',*,*,#3785,.F.);
#5246=ORIENTED_EDGE('',*,*,#3806,.T.);
#5247=ORIENTED_EDGE('',*,*,#3203,.T.);
#5248=ORIENTED_EDGE('',*,*,#3809,.F.);
#5249=ORIENTED_EDGE('',*,*,#3786,.F.);
#5250=ORIENTED_EDGE('',*,*,#3808,.T.);
#5251=ORIENTED_EDGE('',*,*,#3202,.T.);
#5252=ORIENTED_EDGE('',*,*,#3810,.F.);
#5253=ORIENTED_EDGE('',*,*,#3787,.F.);
#5254=ORIENTED_EDGE('',*,*,#3809,.T.);
#5255=ORIENTED_EDGE('',*,*,#3201,.T.);
#5256=ORIENTED_EDGE('',*,*,#3811,.F.);
#5257=ORIENTED_EDGE('',*,*,#3788,.F.);
#5258=ORIENTED_EDGE('',*,*,#3810,.T.);
#5259=ORIENTED_EDGE('',*,*,#3200,.T.);
#5260=ORIENTED_EDGE('',*,*,#3812,.F.);
#5261=ORIENTED_EDGE('',*,*,#3789,.F.);
#5262=ORIENTED_EDGE('',*,*,#3811,.T.);
#5263=ORIENTED_EDGE('',*,*,#3199,.T.);
#5264=ORIENTED_EDGE('',*,*,#3813,.F.);
#5265=ORIENTED_EDGE('',*,*,#3790,.F.);
#5266=ORIENTED_EDGE('',*,*,#3812,.T.);
#5267=ORIENTED_EDGE('',*,*,#3198,.T.);
#5268=ORIENTED_EDGE('',*,*,#3814,.F.);
#5269=ORIENTED_EDGE('',*,*,#3791,.F.);
#5270=ORIENTED_EDGE('',*,*,#3813,.T.);
#5271=ORIENTED_EDGE('',*,*,#3197,.T.);
#5272=ORIENTED_EDGE('',*,*,#3815,.F.);
#5273=ORIENTED_EDGE('',*,*,#3792,.F.);
#5274=ORIENTED_EDGE('',*,*,#3814,.T.);
#5275=ORIENTED_EDGE('',*,*,#3196,.T.);
#5276=ORIENTED_EDGE('',*,*,#3816,.F.);
#5277=ORIENTED_EDGE('',*,*,#3793,.F.);
#5278=ORIENTED_EDGE('',*,*,#3815,.T.);
#5279=ORIENTED_EDGE('',*,*,#3195,.T.);
#5280=ORIENTED_EDGE('',*,*,#3817,.F.);
#5281=ORIENTED_EDGE('',*,*,#3794,.F.);
#5282=ORIENTED_EDGE('',*,*,#3816,.T.);
#5283=ORIENTED_EDGE('',*,*,#3194,.T.);
#5284=ORIENTED_EDGE('',*,*,#3818,.F.);
#5285=ORIENTED_EDGE('',*,*,#3795,.F.);
#5286=ORIENTED_EDGE('',*,*,#3817,.T.);
#5287=ORIENTED_EDGE('',*,*,#3193,.T.);
#5288=ORIENTED_EDGE('',*,*,#3819,.F.);
#5289=ORIENTED_EDGE('',*,*,#3796,.F.);
#5290=ORIENTED_EDGE('',*,*,#3818,.T.);
#5291=ORIENTED_EDGE('',*,*,#3192,.T.);
#5292=ORIENTED_EDGE('',*,*,#3807,.F.);
#5293=ORIENTED_EDGE('',*,*,#3797,.F.);
#5294=ORIENTED_EDGE('',*,*,#3819,.T.);
#5295=ORIENTED_EDGE('',*,*,#3820,.F.);
#5296=ORIENTED_EDGE('',*,*,#3821,.F.);
#5297=ORIENTED_EDGE('',*,*,#3798,.T.);
#5298=ORIENTED_EDGE('',*,*,#3822,.T.);
#5299=ORIENTED_EDGE('',*,*,#3823,.F.);
#5300=ORIENTED_EDGE('',*,*,#3822,.F.);
#5301=ORIENTED_EDGE('',*,*,#3805,.T.);
#5302=ORIENTED_EDGE('',*,*,#3824,.T.);
#5303=ORIENTED_EDGE('',*,*,#3825,.F.);
#5304=ORIENTED_EDGE('',*,*,#3824,.F.);
#5305=ORIENTED_EDGE('',*,*,#3804,.T.);
#5306=ORIENTED_EDGE('',*,*,#3826,.T.);
#5307=ORIENTED_EDGE('',*,*,#3827,.F.);
#5308=ORIENTED_EDGE('',*,*,#3826,.F.);
#5309=ORIENTED_EDGE('',*,*,#3803,.T.);
#5310=ORIENTED_EDGE('',*,*,#3828,.T.);
#5311=ORIENTED_EDGE('',*,*,#3829,.F.);
#5312=ORIENTED_EDGE('',*,*,#3828,.F.);
#5313=ORIENTED_EDGE('',*,*,#3802,.T.);
#5314=ORIENTED_EDGE('',*,*,#3830,.T.);
#5315=ORIENTED_EDGE('',*,*,#3831,.F.);
#5316=ORIENTED_EDGE('',*,*,#3830,.F.);
#5317=ORIENTED_EDGE('',*,*,#3801,.T.);
#5318=ORIENTED_EDGE('',*,*,#3832,.T.);
#5319=ORIENTED_EDGE('',*,*,#3833,.F.);
#5320=ORIENTED_EDGE('',*,*,#3832,.F.);
#5321=ORIENTED_EDGE('',*,*,#3800,.T.);
#5322=ORIENTED_EDGE('',*,*,#3834,.T.);
#5323=ORIENTED_EDGE('',*,*,#3835,.F.);
#5324=ORIENTED_EDGE('',*,*,#3834,.F.);
#5325=ORIENTED_EDGE('',*,*,#3799,.T.);
#5326=ORIENTED_EDGE('',*,*,#3821,.T.);
#5327=ORIENTED_EDGE('',*,*,#3820,.T.);
#5328=ORIENTED_EDGE('',*,*,#3823,.T.);
#5329=ORIENTED_EDGE('',*,*,#3825,.T.);
#5330=ORIENTED_EDGE('',*,*,#3827,.T.);
#5331=ORIENTED_EDGE('',*,*,#3829,.T.);
#5332=ORIENTED_EDGE('',*,*,#3831,.T.);
#5333=ORIENTED_EDGE('',*,*,#3833,.T.);
#5334=ORIENTED_EDGE('',*,*,#3835,.T.);
#5335=ORIENTED_EDGE('',*,*,#3836,.T.);
#5336=ORIENTED_EDGE('',*,*,#3837,.T.);
#5337=ORIENTED_EDGE('',*,*,#3838,.T.);
#5338=ORIENTED_EDGE('',*,*,#3839,.T.);
#5339=ORIENTED_EDGE('',*,*,#3840,.T.);
#5340=ORIENTED_EDGE('',*,*,#3841,.T.);
#5341=ORIENTED_EDGE('',*,*,#3842,.T.);
#5342=ORIENTED_EDGE('',*,*,#3843,.T.);
#5343=ORIENTED_EDGE('',*,*,#3844,.T.);
#5344=ORIENTED_EDGE('',*,*,#3845,.T.);
#5345=ORIENTED_EDGE('',*,*,#3846,.T.);
#5346=ORIENTED_EDGE('',*,*,#3847,.T.);
#5347=ORIENTED_EDGE('',*,*,#3848,.T.);
#5348=ORIENTED_EDGE('',*,*,#3849,.T.);
#5349=ORIENTED_EDGE('',*,*,#3850,.T.);
#5350=ORIENTED_EDGE('',*,*,#3851,.T.);
#5351=ORIENTED_EDGE('',*,*,#3852,.T.);
#5352=ORIENTED_EDGE('',*,*,#3853,.T.);
#5353=ORIENTED_EDGE('',*,*,#3854,.T.);
#5354=ORIENTED_EDGE('',*,*,#3855,.T.);
#5355=ORIENTED_EDGE('',*,*,#3856,.T.);
#5356=ORIENTED_EDGE('',*,*,#3857,.T.);
#5357=ORIENTED_EDGE('',*,*,#3858,.T.);
#5358=ORIENTED_EDGE('',*,*,#3859,.T.);
#5359=ORIENTED_EDGE('',*,*,#3860,.T.);
#5360=ORIENTED_EDGE('',*,*,#3861,.T.);
#5361=ORIENTED_EDGE('',*,*,#3862,.T.);
#5362=ORIENTED_EDGE('',*,*,#3863,.T.);
#5363=ORIENTED_EDGE('',*,*,#3864,.T.);
#5364=ORIENTED_EDGE('',*,*,#3865,.T.);
#5365=ORIENTED_EDGE('',*,*,#3866,.T.);
#5366=ORIENTED_EDGE('',*,*,#3867,.T.);
#5367=ORIENTED_EDGE('',*,*,#3868,.T.);
#5368=ORIENTED_EDGE('',*,*,#3869,.F.);
#5369=ORIENTED_EDGE('',*,*,#3870,.F.);
#5370=ORIENTED_EDGE('',*,*,#3284,.T.);
#5371=ORIENTED_EDGE('',*,*,#3871,.F.);
#5372=ORIENTED_EDGE('',*,*,#3836,.F.);
#5373=ORIENTED_EDGE('',*,*,#3872,.T.);
#5374=ORIENTED_EDGE('',*,*,#3283,.T.);
#5375=ORIENTED_EDGE('',*,*,#3873,.F.);
#5376=ORIENTED_EDGE('',*,*,#3837,.F.);
#5377=ORIENTED_EDGE('',*,*,#3871,.T.);
#5378=ORIENTED_EDGE('',*,*,#3315,.T.);
#5379=ORIENTED_EDGE('',*,*,#3874,.F.);
#5380=ORIENTED_EDGE('',*,*,#3838,.F.);
#5381=ORIENTED_EDGE('',*,*,#3873,.T.);
#5382=ORIENTED_EDGE('',*,*,#3314,.T.);
#5383=ORIENTED_EDGE('',*,*,#3875,.F.);
#5384=ORIENTED_EDGE('',*,*,#3839,.F.);
#5385=ORIENTED_EDGE('',*,*,#3874,.T.);
#5386=ORIENTED_EDGE('',*,*,#3313,.T.);
#5387=ORIENTED_EDGE('',*,*,#3876,.F.);
#5388=ORIENTED_EDGE('',*,*,#3840,.F.);
#5389=ORIENTED_EDGE('',*,*,#3875,.T.);
#5390=ORIENTED_EDGE('',*,*,#3312,.T.);
#5391=ORIENTED_EDGE('',*,*,#3877,.F.);
#5392=ORIENTED_EDGE('',*,*,#3841,.F.);
#5393=ORIENTED_EDGE('',*,*,#3876,.T.);
#5394=ORIENTED_EDGE('',*,*,#3311,.T.);
#5395=ORIENTED_EDGE('',*,*,#3878,.F.);
#5396=ORIENTED_EDGE('',*,*,#3842,.F.);
#5397=ORIENTED_EDGE('',*,*,#3877,.T.);
#5398=ORIENTED_EDGE('',*,*,#3310,.T.);
#5399=ORIENTED_EDGE('',*,*,#3879,.F.);
#5400=ORIENTED_EDGE('',*,*,#3843,.F.);
#5401=ORIENTED_EDGE('',*,*,#3878,.T.);
#5402=ORIENTED_EDGE('',*,*,#3309,.T.);
#5403=ORIENTED_EDGE('',*,*,#3880,.F.);
#5404=ORIENTED_EDGE('',*,*,#3844,.F.);
#5405=ORIENTED_EDGE('',*,*,#3879,.T.);
#5406=ORIENTED_EDGE('',*,*,#3308,.T.);
#5407=ORIENTED_EDGE('',*,*,#3881,.F.);
#5408=ORIENTED_EDGE('',*,*,#3845,.F.);
#5409=ORIENTED_EDGE('',*,*,#3880,.T.);
#5410=ORIENTED_EDGE('',*,*,#3307,.T.);
#5411=ORIENTED_EDGE('',*,*,#3882,.F.);
#5412=ORIENTED_EDGE('',*,*,#3846,.F.);
#5413=ORIENTED_EDGE('',*,*,#3881,.T.);
#5414=ORIENTED_EDGE('',*,*,#3306,.T.);
#5415=ORIENTED_EDGE('',*,*,#3883,.F.);
#5416=ORIENTED_EDGE('',*,*,#3847,.F.);
#5417=ORIENTED_EDGE('',*,*,#3882,.T.);
#5418=ORIENTED_EDGE('',*,*,#3305,.T.);
#5419=ORIENTED_EDGE('',*,*,#3884,.F.);
#5420=ORIENTED_EDGE('',*,*,#3848,.F.);
#5421=ORIENTED_EDGE('',*,*,#3883,.T.);
#5422=ORIENTED_EDGE('',*,*,#3304,.T.);
#5423=ORIENTED_EDGE('',*,*,#3885,.F.);
#5424=ORIENTED_EDGE('',*,*,#3849,.F.);
#5425=ORIENTED_EDGE('',*,*,#3884,.T.);
#5426=ORIENTED_EDGE('',*,*,#3303,.T.);
#5427=ORIENTED_EDGE('',*,*,#3886,.F.);
#5428=ORIENTED_EDGE('',*,*,#3850,.F.);
#5429=ORIENTED_EDGE('',*,*,#3885,.T.);
#5430=ORIENTED_EDGE('',*,*,#3302,.T.);
#5431=ORIENTED_EDGE('',*,*,#3887,.F.);
#5432=ORIENTED_EDGE('',*,*,#3851,.F.);
#5433=ORIENTED_EDGE('',*,*,#3886,.T.);
#5434=ORIENTED_EDGE('',*,*,#3301,.T.);
#5435=ORIENTED_EDGE('',*,*,#3888,.F.);
#5436=ORIENTED_EDGE('',*,*,#3852,.F.);
#5437=ORIENTED_EDGE('',*,*,#3887,.T.);
#5438=ORIENTED_EDGE('',*,*,#3300,.T.);
#5439=ORIENTED_EDGE('',*,*,#3889,.F.);
#5440=ORIENTED_EDGE('',*,*,#3853,.F.);
#5441=ORIENTED_EDGE('',*,*,#3888,.T.);
#5442=ORIENTED_EDGE('',*,*,#3299,.T.);
#5443=ORIENTED_EDGE('',*,*,#3890,.F.);
#5444=ORIENTED_EDGE('',*,*,#3854,.F.);
#5445=ORIENTED_EDGE('',*,*,#3889,.T.);
#5446=ORIENTED_EDGE('',*,*,#3298,.T.);
#5447=ORIENTED_EDGE('',*,*,#3891,.F.);
#5448=ORIENTED_EDGE('',*,*,#3855,.F.);
#5449=ORIENTED_EDGE('',*,*,#3890,.T.);
#5450=ORIENTED_EDGE('',*,*,#3297,.T.);
#5451=ORIENTED_EDGE('',*,*,#3892,.F.);
#5452=ORIENTED_EDGE('',*,*,#3856,.F.);
#5453=ORIENTED_EDGE('',*,*,#3891,.T.);
#5454=ORIENTED_EDGE('',*,*,#3296,.T.);
#5455=ORIENTED_EDGE('',*,*,#3893,.F.);
#5456=ORIENTED_EDGE('',*,*,#3857,.F.);
#5457=ORIENTED_EDGE('',*,*,#3892,.T.);
#5458=ORIENTED_EDGE('',*,*,#3295,.T.);
#5459=ORIENTED_EDGE('',*,*,#3894,.F.);
#5460=ORIENTED_EDGE('',*,*,#3858,.F.);
#5461=ORIENTED_EDGE('',*,*,#3893,.T.);
#5462=ORIENTED_EDGE('',*,*,#3294,.T.);
#5463=ORIENTED_EDGE('',*,*,#3895,.F.);
#5464=ORIENTED_EDGE('',*,*,#3859,.F.);
#5465=ORIENTED_EDGE('',*,*,#3894,.T.);
#5466=ORIENTED_EDGE('',*,*,#3293,.T.);
#5467=ORIENTED_EDGE('',*,*,#3896,.F.);
#5468=ORIENTED_EDGE('',*,*,#3860,.F.);
#5469=ORIENTED_EDGE('',*,*,#3895,.T.);
#5470=ORIENTED_EDGE('',*,*,#3292,.T.);
#5471=ORIENTED_EDGE('',*,*,#3897,.F.);
#5472=ORIENTED_EDGE('',*,*,#3861,.F.);
#5473=ORIENTED_EDGE('',*,*,#3896,.T.);
#5474=ORIENTED_EDGE('',*,*,#3291,.T.);
#5475=ORIENTED_EDGE('',*,*,#3898,.F.);
#5476=ORIENTED_EDGE('',*,*,#3862,.F.);
#5477=ORIENTED_EDGE('',*,*,#3897,.T.);
#5478=ORIENTED_EDGE('',*,*,#3290,.T.);
#5479=ORIENTED_EDGE('',*,*,#3899,.F.);
#5480=ORIENTED_EDGE('',*,*,#3863,.F.);
#5481=ORIENTED_EDGE('',*,*,#3898,.T.);
#5482=ORIENTED_EDGE('',*,*,#3289,.T.);
#5483=ORIENTED_EDGE('',*,*,#3900,.F.);
#5484=ORIENTED_EDGE('',*,*,#3864,.F.);
#5485=ORIENTED_EDGE('',*,*,#3899,.T.);
#5486=ORIENTED_EDGE('',*,*,#3288,.T.);
#5487=ORIENTED_EDGE('',*,*,#3901,.F.);
#5488=ORIENTED_EDGE('',*,*,#3865,.F.);
#5489=ORIENTED_EDGE('',*,*,#3900,.T.);
#5490=ORIENTED_EDGE('',*,*,#3287,.T.);
#5491=ORIENTED_EDGE('',*,*,#3902,.F.);
#5492=ORIENTED_EDGE('',*,*,#3866,.F.);
#5493=ORIENTED_EDGE('',*,*,#3901,.T.);
#5494=ORIENTED_EDGE('',*,*,#3286,.T.);
#5495=ORIENTED_EDGE('',*,*,#3903,.F.);
#5496=ORIENTED_EDGE('',*,*,#3867,.F.);
#5497=ORIENTED_EDGE('',*,*,#3902,.T.);
#5498=ORIENTED_EDGE('',*,*,#3285,.T.);
#5499=ORIENTED_EDGE('',*,*,#3872,.F.);
#5500=ORIENTED_EDGE('',*,*,#3868,.F.);
#5501=ORIENTED_EDGE('',*,*,#3903,.T.);
#5502=ORIENTED_EDGE('',*,*,#3904,.F.);
#5503=ORIENTED_EDGE('',*,*,#3905,.F.);
#5504=ORIENTED_EDGE('',*,*,#3869,.T.);
#5505=ORIENTED_EDGE('',*,*,#3906,.T.);
#5506=ORIENTED_EDGE('',*,*,#3907,.F.);
#5507=ORIENTED_EDGE('',*,*,#3906,.F.);
#5508=ORIENTED_EDGE('',*,*,#3870,.T.);
#5509=ORIENTED_EDGE('',*,*,#3905,.T.);
#5510=ORIENTED_EDGE('',*,*,#3904,.T.);
#5511=ORIENTED_EDGE('',*,*,#3907,.T.);
#5512=ORIENTED_EDGE('',*,*,#3908,.T.);
#5513=ORIENTED_EDGE('',*,*,#3909,.T.);
#5514=ORIENTED_EDGE('',*,*,#3910,.T.);
#5515=ORIENTED_EDGE('',*,*,#3911,.T.);
#5516=ORIENTED_EDGE('',*,*,#3912,.T.);
#5517=ORIENTED_EDGE('',*,*,#3913,.T.);
#5518=ORIENTED_EDGE('',*,*,#3914,.T.);
#5519=ORIENTED_EDGE('',*,*,#3915,.F.);
#5520=ORIENTED_EDGE('',*,*,#3916,.F.);
#5521=ORIENTED_EDGE('',*,*,#3917,.F.);
#5522=ORIENTED_EDGE('',*,*,#3918,.F.);
#5523=ORIENTED_EDGE('',*,*,#3919,.F.);
#5524=ORIENTED_EDGE('',*,*,#3920,.F.);
#5525=ORIENTED_EDGE('',*,*,#3921,.F.);
#5526=ORIENTED_EDGE('',*,*,#3205,.T.);
#5527=ORIENTED_EDGE('',*,*,#3922,.F.);
#5528=ORIENTED_EDGE('',*,*,#3908,.F.);
#5529=ORIENTED_EDGE('',*,*,#3923,.T.);
#5530=ORIENTED_EDGE('',*,*,#3204,.T.);
#5531=ORIENTED_EDGE('',*,*,#3924,.F.);
#5532=ORIENTED_EDGE('',*,*,#3909,.F.);
#5533=ORIENTED_EDGE('',*,*,#3922,.T.);
#5534=ORIENTED_EDGE('',*,*,#3210,.T.);
#5535=ORIENTED_EDGE('',*,*,#3925,.F.);
#5536=ORIENTED_EDGE('',*,*,#3910,.F.);
#5537=ORIENTED_EDGE('',*,*,#3924,.T.);
#5538=ORIENTED_EDGE('',*,*,#3209,.T.);
#5539=ORIENTED_EDGE('',*,*,#3926,.F.);
#5540=ORIENTED_EDGE('',*,*,#3911,.F.);
#5541=ORIENTED_EDGE('',*,*,#3925,.T.);
#5542=ORIENTED_EDGE('',*,*,#3208,.T.);
#5543=ORIENTED_EDGE('',*,*,#3927,.F.);
#5544=ORIENTED_EDGE('',*,*,#3912,.F.);
#5545=ORIENTED_EDGE('',*,*,#3926,.T.);
#5546=ORIENTED_EDGE('',*,*,#3207,.T.);
#5547=ORIENTED_EDGE('',*,*,#3928,.F.);
#5548=ORIENTED_EDGE('',*,*,#3913,.F.);
#5549=ORIENTED_EDGE('',*,*,#3927,.T.);
#5550=ORIENTED_EDGE('',*,*,#3206,.T.);
#5551=ORIENTED_EDGE('',*,*,#3923,.F.);
#5552=ORIENTED_EDGE('',*,*,#3914,.F.);
#5553=ORIENTED_EDGE('',*,*,#3928,.T.);
#5554=ORIENTED_EDGE('',*,*,#3929,.F.);
#5555=ORIENTED_EDGE('',*,*,#3930,.F.);
#5556=ORIENTED_EDGE('',*,*,#3916,.T.);
#5557=ORIENTED_EDGE('',*,*,#3931,.T.);
#5558=ORIENTED_EDGE('',*,*,#3932,.F.);
#5559=ORIENTED_EDGE('',*,*,#3931,.F.);
#5560=ORIENTED_EDGE('',*,*,#3915,.T.);
#5561=ORIENTED_EDGE('',*,*,#3933,.T.);
#5562=ORIENTED_EDGE('',*,*,#3934,.F.);
#5563=ORIENTED_EDGE('',*,*,#3933,.F.);
#5564=ORIENTED_EDGE('',*,*,#3921,.T.);
#5565=ORIENTED_EDGE('',*,*,#3935,.T.);
#5566=ORIENTED_EDGE('',*,*,#3936,.F.);
#5567=ORIENTED_EDGE('',*,*,#3935,.F.);
#5568=ORIENTED_EDGE('',*,*,#3920,.T.);
#5569=ORIENTED_EDGE('',*,*,#3937,.T.);
#5570=ORIENTED_EDGE('',*,*,#3938,.F.);
#5571=ORIENTED_EDGE('',*,*,#3937,.F.);
#5572=ORIENTED_EDGE('',*,*,#3919,.T.);
#5573=ORIENTED_EDGE('',*,*,#3939,.T.);
#5574=ORIENTED_EDGE('',*,*,#3940,.F.);
#5575=ORIENTED_EDGE('',*,*,#3939,.F.);
#5576=ORIENTED_EDGE('',*,*,#3918,.T.);
#5577=ORIENTED_EDGE('',*,*,#3941,.T.);
#5578=ORIENTED_EDGE('',*,*,#3942,.F.);
#5579=ORIENTED_EDGE('',*,*,#3941,.F.);
#5580=ORIENTED_EDGE('',*,*,#3917,.T.);
#5581=ORIENTED_EDGE('',*,*,#3930,.T.);
#5582=ORIENTED_EDGE('',*,*,#3929,.T.);
#5583=ORIENTED_EDGE('',*,*,#3932,.T.);
#5584=ORIENTED_EDGE('',*,*,#3934,.T.);
#5585=ORIENTED_EDGE('',*,*,#3936,.T.);
#5586=ORIENTED_EDGE('',*,*,#3938,.T.);
#5587=ORIENTED_EDGE('',*,*,#3940,.T.);
#5588=ORIENTED_EDGE('',*,*,#3942,.T.);
#5589=ORIENTED_EDGE('',*,*,#3212,.T.);
#5590=ORIENTED_EDGE('',*,*,#3943,.F.);
#5591=ORIENTED_EDGE('',*,*,#3944,.F.);
#5592=ORIENTED_EDGE('',*,*,#3945,.T.);
#5593=ORIENTED_EDGE('',*,*,#3211,.T.);
#5594=ORIENTED_EDGE('',*,*,#3946,.F.);
#5595=ORIENTED_EDGE('',*,*,#3947,.F.);
#5596=ORIENTED_EDGE('',*,*,#3943,.T.);
#5597=ORIENTED_EDGE('',*,*,#3224,.T.);
#5598=ORIENTED_EDGE('',*,*,#3948,.F.);
#5599=ORIENTED_EDGE('',*,*,#3949,.F.);
#5600=ORIENTED_EDGE('',*,*,#3946,.T.);
#5601=ORIENTED_EDGE('',*,*,#3223,.T.);
#5602=ORIENTED_EDGE('',*,*,#3950,.F.);
#5603=ORIENTED_EDGE('',*,*,#3951,.F.);
#5604=ORIENTED_EDGE('',*,*,#3948,.T.);
#5605=ORIENTED_EDGE('',*,*,#3222,.T.);
#5606=ORIENTED_EDGE('',*,*,#3952,.F.);
#5607=ORIENTED_EDGE('',*,*,#3953,.F.);
#5608=ORIENTED_EDGE('',*,*,#3950,.T.);
#5609=ORIENTED_EDGE('',*,*,#3221,.T.);
#5610=ORIENTED_EDGE('',*,*,#3954,.F.);
#5611=ORIENTED_EDGE('',*,*,#3955,.F.);
#5612=ORIENTED_EDGE('',*,*,#3952,.T.);
#5613=ORIENTED_EDGE('',*,*,#3220,.T.);
#5614=ORIENTED_EDGE('',*,*,#3956,.F.);
#5615=ORIENTED_EDGE('',*,*,#3957,.F.);
#5616=ORIENTED_EDGE('',*,*,#3954,.T.);
#5617=ORIENTED_EDGE('',*,*,#3219,.T.);
#5618=ORIENTED_EDGE('',*,*,#3958,.F.);
#5619=ORIENTED_EDGE('',*,*,#3959,.F.);
#5620=ORIENTED_EDGE('',*,*,#3956,.T.);
#5621=ORIENTED_EDGE('',*,*,#3218,.T.);
#5622=ORIENTED_EDGE('',*,*,#3960,.F.);
#5623=ORIENTED_EDGE('',*,*,#3961,.F.);
#5624=ORIENTED_EDGE('',*,*,#3958,.T.);
#5625=ORIENTED_EDGE('',*,*,#3217,.T.);
#5626=ORIENTED_EDGE('',*,*,#3962,.F.);
#5627=ORIENTED_EDGE('',*,*,#3963,.F.);
#5628=ORIENTED_EDGE('',*,*,#3960,.T.);
#5629=ORIENTED_EDGE('',*,*,#3216,.T.);
#5630=ORIENTED_EDGE('',*,*,#3964,.F.);
#5631=ORIENTED_EDGE('',*,*,#3965,.F.);
#5632=ORIENTED_EDGE('',*,*,#3962,.T.);
#5633=ORIENTED_EDGE('',*,*,#3215,.T.);
#5634=ORIENTED_EDGE('',*,*,#3966,.F.);
#5635=ORIENTED_EDGE('',*,*,#3967,.F.);
#5636=ORIENTED_EDGE('',*,*,#3964,.T.);
#5637=ORIENTED_EDGE('',*,*,#3214,.T.);
#5638=ORIENTED_EDGE('',*,*,#3968,.F.);
#5639=ORIENTED_EDGE('',*,*,#3969,.F.);
#5640=ORIENTED_EDGE('',*,*,#3966,.T.);
#5641=ORIENTED_EDGE('',*,*,#3213,.T.);
#5642=ORIENTED_EDGE('',*,*,#3945,.F.);
#5643=ORIENTED_EDGE('',*,*,#3970,.F.);
#5644=ORIENTED_EDGE('',*,*,#3968,.T.);
#5645=ORIENTED_EDGE('',*,*,#3944,.T.);
#5646=ORIENTED_EDGE('',*,*,#3947,.T.);
#5647=ORIENTED_EDGE('',*,*,#3949,.T.);
#5648=ORIENTED_EDGE('',*,*,#3951,.T.);
#5649=ORIENTED_EDGE('',*,*,#3953,.T.);
#5650=ORIENTED_EDGE('',*,*,#3955,.T.);
#5651=ORIENTED_EDGE('',*,*,#3957,.T.);
#5652=ORIENTED_EDGE('',*,*,#3959,.T.);
#5653=ORIENTED_EDGE('',*,*,#3961,.T.);
#5654=ORIENTED_EDGE('',*,*,#3963,.T.);
#5655=ORIENTED_EDGE('',*,*,#3965,.T.);
#5656=ORIENTED_EDGE('',*,*,#3967,.T.);
#5657=ORIENTED_EDGE('',*,*,#3969,.T.);
#5658=ORIENTED_EDGE('',*,*,#3970,.T.);
#5659=ORIENTED_EDGE('',*,*,#3971,.T.);
#5660=ORIENTED_EDGE('',*,*,#3972,.T.);
#5661=ORIENTED_EDGE('',*,*,#3973,.T.);
#5662=ORIENTED_EDGE('',*,*,#3974,.T.);
#5663=ORIENTED_EDGE('',*,*,#3975,.T.);
#5664=ORIENTED_EDGE('',*,*,#3976,.T.);
#5665=ORIENTED_EDGE('',*,*,#3977,.T.);
#5666=ORIENTED_EDGE('',*,*,#3978,.T.);
#5667=ORIENTED_EDGE('',*,*,#3979,.F.);
#5668=ORIENTED_EDGE('',*,*,#3980,.F.);
#5669=ORIENTED_EDGE('',*,*,#3981,.F.);
#5670=ORIENTED_EDGE('',*,*,#3982,.F.);
#5671=ORIENTED_EDGE('',*,*,#3983,.F.);
#5672=ORIENTED_EDGE('',*,*,#3984,.F.);
#5673=ORIENTED_EDGE('',*,*,#3276,.T.);
#5674=ORIENTED_EDGE('',*,*,#3985,.F.);
#5675=ORIENTED_EDGE('',*,*,#3971,.F.);
#5676=ORIENTED_EDGE('',*,*,#3986,.T.);
#5677=ORIENTED_EDGE('',*,*,#3275,.T.);
#5678=ORIENTED_EDGE('',*,*,#3987,.F.);
#5679=ORIENTED_EDGE('',*,*,#3972,.F.);
#5680=ORIENTED_EDGE('',*,*,#3985,.T.);
#5681=ORIENTED_EDGE('',*,*,#3282,.T.);
#5682=ORIENTED_EDGE('',*,*,#3988,.F.);
#5683=ORIENTED_EDGE('',*,*,#3973,.F.);
#5684=ORIENTED_EDGE('',*,*,#3987,.T.);
#5685=ORIENTED_EDGE('',*,*,#3281,.T.);
#5686=ORIENTED_EDGE('',*,*,#3989,.F.);
#5687=ORIENTED_EDGE('',*,*,#3974,.F.);
#5688=ORIENTED_EDGE('',*,*,#3988,.T.);
#5689=ORIENTED_EDGE('',*,*,#3280,.T.);
#5690=ORIENTED_EDGE('',*,*,#3990,.F.);
#5691=ORIENTED_EDGE('',*,*,#3975,.F.);
#5692=ORIENTED_EDGE('',*,*,#3989,.T.);
#5693=ORIENTED_EDGE('',*,*,#3279,.T.);
#5694=ORIENTED_EDGE('',*,*,#3991,.F.);
#5695=ORIENTED_EDGE('',*,*,#3976,.F.);
#5696=ORIENTED_EDGE('',*,*,#3990,.T.);
#5697=ORIENTED_EDGE('',*,*,#3278,.T.);
#5698=ORIENTED_EDGE('',*,*,#3992,.F.);
#5699=ORIENTED_EDGE('',*,*,#3977,.F.);
#5700=ORIENTED_EDGE('',*,*,#3991,.T.);
#5701=ORIENTED_EDGE('',*,*,#3277,.T.);
#5702=ORIENTED_EDGE('',*,*,#3986,.F.);
#5703=ORIENTED_EDGE('',*,*,#3978,.F.);
#5704=ORIENTED_EDGE('',*,*,#3992,.T.);
#5705=ORIENTED_EDGE('',*,*,#3993,.F.);
#5706=ORIENTED_EDGE('',*,*,#3994,.F.);
#5707=ORIENTED_EDGE('',*,*,#3979,.T.);
#5708=ORIENTED_EDGE('',*,*,#3995,.T.);
#5709=ORIENTED_EDGE('',*,*,#3996,.F.);
#5710=ORIENTED_EDGE('',*,*,#3995,.F.);
#5711=ORIENTED_EDGE('',*,*,#3984,.T.);
#5712=ORIENTED_EDGE('',*,*,#3997,.T.);
#5713=ORIENTED_EDGE('',*,*,#3998,.F.);
#5714=ORIENTED_EDGE('',*,*,#3997,.F.);
#5715=ORIENTED_EDGE('',*,*,#3983,.T.);
#5716=ORIENTED_EDGE('',*,*,#3999,.T.);
#5717=ORIENTED_EDGE('',*,*,#4000,.F.);
#5718=ORIENTED_EDGE('',*,*,#3999,.F.);
#5719=ORIENTED_EDGE('',*,*,#3982,.T.);
#5720=ORIENTED_EDGE('',*,*,#4001,.T.);
#5721=ORIENTED_EDGE('',*,*,#4002,.F.);
#5722=ORIENTED_EDGE('',*,*,#4001,.F.);
#5723=ORIENTED_EDGE('',*,*,#3981,.T.);
#5724=ORIENTED_EDGE('',*,*,#4003,.T.);
#5725=ORIENTED_EDGE('',*,*,#4004,.F.);
#5726=ORIENTED_EDGE('',*,*,#4003,.F.);
#5727=ORIENTED_EDGE('',*,*,#3980,.T.);
#5728=ORIENTED_EDGE('',*,*,#3994,.T.);
#5729=ORIENTED_EDGE('',*,*,#3993,.T.);
#5730=ORIENTED_EDGE('',*,*,#3996,.T.);
#5731=ORIENTED_EDGE('',*,*,#3998,.T.);
#5732=ORIENTED_EDGE('',*,*,#4000,.T.);
#5733=ORIENTED_EDGE('',*,*,#4002,.T.);
#5734=ORIENTED_EDGE('',*,*,#4004,.T.);
#5735=ORIENTED_EDGE('',*,*,#3264,.T.);
#5736=ORIENTED_EDGE('',*,*,#4005,.F.);
#5737=ORIENTED_EDGE('',*,*,#4006,.F.);
#5738=ORIENTED_EDGE('',*,*,#4007,.T.);
#5739=ORIENTED_EDGE('',*,*,#3263,.T.);
#5740=ORIENTED_EDGE('',*,*,#4008,.F.);
#5741=ORIENTED_EDGE('',*,*,#4009,.F.);
#5742=ORIENTED_EDGE('',*,*,#4005,.T.);
#5743=ORIENTED_EDGE('',*,*,#3274,.T.);
#5744=ORIENTED_EDGE('',*,*,#4010,.F.);
#5745=ORIENTED_EDGE('',*,*,#4011,.F.);
#5746=ORIENTED_EDGE('',*,*,#4008,.T.);
#5747=ORIENTED_EDGE('',*,*,#3273,.T.);
#5748=ORIENTED_EDGE('',*,*,#4012,.F.);
#5749=ORIENTED_EDGE('',*,*,#4013,.F.);
#5750=ORIENTED_EDGE('',*,*,#4010,.T.);
#5751=ORIENTED_EDGE('',*,*,#3272,.T.);
#5752=ORIENTED_EDGE('',*,*,#4014,.F.);
#5753=ORIENTED_EDGE('',*,*,#4015,.F.);
#5754=ORIENTED_EDGE('',*,*,#4012,.T.);
#5755=ORIENTED_EDGE('',*,*,#3271,.T.);
#5756=ORIENTED_EDGE('',*,*,#4016,.F.);
#5757=ORIENTED_EDGE('',*,*,#4017,.F.);
#5758=ORIENTED_EDGE('',*,*,#4014,.T.);
#5759=ORIENTED_EDGE('',*,*,#3270,.T.);
#5760=ORIENTED_EDGE('',*,*,#4018,.F.);
#5761=ORIENTED_EDGE('',*,*,#4019,.F.);
#5762=ORIENTED_EDGE('',*,*,#4016,.T.);
#5763=ORIENTED_EDGE('',*,*,#3269,.T.);
#5764=ORIENTED_EDGE('',*,*,#4020,.F.);
#5765=ORIENTED_EDGE('',*,*,#4021,.F.);
#5766=ORIENTED_EDGE('',*,*,#4018,.T.);
#5767=ORIENTED_EDGE('',*,*,#3268,.T.);
#5768=ORIENTED_EDGE('',*,*,#4022,.F.);
#5769=ORIENTED_EDGE('',*,*,#4023,.F.);
#5770=ORIENTED_EDGE('',*,*,#4020,.T.);
#5771=ORIENTED_EDGE('',*,*,#3267,.T.);
#5772=ORIENTED_EDGE('',*,*,#4024,.F.);
#5773=ORIENTED_EDGE('',*,*,#4025,.F.);
#5774=ORIENTED_EDGE('',*,*,#4022,.T.);
#5775=ORIENTED_EDGE('',*,*,#3266,.T.);
#5776=ORIENTED_EDGE('',*,*,#4026,.F.);
#5777=ORIENTED_EDGE('',*,*,#4027,.F.);
#5778=ORIENTED_EDGE('',*,*,#4024,.T.);
#5779=ORIENTED_EDGE('',*,*,#3265,.T.);
#5780=ORIENTED_EDGE('',*,*,#4007,.F.);
#5781=ORIENTED_EDGE('',*,*,#4028,.F.);
#5782=ORIENTED_EDGE('',*,*,#4026,.T.);
#5783=ORIENTED_EDGE('',*,*,#4006,.T.);
#5784=ORIENTED_EDGE('',*,*,#4009,.T.);
#5785=ORIENTED_EDGE('',*,*,#4011,.T.);
#5786=ORIENTED_EDGE('',*,*,#4013,.T.);
#5787=ORIENTED_EDGE('',*,*,#4015,.T.);
#5788=ORIENTED_EDGE('',*,*,#4017,.T.);
#5789=ORIENTED_EDGE('',*,*,#4019,.T.);
#5790=ORIENTED_EDGE('',*,*,#4021,.T.);
#5791=ORIENTED_EDGE('',*,*,#4023,.T.);
#5792=ORIENTED_EDGE('',*,*,#4025,.T.);
#5793=ORIENTED_EDGE('',*,*,#4027,.T.);
#5794=ORIENTED_EDGE('',*,*,#4028,.T.);
#5795=ORIENTED_EDGE('',*,*,#3252,.T.);
#5796=ORIENTED_EDGE('',*,*,#4029,.F.);
#5797=ORIENTED_EDGE('',*,*,#4030,.F.);
#5798=ORIENTED_EDGE('',*,*,#4031,.T.);
#5799=ORIENTED_EDGE('',*,*,#3251,.T.);
#5800=ORIENTED_EDGE('',*,*,#4032,.F.);
#5801=ORIENTED_EDGE('',*,*,#4033,.F.);
#5802=ORIENTED_EDGE('',*,*,#4029,.T.);
#5803=ORIENTED_EDGE('',*,*,#3262,.T.);
#5804=ORIENTED_EDGE('',*,*,#4034,.F.);
#5805=ORIENTED_EDGE('',*,*,#4035,.F.);
#5806=ORIENTED_EDGE('',*,*,#4032,.T.);
#5807=ORIENTED_EDGE('',*,*,#3261,.T.);
#5808=ORIENTED_EDGE('',*,*,#4036,.F.);
#5809=ORIENTED_EDGE('',*,*,#4037,.F.);
#5810=ORIENTED_EDGE('',*,*,#4034,.T.);
#5811=ORIENTED_EDGE('',*,*,#3260,.T.);
#5812=ORIENTED_EDGE('',*,*,#4038,.F.);
#5813=ORIENTED_EDGE('',*,*,#4039,.F.);
#5814=ORIENTED_EDGE('',*,*,#4036,.T.);
#5815=ORIENTED_EDGE('',*,*,#3259,.T.);
#5816=ORIENTED_EDGE('',*,*,#4040,.F.);
#5817=ORIENTED_EDGE('',*,*,#4041,.F.);
#5818=ORIENTED_EDGE('',*,*,#4038,.T.);
#5819=ORIENTED_EDGE('',*,*,#3258,.T.);
#5820=ORIENTED_EDGE('',*,*,#4042,.F.);
#5821=ORIENTED_EDGE('',*,*,#4043,.F.);
#5822=ORIENTED_EDGE('',*,*,#4040,.T.);
#5823=ORIENTED_EDGE('',*,*,#3257,.T.);
#5824=ORIENTED_EDGE('',*,*,#4044,.F.);
#5825=ORIENTED_EDGE('',*,*,#4045,.F.);
#5826=ORIENTED_EDGE('',*,*,#4042,.T.);
#5827=ORIENTED_EDGE('',*,*,#3256,.T.);
#5828=ORIENTED_EDGE('',*,*,#4046,.F.);
#5829=ORIENTED_EDGE('',*,*,#4047,.F.);
#5830=ORIENTED_EDGE('',*,*,#4044,.T.);
#5831=ORIENTED_EDGE('',*,*,#3255,.T.);
#5832=ORIENTED_EDGE('',*,*,#4048,.F.);
#5833=ORIENTED_EDGE('',*,*,#4049,.F.);
#5834=ORIENTED_EDGE('',*,*,#4046,.T.);
#5835=ORIENTED_EDGE('',*,*,#3254,.T.);
#5836=ORIENTED_EDGE('',*,*,#4050,.F.);
#5837=ORIENTED_EDGE('',*,*,#4051,.F.);
#5838=ORIENTED_EDGE('',*,*,#4048,.T.);
#5839=ORIENTED_EDGE('',*,*,#3253,.T.);
#5840=ORIENTED_EDGE('',*,*,#4031,.F.);
#5841=ORIENTED_EDGE('',*,*,#4052,.F.);
#5842=ORIENTED_EDGE('',*,*,#4050,.T.);
#5843=ORIENTED_EDGE('',*,*,#4030,.T.);
#5844=ORIENTED_EDGE('',*,*,#4033,.T.);
#5845=ORIENTED_EDGE('',*,*,#4035,.T.);
#5846=ORIENTED_EDGE('',*,*,#4037,.T.);
#5847=ORIENTED_EDGE('',*,*,#4039,.T.);
#5848=ORIENTED_EDGE('',*,*,#4041,.T.);
#5849=ORIENTED_EDGE('',*,*,#4043,.T.);
#5850=ORIENTED_EDGE('',*,*,#4045,.T.);
#5851=ORIENTED_EDGE('',*,*,#4047,.T.);
#5852=ORIENTED_EDGE('',*,*,#4049,.T.);
#5853=ORIENTED_EDGE('',*,*,#4051,.T.);
#5854=ORIENTED_EDGE('',*,*,#4052,.T.);
#5855=ORIENTED_EDGE('',*,*,#4053,.T.);
#5856=ORIENTED_EDGE('',*,*,#4054,.T.);
#5857=ORIENTED_EDGE('',*,*,#4055,.T.);
#5858=ORIENTED_EDGE('',*,*,#4056,.T.);
#5859=ORIENTED_EDGE('',*,*,#4057,.T.);
#5860=ORIENTED_EDGE('',*,*,#4058,.T.);
#5861=ORIENTED_EDGE('',*,*,#4059,.T.);
#5862=ORIENTED_EDGE('',*,*,#4060,.T.);
#5863=ORIENTED_EDGE('',*,*,#4061,.F.);
#5864=ORIENTED_EDGE('',*,*,#4062,.F.);
#5865=ORIENTED_EDGE('',*,*,#4063,.F.);
#5866=ORIENTED_EDGE('',*,*,#4064,.F.);
#5867=ORIENTED_EDGE('',*,*,#4065,.F.);
#5868=ORIENTED_EDGE('',*,*,#4066,.F.);
#5869=ORIENTED_EDGE('',*,*,#3226,.T.);
#5870=ORIENTED_EDGE('',*,*,#4067,.F.);
#5871=ORIENTED_EDGE('',*,*,#4053,.F.);
#5872=ORIENTED_EDGE('',*,*,#4068,.T.);
#5873=ORIENTED_EDGE('',*,*,#3225,.T.);
#5874=ORIENTED_EDGE('',*,*,#4069,.F.);
#5875=ORIENTED_EDGE('',*,*,#4054,.F.);
#5876=ORIENTED_EDGE('',*,*,#4067,.T.);
#5877=ORIENTED_EDGE('',*,*,#3232,.T.);
#5878=ORIENTED_EDGE('',*,*,#4070,.F.);
#5879=ORIENTED_EDGE('',*,*,#4055,.F.);
#5880=ORIENTED_EDGE('',*,*,#4069,.T.);
#5881=ORIENTED_EDGE('',*,*,#3231,.T.);
#5882=ORIENTED_EDGE('',*,*,#4071,.F.);
#5883=ORIENTED_EDGE('',*,*,#4056,.F.);
#5884=ORIENTED_EDGE('',*,*,#4070,.T.);
#5885=ORIENTED_EDGE('',*,*,#3230,.T.);
#5886=ORIENTED_EDGE('',*,*,#4072,.F.);
#5887=ORIENTED_EDGE('',*,*,#4057,.F.);
#5888=ORIENTED_EDGE('',*,*,#4071,.T.);
#5889=ORIENTED_EDGE('',*,*,#3229,.T.);
#5890=ORIENTED_EDGE('',*,*,#4073,.F.);
#5891=ORIENTED_EDGE('',*,*,#4058,.F.);
#5892=ORIENTED_EDGE('',*,*,#4072,.T.);
#5893=ORIENTED_EDGE('',*,*,#3228,.T.);
#5894=ORIENTED_EDGE('',*,*,#4074,.F.);
#5895=ORIENTED_EDGE('',*,*,#4059,.F.);
#5896=ORIENTED_EDGE('',*,*,#4073,.T.);
#5897=ORIENTED_EDGE('',*,*,#3227,.T.);
#5898=ORIENTED_EDGE('',*,*,#4068,.F.);
#5899=ORIENTED_EDGE('',*,*,#4060,.F.);
#5900=ORIENTED_EDGE('',*,*,#4074,.T.);
#5901=ORIENTED_EDGE('',*,*,#4075,.F.);
#5902=ORIENTED_EDGE('',*,*,#4076,.F.);
#5903=ORIENTED_EDGE('',*,*,#4061,.T.);
#5904=ORIENTED_EDGE('',*,*,#4077,.T.);
#5905=ORIENTED_EDGE('',*,*,#4078,.F.);
#5906=ORIENTED_EDGE('',*,*,#4077,.F.);
#5907=ORIENTED_EDGE('',*,*,#4066,.T.);
#5908=ORIENTED_EDGE('',*,*,#4079,.T.);
#5909=ORIENTED_EDGE('',*,*,#4080,.F.);
#5910=ORIENTED_EDGE('',*,*,#4079,.F.);
#5911=ORIENTED_EDGE('',*,*,#4065,.T.);
#5912=ORIENTED_EDGE('',*,*,#4081,.T.);
#5913=ORIENTED_EDGE('',*,*,#4082,.F.);
#5914=ORIENTED_EDGE('',*,*,#4081,.F.);
#5915=ORIENTED_EDGE('',*,*,#4064,.T.);
#5916=ORIENTED_EDGE('',*,*,#4083,.T.);
#5917=ORIENTED_EDGE('',*,*,#4084,.F.);
#5918=ORIENTED_EDGE('',*,*,#4083,.F.);
#5919=ORIENTED_EDGE('',*,*,#4063,.T.);
#5920=ORIENTED_EDGE('',*,*,#4085,.T.);
#5921=ORIENTED_EDGE('',*,*,#4086,.F.);
#5922=ORIENTED_EDGE('',*,*,#4085,.F.);
#5923=ORIENTED_EDGE('',*,*,#4062,.T.);
#5924=ORIENTED_EDGE('',*,*,#4076,.T.);
#5925=ORIENTED_EDGE('',*,*,#4075,.T.);
#5926=ORIENTED_EDGE('',*,*,#4078,.T.);
#5927=ORIENTED_EDGE('',*,*,#4080,.T.);
#5928=ORIENTED_EDGE('',*,*,#4082,.T.);
#5929=ORIENTED_EDGE('',*,*,#4084,.T.);
#5930=ORIENTED_EDGE('',*,*,#4086,.T.);
#5931=ORIENTED_EDGE('',*,*,#3234,.T.);
#5932=ORIENTED_EDGE('',*,*,#4087,.F.);
#5933=ORIENTED_EDGE('',*,*,#4088,.F.);
#5934=ORIENTED_EDGE('',*,*,#4089,.T.);
#5935=ORIENTED_EDGE('',*,*,#3233,.T.);
#5936=ORIENTED_EDGE('',*,*,#4090,.F.);
#5937=ORIENTED_EDGE('',*,*,#4091,.F.);
#5938=ORIENTED_EDGE('',*,*,#4087,.T.);
#5939=ORIENTED_EDGE('',*,*,#3244,.T.);
#5940=ORIENTED_EDGE('',*,*,#4092,.F.);
#5941=ORIENTED_EDGE('',*,*,#4093,.F.);
#5942=ORIENTED_EDGE('',*,*,#4090,.T.);
#5943=ORIENTED_EDGE('',*,*,#3243,.T.);
#5944=ORIENTED_EDGE('',*,*,#4094,.F.);
#5945=ORIENTED_EDGE('',*,*,#4095,.F.);
#5946=ORIENTED_EDGE('',*,*,#4092,.T.);
#5947=ORIENTED_EDGE('',*,*,#3242,.T.);
#5948=ORIENTED_EDGE('',*,*,#4096,.F.);
#5949=ORIENTED_EDGE('',*,*,#4097,.F.);
#5950=ORIENTED_EDGE('',*,*,#4094,.T.);
#5951=ORIENTED_EDGE('',*,*,#3241,.T.);
#5952=ORIENTED_EDGE('',*,*,#4098,.F.);
#5953=ORIENTED_EDGE('',*,*,#4099,.F.);
#5954=ORIENTED_EDGE('',*,*,#4096,.T.);
#5955=ORIENTED_EDGE('',*,*,#3240,.T.);
#5956=ORIENTED_EDGE('',*,*,#4100,.F.);
#5957=ORIENTED_EDGE('',*,*,#4101,.F.);
#5958=ORIENTED_EDGE('',*,*,#4098,.T.);
#5959=ORIENTED_EDGE('',*,*,#3239,.T.);
#5960=ORIENTED_EDGE('',*,*,#4102,.F.);
#5961=ORIENTED_EDGE('',*,*,#4103,.F.);
#5962=ORIENTED_EDGE('',*,*,#4100,.T.);
#5963=ORIENTED_EDGE('',*,*,#3238,.T.);
#5964=ORIENTED_EDGE('',*,*,#4104,.F.);
#5965=ORIENTED_EDGE('',*,*,#4105,.F.);
#5966=ORIENTED_EDGE('',*,*,#4102,.T.);
#5967=ORIENTED_EDGE('',*,*,#3237,.T.);
#5968=ORIENTED_EDGE('',*,*,#4106,.F.);
#5969=ORIENTED_EDGE('',*,*,#4107,.F.);
#5970=ORIENTED_EDGE('',*,*,#4104,.T.);
#5971=ORIENTED_EDGE('',*,*,#3236,.T.);
#5972=ORIENTED_EDGE('',*,*,#4108,.F.);
#5973=ORIENTED_EDGE('',*,*,#4109,.F.);
#5974=ORIENTED_EDGE('',*,*,#4106,.T.);
#5975=ORIENTED_EDGE('',*,*,#3235,.T.);
#5976=ORIENTED_EDGE('',*,*,#4089,.F.);
#5977=ORIENTED_EDGE('',*,*,#4110,.F.);
#5978=ORIENTED_EDGE('',*,*,#4108,.T.);
#5979=ORIENTED_EDGE('',*,*,#4088,.T.);
#5980=ORIENTED_EDGE('',*,*,#4091,.T.);
#5981=ORIENTED_EDGE('',*,*,#4093,.T.);
#5982=ORIENTED_EDGE('',*,*,#4095,.T.);
#5983=ORIENTED_EDGE('',*,*,#4097,.T.);
#5984=ORIENTED_EDGE('',*,*,#4099,.T.);
#5985=ORIENTED_EDGE('',*,*,#4101,.T.);
#5986=ORIENTED_EDGE('',*,*,#4103,.T.);
#5987=ORIENTED_EDGE('',*,*,#4105,.T.);
#5988=ORIENTED_EDGE('',*,*,#4107,.T.);
#5989=ORIENTED_EDGE('',*,*,#4109,.T.);
#5990=ORIENTED_EDGE('',*,*,#4110,.T.);
#5991=ORIENTED_EDGE('',*,*,#3246,.T.);
#5992=ORIENTED_EDGE('',*,*,#4111,.F.);
#5993=ORIENTED_EDGE('',*,*,#4112,.F.);
#5994=ORIENTED_EDGE('',*,*,#4113,.T.);
#5995=ORIENTED_EDGE('',*,*,#3245,.T.);
#5996=ORIENTED_EDGE('',*,*,#4114,.F.);
#5997=ORIENTED_EDGE('',*,*,#4115,.F.);
#5998=ORIENTED_EDGE('',*,*,#4111,.T.);
#5999=ORIENTED_EDGE('',*,*,#3250,.T.);
#6000=ORIENTED_EDGE('',*,*,#4116,.F.);
#6001=ORIENTED_EDGE('',*,*,#4117,.F.);
#6002=ORIENTED_EDGE('',*,*,#4114,.T.);
#6003=ORIENTED_EDGE('',*,*,#3249,.T.);
#6004=ORIENTED_EDGE('',*,*,#4118,.F.);
#6005=ORIENTED_EDGE('',*,*,#4119,.F.);
#6006=ORIENTED_EDGE('',*,*,#4116,.T.);
#6007=ORIENTED_EDGE('',*,*,#3248,.T.);
#6008=ORIENTED_EDGE('',*,*,#4120,.F.);
#6009=ORIENTED_EDGE('',*,*,#4121,.F.);
#6010=ORIENTED_EDGE('',*,*,#4118,.T.);
#6011=ORIENTED_EDGE('',*,*,#3247,.T.);
#6012=ORIENTED_EDGE('',*,*,#4113,.F.);
#6013=ORIENTED_EDGE('',*,*,#4122,.F.);
#6014=ORIENTED_EDGE('',*,*,#4120,.T.);
#6015=ORIENTED_EDGE('',*,*,#4112,.T.);
#6016=ORIENTED_EDGE('',*,*,#4115,.T.);
#6017=ORIENTED_EDGE('',*,*,#4117,.T.);
#6018=ORIENTED_EDGE('',*,*,#4119,.T.);
#6019=ORIENTED_EDGE('',*,*,#4121,.T.);
#6020=ORIENTED_EDGE('',*,*,#4122,.T.);
#6021=PLANE('',#6968);
#6022=PLANE('',#7000);
#6023=PLANE('',#7001);
#6024=PLANE('',#7002);
#6025=PLANE('',#7003);
#6026=PLANE('',#7004);
#6027=PLANE('',#7005);
#6028=PLANE('',#7006);
#6029=PLANE('',#7007);
#6030=PLANE('',#7008);
#6031=PLANE('',#7009);
#6032=PLANE('',#7010);
#6033=PLANE('',#7011);
#6034=PLANE('',#7012);
#6035=PLANE('',#7015);
#6036=PLANE('',#7016);
#6037=PLANE('',#7017);
#6038=PLANE('',#7018);
#6039=PLANE('',#7019);
#6040=PLANE('',#7020);
#6041=PLANE('',#7023);
#6042=PLANE('',#7024);
#6043=PLANE('',#7025);
#6044=PLANE('',#7026);
#6045=PLANE('',#7027);
#6046=PLANE('',#7028);
#6047=PLANE('',#7029);
#6048=PLANE('',#7030);
#6049=PLANE('',#7031);
#6050=PLANE('',#7032);
#6051=PLANE('',#7033);
#6052=PLANE('',#7034);
#6053=PLANE('',#7035);
#6054=PLANE('',#7038);
#6055=PLANE('',#7039);
#6056=PLANE('',#7040);
#6057=PLANE('',#7041);
#6058=PLANE('',#7042);
#6059=PLANE('',#7043);
#6060=PLANE('',#7044);
#6061=PLANE('',#7045);
#6062=PLANE('',#7048);
#6063=PLANE('',#7049);
#6064=PLANE('',#7050);
#6065=PLANE('',#7053);
#6066=PLANE('',#7054);
#6067=PLANE('',#7055);
#6068=PLANE('',#7056);
#6069=PLANE('',#7057);
#6070=PLANE('',#7058);
#6071=PLANE('',#7059);
#6072=PLANE('',#7060);
#6073=PLANE('',#7063);
#6074=PLANE('',#7064);
#6075=PLANE('',#7065);
#6076=PLANE('',#7066);
#6077=PLANE('',#7067);
#6078=PLANE('',#7068);
#6079=PLANE('',#7069);
#6080=PLANE('',#7070);
#6081=PLANE('',#7071);
#6082=PLANE('',#7075);
#6083=PLANE('',#7076);
#6084=PLANE('',#7077);
#6085=PLANE('',#7081);
#6086=PLANE('',#7085);
#6087=PLANE('',#7086);
#6088=PLANE('',#7087);
#6089=PLANE('',#7088);
#6090=PLANE('',#7089);
#6091=PLANE('',#7090);
#6092=PLANE('',#7091);
#6093=PLANE('',#7092);
#6094=PLANE('',#7093);
#6095=PLANE('',#7094);
#6096=PLANE('',#7095);
#6097=PLANE('',#7096);
#6098=PLANE('',#7097);
#6099=PLANE('',#7098);
#6100=PLANE('',#7099);
#6101=PLANE('',#7103);
#6102=PLANE('',#7104);
#6103=PLANE('',#7105);
#6104=PLANE('',#7109);
#6105=PLANE('',#7113);
#6106=PLANE('',#7114);
#6107=PLANE('',#7115);
#6108=PLANE('',#7116);
#6109=PLANE('',#7117);
#6110=PLANE('',#7118);
#6111=PLANE('',#7119);
#6112=PLANE('',#7120);
#6113=PLANE('',#7121);
#6114=PLANE('',#7122);
#6115=PLANE('',#7123);
#6116=PLANE('',#7124);
#6117=PLANE('',#7125);
#6118=PLANE('',#7126);
#6119=PLANE('',#7127);
#6120=PLANE('',#7128);
#6121=PLANE('',#7129);
#6122=PLANE('',#7130);
#6123=PLANE('',#7131);
#6124=PLANE('',#7132);
#6125=PLANE('',#7133);
#6126=PLANE('',#7134);
#6127=PLANE('',#7135);
#6128=PLANE('',#7136);
#6129=PLANE('',#7137);
#6130=PLANE('',#7138);
#6131=PLANE('',#7139);
#6132=PLANE('',#7140);
#6133=PLANE('',#7141);
#6134=PLANE('',#7148);
#6135=PLANE('',#7149);
#6136=PLANE('',#7150);
#6137=PLANE('',#7153);
#6138=PLANE('',#7154);
#6139=PLANE('',#7155);
#6140=PLANE('',#7158);
#6141=PLANE('',#7159);
#6142=PLANE('',#7160);
#6143=PLANE('',#7161);
#6144=PLANE('',#7162);
#6145=PLANE('',#7163);
#6146=PLANE('',#7164);
#6147=PLANE('',#7165);
#6148=PLANE('',#7167);
#6149=PLANE('',#7168);
#6150=PLANE('',#7169);
#6151=PLANE('',#7170);
#6152=PLANE('',#7177);
#6153=PLANE('',#7182);
#6154=PLANE('',#7184);
#6155=PLANE('',#7185);
#6156=PLANE('',#7192);
#6157=PLANE('',#7193);
#6158=PLANE('',#7194);
#6159=PLANE('',#7195);
#6160=PLANE('',#7196);
#6161=PLANE('',#7197);
#6162=PLANE('',#7199);
#6163=PLANE('',#7200);
#6164=PLANE('',#7203);
#6165=PLANE('',#7204);
#6166=PLANE('',#7213);
#6167=PLANE('',#7214);
#6168=PLANE('',#7215);
#6169=PLANE('',#7216);
#6170=PLANE('',#7217);
#6171=PLANE('',#7218);
#6172=PLANE('',#7219);
#6173=PLANE('',#7220);
#6174=PLANE('',#7221);
#6175=PLANE('',#7228);
#6176=PLANE('',#7229);
#6177=PLANE('',#7230);
#6178=PLANE('',#7233);
#6179=PLANE('',#7234);
#6180=PLANE('',#7235);
#6181=PLANE('',#7238);
#6182=PLANE('',#7240);
#6183=PLANE('',#7243);
#6184=PLANE('',#7245);
#6185=PLANE('',#7246);
#6186=PLANE('',#7247);
#6187=PLANE('',#7248);
#6188=PLANE('',#7249);
#6189=PLANE('',#7250);
#6190=PLANE('',#7251);
#6191=PLANE('',#7252);
#6192=PLANE('',#7253);
#6193=PLANE('',#7254);
#6194=PLANE('',#7255);
#6195=PLANE('',#7256);
#6196=PLANE('',#7257);
#6197=PLANE('',#7258);
#6198=PLANE('',#7259);
#6199=PLANE('',#7260);
#6200=PLANE('',#7261);
#6201=PLANE('',#7262);
#6202=PLANE('',#7263);
#6203=PLANE('',#7264);
#6204=PLANE('',#7265);
#6205=PLANE('',#7266);
#6206=PLANE('',#7267);
#6207=PLANE('',#7268);
#6208=PLANE('',#7269);
#6209=PLANE('',#7270);
#6210=PLANE('',#7271);
#6211=PLANE('',#7272);
#6212=PLANE('',#7273);
#6213=PLANE('',#7274);
#6214=PLANE('',#7275);
#6215=PLANE('',#7276);
#6216=PLANE('',#7277);
#6217=PLANE('',#7278);
#6218=PLANE('',#7279);
#6219=PLANE('',#7280);
#6220=PLANE('',#7281);
#6221=PLANE('',#7282);
#6222=PLANE('',#7283);
#6223=PLANE('',#7284);
#6224=PLANE('',#7285);
#6225=PLANE('',#7286);
#6226=PLANE('',#7287);
#6227=PLANE('',#7288);
#6228=PLANE('',#7289);
#6229=PLANE('',#7290);
#6230=PLANE('',#7291);
#6231=PLANE('',#7292);
#6232=PLANE('',#7293);
#6233=PLANE('',#7294);
#6234=PLANE('',#7295);
#6235=PLANE('',#7296);
#6236=PLANE('',#7297);
#6237=PLANE('',#7298);
#6238=PLANE('',#7299);
#6239=PLANE('',#7300);
#6240=PLANE('',#7301);
#6241=PLANE('',#7302);
#6242=PLANE('',#7303);
#6243=PLANE('',#7304);
#6244=PLANE('',#7305);
#6245=PLANE('',#7306);
#6246=PLANE('',#7307);
#6247=PLANE('',#7308);
#6248=PLANE('',#7309);
#6249=PLANE('',#7310);
#6250=PLANE('',#7311);
#6251=PLANE('',#7312);
#6252=PLANE('',#7313);
#6253=PLANE('',#7314);
#6254=PLANE('',#7315);
#6255=PLANE('',#7316);
#6256=PLANE('',#7317);
#6257=PLANE('',#7318);
#6258=PLANE('',#7319);
#6259=STYLED_ITEM('',(#11778),#6606);
#6260=STYLED_ITEM('',(#11778),#6607);
#6261=STYLED_ITEM('',(#11778),#6608);
#6262=STYLED_ITEM('',(#11778),#6609);
#6263=STYLED_ITEM('',(#11778),#6610);
#6264=STYLED_ITEM('',(#11778),#6611);
#6265=STYLED_ITEM('',(#11778),#6612);
#6266=STYLED_ITEM('',(#11778),#6613);
#6267=STYLED_ITEM('',(#11778),#6614);
#6268=STYLED_ITEM('',(#11778),#6615);
#6269=STYLED_ITEM('',(#11778),#6616);
#6270=STYLED_ITEM('',(#11778),#6617);
#6271=STYLED_ITEM('',(#11778),#6618);
#6272=STYLED_ITEM('',(#11778),#6619);
#6273=STYLED_ITEM('',(#11778),#6620);
#6274=STYLED_ITEM('',(#11778),#6621);
#6275=STYLED_ITEM('',(#11778),#6622);
#6276=STYLED_ITEM('',(#11778),#6623);
#6277=STYLED_ITEM('',(#11778),#6624);
#6278=STYLED_ITEM('',(#11778),#6625);
#6279=STYLED_ITEM('',(#11778),#6626);
#6280=STYLED_ITEM('',(#11778),#6627);
#6281=STYLED_ITEM('',(#11778),#6628);
#6282=STYLED_ITEM('',(#11778),#6629);
#6283=STYLED_ITEM('',(#11778),#6630);
#6284=STYLED_ITEM('',(#11778),#6631);
#6285=STYLED_ITEM('',(#11778),#6632);
#6286=STYLED_ITEM('',(#11778),#6633);
#6287=STYLED_ITEM('',(#11778),#6634);
#6288=STYLED_ITEM('',(#11778),#6635);
#6289=STYLED_ITEM('',(#11778),#6636);
#6290=STYLED_ITEM('',(#11778),#6637);
#6291=STYLED_ITEM('',(#11778),#6638);
#6292=STYLED_ITEM('',(#11778),#6639);
#6293=STYLED_ITEM('',(#11778),#6640);
#6294=STYLED_ITEM('',(#11778),#6641);
#6295=STYLED_ITEM('',(#11778),#6642);
#6296=STYLED_ITEM('',(#11778),#6643);
#6297=STYLED_ITEM('',(#11778),#6644);
#6298=STYLED_ITEM('',(#11778),#6645);
#6299=STYLED_ITEM('',(#11778),#6646);
#6300=STYLED_ITEM('',(#11778),#6647);
#6301=STYLED_ITEM('',(#11778),#6648);
#6302=STYLED_ITEM('',(#11778),#6649);
#6303=STYLED_ITEM('',(#11778),#6650);
#6304=STYLED_ITEM('',(#11778),#6651);
#6305=STYLED_ITEM('',(#11778),#6652);
#6306=STYLED_ITEM('',(#11778),#6653);
#6307=STYLED_ITEM('',(#11778),#6654);
#6308=STYLED_ITEM('',(#11778),#6655);
#6309=STYLED_ITEM('',(#11778),#6656);
#6310=STYLED_ITEM('',(#11778),#6657);
#6311=STYLED_ITEM('',(#11778),#6658);
#6312=STYLED_ITEM('',(#11778),#6659);
#6313=STYLED_ITEM('',(#11778),#6660);
#6314=STYLED_ITEM('',(#11778),#6661);
#6315=STYLED_ITEM('',(#11778),#6662);
#6316=STYLED_ITEM('',(#11778),#6663);
#6317=STYLED_ITEM('',(#11778),#6664);
#6318=STYLED_ITEM('',(#11778),#6665);
#6319=STYLED_ITEM('',(#11779),#6666);
#6320=STYLED_ITEM('',(#11779),#6667);
#6321=STYLED_ITEM('',(#11779),#6668);
#6322=STYLED_ITEM('',(#11779),#6669);
#6323=STYLED_ITEM('',(#11779),#6670);
#6324=STYLED_ITEM('',(#11779),#6671);
#6325=STYLED_ITEM('',(#11779),#6672);
#6326=STYLED_ITEM('',(#11779),#6673);
#6327=STYLED_ITEM('',(#11779),#6674);
#6328=STYLED_ITEM('',(#11779),#6675);
#6329=STYLED_ITEM('',(#11779),#6676);
#6330=STYLED_ITEM('',(#11779),#6677);
#6331=STYLED_ITEM('',(#11779),#6678);
#6332=STYLED_ITEM('',(#11779),#6679);
#6333=STYLED_ITEM('',(#11779),#6680);
#6334=STYLED_ITEM('',(#11779),#6681);
#6335=STYLED_ITEM('',(#11779),#6682);
#6336=STYLED_ITEM('',(#11779),#6683);
#6337=STYLED_ITEM('',(#11779),#6684);
#6338=STYLED_ITEM('',(#11779),#6685);
#6339=STYLED_ITEM('',(#11779),#6686);
#6340=STYLED_ITEM('',(#11779),#6687);
#6341=STYLED_ITEM('',(#11779),#6688);
#6342=STYLED_ITEM('',(#11779),#6689);
#6343=STYLED_ITEM('',(#11779),#6690);
#6344=STYLED_ITEM('',(#11779),#6691);
#6345=STYLED_ITEM('',(#11779),#6692);
#6346=STYLED_ITEM('',(#11779),#6693);
#6347=STYLED_ITEM('',(#11779),#6694);
#6348=STYLED_ITEM('',(#11779),#6695);
#6349=STYLED_ITEM('',(#11779),#6696);
#6350=STYLED_ITEM('',(#11779),#6697);
#6351=STYLED_ITEM('',(#11779),#6698);
#6352=STYLED_ITEM('',(#11779),#6699);
#6353=STYLED_ITEM('',(#11779),#6700);
#6354=STYLED_ITEM('',(#11779),#6701);
#6355=STYLED_ITEM('',(#11779),#6702);
#6356=STYLED_ITEM('',(#11779),#6703);
#6357=STYLED_ITEM('',(#11779),#6704);
#6358=STYLED_ITEM('',(#11779),#6705);
#6359=STYLED_ITEM('',(#11779),#6706);
#6360=STYLED_ITEM('',(#11779),#6707);
#6361=STYLED_ITEM('',(#11779),#6708);
#6362=STYLED_ITEM('',(#11779),#6709);
#6363=STYLED_ITEM('',(#11779),#6710);
#6364=STYLED_ITEM('',(#11779),#6711);
#6365=STYLED_ITEM('',(#11779),#6712);
#6366=STYLED_ITEM('',(#11779),#6713);
#6367=STYLED_ITEM('',(#11779),#6714);
#6368=STYLED_ITEM('',(#11779),#6715);
#6369=STYLED_ITEM('',(#11779),#6716);
#6370=STYLED_ITEM('',(#11779),#6717);
#6371=STYLED_ITEM('',(#11779),#6718);
#6372=STYLED_ITEM('',(#11779),#6719);
#6373=STYLED_ITEM('',(#11779),#6720);
#6374=STYLED_ITEM('',(#11779),#6721);
#6375=STYLED_ITEM('',(#11778),#6722);
#6376=STYLED_ITEM('',(#11778),#6723);
#6377=STYLED_ITEM('',(#11778),#6724);
#6378=STYLED_ITEM('',(#11778),#6725);
#6379=STYLED_ITEM('',(#11778),#6726);
#6380=STYLED_ITEM('',(#11778),#6727);
#6381=STYLED_ITEM('',(#11780),#6728);
#6382=STYLED_ITEM('',(#11780),#6729);
#6383=STYLED_ITEM('',(#11780),#6730);
#6384=STYLED_ITEM('',(#11780),#6731);
#6385=STYLED_ITEM('',(#11780),#6732);
#6386=STYLED_ITEM('',(#11780),#6733);
#6387=STYLED_ITEM('',(#11780),#6734);
#6388=STYLED_ITEM('',(#11780),#6735);
#6389=STYLED_ITEM('',(#11780),#6736);
#6390=STYLED_ITEM('',(#11780),#6737);
#6391=STYLED_ITEM('',(#11780),#6738);
#6392=STYLED_ITEM('',(#11780),#6739);
#6393=STYLED_ITEM('',(#11780),#6740);
#6394=STYLED_ITEM('',(#11780),#6741);
#6395=STYLED_ITEM('',(#11780),#6742);
#6396=STYLED_ITEM('',(#11778),#6743);
#6397=STYLED_ITEM('',(#11780),#6744);
#6398=STYLED_ITEM('',(#11780),#6745);
#6399=STYLED_ITEM('',(#11780),#6746);
#6400=STYLED_ITEM('',(#11780),#6747);
#6401=STYLED_ITEM('',(#11780),#6748);
#6402=STYLED_ITEM('',(#11780),#6749);
#6403=STYLED_ITEM('',(#11780),#6750);
#6404=STYLED_ITEM('',(#11780),#6751);
#6405=STYLED_ITEM('',(#11780),#6752);
#6406=STYLED_ITEM('',(#11780),#6753);
#6407=STYLED_ITEM('',(#11780),#6754);
#6408=STYLED_ITEM('',(#11780),#6755);
#6409=STYLED_ITEM('',(#11780),#6756);
#6410=STYLED_ITEM('',(#11780),#6757);
#6411=STYLED_ITEM('',(#11780),#6758);
#6412=STYLED_ITEM('',(#11780),#6759);
#6413=STYLED_ITEM('',(#11780),#6760);
#6414=STYLED_ITEM('',(#11780),#6761);
#6415=STYLED_ITEM('',(#11780),#6762);
#6416=STYLED_ITEM('',(#11780),#6763);
#6417=STYLED_ITEM('',(#11780),#6764);
#6418=STYLED_ITEM('',(#11780),#6765);
#6419=STYLED_ITEM('',(#11780),#6766);
#6420=STYLED_ITEM('',(#11780),#6767);
#6421=STYLED_ITEM('',(#11780),#6768);
#6422=STYLED_ITEM('',(#11780),#6769);
#6423=STYLED_ITEM('',(#11780),#6770);
#6424=STYLED_ITEM('',(#11780),#6771);
#6425=STYLED_ITEM('',(#11780),#6772);
#6426=STYLED_ITEM('',(#11780),#6773);
#6427=STYLED_ITEM('',(#11780),#6774);
#6428=STYLED_ITEM('',(#11780),#6775);
#6429=STYLED_ITEM('',(#11780),#6776);
#6430=STYLED_ITEM('',(#11780),#6777);
#6431=STYLED_ITEM('',(#11780),#6778);
#6432=STYLED_ITEM('',(#11780),#6779);
#6433=STYLED_ITEM('',(#11780),#6780);
#6434=STYLED_ITEM('',(#11780),#6781);
#6435=STYLED_ITEM('',(#11780),#6782);
#6436=STYLED_ITEM('',(#11780),#6783);
#6437=STYLED_ITEM('',(#11780),#6784);
#6438=STYLED_ITEM('',(#11780),#6785);
#6439=STYLED_ITEM('',(#11780),#6786);
#6440=STYLED_ITEM('',(#11780),#6787);
#6441=STYLED_ITEM('',(#11780),#6788);
#6442=STYLED_ITEM('',(#11780),#6789);
#6443=STYLED_ITEM('',(#11780),#6790);
#6444=STYLED_ITEM('',(#11780),#6791);
#6445=STYLED_ITEM('',(#11780),#6792);
#6446=STYLED_ITEM('',(#11780),#6793);
#6447=STYLED_ITEM('',(#11780),#6794);
#6448=STYLED_ITEM('',(#11780),#6795);
#6449=STYLED_ITEM('',(#11780),#6796);
#6450=STYLED_ITEM('',(#11780),#6797);
#6451=STYLED_ITEM('',(#11780),#6798);
#6452=STYLED_ITEM('',(#11780),#6799);
#6453=STYLED_ITEM('',(#11780),#6800);
#6454=STYLED_ITEM('',(#11780),#6801);
#6455=STYLED_ITEM('',(#11780),#6802);
#6456=STYLED_ITEM('',(#11780),#6803);
#6457=STYLED_ITEM('',(#11780),#6804);
#6458=STYLED_ITEM('',(#11778),#6805);
#6459=STYLED_ITEM('',(#11780),#6806);
#6460=STYLED_ITEM('',(#11780),#6807);
#6461=STYLED_ITEM('',(#11780),#6808);
#6462=STYLED_ITEM('',(#11780),#6809);
#6463=STYLED_ITEM('',(#11780),#6810);
#6464=STYLED_ITEM('',(#11780),#6811);
#6465=STYLED_ITEM('',(#11780),#6812);
#6466=STYLED_ITEM('',(#11780),#6813);
#6467=STYLED_ITEM('',(#11780),#6814);
#6468=STYLED_ITEM('',(#11780),#6815);
#6469=STYLED_ITEM('',(#11780),#6816);
#6470=STYLED_ITEM('',(#11780),#6817);
#6471=STYLED_ITEM('',(#11780),#6818);
#6472=STYLED_ITEM('',(#11780),#6819);
#6473=STYLED_ITEM('',(#11780),#6820);
#6474=STYLED_ITEM('',(#11780),#6821);
#6475=STYLED_ITEM('',(#11780),#6822);
#6476=STYLED_ITEM('',(#11780),#6823);
#6477=STYLED_ITEM('',(#11780),#6824);
#6478=STYLED_ITEM('',(#11780),#6825);
#6479=STYLED_ITEM('',(#11780),#6826);
#6480=STYLED_ITEM('',(#11780),#6827);
#6481=STYLED_ITEM('',(#11780),#6828);
#6482=STYLED_ITEM('',(#11780),#6829);
#6483=STYLED_ITEM('',(#11780),#6830);
#6484=STYLED_ITEM('',(#11780),#6831);
#6485=STYLED_ITEM('',(#11780),#6832);
#6486=STYLED_ITEM('',(#11780),#6833);
#6487=STYLED_ITEM('',(#11780),#6834);
#6488=STYLED_ITEM('',(#11780),#6835);
#6489=STYLED_ITEM('',(#11780),#6836);
#6490=STYLED_ITEM('',(#11780),#6837);
#6491=STYLED_ITEM('',(#11780),#6838);
#6492=STYLED_ITEM('',(#11780),#6839);
#6493=STYLED_ITEM('',(#11780),#6840);
#6494=STYLED_ITEM('',(#11780),#6841);
#6495=STYLED_ITEM('',(#11778),#6842);
#6496=STYLED_ITEM('',(#11780),#6843);
#6497=STYLED_ITEM('',(#11780),#6844);
#6498=STYLED_ITEM('',(#11780),#6845);
#6499=STYLED_ITEM('',(#11780),#6846);
#6500=STYLED_ITEM('',(#11780),#6847);
#6501=STYLED_ITEM('',(#11780),#6848);
#6502=STYLED_ITEM('',(#11780),#6849);
#6503=STYLED_ITEM('',(#11780),#6850);
#6504=STYLED_ITEM('',(#11780),#6851);
#6505=STYLED_ITEM('',(#11780),#6852);
#6506=STYLED_ITEM('',(#11780),#6853);
#6507=STYLED_ITEM('',(#11780),#6854);
#6508=STYLED_ITEM('',(#11780),#6855);
#6509=STYLED_ITEM('',(#11780),#6856);
#6510=STYLED_ITEM('',(#11780),#6857);
#6511=STYLED_ITEM('',(#11778),#6858);
#6512=STYLED_ITEM('',(#11780),#6859);
#6513=STYLED_ITEM('',(#11780),#6860);
#6514=STYLED_ITEM('',(#11780),#6861);
#6515=STYLED_ITEM('',(#11780),#6862);
#6516=STYLED_ITEM('',(#11780),#6863);
#6517=STYLED_ITEM('',(#11780),#6864);
#6518=STYLED_ITEM('',(#11780),#6865);
#6519=STYLED_ITEM('',(#11780),#6866);
#6520=STYLED_ITEM('',(#11780),#6867);
#6521=STYLED_ITEM('',(#11780),#6868);
#6522=STYLED_ITEM('',(#11780),#6869);
#6523=STYLED_ITEM('',(#11780),#6870);
#6524=STYLED_ITEM('',(#11780),#6871);
#6525=STYLED_ITEM('',(#11780),#6872);
#6526=STYLED_ITEM('',(#11780),#6873);
#6527=STYLED_ITEM('',(#11780),#6874);
#6528=STYLED_ITEM('',(#11780),#6875);
#6529=STYLED_ITEM('',(#11780),#6876);
#6530=STYLED_ITEM('',(#11780),#6877);
#6531=STYLED_ITEM('',(#11780),#6878);
#6532=STYLED_ITEM('',(#11780),#6879);
#6533=STYLED_ITEM('',(#11780),#6880);
#6534=STYLED_ITEM('',(#11780),#6881);
#6535=STYLED_ITEM('',(#11780),#6882);
#6536=STYLED_ITEM('',(#11780),#6883);
#6537=STYLED_ITEM('',(#11780),#6884);
#6538=STYLED_ITEM('',(#11780),#6885);
#6539=STYLED_ITEM('',(#11780),#6886);
#6540=STYLED_ITEM('',(#11780),#6887);
#6541=STYLED_ITEM('',(#11780),#6888);
#6542=STYLED_ITEM('',(#11778),#6889);
#6543=STYLED_ITEM('',(#11780),#6890);
#6544=STYLED_ITEM('',(#11780),#6891);
#6545=STYLED_ITEM('',(#11780),#6892);
#6546=STYLED_ITEM('',(#11780),#6893);
#6547=STYLED_ITEM('',(#11780),#6894);
#6548=STYLED_ITEM('',(#11780),#6895);
#6549=STYLED_ITEM('',(#11780),#6896);
#6550=STYLED_ITEM('',(#11780),#6897);
#6551=STYLED_ITEM('',(#11780),#6898);
#6552=STYLED_ITEM('',(#11780),#6899);
#6553=STYLED_ITEM('',(#11780),#6900);
#6554=STYLED_ITEM('',(#11780),#6901);
#6555=STYLED_ITEM('',(#11780),#6902);
#6556=STYLED_ITEM('',(#11780),#6903);
#6557=STYLED_ITEM('',(#11780),#6904);
#6558=STYLED_ITEM('',(#11780),#6905);
#6559=STYLED_ITEM('',(#11780),#6906);
#6560=STYLED_ITEM('',(#11780),#6907);
#6561=STYLED_ITEM('',(#11780),#6908);
#6562=STYLED_ITEM('',(#11780),#6909);
#6563=STYLED_ITEM('',(#11780),#6910);
#6564=STYLED_ITEM('',(#11780),#6911);
#6565=STYLED_ITEM('',(#11780),#6912);
#6566=STYLED_ITEM('',(#11780),#6913);
#6567=STYLED_ITEM('',(#11780),#6914);
#6568=STYLED_ITEM('',(#11780),#6915);
#6569=STYLED_ITEM('',(#11780),#6916);
#6570=STYLED_ITEM('',(#11780),#6917);
#6571=STYLED_ITEM('',(#11780),#6918);
#6572=STYLED_ITEM('',(#11780),#6919);
#6573=STYLED_ITEM('',(#11780),#6920);
#6574=STYLED_ITEM('',(#11780),#6921);
#6575=STYLED_ITEM('',(#11780),#6922);
#6576=STYLED_ITEM('',(#11780),#6923);
#6577=STYLED_ITEM('',(#11780),#6924);
#6578=STYLED_ITEM('',(#11780),#6925);
#6579=STYLED_ITEM('',(#11780),#6926);
#6580=STYLED_ITEM('',(#11780),#6927);
#6581=STYLED_ITEM('',(#11780),#6928);
#6582=STYLED_ITEM('',(#11780),#6929);
#6583=STYLED_ITEM('',(#11780),#6930);
#6584=STYLED_ITEM('',(#11778),#6931);
#6585=STYLED_ITEM('',(#11780),#6932);
#6586=STYLED_ITEM('',(#11780),#6933);
#6587=STYLED_ITEM('',(#11780),#6934);
#6588=STYLED_ITEM('',(#11780),#6935);
#6589=STYLED_ITEM('',(#11780),#6936);
#6590=STYLED_ITEM('',(#11780),#6937);
#6591=STYLED_ITEM('',(#11780),#6938);
#6592=STYLED_ITEM('',(#11780),#6939);
#6593=STYLED_ITEM('',(#11780),#6940);
#6594=STYLED_ITEM('',(#11780),#6941);
#6595=STYLED_ITEM('',(#11780),#6942);
#6596=STYLED_ITEM('',(#11780),#6943);
#6597=STYLED_ITEM('',(#11780),#6944);
#6598=STYLED_ITEM('',(#11780),#6945);
#6599=STYLED_ITEM('',(#11780),#6946);
#6600=STYLED_ITEM('',(#11780),#6947);
#6601=STYLED_ITEM('',(#11780),#6948);
#6602=STYLED_ITEM('',(#11780),#6949);
#6603=STYLED_ITEM('',(#11780),#6950);
#6604=STYLED_ITEM('',(#11780),#6951);
#6605=STYLED_ITEM('',(#11777),#21);
#6606=ADVANCED_FACE('',(#369,#150,#151,#152,#153,#154,#155,#156,#157,#158,
#159,#160,#161,#162),#6021,.T.);
#6607=ADVANCED_FACE('',(#370,#163,#164),#6022,.T.);
#6608=ADVANCED_FACE('',(#371),#6023,.F.);
#6609=ADVANCED_FACE('',(#372),#6024,.F.);
#6610=ADVANCED_FACE('',(#373),#6025,.F.);
#6611=ADVANCED_FACE('',(#374),#6026,.T.);
#6612=ADVANCED_FACE('',(#375),#6027,.T.);
#6613=ADVANCED_FACE('',(#376),#6028,.T.);
#6614=ADVANCED_FACE('',(#377),#6029,.F.);
#6615=ADVANCED_FACE('',(#378),#6030,.T.);
#6616=ADVANCED_FACE('',(#379),#6031,.T.);
#6617=ADVANCED_FACE('',(#380),#6032,.F.);
#6618=ADVANCED_FACE('',(#381),#6033,.F.);
#6619=ADVANCED_FACE('',(#382),#6034,.F.);
#6620=ADVANCED_FACE('',(#383),#6035,.F.);
#6621=ADVANCED_FACE('',(#384),#6036,.F.);
#6622=ADVANCED_FACE('',(#385),#6037,.F.);
#6623=ADVANCED_FACE('',(#386),#6038,.F.);
#6624=ADVANCED_FACE('',(#387),#6039,.F.);
#6625=ADVANCED_FACE('',(#388),#6040,.F.);
#6626=ADVANCED_FACE('',(#389,#165,#166),#6041,.F.);
#6627=ADVANCED_FACE('',(#390),#6042,.F.);
#6628=ADVANCED_FACE('',(#391),#6043,.F.);
#6629=ADVANCED_FACE('',(#392),#6044,.F.);
#6630=ADVANCED_FACE('',(#393),#6045,.F.);
#6631=ADVANCED_FACE('',(#394),#6046,.F.);
#6632=ADVANCED_FACE('',(#395),#6047,.F.);
#6633=ADVANCED_FACE('',(#396),#6048,.F.);
#6634=ADVANCED_FACE('',(#397),#6049,.F.);
#6635=ADVANCED_FACE('',(#398),#6050,.F.);
#6636=ADVANCED_FACE('',(#399),#6051,.F.);
#6637=ADVANCED_FACE('',(#400),#6052,.F.);
#6638=ADVANCED_FACE('',(#401),#6053,.F.);
#6639=ADVANCED_FACE('',(#402),#6054,.F.);
#6640=ADVANCED_FACE('',(#403),#6055,.F.);
#6641=ADVANCED_FACE('',(#404),#6056,.F.);
#6642=ADVANCED_FACE('',(#405),#6057,.F.);
#6643=ADVANCED_FACE('',(#406),#6058,.F.);
#6644=ADVANCED_FACE('',(#407),#6059,.T.);
#6645=ADVANCED_FACE('',(#408),#6060,.T.);
#6646=ADVANCED_FACE('',(#409),#6061,.T.);
#6647=ADVANCED_FACE('',(#410),#120,.F.);
#6648=ADVANCED_FACE('',(#411),#121,.F.);
#6649=ADVANCED_FACE('',(#412),#6062,.T.);
#6650=ADVANCED_FACE('',(#413),#6063,.F.);
#6651=ADVANCED_FACE('',(#414),#6064,.T.);
#6652=ADVANCED_FACE('',(#415),#6065,.T.);
#6653=ADVANCED_FACE('',(#416),#6066,.T.);
#6654=ADVANCED_FACE('',(#417),#6067,.F.);
#6655=ADVANCED_FACE('',(#418),#6068,.T.);
#6656=ADVANCED_FACE('',(#419),#6069,.T.);
#6657=ADVANCED_FACE('',(#420),#6070,.F.);
#6658=ADVANCED_FACE('',(#421),#6071,.F.);
#6659=ADVANCED_FACE('',(#422),#6072,.T.);
#6660=ADVANCED_FACE('',(#423),#122,.F.);
#6661=ADVANCED_FACE('',(#424),#123,.F.);
#6662=ADVANCED_FACE('',(#425),#6073,.F.);
#6663=ADVANCED_FACE('',(#426),#6074,.F.);
#6664=ADVANCED_FACE('',(#427),#6075,.T.);
#6665=ADVANCED_FACE('',(#428),#6076,.T.);
#6666=ADVANCED_FACE('',(#429),#6077,.T.);
#6667=ADVANCED_FACE('',(#430),#6078,.F.);
#6668=ADVANCED_FACE('',(#431),#6079,.T.);
#6669=ADVANCED_FACE('',(#432),#6080,.T.);
#6670=ADVANCED_FACE('',(#433),#6081,.F.);
#6671=ADVANCED_FACE('',(#434),#124,.T.);
#6672=ADVANCED_FACE('',(#435),#6082,.T.);
#6673=ADVANCED_FACE('',(#436),#6083,.T.);
#6674=ADVANCED_FACE('',(#437),#6084,.F.);
#6675=ADVANCED_FACE('',(#438),#125,.F.);
#6676=ADVANCED_FACE('',(#439),#6085,.F.);
#6677=ADVANCED_FACE('',(#440),#126,.T.);
#6678=ADVANCED_FACE('',(#441),#6086,.T.);
#6679=ADVANCED_FACE('',(#442),#6087,.F.);
#6680=ADVANCED_FACE('',(#443),#6088,.T.);
#6681=ADVANCED_FACE('',(#444),#6089,.F.);
#6682=ADVANCED_FACE('',(#445),#6090,.T.);
#6683=ADVANCED_FACE('',(#446),#6091,.F.);
#6684=ADVANCED_FACE('',(#447),#6092,.F.);
#6685=ADVANCED_FACE('',(#448),#6093,.F.);
#6686=ADVANCED_FACE('',(#449),#6094,.T.);
#6687=ADVANCED_FACE('',(#450),#6095,.T.);
#6688=ADVANCED_FACE('',(#451),#6096,.T.);
#6689=ADVANCED_FACE('',(#452),#6097,.F.);
#6690=ADVANCED_FACE('',(#453),#6098,.T.);
#6691=ADVANCED_FACE('',(#454),#6099,.T.);
#6692=ADVANCED_FACE('',(#455),#6100,.F.);
#6693=ADVANCED_FACE('',(#456),#127,.T.);
#6694=ADVANCED_FACE('',(#457),#6101,.T.);
#6695=ADVANCED_FACE('',(#458),#6102,.T.);
#6696=ADVANCED_FACE('',(#459),#6103,.F.);
#6697=ADVANCED_FACE('',(#460),#128,.F.);
#6698=ADVANCED_FACE('',(#461),#6104,.F.);
#6699=ADVANCED_FACE('',(#462),#129,.T.);
#6700=ADVANCED_FACE('',(#463),#6105,.T.);
#6701=ADVANCED_FACE('',(#464),#6106,.F.);
#6702=ADVANCED_FACE('',(#465),#6107,.T.);
#6703=ADVANCED_FACE('',(#466),#6108,.F.);
#6704=ADVANCED_FACE('',(#467),#6109,.T.);
#6705=ADVANCED_FACE('',(#468),#6110,.F.);
#6706=ADVANCED_FACE('',(#469),#6111,.F.);
#6707=ADVANCED_FACE('',(#470),#6112,.F.);
#6708=ADVANCED_FACE('',(#471),#6113,.T.);
#6709=ADVANCED_FACE('',(#472),#6114,.T.);
#6710=ADVANCED_FACE('',(#473),#6115,.F.);
#6711=ADVANCED_FACE('',(#474),#6116,.T.);
#6712=ADVANCED_FACE('',(#475),#6117,.F.);
#6713=ADVANCED_FACE('',(#476),#6118,.F.);
#6714=ADVANCED_FACE('',(#477),#6119,.F.);
#6715=ADVANCED_FACE('',(#478),#6120,.F.);
#6716=ADVANCED_FACE('',(#479),#6121,.T.);
#6717=ADVANCED_FACE('',(#480),#6122,.T.);
#6718=ADVANCED_FACE('',(#481),#6123,.T.);
#6719=ADVANCED_FACE('',(#482),#6124,.T.);
#6720=ADVANCED_FACE('',(#483),#6125,.T.);
#6721=ADVANCED_FACE('',(#484),#6126,.F.);
#6722=ADVANCED_FACE('',(#485),#6127,.F.);
#6723=ADVANCED_FACE('',(#486),#6128,.F.);
#6724=ADVANCED_FACE('',(#487),#6129,.F.);
#6725=ADVANCED_FACE('',(#488),#6130,.F.);
#6726=ADVANCED_FACE('',(#489),#6131,.T.);
#6727=ADVANCED_FACE('',(#490),#6132,.T.);
#6728=ADVANCED_FACE('',(#491,#167),#6133,.T.);
#6729=ADVANCED_FACE('',(#492),#22,.F.);
#6730=ADVANCED_FACE('',(#493),#23,.F.);
#6731=ADVANCED_FACE('',(#494),#24,.F.);
#6732=ADVANCED_FACE('',(#495),#6134,.F.);
#6733=ADVANCED_FACE('',(#496),#6135,.F.);
#6734=ADVANCED_FACE('',(#497),#6136,.F.);
#6735=ADVANCED_FACE('',(#498),#25,.F.);
#6736=ADVANCED_FACE('',(#499),#26,.T.);
#6737=ADVANCED_FACE('',(#500),#27,.T.);
#6738=ADVANCED_FACE('',(#501),#6137,.T.);
#6739=ADVANCED_FACE('',(#502),#6138,.T.);
#6740=ADVANCED_FACE('',(#503),#6139,.T.);
#6741=ADVANCED_FACE('',(#504),#28,.T.);
#6742=ADVANCED_FACE('',(#505),#29,.T.);
#6743=ADVANCED_FACE('',(#506),#6140,.T.);
#6744=ADVANCED_FACE('',(#507),#30,.F.);
#6745=ADVANCED_FACE('',(#508),#6141,.F.);
#6746=ADVANCED_FACE('',(#509),#6142,.F.);
#6747=ADVANCED_FACE('',(#510),#6143,.F.);
#6748=ADVANCED_FACE('',(#511),#6144,.F.);
#6749=ADVANCED_FACE('',(#512),#6145,.F.);
#6750=ADVANCED_FACE('',(#513),#6146,.F.);
#6751=ADVANCED_FACE('',(#514),#31,.F.);
#6752=ADVANCED_FACE('',(#515),#32,.F.);
#6753=ADVANCED_FACE('',(#516),#6147,.F.);
#6754=ADVANCED_FACE('',(#517),#33,.F.);
#6755=ADVANCED_FACE('',(#518),#34,.F.);
#6756=ADVANCED_FACE('',(#519),#6148,.F.);
#6757=ADVANCED_FACE('',(#520),#6149,.F.);
#6758=ADVANCED_FACE('',(#521),#6150,.F.);
#6759=ADVANCED_FACE('',(#522),#6151,.T.);
#6760=ADVANCED_FACE('',(#523),#35,.F.);
#6761=ADVANCED_FACE('',(#524),#36,.F.);
#6762=ADVANCED_FACE('',(#525),#37,.F.);
#6763=ADVANCED_FACE('',(#526),#38,.F.);
#6764=ADVANCED_FACE('',(#527),#39,.F.);
#6765=ADVANCED_FACE('',(#528),#40,.F.);
#6766=ADVANCED_FACE('',(#529),#41,.F.);
#6767=ADVANCED_FACE('',(#530),#42,.F.);
#6768=ADVANCED_FACE('',(#531),#43,.F.);
#6769=ADVANCED_FACE('',(#532),#6152,.F.);
#6770=ADVANCED_FACE('',(#533),#44,.F.);
#6771=ADVANCED_FACE('',(#534),#45,.F.);
#6772=ADVANCED_FACE('',(#535),#46,.F.);
#6773=ADVANCED_FACE('',(#536),#47,.F.);
#6774=ADVANCED_FACE('',(#537),#48,.F.);
#6775=ADVANCED_FACE('',(#538),#49,.F.);
#6776=ADVANCED_FACE('',(#539),#50,.F.);
#6777=ADVANCED_FACE('',(#540),#51,.F.);
#6778=ADVANCED_FACE('',(#541),#52,.F.);
#6779=ADVANCED_FACE('',(#542),#6153,.F.);
#6780=ADVANCED_FACE('',(#543),#53,.F.);
#6781=ADVANCED_FACE('',(#544),#6154,.T.);
#6782=ADVANCED_FACE('',(#545,#168),#6155,.F.);
#6783=ADVANCED_FACE('',(#546),#54,.F.);
#6784=ADVANCED_FACE('',(#547),#6156,.F.);
#6785=ADVANCED_FACE('',(#548),#55,.F.);
#6786=ADVANCED_FACE('',(#549),#56,.F.);
#6787=ADVANCED_FACE('',(#550),#57,.F.);
#6788=ADVANCED_FACE('',(#551),#58,.F.);
#6789=ADVANCED_FACE('',(#552),#6157,.F.);
#6790=ADVANCED_FACE('',(#553),#6158,.F.);
#6791=ADVANCED_FACE('',(#554),#6159,.F.);
#6792=ADVANCED_FACE('',(#555),#6160,.F.);
#6793=ADVANCED_FACE('',(#556),#59,.F.);
#6794=ADVANCED_FACE('',(#557),#60,.F.);
#6795=ADVANCED_FACE('',(#558),#6161,.F.);
#6796=ADVANCED_FACE('',(#559),#61,.F.);
#6797=ADVANCED_FACE('',(#560),#62,.T.);
#6798=ADVANCED_FACE('',(#561),#63,.T.);
#6799=ADVANCED_FACE('',(#562),#6162,.T.);
#6800=ADVANCED_FACE('',(#563),#6163,.T.);
#6801=ADVANCED_FACE('',(#564),#64,.T.);
#6802=ADVANCED_FACE('',(#565),#65,.T.);
#6803=ADVANCED_FACE('',(#566),#66,.T.);
#6804=ADVANCED_FACE('',(#567),#67,.T.);
#6805=ADVANCED_FACE('',(#568),#6164,.T.);
#6806=ADVANCED_FACE('',(#569,#169),#6165,.F.);
#6807=ADVANCED_FACE('',(#570),#68,.F.);
#6808=ADVANCED_FACE('',(#571),#69,.F.);
#6809=ADVANCED_FACE('',(#572),#70,.F.);
#6810=ADVANCED_FACE('',(#573),#71,.F.);
#6811=ADVANCED_FACE('',(#574),#72,.F.);
#6812=ADVANCED_FACE('',(#575),#73,.F.);
#6813=ADVANCED_FACE('',(#576),#74,.F.);
#6814=ADVANCED_FACE('',(#577),#75,.F.);
#6815=ADVANCED_FACE('',(#578),#76,.F.);
#6816=ADVANCED_FACE('',(#579),#77,.F.);
#6817=ADVANCED_FACE('',(#580),#78,.F.);
#6818=ADVANCED_FACE('',(#581),#79,.F.);
#6819=ADVANCED_FACE('',(#582),#6166,.F.);
#6820=ADVANCED_FACE('',(#583),#6167,.F.);
#6821=ADVANCED_FACE('',(#584),#6168,.F.);
#6822=ADVANCED_FACE('',(#585),#6169,.F.);
#6823=ADVANCED_FACE('',(#586),#80,.F.);
#6824=ADVANCED_FACE('',(#587),#81,.F.);
#6825=ADVANCED_FACE('',(#588),#82,.F.);
#6826=ADVANCED_FACE('',(#589),#83,.F.);
#6827=ADVANCED_FACE('',(#590),#84,.F.);
#6828=ADVANCED_FACE('',(#591),#85,.F.);
#6829=ADVANCED_FACE('',(#592),#86,.F.);
#6830=ADVANCED_FACE('',(#593),#6170,.F.);
#6831=ADVANCED_FACE('',(#594),#87,.F.);
#6832=ADVANCED_FACE('',(#595),#88,.F.);
#6833=ADVANCED_FACE('',(#596),#6171,.F.);
#6834=ADVANCED_FACE('',(#597),#89,.F.);
#6835=ADVANCED_FACE('',(#598),#90,.F.);
#6836=ADVANCED_FACE('',(#599),#91,.F.);
#6837=ADVANCED_FACE('',(#600),#6172,.F.);
#6838=ADVANCED_FACE('',(#601),#92,.F.);
#6839=ADVANCED_FACE('',(#602),#93,.F.);
#6840=ADVANCED_FACE('',(#603),#94,.T.);
#6841=ADVANCED_FACE('',(#604),#95,.T.);
#6842=ADVANCED_FACE('',(#605),#6173,.T.);
#6843=ADVANCED_FACE('',(#606,#170),#6174,.T.);
#6844=ADVANCED_FACE('',(#607),#96,.F.);
#6845=ADVANCED_FACE('',(#608),#97,.F.);
#6846=ADVANCED_FACE('',(#609),#98,.F.);
#6847=ADVANCED_FACE('',(#610),#6175,.F.);
#6848=ADVANCED_FACE('',(#611),#6176,.F.);
#6849=ADVANCED_FACE('',(#612),#6177,.F.);
#6850=ADVANCED_FACE('',(#613),#99,.F.);
#6851=ADVANCED_FACE('',(#614),#100,.T.);
#6852=ADVANCED_FACE('',(#615),#101,.T.);
#6853=ADVANCED_FACE('',(#616),#6178,.T.);
#6854=ADVANCED_FACE('',(#617),#6179,.T.);
#6855=ADVANCED_FACE('',(#618),#6180,.T.);
#6856=ADVANCED_FACE('',(#619),#102,.T.);
#6857=ADVANCED_FACE('',(#620),#103,.T.);
#6858=ADVANCED_FACE('',(#621),#6181,.T.);
#6859=ADVANCED_FACE('',(#622),#104,.F.);
#6860=ADVANCED_FACE('',(#623),#105,.F.);
#6861=ADVANCED_FACE('',(#624),#106,.F.);
#6862=ADVANCED_FACE('',(#625),#107,.F.);
#6863=ADVANCED_FACE('',(#626),#108,.F.);
#6864=ADVANCED_FACE('',(#627),#6182,.F.);
#6865=ADVANCED_FACE('',(#628),#109,.F.);
#6866=ADVANCED_FACE('',(#629),#110,.F.);
#6867=ADVANCED_FACE('',(#630),#111,.F.);
#6868=ADVANCED_FACE('',(#631),#112,.F.);
#6869=ADVANCED_FACE('',(#632),#113,.F.);
#6870=ADVANCED_FACE('',(#633),#114,.F.);
#6871=ADVANCED_FACE('',(#634),#6183,.F.);
#6872=ADVANCED_FACE('',(#635),#115,.F.);
#6873=ADVANCED_FACE('',(#636),#6184,.F.);
#6874=ADVANCED_FACE('',(#637,#171),#6185,.F.);
#6875=ADVANCED_FACE('',(#638),#6186,.F.);
#6876=ADVANCED_FACE('',(#639),#6187,.F.);
#6877=ADVANCED_FACE('',(#640),#6188,.F.);
#6878=ADVANCED_FACE('',(#641),#6189,.F.);
#6879=ADVANCED_FACE('',(#642),#6190,.F.);
#6880=ADVANCED_FACE('',(#643),#6191,.F.);
#6881=ADVANCED_FACE('',(#644),#6192,.F.);
#6882=ADVANCED_FACE('',(#645),#6193,.F.);
#6883=ADVANCED_FACE('',(#646),#116,.T.);
#6884=ADVANCED_FACE('',(#647),#6194,.T.);
#6885=ADVANCED_FACE('',(#648),#6195,.T.);
#6886=ADVANCED_FACE('',(#649),#6196,.T.);
#6887=ADVANCED_FACE('',(#650),#117,.T.);
#6888=ADVANCED_FACE('',(#651),#6197,.T.);
#6889=ADVANCED_FACE('',(#652),#6198,.T.);
#6890=ADVANCED_FACE('',(#653),#6199,.F.);
#6891=ADVANCED_FACE('',(#654),#6200,.F.);
#6892=ADVANCED_FACE('',(#655),#6201,.F.);
#6893=ADVANCED_FACE('',(#656),#6202,.F.);
#6894=ADVANCED_FACE('',(#657),#6203,.F.);
#6895=ADVANCED_FACE('',(#658),#6204,.F.);
#6896=ADVANCED_FACE('',(#659),#6205,.F.);
#6897=ADVANCED_FACE('',(#660),#6206,.F.);
#6898=ADVANCED_FACE('',(#661),#6207,.F.);
#6899=ADVANCED_FACE('',(#662),#6208,.F.);
#6900=ADVANCED_FACE('',(#663),#6209,.F.);
#6901=ADVANCED_FACE('',(#664),#6210,.F.);
#6902=ADVANCED_FACE('',(#665),#6211,.F.);
#6903=ADVANCED_FACE('',(#666),#6212,.F.);
#6904=ADVANCED_FACE('',(#667),#6213,.F.);
#6905=ADVANCED_FACE('',(#668),#6214,.F.);
#6906=ADVANCED_FACE('',(#669),#6215,.F.);
#6907=ADVANCED_FACE('',(#670),#6216,.F.);
#6908=ADVANCED_FACE('',(#671),#6217,.F.);
#6909=ADVANCED_FACE('',(#672),#6218,.F.);
#6910=ADVANCED_FACE('',(#673),#6219,.F.);
#6911=ADVANCED_FACE('',(#674),#6220,.F.);
#6912=ADVANCED_FACE('',(#675),#6221,.F.);
#6913=ADVANCED_FACE('',(#676),#6222,.F.);
#6914=ADVANCED_FACE('',(#677),#6223,.F.);
#6915=ADVANCED_FACE('',(#678),#6224,.F.);
#6916=ADVANCED_FACE('',(#679,#172),#6225,.F.);
#6917=ADVANCED_FACE('',(#680),#6226,.F.);
#6918=ADVANCED_FACE('',(#681),#6227,.F.);
#6919=ADVANCED_FACE('',(#682),#6228,.F.);
#6920=ADVANCED_FACE('',(#683),#6229,.F.);
#6921=ADVANCED_FACE('',(#684),#6230,.F.);
#6922=ADVANCED_FACE('',(#685),#6231,.F.);
#6923=ADVANCED_FACE('',(#686),#6232,.F.);
#6924=ADVANCED_FACE('',(#687),#6233,.F.);
#6925=ADVANCED_FACE('',(#688),#118,.T.);
#6926=ADVANCED_FACE('',(#689),#6234,.T.);
#6927=ADVANCED_FACE('',(#690),#6235,.T.);
#6928=ADVANCED_FACE('',(#691),#6236,.T.);
#6929=ADVANCED_FACE('',(#692),#119,.T.);
#6930=ADVANCED_FACE('',(#693),#6237,.T.);
#6931=ADVANCED_FACE('',(#694),#6238,.T.);
#6932=ADVANCED_FACE('',(#695),#6239,.F.);
#6933=ADVANCED_FACE('',(#696),#6240,.F.);
#6934=ADVANCED_FACE('',(#697),#6241,.F.);
#6935=ADVANCED_FACE('',(#698),#6242,.F.);
#6936=ADVANCED_FACE('',(#699),#6243,.F.);
#6937=ADVANCED_FACE('',(#700),#6244,.F.);
#6938=ADVANCED_FACE('',(#701),#6245,.F.);
#6939=ADVANCED_FACE('',(#702),#6246,.F.);
#6940=ADVANCED_FACE('',(#703),#6247,.F.);
#6941=ADVANCED_FACE('',(#704),#6248,.F.);
#6942=ADVANCED_FACE('',(#705),#6249,.F.);
#6943=ADVANCED_FACE('',(#706),#6250,.F.);
#6944=ADVANCED_FACE('',(#707),#6251,.F.);
#6945=ADVANCED_FACE('',(#708),#6252,.F.);
#6946=ADVANCED_FACE('',(#709),#6253,.F.);
#6947=ADVANCED_FACE('',(#710),#6254,.F.);
#6948=ADVANCED_FACE('',(#711),#6255,.F.);
#6949=ADVANCED_FACE('',(#712),#6256,.F.);
#6950=ADVANCED_FACE('',(#713),#6257,.F.);
#6951=ADVANCED_FACE('',(#714),#6258,.F.);
#6952=CLOSED_SHELL('',(#6606,#6607,#6608,#6609,#6610,#6611,#6612,#6613,
#6614,#6615,#6616,#6617,#6618,#6619,#6620,#6621,#6622,#6623,#6624,#6625,
#6626,#6627,#6628,#6629,#6630,#6631,#6632,#6633,#6634,#6635,#6636,#6637,
#6638,#6639,#6640,#6641,#6642,#6643,#6644,#6645,#6646,#6647,#6648,#6649,
#6650,#6651,#6652,#6653,#6654,#6655,#6656,#6657,#6658,#6659,#6660,#6661,
#6662,#6663,#6664,#6665,#6666,#6667,#6668,#6669,#6670,#6671,#6672,#6673,
#6674,#6675,#6676,#6677,#6678,#6679,#6680,#6681,#6682,#6683,#6684,#6685,
#6686,#6687,#6688,#6689,#6690,#6691,#6692,#6693,#6694,#6695,#6696,#6697,
#6698,#6699,#6700,#6701,#6702,#6703,#6704,#6705,#6706,#6707,#6708,#6709,
#6710,#6711,#6712,#6713,#6714,#6715,#6716,#6717,#6718,#6719,#6720,#6721,
#6722,#6723,#6724,#6725,#6726,#6727,#6728,#6729,#6730,#6731,#6732,#6733,
#6734,#6735,#6736,#6737,#6738,#6739,#6740,#6741,#6742,#6743,#6744,#6745,
#6746,#6747,#6748,#6749,#6750,#6751,#6752,#6753,#6754,#6755,#6756,#6757,
#6758,#6759,#6760,#6761,#6762,#6763,#6764,#6765,#6766,#6767,#6768,#6769,
#6770,#6771,#6772,#6773,#6774,#6775,#6776,#6777,#6778,#6779,#6780,#6781,
#6782,#6783,#6784,#6785,#6786,#6787,#6788,#6789,#6790,#6791,#6792,#6793,
#6794,#6795,#6796,#6797,#6798,#6799,#6800,#6801,#6802,#6803,#6804,#6805,
#6806,#6807,#6808,#6809,#6810,#6811,#6812,#6813,#6814,#6815,#6816,#6817,
#6818,#6819,#6820,#6821,#6822,#6823,#6824,#6825,#6826,#6827,#6828,#6829,
#6830,#6831,#6832,#6833,#6834,#6835,#6836,#6837,#6838,#6839,#6840,#6841,
#6842,#6843,#6844,#6845,#6846,#6847,#6848,#6849,#6850,#6851,#6852,#6853,
#6854,#6855,#6856,#6857,#6858,#6859,#6860,#6861,#6862,#6863,#6864,#6865,
#6866,#6867,#6868,#6869,#6870,#6871,#6872,#6873,#6874,#6875,#6876,#6877,
#6878,#6879,#6880,#6881,#6882,#6883,#6884,#6885,#6886,#6887,#6888,#6889,
#6890,#6891,#6892,#6893,#6894,#6895,#6896,#6897,#6898,#6899,#6900,#6901,
#6902,#6903,#6904,#6905,#6906,#6907,#6908,#6909,#6910,#6911,#6912,#6913,
#6914,#6915,#6916,#6917,#6918,#6919,#6920,#6921,#6922,#6923,#6924,#6925,
#6926,#6927,#6928,#6929,#6930,#6931,#6932,#6933,#6934,#6935,#6936,#6937,
#6938,#6939,#6940,#6941,#6942,#6943,#6944,#6945,#6946,#6947,#6948,#6949,
#6950,#6951));
#6953=DERIVED_UNIT_ELEMENT(#6955,1.);
#6954=DERIVED_UNIT_ELEMENT(#11746,-3.);
#6955=(
MASS_UNIT()
NAMED_UNIT(*)
SI_UNIT(.KILO.,.GRAM.)
);
#6956=DERIVED_UNIT((#6953,#6954));
#6957=MEASURE_REPRESENTATION_ITEM('density measure',
POSITIVE_RATIO_MEASURE(7850.),#6956);
#6958=PROPERTY_DEFINITION_REPRESENTATION(#6963,#6960);
#6959=PROPERTY_DEFINITION_REPRESENTATION(#6964,#6961);
#6960=REPRESENTATION('material name',(#6962),#11743);
#6961=REPRESENTATION('density',(#6957),#11743);
#6962=DESCRIPTIVE_REPRESENTATION_ITEM('\X2\94A2\X0\','\X2\94A2\X0\');
#6963=PROPERTY_DEFINITION('material property','material name',#11763);
#6964=PROPERTY_DEFINITION('material property','density of part',#11763);
#6965=AXIS2_PLACEMENT_3D('',#8769,#7322,#7323);
#6966=AXIS2_PLACEMENT_3D('',#8770,#7324,#7325);
#6967=AXIS2_PLACEMENT_3D('',#8771,#7326,#7327);
#6968=AXIS2_PLACEMENT_3D('',#8772,#7328,#7329);
#6969=AXIS2_PLACEMENT_3D('',#8809,#7347,#7348);
#6970=AXIS2_PLACEMENT_3D('',#8836,#7354,#7355);
#6971=AXIS2_PLACEMENT_3D('',#8838,#7356,#7357);
#6972=AXIS2_PLACEMENT_3D('',#8855,#7358,#7359);
#6973=AXIS2_PLACEMENT_3D('',#8857,#7360,#7361);
#6974=AXIS2_PLACEMENT_3D('',#8875,#7365,#7366);
#6975=AXIS2_PLACEMENT_3D('',#8877,#7367,#7368);
#6976=AXIS2_PLACEMENT_3D('',#8891,#7370,#7371);
#6977=AXIS2_PLACEMENT_3D('',#8903,#7372,#7373);
#6978=AXIS2_PLACEMENT_3D('',#9038,#7433,#7434);
#6979=AXIS2_PLACEMENT_3D('',#9045,#7435,#7436);
#6980=AXIS2_PLACEMENT_3D('',#9047,#7437,#7438);
#6981=AXIS2_PLACEMENT_3D('',#9133,#7446,#7447);
#6982=AXIS2_PLACEMENT_3D('',#9135,#7448,#7449);
#6983=AXIS2_PLACEMENT_3D('',#9137,#7450,#7451);
#6984=AXIS2_PLACEMENT_3D('',#9139,#7452,#7453);
#6985=AXIS2_PLACEMENT_3D('',#9151,#7454,#7455);
#6986=AXIS2_PLACEMENT_3D('',#9158,#7456,#7457);
#6987=AXIS2_PLACEMENT_3D('',#9160,#7458,#7459);
#6988=AXIS2_PLACEMENT_3D('',#9162,#7460,#7461);
#6989=AXIS2_PLACEMENT_3D('',#9171,#7463,#7464);
#6990=AXIS2_PLACEMENT_3D('',#9178,#7465,#7466);
#6991=AXIS2_PLACEMENT_3D('',#9180,#7467,#7468);
#6992=AXIS2_PLACEMENT_3D('',#9182,#7469,#7470);
#6993=AXIS2_PLACEMENT_3D('',#9211,#7472,#7473);
#6994=AXIS2_PLACEMENT_3D('',#9218,#7474,#7475);
#6995=AXIS2_PLACEMENT_3D('',#9220,#7476,#7477);
#6996=AXIS2_PLACEMENT_3D('',#9221,#7478,#7479);
#6997=AXIS2_PLACEMENT_3D('',#9242,#7484,#7485);
#6998=AXIS2_PLACEMENT_3D('',#9271,#7492,#7493);
#6999=AXIS2_PLACEMENT_3D('',#9273,#7494,#7495);
#7000=AXIS2_PLACEMENT_3D('',#9284,#7499,#7500);
#7001=AXIS2_PLACEMENT_3D('',#9324,#7522,#7523);
#7002=AXIS2_PLACEMENT_3D('',#9341,#7532,#7533);
#7003=AXIS2_PLACEMENT_3D('',#9354,#7540,#7541);
#7004=AXIS2_PLACEMENT_3D('',#9364,#7547,#7548);
#7005=AXIS2_PLACEMENT_3D('',#9391,#7563,#7564);
#7006=AXIS2_PLACEMENT_3D('',#9409,#7575,#7576);
#7007=AXIS2_PLACEMENT_3D('',#9430,#7588,#7589);
#7008=AXIS2_PLACEMENT_3D('',#9436,#7593,#7594);
#7009=AXIS2_PLACEMENT_3D('',#9452,#7603,#7604);
#7010=AXIS2_PLACEMENT_3D('',#9456,#7607,#7608);
#7011=AXIS2_PLACEMENT_3D('',#9475,#7619,#7620);
#7012=AXIS2_PLACEMENT_3D('',#9484,#7626,#7627);
#7013=AXIS2_PLACEMENT_3D('',#9489,#7629,#7630);
#7014=AXIS2_PLACEMENT_3D('',#9501,#7638,#7639);
#7015=AXIS2_PLACEMENT_3D('',#9502,#7640,#7641);
#7016=AXIS2_PLACEMENT_3D('',#9504,#7643,#7644);
#7017=AXIS2_PLACEMENT_3D('',#9506,#7646,#7647);
#7018=AXIS2_PLACEMENT_3D('',#9512,#7651,#7652);
#7019=AXIS2_PLACEMENT_3D('',#9526,#7660,#7661);
#7020=AXIS2_PLACEMENT_3D('',#9531,#7665,#7666);
#7021=AXIS2_PLACEMENT_3D('',#9536,#7668,#7669);
#7022=AXIS2_PLACEMENT_3D('',#9546,#7676,#7677);
#7023=AXIS2_PLACEMENT_3D('',#9547,#7678,#7679);
#7024=AXIS2_PLACEMENT_3D('',#9571,#7693,#7694);
#7025=AXIS2_PLACEMENT_3D('',#9572,#7695,#7696);
#7026=AXIS2_PLACEMENT_3D('',#9574,#7698,#7699);
#7027=AXIS2_PLACEMENT_3D('',#9580,#7703,#7704);
#7028=AXIS2_PLACEMENT_3D('',#9582,#7706,#7707);
#7029=AXIS2_PLACEMENT_3D('',#9584,#7709,#7710);
#7030=AXIS2_PLACEMENT_3D('',#9586,#7712,#7713);
#7031=AXIS2_PLACEMENT_3D('',#9588,#7715,#7716);
#7032=AXIS2_PLACEMENT_3D('',#9589,#7717,#7718);
#7033=AXIS2_PLACEMENT_3D('',#9595,#7722,#7723);
#7034=AXIS2_PLACEMENT_3D('',#9599,#7726,#7727);
#7035=AXIS2_PLACEMENT_3D('',#9605,#7731,#7732);
#7036=AXIS2_PLACEMENT_3D('',#9606,#7733,#7734);
#7037=AXIS2_PLACEMENT_3D('',#9616,#7740,#7741);
#7038=AXIS2_PLACEMENT_3D('',#9617,#7742,#7743);
#7039=AXIS2_PLACEMENT_3D('',#9620,#7746,#7747);
#7040=AXIS2_PLACEMENT_3D('',#9622,#7749,#7750);
#7041=AXIS2_PLACEMENT_3D('',#9623,#7751,#7752);
#7042=AXIS2_PLACEMENT_3D('',#9625,#7754,#7755);
#7043=AXIS2_PLACEMENT_3D('',#9626,#7756,#7757);
#7044=AXIS2_PLACEMENT_3D('',#9630,#7760,#7761);
#7045=AXIS2_PLACEMENT_3D('',#9632,#7763,#7764);
#7046=AXIS2_PLACEMENT_3D('',#9633,#7765,#7766);
#7047=AXIS2_PLACEMENT_3D('',#9634,#7767,#7768);
#7048=AXIS2_PLACEMENT_3D('',#9635,#7769,#7770);
#7049=AXIS2_PLACEMENT_3D('',#9639,#7773,#7774);
#7050=AXIS2_PLACEMENT_3D('',#9645,#7778,#7779);
#7051=AXIS2_PLACEMENT_3D('',#9646,#7780,#7781);
#7052=AXIS2_PLACEMENT_3D('',#9647,#7782,#7783);
#7053=AXIS2_PLACEMENT_3D('',#9652,#7787,#7788);
#7054=AXIS2_PLACEMENT_3D('',#9653,#7789,#7790);
#7055=AXIS2_PLACEMENT_3D('',#9661,#7795,#7796);
#7056=AXIS2_PLACEMENT_3D('',#9665,#7799,#7800);
#7057=AXIS2_PLACEMENT_3D('',#9667,#7802,#7803);
#7058=AXIS2_PLACEMENT_3D('',#9668,#7804,#7805);
#7059=AXIS2_PLACEMENT_3D('',#9672,#7808,#7809);
#7060=AXIS2_PLACEMENT_3D('',#9674,#7811,#7812);
#7061=AXIS2_PLACEMENT_3D('',#9675,#7813,#7814);
#7062=AXIS2_PLACEMENT_3D('',#9676,#7815,#7816);
#7063=AXIS2_PLACEMENT_3D('',#9677,#7817,#7818);
#7064=AXIS2_PLACEMENT_3D('',#9681,#7821,#7822);
#7065=AXIS2_PLACEMENT_3D('',#9683,#7824,#7825);
#7066=AXIS2_PLACEMENT_3D('',#9687,#7828,#7829);
#7067=AXIS2_PLACEMENT_3D('',#9689,#7831,#7832);
#7068=AXIS2_PLACEMENT_3D('',#9698,#7837,#7838);
#7069=AXIS2_PLACEMENT_3D('',#9704,#7842,#7843);
#7070=AXIS2_PLACEMENT_3D('',#9710,#7847,#7848);
#7071=AXIS2_PLACEMENT_3D('',#9712,#7850,#7851);
#7072=AXIS2_PLACEMENT_3D('',#9714,#7853,#7854);
#7073=AXIS2_PLACEMENT_3D('',#9716,#7855,#7856);
#7074=AXIS2_PLACEMENT_3D('',#9718,#7857,#7858);
#7075=AXIS2_PLACEMENT_3D('',#9720,#7860,#7861);
#7076=AXIS2_PLACEMENT_3D('',#9726,#7865,#7866);
#7077=AXIS2_PLACEMENT_3D('',#9735,#7871,#7872);
#7078=AXIS2_PLACEMENT_3D('',#9744,#7877,#7878);
#7079=AXIS2_PLACEMENT_3D('',#9746,#7879,#7880);
#7080=AXIS2_PLACEMENT_3D('',#9749,#7882,#7883);
#7081=AXIS2_PLACEMENT_3D('',#9750,#7884,#7885);
#7082=AXIS2_PLACEMENT_3D('',#9756,#7889,#7890);
#7083=AXIS2_PLACEMENT_3D('',#9757,#7891,#7892);
#7084=AXIS2_PLACEMENT_3D('',#9758,#7893,#7894);
#7085=AXIS2_PLACEMENT_3D('',#9759,#7895,#7896);
#7086=AXIS2_PLACEMENT_3D('',#9761,#7898,#7899);
#7087=AXIS2_PLACEMENT_3D('',#9763,#7901,#7902);
#7088=AXIS2_PLACEMENT_3D('',#9766,#7905,#7906);
#7089=AXIS2_PLACEMENT_3D('',#9768,#7908,#7909);
#7090=AXIS2_PLACEMENT_3D('',#9770,#7911,#7912);
#7091=AXIS2_PLACEMENT_3D('',#9771,#7913,#7914);
#7092=AXIS2_PLACEMENT_3D('',#9774,#7917,#7918);
#7093=AXIS2_PLACEMENT_3D('',#9776,#7920,#7921);
#7094=AXIS2_PLACEMENT_3D('',#9778,#7923,#7924);
#7095=AXIS2_PLACEMENT_3D('',#9779,#7925,#7926);
#7096=AXIS2_PLACEMENT_3D('',#9788,#7931,#7932);
#7097=AXIS2_PLACEMENT_3D('',#9794,#7936,#7937);
#7098=AXIS2_PLACEMENT_3D('',#9800,#7941,#7942);
#7099=AXIS2_PLACEMENT_3D('',#9802,#7944,#7945);
#7100=AXIS2_PLACEMENT_3D('',#9804,#7947,#7948);
#7101=AXIS2_PLACEMENT_3D('',#9806,#7949,#7950);
#7102=AXIS2_PLACEMENT_3D('',#9808,#7951,#7952);
#7103=AXIS2_PLACEMENT_3D('',#9810,#7954,#7955);
#7104=AXIS2_PLACEMENT_3D('',#9816,#7959,#7960);
#7105=AXIS2_PLACEMENT_3D('',#9825,#7965,#7966);
#7106=AXIS2_PLACEMENT_3D('',#9834,#7971,#7972);
#7107=AXIS2_PLACEMENT_3D('',#9836,#7973,#7974);
#7108=AXIS2_PLACEMENT_3D('',#9839,#7976,#7977);
#7109=AXIS2_PLACEMENT_3D('',#9840,#7978,#7979);
#7110=AXIS2_PLACEMENT_3D('',#9846,#7983,#7984);
#7111=AXIS2_PLACEMENT_3D('',#9847,#7985,#7986);
#7112=AXIS2_PLACEMENT_3D('',#9848,#7987,#7988);
#7113=AXIS2_PLACEMENT_3D('',#9849,#7989,#7990);
#7114=AXIS2_PLACEMENT_3D('',#9851,#7992,#7993);
#7115=AXIS2_PLACEMENT_3D('',#9853,#7995,#7996);
#7116=AXIS2_PLACEMENT_3D('',#9856,#7999,#8000);
#7117=AXIS2_PLACEMENT_3D('',#9858,#8002,#8003);
#7118=AXIS2_PLACEMENT_3D('',#9860,#8005,#8006);
#7119=AXIS2_PLACEMENT_3D('',#9861,#8007,#8008);
#7120=AXIS2_PLACEMENT_3D('',#9864,#8011,#8012);
#7121=AXIS2_PLACEMENT_3D('',#9866,#8014,#8015);
#7122=AXIS2_PLACEMENT_3D('',#9868,#8017,#8018);
#7123=AXIS2_PLACEMENT_3D('',#9869,#8019,#8020);
#7124=AXIS2_PLACEMENT_3D('',#9873,#8023,#8024);
#7125=AXIS2_PLACEMENT_3D('',#9879,#8028,#8029);
#7126=AXIS2_PLACEMENT_3D('',#9885,#8033,#8034);
#7127=AXIS2_PLACEMENT_3D('',#9888,#8037,#8038);
#7128=AXIS2_PLACEMENT_3D('',#9889,#8039,#8040);
#7129=AXIS2_PLACEMENT_3D('',#9890,#8041,#8042);
#7130=AXIS2_PLACEMENT_3D('',#9896,#8046,#8047);
#7131=AXIS2_PLACEMENT_3D('',#9902,#8051,#8052);
#7132=AXIS2_PLACEMENT_3D('',#9906,#8055,#8056);
#7133=AXIS2_PLACEMENT_3D('',#9909,#8059,#8060);
#7134=AXIS2_PLACEMENT_3D('',#9910,#8061,#8062);
#7135=AXIS2_PLACEMENT_3D('',#9911,#8063,#8064);
#7136=AXIS2_PLACEMENT_3D('',#9913,#8066,#8067);
#7137=AXIS2_PLACEMENT_3D('',#9915,#8069,#8070);
#7138=AXIS2_PLACEMENT_3D('',#9916,#8071,#8072);
#7139=AXIS2_PLACEMENT_3D('',#9918,#8074,#8075);
#7140=AXIS2_PLACEMENT_3D('',#9920,#8077,#8078);
#7141=AXIS2_PLACEMENT_3D('',#9921,#8079,#8080);
#7142=AXIS2_PLACEMENT_3D('',#9924,#8081,#8082);
#7143=AXIS2_PLACEMENT_3D('',#9941,#8086,#8087);
#7144=AXIS2_PLACEMENT_3D('',#9944,#8088,#8089);
#7145=AXIS2_PLACEMENT_3D('',#9946,#8090,#8091);
#7146=AXIS2_PLACEMENT_3D('',#9948,#8092,#8093);
#7147=AXIS2_PLACEMENT_3D('',#9950,#8094,#8095);
#7148=AXIS2_PLACEMENT_3D('',#9984,#8103,#8104);
#7149=AXIS2_PLACEMENT_3D('',#9986,#8106,#8107);
#7150=AXIS2_PLACEMENT_3D('',#9988,#8109,#8110);
#7151=AXIS2_PLACEMENT_3D('',#10008,#8112,#8113);
#7152=AXIS2_PLACEMENT_3D('',#10020,#8116,#8117);
#7153=AXIS2_PLACEMENT_3D('',#10022,#8119,#8120);
#7154=AXIS2_PLACEMENT_3D('',#10026,#8123,#8124);
#7155=AXIS2_PLACEMENT_3D('',#10030,#8127,#8128);
#7156=AXIS2_PLACEMENT_3D('',#10043,#8131,#8132);
#7157=AXIS2_PLACEMENT_3D('',#10053,#8134,#8135);
#7158=AXIS2_PLACEMENT_3D('',#10054,#8136,#8137);
#7159=AXIS2_PLACEMENT_3D('',#10071,#8140,#8141);
#7160=AXIS2_PLACEMENT_3D('',#10075,#8144,#8145);
#7161=AXIS2_PLACEMENT_3D('',#10079,#8148,#8149);
#7162=AXIS2_PLACEMENT_3D('',#10083,#8152,#8153);
#7163=AXIS2_PLACEMENT_3D('',#10087,#8156,#8157);
#7164=AXIS2_PLACEMENT_3D('',#10091,#8160,#8161);
#7165=AXIS2_PLACEMENT_3D('',#10123,#8166,#8167);
#7166=AXIS2_PLACEMENT_3D('',#10137,#8171,#8172);
#7167=AXIS2_PLACEMENT_3D('',#10152,#8174,#8175);
#7168=AXIS2_PLACEMENT_3D('',#10156,#8178,#8179);
#7169=AXIS2_PLACEMENT_3D('',#10160,#8182,#8183);
#7170=AXIS2_PLACEMENT_3D('',#10162,#8185,#8186);
#7171=AXIS2_PLACEMENT_3D('',#10174,#8188,#8189);
#7172=AXIS2_PLACEMENT_3D('',#10186,#8192,#8193);
#7173=AXIS2_PLACEMENT_3D('',#10197,#8195,#8196);
#7174=AXIS2_PLACEMENT_3D('',#10208,#8198,#8199);
#7175=AXIS2_PLACEMENT_3D('',#10219,#8201,#8202);
#7176=AXIS2_PLACEMENT_3D('',#10244,#8205,#8206);
#7177=AXIS2_PLACEMENT_3D('',#10273,#8209,#8210);
#7178=AXIS2_PLACEMENT_3D('',#10329,#8217,#8218);
#7179=AXIS2_PLACEMENT_3D('',#10340,#8220,#8221);
#7180=AXIS2_PLACEMENT_3D('',#10351,#8223,#8224);
#7181=AXIS2_PLACEMENT_3D('',#10376,#8227,#8228);
#7182=AXIS2_PLACEMENT_3D('',#10391,#8230,#8231);
#7183=AXIS2_PLACEMENT_3D('',#10403,#8234,#8235);
#7184=AXIS2_PLACEMENT_3D('',#10404,#8236,#8237);
#7185=AXIS2_PLACEMENT_3D('',#10405,#8238,#8239);
#7186=AXIS2_PLACEMENT_3D('',#10408,#8240,#8241);
#7187=AXIS2_PLACEMENT_3D('',#10422,#8243,#8244);
#7188=AXIS2_PLACEMENT_3D('',#10424,#8245,#8246);
#7189=AXIS2_PLACEMENT_3D('',#10451,#8252,#8253);
#7190=AXIS2_PLACEMENT_3D('',#10453,#8254,#8255);
#7191=AXIS2_PLACEMENT_3D('',#10460,#8256,#8257);
#7192=AXIS2_PLACEMENT_3D('',#10484,#8262,#8263);
#7193=AXIS2_PLACEMENT_3D('',#10522,#8269,#8270);
#7194=AXIS2_PLACEMENT_3D('',#10524,#8272,#8273);
#7195=AXIS2_PLACEMENT_3D('',#10526,#8275,#8276);
#7196=AXIS2_PLACEMENT_3D('',#10528,#8278,#8279);
#7197=AXIS2_PLACEMENT_3D('',#10548,#8283,#8284);
#7198=AXIS2_PLACEMENT_3D('',#10568,#8286,#8287);
#7199=AXIS2_PLACEMENT_3D('',#10585,#8291,#8292);
#7200=AXIS2_PLACEMENT_3D('',#10589,#8295,#8296);
#7201=AXIS2_PLACEMENT_3D('',#10616,#8300,#8301);
#7202=AXIS2_PLACEMENT_3D('',#10640,#8304,#8305);
#7203=AXIS2_PLACEMENT_3D('',#10641,#8306,#8307);
#7204=AXIS2_PLACEMENT_3D('',#10642,#8308,#8309);
#7205=AXIS2_PLACEMENT_3D('',#10650,#8310,#8311);
#7206=AXIS2_PLACEMENT_3D('',#10657,#8312,#8313);
#7207=AXIS2_PLACEMENT_3D('',#10669,#8314,#8315);
#7208=AXIS2_PLACEMENT_3D('',#10671,#8316,#8317);
#7209=AXIS2_PLACEMENT_3D('',#10673,#8318,#8319);
#7210=AXIS2_PLACEMENT_3D('',#10675,#8320,#8321);
#7211=AXIS2_PLACEMENT_3D('',#10761,#8329,#8330);
#7212=AXIS2_PLACEMENT_3D('',#10762,#8331,#8332);
#7213=AXIS2_PLACEMENT_3D('',#10887,#8346,#8347);
#7214=AXIS2_PLACEMENT_3D('',#10889,#8349,#8350);
#7215=AXIS2_PLACEMENT_3D('',#10891,#8352,#8353);
#7216=AXIS2_PLACEMENT_3D('',#10893,#8355,#8356);
#7217=AXIS2_PLACEMENT_3D('',#10958,#8365,#8366);
#7218=AXIS2_PLACEMENT_3D('',#10978,#8370,#8371);
#7219=AXIS2_PLACEMENT_3D('',#11007,#8376,#8377);
#7220=AXIS2_PLACEMENT_3D('',#11071,#8382,#8383);
#7221=AXIS2_PLACEMENT_3D('',#11072,#8384,#8385);
#7222=AXIS2_PLACEMENT_3D('',#11075,#8386,#8387);
#7223=AXIS2_PLACEMENT_3D('',#11092,#8391,#8392);
#7224=AXIS2_PLACEMENT_3D('',#11095,#8393,#8394);
#7225=AXIS2_PLACEMENT_3D('',#11097,#8395,#8396);
#7226=AXIS2_PLACEMENT_3D('',#11099,#8397,#8398);
#7227=AXIS2_PLACEMENT_3D('',#11101,#8399,#8400);
#7228=AXIS2_PLACEMENT_3D('',#11135,#8408,#8409);
#7229=AXIS2_PLACEMENT_3D('',#11137,#8411,#8412);
#7230=AXIS2_PLACEMENT_3D('',#11139,#8414,#8415);
#7231=AXIS2_PLACEMENT_3D('',#11159,#8417,#8418);
#7232=AXIS2_PLACEMENT_3D('',#11171,#8421,#8422);
#7233=AXIS2_PLACEMENT_3D('',#11173,#8424,#8425);
#7234=AXIS2_PLACEMENT_3D('',#11177,#8428,#8429);
#7235=AXIS2_PLACEMENT_3D('',#11181,#8432,#8433);
#7236=AXIS2_PLACEMENT_3D('',#11194,#8436,#8437);
#7237=AXIS2_PLACEMENT_3D('',#11204,#8439,#8440);
#7238=AXIS2_PLACEMENT_3D('',#11205,#8441,#8442);
#7239=AXIS2_PLACEMENT_3D('',#11217,#8444,#8445);
#7240=AXIS2_PLACEMENT_3D('',#11275,#8451,#8452);
#7241=AXIS2_PLACEMENT_3D('',#11289,#8456,#8457);
#7242=AXIS2_PLACEMENT_3D('',#11328,#8461,#8462);
#7243=AXIS2_PLACEMENT_3D('',#11357,#8465,#8466);
#7244=AXIS2_PLACEMENT_3D('',#11369,#8469,#8470);
#7245=AXIS2_PLACEMENT_3D('',#11370,#8471,#8472);
#7246=AXIS2_PLACEMENT_3D('',#11371,#8473,#8474);
#7247=AXIS2_PLACEMENT_3D('',#11406,#8487,#8488);
#7248=AXIS2_PLACEMENT_3D('',#11409,#8491,#8492);
#7249=AXIS2_PLACEMENT_3D('',#11411,#8494,#8495);
#7250=AXIS2_PLACEMENT_3D('',#11413,#8497,#8498);
#7251=AXIS2_PLACEMENT_3D('',#11415,#8500,#8501);
#7252=AXIS2_PLACEMENT_3D('',#11417,#8503,#8504);
#7253=AXIS2_PLACEMENT_3D('',#11419,#8506,#8507);
#7254=AXIS2_PLACEMENT_3D('',#11421,#8509,#8510);
#7255=AXIS2_PLACEMENT_3D('',#11438,#8513,#8514);
#7256=AXIS2_PLACEMENT_3D('',#11442,#8517,#8518);
#7257=AXIS2_PLACEMENT_3D('',#11446,#8521,#8522);
#7258=AXIS2_PLACEMENT_3D('',#11464,#8526,#8527);
#7259=AXIS2_PLACEMENT_3D('',#11466,#8529,#8530);
#7260=AXIS2_PLACEMENT_3D('',#11467,#8531,#8532);
#7261=AXIS2_PLACEMENT_3D('',#11473,#8536,#8537);
#7262=AXIS2_PLACEMENT_3D('',#11477,#8540,#8541);
#7263=AXIS2_PLACEMENT_3D('',#11481,#8544,#8545);
#7264=AXIS2_PLACEMENT_3D('',#11485,#8548,#8549);
#7265=AXIS2_PLACEMENT_3D('',#11489,#8552,#8553);
#7266=AXIS2_PLACEMENT_3D('',#11493,#8556,#8557);
#7267=AXIS2_PLACEMENT_3D('',#11497,#8560,#8561);
#7268=AXIS2_PLACEMENT_3D('',#11501,#8564,#8565);
#7269=AXIS2_PLACEMENT_3D('',#11505,#8568,#8569);
#7270=AXIS2_PLACEMENT_3D('',#11509,#8572,#8573);
#7271=AXIS2_PLACEMENT_3D('',#11513,#8576,#8577);
#7272=AXIS2_PLACEMENT_3D('',#11515,#8579,#8580);
#7273=AXIS2_PLACEMENT_3D('',#11516,#8581,#8582);
#7274=AXIS2_PLACEMENT_3D('',#11522,#8586,#8587);
#7275=AXIS2_PLACEMENT_3D('',#11526,#8590,#8591);
#7276=AXIS2_PLACEMENT_3D('',#11530,#8594,#8595);
#7277=AXIS2_PLACEMENT_3D('',#11534,#8598,#8599);
#7278=AXIS2_PLACEMENT_3D('',#11538,#8602,#8603);
#7279=AXIS2_PLACEMENT_3D('',#11542,#8606,#8607);
#7280=AXIS2_PLACEMENT_3D('',#11546,#8610,#8611);
#7281=AXIS2_PLACEMENT_3D('',#11550,#8614,#8615);
#7282=AXIS2_PLACEMENT_3D('',#11554,#8618,#8619);
#7283=AXIS2_PLACEMENT_3D('',#11558,#8622,#8623);
#7284=AXIS2_PLACEMENT_3D('',#11562,#8626,#8627);
#7285=AXIS2_PLACEMENT_3D('',#11564,#8629,#8630);
#7286=AXIS2_PLACEMENT_3D('',#11565,#8631,#8632);
#7287=AXIS2_PLACEMENT_3D('',#11600,#8645,#8646);
#7288=AXIS2_PLACEMENT_3D('',#11603,#8649,#8650);
#7289=AXIS2_PLACEMENT_3D('',#11605,#8652,#8653);
#7290=AXIS2_PLACEMENT_3D('',#11607,#8655,#8656);
#7291=AXIS2_PLACEMENT_3D('',#11609,#8658,#8659);
#7292=AXIS2_PLACEMENT_3D('',#11611,#8661,#8662);
#7293=AXIS2_PLACEMENT_3D('',#11613,#8664,#8665);
#7294=AXIS2_PLACEMENT_3D('',#11615,#8667,#8668);
#7295=AXIS2_PLACEMENT_3D('',#11632,#8671,#8672);
#7296=AXIS2_PLACEMENT_3D('',#11636,#8675,#8676);
#7297=AXIS2_PLACEMENT_3D('',#11640,#8679,#8680);
#7298=AXIS2_PLACEMENT_3D('',#11658,#8684,#8685);
#7299=AXIS2_PLACEMENT_3D('',#11660,#8687,#8688);
#7300=AXIS2_PLACEMENT_3D('',#11661,#8689,#8690);
#7301=AXIS2_PLACEMENT_3D('',#11667,#8694,#8695);
#7302=AXIS2_PLACEMENT_3D('',#11671,#8698,#8699);
#7303=AXIS2_PLACEMENT_3D('',#11675,#8702,#8703);
#7304=AXIS2_PLACEMENT_3D('',#11679,#8706,#8707);
#7305=AXIS2_PLACEMENT_3D('',#11683,#8710,#8711);
#7306=AXIS2_PLACEMENT_3D('',#11687,#8714,#8715);
#7307=AXIS2_PLACEMENT_3D('',#11691,#8718,#8719);
#7308=AXIS2_PLACEMENT_3D('',#11695,#8722,#8723);
#7309=AXIS2_PLACEMENT_3D('',#11699,#8726,#8727);
#7310=AXIS2_PLACEMENT_3D('',#11703,#8730,#8731);
#7311=AXIS2_PLACEMENT_3D('',#11707,#8734,#8735);
#7312=AXIS2_PLACEMENT_3D('',#11709,#8737,#8738);
#7313=AXIS2_PLACEMENT_3D('',#11710,#8739,#8740);
#7314=AXIS2_PLACEMENT_3D('',#11716,#8744,#8745);
#7315=AXIS2_PLACEMENT_3D('',#11720,#8748,#8749);
#7316=AXIS2_PLACEMENT_3D('',#11724,#8752,#8753);
#7317=AXIS2_PLACEMENT_3D('',#11728,#8756,#8757);
#7318=AXIS2_PLACEMENT_3D('',#11732,#8760,#8761);
#7319=AXIS2_PLACEMENT_3D('',#11734,#8763,#8764);
#7320=AXIS2_PLACEMENT_3D('',#11735,#8765,#8766);
#7321=AXIS2_PLACEMENT_3D('',#11736,#8767,#8768);
#7322=DIRECTION('axis',(0.,0.,1.));
#7323=DIRECTION('refdir',(1.,0.,0.));
#7324=DIRECTION('axis',(0.,0.,1.));
#7325=DIRECTION('refdir',(1.,0.,0.));
#7326=DIRECTION('axis',(0.,0.,1.));
#7327=DIRECTION('refdir',(1.,0.,0.));
#7328=DIRECTION('center_axis',(0.,0.,1.));
#7329=DIRECTION('ref_axis',(1.,0.,0.));
#7330=DIRECTION('',(-1.,0.,0.));
#7331=DIRECTION('',(0.,1.,0.));
#7332=DIRECTION('',(1.,0.,0.));
#7333=DIRECTION('',(0.,1.,0.));
#7334=DIRECTION('',(1.,0.,0.));
#7335=DIRECTION('',(0.,-1.,0.));
#7336=DIRECTION('',(1.,0.,0.));
#7337=DIRECTION('',(0.,1.,0.));
#7338=DIRECTION('',(-1.,0.,0.));
#7339=DIRECTION('',(0.,1.,0.));
#7340=DIRECTION('',(1.,0.,0.));
#7341=DIRECTION('',(0.,1.,0.));
#7342=DIRECTION('',(1.,0.,0.));
#7343=DIRECTION('',(0.,1.,0.));
#7344=DIRECTION('',(1.,0.,0.));
#7345=DIRECTION('',(0.,-1.,0.));
#7346=DIRECTION('',(-0.99032860398817,-0.138741688482024,0.));
#7347=DIRECTION('center_axis',(0.,0.,-1.));
#7348=DIRECTION('ref_axis',(0.63727089248077,0.770639870235613,0.));
#7349=DIRECTION('',(0.,-1.,0.));
#7350=DIRECTION('',(0.,1.,0.));
#7351=DIRECTION('',(1.,0.,0.));
#7352=DIRECTION('',(0.,-1.,0.));
#7353=DIRECTION('',(1.,0.,0.));
#7354=DIRECTION('center_axis',(0.,0.,1.));
#7355=DIRECTION('ref_axis',(0.485909131906484,-0.874009333777327,0.));
#7356=DIRECTION('center_axis',(0.,0.,1.));
#7357=DIRECTION('ref_axis',(-0.598948206723837,-0.800787765679708,0.));
#7358=DIRECTION('center_axis',(0.,0.,1.));
#7359=DIRECTION('ref_axis',(0.853949602913276,-0.520355720333944,0.));
#7360=DIRECTION('center_axis',(0.,0.,1.));
#7361=DIRECTION('ref_axis',(0.53048693264866,-0.847693113272142,0.));
#7362=DIRECTION('',(1.,0.,0.));
#7363=DIRECTION('',(2.69E-14,-1.,0.));
#7364=DIRECTION('',(-1.,0.,0.));
#7365=DIRECTION('center_axis',(0.,0.,-1.));
#7366=DIRECTION('ref_axis',(0.49674682886925,0.867895493713583,0.));
#7367=DIRECTION('center_axis',(0.,0.,-1.));
#7368=DIRECTION('ref_axis',(-0.503601089863889,0.863936306846693,0.));
#7369=DIRECTION('',(0.,1.,0.));
#7370=DIRECTION('center_axis',(0.,0.,1.));
#7371=DIRECTION('ref_axis',(0.821258604495049,0.570556136188934,0.));
#7372=DIRECTION('center_axis',(0.,0.,1.));
#7373=DIRECTION('ref_axis',(0.784633149866918,0.619960337545813,0.));
#7374=DIRECTION('',(0.,1.,0.));
#7375=DIRECTION('',(-0.355935724364328,-0.93451043874386,0.));
#7376=DIRECTION('',(-1.,0.,0.));
#7377=DIRECTION('',(-0.355935724369359,0.934510438741943,0.));
#7378=DIRECTION('',(1.,2.26E-13,0.));
#7379=DIRECTION('',(0.349395479469176,-0.936975345954473,0.));
#7380=DIRECTION('',(1.,2.58E-14,0.));
#7381=DIRECTION('',(0.331528418350199,0.943445233082565,0.));
#7382=DIRECTION('',(1.,0.,0.));
#7383=DIRECTION('',(0.,1.,0.));
#7384=DIRECTION('',(-1.,0.,0.));
#7385=DIRECTION('',(0.,1.,0.));
#7386=DIRECTION('',(1.,4.E-14,0.));
#7387=DIRECTION('',(0.,-1.,0.));
#7388=DIRECTION('',(-1.,0.,0.));
#7389=DIRECTION('',(0.,1.,0.));
#7390=DIRECTION('',(1.,0.,0.));
#7391=DIRECTION('',(-6.72E-14,1.,0.));
#7392=DIRECTION('',(-1.,0.,0.));
#7393=DIRECTION('',(0.,1.,0.));
#7394=DIRECTION('',(1.,0.,0.));
#7395=DIRECTION('',(0.,1.,0.));
#7396=DIRECTION('',(-1.,0.,0.));
#7397=DIRECTION('',(0.,1.,0.));
#7398=DIRECTION('',(1.,0.,0.));
#7399=DIRECTION('',(1.07E-14,-1.,0.));
#7400=DIRECTION('',(-1.,0.,0.));
#7401=DIRECTION('',(0.,1.,0.));
#7402=DIRECTION('',(-1.,0.,0.));
#7403=DIRECTION('',(0.,1.,0.));
#7404=DIRECTION('',(1.,0.,0.));
#7405=DIRECTION('',(0.,-1.,0.));
#7406=DIRECTION('',(-1.,0.,0.));
#7407=DIRECTION('',(0.,1.,0.));
#7408=DIRECTION('',(1.,0.,0.));
#7409=DIRECTION('',(0.,1.,0.));
#7410=DIRECTION('',(-1.,0.,0.));
#7411=DIRECTION('',(0.,1.,0.));
#7412=DIRECTION('',(1.,0.,0.));
#7413=DIRECTION('',(0.,1.,0.));
#7414=DIRECTION('',(-1.,0.,0.));
#7415=DIRECTION('',(0.,1.,0.));
#7416=DIRECTION('',(1.,0.,0.));
#7417=DIRECTION('',(1.61E-14,-1.,0.));
#7418=DIRECTION('',(-1.,0.,0.));
#7419=DIRECTION('',(0.,1.,0.));
#7420=DIRECTION('',(1.,0.,0.));
#7421=DIRECTION('',(0.,1.,0.));
#7422=DIRECTION('',(-1.,0.,0.));
#7423=DIRECTION('',(0.,1.,0.));
#7424=DIRECTION('',(1.,0.,0.));
#7425=DIRECTION('',(-0.355935724369359,-0.934510438741943,0.));
#7426=DIRECTION('',(-1.,0.,0.));
#7427=DIRECTION('',(-0.355935724364328,0.93451043874386,0.));
#7428=DIRECTION('',(1.,0.,0.));
#7429=DIRECTION('',(0.349395479497359,-0.936975345943964,0.));
#7430=DIRECTION('',(1.,0.,0.));
#7431=DIRECTION('',(0.331528418357368,0.943445233080046,0.));
#7432=DIRECTION('',(1.,0.,0.));
#7433=DIRECTION('center_axis',(0.,0.,1.));
#7434=DIRECTION('ref_axis',(0.920725708842989,-0.39021041641091,0.));
#7435=DIRECTION('center_axis',(0.,0.,1.));
#7436=DIRECTION('ref_axis',(0.29050396008039,-0.95687378957604,0.));
#7437=DIRECTION('center_axis',(0.,0.,1.));
#7438=DIRECTION('ref_axis',(0.303329698809269,-0.952885666709432,0.));
#7439=DIRECTION('',(1.,0.,0.));
#7440=DIRECTION('',(-1.,0.,0.));
#7441=DIRECTION('',(1.,0.,0.));
#7442=DIRECTION('',(-0.886348842795962,-0.463018065386502,0.));
#7443=DIRECTION('',(-0.50488304864933,0.863187758941563,0.));
#7444=DIRECTION('',(0.884094950247918,0.467307306754485,0.));
#7445=DIRECTION('',(0.,1.,0.));
#7446=DIRECTION('center_axis',(0.,0.,1.));
#7447=DIRECTION('ref_axis',(-0.51846062914161,-0.855101500425585,0.));
#7448=DIRECTION('center_axis',(0.,0.,1.));
#7449=DIRECTION('ref_axis',(0.480678538455723,-0.87689688257404,0.));
#7450=DIRECTION('center_axis',(0.,0.,1.));
#7451=DIRECTION('ref_axis',(0.0544811967023225,-0.998514796688503,0.));
#7452=DIRECTION('center_axis',(0.,0.,1.));
#7453=DIRECTION('ref_axis',(0.26259953580925,-0.964904909197153,0.));
#7454=DIRECTION('center_axis',(0.,0.,1.));
#7455=DIRECTION('ref_axis',(0.205096093349451,-0.978741841597054,0.));
#7456=DIRECTION('center_axis',(0.,0.,1.));
#7457=DIRECTION('ref_axis',(0.884633875145943,-0.466286292897692,0.));
#7458=DIRECTION('center_axis',(0.,0.,1.));
#7459=DIRECTION('ref_axis',(0.654273525084691,-0.756257994584687,0.));
#7460=DIRECTION('center_axis',(0.,0.,1.));
#7461=DIRECTION('ref_axis',(-0.532482749511051,-0.846440855271738,0.));
#7462=DIRECTION('',(0.,-1.,0.));
#7463=DIRECTION('center_axis',(0.,0.,-1.));
#7464=DIRECTION('ref_axis',(0.837266990004126,-0.546794282568344,0.));
#7465=DIRECTION('center_axis',(0.,0.,-1.));
#7466=DIRECTION('ref_axis',(0.985528420492717,-0.169510272258441,0.));
#7467=DIRECTION('center_axis',(0.,0.,1.));
#7468=DIRECTION('ref_axis',(0.999524280604585,-0.0308417327964566,0.));
#7469=DIRECTION('center_axis',(0.,0.,1.));
#7470=DIRECTION('ref_axis',(0.869140854890606,0.494564631125222,0.));
#7471=DIRECTION('',(0.,1.,0.));
#7472=DIRECTION('center_axis',(0.,0.,-1.));
#7473=DIRECTION('ref_axis',(0.914599592051208,-0.404360713002343,0.));
#7474=DIRECTION('center_axis',(0.,0.,-1.));
#7475=DIRECTION('ref_axis',(0.983196813123657,-0.18254869669073,0.));
#7476=DIRECTION('center_axis',(0.,0.,1.));
#7477=DIRECTION('ref_axis',(0.9999793121168,0.006432366470522,0.));
#7478=DIRECTION('center_axis',(0.,0.,1.));
#7479=DIRECTION('ref_axis',(0.878225583754914,0.478246614246605,0.));
#7480=DIRECTION('',(-1.,0.,0.));
#7481=DIRECTION('',(-0.340917796218374,-0.940093110400032,0.));
#7482=DIRECTION('',(-1.,0.,0.));
#7483=DIRECTION('',(0.366797678950187,0.930300737781474,0.));
#7484=DIRECTION('center_axis',(0.,0.,1.));
#7485=DIRECTION('ref_axis',(0.919490988947517,0.393111080032499,0.));
#7486=DIRECTION('',(0.,-1.,0.));
#7487=DIRECTION('',(-0.389758265065169,-0.920917203017399,0.));
#7488=DIRECTION('',(0.365858921669304,-0.930670322635773,0.));
#7489=DIRECTION('',(-1.,0.,0.));
#7490=DIRECTION('',(-0.328346164812192,0.944557460429552,0.));
#7491=DIRECTION('',(-0.2524218971871,0.967617272386384,0.));
#7492=DIRECTION('center_axis',(0.,0.,1.));
#7493=DIRECTION('ref_axis',(0.853949603005424,-0.520355720182722,0.));
#7494=DIRECTION('center_axis',(0.,0.,1.));
#7495=DIRECTION('ref_axis',(0.530486932763655,-0.847693113200178,0.));
#7496=DIRECTION('',(1.,0.,0.));
#7497=DIRECTION('',(1.07E-14,-1.,0.));
#7498=DIRECTION('',(-1.,0.,0.));
#7499=DIRECTION('center_axis',(0.,1.,0.));
#7500=DIRECTION('ref_axis',(0.,0.,1.));
#7501=DIRECTION('',(0.,0.,1.));
#7502=DIRECTION('',(1.,-1.E-16,0.));
#7503=DIRECTION('',(0.,0.,1.));
#7504=DIRECTION('',(0.,0.,-1.));
#7505=DIRECTION('',(1.,0.,0.));
#7506=DIRECTION('',(0.,0.,1.));
#7507=DIRECTION('',(-1.,0.,0.));
#7508=DIRECTION('',(0.,0.,1.));
#7509=DIRECTION('',(-1.,0.,0.));
#7510=DIRECTION('',(0.,0.,1.));
#7511=DIRECTION('',(0.,0.,1.));
#7512=DIRECTION('',(-1.,-1.E-16,0.));
#7513=DIRECTION('',(0.,0.,1.));
#7514=DIRECTION('',(0.,0.,-1.));
#7515=DIRECTION('',(-1.,0.,0.));
#7516=DIRECTION('',(0.,0.,-1.));
#7517=DIRECTION('',(-1.,0.,0.));
#7518=DIRECTION('',(0.,0.,-1.));
#7519=DIRECTION('',(-1.,0.,0.));
#7520=DIRECTION('',(0.,0.,-1.));
#7521=DIRECTION('',(-1.,0.,0.));
#7522=DIRECTION('center_axis',(0.,0.,1.));
#7523=DIRECTION('ref_axis',(1.,0.,0.));
#7524=DIRECTION('',(0.,1.,0.));
#7525=DIRECTION('',(-1.,0.,0.));
#7526=DIRECTION('',(0.,-1.,0.));
#7527=DIRECTION('',(0.707106781186548,-0.707106781186548,0.));
#7528=DIRECTION('',(-1.,0.,0.));
#7529=DIRECTION('',(-0.707106781186548,0.707106781186548,0.));
#7530=DIRECTION('',(0.,-1.,0.));
#7531=DIRECTION('',(-1.,0.,0.));
#7532=DIRECTION('center_axis',(0.,1.,0.));
#7533=DIRECTION('ref_axis',(0.,0.,1.));
#7534=DIRECTION('',(-1.,0.,0.));
#7535=DIRECTION('',(0.,0.,-1.));
#7536=DIRECTION('',(1.,0.,0.));
#7537=DIRECTION('',(0.,0.,-1.));
#7538=DIRECTION('',(-1.,0.,0.));
#7539=DIRECTION('',(0.,0.,1.));
#7540=DIRECTION('center_axis',(1.,0.,0.));
#7541=DIRECTION('ref_axis',(0.,0.,-1.));
#7542=DIRECTION('',(0.,0.,1.));
#7543=DIRECTION('',(0.,-1.,0.));
#7544=DIRECTION('',(0.,0.,1.));
#7545=DIRECTION('',(0.,-1.,0.));
#7546=DIRECTION('',(0.,1.,-1.E-16));
#7547=DIRECTION('center_axis',(0.,0.,-1.));
#7548=DIRECTION('ref_axis',(-1.,0.,0.));
#7549=DIRECTION('',(0.,-1.,0.));
#7550=DIRECTION('',(-1.,0.,0.));
#7551=DIRECTION('',(-1.,0.,0.));
#7552=DIRECTION('',(0.,1.,0.));
#7553=DIRECTION('',(-1.,0.,0.));
#7554=DIRECTION('',(0.,-1.,0.));
#7555=DIRECTION('',(0.,-1.,0.));
#7556=DIRECTION('',(1.,0.,0.));
#7557=DIRECTION('',(0.,1.,0.));
#7558=DIRECTION('',(1.,0.,0.));
#7559=DIRECTION('',(1.,0.,0.));
#7560=DIRECTION('',(0.,-1.,0.));
#7561=DIRECTION('',(0.,-1.,0.));
#7562=DIRECTION('',(-1.,0.,0.));
#7563=DIRECTION('center_axis',(-1.,0.,0.));
#7564=DIRECTION('ref_axis',(0.,0.,1.));
#7565=DIRECTION('',(0.,0.,1.));
#7566=DIRECTION('',(0.,-1.,0.));
#7567=DIRECTION('',(0.,-1.,0.));
#7568=DIRECTION('',(0.,1.E-16,-1.));
#7569=DIRECTION('',(0.,1.,2.E-16));
#7570=DIRECTION('',(0.,0.,-1.));
#7571=DIRECTION('',(0.,-1.,0.));
#7572=DIRECTION('',(0.,0.,-1.));
#7573=DIRECTION('',(0.,0.866025403784762,-0.49999999999944));
#7574=DIRECTION('',(0.,0.,-1.));
#7575=DIRECTION('center_axis',(1.,0.,0.));
#7576=DIRECTION('ref_axis',(0.,0.,-1.));
#7577=DIRECTION('',(0.,-1.,0.));
#7578=DIRECTION('',(0.,0.,1.));
#7579=DIRECTION('',(0.,0.,-1.));
#7580=DIRECTION('',(0.,0.866025403784762,-0.49999999999944));
#7581=DIRECTION('',(0.,0.,-1.));
#7582=DIRECTION('',(0.,-1.,0.));
#7583=DIRECTION('',(0.,0.,-1.));
#7584=DIRECTION('',(0.,1.,2.E-16));
#7585=DIRECTION('',(0.,1.E-16,-1.));
#7586=DIRECTION('',(0.,-1.,0.));
#7587=DIRECTION('',(0.,0.,-1.));
#7588=DIRECTION('center_axis',(0.,1.,0.));
#7589=DIRECTION('ref_axis',(0.,0.,1.));
#7590=DIRECTION('',(1.,0.,0.));
#7591=DIRECTION('',(1.,0.,0.));
#7592=DIRECTION('',(0.,0.,1.));
#7593=DIRECTION('center_axis',(0.,0.,1.));
#7594=DIRECTION('ref_axis',(1.,0.,0.));
#7595=DIRECTION('',(0.,-1.,0.));
#7596=DIRECTION('',(-1.,0.,0.));
#7597=DIRECTION('',(0.,-1.,0.));
#7598=DIRECTION('',(-0.707106781186548,0.707106781186548,0.));
#7599=DIRECTION('',(-1.,0.,0.));
#7600=DIRECTION('',(0.,-1.,0.));
#7601=DIRECTION('',(1.,0.,0.));
#7602=DIRECTION('',(1.,0.,0.));
#7603=DIRECTION('center_axis',(0.,0.,-1.));
#7604=DIRECTION('ref_axis',(-1.,0.,0.));
#7605=DIRECTION('',(-1.,0.,0.));
#7606=DIRECTION('',(0.,-1.,0.));
#7607=DIRECTION('center_axis',(0.,1.,0.));
#7608=DIRECTION('ref_axis',(0.,0.,1.));
#7609=DIRECTION('',(0.,0.,1.));
#7610=DIRECTION('',(0.,0.,1.));
#7611=DIRECTION('',(-1.,0.,0.));
#7612=DIRECTION('',(0.,0.,1.));
#7613=DIRECTION('',(-1.,0.,0.));
#7614=DIRECTION('',(1.2E-15,0.,1.));
#7615=DIRECTION('',(1.,0.,0.));
#7616=DIRECTION('',(1.2E-15,0.,-1.));
#7617=DIRECTION('',(0.,0.,-1.));
#7618=DIRECTION('',(1.,0.,0.));
#7619=DIRECTION('center_axis',(0.,1.,0.));
#7620=DIRECTION('ref_axis',(0.,0.,1.));
#7621=DIRECTION('',(0.,0.,1.));
#7622=DIRECTION('',(0.,0.,-1.));
#7623=DIRECTION('',(-1.,0.,0.));
#7624=DIRECTION('',(0.,0.,1.));
#7625=DIRECTION('',(1.,0.,0.));
#7626=DIRECTION('center_axis',(1.,0.,0.));
#7627=DIRECTION('ref_axis',(0.,0.,-1.));
#7628=DIRECTION('',(0.,0.,1.));
#7629=DIRECTION('center_axis',(1.,0.,0.));
#7630=DIRECTION('ref_axis',(0.,0.,-1.));
#7631=DIRECTION('',(0.,-1.,0.));
#7632=DIRECTION('',(0.,0.,1.));
#7633=DIRECTION('',(0.,0.,1.));
#7634=DIRECTION('',(0.,-1.,0.));
#7635=DIRECTION('',(0.,0.,1.));
#7636=DIRECTION('',(0.,-1.,0.));
#7637=DIRECTION('',(0.,0.,1.));
#7638=DIRECTION('center_axis',(1.,0.,0.));
#7639=DIRECTION('ref_axis',(0.,0.,-1.));
#7640=DIRECTION('center_axis',(0.707106781186548,0.707106781186548,0.));
#7641=DIRECTION('ref_axis',(0.,0.,1.));
#7642=DIRECTION('',(0.707106781186548,-0.707106781186548,0.));
#7643=DIRECTION('center_axis',(0.707106781186548,0.707106781186548,0.));
#7644=DIRECTION('ref_axis',(0.,0.,1.));
#7645=DIRECTION('',(-0.577350269189626,0.577350269189626,0.577350269189626));
#7646=DIRECTION('center_axis',(-0.707106781186548,0.707106781186548,0.));
#7647=DIRECTION('ref_axis',(0.,0.,-1.));
#7648=DIRECTION('',(0.707106781186548,0.707106781186548,0.));
#7649=DIRECTION('',(0.577350269189626,0.577350269189626,0.577350269189626));
#7650=DIRECTION('',(0.,0.,-1.));
#7651=DIRECTION('center_axis',(0.,0.,1.));
#7652=DIRECTION('ref_axis',(1.,0.,0.));
#7653=DIRECTION('',(1.,0.,0.));
#7654=DIRECTION('',(0.,1.,0.));
#7655=DIRECTION('',(-1.,0.,0.));
#7656=DIRECTION('',(0.,-1.,0.));
#7657=DIRECTION('',(-0.707106781186548,-0.707106781186548,0.));
#7658=DIRECTION('',(0.707106781186548,0.707106781186548,0.));
#7659=DIRECTION('',(0.,-1.,0.));
#7660=DIRECTION('center_axis',(0.,0.,-1.));
#7661=DIRECTION('ref_axis',(-1.,0.,0.));
#7662=DIRECTION('',(0.,-1.,0.));
#7663=DIRECTION('',(1.,0.,0.));
#7664=DIRECTION('',(1.,0.,0.));
#7665=DIRECTION('center_axis',(-1.,0.,0.));
#7666=DIRECTION('ref_axis',(0.,0.,1.));
#7667=DIRECTION('',(0.,0.,1.));
#7668=DIRECTION('center_axis',(-1.,0.,0.));
#7669=DIRECTION('ref_axis',(0.,0.,1.));
#7670=DIRECTION('',(0.,-1.,0.));
#7671=DIRECTION('',(0.,0.,-1.));
#7672=DIRECTION('',(0.,-1.,0.));
#7673=DIRECTION('',(0.,0.,1.));
#7674=DIRECTION('',(0.,0.,-1.));
#7675=DIRECTION('',(0.,-1.,0.));
#7676=DIRECTION('center_axis',(-1.,0.,0.));
#7677=DIRECTION('ref_axis',(0.,0.,1.));
#7678=DIRECTION('center_axis',(0.,1.,0.));
#7679=DIRECTION('ref_axis',(0.,0.,1.));
#7680=DIRECTION('',(-1.,0.,0.));
#7681=DIRECTION('',(-1.2E-15,0.,1.));
#7682=DIRECTION('',(-1.,0.,0.));
#7683=DIRECTION('',(-1.2E-15,0.,-1.));
#7684=DIRECTION('',(-1.,0.,0.));
#7685=DIRECTION('',(-1.,0.,0.));
#7686=DIRECTION('',(0.,0.,-1.));
#7687=DIRECTION('',(-1.,0.,0.));
#7688=DIRECTION('',(0.,0.,-1.));
#7689=DIRECTION('',(-1.,0.,0.));
#7690=DIRECTION('',(0.,0.,-1.));
#7691=DIRECTION('',(-1.,0.,0.));
#7692=DIRECTION('',(0.,0.,-1.));
#7693=DIRECTION('center_axis',(0.,0.707106781186548,-0.707106781186548));
#7694=DIRECTION('ref_axis',(1.,0.,0.));
#7695=DIRECTION('center_axis',(-0.707106781186548,0.707106781186548,0.));
#7696=DIRECTION('ref_axis',(0.,0.,-1.));
#7697=DIRECTION('',(-0.707106781186548,-0.707106781186548,0.));
#7698=DIRECTION('center_axis',(0.,0.,1.));
#7699=DIRECTION('ref_axis',(1.,0.,0.));
#7700=DIRECTION('',(0.,-1.,0.));
#7701=DIRECTION('',(-1.,0.,0.));
#7702=DIRECTION('',(0.,-1.,0.));
#7703=DIRECTION('center_axis',(-1.,0.,1.2E-15));
#7704=DIRECTION('ref_axis',(1.2E-15,0.,1.));
#7705=DIRECTION('',(-1.2E-15,0.,-1.));
#7706=DIRECTION('center_axis',(1.,0.,1.2E-15));
#7707=DIRECTION('ref_axis',(1.2E-15,0.,-1.));
#7708=DIRECTION('',(-1.2E-15,0.,1.));
#7709=DIRECTION('center_axis',(-0.707106781186548,0.707106781186548,9.00000000000697E-16));
#7710=DIRECTION('ref_axis',(-1.23639610306839E-15,3.63961030683857E-17,
-1.));
#7711=DIRECTION('',(0.577350269189626,0.577350269189626,-0.577350269189626));
#7712=DIRECTION('center_axis',(0.,0.707106781186548,0.707106781186548));
#7713=DIRECTION('ref_axis',(-1.,0.,0.));
#7714=DIRECTION('',(-0.577350269189626,0.577350269189626,-0.577350269189626));
#7715=DIRECTION('center_axis',(0.707106781186548,0.707106781186548,9.00000000000697E-16));
#7716=DIRECTION('ref_axis',(-1.23639610306839E-15,-3.63961030683857E-17,
1.));
#7717=DIRECTION('center_axis',(0.,0.,-1.));
#7718=DIRECTION('ref_axis',(-1.,0.,0.));
#7719=DIRECTION('',(-1.,0.,0.));
#7720=DIRECTION('',(0.,-1.,0.));
#7721=DIRECTION('',(-1.,0.,0.));
#7722=DIRECTION('center_axis',(0.,0.,1.));
#7723=DIRECTION('ref_axis',(1.,0.,0.));
#7724=DIRECTION('',(0.,-1.,0.));
#7725=DIRECTION('',(1.,0.,0.));
#7726=DIRECTION('center_axis',(0.,1.,0.));
#7727=DIRECTION('ref_axis',(0.,0.,1.));
#7728=DIRECTION('',(0.,0.,-1.));
#7729=DIRECTION('',(1.,0.,0.));
#7730=DIRECTION('',(-1.,0.,0.));
#7731=DIRECTION('center_axis',(1.,0.,0.));
#7732=DIRECTION('ref_axis',(0.,0.,-1.));
#7733=DIRECTION('center_axis',(1.,0.,0.));
#7734=DIRECTION('ref_axis',(0.,0.,-1.));
#7735=DIRECTION('',(0.,0.,-1.));
#7736=DIRECTION('',(0.,-1.,0.));
#7737=DIRECTION('',(0.,0.,1.));
#7738=DIRECTION('',(0.,1.,2.E-16));
#7739=DIRECTION('',(0.,1.E-16,-1.));
#7740=DIRECTION('center_axis',(1.,0.,0.));
#7741=DIRECTION('ref_axis',(0.,0.,-1.));
#7742=DIRECTION('center_axis',(0.,0.,1.));
#7743=DIRECTION('ref_axis',(1.,0.,0.));
#7744=DIRECTION('',(-1.,0.,0.));
#7745=DIRECTION('',(-1.,0.,0.));
#7746=DIRECTION('center_axis',(0.,1.,0.));
#7747=DIRECTION('ref_axis',(0.,0.,1.));
#7748=DIRECTION('',(-1.,0.,0.));
#7749=DIRECTION('center_axis',(0.,1.,0.));
#7750=DIRECTION('ref_axis',(0.,0.,1.));
#7751=DIRECTION('center_axis',(0.,1.,1.E-16));
#7752=DIRECTION('ref_axis',(0.,-1.E-16,1.));
#7753=DIRECTION('',(-1.,0.,0.));
#7754=DIRECTION('center_axis',(0.,-2.E-16,1.));
#7755=DIRECTION('ref_axis',(0.,-1.,-2.E-16));
#7756=DIRECTION('center_axis',(0.,0.49999999999944,0.866025403784762));
#7757=DIRECTION('ref_axis',(0.,-0.866025403784762,0.49999999999944));
#7758=DIRECTION('',(0.,0.866025403784762,-0.49999999999944));
#7759=DIRECTION('',(-1.,0.,0.));
#7760=DIRECTION('center_axis',(0.,1.,0.));
#7761=DIRECTION('ref_axis',(0.,0.,1.));
#7762=DIRECTION('',(0.,0.,-1.));
#7763=DIRECTION('center_axis',(1.,0.,0.));
#7764=DIRECTION('ref_axis',(0.,0.,-1.));
#7765=DIRECTION('center_axis',(-1.,0.,0.));
#7766=DIRECTION('ref_axis',(0.,0.,1.));
#7767=DIRECTION('center_axis',(1.,0.,0.));
#7768=DIRECTION('ref_axis',(0.,0.,-1.));
#7769=DIRECTION('center_axis',(0.,0.,-1.));
#7770=DIRECTION('ref_axis',(-1.,0.,0.));
#7771=DIRECTION('',(1.,0.,0.));
#7772=DIRECTION('',(0.,-1.,0.));
#7773=DIRECTION('center_axis',(0.,1.,0.));
#7774=DIRECTION('ref_axis',(0.,0.,1.));
#7775=DIRECTION('',(1.,0.,0.));
#7776=DIRECTION('',(0.,0.,-1.));
#7777=DIRECTION('',(-1.,0.,0.));
#7778=DIRECTION('center_axis',(1.,0.,0.));
#7779=DIRECTION('ref_axis',(0.,0.,-1.));
#7780=DIRECTION('center_axis',(-1.,0.,0.));
#7781=DIRECTION('ref_axis',(0.,0.,-1.));
#7782=DIRECTION('center_axis',(-1.,0.,0.));
#7783=DIRECTION('ref_axis',(0.,0.,-1.));
#7784=DIRECTION('',(0.,1.E-16,-1.));
#7785=DIRECTION('',(0.,1.,2.E-16));
#7786=DIRECTION('',(0.,0.,-1.));
#7787=DIRECTION('center_axis',(0.,-1.,0.));
#7788=DIRECTION('ref_axis',(0.,0.,-1.));
#7789=DIRECTION('center_axis',(0.,-1.,0.));
#7790=DIRECTION('ref_axis',(0.,0.,-1.));
#7791=DIRECTION('',(-1.,0.,0.));
#7792=DIRECTION('',(0.,0.,1.));
#7793=DIRECTION('',(-1.,0.,0.));
#7794=DIRECTION('',(0.,0.,-1.));
#7795=DIRECTION('center_axis',(-1.,0.,0.));
#7796=DIRECTION('ref_axis',(0.,0.,-1.));
#7797=DIRECTION('',(0.,0.,1.));
#7798=DIRECTION('',(0.,1.,-1.E-16));
#7799=DIRECTION('center_axis',(0.,2.E-16,-1.));
#7800=DIRECTION('ref_axis',(0.,1.,2.E-16));
#7801=DIRECTION('',(1.,0.,0.));
#7802=DIRECTION('center_axis',(0.,-1.,-1.E-16));
#7803=DIRECTION('ref_axis',(0.,1.E-16,-1.));
#7804=DIRECTION('center_axis',(0.,-0.49999999999944,-0.866025403784762));
#7805=DIRECTION('ref_axis',(0.,0.866025403784762,-0.49999999999944));
#7806=DIRECTION('',(1.,0.,0.));
#7807=DIRECTION('',(0.,0.866025403784762,-0.49999999999944));
#7808=DIRECTION('center_axis',(0.,-1.,0.));
#7809=DIRECTION('ref_axis',(0.,0.,-1.));
#7810=DIRECTION('',(0.,0.,-1.));
#7811=DIRECTION('center_axis',(-1.,0.,0.));
#7812=DIRECTION('ref_axis',(0.,0.,-1.));
#7813=DIRECTION('center_axis',(-1.,0.,0.));
#7814=DIRECTION('ref_axis',(0.,0.,1.));
#7815=DIRECTION('center_axis',(1.,0.,0.));
#7816=DIRECTION('ref_axis',(0.,0.,-1.));
#7817=DIRECTION('center_axis',(0.,0.,1.));
#7818=DIRECTION('ref_axis',(1.,0.,0.));
#7819=DIRECTION('',(0.,1.,0.));
#7820=DIRECTION('',(1.,0.,0.));
#7821=DIRECTION('center_axis',(0.,1.,0.));
#7822=DIRECTION('ref_axis',(0.,0.,1.));
#7823=DIRECTION('',(0.,0.,-1.));
#7824=DIRECTION('center_axis',(0.,0.,-1.));
#7825=DIRECTION('ref_axis',(-1.,0.,0.));
#7826=DIRECTION('',(0.,1.,0.));
#7827=DIRECTION('',(-1.,0.,0.));
#7828=DIRECTION('center_axis',(0.,-1.,0.));
#7829=DIRECTION('ref_axis',(0.,0.,-1.));
#7830=DIRECTION('',(0.,0.,-1.));
#7831=DIRECTION('center_axis',(0.,-1.,0.));
#7832=DIRECTION('ref_axis',(0.,0.,-1.));
#7833=DIRECTION('',(0.,0.,1.));
#7834=DIRECTION('',(-1.,0.,0.));
#7835=DIRECTION('',(0.,0.,-1.));
#7836=DIRECTION('',(1.,0.,0.));
#7837=DIRECTION('center_axis',(1.,0.,0.));
#7838=DIRECTION('ref_axis',(0.,0.,-1.));
#7839=DIRECTION('',(0.,-1.,-2.E-16));
#7840=DIRECTION('',(0.,0.,1.));
#7841=DIRECTION('',(0.,-1.,-2.E-16));
#7842=DIRECTION('center_axis',(1.,0.,0.));
#7843=DIRECTION('ref_axis',(0.,0.,-1.));
#7844=DIRECTION('',(0.,-1.,-2.E-16));
#7845=DIRECTION('',(0.,0.,-1.));
#7846=DIRECTION('',(0.,-1.,-2.E-16));
#7847=DIRECTION('center_axis',(0.,2.E-16,-1.));
#7848=DIRECTION('ref_axis',(0.,1.,2.E-16));
#7849=DIRECTION('',(-1.,0.,0.));
#7850=DIRECTION('center_axis',(0.,2.E-16,-1.));
#7851=DIRECTION('ref_axis',(0.,1.,2.E-16));
#7852=DIRECTION('',(1.,0.,0.));
#7853=DIRECTION('center_axis',(-1.,0.,0.));
#7854=DIRECTION('ref_axis',(0.,0.,1.));
#7855=DIRECTION('center_axis',(-1.,0.,0.));
#7856=DIRECTION('ref_axis',(0.,0.,1.));
#7857=DIRECTION('center_axis',(-1.,0.,0.));
#7858=DIRECTION('ref_axis',(0.,0.,1.));
#7859=DIRECTION('',(-1.,0.,0.));
#7860=DIRECTION('center_axis',(0.,0.,-1.));
#7861=DIRECTION('ref_axis',(-1.,0.,0.));
#7862=DIRECTION('',(0.,-1.,0.));
#7863=DIRECTION('',(1.,0.,0.));
#7864=DIRECTION('',(0.,-1.,0.));
#7865=DIRECTION('center_axis',(0.,1.,0.));
#7866=DIRECTION('ref_axis',(0.,0.,1.));
#7867=DIRECTION('',(0.,0.,-1.));
#7868=DIRECTION('',(-1.,0.,0.));
#7869=DIRECTION('',(0.,0.,1.));
#7870=DIRECTION('',(1.,0.,0.));
#7871=DIRECTION('center_axis',(0.,0.,-1.));
#7872=DIRECTION('ref_axis',(-1.,0.,0.));
#7873=DIRECTION('',(0.,-1.,0.));
#7874=DIRECTION('',(-1.,0.,0.));
#7875=DIRECTION('',(0.,-1.,0.));
#7876=DIRECTION('',(-1.,0.,0.));
#7877=DIRECTION('center_axis',(-1.,0.,0.));
#7878=DIRECTION('ref_axis',(0.,0.,1.));
#7879=DIRECTION('center_axis',(-1.,0.,0.));
#7880=DIRECTION('ref_axis',(0.,0.,-1.));
#7881=DIRECTION('',(-1.,0.,0.));
#7882=DIRECTION('center_axis',(-1.,0.,0.));
#7883=DIRECTION('ref_axis',(0.,0.,-1.));
#7884=DIRECTION('center_axis',(0.,-1.,-1.E-16));
#7885=DIRECTION('ref_axis',(0.,1.E-16,-1.));
#7886=DIRECTION('',(0.,-1.E-16,1.));
#7887=DIRECTION('',(-1.,0.,0.));
#7888=DIRECTION('',(0.,-1.E-16,1.));
#7889=DIRECTION('center_axis',(-1.,0.,0.));
#7890=DIRECTION('ref_axis',(0.,0.,1.));
#7891=DIRECTION('center_axis',(1.,0.,0.));
#7892=DIRECTION('ref_axis',(0.,0.,-1.));
#7893=DIRECTION('center_axis',(1.,0.,0.));
#7894=DIRECTION('ref_axis',(0.,0.,-1.));
#7895=DIRECTION('center_axis',(1.,0.,0.));
#7896=DIRECTION('ref_axis',(0.,0.,-1.));
#7897=DIRECTION('',(0.,0.,1.));
#7898=DIRECTION('center_axis',(1.,0.,0.));
#7899=DIRECTION('ref_axis',(0.,0.,-1.));
#7900=DIRECTION('',(0.,0.,-1.));
#7901=DIRECTION('center_axis',(0.,0.258819045102052,0.965925826289194));
#7902=DIRECTION('ref_axis',(1.,0.,0.));
#7903=DIRECTION('',(0.250562807085099,0.935113126531368,-0.250562807085099));
#7904=DIRECTION('',(0.250562807085099,-0.935113126531368,0.250562807085099));
#7905=DIRECTION('center_axis',(-0.965925826289194,-0.258819045102052,0.));
#7906=DIRECTION('ref_axis',(0.,0.,-1.));
#7907=DIRECTION('',(0.250562807085099,-0.935113126531368,-0.250562807085099));
#7908=DIRECTION('center_axis',(-0.965925826289194,0.258819045102052,0.));
#7909=DIRECTION('ref_axis',(0.,0.,1.));
#7910=DIRECTION('',(0.250562807085099,0.935113126531368,0.250562807085099));
#7911=DIRECTION('center_axis',(0.,-0.258819045102052,0.965925826289194));
#7912=DIRECTION('ref_axis',(-1.,0.,0.));
#7913=DIRECTION('center_axis',(0.,0.258819045102052,0.965925826289194));
#7914=DIRECTION('ref_axis',(-1.,0.,0.));
#7915=DIRECTION('',(0.250562807085099,-0.935113126531368,0.250562807085099));
#7916=DIRECTION('',(0.250562807085099,0.935113126531368,-0.250562807085099));
#7917=DIRECTION('center_axis',(-0.965925826289194,0.258819045102052,0.));
#7918=DIRECTION('ref_axis',(0.,0.,1.));
#7919=DIRECTION('',(0.250562807085099,0.935113126531368,0.250562807085099));
#7920=DIRECTION('center_axis',(-0.965925826289194,-0.258819045102052,0.));
#7921=DIRECTION('ref_axis',(0.,0.,-1.));
#7922=DIRECTION('',(0.250562807085099,-0.935113126531368,-0.250562807085099));
#7923=DIRECTION('center_axis',(0.,-0.258819045102052,0.965925826289194));
#7924=DIRECTION('ref_axis',(1.,0.,0.));
#7925=DIRECTION('center_axis',(0.,-1.,0.));
#7926=DIRECTION('ref_axis',(0.,0.,-1.));
#7927=DIRECTION('',(0.,0.,1.));
#7928=DIRECTION('',(-1.,0.,0.));
#7929=DIRECTION('',(0.,0.,-1.));
#7930=DIRECTION('',(1.,0.,0.));
#7931=DIRECTION('center_axis',(1.,0.,0.));
#7932=DIRECTION('ref_axis',(0.,0.,-1.));
#7933=DIRECTION('',(0.,-1.,-2.E-16));
#7934=DIRECTION('',(0.,0.,1.));
#7935=DIRECTION('',(0.,-1.,-2.E-16));
#7936=DIRECTION('center_axis',(1.,0.,0.));
#7937=DIRECTION('ref_axis',(0.,0.,-1.));
#7938=DIRECTION('',(0.,-1.,-2.E-16));
#7939=DIRECTION('',(0.,0.,-1.));
#7940=DIRECTION('',(0.,-1.,-2.E-16));
#7941=DIRECTION('center_axis',(0.,2.E-16,-1.));
#7942=DIRECTION('ref_axis',(0.,1.,2.E-16));
#7943=DIRECTION('',(-1.,0.,0.));
#7944=DIRECTION('center_axis',(0.,2.E-16,-1.));
#7945=DIRECTION('ref_axis',(0.,1.,2.E-16));
#7946=DIRECTION('',(1.,0.,0.));
#7947=DIRECTION('center_axis',(-1.,0.,0.));
#7948=DIRECTION('ref_axis',(0.,0.,1.));
#7949=DIRECTION('center_axis',(-1.,0.,0.));
#7950=DIRECTION('ref_axis',(0.,0.,1.));
#7951=DIRECTION('center_axis',(-1.,0.,0.));
#7952=DIRECTION('ref_axis',(0.,0.,1.));
#7953=DIRECTION('',(-1.,0.,0.));
#7954=DIRECTION('center_axis',(0.,0.,-1.));
#7955=DIRECTION('ref_axis',(-1.,0.,0.));
#7956=DIRECTION('',(0.,-1.,0.));
#7957=DIRECTION('',(1.,0.,0.));
#7958=DIRECTION('',(0.,-1.,0.));
#7959=DIRECTION('center_axis',(0.,1.,0.));
#7960=DIRECTION('ref_axis',(0.,0.,1.));
#7961=DIRECTION('',(0.,0.,-1.));
#7962=DIRECTION('',(-1.,0.,0.));
#7963=DIRECTION('',(0.,0.,1.));
#7964=DIRECTION('',(1.,0.,0.));
#7965=DIRECTION('center_axis',(0.,0.,-1.));
#7966=DIRECTION('ref_axis',(-1.,0.,0.));
#7967=DIRECTION('',(0.,-1.,0.));
#7968=DIRECTION('',(-1.,0.,0.));
#7969=DIRECTION('',(0.,-1.,0.));
#7970=DIRECTION('',(-1.,0.,0.));
#7971=DIRECTION('center_axis',(-1.,0.,0.));
#7972=DIRECTION('ref_axis',(0.,0.,1.));
#7973=DIRECTION('center_axis',(-1.,0.,0.));
#7974=DIRECTION('ref_axis',(0.,0.,-1.));
#7975=DIRECTION('',(-1.,0.,0.));
#7976=DIRECTION('center_axis',(-1.,0.,0.));
#7977=DIRECTION('ref_axis',(0.,0.,-1.));
#7978=DIRECTION('center_axis',(0.,-1.,-1.E-16));
#7979=DIRECTION('ref_axis',(0.,1.E-16,-1.));
#7980=DIRECTION('',(0.,-1.E-16,1.));
#7981=DIRECTION('',(-1.,0.,0.));
#7982=DIRECTION('',(0.,-1.E-16,1.));
#7983=DIRECTION('center_axis',(-1.,0.,0.));
#7984=DIRECTION('ref_axis',(0.,0.,1.));
#7985=DIRECTION('center_axis',(1.,0.,0.));
#7986=DIRECTION('ref_axis',(0.,0.,-1.));
#7987=DIRECTION('center_axis',(1.,0.,0.));
#7988=DIRECTION('ref_axis',(0.,0.,-1.));
#7989=DIRECTION('center_axis',(1.,0.,0.));
#7990=DIRECTION('ref_axis',(0.,0.,-1.));
#7991=DIRECTION('',(0.,0.,1.));
#7992=DIRECTION('center_axis',(1.,0.,0.));
#7993=DIRECTION('ref_axis',(0.,0.,-1.));
#7994=DIRECTION('',(0.,0.,-1.));
#7995=DIRECTION('center_axis',(0.,0.258819045102052,0.965925826289194));
#7996=DIRECTION('ref_axis',(1.,0.,0.));
#7997=DIRECTION('',(0.250562807085099,0.935113126531368,-0.250562807085099));
#7998=DIRECTION('',(0.250562807085099,-0.935113126531368,0.250562807085099));
#7999=DIRECTION('center_axis',(-0.965925826289194,-0.258819045102052,0.));
#8000=DIRECTION('ref_axis',(0.,0.,-1.));
#8001=DIRECTION('',(0.250562807085099,-0.935113126531368,-0.250562807085099));
#8002=DIRECTION('center_axis',(-0.965925826289194,0.258819045102052,0.));
#8003=DIRECTION('ref_axis',(0.,0.,1.));
#8004=DIRECTION('',(0.250562807085099,0.935113126531368,0.250562807085099));
#8005=DIRECTION('center_axis',(0.,-0.258819045102052,0.965925826289194));
#8006=DIRECTION('ref_axis',(-1.,0.,0.));
#8007=DIRECTION('center_axis',(0.,0.258819045102052,0.965925826289194));
#8008=DIRECTION('ref_axis',(-1.,0.,0.));
#8009=DIRECTION('',(0.250562807085099,-0.935113126531368,0.250562807085099));
#8010=DIRECTION('',(0.250562807085099,0.935113126531368,-0.250562807085099));
#8011=DIRECTION('center_axis',(-0.965925826289194,0.258819045102052,0.));
#8012=DIRECTION('ref_axis',(0.,0.,1.));
#8013=DIRECTION('',(0.250562807085099,0.935113126531368,0.250562807085099));
#8014=DIRECTION('center_axis',(-0.965925826289194,-0.258819045102052,0.));
#8015=DIRECTION('ref_axis',(0.,0.,-1.));
#8016=DIRECTION('',(0.250562807085099,-0.935113126531368,-0.250562807085099));
#8017=DIRECTION('center_axis',(0.,-0.258819045102052,0.965925826289194));
#8018=DIRECTION('ref_axis',(1.,0.,0.));
#8019=DIRECTION('center_axis',(0.,-1.E-16,-1.));
#8020=DIRECTION('ref_axis',(0.,1.,-1.E-16));
#8021=DIRECTION('',(0.,1.,-1.E-16));
#8022=DIRECTION('',(1.,0.,0.));
#8023=DIRECTION('center_axis',(-1.,0.,0.));
#8024=DIRECTION('ref_axis',(0.,0.,1.));
#8025=DIRECTION('',(0.,0.,-1.));
#8026=DIRECTION('',(0.,-1.,2.E-16));
#8027=DIRECTION('',(0.,0.,1.));
#8028=DIRECTION('center_axis',(-1.,0.,0.));
#8029=DIRECTION('ref_axis',(0.,0.,1.));
#8030=DIRECTION('',(0.,0.,1.));
#8031=DIRECTION('',(0.,-1.,2.E-16));
#8032=DIRECTION('',(0.,0.,-1.));
#8033=DIRECTION('center_axis',(0.,2.E-16,1.));
#8034=DIRECTION('ref_axis',(0.,-1.,2.E-16));
#8035=DIRECTION('',(1.,0.,0.));
#8036=DIRECTION('',(1.,0.,0.));
#8037=DIRECTION('center_axis',(0.,1.,0.));
#8038=DIRECTION('ref_axis',(0.,0.,1.));
#8039=DIRECTION('center_axis',(0.,-1.,0.));
#8040=DIRECTION('ref_axis',(0.,0.,-1.));
#8041=DIRECTION('center_axis',(0.,1.,0.));
#8042=DIRECTION('ref_axis',(0.,0.,1.));
#8043=DIRECTION('',(0.,0.,-1.));
#8044=DIRECTION('',(0.,0.,-1.));
#8045=DIRECTION('',(-1.,0.,0.));
#8046=DIRECTION('center_axis',(0.,-2.E-16,-1.));
#8047=DIRECTION('ref_axis',(0.,1.,-2.E-16));
#8048=DIRECTION('',(0.,-1.,2.E-16));
#8049=DIRECTION('',(0.,-1.,2.E-16));
#8050=DIRECTION('',(-1.,0.,0.));
#8051=DIRECTION('center_axis',(0.,1.E-16,1.));
#8052=DIRECTION('ref_axis',(0.,-1.,1.E-16));
#8053=DIRECTION('',(0.,1.,-1.E-16));
#8054=DIRECTION('',(-1.,0.,0.));
#8055=DIRECTION('center_axis',(0.,-1.,0.));
#8056=DIRECTION('ref_axis',(0.,0.,-1.));
#8057=DIRECTION('',(0.,0.,1.));
#8058=DIRECTION('',(0.,0.,1.));
#8059=DIRECTION('center_axis',(1.,0.,0.));
#8060=DIRECTION('ref_axis',(0.,0.,1.));
#8061=DIRECTION('center_axis',(1.,0.,0.));
#8062=DIRECTION('ref_axis',(0.,0.,1.));
#8063=DIRECTION('center_axis',(0.,0.,-1.));
#8064=DIRECTION('ref_axis',(-1.,0.,0.));
#8065=DIRECTION('',(0.,1.,0.));
#8066=DIRECTION('center_axis',(1.,0.,0.));
#8067=DIRECTION('ref_axis',(0.,0.,-1.));
#8068=DIRECTION('',(0.,0.,1.));
#8069=DIRECTION('center_axis',(0.,-1.,0.));
#8070=DIRECTION('ref_axis',(0.,0.,-1.));
#8071=DIRECTION('center_axis',(0.,0.,-1.));
#8072=DIRECTION('ref_axis',(1.,0.,0.));
#8073=DIRECTION('',(0.,1.,0.));
#8074=DIRECTION('center_axis',(1.,0.,0.));
#8075=DIRECTION('ref_axis',(0.,0.,-1.));
#8076=DIRECTION('',(0.,0.,1.));
#8077=DIRECTION('center_axis',(0.,1.,0.));
#8078=DIRECTION('ref_axis',(0.,0.,1.));
#8079=DIRECTION('center_axis',(0.,0.,1.));
#8080=DIRECTION('ref_axis',(1.,0.,0.));
#8081=DIRECTION('center_axis',(0.,0.,1.));
#8082=DIRECTION('ref_axis',(0.853949603005424,-0.520355720182722,0.));
#8083=DIRECTION('',(-1.,0.,0.));
#8084=DIRECTION('',(1.07E-14,-1.,0.));
#8085=DIRECTION('',(1.,0.,0.));
#8086=DIRECTION('center_axis',(0.,0.,1.));
#8087=DIRECTION('ref_axis',(0.530486932763655,-0.847693113200178,0.));
#8088=DIRECTION('center_axis',(0.,0.,1.));
#8089=DIRECTION('ref_axis',(-0.597443168900737,-0.801911254400289,0.));
#8090=DIRECTION('center_axis',(0.,0.,1.));
#8091=DIRECTION('ref_axis',(0.760071414812348,0.649839552801424,0.));
#8092=DIRECTION('center_axis',(0.,0.,1.));
#8093=DIRECTION('ref_axis',(0.784248311038167,-0.620447086086946,0.));
#8094=DIRECTION('center_axis',(0.,0.,1.));
#8095=DIRECTION('ref_axis',(0.629544902398585,-0.776964102043303,0.));
#8096=DIRECTION('',(1.,0.,0.));
#8097=DIRECTION('',(0.,-1.,0.));
#8098=DIRECTION('',(-1.,0.,0.));
#8099=DIRECTION('',(0.,0.,-1.));
#8100=DIRECTION('',(0.,0.,-1.));
#8101=DIRECTION('',(0.,0.,-1.));
#8102=DIRECTION('',(0.,0.,-1.));
#8103=DIRECTION('center_axis',(0.,-1.,0.));
#8104=DIRECTION('ref_axis',(0.,0.,-1.));
#8105=DIRECTION('',(0.,0.,-1.));
#8106=DIRECTION('center_axis',(1.,1.07E-14,0.));
#8107=DIRECTION('ref_axis',(-1.07E-14,1.,0.));
#8108=DIRECTION('',(0.,0.,-1.));
#8109=DIRECTION('center_axis',(0.,1.,0.));
#8110=DIRECTION('ref_axis',(0.,0.,1.));
#8111=DIRECTION('',(0.,0.,-1.));
#8112=DIRECTION('center_axis',(0.,0.,1.));
#8113=DIRECTION('ref_axis',(0.760071414812348,0.649839552801424,0.));
#8114=DIRECTION('',(0.,0.,-1.));
#8115=DIRECTION('',(0.,0.,-1.));
#8116=DIRECTION('center_axis',(0.,0.,1.));
#8117=DIRECTION('ref_axis',(-0.597443168900737,-0.801911254400289,0.));
#8118=DIRECTION('',(0.,0.,-1.));
#8119=DIRECTION('center_axis',(0.,-1.,0.));
#8120=DIRECTION('ref_axis',(0.,0.,-1.));
#8121=DIRECTION('',(-1.,0.,0.));
#8122=DIRECTION('',(0.,0.,-1.));
#8123=DIRECTION('center_axis',(1.,0.,0.));
#8124=DIRECTION('ref_axis',(0.,0.,-1.));
#8125=DIRECTION('',(0.,-1.,0.));
#8126=DIRECTION('',(0.,0.,-1.));
#8127=DIRECTION('center_axis',(0.,1.,0.));
#8128=DIRECTION('ref_axis',(0.,0.,1.));
#8129=DIRECTION('',(1.,0.,0.));
#8130=DIRECTION('',(0.,0.,-1.));
#8131=DIRECTION('center_axis',(0.,0.,1.));
#8132=DIRECTION('ref_axis',(0.629544902398585,-0.776964102043303,0.));
#8133=DIRECTION('',(0.,0.,-1.));
#8134=DIRECTION('center_axis',(0.,0.,1.));
#8135=DIRECTION('ref_axis',(0.784248311038167,-0.620447086086946,0.));
#8136=DIRECTION('center_axis',(0.,0.,1.));
#8137=DIRECTION('ref_axis',(1.,0.,0.));
#8138=DIRECTION('',(0.,0.,-1.));
#8139=DIRECTION('',(0.,0.,-1.));
#8140=DIRECTION('center_axis',(0.,-1.,0.));
#8141=DIRECTION('ref_axis',(0.,0.,-1.));
#8142=DIRECTION('',(0.,0.,-1.));
#8143=DIRECTION('',(-1.,0.,0.));
#8144=DIRECTION('center_axis',(-0.967617272386384,-0.2524218971871,0.));
#8145=DIRECTION('ref_axis',(0.2524218971871,-0.967617272386384,0.));
#8146=DIRECTION('',(0.,0.,-1.));
#8147=DIRECTION('',(-0.2524218971871,0.967617272386384,0.));
#8148=DIRECTION('center_axis',(-0.944557460429552,-0.328346164812192,0.));
#8149=DIRECTION('ref_axis',(0.328346164812192,-0.944557460429552,0.));
#8150=DIRECTION('',(0.,0.,-1.));
#8151=DIRECTION('',(-0.328346164812192,0.944557460429552,0.));
#8152=DIRECTION('center_axis',(0.,-1.,0.));
#8153=DIRECTION('ref_axis',(0.,0.,-1.));
#8154=DIRECTION('',(0.,0.,-1.));
#8155=DIRECTION('',(-1.,0.,0.));
#8156=DIRECTION('center_axis',(0.930670322635773,0.365858921669304,0.));
#8157=DIRECTION('ref_axis',(-0.365858921669304,0.930670322635773,0.));
#8158=DIRECTION('',(0.,0.,-1.));
#8159=DIRECTION('',(0.365858921669304,-0.930670322635773,0.));
#8160=DIRECTION('center_axis',(0.920917203017399,-0.389758265065169,0.));
#8161=DIRECTION('ref_axis',(0.389758265065169,0.920917203017399,0.));
#8162=DIRECTION('',(0.,0.,-1.));
#8163=DIRECTION('',(-0.389758265065169,-0.920917203017399,0.));
#8164=DIRECTION('',(0.,0.,-1.));
#8165=DIRECTION('',(0.,0.,-1.));
#8166=DIRECTION('center_axis',(1.,0.,0.));
#8167=DIRECTION('ref_axis',(0.,0.,-1.));
#8168=DIRECTION('',(0.,0.,-1.));
#8169=DIRECTION('',(0.,-1.,0.));
#8170=DIRECTION('',(0.,0.,-1.));
#8171=DIRECTION('center_axis',(0.,0.,1.));
#8172=DIRECTION('ref_axis',(0.919490988947517,0.393111080032499,0.));
#8173=DIRECTION('',(0.,0.,-1.));
#8174=DIRECTION('center_axis',(-0.930300737781474,0.366797678950187,0.));
#8175=DIRECTION('ref_axis',(-0.366797678950187,-0.930300737781474,0.));
#8176=DIRECTION('',(0.,0.,-1.));
#8177=DIRECTION('',(0.366797678950187,0.930300737781474,0.));
#8178=DIRECTION('center_axis',(0.,-1.,0.));
#8179=DIRECTION('ref_axis',(0.,0.,-1.));
#8180=DIRECTION('',(0.,0.,-1.));
#8181=DIRECTION('',(-1.,0.,0.));
#8182=DIRECTION('center_axis',(0.940093110400032,-0.340917796218374,0.));
#8183=DIRECTION('ref_axis',(0.340917796218374,0.940093110400032,0.));
#8184=DIRECTION('',(-0.340917796218374,-0.940093110400032,0.));
#8185=DIRECTION('center_axis',(0.,0.,1.));
#8186=DIRECTION('ref_axis',(1.,0.,0.));
#8187=DIRECTION('',(0.,0.,-1.));
#8188=DIRECTION('center_axis',(0.,0.,1.));
#8189=DIRECTION('ref_axis',(0.654273525084691,-0.756257994584687,0.));
#8190=DIRECTION('',(0.,0.,-1.));
#8191=DIRECTION('',(0.,0.,-1.));
#8192=DIRECTION('center_axis',(0.,0.,1.));
#8193=DIRECTION('ref_axis',(0.884633875145943,-0.466286292897692,0.));
#8194=DIRECTION('',(0.,0.,-1.));
#8195=DIRECTION('center_axis',(0.,0.,1.));
#8196=DIRECTION('ref_axis',(0.878225583754914,0.478246614246605,0.));
#8197=DIRECTION('',(0.,0.,-1.));
#8198=DIRECTION('center_axis',(0.,0.,1.));
#8199=DIRECTION('ref_axis',(0.9999793121168,0.006432366470522,0.));
#8200=DIRECTION('',(0.,0.,-1.));
#8201=DIRECTION('center_axis',(0.,0.,-1.));
#8202=DIRECTION('ref_axis',(0.983196813123657,-0.18254869669073,0.));
#8203=DIRECTION('',(0.,0.,-1.));
#8204=DIRECTION('',(0.,0.,-1.));
#8205=DIRECTION('center_axis',(0.,0.,-1.));
#8206=DIRECTION('ref_axis',(0.914599592051208,-0.404360713002343,0.));
#8207=DIRECTION('',(0.,0.,-1.));
#8208=DIRECTION('',(0.,0.,-1.));
#8209=DIRECTION('center_axis',(-1.,0.,0.));
#8210=DIRECTION('ref_axis',(0.,0.,1.));
#8211=DIRECTION('',(0.,0.,-1.));
#8212=DIRECTION('',(0.,1.,0.));
#8213=DIRECTION('',(0.,0.,-1.));
#8214=DIRECTION('',(0.,0.,-1.));
#8215=DIRECTION('',(0.,0.,-1.));
#8216=DIRECTION('',(0.,0.,-1.));
#8217=DIRECTION('center_axis',(0.,0.,1.));
#8218=DIRECTION('ref_axis',(0.869140854890606,0.494564631125222,0.));
#8219=DIRECTION('',(0.,0.,-1.));
#8220=DIRECTION('center_axis',(0.,0.,1.));
#8221=DIRECTION('ref_axis',(0.999524280604585,-0.0308417327964566,0.));
#8222=DIRECTION('',(0.,0.,-1.));
#8223=DIRECTION('center_axis',(0.,0.,-1.));
#8224=DIRECTION('ref_axis',(0.985528420492717,-0.169510272258441,0.));
#8225=DIRECTION('',(0.,0.,-1.));
#8226=DIRECTION('',(0.,0.,-1.));
#8227=DIRECTION('center_axis',(0.,0.,-1.));
#8228=DIRECTION('ref_axis',(0.837266990004126,-0.546794282568344,0.));
#8229=DIRECTION('',(0.,0.,-1.));
#8230=DIRECTION('center_axis',(1.,0.,0.));
#8231=DIRECTION('ref_axis',(0.,0.,-1.));
#8232=DIRECTION('',(0.,0.,-1.));
#8233=DIRECTION('',(0.,-1.,0.));
#8234=DIRECTION('center_axis',(0.,0.,1.));
#8235=DIRECTION('ref_axis',(-0.532482749511051,-0.846440855271738,0.));
#8236=DIRECTION('center_axis',(0.,0.,1.));
#8237=DIRECTION('ref_axis',(1.,0.,0.));
#8238=DIRECTION('center_axis',(0.,0.,-1.));
#8239=DIRECTION('ref_axis',(-1.,0.,0.));
#8240=DIRECTION('center_axis',(0.,0.,-1.));
#8241=DIRECTION('ref_axis',(0.63727089248077,0.770639870235613,0.));
#8242=DIRECTION('',(-0.99032860398817,-0.138741688482024,0.));
#8243=DIRECTION('center_axis',(0.,0.,1.));
#8244=DIRECTION('ref_axis',(-0.598948206723837,-0.800787765679708,0.));
#8245=DIRECTION('center_axis',(0.,0.,1.));
#8246=DIRECTION('ref_axis',(0.485909131906484,-0.874009333777327,0.));
#8247=DIRECTION('',(1.,0.,0.));
#8248=DIRECTION('',(0.,-1.,0.));
#8249=DIRECTION('',(1.,0.,0.));
#8250=DIRECTION('',(0.,1.,0.));
#8251=DIRECTION('',(0.,-1.,0.));
#8252=DIRECTION('center_axis',(0.,0.,1.));
#8253=DIRECTION('ref_axis',(0.45217227838046,-0.891930619871425,0.));
#8254=DIRECTION('center_axis',(0.,0.,1.));
#8255=DIRECTION('ref_axis',(-0.596204489284741,-0.802832614532271,0.));
#8256=DIRECTION('center_axis',(0.,0.,1.));
#8257=DIRECTION('ref_axis',(0.786040503100681,-0.61817499746045,0.));
#8258=DIRECTION('',(-0.991068366299874,-0.133354764893118,0.));
#8259=DIRECTION('',(0.,1.,0.));
#8260=DIRECTION('',(0.,0.,-1.));
#8261=DIRECTION('',(0.,0.,-1.));
#8262=DIRECTION('center_axis',(0.138741688482024,-0.99032860398817,0.));
#8263=DIRECTION('ref_axis',(0.99032860398817,0.138741688482024,0.));
#8264=DIRECTION('',(0.,0.,-1.));
#8265=DIRECTION('',(0.,0.,-1.));
#8266=DIRECTION('',(0.,0.,-1.));
#8267=DIRECTION('',(0.,0.,-1.));
#8268=DIRECTION('',(0.,0.,-1.));
#8269=DIRECTION('center_axis',(0.,1.,0.));
#8270=DIRECTION('ref_axis',(0.,0.,1.));
#8271=DIRECTION('',(0.,0.,-1.));
#8272=DIRECTION('center_axis',(1.,0.,0.));
#8273=DIRECTION('ref_axis',(0.,0.,-1.));
#8274=DIRECTION('',(0.,0.,-1.));
#8275=DIRECTION('center_axis',(0.,1.,0.));
#8276=DIRECTION('ref_axis',(0.,0.,1.));
#8277=DIRECTION('',(0.,0.,-1.));
#8278=DIRECTION('center_axis',(-1.,0.,0.));
#8279=DIRECTION('ref_axis',(0.,0.,1.));
#8280=DIRECTION('',(0.,0.,-1.));
#8281=DIRECTION('',(0.,0.,-1.));
#8282=DIRECTION('',(0.,0.,-1.));
#8283=DIRECTION('center_axis',(1.,0.,0.));
#8284=DIRECTION('ref_axis',(0.,0.,-1.));
#8285=DIRECTION('',(0.,0.,-1.));
#8286=DIRECTION('center_axis',(0.,0.,1.));
#8287=DIRECTION('ref_axis',(0.45217227838046,-0.891930619871425,0.));
#8288=DIRECTION('',(0.,0.,-1.));
#8289=DIRECTION('',(0.,0.,-1.));
#8290=DIRECTION('',(0.,0.,-1.));
#8291=DIRECTION('center_axis',(-1.,0.,0.));
#8292=DIRECTION('ref_axis',(0.,0.,1.));
#8293=DIRECTION('',(0.,1.,0.));
#8294=DIRECTION('',(0.,0.,-1.));
#8295=DIRECTION('center_axis',(0.133354764893118,-0.991068366299874,0.));
#8296=DIRECTION('ref_axis',(0.991068366299874,0.133354764893118,0.));
#8297=DIRECTION('',(-0.991068366299874,-0.133354764893118,0.));
#8298=DIRECTION('',(0.,0.,-1.));
#8299=DIRECTION('',(0.,0.,-1.));
#8300=DIRECTION('center_axis',(0.,0.,1.));
#8301=DIRECTION('ref_axis',(0.786040503100681,-0.61817499746045,0.));
#8302=DIRECTION('',(0.,0.,-1.));
#8303=DIRECTION('',(0.,0.,-1.));
#8304=DIRECTION('center_axis',(0.,0.,1.));
#8305=DIRECTION('ref_axis',(-0.596204489284741,-0.802832614532271,0.));
#8306=DIRECTION('center_axis',(0.,0.,1.));
#8307=DIRECTION('ref_axis',(1.,0.,0.));
#8308=DIRECTION('center_axis',(0.,0.,-1.));
#8309=DIRECTION('ref_axis',(-1.,0.,0.));
#8310=DIRECTION('center_axis',(0.,0.,1.));
#8311=DIRECTION('ref_axis',(0.920725708842989,-0.39021041641091,0.));
#8312=DIRECTION('center_axis',(0.,0.,1.));
#8313=DIRECTION('ref_axis',(0.205096093349451,-0.978741841597054,0.));
#8314=DIRECTION('center_axis',(0.,0.,1.));
#8315=DIRECTION('ref_axis',(0.26259953580925,-0.964904909197153,0.));
#8316=DIRECTION('center_axis',(0.,0.,1.));
#8317=DIRECTION('ref_axis',(0.0544811967023225,-0.998514796688503,0.));
#8318=DIRECTION('center_axis',(0.,0.,1.));
#8319=DIRECTION('ref_axis',(0.480678538455723,-0.87689688257404,0.));
#8320=DIRECTION('center_axis',(0.,0.,1.));
#8321=DIRECTION('ref_axis',(-0.51846062914161,-0.855101500425585,0.));
#8322=DIRECTION('',(0.,1.,0.));
#8323=DIRECTION('',(0.884094950247918,0.467307306754485,0.));
#8324=DIRECTION('',(-0.50488304864933,0.863187758941563,0.));
#8325=DIRECTION('',(-0.886348842795962,-0.463018065386502,0.));
#8326=DIRECTION('',(1.,0.,0.));
#8327=DIRECTION('',(-1.,0.,0.));
#8328=DIRECTION('',(1.,0.,0.));
#8329=DIRECTION('center_axis',(0.,0.,1.));
#8330=DIRECTION('ref_axis',(0.303329698809269,-0.952885666709432,0.));
#8331=DIRECTION('center_axis',(0.,0.,1.));
#8332=DIRECTION('ref_axis',(0.29050396008039,-0.95687378957604,0.));
#8333=DIRECTION('',(0.,0.,-1.));
#8334=DIRECTION('',(0.,0.,-1.));
#8335=DIRECTION('',(0.,0.,-1.));
#8336=DIRECTION('',(0.,0.,-1.));
#8337=DIRECTION('',(0.,0.,-1.));
#8338=DIRECTION('',(0.,0.,-1.));
#8339=DIRECTION('',(0.,0.,-1.));
#8340=DIRECTION('',(0.,0.,-1.));
#8341=DIRECTION('',(0.,0.,-1.));
#8342=DIRECTION('',(0.,0.,-1.));
#8343=DIRECTION('',(0.,0.,-1.));
#8344=DIRECTION('',(0.,0.,-1.));
#8345=DIRECTION('',(0.,0.,-1.));
#8346=DIRECTION('center_axis',(-1.,0.,0.));
#8347=DIRECTION('ref_axis',(0.,0.,1.));
#8348=DIRECTION('',(0.,0.,-1.));
#8349=DIRECTION('center_axis',(-0.467307306754485,0.884094950247918,0.));
#8350=DIRECTION('ref_axis',(-0.884094950247918,-0.467307306754485,0.));
#8351=DIRECTION('',(0.,0.,-1.));
#8352=DIRECTION('center_axis',(-0.863187758941564,-0.50488304864933,0.));
#8353=DIRECTION('ref_axis',(0.50488304864933,-0.863187758941563,0.));
#8354=DIRECTION('',(0.,0.,-1.));
#8355=DIRECTION('center_axis',(0.463018065386502,-0.886348842795962,0.));
#8356=DIRECTION('ref_axis',(0.886348842795962,0.463018065386502,0.));
#8357=DIRECTION('',(0.,0.,-1.));
#8358=DIRECTION('',(0.,0.,-1.));
#8359=DIRECTION('',(0.,0.,-1.));
#8360=DIRECTION('',(0.,0.,-1.));
#8361=DIRECTION('',(0.,0.,-1.));
#8362=DIRECTION('',(0.,0.,-1.));
#8363=DIRECTION('',(0.,0.,-1.));
#8364=DIRECTION('',(0.,0.,-1.));
#8365=DIRECTION('center_axis',(0.,1.,0.));
#8366=DIRECTION('ref_axis',(0.,0.,1.));
#8367=DIRECTION('',(0.,0.,-1.));
#8368=DIRECTION('',(0.,0.,-1.));
#8369=DIRECTION('',(0.,0.,-1.));
#8370=DIRECTION('center_axis',(0.,-1.,0.));
#8371=DIRECTION('ref_axis',(0.,0.,-1.));
#8372=DIRECTION('',(0.,0.,-1.));
#8373=DIRECTION('',(0.,0.,-1.));
#8374=DIRECTION('',(0.,0.,-1.));
#8375=DIRECTION('',(0.,0.,-1.));
#8376=DIRECTION('center_axis',(0.,1.,0.));
#8377=DIRECTION('ref_axis',(0.,0.,1.));
#8378=DIRECTION('',(0.,0.,-1.));
#8379=DIRECTION('',(0.,0.,-1.));
#8380=DIRECTION('',(0.,0.,-1.));
#8381=DIRECTION('',(0.,0.,-1.));
#8382=DIRECTION('center_axis',(0.,0.,1.));
#8383=DIRECTION('ref_axis',(1.,0.,0.));
#8384=DIRECTION('center_axis',(0.,0.,1.));
#8385=DIRECTION('ref_axis',(1.,0.,0.));
#8386=DIRECTION('center_axis',(0.,0.,1.));
#8387=DIRECTION('ref_axis',(0.853949602913276,-0.520355720333944,0.));
#8388=DIRECTION('',(-1.,0.,0.));
#8389=DIRECTION('',(2.69E-14,-1.,0.));
#8390=DIRECTION('',(1.,0.,0.));
#8391=DIRECTION('center_axis',(0.,0.,1.));
#8392=DIRECTION('ref_axis',(0.53048693264866,-0.847693113272142,0.));
#8393=DIRECTION('center_axis',(0.,0.,1.));
#8394=DIRECTION('ref_axis',(-0.597443168904592,-0.801911254397417,0.));
#8395=DIRECTION('center_axis',(0.,0.,1.));
#8396=DIRECTION('ref_axis',(0.760071414675434,0.649839552961564,0.));
#8397=DIRECTION('center_axis',(0.,0.,1.));
#8398=DIRECTION('ref_axis',(0.784248311042086,-0.620447086081993,0.));
#8399=DIRECTION('center_axis',(0.,0.,1.));
#8400=DIRECTION('ref_axis',(0.629544902370395,-0.776964102066144,0.));
#8401=DIRECTION('',(1.,0.,0.));
#8402=DIRECTION('',(0.,-1.,0.));
#8403=DIRECTION('',(-1.,0.,0.));
#8404=DIRECTION('',(0.,0.,-1.));
#8405=DIRECTION('',(0.,0.,-1.));
#8406=DIRECTION('',(0.,0.,-1.));
#8407=DIRECTION('',(0.,0.,-1.));
#8408=DIRECTION('center_axis',(0.,-1.,0.));
#8409=DIRECTION('ref_axis',(0.,0.,-1.));
#8410=DIRECTION('',(0.,0.,-1.));
#8411=DIRECTION('center_axis',(1.,2.69E-14,0.));
#8412=DIRECTION('ref_axis',(-2.69E-14,1.,0.));
#8413=DIRECTION('',(0.,0.,-1.));
#8414=DIRECTION('center_axis',(0.,1.,0.));
#8415=DIRECTION('ref_axis',(0.,0.,1.));
#8416=DIRECTION('',(0.,0.,-1.));
#8417=DIRECTION('center_axis',(0.,0.,1.));
#8418=DIRECTION('ref_axis',(0.760071414675434,0.649839552961564,0.));
#8419=DIRECTION('',(0.,0.,-1.));
#8420=DIRECTION('',(0.,0.,-1.));
#8421=DIRECTION('center_axis',(0.,0.,1.));
#8422=DIRECTION('ref_axis',(-0.597443168904592,-0.801911254397417,0.));
#8423=DIRECTION('',(0.,0.,-1.));
#8424=DIRECTION('center_axis',(0.,-1.,0.));
#8425=DIRECTION('ref_axis',(0.,0.,-1.));
#8426=DIRECTION('',(-1.,0.,0.));
#8427=DIRECTION('',(0.,0.,-1.));
#8428=DIRECTION('center_axis',(1.,0.,0.));
#8429=DIRECTION('ref_axis',(0.,0.,-1.));
#8430=DIRECTION('',(0.,-1.,0.));
#8431=DIRECTION('',(0.,0.,-1.));
#8432=DIRECTION('center_axis',(0.,1.,0.));
#8433=DIRECTION('ref_axis',(0.,0.,1.));
#8434=DIRECTION('',(1.,0.,0.));
#8435=DIRECTION('',(0.,0.,-1.));
#8436=DIRECTION('center_axis',(0.,0.,1.));
#8437=DIRECTION('ref_axis',(0.629544902370395,-0.776964102066144,0.));
#8438=DIRECTION('',(0.,0.,-1.));
#8439=DIRECTION('center_axis',(0.,0.,1.));
#8440=DIRECTION('ref_axis',(0.784248311042086,-0.620447086081993,0.));
#8441=DIRECTION('center_axis',(0.,0.,1.));
#8442=DIRECTION('ref_axis',(1.,0.,0.));
#8443=DIRECTION('',(0.,0.,-1.));
#8444=DIRECTION('center_axis',(0.,0.,-1.));
#8445=DIRECTION('ref_axis',(0.49674682886925,0.867895493713583,0.));
#8446=DIRECTION('',(0.,0.,-1.));
#8447=DIRECTION('',(0.,0.,-1.));
#8448=DIRECTION('',(0.,0.,-1.));
#8449=DIRECTION('',(0.,0.,-1.));
#8450=DIRECTION('',(0.,0.,-1.));
#8451=DIRECTION('center_axis',(-1.,0.,0.));
#8452=DIRECTION('ref_axis',(0.,0.,1.));
#8453=DIRECTION('',(0.,0.,-1.));
#8454=DIRECTION('',(0.,1.,0.));
#8455=DIRECTION('',(0.,0.,-1.));
#8456=DIRECTION('center_axis',(0.,0.,1.));
#8457=DIRECTION('ref_axis',(0.784633149866918,0.619960337545813,0.));
#8458=DIRECTION('',(0.,0.,-1.));
#8459=DIRECTION('',(0.,0.,-1.));
#8460=DIRECTION('',(0.,0.,-1.));
#8461=DIRECTION('center_axis',(0.,0.,1.));
#8462=DIRECTION('ref_axis',(0.821258604495049,0.570556136188934,0.));
#8463=DIRECTION('',(0.,0.,-1.));
#8464=DIRECTION('',(0.,0.,-1.));
#8465=DIRECTION('center_axis',(-1.,0.,0.));
#8466=DIRECTION('ref_axis',(0.,0.,1.));
#8467=DIRECTION('',(0.,0.,-1.));
#8468=DIRECTION('',(0.,1.,0.));
#8469=DIRECTION('center_axis',(0.,0.,-1.));
#8470=DIRECTION('ref_axis',(-0.503601089863889,0.863936306846693,0.));
#8471=DIRECTION('center_axis',(0.,0.,-1.));
#8472=DIRECTION('ref_axis',(-1.,0.,0.));
#8473=DIRECTION('center_axis',(0.,0.,-1.));
#8474=DIRECTION('ref_axis',(-1.,0.,0.));
#8475=DIRECTION('',(-1.,0.,0.));
#8476=DIRECTION('',(-0.355935724369359,-0.934510438741943,0.));
#8477=DIRECTION('',(1.,0.,0.));
#8478=DIRECTION('',(0.331528418357368,0.943445233080046,0.));
#8479=DIRECTION('',(1.,0.,0.));
#8480=DIRECTION('',(0.349395479497359,-0.936975345943964,0.));
#8481=DIRECTION('',(1.,0.,0.));
#8482=DIRECTION('',(-0.355935724364328,0.93451043874386,0.));
#8483=DIRECTION('',(-1.,0.,0.));
#8484=DIRECTION('',(-0.341603830690292,0.939844041773803,0.));
#8485=DIRECTION('',(1.,0.,0.));
#8486=DIRECTION('',(-0.338535034295301,-0.940953787682838,0.));
#8487=DIRECTION('center_axis',(0.,-1.,0.));
#8488=DIRECTION('ref_axis',(0.,0.,-1.));
#8489=DIRECTION('',(0.,0.,-1.));
#8490=DIRECTION('',(0.,0.,-1.));
#8491=DIRECTION('center_axis',(0.934510438741944,-0.355935724369359,0.));
#8492=DIRECTION('ref_axis',(0.355935724369359,0.934510438741943,0.));
#8493=DIRECTION('',(0.,0.,-1.));
#8494=DIRECTION('center_axis',(0.,1.,0.));
#8495=DIRECTION('ref_axis',(0.,0.,1.));
#8496=DIRECTION('',(0.,0.,-1.));
#8497=DIRECTION('center_axis',(-0.943445233080046,0.331528418357368,0.));
#8498=DIRECTION('ref_axis',(-0.331528418357368,-0.943445233080046,0.));
#8499=DIRECTION('',(0.,0.,-1.));
#8500=DIRECTION('center_axis',(0.,1.,0.));
#8501=DIRECTION('ref_axis',(0.,0.,1.));
#8502=DIRECTION('',(0.,0.,-1.));
#8503=DIRECTION('center_axis',(0.936975345943964,0.349395479497359,0.));
#8504=DIRECTION('ref_axis',(-0.349395479497359,0.936975345943964,0.));
#8505=DIRECTION('',(0.,0.,-1.));
#8506=DIRECTION('center_axis',(0.,1.,0.));
#8507=DIRECTION('ref_axis',(0.,0.,1.));
#8508=DIRECTION('',(0.,0.,-1.));
#8509=DIRECTION('center_axis',(-0.93451043874386,-0.355935724364328,0.));
#8510=DIRECTION('ref_axis',(0.355935724364328,-0.93451043874386,0.));
#8511=DIRECTION('',(0.,0.,-1.));
#8512=DIRECTION('',(0.,0.,-1.));
#8513=DIRECTION('center_axis',(0.940953787682838,-0.338535034295301,0.));
#8514=DIRECTION('ref_axis',(0.338535034295301,0.940953787682838,0.));
#8515=DIRECTION('',(-0.338535034295301,-0.940953787682838,0.));
#8516=DIRECTION('',(0.,0.,-1.));
#8517=DIRECTION('center_axis',(0.,1.,0.));
#8518=DIRECTION('ref_axis',(0.,0.,1.));
#8519=DIRECTION('',(1.,0.,0.));
#8520=DIRECTION('',(0.,0.,-1.));
#8521=DIRECTION('center_axis',(-0.939844041773803,-0.341603830690292,0.));
#8522=DIRECTION('ref_axis',(0.341603830690292,-0.939844041773803,0.));
#8523=DIRECTION('',(-0.341603830690292,0.939844041773803,0.));
#8524=DIRECTION('',(0.,0.,-1.));
#8525=DIRECTION('',(0.,0.,-1.));
#8526=DIRECTION('center_axis',(0.,-1.,0.));
#8527=DIRECTION('ref_axis',(0.,0.,-1.));
#8528=DIRECTION('',(-1.,0.,0.));
#8529=DIRECTION('center_axis',(0.,0.,1.));
#8530=DIRECTION('ref_axis',(1.,0.,0.));
#8531=DIRECTION('center_axis',(0.,-1.,0.));
#8532=DIRECTION('ref_axis',(0.,0.,-1.));
#8533=DIRECTION('',(0.,0.,-1.));
#8534=DIRECTION('',(-1.,0.,0.));
#8535=DIRECTION('',(0.,0.,-1.));
#8536=DIRECTION('center_axis',(-1.,0.,0.));
#8537=DIRECTION('ref_axis',(0.,0.,1.));
#8538=DIRECTION('',(0.,0.,-1.));
#8539=DIRECTION('',(0.,1.,0.));
#8540=DIRECTION('center_axis',(0.,1.,0.));
#8541=DIRECTION('ref_axis',(0.,0.,1.));
#8542=DIRECTION('',(0.,0.,-1.));
#8543=DIRECTION('',(1.,0.,0.));
#8544=DIRECTION('center_axis',(-1.,0.,0.));
#8545=DIRECTION('ref_axis',(0.,0.,1.));
#8546=DIRECTION('',(0.,0.,-1.));
#8547=DIRECTION('',(0.,1.,0.));
#8548=DIRECTION('center_axis',(0.,-1.,0.));
#8549=DIRECTION('ref_axis',(0.,0.,-1.));
#8550=DIRECTION('',(0.,0.,-1.));
#8551=DIRECTION('',(-1.,0.,0.));
#8552=DIRECTION('center_axis',(-1.,0.,0.));
#8553=DIRECTION('ref_axis',(0.,0.,1.));
#8554=DIRECTION('',(0.,0.,-1.));
#8555=DIRECTION('',(0.,1.,0.));
#8556=DIRECTION('center_axis',(0.,1.,0.));
#8557=DIRECTION('ref_axis',(0.,0.,1.));
#8558=DIRECTION('',(0.,0.,-1.));
#8559=DIRECTION('',(1.,0.,0.));
#8560=DIRECTION('center_axis',(-1.,0.,0.));
#8561=DIRECTION('ref_axis',(0.,0.,1.));
#8562=DIRECTION('',(0.,0.,-1.));
#8563=DIRECTION('',(0.,1.,0.));
#8564=DIRECTION('center_axis',(0.,-1.,0.));
#8565=DIRECTION('ref_axis',(0.,0.,-1.));
#8566=DIRECTION('',(0.,0.,-1.));
#8567=DIRECTION('',(-1.,0.,0.));
#8568=DIRECTION('center_axis',(1.,1.61E-14,0.));
#8569=DIRECTION('ref_axis',(-1.61E-14,1.,0.));
#8570=DIRECTION('',(0.,0.,-1.));
#8571=DIRECTION('',(1.61E-14,-1.,0.));
#8572=DIRECTION('center_axis',(0.,1.,0.));
#8573=DIRECTION('ref_axis',(0.,0.,1.));
#8574=DIRECTION('',(0.,0.,-1.));
#8575=DIRECTION('',(1.,0.,0.));
#8576=DIRECTION('center_axis',(-1.,0.,0.));
#8577=DIRECTION('ref_axis',(0.,0.,1.));
#8578=DIRECTION('',(0.,1.,0.));
#8579=DIRECTION('center_axis',(0.,0.,-1.));
#8580=DIRECTION('ref_axis',(-1.,0.,0.));
#8581=DIRECTION('center_axis',(0.,-1.,0.));
#8582=DIRECTION('ref_axis',(0.,0.,-1.));
#8583=DIRECTION('',(0.,0.,-1.));
#8584=DIRECTION('',(-1.,0.,0.));
#8585=DIRECTION('',(0.,0.,-1.));
#8586=DIRECTION('center_axis',(-1.,0.,0.));
#8587=DIRECTION('ref_axis',(0.,0.,1.));
#8588=DIRECTION('',(0.,0.,-1.));
#8589=DIRECTION('',(0.,1.,0.));
#8590=DIRECTION('center_axis',(0.,1.,0.));
#8591=DIRECTION('ref_axis',(0.,0.,1.));
#8592=DIRECTION('',(0.,0.,-1.));
#8593=DIRECTION('',(1.,0.,0.));
#8594=DIRECTION('center_axis',(-1.,0.,0.));
#8595=DIRECTION('ref_axis',(0.,0.,1.));
#8596=DIRECTION('',(0.,0.,-1.));
#8597=DIRECTION('',(0.,1.,0.));
#8598=DIRECTION('center_axis',(0.,-1.,0.));
#8599=DIRECTION('ref_axis',(0.,0.,-1.));
#8600=DIRECTION('',(0.,0.,-1.));
#8601=DIRECTION('',(-1.,0.,0.));
#8602=DIRECTION('center_axis',(-1.,0.,0.));
#8603=DIRECTION('ref_axis',(0.,0.,1.));
#8604=DIRECTION('',(0.,0.,-1.));
#8605=DIRECTION('',(0.,1.,0.));
#8606=DIRECTION('center_axis',(0.,1.,0.));
#8607=DIRECTION('ref_axis',(0.,0.,1.));
#8608=DIRECTION('',(0.,0.,-1.));
#8609=DIRECTION('',(1.,0.,0.));
#8610=DIRECTION('center_axis',(-1.,0.,0.));
#8611=DIRECTION('ref_axis',(0.,0.,1.));
#8612=DIRECTION('',(0.,0.,-1.));
#8613=DIRECTION('',(0.,1.,0.));
#8614=DIRECTION('center_axis',(0.,-1.,0.));
#8615=DIRECTION('ref_axis',(0.,0.,-1.));
#8616=DIRECTION('',(0.,0.,-1.));
#8617=DIRECTION('',(-1.,0.,0.));
#8618=DIRECTION('center_axis',(1.,0.,0.));
#8619=DIRECTION('ref_axis',(0.,0.,-1.));
#8620=DIRECTION('',(0.,0.,-1.));
#8621=DIRECTION('',(0.,-1.,0.));
#8622=DIRECTION('center_axis',(0.,1.,0.));
#8623=DIRECTION('ref_axis',(0.,0.,1.));
#8624=DIRECTION('',(0.,0.,-1.));
#8625=DIRECTION('',(1.,0.,0.));
#8626=DIRECTION('center_axis',(-1.,0.,0.));
#8627=DIRECTION('ref_axis',(0.,0.,1.));
#8628=DIRECTION('',(0.,1.,0.));
#8629=DIRECTION('center_axis',(0.,0.,-1.));
#8630=DIRECTION('ref_axis',(-1.,0.,0.));
#8631=DIRECTION('center_axis',(0.,0.,-1.));
#8632=DIRECTION('ref_axis',(-1.,0.,0.));
#8633=DIRECTION('',(-1.,0.,0.));
#8634=DIRECTION('',(-0.355935724364328,-0.93451043874386,0.));
#8635=DIRECTION('',(1.,0.,0.));
#8636=DIRECTION('',(0.331528418350199,0.943445233082565,0.));
#8637=DIRECTION('',(1.,2.58E-14,0.));
#8638=DIRECTION('',(0.349395479469176,-0.936975345954473,0.));
#8639=DIRECTION('',(1.,2.26E-13,0.));
#8640=DIRECTION('',(-0.355935724369359,0.934510438741943,0.));
#8641=DIRECTION('',(-1.,0.,0.));
#8642=DIRECTION('',(-0.341603830681379,0.939844041777043,0.));
#8643=DIRECTION('',(1.,0.,0.));
#8644=DIRECTION('',(-0.338535034314035,-0.940953787676098,0.));
#8645=DIRECTION('center_axis',(0.,-1.,0.));
#8646=DIRECTION('ref_axis',(0.,0.,-1.));
#8647=DIRECTION('',(0.,0.,-1.));
#8648=DIRECTION('',(0.,0.,-1.));
#8649=DIRECTION('center_axis',(0.93451043874386,-0.355935724364328,0.));
#8650=DIRECTION('ref_axis',(0.355935724364328,0.93451043874386,0.));
#8651=DIRECTION('',(0.,0.,-1.));
#8652=DIRECTION('center_axis',(0.,1.,0.));
#8653=DIRECTION('ref_axis',(0.,0.,1.));
#8654=DIRECTION('',(0.,0.,-1.));
#8655=DIRECTION('center_axis',(-0.943445233082565,0.331528418350199,0.));
#8656=DIRECTION('ref_axis',(-0.331528418350199,-0.943445233082565,0.));
#8657=DIRECTION('',(0.,0.,-1.));
#8658=DIRECTION('center_axis',(-2.58E-14,1.,0.));
#8659=DIRECTION('ref_axis',(-1.,-2.58E-14,0.));
#8660=DIRECTION('',(0.,0.,-1.));
#8661=DIRECTION('center_axis',(0.936975345954473,0.349395479469176,0.));
#8662=DIRECTION('ref_axis',(-0.349395479469176,0.936975345954473,0.));
#8663=DIRECTION('',(0.,0.,-1.));
#8664=DIRECTION('center_axis',(-2.26E-13,1.,0.));
#8665=DIRECTION('ref_axis',(-1.,-2.26E-13,0.));
#8666=DIRECTION('',(0.,0.,-1.));
#8667=DIRECTION('center_axis',(-0.934510438741944,-0.355935724369359,0.));
#8668=DIRECTION('ref_axis',(0.355935724369359,-0.934510438741943,0.));
#8669=DIRECTION('',(0.,0.,-1.));
#8670=DIRECTION('',(0.,0.,-1.));
#8671=DIRECTION('center_axis',(0.940953787676098,-0.338535034314035,0.));
#8672=DIRECTION('ref_axis',(0.338535034314035,0.940953787676098,0.));
#8673=DIRECTION('',(-0.338535034314035,-0.940953787676098,0.));
#8674=DIRECTION('',(0.,0.,-1.));
#8675=DIRECTION('center_axis',(0.,1.,0.));
#8676=DIRECTION('ref_axis',(0.,0.,1.));
#8677=DIRECTION('',(1.,0.,0.));
#8678=DIRECTION('',(0.,0.,-1.));
#8679=DIRECTION('center_axis',(-0.939844041777043,-0.341603830681379,0.));
#8680=DIRECTION('ref_axis',(0.341603830681379,-0.939844041777043,0.));
#8681=DIRECTION('',(-0.341603830681379,0.939844041777043,0.));
#8682=DIRECTION('',(0.,0.,-1.));
#8683=DIRECTION('',(0.,0.,-1.));
#8684=DIRECTION('center_axis',(0.,-1.,0.));
#8685=DIRECTION('ref_axis',(0.,0.,-1.));
#8686=DIRECTION('',(-1.,0.,0.));
#8687=DIRECTION('center_axis',(0.,0.,1.));
#8688=DIRECTION('ref_axis',(1.,0.,0.));
#8689=DIRECTION('center_axis',(0.,-1.,0.));
#8690=DIRECTION('ref_axis',(0.,0.,-1.));
#8691=DIRECTION('',(0.,0.,-1.));
#8692=DIRECTION('',(-1.,0.,0.));
#8693=DIRECTION('',(0.,0.,-1.));
#8694=DIRECTION('center_axis',(-1.,0.,0.));
#8695=DIRECTION('ref_axis',(0.,0.,1.));
#8696=DIRECTION('',(0.,0.,-1.));
#8697=DIRECTION('',(0.,1.,0.));
#8698=DIRECTION('center_axis',(0.,1.,0.));
#8699=DIRECTION('ref_axis',(0.,0.,1.));
#8700=DIRECTION('',(0.,0.,-1.));
#8701=DIRECTION('',(1.,0.,0.));
#8702=DIRECTION('center_axis',(-1.,0.,0.));
#8703=DIRECTION('ref_axis',(0.,0.,1.));
#8704=DIRECTION('',(0.,0.,-1.));
#8705=DIRECTION('',(0.,1.,0.));
#8706=DIRECTION('center_axis',(0.,-1.,0.));
#8707=DIRECTION('ref_axis',(0.,0.,-1.));
#8708=DIRECTION('',(0.,0.,-1.));
#8709=DIRECTION('',(-1.,0.,0.));
#8710=DIRECTION('center_axis',(-1.,-6.72E-14,0.));
#8711=DIRECTION('ref_axis',(6.72E-14,-1.,0.));
#8712=DIRECTION('',(0.,0.,-1.));
#8713=DIRECTION('',(-6.72E-14,1.,0.));
#8714=DIRECTION('center_axis',(0.,1.,0.));
#8715=DIRECTION('ref_axis',(0.,0.,1.));
#8716=DIRECTION('',(0.,0.,-1.));
#8717=DIRECTION('',(1.,0.,0.));
#8718=DIRECTION('center_axis',(-1.,0.,0.));
#8719=DIRECTION('ref_axis',(0.,0.,1.));
#8720=DIRECTION('',(0.,0.,-1.));
#8721=DIRECTION('',(0.,1.,0.));
#8722=DIRECTION('center_axis',(0.,-1.,0.));
#8723=DIRECTION('ref_axis',(0.,0.,-1.));
#8724=DIRECTION('',(0.,0.,-1.));
#8725=DIRECTION('',(-1.,0.,0.));
#8726=DIRECTION('center_axis',(1.,0.,0.));
#8727=DIRECTION('ref_axis',(0.,0.,-1.));
#8728=DIRECTION('',(0.,0.,-1.));
#8729=DIRECTION('',(0.,-1.,0.));
#8730=DIRECTION('center_axis',(-4.E-14,1.,0.));
#8731=DIRECTION('ref_axis',(-1.,-4.E-14,0.));
#8732=DIRECTION('',(0.,0.,-1.));
#8733=DIRECTION('',(1.,4.E-14,0.));
#8734=DIRECTION('center_axis',(-1.,0.,0.));
#8735=DIRECTION('ref_axis',(0.,0.,1.));
#8736=DIRECTION('',(0.,1.,0.));
#8737=DIRECTION('center_axis',(0.,0.,-1.));
#8738=DIRECTION('ref_axis',(-1.,0.,0.));
#8739=DIRECTION('center_axis',(0.,-1.,0.));
#8740=DIRECTION('ref_axis',(0.,0.,-1.));
#8741=DIRECTION('',(0.,0.,-1.));
#8742=DIRECTION('',(-1.,0.,0.));
#8743=DIRECTION('',(0.,0.,-1.));
#8744=DIRECTION('center_axis',(-1.,0.,0.));
#8745=DIRECTION('ref_axis',(0.,0.,1.));
#8746=DIRECTION('',(0.,0.,-1.));
#8747=DIRECTION('',(0.,1.,0.));
#8748=DIRECTION('center_axis',(0.,-1.,0.));
#8749=DIRECTION('ref_axis',(0.,0.,-1.));
#8750=DIRECTION('',(0.,0.,-1.));
#8751=DIRECTION('',(-1.,0.,0.));
#8752=DIRECTION('center_axis',(1.,1.07E-14,0.));
#8753=DIRECTION('ref_axis',(-1.07E-14,1.,0.));
#8754=DIRECTION('',(0.,0.,-1.));
#8755=DIRECTION('',(1.07E-14,-1.,0.));
#8756=DIRECTION('center_axis',(0.,1.,0.));
#8757=DIRECTION('ref_axis',(0.,0.,1.));
#8758=DIRECTION('',(0.,0.,-1.));
#8759=DIRECTION('',(1.,0.,0.));
#8760=DIRECTION('center_axis',(-1.,0.,0.));
#8761=DIRECTION('ref_axis',(0.,0.,1.));
#8762=DIRECTION('',(0.,1.,0.));
#8763=DIRECTION('center_axis',(0.,0.,-1.));
#8764=DIRECTION('ref_axis',(-1.,0.,0.));
#8765=DIRECTION('',(0.,0.,1.));
#8766=DIRECTION('',(1.,0.,0.));
#8767=DIRECTION('',(0.,0.,1.));
#8768=DIRECTION('',(1.,0.,0.));
#8769=CARTESIAN_POINT('',(0.,0.,0.));
#8770=CARTESIAN_POINT('',(0.,0.,0.));
#8771=CARTESIAN_POINT('',(0.,0.,0.));
#8772=CARTESIAN_POINT('Origin',(-3.95,-6.099999999999,2.75));
#8773=CARTESIAN_POINT('',(2.32,-3.899999999999,2.75));
#8774=CARTESIAN_POINT('',(1.3,-3.899999999999,2.75));
#8775=CARTESIAN_POINT('',(1.3,-3.899999999999,2.75));
#8776=CARTESIAN_POINT('',(1.3,0.,2.75));
#8777=CARTESIAN_POINT('',(1.3,0.,2.75));
#8778=CARTESIAN_POINT('',(-1.3,0.,2.75));
#8779=CARTESIAN_POINT('',(-3.95,0.,2.75));
#8780=CARTESIAN_POINT('',(-1.3,-3.899999999999,2.75));
#8781=CARTESIAN_POINT('',(-1.3,0.,2.75));
#8782=CARTESIAN_POINT('',(-2.32,-3.899999999999,2.75));
#8783=CARTESIAN_POINT('',(-1.3,-3.899999999999,2.75));
#8784=CARTESIAN_POINT('',(-2.32,0.,2.75));
#8785=CARTESIAN_POINT('',(-2.32,0.,2.75));
#8786=CARTESIAN_POINT('',(-3.95,0.,2.75));
#8787=CARTESIAN_POINT('',(-3.95,0.,2.75));
#8788=CARTESIAN_POINT('',(-3.95,-5.299999999999,2.75));
#8789=CARTESIAN_POINT('',(-3.95,-6.099999999999,2.75));
#8790=CARTESIAN_POINT('',(-3.02,-5.299999999999,2.75));
#8791=CARTESIAN_POINT('',(2.537877292636,-5.299999999999,2.75));
#8792=CARTESIAN_POINT('',(-3.02,-6.099999999999,2.75));
#8793=CARTESIAN_POINT('',(-3.02,-6.099999999999,2.75));
#8794=CARTESIAN_POINT('',(3.02,-6.099999999999,2.75));
#8795=CARTESIAN_POINT('',(-3.95,-6.099999999999,2.75));
#8796=CARTESIAN_POINT('',(3.02,-5.299999999999,2.75));
#8797=CARTESIAN_POINT('',(3.02,-6.099999999999,2.75));
#8798=CARTESIAN_POINT('',(3.95,-5.299999999999,2.75));
#8799=CARTESIAN_POINT('',(-8.577877292636,-5.299999999999,2.75));
#8800=CARTESIAN_POINT('',(3.949999999999,0.,2.75));
#8801=CARTESIAN_POINT('',(3.949999999999,-6.099999999999,2.75));
#8802=CARTESIAN_POINT('',(2.32,0.,2.75));
#8803=CARTESIAN_POINT('',(-3.95,0.,2.75));
#8804=CARTESIAN_POINT('',(2.32,0.,2.75));
#8805=CARTESIAN_POINT('',(0.464134167278,-5.347609493164,2.75));
#8806=CARTESIAN_POINT('',(0.395802914432,-5.357182470616,2.75));
#8807=CARTESIAN_POINT('',(0.395802914432,-5.357182470616,2.75));
#8808=CARTESIAN_POINT('',(0.417424639367,-5.291161936465,2.75));
#8809=CARTESIAN_POINT('Origin',(-12.766711188238,-21.280374400686,2.75));
#8810=CARTESIAN_POINT('',(0.341831127763,-5.319055612145,2.75));
#8811=CARTESIAN_POINT('Ctrl Pts',(0.341831127763,-5.319055612145,2.75));
#8812=CARTESIAN_POINT('Ctrl Pts',(0.364608212046,-5.300569862582,2.75));
#8813=CARTESIAN_POINT('Ctrl Pts',(0.389778540691,-5.291161936465,2.75));
#8814=CARTESIAN_POINT('Ctrl Pts',(0.417424639367,-5.291161936465,2.75));
#8815=CARTESIAN_POINT('',(0.341831127763,-5.279773394324,2.75));
#8816=CARTESIAN_POINT('',(0.341831127763,-5.319055612145,2.75));
#8817=CARTESIAN_POINT('',(0.42122082008,-5.258316720725,2.75));
#8818=CARTESIAN_POINT('Ctrl Pts',(0.42122082008,-5.258316720725,2.75));
#8819=CARTESIAN_POINT('Ctrl Pts',(0.391181477042,-5.258316720725,2.75));
#8820=CARTESIAN_POINT('Ctrl Pts',(0.364690737713,-5.265413928147,2.75));
#8821=CARTESIAN_POINT('Ctrl Pts',(0.341831127763,-5.279773394324,2.75));
#8822=CARTESIAN_POINT('',(0.504571744446,-5.345793928477,2.75));
#8823=CARTESIAN_POINT('Ctrl Pts',(0.504571744446,-5.345793928477,2.75));
#8824=CARTESIAN_POINT('Ctrl Pts',(0.504571744446,-5.287365755751,2.75));
#8825=CARTESIAN_POINT('Ctrl Pts',(0.476760594434,-5.258316720725,2.75));
#8826=CARTESIAN_POINT('Ctrl Pts',(0.42122082008,-5.258316720725,2.75));
#8827=CARTESIAN_POINT('',(0.504571744446,-5.494175078979,2.75));
#8828=CARTESIAN_POINT('',(0.504571744446,-5.345793928477,2.75));
#8829=CARTESIAN_POINT('',(0.464134167278,-5.494175078979,2.75));
#8830=CARTESIAN_POINT('',(0.504571744446,-5.494175078979,2.75));
#8831=CARTESIAN_POINT('',(0.464134167278,-5.458523990539,2.75));
#8832=CARTESIAN_POINT('',(0.464134167278,-5.494175078979,2.75));
#8833=CARTESIAN_POINT('',(0.463061333598,-5.458523990539,2.75));
#8834=CARTESIAN_POINT('',(0.464134167278,-5.458523990539,2.75));
#8835=CARTESIAN_POINT('',(0.392419362057,-5.499621773047,2.75));
#8836=CARTESIAN_POINT('Origin',(-2.80422840290726,0.331449354534634,2.75));
#8837=CARTESIAN_POINT('',(0.33910778073,-5.481466126156,2.75));
#8838=CARTESIAN_POINT('Origin',(6.04160621263141,2.13235871214827,2.75));
#8839=CARTESIAN_POINT('',(0.319301620484,-5.432445879548,2.75));
#8840=CARTESIAN_POINT('Ctrl Pts',(0.319301620484,-5.432445879548,2.75));
#8841=CARTESIAN_POINT('Ctrl Pts',(0.319301620484,-5.453077296471,2.75));
#8842=CARTESIAN_POINT('Ctrl Pts',(0.3259036739,-5.469417378674,2.75));
#8843=CARTESIAN_POINT('Ctrl Pts',(0.33910778073,-5.481466126156,2.75));
#8844=CARTESIAN_POINT('Ctrl Pts',(0.395802914432,-5.357182470616,2.75));
#8845=CARTESIAN_POINT('Ctrl Pts',(0.344802051801,-5.364279678038,2.75));
#8846=CARTESIAN_POINT('Ctrl Pts',(0.319301620484,-5.389367481015,2.75));
#8847=CARTESIAN_POINT('Ctrl Pts',(0.319301620484,-5.432445879548,2.75));
#8848=CARTESIAN_POINT('',(1.094217640082,-4.816474295919,2.75));
#8849=CARTESIAN_POINT('',(1.045527496146,-4.701928669167,2.75));
#8850=CARTESIAN_POINT('Ctrl Pts',(1.094217640082,-4.816474295919,2.75));
#8851=CARTESIAN_POINT('Ctrl Pts',(1.094217640082,-4.768609408661,2.75));
#8852=CARTESIAN_POINT('Ctrl Pts',(1.077960083549,-4.730482550188,2.75));
#8853=CARTESIAN_POINT('Ctrl Pts',(1.045527496146,-4.701928669167,2.75));
#8854=CARTESIAN_POINT('',(1.045527496146,-4.936796719411,2.75));
#8855=CARTESIAN_POINT('Origin',(-35.2854409712368,17.2488675389639,2.75));
#8856=CARTESIAN_POINT('',(0.920171006927,-4.982020785303,2.75));
#8857=CARTESIAN_POINT('Origin',(-16.5860097585486,23.1796530244205,2.75));
#8858=CARTESIAN_POINT('',(0.831373388494,-4.982020785303,2.75));
#8859=CARTESIAN_POINT('',(0.920171006927,-4.982020785303,2.75));
#8860=CARTESIAN_POINT('',(0.831373388494,-4.659180373305,2.75));
#8861=CARTESIAN_POINT('',(0.831373388494,-4.982020785303,2.75));
#8862=CARTESIAN_POINT('',(0.923472033635,-4.659180373305,2.75));
#8863=CARTESIAN_POINT('',(0.831373388494,-4.659180373305,2.75));
#8864=CARTESIAN_POINT('Ctrl Pts',(1.045527496146,-4.701928669167,2.75));
#8865=CARTESIAN_POINT('Ctrl Pts',(1.013094908744,-4.673374788147,2.75));
#8866=CARTESIAN_POINT('Ctrl Pts',(0.972409754574,-4.659180373305,2.75));
#8867=CARTESIAN_POINT('Ctrl Pts',(0.923472033635,-4.659180373305,2.75));
#8868=CARTESIAN_POINT('',(0.365846097061,-4.916330353823,2.75));
#8869=CARTESIAN_POINT('',(0.334156240669,-4.824231708682,2.75));
#8870=CARTESIAN_POINT('Ctrl Pts',(0.365846097061,-4.916330353823,2.75));
#8871=CARTESIAN_POINT('Ctrl Pts',(0.344719526132,-4.89355326954,2.75));
#8872=CARTESIAN_POINT('Ctrl Pts',(0.334156240669,-4.86285372116,2.75));
#8873=CARTESIAN_POINT('Ctrl Pts',(0.334156240669,-4.824231708682,2.75));
#8874=CARTESIAN_POINT('',(0.448784393088,-4.950330928912,2.75));
#8875=CARTESIAN_POINT('Origin',(5.68374355318544,4.31213907823257,2.75));
#8876=CARTESIAN_POINT('',(0.532135317454,-4.928709203975,2.75));
#8877=CARTESIAN_POINT('Origin',(-1.17494397945365,-2.00536473234046,2.75));
#8878=CARTESIAN_POINT('',(0.532135317454,-4.968651627137,2.75));
#8879=CARTESIAN_POINT('',(0.532135317454,-4.928709203975,2.75));
#8880=CARTESIAN_POINT('',(0.442760019347,-4.987467479371,2.75));
#8881=CARTESIAN_POINT('Ctrl Pts',(0.442760019347,-4.987467479371,2.75));
#8882=CARTESIAN_POINT('Ctrl Pts',(0.478576159124,-4.987467479371,2.75));
#8883=CARTESIAN_POINT('Ctrl Pts',(0.50836792516,-4.981195528627,2.75));
#8884=CARTESIAN_POINT('Ctrl Pts',(0.532135317454,-4.968651627137,2.75));
#8885=CARTESIAN_POINT('',(0.331845521973,-4.943398772825,2.75));
#8886=CARTESIAN_POINT('Ctrl Pts',(0.331845521973,-4.943398772825,2.75));
#8887=CARTESIAN_POINT('Ctrl Pts',(0.359491620649,-4.972777910521,2.75));
#8888=CARTESIAN_POINT('Ctrl Pts',(0.396463119773,-4.987467479371,2.75));
#8889=CARTESIAN_POINT('Ctrl Pts',(0.442760019347,-4.987467479371,2.75));
#8890=CARTESIAN_POINT('',(0.290417636793,-4.826707478714,2.75));
#8891=CARTESIAN_POINT('Origin',(14.2549481976577,4.75517093902253,2.75));
#8892=CARTESIAN_POINT('',(0.337044639037,-4.701268463827,2.75));
#8893=CARTESIAN_POINT('Ctrl Pts',(0.337044639037,-4.701268463827,2.75));
#8894=CARTESIAN_POINT('Ctrl Pts',(0.305932462319,-4.732958320218,2.75));
#8895=CARTESIAN_POINT('Ctrl Pts',(0.290417636793,-4.77471630807,2.75));
#8896=CARTESIAN_POINT('Ctrl Pts',(0.290417636793,-4.826707478714,2.75));
#8897=CARTESIAN_POINT('',(0.455634023506,-4.653733679237,2.75));
#8898=CARTESIAN_POINT('Ctrl Pts',(0.455634023506,-4.653733679237,2.75));
#8899=CARTESIAN_POINT('Ctrl Pts',(0.40768661058,-4.653733679237,2.75));
#8900=CARTESIAN_POINT('Ctrl Pts',(0.368156815757,-4.669578607433,2.75));
#8901=CARTESIAN_POINT('Ctrl Pts',(0.337044639037,-4.701268463827,2.75));
#8902=CARTESIAN_POINT('',(0.532135317454,-4.666937786068,2.75));
#8903=CARTESIAN_POINT('Origin',(-1.35777380759169,-6.21643847535814,2.75));
#8904=CARTESIAN_POINT('',(0.532135317454,-4.710511338606,2.75));
#8905=CARTESIAN_POINT('',(0.532135317454,-4.666937786068,2.75));
#8906=CARTESIAN_POINT('',(0.456046651845,-4.691365383704,2.75));
#8907=CARTESIAN_POINT('Ctrl Pts',(0.456046651845,-4.691365383704,2.75));
#8908=CARTESIAN_POINT('Ctrl Pts',(0.48369275052,-4.691365383704,2.75));
#8909=CARTESIAN_POINT('Ctrl Pts',(0.509028130501,-4.697637334448,2.75));
#8910=CARTESIAN_POINT('Ctrl Pts',(0.532135317454,-4.710511338606,2.75));
#8911=CARTESIAN_POINT('',(0.368074290089,-4.72718152348,2.75));
#8912=CARTESIAN_POINT('Ctrl Pts',(0.368074290089,-4.72718152348,2.75));
#8913=CARTESIAN_POINT('Ctrl Pts',(0.390768848703,-4.703249079851,2.75));
#8914=CARTESIAN_POINT('Ctrl Pts',(0.420065460733,-4.691365383704,2.75));
#8915=CARTESIAN_POINT('Ctrl Pts',(0.456046651845,-4.691365383704,2.75));
#8916=CARTESIAN_POINT('Ctrl Pts',(0.334156240669,-4.824231708682,2.75));
#8917=CARTESIAN_POINT('Ctrl Pts',(0.334156240669,-4.783629080179,2.75));
#8918=CARTESIAN_POINT('Ctrl Pts',(0.345462257142,-4.751279018446,2.75));
#8919=CARTESIAN_POINT('Ctrl Pts',(0.368074290089,-4.72718152348,2.75));
#8920=CARTESIAN_POINT('',(1.235088954827,-4.659180373305,2.75));
#8921=CARTESIAN_POINT('',(1.112125709972,-4.982020785303,2.75));
#8922=CARTESIAN_POINT('',(1.112125709972,-4.982020785303,2.75));
#8923=CARTESIAN_POINT('',(1.279652815379,-4.659180373305,2.75));
#8924=CARTESIAN_POINT('',(1.235088954827,-4.659180373305,2.75));
#8925=CARTESIAN_POINT('',(1.402616060236,-4.982020785303,2.75));
#8926=CARTESIAN_POINT('',(1.279652815379,-4.659180373305,2.75));
#8927=CARTESIAN_POINT('',(1.356566737665,-4.982020785303,2.75));
#8928=CARTESIAN_POINT('',(1.402616060236,-4.982020785303,2.75));
#8929=CARTESIAN_POINT('',(1.323638996258,-4.893718320875,2.75));
#8930=CARTESIAN_POINT('',(1.356566737665,-4.982020785303,2.75));
#8931=CARTESIAN_POINT('',(1.189204683592,-4.893718320875,2.75));
#8932=CARTESIAN_POINT('',(1.323638996258,-4.893718320875,2.75));
#8933=CARTESIAN_POINT('',(1.158175032541,-4.982020785303,2.75));
#8934=CARTESIAN_POINT('',(1.189204683592,-4.893718320875,2.75));
#8935=CARTESIAN_POINT('',(1.158175032541,-4.982020785303,2.75));
#8936=CARTESIAN_POINT('',(0.638428377437,-4.945214337514,2.75));
#8937=CARTESIAN_POINT('',(0.638428377437,-4.836610558836,2.75));
#8938=CARTESIAN_POINT('',(0.638428377437,-4.836610558836,2.75));
#8939=CARTESIAN_POINT('',(0.770386920071,-4.945214337514,2.75));
#8940=CARTESIAN_POINT('',(0.638428377437,-4.945214337514,2.75));
#8941=CARTESIAN_POINT('',(0.770386920071,-4.982020785303,2.75));
#8942=CARTESIAN_POINT('',(0.770386920071,-4.945214337514,2.75));
#8943=CARTESIAN_POINT('',(0.596752915255,-4.982020785303,2.75));
#8944=CARTESIAN_POINT('',(0.770386920071,-4.982020785303,2.75));
#8945=CARTESIAN_POINT('',(0.596752915255,-4.659180373305,2.75));
#8946=CARTESIAN_POINT('',(0.596752915255,-4.982020785303,2.75));
#8947=CARTESIAN_POINT('',(0.763042135647,-4.659180373305,2.75));
#8948=CARTESIAN_POINT('',(0.596752915255,-4.659180373305,2.75));
#8949=CARTESIAN_POINT('',(0.763042135647,-4.696316923764,2.75));
#8950=CARTESIAN_POINT('',(0.763042135647,-4.659180373305,2.75));
#8951=CARTESIAN_POINT('',(0.638428377437,-4.696316923764,2.75));
#8952=CARTESIAN_POINT('',(0.763042135647,-4.696316923764,2.75));
#8953=CARTESIAN_POINT('',(0.638428377437,-4.799639059712,2.75));
#8954=CARTESIAN_POINT('',(0.638428377437,-4.696316923764,2.75));
#8955=CARTESIAN_POINT('',(0.753881786533,-4.799639059712,2.75));
#8956=CARTESIAN_POINT('',(0.638428377437,-4.799639059712,2.75));
#8957=CARTESIAN_POINT('',(0.753881786533,-4.836610558836,2.75));
#8958=CARTESIAN_POINT('',(0.753881786533,-4.799639059712,2.75));
#8959=CARTESIAN_POINT('',(0.753881786533,-4.836610558836,2.75));
#8960=CARTESIAN_POINT('',(0.148638539704,-4.945214337514,2.75));
#8961=CARTESIAN_POINT('',(0.148638539704,-4.659180373305,2.75));
#8962=CARTESIAN_POINT('',(0.148638539704,-4.659180373305,2.75));
#8963=CARTESIAN_POINT('',(0.277213529964,-4.945214337514,2.75));
#8964=CARTESIAN_POINT('',(0.148638539704,-4.945214337514,2.75));
#8965=CARTESIAN_POINT('',(0.277213529964,-4.982020785303,2.75));
#8966=CARTESIAN_POINT('',(0.277213529964,-4.945214337514,2.75));
#8967=CARTESIAN_POINT('',(0.106963077521,-4.982020785303,2.75));
#8968=CARTESIAN_POINT('',(0.277213529964,-4.982020785303,2.75));
#8969=CARTESIAN_POINT('',(0.106963077521,-4.659180373305,2.75));
#8970=CARTESIAN_POINT('',(0.106963077521,-4.982020785303,2.75));
#8971=CARTESIAN_POINT('',(0.106963077521,-4.659180373305,2.75));
#8972=CARTESIAN_POINT('',(0.148638539704,-5.45736863119,2.75));
#8973=CARTESIAN_POINT('',(0.148638539704,-5.348764852512,2.75));
#8974=CARTESIAN_POINT('',(0.148638539704,-5.348764852512,2.75));
#8975=CARTESIAN_POINT('',(0.280597082338,-5.45736863119,2.75));
#8976=CARTESIAN_POINT('',(0.148638539704,-5.45736863119,2.75));
#8977=CARTESIAN_POINT('',(0.280597082338,-5.494175078979,2.75));
#8978=CARTESIAN_POINT('',(0.280597082338,-5.45736863119,2.75));
#8979=CARTESIAN_POINT('',(0.106963077521,-5.494175078979,2.75));
#8980=CARTESIAN_POINT('',(0.280597082338,-5.494175078979,2.75));
#8981=CARTESIAN_POINT('',(0.106963077521,-5.171334666981,2.75));
#8982=CARTESIAN_POINT('',(0.106963077521,-5.494175078979,2.75));
#8983=CARTESIAN_POINT('',(0.273252297914,-5.171334666981,2.75));
#8984=CARTESIAN_POINT('',(0.106963077521,-5.171334666981,2.75));
#8985=CARTESIAN_POINT('',(0.273252297914,-5.208471217441,2.75));
#8986=CARTESIAN_POINT('',(0.273252297914,-5.171334666981,2.75));
#8987=CARTESIAN_POINT('',(0.148638539704,-5.208471217441,2.75));
#8988=CARTESIAN_POINT('',(0.273252297914,-5.208471217441,2.75));
#8989=CARTESIAN_POINT('',(0.148638539704,-5.311793353388,2.75));
#8990=CARTESIAN_POINT('',(0.148638539704,-5.208471217441,2.75));
#8991=CARTESIAN_POINT('',(0.264091948801,-5.311793353388,2.75));
#8992=CARTESIAN_POINT('',(0.148638539704,-5.311793353388,2.75));
#8993=CARTESIAN_POINT('',(0.264091948801,-5.348764852512,2.75));
#8994=CARTESIAN_POINT('',(0.264091948801,-5.311793353388,2.75));
#8995=CARTESIAN_POINT('',(0.264091948801,-5.348764852512,2.75));
#8996=CARTESIAN_POINT('',(1.042721623446,-5.45736863119,2.75));
#8997=CARTESIAN_POINT('',(1.042721623446,-5.348764852512,2.75));
#8998=CARTESIAN_POINT('',(1.042721623446,-5.348764852512,2.75));
#8999=CARTESIAN_POINT('',(1.17468016608,-5.45736863119,2.75));
#9000=CARTESIAN_POINT('',(1.042721623446,-5.45736863119,2.75));
#9001=CARTESIAN_POINT('',(1.17468016608,-5.494175078979,2.75));
#9002=CARTESIAN_POINT('',(1.17468016608,-5.45736863119,2.75));
#9003=CARTESIAN_POINT('',(1.001046161262,-5.494175078979,2.75));
#9004=CARTESIAN_POINT('',(1.17468016608,-5.494175078979,2.75));
#9005=CARTESIAN_POINT('',(1.001046161262,-5.171334666981,2.75));
#9006=CARTESIAN_POINT('',(1.001046161262,-5.494175078979,2.75));
#9007=CARTESIAN_POINT('',(1.167335381655,-5.171334666981,2.75));
#9008=CARTESIAN_POINT('',(1.001046161262,-5.171334666981,2.75));
#9009=CARTESIAN_POINT('',(1.167335381655,-5.20847121744,2.75));
#9010=CARTESIAN_POINT('',(1.167335381655,-5.171334666981,2.75));
#9011=CARTESIAN_POINT('',(1.042721623446,-5.20847121744,2.75));
#9012=CARTESIAN_POINT('',(1.167335381655,-5.20847121744,2.75));
#9013=CARTESIAN_POINT('',(1.042721623446,-5.311793353388,2.75));
#9014=CARTESIAN_POINT('',(1.042721623446,-5.20847121744,2.75));
#9015=CARTESIAN_POINT('',(1.158175032541,-5.311793353388,2.75));
#9016=CARTESIAN_POINT('',(1.042721623446,-5.311793353388,2.75));
#9017=CARTESIAN_POINT('',(1.158175032541,-5.348764852512,2.75));
#9018=CARTESIAN_POINT('',(1.158175032541,-5.311793353388,2.75));
#9019=CARTESIAN_POINT('',(1.158175032541,-5.348764852512,2.75));
#9020=CARTESIAN_POINT('',(1.639382200834,-5.171334666981,2.75));
#9021=CARTESIAN_POINT('',(1.516418955977,-5.494175078979,2.75));
#9022=CARTESIAN_POINT('',(1.516418955977,-5.494175078979,2.75));
#9023=CARTESIAN_POINT('',(1.683946061388,-5.171334666981,2.75));
#9024=CARTESIAN_POINT('',(1.639382200834,-5.171334666981,2.75));
#9025=CARTESIAN_POINT('',(1.806909306243,-5.494175078979,2.75));
#9026=CARTESIAN_POINT('',(1.683946061388,-5.171334666981,2.75));
#9027=CARTESIAN_POINT('',(1.760859983674,-5.494175078979,2.75));
#9028=CARTESIAN_POINT('',(1.806909306243,-5.494175078979,2.75));
#9029=CARTESIAN_POINT('',(1.727932242264,-5.405872614554,2.75));
#9030=CARTESIAN_POINT('',(1.760859983674,-5.494175078979,2.75));
#9031=CARTESIAN_POINT('',(1.593497929598,-5.405872614554,2.75));
#9032=CARTESIAN_POINT('',(1.727932242264,-5.405872614554,2.75));
#9033=CARTESIAN_POINT('',(1.562468278547,-5.494175078979,2.75));
#9034=CARTESIAN_POINT('',(1.593497929598,-5.405872614554,2.75));
#9035=CARTESIAN_POINT('',(1.562468278547,-5.494175078979,2.75));
#9036=CARTESIAN_POINT('',(-0.384677774293,-4.873251634599,2.75));
#9037=CARTESIAN_POINT('',(-0.508627374149,-4.691918009787,2.75));
#9038=CARTESIAN_POINT('Origin',(-0.81627729263066,-4.9519855043617,2.75));
#9039=CARTESIAN_POINT('',(-0.15743695797,-5.17394401863,2.75));
#9040=CARTESIAN_POINT('Ctrl Pts',(-0.15743695797,-5.17394401863,2.75));
#9041=CARTESIAN_POINT('Ctrl Pts',(-0.159732285258,-5.036222367488,2.75));
#9042=CARTESIAN_POINT('Ctrl Pts',(-0.253842192574,-4.9145681387,2.75));
#9043=CARTESIAN_POINT('Ctrl Pts',(-0.384677774293,-4.873251634599,2.75));
#9044=CARTESIAN_POINT('',(-0.242365381016,-5.392003438242,2.75));
#9045=CARTESIAN_POINT('Origin',(-0.476100911718731,-5.17194508863625,2.75));
#9046=CARTESIAN_POINT('',(-0.451243316356,-5.495294742271,2.75));
#9047=CARTESIAN_POINT('Origin',(-0.501542505733164,-5.10593023911044,2.75));
#9048=CARTESIAN_POINT('',(-0.586669640211,-5.495294742271,2.75));
#9049=CARTESIAN_POINT('',(-0.45812938578,-5.495294742271,2.75));
#9050=CARTESIAN_POINT('',(-0.653235182275,-5.42413854563,2.75));
#9051=CARTESIAN_POINT('Ctrl Pts',(-0.653235182275,-5.42413854563,2.75));
#9052=CARTESIAN_POINT('Ctrl Pts',(-0.653235182275,-5.460864307594,2.75));
#9053=CARTESIAN_POINT('Ctrl Pts',(-0.623395489736,-5.492999414984,2.75));
#9054=CARTESIAN_POINT('Ctrl Pts',(-0.586669640211,-5.495294742271,2.75));
#9055=CARTESIAN_POINT('',(-0.582078985636,-5.352982348992,2.75));
#9056=CARTESIAN_POINT('Ctrl Pts',(-0.582078985636,-5.352982348992,2.75));
#9057=CARTESIAN_POINT('Ctrl Pts',(-0.621100162448,-5.352982348992,2.75));
#9058=CARTESIAN_POINT('Ctrl Pts',(-0.653235182275,-5.38511745638,2.75));
#9059=CARTESIAN_POINT('Ctrl Pts',(-0.653235182275,-5.42413854563,2.75));
#9060=CARTESIAN_POINT('',(-0.56830684679,-5.355277676279,2.75));
#9061=CARTESIAN_POINT('Ctrl Pts',(-0.56830684679,-5.355277676279,2.75));
#9062=CARTESIAN_POINT('Ctrl Pts',(-0.572897588926,-5.355277676279,2.75));
#9063=CARTESIAN_POINT('Ctrl Pts',(-0.577488331062,-5.352982348992,2.75));
#9064=CARTESIAN_POINT('Ctrl Pts',(-0.582078985636,-5.352982348992,2.75));
#9065=CARTESIAN_POINT('',(-0.465015542763,-5.355277676279,2.75));
#9066=CARTESIAN_POINT('',(-0.465015542763,-5.355277676279,2.75));
#9067=CARTESIAN_POINT('',(-0.299749438808,-5.176239433478,2.75));
#9068=CARTESIAN_POINT('Ctrl Pts',(-0.299749438808,-5.176239433478,2.75));
#9069=CARTESIAN_POINT('Ctrl Pts',(-0.299749438808,-5.270349297015,2.75));
#9070=CARTESIAN_POINT('Ctrl Pts',(-0.370905635448,-5.348391606855,2.75));
#9071=CARTESIAN_POINT('Ctrl Pts',(-0.465015542763,-5.355277676279,2.75));
#9072=CARTESIAN_POINT('',(-0.478787681609,-4.997201190677,2.75));
#9073=CARTESIAN_POINT('Ctrl Pts',(-0.478787681609,-4.997201190677,2.75));
#9074=CARTESIAN_POINT('Ctrl Pts',(-0.380087119718,-4.997201190677,2.75));
#9075=CARTESIAN_POINT('Ctrl Pts',(-0.299749438808,-5.077538871586,2.75));
#9076=CARTESIAN_POINT('Ctrl Pts',(-0.299749438808,-5.176239433478,2.75));
#9077=CARTESIAN_POINT('',(-0.497150562591,-4.997201190677,2.75));
#9078=CARTESIAN_POINT('',(-0.497150562591,-4.997201190677,2.75));
#9079=CARTESIAN_POINT('',(-0.818501286231,-4.710280901713,2.75));
#9080=CARTESIAN_POINT('Ctrl Pts',(-0.818501286231,-4.710280901713,2.75));
#9081=CARTESIAN_POINT('Ctrl Pts',(-0.653235182275,-4.710280901713,2.75));
#9082=CARTESIAN_POINT('Ctrl Pts',(-0.515513443573,-4.836525828857,2.75));
#9083=CARTESIAN_POINT('Ctrl Pts',(-0.497150562591,-4.997201190677,2.75));
#9084=CARTESIAN_POINT('',(-1.126079783464,-4.930635561053,2.75));
#9085=CARTESIAN_POINT('Ctrl Pts',(-1.126079783464,-4.930635561053,2.75));
#9086=CARTESIAN_POINT('Ctrl Pts',(-1.082467952078,-4.80209539418,2.75));
#9087=CARTESIAN_POINT('Ctrl Pts',(-0.963109094357,-4.710280901713,2.75));
#9088=CARTESIAN_POINT('Ctrl Pts',(-0.818501286231,-4.710280901713,2.75));
#9089=CARTESIAN_POINT('',(-1.247733968473,-4.896205126376,2.75));
#9090=CARTESIAN_POINT('Ctrl Pts',(-1.247733968473,-4.896205126376,2.75));
#9091=CARTESIAN_POINT('Ctrl Pts',(-1.204122093306,-4.896205126376,2.75));
#9092=CARTESIAN_POINT('Ctrl Pts',(-1.160510218139,-4.909977309002,2.75));
#9093=CARTESIAN_POINT('Ctrl Pts',(-1.126079783464,-4.930635561053,2.75));
#9094=CARTESIAN_POINT('',(-1.477270199644,-5.125741357547,2.75));
#9095=CARTESIAN_POINT('Ctrl Pts',(-1.477270199644,-5.125741357547,2.75));
#9096=CARTESIAN_POINT('Ctrl Pts',(-1.477270199644,-4.999496430402,2.75));
#9097=CARTESIAN_POINT('Ctrl Pts',(-1.373978895617,-4.896205126376,2.75));
#9098=CARTESIAN_POINT('Ctrl Pts',(-1.247733968473,-4.896205126376,2.75));
#9099=CARTESIAN_POINT('',(-1.339548460941,-5.336914707736,2.75));
#9100=CARTESIAN_POINT('Ctrl Pts',(-1.339548460941,-5.336914707736,2.75));
#9101=CARTESIAN_POINT('Ctrl Pts',(-1.419886141851,-5.300188901994,2.75));
#9102=CARTESIAN_POINT('Ctrl Pts',(-1.477270199644,-5.219851221084,2.75));
#9103=CARTESIAN_POINT('Ctrl Pts',(-1.477270199644,-5.125741357547,2.75));
#9104=CARTESIAN_POINT('',(-1.123784412396,-5.185420786407,2.75));
#9105=CARTESIAN_POINT('Ctrl Pts',(-1.123784412396,-5.185420786407,2.75));
#9106=CARTESIAN_POINT('Ctrl Pts',(-1.222485018068,-5.185420786407,2.75));
#9107=CARTESIAN_POINT('Ctrl Pts',(-1.307413397333,-5.249690913622,2.75));
#9108=CARTESIAN_POINT('Ctrl Pts',(-1.339548460941,-5.336914707736,2.75));
#9109=CARTESIAN_POINT('',(-0.951632239017,-5.26346309625,2.75));
#9110=CARTESIAN_POINT('Ctrl Pts',(-0.951632239017,-5.26346309625,2.75));
#9111=CARTESIAN_POINT('Ctrl Pts',(-0.992948743117,-5.215260478947,2.75));
#9112=CARTESIAN_POINT('Ctrl Pts',(-1.054923543045,-5.185420786407,2.75));
#9113=CARTESIAN_POINT('Ctrl Pts',(-1.123784412396,-5.185420786407,2.75));
#9114=CARTESIAN_POINT('',(-0.644053698004,-5.10278773443,2.75));
#9115=CARTESIAN_POINT('',(-0.644053698004,-5.10278773443,2.75));
#9116=CARTESIAN_POINT('',(-0.572897501365,-5.224441963219,2.75));
#9117=CARTESIAN_POINT('',(-0.572897501365,-5.224441963219,2.75));
#9118=CARTESIAN_POINT('',(-0.894248225005,-5.394298765529,2.75));
#9119=CARTESIAN_POINT('',(-0.894248225005,-5.394298765529,2.75));
#9120=CARTESIAN_POINT('',(-0.894248225005,-5.417252388648,2.75));
#9121=CARTESIAN_POINT('',(-0.894248225005,-5.417252388648,2.75));
#9122=CARTESIAN_POINT('',(-1.123784456177,-5.646788619818,2.75));
#9123=CARTESIAN_POINT('Ctrl Pts',(-1.123784456177,-5.646788619818,2.75));
#9124=CARTESIAN_POINT('Ctrl Pts',(-0.997539529033,-5.646788619818,2.75));
#9125=CARTESIAN_POINT('Ctrl Pts',(-0.894248225005,-5.543497315792,2.75));
#9126=CARTESIAN_POINT('Ctrl Pts',(-0.894248225005,-5.417252388648,2.75));
#9127=CARTESIAN_POINT('',(-1.34184389768,-5.490704000134,2.75));
#9128=CARTESIAN_POINT('Ctrl Pts',(-1.34184389768,-5.490704000134,2.75));
#9129=CARTESIAN_POINT('Ctrl Pts',(-1.31200418325,-5.582518492604,2.75));
#9130=CARTESIAN_POINT('Ctrl Pts',(-1.224780432917,-5.646788619818,2.75));
#9131=CARTESIAN_POINT('Ctrl Pts',(-1.123784456177,-5.646788619818,2.75));
#9132=CARTESIAN_POINT('',(-1.525472882616,-5.380526626684,2.75));
#9133=CARTESIAN_POINT('Origin',(-0.542804287471201,-3.96309590122386,2.75));
#9134=CARTESIAN_POINT('',(-1.621878095331,-5.130332187243,2.75));
#9135=CARTESIAN_POINT('Origin',(-1.2700211269643,-5.14212642766914,2.75));
#9136=CARTESIAN_POINT('',(-1.513996005387,-4.868660914355,2.75));
#9137=CARTESIAN_POINT('Origin',(-1.25902960168232,-5.13083414267897,2.75));
#9138=CARTESIAN_POINT('',(-1.250029339541,-4.758483519015,2.75));
#9139=CARTESIAN_POINT('Origin',(-1.23456590271513,-5.18573986094768,2.75));
#9140=CARTESIAN_POINT('',(-1.197236023883,-4.763074239259,2.75));
#9141=CARTESIAN_POINT('Ctrl Pts',(-1.197236023883,-4.763074239259,2.75));
#9142=CARTESIAN_POINT('Ctrl Pts',(-1.215598904865,-4.760778868192,2.75));
#9143=CARTESIAN_POINT('Ctrl Pts',(-1.231666458559,-4.758483519015,2.75));
#9144=CARTESIAN_POINT('Ctrl Pts',(-1.250029339541,-4.758483519015,2.75));
#9145=CARTESIAN_POINT('',(-1.096240090924,-4.662078295357,2.75));
#9146=CARTESIAN_POINT('Ctrl Pts',(-1.096240090924,-4.662078295357,2.75));
#9147=CARTESIAN_POINT('Ctrl Pts',(-1.135261267736,-4.689622649664,2.75));
#9148=CARTESIAN_POINT('Ctrl Pts',(-1.167396331343,-4.724053084338,2.75));
#9149=CARTESIAN_POINT('Ctrl Pts',(-1.197236023883,-4.763074239259,2.75));
#9150=CARTESIAN_POINT('',(-0.820796613519,-4.57255916301,2.75));
#9151=CARTESIAN_POINT('Origin',(-0.752438067664309,-5.36511003597861,2.75));
#9152=CARTESIAN_POINT('Ctrl Pts',(-0.508627374149,-4.691918009787,2.75));
#9153=CARTESIAN_POINT('Ctrl Pts',(-0.595851124483,-4.616171046384,2.75));
#9154=CARTESIAN_POINT('Ctrl Pts',(-0.706028497933,-4.57255916301,2.75));
#9155=CARTESIAN_POINT('Ctrl Pts',(-0.820796613519,-4.57255916301,2.75));
#9156=CARTESIAN_POINT('',(0.689099137398,-5.481301074821,2.75));
#9157=CARTESIAN_POINT('',(0.71509472272,-5.431455571537,2.75));
#9158=CARTESIAN_POINT('Origin',(-1.79368451643286,-4.14112951528346,2.75));
#9159=CARTESIAN_POINT('',(0.6219232439,-5.499621773047,2.75));
#9160=CARTESIAN_POINT('Origin',(-1.27173038878931,-3.20251995379752,2.75));
#9161=CARTESIAN_POINT('',(0.559368787791,-5.486087563546,2.75));
#9162=CARTESIAN_POINT('Origin',(4.82881759539986,1.32164245733225,2.75));
#9163=CARTESIAN_POINT('',(0.559368787791,-5.444329575697,2.75));
#9164=CARTESIAN_POINT('',(0.559368787791,-5.486087563546,2.75));
#9165=CARTESIAN_POINT('',(0.625884475949,-5.466611505972,2.75));
#9166=CARTESIAN_POINT('Ctrl Pts',(0.625884475949,-5.466611505972,2.75));
#9167=CARTESIAN_POINT('Ctrl Pts',(0.602117083654,-5.466611505972,2.75));
#9168=CARTESIAN_POINT('Ctrl Pts',(0.580000204713,-5.459184195879,2.75));
#9169=CARTESIAN_POINT('Ctrl Pts',(0.559368787791,-5.444329575697,2.75));
#9170=CARTESIAN_POINT('',(0.673584311872,-5.435416803586,2.75));
#9171=CARTESIAN_POINT('Origin',(-13.123973779076,3.55670123672501,2.75));
#9172=CARTESIAN_POINT('',(0.663186077743,-5.413464975981,2.75));
#9173=CARTESIAN_POINT('Ctrl Pts',(0.663186077743,-5.413464975981,2.75));
#9174=CARTESIAN_POINT('Ctrl Pts',(0.67011823383,-5.419241772719,2.75));
#9175=CARTESIAN_POINT('Ctrl Pts',(0.673584311872,-5.426504031474,2.75));
#9176=CARTESIAN_POINT('Ctrl Pts',(0.673584311872,-5.435416803586,2.75));
#9177=CARTESIAN_POINT('',(0.62085041022,-5.392833559058,2.75));
#9178=CARTESIAN_POINT('Origin',(0.175817569264568,-5.33708036997584,2.75));
#9179=CARTESIAN_POINT('',(0.571087432603,-5.362299062013,2.75));
#9180=CARTESIAN_POINT('Origin',(1.83201405128852,-5.3883978398596,2.75));
#9181=CARTESIAN_POINT('',(0.559616364794,-5.325822716894,2.75));
#9182=CARTESIAN_POINT('Origin',(1.59834336856345,-4.76948082010253,2.75));
#9183=CARTESIAN_POINT('',(0.585529424449,-5.276637418953,2.75));
#9184=CARTESIAN_POINT('Ctrl Pts',(0.585529424449,-5.276637418953,2.75));
#9185=CARTESIAN_POINT('Ctrl Pts',(0.568281559902,-5.289016269105,2.75));
#9186=CARTESIAN_POINT('Ctrl Pts',(0.559616364794,-5.305356351309,2.75));
#9187=CARTESIAN_POINT('Ctrl Pts',(0.559616364794,-5.325822716894,2.75));
#9188=CARTESIAN_POINT('',(0.64940429124,-5.258316720725,2.75));
#9189=CARTESIAN_POINT('Ctrl Pts',(0.64940429124,-5.258316720725,2.75));
#9190=CARTESIAN_POINT('Ctrl Pts',(0.624151436927,-5.258316720725,2.75));
#9191=CARTESIAN_POINT('Ctrl Pts',(0.602859814663,-5.264423620134,2.75));
#9192=CARTESIAN_POINT('Ctrl Pts',(0.585529424449,-5.276637418953,2.75));
#9193=CARTESIAN_POINT('',(0.70403628325,-5.26854990352,2.75));
#9194=CARTESIAN_POINT('Ctrl Pts',(0.70403628325,-5.26854990352,2.75));
#9195=CARTESIAN_POINT('Ctrl Pts',(0.687201047041,-5.261617747433,2.75));
#9196=CARTESIAN_POINT('Ctrl Pts',(0.669045400149,-5.258316720725,2.75));
#9197=CARTESIAN_POINT('Ctrl Pts',(0.64940429124,-5.258316720725,2.75));
#9198=CARTESIAN_POINT('',(0.70403628325,-5.307832121339,2.75));
#9199=CARTESIAN_POINT('',(0.70403628325,-5.26854990352,2.75));
#9200=CARTESIAN_POINT('',(0.645443059191,-5.291161936465,2.75));
#9201=CARTESIAN_POINT('Ctrl Pts',(0.645443059191,-5.291161936465,2.75));
#9202=CARTESIAN_POINT('Ctrl Pts',(0.667312361129,-5.291161936465,2.75));
#9203=CARTESIAN_POINT('Ctrl Pts',(0.686788418703,-5.296773681868,2.75));
#9204=CARTESIAN_POINT('Ctrl Pts',(0.70403628325,-5.307832121339,2.75));
#9205=CARTESIAN_POINT('',(0.613588151463,-5.299744605906,2.75));
#9206=CARTESIAN_POINT('Ctrl Pts',(0.613588151463,-5.299744605906,2.75));
#9207=CARTESIAN_POINT('Ctrl Pts',(0.621758192563,-5.293967809168,2.75));
#9208=CARTESIAN_POINT('Ctrl Pts',(0.632404003696,-5.291161936465,2.75));
#9209=CARTESIAN_POINT('Ctrl Pts',(0.645443059191,-5.291161936465,2.75));
#9210=CARTESIAN_POINT('',(0.601291826977,-5.322191587516,2.75));
#9211=CARTESIAN_POINT('Origin',(0.838483192231768,-5.41535816009822,2.75));
#9212=CARTESIAN_POINT('',(0.610122073419,-5.343648261115,2.75));
#9213=CARTESIAN_POINT('Ctrl Pts',(0.610122073419,-5.343648261115,2.75));
#9214=CARTESIAN_POINT('Ctrl Pts',(0.604262751014,-5.338531669719,2.75));
#9215=CARTESIAN_POINT('Ctrl Pts',(0.601291826977,-5.331434462297,2.75));
#9216=CARTESIAN_POINT('Ctrl Pts',(0.601291826977,-5.322191587516,2.75));
#9217=CARTESIAN_POINT('',(0.64940429124,-5.363454421362,2.75));
#9218=CARTESIAN_POINT('Origin',(2.92044030188171,-5.76666405741676,2.75));
#9219=CARTESIAN_POINT('',(0.701560513219,-5.393328713064,2.75));
#9220=CARTESIAN_POINT('Origin',(0.0501278327803202,-5.41456971456127,2.75));
#9221=CARTESIAN_POINT('Origin',(-2.73932439555179,-7.28046472837089,2.75));
#9222=CARTESIAN_POINT('',(0.847630945028,-5.455883169173,2.75));
#9223=CARTESIAN_POINT('',(0.846558111349,-5.455883169173,2.75));
#9224=CARTESIAN_POINT('',(0.846558111349,-5.455883169173,2.75));
#9225=CARTESIAN_POINT('',(0.85258248509,-5.437232368275,2.75));
#9226=CARTESIAN_POINT('Ctrl Pts',(0.85258248509,-5.437232368275,2.75));
#9227=CARTESIAN_POINT('Ctrl Pts',(0.85010671506,-5.445319883708,2.75));
#9228=CARTESIAN_POINT('Ctrl Pts',(0.848456201704,-5.451591834452,2.75));
#9229=CARTESIAN_POINT('Ctrl Pts',(0.847630945028,-5.455883169173,2.75));
#9230=CARTESIAN_POINT('',(0.915549569537,-5.263598363458,2.75));
#9231=CARTESIAN_POINT('',(0.85258248509,-5.437232368275,2.75));
#9232=CARTESIAN_POINT('',(0.957472608722,-5.263598363458,2.75));
#9233=CARTESIAN_POINT('',(0.915549569537,-5.263598363458,2.75));
#9234=CARTESIAN_POINT('',(0.852830062093,-5.529000910744,2.75));
#9235=CARTESIAN_POINT('',(0.957472608722,-5.263598363458,2.75));
#9236=CARTESIAN_POINT('',(0.770551971407,-5.602778857659,2.75));
#9237=CARTESIAN_POINT('Ctrl Pts',(0.770551971407,-5.602778857659,2.75));
#9238=CARTESIAN_POINT('Ctrl Pts',(0.805955482845,-5.602778857659,2.75));
#9239=CARTESIAN_POINT('Ctrl Pts',(0.833354004518,-5.578186208687,2.75));
#9240=CARTESIAN_POINT('Ctrl Pts',(0.852830062093,-5.529000910744,2.75));
#9241=CARTESIAN_POINT('',(0.744473860418,-5.599477830951,2.75));
#9242=CARTESIAN_POINT('Origin',(0.83983563192285,-5.53289711242312,2.75));
#9243=CARTESIAN_POINT('',(0.744473860418,-5.563496639838,2.75));
#9244=CARTESIAN_POINT('',(0.744473860418,-5.599477830951,2.75));
#9245=CARTESIAN_POINT('',(0.767415996034,-5.56811807723,2.75));
#9246=CARTESIAN_POINT('Ctrl Pts',(0.767415996034,-5.56811807723,2.75));
#9247=CARTESIAN_POINT('Ctrl Pts',(0.759988685943,-5.56811807723,2.75));
#9248=CARTESIAN_POINT('Ctrl Pts',(0.752396324516,-5.566632615211,2.75));
#9249=CARTESIAN_POINT('Ctrl Pts',(0.744473860418,-5.563496639838,2.75));
#9250=CARTESIAN_POINT('',(0.808843881214,-5.53560296416,2.75));
#9251=CARTESIAN_POINT('Ctrl Pts',(0.808843881214,-5.53560296416,2.75));
#9252=CARTESIAN_POINT('Ctrl Pts',(0.799683532101,-5.557389740429,2.75));
#9253=CARTESIAN_POINT('Ctrl Pts',(0.785901745597,-5.56811807723,2.75));
#9254=CARTESIAN_POINT('Ctrl Pts',(0.767415996034,-5.56811807723,2.75));
#9255=CARTESIAN_POINT('',(0.826586899768,-5.493679924974,2.75));
#9256=CARTESIAN_POINT('',(0.808843881214,-5.53560296416,2.75));
#9257=CARTESIAN_POINT('',(0.736138767981,-5.263598363458,2.75));
#9258=CARTESIAN_POINT('',(0.826586899768,-5.493679924974,2.75));
#9259=CARTESIAN_POINT('',(0.781362833874,-5.263598363458,2.75));
#9260=CARTESIAN_POINT('',(0.736138767981,-5.263598363458,2.75));
#9261=CARTESIAN_POINT('',(0.841606571287,-5.436902265605,2.75));
#9262=CARTESIAN_POINT('',(0.781362833874,-5.263598363458,2.75));
#9263=CARTESIAN_POINT('',(0.841606571287,-5.436902265605,2.75));
#9264=CARTESIAN_POINT('',(1.498510886091,-5.328628589597,2.75));
#9265=CARTESIAN_POINT('',(1.449820742153,-5.214082962844,2.75));
#9266=CARTESIAN_POINT('Ctrl Pts',(1.498510886091,-5.328628589597,2.75));
#9267=CARTESIAN_POINT('Ctrl Pts',(1.498510886091,-5.280763702337,2.75));
#9268=CARTESIAN_POINT('Ctrl Pts',(1.482253329555,-5.242636843864,2.75));
#9269=CARTESIAN_POINT('Ctrl Pts',(1.449820742153,-5.214082962844,2.75));
#9270=CARTESIAN_POINT('',(1.449820742153,-5.448951013087,2.75));
#9271=CARTESIAN_POINT('Origin',(-34.881149722135,16.7367144533113,2.75));
#9272=CARTESIAN_POINT('',(1.324464252936,-5.494175078979,2.75));
#9273=CARTESIAN_POINT('Origin',(-16.1817170335797,22.667499554886,2.75));
#9274=CARTESIAN_POINT('',(1.235666634503,-5.494175078979,2.75));
#9275=CARTESIAN_POINT('',(1.324464252936,-5.494175078979,2.75));
#9276=CARTESIAN_POINT('',(1.235666634503,-5.171334666981,2.75));
#9277=CARTESIAN_POINT('',(1.235666634503,-5.494175078979,2.75));
#9278=CARTESIAN_POINT('',(1.327765279642,-5.171334666981,2.75));
#9279=CARTESIAN_POINT('',(1.235666634503,-5.171334666981,2.75));
#9280=CARTESIAN_POINT('Ctrl Pts',(1.449820742153,-5.214082962844,2.75));
#9281=CARTESIAN_POINT('Ctrl Pts',(1.417388154753,-5.185529081825,2.75));
#9282=CARTESIAN_POINT('Ctrl Pts',(1.37670300058,-5.171334666981,2.75));
#9283=CARTESIAN_POINT('Ctrl Pts',(1.327765279642,-5.171334666981,2.75));
#9284=CARTESIAN_POINT('Origin',(0.,0.,0.));
#9285=CARTESIAN_POINT('',(1.3,0.,1.499999999999));
#9286=CARTESIAN_POINT('',(1.3,0.,1.499999999999));
#9287=CARTESIAN_POINT('',(2.32,0.,1.499999999999));
#9288=CARTESIAN_POINT('',(1.3,0.,1.499999999999));
#9289=CARTESIAN_POINT('',(2.32,0.,1.499999999999));
#9290=CARTESIAN_POINT('',(3.949999999999,0.,0.55));
#9291=CARTESIAN_POINT('',(3.949999999999,0.,-2.75));
#9292=CARTESIAN_POINT('',(3.25,0.,0.55));
#9293=CARTESIAN_POINT('',(3.25,0.,0.55));
#9294=CARTESIAN_POINT('',(3.25,0.,-2.75));
#9295=CARTESIAN_POINT('',(3.25,0.,0.55));
#9296=CARTESIAN_POINT('',(-3.25,0.,-2.749999999999));
#9297=CARTESIAN_POINT('',(-3.95,0.,-2.75));
#9298=CARTESIAN_POINT('',(-3.25,0.,0.55));
#9299=CARTESIAN_POINT('',(-3.25,0.,0.55));
#9300=CARTESIAN_POINT('',(-3.95,0.,0.55));
#9301=CARTESIAN_POINT('',(-3.25,0.,0.55));
#9302=CARTESIAN_POINT('',(-3.95,0.,-2.75));
#9303=CARTESIAN_POINT('',(-2.32,0.,1.499999999999));
#9304=CARTESIAN_POINT('',(-2.32,0.,1.499999999999));
#9305=CARTESIAN_POINT('',(-1.3,0.,1.499999999999));
#9306=CARTESIAN_POINT('',(-1.3,0.,1.499999999999));
#9307=CARTESIAN_POINT('',(-1.3,0.,1.499999999999));
#9308=CARTESIAN_POINT('',(-0.8,0.,0.182455532033));
#9309=CARTESIAN_POINT('',(-0.8,0.,-2.624499799839));
#9310=CARTESIAN_POINT('',(-0.8,0.,0.));
#9311=CARTESIAN_POINT('',(-1.3,0.,0.182455532033));
#9312=CARTESIAN_POINT('',(-0.8,0.,0.182455532033));
#9313=CARTESIAN_POINT('',(-1.3,0.,-2.624499799839));
#9314=CARTESIAN_POINT('',(-1.3,0.,0.));
#9315=CARTESIAN_POINT('',(-0.8,0.,-2.624499799839));
#9316=CARTESIAN_POINT('',(1.199999999999,0.,0.182455532033));
#9317=CARTESIAN_POINT('',(1.199999999999,0.,-2.624499799839));
#9318=CARTESIAN_POINT('',(1.199999999999,0.,0.));
#9319=CARTESIAN_POINT('',(0.699999999999,0.,0.182455532033));
#9320=CARTESIAN_POINT('',(1.199999999999,0.,0.182455532033));
#9321=CARTESIAN_POINT('',(0.699999999999,0.,-2.624499799839));
#9322=CARTESIAN_POINT('',(0.699999999999,0.,0.));
#9323=CARTESIAN_POINT('',(1.199999999999,0.,-2.624499799839));
#9324=CARTESIAN_POINT('Origin',(-2.32,-1.099999999999,1.5));
#9325=CARTESIAN_POINT('',(1.3,-3.899999999999,1.499999999999));
#9326=CARTESIAN_POINT('',(1.3,-1.099999999999,1.5));
#9327=CARTESIAN_POINT('',(1.3,0.,1.499999999999));
#9328=CARTESIAN_POINT('',(2.32,-3.899999999999,1.499999999999));
#9329=CARTESIAN_POINT('',(1.3,-3.899999999999,1.499999999999));
#9330=CARTESIAN_POINT('',(2.32,-5.9,1.5));
#9331=CARTESIAN_POINT('',(2.32,-1.099999999999,1.5));
#9332=CARTESIAN_POINT('',(2.52,-6.099999999999,1.5));
#9333=CARTESIAN_POINT('',(-2.4,-1.18,1.5));
#9334=CARTESIAN_POINT('',(0.65,-6.099999999999,1.5));
#9335=CARTESIAN_POINT('',(-2.32,-6.099999999999,1.5));
#9336=CARTESIAN_POINT('',(0.449999999999,-5.899999999999,1.5));
#9337=CARTESIAN_POINT('',(0.449999999999,-5.899999999999,1.5));
#9338=CARTESIAN_POINT('',(0.449999999999,-1.099999999999,1.5));
#9339=CARTESIAN_POINT('',(0.449999999999,0.040175425099,1.5));
#9340=CARTESIAN_POINT('',(-2.32,-1.099999999999,1.5));
#9341=CARTESIAN_POINT('Origin',(2.537877292636,-5.299999999999,-2.75));
#9342=CARTESIAN_POINT('',(-3.02,-5.299999999999,-0.55));
#9343=CARTESIAN_POINT('',(-3.42,-5.299999999999,-0.55));
#9344=CARTESIAN_POINT('',(2.537877292636,-5.299999999999,-0.549999999999));
#9345=CARTESIAN_POINT('',(-3.02,-5.299999999999,-0.05));
#9346=CARTESIAN_POINT('',(-3.02,-5.299999999999,-2.75));
#9347=CARTESIAN_POINT('',(-3.95,-5.299999999999,-0.05));
#9348=CARTESIAN_POINT('',(-2.32,-5.299999999999,-0.05));
#9349=CARTESIAN_POINT('',(-3.949999999999,-5.299999999999,-2.05));
#9350=CARTESIAN_POINT('',(-3.95,-5.299999999999,-2.75));
#9351=CARTESIAN_POINT('',(-3.42,-5.299999999999,-2.05));
#9352=CARTESIAN_POINT('',(2.537877292636,-5.299999999999,-2.05));
#9353=CARTESIAN_POINT('',(-3.42,-5.299999999999,-2.75));
#9354=CARTESIAN_POINT('Origin',(-3.02,-3.299999999999,2.149999999999));
#9355=CARTESIAN_POINT('',(-3.02,-5.799999999999,-2.75));
#9356=CARTESIAN_POINT('',(-3.02,-5.799999999999,-0.549999999999));
#9357=CARTESIAN_POINT('',(-3.02,-5.799999999999,-2.849999999999));
#9358=CARTESIAN_POINT('',(-3.02,-6.099999999999,-2.75));
#9359=CARTESIAN_POINT('',(-3.02,-6.099999999999,-2.75));
#9360=CARTESIAN_POINT('',(-3.02,-6.099999999999,-0.05));
#9361=CARTESIAN_POINT('',(-3.02,-6.099999999999,-2.75));
#9362=CARTESIAN_POINT('',(-3.02,-4.299999999999,-0.05));
#9363=CARTESIAN_POINT('',(-3.02,-3.299999999999,-0.55));
#9364=CARTESIAN_POINT('Origin',(-3.95,-6.099999999999,-2.75));
#9365=CARTESIAN_POINT('',(-3.019999999999,-3.299999999999,-2.75));
#9366=CARTESIAN_POINT('',(-3.02,-6.099999999999,-2.75));
#9367=CARTESIAN_POINT('',(-3.42,-3.299999999999,-2.75));
#9368=CARTESIAN_POINT('',(-3.019999999999,-3.299999999999,-2.75));
#9369=CARTESIAN_POINT('',(-3.949999999999,-3.299999999999,-2.75));
#9370=CARTESIAN_POINT('',(-3.019999999999,-3.299999999999,-2.75));
#9371=CARTESIAN_POINT('',(-3.95,1.45,-2.749999999999));
#9372=CARTESIAN_POINT('',(-3.95,-6.099999999999,-2.75));
#9373=CARTESIAN_POINT('',(-3.25,1.45,-2.749999999999));
#9374=CARTESIAN_POINT('',(-3.25,1.45,-2.749999999999));
#9375=CARTESIAN_POINT('',(-3.25,0.,-2.749999999999));
#9376=CARTESIAN_POINT('',(3.25,1.45,-2.749999999999));
#9377=CARTESIAN_POINT('',(3.25,0.,-2.749999999999));
#9378=CARTESIAN_POINT('',(3.95,1.45,-2.749999999999));
#9379=CARTESIAN_POINT('',(3.25,1.45,-2.749999999999));
#9380=CARTESIAN_POINT('',(3.949999999999,-3.299999999999,-2.75));
#9381=CARTESIAN_POINT('',(3.949999999999,-6.099999999999,-2.75));
#9382=CARTESIAN_POINT('',(3.42,-3.299999999999,-2.75));
#9383=CARTESIAN_POINT('',(3.019999999999,-3.299999999999,-2.75));
#9384=CARTESIAN_POINT('',(3.02,-3.299999999999,-2.75));
#9385=CARTESIAN_POINT('',(3.019999999999,-3.299999999999,-2.75));
#9386=CARTESIAN_POINT('',(3.02,-5.799999999999,-2.75));
#9387=CARTESIAN_POINT('',(3.02,-6.099999999999,-2.75));
#9388=CARTESIAN_POINT('',(3.02,-6.099999999999,-2.75));
#9389=CARTESIAN_POINT('',(3.02,-6.099999999999,-2.75));
#9390=CARTESIAN_POINT('',(-3.95,-6.099999999999,-2.75));
#9391=CARTESIAN_POINT('Origin',(-3.95,-6.099999999999,-2.75));
#9392=CARTESIAN_POINT('',(-3.949999999999,-3.299999999999,-2.05));
#9393=CARTESIAN_POINT('',(-3.949999999999,-3.299999999999,-2.75));
#9394=CARTESIAN_POINT('',(-3.949999999999,-3.299999999999,-2.05));
#9395=CARTESIAN_POINT('',(-3.95,-0.599999999999,-0.05));
#9396=CARTESIAN_POINT('',(-3.95,-3.299999999999,-0.05));
#9397=CARTESIAN_POINT('',(-3.95,-0.599999999999,0.849999999999));
#9398=CARTESIAN_POINT('',(-3.95,-0.599999999999,0.849999999999));
#9399=CARTESIAN_POINT('',(-3.95,-3.299999999999,0.849999999999));
#9400=CARTESIAN_POINT('',(-3.95,-3.299999999999,0.849999999999));
#9401=CARTESIAN_POINT('',(-3.95,-3.299999999999,2.149999999999));
#9402=CARTESIAN_POINT('',(-3.95,-3.299999999999,2.149999999999));
#9403=CARTESIAN_POINT('',(-3.95,-5.299999999999,2.149999999999));
#9404=CARTESIAN_POINT('',(-3.95,-3.299999999999,2.149999999999));
#9405=CARTESIAN_POINT('',(-3.95,-5.299999999999,-2.75));
#9406=CARTESIAN_POINT('',(-3.95,1.45,-0.287157890324));
#9407=CARTESIAN_POINT('',(-3.95,1.45,-0.287157890324));
#9408=CARTESIAN_POINT('',(-3.95,1.45,-2.749999999999));
#9409=CARTESIAN_POINT('Origin',(3.949999999999,-6.099999999999,-2.75));
#9410=CARTESIAN_POINT('',(3.949999999999,-3.299999999999,-2.05));
#9411=CARTESIAN_POINT('',(3.949999999999,-5.299999999999,-2.05));
#9412=CARTESIAN_POINT('',(3.949999999999,-3.299999999999,-2.05));
#9413=CARTESIAN_POINT('',(3.949999999999,-3.299999999999,-2.75));
#9414=CARTESIAN_POINT('',(3.95,1.45,-0.287157890324));
#9415=CARTESIAN_POINT('',(3.95,1.45,-2.749999999999));
#9416=CARTESIAN_POINT('',(3.95,1.45,-0.287157890324));
#9417=CARTESIAN_POINT('',(3.95,-5.299999999999,2.149999999999));
#9418=CARTESIAN_POINT('',(3.95,-5.299999999999,-2.75));
#9419=CARTESIAN_POINT('',(3.95,-3.299999999999,2.149999999999));
#9420=CARTESIAN_POINT('',(3.95,-3.299999999999,2.149999999999));
#9421=CARTESIAN_POINT('',(3.95,-3.299999999999,0.849999999999));
#9422=CARTESIAN_POINT('',(3.95,-3.299999999999,2.149999999999));
#9423=CARTESIAN_POINT('',(3.95,-0.599999999999,0.849999999999));
#9424=CARTESIAN_POINT('',(3.95,-3.299999999999,0.849999999999));
#9425=CARTESIAN_POINT('',(3.95,-0.599999999999,-0.05));
#9426=CARTESIAN_POINT('',(3.95,-0.599999999999,0.849999999999));
#9427=CARTESIAN_POINT('',(3.95,-5.299999999999,-0.05));
#9428=CARTESIAN_POINT('',(3.95,-3.299999999999,-0.05));
#9429=CARTESIAN_POINT('',(3.95,-5.299999999999,-2.75));
#9430=CARTESIAN_POINT('Origin',(0.,-3.299999999999,0.));
#9431=CARTESIAN_POINT('',(3.02,-3.299999999999,0.849999999999));
#9432=CARTESIAN_POINT('',(-5.866049894151,-3.299999999999,0.849999999999));
#9433=CARTESIAN_POINT('',(3.02,-3.299999999999,2.149999999999));
#9434=CARTESIAN_POINT('',(3.02,-3.299999999999,2.149999999999));
#9435=CARTESIAN_POINT('',(3.02,-3.299999999999,2.149999999999));
#9436=CARTESIAN_POINT('Origin',(2.32,-4.299999999999,-0.05));
#9437=CARTESIAN_POINT('',(3.02,-0.599999999999,-0.05));
#9438=CARTESIAN_POINT('',(3.02,-4.45,-0.05));
#9439=CARTESIAN_POINT('',(3.02,-3.299999999999,-0.05));
#9440=CARTESIAN_POINT('',(2.32,-4.45,-0.05));
#9441=CARTESIAN_POINT('',(2.32,-4.45,-0.05));
#9442=CARTESIAN_POINT('',(2.32,-5.9,-0.05));
#9443=CARTESIAN_POINT('',(2.32,-4.299999999999,-0.05));
#9444=CARTESIAN_POINT('',(2.52,-6.099999999999,-0.05));
#9445=CARTESIAN_POINT('',(2.32,-5.9,-0.05));
#9446=CARTESIAN_POINT('',(3.02,-6.099999999999,-0.05));
#9447=CARTESIAN_POINT('',(2.32,-6.099999999999,-0.05));
#9448=CARTESIAN_POINT('',(3.02,-5.299999999999,-0.05));
#9449=CARTESIAN_POINT('',(3.02,-4.299999999999,-0.05));
#9450=CARTESIAN_POINT('',(2.32,-5.299999999999,-0.05));
#9451=CARTESIAN_POINT('',(-5.866049894151,-0.599999999999,-0.05));
#9452=CARTESIAN_POINT('Origin',(3.02,-3.299999999999,2.149999999999));
#9453=CARTESIAN_POINT('',(3.02,-5.299999999999,2.149999999999));
#9454=CARTESIAN_POINT('',(3.02,-5.299999999999,2.149999999999));
#9455=CARTESIAN_POINT('',(3.02,-3.299999999999,2.149999999999));
#9456=CARTESIAN_POINT('Origin',(0.,-6.099999999999,0.));
#9457=CARTESIAN_POINT('',(3.02,-6.099999999999,0.849999999999));
#9458=CARTESIAN_POINT('',(3.02,-6.099999999999,2.149999999999));
#9459=CARTESIAN_POINT('',(-3.02,-6.099999999999,0.849999999999));
#9460=CARTESIAN_POINT('',(-3.02,-6.099999999999,2.149999999999));
#9461=CARTESIAN_POINT('',(-2.52,-6.099999999999,0.849999999999));
#9462=CARTESIAN_POINT('',(-2.32,-6.099999999999,0.849999999999));
#9463=CARTESIAN_POINT('',(-2.52,-6.099999999999,1.5));
#9464=CARTESIAN_POINT('',(-2.52,-6.099999999999,0.));
#9465=CARTESIAN_POINT('',(-0.65,-6.099999999999,1.5));
#9466=CARTESIAN_POINT('',(-2.32,-6.099999999999,1.5));
#9467=CARTESIAN_POINT('',(-0.65,-6.099999999999,2.4));
#9468=CARTESIAN_POINT('',(-0.65,-6.099999999999,1.E-15));
#9469=CARTESIAN_POINT('',(0.65,-6.099999999999,2.4));
#9470=CARTESIAN_POINT('',(0.,-6.099999999999,2.4));
#9471=CARTESIAN_POINT('',(0.65,-6.099999999999,1.E-15));
#9472=CARTESIAN_POINT('',(2.52,-6.099999999999,0.849999999999));
#9473=CARTESIAN_POINT('',(2.52,-6.099999999999,0.));
#9474=CARTESIAN_POINT('',(2.32,-6.099999999999,0.849999999999));
#9475=CARTESIAN_POINT('Origin',(0.,-6.099999999999,0.));
#9476=CARTESIAN_POINT('',(3.02,-6.099999999999,-2.75));
#9477=CARTESIAN_POINT('',(2.52,-6.099999999999,-2.25));
#9478=CARTESIAN_POINT('',(2.52,-6.099999999999,0.));
#9479=CARTESIAN_POINT('',(-2.52,-6.099999999999,-2.25));
#9480=CARTESIAN_POINT('',(0.,-6.099999999999,-2.25));
#9481=CARTESIAN_POINT('',(-2.52,-6.099999999999,-0.05));
#9482=CARTESIAN_POINT('',(-2.52,-6.099999999999,0.));
#9483=CARTESIAN_POINT('',(-2.32,-6.099999999999,-0.05));
#9484=CARTESIAN_POINT('Origin',(2.32,-1.099999999999,-2.049999999999));
#9485=CARTESIAN_POINT('',(2.32,-4.299999999999,0.099999999999));
#9486=CARTESIAN_POINT('',(2.32,-4.299999999999,0.699999999999));
#9487=CARTESIAN_POINT('',(2.32,-4.299999999999,0.849999999999));
#9488=CARTESIAN_POINT('',(2.32,-4.45,0.849999999999));
#9489=CARTESIAN_POINT('Origin',(2.32,-4.45,0.699999999999));
#9490=CARTESIAN_POINT('',(2.32,-5.9,0.849999999999));
#9491=CARTESIAN_POINT('',(2.32,-4.299999999999,0.849999999999));
#9492=CARTESIAN_POINT('',(2.32,-5.9,-2.049999999999));
#9493=CARTESIAN_POINT('',(2.32,-3.899999999999,1.499999999999));
#9494=CARTESIAN_POINT('',(2.32,-1.099999999999,1.499999999999));
#9495=CARTESIAN_POINT('',(2.32,0.,1.499999999999));
#9496=CARTESIAN_POINT('',(2.32,-1.099999999999,-2.049999999999));
#9497=CARTESIAN_POINT('',(2.32,-1.099999999999,-2.049999999999));
#9498=CARTESIAN_POINT('',(2.32,-5.9,-2.049999999999));
#9499=CARTESIAN_POINT('',(2.32,-1.099999999999,-2.049999999999));
#9500=CARTESIAN_POINT('',(2.32,-5.9,-2.049999999999));
#9501=CARTESIAN_POINT('Origin',(2.32,-4.45,0.099999999999));
#9502=CARTESIAN_POINT('Origin',(2.32,-5.9,-2.049999999999));
#9503=CARTESIAN_POINT('',(2.32,-5.9,0.849999999999));
#9504=CARTESIAN_POINT('Origin',(2.32,-5.9,-2.049999999999));
#9505=CARTESIAN_POINT('',(0.773333333333,-4.353333333333,-0.503333333333));
#9506=CARTESIAN_POINT('Origin',(-2.32,-5.9,-2.049999999999));
#9507=CARTESIAN_POINT('',(-2.32,-5.9,-0.05));
#9508=CARTESIAN_POINT('',(-2.32,-5.9,-0.05));
#9509=CARTESIAN_POINT('',(-2.32,-5.9,-2.049999999999));
#9510=CARTESIAN_POINT('',(-2.32,-5.9,-2.049999999999));
#9511=CARTESIAN_POINT('',(-2.32,-5.9,-2.049999999999));
#9512=CARTESIAN_POINT('Origin',(-2.32,-1.099999999999,1.5));
#9513=CARTESIAN_POINT('',(-2.32,-3.899999999999,1.499999999999));
#9514=CARTESIAN_POINT('',(-1.3,-3.899999999999,1.499999999999));
#9515=CARTESIAN_POINT('',(-1.3,-3.899999999999,1.499999999999));
#9516=CARTESIAN_POINT('',(-1.3,-1.099999999999,1.499999999999));
#9517=CARTESIAN_POINT('',(-1.3,0.,1.499999999999));
#9518=CARTESIAN_POINT('',(-0.449999999999,-1.099999999999,1.5));
#9519=CARTESIAN_POINT('',(-2.32,-1.099999999999,1.5));
#9520=CARTESIAN_POINT('',(-0.449999999999,-5.899999999999,1.5));
#9521=CARTESIAN_POINT('',(-0.449999999999,0.040175425099,1.5));
#9522=CARTESIAN_POINT('',(-0.449999999999,-5.899999999999,1.5));
#9523=CARTESIAN_POINT('',(-2.32,-5.9,1.5));
#9524=CARTESIAN_POINT('',(0.079999999999,-3.5,1.5));
#9525=CARTESIAN_POINT('',(-2.32,-1.099999999999,1.5));
#9526=CARTESIAN_POINT('Origin',(-2.32,-1.099999999999,-2.049999999999));
#9527=CARTESIAN_POINT('',(-2.32,-1.099999999999,-2.049999999999));
#9528=CARTESIAN_POINT('',(-2.32,-1.099999999999,-2.049999999999));
#9529=CARTESIAN_POINT('',(-2.32,-5.9,-2.049999999999));
#9530=CARTESIAN_POINT('',(-2.32,-1.099999999999,-2.049999999999));
#9531=CARTESIAN_POINT('Origin',(-2.32,-1.099999999999,-2.049999999999));
#9532=CARTESIAN_POINT('',(-2.32,-4.299999999999,0.099999999999));
#9533=CARTESIAN_POINT('',(-2.32,-4.299999999999,0.699999999999));
#9534=CARTESIAN_POINT('',(-2.32,-4.299999999999,0.849999999999));
#9535=CARTESIAN_POINT('',(-2.32,-4.45,-0.05));
#9536=CARTESIAN_POINT('Origin',(-2.32,-4.45,0.099999999999));
#9537=CARTESIAN_POINT('',(-2.32,-4.299999999999,-0.05));
#9538=CARTESIAN_POINT('',(-2.32,-1.099999999999,1.5));
#9539=CARTESIAN_POINT('',(-2.32,-1.099999999999,-2.049999999999));
#9540=CARTESIAN_POINT('',(-2.32,0.,1.499999999999));
#9541=CARTESIAN_POINT('',(-2.32,-3.899999999999,1.499999999999));
#9542=CARTESIAN_POINT('',(-2.32,-5.9,0.849999999999));
#9543=CARTESIAN_POINT('',(-2.32,-5.9,-2.049999999999));
#9544=CARTESIAN_POINT('',(-2.32,-4.45,0.849999999999));
#9545=CARTESIAN_POINT('',(-2.32,-4.299999999999,0.849999999999));
#9546=CARTESIAN_POINT('Origin',(-2.32,-4.45,0.699999999999));
#9547=CARTESIAN_POINT('Origin',(0.,-1.099999999999,0.));
#9548=CARTESIAN_POINT('',(-2.32,-1.099999999999,1.5));
#9549=CARTESIAN_POINT('',(0.449999999999,-1.099999999999,2.2));
#9550=CARTESIAN_POINT('',(0.449999999999,-1.099999999999,1.5));
#9551=CARTESIAN_POINT('',(-0.449999999999,-1.099999999999,2.2));
#9552=CARTESIAN_POINT('',(0.449999999999,-1.099999999999,2.2));
#9553=CARTESIAN_POINT('',(-0.449999999999,-1.099999999999,1.5));
#9554=CARTESIAN_POINT('',(-2.32,-1.099999999999,1.5));
#9555=CARTESIAN_POINT('',(-0.8,-1.099999999999,0.65));
#9556=CARTESIAN_POINT('',(-1.3,-1.099999999999,0.65));
#9557=CARTESIAN_POINT('',(0.,-1.099999999999,0.65));
#9558=CARTESIAN_POINT('',(-0.8,-1.099999999999,0.15));
#9559=CARTESIAN_POINT('',(-0.8,-1.099999999999,0.));
#9560=CARTESIAN_POINT('',(-1.3,-1.099999999999,0.15));
#9561=CARTESIAN_POINT('',(0.,-1.099999999999,0.15));
#9562=CARTESIAN_POINT('',(-1.3,-1.099999999999,0.));
#9563=CARTESIAN_POINT('',(1.199999999999,-1.099999999999,0.65));
#9564=CARTESIAN_POINT('',(0.699999999999,-1.099999999999,0.65));
#9565=CARTESIAN_POINT('',(0.,-1.099999999999,0.65));
#9566=CARTESIAN_POINT('',(1.199999999999,-1.099999999999,0.15));
#9567=CARTESIAN_POINT('',(1.199999999999,-1.099999999999,0.));
#9568=CARTESIAN_POINT('',(0.699999999999,-1.099999999999,0.15));
#9569=CARTESIAN_POINT('',(0.,-1.099999999999,0.15));
#9570=CARTESIAN_POINT('',(0.699999999999,-1.099999999999,0.));
#9571=CARTESIAN_POINT('Origin',(-2.32,-5.9,-2.049999999999));
#9572=CARTESIAN_POINT('Origin',(-2.32,-5.9,-2.049999999999));
#9573=CARTESIAN_POINT('',(-2.32,-5.9,0.849999999999));
#9574=CARTESIAN_POINT('Origin',(0.449999999999,0.040175425099,2.2));
#9575=CARTESIAN_POINT('',(0.449999999999,-5.899999999999,2.2));
#9576=CARTESIAN_POINT('',(0.449999999999,0.040175425099,2.2));
#9577=CARTESIAN_POINT('',(-0.449999999999,-5.899999999999,2.2));
#9578=CARTESIAN_POINT('',(0.449999999999,-5.899999999999,2.2));
#9579=CARTESIAN_POINT('',(-0.449999999999,0.040175425099,2.2));
#9580=CARTESIAN_POINT('Origin',(-0.449999999999,0.040175425099,1.5));
#9581=CARTESIAN_POINT('',(-0.449999999999,-5.899999999999,1.5));
#9582=CARTESIAN_POINT('Origin',(0.449999999999,0.040175425099,1.5));
#9583=CARTESIAN_POINT('',(0.449999999999,-5.899999999999,1.5));
#9584=CARTESIAN_POINT('Origin',(-0.449999999999,-5.899999999999,1.5));
#9585=CARTESIAN_POINT('',(-0.216666666666,-5.666666666666,1.966666666666));
#9586=CARTESIAN_POINT('Origin',(0.449999999999,-5.899999999999,2.2));
#9587=CARTESIAN_POINT('',(0.216666666666,-5.666666666666,1.966666666666));
#9588=CARTESIAN_POINT('Origin',(0.449999999999,-5.899999999999,1.5));
#9589=CARTESIAN_POINT('Origin',(-2.32,-4.299999999999,-0.05));
#9590=CARTESIAN_POINT('',(-3.02,-4.45,-0.05));
#9591=CARTESIAN_POINT('',(-3.02,-4.45,-0.05));
#9592=CARTESIAN_POINT('',(-3.02,-0.599999999999,-0.05));
#9593=CARTESIAN_POINT('',(-3.02,-3.299999999999,-0.05));
#9594=CARTESIAN_POINT('',(-0.173950105848,-0.599999999999,-0.05));
#9595=CARTESIAN_POINT('Origin',(-2.32,-4.299999999999,0.849999999999));
#9596=CARTESIAN_POINT('',(-3.02,-4.45,0.849999999999));
#9597=CARTESIAN_POINT('',(-3.02,-4.299999999999,0.849999999999));
#9598=CARTESIAN_POINT('',(-2.32,-4.45,0.849999999999));
#9599=CARTESIAN_POINT('Origin',(0.,-4.299999999999,0.));
#9600=CARTESIAN_POINT('',(-3.02,-4.299999999999,0.699999999999));
#9601=CARTESIAN_POINT('',(-3.02,-4.299999999999,0.099999999999));
#9602=CARTESIAN_POINT('',(-3.02,-4.299999999999,0.849999999999));
#9603=CARTESIAN_POINT('',(-2.32,-4.299999999999,0.099999999999));
#9604=CARTESIAN_POINT('',(-3.02,-4.299999999999,0.699999999999));
#9605=CARTESIAN_POINT('Origin',(-3.02,-3.299999999999,2.149999999999));
#9606=CARTESIAN_POINT('Origin',(-3.02,-4.45,0.699999999999));
#9607=CARTESIAN_POINT('',(-3.02,-5.299999999999,2.149999999999));
#9608=CARTESIAN_POINT('',(-3.02,-5.299999999999,-2.75));
#9609=CARTESIAN_POINT('',(-3.02,-3.299999999999,2.149999999999));
#9610=CARTESIAN_POINT('',(-3.02,-3.299999999999,2.149999999999));
#9611=CARTESIAN_POINT('',(-3.02,-3.299999999999,0.849999999999));
#9612=CARTESIAN_POINT('',(-3.02,-3.299999999999,2.149999999999));
#9613=CARTESIAN_POINT('',(-3.02,-0.599999999999,0.849999999999));
#9614=CARTESIAN_POINT('',(-3.02,-3.299999999999,0.849999999999));
#9615=CARTESIAN_POINT('',(-3.02,-0.599999999999,0.849999999999));
#9616=CARTESIAN_POINT('Origin',(-3.02,-4.45,0.099999999999));
#9617=CARTESIAN_POINT('Origin',(-3.02,-3.299999999999,2.149999999999));
#9618=CARTESIAN_POINT('',(-3.02,-5.299999999999,2.149999999999));
#9619=CARTESIAN_POINT('',(-3.02,-3.299999999999,2.149999999999));
#9620=CARTESIAN_POINT('Origin',(0.,-3.299999999999,0.));
#9621=CARTESIAN_POINT('',(-0.173950105848,-3.299999999999,0.849999999999));
#9622=CARTESIAN_POINT('Origin',(2.537877292636,-5.299999999999,-2.75));
#9623=CARTESIAN_POINT('Origin',(-0.173950105848,-0.599999999999,0.849999999999));
#9624=CARTESIAN_POINT('',(-0.173950105848,-0.599999999999,0.849999999999));
#9625=CARTESIAN_POINT('Origin',(-0.173950105848,-3.299999999999,0.849999999999));
#9626=CARTESIAN_POINT('Origin',(-3.25,1.45,-0.287157890324));
#9627=CARTESIAN_POINT('',(-3.25,1.45,-0.287157890324));
#9628=CARTESIAN_POINT('',(-3.25,1.45,-0.287157890324));
#9629=CARTESIAN_POINT('',(-3.25,1.45,-0.287157890324));
#9630=CARTESIAN_POINT('Origin',(-3.25,1.45,-2.749999999999));
#9631=CARTESIAN_POINT('',(-3.25,1.45,-2.749999999999));
#9632=CARTESIAN_POINT('Origin',(-3.25,0.,0.));
#9633=CARTESIAN_POINT('Origin',(0.,-4.45,0.099999999999));
#9634=CARTESIAN_POINT('Origin',(0.,-4.45,0.699999999999));
#9635=CARTESIAN_POINT('Origin',(2.32,-4.299999999999,0.849999999999));
#9636=CARTESIAN_POINT('',(3.02,-4.45,0.849999999999));
#9637=CARTESIAN_POINT('',(2.32,-4.45,0.849999999999));
#9638=CARTESIAN_POINT('',(3.02,-4.299999999999,0.849999999999));
#9639=CARTESIAN_POINT('Origin',(0.,-4.299999999999,0.));
#9640=CARTESIAN_POINT('',(3.02,-4.299999999999,0.099999999999));
#9641=CARTESIAN_POINT('',(0.,-4.299999999999,0.099999999999));
#9642=CARTESIAN_POINT('',(3.02,-4.299999999999,0.699999999999));
#9643=CARTESIAN_POINT('',(3.02,-4.299999999999,0.849999999999));
#9644=CARTESIAN_POINT('',(0.,-4.299999999999,0.699999999999));
#9645=CARTESIAN_POINT('Origin',(3.02,-3.299999999999,2.149999999999));
#9646=CARTESIAN_POINT('Origin',(3.02,-4.45,0.699999999999));
#9647=CARTESIAN_POINT('Origin',(3.02,-4.45,0.099999999999));
#9648=CARTESIAN_POINT('',(3.02,-0.599999999999,0.849999999999));
#9649=CARTESIAN_POINT('',(3.02,-0.599999999999,0.849999999999));
#9650=CARTESIAN_POINT('',(3.02,-3.299999999999,0.849999999999));
#9651=CARTESIAN_POINT('',(3.02,-5.299999999999,-2.75));
#9652=CARTESIAN_POINT('Origin',(-8.577877292636,-5.299999999999,-2.75));
#9653=CARTESIAN_POINT('Origin',(-8.577877292636,-5.299999999999,-2.75));
#9654=CARTESIAN_POINT('',(3.42,-5.299999999999,-0.55));
#9655=CARTESIAN_POINT('',(3.02,-5.299999999999,-0.55));
#9656=CARTESIAN_POINT('',(-8.577877292636,-5.299999999999,-0.549999999999));
#9657=CARTESIAN_POINT('',(3.42,-5.299999999999,-2.05));
#9658=CARTESIAN_POINT('',(3.42,-5.299999999999,-2.75));
#9659=CARTESIAN_POINT('',(-8.577877292636,-5.299999999999,-2.05));
#9660=CARTESIAN_POINT('',(3.02,-5.299999999999,-2.75));
#9661=CARTESIAN_POINT('Origin',(3.02,-3.299999999999,2.149999999999));
#9662=CARTESIAN_POINT('',(3.02,-5.799999999999,-0.55));
#9663=CARTESIAN_POINT('',(3.02,-5.799999999999,-2.849999999999));
#9664=CARTESIAN_POINT('',(3.02,-3.299999999999,-0.55));
#9665=CARTESIAN_POINT('Origin',(-5.866049894151,-3.299999999999,0.849999999999));
#9666=CARTESIAN_POINT('',(-5.866049894151,-0.599999999999,0.849999999999));
#9667=CARTESIAN_POINT('Origin',(-5.866049894151,-0.599999999999,0.849999999999));
#9668=CARTESIAN_POINT('Origin',(3.25,1.45,-0.287157890324));
#9669=CARTESIAN_POINT('',(3.25,1.45,-0.287157890324));
#9670=CARTESIAN_POINT('',(3.25,1.45,-0.287157890324));
#9671=CARTESIAN_POINT('',(3.25,1.45,-0.287157890324));
#9672=CARTESIAN_POINT('Origin',(3.25,1.45,-2.749999999999));
#9673=CARTESIAN_POINT('',(3.25,1.45,-2.749999999999));
#9674=CARTESIAN_POINT('Origin',(3.25,0.,0.));
#9675=CARTESIAN_POINT('Origin',(2.32,-4.45,0.099999999999));
#9676=CARTESIAN_POINT('Origin',(2.32,-4.45,0.699999999999));
#9677=CARTESIAN_POINT('Origin',(3.019999999999,-3.299999999999,-2.05));
#9678=CARTESIAN_POINT('',(3.42,-3.299999999999,-2.05));
#9679=CARTESIAN_POINT('',(3.42,-3.299999999999,-2.05));
#9680=CARTESIAN_POINT('',(3.019999999999,-3.299999999999,-2.05));
#9681=CARTESIAN_POINT('Origin',(3.019999999999,-3.299999999999,-2.75));
#9682=CARTESIAN_POINT('',(3.42,-3.299999999999,-2.75));
#9683=CARTESIAN_POINT('Origin',(-3.019999999999,-3.299999999999,-2.05));
#9684=CARTESIAN_POINT('',(-3.42,-3.299999999999,-2.05));
#9685=CARTESIAN_POINT('',(-3.42,-3.299999999999,-2.05));
#9686=CARTESIAN_POINT('',(-3.019999999999,-3.299999999999,-2.05));
#9687=CARTESIAN_POINT('Origin',(-3.019999999999,-3.299999999999,-2.75));
#9688=CARTESIAN_POINT('',(-3.42,-3.299999999999,-2.75));
#9689=CARTESIAN_POINT('Origin',(1.199999999999,-5.599999999999,0.149999999999));
#9690=CARTESIAN_POINT('',(1.066025403784,-5.599999999999,0.283974596215));
#9691=CARTESIAN_POINT('',(1.066025403784,-5.599999999999,0.516025403784));
#9692=CARTESIAN_POINT('',(1.066025403784,-5.599999999999,0.149999999999));
#9693=CARTESIAN_POINT('',(0.833974596215,-5.599999999999,0.516025403784));
#9694=CARTESIAN_POINT('',(0.699999999999,-5.599999999999,0.516025403784));
#9695=CARTESIAN_POINT('',(0.833974596215,-5.599999999999,0.283974596215));
#9696=CARTESIAN_POINT('',(0.833974596215,-5.599999999999,0.149999999999));
#9697=CARTESIAN_POINT('',(1.199999999999,-5.599999999999,0.283974596215));
#9698=CARTESIAN_POINT('Origin',(0.699999999999,-0.9,-0.449999999999));
#9699=CARTESIAN_POINT('',(0.699999999999,-5.099999999999,0.149999999999));
#9700=CARTESIAN_POINT('',(0.699999999999,-0.9,0.15));
#9701=CARTESIAN_POINT('',(0.699999999999,-5.099999999999,0.649999999999));
#9702=CARTESIAN_POINT('',(0.699999999999,-5.099999999999,0.649999999999));
#9703=CARTESIAN_POINT('',(0.699999999999,-0.9,0.65));
#9704=CARTESIAN_POINT('Origin',(1.199999999999,-0.9,-0.449999999999));
#9705=CARTESIAN_POINT('',(1.199999999999,-5.099999999999,0.649999999999));
#9706=CARTESIAN_POINT('',(1.199999999999,-0.9,0.65));
#9707=CARTESIAN_POINT('',(1.199999999999,-5.099999999999,0.149999999999));
#9708=CARTESIAN_POINT('',(1.199999999999,-5.099999999999,-0.449999999999));
#9709=CARTESIAN_POINT('',(1.199999999999,-0.9,0.15));
#9710=CARTESIAN_POINT('Origin',(1.199999999999,-0.9,0.15));
#9711=CARTESIAN_POINT('',(1.199999999999,-5.099999999999,0.149999999999));
#9712=CARTESIAN_POINT('Origin',(1.199999999999,-0.9,0.65));
#9713=CARTESIAN_POINT('',(1.199999999999,-5.099999999999,0.649999999999));
#9714=CARTESIAN_POINT('Origin',(1.199999999999,0.5,-2.));
#9715=CARTESIAN_POINT('',(1.199999999999,0.5,-2.8));
#9716=CARTESIAN_POINT('Origin',(1.199999999999,0.5,-2.));
#9717=CARTESIAN_POINT('',(0.699999999999,0.5,-2.8));
#9718=CARTESIAN_POINT('Origin',(0.699999999999,0.5,-2.));
#9719=CARTESIAN_POINT('',(1.199999999999,0.5,-2.8));
#9720=CARTESIAN_POINT('Origin',(1.199999999999,2.4,-2.8));
#9721=CARTESIAN_POINT('',(0.699999999999,1.899999999999,-2.8));
#9722=CARTESIAN_POINT('',(0.699999999999,2.4,-2.8));
#9723=CARTESIAN_POINT('',(1.199999999999,1.899999999999,-2.8));
#9724=CARTESIAN_POINT('',(1.199999999999,1.899999999999,-2.8));
#9725=CARTESIAN_POINT('',(1.199999999999,2.4,-2.8));
#9726=CARTESIAN_POINT('Origin',(1.199999999999,2.4,-2.3));
#9727=CARTESIAN_POINT('',(1.066025403784,2.4,-2.433974596215));
#9728=CARTESIAN_POINT('',(1.066025403784,2.4,-2.666025403784));
#9729=CARTESIAN_POINT('',(1.066025403784,2.4,-2.3));
#9730=CARTESIAN_POINT('',(0.833974596215,2.4,-2.666025403784));
#9731=CARTESIAN_POINT('',(1.199999999999,2.4,-2.666025403784));
#9732=CARTESIAN_POINT('',(0.833974596215,2.4,-2.433974596215));
#9733=CARTESIAN_POINT('',(0.833974596215,2.4,-2.3));
#9734=CARTESIAN_POINT('',(1.199999999999,2.4,-2.433974596215));
#9735=CARTESIAN_POINT('Origin',(1.199999999999,2.4,-2.3));
#9736=CARTESIAN_POINT('',(1.199999999999,1.899999999999,-2.3));
#9737=CARTESIAN_POINT('',(1.199999999999,0.5,-2.3));
#9738=CARTESIAN_POINT('',(1.199999999999,2.4,-2.3));
#9739=CARTESIAN_POINT('',(0.699999999999,1.899999999999,-2.3));
#9740=CARTESIAN_POINT('',(0.699999999999,1.899999999999,-2.3));
#9741=CARTESIAN_POINT('',(0.699999999999,0.5,-2.3));
#9742=CARTESIAN_POINT('',(0.699999999999,2.4,-2.3));
#9743=CARTESIAN_POINT('',(1.199999999999,0.5,-2.3));
#9744=CARTESIAN_POINT('Origin',(1.199999999999,0.5,-2.));
#9745=CARTESIAN_POINT('',(0.699999999999,0.199999999999,-2.));
#9746=CARTESIAN_POINT('Origin',(0.699999999999,0.5,-2.));
#9747=CARTESIAN_POINT('',(1.199999999999,0.199999999999,-2.));
#9748=CARTESIAN_POINT('',(1.199999999999,0.199999999999,-2.));
#9749=CARTESIAN_POINT('Origin',(1.199999999999,0.5,-2.));
#9750=CARTESIAN_POINT('Origin',(1.199999999999,0.199999999999,-2.));
#9751=CARTESIAN_POINT('',(0.699999999999,0.199999999999,-0.449999999999));
#9752=CARTESIAN_POINT('',(0.699999999999,0.199999999999,-2.));
#9753=CARTESIAN_POINT('',(1.199999999999,0.199999999999,-0.449999999999));
#9754=CARTESIAN_POINT('',(1.199999999999,0.199999999999,-0.449999999999));
#9755=CARTESIAN_POINT('',(1.199999999999,0.199999999999,-2.));
#9756=CARTESIAN_POINT('Origin',(1.199999999999,-0.9,-0.449999999999));
#9757=CARTESIAN_POINT('Origin',(1.199999999999,-0.9,-0.449999999999));
#9758=CARTESIAN_POINT('Origin',(0.699999999999,-0.9,-0.449999999999));
#9759=CARTESIAN_POINT('Origin',(1.199999999999,-0.9,-0.449999999999));
#9760=CARTESIAN_POINT('',(1.199999999999,1.899999999999,-0.449999999999));
#9761=CARTESIAN_POINT('Origin',(0.699999999999,-0.9,-0.449999999999));
#9762=CARTESIAN_POINT('',(0.699999999999,1.899999999999,-2.8));
#9763=CARTESIAN_POINT('Origin',(1.199999999999,1.899999999999,-2.3));
#9764=CARTESIAN_POINT('',(0.583853817454,1.466536545636,-2.183853817454));
#9765=CARTESIAN_POINT('',(1.199999999999,1.899999999999,-2.3));
#9766=CARTESIAN_POINT('Origin',(1.066025403784,2.4,-2.3));
#9767=CARTESIAN_POINT('',(1.043045699263,2.485761424815,-2.643045699263));
#9768=CARTESIAN_POINT('Origin',(0.699999999999,1.899999999999,-0.449999999999));
#9769=CARTESIAN_POINT('',(0.847537042692,2.450615739326,-2.652462957307));
#9770=CARTESIAN_POINT('Origin',(1.199999999999,2.4,-2.666025403784));
#9771=CARTESIAN_POINT('Origin',(1.199999999999,-5.099999999999,0.149999999999));
#9772=CARTESIAN_POINT('',(0.662330967823,-4.959417258044,0.112330967823));
#9773=CARTESIAN_POINT('',(1.199999999999,-5.099999999999,0.149999999999));
#9774=CARTESIAN_POINT('Origin',(1.066025403784,-5.599999999999,0.149999999999));
#9775=CARTESIAN_POINT('',(1.043045699263,-5.685761424815,0.493045699263));
#9776=CARTESIAN_POINT('Origin',(0.699999999999,-5.099999999999,-0.449999999999));
#9777=CARTESIAN_POINT('',(0.769059892324,-5.357735026918,0.580940107675));
#9778=CARTESIAN_POINT('Origin',(1.199999999999,-5.599999999999,0.516025403784));
#9779=CARTESIAN_POINT('Origin',(-0.8,-5.599999999999,0.149999999999));
#9780=CARTESIAN_POINT('',(-0.933974596215,-5.599999999999,0.283974596215));
#9781=CARTESIAN_POINT('',(-0.933974596215,-5.599999999999,0.516025403784));
#9782=CARTESIAN_POINT('',(-0.933974596215,-5.599999999999,0.149999999999));
#9783=CARTESIAN_POINT('',(-1.166025403784,-5.599999999999,0.516025403784));
#9784=CARTESIAN_POINT('',(-1.3,-5.599999999999,0.516025403784));
#9785=CARTESIAN_POINT('',(-1.166025403784,-5.599999999999,0.283974596215));
#9786=CARTESIAN_POINT('',(-1.166025403784,-5.599999999999,0.149999999999));
#9787=CARTESIAN_POINT('',(-0.8,-5.599999999999,0.283974596215));
#9788=CARTESIAN_POINT('Origin',(-1.3,-0.9,-0.449999999999));
#9789=CARTESIAN_POINT('',(-1.3,-5.099999999999,0.149999999999));
#9790=CARTESIAN_POINT('',(-1.3,-0.9,0.15));
#9791=CARTESIAN_POINT('',(-1.3,-5.099999999999,0.649999999999));
#9792=CARTESIAN_POINT('',(-1.3,-5.099999999999,0.649999999999));
#9793=CARTESIAN_POINT('',(-1.3,-0.9,0.65));
#9794=CARTESIAN_POINT('Origin',(-0.8,-0.9,-0.449999999999));
#9795=CARTESIAN_POINT('',(-0.8,-5.099999999999,0.649999999999));
#9796=CARTESIAN_POINT('',(-0.8,-0.9,0.65));
#9797=CARTESIAN_POINT('',(-0.8,-5.099999999999,0.149999999999));
#9798=CARTESIAN_POINT('',(-0.8,-5.099999999999,-0.449999999999));
#9799=CARTESIAN_POINT('',(-0.8,-0.9,0.15));
#9800=CARTESIAN_POINT('Origin',(-0.8,-0.9,0.15));
#9801=CARTESIAN_POINT('',(-0.8,-5.099999999999,0.149999999999));
#9802=CARTESIAN_POINT('Origin',(-0.8,-0.9,0.65));
#9803=CARTESIAN_POINT('',(-0.8,-5.099999999999,0.649999999999));
#9804=CARTESIAN_POINT('Origin',(-0.8,0.5,-2.));
#9805=CARTESIAN_POINT('',(-0.8,0.5,-2.8));
#9806=CARTESIAN_POINT('Origin',(-0.8,0.5,-2.));
#9807=CARTESIAN_POINT('',(-1.3,0.5,-2.8));
#9808=CARTESIAN_POINT('Origin',(-1.3,0.5,-2.));
#9809=CARTESIAN_POINT('',(-0.8,0.5,-2.8));
#9810=CARTESIAN_POINT('Origin',(-0.8,2.4,-2.8));
#9811=CARTESIAN_POINT('',(-1.3,1.899999999999,-2.8));
#9812=CARTESIAN_POINT('',(-1.3,2.4,-2.8));
#9813=CARTESIAN_POINT('',(-0.8,1.899999999999,-2.8));
#9814=CARTESIAN_POINT('',(-0.8,1.899999999999,-2.8));
#9815=CARTESIAN_POINT('',(-0.8,2.4,-2.8));
#9816=CARTESIAN_POINT('Origin',(-0.8,2.4,-2.3));
#9817=CARTESIAN_POINT('',(-0.933974596215,2.4,-2.433974596215));
#9818=CARTESIAN_POINT('',(-0.933974596215,2.4,-2.666025403784));
#9819=CARTESIAN_POINT('',(-0.933974596215,2.4,-2.3));
#9820=CARTESIAN_POINT('',(-1.166025403784,2.4,-2.666025403784));
#9821=CARTESIAN_POINT('',(-0.8,2.4,-2.666025403784));
#9822=CARTESIAN_POINT('',(-1.166025403784,2.4,-2.433974596215));
#9823=CARTESIAN_POINT('',(-1.166025403784,2.4,-2.3));
#9824=CARTESIAN_POINT('',(-0.8,2.4,-2.433974596215));
#9825=CARTESIAN_POINT('Origin',(-0.8,2.4,-2.3));
#9826=CARTESIAN_POINT('',(-0.8,1.899999999999,-2.3));
#9827=CARTESIAN_POINT('',(-0.8,0.5,-2.3));
#9828=CARTESIAN_POINT('',(-0.8,2.4,-2.3));
#9829=CARTESIAN_POINT('',(-1.3,1.899999999999,-2.3));
#9830=CARTESIAN_POINT('',(-1.3,1.899999999999,-2.3));
#9831=CARTESIAN_POINT('',(-1.3,0.5,-2.3));
#9832=CARTESIAN_POINT('',(-1.3,2.4,-2.3));
#9833=CARTESIAN_POINT('',(-0.8,0.5,-2.3));
#9834=CARTESIAN_POINT('Origin',(-0.8,0.5,-2.));
#9835=CARTESIAN_POINT('',(-1.3,0.199999999999,-2.));
#9836=CARTESIAN_POINT('Origin',(-1.3,0.5,-2.));
#9837=CARTESIAN_POINT('',(-0.8,0.199999999999,-2.));
#9838=CARTESIAN_POINT('',(-0.8,0.199999999999,-2.));
#9839=CARTESIAN_POINT('Origin',(-0.8,0.5,-2.));
#9840=CARTESIAN_POINT('Origin',(-0.8,0.199999999999,-2.));
#9841=CARTESIAN_POINT('',(-1.3,0.199999999999,-0.449999999999));
#9842=CARTESIAN_POINT('',(-1.3,0.199999999999,-2.));
#9843=CARTESIAN_POINT('',(-0.8,0.199999999999,-0.449999999999));
#9844=CARTESIAN_POINT('',(-0.8,0.199999999999,-0.449999999999));
#9845=CARTESIAN_POINT('',(-0.8,0.199999999999,-2.));
#9846=CARTESIAN_POINT('Origin',(-0.8,-0.9,-0.449999999999));
#9847=CARTESIAN_POINT('Origin',(-0.8,-0.9,-0.449999999999));
#9848=CARTESIAN_POINT('Origin',(-1.3,-0.9,-0.449999999999));
#9849=CARTESIAN_POINT('Origin',(-0.8,-0.9,-0.449999999999));
#9850=CARTESIAN_POINT('',(-0.8,1.899999999999,-0.449999999999));
#9851=CARTESIAN_POINT('Origin',(-1.3,-0.9,-0.449999999999));
#9852=CARTESIAN_POINT('',(-1.3,1.899999999999,-2.8));
#9853=CARTESIAN_POINT('Origin',(-0.8,1.899999999999,-2.3));
#9854=CARTESIAN_POINT('',(-1.416146182545,1.466536545636,-2.183853817454));
#9855=CARTESIAN_POINT('',(-0.8,1.899999999999,-2.3));
#9856=CARTESIAN_POINT('Origin',(-0.933974596215,2.4,-2.3));
#9857=CARTESIAN_POINT('',(-0.956954300736,2.485761424815,-2.643045699263));
#9858=CARTESIAN_POINT('Origin',(-1.3,1.899999999999,-0.449999999999));
#9859=CARTESIAN_POINT('',(-1.152462957307,2.450615739326,-2.652462957307));
#9860=CARTESIAN_POINT('Origin',(-0.8,2.4,-2.666025403784));
#9861=CARTESIAN_POINT('Origin',(-0.8,-5.099999999999,0.149999999999));
#9862=CARTESIAN_POINT('',(-1.337669032176,-4.959417258044,0.112330967823));
#9863=CARTESIAN_POINT('',(-0.8,-5.099999999999,0.149999999999));
#9864=CARTESIAN_POINT('Origin',(-0.933974596215,-5.599999999999,0.149999999999));
#9865=CARTESIAN_POINT('',(-0.956954300736,-5.685761424815,0.493045699263));
#9866=CARTESIAN_POINT('Origin',(-1.3,-5.099999999999,-0.449999999999));
#9867=CARTESIAN_POINT('',(-1.230940107675,-5.357735026918,0.580940107675));
#9868=CARTESIAN_POINT('Origin',(-0.8,-5.599999999999,0.516025403784));
#9869=CARTESIAN_POINT('Origin',(-3.42,-3.299999999999,-0.55));
#9870=CARTESIAN_POINT('',(-3.42,-5.799999999999,-0.55));
#9871=CARTESIAN_POINT('',(-3.42,-3.299999999999,-0.55));
#9872=CARTESIAN_POINT('',(-3.42,-5.799999999999,-0.55));
#9873=CARTESIAN_POINT('Origin',(-3.42,0.,0.));
#9874=CARTESIAN_POINT('',(-3.42,-3.299999999999,-2.849999999999));
#9875=CARTESIAN_POINT('',(-3.42,-3.299999999999,-2.849999999999));
#9876=CARTESIAN_POINT('',(-3.42,-5.799999999999,-2.849999999999));
#9877=CARTESIAN_POINT('',(-3.42,-3.299999999999,-2.849999999999));
#9878=CARTESIAN_POINT('',(-3.42,-5.799999999999,-2.849999999999));
#9879=CARTESIAN_POINT('Origin',(-3.02,0.,0.));
#9880=CARTESIAN_POINT('',(-3.02,-5.799999999999,-2.849999999999));
#9881=CARTESIAN_POINT('',(-3.02,-5.799999999999,-2.849999999999));
#9882=CARTESIAN_POINT('',(-3.02,-3.299999999999,-2.849999999999));
#9883=CARTESIAN_POINT('',(-3.02,-3.299999999999,-2.849999999999));
#9884=CARTESIAN_POINT('',(-3.02,-3.299999999999,-2.849999999999));
#9885=CARTESIAN_POINT('Origin',(-3.42,-3.299999999999,-2.849999999999));
#9886=CARTESIAN_POINT('',(-3.42,-5.799999999999,-2.849999999999));
#9887=CARTESIAN_POINT('',(-3.42,-3.299999999999,-2.849999999999));
#9888=CARTESIAN_POINT('Origin',(-3.42,-5.799999999999,-2.849999999999));
#9889=CARTESIAN_POINT('Origin',(-3.42,-3.299999999999,-2.849999999999));
#9890=CARTESIAN_POINT('Origin',(3.42,-3.299999999999,-2.849999999999));
#9891=CARTESIAN_POINT('',(3.02,-3.299999999999,-2.849999999999));
#9892=CARTESIAN_POINT('',(3.02,-3.299999999999,-2.849999999999));
#9893=CARTESIAN_POINT('',(3.42,-3.299999999999,-2.849999999999));
#9894=CARTESIAN_POINT('',(3.42,-3.299999999999,-2.849999999999));
#9895=CARTESIAN_POINT('',(3.42,-3.299999999999,-2.849999999999));
#9896=CARTESIAN_POINT('Origin',(3.42,-3.299999999999,-2.849999999999));
#9897=CARTESIAN_POINT('',(3.02,-5.799999999999,-2.849999999999));
#9898=CARTESIAN_POINT('',(3.02,-3.299999999999,-2.849999999999));
#9899=CARTESIAN_POINT('',(3.42,-5.799999999999,-2.849999999999));
#9900=CARTESIAN_POINT('',(3.42,-3.299999999999,-2.849999999999));
#9901=CARTESIAN_POINT('',(3.42,-5.799999999999,-2.849999999999));
#9902=CARTESIAN_POINT('Origin',(3.42,-3.299999999999,-0.55));
#9903=CARTESIAN_POINT('',(3.42,-5.799999999999,-0.55));
#9904=CARTESIAN_POINT('',(3.42,-3.299999999999,-0.55));
#9905=CARTESIAN_POINT('',(3.42,-5.799999999999,-0.55));
#9906=CARTESIAN_POINT('Origin',(3.42,-5.799999999999,-2.849999999999));
#9907=CARTESIAN_POINT('',(3.02,-5.799999999999,-2.849999999999));
#9908=CARTESIAN_POINT('',(3.42,-5.799999999999,-2.849999999999));
#9909=CARTESIAN_POINT('Origin',(3.42,0.,0.));
#9910=CARTESIAN_POINT('Origin',(3.02,0.,0.));
#9911=CARTESIAN_POINT('Origin',(0.,0.,1.499999999999));
#9912=CARTESIAN_POINT('',(-1.3,0.,1.499999999999));
#9913=CARTESIAN_POINT('Origin',(-1.3,0.,1.499999999999));
#9914=CARTESIAN_POINT('',(-1.3,-3.899999999999,1.499999999999));
#9915=CARTESIAN_POINT('Origin',(-1.3,-3.899999999999,1.499999999999));
#9916=CARTESIAN_POINT('Origin',(0.,0.,1.499999999999));
#9917=CARTESIAN_POINT('',(1.3,0.,1.499999999999));
#9918=CARTESIAN_POINT('Origin',(1.3,0.,1.499999999999));
#9919=CARTESIAN_POINT('',(1.3,-3.899999999999,1.499999999999));
#9920=CARTESIAN_POINT('Origin',(1.3,-3.899999999999,1.499999999999));
#9921=CARTESIAN_POINT('Origin',(1.486328034398,-5.396217111434,2.759999999999));
#9922=CARTESIAN_POINT('',(1.449820742153,-5.448951013087,2.759999999999));
#9923=CARTESIAN_POINT('',(1.498510886091,-5.328628589597,2.759999999999));
#9924=CARTESIAN_POINT('Origin',(-34.881149722135,16.7367144533113,2.759999999999));
#9925=CARTESIAN_POINT('',(1.449820742153,-5.214082962844,2.759999999999));
#9926=CARTESIAN_POINT('Ctrl Pts',(1.498510886091,-5.328628589597,2.759999999999));
#9927=CARTESIAN_POINT('Ctrl Pts',(1.498510886091,-5.280763702337,2.759999999999));
#9928=CARTESIAN_POINT('Ctrl Pts',(1.482253329555,-5.242636843864,2.759999999999));
#9929=CARTESIAN_POINT('Ctrl Pts',(1.449820742153,-5.214082962844,2.759999999999));
#9930=CARTESIAN_POINT('',(1.327765279642,-5.171334666981,2.759999999999));
#9931=CARTESIAN_POINT('Ctrl Pts',(1.449820742153,-5.214082962844,2.759999999999));
#9932=CARTESIAN_POINT('Ctrl Pts',(1.417388154753,-5.185529081825,2.759999999999));
#9933=CARTESIAN_POINT('Ctrl Pts',(1.37670300058,-5.171334666981,2.759999999999));
#9934=CARTESIAN_POINT('Ctrl Pts',(1.327765279642,-5.171334666981,2.759999999999));
#9935=CARTESIAN_POINT('',(1.235666634503,-5.171334666981,2.759999999999));
#9936=CARTESIAN_POINT('',(1.235666634503,-5.171334666981,2.759999999999));
#9937=CARTESIAN_POINT('',(1.235666634503,-5.494175078979,2.759999999999));
#9938=CARTESIAN_POINT('',(1.235666634503,-5.494175078979,2.759999999999));
#9939=CARTESIAN_POINT('',(1.324464252936,-5.494175078979,2.759999999999));
#9940=CARTESIAN_POINT('',(1.324464252936,-5.494175078979,2.759999999999));
#9941=CARTESIAN_POINT('Origin',(-16.1817170335797,22.667499554886,2.759999999999));
#9942=CARTESIAN_POINT('',(1.419286245108,-5.238840663151,2.759999999999));
#9943=CARTESIAN_POINT('',(1.326114766288,-5.20847121744,2.759999999999));
#9944=CARTESIAN_POINT('Origin',(-14.1683274134571,-26.1477452762823,2.759999999999));
#9945=CARTESIAN_POINT('',(1.454689756545,-5.329783948943,2.759999999999));
#9946=CARTESIAN_POINT('Origin',(-5.04213283822546,-10.7817597725773,2.759999999999));
#9947=CARTESIAN_POINT('',(1.420194027453,-5.423698158774,2.759999999999));
#9948=CARTESIAN_POINT('Origin',(-8.99906988727378,2.83686459702006,2.759999999999));
#9949=CARTESIAN_POINT('',(1.324216675931,-5.45736863119,2.759999999999));
#9950=CARTESIAN_POINT('Origin',(-8.74852788048464,7.11039909893006,2.759999999999));
#9951=CARTESIAN_POINT('',(1.277342096684,-5.45736863119,2.759999999999));
#9952=CARTESIAN_POINT('',(1.277342096684,-5.45736863119,2.759999999999));
#9953=CARTESIAN_POINT('',(1.277342096684,-5.20847121744,2.759999999999));
#9954=CARTESIAN_POINT('',(1.277342096684,-5.20847121744,2.759999999999));
#9955=CARTESIAN_POINT('',(1.326114766288,-5.20847121744,2.759999999999));
#9956=CARTESIAN_POINT('Ctrl Pts',(1.449820742153,-5.448951013087,2.759999999999));
#9957=CARTESIAN_POINT('Ctrl Pts',(1.449820742153,-5.448951013087,2.7480000000002));
#9958=CARTESIAN_POINT('Ctrl Pts',(1.482253329555,-5.418746618712,2.759999999999));
#9959=CARTESIAN_POINT('Ctrl Pts',(1.482253329555,-5.418746618712,2.7480000000002));
#9960=CARTESIAN_POINT('Ctrl Pts',(1.498510886091,-5.378639144217,2.759999999999));
#9961=CARTESIAN_POINT('Ctrl Pts',(1.498510886091,-5.378639144217,2.7480000000002));
#9962=CARTESIAN_POINT('Ctrl Pts',(1.498510886091,-5.328628589597,2.759999999999));
#9963=CARTESIAN_POINT('Ctrl Pts',(1.498510886091,-5.328628589597,2.7480000000002));
#9964=CARTESIAN_POINT('',(1.498510886091,-5.328628589597,2.759999999999));
#9965=CARTESIAN_POINT('',(1.449820742153,-5.448951013087,2.759999999999));
#9966=CARTESIAN_POINT('Ctrl Pts',(1.498510886091,-5.328628589597,2.759999999999));
#9967=CARTESIAN_POINT('Ctrl Pts',(1.498510886091,-5.328628589597,2.7480000000002));
#9968=CARTESIAN_POINT('Ctrl Pts',(1.498510886091,-5.280763702337,2.759999999999));
#9969=CARTESIAN_POINT('Ctrl Pts',(1.498510886091,-5.280763702337,2.7480000000002));
#9970=CARTESIAN_POINT('Ctrl Pts',(1.482253329555,-5.242636843864,2.759999999999));
#9971=CARTESIAN_POINT('Ctrl Pts',(1.482253329555,-5.242636843864,2.7480000000002));
#9972=CARTESIAN_POINT('Ctrl Pts',(1.449820742153,-5.214082962844,2.759999999999));
#9973=CARTESIAN_POINT('Ctrl Pts',(1.449820742153,-5.214082962844,2.7480000000002));
#9974=CARTESIAN_POINT('',(1.449820742153,-5.214082962844,2.759999999999));
#9975=CARTESIAN_POINT('Ctrl Pts',(1.449820742153,-5.214082962844,2.759999999999));
#9976=CARTESIAN_POINT('Ctrl Pts',(1.449820742153,-5.214082962844,2.7480000000002));
#9977=CARTESIAN_POINT('Ctrl Pts',(1.417388154753,-5.185529081825,2.759999999999));
#9978=CARTESIAN_POINT('Ctrl Pts',(1.417388154753,-5.185529081825,2.7480000000002));
#9979=CARTESIAN_POINT('Ctrl Pts',(1.37670300058,-5.171334666981,2.759999999999));
#9980=CARTESIAN_POINT('Ctrl Pts',(1.37670300058,-5.171334666981,2.7480000000002));
#9981=CARTESIAN_POINT('Ctrl Pts',(1.327765279642,-5.171334666981,2.759999999999));
#9982=CARTESIAN_POINT('Ctrl Pts',(1.327765279642,-5.171334666981,2.7480000000002));
#9983=CARTESIAN_POINT('',(1.327765279642,-5.171334666981,2.759999999999));
#9984=CARTESIAN_POINT('Origin',(1.235666634503,-5.171334666981,2.759999999999));
#9985=CARTESIAN_POINT('',(1.235666634503,-5.171334666981,2.759999999999));
#9986=CARTESIAN_POINT('Origin',(1.235666634503,-5.494175078979,2.759999999999));
#9987=CARTESIAN_POINT('',(1.235666634503,-5.494175078979,2.759999999999));
#9988=CARTESIAN_POINT('Origin',(1.324464252936,-5.494175078979,2.759999999999));
#9989=CARTESIAN_POINT('',(1.324464252936,-5.494175078979,2.759999999999));
#9990=CARTESIAN_POINT('Ctrl Pts',(1.324464252936,-5.494175078979,2.759999999999));
#9991=CARTESIAN_POINT('Ctrl Pts',(1.324464252936,-5.494175078979,2.7480000000002));
#9992=CARTESIAN_POINT('Ctrl Pts',(1.375547641234,-5.494175078979,2.759999999999));
#9993=CARTESIAN_POINT('Ctrl Pts',(1.375547641234,-5.494175078979,2.7480000000002));
#9994=CARTESIAN_POINT('Ctrl Pts',(1.417388154753,-5.479155407461,2.759999999999));
#9995=CARTESIAN_POINT('Ctrl Pts',(1.417388154753,-5.479155407461,2.7480000000002));
#9996=CARTESIAN_POINT('Ctrl Pts',(1.449820742153,-5.448951013087,2.759999999999));
#9997=CARTESIAN_POINT('Ctrl Pts',(1.449820742153,-5.448951013087,2.7480000000002));
#9998=CARTESIAN_POINT('Ctrl Pts',(1.454689756545,-5.329783948943,2.759999999999));
#9999=CARTESIAN_POINT('Ctrl Pts',(1.454689756545,-5.329783948943,2.7480000000002));
#10000=CARTESIAN_POINT('Ctrl Pts',(1.454689756545,-5.289511423111,2.759999999999));
#10001=CARTESIAN_POINT('Ctrl Pts',(1.454689756545,-5.289511423111,2.7480000000002));
#10002=CARTESIAN_POINT('Ctrl Pts',(1.442888586066,-5.259141977403,2.759999999999));
#10003=CARTESIAN_POINT('Ctrl Pts',(1.442888586066,-5.259141977403,2.7480000000002));
#10004=CARTESIAN_POINT('Ctrl Pts',(1.419286245108,-5.238840663151,2.759999999999));
#10005=CARTESIAN_POINT('Ctrl Pts',(1.419286245108,-5.238840663151,2.7480000000002));
#10006=CARTESIAN_POINT('',(1.454689756545,-5.329783948943,2.75));
#10007=CARTESIAN_POINT('',(1.419286245108,-5.238840663151,2.75));
#10008=CARTESIAN_POINT('Origin',(-5.04213283822546,-10.7817597725773,2.75));
#10009=CARTESIAN_POINT('',(1.454689756545,-5.329783948943,2.759999999999));
#10010=CARTESIAN_POINT('',(1.419286245108,-5.238840663151,2.759999999999));
#10011=CARTESIAN_POINT('Ctrl Pts',(1.419286245108,-5.238840663151,2.759999999999));
#10012=CARTESIAN_POINT('Ctrl Pts',(1.419286245108,-5.238840663151,2.7480000000002));
#10013=CARTESIAN_POINT('Ctrl Pts',(1.395683904149,-5.2185393489,2.759999999999));
#10014=CARTESIAN_POINT('Ctrl Pts',(1.395683904149,-5.2185393489,2.7480000000002));
#10015=CARTESIAN_POINT('Ctrl Pts',(1.364571727431,-5.20847121744,2.759999999999));
#10016=CARTESIAN_POINT('Ctrl Pts',(1.364571727431,-5.20847121744,2.7480000000002));
#10017=CARTESIAN_POINT('Ctrl Pts',(1.326114766288,-5.20847121744,2.759999999999));
#10018=CARTESIAN_POINT('Ctrl Pts',(1.326114766288,-5.20847121744,2.7480000000002));
#10019=CARTESIAN_POINT('',(1.326114766288,-5.20847121744,2.75));
#10020=CARTESIAN_POINT('Origin',(-14.1683274134571,-26.1477452762823,2.75));
#10021=CARTESIAN_POINT('',(1.326114766288,-5.20847121744,2.759999999999));
#10022=CARTESIAN_POINT('Origin',(1.326114766288,-5.20847121744,2.759999999999));
#10023=CARTESIAN_POINT('',(1.277342096684,-5.20847121744,2.75));
#10024=CARTESIAN_POINT('',(1.326114766288,-5.20847121744,2.75));
#10025=CARTESIAN_POINT('',(1.277342096684,-5.20847121744,2.759999999999));
#10026=CARTESIAN_POINT('Origin',(1.277342096684,-5.20847121744,2.759999999999));
#10027=CARTESIAN_POINT('',(1.277342096684,-5.45736863119,2.75));
#10028=CARTESIAN_POINT('',(1.277342096684,-5.20847121744,2.75));
#10029=CARTESIAN_POINT('',(1.277342096684,-5.45736863119,2.759999999999));
#10030=CARTESIAN_POINT('Origin',(1.277342096684,-5.45736863119,2.759999999999));
#10031=CARTESIAN_POINT('',(1.324216675931,-5.45736863119,2.75));
#10032=CARTESIAN_POINT('',(1.277342096684,-5.45736863119,2.75));
#10033=CARTESIAN_POINT('',(1.324216675931,-5.45736863119,2.759999999999));
#10034=CARTESIAN_POINT('Ctrl Pts',(1.324216675931,-5.45736863119,2.759999999999));
#10035=CARTESIAN_POINT('Ctrl Pts',(1.324216675931,-5.45736863119,2.7480000000002));
#10036=CARTESIAN_POINT('Ctrl Pts',(1.365231932772,-5.45736863119,2.759999999999));
#10037=CARTESIAN_POINT('Ctrl Pts',(1.365231932772,-5.45736863119,2.7480000000002));
#10038=CARTESIAN_POINT('Ctrl Pts',(1.397251891836,-5.446145140386,2.759999999999));
#10039=CARTESIAN_POINT('Ctrl Pts',(1.397251891836,-5.446145140386,2.7480000000002));
#10040=CARTESIAN_POINT('Ctrl Pts',(1.420194027453,-5.423698158774,2.759999999999));
#10041=CARTESIAN_POINT('Ctrl Pts',(1.420194027453,-5.423698158774,2.7480000000002));
#10042=CARTESIAN_POINT('',(1.420194027453,-5.423698158774,2.75));
#10043=CARTESIAN_POINT('Origin',(-8.74852788048464,7.11039909893006,2.75));
#10044=CARTESIAN_POINT('',(1.420194027453,-5.423698158774,2.759999999999));
#10045=CARTESIAN_POINT('Ctrl Pts',(1.420194027453,-5.423698158774,2.759999999999));
#10046=CARTESIAN_POINT('Ctrl Pts',(1.420194027453,-5.423698158774,2.7480000000002));
#10047=CARTESIAN_POINT('Ctrl Pts',(1.443218688739,-5.401416228497,2.759999999999));
#10048=CARTESIAN_POINT('Ctrl Pts',(1.443218688739,-5.401416228497,2.7480000000002));
#10049=CARTESIAN_POINT('Ctrl Pts',(1.454689756545,-5.370056474776,2.759999999999));
#10050=CARTESIAN_POINT('Ctrl Pts',(1.454689756545,-5.370056474776,2.7480000000002));
#10051=CARTESIAN_POINT('Ctrl Pts',(1.454689756545,-5.329783948943,2.759999999999));
#10052=CARTESIAN_POINT('Ctrl Pts',(1.454689756545,-5.329783948943,2.7480000000002));
#10053=CARTESIAN_POINT('Origin',(-8.99906988727378,2.83686459702006,2.75));
#10054=CARTESIAN_POINT('Origin',(-3.95,-6.099999999999,2.75));
#10055=CARTESIAN_POINT('Ctrl Pts',(0.85258248509,-5.437232368275,2.759999999999));
#10056=CARTESIAN_POINT('Ctrl Pts',(0.85258248509,-5.437232368275,2.7480000000002));
#10057=CARTESIAN_POINT('Ctrl Pts',(0.85010671506,-5.445319883708,2.759999999999));
#10058=CARTESIAN_POINT('Ctrl Pts',(0.85010671506,-5.445319883708,2.7480000000002));
#10059=CARTESIAN_POINT('Ctrl Pts',(0.848456201704,-5.451591834452,2.759999999999));
#10060=CARTESIAN_POINT('Ctrl Pts',(0.848456201704,-5.451591834452,2.7480000000002));
#10061=CARTESIAN_POINT('Ctrl Pts',(0.847630945028,-5.455883169173,2.759999999999));
#10062=CARTESIAN_POINT('Ctrl Pts',(0.847630945028,-5.455883169173,2.7480000000002));
#10063=CARTESIAN_POINT('',(0.847630945028,-5.455883169173,2.759999999999));
#10064=CARTESIAN_POINT('',(0.847630945028,-5.455883169173,2.759999999999));
#10065=CARTESIAN_POINT('',(0.85258248509,-5.437232368275,2.759999999999));
#10066=CARTESIAN_POINT('Ctrl Pts',(0.85258248509,-5.437232368275,2.759999999999));
#10067=CARTESIAN_POINT('Ctrl Pts',(0.85010671506,-5.445319883708,2.759999999999));
#10068=CARTESIAN_POINT('Ctrl Pts',(0.848456201704,-5.451591834452,2.759999999999));
#10069=CARTESIAN_POINT('Ctrl Pts',(0.847630945028,-5.455883169173,2.759999999999));
#10070=CARTESIAN_POINT('',(0.85258248509,-5.437232368275,2.759999999999));
#10071=CARTESIAN_POINT('Origin',(0.846558111349,-5.455883169173,2.759999999999));
#10072=CARTESIAN_POINT('',(0.846558111349,-5.455883169173,2.759999999999));
#10073=CARTESIAN_POINT('',(0.846558111349,-5.455883169173,2.759999999999));
#10074=CARTESIAN_POINT('',(0.846558111349,-5.455883169173,2.759999999999));
#10075=CARTESIAN_POINT('Origin',(0.841606571287,-5.436902265605,2.759999999999));
#10076=CARTESIAN_POINT('',(0.841606571287,-5.436902265605,2.759999999999));
#10077=CARTESIAN_POINT('',(0.841606571287,-5.436902265605,2.759999999999));
#10078=CARTESIAN_POINT('',(0.841606571287,-5.436902265605,2.759999999999));
#10079=CARTESIAN_POINT('Origin',(0.781362833874,-5.263598363458,2.759999999999));
#10080=CARTESIAN_POINT('',(0.781362833874,-5.263598363458,2.759999999999));
#10081=CARTESIAN_POINT('',(0.781362833874,-5.263598363458,2.759999999999));
#10082=CARTESIAN_POINT('',(0.781362833874,-5.263598363458,2.759999999999));
#10083=CARTESIAN_POINT('Origin',(0.736138767981,-5.263598363458,2.759999999999));
#10084=CARTESIAN_POINT('',(0.736138767981,-5.263598363458,2.759999999999));
#10085=CARTESIAN_POINT('',(0.736138767981,-5.263598363458,2.759999999999));
#10086=CARTESIAN_POINT('',(0.736138767981,-5.263598363458,2.759999999999));
#10087=CARTESIAN_POINT('Origin',(0.826586899768,-5.493679924974,2.759999999999));
#10088=CARTESIAN_POINT('',(0.826586899768,-5.493679924974,2.759999999999));
#10089=CARTESIAN_POINT('',(0.826586899768,-5.493679924974,2.759999999999));
#10090=CARTESIAN_POINT('',(0.826586899768,-5.493679924974,2.759999999999));
#10091=CARTESIAN_POINT('Origin',(0.808843881214,-5.53560296416,2.759999999999));
#10092=CARTESIAN_POINT('',(0.808843881214,-5.53560296416,2.759999999999));
#10093=CARTESIAN_POINT('',(0.808843881214,-5.53560296416,2.759999999999));
#10094=CARTESIAN_POINT('',(0.808843881214,-5.53560296416,2.759999999999));
#10095=CARTESIAN_POINT('Ctrl Pts',(0.808843881214,-5.53560296416,2.759999999999));
#10096=CARTESIAN_POINT('Ctrl Pts',(0.808843881214,-5.53560296416,2.7480000000002));
#10097=CARTESIAN_POINT('Ctrl Pts',(0.799683532101,-5.557389740429,2.759999999999));
#10098=CARTESIAN_POINT('Ctrl Pts',(0.799683532101,-5.557389740429,2.7480000000002));
#10099=CARTESIAN_POINT('Ctrl Pts',(0.785901745597,-5.56811807723,2.759999999999));
#10100=CARTESIAN_POINT('Ctrl Pts',(0.785901745597,-5.56811807723,2.7480000000002));
#10101=CARTESIAN_POINT('Ctrl Pts',(0.767415996034,-5.56811807723,2.759999999999));
#10102=CARTESIAN_POINT('Ctrl Pts',(0.767415996034,-5.56811807723,2.7480000000002));
#10103=CARTESIAN_POINT('',(0.767415996034,-5.56811807723,2.759999999999));
#10104=CARTESIAN_POINT('',(0.767415996034,-5.56811807723,2.759999999999));
#10105=CARTESIAN_POINT('Ctrl Pts',(0.808843881214,-5.53560296416,2.759999999999));
#10106=CARTESIAN_POINT('Ctrl Pts',(0.799683532101,-5.557389740429,2.759999999999));
#10107=CARTESIAN_POINT('Ctrl Pts',(0.785901745597,-5.56811807723,2.759999999999));
#10108=CARTESIAN_POINT('Ctrl Pts',(0.767415996034,-5.56811807723,2.759999999999));
#10109=CARTESIAN_POINT('Ctrl Pts',(0.767415996034,-5.56811807723,2.759999999999));
#10110=CARTESIAN_POINT('Ctrl Pts',(0.767415996034,-5.56811807723,2.7480000000002));
#10111=CARTESIAN_POINT('Ctrl Pts',(0.759988685943,-5.56811807723,2.759999999999));
#10112=CARTESIAN_POINT('Ctrl Pts',(0.759988685943,-5.56811807723,2.7480000000002));
#10113=CARTESIAN_POINT('Ctrl Pts',(0.752396324516,-5.566632615211,2.759999999999));
#10114=CARTESIAN_POINT('Ctrl Pts',(0.752396324516,-5.566632615211,2.7480000000002));
#10115=CARTESIAN_POINT('Ctrl Pts',(0.744473860418,-5.563496639838,2.759999999999));
#10116=CARTESIAN_POINT('Ctrl Pts',(0.744473860418,-5.563496639838,2.7480000000002));
#10117=CARTESIAN_POINT('',(0.744473860418,-5.563496639838,2.759999999999));
#10118=CARTESIAN_POINT('',(0.744473860418,-5.563496639838,2.759999999999));
#10119=CARTESIAN_POINT('Ctrl Pts',(0.767415996034,-5.56811807723,2.759999999999));
#10120=CARTESIAN_POINT('Ctrl Pts',(0.759988685943,-5.56811807723,2.759999999999));
#10121=CARTESIAN_POINT('Ctrl Pts',(0.752396324516,-5.566632615211,2.759999999999));
#10122=CARTESIAN_POINT('Ctrl Pts',(0.744473860418,-5.563496639838,2.759999999999));
#10123=CARTESIAN_POINT('Origin',(0.744473860418,-5.599477830951,2.759999999999));
#10124=CARTESIAN_POINT('',(0.744473860418,-5.599477830951,2.759999999999));
#10125=CARTESIAN_POINT('',(0.744473860418,-5.599477830951,2.759999999999));
#10126=CARTESIAN_POINT('',(0.744473860418,-5.599477830951,2.759999999999));
#10127=CARTESIAN_POINT('Ctrl Pts',(0.744473860418,-5.599477830951,2.759999999999));
#10128=CARTESIAN_POINT('Ctrl Pts',(0.744473860418,-5.599477830951,2.7480000000002));
#10129=CARTESIAN_POINT('Ctrl Pts',(0.751653593506,-5.601623498311,2.759999999999));
#10130=CARTESIAN_POINT('Ctrl Pts',(0.751653593506,-5.601623498311,2.7480000000002));
#10131=CARTESIAN_POINT('Ctrl Pts',(0.760401314281,-5.602778857659,2.759999999999));
#10132=CARTESIAN_POINT('Ctrl Pts',(0.760401314281,-5.602778857659,2.7480000000002));
#10133=CARTESIAN_POINT('Ctrl Pts',(0.770551971407,-5.602778857659,2.759999999999));
#10134=CARTESIAN_POINT('Ctrl Pts',(0.770551971407,-5.602778857659,2.7480000000002));
#10135=CARTESIAN_POINT('',(0.770551971407,-5.602778857659,2.759999999999));
#10136=CARTESIAN_POINT('',(0.770551971407,-5.602778857659,2.759999999999));
#10137=CARTESIAN_POINT('Origin',(0.83983563192285,-5.53289711242312,2.759999999999));
#10138=CARTESIAN_POINT('Ctrl Pts',(0.770551971407,-5.602778857659,2.759999999999));
#10139=CARTESIAN_POINT('Ctrl Pts',(0.770551971407,-5.602778857659,2.7480000000002));
#10140=CARTESIAN_POINT('Ctrl Pts',(0.805955482845,-5.602778857659,2.759999999999));
#10141=CARTESIAN_POINT('Ctrl Pts',(0.805955482845,-5.602778857659,2.7480000000002));
#10142=CARTESIAN_POINT('Ctrl Pts',(0.833354004518,-5.578186208687,2.759999999999));
#10143=CARTESIAN_POINT('Ctrl Pts',(0.833354004518,-5.578186208687,2.7480000000002));
#10144=CARTESIAN_POINT('Ctrl Pts',(0.852830062093,-5.529000910744,2.759999999999));
#10145=CARTESIAN_POINT('Ctrl Pts',(0.852830062093,-5.529000910744,2.7480000000002));
#10146=CARTESIAN_POINT('',(0.852830062093,-5.529000910744,2.759999999999));
#10147=CARTESIAN_POINT('',(0.852830062093,-5.529000910744,2.759999999999));
#10148=CARTESIAN_POINT('Ctrl Pts',(0.770551971407,-5.602778857659,2.759999999999));
#10149=CARTESIAN_POINT('Ctrl Pts',(0.805955482845,-5.602778857659,2.759999999999));
#10150=CARTESIAN_POINT('Ctrl Pts',(0.833354004518,-5.578186208687,2.759999999999));
#10151=CARTESIAN_POINT('Ctrl Pts',(0.852830062093,-5.529000910744,2.759999999999));
#10152=CARTESIAN_POINT('Origin',(0.957472608722,-5.263598363458,2.759999999999));
#10153=CARTESIAN_POINT('',(0.957472608722,-5.263598363458,2.759999999999));
#10154=CARTESIAN_POINT('',(0.957472608722,-5.263598363458,2.759999999999));
#10155=CARTESIAN_POINT('',(0.957472608722,-5.263598363458,2.759999999999));
#10156=CARTESIAN_POINT('Origin',(0.915549569537,-5.263598363458,2.759999999999));
#10157=CARTESIAN_POINT('',(0.915549569537,-5.263598363458,2.759999999999));
#10158=CARTESIAN_POINT('',(0.915549569537,-5.263598363458,2.759999999999));
#10159=CARTESIAN_POINT('',(0.915549569537,-5.263598363458,2.759999999999));
#10160=CARTESIAN_POINT('Origin',(0.85258248509,-5.437232368275,2.759999999999));
#10161=CARTESIAN_POINT('',(0.85258248509,-5.437232368275,2.759999999999));
#10162=CARTESIAN_POINT('Origin',(0.849487772551,-5.447981336491,2.759999999999));
#10163=CARTESIAN_POINT('Ctrl Pts',(0.6219232439,-5.499621773047,2.759999999999));
#10164=CARTESIAN_POINT('Ctrl Pts',(0.6219232439,-5.499621773047,2.7480000000002));
#10165=CARTESIAN_POINT('Ctrl Pts',(0.64940429124,-5.499621773047,2.759999999999));
#10166=CARTESIAN_POINT('Ctrl Pts',(0.64940429124,-5.499621773047,2.7480000000002));
#10167=CARTESIAN_POINT('Ctrl Pts',(0.671851272851,-5.493514873638,2.759999999999));
#10168=CARTESIAN_POINT('Ctrl Pts',(0.671851272851,-5.493514873638,2.7480000000002));
#10169=CARTESIAN_POINT('Ctrl Pts',(0.689099137398,-5.481301074821,2.759999999999));
#10170=CARTESIAN_POINT('Ctrl Pts',(0.689099137398,-5.481301074821,2.7480000000002));
#10171=CARTESIAN_POINT('',(0.689099137398,-5.481301074821,2.759999999999));
#10172=CARTESIAN_POINT('',(0.689099137398,-5.481301074821,2.759999999999));
#10173=CARTESIAN_POINT('',(0.6219232439,-5.499621773047,2.759999999999));
#10174=CARTESIAN_POINT('Origin',(-1.27173038878931,-3.20251995379752,2.759999999999));
#10175=CARTESIAN_POINT('',(0.6219232439,-5.499621773047,2.759999999999));
#10176=CARTESIAN_POINT('Ctrl Pts',(0.689099137398,-5.481301074821,2.759999999999));
#10177=CARTESIAN_POINT('Ctrl Pts',(0.689099137398,-5.481301074821,2.7480000000002));
#10178=CARTESIAN_POINT('Ctrl Pts',(0.706429527612,-5.469252327337,2.759999999999));
#10179=CARTESIAN_POINT('Ctrl Pts',(0.706429527612,-5.469252327337,2.7480000000002));
#10180=CARTESIAN_POINT('Ctrl Pts',(0.71509472272,-5.452582142465,2.759999999999));
#10181=CARTESIAN_POINT('Ctrl Pts',(0.71509472272,-5.452582142465,2.7480000000002));
#10182=CARTESIAN_POINT('Ctrl Pts',(0.71509472272,-5.431455571537,2.759999999999));
#10183=CARTESIAN_POINT('Ctrl Pts',(0.71509472272,-5.431455571537,2.7480000000002));
#10184=CARTESIAN_POINT('',(0.71509472272,-5.431455571537,2.759999999999));
#10185=CARTESIAN_POINT('',(0.71509472272,-5.431455571537,2.759999999999));
#10186=CARTESIAN_POINT('Origin',(-1.79368451643286,-4.14112951528346,2.759999999999));
#10187=CARTESIAN_POINT('Ctrl Pts',(0.71509472272,-5.431455571537,2.759999999999));
#10188=CARTESIAN_POINT('Ctrl Pts',(0.71509472272,-5.431455571537,2.7480000000002));
#10189=CARTESIAN_POINT('Ctrl Pts',(0.71509472272,-5.416270848682,2.759999999999));
#10190=CARTESIAN_POINT('Ctrl Pts',(0.71509472272,-5.416270848682,2.7480000000002));
#10191=CARTESIAN_POINT('Ctrl Pts',(0.710555810997,-5.403561895857,2.759999999999));
#10192=CARTESIAN_POINT('Ctrl Pts',(0.710555810997,-5.403561895857,2.7480000000002));
#10193=CARTESIAN_POINT('Ctrl Pts',(0.701560513219,-5.393328713064,2.759999999999));
#10194=CARTESIAN_POINT('Ctrl Pts',(0.701560513219,-5.393328713064,2.7480000000002));
#10195=CARTESIAN_POINT('',(0.701560513219,-5.393328713064,2.759999999999));
#10196=CARTESIAN_POINT('',(0.701560513219,-5.393328713064,2.759999999999));
#10197=CARTESIAN_POINT('Origin',(-2.73932439555179,-7.28046472837089,2.759999999999));
#10198=CARTESIAN_POINT('Ctrl Pts',(0.701560513219,-5.393328713064,2.759999999999));
#10199=CARTESIAN_POINT('Ctrl Pts',(0.701560513219,-5.393328713064,2.7480000000002));
#10200=CARTESIAN_POINT('Ctrl Pts',(0.692482689774,-5.383095530271,2.759999999999));
#10201=CARTESIAN_POINT('Ctrl Pts',(0.692482689774,-5.383095530271,2.7480000000002));
#10202=CARTESIAN_POINT('Ctrl Pts',(0.675152299559,-5.373027398814,2.759999999999));
#10203=CARTESIAN_POINT('Ctrl Pts',(0.675152299559,-5.373027398814,2.7480000000002));
#10204=CARTESIAN_POINT('Ctrl Pts',(0.64940429124,-5.363454421362,2.759999999999));
#10205=CARTESIAN_POINT('Ctrl Pts',(0.64940429124,-5.363454421362,2.7480000000002));
#10206=CARTESIAN_POINT('',(0.64940429124,-5.363454421362,2.759999999999));
#10207=CARTESIAN_POINT('',(0.64940429124,-5.363454421362,2.759999999999));
#10208=CARTESIAN_POINT('Origin',(0.0501278327803202,-5.41456971456127,2.759999999999));
#10209=CARTESIAN_POINT('Ctrl Pts',(0.64940429124,-5.363454421362,2.759999999999));
#10210=CARTESIAN_POINT('Ctrl Pts',(0.64940429124,-5.363454421362,2.7480000000002));
#10211=CARTESIAN_POINT('Ctrl Pts',(0.629102976988,-5.355531957264,2.759999999999));
#10212=CARTESIAN_POINT('Ctrl Pts',(0.629102976988,-5.355531957264,2.7480000000002));
#10213=CARTESIAN_POINT('Ctrl Pts',(0.616063921494,-5.348929903847,2.759999999999));
#10214=CARTESIAN_POINT('Ctrl Pts',(0.616063921494,-5.348929903847,2.7480000000002));
#10215=CARTESIAN_POINT('Ctrl Pts',(0.610122073419,-5.343648261115,2.759999999999));
#10216=CARTESIAN_POINT('Ctrl Pts',(0.610122073419,-5.343648261115,2.7480000000002));
#10217=CARTESIAN_POINT('',(0.610122073419,-5.343648261115,2.759999999999));
#10218=CARTESIAN_POINT('',(0.610122073419,-5.343648261115,2.759999999999));
#10219=CARTESIAN_POINT('Origin',(2.92044030188171,-5.76666405741676,2.759999999999));
#10220=CARTESIAN_POINT('Ctrl Pts',(0.610122073419,-5.343648261115,2.759999999999));
#10221=CARTESIAN_POINT('Ctrl Pts',(0.610122073419,-5.343648261115,2.7480000000002));
#10222=CARTESIAN_POINT('Ctrl Pts',(0.604262751014,-5.338531669719,2.759999999999));
#10223=CARTESIAN_POINT('Ctrl Pts',(0.604262751014,-5.338531669719,2.7480000000002));
#10224=CARTESIAN_POINT('Ctrl Pts',(0.601291826977,-5.331434462297,2.759999999999));
#10225=CARTESIAN_POINT('Ctrl Pts',(0.601291826977,-5.331434462297,2.7480000000002));
#10226=CARTESIAN_POINT('Ctrl Pts',(0.601291826977,-5.322191587516,2.759999999999));
#10227=CARTESIAN_POINT('Ctrl Pts',(0.601291826977,-5.322191587516,2.7480000000002));
#10228=CARTESIAN_POINT('',(0.601291826977,-5.322191587516,2.759999999999));
#10229=CARTESIAN_POINT('',(0.601291826977,-5.322191587516,2.759999999999));
#10230=CARTESIAN_POINT('Ctrl Pts',(0.610122073419,-5.343648261115,2.759999999999));
#10231=CARTESIAN_POINT('Ctrl Pts',(0.604262751014,-5.338531669719,2.759999999999));
#10232=CARTESIAN_POINT('Ctrl Pts',(0.601291826977,-5.331434462297,2.759999999999));
#10233=CARTESIAN_POINT('Ctrl Pts',(0.601291826977,-5.322191587516,2.759999999999));
#10234=CARTESIAN_POINT('Ctrl Pts',(0.601291826977,-5.322191587516,2.759999999999));
#10235=CARTESIAN_POINT('Ctrl Pts',(0.601291826977,-5.322191587516,2.7480000000002));
#10236=CARTESIAN_POINT('Ctrl Pts',(0.601291826977,-5.312948712736,2.759999999999));
#10237=CARTESIAN_POINT('Ctrl Pts',(0.601291826977,-5.312948712736,2.7480000000002));
#10238=CARTESIAN_POINT('Ctrl Pts',(0.605418110362,-5.305356351309,2.759999999999));
#10239=CARTESIAN_POINT('Ctrl Pts',(0.605418110362,-5.305356351309,2.7480000000002));
#10240=CARTESIAN_POINT('Ctrl Pts',(0.613588151463,-5.299744605906,2.759999999999));
#10241=CARTESIAN_POINT('Ctrl Pts',(0.613588151463,-5.299744605906,2.7480000000002));
#10242=CARTESIAN_POINT('',(0.613588151463,-5.299744605906,2.759999999999));
#10243=CARTESIAN_POINT('',(0.613588151463,-5.299744605906,2.759999999999));
#10244=CARTESIAN_POINT('Origin',(0.838483192231768,-5.41535816009822,2.759999999999));
#10245=CARTESIAN_POINT('Ctrl Pts',(0.613588151463,-5.299744605906,2.759999999999));
#10246=CARTESIAN_POINT('Ctrl Pts',(0.613588151463,-5.299744605906,2.7480000000002));
#10247=CARTESIAN_POINT('Ctrl Pts',(0.621758192563,-5.293967809168,2.759999999999));
#10248=CARTESIAN_POINT('Ctrl Pts',(0.621758192563,-5.293967809168,2.7480000000002));
#10249=CARTESIAN_POINT('Ctrl Pts',(0.632404003696,-5.291161936465,2.759999999999));
#10250=CARTESIAN_POINT('Ctrl Pts',(0.632404003696,-5.291161936465,2.7480000000002));
#10251=CARTESIAN_POINT('Ctrl Pts',(0.645443059191,-5.291161936465,2.759999999999));
#10252=CARTESIAN_POINT('Ctrl Pts',(0.645443059191,-5.291161936465,2.7480000000002));
#10253=CARTESIAN_POINT('',(0.645443059191,-5.291161936465,2.759999999999));
#10254=CARTESIAN_POINT('',(0.645443059191,-5.291161936465,2.759999999999));
#10255=CARTESIAN_POINT('Ctrl Pts',(0.613588151463,-5.299744605906,2.759999999999));
#10256=CARTESIAN_POINT('Ctrl Pts',(0.621758192563,-5.293967809168,2.759999999999));
#10257=CARTESIAN_POINT('Ctrl Pts',(0.632404003696,-5.291161936465,2.759999999999));
#10258=CARTESIAN_POINT('Ctrl Pts',(0.645443059191,-5.291161936465,2.759999999999));
#10259=CARTESIAN_POINT('Ctrl Pts',(0.645443059191,-5.291161936465,2.759999999999));
#10260=CARTESIAN_POINT('Ctrl Pts',(0.645443059191,-5.291161936465,2.7480000000002));
#10261=CARTESIAN_POINT('Ctrl Pts',(0.667312361129,-5.291161936465,2.759999999999));
#10262=CARTESIAN_POINT('Ctrl Pts',(0.667312361129,-5.291161936465,2.7480000000002));
#10263=CARTESIAN_POINT('Ctrl Pts',(0.686788418703,-5.296773681868,2.759999999999));
#10264=CARTESIAN_POINT('Ctrl Pts',(0.686788418703,-5.296773681868,2.7480000000002));
#10265=CARTESIAN_POINT('Ctrl Pts',(0.70403628325,-5.307832121339,2.759999999999));
#10266=CARTESIAN_POINT('Ctrl Pts',(0.70403628325,-5.307832121339,2.7480000000002));
#10267=CARTESIAN_POINT('',(0.70403628325,-5.307832121339,2.759999999999));
#10268=CARTESIAN_POINT('',(0.70403628325,-5.307832121339,2.759999999999));
#10269=CARTESIAN_POINT('Ctrl Pts',(0.645443059191,-5.291161936465,2.759999999999));
#10270=CARTESIAN_POINT('Ctrl Pts',(0.667312361129,-5.291161936465,2.759999999999));
#10271=CARTESIAN_POINT('Ctrl Pts',(0.686788418703,-5.296773681868,2.759999999999));
#10272=CARTESIAN_POINT('Ctrl Pts',(0.70403628325,-5.307832121339,2.759999999999));
#10273=CARTESIAN_POINT('Origin',(0.70403628325,-5.26854990352,2.759999999999));
#10274=CARTESIAN_POINT('',(0.70403628325,-5.26854990352,2.759999999999));
#10275=CARTESIAN_POINT('',(0.70403628325,-5.26854990352,2.759999999999));
#10276=CARTESIAN_POINT('',(0.70403628325,-5.26854990352,2.759999999999));
#10277=CARTESIAN_POINT('Ctrl Pts',(0.70403628325,-5.26854990352,2.759999999999));
#10278=CARTESIAN_POINT('Ctrl Pts',(0.70403628325,-5.26854990352,2.7480000000002));
#10279=CARTESIAN_POINT('Ctrl Pts',(0.687201047041,-5.261617747433,2.759999999999));
#10280=CARTESIAN_POINT('Ctrl Pts',(0.687201047041,-5.261617747433,2.7480000000002));
#10281=CARTESIAN_POINT('Ctrl Pts',(0.669045400149,-5.258316720725,2.759999999999));
#10282=CARTESIAN_POINT('Ctrl Pts',(0.669045400149,-5.258316720725,2.7480000000002));
#10283=CARTESIAN_POINT('Ctrl Pts',(0.64940429124,-5.258316720725,2.759999999999));
#10284=CARTESIAN_POINT('Ctrl Pts',(0.64940429124,-5.258316720725,2.7480000000002));
#10285=CARTESIAN_POINT('',(0.64940429124,-5.258316720725,2.759999999999));
#10286=CARTESIAN_POINT('',(0.64940429124,-5.258316720725,2.759999999999));
#10287=CARTESIAN_POINT('Ctrl Pts',(0.70403628325,-5.26854990352,2.759999999999));
#10288=CARTESIAN_POINT('Ctrl Pts',(0.687201047041,-5.261617747433,2.759999999999));
#10289=CARTESIAN_POINT('Ctrl Pts',(0.669045400149,-5.258316720725,2.759999999999));
#10290=CARTESIAN_POINT('Ctrl Pts',(0.64940429124,-5.258316720725,2.759999999999));
#10291=CARTESIAN_POINT('Ctrl Pts',(0.64940429124,-5.258316720725,2.759999999999));
#10292=CARTESIAN_POINT('Ctrl Pts',(0.64940429124,-5.258316720725,2.7480000000002));
#10293=CARTESIAN_POINT('Ctrl Pts',(0.624151436927,-5.258316720725,2.759999999999));
#10294=CARTESIAN_POINT('Ctrl Pts',(0.624151436927,-5.258316720725,2.7480000000002));
#10295=CARTESIAN_POINT('Ctrl Pts',(0.602859814663,-5.264423620134,2.759999999999));
#10296=CARTESIAN_POINT('Ctrl Pts',(0.602859814663,-5.264423620134,2.7480000000002));
#10297=CARTESIAN_POINT('Ctrl Pts',(0.585529424449,-5.276637418953,2.759999999999));
#10298=CARTESIAN_POINT('Ctrl Pts',(0.585529424449,-5.276637418953,2.7480000000002));
#10299=CARTESIAN_POINT('',(0.585529424449,-5.276637418953,2.759999999999));
#10300=CARTESIAN_POINT('',(0.585529424449,-5.276637418953,2.759999999999));
#10301=CARTESIAN_POINT('Ctrl Pts',(0.64940429124,-5.258316720725,2.759999999999));
#10302=CARTESIAN_POINT('Ctrl Pts',(0.624151436927,-5.258316720725,2.759999999999));
#10303=CARTESIAN_POINT('Ctrl Pts',(0.602859814663,-5.264423620134,2.759999999999));
#10304=CARTESIAN_POINT('Ctrl Pts',(0.585529424449,-5.276637418953,2.759999999999));
#10305=CARTESIAN_POINT('Ctrl Pts',(0.585529424449,-5.276637418953,2.759999999999));
#10306=CARTESIAN_POINT('Ctrl Pts',(0.585529424449,-5.276637418953,2.7480000000002));
#10307=CARTESIAN_POINT('Ctrl Pts',(0.568281559902,-5.289016269105,2.759999999999));
#10308=CARTESIAN_POINT('Ctrl Pts',(0.568281559902,-5.289016269105,2.7480000000002));
#10309=CARTESIAN_POINT('Ctrl Pts',(0.559616364794,-5.305356351309,2.759999999999));
#10310=CARTESIAN_POINT('Ctrl Pts',(0.559616364794,-5.305356351309,2.7480000000002));
#10311=CARTESIAN_POINT('Ctrl Pts',(0.559616364794,-5.325822716894,2.759999999999));
#10312=CARTESIAN_POINT('Ctrl Pts',(0.559616364794,-5.325822716894,2.7480000000002));
#10313=CARTESIAN_POINT('',(0.559616364794,-5.325822716894,2.759999999999));
#10314=CARTESIAN_POINT('',(0.559616364794,-5.325822716894,2.759999999999));
#10315=CARTESIAN_POINT('Ctrl Pts',(0.585529424449,-5.276637418953,2.759999999999));
#10316=CARTESIAN_POINT('Ctrl Pts',(0.568281559902,-5.289016269105,2.759999999999));
#10317=CARTESIAN_POINT('Ctrl Pts',(0.559616364794,-5.305356351309,2.759999999999));
#10318=CARTESIAN_POINT('Ctrl Pts',(0.559616364794,-5.325822716894,2.759999999999));
#10319=CARTESIAN_POINT('Ctrl Pts',(0.559616364794,-5.325822716894,2.759999999999));
#10320=CARTESIAN_POINT('Ctrl Pts',(0.559616364794,-5.325822716894,2.7480000000002));
#10321=CARTESIAN_POINT('Ctrl Pts',(0.559616364794,-5.340017131738,2.759999999999));
#10322=CARTESIAN_POINT('Ctrl Pts',(0.559616364794,-5.340017131738,2.7480000000002));
#10323=CARTESIAN_POINT('Ctrl Pts',(0.563412545508,-5.352230930556,2.759999999999));
#10324=CARTESIAN_POINT('Ctrl Pts',(0.563412545508,-5.352230930556,2.7480000000002));
#10325=CARTESIAN_POINT('Ctrl Pts',(0.571087432603,-5.362299062013,2.759999999999));
#10326=CARTESIAN_POINT('Ctrl Pts',(0.571087432603,-5.362299062013,2.7480000000002));
#10327=CARTESIAN_POINT('',(0.571087432603,-5.362299062013,2.759999999999));
#10328=CARTESIAN_POINT('',(0.571087432603,-5.362299062013,2.759999999999));
#10329=CARTESIAN_POINT('Origin',(1.59834336856345,-4.76948082010253,2.759999999999));
#10330=CARTESIAN_POINT('Ctrl Pts',(0.571087432603,-5.362299062013,2.759999999999));
#10331=CARTESIAN_POINT('Ctrl Pts',(0.571087432603,-5.362299062013,2.7480000000002));
#10332=CARTESIAN_POINT('Ctrl Pts',(0.578679794031,-5.372367193471,2.759999999999));
#10333=CARTESIAN_POINT('Ctrl Pts',(0.578679794031,-5.372367193471,2.7480000000002));
#10334=CARTESIAN_POINT('Ctrl Pts',(0.595349978903,-5.382600376266,2.759999999999));
#10335=CARTESIAN_POINT('Ctrl Pts',(0.595349978903,-5.382600376266,2.7480000000002));
#10336=CARTESIAN_POINT('Ctrl Pts',(0.62085041022,-5.392833559058,2.759999999999));
#10337=CARTESIAN_POINT('Ctrl Pts',(0.62085041022,-5.392833559058,2.7480000000002));
#10338=CARTESIAN_POINT('',(0.62085041022,-5.392833559058,2.759999999999));
#10339=CARTESIAN_POINT('',(0.62085041022,-5.392833559058,2.759999999999));
#10340=CARTESIAN_POINT('Origin',(1.83201405128852,-5.3883978398596,2.759999999999));
#10341=CARTESIAN_POINT('Ctrl Pts',(0.62085041022,-5.392833559058,2.759999999999));
#10342=CARTESIAN_POINT('Ctrl Pts',(0.62085041022,-5.392833559058,2.7480000000002));
#10343=CARTESIAN_POINT('Ctrl Pts',(0.642142032484,-5.400756023156,2.759999999999));
#10344=CARTESIAN_POINT('Ctrl Pts',(0.642142032484,-5.400756023156,2.7480000000002));
#10345=CARTESIAN_POINT('Ctrl Pts',(0.656253921658,-5.407688179243,2.759999999999));
#10346=CARTESIAN_POINT('Ctrl Pts',(0.656253921658,-5.407688179243,2.7480000000002));
#10347=CARTESIAN_POINT('Ctrl Pts',(0.663186077743,-5.413464975981,2.759999999999));
#10348=CARTESIAN_POINT('Ctrl Pts',(0.663186077743,-5.413464975981,2.7480000000002));
#10349=CARTESIAN_POINT('',(0.663186077743,-5.413464975981,2.759999999999));
#10350=CARTESIAN_POINT('',(0.663186077743,-5.413464975981,2.759999999999));
#10351=CARTESIAN_POINT('Origin',(0.175817569264568,-5.33708036997584,2.759999999999));
#10352=CARTESIAN_POINT('Ctrl Pts',(0.663186077743,-5.413464975981,2.759999999999));
#10353=CARTESIAN_POINT('Ctrl Pts',(0.663186077743,-5.413464975981,2.7480000000002));
#10354=CARTESIAN_POINT('Ctrl Pts',(0.67011823383,-5.419241772719,2.759999999999));
#10355=CARTESIAN_POINT('Ctrl Pts',(0.67011823383,-5.419241772719,2.7480000000002));
#10356=CARTESIAN_POINT('Ctrl Pts',(0.673584311872,-5.426504031474,2.759999999999));
#10357=CARTESIAN_POINT('Ctrl Pts',(0.673584311872,-5.426504031474,2.7480000000002));
#10358=CARTESIAN_POINT('Ctrl Pts',(0.673584311872,-5.435416803586,2.759999999999));
#10359=CARTESIAN_POINT('Ctrl Pts',(0.673584311872,-5.435416803586,2.7480000000002));
#10360=CARTESIAN_POINT('',(0.673584311872,-5.435416803586,2.759999999999));
#10361=CARTESIAN_POINT('',(0.673584311872,-5.435416803586,2.759999999999));
#10362=CARTESIAN_POINT('Ctrl Pts',(0.663186077743,-5.413464975981,2.759999999999));
#10363=CARTESIAN_POINT('Ctrl Pts',(0.67011823383,-5.419241772719,2.759999999999));
#10364=CARTESIAN_POINT('Ctrl Pts',(0.673584311872,-5.426504031474,2.759999999999));
#10365=CARTESIAN_POINT('Ctrl Pts',(0.673584311872,-5.435416803586,2.759999999999));
#10366=CARTESIAN_POINT('Ctrl Pts',(0.673584311872,-5.435416803586,2.759999999999));
#10367=CARTESIAN_POINT('Ctrl Pts',(0.673584311872,-5.435416803586,2.7480000000002));
#10368=CARTESIAN_POINT('Ctrl Pts',(0.673584311872,-5.456213271844,2.759999999999));
#10369=CARTESIAN_POINT('Ctrl Pts',(0.673584311872,-5.456213271844,2.7480000000002));
#10370=CARTESIAN_POINT('Ctrl Pts',(0.657656858009,-5.466611505972,2.759999999999));
#10371=CARTESIAN_POINT('Ctrl Pts',(0.657656858009,-5.466611505972,2.7480000000002));
#10372=CARTESIAN_POINT('Ctrl Pts',(0.625884475949,-5.466611505972,2.759999999999));
#10373=CARTESIAN_POINT('Ctrl Pts',(0.625884475949,-5.466611505972,2.7480000000002));
#10374=CARTESIAN_POINT('',(0.625884475949,-5.466611505972,2.759999999999));
#10375=CARTESIAN_POINT('',(0.625884475949,-5.466611505972,2.759999999999));
#10376=CARTESIAN_POINT('Origin',(-13.123973779076,3.55670123672501,2.759999999999));
#10377=CARTESIAN_POINT('Ctrl Pts',(0.625884475949,-5.466611505972,2.759999999999));
#10378=CARTESIAN_POINT('Ctrl Pts',(0.625884475949,-5.466611505972,2.7480000000002));
#10379=CARTESIAN_POINT('Ctrl Pts',(0.602117083654,-5.466611505972,2.759999999999));
#10380=CARTESIAN_POINT('Ctrl Pts',(0.602117083654,-5.466611505972,2.7480000000002));
#10381=CARTESIAN_POINT('Ctrl Pts',(0.580000204713,-5.459184195879,2.759999999999));
#10382=CARTESIAN_POINT('Ctrl Pts',(0.580000204713,-5.459184195879,2.7480000000002));
#10383=CARTESIAN_POINT('Ctrl Pts',(0.559368787791,-5.444329575697,2.759999999999));
#10384=CARTESIAN_POINT('Ctrl Pts',(0.559368787791,-5.444329575697,2.7480000000002));
#10385=CARTESIAN_POINT('',(0.559368787791,-5.444329575697,2.759999999999));
#10386=CARTESIAN_POINT('',(0.559368787791,-5.444329575697,2.759999999999));
#10387=CARTESIAN_POINT('Ctrl Pts',(0.625884475949,-5.466611505972,2.759999999999));
#10388=CARTESIAN_POINT('Ctrl Pts',(0.602117083654,-5.466611505972,2.759999999999));
#10389=CARTESIAN_POINT('Ctrl Pts',(0.580000204713,-5.459184195879,2.759999999999));
#10390=CARTESIAN_POINT('Ctrl Pts',(0.559368787791,-5.444329575697,2.759999999999));
#10391=CARTESIAN_POINT('Origin',(0.559368787791,-5.486087563546,2.759999999999));
#10392=CARTESIAN_POINT('',(0.559368787791,-5.486087563546,2.759999999999));
#10393=CARTESIAN_POINT('',(0.559368787791,-5.486087563546,2.759999999999));
#10394=CARTESIAN_POINT('',(0.559368787791,-5.486087563546,2.759999999999));
#10395=CARTESIAN_POINT('Ctrl Pts',(0.559368787791,-5.486087563546,2.759999999999));
#10396=CARTESIAN_POINT('Ctrl Pts',(0.559368787791,-5.486087563546,2.7480000000002));
#10397=CARTESIAN_POINT('Ctrl Pts',(0.577194332012,-5.495000335657,2.759999999999));
#10398=CARTESIAN_POINT('Ctrl Pts',(0.577194332012,-5.495000335657,2.7480000000002));
#10399=CARTESIAN_POINT('Ctrl Pts',(0.59799080027,-5.499621773047,2.759999999999));
#10400=CARTESIAN_POINT('Ctrl Pts',(0.59799080027,-5.499621773047,2.7480000000002));
#10401=CARTESIAN_POINT('Ctrl Pts',(0.6219232439,-5.499621773047,2.759999999999));
#10402=CARTESIAN_POINT('Ctrl Pts',(0.6219232439,-5.499621773047,2.7480000000002));
#10403=CARTESIAN_POINT('Origin',(4.82881759539986,1.32164245733225,2.759999999999));
#10404=CARTESIAN_POINT('Origin',(0.659348634196,-5.495041598491,2.759999999999));
#10405=CARTESIAN_POINT('Origin',(0.452446469592,-5.30527382564,2.759999999999));
#10406=CARTESIAN_POINT('',(0.417424639367,-5.291161936465,2.759999999999));
#10407=CARTESIAN_POINT('',(0.464134167278,-5.347609493164,2.759999999999));
#10408=CARTESIAN_POINT('Origin',(-12.766711188238,-21.280374400686,2.759999999999));
#10409=CARTESIAN_POINT('',(0.395802914432,-5.357182470616,2.759999999999));
#10410=CARTESIAN_POINT('',(0.395802914432,-5.357182470616,2.759999999999));
#10411=CARTESIAN_POINT('',(0.319301620484,-5.432445879548,2.759999999999));
#10412=CARTESIAN_POINT('Ctrl Pts',(0.395802914432,-5.357182470616,2.759999999999));
#10413=CARTESIAN_POINT('Ctrl Pts',(0.344802051801,-5.364279678038,2.759999999999));
#10414=CARTESIAN_POINT('Ctrl Pts',(0.319301620484,-5.389367481015,2.759999999999));
#10415=CARTESIAN_POINT('Ctrl Pts',(0.319301620484,-5.432445879548,2.759999999999));
#10416=CARTESIAN_POINT('',(0.33910778073,-5.481466126156,2.759999999999));
#10417=CARTESIAN_POINT('Ctrl Pts',(0.319301620484,-5.432445879548,2.759999999999));
#10418=CARTESIAN_POINT('Ctrl Pts',(0.319301620484,-5.453077296471,2.759999999999));
#10419=CARTESIAN_POINT('Ctrl Pts',(0.3259036739,-5.469417378674,2.759999999999));
#10420=CARTESIAN_POINT('Ctrl Pts',(0.33910778073,-5.481466126156,2.759999999999));
#10421=CARTESIAN_POINT('',(0.392419362057,-5.499621773047,2.759999999999));
#10422=CARTESIAN_POINT('Origin',(6.04160621263141,2.13235871214827,2.759999999999));
#10423=CARTESIAN_POINT('',(0.463061333598,-5.458523990539,2.759999999999));
#10424=CARTESIAN_POINT('Origin',(-2.80422840290726,0.331449354534634,2.759999999999));
#10425=CARTESIAN_POINT('',(0.464134167278,-5.458523990539,2.759999999999));
#10426=CARTESIAN_POINT('',(0.464134167278,-5.458523990539,2.759999999999));
#10427=CARTESIAN_POINT('',(0.464134167278,-5.494175078979,2.759999999999));
#10428=CARTESIAN_POINT('',(0.464134167278,-5.494175078979,2.759999999999));
#10429=CARTESIAN_POINT('',(0.504571744446,-5.494175078979,2.759999999999));
#10430=CARTESIAN_POINT('',(0.504571744446,-5.494175078979,2.759999999999));
#10431=CARTESIAN_POINT('',(0.504571744446,-5.345793928477,2.759999999999));
#10432=CARTESIAN_POINT('',(0.504571744446,-5.345793928477,2.759999999999));
#10433=CARTESIAN_POINT('',(0.42122082008,-5.258316720725,2.759999999999));
#10434=CARTESIAN_POINT('Ctrl Pts',(0.504571744446,-5.345793928477,2.759999999999));
#10435=CARTESIAN_POINT('Ctrl Pts',(0.504571744446,-5.287365755751,2.759999999999));
#10436=CARTESIAN_POINT('Ctrl Pts',(0.476760594434,-5.258316720725,2.759999999999));
#10437=CARTESIAN_POINT('Ctrl Pts',(0.42122082008,-5.258316720725,2.759999999999));
#10438=CARTESIAN_POINT('',(0.341831127763,-5.279773394324,2.759999999999));
#10439=CARTESIAN_POINT('Ctrl Pts',(0.42122082008,-5.258316720725,2.759999999999));
#10440=CARTESIAN_POINT('Ctrl Pts',(0.391181477042,-5.258316720725,2.759999999999));
#10441=CARTESIAN_POINT('Ctrl Pts',(0.364690737713,-5.265413928147,2.759999999999));
#10442=CARTESIAN_POINT('Ctrl Pts',(0.341831127763,-5.279773394324,2.759999999999));
#10443=CARTESIAN_POINT('',(0.341831127763,-5.319055612145,2.759999999999));
#10444=CARTESIAN_POINT('',(0.341831127763,-5.319055612145,2.759999999999));
#10445=CARTESIAN_POINT('Ctrl Pts',(0.341831127763,-5.319055612145,2.759999999999));
#10446=CARTESIAN_POINT('Ctrl Pts',(0.364608212046,-5.300569862582,2.759999999999));
#10447=CARTESIAN_POINT('Ctrl Pts',(0.389778540691,-5.291161936465,2.759999999999));
#10448=CARTESIAN_POINT('Ctrl Pts',(0.417424639367,-5.291161936465,2.759999999999));
#10449=CARTESIAN_POINT('',(0.402900121854,-5.466446454637,2.759999999999));
#10450=CARTESIAN_POINT('',(0.446803777063,-5.447630602403,2.759999999999));
#10451=CARTESIAN_POINT('Origin',(-0.340402389362033,-3.93986162271269,2.759999999999));
#10452=CARTESIAN_POINT('',(0.372035522138,-5.456048220509,2.759999999999));
#10453=CARTESIAN_POINT('Origin',(1.27014547515022,-4.25237067003358,2.759999999999));
#10454=CARTESIAN_POINT('',(0.360316877326,-5.429144852842,2.759999999999));
#10455=CARTESIAN_POINT('Ctrl Pts',(0.360316877326,-5.429144852842,2.759999999999));
#10456=CARTESIAN_POINT('Ctrl Pts',(0.360316877326,-5.440203292311,2.759999999999));
#10457=CARTESIAN_POINT('Ctrl Pts',(0.364195583708,-5.449116064422,2.759999999999));
#10458=CARTESIAN_POINT('Ctrl Pts',(0.372035522138,-5.456048220509,2.759999999999));
#10459=CARTESIAN_POINT('',(0.371045214126,-5.39993076648,2.759999999999));
#10460=CARTESIAN_POINT('Origin',(1.15818507393491,-6.0244082983236,2.759999999999));
#10461=CARTESIAN_POINT('',(0.41016238061,-5.385736351636,2.759999999999));
#10462=CARTESIAN_POINT('Ctrl Pts',(0.41016238061,-5.385736351636,2.759999999999));
#10463=CARTESIAN_POINT('Ctrl Pts',(0.391264002709,-5.388377173004,2.759999999999));
#10464=CARTESIAN_POINT('Ctrl Pts',(0.378224947214,-5.392998610394,2.759999999999));
#10465=CARTESIAN_POINT('Ctrl Pts',(0.371045214126,-5.39993076648,2.759999999999));
#10466=CARTESIAN_POINT('',(0.464134167278,-5.378474092879,2.759999999999));
#10467=CARTESIAN_POINT('',(0.464134167278,-5.378474092879,2.759999999999));
#10468=CARTESIAN_POINT('',(0.464134167278,-5.400590971821,2.759999999999));
#10469=CARTESIAN_POINT('',(0.464134167278,-5.400590971821,2.759999999999));
#10470=CARTESIAN_POINT('Ctrl Pts',(0.446803777063,-5.447630602403,2.759999999999));
#10471=CARTESIAN_POINT('Ctrl Pts',(0.45835737054,-5.43525175225,2.759999999999));
#10472=CARTESIAN_POINT('Ctrl Pts',(0.464134167278,-5.41957187539,2.759999999999));
#10473=CARTESIAN_POINT('Ctrl Pts',(0.464134167278,-5.400590971821,2.759999999999));
#10474=CARTESIAN_POINT('Ctrl Pts',(0.417424639367,-5.291161936465,2.759999999999));
#10475=CARTESIAN_POINT('Ctrl Pts',(0.417424639367,-5.291161936465,2.7480000000002));
#10476=CARTESIAN_POINT('Ctrl Pts',(0.448536816085,-5.291161936465,2.759999999999));
#10477=CARTESIAN_POINT('Ctrl Pts',(0.448536816085,-5.291161936465,2.7480000000002));
#10478=CARTESIAN_POINT('Ctrl Pts',(0.464134167278,-5.309977788699,2.759999999999));
#10479=CARTESIAN_POINT('Ctrl Pts',(0.464134167278,-5.309977788699,2.7480000000002));
#10480=CARTESIAN_POINT('Ctrl Pts',(0.464134167278,-5.347609493164,2.759999999999));
#10481=CARTESIAN_POINT('Ctrl Pts',(0.464134167278,-5.347609493164,2.7480000000002));
#10482=CARTESIAN_POINT('',(0.464134167278,-5.347609493164,2.759999999999));
#10483=CARTESIAN_POINT('',(0.417424639367,-5.291161936465,2.759999999999));
#10484=CARTESIAN_POINT('Origin',(0.395802914432,-5.357182470616,2.759999999999));
#10485=CARTESIAN_POINT('',(0.395802914432,-5.357182470616,2.759999999999));
#10486=CARTESIAN_POINT('Ctrl Pts',(0.395802914432,-5.357182470616,2.759999999999));
#10487=CARTESIAN_POINT('Ctrl Pts',(0.395802914432,-5.357182470616,2.7480000000002));
#10488=CARTESIAN_POINT('Ctrl Pts',(0.344802051801,-5.364279678038,2.759999999999));
#10489=CARTESIAN_POINT('Ctrl Pts',(0.344802051801,-5.364279678038,2.7480000000002));
#10490=CARTESIAN_POINT('Ctrl Pts',(0.319301620484,-5.389367481015,2.759999999999));
#10491=CARTESIAN_POINT('Ctrl Pts',(0.319301620484,-5.389367481015,2.7480000000002));
#10492=CARTESIAN_POINT('Ctrl Pts',(0.319301620484,-5.432445879548,2.759999999999));
#10493=CARTESIAN_POINT('Ctrl Pts',(0.319301620484,-5.432445879548,2.7480000000002));
#10494=CARTESIAN_POINT('',(0.319301620484,-5.432445879548,2.759999999999));
#10495=CARTESIAN_POINT('Ctrl Pts',(0.319301620484,-5.432445879548,2.759999999999));
#10496=CARTESIAN_POINT('Ctrl Pts',(0.319301620484,-5.432445879548,2.7480000000002));
#10497=CARTESIAN_POINT('Ctrl Pts',(0.319301620484,-5.453077296471,2.759999999999));
#10498=CARTESIAN_POINT('Ctrl Pts',(0.319301620484,-5.453077296471,2.7480000000002));
#10499=CARTESIAN_POINT('Ctrl Pts',(0.3259036739,-5.469417378674,2.759999999999));
#10500=CARTESIAN_POINT('Ctrl Pts',(0.3259036739,-5.469417378674,2.7480000000002));
#10501=CARTESIAN_POINT('Ctrl Pts',(0.33910778073,-5.481466126156,2.759999999999));
#10502=CARTESIAN_POINT('Ctrl Pts',(0.33910778073,-5.481466126156,2.7480000000002));
#10503=CARTESIAN_POINT('',(0.33910778073,-5.481466126156,2.759999999999));
#10504=CARTESIAN_POINT('Ctrl Pts',(0.33910778073,-5.481466126156,2.759999999999));
#10505=CARTESIAN_POINT('Ctrl Pts',(0.33910778073,-5.481466126156,2.7480000000002));
#10506=CARTESIAN_POINT('Ctrl Pts',(0.35231188756,-5.493514873638,2.759999999999));
#10507=CARTESIAN_POINT('Ctrl Pts',(0.35231188756,-5.493514873638,2.7480000000002));
#10508=CARTESIAN_POINT('Ctrl Pts',(0.370054906113,-5.499621773047,2.759999999999));
#10509=CARTESIAN_POINT('Ctrl Pts',(0.370054906113,-5.499621773047,2.7480000000002));
#10510=CARTESIAN_POINT('Ctrl Pts',(0.392419362057,-5.499621773047,2.759999999999));
#10511=CARTESIAN_POINT('Ctrl Pts',(0.392419362057,-5.499621773047,2.7480000000002));
#10512=CARTESIAN_POINT('',(0.392419362057,-5.499621773047,2.759999999999));
#10513=CARTESIAN_POINT('Ctrl Pts',(0.392419362057,-5.499621773047,2.759999999999));
#10514=CARTESIAN_POINT('Ctrl Pts',(0.392419362057,-5.499621773047,2.7480000000002));
#10515=CARTESIAN_POINT('Ctrl Pts',(0.423531538775,-5.499621773047,2.759999999999));
#10516=CARTESIAN_POINT('Ctrl Pts',(0.423531538775,-5.499621773047,2.7480000000002));
#10517=CARTESIAN_POINT('Ctrl Pts',(0.447133879735,-5.485922512211,2.759999999999));
#10518=CARTESIAN_POINT('Ctrl Pts',(0.447133879735,-5.485922512211,2.7480000000002));
#10519=CARTESIAN_POINT('Ctrl Pts',(0.463061333598,-5.458523990539,2.759999999999));
#10520=CARTESIAN_POINT('Ctrl Pts',(0.463061333598,-5.458523990539,2.7480000000002));
#10521=CARTESIAN_POINT('',(0.463061333598,-5.458523990539,2.759999999999));
#10522=CARTESIAN_POINT('Origin',(0.464134167278,-5.458523990539,2.759999999999));
#10523=CARTESIAN_POINT('',(0.464134167278,-5.458523990539,2.759999999999));
#10524=CARTESIAN_POINT('Origin',(0.464134167278,-5.494175078979,2.759999999999));
#10525=CARTESIAN_POINT('',(0.464134167278,-5.494175078979,2.759999999999));
#10526=CARTESIAN_POINT('Origin',(0.504571744446,-5.494175078979,2.759999999999));
#10527=CARTESIAN_POINT('',(0.504571744446,-5.494175078979,2.759999999999));
#10528=CARTESIAN_POINT('Origin',(0.504571744446,-5.345793928477,2.759999999999));
#10529=CARTESIAN_POINT('',(0.504571744446,-5.345793928477,2.759999999999));
#10530=CARTESIAN_POINT('Ctrl Pts',(0.504571744446,-5.345793928477,2.759999999999));
#10531=CARTESIAN_POINT('Ctrl Pts',(0.504571744446,-5.345793928477,2.7480000000002));
#10532=CARTESIAN_POINT('Ctrl Pts',(0.504571744446,-5.287365755751,2.759999999999));
#10533=CARTESIAN_POINT('Ctrl Pts',(0.504571744446,-5.287365755751,2.7480000000002));
#10534=CARTESIAN_POINT('Ctrl Pts',(0.476760594434,-5.258316720725,2.759999999999));
#10535=CARTESIAN_POINT('Ctrl Pts',(0.476760594434,-5.258316720725,2.7480000000002));
#10536=CARTESIAN_POINT('Ctrl Pts',(0.42122082008,-5.258316720725,2.759999999999));
#10537=CARTESIAN_POINT('Ctrl Pts',(0.42122082008,-5.258316720725,2.7480000000002));
#10538=CARTESIAN_POINT('',(0.42122082008,-5.258316720725,2.759999999999));
#10539=CARTESIAN_POINT('Ctrl Pts',(0.42122082008,-5.258316720725,2.759999999999));
#10540=CARTESIAN_POINT('Ctrl Pts',(0.42122082008,-5.258316720725,2.7480000000002));
#10541=CARTESIAN_POINT('Ctrl Pts',(0.391181477042,-5.258316720725,2.759999999999));
#10542=CARTESIAN_POINT('Ctrl Pts',(0.391181477042,-5.258316720725,2.7480000000002));
#10543=CARTESIAN_POINT('Ctrl Pts',(0.364690737713,-5.265413928147,2.759999999999));
#10544=CARTESIAN_POINT('Ctrl Pts',(0.364690737713,-5.265413928147,2.7480000000002));
#10545=CARTESIAN_POINT('Ctrl Pts',(0.341831127763,-5.279773394324,2.759999999999));
#10546=CARTESIAN_POINT('Ctrl Pts',(0.341831127763,-5.279773394324,2.7480000000002));
#10547=CARTESIAN_POINT('',(0.341831127763,-5.279773394324,2.759999999999));
#10548=CARTESIAN_POINT('Origin',(0.341831127763,-5.319055612145,2.759999999999));
#10549=CARTESIAN_POINT('',(0.341831127763,-5.319055612145,2.759999999999));
#10550=CARTESIAN_POINT('Ctrl Pts',(0.341831127763,-5.319055612145,2.759999999999));
#10551=CARTESIAN_POINT('Ctrl Pts',(0.341831127763,-5.319055612145,2.7480000000002));
#10552=CARTESIAN_POINT('Ctrl Pts',(0.364608212046,-5.300569862582,2.759999999999));
#10553=CARTESIAN_POINT('Ctrl Pts',(0.364608212046,-5.300569862582,2.7480000000002));
#10554=CARTESIAN_POINT('Ctrl Pts',(0.389778540691,-5.291161936465,2.759999999999));
#10555=CARTESIAN_POINT('Ctrl Pts',(0.389778540691,-5.291161936465,2.7480000000002));
#10556=CARTESIAN_POINT('Ctrl Pts',(0.417424639367,-5.291161936465,2.759999999999));
#10557=CARTESIAN_POINT('Ctrl Pts',(0.417424639367,-5.291161936465,2.7480000000002));
#10558=CARTESIAN_POINT('Ctrl Pts',(0.402900121854,-5.466446454637,2.759999999999));
#10559=CARTESIAN_POINT('Ctrl Pts',(0.402900121854,-5.466446454637,2.7480000000002));
#10560=CARTESIAN_POINT('Ctrl Pts',(0.420643140406,-5.466446454637,2.759999999999));
#10561=CARTESIAN_POINT('Ctrl Pts',(0.420643140406,-5.466446454637,2.7480000000002));
#10562=CARTESIAN_POINT('Ctrl Pts',(0.435332709255,-5.460174503893,2.759999999999));
#10563=CARTESIAN_POINT('Ctrl Pts',(0.435332709255,-5.460174503893,2.7480000000002));
#10564=CARTESIAN_POINT('Ctrl Pts',(0.446803777063,-5.447630602403,2.759999999999));
#10565=CARTESIAN_POINT('Ctrl Pts',(0.446803777063,-5.447630602403,2.7480000000002));
#10566=CARTESIAN_POINT('',(0.402900121854,-5.466446454637,2.75));
#10567=CARTESIAN_POINT('',(0.446803777063,-5.447630602403,2.75));
#10568=CARTESIAN_POINT('Origin',(-0.340402389362033,-3.93986162271269,2.75));
#10569=CARTESIAN_POINT('',(0.402900121854,-5.466446454637,2.759999999999));
#10570=CARTESIAN_POINT('',(0.446803777063,-5.447630602403,2.759999999999));
#10571=CARTESIAN_POINT('Ctrl Pts',(0.446803777063,-5.447630602403,2.759999999999));
#10572=CARTESIAN_POINT('Ctrl Pts',(0.446803777063,-5.447630602403,2.7480000000002));
#10573=CARTESIAN_POINT('Ctrl Pts',(0.45835737054,-5.43525175225,2.759999999999));
#10574=CARTESIAN_POINT('Ctrl Pts',(0.45835737054,-5.43525175225,2.7480000000002));
#10575=CARTESIAN_POINT('Ctrl Pts',(0.464134167278,-5.41957187539,2.759999999999));
#10576=CARTESIAN_POINT('Ctrl Pts',(0.464134167278,-5.41957187539,2.7480000000002));
#10577=CARTESIAN_POINT('Ctrl Pts',(0.464134167278,-5.400590971821,2.759999999999));
#10578=CARTESIAN_POINT('Ctrl Pts',(0.464134167278,-5.400590971821,2.7480000000002));
#10579=CARTESIAN_POINT('',(0.464134167278,-5.400590971821,2.75));
#10580=CARTESIAN_POINT('Ctrl Pts',(0.446803777063,-5.447630602403,2.75));
#10581=CARTESIAN_POINT('Ctrl Pts',(0.45835737054,-5.43525175225,2.75));
#10582=CARTESIAN_POINT('Ctrl Pts',(0.464134167278,-5.41957187539,2.75));
#10583=CARTESIAN_POINT('Ctrl Pts',(0.464134167278,-5.400590971821,2.75));
#10584=CARTESIAN_POINT('',(0.464134167278,-5.400590971821,2.759999999999));
#10585=CARTESIAN_POINT('Origin',(0.464134167278,-5.400590971821,2.759999999999));
#10586=CARTESIAN_POINT('',(0.464134167278,-5.378474092879,2.75));
#10587=CARTESIAN_POINT('',(0.464134167278,-5.400590971821,2.75));
#10588=CARTESIAN_POINT('',(0.464134167278,-5.378474092879,2.759999999999));
#10589=CARTESIAN_POINT('Origin',(0.464134167278,-5.378474092879,2.759999999999));
#10590=CARTESIAN_POINT('',(0.41016238061,-5.385736351636,2.75));
#10591=CARTESIAN_POINT('',(0.464134167278,-5.378474092879,2.75));
#10592=CARTESIAN_POINT('',(0.41016238061,-5.385736351636,2.759999999999));
#10593=CARTESIAN_POINT('Ctrl Pts',(0.41016238061,-5.385736351636,2.759999999999));
#10594=CARTESIAN_POINT('Ctrl Pts',(0.41016238061,-5.385736351636,2.7480000000002));
#10595=CARTESIAN_POINT('Ctrl Pts',(0.391264002709,-5.388377173004,2.759999999999));
#10596=CARTESIAN_POINT('Ctrl Pts',(0.391264002709,-5.388377173004,2.7480000000002));
#10597=CARTESIAN_POINT('Ctrl Pts',(0.378224947214,-5.392998610394,2.759999999999));
#10598=CARTESIAN_POINT('Ctrl Pts',(0.378224947214,-5.392998610394,2.7480000000002));
#10599=CARTESIAN_POINT('Ctrl Pts',(0.371045214126,-5.39993076648,2.759999999999));
#10600=CARTESIAN_POINT('Ctrl Pts',(0.371045214126,-5.39993076648,2.7480000000002));
#10601=CARTESIAN_POINT('',(0.371045214126,-5.39993076648,2.75));
#10602=CARTESIAN_POINT('Ctrl Pts',(0.41016238061,-5.385736351636,2.75));
#10603=CARTESIAN_POINT('Ctrl Pts',(0.391264002709,-5.388377173004,2.75));
#10604=CARTESIAN_POINT('Ctrl Pts',(0.378224947214,-5.392998610394,2.75));
#10605=CARTESIAN_POINT('Ctrl Pts',(0.371045214126,-5.39993076648,2.75));
#10606=CARTESIAN_POINT('',(0.371045214126,-5.39993076648,2.759999999999));
#10607=CARTESIAN_POINT('Ctrl Pts',(0.371045214126,-5.39993076648,2.759999999999));
#10608=CARTESIAN_POINT('Ctrl Pts',(0.371045214126,-5.39993076648,2.7480000000002));
#10609=CARTESIAN_POINT('Ctrl Pts',(0.363948006704,-5.406862922565,2.759999999999));
#10610=CARTESIAN_POINT('Ctrl Pts',(0.363948006704,-5.406862922565,2.7480000000002));
#10611=CARTESIAN_POINT('Ctrl Pts',(0.360316877326,-5.416600951352,2.759999999999));
#10612=CARTESIAN_POINT('Ctrl Pts',(0.360316877326,-5.416600951352,2.7480000000002));
#10613=CARTESIAN_POINT('Ctrl Pts',(0.360316877326,-5.429144852842,2.759999999999));
#10614=CARTESIAN_POINT('Ctrl Pts',(0.360316877326,-5.429144852842,2.7480000000002));
#10615=CARTESIAN_POINT('',(0.360316877326,-5.429144852842,2.75));
#10616=CARTESIAN_POINT('Origin',(1.15818507393491,-6.0244082983236,2.75));
#10617=CARTESIAN_POINT('',(0.360316877326,-5.429144852842,2.759999999999));
#10618=CARTESIAN_POINT('Ctrl Pts',(0.360316877326,-5.429144852842,2.759999999999));
#10619=CARTESIAN_POINT('Ctrl Pts',(0.360316877326,-5.429144852842,2.7480000000002));
#10620=CARTESIAN_POINT('Ctrl Pts',(0.360316877326,-5.440203292311,2.759999999999));
#10621=CARTESIAN_POINT('Ctrl Pts',(0.360316877326,-5.440203292311,2.7480000000002));
#10622=CARTESIAN_POINT('Ctrl Pts',(0.364195583708,-5.449116064422,2.759999999999));
#10623=CARTESIAN_POINT('Ctrl Pts',(0.364195583708,-5.449116064422,2.7480000000002));
#10624=CARTESIAN_POINT('Ctrl Pts',(0.372035522138,-5.456048220509,2.759999999999));
#10625=CARTESIAN_POINT('Ctrl Pts',(0.372035522138,-5.456048220509,2.7480000000002));
#10626=CARTESIAN_POINT('',(0.372035522138,-5.456048220509,2.75));
#10627=CARTESIAN_POINT('Ctrl Pts',(0.360316877326,-5.429144852842,2.75));
#10628=CARTESIAN_POINT('Ctrl Pts',(0.360316877326,-5.440203292311,2.75));
#10629=CARTESIAN_POINT('Ctrl Pts',(0.364195583708,-5.449116064422,2.75));
#10630=CARTESIAN_POINT('Ctrl Pts',(0.372035522138,-5.456048220509,2.75));
#10631=CARTESIAN_POINT('',(0.372035522138,-5.456048220509,2.759999999999));
#10632=CARTESIAN_POINT('Ctrl Pts',(0.372035522138,-5.456048220509,2.759999999999));
#10633=CARTESIAN_POINT('Ctrl Pts',(0.372035522138,-5.456048220509,2.7480000000002));
#10634=CARTESIAN_POINT('Ctrl Pts',(0.379792934901,-5.462980376593,2.759999999999));
#10635=CARTESIAN_POINT('Ctrl Pts',(0.379792934901,-5.462980376593,2.7480000000002));
#10636=CARTESIAN_POINT('Ctrl Pts',(0.390108643361,-5.466446454637,2.759999999999));
#10637=CARTESIAN_POINT('Ctrl Pts',(0.390108643361,-5.466446454637,2.7480000000002));
#10638=CARTESIAN_POINT('Ctrl Pts',(0.402900121854,-5.466446454637,2.759999999999));
#10639=CARTESIAN_POINT('Ctrl Pts',(0.402900121854,-5.466446454637,2.7480000000002));
#10640=CARTESIAN_POINT('Origin',(1.27014547515022,-4.25237067003358,2.75));
#10641=CARTESIAN_POINT('Origin',(-3.95,-6.099999999999,2.75));
#10642=CARTESIAN_POINT('Origin',(-0.22285477072,-4.987445896474,2.759999999999));
#10643=CARTESIAN_POINT('',(-0.15743695797,-5.17394401863,2.759999999999));
#10644=CARTESIAN_POINT('',(-0.384677774293,-4.873251634599,2.759999999999));
#10645=CARTESIAN_POINT('Ctrl Pts',(-0.15743695797,-5.17394401863,2.759999999999));
#10646=CARTESIAN_POINT('Ctrl Pts',(-0.159732285258,-5.036222367488,2.759999999999));
#10647=CARTESIAN_POINT('Ctrl Pts',(-0.253842192574,-4.9145681387,2.759999999999));
#10648=CARTESIAN_POINT('Ctrl Pts',(-0.384677774293,-4.873251634599,2.759999999999));
#10649=CARTESIAN_POINT('',(-0.508627374149,-4.691918009787,2.759999999999));
#10650=CARTESIAN_POINT('Origin',(-0.81627729263066,-4.9519855043617,2.759999999999));
#10651=CARTESIAN_POINT('',(-0.820796613519,-4.57255916301,2.759999999999));
#10652=CARTESIAN_POINT('Ctrl Pts',(-0.508627374149001,-4.691918009787,2.759999999999));
#10653=CARTESIAN_POINT('Ctrl Pts',(-0.595851124483001,-4.616171046384,2.759999999999));
#10654=CARTESIAN_POINT('Ctrl Pts',(-0.706028497933001,-4.57255916301,2.759999999999));
#10655=CARTESIAN_POINT('Ctrl Pts',(-0.820796613519,-4.57255916301,2.759999999999));
#10656=CARTESIAN_POINT('',(-1.096240090924,-4.662078295357,2.759999999999));
#10657=CARTESIAN_POINT('Origin',(-0.752438067664309,-5.36511003597861,2.759999999999));
#10658=CARTESIAN_POINT('',(-1.197236023883,-4.763074239259,2.759999999999));
#10659=CARTESIAN_POINT('Ctrl Pts',(-1.096240090924,-4.662078295357,2.759999999999));
#10660=CARTESIAN_POINT('Ctrl Pts',(-1.135261267736,-4.689622649664,2.759999999999));
#10661=CARTESIAN_POINT('Ctrl Pts',(-1.167396331343,-4.724053084338,2.759999999999));
#10662=CARTESIAN_POINT('Ctrl Pts',(-1.197236023883,-4.763074239259,2.759999999999));
#10663=CARTESIAN_POINT('',(-1.250029339541,-4.758483519015,2.759999999999));
#10664=CARTESIAN_POINT('Ctrl Pts',(-1.197236023883,-4.763074239259,2.759999999999));
#10665=CARTESIAN_POINT('Ctrl Pts',(-1.215598904865,-4.760778868192,2.759999999999));
#10666=CARTESIAN_POINT('Ctrl Pts',(-1.231666458559,-4.758483519015,2.759999999999));
#10667=CARTESIAN_POINT('Ctrl Pts',(-1.250029339541,-4.758483519015,2.759999999999));
#10668=CARTESIAN_POINT('',(-1.513996005387,-4.868660914355,2.759999999999));
#10669=CARTESIAN_POINT('Origin',(-1.23456590271513,-5.18573986094768,2.759999999999));
#10670=CARTESIAN_POINT('',(-1.621878095331,-5.130332187243,2.759999999999));
#10671=CARTESIAN_POINT('Origin',(-1.25902960168232,-5.13083414267897,2.759999999999));
#10672=CARTESIAN_POINT('',(-1.525472882616,-5.380526626684,2.759999999999));
#10673=CARTESIAN_POINT('Origin',(-1.2700211269643,-5.14212642766914,2.759999999999));
#10674=CARTESIAN_POINT('',(-1.34184389768,-5.490704000134,2.759999999999));
#10675=CARTESIAN_POINT('Origin',(-0.542804287471201,-3.96309590122386,2.759999999999));
#10676=CARTESIAN_POINT('',(-1.123784456177,-5.646788619818,2.759999999999));
#10677=CARTESIAN_POINT('Ctrl Pts',(-1.34184389768,-5.490704000134,2.759999999999));
#10678=CARTESIAN_POINT('Ctrl Pts',(-1.31200418325,-5.582518492604,2.759999999999));
#10679=CARTESIAN_POINT('Ctrl Pts',(-1.224780432917,-5.646788619818,2.759999999999));
#10680=CARTESIAN_POINT('Ctrl Pts',(-1.123784456177,-5.646788619818,2.759999999999));
#10681=CARTESIAN_POINT('',(-0.894248225005,-5.417252388648,2.759999999999));
#10682=CARTESIAN_POINT('Ctrl Pts',(-1.123784456177,-5.646788619818,2.759999999999));
#10683=CARTESIAN_POINT('Ctrl Pts',(-0.997539529033,-5.646788619818,2.759999999999));
#10684=CARTESIAN_POINT('Ctrl Pts',(-0.894248225005,-5.543497315792,2.759999999999));
#10685=CARTESIAN_POINT('Ctrl Pts',(-0.894248225005,-5.417252388648,2.759999999999));
#10686=CARTESIAN_POINT('',(-0.894248225005,-5.394298765529,2.759999999999));
#10687=CARTESIAN_POINT('',(-0.894248225005,-5.417252388648,2.759999999999));
#10688=CARTESIAN_POINT('',(-0.572897501365,-5.224441963219,2.759999999999));
#10689=CARTESIAN_POINT('',(-0.894248225005,-5.394298765529,2.759999999999));
#10690=CARTESIAN_POINT('',(-0.644053698004,-5.10278773443,2.759999999999));
#10691=CARTESIAN_POINT('',(-0.572897501365,-5.224441963219,2.759999999999));
#10692=CARTESIAN_POINT('',(-0.951632239017,-5.26346309625,2.759999999999));
#10693=CARTESIAN_POINT('',(-0.644053698004,-5.10278773443,2.759999999999));
#10694=CARTESIAN_POINT('',(-1.123784412396,-5.185420786407,2.759999999999));
#10695=CARTESIAN_POINT('Ctrl Pts',(-0.951632239017,-5.26346309625,2.759999999999));
#10696=CARTESIAN_POINT('Ctrl Pts',(-0.992948743117,-5.215260478947,2.759999999999));
#10697=CARTESIAN_POINT('Ctrl Pts',(-1.054923543045,-5.185420786407,2.759999999999));
#10698=CARTESIAN_POINT('Ctrl Pts',(-1.123784412396,-5.185420786407,2.759999999999));
#10699=CARTESIAN_POINT('',(-1.339548460941,-5.336914707736,2.759999999999));
#10700=CARTESIAN_POINT('Ctrl Pts',(-1.123784412396,-5.185420786407,2.759999999999));
#10701=CARTESIAN_POINT('Ctrl Pts',(-1.222485018068,-5.185420786407,2.759999999999));
#10702=CARTESIAN_POINT('Ctrl Pts',(-1.307413397333,-5.249690913622,2.759999999999));
#10703=CARTESIAN_POINT('Ctrl Pts',(-1.339548460941,-5.336914707736,2.759999999999));
#10704=CARTESIAN_POINT('',(-1.477270199644,-5.125741357547,2.759999999999));
#10705=CARTESIAN_POINT('Ctrl Pts',(-1.339548460941,-5.336914707736,2.759999999999));
#10706=CARTESIAN_POINT('Ctrl Pts',(-1.419886141851,-5.300188901994,2.759999999999));
#10707=CARTESIAN_POINT('Ctrl Pts',(-1.477270199644,-5.219851221084,2.759999999999));
#10708=CARTESIAN_POINT('Ctrl Pts',(-1.477270199644,-5.125741357547,2.759999999999));
#10709=CARTESIAN_POINT('',(-1.247733968473,-4.896205126376,2.759999999999));
#10710=CARTESIAN_POINT('Ctrl Pts',(-1.477270199644,-5.125741357547,2.759999999999));
#10711=CARTESIAN_POINT('Ctrl Pts',(-1.477270199644,-4.999496430402,2.759999999999));
#10712=CARTESIAN_POINT('Ctrl Pts',(-1.373978895617,-4.896205126376,2.759999999999));
#10713=CARTESIAN_POINT('Ctrl Pts',(-1.247733968473,-4.896205126376,2.759999999999));
#10714=CARTESIAN_POINT('',(-1.126079783464,-4.930635561053,2.759999999999));
#10715=CARTESIAN_POINT('Ctrl Pts',(-1.247733968473,-4.896205126376,2.759999999999));
#10716=CARTESIAN_POINT('Ctrl Pts',(-1.204122093306,-4.896205126376,2.759999999999));
#10717=CARTESIAN_POINT('Ctrl Pts',(-1.160510218139,-4.909977309002,2.759999999999));
#10718=CARTESIAN_POINT('Ctrl Pts',(-1.126079783464,-4.930635561053,2.759999999999));
#10719=CARTESIAN_POINT('',(-0.818501286231,-4.710280901713,2.759999999999));
#10720=CARTESIAN_POINT('Ctrl Pts',(-1.126079783464,-4.930635561053,2.759999999999));
#10721=CARTESIAN_POINT('Ctrl Pts',(-1.082467952078,-4.80209539418,2.759999999999));
#10722=CARTESIAN_POINT('Ctrl Pts',(-0.963109094357,-4.710280901713,2.759999999999));
#10723=CARTESIAN_POINT('Ctrl Pts',(-0.818501286231,-4.710280901713,2.759999999999));
#10724=CARTESIAN_POINT('',(-0.497150562591,-4.997201190677,2.759999999999));
#10725=CARTESIAN_POINT('Ctrl Pts',(-0.818501286231,-4.710280901713,2.759999999999));
#10726=CARTESIAN_POINT('Ctrl Pts',(-0.653235182275,-4.710280901713,2.759999999999));
#10727=CARTESIAN_POINT('Ctrl Pts',(-0.515513443573,-4.836525828857,2.759999999999));
#10728=CARTESIAN_POINT('Ctrl Pts',(-0.497150562591,-4.997201190677,2.759999999999));
#10729=CARTESIAN_POINT('',(-0.478787681609,-4.997201190677,2.759999999999));
#10730=CARTESIAN_POINT('',(-0.497150562591,-4.997201190677,2.759999999999));
#10731=CARTESIAN_POINT('',(-0.299749438808,-5.176239433478,2.759999999999));
#10732=CARTESIAN_POINT('Ctrl Pts',(-0.478787681609,-4.997201190677,2.759999999999));
#10733=CARTESIAN_POINT('Ctrl Pts',(-0.380087119718,-4.997201190677,2.759999999999));
#10734=CARTESIAN_POINT('Ctrl Pts',(-0.299749438808,-5.077538871586,2.759999999999));
#10735=CARTESIAN_POINT('Ctrl Pts',(-0.299749438808,-5.176239433478,2.759999999999));
#10736=CARTESIAN_POINT('',(-0.465015542763,-5.355277676279,2.759999999999));
#10737=CARTESIAN_POINT('Ctrl Pts',(-0.299749438808,-5.176239433478,2.759999999999));
#10738=CARTESIAN_POINT('Ctrl Pts',(-0.299749438808,-5.270349297015,2.759999999999));
#10739=CARTESIAN_POINT('Ctrl Pts',(-0.370905635448,-5.348391606855,2.759999999999));
#10740=CARTESIAN_POINT('Ctrl Pts',(-0.465015542763,-5.355277676279,2.759999999999));
#10741=CARTESIAN_POINT('',(-0.56830684679,-5.355277676279,2.759999999999));
#10742=CARTESIAN_POINT('',(-0.465015542763,-5.355277676279,2.759999999999));
#10743=CARTESIAN_POINT('',(-0.582078985636,-5.352982348992,2.759999999999));
#10744=CARTESIAN_POINT('Ctrl Pts',(-0.56830684679,-5.355277676279,2.759999999999));
#10745=CARTESIAN_POINT('Ctrl Pts',(-0.572897588926,-5.355277676279,2.759999999999));
#10746=CARTESIAN_POINT('Ctrl Pts',(-0.577488331062,-5.352982348992,2.759999999999));
#10747=CARTESIAN_POINT('Ctrl Pts',(-0.582078985636,-5.352982348992,2.759999999999));
#10748=CARTESIAN_POINT('',(-0.653235182275,-5.42413854563,2.759999999999));
#10749=CARTESIAN_POINT('Ctrl Pts',(-0.582078985636,-5.352982348992,2.759999999999));
#10750=CARTESIAN_POINT('Ctrl Pts',(-0.621100162448,-5.352982348992,2.759999999999));
#10751=CARTESIAN_POINT('Ctrl Pts',(-0.653235182275,-5.38511745638,2.759999999999));
#10752=CARTESIAN_POINT('Ctrl Pts',(-0.653235182275,-5.42413854563,2.759999999999));
#10753=CARTESIAN_POINT('',(-0.586669640211,-5.495294742271,2.759999999999));
#10754=CARTESIAN_POINT('Ctrl Pts',(-0.653235182275,-5.42413854563,2.759999999999));
#10755=CARTESIAN_POINT('Ctrl Pts',(-0.653235182275,-5.460864307594,2.759999999999));
#10756=CARTESIAN_POINT('Ctrl Pts',(-0.623395489736,-5.492999414984,2.759999999999));
#10757=CARTESIAN_POINT('Ctrl Pts',(-0.586669640211,-5.495294742271,2.759999999999));
#10758=CARTESIAN_POINT('',(-0.451243316356,-5.495294742271,2.759999999999));
#10759=CARTESIAN_POINT('',(-0.586669640211,-5.495294742271,2.759999999999));
#10760=CARTESIAN_POINT('',(-0.242365381016,-5.392003438242,2.759999999999));
#10761=CARTESIAN_POINT('Origin',(-0.501542505733164,-5.10593023911044,2.759999999999));
#10762=CARTESIAN_POINT('Origin',(-0.476100911718731,-5.17194508863625,2.759999999999));
#10763=CARTESIAN_POINT('',(-1.126079827245,-5.509067056238,2.759999999999));
#10764=CARTESIAN_POINT('',(-1.126079827245,-5.330028725876,2.759999999999));
#10765=CARTESIAN_POINT('Ctrl Pts',(-1.126079827245,-5.509067056238,2.759999999999));
#10766=CARTESIAN_POINT('Ctrl Pts',(-1.075581882656,-5.509067056238,2.759999999999));
#10767=CARTESIAN_POINT('Ctrl Pts',(-1.036560705844,-5.467750464578,2.759999999999));
#10768=CARTESIAN_POINT('Ctrl Pts',(-1.036560705844,-5.419547891057,2.759999999999));
#10769=CARTESIAN_POINT('Ctrl Pts',(-1.036560705844,-5.369049902687,2.759999999999));
#10770=CARTESIAN_POINT('Ctrl Pts',(-1.077877209943,-5.330028725876,2.759999999999));
#10771=CARTESIAN_POINT('Ctrl Pts',(-1.126079827245,-5.330028725876,2.759999999999));
#10772=CARTESIAN_POINT('Ctrl Pts',(-1.126079827245,-5.330028725876,2.759999999999));
#10773=CARTESIAN_POINT('Ctrl Pts',(-1.174282444546,-5.330028725876,2.759999999999));
#10774=CARTESIAN_POINT('Ctrl Pts',(-1.215598948645,-5.369049902687,2.759999999999));
#10775=CARTESIAN_POINT('Ctrl Pts',(-1.215598948645,-5.470045879426,2.759999999999));
#10776=CARTESIAN_POINT('Ctrl Pts',(-1.174282444546,-5.509067056238,2.759999999999));
#10777=CARTESIAN_POINT('Ctrl Pts',(-1.126079827245,-5.509067056238,2.759999999999));
#10778=CARTESIAN_POINT('Ctrl Pts',(-0.15743695797,-5.17394401863,2.759999999999));
#10779=CARTESIAN_POINT('Ctrl Pts',(-0.15743695797,-5.17394401863,2.7480000000002));
#10780=CARTESIAN_POINT('Ctrl Pts',(-0.159732285258,-5.036222367488,2.759999999999));
#10781=CARTESIAN_POINT('Ctrl Pts',(-0.159732285258,-5.036222367488,2.7480000000002));
#10782=CARTESIAN_POINT('Ctrl Pts',(-0.253842192574,-4.9145681387,2.759999999999));
#10783=CARTESIAN_POINT('Ctrl Pts',(-0.253842192574,-4.9145681387,2.7480000000002));
#10784=CARTESIAN_POINT('Ctrl Pts',(-0.384677774293,-4.873251634599,2.759999999999));
#10785=CARTESIAN_POINT('Ctrl Pts',(-0.384677774293,-4.873251634599,2.7480000000002));
#10786=CARTESIAN_POINT('',(-0.384677774293,-4.873251634599,2.759999999999));
#10787=CARTESIAN_POINT('',(-0.15743695797,-5.17394401863,2.759999999999));
#10788=CARTESIAN_POINT('Ctrl Pts',(-0.384677774293,-4.873251634599,2.759999999999));
#10789=CARTESIAN_POINT('Ctrl Pts',(-0.384677774293,-4.873251634599,2.7480000000002));
#10790=CARTESIAN_POINT('Ctrl Pts',(-0.409926724697,-4.80439076525,2.759999999999));
#10791=CARTESIAN_POINT('Ctrl Pts',(-0.409926724697,-4.80439076525,2.7480000000002));
#10792=CARTESIAN_POINT('Ctrl Pts',(-0.453538643644,-4.74241598721,2.759999999999));
#10793=CARTESIAN_POINT('Ctrl Pts',(-0.453538643644,-4.74241598721,2.7480000000002));
#10794=CARTESIAN_POINT('Ctrl Pts',(-0.508627374149,-4.691918009787,2.759999999999));
#10795=CARTESIAN_POINT('Ctrl Pts',(-0.508627374149,-4.691918009787,2.7480000000002));
#10796=CARTESIAN_POINT('',(-0.508627374149,-4.691918009787,2.759999999999));
#10797=CARTESIAN_POINT('Ctrl Pts',(-0.508627374149,-4.691918009787,2.759999999999));
#10798=CARTESIAN_POINT('Ctrl Pts',(-0.508627374149,-4.691918009787,2.7480000000002));
#10799=CARTESIAN_POINT('Ctrl Pts',(-0.595851124483,-4.616171046384,2.759999999999));
#10800=CARTESIAN_POINT('Ctrl Pts',(-0.595851124483,-4.616171046384,2.7480000000002));
#10801=CARTESIAN_POINT('Ctrl Pts',(-0.706028497933,-4.57255916301,2.759999999999));
#10802=CARTESIAN_POINT('Ctrl Pts',(-0.706028497933,-4.57255916301,2.7480000000002));
#10803=CARTESIAN_POINT('Ctrl Pts',(-0.820796613519,-4.57255916301,2.759999999999));
#10804=CARTESIAN_POINT('Ctrl Pts',(-0.820796613519,-4.57255916301,2.7480000000002));
#10805=CARTESIAN_POINT('',(-0.820796613519,-4.57255916301,2.759999999999));
#10806=CARTESIAN_POINT('Ctrl Pts',(-0.820796613519,-4.57255916301,2.759999999999));
#10807=CARTESIAN_POINT('Ctrl Pts',(-0.820796613519,-4.57255916301,2.7480000000002));
#10808=CARTESIAN_POINT('Ctrl Pts',(-0.921792546477,-4.57255916301,2.759999999999));
#10809=CARTESIAN_POINT('Ctrl Pts',(-0.921792546477,-4.57255916301,2.7480000000002));
#10810=CARTESIAN_POINT('Ctrl Pts',(-1.015902410014,-4.604694234826,2.759999999999));
#10811=CARTESIAN_POINT('Ctrl Pts',(-1.015902410014,-4.604694234826,2.7480000000002));
#10812=CARTESIAN_POINT('Ctrl Pts',(-1.096240090924,-4.662078295357,2.759999999999));
#10813=CARTESIAN_POINT('Ctrl Pts',(-1.096240090924,-4.662078295357,2.7480000000002));
#10814=CARTESIAN_POINT('',(-1.096240090924,-4.662078295357,2.759999999999));
#10815=CARTESIAN_POINT('Ctrl Pts',(-1.096240090924,-4.662078295357,2.759999999999));
#10816=CARTESIAN_POINT('Ctrl Pts',(-1.096240090924,-4.662078295357,2.7480000000002));
#10817=CARTESIAN_POINT('Ctrl Pts',(-1.135261267736,-4.689622649664,2.759999999999));
#10818=CARTESIAN_POINT('Ctrl Pts',(-1.135261267736,-4.689622649664,2.7480000000002));
#10819=CARTESIAN_POINT('Ctrl Pts',(-1.167396331343,-4.724053084338,2.759999999999));
#10820=CARTESIAN_POINT('Ctrl Pts',(-1.167396331343,-4.724053084338,2.7480000000002));
#10821=CARTESIAN_POINT('Ctrl Pts',(-1.197236023883,-4.763074239259,2.759999999999));
#10822=CARTESIAN_POINT('Ctrl Pts',(-1.197236023883,-4.763074239259,2.7480000000002));
#10823=CARTESIAN_POINT('',(-1.197236023883,-4.763074239259,2.759999999999));
#10824=CARTESIAN_POINT('Ctrl Pts',(-1.197236023883,-4.763074239259,2.759999999999));
#10825=CARTESIAN_POINT('Ctrl Pts',(-1.197236023883,-4.763074239259,2.7480000000002));
#10826=CARTESIAN_POINT('Ctrl Pts',(-1.215598904865,-4.760778868192,2.759999999999));
#10827=CARTESIAN_POINT('Ctrl Pts',(-1.215598904865,-4.760778868192,2.7480000000002));
#10828=CARTESIAN_POINT('Ctrl Pts',(-1.231666458559,-4.758483519015,2.759999999999));
#10829=CARTESIAN_POINT('Ctrl Pts',(-1.231666458559,-4.758483519015,2.7480000000002));
#10830=CARTESIAN_POINT('Ctrl Pts',(-1.250029339541,-4.758483519015,2.759999999999));
#10831=CARTESIAN_POINT('Ctrl Pts',(-1.250029339541,-4.758483519015,2.7480000000002));
#10832=CARTESIAN_POINT('',(-1.250029339541,-4.758483519015,2.759999999999));
#10833=CARTESIAN_POINT('Ctrl Pts',(-1.250029339541,-4.758483519015,2.759999999999));
#10834=CARTESIAN_POINT('Ctrl Pts',(-1.250029339541,-4.758483519015,2.7480000000002));
#10835=CARTESIAN_POINT('Ctrl Pts',(-1.348729923322,-4.758483519015,2.759999999999));
#10836=CARTESIAN_POINT('Ctrl Pts',(-1.348729923322,-4.758483519015,2.7480000000002));
#10837=CARTESIAN_POINT('Ctrl Pts',(-1.442839764968,-4.797504673934,2.759999999999));
#10838=CARTESIAN_POINT('Ctrl Pts',(-1.442839764968,-4.797504673934,2.7480000000002));
#10839=CARTESIAN_POINT('Ctrl Pts',(-1.513996005387,-4.868660914355,2.759999999999));
#10840=CARTESIAN_POINT('Ctrl Pts',(-1.513996005387,-4.868660914355,2.7480000000002));
#10841=CARTESIAN_POINT('',(-1.513996005387,-4.868660914355,2.759999999999));
#10842=CARTESIAN_POINT('Ctrl Pts',(-1.513996005387,-4.868660914355,2.759999999999));
#10843=CARTESIAN_POINT('Ctrl Pts',(-1.513996005387,-4.868660914355,2.7480000000002));
#10844=CARTESIAN_POINT('Ctrl Pts',(-1.582856934937,-4.937521761816,2.759999999999));
#10845=CARTESIAN_POINT('Ctrl Pts',(-1.582856934937,-4.937521761816,2.7480000000002));
#10846=CARTESIAN_POINT('Ctrl Pts',(-1.621878095331,-5.031631625353,2.759999999999));
#10847=CARTESIAN_POINT('Ctrl Pts',(-1.621878095331,-5.031631625353,2.7480000000002));
#10848=CARTESIAN_POINT('Ctrl Pts',(-1.621878095331,-5.130332187243,2.759999999999));
#10849=CARTESIAN_POINT('Ctrl Pts',(-1.621878095331,-5.130332187243,2.7480000000002));
#10850=CARTESIAN_POINT('',(-1.621878095331,-5.130332187243,2.759999999999));
#10851=CARTESIAN_POINT('Ctrl Pts',(-1.621878095331,-5.130332187243,2.759999999999));
#10852=CARTESIAN_POINT('Ctrl Pts',(-1.621878095331,-5.130332187243,2.7480000000002));
#10853=CARTESIAN_POINT('Ctrl Pts',(-1.621878095331,-5.222146679713,2.759999999999));
#10854=CARTESIAN_POINT('Ctrl Pts',(-1.621878095331,-5.222146679713,2.7480000000002));
#10855=CARTESIAN_POINT('Ctrl Pts',(-1.587447660656,-5.311665844894,2.759999999999));
#10856=CARTESIAN_POINT('Ctrl Pts',(-1.587447660656,-5.311665844894,2.7480000000002));
#10857=CARTESIAN_POINT('Ctrl Pts',(-1.525472882616,-5.380526626684,2.759999999999));
#10858=CARTESIAN_POINT('Ctrl Pts',(-1.525472882616,-5.380526626684,2.7480000000002));
#10859=CARTESIAN_POINT('',(-1.525472882616,-5.380526626684,2.759999999999));
#10860=CARTESIAN_POINT('Ctrl Pts',(-1.525472882616,-5.380526626684,2.759999999999));
#10861=CARTESIAN_POINT('Ctrl Pts',(-1.525472882616,-5.380526626684,2.7480000000002));
#10862=CARTESIAN_POINT('Ctrl Pts',(-1.474974916138,-5.435615357191,2.759999999999));
#10863=CARTESIAN_POINT('Ctrl Pts',(-1.474974916138,-5.435615357191,2.7480000000002));
#10864=CARTESIAN_POINT('Ctrl Pts',(-1.413000116209,-5.472341119152,2.759999999999));
#10865=CARTESIAN_POINT('Ctrl Pts',(-1.413000116209,-5.472341119152,2.7480000000002));
#10866=CARTESIAN_POINT('Ctrl Pts',(-1.34184389768,-5.490704000134,2.759999999999));
#10867=CARTESIAN_POINT('Ctrl Pts',(-1.34184389768,-5.490704000134,2.7480000000002));
#10868=CARTESIAN_POINT('',(-1.34184389768,-5.490704000134,2.759999999999));
#10869=CARTESIAN_POINT('Ctrl Pts',(-1.34184389768,-5.490704000134,2.759999999999));
#10870=CARTESIAN_POINT('Ctrl Pts',(-1.34184389768,-5.490704000134,2.7480000000002));
#10871=CARTESIAN_POINT('Ctrl Pts',(-1.31200418325,-5.582518492604,2.759999999999));
#10872=CARTESIAN_POINT('Ctrl Pts',(-1.31200418325,-5.582518492604,2.7480000000002));
#10873=CARTESIAN_POINT('Ctrl Pts',(-1.224780432917,-5.646788619818,2.759999999999));
#10874=CARTESIAN_POINT('Ctrl Pts',(-1.224780432917,-5.646788619818,2.7480000000002));
#10875=CARTESIAN_POINT('Ctrl Pts',(-1.123784456177,-5.646788619818,2.759999999999));
#10876=CARTESIAN_POINT('Ctrl Pts',(-1.123784456177,-5.646788619818,2.7480000000002));
#10877=CARTESIAN_POINT('',(-1.123784456177,-5.646788619818,2.759999999999));
#10878=CARTESIAN_POINT('Ctrl Pts',(-1.123784456177,-5.646788619818,2.759999999999));
#10879=CARTESIAN_POINT('Ctrl Pts',(-1.123784456177,-5.646788619818,2.7480000000002));
#10880=CARTESIAN_POINT('Ctrl Pts',(-0.997539529033,-5.646788619818,2.759999999999));
#10881=CARTESIAN_POINT('Ctrl Pts',(-0.997539529033,-5.646788619818,2.7480000000002));
#10882=CARTESIAN_POINT('Ctrl Pts',(-0.894248225005,-5.543497315792,2.759999999999));
#10883=CARTESIAN_POINT('Ctrl Pts',(-0.894248225005,-5.543497315792,2.7480000000002));
#10884=CARTESIAN_POINT('Ctrl Pts',(-0.894248225005,-5.417252388648,2.759999999999));
#10885=CARTESIAN_POINT('Ctrl Pts',(-0.894248225005,-5.417252388648,2.7480000000002));
#10886=CARTESIAN_POINT('',(-0.894248225005,-5.417252388648,2.759999999999));
#10887=CARTESIAN_POINT('Origin',(-0.894248225005,-5.417252388648,2.759999999999));
#10888=CARTESIAN_POINT('',(-0.894248225005,-5.394298765529,2.759999999999));
#10889=CARTESIAN_POINT('Origin',(-0.894248225005,-5.394298765529,2.759999999999));
#10890=CARTESIAN_POINT('',(-0.572897501365,-5.224441963219,2.759999999999));
#10891=CARTESIAN_POINT('Origin',(-0.572897501365,-5.224441963219,2.759999999999));
#10892=CARTESIAN_POINT('',(-0.644053698004,-5.10278773443,2.759999999999));
#10893=CARTESIAN_POINT('Origin',(-0.644053698004,-5.10278773443,2.759999999999));
#10894=CARTESIAN_POINT('',(-0.951632239017,-5.26346309625,2.759999999999));
#10895=CARTESIAN_POINT('Ctrl Pts',(-0.951632239017,-5.26346309625,2.759999999999));
#10896=CARTESIAN_POINT('Ctrl Pts',(-0.951632239017,-5.26346309625,2.7480000000002));
#10897=CARTESIAN_POINT('Ctrl Pts',(-0.992948743117,-5.215260478947,2.759999999999));
#10898=CARTESIAN_POINT('Ctrl Pts',(-0.992948743117,-5.215260478947,2.7480000000002));
#10899=CARTESIAN_POINT('Ctrl Pts',(-1.054923543045,-5.185420786407,2.759999999999));
#10900=CARTESIAN_POINT('Ctrl Pts',(-1.054923543045,-5.185420786407,2.7480000000002));
#10901=CARTESIAN_POINT('Ctrl Pts',(-1.123784412396,-5.185420786407,2.759999999999));
#10902=CARTESIAN_POINT('Ctrl Pts',(-1.123784412396,-5.185420786407,2.7480000000002));
#10903=CARTESIAN_POINT('',(-1.123784412396,-5.185420786407,2.759999999999));
#10904=CARTESIAN_POINT('Ctrl Pts',(-1.123784412396,-5.185420786407,2.759999999999));
#10905=CARTESIAN_POINT('Ctrl Pts',(-1.123784412396,-5.185420786407,2.7480000000002));
#10906=CARTESIAN_POINT('Ctrl Pts',(-1.222485018068,-5.185420786407,2.759999999999));
#10907=CARTESIAN_POINT('Ctrl Pts',(-1.222485018068,-5.185420786407,2.7480000000002));
#10908=CARTESIAN_POINT('Ctrl Pts',(-1.307413397333,-5.249690913622,2.759999999999));
#10909=CARTESIAN_POINT('Ctrl Pts',(-1.307413397333,-5.249690913622,2.7480000000002));
#10910=CARTESIAN_POINT('Ctrl Pts',(-1.339548460941,-5.336914707736,2.759999999999));
#10911=CARTESIAN_POINT('Ctrl Pts',(-1.339548460941,-5.336914707736,2.7480000000002));
#10912=CARTESIAN_POINT('',(-1.339548460941,-5.336914707736,2.759999999999));
#10913=CARTESIAN_POINT('Ctrl Pts',(-1.339548460941,-5.336914707736,2.759999999999));
#10914=CARTESIAN_POINT('Ctrl Pts',(-1.339548460941,-5.336914707736,2.7480000000002));
#10915=CARTESIAN_POINT('Ctrl Pts',(-1.419886141851,-5.300188901994,2.759999999999));
#10916=CARTESIAN_POINT('Ctrl Pts',(-1.419886141851,-5.300188901994,2.7480000000002));
#10917=CARTESIAN_POINT('Ctrl Pts',(-1.477270199644,-5.219851221084,2.759999999999));
#10918=CARTESIAN_POINT('Ctrl Pts',(-1.477270199644,-5.219851221084,2.7480000000002));
#10919=CARTESIAN_POINT('Ctrl Pts',(-1.477270199644,-5.125741357547,2.759999999999));
#10920=CARTESIAN_POINT('Ctrl Pts',(-1.477270199644,-5.125741357547,2.7480000000002));
#10921=CARTESIAN_POINT('',(-1.477270199644,-5.125741357547,2.759999999999));
#10922=CARTESIAN_POINT('Ctrl Pts',(-1.477270199644,-5.125741357547,2.759999999999));
#10923=CARTESIAN_POINT('Ctrl Pts',(-1.477270199644,-5.125741357547,2.7480000000002));
#10924=CARTESIAN_POINT('Ctrl Pts',(-1.477270199644,-4.999496430402,2.759999999999));
#10925=CARTESIAN_POINT('Ctrl Pts',(-1.477270199644,-4.999496430402,2.7480000000002));
#10926=CARTESIAN_POINT('Ctrl Pts',(-1.373978895617,-4.896205126376,2.759999999999));
#10927=CARTESIAN_POINT('Ctrl Pts',(-1.373978895617,-4.896205126376,2.7480000000002));
#10928=CARTESIAN_POINT('Ctrl Pts',(-1.247733968473,-4.896205126376,2.759999999999));
#10929=CARTESIAN_POINT('Ctrl Pts',(-1.247733968473,-4.896205126376,2.7480000000002));
#10930=CARTESIAN_POINT('',(-1.247733968473,-4.896205126376,2.759999999999));
#10931=CARTESIAN_POINT('Ctrl Pts',(-1.247733968473,-4.896205126376,2.759999999999));
#10932=CARTESIAN_POINT('Ctrl Pts',(-1.247733968473,-4.896205126376,2.7480000000002));
#10933=CARTESIAN_POINT('Ctrl Pts',(-1.204122093306,-4.896205126376,2.759999999999));
#10934=CARTESIAN_POINT('Ctrl Pts',(-1.204122093306,-4.896205126376,2.7480000000002));
#10935=CARTESIAN_POINT('Ctrl Pts',(-1.160510218139,-4.909977309002,2.759999999999));
#10936=CARTESIAN_POINT('Ctrl Pts',(-1.160510218139,-4.909977309002,2.7480000000002));
#10937=CARTESIAN_POINT('Ctrl Pts',(-1.126079783464,-4.930635561053,2.759999999999));
#10938=CARTESIAN_POINT('Ctrl Pts',(-1.126079783464,-4.930635561053,2.7480000000002));
#10939=CARTESIAN_POINT('',(-1.126079783464,-4.930635561053,2.759999999999));
#10940=CARTESIAN_POINT('Ctrl Pts',(-1.126079783464,-4.930635561053,2.759999999999));
#10941=CARTESIAN_POINT('Ctrl Pts',(-1.126079783464,-4.930635561053,2.7480000000002));
#10942=CARTESIAN_POINT('Ctrl Pts',(-1.082467952078,-4.80209539418,2.759999999999));
#10943=CARTESIAN_POINT('Ctrl Pts',(-1.082467952078,-4.80209539418,2.7480000000002));
#10944=CARTESIAN_POINT('Ctrl Pts',(-0.963109094357,-4.710280901713,2.759999999999));
#10945=CARTESIAN_POINT('Ctrl Pts',(-0.963109094357,-4.710280901713,2.7480000000002));
#10946=CARTESIAN_POINT('Ctrl Pts',(-0.818501286231,-4.710280901713,2.759999999999));
#10947=CARTESIAN_POINT('Ctrl Pts',(-0.818501286231,-4.710280901713,2.7480000000002));
#10948=CARTESIAN_POINT('',(-0.818501286231,-4.710280901713,2.759999999999));
#10949=CARTESIAN_POINT('Ctrl Pts',(-0.818501286231,-4.710280901713,2.759999999999));
#10950=CARTESIAN_POINT('Ctrl Pts',(-0.818501286231,-4.710280901713,2.7480000000002));
#10951=CARTESIAN_POINT('Ctrl Pts',(-0.653235182275,-4.710280901713,2.759999999999));
#10952=CARTESIAN_POINT('Ctrl Pts',(-0.653235182275,-4.710280901713,2.7480000000002));
#10953=CARTESIAN_POINT('Ctrl Pts',(-0.515513443573,-4.836525828857,2.759999999999));
#10954=CARTESIAN_POINT('Ctrl Pts',(-0.515513443573,-4.836525828857,2.7480000000002));
#10955=CARTESIAN_POINT('Ctrl Pts',(-0.497150562591,-4.997201190677,2.759999999999));
#10956=CARTESIAN_POINT('Ctrl Pts',(-0.497150562591,-4.997201190677,2.7480000000002));
#10957=CARTESIAN_POINT('',(-0.497150562591,-4.997201190677,2.759999999999));
#10958=CARTESIAN_POINT('Origin',(-0.497150562591,-4.997201190677,2.759999999999));
#10959=CARTESIAN_POINT('',(-0.478787681609,-4.997201190677,2.759999999999));
#10960=CARTESIAN_POINT('Ctrl Pts',(-0.478787681609,-4.997201190677,2.759999999999));
#10961=CARTESIAN_POINT('Ctrl Pts',(-0.478787681609,-4.997201190677,2.7480000000002));
#10962=CARTESIAN_POINT('Ctrl Pts',(-0.380087119718,-4.997201190677,2.759999999999));
#10963=CARTESIAN_POINT('Ctrl Pts',(-0.380087119718,-4.997201190677,2.7480000000002));
#10964=CARTESIAN_POINT('Ctrl Pts',(-0.299749438808,-5.077538871586,2.759999999999));
#10965=CARTESIAN_POINT('Ctrl Pts',(-0.299749438808,-5.077538871586,2.7480000000002));
#10966=CARTESIAN_POINT('Ctrl Pts',(-0.299749438808,-5.176239433478,2.759999999999));
#10967=CARTESIAN_POINT('Ctrl Pts',(-0.299749438808,-5.176239433478,2.7480000000002));
#10968=CARTESIAN_POINT('',(-0.299749438808,-5.176239433478,2.759999999999));
#10969=CARTESIAN_POINT('Ctrl Pts',(-0.299749438808,-5.176239433478,2.759999999999));
#10970=CARTESIAN_POINT('Ctrl Pts',(-0.299749438808,-5.176239433478,2.7480000000002));
#10971=CARTESIAN_POINT('Ctrl Pts',(-0.299749438808,-5.270349297015,2.759999999999));
#10972=CARTESIAN_POINT('Ctrl Pts',(-0.299749438808,-5.270349297015,2.7480000000002));
#10973=CARTESIAN_POINT('Ctrl Pts',(-0.370905635448,-5.348391606855,2.759999999999));
#10974=CARTESIAN_POINT('Ctrl Pts',(-0.370905635448,-5.348391606855,2.7480000000002));
#10975=CARTESIAN_POINT('Ctrl Pts',(-0.465015542763,-5.355277676279,2.759999999999));
#10976=CARTESIAN_POINT('Ctrl Pts',(-0.465015542763,-5.355277676279,2.7480000000002));
#10977=CARTESIAN_POINT('',(-0.465015542763,-5.355277676279,2.759999999999));
#10978=CARTESIAN_POINT('Origin',(-0.465015542763,-5.355277676279,2.759999999999));
#10979=CARTESIAN_POINT('',(-0.56830684679,-5.355277676279,2.759999999999));
#10980=CARTESIAN_POINT('Ctrl Pts',(-0.56830684679,-5.355277676279,2.759999999999));
#10981=CARTESIAN_POINT('Ctrl Pts',(-0.56830684679,-5.355277676279,2.7480000000002));
#10982=CARTESIAN_POINT('Ctrl Pts',(-0.572897588926,-5.355277676279,2.759999999999));
#10983=CARTESIAN_POINT('Ctrl Pts',(-0.572897588926,-5.355277676279,2.7480000000002));
#10984=CARTESIAN_POINT('Ctrl Pts',(-0.577488331062,-5.352982348992,2.759999999999));
#10985=CARTESIAN_POINT('Ctrl Pts',(-0.577488331062,-5.352982348992,2.7480000000002));
#10986=CARTESIAN_POINT('Ctrl Pts',(-0.582078985636,-5.352982348992,2.759999999999));
#10987=CARTESIAN_POINT('Ctrl Pts',(-0.582078985636,-5.352982348992,2.7480000000002));
#10988=CARTESIAN_POINT('',(-0.582078985636,-5.352982348992,2.759999999999));
#10989=CARTESIAN_POINT('Ctrl Pts',(-0.582078985636,-5.352982348992,2.759999999999));
#10990=CARTESIAN_POINT('Ctrl Pts',(-0.582078985636,-5.352982348992,2.7480000000002));
#10991=CARTESIAN_POINT('Ctrl Pts',(-0.621100162448,-5.352982348992,2.759999999999));
#10992=CARTESIAN_POINT('Ctrl Pts',(-0.621100162448,-5.352982348992,2.7480000000002));
#10993=CARTESIAN_POINT('Ctrl Pts',(-0.653235182275,-5.38511745638,2.759999999999));
#10994=CARTESIAN_POINT('Ctrl Pts',(-0.653235182275,-5.38511745638,2.7480000000002));
#10995=CARTESIAN_POINT('Ctrl Pts',(-0.653235182275,-5.42413854563,2.759999999999));
#10996=CARTESIAN_POINT('Ctrl Pts',(-0.653235182275,-5.42413854563,2.7480000000002));
#10997=CARTESIAN_POINT('',(-0.653235182275,-5.42413854563,2.759999999999));
#10998=CARTESIAN_POINT('Ctrl Pts',(-0.653235182275,-5.42413854563,2.759999999999));
#10999=CARTESIAN_POINT('Ctrl Pts',(-0.653235182275,-5.42413854563,2.7480000000002));
#11000=CARTESIAN_POINT('Ctrl Pts',(-0.653235182275,-5.460864307594,2.759999999999));
#11001=CARTESIAN_POINT('Ctrl Pts',(-0.653235182275,-5.460864307594,2.7480000000002));
#11002=CARTESIAN_POINT('Ctrl Pts',(-0.623395489736,-5.492999414984,2.759999999999));
#11003=CARTESIAN_POINT('Ctrl Pts',(-0.623395489736,-5.492999414984,2.7480000000002));
#11004=CARTESIAN_POINT('Ctrl Pts',(-0.586669640211,-5.495294742271,2.759999999999));
#11005=CARTESIAN_POINT('Ctrl Pts',(-0.586669640211,-5.495294742271,2.7480000000002));
#11006=CARTESIAN_POINT('',(-0.586669640211,-5.495294742271,2.759999999999));
#11007=CARTESIAN_POINT('Origin',(-0.45812938578,-5.495294742271,2.759999999999));
#11008=CARTESIAN_POINT('',(-0.451243316356,-5.495294742271,2.759999999999));
#11009=CARTESIAN_POINT('Ctrl Pts',(-0.451243316356,-5.495294742271,2.759999999999));
#11010=CARTESIAN_POINT('Ctrl Pts',(-0.451243316356,-5.495294742271,2.7480000000002));
#11011=CARTESIAN_POINT('Ctrl Pts',(-0.370905635448,-5.488408672847,2.759999999999));
#11012=CARTESIAN_POINT('Ctrl Pts',(-0.370905635448,-5.488408672847,2.7480000000002));
#11013=CARTESIAN_POINT('Ctrl Pts',(-0.297454023959,-5.451682823322,2.759999999999));
#11014=CARTESIAN_POINT('Ctrl Pts',(-0.297454023959,-5.451682823322,2.7480000000002));
#11015=CARTESIAN_POINT('Ctrl Pts',(-0.242365381016,-5.392003438242,2.759999999999));
#11016=CARTESIAN_POINT('Ctrl Pts',(-0.242365381016,-5.392003438242,2.7480000000002));
#11017=CARTESIAN_POINT('',(-0.242365381016,-5.392003438242,2.759999999999));
#11018=CARTESIAN_POINT('Ctrl Pts',(-0.242365381016,-5.392003438242,2.759999999999));
#11019=CARTESIAN_POINT('Ctrl Pts',(-0.242365381016,-5.392003438242,2.7480000000002));
#11020=CARTESIAN_POINT('Ctrl Pts',(-0.18727665051,-5.332324053162,2.759999999999));
#11021=CARTESIAN_POINT('Ctrl Pts',(-0.18727665051,-5.332324053162,2.7480000000002));
#11022=CARTESIAN_POINT('Ctrl Pts',(-0.15743695797,-5.254281699539,2.759999999999));
#11023=CARTESIAN_POINT('Ctrl Pts',(-0.15743695797,-5.254281699539,2.7480000000002));
#11024=CARTESIAN_POINT('Ctrl Pts',(-0.15743695797,-5.17394401863,2.759999999999));
#11025=CARTESIAN_POINT('Ctrl Pts',(-0.15743695797,-5.17394401863,2.7480000000002));
#11026=CARTESIAN_POINT('Ctrl Pts',(-1.126079827245,-5.509067056238,2.759999999999));
#11027=CARTESIAN_POINT('Ctrl Pts',(-1.126079827245,-5.509067056238,2.7480000000002));
#11028=CARTESIAN_POINT('Ctrl Pts',(-1.075581882656,-5.509067056238,2.759999999999));
#11029=CARTESIAN_POINT('Ctrl Pts',(-1.075581882656,-5.509067056238,2.7480000000002));
#11030=CARTESIAN_POINT('Ctrl Pts',(-1.036560705844,-5.467750464578,2.759999999999));
#11031=CARTESIAN_POINT('Ctrl Pts',(-1.036560705844,-5.467750464578,2.7480000000002));
#11032=CARTESIAN_POINT('Ctrl Pts',(-1.036560705844,-5.419547891057,2.759999999999));
#11033=CARTESIAN_POINT('Ctrl Pts',(-1.036560705844,-5.419547891057,2.7480000000002));
#11034=CARTESIAN_POINT('Ctrl Pts',(-1.036560705844,-5.369049902687,2.759999999999));
#11035=CARTESIAN_POINT('Ctrl Pts',(-1.036560705844,-5.369049902687,2.7480000000002));
#11036=CARTESIAN_POINT('Ctrl Pts',(-1.077877209943,-5.330028725876,2.759999999999));
#11037=CARTESIAN_POINT('Ctrl Pts',(-1.077877209943,-5.330028725876,2.7480000000002));
#11038=CARTESIAN_POINT('Ctrl Pts',(-1.126079827245,-5.330028725876,2.759999999999));
#11039=CARTESIAN_POINT('Ctrl Pts',(-1.126079827245,-5.330028725876,2.7480000000002));
#11040=CARTESIAN_POINT('',(-1.126079827245,-5.509067056238,2.75));
#11041=CARTESIAN_POINT('',(-1.126079827245,-5.330028725876,2.75));
#11042=CARTESIAN_POINT('Ctrl Pts',(-1.126079827245,-5.509067056238,2.75));
#11043=CARTESIAN_POINT('Ctrl Pts',(-1.075581882656,-5.509067056238,2.75));
#11044=CARTESIAN_POINT('Ctrl Pts',(-1.036560705844,-5.467750464578,2.75));
#11045=CARTESIAN_POINT('Ctrl Pts',(-1.036560705844,-5.419547891057,2.75));
#11046=CARTESIAN_POINT('Ctrl Pts',(-1.036560705844,-5.369049902687,2.75));
#11047=CARTESIAN_POINT('Ctrl Pts',(-1.077877209943,-5.330028725876,2.75));
#11048=CARTESIAN_POINT('Ctrl Pts',(-1.126079827245,-5.330028725876,2.75));
#11049=CARTESIAN_POINT('',(-1.126079827245,-5.509067056238,2.759999999999));
#11050=CARTESIAN_POINT('',(-1.126079827245,-5.330028725876,2.759999999999));
#11051=CARTESIAN_POINT('Ctrl Pts',(-1.126079827245,-5.330028725876,2.759999999999));
#11052=CARTESIAN_POINT('Ctrl Pts',(-1.126079827245,-5.330028725876,2.7480000000002));
#11053=CARTESIAN_POINT('Ctrl Pts',(-1.174282444546,-5.330028725876,2.759999999999));
#11054=CARTESIAN_POINT('Ctrl Pts',(-1.174282444546,-5.330028725876,2.7480000000002));
#11055=CARTESIAN_POINT('Ctrl Pts',(-1.215598948645,-5.369049902687,2.759999999999));
#11056=CARTESIAN_POINT('Ctrl Pts',(-1.215598948645,-5.369049902687,2.7480000000002));
#11057=CARTESIAN_POINT('Ctrl Pts',(-1.215598948645,-5.419547891057,2.759999999999));
#11058=CARTESIAN_POINT('Ctrl Pts',(-1.215598948645,-5.419547891057,2.7480000000002));
#11059=CARTESIAN_POINT('Ctrl Pts',(-1.215598948645,-5.470045879426,2.759999999999));
#11060=CARTESIAN_POINT('Ctrl Pts',(-1.215598948645,-5.470045879426,2.7480000000002));
#11061=CARTESIAN_POINT('Ctrl Pts',(-1.174282444546,-5.509067056238,2.759999999999));
#11062=CARTESIAN_POINT('Ctrl Pts',(-1.174282444546,-5.509067056238,2.7480000000002));
#11063=CARTESIAN_POINT('Ctrl Pts',(-1.126079827245,-5.509067056238,2.759999999999));
#11064=CARTESIAN_POINT('Ctrl Pts',(-1.126079827245,-5.509067056238,2.7480000000002));
#11065=CARTESIAN_POINT('Ctrl Pts',(-1.126079827245,-5.330028725876,2.75));
#11066=CARTESIAN_POINT('Ctrl Pts',(-1.174282444546,-5.330028725876,2.75));
#11067=CARTESIAN_POINT('Ctrl Pts',(-1.215598948645,-5.369049902687,2.75));
#11068=CARTESIAN_POINT('Ctrl Pts',(-1.215598948645,-5.470045879426,2.75));
#11069=CARTESIAN_POINT('Ctrl Pts',(-1.174282444546,-5.509067056238,2.75));
#11070=CARTESIAN_POINT('Ctrl Pts',(-1.126079827245,-5.509067056238,2.75));
#11071=CARTESIAN_POINT('Origin',(-3.95,-6.099999999999,2.75));
#11072=CARTESIAN_POINT('Origin',(1.08203478839,-4.884062817756,2.759999999999));
#11073=CARTESIAN_POINT('',(1.045527496146,-4.936796719411,2.759999999999));
#11074=CARTESIAN_POINT('',(1.094217640082,-4.816474295919,2.759999999999));
#11075=CARTESIAN_POINT('Origin',(-35.2854409712368,17.2488675389639,2.759999999999));
#11076=CARTESIAN_POINT('',(1.045527496146,-4.701928669167,2.759999999999));
#11077=CARTESIAN_POINT('Ctrl Pts',(1.094217640082,-4.816474295919,2.759999999999));
#11078=CARTESIAN_POINT('Ctrl Pts',(1.094217640082,-4.768609408661,2.759999999999));
#11079=CARTESIAN_POINT('Ctrl Pts',(1.077960083549,-4.730482550188,2.759999999999));
#11080=CARTESIAN_POINT('Ctrl Pts',(1.045527496146,-4.701928669167,2.759999999999));
#11081=CARTESIAN_POINT('',(0.923472033635,-4.659180373305,2.759999999999));
#11082=CARTESIAN_POINT('Ctrl Pts',(1.045527496146,-4.701928669167,2.759999999999));
#11083=CARTESIAN_POINT('Ctrl Pts',(1.013094908744,-4.673374788147,2.759999999999));
#11084=CARTESIAN_POINT('Ctrl Pts',(0.972409754574,-4.659180373305,2.759999999999));
#11085=CARTESIAN_POINT('Ctrl Pts',(0.923472033635,-4.659180373305,2.759999999999));
#11086=CARTESIAN_POINT('',(0.831373388494,-4.659180373305,2.759999999999));
#11087=CARTESIAN_POINT('',(0.831373388494,-4.659180373305,2.759999999999));
#11088=CARTESIAN_POINT('',(0.831373388494,-4.982020785303,2.759999999999));
#11089=CARTESIAN_POINT('',(0.831373388494,-4.982020785303,2.759999999999));
#11090=CARTESIAN_POINT('',(0.920171006927,-4.982020785303,2.759999999999));
#11091=CARTESIAN_POINT('',(0.920171006927,-4.982020785303,2.759999999999));
#11092=CARTESIAN_POINT('Origin',(-16.5860097585486,23.1796530244205,2.759999999999));
#11093=CARTESIAN_POINT('',(1.014992999101,-4.726686369475,2.759999999999));
#11094=CARTESIAN_POINT('',(0.921821520279,-4.696316923764,2.759999999999));
#11095=CARTESIAN_POINT('Origin',(-14.5726219483114,-25.6355927123339,2.759999999999));
#11096=CARTESIAN_POINT('',(1.050396510541,-4.817629655267,2.759999999999));
#11097=CARTESIAN_POINT('Origin',(-5.44642574838338,-10.2696051941004,2.759999999999));
#11098=CARTESIAN_POINT('',(1.015900781447,-4.911543865098,2.759999999999));
#11099=CARTESIAN_POINT('Origin',(-9.40336254845322,3.34901842791231,2.759999999999));
#11100=CARTESIAN_POINT('',(0.919923429924,-4.945214337514,2.759999999999));
#11101=CARTESIAN_POINT('Origin',(-9.15282065210255,7.62255280806349,2.759999999999));
#11102=CARTESIAN_POINT('',(0.873048850678,-4.945214337514,2.759999999999));
#11103=CARTESIAN_POINT('',(0.873048850678,-4.945214337514,2.759999999999));
#11104=CARTESIAN_POINT('',(0.873048850678,-4.696316923764,2.759999999999));
#11105=CARTESIAN_POINT('',(0.873048850678,-4.696316923764,2.759999999999));
#11106=CARTESIAN_POINT('',(0.921821520279,-4.696316923764,2.759999999999));
#11107=CARTESIAN_POINT('Ctrl Pts',(1.045527496146,-4.936796719411,2.759999999999));
#11108=CARTESIAN_POINT('Ctrl Pts',(1.045527496146,-4.936796719411,2.7480000000002));
#11109=CARTESIAN_POINT('Ctrl Pts',(1.077960083549,-4.906592325036,2.759999999999));
#11110=CARTESIAN_POINT('Ctrl Pts',(1.077960083549,-4.906592325036,2.7480000000002));
#11111=CARTESIAN_POINT('Ctrl Pts',(1.094217640082,-4.866484850538,2.759999999999));
#11112=CARTESIAN_POINT('Ctrl Pts',(1.094217640082,-4.866484850538,2.7480000000002));
#11113=CARTESIAN_POINT('Ctrl Pts',(1.094217640082,-4.816474295919,2.759999999999));
#11114=CARTESIAN_POINT('Ctrl Pts',(1.094217640082,-4.816474295919,2.7480000000002));
#11115=CARTESIAN_POINT('',(1.094217640082,-4.816474295919,2.759999999999));
#11116=CARTESIAN_POINT('',(1.045527496146,-4.936796719411,2.759999999999));
#11117=CARTESIAN_POINT('Ctrl Pts',(1.094217640082,-4.816474295919,2.759999999999));
#11118=CARTESIAN_POINT('Ctrl Pts',(1.094217640082,-4.816474295919,2.7480000000002));
#11119=CARTESIAN_POINT('Ctrl Pts',(1.094217640082,-4.768609408661,2.759999999999));
#11120=CARTESIAN_POINT('Ctrl Pts',(1.094217640082,-4.768609408661,2.7480000000002));
#11121=CARTESIAN_POINT('Ctrl Pts',(1.077960083549,-4.730482550188,2.759999999999));
#11122=CARTESIAN_POINT('Ctrl Pts',(1.077960083549,-4.730482550188,2.7480000000002));
#11123=CARTESIAN_POINT('Ctrl Pts',(1.045527496146,-4.701928669167,2.759999999999));
#11124=CARTESIAN_POINT('Ctrl Pts',(1.045527496146,-4.701928669167,2.7480000000002));
#11125=CARTESIAN_POINT('',(1.045527496146,-4.701928669167,2.759999999999));
#11126=CARTESIAN_POINT('Ctrl Pts',(1.045527496146,-4.701928669167,2.759999999999));
#11127=CARTESIAN_POINT('Ctrl Pts',(1.045527496146,-4.701928669167,2.7480000000002));
#11128=CARTESIAN_POINT('Ctrl Pts',(1.013094908744,-4.673374788147,2.759999999999));
#11129=CARTESIAN_POINT('Ctrl Pts',(1.013094908744,-4.673374788147,2.7480000000002));
#11130=CARTESIAN_POINT('Ctrl Pts',(0.972409754574,-4.659180373305,2.759999999999));
#11131=CARTESIAN_POINT('Ctrl Pts',(0.972409754574,-4.659180373305,2.7480000000002));
#11132=CARTESIAN_POINT('Ctrl Pts',(0.923472033635,-4.659180373305,2.759999999999));
#11133=CARTESIAN_POINT('Ctrl Pts',(0.923472033635,-4.659180373305,2.7480000000002));
#11134=CARTESIAN_POINT('',(0.923472033635,-4.659180373305,2.759999999999));
#11135=CARTESIAN_POINT('Origin',(0.831373388494,-4.659180373305,2.759999999999));
#11136=CARTESIAN_POINT('',(0.831373388494,-4.659180373305,2.759999999999));
#11137=CARTESIAN_POINT('Origin',(0.831373388494,-4.982020785303,2.759999999999));
#11138=CARTESIAN_POINT('',(0.831373388494,-4.982020785303,2.759999999999));
#11139=CARTESIAN_POINT('Origin',(0.920171006927,-4.982020785303,2.759999999999));
#11140=CARTESIAN_POINT('',(0.920171006927,-4.982020785303,2.759999999999));
#11141=CARTESIAN_POINT('Ctrl Pts',(0.920171006927,-4.982020785303,2.759999999999));
#11142=CARTESIAN_POINT('Ctrl Pts',(0.920171006927,-4.982020785303,2.7480000000002));
#11143=CARTESIAN_POINT('Ctrl Pts',(0.971254395225,-4.982020785303,2.759999999999));
#11144=CARTESIAN_POINT('Ctrl Pts',(0.971254395225,-4.982020785303,2.7480000000002));
#11145=CARTESIAN_POINT('Ctrl Pts',(1.013094908744,-4.967001113783,2.759999999999));
#11146=CARTESIAN_POINT('Ctrl Pts',(1.013094908744,-4.967001113783,2.7480000000002));
#11147=CARTESIAN_POINT('Ctrl Pts',(1.045527496146,-4.936796719411,2.759999999999));
#11148=CARTESIAN_POINT('Ctrl Pts',(1.045527496146,-4.936796719411,2.7480000000002));
#11149=CARTESIAN_POINT('Ctrl Pts',(1.050396510541,-4.817629655267,2.759999999999));
#11150=CARTESIAN_POINT('Ctrl Pts',(1.050396510541,-4.817629655267,2.7480000000002));
#11151=CARTESIAN_POINT('Ctrl Pts',(1.050396510541,-4.777357129435,2.759999999999));
#11152=CARTESIAN_POINT('Ctrl Pts',(1.050396510541,-4.777357129435,2.7480000000002));
#11153=CARTESIAN_POINT('Ctrl Pts',(1.03859534006,-4.746987683725,2.759999999999));
#11154=CARTESIAN_POINT('Ctrl Pts',(1.03859534006,-4.746987683725,2.7480000000002));
#11155=CARTESIAN_POINT('Ctrl Pts',(1.014992999101,-4.726686369475,2.759999999999));
#11156=CARTESIAN_POINT('Ctrl Pts',(1.014992999101,-4.726686369475,2.7480000000002));
#11157=CARTESIAN_POINT('',(1.050396510541,-4.817629655267,2.75));
#11158=CARTESIAN_POINT('',(1.014992999101,-4.726686369475,2.75));
#11159=CARTESIAN_POINT('Origin',(-5.44642574838338,-10.2696051941004,2.75));
#11160=CARTESIAN_POINT('',(1.050396510541,-4.817629655267,2.759999999999));
#11161=CARTESIAN_POINT('',(1.014992999101,-4.726686369475,2.759999999999));
#11162=CARTESIAN_POINT('Ctrl Pts',(1.014992999101,-4.726686369475,2.759999999999));
#11163=CARTESIAN_POINT('Ctrl Pts',(1.014992999101,-4.726686369475,2.7480000000002));
#11164=CARTESIAN_POINT('Ctrl Pts',(0.991390658141,-4.706385055222,2.759999999999));
#11165=CARTESIAN_POINT('Ctrl Pts',(0.991390658141,-4.706385055222,2.7480000000002));
#11166=CARTESIAN_POINT('Ctrl Pts',(0.960278481422,-4.696316923764,2.759999999999));
#11167=CARTESIAN_POINT('Ctrl Pts',(0.960278481422,-4.696316923764,2.7480000000002));
#11168=CARTESIAN_POINT('Ctrl Pts',(0.921821520279,-4.696316923764,2.759999999999));
#11169=CARTESIAN_POINT('Ctrl Pts',(0.921821520279,-4.696316923764,2.7480000000002));
#11170=CARTESIAN_POINT('',(0.921821520279,-4.696316923764,2.75));
#11171=CARTESIAN_POINT('Origin',(-14.5726219483114,-25.6355927123339,2.75));
#11172=CARTESIAN_POINT('',(0.921821520279,-4.696316923764,2.759999999999));
#11173=CARTESIAN_POINT('Origin',(0.921821520279,-4.696316923764,2.759999999999));
#11174=CARTESIAN_POINT('',(0.873048850678,-4.696316923764,2.75));
#11175=CARTESIAN_POINT('',(0.921821520279,-4.696316923764,2.75));
#11176=CARTESIAN_POINT('',(0.873048850678,-4.696316923764,2.759999999999));
#11177=CARTESIAN_POINT('Origin',(0.873048850678,-4.696316923764,2.759999999999));
#11178=CARTESIAN_POINT('',(0.873048850678,-4.945214337514,2.75));
#11179=CARTESIAN_POINT('',(0.873048850678,-4.696316923764,2.75));
#11180=CARTESIAN_POINT('',(0.873048850678,-4.945214337514,2.759999999999));
#11181=CARTESIAN_POINT('Origin',(0.873048850678,-4.945214337514,2.759999999999));
#11182=CARTESIAN_POINT('',(0.919923429924,-4.945214337514,2.75));
#11183=CARTESIAN_POINT('',(0.873048850678,-4.945214337514,2.75));
#11184=CARTESIAN_POINT('',(0.919923429924,-4.945214337514,2.759999999999));
#11185=CARTESIAN_POINT('Ctrl Pts',(0.919923429924,-4.945214337514,2.759999999999));
#11186=CARTESIAN_POINT('Ctrl Pts',(0.919923429924,-4.945214337514,2.7480000000002));
#11187=CARTESIAN_POINT('Ctrl Pts',(0.960938686765,-4.945214337514,2.759999999999));
#11188=CARTESIAN_POINT('Ctrl Pts',(0.960938686765,-4.945214337514,2.7480000000002));
#11189=CARTESIAN_POINT('Ctrl Pts',(0.992958645829,-4.933990846708,2.759999999999));
#11190=CARTESIAN_POINT('Ctrl Pts',(0.992958645829,-4.933990846708,2.7480000000002));
#11191=CARTESIAN_POINT('Ctrl Pts',(1.015900781447,-4.911543865098,2.759999999999));
#11192=CARTESIAN_POINT('Ctrl Pts',(1.015900781447,-4.911543865098,2.7480000000002));
#11193=CARTESIAN_POINT('',(1.015900781447,-4.911543865098,2.75));
#11194=CARTESIAN_POINT('Origin',(-9.15282065210255,7.62255280806349,2.75));
#11195=CARTESIAN_POINT('',(1.015900781447,-4.911543865098,2.759999999999));
#11196=CARTESIAN_POINT('Ctrl Pts',(1.015900781447,-4.911543865098,2.759999999999));
#11197=CARTESIAN_POINT('Ctrl Pts',(1.015900781447,-4.911543865098,2.7480000000002));
#11198=CARTESIAN_POINT('Ctrl Pts',(1.038925442732,-4.889261934821,2.759999999999));
#11199=CARTESIAN_POINT('Ctrl Pts',(1.038925442732,-4.889261934821,2.7480000000002));
#11200=CARTESIAN_POINT('Ctrl Pts',(1.050396510541,-4.8579021811,2.759999999999));
#11201=CARTESIAN_POINT('Ctrl Pts',(1.050396510541,-4.8579021811,2.7480000000002));
#11202=CARTESIAN_POINT('Ctrl Pts',(1.050396510541,-4.817629655267,2.759999999999));
#11203=CARTESIAN_POINT('Ctrl Pts',(1.050396510541,-4.817629655267,2.7480000000002));
#11204=CARTESIAN_POINT('Origin',(-9.40336254845322,3.34901842791231,2.75));
#11205=CARTESIAN_POINT('Origin',(-3.95,-6.099999999999,2.75));
#11206=CARTESIAN_POINT('Ctrl Pts',(0.448784393088,-4.950330928912,2.759999999999));
#11207=CARTESIAN_POINT('Ctrl Pts',(0.448784393088,-4.950330928912,2.7480000000002));
#11208=CARTESIAN_POINT('Ctrl Pts',(0.414618766665,-4.950330928912,2.759999999999));
#11209=CARTESIAN_POINT('Ctrl Pts',(0.414618766665,-4.950330928912,2.7480000000002));
#11210=CARTESIAN_POINT('Ctrl Pts',(0.386972667989,-4.93894238677,2.759999999999));
#11211=CARTESIAN_POINT('Ctrl Pts',(0.386972667989,-4.93894238677,2.7480000000002));
#11212=CARTESIAN_POINT('Ctrl Pts',(0.365846097061,-4.916330353823,2.759999999999));
#11213=CARTESIAN_POINT('Ctrl Pts',(0.365846097061,-4.916330353823,2.7480000000002));
#11214=CARTESIAN_POINT('',(0.365846097061,-4.916330353823,2.759999999999));
#11215=CARTESIAN_POINT('',(0.365846097061,-4.916330353823,2.759999999999));
#11216=CARTESIAN_POINT('',(0.448784393088,-4.950330928912,2.759999999999));
#11217=CARTESIAN_POINT('Origin',(5.68374355318544,4.31213907823257,2.759999999999));
#11218=CARTESIAN_POINT('',(0.448784393088,-4.950330928912,2.759999999999));
#11219=CARTESIAN_POINT('Ctrl Pts',(0.365846097061,-4.916330353823,2.759999999999));
#11220=CARTESIAN_POINT('Ctrl Pts',(0.365846097061,-4.916330353823,2.7480000000002));
#11221=CARTESIAN_POINT('Ctrl Pts',(0.344719526132,-4.89355326954,2.759999999999));
#11222=CARTESIAN_POINT('Ctrl Pts',(0.344719526132,-4.89355326954,2.7480000000002));
#11223=CARTESIAN_POINT('Ctrl Pts',(0.334156240669,-4.86285372116,2.759999999999));
#11224=CARTESIAN_POINT('Ctrl Pts',(0.334156240669,-4.86285372116,2.7480000000002));
#11225=CARTESIAN_POINT('Ctrl Pts',(0.334156240669,-4.824231708682,2.759999999999));
#11226=CARTESIAN_POINT('Ctrl Pts',(0.334156240669,-4.824231708682,2.7480000000002));
#11227=CARTESIAN_POINT('',(0.334156240669,-4.824231708682,2.759999999999));
#11228=CARTESIAN_POINT('',(0.334156240669,-4.824231708682,2.759999999999));
#11229=CARTESIAN_POINT('Ctrl Pts',(0.365846097061,-4.916330353823,2.759999999999));
#11230=CARTESIAN_POINT('Ctrl Pts',(0.344719526132,-4.89355326954,2.759999999999));
#11231=CARTESIAN_POINT('Ctrl Pts',(0.334156240669,-4.86285372116,2.759999999999));
#11232=CARTESIAN_POINT('Ctrl Pts',(0.334156240669,-4.824231708682,2.759999999999));
#11233=CARTESIAN_POINT('Ctrl Pts',(0.334156240669,-4.824231708682,2.759999999999));
#11234=CARTESIAN_POINT('Ctrl Pts',(0.334156240669,-4.824231708682,2.7480000000002));
#11235=CARTESIAN_POINT('Ctrl Pts',(0.334156240669,-4.783629080179,2.759999999999));
#11236=CARTESIAN_POINT('Ctrl Pts',(0.334156240669,-4.783629080179,2.7480000000002));
#11237=CARTESIAN_POINT('Ctrl Pts',(0.345462257142,-4.751279018446,2.759999999999));
#11238=CARTESIAN_POINT('Ctrl Pts',(0.345462257142,-4.751279018446,2.7480000000002));
#11239=CARTESIAN_POINT('Ctrl Pts',(0.368074290089,-4.72718152348,2.759999999999));
#11240=CARTESIAN_POINT('Ctrl Pts',(0.368074290089,-4.72718152348,2.7480000000002));
#11241=CARTESIAN_POINT('',(0.368074290089,-4.72718152348,2.759999999999));
#11242=CARTESIAN_POINT('',(0.368074290089,-4.72718152348,2.759999999999));
#11243=CARTESIAN_POINT('Ctrl Pts',(0.334156240669,-4.824231708682,2.759999999999));
#11244=CARTESIAN_POINT('Ctrl Pts',(0.334156240669,-4.783629080179,2.759999999999));
#11245=CARTESIAN_POINT('Ctrl Pts',(0.345462257142,-4.751279018446,2.759999999999));
#11246=CARTESIAN_POINT('Ctrl Pts',(0.368074290089,-4.72718152348,2.759999999999));
#11247=CARTESIAN_POINT('Ctrl Pts',(0.368074290089,-4.72718152348,2.759999999999));
#11248=CARTESIAN_POINT('Ctrl Pts',(0.368074290089,-4.72718152348,2.7480000000002));
#11249=CARTESIAN_POINT('Ctrl Pts',(0.390768848703,-4.703249079851,2.759999999999));
#11250=CARTESIAN_POINT('Ctrl Pts',(0.390768848703,-4.703249079851,2.7480000000002));
#11251=CARTESIAN_POINT('Ctrl Pts',(0.420065460733,-4.691365383704,2.759999999999));
#11252=CARTESIAN_POINT('Ctrl Pts',(0.420065460733,-4.691365383704,2.7480000000002));
#11253=CARTESIAN_POINT('Ctrl Pts',(0.456046651845,-4.691365383704,2.759999999999));
#11254=CARTESIAN_POINT('Ctrl Pts',(0.456046651845,-4.691365383704,2.7480000000002));
#11255=CARTESIAN_POINT('',(0.456046651845,-4.691365383704,2.759999999999));
#11256=CARTESIAN_POINT('',(0.456046651845,-4.691365383704,2.759999999999));
#11257=CARTESIAN_POINT('Ctrl Pts',(0.368074290089,-4.72718152348,2.759999999999));
#11258=CARTESIAN_POINT('Ctrl Pts',(0.390768848703,-4.703249079851,2.759999999999));
#11259=CARTESIAN_POINT('Ctrl Pts',(0.420065460733,-4.691365383704,2.759999999999));
#11260=CARTESIAN_POINT('Ctrl Pts',(0.456046651845,-4.691365383704,2.759999999999));
#11261=CARTESIAN_POINT('Ctrl Pts',(0.456046651845,-4.691365383704,2.759999999999));
#11262=CARTESIAN_POINT('Ctrl Pts',(0.456046651845,-4.691365383704,2.7480000000002));
#11263=CARTESIAN_POINT('Ctrl Pts',(0.48369275052,-4.691365383704,2.759999999999));
#11264=CARTESIAN_POINT('Ctrl Pts',(0.48369275052,-4.691365383704,2.7480000000002));
#11265=CARTESIAN_POINT('Ctrl Pts',(0.509028130501,-4.697637334448,2.759999999999));
#11266=CARTESIAN_POINT('Ctrl Pts',(0.509028130501,-4.697637334448,2.7480000000002));
#11267=CARTESIAN_POINT('Ctrl Pts',(0.532135317454,-4.710511338606,2.759999999999));
#11268=CARTESIAN_POINT('Ctrl Pts',(0.532135317454,-4.710511338606,2.7480000000002));
#11269=CARTESIAN_POINT('',(0.532135317454,-4.710511338606,2.759999999999));
#11270=CARTESIAN_POINT('',(0.532135317454,-4.710511338606,2.759999999999));
#11271=CARTESIAN_POINT('Ctrl Pts',(0.456046651845,-4.691365383704,2.759999999999));
#11272=CARTESIAN_POINT('Ctrl Pts',(0.48369275052,-4.691365383704,2.759999999999));
#11273=CARTESIAN_POINT('Ctrl Pts',(0.509028130501,-4.697637334448,2.759999999999));
#11274=CARTESIAN_POINT('Ctrl Pts',(0.532135317454,-4.710511338606,2.759999999999));
#11275=CARTESIAN_POINT('Origin',(0.532135317454,-4.666937786068,2.759999999999));
#11276=CARTESIAN_POINT('',(0.532135317454,-4.666937786068,2.759999999999));
#11277=CARTESIAN_POINT('',(0.532135317454,-4.666937786068,2.759999999999));
#11278=CARTESIAN_POINT('',(0.532135317454,-4.666937786068,2.759999999999));
#11279=CARTESIAN_POINT('Ctrl Pts',(0.532135317454,-4.666937786068,2.759999999999));
#11280=CARTESIAN_POINT('Ctrl Pts',(0.532135317454,-4.666937786068,2.7480000000002));
#11281=CARTESIAN_POINT('Ctrl Pts',(0.511999054538,-4.658190065292,2.759999999999));
#11282=CARTESIAN_POINT('Ctrl Pts',(0.511999054538,-4.658190065292,2.7480000000002));
#11283=CARTESIAN_POINT('Ctrl Pts',(0.486498623222,-4.653733679237,2.759999999999));
#11284=CARTESIAN_POINT('Ctrl Pts',(0.486498623222,-4.653733679237,2.7480000000002));
#11285=CARTESIAN_POINT('Ctrl Pts',(0.455634023506,-4.653733679237,2.759999999999));
#11286=CARTESIAN_POINT('Ctrl Pts',(0.455634023506,-4.653733679237,2.7480000000002));
#11287=CARTESIAN_POINT('',(0.455634023506,-4.653733679237,2.759999999999));
#11288=CARTESIAN_POINT('',(0.455634023506,-4.653733679237,2.759999999999));
#11289=CARTESIAN_POINT('Origin',(-1.35777380759169,-6.21643847535814,2.759999999999));
#11290=CARTESIAN_POINT('Ctrl Pts',(0.455634023506,-4.653733679237,2.759999999999));
#11291=CARTESIAN_POINT('Ctrl Pts',(0.455634023506,-4.653733679237,2.7480000000002));
#11292=CARTESIAN_POINT('Ctrl Pts',(0.40768661058,-4.653733679237,2.759999999999));
#11293=CARTESIAN_POINT('Ctrl Pts',(0.40768661058,-4.653733679237,2.7480000000002));
#11294=CARTESIAN_POINT('Ctrl Pts',(0.368156815757,-4.669578607433,2.759999999999));
#11295=CARTESIAN_POINT('Ctrl Pts',(0.368156815757,-4.669578607433,2.7480000000002));
#11296=CARTESIAN_POINT('Ctrl Pts',(0.337044639037,-4.701268463827,2.759999999999));
#11297=CARTESIAN_POINT('Ctrl Pts',(0.337044639037,-4.701268463827,2.7480000000002));
#11298=CARTESIAN_POINT('',(0.337044639037,-4.701268463827,2.759999999999));
#11299=CARTESIAN_POINT('',(0.337044639037,-4.701268463827,2.759999999999));
#11300=CARTESIAN_POINT('Ctrl Pts',(0.455634023506,-4.653733679237,2.759999999999));
#11301=CARTESIAN_POINT('Ctrl Pts',(0.40768661058,-4.653733679237,2.759999999999));
#11302=CARTESIAN_POINT('Ctrl Pts',(0.368156815757,-4.669578607433,2.759999999999));
#11303=CARTESIAN_POINT('Ctrl Pts',(0.337044639037,-4.701268463827,2.759999999999));
#11304=CARTESIAN_POINT('Ctrl Pts',(0.337044639037,-4.701268463827,2.759999999999));
#11305=CARTESIAN_POINT('Ctrl Pts',(0.337044639037,-4.701268463827,2.7480000000002));
#11306=CARTESIAN_POINT('Ctrl Pts',(0.305932462319,-4.732958320218,2.759999999999));
#11307=CARTESIAN_POINT('Ctrl Pts',(0.305932462319,-4.732958320218,2.7480000000002));
#11308=CARTESIAN_POINT('Ctrl Pts',(0.290417636793,-4.77471630807,2.759999999999));
#11309=CARTESIAN_POINT('Ctrl Pts',(0.290417636793,-4.77471630807,2.7480000000002));
#11310=CARTESIAN_POINT('Ctrl Pts',(0.290417636793,-4.826707478714,2.759999999999));
#11311=CARTESIAN_POINT('Ctrl Pts',(0.290417636793,-4.826707478714,2.7480000000002));
#11312=CARTESIAN_POINT('',(0.290417636793,-4.826707478714,2.759999999999));
#11313=CARTESIAN_POINT('',(0.290417636793,-4.826707478714,2.759999999999));
#11314=CARTESIAN_POINT('Ctrl Pts',(0.337044639037,-4.701268463827,2.759999999999));
#11315=CARTESIAN_POINT('Ctrl Pts',(0.305932462319,-4.732958320218,2.759999999999));
#11316=CARTESIAN_POINT('Ctrl Pts',(0.290417636793,-4.77471630807,2.759999999999));
#11317=CARTESIAN_POINT('Ctrl Pts',(0.290417636793,-4.826707478714,2.759999999999));
#11318=CARTESIAN_POINT('Ctrl Pts',(0.290417636793,-4.826707478714,2.759999999999));
#11319=CARTESIAN_POINT('Ctrl Pts',(0.290417636793,-4.826707478714,2.7480000000002));
#11320=CARTESIAN_POINT('Ctrl Pts',(0.290417636793,-4.875067519979,2.759999999999));
#11321=CARTESIAN_POINT('Ctrl Pts',(0.290417636793,-4.875067519979,2.7480000000002));
#11322=CARTESIAN_POINT('Ctrl Pts',(0.304199423297,-4.914019635128,2.759999999999));
#11323=CARTESIAN_POINT('Ctrl Pts',(0.304199423297,-4.914019635128,2.7480000000002));
#11324=CARTESIAN_POINT('Ctrl Pts',(0.331845521973,-4.943398772825,2.759999999999));
#11325=CARTESIAN_POINT('Ctrl Pts',(0.331845521973,-4.943398772825,2.7480000000002));
#11326=CARTESIAN_POINT('',(0.331845521973,-4.943398772825,2.759999999999));
#11327=CARTESIAN_POINT('',(0.331845521973,-4.943398772825,2.759999999999));
#11328=CARTESIAN_POINT('Origin',(14.2549481976577,4.75517093902253,2.759999999999));
#11329=CARTESIAN_POINT('Ctrl Pts',(0.331845521973,-4.943398772825,2.759999999999));
#11330=CARTESIAN_POINT('Ctrl Pts',(0.331845521973,-4.943398772825,2.7480000000002));
#11331=CARTESIAN_POINT('Ctrl Pts',(0.359491620649,-4.972777910521,2.759999999999));
#11332=CARTESIAN_POINT('Ctrl Pts',(0.359491620649,-4.972777910521,2.7480000000002));
#11333=CARTESIAN_POINT('Ctrl Pts',(0.396463119773,-4.987467479371,2.759999999999));
#11334=CARTESIAN_POINT('Ctrl Pts',(0.396463119773,-4.987467479371,2.7480000000002));
#11335=CARTESIAN_POINT('Ctrl Pts',(0.442760019347,-4.987467479371,2.759999999999));
#11336=CARTESIAN_POINT('Ctrl Pts',(0.442760019347,-4.987467479371,2.7480000000002));
#11337=CARTESIAN_POINT('',(0.442760019347,-4.987467479371,2.759999999999));
#11338=CARTESIAN_POINT('',(0.442760019347,-4.987467479371,2.759999999999));
#11339=CARTESIAN_POINT('Ctrl Pts',(0.331845521973,-4.943398772825,2.759999999999));
#11340=CARTESIAN_POINT('Ctrl Pts',(0.359491620649,-4.972777910521,2.759999999999));
#11341=CARTESIAN_POINT('Ctrl Pts',(0.396463119773,-4.987467479371,2.759999999999));
#11342=CARTESIAN_POINT('Ctrl Pts',(0.442760019347,-4.987467479371,2.759999999999));
#11343=CARTESIAN_POINT('Ctrl Pts',(0.442760019347,-4.987467479371,2.759999999999));
#11344=CARTESIAN_POINT('Ctrl Pts',(0.442760019347,-4.987467479371,2.7480000000002));
#11345=CARTESIAN_POINT('Ctrl Pts',(0.478576159124,-4.987467479371,2.759999999999));
#11346=CARTESIAN_POINT('Ctrl Pts',(0.478576159124,-4.987467479371,2.7480000000002));
#11347=CARTESIAN_POINT('Ctrl Pts',(0.50836792516,-4.981195528627,2.759999999999));
#11348=CARTESIAN_POINT('Ctrl Pts',(0.50836792516,-4.981195528627,2.7480000000002));
#11349=CARTESIAN_POINT('Ctrl Pts',(0.532135317454,-4.968651627137,2.759999999999));
#11350=CARTESIAN_POINT('Ctrl Pts',(0.532135317454,-4.968651627137,2.7480000000002));
#11351=CARTESIAN_POINT('',(0.532135317454,-4.968651627137,2.759999999999));
#11352=CARTESIAN_POINT('',(0.532135317454,-4.968651627137,2.759999999999));
#11353=CARTESIAN_POINT('Ctrl Pts',(0.442760019347,-4.987467479371,2.759999999999));
#11354=CARTESIAN_POINT('Ctrl Pts',(0.478576159124,-4.987467479371,2.759999999999));
#11355=CARTESIAN_POINT('Ctrl Pts',(0.50836792516,-4.981195528627,2.759999999999));
#11356=CARTESIAN_POINT('Ctrl Pts',(0.532135317454,-4.968651627137,2.759999999999));
#11357=CARTESIAN_POINT('Origin',(0.532135317454,-4.928709203975,2.759999999999));
#11358=CARTESIAN_POINT('',(0.532135317454,-4.928709203975,2.759999999999));
#11359=CARTESIAN_POINT('',(0.532135317454,-4.928709203975,2.759999999999));
#11360=CARTESIAN_POINT('',(0.532135317454,-4.928709203975,2.759999999999));
#11361=CARTESIAN_POINT('Ctrl Pts',(0.532135317454,-4.928709203975,2.759999999999));
#11362=CARTESIAN_POINT('Ctrl Pts',(0.532135317454,-4.928709203975,2.7480000000002));
#11363=CARTESIAN_POINT('Ctrl Pts',(0.508532976495,-4.943068670154,2.759999999999));
#11364=CARTESIAN_POINT('Ctrl Pts',(0.508532976495,-4.943068670154,2.7480000000002));
#11365=CARTESIAN_POINT('Ctrl Pts',(0.480721826483,-4.950330928912,2.759999999999));
#11366=CARTESIAN_POINT('Ctrl Pts',(0.480721826483,-4.950330928912,2.7480000000002));
#11367=CARTESIAN_POINT('Ctrl Pts',(0.448784393088,-4.950330928912,2.759999999999));
#11368=CARTESIAN_POINT('Ctrl Pts',(0.448784393088,-4.950330928912,2.7480000000002));
#11369=CARTESIAN_POINT('Origin',(-1.17494397945365,-2.00536473234046,2.759999999999));
#11370=CARTESIAN_POINT('Origin',(0.402425599264,-4.941810153722,2.759999999999));
#11371=CARTESIAN_POINT('Origin',(0.,0.,2.759999999999));
#11372=CARTESIAN_POINT('',(1.683946061388,-5.171334666981,2.759999999999));
#11373=CARTESIAN_POINT('',(1.639382200834,-5.171334666981,2.759999999999));
#11374=CARTESIAN_POINT('',(1.639382200834,-5.171334666981,2.759999999999));
#11375=CARTESIAN_POINT('',(1.516418955977,-5.494175078979,2.759999999999));
#11376=CARTESIAN_POINT('',(1.516418955977,-5.494175078979,2.759999999999));
#11377=CARTESIAN_POINT('',(1.562468278547,-5.494175078979,2.759999999999));
#11378=CARTESIAN_POINT('',(1.562468278547,-5.494175078979,2.759999999999));
#11379=CARTESIAN_POINT('',(1.593497929598,-5.405872614554,2.759999999999));
#11380=CARTESIAN_POINT('',(1.593497929598,-5.405872614554,2.759999999999));
#11381=CARTESIAN_POINT('',(1.727932242264,-5.405872614554,2.759999999999));
#11382=CARTESIAN_POINT('',(1.727932242264,-5.405872614554,2.759999999999));
#11383=CARTESIAN_POINT('',(1.760859983674,-5.494175078979,2.759999999999));
#11384=CARTESIAN_POINT('',(1.760859983674,-5.494175078979,2.759999999999));
#11385=CARTESIAN_POINT('',(1.806909306243,-5.494175078979,2.759999999999));
#11386=CARTESIAN_POINT('',(1.806909306243,-5.494175078979,2.759999999999));
#11387=CARTESIAN_POINT('',(1.683946061388,-5.171334666981,2.759999999999));
#11388=CARTESIAN_POINT('',(1.660261194759,-5.212597500827,2.759999999999));
#11389=CARTESIAN_POINT('',(1.654979552027,-5.235209533772,2.759999999999));
#11390=CARTESIAN_POINT('Ctrl Pts',(1.660261194759,-5.212597500827,2.759999999999));
#11391=CARTESIAN_POINT('Ctrl Pts',(1.658693207073,-5.222335529614,2.759999999999));
#11392=CARTESIAN_POINT('Ctrl Pts',(1.656960168053,-5.229927891042,2.759999999999));
#11393=CARTESIAN_POINT('Ctrl Pts',(1.654979552027,-5.235209533772,2.759999999999));
#11394=CARTESIAN_POINT('',(1.661251502773,-5.212597500827,2.759999999999));
#11395=CARTESIAN_POINT('',(1.661251502773,-5.212597500827,2.759999999999));
#11396=CARTESIAN_POINT('',(1.6662855685,-5.235209533772,2.759999999999));
#11397=CARTESIAN_POINT('Ctrl Pts',(1.6662855685,-5.235209533772,2.759999999999));
#11398=CARTESIAN_POINT('Ctrl Pts',(1.664717580816,-5.230753147717,2.759999999999));
#11399=CARTESIAN_POINT('Ctrl Pts',(1.66306706746,-5.223325837625,2.759999999999));
#11400=CARTESIAN_POINT('Ctrl Pts',(1.661251502773,-5.212597500827,2.759999999999));
#11401=CARTESIAN_POINT('',(1.715058238106,-5.369396269435,2.759999999999));
#11402=CARTESIAN_POINT('',(1.715058238106,-5.369396269435,2.759999999999));
#11403=CARTESIAN_POINT('',(1.606702036431,-5.369396269435,2.759999999999));
#11404=CARTESIAN_POINT('',(1.606702036431,-5.369396269435,2.759999999999));
#11405=CARTESIAN_POINT('',(1.654979552027,-5.235209533772,2.759999999999));
#11406=CARTESIAN_POINT('Origin',(1.639382200834,-5.171334666981,2.759999999999));
#11407=CARTESIAN_POINT('',(1.639382200834,-5.171334666981,2.759999999999));
#11408=CARTESIAN_POINT('',(1.683946061388,-5.171334666981,2.759999999999));
#11409=CARTESIAN_POINT('Origin',(1.516418955977,-5.494175078979,2.759999999999));
#11410=CARTESIAN_POINT('',(1.516418955977,-5.494175078979,2.759999999999));
#11411=CARTESIAN_POINT('Origin',(1.562468278547,-5.494175078979,2.759999999999));
#11412=CARTESIAN_POINT('',(1.562468278547,-5.494175078979,2.759999999999));
#11413=CARTESIAN_POINT('Origin',(1.593497929598,-5.405872614554,2.759999999999));
#11414=CARTESIAN_POINT('',(1.593497929598,-5.405872614554,2.759999999999));
#11415=CARTESIAN_POINT('Origin',(1.727932242264,-5.405872614554,2.759999999999));
#11416=CARTESIAN_POINT('',(1.727932242264,-5.405872614554,2.759999999999));
#11417=CARTESIAN_POINT('Origin',(1.760859983674,-5.494175078979,2.759999999999));
#11418=CARTESIAN_POINT('',(1.760859983674,-5.494175078979,2.759999999999));
#11419=CARTESIAN_POINT('Origin',(1.806909306243,-5.494175078979,2.759999999999));
#11420=CARTESIAN_POINT('',(1.806909306243,-5.494175078979,2.759999999999));
#11421=CARTESIAN_POINT('Origin',(1.683946061388,-5.171334666981,2.759999999999));
#11422=CARTESIAN_POINT('Ctrl Pts',(1.660261194759,-5.212597500827,2.759999999999));
#11423=CARTESIAN_POINT('Ctrl Pts',(1.660261194759,-5.212597500827,2.7480000000002));
#11424=CARTESIAN_POINT('Ctrl Pts',(1.658693207073,-5.222335529614,2.759999999999));
#11425=CARTESIAN_POINT('Ctrl Pts',(1.658693207073,-5.222335529614,2.7480000000002));
#11426=CARTESIAN_POINT('Ctrl Pts',(1.656960168053,-5.229927891042,2.759999999999));
#11427=CARTESIAN_POINT('Ctrl Pts',(1.656960168053,-5.229927891042,2.7480000000002));
#11428=CARTESIAN_POINT('Ctrl Pts',(1.654979552027,-5.235209533772,2.759999999999));
#11429=CARTESIAN_POINT('Ctrl Pts',(1.654979552027,-5.235209533772,2.7480000000002));
#11430=CARTESIAN_POINT('',(1.660261194759,-5.212597500827,2.75));
#11431=CARTESIAN_POINT('',(1.654979552027,-5.235209533772,2.75));
#11432=CARTESIAN_POINT('Ctrl Pts',(1.660261194759,-5.212597500827,2.75));
#11433=CARTESIAN_POINT('Ctrl Pts',(1.658693207073,-5.222335529614,2.75));
#11434=CARTESIAN_POINT('Ctrl Pts',(1.656960168053,-5.229927891042,2.75));
#11435=CARTESIAN_POINT('Ctrl Pts',(1.654979552027,-5.235209533772,2.75));
#11436=CARTESIAN_POINT('',(1.660261194759,-5.212597500827,2.759999999999));
#11437=CARTESIAN_POINT('',(1.654979552027,-5.235209533772,2.759999999999));
#11438=CARTESIAN_POINT('Origin',(1.654979552027,-5.235209533772,2.759999999999));
#11439=CARTESIAN_POINT('',(1.606702036431,-5.369396269435,2.75));
#11440=CARTESIAN_POINT('',(1.654979552027,-5.235209533772,2.75));
#11441=CARTESIAN_POINT('',(1.606702036431,-5.369396269435,2.759999999999));
#11442=CARTESIAN_POINT('Origin',(1.606702036431,-5.369396269435,2.759999999999));
#11443=CARTESIAN_POINT('',(1.715058238106,-5.369396269435,2.75));
#11444=CARTESIAN_POINT('',(1.606702036431,-5.369396269435,2.75));
#11445=CARTESIAN_POINT('',(1.715058238106,-5.369396269435,2.759999999999));
#11446=CARTESIAN_POINT('Origin',(1.715058238106,-5.369396269435,2.759999999999));
#11447=CARTESIAN_POINT('',(1.6662855685,-5.235209533772,2.75));
#11448=CARTESIAN_POINT('',(1.715058238106,-5.369396269435,2.75));
#11449=CARTESIAN_POINT('',(1.6662855685,-5.235209533772,2.759999999999));
#11450=CARTESIAN_POINT('Ctrl Pts',(1.6662855685,-5.235209533772,2.759999999999));
#11451=CARTESIAN_POINT('Ctrl Pts',(1.6662855685,-5.235209533772,2.7480000000002));
#11452=CARTESIAN_POINT('Ctrl Pts',(1.664717580816,-5.230753147717,2.759999999999));
#11453=CARTESIAN_POINT('Ctrl Pts',(1.664717580816,-5.230753147717,2.7480000000002));
#11454=CARTESIAN_POINT('Ctrl Pts',(1.66306706746,-5.223325837625,2.759999999999));
#11455=CARTESIAN_POINT('Ctrl Pts',(1.66306706746,-5.223325837625,2.7480000000002));
#11456=CARTESIAN_POINT('Ctrl Pts',(1.661251502773,-5.212597500827,2.759999999999));
#11457=CARTESIAN_POINT('Ctrl Pts',(1.661251502773,-5.212597500827,2.7480000000002));
#11458=CARTESIAN_POINT('',(1.661251502773,-5.212597500827,2.75));
#11459=CARTESIAN_POINT('Ctrl Pts',(1.6662855685,-5.235209533772,2.75));
#11460=CARTESIAN_POINT('Ctrl Pts',(1.664717580816,-5.230753147717,2.75));
#11461=CARTESIAN_POINT('Ctrl Pts',(1.66306706746,-5.223325837625,2.75));
#11462=CARTESIAN_POINT('Ctrl Pts',(1.661251502773,-5.212597500827,2.75));
#11463=CARTESIAN_POINT('',(1.661251502773,-5.212597500827,2.759999999999));
#11464=CARTESIAN_POINT('Origin',(1.661251502773,-5.212597500827,2.759999999999));
#11465=CARTESIAN_POINT('',(1.661251502773,-5.212597500827,2.75));
#11466=CARTESIAN_POINT('Origin',(-3.95,-6.099999999999,2.75));
#11467=CARTESIAN_POINT('Origin',(1.042721623446,-5.45736863119,2.759999999999));
#11468=CARTESIAN_POINT('',(1.042721623446,-5.45736863119,2.759999999999));
#11469=CARTESIAN_POINT('',(1.042721623446,-5.45736863119,2.759999999999));
#11470=CARTESIAN_POINT('',(1.17468016608,-5.45736863119,2.759999999999));
#11471=CARTESIAN_POINT('',(1.042721623446,-5.45736863119,2.759999999999));
#11472=CARTESIAN_POINT('',(1.17468016608,-5.45736863119,2.759999999999));
#11473=CARTESIAN_POINT('Origin',(1.042721623446,-5.348764852512,2.759999999999));
#11474=CARTESIAN_POINT('',(1.042721623446,-5.348764852512,2.759999999999));
#11475=CARTESIAN_POINT('',(1.042721623446,-5.348764852512,2.759999999999));
#11476=CARTESIAN_POINT('',(1.042721623446,-5.348764852512,2.759999999999));
#11477=CARTESIAN_POINT('Origin',(1.158175032541,-5.348764852512,2.759999999999));
#11478=CARTESIAN_POINT('',(1.158175032541,-5.348764852512,2.759999999999));
#11479=CARTESIAN_POINT('',(1.158175032541,-5.348764852512,2.759999999999));
#11480=CARTESIAN_POINT('',(1.158175032541,-5.348764852512,2.759999999999));
#11481=CARTESIAN_POINT('Origin',(1.158175032541,-5.311793353388,2.759999999999));
#11482=CARTESIAN_POINT('',(1.158175032541,-5.311793353388,2.759999999999));
#11483=CARTESIAN_POINT('',(1.158175032541,-5.311793353388,2.759999999999));
#11484=CARTESIAN_POINT('',(1.158175032541,-5.311793353388,2.759999999999));
#11485=CARTESIAN_POINT('Origin',(1.042721623446,-5.311793353388,2.759999999999));
#11486=CARTESIAN_POINT('',(1.042721623446,-5.311793353388,2.759999999999));
#11487=CARTESIAN_POINT('',(1.042721623446,-5.311793353388,2.759999999999));
#11488=CARTESIAN_POINT('',(1.042721623446,-5.311793353388,2.759999999999));
#11489=CARTESIAN_POINT('Origin',(1.042721623446,-5.20847121744,2.759999999999));
#11490=CARTESIAN_POINT('',(1.042721623446,-5.20847121744,2.759999999999));
#11491=CARTESIAN_POINT('',(1.042721623446,-5.20847121744,2.759999999999));
#11492=CARTESIAN_POINT('',(1.042721623446,-5.20847121744,2.759999999999));
#11493=CARTESIAN_POINT('Origin',(1.167335381655,-5.20847121744,2.759999999999));
#11494=CARTESIAN_POINT('',(1.167335381655,-5.20847121744,2.759999999999));
#11495=CARTESIAN_POINT('',(1.167335381655,-5.20847121744,2.759999999999));
#11496=CARTESIAN_POINT('',(1.167335381655,-5.20847121744,2.759999999999));
#11497=CARTESIAN_POINT('Origin',(1.167335381655,-5.171334666981,2.759999999999));
#11498=CARTESIAN_POINT('',(1.167335381655,-5.171334666981,2.759999999999));
#11499=CARTESIAN_POINT('',(1.167335381655,-5.171334666981,2.759999999999));
#11500=CARTESIAN_POINT('',(1.167335381655,-5.171334666981,2.759999999999));
#11501=CARTESIAN_POINT('Origin',(1.001046161262,-5.171334666981,2.759999999999));
#11502=CARTESIAN_POINT('',(1.001046161262,-5.171334666981,2.759999999999));
#11503=CARTESIAN_POINT('',(1.001046161262,-5.171334666981,2.759999999999));
#11504=CARTESIAN_POINT('',(1.001046161262,-5.171334666981,2.759999999999));
#11505=CARTESIAN_POINT('Origin',(1.001046161262,-5.494175078979,2.759999999999));
#11506=CARTESIAN_POINT('',(1.001046161262,-5.494175078979,2.759999999999));
#11507=CARTESIAN_POINT('',(1.001046161262,-5.494175078979,2.759999999999));
#11508=CARTESIAN_POINT('',(1.001046161262,-5.494175078979,2.759999999999));
#11509=CARTESIAN_POINT('Origin',(1.17468016608,-5.494175078979,2.759999999999));
#11510=CARTESIAN_POINT('',(1.17468016608,-5.494175078979,2.759999999999));
#11511=CARTESIAN_POINT('',(1.17468016608,-5.494175078979,2.759999999999));
#11512=CARTESIAN_POINT('',(1.17468016608,-5.494175078979,2.759999999999));
#11513=CARTESIAN_POINT('Origin',(1.17468016608,-5.45736863119,2.759999999999));
#11514=CARTESIAN_POINT('',(1.17468016608,-5.45736863119,2.759999999999));
#11515=CARTESIAN_POINT('Origin',(0.,0.,2.759999999999));
#11516=CARTESIAN_POINT('Origin',(0.148638539704,-5.45736863119,2.759999999999));
#11517=CARTESIAN_POINT('',(0.148638539704,-5.45736863119,2.759999999999));
#11518=CARTESIAN_POINT('',(0.148638539704,-5.45736863119,2.759999999999));
#11519=CARTESIAN_POINT('',(0.280597082338,-5.45736863119,2.759999999999));
#11520=CARTESIAN_POINT('',(0.148638539704,-5.45736863119,2.759999999999));
#11521=CARTESIAN_POINT('',(0.280597082338,-5.45736863119,2.759999999999));
#11522=CARTESIAN_POINT('Origin',(0.148638539704,-5.348764852512,2.759999999999));
#11523=CARTESIAN_POINT('',(0.148638539704,-5.348764852512,2.759999999999));
#11524=CARTESIAN_POINT('',(0.148638539704,-5.348764852512,2.759999999999));
#11525=CARTESIAN_POINT('',(0.148638539704,-5.348764852512,2.759999999999));
#11526=CARTESIAN_POINT('Origin',(0.264091948801,-5.348764852512,2.759999999999));
#11527=CARTESIAN_POINT('',(0.264091948801,-5.348764852512,2.759999999999));
#11528=CARTESIAN_POINT('',(0.264091948801,-5.348764852512,2.759999999999));
#11529=CARTESIAN_POINT('',(0.264091948801,-5.348764852512,2.759999999999));
#11530=CARTESIAN_POINT('Origin',(0.264091948801,-5.311793353388,2.759999999999));
#11531=CARTESIAN_POINT('',(0.264091948801,-5.311793353388,2.759999999999));
#11532=CARTESIAN_POINT('',(0.264091948801,-5.311793353388,2.759999999999));
#11533=CARTESIAN_POINT('',(0.264091948801,-5.311793353388,2.759999999999));
#11534=CARTESIAN_POINT('Origin',(0.148638539704,-5.311793353388,2.759999999999));
#11535=CARTESIAN_POINT('',(0.148638539704,-5.311793353388,2.759999999999));
#11536=CARTESIAN_POINT('',(0.148638539704,-5.311793353388,2.759999999999));
#11537=CARTESIAN_POINT('',(0.148638539704,-5.311793353388,2.759999999999));
#11538=CARTESIAN_POINT('Origin',(0.148638539704,-5.208471217441,2.759999999999));
#11539=CARTESIAN_POINT('',(0.148638539704,-5.208471217441,2.759999999999));
#11540=CARTESIAN_POINT('',(0.148638539704,-5.208471217441,2.759999999999));
#11541=CARTESIAN_POINT('',(0.148638539704,-5.208471217441,2.759999999999));
#11542=CARTESIAN_POINT('Origin',(0.273252297914,-5.208471217441,2.759999999999));
#11543=CARTESIAN_POINT('',(0.273252297914,-5.208471217441,2.759999999999));
#11544=CARTESIAN_POINT('',(0.273252297914,-5.208471217441,2.759999999999));
#11545=CARTESIAN_POINT('',(0.273252297914,-5.208471217441,2.759999999999));
#11546=CARTESIAN_POINT('Origin',(0.273252297914,-5.171334666981,2.759999999999));
#11547=CARTESIAN_POINT('',(0.273252297914,-5.171334666981,2.759999999999));
#11548=CARTESIAN_POINT('',(0.273252297914,-5.171334666981,2.759999999999));
#11549=CARTESIAN_POINT('',(0.273252297914,-5.171334666981,2.759999999999));
#11550=CARTESIAN_POINT('Origin',(0.106963077521,-5.171334666981,2.759999999999));
#11551=CARTESIAN_POINT('',(0.106963077521,-5.171334666981,2.759999999999));
#11552=CARTESIAN_POINT('',(0.106963077521,-5.171334666981,2.759999999999));
#11553=CARTESIAN_POINT('',(0.106963077521,-5.171334666981,2.759999999999));
#11554=CARTESIAN_POINT('Origin',(0.106963077521,-5.494175078979,2.759999999999));
#11555=CARTESIAN_POINT('',(0.106963077521,-5.494175078979,2.759999999999));
#11556=CARTESIAN_POINT('',(0.106963077521,-5.494175078979,2.759999999999));
#11557=CARTESIAN_POINT('',(0.106963077521,-5.494175078979,2.759999999999));
#11558=CARTESIAN_POINT('Origin',(0.280597082338,-5.494175078979,2.759999999999));
#11559=CARTESIAN_POINT('',(0.280597082338,-5.494175078979,2.759999999999));
#11560=CARTESIAN_POINT('',(0.280597082338,-5.494175078979,2.759999999999));
#11561=CARTESIAN_POINT('',(0.280597082338,-5.494175078979,2.759999999999));
#11562=CARTESIAN_POINT('Origin',(0.280597082338,-5.45736863119,2.759999999999));
#11563=CARTESIAN_POINT('',(0.280597082338,-5.45736863119,2.759999999999));
#11564=CARTESIAN_POINT('Origin',(0.,0.,2.759999999999));
#11565=CARTESIAN_POINT('Origin',(0.,0.,2.759999999999));
#11566=CARTESIAN_POINT('',(1.279652815379,-4.659180373305,2.759999999999));
#11567=CARTESIAN_POINT('',(1.235088954827,-4.659180373305,2.759999999999));
#11568=CARTESIAN_POINT('',(1.235088954827,-4.659180373305,2.759999999999));
#11569=CARTESIAN_POINT('',(1.112125709972,-4.982020785303,2.759999999999));
#11570=CARTESIAN_POINT('',(1.112125709972,-4.982020785303,2.759999999999));
#11571=CARTESIAN_POINT('',(1.158175032541,-4.982020785303,2.759999999999));
#11572=CARTESIAN_POINT('',(1.158175032541,-4.982020785303,2.759999999999));
#11573=CARTESIAN_POINT('',(1.189204683592,-4.893718320875,2.759999999999));
#11574=CARTESIAN_POINT('',(1.189204683592,-4.893718320875,2.759999999999));
#11575=CARTESIAN_POINT('',(1.323638996258,-4.893718320875,2.759999999999));
#11576=CARTESIAN_POINT('',(1.323638996258,-4.893718320875,2.759999999999));
#11577=CARTESIAN_POINT('',(1.356566737665,-4.982020785303,2.759999999999));
#11578=CARTESIAN_POINT('',(1.356566737665,-4.982020785303,2.759999999999));
#11579=CARTESIAN_POINT('',(1.402616060236,-4.982020785303,2.759999999999));
#11580=CARTESIAN_POINT('',(1.402616060236,-4.982020785303,2.759999999999));
#11581=CARTESIAN_POINT('',(1.279652815379,-4.659180373305,2.759999999999));
#11582=CARTESIAN_POINT('',(1.255967948753,-4.700443207149,2.759999999999));
#11583=CARTESIAN_POINT('',(1.25068630602,-4.723055240096,2.759999999999));
#11584=CARTESIAN_POINT('Ctrl Pts',(1.255967948753,-4.700443207149,2.759999999999));
#11585=CARTESIAN_POINT('Ctrl Pts',(1.254399961066,-4.710181235936,2.759999999999));
#11586=CARTESIAN_POINT('Ctrl Pts',(1.252666922045,-4.717773597363,2.759999999999));
#11587=CARTESIAN_POINT('Ctrl Pts',(1.25068630602,-4.723055240096,2.759999999999));
#11588=CARTESIAN_POINT('',(1.256958256764,-4.700443207149,2.759999999999));
#11589=CARTESIAN_POINT('',(1.256958256764,-4.700443207149,2.759999999999));
#11590=CARTESIAN_POINT('',(1.261992322494,-4.723055240096,2.759999999999));
#11591=CARTESIAN_POINT('Ctrl Pts',(1.261992322494,-4.723055240096,2.759999999999));
#11592=CARTESIAN_POINT('Ctrl Pts',(1.260424334807,-4.718598854041,2.759999999999));
#11593=CARTESIAN_POINT('Ctrl Pts',(1.258773821453,-4.711171543949,2.759999999999));
#11594=CARTESIAN_POINT('Ctrl Pts',(1.256958256764,-4.700443207149,2.759999999999));
#11595=CARTESIAN_POINT('',(1.310764992097,-4.857241975757,2.759999999999));
#11596=CARTESIAN_POINT('',(1.310764992097,-4.857241975757,2.759999999999));
#11597=CARTESIAN_POINT('',(1.202408790422,-4.857241975757,2.759999999999));
#11598=CARTESIAN_POINT('',(1.202408790422,-4.857241975757,2.759999999999));
#11599=CARTESIAN_POINT('',(1.25068630602,-4.723055240096,2.759999999999));
#11600=CARTESIAN_POINT('Origin',(1.235088954827,-4.659180373305,2.759999999999));
#11601=CARTESIAN_POINT('',(1.235088954827,-4.659180373305,2.759999999999));
#11602=CARTESIAN_POINT('',(1.279652815379,-4.659180373305,2.759999999999));
#11603=CARTESIAN_POINT('Origin',(1.112125709972,-4.982020785303,2.759999999999));
#11604=CARTESIAN_POINT('',(1.112125709972,-4.982020785303,2.759999999999));
#11605=CARTESIAN_POINT('Origin',(1.158175032541,-4.982020785303,2.759999999999));
#11606=CARTESIAN_POINT('',(1.158175032541,-4.982020785303,2.759999999999));
#11607=CARTESIAN_POINT('Origin',(1.189204683592,-4.893718320875,2.759999999999));
#11608=CARTESIAN_POINT('',(1.189204683592,-4.893718320875,2.759999999999));
#11609=CARTESIAN_POINT('Origin',(1.323638996258,-4.893718320875,2.759999999999));
#11610=CARTESIAN_POINT('',(1.323638996258,-4.893718320875,2.759999999999));
#11611=CARTESIAN_POINT('Origin',(1.356566737665,-4.982020785303,2.759999999999));
#11612=CARTESIAN_POINT('',(1.356566737665,-4.982020785303,2.759999999999));
#11613=CARTESIAN_POINT('Origin',(1.402616060236,-4.982020785303,2.759999999999));
#11614=CARTESIAN_POINT('',(1.402616060236,-4.982020785303,2.759999999999));
#11615=CARTESIAN_POINT('Origin',(1.279652815379,-4.659180373305,2.759999999999));
#11616=CARTESIAN_POINT('Ctrl Pts',(1.255967948753,-4.700443207149,2.759999999999));
#11617=CARTESIAN_POINT('Ctrl Pts',(1.255967948753,-4.700443207149,2.7480000000002));
#11618=CARTESIAN_POINT('Ctrl Pts',(1.254399961066,-4.710181235936,2.759999999999));
#11619=CARTESIAN_POINT('Ctrl Pts',(1.254399961066,-4.710181235936,2.7480000000002));
#11620=CARTESIAN_POINT('Ctrl Pts',(1.252666922045,-4.717773597363,2.759999999999));
#11621=CARTESIAN_POINT('Ctrl Pts',(1.252666922045,-4.717773597363,2.7480000000002));
#11622=CARTESIAN_POINT('Ctrl Pts',(1.25068630602,-4.723055240096,2.759999999999));
#11623=CARTESIAN_POINT('Ctrl Pts',(1.25068630602,-4.723055240096,2.7480000000002));
#11624=CARTESIAN_POINT('',(1.255967948753,-4.700443207149,2.75));
#11625=CARTESIAN_POINT('',(1.25068630602,-4.723055240096,2.75));
#11626=CARTESIAN_POINT('Ctrl Pts',(1.255967948753,-4.700443207149,2.75));
#11627=CARTESIAN_POINT('Ctrl Pts',(1.254399961066,-4.710181235936,2.75));
#11628=CARTESIAN_POINT('Ctrl Pts',(1.252666922045,-4.717773597363,2.75));
#11629=CARTESIAN_POINT('Ctrl Pts',(1.25068630602,-4.723055240096,2.75));
#11630=CARTESIAN_POINT('',(1.255967948753,-4.700443207149,2.759999999999));
#11631=CARTESIAN_POINT('',(1.25068630602,-4.723055240096,2.759999999999));
#11632=CARTESIAN_POINT('Origin',(1.25068630602,-4.723055240096,2.759999999999));
#11633=CARTESIAN_POINT('',(1.202408790422,-4.857241975757,2.75));
#11634=CARTESIAN_POINT('',(1.25068630602,-4.723055240096,2.75));
#11635=CARTESIAN_POINT('',(1.202408790422,-4.857241975757,2.759999999999));
#11636=CARTESIAN_POINT('Origin',(1.202408790422,-4.857241975757,2.759999999999));
#11637=CARTESIAN_POINT('',(1.310764992097,-4.857241975757,2.75));
#11638=CARTESIAN_POINT('',(1.202408790422,-4.857241975757,2.75));
#11639=CARTESIAN_POINT('',(1.310764992097,-4.857241975757,2.759999999999));
#11640=CARTESIAN_POINT('Origin',(1.310764992097,-4.857241975757,2.759999999999));
#11641=CARTESIAN_POINT('',(1.261992322494,-4.723055240096,2.75));
#11642=CARTESIAN_POINT('',(1.310764992097,-4.857241975757,2.75));
#11643=CARTESIAN_POINT('',(1.261992322494,-4.723055240096,2.759999999999));
#11644=CARTESIAN_POINT('Ctrl Pts',(1.261992322494,-4.723055240096,2.759999999999));
#11645=CARTESIAN_POINT('Ctrl Pts',(1.261992322494,-4.723055240096,2.7480000000002));
#11646=CARTESIAN_POINT('Ctrl Pts',(1.260424334807,-4.718598854041,2.759999999999));
#11647=CARTESIAN_POINT('Ctrl Pts',(1.260424334807,-4.718598854041,2.7480000000002));
#11648=CARTESIAN_POINT('Ctrl Pts',(1.258773821453,-4.711171543949,2.759999999999));
#11649=CARTESIAN_POINT('Ctrl Pts',(1.258773821453,-4.711171543949,2.7480000000002));
#11650=CARTESIAN_POINT('Ctrl Pts',(1.256958256764,-4.700443207149,2.759999999999));
#11651=CARTESIAN_POINT('Ctrl Pts',(1.256958256764,-4.700443207149,2.7480000000002));
#11652=CARTESIAN_POINT('',(1.256958256764,-4.700443207149,2.75));
#11653=CARTESIAN_POINT('Ctrl Pts',(1.261992322494,-4.723055240096,2.75));
#11654=CARTESIAN_POINT('Ctrl Pts',(1.260424334807,-4.718598854041,2.75));
#11655=CARTESIAN_POINT('Ctrl Pts',(1.258773821453,-4.711171543949,2.75));
#11656=CARTESIAN_POINT('Ctrl Pts',(1.256958256764,-4.700443207149,2.75));
#11657=CARTESIAN_POINT('',(1.256958256764,-4.700443207149,2.759999999999));
#11658=CARTESIAN_POINT('Origin',(1.256958256764,-4.700443207149,2.759999999999));
#11659=CARTESIAN_POINT('',(1.256958256764,-4.700443207149,2.75));
#11660=CARTESIAN_POINT('Origin',(-3.95,-6.099999999999,2.75));
#11661=CARTESIAN_POINT('Origin',(0.638428377437,-4.945214337514,2.759999999999));
#11662=CARTESIAN_POINT('',(0.638428377437,-4.945214337514,2.759999999999));
#11663=CARTESIAN_POINT('',(0.638428377437,-4.945214337514,2.759999999999));
#11664=CARTESIAN_POINT('',(0.770386920071,-4.945214337514,2.759999999999));
#11665=CARTESIAN_POINT('',(0.638428377437,-4.945214337514,2.759999999999));
#11666=CARTESIAN_POINT('',(0.770386920071,-4.945214337514,2.759999999999));
#11667=CARTESIAN_POINT('Origin',(0.638428377437,-4.836610558836,2.759999999999));
#11668=CARTESIAN_POINT('',(0.638428377437,-4.836610558836,2.759999999999));
#11669=CARTESIAN_POINT('',(0.638428377437,-4.836610558836,2.759999999999));
#11670=CARTESIAN_POINT('',(0.638428377437,-4.836610558836,2.759999999999));
#11671=CARTESIAN_POINT('Origin',(0.753881786533,-4.836610558836,2.759999999999));
#11672=CARTESIAN_POINT('',(0.753881786533,-4.836610558836,2.759999999999));
#11673=CARTESIAN_POINT('',(0.753881786533,-4.836610558836,2.759999999999));
#11674=CARTESIAN_POINT('',(0.753881786533,-4.836610558836,2.759999999999));
#11675=CARTESIAN_POINT('Origin',(0.753881786533,-4.799639059712,2.759999999999));
#11676=CARTESIAN_POINT('',(0.753881786533,-4.799639059712,2.759999999999));
#11677=CARTESIAN_POINT('',(0.753881786533,-4.799639059712,2.759999999999));
#11678=CARTESIAN_POINT('',(0.753881786533,-4.799639059712,2.759999999999));
#11679=CARTESIAN_POINT('Origin',(0.638428377437,-4.799639059712,2.759999999999));
#11680=CARTESIAN_POINT('',(0.638428377437,-4.799639059712,2.759999999999));
#11681=CARTESIAN_POINT('',(0.638428377437,-4.799639059712,2.759999999999));
#11682=CARTESIAN_POINT('',(0.638428377437,-4.799639059712,2.759999999999));
#11683=CARTESIAN_POINT('Origin',(0.638428377437,-4.696316923764,2.759999999999));
#11684=CARTESIAN_POINT('',(0.638428377437,-4.696316923764,2.759999999999));
#11685=CARTESIAN_POINT('',(0.638428377437,-4.696316923764,2.759999999999));
#11686=CARTESIAN_POINT('',(0.638428377437,-4.696316923764,2.759999999999));
#11687=CARTESIAN_POINT('Origin',(0.763042135647,-4.696316923764,2.759999999999));
#11688=CARTESIAN_POINT('',(0.763042135647,-4.696316923764,2.759999999999));
#11689=CARTESIAN_POINT('',(0.763042135647,-4.696316923764,2.759999999999));
#11690=CARTESIAN_POINT('',(0.763042135647,-4.696316923764,2.759999999999));
#11691=CARTESIAN_POINT('Origin',(0.763042135647,-4.659180373305,2.759999999999));
#11692=CARTESIAN_POINT('',(0.763042135647,-4.659180373305,2.759999999999));
#11693=CARTESIAN_POINT('',(0.763042135647,-4.659180373305,2.759999999999));
#11694=CARTESIAN_POINT('',(0.763042135647,-4.659180373305,2.759999999999));
#11695=CARTESIAN_POINT('Origin',(0.596752915255,-4.659180373305,2.759999999999));
#11696=CARTESIAN_POINT('',(0.596752915255,-4.659180373305,2.759999999999));
#11697=CARTESIAN_POINT('',(0.596752915255,-4.659180373305,2.759999999999));
#11698=CARTESIAN_POINT('',(0.596752915255,-4.659180373305,2.759999999999));
#11699=CARTESIAN_POINT('Origin',(0.596752915255,-4.982020785303,2.759999999999));
#11700=CARTESIAN_POINT('',(0.596752915255,-4.982020785303,2.759999999999));
#11701=CARTESIAN_POINT('',(0.596752915255,-4.982020785303,2.759999999999));
#11702=CARTESIAN_POINT('',(0.596752915255,-4.982020785303,2.759999999999));
#11703=CARTESIAN_POINT('Origin',(0.770386920071,-4.982020785303,2.759999999999));
#11704=CARTESIAN_POINT('',(0.770386920071,-4.982020785303,2.759999999999));
#11705=CARTESIAN_POINT('',(0.770386920071,-4.982020785303,2.759999999999));
#11706=CARTESIAN_POINT('',(0.770386920071,-4.982020785303,2.759999999999));
#11707=CARTESIAN_POINT('Origin',(0.770386920071,-4.945214337514,2.759999999999));
#11708=CARTESIAN_POINT('',(0.770386920071,-4.945214337514,2.759999999999));
#11709=CARTESIAN_POINT('Origin',(0.,0.,2.759999999999));
#11710=CARTESIAN_POINT('Origin',(0.148638539704,-4.945214337514,2.759999999999));
#11711=CARTESIAN_POINT('',(0.148638539704,-4.945214337514,2.759999999999));
#11712=CARTESIAN_POINT('',(0.148638539704,-4.945214337514,2.759999999999));
#11713=CARTESIAN_POINT('',(0.277213529964,-4.945214337514,2.759999999999));
#11714=CARTESIAN_POINT('',(0.148638539704,-4.945214337514,2.759999999999));
#11715=CARTESIAN_POINT('',(0.277213529964,-4.945214337514,2.759999999999));
#11716=CARTESIAN_POINT('Origin',(0.148638539704,-4.659180373305,2.759999999999));
#11717=CARTESIAN_POINT('',(0.148638539704,-4.659180373305,2.759999999999));
#11718=CARTESIAN_POINT('',(0.148638539704,-4.659180373305,2.759999999999));
#11719=CARTESIAN_POINT('',(0.148638539704,-4.659180373305,2.759999999999));
#11720=CARTESIAN_POINT('Origin',(0.106963077521,-4.659180373305,2.759999999999));
#11721=CARTESIAN_POINT('',(0.106963077521,-4.659180373305,2.759999999999));
#11722=CARTESIAN_POINT('',(0.106963077521,-4.659180373305,2.759999999999));
#11723=CARTESIAN_POINT('',(0.106963077521,-4.659180373305,2.759999999999));
#11724=CARTESIAN_POINT('Origin',(0.106963077521,-4.982020785303,2.759999999999));
#11725=CARTESIAN_POINT('',(0.106963077521,-4.982020785303,2.759999999999));
#11726=CARTESIAN_POINT('',(0.106963077521,-4.982020785303,2.759999999999));
#11727=CARTESIAN_POINT('',(0.106963077521,-4.982020785303,2.759999999999));
#11728=CARTESIAN_POINT('Origin',(0.277213529964,-4.982020785303,2.759999999999));
#11729=CARTESIAN_POINT('',(0.277213529964,-4.982020785303,2.759999999999));
#11730=CARTESIAN_POINT('',(0.277213529964,-4.982020785303,2.759999999999));
#11731=CARTESIAN_POINT('',(0.277213529964,-4.982020785303,2.759999999999));
#11732=CARTESIAN_POINT('Origin',(0.277213529964,-4.945214337514,2.759999999999));
#11733=CARTESIAN_POINT('',(0.277213529964,-4.945214337514,2.759999999999));
#11734=CARTESIAN_POINT('Origin',(0.,0.,2.759999999999));
#11735=CARTESIAN_POINT('',(0.,0.,0.));
#11736=CARTESIAN_POINT('',(-0.01999491999,1.765247532795,4.450050670329));
#11737=UNCERTAINTY_MEASURE_WITH_UNIT(LENGTH_MEASURE(0.01),#11745,
'DISTANCE_ACCURACY_VALUE',
'Maximum model space distance between geometric entities at asserted c
onnectivities');
#11738=UNCERTAINTY_MEASURE_WITH_UNIT(LENGTH_MEASURE(0.01),#11745,
'DISTANCE_ACCURACY_VALUE',
'Maximum model space distance between geometric entities at asserted c
onnectivities');
#11739=UNCERTAINTY_MEASURE_WITH_UNIT(LENGTH_MEASURE(0.01),#11745,
'DISTANCE_ACCURACY_VALUE',
'Maximum model space distance between geometric entities at asserted c
onnectivities');
#11740=UNCERTAINTY_MEASURE_WITH_UNIT(LENGTH_MEASURE(0.01),#11745,
'DISTANCE_ACCURACY_VALUE',
'Maximum model space distance between geometric entities at asserted c
onnectivities');
#11741=(
GEOMETRIC_REPRESENTATION_CONTEXT(3)
GLOBAL_UNCERTAINTY_ASSIGNED_CONTEXT((#11737))
GLOBAL_UNIT_ASSIGNED_CONTEXT((#11745,#11747,#11748))
REPRESENTATION_CONTEXT('','3D')
);
#11742=(
GEOMETRIC_REPRESENTATION_CONTEXT(3)
GLOBAL_UNCERTAINTY_ASSIGNED_CONTEXT((#11738))
GLOBAL_UNIT_ASSIGNED_CONTEXT((#11745,#11747,#11748))
REPRESENTATION_CONTEXT('','3D')
);
#11743=(
GEOMETRIC_REPRESENTATION_CONTEXT(3)
GLOBAL_UNCERTAINTY_ASSIGNED_CONTEXT((#11739))
GLOBAL_UNIT_ASSIGNED_CONTEXT((#11745,#11747,#11748))
REPRESENTATION_CONTEXT('','3D')
);
#11744=(
GEOMETRIC_REPRESENTATION_CONTEXT(3)
GLOBAL_UNCERTAINTY_ASSIGNED_CONTEXT((#11740))
GLOBAL_UNIT_ASSIGNED_CONTEXT((#11745,#11747,#11748))
REPRESENTATION_CONTEXT('','3D')
);
#11745=(
LENGTH_UNIT()
NAMED_UNIT(*)
SI_UNIT(.MILLI.,.METRE.)
);
#11746=(
LENGTH_UNIT()
NAMED_UNIT(*)
SI_UNIT($,.METRE.)
);
#11747=(
NAMED_UNIT(*)
PLANE_ANGLE_UNIT()
SI_UNIT($,.RADIAN.)
);
#11748=(
NAMED_UNIT(*)
SI_UNIT($,.STERADIAN.)
SOLID_ANGLE_UNIT()
);
#11749=SHAPE_DEFINITION_REPRESENTATION(#11752,#11757);
#11750=SHAPE_DEFINITION_REPRESENTATION(#11753,#11758);
#11751=SHAPE_DEFINITION_REPRESENTATION(#11754,#11759);
#11752=PRODUCT_DEFINITION_SHAPE('',$,#11761);
#11753=PRODUCT_DEFINITION_SHAPE('',$,#11762);
#11754=PRODUCT_DEFINITION_SHAPE('',$,#11763);
#11755=PRODUCT_DEFINITION_SHAPE($,$,#17);
#11756=PRODUCT_DEFINITION_SHAPE($,$,#18);
#11757=SHAPE_REPRESENTATION('',(#6965,#7321),#11741);
#11758=SHAPE_REPRESENTATION('',(#6966,#7320),#11742);
#11759=SHAPE_REPRESENTATION('',(#6967),#11743);
#11760=PRODUCT_DEFINITION_CONTEXT('part definition',#11771,'design');
#11761=PRODUCT_DEFINITION('EasyEDA PCB Model~qjJp','(\X2\672A4FDD5B58\X0\)',
#11764,#11760);
#11762=PRODUCT_DEFINITION(
'H1~CONN-SMD_2P-P2.00_XUNPU_WAFER-PH2.0-2PWB~CONN-SMD_2P-P2.00_XUNPU_W
AFER-PH2.0-2PWB~cQUz',
'H1~CONN-SMD_2P-P2.00_XUNPU_WAFER-PH2.0-2PWB~CONN-SMD_2P-P2.00_XUNPU_W
AFER-PH2.0-2PWB~cQUz',#11765,#11760);
#11763=PRODUCT_DEFINITION(
'CONN-SMD_2P-P2.00_XUNPU_WAFER-PH2.0-2PWB~CONN-SMD_2P-P2.00_XUNPU_WAFE
R-PH2.0-2PWB~cKGF',
'CONN-SMD_2P-P2.00_XUNPU_WAFER-PH2.0-2PWB~CONN-SMD_2P-P2.00_XUNPU_WAFE
R-PH2.0-2PWB~cKGF',#11766,#11760);
#11764=PRODUCT_DEFINITION_FORMATION('',$,#11773);
#11765=PRODUCT_DEFINITION_FORMATION('',$,#11774);
#11766=PRODUCT_DEFINITION_FORMATION('',$,#11775);
#11767=PRODUCT_RELATED_PRODUCT_CATEGORY('(\X2\672A4FDD5B58\X0\)',
'(\X2\672A4FDD5B58\X0\)',(#11773));
#11768=PRODUCT_RELATED_PRODUCT_CATEGORY(
'H1~CONN-SMD_2P-P2.00_XUNPU_WAFER-PH2.0-2PWB~CONN-SMD_2P-P2.00_XUNPU_W
AFER-PH2.0-2PWB~cQUz',
'H1~CONN-SMD_2P-P2.00_XUNPU_WAFER-PH2.0-2PWB~CONN-SMD_2P-P2.00_XUNPU_W
AFER-PH2.0-2PWB~cQUz',(#11774));
#11769=PRODUCT_RELATED_PRODUCT_CATEGORY(
'CONN-SMD_2P-P2.00_XUNPU_WAFER-PH2.0-2PWB~CONN-SMD_2P-P2.00_XUNPU_WAFE
R-PH2.0-2PWB~cKGF',
'CONN-SMD_2P-P2.00_XUNPU_WAFER-PH2.0-2PWB~CONN-SMD_2P-P2.00_XUNPU_WAFE
R-PH2.0-2PWB~cKGF',(#11775));
#11770=APPLICATION_PROTOCOL_DEFINITION('international standard',
'automotive_design',2009,#11771);
#11771=APPLICATION_CONTEXT(
'Core Data for Automotive Mechanical Design Process');
#11772=PRODUCT_CONTEXT('part definition',#11771,'mechanical');
#11773=PRODUCT('EasyEDA PCB Model~qjJp','(\X2\672A4FDD5B58\X0\)',
'Designed by EasyEDA Pro',(#11772));
#11774=PRODUCT(
'H1~CONN-SMD_2P-P2.00_XUNPU_WAFER-PH2.0-2PWB~CONN-SMD_2P-P2.00_XUNPU_W
AFER-PH2.0-2PWB~cQUz',
'H1~CONN-SMD_2P-P2.00_XUNPU_WAFER-PH2.0-2PWB~CONN-SMD_2P-P2.00_XUNPU_W
AFER-PH2.0-2PWB~cQUz',$,(#11772));
#11775=PRODUCT(
'CONN-SMD_2P-P2.00_XUNPU_WAFER-PH2.0-2PWB~CONN-SMD_2P-P2.00_XUNPU_WAFE
R-PH2.0-2PWB~cKGF',
'CONN-SMD_2P-P2.00_XUNPU_WAFER-PH2.0-2PWB~CONN-SMD_2P-P2.00_XUNPU_WAFE
R-PH2.0-2PWB~cKGF',$,(#11772));
#11776=PRESENTATION_STYLE_ASSIGNMENT((#11781));
#11777=PRESENTATION_STYLE_ASSIGNMENT((#11782));
#11778=PRESENTATION_STYLE_ASSIGNMENT((#11783));
#11779=PRESENTATION_STYLE_ASSIGNMENT((#11784));
#11780=PRESENTATION_STYLE_ASSIGNMENT((#11785));
#11781=SURFACE_STYLE_USAGE(.BOTH.,#11786);
#11782=SURFACE_STYLE_USAGE(.BOTH.,#11787);
#11783=SURFACE_STYLE_USAGE(.BOTH.,#11788);
#11784=SURFACE_STYLE_USAGE(.BOTH.,#11789);
#11785=SURFACE_STYLE_USAGE(.BOTH.,#11790);
#11786=SURFACE_SIDE_STYLE('',(#11791));
#11787=SURFACE_SIDE_STYLE('',(#11792));
#11788=SURFACE_SIDE_STYLE('',(#11793));
#11789=SURFACE_SIDE_STYLE('',(#11794));
#11790=SURFACE_SIDE_STYLE('',(#11795));
#11791=SURFACE_STYLE_FILL_AREA(#11796);
#11792=SURFACE_STYLE_FILL_AREA(#11797);
#11793=SURFACE_STYLE_FILL_AREA(#11798);
#11794=SURFACE_STYLE_FILL_AREA(#11799);
#11795=SURFACE_STYLE_FILL_AREA(#11800);
#11796=FILL_AREA_STYLE('\X2\94A2\X0\ - \X2\7F0E5149\X0\',(#11801));
#11797=FILL_AREA_STYLE('Opaque(255,255,255)',(#11802));
#11798=FILL_AREA_STYLE('Opaque(215,208,192)',(#11803));
#11799=FILL_AREA_STYLE('Opaque(170,170,170)',(#11804));
#11800=FILL_AREA_STYLE('Opaque(63,63,63)',(#11805));
#11801=FILL_AREA_STYLE_COLOUR('\X2\94A2\X0\ - \X2\7F0E5149\X0\',#11806);
#11802=FILL_AREA_STYLE_COLOUR('Opaque(255,255,255)',#11807);
#11803=FILL_AREA_STYLE_COLOUR('Opaque(215,208,192)',#11808);
#11804=FILL_AREA_STYLE_COLOUR('Opaque(170,170,170)',#11809);
#11805=FILL_AREA_STYLE_COLOUR('Opaque(63,63,63)',#11810);
#11806=COLOUR_RGB('\X2\94A2\X0\ - \X2\7F0E5149\X0\',0.627450980392157,0.627450980392157,
0.627450980392157);
#11807=COLOUR_RGB('Opaque(255,255,255)',1.,1.,1.);
#11808=COLOUR_RGB('Opaque(215,208,192)',0.843137254901961,0.815686274509804,
0.752941176470588);
#11809=COLOUR_RGB('Opaque(170,170,170)',0.666666666666667,0.666666666666667,
0.666666666666667);
#11810=COLOUR_RGB('Opaque(63,63,63)',0.250980392156863,0.250980392156863,
0.250980392156863);
ENDSEC;
END-ISO-10303-21;
