ISO-10303-21;
HEADER;
/* Generated by software containing ST-Developer
 * from STEP Tools, Inc. (www.steptools.com) 
 */

FILE_DESCRIPTION(
/* description */ ('Designed by EasyEDA Pro'),
/* implementation_level */ '2;1');

FILE_NAME(
/* name */ 'USB-C-GT-USB-7047A.step',
/* time_stamp */ '2026-05-23T16:06:30+08:00',
/* author */ (''),
/* organization */ (''),
/* preprocessor_version */ 'ST-DEVELOPER v20.1',
/* originating_system */ 'Autodesk Translation Framework v15.8.0.0',
/* authorisation */ '');

FILE_SCHEMA (('AUTOMOTIVE_DESIGN { 1 0 10303 214 3 1 1 }'));
ENDSEC;

DATA;
#10=MECHANICAL_DESIGN_GEOMETRIC_PRESENTATION_REPRESENTATION('',(#4475,#4476,
#4477,#4478,#4479,#4480,#4481,#4482,#4483,#4484,#4485,#4486,#4487,#4488,
#4489,#4490,#4491,#4492,#4493,#4494,#4495,#4496,#4497,#4498,#4499,#4500,
#4501,#4502,#4503,#4504,#4505,#4506,#4507,#4508,#4509,#4510,#4511,#4512,
#4513,#4514,#4515,#4516,#4517,#4518,#4519,#4520,#4521,#4522,#4523,#4524,
#4525,#4526,#4527,#4528,#4529,#4530,#4531,#4532,#4533,#4534,#4535,#4536,
#4537,#4538,#4539,#4540,#4541,#4542,#4543,#4544,#4545,#4546,#4547,#4548,
#4549,#4550,#4551,#4552,#4553,#4554,#4555,#4556,#4557,#4558,#4559,#4560,
#4561,#4562,#4563,#4564,#4565,#4566,#4567,#4568,#4569,#4570,#4571,#4572,
#4573,#4574,#4575,#4576,#4577,#4578,#4579,#4580,#4581,#4582,#4583,#4584,
#4585,#4586,#4587,#4588,#4589,#4590,#4591,#4592,#4593,#4594,#4595,#4596,
#4597,#4598,#4599,#4600,#4601,#4602,#4603,#4604,#4605,#4606,#4607,#4608,
#4609,#4610,#4611,#4612,#4613,#4614,#4615,#4616,#4617,#4618,#4619,#4620,
#4621,#4622,#4623,#4624,#4625,#4626,#4627,#4628,#4629,#4630,#4631,#4632,
#4633,#4634,#4635,#4636,#4637,#4638,#4639,#4640,#4641,#4642,#4643,#4644,
#4645,#4646,#4647,#4648,#4649,#4650,#4651,#4652,#4653,#4654,#4655,#4656,
#4657,#4658,#4659,#4660,#4661,#4662,#4663,#4664,#4665,#4666,#4667,#4668,
#4669,#4670,#4671,#4672,#4673,#4674,#4675,#4676,#4677,#4678,#4679,#4680,
#4681,#4682,#4683,#4684,#4685,#4686,#4687,#4688,#4689,#4690,#4691,#4692,
#4693,#4694,#4695,#4696,#4697,#4698,#4699,#4700,#4701,#4702,#4703,#4704,
#4705,#4706,#4707,#4708,#4709,#4710,#4711,#4712,#4713,#4714),#8068);
#11=ITEM_DEFINED_TRANSFORMATION($,$,#4969,#5358);
#12=ITEM_DEFINED_TRANSFORMATION($,$,#4968,#5359);
#13=(
REPRESENTATION_RELATIONSHIP($,$,#8083,#8082)
REPRESENTATION_RELATIONSHIP_WITH_TRANSFORMATION(#11)
SHAPE_REPRESENTATION_RELATIONSHIP()
);
#14=(
REPRESENTATION_RELATIONSHIP($,$,#8082,#8081)
REPRESENTATION_RELATIONSHIP_WITH_TRANSFORMATION(#12)
SHAPE_REPRESENTATION_RELATIONSHIP()
);
#15=CONTEXT_DEPENDENT_SHAPE_REPRESENTATION(#13,#8079);
#16=CONTEXT_DEPENDENT_SHAPE_REPRESENTATION(#14,#8080);
#17=NEXT_ASSEMBLY_USAGE_OCCURRENCE(
'USB-C-SMD_GT-USB-7047A~USB-C-SMD_GT-USB-7047A~HuJk:1',
'USB-C-SMD_GT-USB-7047A~USB-C-SMD_GT-USB-7047A~HuJk:1',
'USB-C-SMD_GT-USB-7047A~USB-C-SMD_GT-USB-7047A~HuJk:1',#8086,#8087,
'USB-C-SMD_GT-USB-7047A~USB-C-SMD_GT-USB-7047A~HuJk:1');
#18=NEXT_ASSEMBLY_USAGE_OCCURRENCE(
'USB1~USB-C-SMD_GT-USB-7047A~USB-C-SMD_GT-USB-7047A~QDIF:1',
'USB1~USB-C-SMD_GT-USB-7047A~USB-C-SMD_GT-USB-7047A~QDIF:1',
'USB1~USB-C-SMD_GT-USB-7047A~USB-C-SMD_GT-USB-7047A~QDIF:1',#8085,#8086,
'USB1~USB-C-SMD_GT-USB-7047A~USB-C-SMD_GT-USB-7047A~QDIF:1');
#19=SHAPE_REPRESENTATION_RELATIONSHIP('SRR','None',#8083,#20);
#20=ADVANCED_BREP_SHAPE_REPRESENTATION('',(#25,#26),#8067);
#21=ELLIPSE('',#5235,0.14319294065784,0.142710098509652);
#22=ELLIPSE('',#5239,0.084867928996405,0.0600084757161924);
#23=ELLIPSE('',#5342,0.14319294065784,0.142710098509652);
#24=ELLIPSE('',#5344,0.084867928996405,0.0600084757161924);
#25=MANIFOLD_SOLID_BREP('\X2\5B9E4F53\X0\1',#4953);
#26=MANIFOLD_SOLID_BREP('\X2\5B9E4F53\X0\2',#4954);
#27=FACE_BOUND('',#515,.T.);
#28=FACE_BOUND('',#543,.T.);
#29=FACE_BOUND('',#544,.T.);
#30=FACE_BOUND('',#738,.T.);
#31=PLANE('',#4980);
#32=PLANE('',#4981);
#33=PLANE('',#4982);
#34=PLANE('',#4983);
#35=PLANE('',#4984);
#36=PLANE('',#4985);
#37=PLANE('',#4986);
#38=PLANE('',#4987);
#39=PLANE('',#4988);
#40=PLANE('',#4989);
#41=PLANE('',#4994);
#42=PLANE('',#4999);
#43=PLANE('',#5002);
#44=PLANE('',#5005);
#45=PLANE('',#5009);
#46=PLANE('',#5014);
#47=PLANE('',#5015);
#48=PLANE('',#5018);
#49=PLANE('',#5019);
#50=PLANE('',#5023);
#51=PLANE('',#5024);
#52=PLANE('',#5025);
#53=PLANE('',#5026);
#54=PLANE('',#5029);
#55=PLANE('',#5030);
#56=PLANE('',#5031);
#57=PLANE('',#5032);
#58=PLANE('',#5033);
#59=PLANE('',#5034);
#60=PLANE('',#5035);
#61=PLANE('',#5036);
#62=PLANE('',#5037);
#63=PLANE('',#5038);
#64=PLANE('',#5039);
#65=PLANE('',#5040);
#66=PLANE('',#5041);
#67=PLANE('',#5042);
#68=PLANE('',#5043);
#69=PLANE('',#5044);
#70=PLANE('',#5045);
#71=PLANE('',#5046);
#72=PLANE('',#5047);
#73=PLANE('',#5048);
#74=PLANE('',#5049);
#75=PLANE('',#5050);
#76=PLANE('',#5051);
#77=PLANE('',#5052);
#78=PLANE('',#5053);
#79=PLANE('',#5054);
#80=PLANE('',#5055);
#81=PLANE('',#5056);
#82=PLANE('',#5057);
#83=PLANE('',#5058);
#84=PLANE('',#5059);
#85=PLANE('',#5060);
#86=PLANE('',#5061);
#87=PLANE('',#5062);
#88=PLANE('',#5063);
#89=PLANE('',#5064);
#90=PLANE('',#5065);
#91=PLANE('',#5066);
#92=PLANE('',#5067);
#93=PLANE('',#5068);
#94=PLANE('',#5069);
#95=PLANE('',#5070);
#96=PLANE('',#5071);
#97=PLANE('',#5072);
#98=PLANE('',#5073);
#99=PLANE('',#5074);
#100=PLANE('',#5075);
#101=PLANE('',#5076);
#102=PLANE('',#5077);
#103=PLANE('',#5078);
#104=PLANE('',#5079);
#105=PLANE('',#5080);
#106=PLANE('',#5081);
#107=PLANE('',#5082);
#108=PLANE('',#5083);
#109=PLANE('',#5084);
#110=PLANE('',#5085);
#111=PLANE('',#5086);
#112=PLANE('',#5087);
#113=PLANE('',#5088);
#114=PLANE('',#5089);
#115=PLANE('',#5090);
#116=PLANE('',#5091);
#117=PLANE('',#5092);
#118=PLANE('',#5093);
#119=PLANE('',#5094);
#120=PLANE('',#5095);
#121=PLANE('',#5096);
#122=PLANE('',#5097);
#123=PLANE('',#5098);
#124=PLANE('',#5099);
#125=PLANE('',#5100);
#126=PLANE('',#5101);
#127=PLANE('',#5102);
#128=PLANE('',#5103);
#129=PLANE('',#5104);
#130=PLANE('',#5105);
#131=PLANE('',#5106);
#132=PLANE('',#5107);
#133=PLANE('',#5108);
#134=PLANE('',#5109);
#135=PLANE('',#5110);
#136=PLANE('',#5111);
#137=PLANE('',#5112);
#138=PLANE('',#5120);
#139=PLANE('',#5125);
#140=PLANE('',#5130);
#141=PLANE('',#5139);
#142=PLANE('',#5145);
#143=PLANE('',#5150);
#144=PLANE('',#5159);
#145=PLANE('',#5162);
#146=PLANE('',#5163);
#147=PLANE('',#5164);
#148=PLANE('',#5165);
#149=PLANE('',#5169);
#150=PLANE('',#5170);
#151=PLANE('',#5177);
#152=PLANE('',#5180);
#153=PLANE('',#5186);
#154=PLANE('',#5187);
#155=PLANE('',#5188);
#156=PLANE('',#5191);
#157=PLANE('',#5193);
#158=PLANE('',#5197);
#159=PLANE('',#5201);
#160=PLANE('',#5202);
#161=PLANE('',#5208);
#162=PLANE('',#5220);
#163=PLANE('',#5221);
#164=PLANE('',#5222);
#165=PLANE('',#5227);
#166=PLANE('',#5230);
#167=PLANE('',#5231);
#168=PLANE('',#5240);
#169=PLANE('',#5246);
#170=PLANE('',#5247);
#171=PLANE('',#5255);
#172=PLANE('',#5260);
#173=PLANE('',#5266);
#174=PLANE('',#5273);
#175=PLANE('',#5276);
#176=PLANE('',#5277);
#177=PLANE('',#5278);
#178=PLANE('',#5279);
#179=PLANE('',#5283);
#180=PLANE('',#5284);
#181=PLANE('',#5291);
#182=PLANE('',#5294);
#183=PLANE('',#5300);
#184=PLANE('',#5301);
#185=PLANE('',#5302);
#186=PLANE('',#5304);
#187=PLANE('',#5308);
#188=PLANE('',#5312);
#189=PLANE('',#5313);
#190=PLANE('',#5319);
#191=PLANE('',#5331);
#192=PLANE('',#5332);
#193=PLANE('',#5333);
#194=PLANE('',#5336);
#195=PLANE('',#5337);
#196=PLANE('',#5346);
#197=PLANE('',#5352);
#198=PLANE('',#5353);
#199=CYLINDRICAL_SURFACE('',#4973,0.25);
#200=CYLINDRICAL_SURFACE('',#4978,0.25);
#201=CYLINDRICAL_SURFACE('',#5000,0.949999999999);
#202=CYLINDRICAL_SURFACE('',#5003,0.95);
#203=CYLINDRICAL_SURFACE('',#5006,0.949999999999);
#204=CYLINDRICAL_SURFACE('',#5010,0.949999999999);
#205=CYLINDRICAL_SURFACE('',#5021,0.179999999999);
#206=CYLINDRICAL_SURFACE('',#5027,0.18);
#207=CYLINDRICAL_SURFACE('',#5117,1.249999999999);
#208=CYLINDRICAL_SURFACE('',#5122,0.949999999999);
#209=CYLINDRICAL_SURFACE('',#5127,1.249999999999);
#210=CYLINDRICAL_SURFACE('',#5137,1.249999999999);
#211=CYLINDRICAL_SURFACE('',#5142,0.949999999999);
#212=CYLINDRICAL_SURFACE('',#5157,0.949999999999);
#213=CYLINDRICAL_SURFACE('',#5174,0.5);
#214=CYLINDRICAL_SURFACE('',#5183,0.2);
#215=CYLINDRICAL_SURFACE('',#5195,0.5);
#216=CYLINDRICAL_SURFACE('',#5206,0.2);
#217=CYLINDRICAL_SURFACE('',#5209,0.2);
#218=CYLINDRICAL_SURFACE('',#5210,0.2);
#219=CYLINDRICAL_SURFACE('',#5211,0.2);
#220=CYLINDRICAL_SURFACE('',#5212,0.199999999999);
#221=CYLINDRICAL_SURFACE('',#5213,0.2);
#222=CYLINDRICAL_SURFACE('',#5214,0.2);
#223=CYLINDRICAL_SURFACE('',#5215,0.2);
#224=CYLINDRICAL_SURFACE('',#5216,0.199999999999);
#225=CYLINDRICAL_SURFACE('',#5218,0.2);
#226=CYLINDRICAL_SURFACE('',#5234,0.5);
#227=CYLINDRICAL_SURFACE('',#5237,0.2);
#228=CYLINDRICAL_SURFACE('',#5241,0.2);
#229=CYLINDRICAL_SURFACE('',#5242,0.2);
#230=CYLINDRICAL_SURFACE('',#5243,0.149999999999);
#231=CYLINDRICAL_SURFACE('',#5244,0.149999999999);
#232=CYLINDRICAL_SURFACE('',#5245,0.149999999999);
#233=CYLINDRICAL_SURFACE('',#5252,1.249999999999);
#234=CYLINDRICAL_SURFACE('',#5257,0.949999999999);
#235=CYLINDRICAL_SURFACE('',#5262,1.249999999999);
#236=CYLINDRICAL_SURFACE('',#5264,1.249999999999);
#237=CYLINDRICAL_SURFACE('',#5269,0.949999999999);
#238=CYLINDRICAL_SURFACE('',#5271,0.949999999999);
#239=CYLINDRICAL_SURFACE('',#5288,0.5);
#240=CYLINDRICAL_SURFACE('',#5297,0.2);
#241=CYLINDRICAL_SURFACE('',#5306,0.5);
#242=CYLINDRICAL_SURFACE('',#5317,0.2);
#243=CYLINDRICAL_SURFACE('',#5320,0.2);
#244=CYLINDRICAL_SURFACE('',#5321,0.2);
#245=CYLINDRICAL_SURFACE('',#5322,0.2);
#246=CYLINDRICAL_SURFACE('',#5323,0.199999999999);
#247=CYLINDRICAL_SURFACE('',#5324,0.2);
#248=CYLINDRICAL_SURFACE('',#5325,0.2);
#249=CYLINDRICAL_SURFACE('',#5326,0.2);
#250=CYLINDRICAL_SURFACE('',#5327,0.199999999999);
#251=CYLINDRICAL_SURFACE('',#5329,0.2);
#252=CYLINDRICAL_SURFACE('',#5340,0.5);
#253=CYLINDRICAL_SURFACE('',#5343,0.2);
#254=CYLINDRICAL_SURFACE('',#5347,0.2);
#255=CYLINDRICAL_SURFACE('',#5348,0.2);
#256=CYLINDRICAL_SURFACE('',#5349,0.149999999999);
#257=CYLINDRICAL_SURFACE('',#5350,0.149999999999);
#258=CYLINDRICAL_SURFACE('',#5351,0.149999999999);
#259=CYLINDRICAL_SURFACE('',#5354,0.25);
#260=CYLINDRICAL_SURFACE('',#5355,0.25);
#261=CYLINDRICAL_SURFACE('',#5356,0.25);
#262=CYLINDRICAL_SURFACE('',#5357,0.25);
#263=FACE_OUTER_BOUND('',#501,.T.);
#264=FACE_OUTER_BOUND('',#502,.T.);
#265=FACE_OUTER_BOUND('',#503,.T.);
#266=FACE_OUTER_BOUND('',#504,.T.);
#267=FACE_OUTER_BOUND('',#505,.T.);
#268=FACE_OUTER_BOUND('',#506,.T.);
#269=FACE_OUTER_BOUND('',#507,.T.);
#270=FACE_OUTER_BOUND('',#508,.T.);
#271=FACE_OUTER_BOUND('',#509,.T.);
#272=FACE_OUTER_BOUND('',#510,.T.);
#273=FACE_OUTER_BOUND('',#511,.T.);
#274=FACE_OUTER_BOUND('',#512,.T.);
#275=FACE_OUTER_BOUND('',#513,.T.);
#276=FACE_OUTER_BOUND('',#514,.T.);
#277=FACE_OUTER_BOUND('',#516,.T.);
#278=FACE_OUTER_BOUND('',#517,.T.);
#279=FACE_OUTER_BOUND('',#518,.T.);
#280=FACE_OUTER_BOUND('',#519,.T.);
#281=FACE_OUTER_BOUND('',#520,.T.);
#282=FACE_OUTER_BOUND('',#521,.T.);
#283=FACE_OUTER_BOUND('',#522,.T.);
#284=FACE_OUTER_BOUND('',#523,.T.);
#285=FACE_OUTER_BOUND('',#524,.T.);
#286=FACE_OUTER_BOUND('',#525,.T.);
#287=FACE_OUTER_BOUND('',#526,.T.);
#288=FACE_OUTER_BOUND('',#527,.T.);
#289=FACE_OUTER_BOUND('',#528,.T.);
#290=FACE_OUTER_BOUND('',#529,.T.);
#291=FACE_OUTER_BOUND('',#530,.T.);
#292=FACE_OUTER_BOUND('',#531,.T.);
#293=FACE_OUTER_BOUND('',#532,.T.);
#294=FACE_OUTER_BOUND('',#533,.T.);
#295=FACE_OUTER_BOUND('',#534,.T.);
#296=FACE_OUTER_BOUND('',#535,.T.);
#297=FACE_OUTER_BOUND('',#536,.T.);
#298=FACE_OUTER_BOUND('',#537,.T.);
#299=FACE_OUTER_BOUND('',#538,.T.);
#300=FACE_OUTER_BOUND('',#539,.T.);
#301=FACE_OUTER_BOUND('',#540,.T.);
#302=FACE_OUTER_BOUND('',#541,.T.);
#303=FACE_OUTER_BOUND('',#542,.T.);
#304=FACE_OUTER_BOUND('',#545,.T.);
#305=FACE_OUTER_BOUND('',#546,.T.);
#306=FACE_OUTER_BOUND('',#547,.T.);
#307=FACE_OUTER_BOUND('',#548,.T.);
#308=FACE_OUTER_BOUND('',#549,.T.);
#309=FACE_OUTER_BOUND('',#550,.T.);
#310=FACE_OUTER_BOUND('',#551,.T.);
#311=FACE_OUTER_BOUND('',#552,.T.);
#312=FACE_OUTER_BOUND('',#553,.T.);
#313=FACE_OUTER_BOUND('',#554,.T.);
#314=FACE_OUTER_BOUND('',#555,.T.);
#315=FACE_OUTER_BOUND('',#556,.T.);
#316=FACE_OUTER_BOUND('',#557,.T.);
#317=FACE_OUTER_BOUND('',#558,.T.);
#318=FACE_OUTER_BOUND('',#559,.T.);
#319=FACE_OUTER_BOUND('',#560,.T.);
#320=FACE_OUTER_BOUND('',#561,.T.);
#321=FACE_OUTER_BOUND('',#562,.T.);
#322=FACE_OUTER_BOUND('',#563,.T.);
#323=FACE_OUTER_BOUND('',#564,.T.);
#324=FACE_OUTER_BOUND('',#565,.T.);
#325=FACE_OUTER_BOUND('',#566,.T.);
#326=FACE_OUTER_BOUND('',#567,.T.);
#327=FACE_OUTER_BOUND('',#568,.T.);
#328=FACE_OUTER_BOUND('',#569,.T.);
#329=FACE_OUTER_BOUND('',#570,.T.);
#330=FACE_OUTER_BOUND('',#571,.T.);
#331=FACE_OUTER_BOUND('',#572,.T.);
#332=FACE_OUTER_BOUND('',#573,.T.);
#333=FACE_OUTER_BOUND('',#574,.T.);
#334=FACE_OUTER_BOUND('',#575,.T.);
#335=FACE_OUTER_BOUND('',#576,.T.);
#336=FACE_OUTER_BOUND('',#577,.T.);
#337=FACE_OUTER_BOUND('',#578,.T.);
#338=FACE_OUTER_BOUND('',#579,.T.);
#339=FACE_OUTER_BOUND('',#580,.T.);
#340=FACE_OUTER_BOUND('',#581,.T.);
#341=FACE_OUTER_BOUND('',#582,.T.);
#342=FACE_OUTER_BOUND('',#583,.T.);
#343=FACE_OUTER_BOUND('',#584,.T.);
#344=FACE_OUTER_BOUND('',#585,.T.);
#345=FACE_OUTER_BOUND('',#586,.T.);
#346=FACE_OUTER_BOUND('',#587,.T.);
#347=FACE_OUTER_BOUND('',#588,.T.);
#348=FACE_OUTER_BOUND('',#589,.T.);
#349=FACE_OUTER_BOUND('',#590,.T.);
#350=FACE_OUTER_BOUND('',#591,.T.);
#351=FACE_OUTER_BOUND('',#592,.T.);
#352=FACE_OUTER_BOUND('',#593,.T.);
#353=FACE_OUTER_BOUND('',#594,.T.);
#354=FACE_OUTER_BOUND('',#595,.T.);
#355=FACE_OUTER_BOUND('',#596,.T.);
#356=FACE_OUTER_BOUND('',#597,.T.);
#357=FACE_OUTER_BOUND('',#598,.T.);
#358=FACE_OUTER_BOUND('',#599,.T.);
#359=FACE_OUTER_BOUND('',#600,.T.);
#360=FACE_OUTER_BOUND('',#601,.T.);
#361=FACE_OUTER_BOUND('',#602,.T.);
#362=FACE_OUTER_BOUND('',#603,.T.);
#363=FACE_OUTER_BOUND('',#604,.T.);
#364=FACE_OUTER_BOUND('',#605,.T.);
#365=FACE_OUTER_BOUND('',#606,.T.);
#366=FACE_OUTER_BOUND('',#607,.T.);
#367=FACE_OUTER_BOUND('',#608,.T.);
#368=FACE_OUTER_BOUND('',#609,.T.);
#369=FACE_OUTER_BOUND('',#610,.T.);
#370=FACE_OUTER_BOUND('',#611,.T.);
#371=FACE_OUTER_BOUND('',#612,.T.);
#372=FACE_OUTER_BOUND('',#613,.T.);
#373=FACE_OUTER_BOUND('',#614,.T.);
#374=FACE_OUTER_BOUND('',#615,.T.);
#375=FACE_OUTER_BOUND('',#616,.T.);
#376=FACE_OUTER_BOUND('',#617,.T.);
#377=FACE_OUTER_BOUND('',#618,.T.);
#378=FACE_OUTER_BOUND('',#619,.T.);
#379=FACE_OUTER_BOUND('',#620,.T.);
#380=FACE_OUTER_BOUND('',#621,.T.);
#381=FACE_OUTER_BOUND('',#622,.T.);
#382=FACE_OUTER_BOUND('',#623,.T.);
#383=FACE_OUTER_BOUND('',#624,.T.);
#384=FACE_OUTER_BOUND('',#625,.T.);
#385=FACE_OUTER_BOUND('',#626,.T.);
#386=FACE_OUTER_BOUND('',#627,.T.);
#387=FACE_OUTER_BOUND('',#628,.T.);
#388=FACE_OUTER_BOUND('',#629,.T.);
#389=FACE_OUTER_BOUND('',#630,.T.);
#390=FACE_OUTER_BOUND('',#631,.T.);
#391=FACE_OUTER_BOUND('',#632,.T.);
#392=FACE_OUTER_BOUND('',#633,.T.);
#393=FACE_OUTER_BOUND('',#634,.T.);
#394=FACE_OUTER_BOUND('',#635,.T.);
#395=FACE_OUTER_BOUND('',#636,.T.);
#396=FACE_OUTER_BOUND('',#637,.T.);
#397=FACE_OUTER_BOUND('',#638,.T.);
#398=FACE_OUTER_BOUND('',#639,.T.);
#399=FACE_OUTER_BOUND('',#640,.T.);
#400=FACE_OUTER_BOUND('',#641,.T.);
#401=FACE_OUTER_BOUND('',#642,.T.);
#402=FACE_OUTER_BOUND('',#643,.T.);
#403=FACE_OUTER_BOUND('',#644,.T.);
#404=FACE_OUTER_BOUND('',#645,.T.);
#405=FACE_OUTER_BOUND('',#646,.T.);
#406=FACE_OUTER_BOUND('',#647,.T.);
#407=FACE_OUTER_BOUND('',#648,.T.);
#408=FACE_OUTER_BOUND('',#649,.T.);
#409=FACE_OUTER_BOUND('',#650,.T.);
#410=FACE_OUTER_BOUND('',#651,.T.);
#411=FACE_OUTER_BOUND('',#652,.T.);
#412=FACE_OUTER_BOUND('',#653,.T.);
#413=FACE_OUTER_BOUND('',#654,.T.);
#414=FACE_OUTER_BOUND('',#655,.T.);
#415=FACE_OUTER_BOUND('',#656,.T.);
#416=FACE_OUTER_BOUND('',#657,.T.);
#417=FACE_OUTER_BOUND('',#658,.T.);
#418=FACE_OUTER_BOUND('',#659,.T.);
#419=FACE_OUTER_BOUND('',#660,.T.);
#420=FACE_OUTER_BOUND('',#661,.T.);
#421=FACE_OUTER_BOUND('',#662,.T.);
#422=FACE_OUTER_BOUND('',#663,.T.);
#423=FACE_OUTER_BOUND('',#664,.T.);
#424=FACE_OUTER_BOUND('',#665,.T.);
#425=FACE_OUTER_BOUND('',#666,.T.);
#426=FACE_OUTER_BOUND('',#667,.T.);
#427=FACE_OUTER_BOUND('',#668,.T.);
#428=FACE_OUTER_BOUND('',#669,.T.);
#429=FACE_OUTER_BOUND('',#670,.T.);
#430=FACE_OUTER_BOUND('',#671,.T.);
#431=FACE_OUTER_BOUND('',#672,.T.);
#432=FACE_OUTER_BOUND('',#673,.T.);
#433=FACE_OUTER_BOUND('',#674,.T.);
#434=FACE_OUTER_BOUND('',#675,.T.);
#435=FACE_OUTER_BOUND('',#676,.T.);
#436=FACE_OUTER_BOUND('',#677,.T.);
#437=FACE_OUTER_BOUND('',#678,.T.);
#438=FACE_OUTER_BOUND('',#679,.T.);
#439=FACE_OUTER_BOUND('',#680,.T.);
#440=FACE_OUTER_BOUND('',#681,.T.);
#441=FACE_OUTER_BOUND('',#682,.T.);
#442=FACE_OUTER_BOUND('',#683,.T.);
#443=FACE_OUTER_BOUND('',#684,.T.);
#444=FACE_OUTER_BOUND('',#685,.T.);
#445=FACE_OUTER_BOUND('',#686,.T.);
#446=FACE_OUTER_BOUND('',#687,.T.);
#447=FACE_OUTER_BOUND('',#688,.T.);
#448=FACE_OUTER_BOUND('',#689,.T.);
#449=FACE_OUTER_BOUND('',#690,.T.);
#450=FACE_OUTER_BOUND('',#691,.T.);
#451=FACE_OUTER_BOUND('',#692,.T.);
#452=FACE_OUTER_BOUND('',#693,.T.);
#453=FACE_OUTER_BOUND('',#694,.T.);
#454=FACE_OUTER_BOUND('',#695,.T.);
#455=FACE_OUTER_BOUND('',#696,.T.);
#456=FACE_OUTER_BOUND('',#697,.T.);
#457=FACE_OUTER_BOUND('',#698,.T.);
#458=FACE_OUTER_BOUND('',#699,.T.);
#459=FACE_OUTER_BOUND('',#700,.T.);
#460=FACE_OUTER_BOUND('',#701,.T.);
#461=FACE_OUTER_BOUND('',#702,.T.);
#462=FACE_OUTER_BOUND('',#703,.T.);
#463=FACE_OUTER_BOUND('',#704,.T.);
#464=FACE_OUTER_BOUND('',#705,.T.);
#465=FACE_OUTER_BOUND('',#706,.T.);
#466=FACE_OUTER_BOUND('',#707,.T.);
#467=FACE_OUTER_BOUND('',#708,.T.);
#468=FACE_OUTER_BOUND('',#709,.T.);
#469=FACE_OUTER_BOUND('',#710,.T.);
#470=FACE_OUTER_BOUND('',#711,.T.);
#471=FACE_OUTER_BOUND('',#712,.T.);
#472=FACE_OUTER_BOUND('',#713,.T.);
#473=FACE_OUTER_BOUND('',#714,.T.);
#474=FACE_OUTER_BOUND('',#715,.T.);
#475=FACE_OUTER_BOUND('',#716,.T.);
#476=FACE_OUTER_BOUND('',#717,.T.);
#477=FACE_OUTER_BOUND('',#718,.T.);
#478=FACE_OUTER_BOUND('',#719,.T.);
#479=FACE_OUTER_BOUND('',#720,.T.);
#480=FACE_OUTER_BOUND('',#721,.T.);
#481=FACE_OUTER_BOUND('',#722,.T.);
#482=FACE_OUTER_BOUND('',#723,.T.);
#483=FACE_OUTER_BOUND('',#724,.T.);
#484=FACE_OUTER_BOUND('',#725,.T.);
#485=FACE_OUTER_BOUND('',#726,.T.);
#486=FACE_OUTER_BOUND('',#727,.T.);
#487=FACE_OUTER_BOUND('',#728,.T.);
#488=FACE_OUTER_BOUND('',#729,.T.);
#489=FACE_OUTER_BOUND('',#730,.T.);
#490=FACE_OUTER_BOUND('',#731,.T.);
#491=FACE_OUTER_BOUND('',#732,.T.);
#492=FACE_OUTER_BOUND('',#733,.T.);
#493=FACE_OUTER_BOUND('',#734,.T.);
#494=FACE_OUTER_BOUND('',#735,.T.);
#495=FACE_OUTER_BOUND('',#736,.T.);
#496=FACE_OUTER_BOUND('',#737,.T.);
#497=FACE_OUTER_BOUND('',#739,.T.);
#498=FACE_OUTER_BOUND('',#740,.T.);
#499=FACE_OUTER_BOUND('',#741,.T.);
#500=FACE_OUTER_BOUND('',#742,.T.);
#501=EDGE_LOOP('',(#3097,#3098,#3099,#3100));
#502=EDGE_LOOP('',(#3101,#3102,#3103,#3104));
#503=EDGE_LOOP('',(#3105,#3106,#3107,#3108));
#504=EDGE_LOOP('',(#3109,#3110,#3111,#3112));
#505=EDGE_LOOP('',(#3113,#3114,#3115,#3116));
#506=EDGE_LOOP('',(#3117,#3118,#3119,#3120,#3121,#3122));
#507=EDGE_LOOP('',(#3123,#3124,#3125,#3126));
#508=EDGE_LOOP('',(#3127,#3128,#3129,#3130,#3131,#3132));
#509=EDGE_LOOP('',(#3133,#3134,#3135,#3136));
#510=EDGE_LOOP('',(#3137,#3138,#3139,#3140,#3141,#3142));
#511=EDGE_LOOP('',(#3143,#3144,#3145,#3146,#3147,#3148));
#512=EDGE_LOOP('',(#3149,#3150,#3151,#3152));
#513=EDGE_LOOP('',(#3153,#3154,#3155,#3156));
#514=EDGE_LOOP('',(#3157,#3158,#3159,#3160,#3161,#3162,#3163,#3164));
#515=EDGE_LOOP('',(#3165,#3166,#3167,#3168));
#516=EDGE_LOOP('',(#3169,#3170,#3171,#3172,#3173,#3174,#3175,#3176,#3177,
#3178,#3179,#3180,#3181,#3182,#3183,#3184,#3185,#3186,#3187,#3188,#3189,
#3190,#3191,#3192,#3193,#3194,#3195,#3196,#3197,#3198,#3199,#3200,#3201,
#3202,#3203,#3204,#3205,#3206,#3207,#3208,#3209,#3210,#3211,#3212,#3213,
#3214,#3215,#3216,#3217,#3218,#3219,#3220,#3221,#3222,#3223,#3224,#3225,
#3226,#3227,#3228,#3229,#3230));
#517=EDGE_LOOP('',(#3231,#3232,#3233,#3234,#3235,#3236));
#518=EDGE_LOOP('',(#3237,#3238,#3239,#3240));
#519=EDGE_LOOP('',(#3241,#3242,#3243,#3244,#3245,#3246,#3247,#3248));
#520=EDGE_LOOP('',(#3249,#3250,#3251,#3252));
#521=EDGE_LOOP('',(#3253,#3254,#3255,#3256,#3257,#3258));
#522=EDGE_LOOP('',(#3259,#3260,#3261,#3262));
#523=EDGE_LOOP('',(#3263,#3264,#3265,#3266));
#524=EDGE_LOOP('',(#3267,#3268,#3269,#3270));
#525=EDGE_LOOP('',(#3271,#3272,#3273,#3274));
#526=EDGE_LOOP('',(#3275,#3276,#3277,#3278));
#527=EDGE_LOOP('',(#3279,#3280,#3281,#3282));
#528=EDGE_LOOP('',(#3283,#3284,#3285,#3286));
#529=EDGE_LOOP('',(#3287,#3288,#3289,#3290));
#530=EDGE_LOOP('',(#3291,#3292,#3293,#3294));
#531=EDGE_LOOP('',(#3295,#3296,#3297,#3298));
#532=EDGE_LOOP('',(#3299,#3300,#3301,#3302));
#533=EDGE_LOOP('',(#3303,#3304,#3305,#3306));
#534=EDGE_LOOP('',(#3307,#3308,#3309,#3310));
#535=EDGE_LOOP('',(#3311,#3312,#3313,#3314));
#536=EDGE_LOOP('',(#3315,#3316,#3317,#3318));
#537=EDGE_LOOP('',(#3319,#3320,#3321,#3322));
#538=EDGE_LOOP('',(#3323,#3324,#3325,#3326));
#539=EDGE_LOOP('',(#3327,#3328,#3329,#3330));
#540=EDGE_LOOP('',(#3331,#3332,#3333,#3334,#3335,#3336,#3337,#3338));
#541=EDGE_LOOP('',(#3339,#3340,#3341,#3342,#3343,#3344));
#542=EDGE_LOOP('',(#3345,#3346,#3347,#3348,#3349,#3350,#3351,#3352,#3353,
#3354,#3355,#3356,#3357,#3358,#3359,#3360,#3361,#3362,#3363,#3364,#3365,
#3366,#3367,#3368,#3369,#3370,#3371,#3372,#3373,#3374,#3375,#3376,#3377,
#3378,#3379,#3380,#3381,#3382,#3383,#3384,#3385,#3386,#3387,#3388,#3389,
#3390,#3391,#3392,#3393,#3394,#3395,#3396));
#543=EDGE_LOOP('',(#3397));
#544=EDGE_LOOP('',(#3398));
#545=EDGE_LOOP('',(#3399,#3400,#3401,#3402));
#546=EDGE_LOOP('',(#3403,#3404,#3405,#3406));
#547=EDGE_LOOP('',(#3407,#3408,#3409,#3410));
#548=EDGE_LOOP('',(#3411,#3412,#3413,#3414));
#549=EDGE_LOOP('',(#3415,#3416,#3417,#3418,#3419,#3420));
#550=EDGE_LOOP('',(#3421,#3422,#3423,#3424,#3425,#3426));
#551=EDGE_LOOP('',(#3427,#3428,#3429,#3430));
#552=EDGE_LOOP('',(#3431,#3432,#3433,#3434));
#553=EDGE_LOOP('',(#3435,#3436,#3437,#3438));
#554=EDGE_LOOP('',(#3439,#3440,#3441,#3442));
#555=EDGE_LOOP('',(#3443,#3444,#3445,#3446,#3447,#3448));
#556=EDGE_LOOP('',(#3449,#3450,#3451,#3452,#3453,#3454));
#557=EDGE_LOOP('',(#3455,#3456,#3457,#3458));
#558=EDGE_LOOP('',(#3459,#3460,#3461,#3462));
#559=EDGE_LOOP('',(#3463,#3464,#3465,#3466));
#560=EDGE_LOOP('',(#3467,#3468,#3469,#3470));
#561=EDGE_LOOP('',(#3471,#3472,#3473,#3474,#3475,#3476));
#562=EDGE_LOOP('',(#3477,#3478,#3479,#3480,#3481,#3482));
#563=EDGE_LOOP('',(#3483,#3484,#3485,#3486));
#564=EDGE_LOOP('',(#3487,#3488,#3489,#3490));
#565=EDGE_LOOP('',(#3491,#3492,#3493,#3494));
#566=EDGE_LOOP('',(#3495,#3496,#3497,#3498));
#567=EDGE_LOOP('',(#3499,#3500,#3501,#3502,#3503,#3504));
#568=EDGE_LOOP('',(#3505,#3506,#3507,#3508,#3509,#3510));
#569=EDGE_LOOP('',(#3511,#3512,#3513,#3514));
#570=EDGE_LOOP('',(#3515,#3516,#3517,#3518));
#571=EDGE_LOOP('',(#3519,#3520,#3521,#3522));
#572=EDGE_LOOP('',(#3523,#3524,#3525,#3526));
#573=EDGE_LOOP('',(#3527,#3528,#3529,#3530,#3531,#3532));
#574=EDGE_LOOP('',(#3533,#3534,#3535,#3536,#3537,#3538));
#575=EDGE_LOOP('',(#3539,#3540,#3541,#3542));
#576=EDGE_LOOP('',(#3543,#3544,#3545,#3546));
#577=EDGE_LOOP('',(#3547,#3548,#3549,#3550));
#578=EDGE_LOOP('',(#3551,#3552,#3553,#3554));
#579=EDGE_LOOP('',(#3555,#3556,#3557,#3558,#3559,#3560));
#580=EDGE_LOOP('',(#3561,#3562,#3563,#3564,#3565,#3566));
#581=EDGE_LOOP('',(#3567,#3568,#3569,#3570));
#582=EDGE_LOOP('',(#3571,#3572,#3573,#3574));
#583=EDGE_LOOP('',(#3575,#3576,#3577,#3578));
#584=EDGE_LOOP('',(#3579,#3580,#3581,#3582));
#585=EDGE_LOOP('',(#3583,#3584,#3585,#3586,#3587,#3588));
#586=EDGE_LOOP('',(#3589,#3590,#3591,#3592,#3593,#3594));
#587=EDGE_LOOP('',(#3595,#3596,#3597,#3598));
#588=EDGE_LOOP('',(#3599,#3600,#3601,#3602));
#589=EDGE_LOOP('',(#3603,#3604,#3605,#3606));
#590=EDGE_LOOP('',(#3607,#3608,#3609,#3610));
#591=EDGE_LOOP('',(#3611,#3612,#3613,#3614,#3615,#3616));
#592=EDGE_LOOP('',(#3617,#3618,#3619,#3620,#3621,#3622));
#593=EDGE_LOOP('',(#3623,#3624,#3625,#3626));
#594=EDGE_LOOP('',(#3627,#3628,#3629,#3630));
#595=EDGE_LOOP('',(#3631,#3632,#3633,#3634));
#596=EDGE_LOOP('',(#3635,#3636,#3637,#3638));
#597=EDGE_LOOP('',(#3639,#3640,#3641,#3642,#3643,#3644));
#598=EDGE_LOOP('',(#3645,#3646,#3647,#3648,#3649,#3650));
#599=EDGE_LOOP('',(#3651,#3652,#3653,#3654));
#600=EDGE_LOOP('',(#3655,#3656,#3657,#3658));
#601=EDGE_LOOP('',(#3659,#3660,#3661,#3662));
#602=EDGE_LOOP('',(#3663,#3664,#3665,#3666));
#603=EDGE_LOOP('',(#3667,#3668,#3669,#3670,#3671,#3672));
#604=EDGE_LOOP('',(#3673,#3674,#3675,#3676,#3677,#3678));
#605=EDGE_LOOP('',(#3679,#3680,#3681,#3682));
#606=EDGE_LOOP('',(#3683,#3684,#3685,#3686));
#607=EDGE_LOOP('',(#3687,#3688,#3689,#3690));
#608=EDGE_LOOP('',(#3691,#3692,#3693,#3694));
#609=EDGE_LOOP('',(#3695,#3696,#3697,#3698,#3699,#3700));
#610=EDGE_LOOP('',(#3701,#3702,#3703,#3704,#3705,#3706));
#611=EDGE_LOOP('',(#3707,#3708,#3709,#3710));
#612=EDGE_LOOP('',(#3711,#3712,#3713,#3714));
#613=EDGE_LOOP('',(#3715,#3716,#3717,#3718));
#614=EDGE_LOOP('',(#3719,#3720,#3721,#3722));
#615=EDGE_LOOP('',(#3723,#3724,#3725,#3726,#3727,#3728));
#616=EDGE_LOOP('',(#3729,#3730,#3731,#3732,#3733,#3734));
#617=EDGE_LOOP('',(#3735));
#618=EDGE_LOOP('',(#3736));
#619=EDGE_LOOP('',(#3737,#3738,#3739,#3740));
#620=EDGE_LOOP('',(#3741,#3742,#3743,#3744));
#621=EDGE_LOOP('',(#3745,#3746,#3747,#3748));
#622=EDGE_LOOP('',(#3749,#3750,#3751,#3752));
#623=EDGE_LOOP('',(#3753,#3754,#3755,#3756));
#624=EDGE_LOOP('',(#3757,#3758,#3759,#3760,#3761,#3762,#3763,#3764,#3765,
#3766,#3767,#3768));
#625=EDGE_LOOP('',(#3769,#3770,#3771,#3772));
#626=EDGE_LOOP('',(#3773,#3774,#3775,#3776,#3777));
#627=EDGE_LOOP('',(#3778,#3779,#3780,#3781));
#628=EDGE_LOOP('',(#3782,#3783,#3784,#3785,#3786));
#629=EDGE_LOOP('',(#3787,#3788,#3789,#3790));
#630=EDGE_LOOP('',(#3791,#3792,#3793,#3794,#3795,#3796,#3797,#3798,#3799,
#3800,#3801,#3802,#3803,#3804,#3805,#3806,#3807,#3808,#3809,#3810));
#631=EDGE_LOOP('',(#3811,#3812,#3813,#3814,#3815,#3816,#3817));
#632=EDGE_LOOP('',(#3818,#3819,#3820,#3821,#3822,#3823));
#633=EDGE_LOOP('',(#3824,#3825,#3826,#3827));
#634=EDGE_LOOP('',(#3828,#3829,#3830,#3831,#3832,#3833,#3834,#3835,#3836,
#3837,#3838,#3839,#3840,#3841,#3842,#3843));
#635=EDGE_LOOP('',(#3844,#3845,#3846,#3847,#3848,#3849,#3850,#3851,#3852,
#3853,#3854,#3855,#3856,#3857,#3858,#3859,#3860,#3861,#3862,#3863));
#636=EDGE_LOOP('',(#3864,#3865,#3866,#3867,#3868,#3869,#3870));
#637=EDGE_LOOP('',(#3871,#3872,#3873,#3874,#3875,#3876));
#638=EDGE_LOOP('',(#3877,#3878,#3879,#3880));
#639=EDGE_LOOP('',(#3881,#3882,#3883,#3884,#3885,#3886,#3887,#3888));
#640=EDGE_LOOP('',(#3889,#3890,#3891,#3892,#3893,#3894,#3895,#3896));
#641=EDGE_LOOP('',(#3897,#3898,#3899,#3900,#3901,#3902,#3903,#3904));
#642=EDGE_LOOP('',(#3905,#3906,#3907,#3908));
#643=EDGE_LOOP('',(#3909,#3910,#3911,#3912,#3913,#3914,#3915,#3916));
#644=EDGE_LOOP('',(#3917,#3918,#3919,#3920));
#645=EDGE_LOOP('',(#3921,#3922,#3923,#3924,#3925,#3926));
#646=EDGE_LOOP('',(#3927,#3928,#3929,#3930,#3931,#3932));
#647=EDGE_LOOP('',(#3933,#3934,#3935,#3936));
#648=EDGE_LOOP('',(#3937,#3938,#3939,#3940,#3941,#3942,#3943,#3944));
#649=EDGE_LOOP('',(#3945,#3946,#3947,#3948,#3949,#3950,#3951,#3952));
#650=EDGE_LOOP('',(#3953,#3954,#3955,#3956,#3957,#3958,#3959,#3960,#3961,
#3962,#3963,#3964));
#651=EDGE_LOOP('',(#3965,#3966,#3967,#3968,#3969));
#652=EDGE_LOOP('',(#3970,#3971,#3972,#3973,#3974));
#653=EDGE_LOOP('',(#3975,#3976,#3977,#3978));
#654=EDGE_LOOP('',(#3979,#3980,#3981,#3982,#3983,#3984,#3985,#3986));
#655=EDGE_LOOP('',(#3987,#3988,#3989,#3990));
#656=EDGE_LOOP('',(#3991,#3992,#3993,#3994,#3995,#3996,#3997,#3998));
#657=EDGE_LOOP('',(#3999,#4000,#4001,#4002));
#658=EDGE_LOOP('',(#4003,#4004,#4005,#4006,#4007,#4008,#4009,#4010));
#659=EDGE_LOOP('',(#4011,#4012,#4013,#4014,#4015,#4016));
#660=EDGE_LOOP('',(#4017,#4018,#4019,#4020));
#661=EDGE_LOOP('',(#4021,#4022,#4023,#4024));
#662=EDGE_LOOP('',(#4025,#4026,#4027,#4028));
#663=EDGE_LOOP('',(#4029,#4030,#4031,#4032));
#664=EDGE_LOOP('',(#4033,#4034,#4035,#4036,#4037,#4038));
#665=EDGE_LOOP('',(#4039,#4040,#4041,#4042,#4043,#4044));
#666=EDGE_LOOP('',(#4045,#4046,#4047,#4048));
#667=EDGE_LOOP('',(#4049,#4050,#4051,#4052));
#668=EDGE_LOOP('',(#4053,#4054,#4055,#4056));
#669=EDGE_LOOP('',(#4057,#4058,#4059,#4060));
#670=EDGE_LOOP('',(#4061,#4062,#4063,#4064,#4065,#4066,#4067,#4068,#4069,
#4070,#4071,#4072));
#671=EDGE_LOOP('',(#4073,#4074,#4075,#4076,#4077,#4078));
#672=EDGE_LOOP('',(#4079,#4080,#4081,#4082));
#673=EDGE_LOOP('',(#4083,#4084,#4085,#4086,#4087,#4088));
#674=EDGE_LOOP('',(#4089,#4090,#4091,#4092,#4093));
#675=EDGE_LOOP('',(#4094,#4095,#4096,#4097,#4098));
#676=EDGE_LOOP('',(#4099,#4100,#4101,#4102,#4103,#4104));
#677=EDGE_LOOP('',(#4105,#4106,#4107,#4108));
#678=EDGE_LOOP('',(#4109,#4110,#4111,#4112));
#679=EDGE_LOOP('',(#4113,#4114,#4115,#4116,#4117,#4118));
#680=EDGE_LOOP('',(#4119,#4120,#4121,#4122));
#681=EDGE_LOOP('',(#4123,#4124,#4125,#4126));
#682=EDGE_LOOP('',(#4127,#4128,#4129,#4130));
#683=EDGE_LOOP('',(#4131,#4132,#4133,#4134,#4135,#4136,#4137,#4138,#4139,
#4140,#4141,#4142));
#684=EDGE_LOOP('',(#4143,#4144,#4145,#4146));
#685=EDGE_LOOP('',(#4147,#4148,#4149,#4150,#4151));
#686=EDGE_LOOP('',(#4152,#4153,#4154,#4155));
#687=EDGE_LOOP('',(#4156,#4157,#4158,#4159,#4160));
#688=EDGE_LOOP('',(#4161,#4162,#4163,#4164));
#689=EDGE_LOOP('',(#4165,#4166,#4167,#4168,#4169,#4170,#4171));
#690=EDGE_LOOP('',(#4172,#4173,#4174,#4175,#4176,#4177));
#691=EDGE_LOOP('',(#4178,#4179,#4180,#4181));
#692=EDGE_LOOP('',(#4182,#4183,#4184,#4185,#4186,#4187,#4188));
#693=EDGE_LOOP('',(#4189,#4190,#4191,#4192,#4193,#4194));
#694=EDGE_LOOP('',(#4195,#4196,#4197,#4198));
#695=EDGE_LOOP('',(#4199,#4200,#4201,#4202,#4203,#4204,#4205,#4206));
#696=EDGE_LOOP('',(#4207,#4208,#4209,#4210,#4211,#4212,#4213,#4214));
#697=EDGE_LOOP('',(#4215,#4216,#4217,#4218,#4219,#4220,#4221,#4222));
#698=EDGE_LOOP('',(#4223,#4224,#4225,#4226));
#699=EDGE_LOOP('',(#4227,#4228,#4229,#4230,#4231,#4232,#4233,#4234));
#700=EDGE_LOOP('',(#4235,#4236,#4237,#4238));
#701=EDGE_LOOP('',(#4239,#4240,#4241,#4242,#4243,#4244));
#702=EDGE_LOOP('',(#4245,#4246,#4247,#4248,#4249,#4250));
#703=EDGE_LOOP('',(#4251,#4252,#4253,#4254));
#704=EDGE_LOOP('',(#4255,#4256,#4257,#4258,#4259,#4260,#4261,#4262));
#705=EDGE_LOOP('',(#4263,#4264,#4265,#4266,#4267,#4268,#4269,#4270));
#706=EDGE_LOOP('',(#4271,#4272,#4273,#4274,#4275));
#707=EDGE_LOOP('',(#4276,#4277,#4278,#4279,#4280));
#708=EDGE_LOOP('',(#4281,#4282,#4283,#4284));
#709=EDGE_LOOP('',(#4285,#4286,#4287,#4288,#4289,#4290,#4291,#4292));
#710=EDGE_LOOP('',(#4293,#4294,#4295,#4296));
#711=EDGE_LOOP('',(#4297,#4298,#4299,#4300,#4301,#4302,#4303,#4304));
#712=EDGE_LOOP('',(#4305,#4306,#4307,#4308));
#713=EDGE_LOOP('',(#4309,#4310,#4311,#4312,#4313,#4314,#4315,#4316));
#714=EDGE_LOOP('',(#4317,#4318,#4319,#4320,#4321,#4322));
#715=EDGE_LOOP('',(#4323,#4324,#4325,#4326));
#716=EDGE_LOOP('',(#4327,#4328,#4329,#4330));
#717=EDGE_LOOP('',(#4331,#4332,#4333,#4334));
#718=EDGE_LOOP('',(#4335,#4336,#4337,#4338));
#719=EDGE_LOOP('',(#4339,#4340,#4341,#4342,#4343,#4344));
#720=EDGE_LOOP('',(#4345,#4346,#4347,#4348,#4349,#4350));
#721=EDGE_LOOP('',(#4351,#4352,#4353,#4354));
#722=EDGE_LOOP('',(#4355,#4356,#4357,#4358));
#723=EDGE_LOOP('',(#4359,#4360,#4361,#4362));
#724=EDGE_LOOP('',(#4363,#4364,#4365,#4366));
#725=EDGE_LOOP('',(#4367,#4368,#4369,#4370,#4371,#4372));
#726=EDGE_LOOP('',(#4373,#4374,#4375,#4376));
#727=EDGE_LOOP('',(#4377,#4378,#4379,#4380,#4381,#4382));
#728=EDGE_LOOP('',(#4383,#4384,#4385,#4386,#4387));
#729=EDGE_LOOP('',(#4388,#4389,#4390,#4391,#4392));
#730=EDGE_LOOP('',(#4393,#4394,#4395,#4396,#4397,#4398));
#731=EDGE_LOOP('',(#4399,#4400,#4401,#4402));
#732=EDGE_LOOP('',(#4403,#4404,#4405,#4406));
#733=EDGE_LOOP('',(#4407,#4408,#4409,#4410,#4411,#4412));
#734=EDGE_LOOP('',(#4413,#4414,#4415,#4416));
#735=EDGE_LOOP('',(#4417,#4418,#4419,#4420));
#736=EDGE_LOOP('',(#4421,#4422,#4423,#4424,#4425,#4426,#4427,#4428,#4429,
#4430,#4431,#4432,#4433,#4434,#4435,#4436));
#737=EDGE_LOOP('',(#4437,#4438,#4439,#4440,#4441,#4442,#4443,#4444));
#738=EDGE_LOOP('',(#4445,#4446,#4447,#4448,#4449,#4450,#4451,#4452));
#739=EDGE_LOOP('',(#4453,#4454,#4455,#4456));
#740=EDGE_LOOP('',(#4457,#4458,#4459,#4460));
#741=EDGE_LOOP('',(#4461,#4462,#4463,#4464));
#742=EDGE_LOOP('',(#4465,#4466,#4467,#4468));
#743=LINE('',#6689,#1279);
#744=LINE('',#6694,#1280);
#745=LINE('',#6699,#1281);
#746=LINE('',#6704,#1282);
#747=LINE('',#6708,#1283);
#748=LINE('',#6710,#1284);
#749=LINE('',#6712,#1285);
#750=LINE('',#6713,#1286);
#751=LINE('',#6716,#1287);
#752=LINE('',#6718,#1288);
#753=LINE('',#6720,#1289);
#754=LINE('',#6722,#1290);
#755=LINE('',#6723,#1291);
#756=LINE('',#6726,#1292);
#757=LINE('',#6728,#1293);
#758=LINE('',#6729,#1294);
#759=LINE('',#6731,#1295);
#760=LINE('',#6733,#1296);
#761=LINE('',#6735,#1297);
#762=LINE('',#6736,#1298);
#763=LINE('',#6740,#1299);
#764=LINE('',#6742,#1300);
#765=LINE('',#6744,#1301);
#766=LINE('',#6745,#1302);
#767=LINE('',#6747,#1303);
#768=LINE('',#6748,#1304);
#769=LINE('',#6750,#1305);
#770=LINE('',#6751,#1306);
#771=LINE('',#6757,#1307);
#772=LINE('',#6761,#1308);
#773=LINE('',#6765,#1309);
#774=LINE('',#6769,#1310);
#775=LINE('',#6774,#1311);
#776=LINE('',#6776,#1312);
#777=LINE('',#6778,#1313);
#778=LINE('',#6782,#1314);
#779=LINE('',#6784,#1315);
#780=LINE('',#6786,#1316);
#781=LINE('',#6790,#1317);
#782=LINE('',#6794,#1318);
#783=LINE('',#6796,#1319);
#784=LINE('',#6798,#1320);
#785=LINE('',#6802,#1321);
#786=LINE('',#6804,#1322);
#787=LINE('',#6806,#1323);
#788=LINE('',#6808,#1324);
#789=LINE('',#6810,#1325);
#790=LINE('',#6812,#1326);
#791=LINE('',#6814,#1327);
#792=LINE('',#6816,#1328);
#793=LINE('',#6818,#1329);
#794=LINE('',#6820,#1330);
#795=LINE('',#6822,#1331);
#796=LINE('',#6824,#1332);
#797=LINE('',#6826,#1333);
#798=LINE('',#6828,#1334);
#799=LINE('',#6830,#1335);
#800=LINE('',#6832,#1336);
#801=LINE('',#6834,#1337);
#802=LINE('',#6836,#1338);
#803=LINE('',#6838,#1339);
#804=LINE('',#6840,#1340);
#805=LINE('',#6842,#1341);
#806=LINE('',#6844,#1342);
#807=LINE('',#6846,#1343);
#808=LINE('',#6848,#1344);
#809=LINE('',#6850,#1345);
#810=LINE('',#6852,#1346);
#811=LINE('',#6854,#1347);
#812=LINE('',#6856,#1348);
#813=LINE('',#6858,#1349);
#814=LINE('',#6860,#1350);
#815=LINE('',#6862,#1351);
#816=LINE('',#6864,#1352);
#817=LINE('',#6866,#1353);
#818=LINE('',#6868,#1354);
#819=LINE('',#6870,#1355);
#820=LINE('',#6872,#1356);
#821=LINE('',#6874,#1357);
#822=LINE('',#6876,#1358);
#823=LINE('',#6878,#1359);
#824=LINE('',#6880,#1360);
#825=LINE('',#6882,#1361);
#826=LINE('',#6884,#1362);
#827=LINE('',#6886,#1363);
#828=LINE('',#6888,#1364);
#829=LINE('',#6890,#1365);
#830=LINE('',#6892,#1366);
#831=LINE('',#6894,#1367);
#832=LINE('',#6895,#1368);
#833=LINE('',#6898,#1369);
#834=LINE('',#6900,#1370);
#835=LINE('',#6902,#1371);
#836=LINE('',#6904,#1372);
#837=LINE('',#6905,#1373);
#838=LINE('',#6908,#1374);
#839=LINE('',#6912,#1375);
#840=LINE('',#6914,#1376);
#841=LINE('',#6915,#1377);
#842=LINE('',#6917,#1378);
#843=LINE('',#6918,#1379);
#844=LINE('',#6921,#1380);
#845=LINE('',#6926,#1381);
#846=LINE('',#6927,#1382);
#847=LINE('',#6929,#1383);
#848=LINE('',#6930,#1384);
#849=LINE('',#6935,#1385);
#850=LINE('',#6939,#1386);
#851=LINE('',#6941,#1387);
#852=LINE('',#6942,#1388);
#853=LINE('',#6947,#1389);
#854=LINE('',#6948,#1390);
#855=LINE('',#6950,#1391);
#856=LINE('',#6952,#1392);
#857=LINE('',#6954,#1393);
#858=LINE('',#6956,#1394);
#859=LINE('',#6958,#1395);
#860=LINE('',#6960,#1396);
#861=LINE('',#6964,#1397);
#862=LINE('',#6966,#1398);
#863=LINE('',#6970,#1399);
#864=LINE('',#6971,#1400);
#865=LINE('',#6973,#1401);
#866=LINE('',#6976,#1402);
#867=LINE('',#6977,#1403);
#868=LINE('',#6980,#1404);
#869=LINE('',#6981,#1405);
#870=LINE('',#6984,#1406);
#871=LINE('',#6987,#1407);
#872=LINE('',#6990,#1408);
#873=LINE('',#6993,#1409);
#874=LINE('',#6995,#1410);
#875=LINE('',#6996,#1411);
#876=LINE('',#6998,#1412);
#877=LINE('',#7000,#1413);
#878=LINE('',#7001,#1414);
#879=LINE('',#7003,#1415);
#880=LINE('',#7005,#1416);
#881=LINE('',#7006,#1417);
#882=LINE('',#7008,#1418);
#883=LINE('',#7010,#1419);
#884=LINE('',#7011,#1420);
#885=LINE('',#7013,#1421);
#886=LINE('',#7015,#1422);
#887=LINE('',#7016,#1423);
#888=LINE('',#7018,#1424);
#889=LINE('',#7020,#1425);
#890=LINE('',#7021,#1426);
#891=LINE('',#7023,#1427);
#892=LINE('',#7025,#1428);
#893=LINE('',#7026,#1429);
#894=LINE('',#7028,#1430);
#895=LINE('',#7030,#1431);
#896=LINE('',#7031,#1432);
#897=LINE('',#7033,#1433);
#898=LINE('',#7035,#1434);
#899=LINE('',#7036,#1435);
#900=LINE('',#7038,#1436);
#901=LINE('',#7040,#1437);
#902=LINE('',#7041,#1438);
#903=LINE('',#7043,#1439);
#904=LINE('',#7045,#1440);
#905=LINE('',#7046,#1441);
#906=LINE('',#7048,#1442);
#907=LINE('',#7050,#1443);
#908=LINE('',#7051,#1444);
#909=LINE('',#7054,#1445);
#910=LINE('',#7056,#1446);
#911=LINE('',#7057,#1447);
#912=LINE('',#7060,#1448);
#913=LINE('',#7062,#1449);
#914=LINE('',#7063,#1450);
#915=LINE('',#7066,#1451);
#916=LINE('',#7068,#1452);
#917=LINE('',#7069,#1453);
#918=LINE('',#7071,#1454);
#919=LINE('',#7072,#1455);
#920=LINE('',#7077,#1456);
#921=LINE('',#7079,#1457);
#922=LINE('',#7080,#1458);
#923=LINE('',#7083,#1459);
#924=LINE('',#7085,#1460);
#925=LINE('',#7086,#1461);
#926=LINE('',#7089,#1462);
#927=LINE('',#7091,#1463);
#928=LINE('',#7092,#1464);
#929=LINE('',#7094,#1465);
#930=LINE('',#7095,#1466);
#931=LINE('',#7100,#1467);
#932=LINE('',#7102,#1468);
#933=LINE('',#7103,#1469);
#934=LINE('',#7106,#1470);
#935=LINE('',#7108,#1471);
#936=LINE('',#7109,#1472);
#937=LINE('',#7112,#1473);
#938=LINE('',#7114,#1474);
#939=LINE('',#7115,#1475);
#940=LINE('',#7117,#1476);
#941=LINE('',#7118,#1477);
#942=LINE('',#7123,#1478);
#943=LINE('',#7125,#1479);
#944=LINE('',#7126,#1480);
#945=LINE('',#7129,#1481);
#946=LINE('',#7131,#1482);
#947=LINE('',#7132,#1483);
#948=LINE('',#7135,#1484);
#949=LINE('',#7137,#1485);
#950=LINE('',#7138,#1486);
#951=LINE('',#7140,#1487);
#952=LINE('',#7141,#1488);
#953=LINE('',#7146,#1489);
#954=LINE('',#7148,#1490);
#955=LINE('',#7149,#1491);
#956=LINE('',#7152,#1492);
#957=LINE('',#7154,#1493);
#958=LINE('',#7155,#1494);
#959=LINE('',#7158,#1495);
#960=LINE('',#7160,#1496);
#961=LINE('',#7161,#1497);
#962=LINE('',#7163,#1498);
#963=LINE('',#7164,#1499);
#964=LINE('',#7169,#1500);
#965=LINE('',#7171,#1501);
#966=LINE('',#7172,#1502);
#967=LINE('',#7175,#1503);
#968=LINE('',#7177,#1504);
#969=LINE('',#7178,#1505);
#970=LINE('',#7181,#1506);
#971=LINE('',#7183,#1507);
#972=LINE('',#7184,#1508);
#973=LINE('',#7186,#1509);
#974=LINE('',#7187,#1510);
#975=LINE('',#7192,#1511);
#976=LINE('',#7194,#1512);
#977=LINE('',#7195,#1513);
#978=LINE('',#7198,#1514);
#979=LINE('',#7200,#1515);
#980=LINE('',#7201,#1516);
#981=LINE('',#7204,#1517);
#982=LINE('',#7206,#1518);
#983=LINE('',#7207,#1519);
#984=LINE('',#7209,#1520);
#985=LINE('',#7210,#1521);
#986=LINE('',#7215,#1522);
#987=LINE('',#7217,#1523);
#988=LINE('',#7218,#1524);
#989=LINE('',#7221,#1525);
#990=LINE('',#7223,#1526);
#991=LINE('',#7224,#1527);
#992=LINE('',#7227,#1528);
#993=LINE('',#7229,#1529);
#994=LINE('',#7230,#1530);
#995=LINE('',#7232,#1531);
#996=LINE('',#7233,#1532);
#997=LINE('',#7238,#1533);
#998=LINE('',#7240,#1534);
#999=LINE('',#7241,#1535);
#1000=LINE('',#7244,#1536);
#1001=LINE('',#7246,#1537);
#1002=LINE('',#7247,#1538);
#1003=LINE('',#7250,#1539);
#1004=LINE('',#7252,#1540);
#1005=LINE('',#7253,#1541);
#1006=LINE('',#7255,#1542);
#1007=LINE('',#7256,#1543);
#1008=LINE('',#7261,#1544);
#1009=LINE('',#7263,#1545);
#1010=LINE('',#7264,#1546);
#1011=LINE('',#7267,#1547);
#1012=LINE('',#7269,#1548);
#1013=LINE('',#7270,#1549);
#1014=LINE('',#7273,#1550);
#1015=LINE('',#7275,#1551);
#1016=LINE('',#7276,#1552);
#1017=LINE('',#7278,#1553);
#1018=LINE('',#7279,#1554);
#1019=LINE('',#7284,#1555);
#1020=LINE('',#7286,#1556);
#1021=LINE('',#7287,#1557);
#1022=LINE('',#7290,#1558);
#1023=LINE('',#7292,#1559);
#1024=LINE('',#7293,#1560);
#1025=LINE('',#7296,#1561);
#1026=LINE('',#7298,#1562);
#1027=LINE('',#7299,#1563);
#1028=LINE('',#7301,#1564);
#1029=LINE('',#7302,#1565);
#1030=LINE('',#7307,#1566);
#1031=LINE('',#7309,#1567);
#1032=LINE('',#7310,#1568);
#1033=LINE('',#7313,#1569);
#1034=LINE('',#7315,#1570);
#1035=LINE('',#7316,#1571);
#1036=LINE('',#7319,#1572);
#1037=LINE('',#7321,#1573);
#1038=LINE('',#7322,#1574);
#1039=LINE('',#7324,#1575);
#1040=LINE('',#7325,#1576);
#1041=LINE('',#7333,#1577);
#1042=LINE('',#7335,#1578);
#1043=LINE('',#7337,#1579);
#1044=LINE('',#7338,#1580);
#1045=LINE('',#7342,#1581);
#1046=LINE('',#7344,#1582);
#1047=LINE('',#7346,#1583);
#1048=LINE('',#7347,#1584);
#1049=LINE('',#7351,#1585);
#1050=LINE('',#7353,#1586);
#1051=LINE('',#7355,#1587);
#1052=LINE('',#7356,#1588);
#1053=LINE('',#7360,#1589);
#1054=LINE('',#7362,#1590);
#1055=LINE('',#7364,#1591);
#1056=LINE('',#7365,#1592);
#1057=LINE('',#7369,#1593);
#1058=LINE('',#7371,#1594);
#1059=LINE('',#7373,#1595);
#1060=LINE('',#7374,#1596);
#1061=LINE('',#7378,#1597);
#1062=LINE('',#7380,#1598);
#1063=LINE('',#7382,#1599);
#1064=LINE('',#7386,#1600);
#1065=LINE('',#7390,#1601);
#1066=LINE('',#7392,#1602);
#1067=LINE('',#7394,#1603);
#1068=LINE('',#7398,#1604);
#1069=LINE('',#7405,#1605);
#1070=LINE('',#7408,#1606);
#1071=LINE('',#7411,#1607);
#1072=LINE('',#7415,#1608);
#1073=LINE('',#7416,#1609);
#1074=LINE('',#7420,#1610);
#1075=LINE('',#7424,#1611);
#1076=LINE('',#7429,#1612);
#1077=LINE('',#7432,#1613);
#1078=LINE('',#7433,#1614);
#1079=LINE('',#7439,#1615);
#1080=LINE('',#7442,#1616);
#1081=LINE('',#7446,#1617);
#1082=LINE('',#7448,#1618);
#1083=LINE('',#7452,#1619);
#1084=LINE('',#7456,#1620);
#1085=LINE('',#7460,#1621);
#1086=LINE('',#7462,#1622);
#1087=LINE('',#7464,#1623);
#1088=LINE('',#7466,#1624);
#1089=LINE('',#7467,#1625);
#1090=LINE('',#7469,#1626);
#1091=LINE('',#7473,#1627);
#1092=LINE('',#7477,#1628);
#1093=LINE('',#7481,#1629);
#1094=LINE('',#7483,#1630);
#1095=LINE('',#7484,#1631);
#1096=LINE('',#7487,#1632);
#1097=LINE('',#7491,#1633);
#1098=LINE('',#7495,#1634);
#1099=LINE('',#7499,#1635);
#1100=LINE('',#7503,#1636);
#1101=LINE('',#7505,#1637);
#1102=LINE('',#7507,#1638);
#1103=LINE('',#7511,#1639);
#1104=LINE('',#7515,#1640);
#1105=LINE('',#7517,#1641);
#1106=LINE('',#7518,#1642);
#1107=LINE('',#7520,#1643);
#1108=LINE('',#7524,#1644);
#1109=LINE('',#7527,#1645);
#1110=LINE('',#7530,#1646);
#1111=LINE('',#7532,#1647);
#1112=LINE('',#7534,#1648);
#1113=LINE('',#7536,#1649);
#1114=LINE('',#7538,#1650);
#1115=LINE('',#7542,#1651);
#1116=LINE('',#7546,#1652);
#1117=LINE('',#7550,#1653);
#1118=LINE('',#7552,#1654);
#1119=LINE('',#7554,#1655);
#1120=LINE('',#7559,#1656);
#1121=LINE('',#7562,#1657);
#1122=LINE('',#7566,#1658);
#1123=LINE('',#7568,#1659);
#1124=LINE('',#7569,#1660);
#1125=LINE('',#7573,#1661);
#1126=LINE('',#7575,#1662);
#1127=LINE('',#7580,#1663);
#1128=LINE('',#7581,#1664);
#1129=LINE('',#7582,#1665);
#1130=LINE('',#7584,#1666);
#1131=LINE('',#7586,#1667);
#1132=LINE('',#7587,#1668);
#1133=LINE('',#7589,#1669);
#1134=LINE('',#7591,#1670);
#1135=LINE('',#7592,#1671);
#1136=LINE('',#7596,#1672);
#1137=LINE('',#7601,#1673);
#1138=LINE('',#7603,#1674);
#1139=LINE('',#7605,#1675);
#1140=LINE('',#7609,#1676);
#1141=LINE('',#7611,#1677);
#1142=LINE('',#7612,#1678);
#1143=LINE('',#7618,#1679);
#1144=LINE('',#7620,#1680);
#1145=LINE('',#7622,#1681);
#1146=LINE('',#7628,#1682);
#1147=LINE('',#7632,#1683);
#1148=LINE('',#7636,#1684);
#1149=LINE('',#7641,#1685);
#1150=LINE('',#7643,#1686);
#1151=LINE('',#7645,#1687);
#1152=LINE('',#7651,#1688);
#1153=LINE('',#7652,#1689);
#1154=LINE('',#7654,#1690);
#1155=LINE('',#7655,#1691);
#1156=LINE('',#7658,#1692);
#1157=LINE('',#7662,#1693);
#1158=LINE('',#7664,#1694);
#1159=LINE('',#7666,#1695);
#1160=LINE('',#7668,#1696);
#1161=LINE('',#7673,#1697);
#1162=LINE('',#7674,#1698);
#1163=LINE('',#7677,#1699);
#1164=LINE('',#7679,#1700);
#1165=LINE('',#7683,#1701);
#1166=LINE('',#7688,#1702);
#1167=LINE('',#7692,#1703);
#1168=LINE('',#7697,#1704);
#1169=LINE('',#7698,#1705);
#1170=LINE('',#7699,#1706);
#1171=LINE('',#7704,#1707);
#1172=LINE('',#7706,#1708);
#1173=LINE('',#7711,#1709);
#1174=LINE('',#7712,#1710);
#1175=LINE('',#7725,#1711);
#1176=LINE('',#7727,#1712);
#1177=LINE('',#7728,#1713);
#1178=LINE('',#7733,#1714);
#1179=LINE('',#7735,#1715);
#1180=LINE('',#7737,#1716);
#1181=LINE('',#7742,#1717);
#1182=LINE('',#7744,#1718);
#1183=LINE('',#7746,#1719);
#1184=LINE('',#7752,#1720);
#1185=LINE('',#7756,#1721);
#1186=LINE('',#7757,#1722);
#1187=LINE('',#7760,#1723);
#1188=LINE('',#7762,#1724);
#1189=LINE('',#7763,#1725);
#1190=LINE('',#7767,#1726);
#1191=LINE('',#7769,#1727);
#1192=LINE('',#7780,#1728);
#1193=LINE('',#7781,#1729);
#1194=LINE('',#7788,#1730);
#1195=LINE('',#7789,#1731);
#1196=LINE('',#7794,#1732);
#1197=LINE('',#7798,#1733);
#1198=LINE('',#7800,#1734);
#1199=LINE('',#7802,#1735);
#1200=LINE('',#7806,#1736);
#1201=LINE('',#7808,#1737);
#1202=LINE('',#7814,#1738);
#1203=LINE('',#7817,#1739);
#1204=LINE('',#7820,#1740);
#1205=LINE('',#7822,#1741);
#1206=LINE('',#7824,#1742);
#1207=LINE('',#7829,#1743);
#1208=LINE('',#7835,#1744);
#1209=LINE('',#7836,#1745);
#1210=LINE('',#7838,#1746);
#1211=LINE('',#7842,#1747);
#1212=LINE('',#7845,#1748);
#1213=LINE('',#7849,#1749);
#1214=LINE('',#7851,#1750);
#1215=LINE('',#7852,#1751);
#1216=LINE('',#7855,#1752);
#1217=LINE('',#7860,#1753);
#1218=LINE('',#7865,#1754);
#1219=LINE('',#7867,#1755);
#1220=LINE('',#7868,#1756);
#1221=LINE('',#7872,#1757);
#1222=LINE('',#7877,#1758);
#1223=LINE('',#7878,#1759);
#1224=LINE('',#7879,#1760);
#1225=LINE('',#7882,#1761);
#1226=LINE('',#7883,#1762);
#1227=LINE('',#7884,#1763);
#1228=LINE('',#7887,#1764);
#1229=LINE('',#7888,#1765);
#1230=LINE('',#7889,#1766);
#1231=LINE('',#7893,#1767);
#1232=LINE('',#7898,#1768);
#1233=LINE('',#7900,#1769);
#1234=LINE('',#7902,#1770);
#1235=LINE('',#7906,#1771);
#1236=LINE('',#7908,#1772);
#1237=LINE('',#7909,#1773);
#1238=LINE('',#7915,#1774);
#1239=LINE('',#7917,#1775);
#1240=LINE('',#7919,#1776);
#1241=LINE('',#7926,#1777);
#1242=LINE('',#7929,#1778);
#1243=LINE('',#7931,#1779);
#1244=LINE('',#7938,#1780);
#1245=LINE('',#7940,#1781);
#1246=LINE('',#7942,#1782);
#1247=LINE('',#7948,#1783);
#1248=LINE('',#7949,#1784);
#1249=LINE('',#7951,#1785);
#1250=LINE('',#7952,#1786);
#1251=LINE('',#7955,#1787);
#1252=LINE('',#7957,#1788);
#1253=LINE('',#7963,#1789);
#1254=LINE('',#7964,#1790);
#1255=LINE('',#7968,#1791);
#1256=LINE('',#7972,#1792);
#1257=LINE('',#7976,#1793);
#1258=LINE('',#7981,#1794);
#1259=LINE('',#7982,#1795);
#1260=LINE('',#7983,#1796);
#1261=LINE('',#7989,#1797);
#1262=LINE('',#7990,#1798);
#1263=LINE('',#7995,#1799);
#1264=LINE('',#7996,#1800);
#1265=LINE('',#8009,#1801);
#1266=LINE('',#8011,#1802);
#1267=LINE('',#8012,#1803);
#1268=LINE('',#8015,#1804);
#1269=LINE('',#8017,#1805);
#1270=LINE('',#8021,#1806);
#1271=LINE('',#8025,#1807);
#1272=LINE('',#8027,#1808);
#1273=LINE('',#8028,#1809);
#1274=LINE('',#8033,#1810);
#1275=LINE('',#8034,#1811);
#1276=LINE('',#8045,#1812);
#1277=LINE('',#8046,#1813);
#1278=LINE('',#8053,#1814);
#1279=VECTOR('',#5370,0.15);
#1280=VECTOR('',#5377,0.25);
#1281=VECTOR('',#5382,0.15);
#1282=VECTOR('',#5389,0.25);
#1283=VECTOR('',#5392,1000.);
#1284=VECTOR('',#5393,1000.);
#1285=VECTOR('',#5394,1000.);
#1286=VECTOR('',#5395,1000.);
#1287=VECTOR('',#5398,1000.);
#1288=VECTOR('',#5399,1000.);
#1289=VECTOR('',#5400,999.999999999619);
#1290=VECTOR('',#5401,1000.);
#1291=VECTOR('',#5402,999.999999999619);
#1292=VECTOR('',#5405,1000.);
#1293=VECTOR('',#5406,1000.);
#1294=VECTOR('',#5407,1000.);
#1295=VECTOR('',#5410,1000.);
#1296=VECTOR('',#5411,999.999999999619);
#1297=VECTOR('',#5412,1000.);
#1298=VECTOR('',#5413,999.999999999619);
#1299=VECTOR('',#5416,1000.);
#1300=VECTOR('',#5417,1000.);
#1301=VECTOR('',#5418,1000.);
#1302=VECTOR('',#5419,1000.);
#1303=VECTOR('',#5422,999.999999998635);
#1304=VECTOR('',#5423,999.999999998634);
#1305=VECTOR('',#5426,999.999999998635);
#1306=VECTOR('',#5427,999.999999998634);
#1307=VECTOR('',#5434,1000.);
#1308=VECTOR('',#5437,1000.);
#1309=VECTOR('',#5440,1000.);
#1310=VECTOR('',#5443,1000.);
#1311=VECTOR('',#5448,1000.);
#1312=VECTOR('',#5449,1000.);
#1313=VECTOR('',#5450,1000.);
#1314=VECTOR('',#5453,1000.);
#1315=VECTOR('',#5454,1000.);
#1316=VECTOR('',#5455,999.999999999119);
#1317=VECTOR('',#5458,1000.);
#1318=VECTOR('',#5461,999.999999999119);
#1319=VECTOR('',#5462,1000.);
#1320=VECTOR('',#5463,1000.);
#1321=VECTOR('',#5466,1000.);
#1322=VECTOR('',#5467,1000.);
#1323=VECTOR('',#5468,1000.);
#1324=VECTOR('',#5469,1000.);
#1325=VECTOR('',#5470,1000.);
#1326=VECTOR('',#5471,1000.);
#1327=VECTOR('',#5472,1000.);
#1328=VECTOR('',#5473,1000.);
#1329=VECTOR('',#5474,1000.);
#1330=VECTOR('',#5475,1000.);
#1331=VECTOR('',#5476,1000.);
#1332=VECTOR('',#5477,1000.);
#1333=VECTOR('',#5478,1000.);
#1334=VECTOR('',#5479,1000.);
#1335=VECTOR('',#5480,1000.);
#1336=VECTOR('',#5481,1000.);
#1337=VECTOR('',#5482,1000.);
#1338=VECTOR('',#5483,1000.);
#1339=VECTOR('',#5484,1000.);
#1340=VECTOR('',#5485,1000.);
#1341=VECTOR('',#5486,1000.);
#1342=VECTOR('',#5487,1000.);
#1343=VECTOR('',#5488,1000.);
#1344=VECTOR('',#5489,1000.);
#1345=VECTOR('',#5490,1000.);
#1346=VECTOR('',#5491,1000.);
#1347=VECTOR('',#5492,1000.);
#1348=VECTOR('',#5493,1000.);
#1349=VECTOR('',#5494,1000.);
#1350=VECTOR('',#5495,1000.);
#1351=VECTOR('',#5496,1000.);
#1352=VECTOR('',#5497,1000.);
#1353=VECTOR('',#5498,1000.);
#1354=VECTOR('',#5499,1000.);
#1355=VECTOR('',#5500,1000.);
#1356=VECTOR('',#5501,1000.);
#1357=VECTOR('',#5502,1000.);
#1358=VECTOR('',#5503,1000.);
#1359=VECTOR('',#5504,1000.);
#1360=VECTOR('',#5505,1000.);
#1361=VECTOR('',#5506,1000.);
#1362=VECTOR('',#5507,1000.);
#1363=VECTOR('',#5508,1000.);
#1364=VECTOR('',#5509,1000.);
#1365=VECTOR('',#5510,1000.);
#1366=VECTOR('',#5511,1000.);
#1367=VECTOR('',#5512,1000.);
#1368=VECTOR('',#5513,1000.);
#1369=VECTOR('',#5516,1000.);
#1370=VECTOR('',#5517,1000.);
#1371=VECTOR('',#5518,1000.);
#1372=VECTOR('',#5519,1000.);
#1373=VECTOR('',#5520,1000.);
#1374=VECTOR('',#5523,1000.);
#1375=VECTOR('',#5528,1000.);
#1376=VECTOR('',#5529,1000.);
#1377=VECTOR('',#5530,1000.);
#1378=VECTOR('',#5531,1000.);
#1379=VECTOR('',#5532,1000.);
#1380=VECTOR('',#5535,1000.);
#1381=VECTOR('',#5540,1000.);
#1382=VECTOR('',#5541,1000.);
#1383=VECTOR('',#5542,1000.);
#1384=VECTOR('',#5543,1000.);
#1385=VECTOR('',#5548,1000.);
#1386=VECTOR('',#5553,1000.);
#1387=VECTOR('',#5554,1000.);
#1388=VECTOR('',#5555,1000.);
#1389=VECTOR('',#5564,999.999999999226);
#1390=VECTOR('',#5565,999.999999999225);
#1391=VECTOR('',#5568,999.999999999225);
#1392=VECTOR('',#5571,999.999999999225);
#1393=VECTOR('',#5574,999.999999999225);
#1394=VECTOR('',#5577,999.999999999225);
#1395=VECTOR('',#5580,999.999999999225);
#1396=VECTOR('',#5583,999.999999999226);
#1397=VECTOR('',#5588,1000.);
#1398=VECTOR('',#5589,1000.);
#1399=VECTOR('',#5594,999.99999999912);
#1400=VECTOR('',#5595,1000.);
#1401=VECTOR('',#5598,1000.);
#1402=VECTOR('',#5601,1000.);
#1403=VECTOR('',#5602,1000.);
#1404=VECTOR('',#5605,999.999999999119);
#1405=VECTOR('',#5606,1000.);
#1406=VECTOR('',#5609,1000.);
#1407=VECTOR('',#5614,1000.);
#1408=VECTOR('',#5619,1000.);
#1409=VECTOR('',#5622,1000.);
#1410=VECTOR('',#5623,1000.);
#1411=VECTOR('',#5624,1000.);
#1412=VECTOR('',#5625,1000.);
#1413=VECTOR('',#5626,1000.);
#1414=VECTOR('',#5627,1000.);
#1415=VECTOR('',#5628,1000.);
#1416=VECTOR('',#5629,1000.);
#1417=VECTOR('',#5630,1000.);
#1418=VECTOR('',#5631,1000.);
#1419=VECTOR('',#5632,1000.);
#1420=VECTOR('',#5633,1000.);
#1421=VECTOR('',#5634,1000.);
#1422=VECTOR('',#5635,1000.);
#1423=VECTOR('',#5636,1000.);
#1424=VECTOR('',#5637,1000.);
#1425=VECTOR('',#5638,1000.);
#1426=VECTOR('',#5639,1000.);
#1427=VECTOR('',#5640,1000.);
#1428=VECTOR('',#5641,1000.);
#1429=VECTOR('',#5642,1000.);
#1430=VECTOR('',#5643,1000.);
#1431=VECTOR('',#5644,1000.);
#1432=VECTOR('',#5645,1000.);
#1433=VECTOR('',#5646,1000.);
#1434=VECTOR('',#5647,1000.);
#1435=VECTOR('',#5648,1000.);
#1436=VECTOR('',#5649,1000.);
#1437=VECTOR('',#5650,1000.);
#1438=VECTOR('',#5651,1000.);
#1439=VECTOR('',#5652,1000.);
#1440=VECTOR('',#5653,1000.);
#1441=VECTOR('',#5654,1000.);
#1442=VECTOR('',#5655,1000.);
#1443=VECTOR('',#5656,1000.);
#1444=VECTOR('',#5657,1000.);
#1445=VECTOR('',#5660,1000.);
#1446=VECTOR('',#5661,1000.);
#1447=VECTOR('',#5662,1000.);
#1448=VECTOR('',#5665,1000.);
#1449=VECTOR('',#5666,1000.);
#1450=VECTOR('',#5667,1000.);
#1451=VECTOR('',#5670,1000.);
#1452=VECTOR('',#5671,1000.);
#1453=VECTOR('',#5672,1000.);
#1454=VECTOR('',#5675,1000.);
#1455=VECTOR('',#5676,1000.);
#1456=VECTOR('',#5683,1000.);
#1457=VECTOR('',#5684,1000.);
#1458=VECTOR('',#5685,1000.);
#1459=VECTOR('',#5688,1000.);
#1460=VECTOR('',#5689,1000.);
#1461=VECTOR('',#5690,1000.);
#1462=VECTOR('',#5693,1000.);
#1463=VECTOR('',#5694,1000.);
#1464=VECTOR('',#5695,1000.);
#1465=VECTOR('',#5698,1000.);
#1466=VECTOR('',#5699,1000.);
#1467=VECTOR('',#5706,1000.);
#1468=VECTOR('',#5707,1000.);
#1469=VECTOR('',#5708,1000.);
#1470=VECTOR('',#5711,1000.);
#1471=VECTOR('',#5712,1000.);
#1472=VECTOR('',#5713,1000.);
#1473=VECTOR('',#5716,1000.);
#1474=VECTOR('',#5717,1000.);
#1475=VECTOR('',#5718,1000.);
#1476=VECTOR('',#5721,1000.);
#1477=VECTOR('',#5722,1000.);
#1478=VECTOR('',#5729,1000.);
#1479=VECTOR('',#5730,1000.);
#1480=VECTOR('',#5731,1000.);
#1481=VECTOR('',#5734,1000.);
#1482=VECTOR('',#5735,1000.);
#1483=VECTOR('',#5736,1000.);
#1484=VECTOR('',#5739,1000.);
#1485=VECTOR('',#5740,1000.);
#1486=VECTOR('',#5741,1000.);
#1487=VECTOR('',#5744,1000.);
#1488=VECTOR('',#5745,1000.);
#1489=VECTOR('',#5752,1000.);
#1490=VECTOR('',#5753,1000.);
#1491=VECTOR('',#5754,1000.);
#1492=VECTOR('',#5757,1000.);
#1493=VECTOR('',#5758,1000.);
#1494=VECTOR('',#5759,1000.);
#1495=VECTOR('',#5762,1000.);
#1496=VECTOR('',#5763,1000.);
#1497=VECTOR('',#5764,1000.);
#1498=VECTOR('',#5767,1000.);
#1499=VECTOR('',#5768,1000.);
#1500=VECTOR('',#5775,1000.);
#1501=VECTOR('',#5776,1000.);
#1502=VECTOR('',#5777,1000.);
#1503=VECTOR('',#5780,1000.);
#1504=VECTOR('',#5781,1000.);
#1505=VECTOR('',#5782,1000.);
#1506=VECTOR('',#5785,1000.);
#1507=VECTOR('',#5786,1000.);
#1508=VECTOR('',#5787,1000.);
#1509=VECTOR('',#5790,1000.);
#1510=VECTOR('',#5791,1000.);
#1511=VECTOR('',#5798,1000.);
#1512=VECTOR('',#5799,1000.);
#1513=VECTOR('',#5800,1000.);
#1514=VECTOR('',#5803,1000.);
#1515=VECTOR('',#5804,1000.);
#1516=VECTOR('',#5805,1000.);
#1517=VECTOR('',#5808,1000.);
#1518=VECTOR('',#5809,1000.);
#1519=VECTOR('',#5810,1000.);
#1520=VECTOR('',#5813,1000.);
#1521=VECTOR('',#5814,1000.);
#1522=VECTOR('',#5821,1000.);
#1523=VECTOR('',#5822,1000.);
#1524=VECTOR('',#5823,1000.);
#1525=VECTOR('',#5826,1000.);
#1526=VECTOR('',#5827,1000.);
#1527=VECTOR('',#5828,1000.);
#1528=VECTOR('',#5831,1000.);
#1529=VECTOR('',#5832,1000.);
#1530=VECTOR('',#5833,1000.);
#1531=VECTOR('',#5836,1000.);
#1532=VECTOR('',#5837,1000.);
#1533=VECTOR('',#5844,1000.);
#1534=VECTOR('',#5845,1000.);
#1535=VECTOR('',#5846,1000.);
#1536=VECTOR('',#5849,1000.);
#1537=VECTOR('',#5850,1000.);
#1538=VECTOR('',#5851,1000.);
#1539=VECTOR('',#5854,1000.);
#1540=VECTOR('',#5855,1000.);
#1541=VECTOR('',#5856,1000.);
#1542=VECTOR('',#5859,1000.);
#1543=VECTOR('',#5860,1000.);
#1544=VECTOR('',#5867,1000.);
#1545=VECTOR('',#5868,1000.);
#1546=VECTOR('',#5869,1000.);
#1547=VECTOR('',#5872,1000.);
#1548=VECTOR('',#5873,1000.);
#1549=VECTOR('',#5874,1000.);
#1550=VECTOR('',#5877,1000.);
#1551=VECTOR('',#5878,1000.);
#1552=VECTOR('',#5879,1000.);
#1553=VECTOR('',#5882,1000.);
#1554=VECTOR('',#5883,1000.);
#1555=VECTOR('',#5890,1000.);
#1556=VECTOR('',#5891,1000.);
#1557=VECTOR('',#5892,1000.);
#1558=VECTOR('',#5895,1000.);
#1559=VECTOR('',#5896,1000.);
#1560=VECTOR('',#5897,1000.);
#1561=VECTOR('',#5900,1000.);
#1562=VECTOR('',#5901,1000.);
#1563=VECTOR('',#5902,1000.);
#1564=VECTOR('',#5905,1000.);
#1565=VECTOR('',#5906,1000.);
#1566=VECTOR('',#5913,1000.);
#1567=VECTOR('',#5914,1000.);
#1568=VECTOR('',#5915,1000.);
#1569=VECTOR('',#5918,1000.);
#1570=VECTOR('',#5919,1000.);
#1571=VECTOR('',#5920,1000.);
#1572=VECTOR('',#5923,1000.);
#1573=VECTOR('',#5924,1000.);
#1574=VECTOR('',#5925,1000.);
#1575=VECTOR('',#5928,1000.);
#1576=VECTOR('',#5929,1000.);
#1577=VECTOR('',#5940,1000.);
#1578=VECTOR('',#5941,1000.);
#1579=VECTOR('',#5942,1000.);
#1580=VECTOR('',#5943,1000.);
#1581=VECTOR('',#5946,1000.);
#1582=VECTOR('',#5947,1000.);
#1583=VECTOR('',#5948,1000.);
#1584=VECTOR('',#5949,1000.);
#1585=VECTOR('',#5952,1000.);
#1586=VECTOR('',#5953,1000.);
#1587=VECTOR('',#5954,1000.);
#1588=VECTOR('',#5955,1000.);
#1589=VECTOR('',#5958,1000.);
#1590=VECTOR('',#5959,1000.);
#1591=VECTOR('',#5960,1000.);
#1592=VECTOR('',#5961,1000.);
#1593=VECTOR('',#5964,1000.);
#1594=VECTOR('',#5965,1000.);
#1595=VECTOR('',#5966,1000.);
#1596=VECTOR('',#5967,1000.);
#1597=VECTOR('',#5970,1000.);
#1598=VECTOR('',#5971,1000.);
#1599=VECTOR('',#5972,1000.);
#1600=VECTOR('',#5975,1000.);
#1601=VECTOR('',#5978,1000.);
#1602=VECTOR('',#5979,1000.);
#1603=VECTOR('',#5980,1000.);
#1604=VECTOR('',#5983,1000.);
#1605=VECTOR('',#5990,1000.);
#1606=VECTOR('',#5993,1000.);
#1607=VECTOR('',#5996,1000.);
#1608=VECTOR('',#5999,1000.);
#1609=VECTOR('',#6000,1000.);
#1610=VECTOR('',#6003,1000.);
#1611=VECTOR('',#6006,1000.);
#1612=VECTOR('',#6011,1000.);
#1613=VECTOR('',#6014,1000.);
#1614=VECTOR('',#6015,1000.);
#1615=VECTOR('',#6020,1000.);
#1616=VECTOR('',#6023,1000.);
#1617=VECTOR('',#6026,1000.);
#1618=VECTOR('',#6027,1000.);
#1619=VECTOR('',#6030,1000.);
#1620=VECTOR('',#6033,1000.);
#1621=VECTOR('',#6036,1000.);
#1622=VECTOR('',#6037,1000.);
#1623=VECTOR('',#6038,1000.);
#1624=VECTOR('',#6039,1000.);
#1625=VECTOR('',#6040,1000.);
#1626=VECTOR('',#6041,1000.);
#1627=VECTOR('',#6044,1000.);
#1628=VECTOR('',#6049,1000.);
#1629=VECTOR('',#6054,1000.);
#1630=VECTOR('',#6055,1000.);
#1631=VECTOR('',#6056,1000.);
#1632=VECTOR('',#6059,1000.);
#1633=VECTOR('',#6064,1000.);
#1634=VECTOR('',#6067,1000.);
#1635=VECTOR('',#6070,1000.);
#1636=VECTOR('',#6075,1000.);
#1637=VECTOR('',#6076,1000.);
#1638=VECTOR('',#6077,1000.);
#1639=VECTOR('',#6080,1000.);
#1640=VECTOR('',#6083,1000.);
#1641=VECTOR('',#6084,1000.);
#1642=VECTOR('',#6085,1000.);
#1643=VECTOR('',#6086,1000.);
#1644=VECTOR('',#6089,1000.);
#1645=VECTOR('',#6092,1000.);
#1646=VECTOR('',#6095,1000.);
#1647=VECTOR('',#6096,1000.);
#1648=VECTOR('',#6097,1000.);
#1649=VECTOR('',#6098,1000.);
#1650=VECTOR('',#6099,1000.);
#1651=VECTOR('',#6102,1000.);
#1652=VECTOR('',#6105,1000.);
#1653=VECTOR('',#6108,1000.);
#1654=VECTOR('',#6109,1000.);
#1655=VECTOR('',#6110,1000.);
#1656=VECTOR('',#6115,1000.);
#1657=VECTOR('',#6118,1000.);
#1658=VECTOR('',#6123,1000.);
#1659=VECTOR('',#6124,1000.);
#1660=VECTOR('',#6125,1000.);
#1661=VECTOR('',#6130,1000.);
#1662=VECTOR('',#6131,1000.);
#1663=VECTOR('',#6136,1000.);
#1664=VECTOR('',#6137,1000.);
#1665=VECTOR('',#6138,1000.);
#1666=VECTOR('',#6141,1000.);
#1667=VECTOR('',#6142,1000.);
#1668=VECTOR('',#6143,1000.);
#1669=VECTOR('',#6146,1000.);
#1670=VECTOR('',#6147,1000.);
#1671=VECTOR('',#6148,1000.);
#1672=VECTOR('',#6151,1000.);
#1673=VECTOR('',#6156,1000.);
#1674=VECTOR('',#6157,1000.);
#1675=VECTOR('',#6158,1000.);
#1676=VECTOR('',#6163,1000.);
#1677=VECTOR('',#6164,1000.);
#1678=VECTOR('',#6165,1000.);
#1679=VECTOR('',#6172,1000.);
#1680=VECTOR('',#6173,1000.);
#1681=VECTOR('',#6174,1000.);
#1682=VECTOR('',#6181,1000.);
#1683=VECTOR('',#6186,1000.);
#1684=VECTOR('',#6191,1000.);
#1685=VECTOR('',#6196,1000.);
#1686=VECTOR('',#6197,1000.);
#1687=VECTOR('',#6198,1000.);
#1688=VECTOR('',#6209,1000.);
#1689=VECTOR('',#6210,1000.);
#1690=VECTOR('',#6213,1000.);
#1691=VECTOR('',#6214,1000.);
#1692=VECTOR('',#6217,1000.);
#1693=VECTOR('',#6220,1000.);
#1694=VECTOR('',#6221,1000.);
#1695=VECTOR('',#6222,1000.);
#1696=VECTOR('',#6225,1000.);
#1697=VECTOR('',#6230,1000.);
#1698=VECTOR('',#6231,1000.);
#1699=VECTOR('',#6234,1000.);
#1700=VECTOR('',#6235,1000.);
#1701=VECTOR('',#6240,1000.);
#1702=VECTOR('',#6245,1000.);
#1703=VECTOR('',#6250,1000.);
#1704=VECTOR('',#6255,1000.);
#1705=VECTOR('',#6256,1000.);
#1706=VECTOR('',#6257,1000.);
#1707=VECTOR('',#6264,1000.);
#1708=VECTOR('',#6265,1000.);
#1709=VECTOR('',#6274,1000.);
#1710=VECTOR('',#6275,1000.);
#1711=VECTOR('',#6300,1000.);
#1712=VECTOR('',#6303,1000.);
#1713=VECTOR('',#6304,1000.);
#1714=VECTOR('',#6309,999.99999999912);
#1715=VECTOR('',#6310,999.99999999912);
#1716=VECTOR('',#6311,999.99999999912);
#1717=VECTOR('',#6316,999.99999999912);
#1718=VECTOR('',#6317,999.99999999912);
#1719=VECTOR('',#6318,999.99999999912);
#1720=VECTOR('',#6325,1000.);
#1721=VECTOR('',#6328,999.99999999912);
#1722=VECTOR('',#6329,1000.);
#1723=VECTOR('',#6332,999.99999999912);
#1724=VECTOR('',#6333,1000.);
#1725=VECTOR('',#6334,999.99999999912);
#1726=VECTOR('',#6339,1000.);
#1727=VECTOR('',#6340,999.99999999912);
#1728=VECTOR('',#6357,1000.);
#1729=VECTOR('',#6358,999.99999999912);
#1730=VECTOR('',#6371,1000.);
#1731=VECTOR('',#6372,1000.);
#1732=VECTOR('',#6377,1000.);
#1733=VECTOR('',#6380,1000.);
#1734=VECTOR('',#6381,1000.);
#1735=VECTOR('',#6382,1000.);
#1736=VECTOR('',#6385,1000.);
#1737=VECTOR('',#6388,1000.);
#1738=VECTOR('',#6393,1000.);
#1739=VECTOR('',#6396,1000.);
#1740=VECTOR('',#6399,1000.);
#1741=VECTOR('',#6400,1000.);
#1742=VECTOR('',#6401,1000.);
#1743=VECTOR('',#6406,1000.);
#1744=VECTOR('',#6413,1000.);
#1745=VECTOR('',#6414,1000.);
#1746=VECTOR('',#6415,1000.);
#1747=VECTOR('',#6420,1000.);
#1748=VECTOR('',#6423,1000.);
#1749=VECTOR('',#6428,1000.);
#1750=VECTOR('',#6429,1000.);
#1751=VECTOR('',#6430,1000.);
#1752=VECTOR('',#6433,1000.);
#1753=VECTOR('',#6440,1000.);
#1754=VECTOR('',#6447,1000.);
#1755=VECTOR('',#6448,1000.);
#1756=VECTOR('',#6449,1000.);
#1757=VECTOR('',#6454,1000.);
#1758=VECTOR('',#6459,1000.);
#1759=VECTOR('',#6460,1000.);
#1760=VECTOR('',#6461,1000.);
#1761=VECTOR('',#6464,1000.);
#1762=VECTOR('',#6465,1000.);
#1763=VECTOR('',#6466,1000.);
#1764=VECTOR('',#6469,1000.);
#1765=VECTOR('',#6470,1000.);
#1766=VECTOR('',#6471,1000.);
#1767=VECTOR('',#6474,1000.);
#1768=VECTOR('',#6479,1000.);
#1769=VECTOR('',#6480,1000.);
#1770=VECTOR('',#6481,1000.);
#1771=VECTOR('',#6486,1000.);
#1772=VECTOR('',#6487,1000.);
#1773=VECTOR('',#6488,1000.);
#1774=VECTOR('',#6495,1000.);
#1775=VECTOR('',#6496,1000.);
#1776=VECTOR('',#6497,1000.);
#1777=VECTOR('',#6506,1000.);
#1778=VECTOR('',#6509,1000.);
#1779=VECTOR('',#6510,1000.);
#1780=VECTOR('',#6519,1000.);
#1781=VECTOR('',#6520,1000.);
#1782=VECTOR('',#6521,1000.);
#1783=VECTOR('',#6532,1000.);
#1784=VECTOR('',#6533,1000.);
#1785=VECTOR('',#6536,1000.);
#1786=VECTOR('',#6537,1000.);
#1787=VECTOR('',#6540,1000.);
#1788=VECTOR('',#6541,1000.);
#1789=VECTOR('',#6548,1000.);
#1790=VECTOR('',#6549,1000.);
#1791=VECTOR('',#6554,1000.);
#1792=VECTOR('',#6557,1000.);
#1793=VECTOR('',#6562,1000.);
#1794=VECTOR('',#6567,1000.);
#1795=VECTOR('',#6568,1000.);
#1796=VECTOR('',#6569,1000.);
#1797=VECTOR('',#6576,1000.);
#1798=VECTOR('',#6577,1000.);
#1799=VECTOR('',#6586,1000.);
#1800=VECTOR('',#6587,1000.);
#1801=VECTOR('',#6612,1000.);
#1802=VECTOR('',#6615,1000.);
#1803=VECTOR('',#6616,1000.);
#1804=VECTOR('',#6619,1000.);
#1805=VECTOR('',#6620,999.99999999912);
#1806=VECTOR('',#6623,1000.);
#1807=VECTOR('',#6628,999.99999999912);
#1808=VECTOR('',#6629,1000.);
#1809=VECTOR('',#6630,999.99999999912);
#1810=VECTOR('',#6635,999.99999999912);
#1811=VECTOR('',#6636,1000.);
#1812=VECTOR('',#6653,999.99999999912);
#1813=VECTOR('',#6654,1000.);
#1814=VECTOR('',#6667,1000.);
#1815=CIRCLE('',#4971,0.25);
#1816=CIRCLE('',#4972,0.15);
#1817=CIRCLE('',#4974,0.25);
#1818=CIRCLE('',#4976,0.25);
#1819=CIRCLE('',#4977,0.15);
#1820=CIRCLE('',#4979,0.25);
#1821=CIRCLE('',#4990,0.85);
#1822=CIRCLE('',#4991,0.85);
#1823=CIRCLE('',#4992,0.85);
#1824=CIRCLE('',#4993,0.85);
#1825=CIRCLE('',#4995,0.95);
#1826=CIRCLE('',#4996,0.18);
#1827=CIRCLE('',#4997,0.179999999999);
#1828=CIRCLE('',#4998,0.949999999999);
#1829=CIRCLE('',#5001,0.949999999999);
#1830=CIRCLE('',#5004,0.949999999999);
#1831=CIRCLE('',#5007,0.949999999999);
#1832=CIRCLE('',#5008,0.949999999999);
#1833=CIRCLE('',#5011,0.949999999999);
#1834=CIRCLE('',#5012,0.949999999999);
#1835=CIRCLE('',#5022,0.179999999999);
#1836=CIRCLE('',#5028,0.18);
#1837=CIRCLE('',#5113,1.249999999999);
#1838=CIRCLE('',#5114,0.2);
#1839=CIRCLE('',#5115,0.5);
#1840=CIRCLE('',#5116,0.949999999999);
#1841=CIRCLE('',#5118,1.249999999999);
#1842=CIRCLE('',#5119,1.249999999999);
#1843=CIRCLE('',#5121,0.2);
#1844=CIRCLE('',#5123,0.949999999999);
#1845=CIRCLE('',#5124,0.95);
#1846=CIRCLE('',#5126,0.2);
#1847=CIRCLE('',#5128,1.249999999999);
#1848=CIRCLE('',#5129,1.249999999999);
#1849=CIRCLE('',#5131,0.149999999999);
#1850=CIRCLE('',#5132,0.149999999999);
#1851=CIRCLE('',#5133,0.149999999999);
#1852=CIRCLE('',#5134,0.149999999999);
#1853=CIRCLE('',#5135,0.149999999999);
#1854=CIRCLE('',#5136,0.149999999999);
#1855=CIRCLE('',#5138,1.249999999999);
#1856=CIRCLE('',#5140,0.2);
#1857=CIRCLE('',#5141,0.2);
#1858=CIRCLE('',#5143,0.949999999999);
#1859=CIRCLE('',#5144,0.949999999999);
#1860=CIRCLE('',#5146,0.2);
#1861=CIRCLE('',#5147,0.2);
#1862=CIRCLE('',#5148,0.2);
#1863=CIRCLE('',#5149,0.2);
#1864=CIRCLE('',#5151,0.149999999999);
#1865=CIRCLE('',#5152,0.149999999999);
#1866=CIRCLE('',#5153,0.149999999999);
#1867=CIRCLE('',#5154,0.149999999999);
#1868=CIRCLE('',#5155,0.149999999999);
#1869=CIRCLE('',#5156,0.149999999999);
#1870=CIRCLE('',#5158,0.949999999999);
#1871=CIRCLE('',#5160,0.2);
#1872=CIRCLE('',#5161,0.2);
#1873=CIRCLE('',#5166,0.25);
#1874=CIRCLE('',#5167,0.199999999999);
#1875=CIRCLE('',#5168,0.2);
#1876=CIRCLE('',#5171,0.25);
#1877=CIRCLE('',#5172,0.2);
#1878=CIRCLE('',#5173,0.199999999999);
#1879=CIRCLE('',#5175,0.5);
#1880=CIRCLE('',#5176,0.5);
#1881=CIRCLE('',#5178,0.199999999999);
#1882=CIRCLE('',#5179,0.199999999999);
#1883=CIRCLE('',#5181,0.199999999999);
#1884=CIRCLE('',#5182,0.199999999999);
#1885=CIRCLE('',#5184,0.2);
#1886=CIRCLE('',#5185,0.2);
#1887=CIRCLE('',#5189,1.249999999999);
#1888=CIRCLE('',#5190,0.949999999999);
#1889=CIRCLE('',#5192,0.2);
#1890=CIRCLE('',#5194,0.2);
#1891=CIRCLE('',#5196,0.5);
#1892=CIRCLE('',#5198,0.25);
#1893=CIRCLE('',#5199,0.2);
#1894=CIRCLE('',#5200,0.2);
#1895=CIRCLE('',#5203,0.25);
#1896=CIRCLE('',#5204,0.2);
#1897=CIRCLE('',#5205,0.2);
#1898=CIRCLE('',#5207,0.2);
#1899=CIRCLE('',#5217,0.2);
#1900=CIRCLE('',#5219,0.2);
#1901=CIRCLE('',#5223,0.2);
#1902=CIRCLE('',#5224,0.5);
#1903=CIRCLE('',#5225,0.5);
#1904=CIRCLE('',#5226,0.2);
#1905=CIRCLE('',#5228,0.2);
#1906=CIRCLE('',#5229,0.2);
#1907=CIRCLE('',#5232,0.2);
#1908=CIRCLE('',#5233,0.2);
#1909=CIRCLE('',#5236,0.5);
#1910=CIRCLE('',#5238,0.2);
#1911=CIRCLE('',#5248,0.949999999999);
#1912=CIRCLE('',#5249,0.5);
#1913=CIRCLE('',#5250,0.2);
#1914=CIRCLE('',#5251,1.249999999999);
#1915=CIRCLE('',#5253,1.249999999999);
#1916=CIRCLE('',#5254,1.249999999999);
#1917=CIRCLE('',#5256,0.2);
#1918=CIRCLE('',#5258,0.949999999999);
#1919=CIRCLE('',#5259,0.949999999999);
#1920=CIRCLE('',#5261,0.2);
#1921=CIRCLE('',#5263,1.249999999999);
#1922=CIRCLE('',#5265,1.249999999999);
#1923=CIRCLE('',#5267,0.2);
#1924=CIRCLE('',#5268,0.2);
#1925=CIRCLE('',#5270,0.949999999999);
#1926=CIRCLE('',#5272,0.949999999999);
#1927=CIRCLE('',#5274,0.2);
#1928=CIRCLE('',#5275,0.2);
#1929=CIRCLE('',#5280,0.25);
#1930=CIRCLE('',#5281,0.2);
#1931=CIRCLE('',#5282,0.199999999999);
#1932=CIRCLE('',#5285,0.25);
#1933=CIRCLE('',#5286,0.199999999999);
#1934=CIRCLE('',#5287,0.2);
#1935=CIRCLE('',#5289,0.5);
#1936=CIRCLE('',#5290,0.5);
#1937=CIRCLE('',#5292,0.199999999999);
#1938=CIRCLE('',#5293,0.199999999999);
#1939=CIRCLE('',#5295,0.199999999999);
#1940=CIRCLE('',#5296,0.199999999999);
#1941=CIRCLE('',#5298,0.2);
#1942=CIRCLE('',#5299,0.2);
#1943=CIRCLE('',#5303,0.2);
#1944=CIRCLE('',#5305,0.2);
#1945=CIRCLE('',#5307,0.5);
#1946=CIRCLE('',#5309,0.25);
#1947=CIRCLE('',#5310,0.2);
#1948=CIRCLE('',#5311,0.2);
#1949=CIRCLE('',#5314,0.25);
#1950=CIRCLE('',#5315,0.2);
#1951=CIRCLE('',#5316,0.2);
#1952=CIRCLE('',#5318,0.2);
#1953=CIRCLE('',#5328,0.2);
#1954=CIRCLE('',#5330,0.2);
#1955=CIRCLE('',#5334,0.2);
#1956=CIRCLE('',#5335,0.2);
#1957=CIRCLE('',#5338,0.2);
#1958=CIRCLE('',#5339,0.2);
#1959=CIRCLE('',#5341,0.5);
#1960=CIRCLE('',#5345,0.2);
#1961=VERTEX_POINT('',#6686);
#1962=VERTEX_POINT('',#6688);
#1963=VERTEX_POINT('',#6692);
#1964=VERTEX_POINT('',#6696);
#1965=VERTEX_POINT('',#6698);
#1966=VERTEX_POINT('',#6702);
#1967=VERTEX_POINT('',#6706);
#1968=VERTEX_POINT('',#6707);
#1969=VERTEX_POINT('',#6709);
#1970=VERTEX_POINT('',#6711);
#1971=VERTEX_POINT('',#6715);
#1972=VERTEX_POINT('',#6717);
#1973=VERTEX_POINT('',#6719);
#1974=VERTEX_POINT('',#6721);
#1975=VERTEX_POINT('',#6725);
#1976=VERTEX_POINT('',#6727);
#1977=VERTEX_POINT('',#6732);
#1978=VERTEX_POINT('',#6734);
#1979=VERTEX_POINT('',#6738);
#1980=VERTEX_POINT('',#6739);
#1981=VERTEX_POINT('',#6741);
#1982=VERTEX_POINT('',#6743);
#1983=VERTEX_POINT('',#6755);
#1984=VERTEX_POINT('',#6756);
#1985=VERTEX_POINT('',#6758);
#1986=VERTEX_POINT('',#6760);
#1987=VERTEX_POINT('',#6762);
#1988=VERTEX_POINT('',#6764);
#1989=VERTEX_POINT('',#6766);
#1990=VERTEX_POINT('',#6768);
#1991=VERTEX_POINT('',#6772);
#1992=VERTEX_POINT('',#6773);
#1993=VERTEX_POINT('',#6775);
#1994=VERTEX_POINT('',#6777);
#1995=VERTEX_POINT('',#6779);
#1996=VERTEX_POINT('',#6781);
#1997=VERTEX_POINT('',#6783);
#1998=VERTEX_POINT('',#6785);
#1999=VERTEX_POINT('',#6787);
#2000=VERTEX_POINT('',#6789);
#2001=VERTEX_POINT('',#6791);
#2002=VERTEX_POINT('',#6793);
#2003=VERTEX_POINT('',#6795);
#2004=VERTEX_POINT('',#6797);
#2005=VERTEX_POINT('',#6799);
#2006=VERTEX_POINT('',#6801);
#2007=VERTEX_POINT('',#6803);
#2008=VERTEX_POINT('',#6805);
#2009=VERTEX_POINT('',#6807);
#2010=VERTEX_POINT('',#6809);
#2011=VERTEX_POINT('',#6811);
#2012=VERTEX_POINT('',#6813);
#2013=VERTEX_POINT('',#6815);
#2014=VERTEX_POINT('',#6817);
#2015=VERTEX_POINT('',#6819);
#2016=VERTEX_POINT('',#6821);
#2017=VERTEX_POINT('',#6823);
#2018=VERTEX_POINT('',#6825);
#2019=VERTEX_POINT('',#6827);
#2020=VERTEX_POINT('',#6829);
#2021=VERTEX_POINT('',#6831);
#2022=VERTEX_POINT('',#6833);
#2023=VERTEX_POINT('',#6835);
#2024=VERTEX_POINT('',#6837);
#2025=VERTEX_POINT('',#6839);
#2026=VERTEX_POINT('',#6841);
#2027=VERTEX_POINT('',#6843);
#2028=VERTEX_POINT('',#6845);
#2029=VERTEX_POINT('',#6847);
#2030=VERTEX_POINT('',#6849);
#2031=VERTEX_POINT('',#6851);
#2032=VERTEX_POINT('',#6853);
#2033=VERTEX_POINT('',#6855);
#2034=VERTEX_POINT('',#6857);
#2035=VERTEX_POINT('',#6859);
#2036=VERTEX_POINT('',#6861);
#2037=VERTEX_POINT('',#6863);
#2038=VERTEX_POINT('',#6865);
#2039=VERTEX_POINT('',#6867);
#2040=VERTEX_POINT('',#6869);
#2041=VERTEX_POINT('',#6871);
#2042=VERTEX_POINT('',#6873);
#2043=VERTEX_POINT('',#6875);
#2044=VERTEX_POINT('',#6877);
#2045=VERTEX_POINT('',#6879);
#2046=VERTEX_POINT('',#6881);
#2047=VERTEX_POINT('',#6883);
#2048=VERTEX_POINT('',#6885);
#2049=VERTEX_POINT('',#6887);
#2050=VERTEX_POINT('',#6889);
#2051=VERTEX_POINT('',#6891);
#2052=VERTEX_POINT('',#6893);
#2053=VERTEX_POINT('',#6897);
#2054=VERTEX_POINT('',#6899);
#2055=VERTEX_POINT('',#6901);
#2056=VERTEX_POINT('',#6903);
#2057=VERTEX_POINT('',#6907);
#2058=VERTEX_POINT('',#6911);
#2059=VERTEX_POINT('',#6913);
#2060=VERTEX_POINT('',#6916);
#2061=VERTEX_POINT('',#6920);
#2062=VERTEX_POINT('',#6924);
#2063=VERTEX_POINT('',#6925);
#2064=VERTEX_POINT('',#6928);
#2065=VERTEX_POINT('',#6932);
#2066=VERTEX_POINT('',#6934);
#2067=VERTEX_POINT('',#6938);
#2068=VERTEX_POINT('',#6940);
#2069=VERTEX_POINT('',#6963);
#2070=VERTEX_POINT('',#6965);
#2071=VERTEX_POINT('',#6969);
#2072=VERTEX_POINT('',#6975);
#2073=VERTEX_POINT('',#6979);
#2074=VERTEX_POINT('',#6983);
#2075=VERTEX_POINT('',#6992);
#2076=VERTEX_POINT('',#6994);
#2077=VERTEX_POINT('',#6997);
#2078=VERTEX_POINT('',#6999);
#2079=VERTEX_POINT('',#7002);
#2080=VERTEX_POINT('',#7004);
#2081=VERTEX_POINT('',#7007);
#2082=VERTEX_POINT('',#7009);
#2083=VERTEX_POINT('',#7012);
#2084=VERTEX_POINT('',#7014);
#2085=VERTEX_POINT('',#7017);
#2086=VERTEX_POINT('',#7019);
#2087=VERTEX_POINT('',#7022);
#2088=VERTEX_POINT('',#7024);
#2089=VERTEX_POINT('',#7027);
#2090=VERTEX_POINT('',#7029);
#2091=VERTEX_POINT('',#7032);
#2092=VERTEX_POINT('',#7034);
#2093=VERTEX_POINT('',#7037);
#2094=VERTEX_POINT('',#7039);
#2095=VERTEX_POINT('',#7042);
#2096=VERTEX_POINT('',#7044);
#2097=VERTEX_POINT('',#7047);
#2098=VERTEX_POINT('',#7049);
#2099=VERTEX_POINT('',#7053);
#2100=VERTEX_POINT('',#7055);
#2101=VERTEX_POINT('',#7059);
#2102=VERTEX_POINT('',#7061);
#2103=VERTEX_POINT('',#7065);
#2104=VERTEX_POINT('',#7067);
#2105=VERTEX_POINT('',#7076);
#2106=VERTEX_POINT('',#7078);
#2107=VERTEX_POINT('',#7082);
#2108=VERTEX_POINT('',#7084);
#2109=VERTEX_POINT('',#7088);
#2110=VERTEX_POINT('',#7090);
#2111=VERTEX_POINT('',#7099);
#2112=VERTEX_POINT('',#7101);
#2113=VERTEX_POINT('',#7105);
#2114=VERTEX_POINT('',#7107);
#2115=VERTEX_POINT('',#7111);
#2116=VERTEX_POINT('',#7113);
#2117=VERTEX_POINT('',#7122);
#2118=VERTEX_POINT('',#7124);
#2119=VERTEX_POINT('',#7128);
#2120=VERTEX_POINT('',#7130);
#2121=VERTEX_POINT('',#7134);
#2122=VERTEX_POINT('',#7136);
#2123=VERTEX_POINT('',#7145);
#2124=VERTEX_POINT('',#7147);
#2125=VERTEX_POINT('',#7151);
#2126=VERTEX_POINT('',#7153);
#2127=VERTEX_POINT('',#7157);
#2128=VERTEX_POINT('',#7159);
#2129=VERTEX_POINT('',#7168);
#2130=VERTEX_POINT('',#7170);
#2131=VERTEX_POINT('',#7174);
#2132=VERTEX_POINT('',#7176);
#2133=VERTEX_POINT('',#7180);
#2134=VERTEX_POINT('',#7182);
#2135=VERTEX_POINT('',#7191);
#2136=VERTEX_POINT('',#7193);
#2137=VERTEX_POINT('',#7197);
#2138=VERTEX_POINT('',#7199);
#2139=VERTEX_POINT('',#7203);
#2140=VERTEX_POINT('',#7205);
#2141=VERTEX_POINT('',#7214);
#2142=VERTEX_POINT('',#7216);
#2143=VERTEX_POINT('',#7220);
#2144=VERTEX_POINT('',#7222);
#2145=VERTEX_POINT('',#7226);
#2146=VERTEX_POINT('',#7228);
#2147=VERTEX_POINT('',#7237);
#2148=VERTEX_POINT('',#7239);
#2149=VERTEX_POINT('',#7243);
#2150=VERTEX_POINT('',#7245);
#2151=VERTEX_POINT('',#7249);
#2152=VERTEX_POINT('',#7251);
#2153=VERTEX_POINT('',#7260);
#2154=VERTEX_POINT('',#7262);
#2155=VERTEX_POINT('',#7266);
#2156=VERTEX_POINT('',#7268);
#2157=VERTEX_POINT('',#7272);
#2158=VERTEX_POINT('',#7274);
#2159=VERTEX_POINT('',#7283);
#2160=VERTEX_POINT('',#7285);
#2161=VERTEX_POINT('',#7289);
#2162=VERTEX_POINT('',#7291);
#2163=VERTEX_POINT('',#7295);
#2164=VERTEX_POINT('',#7297);
#2165=VERTEX_POINT('',#7306);
#2166=VERTEX_POINT('',#7308);
#2167=VERTEX_POINT('',#7312);
#2168=VERTEX_POINT('',#7314);
#2169=VERTEX_POINT('',#7318);
#2170=VERTEX_POINT('',#7320);
#2171=VERTEX_POINT('',#7331);
#2172=VERTEX_POINT('',#7332);
#2173=VERTEX_POINT('',#7334);
#2174=VERTEX_POINT('',#7336);
#2175=VERTEX_POINT('',#7340);
#2176=VERTEX_POINT('',#7341);
#2177=VERTEX_POINT('',#7343);
#2178=VERTEX_POINT('',#7345);
#2179=VERTEX_POINT('',#7349);
#2180=VERTEX_POINT('',#7350);
#2181=VERTEX_POINT('',#7352);
#2182=VERTEX_POINT('',#7354);
#2183=VERTEX_POINT('',#7358);
#2184=VERTEX_POINT('',#7359);
#2185=VERTEX_POINT('',#7361);
#2186=VERTEX_POINT('',#7363);
#2187=VERTEX_POINT('',#7367);
#2188=VERTEX_POINT('',#7368);
#2189=VERTEX_POINT('',#7370);
#2190=VERTEX_POINT('',#7372);
#2191=VERTEX_POINT('',#7376);
#2192=VERTEX_POINT('',#7377);
#2193=VERTEX_POINT('',#7379);
#2194=VERTEX_POINT('',#7381);
#2195=VERTEX_POINT('',#7383);
#2196=VERTEX_POINT('',#7385);
#2197=VERTEX_POINT('',#7387);
#2198=VERTEX_POINT('',#7389);
#2199=VERTEX_POINT('',#7391);
#2200=VERTEX_POINT('',#7393);
#2201=VERTEX_POINT('',#7395);
#2202=VERTEX_POINT('',#7397);
#2203=VERTEX_POINT('',#7401);
#2204=VERTEX_POINT('',#7402);
#2205=VERTEX_POINT('',#7404);
#2206=VERTEX_POINT('',#7406);
#2207=VERTEX_POINT('',#7410);
#2208=VERTEX_POINT('',#7412);
#2209=VERTEX_POINT('',#7414);
#2210=VERTEX_POINT('',#7418);
#2211=VERTEX_POINT('',#7419);
#2212=VERTEX_POINT('',#7421);
#2213=VERTEX_POINT('',#7423);
#2214=VERTEX_POINT('',#7427);
#2215=VERTEX_POINT('',#7428);
#2216=VERTEX_POINT('',#7430);
#2217=VERTEX_POINT('',#7435);
#2218=VERTEX_POINT('',#7436);
#2219=VERTEX_POINT('',#7438);
#2220=VERTEX_POINT('',#7440);
#2221=VERTEX_POINT('',#7444);
#2222=VERTEX_POINT('',#7445);
#2223=VERTEX_POINT('',#7447);
#2224=VERTEX_POINT('',#7449);
#2225=VERTEX_POINT('',#7451);
#2226=VERTEX_POINT('',#7453);
#2227=VERTEX_POINT('',#7455);
#2228=VERTEX_POINT('',#7457);
#2229=VERTEX_POINT('',#7459);
#2230=VERTEX_POINT('',#7461);
#2231=VERTEX_POINT('',#7463);
#2232=VERTEX_POINT('',#7465);
#2233=VERTEX_POINT('',#7468);
#2234=VERTEX_POINT('',#7470);
#2235=VERTEX_POINT('',#7472);
#2236=VERTEX_POINT('',#7475);
#2237=VERTEX_POINT('',#7480);
#2238=VERTEX_POINT('',#7482);
#2239=VERTEX_POINT('',#7486);
#2240=VERTEX_POINT('',#7489);
#2241=VERTEX_POINT('',#7493);
#2242=VERTEX_POINT('',#7494);
#2243=VERTEX_POINT('',#7496);
#2244=VERTEX_POINT('',#7498);
#2245=VERTEX_POINT('',#7502);
#2246=VERTEX_POINT('',#7504);
#2247=VERTEX_POINT('',#7506);
#2248=VERTEX_POINT('',#7508);
#2249=VERTEX_POINT('',#7510);
#2250=VERTEX_POINT('',#7512);
#2251=VERTEX_POINT('',#7514);
#2252=VERTEX_POINT('',#7516);
#2253=VERTEX_POINT('',#7519);
#2254=VERTEX_POINT('',#7521);
#2255=VERTEX_POINT('',#7523);
#2256=VERTEX_POINT('',#7525);
#2257=VERTEX_POINT('',#7529);
#2258=VERTEX_POINT('',#7531);
#2259=VERTEX_POINT('',#7533);
#2260=VERTEX_POINT('',#7535);
#2261=VERTEX_POINT('',#7537);
#2262=VERTEX_POINT('',#7539);
#2263=VERTEX_POINT('',#7541);
#2264=VERTEX_POINT('',#7543);
#2265=VERTEX_POINT('',#7545);
#2266=VERTEX_POINT('',#7547);
#2267=VERTEX_POINT('',#7549);
#2268=VERTEX_POINT('',#7551);
#2269=VERTEX_POINT('',#7553);
#2270=VERTEX_POINT('',#7556);
#2271=VERTEX_POINT('',#7558);
#2272=VERTEX_POINT('',#7560);
#2273=VERTEX_POINT('',#7565);
#2274=VERTEX_POINT('',#7567);
#2275=VERTEX_POINT('',#7571);
#2276=VERTEX_POINT('',#7574);
#2277=VERTEX_POINT('',#7578);
#2278=VERTEX_POINT('',#7579);
#2279=VERTEX_POINT('',#7585);
#2280=VERTEX_POINT('',#7590);
#2281=VERTEX_POINT('',#7594);
#2282=VERTEX_POINT('',#7595);
#2283=VERTEX_POINT('',#7598);
#2284=VERTEX_POINT('',#7600);
#2285=VERTEX_POINT('',#7602);
#2286=VERTEX_POINT('',#7604);
#2287=VERTEX_POINT('',#7608);
#2288=VERTEX_POINT('',#7610);
#2289=VERTEX_POINT('',#7615);
#2290=VERTEX_POINT('',#7617);
#2291=VERTEX_POINT('',#7619);
#2292=VERTEX_POINT('',#7621);
#2293=VERTEX_POINT('',#7625);
#2294=VERTEX_POINT('',#7627);
#2295=VERTEX_POINT('',#7631);
#2296=VERTEX_POINT('',#7634);
#2297=VERTEX_POINT('',#7638);
#2298=VERTEX_POINT('',#7640);
#2299=VERTEX_POINT('',#7642);
#2300=VERTEX_POINT('',#7644);
#2301=VERTEX_POINT('',#7657);
#2302=VERTEX_POINT('',#7659);
#2303=VERTEX_POINT('',#7661);
#2304=VERTEX_POINT('',#7663);
#2305=VERTEX_POINT('',#7665);
#2306=VERTEX_POINT('',#7670);
#2307=VERTEX_POINT('',#7672);
#2308=VERTEX_POINT('',#7676);
#2309=VERTEX_POINT('',#7678);
#2310=VERTEX_POINT('',#7682);
#2311=VERTEX_POINT('',#7686);
#2312=VERTEX_POINT('',#7687);
#2313=VERTEX_POINT('',#7690);
#2314=VERTEX_POINT('',#7695);
#2315=VERTEX_POINT('',#7696);
#2316=VERTEX_POINT('',#7703);
#2317=VERTEX_POINT('',#7705);
#2318=VERTEX_POINT('',#7730);
#2319=VERTEX_POINT('',#7732);
#2320=VERTEX_POINT('',#7734);
#2321=VERTEX_POINT('',#7736);
#2322=VERTEX_POINT('',#7739);
#2323=VERTEX_POINT('',#7741);
#2324=VERTEX_POINT('',#7743);
#2325=VERTEX_POINT('',#7745);
#2326=VERTEX_POINT('',#7749);
#2327=VERTEX_POINT('',#7751);
#2328=VERTEX_POINT('',#7753);
#2329=VERTEX_POINT('',#7755);
#2330=VERTEX_POINT('',#7759);
#2331=VERTEX_POINT('',#7761);
#2332=VERTEX_POINT('',#7766);
#2333=VERTEX_POINT('',#7768);
#2334=VERTEX_POINT('',#7772);
#2335=VERTEX_POINT('',#7776);
#2336=VERTEX_POINT('',#7791);
#2337=VERTEX_POINT('',#7793);
#2338=VERTEX_POINT('',#7795);
#2339=VERTEX_POINT('',#7797);
#2340=VERTEX_POINT('',#7799);
#2341=VERTEX_POINT('',#7801);
#2342=VERTEX_POINT('',#7803);
#2343=VERTEX_POINT('',#7805);
#2344=VERTEX_POINT('',#7810);
#2345=VERTEX_POINT('',#7811);
#2346=VERTEX_POINT('',#7813);
#2347=VERTEX_POINT('',#7815);
#2348=VERTEX_POINT('',#7819);
#2349=VERTEX_POINT('',#7821);
#2350=VERTEX_POINT('',#7823);
#2351=VERTEX_POINT('',#7827);
#2352=VERTEX_POINT('',#7828);
#2353=VERTEX_POINT('',#7833);
#2354=VERTEX_POINT('',#7834);
#2355=VERTEX_POINT('',#7837);
#2356=VERTEX_POINT('',#7841);
#2357=VERTEX_POINT('',#7843);
#2358=VERTEX_POINT('',#7848);
#2359=VERTEX_POINT('',#7850);
#2360=VERTEX_POINT('',#7854);
#2361=VERTEX_POINT('',#7859);
#2362=VERTEX_POINT('',#7864);
#2363=VERTEX_POINT('',#7866);
#2364=VERTEX_POINT('',#7870);
#2365=VERTEX_POINT('',#7875);
#2366=VERTEX_POINT('',#7876);
#2367=VERTEX_POINT('',#7881);
#2368=VERTEX_POINT('',#7886);
#2369=VERTEX_POINT('',#7891);
#2370=VERTEX_POINT('',#7892);
#2371=VERTEX_POINT('',#7895);
#2372=VERTEX_POINT('',#7897);
#2373=VERTEX_POINT('',#7899);
#2374=VERTEX_POINT('',#7901);
#2375=VERTEX_POINT('',#7905);
#2376=VERTEX_POINT('',#7907);
#2377=VERTEX_POINT('',#7912);
#2378=VERTEX_POINT('',#7914);
#2379=VERTEX_POINT('',#7916);
#2380=VERTEX_POINT('',#7918);
#2381=VERTEX_POINT('',#7922);
#2382=VERTEX_POINT('',#7924);
#2383=VERTEX_POINT('',#7928);
#2384=VERTEX_POINT('',#7930);
#2385=VERTEX_POINT('',#7935);
#2386=VERTEX_POINT('',#7937);
#2387=VERTEX_POINT('',#7939);
#2388=VERTEX_POINT('',#7941);
#2389=VERTEX_POINT('',#7954);
#2390=VERTEX_POINT('',#7956);
#2391=VERTEX_POINT('',#7960);
#2392=VERTEX_POINT('',#7962);
#2393=VERTEX_POINT('',#7966);
#2394=VERTEX_POINT('',#7970);
#2395=VERTEX_POINT('',#7971);
#2396=VERTEX_POINT('',#7975);
#2397=VERTEX_POINT('',#7979);
#2398=VERTEX_POINT('',#7980);
#2399=VERTEX_POINT('',#7986);
#2400=VERTEX_POINT('',#7988);
#2401=VERTEX_POINT('',#8014);
#2402=VERTEX_POINT('',#8016);
#2403=VERTEX_POINT('',#8018);
#2404=VERTEX_POINT('',#8020);
#2405=VERTEX_POINT('',#8024);
#2406=VERTEX_POINT('',#8026);
#2407=VERTEX_POINT('',#8030);
#2408=VERTEX_POINT('',#8032);
#2409=VERTEX_POINT('',#8037);
#2410=VERTEX_POINT('',#8041);
#2411=EDGE_CURVE('',#1961,#1961,#1815,.T.);
#2412=EDGE_CURVE('',#1961,#1962,#743,.T.);
#2413=EDGE_CURVE('',#1962,#1962,#1816,.T.);
#2414=EDGE_CURVE('',#1963,#1963,#1817,.T.);
#2415=EDGE_CURVE('',#1963,#1961,#744,.T.);
#2416=EDGE_CURVE('',#1964,#1964,#1818,.T.);
#2417=EDGE_CURVE('',#1964,#1965,#745,.T.);
#2418=EDGE_CURVE('',#1965,#1965,#1819,.T.);
#2419=EDGE_CURVE('',#1966,#1966,#1820,.T.);
#2420=EDGE_CURVE('',#1966,#1964,#746,.T.);
#2421=EDGE_CURVE('',#1967,#1968,#747,.T.);
#2422=EDGE_CURVE('',#1968,#1969,#748,.T.);
#2423=EDGE_CURVE('',#1970,#1969,#749,.T.);
#2424=EDGE_CURVE('',#1970,#1967,#750,.T.);
#2425=EDGE_CURVE('',#1969,#1971,#751,.T.);
#2426=EDGE_CURVE('',#1972,#1971,#752,.T.);
#2427=EDGE_CURVE('',#1972,#1973,#753,.T.);
#2428=EDGE_CURVE('',#1973,#1974,#754,.T.);
#2429=EDGE_CURVE('',#1974,#1970,#755,.T.);
#2430=EDGE_CURVE('',#1971,#1975,#756,.T.);
#2431=EDGE_CURVE('',#1976,#1975,#757,.T.);
#2432=EDGE_CURVE('',#1976,#1972,#758,.T.);
#2433=EDGE_CURVE('',#1975,#1968,#759,.T.);
#2434=EDGE_CURVE('',#1967,#1977,#760,.T.);
#2435=EDGE_CURVE('',#1977,#1978,#761,.T.);
#2436=EDGE_CURVE('',#1978,#1976,#762,.T.);
#2437=EDGE_CURVE('',#1979,#1980,#763,.T.);
#2438=EDGE_CURVE('',#1980,#1981,#764,.T.);
#2439=EDGE_CURVE('',#1981,#1982,#765,.T.);
#2440=EDGE_CURVE('',#1982,#1979,#766,.T.);
#2441=EDGE_CURVE('',#1978,#1980,#767,.T.);
#2442=EDGE_CURVE('',#1979,#1973,#768,.T.);
#2443=EDGE_CURVE('',#1981,#1977,#769,.T.);
#2444=EDGE_CURVE('',#1974,#1982,#770,.T.);
#2445=EDGE_CURVE('',#1983,#1984,#771,.T.);
#2446=EDGE_CURVE('',#1984,#1985,#1821,.T.);
#2447=EDGE_CURVE('',#1985,#1986,#772,.T.);
#2448=EDGE_CURVE('',#1986,#1987,#1822,.T.);
#2449=EDGE_CURVE('',#1987,#1988,#773,.T.);
#2450=EDGE_CURVE('',#1988,#1989,#1823,.T.);
#2451=EDGE_CURVE('',#1989,#1990,#774,.T.);
#2452=EDGE_CURVE('',#1990,#1983,#1824,.T.);
#2453=EDGE_CURVE('',#1991,#1992,#775,.T.);
#2454=EDGE_CURVE('',#1991,#1993,#776,.T.);
#2455=EDGE_CURVE('',#1993,#1994,#777,.T.);
#2456=EDGE_CURVE('',#1994,#1995,#1825,.T.);
#2457=EDGE_CURVE('',#1996,#1995,#778,.T.);
#2458=EDGE_CURVE('',#1997,#1996,#779,.T.);
#2459=EDGE_CURVE('',#1998,#1997,#780,.T.);
#2460=EDGE_CURVE('',#1998,#1999,#1826,.T.);
#2461=EDGE_CURVE('',#2000,#1999,#781,.T.);
#2462=EDGE_CURVE('',#2000,#2001,#1827,.T.);
#2463=EDGE_CURVE('',#2002,#2001,#782,.T.);
#2464=EDGE_CURVE('',#2003,#2002,#783,.T.);
#2465=EDGE_CURVE('',#2004,#2003,#784,.T.);
#2466=EDGE_CURVE('',#2005,#2004,#1828,.T.);
#2467=EDGE_CURVE('',#2006,#2005,#785,.T.);
#2468=EDGE_CURVE('',#2006,#2007,#786,.T.);
#2469=EDGE_CURVE('',#2008,#2007,#787,.T.);
#2470=EDGE_CURVE('',#2008,#2009,#788,.T.);
#2471=EDGE_CURVE('',#2009,#2010,#789,.T.);
#2472=EDGE_CURVE('',#2010,#2011,#790,.T.);
#2473=EDGE_CURVE('',#2012,#2011,#791,.T.);
#2474=EDGE_CURVE('',#2012,#2013,#792,.T.);
#2475=EDGE_CURVE('',#2013,#2014,#793,.T.);
#2476=EDGE_CURVE('',#2014,#2015,#794,.T.);
#2477=EDGE_CURVE('',#2016,#2015,#795,.T.);
#2478=EDGE_CURVE('',#2016,#2017,#796,.T.);
#2479=EDGE_CURVE('',#2017,#2018,#797,.T.);
#2480=EDGE_CURVE('',#2018,#2019,#798,.T.);
#2481=EDGE_CURVE('',#2020,#2019,#799,.T.);
#2482=EDGE_CURVE('',#2020,#2021,#800,.T.);
#2483=EDGE_CURVE('',#2021,#2022,#801,.T.);
#2484=EDGE_CURVE('',#2022,#2023,#802,.T.);
#2485=EDGE_CURVE('',#2024,#2023,#803,.T.);
#2486=EDGE_CURVE('',#2024,#2025,#804,.T.);
#2487=EDGE_CURVE('',#2025,#2026,#805,.T.);
#2488=EDGE_CURVE('',#2026,#2027,#806,.T.);
#2489=EDGE_CURVE('',#2028,#2027,#807,.T.);
#2490=EDGE_CURVE('',#2028,#2029,#808,.T.);
#2491=EDGE_CURVE('',#2029,#2030,#809,.T.);
#2492=EDGE_CURVE('',#2030,#2031,#810,.T.);
#2493=EDGE_CURVE('',#2031,#2032,#811,.T.);
#2494=EDGE_CURVE('',#2033,#2032,#812,.T.);
#2495=EDGE_CURVE('',#2034,#2033,#813,.T.);
#2496=EDGE_CURVE('',#2034,#2035,#814,.T.);
#2497=EDGE_CURVE('',#2035,#2036,#815,.T.);
#2498=EDGE_CURVE('',#2037,#2036,#816,.T.);
#2499=EDGE_CURVE('',#2038,#2037,#817,.T.);
#2500=EDGE_CURVE('',#2038,#2039,#818,.T.);
#2501=EDGE_CURVE('',#2039,#2040,#819,.T.);
#2502=EDGE_CURVE('',#2041,#2040,#820,.T.);
#2503=EDGE_CURVE('',#2042,#2041,#821,.T.);
#2504=EDGE_CURVE('',#2042,#2043,#822,.T.);
#2505=EDGE_CURVE('',#2043,#2044,#823,.T.);
#2506=EDGE_CURVE('',#2045,#2044,#824,.T.);
#2507=EDGE_CURVE('',#2046,#2045,#825,.T.);
#2508=EDGE_CURVE('',#2046,#2047,#826,.T.);
#2509=EDGE_CURVE('',#2047,#2048,#827,.T.);
#2510=EDGE_CURVE('',#2049,#2048,#828,.T.);
#2511=EDGE_CURVE('',#2050,#2049,#829,.T.);
#2512=EDGE_CURVE('',#2050,#2051,#830,.T.);
#2513=EDGE_CURVE('',#2051,#2052,#831,.T.);
#2514=EDGE_CURVE('',#1992,#2052,#832,.T.);
#2515=EDGE_CURVE('',#2053,#2005,#833,.T.);
#2516=EDGE_CURVE('',#2053,#2054,#834,.T.);
#2517=EDGE_CURVE('',#2054,#2055,#835,.T.);
#2518=EDGE_CURVE('',#2055,#2056,#836,.T.);
#2519=EDGE_CURVE('',#2056,#2006,#837,.T.);
#2520=EDGE_CURVE('',#2057,#2004,#838,.T.);
#2521=EDGE_CURVE('',#2057,#2053,#1829,.T.);
#2522=EDGE_CURVE('',#2058,#2003,#839,.T.);
#2523=EDGE_CURVE('',#2058,#2059,#840,.T.);
#2524=EDGE_CURVE('',#2059,#1996,#841,.T.);
#2525=EDGE_CURVE('',#2060,#1995,#842,.T.);
#2526=EDGE_CURVE('',#2060,#2057,#843,.T.);
#2527=EDGE_CURVE('',#2061,#1994,#844,.T.);
#2528=EDGE_CURVE('',#2061,#2060,#1830,.T.);
#2529=EDGE_CURVE('',#2062,#2063,#845,.T.);
#2530=EDGE_CURVE('',#2062,#2061,#846,.T.);
#2531=EDGE_CURVE('',#2064,#1993,#847,.T.);
#2532=EDGE_CURVE('',#2064,#2063,#848,.T.);
#2533=EDGE_CURVE('',#2065,#2063,#1831,.T.);
#2534=EDGE_CURVE('',#2066,#2065,#849,.T.);
#2535=EDGE_CURVE('',#2066,#2062,#1832,.T.);
#2536=EDGE_CURVE('',#2065,#2067,#850,.T.);
#2537=EDGE_CURVE('',#2068,#2067,#851,.T.);
#2538=EDGE_CURVE('',#2068,#2066,#852,.T.);
#2539=EDGE_CURVE('',#2055,#2067,#1833,.T.);
#2540=EDGE_CURVE('',#2054,#2068,#1834,.T.);
#2541=EDGE_CURVE('',#2060,#1988,#853,.T.);
#2542=EDGE_CURVE('',#1989,#2061,#854,.T.);
#2543=EDGE_CURVE('',#1990,#2062,#855,.T.);
#2544=EDGE_CURVE('',#2057,#1987,#856,.T.);
#2545=EDGE_CURVE('',#1983,#2066,#857,.T.);
#2546=EDGE_CURVE('',#2053,#1986,#858,.T.);
#2547=EDGE_CURVE('',#1984,#2068,#859,.T.);
#2548=EDGE_CURVE('',#2054,#1985,#860,.T.);
#2549=EDGE_CURVE('',#2069,#2001,#861,.T.);
#2550=EDGE_CURVE('',#2070,#2000,#862,.T.);
#2551=EDGE_CURVE('',#2069,#2070,#1835,.T.);
#2552=EDGE_CURVE('',#2069,#2071,#863,.T.);
#2553=EDGE_CURVE('',#2071,#2002,#864,.T.);
#2554=EDGE_CURVE('',#2071,#2058,#865,.T.);
#2555=EDGE_CURVE('',#2059,#2072,#866,.T.);
#2556=EDGE_CURVE('',#2072,#1997,#867,.T.);
#2557=EDGE_CURVE('',#2072,#2073,#868,.T.);
#2558=EDGE_CURVE('',#2073,#1998,#869,.T.);
#2559=EDGE_CURVE('',#2074,#1999,#870,.T.);
#2560=EDGE_CURVE('',#2074,#2073,#1836,.T.);
#2561=EDGE_CURVE('',#2074,#2070,#871,.T.);
#2562=EDGE_CURVE('',#2056,#2064,#872,.T.);
#2563=EDGE_CURVE('',#2075,#1991,#873,.T.);
#2564=EDGE_CURVE('',#2075,#2076,#874,.T.);
#2565=EDGE_CURVE('',#2076,#2051,#875,.T.);
#2566=EDGE_CURVE('',#2077,#2050,#876,.T.);
#2567=EDGE_CURVE('',#2077,#2078,#877,.T.);
#2568=EDGE_CURVE('',#2078,#2047,#878,.T.);
#2569=EDGE_CURVE('',#2079,#2046,#879,.T.);
#2570=EDGE_CURVE('',#2079,#2080,#880,.T.);
#2571=EDGE_CURVE('',#2080,#2043,#881,.T.);
#2572=EDGE_CURVE('',#2081,#2042,#882,.T.);
#2573=EDGE_CURVE('',#2081,#2082,#883,.T.);
#2574=EDGE_CURVE('',#2082,#2039,#884,.T.);
#2575=EDGE_CURVE('',#2083,#2038,#885,.T.);
#2576=EDGE_CURVE('',#2083,#2084,#886,.T.);
#2577=EDGE_CURVE('',#2084,#2035,#887,.T.);
#2578=EDGE_CURVE('',#2085,#2034,#888,.T.);
#2579=EDGE_CURVE('',#2085,#2086,#889,.T.);
#2580=EDGE_CURVE('',#2086,#2031,#890,.T.);
#2581=EDGE_CURVE('',#2030,#2087,#891,.T.);
#2582=EDGE_CURVE('',#2088,#2087,#892,.T.);
#2583=EDGE_CURVE('',#2027,#2088,#893,.T.);
#2584=EDGE_CURVE('',#2026,#2089,#894,.T.);
#2585=EDGE_CURVE('',#2090,#2089,#895,.T.);
#2586=EDGE_CURVE('',#2023,#2090,#896,.T.);
#2587=EDGE_CURVE('',#2022,#2091,#897,.T.);
#2588=EDGE_CURVE('',#2092,#2091,#898,.T.);
#2589=EDGE_CURVE('',#2019,#2092,#899,.T.);
#2590=EDGE_CURVE('',#2018,#2093,#900,.T.);
#2591=EDGE_CURVE('',#2094,#2093,#901,.T.);
#2592=EDGE_CURVE('',#2015,#2094,#902,.T.);
#2593=EDGE_CURVE('',#2014,#2095,#903,.T.);
#2594=EDGE_CURVE('',#2096,#2095,#904,.T.);
#2595=EDGE_CURVE('',#2011,#2096,#905,.T.);
#2596=EDGE_CURVE('',#2010,#2097,#906,.T.);
#2597=EDGE_CURVE('',#2098,#2097,#907,.T.);
#2598=EDGE_CURVE('',#2007,#2098,#908,.T.);
#2599=EDGE_CURVE('',#2099,#2028,#909,.T.);
#2600=EDGE_CURVE('',#2099,#2100,#910,.T.);
#2601=EDGE_CURVE('',#2100,#2029,#911,.T.);
#2602=EDGE_CURVE('',#2101,#2088,#912,.T.);
#2603=EDGE_CURVE('',#2102,#2087,#913,.T.);
#2604=EDGE_CURVE('',#2101,#2102,#914,.T.);
#2605=EDGE_CURVE('',#2103,#2102,#915,.T.);
#2606=EDGE_CURVE('',#2104,#2103,#916,.T.);
#2607=EDGE_CURVE('',#2104,#2101,#917,.T.);
#2608=EDGE_CURVE('',#2100,#2103,#918,.T.);
#2609=EDGE_CURVE('',#2099,#2104,#919,.T.);
#2610=EDGE_CURVE('',#2105,#2024,#920,.T.);
#2611=EDGE_CURVE('',#2105,#2106,#921,.T.);
#2612=EDGE_CURVE('',#2106,#2025,#922,.T.);
#2613=EDGE_CURVE('',#2107,#2090,#923,.T.);
#2614=EDGE_CURVE('',#2108,#2089,#924,.T.);
#2615=EDGE_CURVE('',#2107,#2108,#925,.T.);
#2616=EDGE_CURVE('',#2109,#2108,#926,.T.);
#2617=EDGE_CURVE('',#2110,#2109,#927,.T.);
#2618=EDGE_CURVE('',#2110,#2107,#928,.T.);
#2619=EDGE_CURVE('',#2106,#2109,#929,.T.);
#2620=EDGE_CURVE('',#2105,#2110,#930,.T.);
#2621=EDGE_CURVE('',#2111,#2020,#931,.T.);
#2622=EDGE_CURVE('',#2111,#2112,#932,.T.);
#2623=EDGE_CURVE('',#2112,#2021,#933,.T.);
#2624=EDGE_CURVE('',#2113,#2092,#934,.T.);
#2625=EDGE_CURVE('',#2114,#2091,#935,.T.);
#2626=EDGE_CURVE('',#2113,#2114,#936,.T.);
#2627=EDGE_CURVE('',#2115,#2114,#937,.T.);
#2628=EDGE_CURVE('',#2116,#2115,#938,.T.);
#2629=EDGE_CURVE('',#2116,#2113,#939,.T.);
#2630=EDGE_CURVE('',#2112,#2115,#940,.T.);
#2631=EDGE_CURVE('',#2111,#2116,#941,.T.);
#2632=EDGE_CURVE('',#2117,#2016,#942,.T.);
#2633=EDGE_CURVE('',#2117,#2118,#943,.T.);
#2634=EDGE_CURVE('',#2118,#2017,#944,.T.);
#2635=EDGE_CURVE('',#2119,#2094,#945,.T.);
#2636=EDGE_CURVE('',#2120,#2093,#946,.T.);
#2637=EDGE_CURVE('',#2119,#2120,#947,.T.);
#2638=EDGE_CURVE('',#2121,#2120,#948,.T.);
#2639=EDGE_CURVE('',#2122,#2121,#949,.T.);
#2640=EDGE_CURVE('',#2122,#2119,#950,.T.);
#2641=EDGE_CURVE('',#2118,#2121,#951,.T.);
#2642=EDGE_CURVE('',#2117,#2122,#952,.T.);
#2643=EDGE_CURVE('',#2123,#2012,#953,.T.);
#2644=EDGE_CURVE('',#2123,#2124,#954,.T.);
#2645=EDGE_CURVE('',#2124,#2013,#955,.T.);
#2646=EDGE_CURVE('',#2125,#2096,#956,.T.);
#2647=EDGE_CURVE('',#2126,#2095,#957,.T.);
#2648=EDGE_CURVE('',#2125,#2126,#958,.T.);
#2649=EDGE_CURVE('',#2127,#2126,#959,.T.);
#2650=EDGE_CURVE('',#2128,#2127,#960,.T.);
#2651=EDGE_CURVE('',#2128,#2125,#961,.T.);
#2652=EDGE_CURVE('',#2124,#2127,#962,.T.);
#2653=EDGE_CURVE('',#2123,#2128,#963,.T.);
#2654=EDGE_CURVE('',#2129,#2008,#964,.T.);
#2655=EDGE_CURVE('',#2129,#2130,#965,.T.);
#2656=EDGE_CURVE('',#2130,#2009,#966,.T.);
#2657=EDGE_CURVE('',#2131,#2098,#967,.T.);
#2658=EDGE_CURVE('',#2132,#2097,#968,.T.);
#2659=EDGE_CURVE('',#2131,#2132,#969,.T.);
#2660=EDGE_CURVE('',#2133,#2132,#970,.T.);
#2661=EDGE_CURVE('',#2134,#2133,#971,.T.);
#2662=EDGE_CURVE('',#2134,#2131,#972,.T.);
#2663=EDGE_CURVE('',#2130,#2133,#973,.T.);
#2664=EDGE_CURVE('',#2129,#2134,#974,.T.);
#2665=EDGE_CURVE('',#2135,#2033,#975,.T.);
#2666=EDGE_CURVE('',#2136,#2032,#976,.T.);
#2667=EDGE_CURVE('',#2135,#2136,#977,.T.);
#2668=EDGE_CURVE('',#2136,#2137,#978,.T.);
#2669=EDGE_CURVE('',#2138,#2137,#979,.T.);
#2670=EDGE_CURVE('',#2135,#2138,#980,.T.);
#2671=EDGE_CURVE('',#2137,#2139,#981,.T.);
#2672=EDGE_CURVE('',#2140,#2139,#982,.T.);
#2673=EDGE_CURVE('',#2138,#2140,#983,.T.);
#2674=EDGE_CURVE('',#2140,#2085,#984,.T.);
#2675=EDGE_CURVE('',#2139,#2086,#985,.T.);
#2676=EDGE_CURVE('',#2141,#2037,#986,.T.);
#2677=EDGE_CURVE('',#2142,#2036,#987,.T.);
#2678=EDGE_CURVE('',#2141,#2142,#988,.T.);
#2679=EDGE_CURVE('',#2142,#2143,#989,.T.);
#2680=EDGE_CURVE('',#2144,#2143,#990,.T.);
#2681=EDGE_CURVE('',#2141,#2144,#991,.T.);
#2682=EDGE_CURVE('',#2143,#2145,#992,.T.);
#2683=EDGE_CURVE('',#2146,#2145,#993,.T.);
#2684=EDGE_CURVE('',#2144,#2146,#994,.T.);
#2685=EDGE_CURVE('',#2146,#2083,#995,.T.);
#2686=EDGE_CURVE('',#2145,#2084,#996,.T.);
#2687=EDGE_CURVE('',#2147,#2041,#997,.T.);
#2688=EDGE_CURVE('',#2148,#2040,#998,.T.);
#2689=EDGE_CURVE('',#2147,#2148,#999,.T.);
#2690=EDGE_CURVE('',#2148,#2149,#1000,.T.);
#2691=EDGE_CURVE('',#2150,#2149,#1001,.T.);
#2692=EDGE_CURVE('',#2147,#2150,#1002,.T.);
#2693=EDGE_CURVE('',#2149,#2151,#1003,.T.);
#2694=EDGE_CURVE('',#2152,#2151,#1004,.T.);
#2695=EDGE_CURVE('',#2150,#2152,#1005,.T.);
#2696=EDGE_CURVE('',#2152,#2081,#1006,.T.);
#2697=EDGE_CURVE('',#2151,#2082,#1007,.T.);
#2698=EDGE_CURVE('',#2153,#2045,#1008,.T.);
#2699=EDGE_CURVE('',#2154,#2044,#1009,.T.);
#2700=EDGE_CURVE('',#2153,#2154,#1010,.T.);
#2701=EDGE_CURVE('',#2154,#2155,#1011,.T.);
#2702=EDGE_CURVE('',#2156,#2155,#1012,.T.);
#2703=EDGE_CURVE('',#2153,#2156,#1013,.T.);
#2704=EDGE_CURVE('',#2155,#2157,#1014,.T.);
#2705=EDGE_CURVE('',#2158,#2157,#1015,.T.);
#2706=EDGE_CURVE('',#2156,#2158,#1016,.T.);
#2707=EDGE_CURVE('',#2158,#2079,#1017,.T.);
#2708=EDGE_CURVE('',#2157,#2080,#1018,.T.);
#2709=EDGE_CURVE('',#2159,#2049,#1019,.T.);
#2710=EDGE_CURVE('',#2160,#2048,#1020,.T.);
#2711=EDGE_CURVE('',#2159,#2160,#1021,.T.);
#2712=EDGE_CURVE('',#2160,#2161,#1022,.T.);
#2713=EDGE_CURVE('',#2162,#2161,#1023,.T.);
#2714=EDGE_CURVE('',#2159,#2162,#1024,.T.);
#2715=EDGE_CURVE('',#2161,#2163,#1025,.T.);
#2716=EDGE_CURVE('',#2164,#2163,#1026,.T.);
#2717=EDGE_CURVE('',#2162,#2164,#1027,.T.);
#2718=EDGE_CURVE('',#2164,#2077,#1028,.T.);
#2719=EDGE_CURVE('',#2163,#2078,#1029,.T.);
#2720=EDGE_CURVE('',#2165,#1992,#1030,.T.);
#2721=EDGE_CURVE('',#2166,#2052,#1031,.T.);
#2722=EDGE_CURVE('',#2165,#2166,#1032,.T.);
#2723=EDGE_CURVE('',#2166,#2167,#1033,.T.);
#2724=EDGE_CURVE('',#2168,#2167,#1034,.T.);
#2725=EDGE_CURVE('',#2165,#2168,#1035,.T.);
#2726=EDGE_CURVE('',#2167,#2169,#1036,.T.);
#2727=EDGE_CURVE('',#2170,#2169,#1037,.T.);
#2728=EDGE_CURVE('',#2168,#2170,#1038,.T.);
#2729=EDGE_CURVE('',#2170,#2075,#1039,.T.);
#2730=EDGE_CURVE('',#2169,#2076,#1040,.T.);
#2731=EDGE_CURVE('',#2171,#2172,#1041,.T.);
#2732=EDGE_CURVE('',#2172,#2173,#1042,.T.);
#2733=EDGE_CURVE('',#2174,#2173,#1043,.T.);
#2734=EDGE_CURVE('',#2171,#2174,#1044,.T.);
#2735=EDGE_CURVE('',#2175,#2176,#1045,.T.);
#2736=EDGE_CURVE('',#2175,#2177,#1046,.T.);
#2737=EDGE_CURVE('',#2177,#2178,#1047,.T.);
#2738=EDGE_CURVE('',#2176,#2178,#1048,.T.);
#2739=EDGE_CURVE('',#2179,#2180,#1049,.T.);
#2740=EDGE_CURVE('',#2181,#2180,#1050,.T.);
#2741=EDGE_CURVE('',#2182,#2181,#1051,.T.);
#2742=EDGE_CURVE('',#2182,#2179,#1052,.T.);
#2743=EDGE_CURVE('',#2183,#2184,#1053,.T.);
#2744=EDGE_CURVE('',#2185,#2183,#1054,.T.);
#2745=EDGE_CURVE('',#2185,#2186,#1055,.T.);
#2746=EDGE_CURVE('',#2186,#2184,#1056,.T.);
#2747=EDGE_CURVE('',#2187,#2188,#1057,.T.);
#2748=EDGE_CURVE('',#2188,#2189,#1058,.T.);
#2749=EDGE_CURVE('',#2190,#2189,#1059,.T.);
#2750=EDGE_CURVE('',#2190,#2187,#1060,.T.);
#2751=EDGE_CURVE('',#2191,#2192,#1061,.T.);
#2752=EDGE_CURVE('',#2192,#2193,#1062,.T.);
#2753=EDGE_CURVE('',#2194,#2193,#1063,.T.);
#2754=EDGE_CURVE('',#2195,#2194,#1837,.T.);
#2755=EDGE_CURVE('',#2195,#2196,#1064,.T.);
#2756=EDGE_CURVE('',#2196,#2197,#1838,.T.);
#2757=EDGE_CURVE('',#2197,#2198,#1065,.T.);
#2758=EDGE_CURVE('',#2198,#2199,#1066,.T.);
#2759=EDGE_CURVE('',#2200,#2199,#1067,.T.);
#2760=EDGE_CURVE('',#2201,#2200,#1839,.T.);
#2761=EDGE_CURVE('',#2202,#2201,#1068,.T.);
#2762=EDGE_CURVE('',#2202,#2191,#1840,.T.);
#2763=EDGE_CURVE('',#2203,#2204,#1841,.T.);
#2764=EDGE_CURVE('',#2203,#2205,#1069,.T.);
#2765=EDGE_CURVE('',#2206,#2205,#1842,.T.);
#2766=EDGE_CURVE('',#2204,#2206,#1070,.T.);
#2767=EDGE_CURVE('',#2207,#2203,#1071,.T.);
#2768=EDGE_CURVE('',#2207,#2208,#1843,.T.);
#2769=EDGE_CURVE('',#2208,#2209,#1072,.T.);
#2770=EDGE_CURVE('',#2205,#2209,#1073,.T.);
#2771=EDGE_CURVE('',#2210,#2211,#1074,.T.);
#2772=EDGE_CURVE('',#2210,#2212,#1844,.T.);
#2773=EDGE_CURVE('',#2212,#2213,#1075,.T.);
#2774=EDGE_CURVE('',#2213,#2211,#1845,.T.);
#2775=EDGE_CURVE('',#2214,#2215,#1076,.T.);
#2776=EDGE_CURVE('',#2214,#2216,#1846,.T.);
#2777=EDGE_CURVE('',#2216,#2210,#1077,.T.);
#2778=EDGE_CURVE('',#2211,#2215,#1078,.T.);
#2779=EDGE_CURVE('',#2217,#2218,#1847,.T.);
#2780=EDGE_CURVE('',#2217,#2219,#1079,.T.);
#2781=EDGE_CURVE('',#2220,#2219,#1848,.T.);
#2782=EDGE_CURVE('',#2218,#2220,#1080,.T.);
#2783=EDGE_CURVE('',#2221,#2222,#1081,.T.);
#2784=EDGE_CURVE('',#2223,#2222,#1082,.T.);
#2785=EDGE_CURVE('',#2224,#2223,#1849,.T.);
#2786=EDGE_CURVE('',#2225,#2224,#1083,.T.);
#2787=EDGE_CURVE('',#2226,#2225,#1850,.T.);
#2788=EDGE_CURVE('',#2226,#2227,#1084,.T.);
#2789=EDGE_CURVE('',#2228,#2227,#1851,.T.);
#2790=EDGE_CURVE('',#2228,#2229,#1085,.T.);
#2791=EDGE_CURVE('',#2230,#2229,#1086,.T.);
#2792=EDGE_CURVE('',#2230,#2231,#1087,.T.);
#2793=EDGE_CURVE('',#2232,#2231,#1088,.T.);
#2794=EDGE_CURVE('',#2194,#2232,#1089,.T.);
#2795=EDGE_CURVE('',#2233,#2193,#1090,.T.);
#2796=EDGE_CURVE('',#2233,#2234,#1852,.T.);
#2797=EDGE_CURVE('',#2235,#2234,#1091,.T.);
#2798=EDGE_CURVE('',#2235,#2190,#1853,.T.);
#2799=EDGE_CURVE('',#2189,#2236,#1854,.T.);
#2800=EDGE_CURVE('',#2236,#2221,#1092,.T.);
#2801=EDGE_CURVE('',#2209,#2232,#1855,.T.);
#2802=EDGE_CURVE('',#2237,#2208,#1093,.T.);
#2803=EDGE_CURVE('',#2238,#2237,#1094,.T.);
#2804=EDGE_CURVE('',#2195,#2238,#1095,.T.);
#2805=EDGE_CURVE('',#2239,#2217,#1096,.T.);
#2806=EDGE_CURVE('',#2239,#2238,#1856,.T.);
#2807=EDGE_CURVE('',#2237,#2240,#1857,.T.);
#2808=EDGE_CURVE('',#2219,#2240,#1097,.T.);
#2809=EDGE_CURVE('',#2241,#2242,#1098,.T.);
#2810=EDGE_CURVE('',#2241,#2243,#1858,.T.);
#2811=EDGE_CURVE('',#2243,#2244,#1099,.T.);
#2812=EDGE_CURVE('',#2244,#2242,#1859,.T.);
#2813=EDGE_CURVE('',#2243,#2245,#1100,.T.);
#2814=EDGE_CURVE('',#2245,#2246,#1101,.T.);
#2815=EDGE_CURVE('',#2247,#2246,#1102,.T.);
#2816=EDGE_CURVE('',#2248,#2247,#1860,.T.);
#2817=EDGE_CURVE('',#2248,#2249,#1103,.T.);
#2818=EDGE_CURVE('',#2250,#2249,#1861,.T.);
#2819=EDGE_CURVE('',#2251,#2250,#1104,.T.);
#2820=EDGE_CURVE('',#2251,#2252,#1105,.T.);
#2821=EDGE_CURVE('',#2252,#2213,#1106,.T.);
#2822=EDGE_CURVE('',#2212,#2253,#1107,.T.);
#2823=EDGE_CURVE('',#2253,#2254,#1862,.T.);
#2824=EDGE_CURVE('',#2255,#2254,#1108,.T.);
#2825=EDGE_CURVE('',#2255,#2256,#1863,.T.);
#2826=EDGE_CURVE('',#2256,#2244,#1109,.T.);
#2827=EDGE_CURVE('',#2191,#2257,#1110,.T.);
#2828=EDGE_CURVE('',#2257,#2258,#1111,.T.);
#2829=EDGE_CURVE('',#2259,#2258,#1112,.T.);
#2830=EDGE_CURVE('',#2259,#2260,#1113,.T.);
#2831=EDGE_CURVE('',#2261,#2260,#1114,.T.);
#2832=EDGE_CURVE('',#2262,#2261,#1864,.T.);
#2833=EDGE_CURVE('',#2263,#2262,#1115,.T.);
#2834=EDGE_CURVE('',#2264,#2263,#1865,.T.);
#2835=EDGE_CURVE('',#2264,#2265,#1116,.T.);
#2836=EDGE_CURVE('',#2266,#2265,#1866,.T.);
#2837=EDGE_CURVE('',#2266,#2267,#1117,.T.);
#2838=EDGE_CURVE('',#2268,#2267,#1118,.T.);
#2839=EDGE_CURVE('',#2269,#2268,#1119,.T.);
#2840=EDGE_CURVE('',#2269,#2188,#1867,.T.);
#2841=EDGE_CURVE('',#2187,#2270,#1868,.T.);
#2842=EDGE_CURVE('',#2270,#2271,#1120,.T.);
#2843=EDGE_CURVE('',#2271,#2272,#1869,.T.);
#2844=EDGE_CURVE('',#2272,#2192,#1121,.T.);
#2845=EDGE_CURVE('',#2215,#2257,#1870,.T.);
#2846=EDGE_CURVE('',#2202,#2273,#1122,.T.);
#2847=EDGE_CURVE('',#2273,#2274,#1123,.T.);
#2848=EDGE_CURVE('',#2274,#2214,#1124,.T.);
#2849=EDGE_CURVE('',#2273,#2275,#1871,.T.);
#2850=EDGE_CURVE('',#2275,#2241,#1125,.T.);
#2851=EDGE_CURVE('',#2242,#2276,#1126,.T.);
#2852=EDGE_CURVE('',#2276,#2274,#1872,.T.);
#2853=EDGE_CURVE('',#2277,#2278,#1127,.T.);
#2854=EDGE_CURVE('',#2278,#2255,#1128,.T.);
#2855=EDGE_CURVE('',#2254,#2277,#1129,.T.);
#2856=EDGE_CURVE('',#2216,#2207,#1130,.T.);
#2857=EDGE_CURVE('',#2279,#2204,#1131,.T.);
#2858=EDGE_CURVE('',#2279,#2253,#1132,.T.);
#2859=EDGE_CURVE('',#2240,#2276,#1133,.T.);
#2860=EDGE_CURVE('',#2256,#2280,#1134,.T.);
#2861=EDGE_CURVE('',#2280,#2220,#1135,.T.);
#2862=EDGE_CURVE('',#2281,#2282,#1136,.T.);
#2863=EDGE_CURVE('',#2184,#2281,#1873,.T.);
#2864=EDGE_CURVE('',#2186,#2283,#1874,.T.);
#2865=EDGE_CURVE('',#2284,#2283,#1137,.T.);
#2866=EDGE_CURVE('',#2284,#2285,#1138,.T.);
#2867=EDGE_CURVE('',#2285,#2286,#1139,.T.);
#2868=EDGE_CURVE('',#2286,#2282,#1875,.T.);
#2869=EDGE_CURVE('',#2281,#2287,#1140,.T.);
#2870=EDGE_CURVE('',#2282,#2288,#1141,.T.);
#2871=EDGE_CURVE('',#2287,#2288,#1142,.T.);
#2872=EDGE_CURVE('',#2287,#2183,#1876,.T.);
#2873=EDGE_CURVE('',#2288,#2289,#1877,.T.);
#2874=EDGE_CURVE('',#2290,#2289,#1143,.T.);
#2875=EDGE_CURVE('',#2291,#2290,#1144,.T.);
#2876=EDGE_CURVE('',#2291,#2292,#1145,.T.);
#2877=EDGE_CURVE('',#2292,#2185,#1878,.T.);
#2878=EDGE_CURVE('',#2293,#2290,#1879,.T.);
#2879=EDGE_CURVE('',#2294,#2293,#1146,.T.);
#2880=EDGE_CURVE('',#2294,#2291,#1880,.T.);
#2881=EDGE_CURVE('',#2295,#2293,#1147,.T.);
#2882=EDGE_CURVE('',#2295,#2214,#1881,.T.);
#2883=EDGE_CURVE('',#2274,#2296,#1882,.T.);
#2884=EDGE_CURVE('',#2296,#2294,#1148,.T.);
#2885=EDGE_CURVE('',#2208,#2297,#1883,.T.);
#2886=EDGE_CURVE('',#2297,#2298,#1149,.T.);
#2887=EDGE_CURVE('',#2299,#2298,#1150,.T.);
#2888=EDGE_CURVE('',#2300,#2299,#1151,.T.);
#2889=EDGE_CURVE('',#2300,#2237,#1884,.T.);
#2890=EDGE_CURVE('',#2298,#2285,#1885,.T.);
#2891=EDGE_CURVE('',#2299,#2284,#1886,.T.);
#2892=EDGE_CURVE('',#2283,#2292,#1152,.T.);
#2893=EDGE_CURVE('',#2296,#2300,#1153,.T.);
#2894=EDGE_CURVE('',#2289,#2286,#1154,.T.);
#2895=EDGE_CURVE('',#2297,#2295,#1155,.T.);
#2896=EDGE_CURVE('',#2301,#2218,#1156,.T.);
#2897=EDGE_CURVE('',#2302,#2301,#1887,.T.);
#2898=EDGE_CURVE('',#2303,#2302,#1157,.T.);
#2899=EDGE_CURVE('',#2304,#2303,#1158,.T.);
#2900=EDGE_CURVE('',#2304,#2305,#1159,.T.);
#2901=EDGE_CURVE('',#2305,#2245,#1888,.T.);
#2902=EDGE_CURVE('',#2275,#2239,#1160,.T.);
#2903=EDGE_CURVE('',#2238,#2306,#1889,.T.);
#2904=EDGE_CURVE('',#2306,#2307,#1161,.T.);
#2905=EDGE_CURVE('',#2307,#2196,#1162,.T.);
#2906=EDGE_CURVE('',#2308,#2201,#1163,.T.);
#2907=EDGE_CURVE('',#2309,#2308,#1164,.T.);
#2908=EDGE_CURVE('',#2309,#2273,#1890,.T.);
#2909=EDGE_CURVE('',#2310,#2200,#1165,.T.);
#2910=EDGE_CURVE('',#2308,#2310,#1891,.T.);
#2911=EDGE_CURVE('',#2311,#2312,#1166,.T.);
#2912=EDGE_CURVE('',#2180,#2311,#1892,.T.);
#2913=EDGE_CURVE('',#2179,#2313,#1893,.T.);
#2914=EDGE_CURVE('',#2310,#2313,#1167,.T.);
#2915=EDGE_CURVE('',#2199,#2312,#1894,.T.);
#2916=EDGE_CURVE('',#2314,#2315,#1168,.T.);
#2917=EDGE_CURVE('',#2311,#2314,#1169,.T.);
#2918=EDGE_CURVE('',#2312,#2315,#1170,.T.);
#2919=EDGE_CURVE('',#2314,#2181,#1895,.T.);
#2920=EDGE_CURVE('',#2315,#2198,#1896,.T.);
#2921=EDGE_CURVE('',#2316,#2197,#1171,.T.);
#2922=EDGE_CURVE('',#2316,#2317,#1172,.T.);
#2923=EDGE_CURVE('',#2317,#2182,#1897,.T.);
#2924=EDGE_CURVE('',#2307,#2316,#1898,.T.);
#2925=EDGE_CURVE('',#2313,#2317,#1173,.T.);
#2926=EDGE_CURVE('',#2306,#2309,#1174,.T.);
#2927=EDGE_CURVE('',#2280,#2278,#1899,.T.);
#2928=EDGE_CURVE('',#2277,#2279,#1900,.T.);
#2929=EDGE_CURVE('',#2272,#2233,#1175,.T.);
#2930=EDGE_CURVE('',#2270,#2235,#1176,.T.);
#2931=EDGE_CURVE('',#2234,#2271,#1177,.T.);
#2932=EDGE_CURVE('',#2267,#2318,#1901,.T.);
#2933=EDGE_CURVE('',#2318,#2319,#1178,.T.);
#2934=EDGE_CURVE('',#2320,#2319,#1179,.T.);
#2935=EDGE_CURVE('',#2321,#2320,#1180,.T.);
#2936=EDGE_CURVE('',#2222,#2321,#1902,.T.);
#2937=EDGE_CURVE('',#2221,#2322,#1903,.T.);
#2938=EDGE_CURVE('',#2322,#2323,#1181,.T.);
#2939=EDGE_CURVE('',#2323,#2324,#1182,.T.);
#2940=EDGE_CURVE('',#2325,#2324,#1183,.T.);
#2941=EDGE_CURVE('',#2268,#2325,#1904,.T.);
#2942=EDGE_CURVE('',#2324,#2326,#1905,.T.);
#2943=EDGE_CURVE('',#2327,#2326,#1184,.T.);
#2944=EDGE_CURVE('',#2327,#2328,#1906,.T.);
#2945=EDGE_CURVE('',#2329,#2328,#1185,.T.);
#2946=EDGE_CURVE('',#2329,#2325,#1186,.T.);
#2947=EDGE_CURVE('',#2326,#2330,#1187,.T.);
#2948=EDGE_CURVE('',#2331,#2330,#1188,.T.);
#2949=EDGE_CURVE('',#2331,#2327,#1189,.T.);
#2950=EDGE_CURVE('',#2330,#2323,#1907,.T.);
#2951=EDGE_CURVE('',#2332,#2322,#1190,.T.);
#2952=EDGE_CURVE('',#2332,#2333,#1191,.T.);
#2953=EDGE_CURVE('',#2333,#2331,#1908,.T.);
#2954=EDGE_CURVE('',#2236,#2334,#21,.T.);
#2955=EDGE_CURVE('',#2334,#2332,#1909,.T.);
#2956=EDGE_CURVE('',#2335,#2329,#1910,.T.);
#2957=EDGE_CURVE('',#2335,#2269,#22,.T.);
#2958=EDGE_CURVE('',#2334,#2335,#1192,.T.);
#2959=EDGE_CURVE('',#2328,#2333,#1193,.T.);
#2960=EDGE_CURVE('',#2225,#2264,#1194,.T.);
#2961=EDGE_CURVE('',#2265,#2224,#1195,.T.);
#2962=EDGE_CURVE('',#2336,#2259,#1911,.T.);
#2963=EDGE_CURVE('',#2336,#2337,#1196,.T.);
#2964=EDGE_CURVE('',#2337,#2338,#1912,.T.);
#2965=EDGE_CURVE('',#2338,#2339,#1197,.T.);
#2966=EDGE_CURVE('',#2340,#2339,#1198,.T.);
#2967=EDGE_CURVE('',#2341,#2340,#1199,.T.);
#2968=EDGE_CURVE('',#2342,#2341,#1913,.T.);
#2969=EDGE_CURVE('',#2343,#2342,#1200,.T.);
#2970=EDGE_CURVE('',#2343,#2230,#1914,.T.);
#2971=EDGE_CURVE('',#2260,#2229,#1201,.T.);
#2972=EDGE_CURVE('',#2344,#2345,#1915,.T.);
#2973=EDGE_CURVE('',#2345,#2346,#1202,.T.);
#2974=EDGE_CURVE('',#2347,#2346,#1916,.T.);
#2975=EDGE_CURVE('',#2344,#2347,#1203,.T.);
#2976=EDGE_CURVE('',#2348,#2344,#1204,.T.);
#2977=EDGE_CURVE('',#2349,#2347,#1205,.T.);
#2978=EDGE_CURVE('',#2350,#2349,#1206,.T.);
#2979=EDGE_CURVE('',#2348,#2350,#1917,.T.);
#2980=EDGE_CURVE('',#2351,#2352,#1207,.T.);
#2981=EDGE_CURVE('',#2352,#2252,#1918,.T.);
#2982=EDGE_CURVE('',#2351,#2251,#1919,.T.);
#2983=EDGE_CURVE('',#2353,#2354,#1208,.T.);
#2984=EDGE_CURVE('',#2354,#2352,#1209,.T.);
#2985=EDGE_CURVE('',#2355,#2351,#1210,.T.);
#2986=EDGE_CURVE('',#2353,#2355,#1920,.T.);
#2987=EDGE_CURVE('',#2301,#2356,#1211,.T.);
#2988=EDGE_CURVE('',#2356,#2357,#1921,.T.);
#2989=EDGE_CURVE('',#2302,#2357,#1212,.T.);
#2990=EDGE_CURVE('',#2231,#2349,#1922,.T.);
#2991=EDGE_CURVE('',#2343,#2358,#1213,.T.);
#2992=EDGE_CURVE('',#2358,#2359,#1214,.T.);
#2993=EDGE_CURVE('',#2359,#2350,#1215,.T.);
#2994=EDGE_CURVE('',#2357,#2360,#1216,.T.);
#2995=EDGE_CURVE('',#2359,#2360,#1923,.T.);
#2996=EDGE_CURVE('',#2303,#2358,#1924,.T.);
#2997=EDGE_CURVE('',#2305,#2361,#1217,.T.);
#2998=EDGE_CURVE('',#2246,#2361,#1925,.T.);
#2999=EDGE_CURVE('',#2258,#2354,#1926,.T.);
#3000=EDGE_CURVE('',#2362,#2353,#1218,.T.);
#3001=EDGE_CURVE('',#2363,#2362,#1219,.T.);
#3002=EDGE_CURVE('',#2336,#2363,#1220,.T.);
#3003=EDGE_CURVE('',#2364,#2362,#1927,.T.);
#3004=EDGE_CURVE('',#2361,#2364,#1221,.T.);
#3005=EDGE_CURVE('',#2363,#2304,#1928,.T.);
#3006=EDGE_CURVE('',#2365,#2366,#1222,.T.);
#3007=EDGE_CURVE('',#2249,#2365,#1223,.T.);
#3008=EDGE_CURVE('',#2366,#2248,#1224,.T.);
#3009=EDGE_CURVE('',#2367,#2250,#1225,.T.);
#3010=EDGE_CURVE('',#2367,#2345,#1226,.T.);
#3011=EDGE_CURVE('',#2355,#2348,#1227,.T.);
#3012=EDGE_CURVE('',#2368,#2356,#1228,.T.);
#3013=EDGE_CURVE('',#2247,#2368,#1229,.T.);
#3014=EDGE_CURVE('',#2360,#2364,#1230,.T.);
#3015=EDGE_CURVE('',#2369,#2370,#1231,.T.);
#3016=EDGE_CURVE('',#2370,#2171,#1929,.T.);
#3017=EDGE_CURVE('',#2371,#2174,#1930,.T.);
#3018=EDGE_CURVE('',#2372,#2371,#1232,.T.);
#3019=EDGE_CURVE('',#2373,#2372,#1233,.T.);
#3020=EDGE_CURVE('',#2373,#2374,#1234,.T.);
#3021=EDGE_CURVE('',#2369,#2374,#1931,.T.);
#3022=EDGE_CURVE('',#2375,#2370,#1235,.T.);
#3023=EDGE_CURVE('',#2376,#2369,#1236,.T.);
#3024=EDGE_CURVE('',#2376,#2375,#1237,.T.);
#3025=EDGE_CURVE('',#2172,#2375,#1932,.T.);
#3026=EDGE_CURVE('',#2377,#2376,#1933,.T.);
#3027=EDGE_CURVE('',#2378,#2377,#1238,.T.);
#3028=EDGE_CURVE('',#2378,#2379,#1239,.T.);
#3029=EDGE_CURVE('',#2379,#2380,#1240,.T.);
#3030=EDGE_CURVE('',#2173,#2380,#1934,.T.);
#3031=EDGE_CURVE('',#2381,#2379,#1935,.T.);
#3032=EDGE_CURVE('',#2382,#2378,#1936,.T.);
#3033=EDGE_CURVE('',#2382,#2381,#1241,.T.);
#3034=EDGE_CURVE('',#2383,#2381,#1242,.T.);
#3035=EDGE_CURVE('',#2384,#2382,#1243,.T.);
#3036=EDGE_CURVE('',#2362,#2384,#1937,.T.);
#3037=EDGE_CURVE('',#2383,#2353,#1938,.T.);
#3038=EDGE_CURVE('',#2385,#2359,#1939,.T.);
#3039=EDGE_CURVE('',#2385,#2386,#1244,.T.);
#3040=EDGE_CURVE('',#2386,#2387,#1245,.T.);
#3041=EDGE_CURVE('',#2388,#2387,#1246,.T.);
#3042=EDGE_CURVE('',#2350,#2388,#1940,.T.);
#3043=EDGE_CURVE('',#2387,#2372,#1941,.T.);
#3044=EDGE_CURVE('',#2386,#2373,#1942,.T.);
#3045=EDGE_CURVE('',#2384,#2385,#1247,.T.);
#3046=EDGE_CURVE('',#2374,#2377,#1248,.T.);
#3047=EDGE_CURVE('',#2388,#2383,#1249,.T.);
#3048=EDGE_CURVE('',#2380,#2371,#1250,.T.);
#3049=EDGE_CURVE('',#2389,#2342,#1251,.T.);
#3050=EDGE_CURVE('',#2390,#2389,#1252,.T.);
#3051=EDGE_CURVE('',#2358,#2390,#1943,.T.);
#3052=EDGE_CURVE('',#2391,#2363,#1944,.T.);
#3053=EDGE_CURVE('',#2391,#2392,#1253,.T.);
#3054=EDGE_CURVE('',#2392,#2337,#1254,.T.);
#3055=EDGE_CURVE('',#2392,#2393,#1945,.T.);
#3056=EDGE_CURVE('',#2393,#2338,#1255,.T.);
#3057=EDGE_CURVE('',#2394,#2395,#1256,.T.);
#3058=EDGE_CURVE('',#2395,#2175,#1946,.T.);
#3059=EDGE_CURVE('',#2339,#2176,#1947,.T.);
#3060=EDGE_CURVE('',#2393,#2396,#1257,.T.);
#3061=EDGE_CURVE('',#2394,#2396,#1948,.T.);
#3062=EDGE_CURVE('',#2397,#2398,#1258,.T.);
#3063=EDGE_CURVE('',#2398,#2395,#1259,.T.);
#3064=EDGE_CURVE('',#2397,#2394,#1260,.T.);
#3065=EDGE_CURVE('',#2177,#2398,#1949,.T.);
#3066=EDGE_CURVE('',#2399,#2397,#1950,.T.);
#3067=EDGE_CURVE('',#2400,#2399,#1261,.T.);
#3068=EDGE_CURVE('',#2400,#2341,#1262,.T.);
#3069=EDGE_CURVE('',#2178,#2340,#1951,.T.);
#3070=EDGE_CURVE('',#2389,#2400,#1952,.T.);
#3071=EDGE_CURVE('',#2390,#2391,#1263,.T.);
#3072=EDGE_CURVE('',#2396,#2399,#1264,.T.);
#3073=EDGE_CURVE('',#2368,#2366,#1953,.T.);
#3074=EDGE_CURVE('',#2365,#2367,#1954,.T.);
#3075=EDGE_CURVE('',#2261,#2228,#1265,.T.);
#3076=EDGE_CURVE('',#2227,#2262,#1266,.T.);
#3077=EDGE_CURVE('',#2263,#2226,#1267,.T.);
#3078=EDGE_CURVE('',#2401,#2318,#1268,.T.);
#3079=EDGE_CURVE('',#2401,#2402,#1269,.T.);
#3080=EDGE_CURVE('',#2403,#2402,#1955,.T.);
#3081=EDGE_CURVE('',#2403,#2404,#1270,.T.);
#3082=EDGE_CURVE('',#2319,#2404,#1956,.T.);
#3083=EDGE_CURVE('',#2405,#2403,#1271,.T.);
#3084=EDGE_CURVE('',#2405,#2406,#1272,.T.);
#3085=EDGE_CURVE('',#2404,#2406,#1273,.T.);
#3086=EDGE_CURVE('',#2407,#2405,#1957,.T.);
#3087=EDGE_CURVE('',#2408,#2407,#1274,.T.);
#3088=EDGE_CURVE('',#2408,#2321,#1275,.T.);
#3089=EDGE_CURVE('',#2406,#2320,#1958,.T.);
#3090=EDGE_CURVE('',#2409,#2408,#1959,.T.);
#3091=EDGE_CURVE('',#2223,#2409,#23,.T.);
#3092=EDGE_CURVE('',#2410,#2266,#24,.T.);
#3093=EDGE_CURVE('',#2410,#2401,#1960,.T.);
#3094=EDGE_CURVE('',#2402,#2407,#1276,.T.);
#3095=EDGE_CURVE('',#2409,#2410,#1277,.T.);
#3096=EDGE_CURVE('',#2346,#2206,#1278,.T.);
#3097=ORIENTED_EDGE('',*,*,#2411,.T.);
#3098=ORIENTED_EDGE('',*,*,#2412,.T.);
#3099=ORIENTED_EDGE('',*,*,#2413,.T.);
#3100=ORIENTED_EDGE('',*,*,#2412,.F.);
#3101=ORIENTED_EDGE('',*,*,#2414,.F.);
#3102=ORIENTED_EDGE('',*,*,#2415,.T.);
#3103=ORIENTED_EDGE('',*,*,#2411,.F.);
#3104=ORIENTED_EDGE('',*,*,#2415,.F.);
#3105=ORIENTED_EDGE('',*,*,#2416,.F.);
#3106=ORIENTED_EDGE('',*,*,#2417,.T.);
#3107=ORIENTED_EDGE('',*,*,#2418,.F.);
#3108=ORIENTED_EDGE('',*,*,#2417,.F.);
#3109=ORIENTED_EDGE('',*,*,#2419,.T.);
#3110=ORIENTED_EDGE('',*,*,#2420,.T.);
#3111=ORIENTED_EDGE('',*,*,#2416,.T.);
#3112=ORIENTED_EDGE('',*,*,#2420,.F.);
#3113=ORIENTED_EDGE('',*,*,#2421,.T.);
#3114=ORIENTED_EDGE('',*,*,#2422,.T.);
#3115=ORIENTED_EDGE('',*,*,#2423,.F.);
#3116=ORIENTED_EDGE('',*,*,#2424,.T.);
#3117=ORIENTED_EDGE('',*,*,#2423,.T.);
#3118=ORIENTED_EDGE('',*,*,#2425,.T.);
#3119=ORIENTED_EDGE('',*,*,#2426,.F.);
#3120=ORIENTED_EDGE('',*,*,#2427,.T.);
#3121=ORIENTED_EDGE('',*,*,#2428,.T.);
#3122=ORIENTED_EDGE('',*,*,#2429,.T.);
#3123=ORIENTED_EDGE('',*,*,#2426,.T.);
#3124=ORIENTED_EDGE('',*,*,#2430,.T.);
#3125=ORIENTED_EDGE('',*,*,#2431,.F.);
#3126=ORIENTED_EDGE('',*,*,#2432,.T.);
#3127=ORIENTED_EDGE('',*,*,#2431,.T.);
#3128=ORIENTED_EDGE('',*,*,#2433,.T.);
#3129=ORIENTED_EDGE('',*,*,#2421,.F.);
#3130=ORIENTED_EDGE('',*,*,#2434,.T.);
#3131=ORIENTED_EDGE('',*,*,#2435,.T.);
#3132=ORIENTED_EDGE('',*,*,#2436,.T.);
#3133=ORIENTED_EDGE('',*,*,#2437,.T.);
#3134=ORIENTED_EDGE('',*,*,#2438,.T.);
#3135=ORIENTED_EDGE('',*,*,#2439,.T.);
#3136=ORIENTED_EDGE('',*,*,#2440,.T.);
#3137=ORIENTED_EDGE('',*,*,#2436,.F.);
#3138=ORIENTED_EDGE('',*,*,#2441,.T.);
#3139=ORIENTED_EDGE('',*,*,#2437,.F.);
#3140=ORIENTED_EDGE('',*,*,#2442,.T.);
#3141=ORIENTED_EDGE('',*,*,#2427,.F.);
#3142=ORIENTED_EDGE('',*,*,#2432,.F.);
#3143=ORIENTED_EDGE('',*,*,#2439,.F.);
#3144=ORIENTED_EDGE('',*,*,#2443,.T.);
#3145=ORIENTED_EDGE('',*,*,#2434,.F.);
#3146=ORIENTED_EDGE('',*,*,#2424,.F.);
#3147=ORIENTED_EDGE('',*,*,#2429,.F.);
#3148=ORIENTED_EDGE('',*,*,#2444,.T.);
#3149=ORIENTED_EDGE('',*,*,#2441,.F.);
#3150=ORIENTED_EDGE('',*,*,#2435,.F.);
#3151=ORIENTED_EDGE('',*,*,#2443,.F.);
#3152=ORIENTED_EDGE('',*,*,#2438,.F.);
#3153=ORIENTED_EDGE('',*,*,#2444,.F.);
#3154=ORIENTED_EDGE('',*,*,#2428,.F.);
#3155=ORIENTED_EDGE('',*,*,#2442,.F.);
#3156=ORIENTED_EDGE('',*,*,#2440,.F.);
#3157=ORIENTED_EDGE('',*,*,#2445,.T.);
#3158=ORIENTED_EDGE('',*,*,#2446,.T.);
#3159=ORIENTED_EDGE('',*,*,#2447,.T.);
#3160=ORIENTED_EDGE('',*,*,#2448,.T.);
#3161=ORIENTED_EDGE('',*,*,#2449,.T.);
#3162=ORIENTED_EDGE('',*,*,#2450,.T.);
#3163=ORIENTED_EDGE('',*,*,#2451,.T.);
#3164=ORIENTED_EDGE('',*,*,#2452,.T.);
#3165=ORIENTED_EDGE('',*,*,#2422,.F.);
#3166=ORIENTED_EDGE('',*,*,#2433,.F.);
#3167=ORIENTED_EDGE('',*,*,#2430,.F.);
#3168=ORIENTED_EDGE('',*,*,#2425,.F.);
#3169=ORIENTED_EDGE('',*,*,#2453,.F.);
#3170=ORIENTED_EDGE('',*,*,#2454,.T.);
#3171=ORIENTED_EDGE('',*,*,#2455,.T.);
#3172=ORIENTED_EDGE('',*,*,#2456,.T.);
#3173=ORIENTED_EDGE('',*,*,#2457,.F.);
#3174=ORIENTED_EDGE('',*,*,#2458,.F.);
#3175=ORIENTED_EDGE('',*,*,#2459,.F.);
#3176=ORIENTED_EDGE('',*,*,#2460,.T.);
#3177=ORIENTED_EDGE('',*,*,#2461,.F.);
#3178=ORIENTED_EDGE('',*,*,#2462,.T.);
#3179=ORIENTED_EDGE('',*,*,#2463,.F.);
#3180=ORIENTED_EDGE('',*,*,#2464,.F.);
#3181=ORIENTED_EDGE('',*,*,#2465,.F.);
#3182=ORIENTED_EDGE('',*,*,#2466,.F.);
#3183=ORIENTED_EDGE('',*,*,#2467,.F.);
#3184=ORIENTED_EDGE('',*,*,#2468,.T.);
#3185=ORIENTED_EDGE('',*,*,#2469,.F.);
#3186=ORIENTED_EDGE('',*,*,#2470,.T.);
#3187=ORIENTED_EDGE('',*,*,#2471,.T.);
#3188=ORIENTED_EDGE('',*,*,#2472,.T.);
#3189=ORIENTED_EDGE('',*,*,#2473,.F.);
#3190=ORIENTED_EDGE('',*,*,#2474,.T.);
#3191=ORIENTED_EDGE('',*,*,#2475,.T.);
#3192=ORIENTED_EDGE('',*,*,#2476,.T.);
#3193=ORIENTED_EDGE('',*,*,#2477,.F.);
#3194=ORIENTED_EDGE('',*,*,#2478,.T.);
#3195=ORIENTED_EDGE('',*,*,#2479,.T.);
#3196=ORIENTED_EDGE('',*,*,#2480,.T.);
#3197=ORIENTED_EDGE('',*,*,#2481,.F.);
#3198=ORIENTED_EDGE('',*,*,#2482,.T.);
#3199=ORIENTED_EDGE('',*,*,#2483,.T.);
#3200=ORIENTED_EDGE('',*,*,#2484,.T.);
#3201=ORIENTED_EDGE('',*,*,#2485,.F.);
#3202=ORIENTED_EDGE('',*,*,#2486,.T.);
#3203=ORIENTED_EDGE('',*,*,#2487,.T.);
#3204=ORIENTED_EDGE('',*,*,#2488,.T.);
#3205=ORIENTED_EDGE('',*,*,#2489,.F.);
#3206=ORIENTED_EDGE('',*,*,#2490,.T.);
#3207=ORIENTED_EDGE('',*,*,#2491,.T.);
#3208=ORIENTED_EDGE('',*,*,#2492,.T.);
#3209=ORIENTED_EDGE('',*,*,#2493,.T.);
#3210=ORIENTED_EDGE('',*,*,#2494,.F.);
#3211=ORIENTED_EDGE('',*,*,#2495,.F.);
#3212=ORIENTED_EDGE('',*,*,#2496,.T.);
#3213=ORIENTED_EDGE('',*,*,#2497,.T.);
#3214=ORIENTED_EDGE('',*,*,#2498,.F.);
#3215=ORIENTED_EDGE('',*,*,#2499,.F.);
#3216=ORIENTED_EDGE('',*,*,#2500,.T.);
#3217=ORIENTED_EDGE('',*,*,#2501,.T.);
#3218=ORIENTED_EDGE('',*,*,#2502,.F.);
#3219=ORIENTED_EDGE('',*,*,#2503,.F.);
#3220=ORIENTED_EDGE('',*,*,#2504,.T.);
#3221=ORIENTED_EDGE('',*,*,#2505,.T.);
#3222=ORIENTED_EDGE('',*,*,#2506,.F.);
#3223=ORIENTED_EDGE('',*,*,#2507,.F.);
#3224=ORIENTED_EDGE('',*,*,#2508,.T.);
#3225=ORIENTED_EDGE('',*,*,#2509,.T.);
#3226=ORIENTED_EDGE('',*,*,#2510,.F.);
#3227=ORIENTED_EDGE('',*,*,#2511,.F.);
#3228=ORIENTED_EDGE('',*,*,#2512,.T.);
#3229=ORIENTED_EDGE('',*,*,#2513,.T.);
#3230=ORIENTED_EDGE('',*,*,#2514,.F.);
#3231=ORIENTED_EDGE('',*,*,#2515,.F.);
#3232=ORIENTED_EDGE('',*,*,#2516,.T.);
#3233=ORIENTED_EDGE('',*,*,#2517,.T.);
#3234=ORIENTED_EDGE('',*,*,#2518,.T.);
#3235=ORIENTED_EDGE('',*,*,#2519,.T.);
#3236=ORIENTED_EDGE('',*,*,#2467,.T.);
#3237=ORIENTED_EDGE('',*,*,#2520,.F.);
#3238=ORIENTED_EDGE('',*,*,#2521,.T.);
#3239=ORIENTED_EDGE('',*,*,#2515,.T.);
#3240=ORIENTED_EDGE('',*,*,#2466,.T.);
#3241=ORIENTED_EDGE('',*,*,#2465,.T.);
#3242=ORIENTED_EDGE('',*,*,#2522,.F.);
#3243=ORIENTED_EDGE('',*,*,#2523,.T.);
#3244=ORIENTED_EDGE('',*,*,#2524,.T.);
#3245=ORIENTED_EDGE('',*,*,#2457,.T.);
#3246=ORIENTED_EDGE('',*,*,#2525,.F.);
#3247=ORIENTED_EDGE('',*,*,#2526,.T.);
#3248=ORIENTED_EDGE('',*,*,#2520,.T.);
#3249=ORIENTED_EDGE('',*,*,#2527,.F.);
#3250=ORIENTED_EDGE('',*,*,#2528,.T.);
#3251=ORIENTED_EDGE('',*,*,#2525,.T.);
#3252=ORIENTED_EDGE('',*,*,#2456,.F.);
#3253=ORIENTED_EDGE('',*,*,#2529,.F.);
#3254=ORIENTED_EDGE('',*,*,#2530,.T.);
#3255=ORIENTED_EDGE('',*,*,#2527,.T.);
#3256=ORIENTED_EDGE('',*,*,#2455,.F.);
#3257=ORIENTED_EDGE('',*,*,#2531,.F.);
#3258=ORIENTED_EDGE('',*,*,#2532,.T.);
#3259=ORIENTED_EDGE('',*,*,#2533,.F.);
#3260=ORIENTED_EDGE('',*,*,#2534,.F.);
#3261=ORIENTED_EDGE('',*,*,#2535,.T.);
#3262=ORIENTED_EDGE('',*,*,#2529,.T.);
#3263=ORIENTED_EDGE('',*,*,#2534,.T.);
#3264=ORIENTED_EDGE('',*,*,#2536,.T.);
#3265=ORIENTED_EDGE('',*,*,#2537,.F.);
#3266=ORIENTED_EDGE('',*,*,#2538,.T.);
#3267=ORIENTED_EDGE('',*,*,#2539,.F.);
#3268=ORIENTED_EDGE('',*,*,#2517,.F.);
#3269=ORIENTED_EDGE('',*,*,#2540,.T.);
#3270=ORIENTED_EDGE('',*,*,#2537,.T.);
#3271=ORIENTED_EDGE('',*,*,#2541,.F.);
#3272=ORIENTED_EDGE('',*,*,#2528,.F.);
#3273=ORIENTED_EDGE('',*,*,#2542,.F.);
#3274=ORIENTED_EDGE('',*,*,#2450,.F.);
#3275=ORIENTED_EDGE('',*,*,#2542,.T.);
#3276=ORIENTED_EDGE('',*,*,#2530,.F.);
#3277=ORIENTED_EDGE('',*,*,#2543,.F.);
#3278=ORIENTED_EDGE('',*,*,#2451,.F.);
#3279=ORIENTED_EDGE('',*,*,#2541,.T.);
#3280=ORIENTED_EDGE('',*,*,#2449,.F.);
#3281=ORIENTED_EDGE('',*,*,#2544,.F.);
#3282=ORIENTED_EDGE('',*,*,#2526,.F.);
#3283=ORIENTED_EDGE('',*,*,#2543,.T.);
#3284=ORIENTED_EDGE('',*,*,#2535,.F.);
#3285=ORIENTED_EDGE('',*,*,#2545,.F.);
#3286=ORIENTED_EDGE('',*,*,#2452,.F.);
#3287=ORIENTED_EDGE('',*,*,#2544,.T.);
#3288=ORIENTED_EDGE('',*,*,#2448,.F.);
#3289=ORIENTED_EDGE('',*,*,#2546,.F.);
#3290=ORIENTED_EDGE('',*,*,#2521,.F.);
#3291=ORIENTED_EDGE('',*,*,#2545,.T.);
#3292=ORIENTED_EDGE('',*,*,#2538,.F.);
#3293=ORIENTED_EDGE('',*,*,#2547,.F.);
#3294=ORIENTED_EDGE('',*,*,#2445,.F.);
#3295=ORIENTED_EDGE('',*,*,#2546,.T.);
#3296=ORIENTED_EDGE('',*,*,#2447,.F.);
#3297=ORIENTED_EDGE('',*,*,#2548,.F.);
#3298=ORIENTED_EDGE('',*,*,#2516,.F.);
#3299=ORIENTED_EDGE('',*,*,#2547,.T.);
#3300=ORIENTED_EDGE('',*,*,#2540,.F.);
#3301=ORIENTED_EDGE('',*,*,#2548,.T.);
#3302=ORIENTED_EDGE('',*,*,#2446,.F.);
#3303=ORIENTED_EDGE('',*,*,#2549,.T.);
#3304=ORIENTED_EDGE('',*,*,#2462,.F.);
#3305=ORIENTED_EDGE('',*,*,#2550,.F.);
#3306=ORIENTED_EDGE('',*,*,#2551,.F.);
#3307=ORIENTED_EDGE('',*,*,#2552,.T.);
#3308=ORIENTED_EDGE('',*,*,#2553,.T.);
#3309=ORIENTED_EDGE('',*,*,#2463,.T.);
#3310=ORIENTED_EDGE('',*,*,#2549,.F.);
#3311=ORIENTED_EDGE('',*,*,#2554,.T.);
#3312=ORIENTED_EDGE('',*,*,#2522,.T.);
#3313=ORIENTED_EDGE('',*,*,#2464,.T.);
#3314=ORIENTED_EDGE('',*,*,#2553,.F.);
#3315=ORIENTED_EDGE('',*,*,#2555,.T.);
#3316=ORIENTED_EDGE('',*,*,#2556,.T.);
#3317=ORIENTED_EDGE('',*,*,#2458,.T.);
#3318=ORIENTED_EDGE('',*,*,#2524,.F.);
#3319=ORIENTED_EDGE('',*,*,#2557,.T.);
#3320=ORIENTED_EDGE('',*,*,#2558,.T.);
#3321=ORIENTED_EDGE('',*,*,#2459,.T.);
#3322=ORIENTED_EDGE('',*,*,#2556,.F.);
#3323=ORIENTED_EDGE('',*,*,#2559,.T.);
#3324=ORIENTED_EDGE('',*,*,#2460,.F.);
#3325=ORIENTED_EDGE('',*,*,#2558,.F.);
#3326=ORIENTED_EDGE('',*,*,#2560,.F.);
#3327=ORIENTED_EDGE('',*,*,#2561,.T.);
#3328=ORIENTED_EDGE('',*,*,#2550,.T.);
#3329=ORIENTED_EDGE('',*,*,#2461,.T.);
#3330=ORIENTED_EDGE('',*,*,#2559,.F.);
#3331=ORIENTED_EDGE('',*,*,#2552,.F.);
#3332=ORIENTED_EDGE('',*,*,#2551,.T.);
#3333=ORIENTED_EDGE('',*,*,#2561,.F.);
#3334=ORIENTED_EDGE('',*,*,#2560,.T.);
#3335=ORIENTED_EDGE('',*,*,#2557,.F.);
#3336=ORIENTED_EDGE('',*,*,#2555,.F.);
#3337=ORIENTED_EDGE('',*,*,#2523,.F.);
#3338=ORIENTED_EDGE('',*,*,#2554,.F.);
#3339=ORIENTED_EDGE('',*,*,#2536,.F.);
#3340=ORIENTED_EDGE('',*,*,#2533,.T.);
#3341=ORIENTED_EDGE('',*,*,#2532,.F.);
#3342=ORIENTED_EDGE('',*,*,#2562,.F.);
#3343=ORIENTED_EDGE('',*,*,#2518,.F.);
#3344=ORIENTED_EDGE('',*,*,#2539,.T.);
#3345=ORIENTED_EDGE('',*,*,#2563,.F.);
#3346=ORIENTED_EDGE('',*,*,#2564,.T.);
#3347=ORIENTED_EDGE('',*,*,#2565,.T.);
#3348=ORIENTED_EDGE('',*,*,#2512,.F.);
#3349=ORIENTED_EDGE('',*,*,#2566,.F.);
#3350=ORIENTED_EDGE('',*,*,#2567,.T.);
#3351=ORIENTED_EDGE('',*,*,#2568,.T.);
#3352=ORIENTED_EDGE('',*,*,#2508,.F.);
#3353=ORIENTED_EDGE('',*,*,#2569,.F.);
#3354=ORIENTED_EDGE('',*,*,#2570,.T.);
#3355=ORIENTED_EDGE('',*,*,#2571,.T.);
#3356=ORIENTED_EDGE('',*,*,#2504,.F.);
#3357=ORIENTED_EDGE('',*,*,#2572,.F.);
#3358=ORIENTED_EDGE('',*,*,#2573,.T.);
#3359=ORIENTED_EDGE('',*,*,#2574,.T.);
#3360=ORIENTED_EDGE('',*,*,#2500,.F.);
#3361=ORIENTED_EDGE('',*,*,#2575,.F.);
#3362=ORIENTED_EDGE('',*,*,#2576,.T.);
#3363=ORIENTED_EDGE('',*,*,#2577,.T.);
#3364=ORIENTED_EDGE('',*,*,#2496,.F.);
#3365=ORIENTED_EDGE('',*,*,#2578,.F.);
#3366=ORIENTED_EDGE('',*,*,#2579,.T.);
#3367=ORIENTED_EDGE('',*,*,#2580,.T.);
#3368=ORIENTED_EDGE('',*,*,#2492,.F.);
#3369=ORIENTED_EDGE('',*,*,#2581,.T.);
#3370=ORIENTED_EDGE('',*,*,#2582,.F.);
#3371=ORIENTED_EDGE('',*,*,#2583,.F.);
#3372=ORIENTED_EDGE('',*,*,#2488,.F.);
#3373=ORIENTED_EDGE('',*,*,#2584,.T.);
#3374=ORIENTED_EDGE('',*,*,#2585,.F.);
#3375=ORIENTED_EDGE('',*,*,#2586,.F.);
#3376=ORIENTED_EDGE('',*,*,#2484,.F.);
#3377=ORIENTED_EDGE('',*,*,#2587,.T.);
#3378=ORIENTED_EDGE('',*,*,#2588,.F.);
#3379=ORIENTED_EDGE('',*,*,#2589,.F.);
#3380=ORIENTED_EDGE('',*,*,#2480,.F.);
#3381=ORIENTED_EDGE('',*,*,#2590,.T.);
#3382=ORIENTED_EDGE('',*,*,#2591,.F.);
#3383=ORIENTED_EDGE('',*,*,#2592,.F.);
#3384=ORIENTED_EDGE('',*,*,#2476,.F.);
#3385=ORIENTED_EDGE('',*,*,#2593,.T.);
#3386=ORIENTED_EDGE('',*,*,#2594,.F.);
#3387=ORIENTED_EDGE('',*,*,#2595,.F.);
#3388=ORIENTED_EDGE('',*,*,#2472,.F.);
#3389=ORIENTED_EDGE('',*,*,#2596,.T.);
#3390=ORIENTED_EDGE('',*,*,#2597,.F.);
#3391=ORIENTED_EDGE('',*,*,#2598,.F.);
#3392=ORIENTED_EDGE('',*,*,#2468,.F.);
#3393=ORIENTED_EDGE('',*,*,#2519,.F.);
#3394=ORIENTED_EDGE('',*,*,#2562,.T.);
#3395=ORIENTED_EDGE('',*,*,#2531,.T.);
#3396=ORIENTED_EDGE('',*,*,#2454,.F.);
#3397=ORIENTED_EDGE('',*,*,#2414,.T.);
#3398=ORIENTED_EDGE('',*,*,#2419,.F.);
#3399=ORIENTED_EDGE('',*,*,#2490,.F.);
#3400=ORIENTED_EDGE('',*,*,#2599,.F.);
#3401=ORIENTED_EDGE('',*,*,#2600,.T.);
#3402=ORIENTED_EDGE('',*,*,#2601,.T.);
#3403=ORIENTED_EDGE('',*,*,#2602,.T.);
#3404=ORIENTED_EDGE('',*,*,#2582,.T.);
#3405=ORIENTED_EDGE('',*,*,#2603,.F.);
#3406=ORIENTED_EDGE('',*,*,#2604,.F.);
#3407=ORIENTED_EDGE('',*,*,#2605,.F.);
#3408=ORIENTED_EDGE('',*,*,#2606,.F.);
#3409=ORIENTED_EDGE('',*,*,#2607,.T.);
#3410=ORIENTED_EDGE('',*,*,#2604,.T.);
#3411=ORIENTED_EDGE('',*,*,#2608,.F.);
#3412=ORIENTED_EDGE('',*,*,#2600,.F.);
#3413=ORIENTED_EDGE('',*,*,#2609,.T.);
#3414=ORIENTED_EDGE('',*,*,#2606,.T.);
#3415=ORIENTED_EDGE('',*,*,#2599,.T.);
#3416=ORIENTED_EDGE('',*,*,#2489,.T.);
#3417=ORIENTED_EDGE('',*,*,#2583,.T.);
#3418=ORIENTED_EDGE('',*,*,#2602,.F.);
#3419=ORIENTED_EDGE('',*,*,#2607,.F.);
#3420=ORIENTED_EDGE('',*,*,#2609,.F.);
#3421=ORIENTED_EDGE('',*,*,#2491,.F.);
#3422=ORIENTED_EDGE('',*,*,#2601,.F.);
#3423=ORIENTED_EDGE('',*,*,#2608,.T.);
#3424=ORIENTED_EDGE('',*,*,#2605,.T.);
#3425=ORIENTED_EDGE('',*,*,#2603,.T.);
#3426=ORIENTED_EDGE('',*,*,#2581,.F.);
#3427=ORIENTED_EDGE('',*,*,#2486,.F.);
#3428=ORIENTED_EDGE('',*,*,#2610,.F.);
#3429=ORIENTED_EDGE('',*,*,#2611,.T.);
#3430=ORIENTED_EDGE('',*,*,#2612,.T.);
#3431=ORIENTED_EDGE('',*,*,#2613,.T.);
#3432=ORIENTED_EDGE('',*,*,#2585,.T.);
#3433=ORIENTED_EDGE('',*,*,#2614,.F.);
#3434=ORIENTED_EDGE('',*,*,#2615,.F.);
#3435=ORIENTED_EDGE('',*,*,#2616,.F.);
#3436=ORIENTED_EDGE('',*,*,#2617,.F.);
#3437=ORIENTED_EDGE('',*,*,#2618,.T.);
#3438=ORIENTED_EDGE('',*,*,#2615,.T.);
#3439=ORIENTED_EDGE('',*,*,#2619,.F.);
#3440=ORIENTED_EDGE('',*,*,#2611,.F.);
#3441=ORIENTED_EDGE('',*,*,#2620,.T.);
#3442=ORIENTED_EDGE('',*,*,#2617,.T.);
#3443=ORIENTED_EDGE('',*,*,#2610,.T.);
#3444=ORIENTED_EDGE('',*,*,#2485,.T.);
#3445=ORIENTED_EDGE('',*,*,#2586,.T.);
#3446=ORIENTED_EDGE('',*,*,#2613,.F.);
#3447=ORIENTED_EDGE('',*,*,#2618,.F.);
#3448=ORIENTED_EDGE('',*,*,#2620,.F.);
#3449=ORIENTED_EDGE('',*,*,#2487,.F.);
#3450=ORIENTED_EDGE('',*,*,#2612,.F.);
#3451=ORIENTED_EDGE('',*,*,#2619,.T.);
#3452=ORIENTED_EDGE('',*,*,#2616,.T.);
#3453=ORIENTED_EDGE('',*,*,#2614,.T.);
#3454=ORIENTED_EDGE('',*,*,#2584,.F.);
#3455=ORIENTED_EDGE('',*,*,#2482,.F.);
#3456=ORIENTED_EDGE('',*,*,#2621,.F.);
#3457=ORIENTED_EDGE('',*,*,#2622,.T.);
#3458=ORIENTED_EDGE('',*,*,#2623,.T.);
#3459=ORIENTED_EDGE('',*,*,#2624,.T.);
#3460=ORIENTED_EDGE('',*,*,#2588,.T.);
#3461=ORIENTED_EDGE('',*,*,#2625,.F.);
#3462=ORIENTED_EDGE('',*,*,#2626,.F.);
#3463=ORIENTED_EDGE('',*,*,#2627,.F.);
#3464=ORIENTED_EDGE('',*,*,#2628,.F.);
#3465=ORIENTED_EDGE('',*,*,#2629,.T.);
#3466=ORIENTED_EDGE('',*,*,#2626,.T.);
#3467=ORIENTED_EDGE('',*,*,#2630,.F.);
#3468=ORIENTED_EDGE('',*,*,#2622,.F.);
#3469=ORIENTED_EDGE('',*,*,#2631,.T.);
#3470=ORIENTED_EDGE('',*,*,#2628,.T.);
#3471=ORIENTED_EDGE('',*,*,#2621,.T.);
#3472=ORIENTED_EDGE('',*,*,#2481,.T.);
#3473=ORIENTED_EDGE('',*,*,#2589,.T.);
#3474=ORIENTED_EDGE('',*,*,#2624,.F.);
#3475=ORIENTED_EDGE('',*,*,#2629,.F.);
#3476=ORIENTED_EDGE('',*,*,#2631,.F.);
#3477=ORIENTED_EDGE('',*,*,#2483,.F.);
#3478=ORIENTED_EDGE('',*,*,#2623,.F.);
#3479=ORIENTED_EDGE('',*,*,#2630,.T.);
#3480=ORIENTED_EDGE('',*,*,#2627,.T.);
#3481=ORIENTED_EDGE('',*,*,#2625,.T.);
#3482=ORIENTED_EDGE('',*,*,#2587,.F.);
#3483=ORIENTED_EDGE('',*,*,#2478,.F.);
#3484=ORIENTED_EDGE('',*,*,#2632,.F.);
#3485=ORIENTED_EDGE('',*,*,#2633,.T.);
#3486=ORIENTED_EDGE('',*,*,#2634,.T.);
#3487=ORIENTED_EDGE('',*,*,#2635,.T.);
#3488=ORIENTED_EDGE('',*,*,#2591,.T.);
#3489=ORIENTED_EDGE('',*,*,#2636,.F.);
#3490=ORIENTED_EDGE('',*,*,#2637,.F.);
#3491=ORIENTED_EDGE('',*,*,#2638,.F.);
#3492=ORIENTED_EDGE('',*,*,#2639,.F.);
#3493=ORIENTED_EDGE('',*,*,#2640,.T.);
#3494=ORIENTED_EDGE('',*,*,#2637,.T.);
#3495=ORIENTED_EDGE('',*,*,#2641,.F.);
#3496=ORIENTED_EDGE('',*,*,#2633,.F.);
#3497=ORIENTED_EDGE('',*,*,#2642,.T.);
#3498=ORIENTED_EDGE('',*,*,#2639,.T.);
#3499=ORIENTED_EDGE('',*,*,#2632,.T.);
#3500=ORIENTED_EDGE('',*,*,#2477,.T.);
#3501=ORIENTED_EDGE('',*,*,#2592,.T.);
#3502=ORIENTED_EDGE('',*,*,#2635,.F.);
#3503=ORIENTED_EDGE('',*,*,#2640,.F.);
#3504=ORIENTED_EDGE('',*,*,#2642,.F.);
#3505=ORIENTED_EDGE('',*,*,#2479,.F.);
#3506=ORIENTED_EDGE('',*,*,#2634,.F.);
#3507=ORIENTED_EDGE('',*,*,#2641,.T.);
#3508=ORIENTED_EDGE('',*,*,#2638,.T.);
#3509=ORIENTED_EDGE('',*,*,#2636,.T.);
#3510=ORIENTED_EDGE('',*,*,#2590,.F.);
#3511=ORIENTED_EDGE('',*,*,#2474,.F.);
#3512=ORIENTED_EDGE('',*,*,#2643,.F.);
#3513=ORIENTED_EDGE('',*,*,#2644,.T.);
#3514=ORIENTED_EDGE('',*,*,#2645,.T.);
#3515=ORIENTED_EDGE('',*,*,#2646,.T.);
#3516=ORIENTED_EDGE('',*,*,#2594,.T.);
#3517=ORIENTED_EDGE('',*,*,#2647,.F.);
#3518=ORIENTED_EDGE('',*,*,#2648,.F.);
#3519=ORIENTED_EDGE('',*,*,#2649,.F.);
#3520=ORIENTED_EDGE('',*,*,#2650,.F.);
#3521=ORIENTED_EDGE('',*,*,#2651,.T.);
#3522=ORIENTED_EDGE('',*,*,#2648,.T.);
#3523=ORIENTED_EDGE('',*,*,#2652,.F.);
#3524=ORIENTED_EDGE('',*,*,#2644,.F.);
#3525=ORIENTED_EDGE('',*,*,#2653,.T.);
#3526=ORIENTED_EDGE('',*,*,#2650,.T.);
#3527=ORIENTED_EDGE('',*,*,#2643,.T.);
#3528=ORIENTED_EDGE('',*,*,#2473,.T.);
#3529=ORIENTED_EDGE('',*,*,#2595,.T.);
#3530=ORIENTED_EDGE('',*,*,#2646,.F.);
#3531=ORIENTED_EDGE('',*,*,#2651,.F.);
#3532=ORIENTED_EDGE('',*,*,#2653,.F.);
#3533=ORIENTED_EDGE('',*,*,#2475,.F.);
#3534=ORIENTED_EDGE('',*,*,#2645,.F.);
#3535=ORIENTED_EDGE('',*,*,#2652,.T.);
#3536=ORIENTED_EDGE('',*,*,#2649,.T.);
#3537=ORIENTED_EDGE('',*,*,#2647,.T.);
#3538=ORIENTED_EDGE('',*,*,#2593,.F.);
#3539=ORIENTED_EDGE('',*,*,#2470,.F.);
#3540=ORIENTED_EDGE('',*,*,#2654,.F.);
#3541=ORIENTED_EDGE('',*,*,#2655,.T.);
#3542=ORIENTED_EDGE('',*,*,#2656,.T.);
#3543=ORIENTED_EDGE('',*,*,#2657,.T.);
#3544=ORIENTED_EDGE('',*,*,#2597,.T.);
#3545=ORIENTED_EDGE('',*,*,#2658,.F.);
#3546=ORIENTED_EDGE('',*,*,#2659,.F.);
#3547=ORIENTED_EDGE('',*,*,#2660,.F.);
#3548=ORIENTED_EDGE('',*,*,#2661,.F.);
#3549=ORIENTED_EDGE('',*,*,#2662,.T.);
#3550=ORIENTED_EDGE('',*,*,#2659,.T.);
#3551=ORIENTED_EDGE('',*,*,#2663,.F.);
#3552=ORIENTED_EDGE('',*,*,#2655,.F.);
#3553=ORIENTED_EDGE('',*,*,#2664,.T.);
#3554=ORIENTED_EDGE('',*,*,#2661,.T.);
#3555=ORIENTED_EDGE('',*,*,#2654,.T.);
#3556=ORIENTED_EDGE('',*,*,#2469,.T.);
#3557=ORIENTED_EDGE('',*,*,#2598,.T.);
#3558=ORIENTED_EDGE('',*,*,#2657,.F.);
#3559=ORIENTED_EDGE('',*,*,#2662,.F.);
#3560=ORIENTED_EDGE('',*,*,#2664,.F.);
#3561=ORIENTED_EDGE('',*,*,#2471,.F.);
#3562=ORIENTED_EDGE('',*,*,#2656,.F.);
#3563=ORIENTED_EDGE('',*,*,#2663,.T.);
#3564=ORIENTED_EDGE('',*,*,#2660,.T.);
#3565=ORIENTED_EDGE('',*,*,#2658,.T.);
#3566=ORIENTED_EDGE('',*,*,#2596,.F.);
#3567=ORIENTED_EDGE('',*,*,#2665,.T.);
#3568=ORIENTED_EDGE('',*,*,#2494,.T.);
#3569=ORIENTED_EDGE('',*,*,#2666,.F.);
#3570=ORIENTED_EDGE('',*,*,#2667,.F.);
#3571=ORIENTED_EDGE('',*,*,#2668,.T.);
#3572=ORIENTED_EDGE('',*,*,#2669,.F.);
#3573=ORIENTED_EDGE('',*,*,#2670,.F.);
#3574=ORIENTED_EDGE('',*,*,#2667,.T.);
#3575=ORIENTED_EDGE('',*,*,#2671,.T.);
#3576=ORIENTED_EDGE('',*,*,#2672,.F.);
#3577=ORIENTED_EDGE('',*,*,#2673,.F.);
#3578=ORIENTED_EDGE('',*,*,#2669,.T.);
#3579=ORIENTED_EDGE('',*,*,#2579,.F.);
#3580=ORIENTED_EDGE('',*,*,#2674,.F.);
#3581=ORIENTED_EDGE('',*,*,#2672,.T.);
#3582=ORIENTED_EDGE('',*,*,#2675,.T.);
#3583=ORIENTED_EDGE('',*,*,#2578,.T.);
#3584=ORIENTED_EDGE('',*,*,#2495,.T.);
#3585=ORIENTED_EDGE('',*,*,#2665,.F.);
#3586=ORIENTED_EDGE('',*,*,#2670,.T.);
#3587=ORIENTED_EDGE('',*,*,#2673,.T.);
#3588=ORIENTED_EDGE('',*,*,#2674,.T.);
#3589=ORIENTED_EDGE('',*,*,#2493,.F.);
#3590=ORIENTED_EDGE('',*,*,#2580,.F.);
#3591=ORIENTED_EDGE('',*,*,#2675,.F.);
#3592=ORIENTED_EDGE('',*,*,#2671,.F.);
#3593=ORIENTED_EDGE('',*,*,#2668,.F.);
#3594=ORIENTED_EDGE('',*,*,#2666,.T.);
#3595=ORIENTED_EDGE('',*,*,#2676,.T.);
#3596=ORIENTED_EDGE('',*,*,#2498,.T.);
#3597=ORIENTED_EDGE('',*,*,#2677,.F.);
#3598=ORIENTED_EDGE('',*,*,#2678,.F.);
#3599=ORIENTED_EDGE('',*,*,#2679,.T.);
#3600=ORIENTED_EDGE('',*,*,#2680,.F.);
#3601=ORIENTED_EDGE('',*,*,#2681,.F.);
#3602=ORIENTED_EDGE('',*,*,#2678,.T.);
#3603=ORIENTED_EDGE('',*,*,#2682,.T.);
#3604=ORIENTED_EDGE('',*,*,#2683,.F.);
#3605=ORIENTED_EDGE('',*,*,#2684,.F.);
#3606=ORIENTED_EDGE('',*,*,#2680,.T.);
#3607=ORIENTED_EDGE('',*,*,#2576,.F.);
#3608=ORIENTED_EDGE('',*,*,#2685,.F.);
#3609=ORIENTED_EDGE('',*,*,#2683,.T.);
#3610=ORIENTED_EDGE('',*,*,#2686,.T.);
#3611=ORIENTED_EDGE('',*,*,#2575,.T.);
#3612=ORIENTED_EDGE('',*,*,#2499,.T.);
#3613=ORIENTED_EDGE('',*,*,#2676,.F.);
#3614=ORIENTED_EDGE('',*,*,#2681,.T.);
#3615=ORIENTED_EDGE('',*,*,#2684,.T.);
#3616=ORIENTED_EDGE('',*,*,#2685,.T.);
#3617=ORIENTED_EDGE('',*,*,#2497,.F.);
#3618=ORIENTED_EDGE('',*,*,#2577,.F.);
#3619=ORIENTED_EDGE('',*,*,#2686,.F.);
#3620=ORIENTED_EDGE('',*,*,#2682,.F.);
#3621=ORIENTED_EDGE('',*,*,#2679,.F.);
#3622=ORIENTED_EDGE('',*,*,#2677,.T.);
#3623=ORIENTED_EDGE('',*,*,#2687,.T.);
#3624=ORIENTED_EDGE('',*,*,#2502,.T.);
#3625=ORIENTED_EDGE('',*,*,#2688,.F.);
#3626=ORIENTED_EDGE('',*,*,#2689,.F.);
#3627=ORIENTED_EDGE('',*,*,#2690,.T.);
#3628=ORIENTED_EDGE('',*,*,#2691,.F.);
#3629=ORIENTED_EDGE('',*,*,#2692,.F.);
#3630=ORIENTED_EDGE('',*,*,#2689,.T.);
#3631=ORIENTED_EDGE('',*,*,#2693,.T.);
#3632=ORIENTED_EDGE('',*,*,#2694,.F.);
#3633=ORIENTED_EDGE('',*,*,#2695,.F.);
#3634=ORIENTED_EDGE('',*,*,#2691,.T.);
#3635=ORIENTED_EDGE('',*,*,#2573,.F.);
#3636=ORIENTED_EDGE('',*,*,#2696,.F.);
#3637=ORIENTED_EDGE('',*,*,#2694,.T.);
#3638=ORIENTED_EDGE('',*,*,#2697,.T.);
#3639=ORIENTED_EDGE('',*,*,#2572,.T.);
#3640=ORIENTED_EDGE('',*,*,#2503,.T.);
#3641=ORIENTED_EDGE('',*,*,#2687,.F.);
#3642=ORIENTED_EDGE('',*,*,#2692,.T.);
#3643=ORIENTED_EDGE('',*,*,#2695,.T.);
#3644=ORIENTED_EDGE('',*,*,#2696,.T.);
#3645=ORIENTED_EDGE('',*,*,#2501,.F.);
#3646=ORIENTED_EDGE('',*,*,#2574,.F.);
#3647=ORIENTED_EDGE('',*,*,#2697,.F.);
#3648=ORIENTED_EDGE('',*,*,#2693,.F.);
#3649=ORIENTED_EDGE('',*,*,#2690,.F.);
#3650=ORIENTED_EDGE('',*,*,#2688,.T.);
#3651=ORIENTED_EDGE('',*,*,#2698,.T.);
#3652=ORIENTED_EDGE('',*,*,#2506,.T.);
#3653=ORIENTED_EDGE('',*,*,#2699,.F.);
#3654=ORIENTED_EDGE('',*,*,#2700,.F.);
#3655=ORIENTED_EDGE('',*,*,#2701,.T.);
#3656=ORIENTED_EDGE('',*,*,#2702,.F.);
#3657=ORIENTED_EDGE('',*,*,#2703,.F.);
#3658=ORIENTED_EDGE('',*,*,#2700,.T.);
#3659=ORIENTED_EDGE('',*,*,#2704,.T.);
#3660=ORIENTED_EDGE('',*,*,#2705,.F.);
#3661=ORIENTED_EDGE('',*,*,#2706,.F.);
#3662=ORIENTED_EDGE('',*,*,#2702,.T.);
#3663=ORIENTED_EDGE('',*,*,#2570,.F.);
#3664=ORIENTED_EDGE('',*,*,#2707,.F.);
#3665=ORIENTED_EDGE('',*,*,#2705,.T.);
#3666=ORIENTED_EDGE('',*,*,#2708,.T.);
#3667=ORIENTED_EDGE('',*,*,#2569,.T.);
#3668=ORIENTED_EDGE('',*,*,#2507,.T.);
#3669=ORIENTED_EDGE('',*,*,#2698,.F.);
#3670=ORIENTED_EDGE('',*,*,#2703,.T.);
#3671=ORIENTED_EDGE('',*,*,#2706,.T.);
#3672=ORIENTED_EDGE('',*,*,#2707,.T.);
#3673=ORIENTED_EDGE('',*,*,#2505,.F.);
#3674=ORIENTED_EDGE('',*,*,#2571,.F.);
#3675=ORIENTED_EDGE('',*,*,#2708,.F.);
#3676=ORIENTED_EDGE('',*,*,#2704,.F.);
#3677=ORIENTED_EDGE('',*,*,#2701,.F.);
#3678=ORIENTED_EDGE('',*,*,#2699,.T.);
#3679=ORIENTED_EDGE('',*,*,#2709,.T.);
#3680=ORIENTED_EDGE('',*,*,#2510,.T.);
#3681=ORIENTED_EDGE('',*,*,#2710,.F.);
#3682=ORIENTED_EDGE('',*,*,#2711,.F.);
#3683=ORIENTED_EDGE('',*,*,#2712,.T.);
#3684=ORIENTED_EDGE('',*,*,#2713,.F.);
#3685=ORIENTED_EDGE('',*,*,#2714,.F.);
#3686=ORIENTED_EDGE('',*,*,#2711,.T.);
#3687=ORIENTED_EDGE('',*,*,#2715,.T.);
#3688=ORIENTED_EDGE('',*,*,#2716,.F.);
#3689=ORIENTED_EDGE('',*,*,#2717,.F.);
#3690=ORIENTED_EDGE('',*,*,#2713,.T.);
#3691=ORIENTED_EDGE('',*,*,#2567,.F.);
#3692=ORIENTED_EDGE('',*,*,#2718,.F.);
#3693=ORIENTED_EDGE('',*,*,#2716,.T.);
#3694=ORIENTED_EDGE('',*,*,#2719,.T.);
#3695=ORIENTED_EDGE('',*,*,#2566,.T.);
#3696=ORIENTED_EDGE('',*,*,#2511,.T.);
#3697=ORIENTED_EDGE('',*,*,#2709,.F.);
#3698=ORIENTED_EDGE('',*,*,#2714,.T.);
#3699=ORIENTED_EDGE('',*,*,#2717,.T.);
#3700=ORIENTED_EDGE('',*,*,#2718,.T.);
#3701=ORIENTED_EDGE('',*,*,#2509,.F.);
#3702=ORIENTED_EDGE('',*,*,#2568,.F.);
#3703=ORIENTED_EDGE('',*,*,#2719,.F.);
#3704=ORIENTED_EDGE('',*,*,#2715,.F.);
#3705=ORIENTED_EDGE('',*,*,#2712,.F.);
#3706=ORIENTED_EDGE('',*,*,#2710,.T.);
#3707=ORIENTED_EDGE('',*,*,#2720,.T.);
#3708=ORIENTED_EDGE('',*,*,#2514,.T.);
#3709=ORIENTED_EDGE('',*,*,#2721,.F.);
#3710=ORIENTED_EDGE('',*,*,#2722,.F.);
#3711=ORIENTED_EDGE('',*,*,#2723,.T.);
#3712=ORIENTED_EDGE('',*,*,#2724,.F.);
#3713=ORIENTED_EDGE('',*,*,#2725,.F.);
#3714=ORIENTED_EDGE('',*,*,#2722,.T.);
#3715=ORIENTED_EDGE('',*,*,#2726,.T.);
#3716=ORIENTED_EDGE('',*,*,#2727,.F.);
#3717=ORIENTED_EDGE('',*,*,#2728,.F.);
#3718=ORIENTED_EDGE('',*,*,#2724,.T.);
#3719=ORIENTED_EDGE('',*,*,#2564,.F.);
#3720=ORIENTED_EDGE('',*,*,#2729,.F.);
#3721=ORIENTED_EDGE('',*,*,#2727,.T.);
#3722=ORIENTED_EDGE('',*,*,#2730,.T.);
#3723=ORIENTED_EDGE('',*,*,#2563,.T.);
#3724=ORIENTED_EDGE('',*,*,#2453,.T.);
#3725=ORIENTED_EDGE('',*,*,#2720,.F.);
#3726=ORIENTED_EDGE('',*,*,#2725,.T.);
#3727=ORIENTED_EDGE('',*,*,#2728,.T.);
#3728=ORIENTED_EDGE('',*,*,#2729,.T.);
#3729=ORIENTED_EDGE('',*,*,#2513,.F.);
#3730=ORIENTED_EDGE('',*,*,#2565,.F.);
#3731=ORIENTED_EDGE('',*,*,#2730,.F.);
#3732=ORIENTED_EDGE('',*,*,#2726,.F.);
#3733=ORIENTED_EDGE('',*,*,#2723,.F.);
#3734=ORIENTED_EDGE('',*,*,#2721,.T.);
#3735=ORIENTED_EDGE('',*,*,#2418,.T.);
#3736=ORIENTED_EDGE('',*,*,#2413,.F.);
#3737=ORIENTED_EDGE('',*,*,#2731,.T.);
#3738=ORIENTED_EDGE('',*,*,#2732,.T.);
#3739=ORIENTED_EDGE('',*,*,#2733,.F.);
#3740=ORIENTED_EDGE('',*,*,#2734,.F.);
#3741=ORIENTED_EDGE('',*,*,#2735,.F.);
#3742=ORIENTED_EDGE('',*,*,#2736,.T.);
#3743=ORIENTED_EDGE('',*,*,#2737,.T.);
#3744=ORIENTED_EDGE('',*,*,#2738,.F.);
#3745=ORIENTED_EDGE('',*,*,#2739,.T.);
#3746=ORIENTED_EDGE('',*,*,#2740,.F.);
#3747=ORIENTED_EDGE('',*,*,#2741,.F.);
#3748=ORIENTED_EDGE('',*,*,#2742,.T.);
#3749=ORIENTED_EDGE('',*,*,#2743,.F.);
#3750=ORIENTED_EDGE('',*,*,#2744,.F.);
#3751=ORIENTED_EDGE('',*,*,#2745,.T.);
#3752=ORIENTED_EDGE('',*,*,#2746,.T.);
#3753=ORIENTED_EDGE('',*,*,#2747,.T.);
#3754=ORIENTED_EDGE('',*,*,#2748,.T.);
#3755=ORIENTED_EDGE('',*,*,#2749,.F.);
#3756=ORIENTED_EDGE('',*,*,#2750,.T.);
#3757=ORIENTED_EDGE('',*,*,#2751,.T.);
#3758=ORIENTED_EDGE('',*,*,#2752,.T.);
#3759=ORIENTED_EDGE('',*,*,#2753,.F.);
#3760=ORIENTED_EDGE('',*,*,#2754,.F.);
#3761=ORIENTED_EDGE('',*,*,#2755,.T.);
#3762=ORIENTED_EDGE('',*,*,#2756,.T.);
#3763=ORIENTED_EDGE('',*,*,#2757,.T.);
#3764=ORIENTED_EDGE('',*,*,#2758,.T.);
#3765=ORIENTED_EDGE('',*,*,#2759,.F.);
#3766=ORIENTED_EDGE('',*,*,#2760,.F.);
#3767=ORIENTED_EDGE('',*,*,#2761,.F.);
#3768=ORIENTED_EDGE('',*,*,#2762,.T.);
#3769=ORIENTED_EDGE('',*,*,#2763,.F.);
#3770=ORIENTED_EDGE('',*,*,#2764,.T.);
#3771=ORIENTED_EDGE('',*,*,#2765,.F.);
#3772=ORIENTED_EDGE('',*,*,#2766,.F.);
#3773=ORIENTED_EDGE('',*,*,#2767,.F.);
#3774=ORIENTED_EDGE('',*,*,#2768,.T.);
#3775=ORIENTED_EDGE('',*,*,#2769,.T.);
#3776=ORIENTED_EDGE('',*,*,#2770,.F.);
#3777=ORIENTED_EDGE('',*,*,#2764,.F.);
#3778=ORIENTED_EDGE('',*,*,#2771,.F.);
#3779=ORIENTED_EDGE('',*,*,#2772,.T.);
#3780=ORIENTED_EDGE('',*,*,#2773,.T.);
#3781=ORIENTED_EDGE('',*,*,#2774,.T.);
#3782=ORIENTED_EDGE('',*,*,#2775,.F.);
#3783=ORIENTED_EDGE('',*,*,#2776,.T.);
#3784=ORIENTED_EDGE('',*,*,#2777,.T.);
#3785=ORIENTED_EDGE('',*,*,#2771,.T.);
#3786=ORIENTED_EDGE('',*,*,#2778,.T.);
#3787=ORIENTED_EDGE('',*,*,#2779,.F.);
#3788=ORIENTED_EDGE('',*,*,#2780,.T.);
#3789=ORIENTED_EDGE('',*,*,#2781,.F.);
#3790=ORIENTED_EDGE('',*,*,#2782,.F.);
#3791=ORIENTED_EDGE('',*,*,#2783,.T.);
#3792=ORIENTED_EDGE('',*,*,#2784,.F.);
#3793=ORIENTED_EDGE('',*,*,#2785,.F.);
#3794=ORIENTED_EDGE('',*,*,#2786,.F.);
#3795=ORIENTED_EDGE('',*,*,#2787,.F.);
#3796=ORIENTED_EDGE('',*,*,#2788,.T.);
#3797=ORIENTED_EDGE('',*,*,#2789,.F.);
#3798=ORIENTED_EDGE('',*,*,#2790,.T.);
#3799=ORIENTED_EDGE('',*,*,#2791,.F.);
#3800=ORIENTED_EDGE('',*,*,#2792,.T.);
#3801=ORIENTED_EDGE('',*,*,#2793,.F.);
#3802=ORIENTED_EDGE('',*,*,#2794,.F.);
#3803=ORIENTED_EDGE('',*,*,#2753,.T.);
#3804=ORIENTED_EDGE('',*,*,#2795,.F.);
#3805=ORIENTED_EDGE('',*,*,#2796,.T.);
#3806=ORIENTED_EDGE('',*,*,#2797,.F.);
#3807=ORIENTED_EDGE('',*,*,#2798,.T.);
#3808=ORIENTED_EDGE('',*,*,#2749,.T.);
#3809=ORIENTED_EDGE('',*,*,#2799,.T.);
#3810=ORIENTED_EDGE('',*,*,#2800,.T.);
#3811=ORIENTED_EDGE('',*,*,#2794,.T.);
#3812=ORIENTED_EDGE('',*,*,#2801,.F.);
#3813=ORIENTED_EDGE('',*,*,#2769,.F.);
#3814=ORIENTED_EDGE('',*,*,#2802,.F.);
#3815=ORIENTED_EDGE('',*,*,#2803,.F.);
#3816=ORIENTED_EDGE('',*,*,#2804,.F.);
#3817=ORIENTED_EDGE('',*,*,#2754,.T.);
#3818=ORIENTED_EDGE('',*,*,#2805,.F.);
#3819=ORIENTED_EDGE('',*,*,#2806,.T.);
#3820=ORIENTED_EDGE('',*,*,#2803,.T.);
#3821=ORIENTED_EDGE('',*,*,#2807,.T.);
#3822=ORIENTED_EDGE('',*,*,#2808,.F.);
#3823=ORIENTED_EDGE('',*,*,#2780,.F.);
#3824=ORIENTED_EDGE('',*,*,#2809,.F.);
#3825=ORIENTED_EDGE('',*,*,#2810,.T.);
#3826=ORIENTED_EDGE('',*,*,#2811,.T.);
#3827=ORIENTED_EDGE('',*,*,#2812,.T.);
#3828=ORIENTED_EDGE('',*,*,#2813,.T.);
#3829=ORIENTED_EDGE('',*,*,#2814,.T.);
#3830=ORIENTED_EDGE('',*,*,#2815,.F.);
#3831=ORIENTED_EDGE('',*,*,#2816,.F.);
#3832=ORIENTED_EDGE('',*,*,#2817,.T.);
#3833=ORIENTED_EDGE('',*,*,#2818,.F.);
#3834=ORIENTED_EDGE('',*,*,#2819,.F.);
#3835=ORIENTED_EDGE('',*,*,#2820,.T.);
#3836=ORIENTED_EDGE('',*,*,#2821,.T.);
#3837=ORIENTED_EDGE('',*,*,#2773,.F.);
#3838=ORIENTED_EDGE('',*,*,#2822,.T.);
#3839=ORIENTED_EDGE('',*,*,#2823,.T.);
#3840=ORIENTED_EDGE('',*,*,#2824,.F.);
#3841=ORIENTED_EDGE('',*,*,#2825,.T.);
#3842=ORIENTED_EDGE('',*,*,#2826,.T.);
#3843=ORIENTED_EDGE('',*,*,#2811,.F.);
#3844=ORIENTED_EDGE('',*,*,#2827,.T.);
#3845=ORIENTED_EDGE('',*,*,#2828,.T.);
#3846=ORIENTED_EDGE('',*,*,#2829,.F.);
#3847=ORIENTED_EDGE('',*,*,#2830,.T.);
#3848=ORIENTED_EDGE('',*,*,#2831,.F.);
#3849=ORIENTED_EDGE('',*,*,#2832,.F.);
#3850=ORIENTED_EDGE('',*,*,#2833,.F.);
#3851=ORIENTED_EDGE('',*,*,#2834,.F.);
#3852=ORIENTED_EDGE('',*,*,#2835,.T.);
#3853=ORIENTED_EDGE('',*,*,#2836,.F.);
#3854=ORIENTED_EDGE('',*,*,#2837,.T.);
#3855=ORIENTED_EDGE('',*,*,#2838,.F.);
#3856=ORIENTED_EDGE('',*,*,#2839,.F.);
#3857=ORIENTED_EDGE('',*,*,#2840,.T.);
#3858=ORIENTED_EDGE('',*,*,#2747,.F.);
#3859=ORIENTED_EDGE('',*,*,#2841,.T.);
#3860=ORIENTED_EDGE('',*,*,#2842,.T.);
#3861=ORIENTED_EDGE('',*,*,#2843,.T.);
#3862=ORIENTED_EDGE('',*,*,#2844,.T.);
#3863=ORIENTED_EDGE('',*,*,#2751,.F.);
#3864=ORIENTED_EDGE('',*,*,#2775,.T.);
#3865=ORIENTED_EDGE('',*,*,#2845,.T.);
#3866=ORIENTED_EDGE('',*,*,#2827,.F.);
#3867=ORIENTED_EDGE('',*,*,#2762,.F.);
#3868=ORIENTED_EDGE('',*,*,#2846,.T.);
#3869=ORIENTED_EDGE('',*,*,#2847,.T.);
#3870=ORIENTED_EDGE('',*,*,#2848,.T.);
#3871=ORIENTED_EDGE('',*,*,#2847,.F.);
#3872=ORIENTED_EDGE('',*,*,#2849,.T.);
#3873=ORIENTED_EDGE('',*,*,#2850,.T.);
#3874=ORIENTED_EDGE('',*,*,#2809,.T.);
#3875=ORIENTED_EDGE('',*,*,#2851,.T.);
#3876=ORIENTED_EDGE('',*,*,#2852,.T.);
#3877=ORIENTED_EDGE('',*,*,#2853,.T.);
#3878=ORIENTED_EDGE('',*,*,#2854,.T.);
#3879=ORIENTED_EDGE('',*,*,#2824,.T.);
#3880=ORIENTED_EDGE('',*,*,#2855,.T.);
#3881=ORIENTED_EDGE('',*,*,#2777,.F.);
#3882=ORIENTED_EDGE('',*,*,#2856,.T.);
#3883=ORIENTED_EDGE('',*,*,#2767,.T.);
#3884=ORIENTED_EDGE('',*,*,#2763,.T.);
#3885=ORIENTED_EDGE('',*,*,#2857,.F.);
#3886=ORIENTED_EDGE('',*,*,#2858,.T.);
#3887=ORIENTED_EDGE('',*,*,#2822,.F.);
#3888=ORIENTED_EDGE('',*,*,#2772,.F.);
#3889=ORIENTED_EDGE('',*,*,#2808,.T.);
#3890=ORIENTED_EDGE('',*,*,#2859,.T.);
#3891=ORIENTED_EDGE('',*,*,#2851,.F.);
#3892=ORIENTED_EDGE('',*,*,#2812,.F.);
#3893=ORIENTED_EDGE('',*,*,#2826,.F.);
#3894=ORIENTED_EDGE('',*,*,#2860,.T.);
#3895=ORIENTED_EDGE('',*,*,#2861,.T.);
#3896=ORIENTED_EDGE('',*,*,#2781,.T.);
#3897=ORIENTED_EDGE('',*,*,#2862,.F.);
#3898=ORIENTED_EDGE('',*,*,#2863,.F.);
#3899=ORIENTED_EDGE('',*,*,#2746,.F.);
#3900=ORIENTED_EDGE('',*,*,#2864,.T.);
#3901=ORIENTED_EDGE('',*,*,#2865,.F.);
#3902=ORIENTED_EDGE('',*,*,#2866,.T.);
#3903=ORIENTED_EDGE('',*,*,#2867,.T.);
#3904=ORIENTED_EDGE('',*,*,#2868,.T.);
#3905=ORIENTED_EDGE('',*,*,#2869,.F.);
#3906=ORIENTED_EDGE('',*,*,#2862,.T.);
#3907=ORIENTED_EDGE('',*,*,#2870,.T.);
#3908=ORIENTED_EDGE('',*,*,#2871,.F.);
#3909=ORIENTED_EDGE('',*,*,#2872,.F.);
#3910=ORIENTED_EDGE('',*,*,#2871,.T.);
#3911=ORIENTED_EDGE('',*,*,#2873,.T.);
#3912=ORIENTED_EDGE('',*,*,#2874,.F.);
#3913=ORIENTED_EDGE('',*,*,#2875,.F.);
#3914=ORIENTED_EDGE('',*,*,#2876,.T.);
#3915=ORIENTED_EDGE('',*,*,#2877,.T.);
#3916=ORIENTED_EDGE('',*,*,#2744,.T.);
#3917=ORIENTED_EDGE('',*,*,#2878,.F.);
#3918=ORIENTED_EDGE('',*,*,#2879,.F.);
#3919=ORIENTED_EDGE('',*,*,#2880,.T.);
#3920=ORIENTED_EDGE('',*,*,#2875,.T.);
#3921=ORIENTED_EDGE('',*,*,#2881,.F.);
#3922=ORIENTED_EDGE('',*,*,#2882,.T.);
#3923=ORIENTED_EDGE('',*,*,#2848,.F.);
#3924=ORIENTED_EDGE('',*,*,#2883,.T.);
#3925=ORIENTED_EDGE('',*,*,#2884,.T.);
#3926=ORIENTED_EDGE('',*,*,#2879,.T.);
#3927=ORIENTED_EDGE('',*,*,#2802,.T.);
#3928=ORIENTED_EDGE('',*,*,#2885,.T.);
#3929=ORIENTED_EDGE('',*,*,#2886,.T.);
#3930=ORIENTED_EDGE('',*,*,#2887,.F.);
#3931=ORIENTED_EDGE('',*,*,#2888,.F.);
#3932=ORIENTED_EDGE('',*,*,#2889,.T.);
#3933=ORIENTED_EDGE('',*,*,#2890,.T.);
#3934=ORIENTED_EDGE('',*,*,#2866,.F.);
#3935=ORIENTED_EDGE('',*,*,#2891,.F.);
#3936=ORIENTED_EDGE('',*,*,#2887,.T.);
#3937=ORIENTED_EDGE('',*,*,#2865,.T.);
#3938=ORIENTED_EDGE('',*,*,#2892,.T.);
#3939=ORIENTED_EDGE('',*,*,#2876,.F.);
#3940=ORIENTED_EDGE('',*,*,#2880,.F.);
#3941=ORIENTED_EDGE('',*,*,#2884,.F.);
#3942=ORIENTED_EDGE('',*,*,#2893,.T.);
#3943=ORIENTED_EDGE('',*,*,#2888,.T.);
#3944=ORIENTED_EDGE('',*,*,#2891,.T.);
#3945=ORIENTED_EDGE('',*,*,#2874,.T.);
#3946=ORIENTED_EDGE('',*,*,#2894,.T.);
#3947=ORIENTED_EDGE('',*,*,#2867,.F.);
#3948=ORIENTED_EDGE('',*,*,#2890,.F.);
#3949=ORIENTED_EDGE('',*,*,#2886,.F.);
#3950=ORIENTED_EDGE('',*,*,#2895,.T.);
#3951=ORIENTED_EDGE('',*,*,#2881,.T.);
#3952=ORIENTED_EDGE('',*,*,#2878,.T.);
#3953=ORIENTED_EDGE('',*,*,#2896,.F.);
#3954=ORIENTED_EDGE('',*,*,#2897,.F.);
#3955=ORIENTED_EDGE('',*,*,#2898,.F.);
#3956=ORIENTED_EDGE('',*,*,#2899,.F.);
#3957=ORIENTED_EDGE('',*,*,#2900,.T.);
#3958=ORIENTED_EDGE('',*,*,#2901,.T.);
#3959=ORIENTED_EDGE('',*,*,#2813,.F.);
#3960=ORIENTED_EDGE('',*,*,#2810,.F.);
#3961=ORIENTED_EDGE('',*,*,#2850,.F.);
#3962=ORIENTED_EDGE('',*,*,#2902,.T.);
#3963=ORIENTED_EDGE('',*,*,#2805,.T.);
#3964=ORIENTED_EDGE('',*,*,#2779,.T.);
#3965=ORIENTED_EDGE('',*,*,#2755,.F.);
#3966=ORIENTED_EDGE('',*,*,#2804,.T.);
#3967=ORIENTED_EDGE('',*,*,#2903,.T.);
#3968=ORIENTED_EDGE('',*,*,#2904,.T.);
#3969=ORIENTED_EDGE('',*,*,#2905,.T.);
#3970=ORIENTED_EDGE('',*,*,#2761,.T.);
#3971=ORIENTED_EDGE('',*,*,#2906,.F.);
#3972=ORIENTED_EDGE('',*,*,#2907,.F.);
#3973=ORIENTED_EDGE('',*,*,#2908,.T.);
#3974=ORIENTED_EDGE('',*,*,#2846,.F.);
#3975=ORIENTED_EDGE('',*,*,#2760,.T.);
#3976=ORIENTED_EDGE('',*,*,#2909,.F.);
#3977=ORIENTED_EDGE('',*,*,#2910,.F.);
#3978=ORIENTED_EDGE('',*,*,#2906,.T.);
#3979=ORIENTED_EDGE('',*,*,#2911,.F.);
#3980=ORIENTED_EDGE('',*,*,#2912,.F.);
#3981=ORIENTED_EDGE('',*,*,#2739,.F.);
#3982=ORIENTED_EDGE('',*,*,#2913,.T.);
#3983=ORIENTED_EDGE('',*,*,#2914,.F.);
#3984=ORIENTED_EDGE('',*,*,#2909,.T.);
#3985=ORIENTED_EDGE('',*,*,#2759,.T.);
#3986=ORIENTED_EDGE('',*,*,#2915,.T.);
#3987=ORIENTED_EDGE('',*,*,#2916,.F.);
#3988=ORIENTED_EDGE('',*,*,#2917,.F.);
#3989=ORIENTED_EDGE('',*,*,#2911,.T.);
#3990=ORIENTED_EDGE('',*,*,#2918,.T.);
#3991=ORIENTED_EDGE('',*,*,#2919,.F.);
#3992=ORIENTED_EDGE('',*,*,#2916,.T.);
#3993=ORIENTED_EDGE('',*,*,#2920,.T.);
#3994=ORIENTED_EDGE('',*,*,#2757,.F.);
#3995=ORIENTED_EDGE('',*,*,#2921,.F.);
#3996=ORIENTED_EDGE('',*,*,#2922,.T.);
#3997=ORIENTED_EDGE('',*,*,#2923,.T.);
#3998=ORIENTED_EDGE('',*,*,#2741,.T.);
#3999=ORIENTED_EDGE('',*,*,#2756,.F.);
#4000=ORIENTED_EDGE('',*,*,#2905,.F.);
#4001=ORIENTED_EDGE('',*,*,#2924,.T.);
#4002=ORIENTED_EDGE('',*,*,#2921,.T.);
#4003=ORIENTED_EDGE('',*,*,#2914,.T.);
#4004=ORIENTED_EDGE('',*,*,#2925,.T.);
#4005=ORIENTED_EDGE('',*,*,#2922,.F.);
#4006=ORIENTED_EDGE('',*,*,#2924,.F.);
#4007=ORIENTED_EDGE('',*,*,#2904,.F.);
#4008=ORIENTED_EDGE('',*,*,#2926,.T.);
#4009=ORIENTED_EDGE('',*,*,#2907,.T.);
#4010=ORIENTED_EDGE('',*,*,#2910,.T.);
#4011=ORIENTED_EDGE('',*,*,#2908,.F.);
#4012=ORIENTED_EDGE('',*,*,#2926,.F.);
#4013=ORIENTED_EDGE('',*,*,#2903,.F.);
#4014=ORIENTED_EDGE('',*,*,#2806,.F.);
#4015=ORIENTED_EDGE('',*,*,#2902,.F.);
#4016=ORIENTED_EDGE('',*,*,#2849,.F.);
#4017=ORIENTED_EDGE('',*,*,#2915,.F.);
#4018=ORIENTED_EDGE('',*,*,#2758,.F.);
#4019=ORIENTED_EDGE('',*,*,#2920,.F.);
#4020=ORIENTED_EDGE('',*,*,#2918,.F.);
#4021=ORIENTED_EDGE('',*,*,#2913,.F.);
#4022=ORIENTED_EDGE('',*,*,#2742,.F.);
#4023=ORIENTED_EDGE('',*,*,#2923,.F.);
#4024=ORIENTED_EDGE('',*,*,#2925,.F.);
#4025=ORIENTED_EDGE('',*,*,#2877,.F.);
#4026=ORIENTED_EDGE('',*,*,#2892,.F.);
#4027=ORIENTED_EDGE('',*,*,#2864,.F.);
#4028=ORIENTED_EDGE('',*,*,#2745,.F.);
#4029=ORIENTED_EDGE('',*,*,#2873,.F.);
#4030=ORIENTED_EDGE('',*,*,#2870,.F.);
#4031=ORIENTED_EDGE('',*,*,#2868,.F.);
#4032=ORIENTED_EDGE('',*,*,#2894,.F.);
#4033=ORIENTED_EDGE('',*,*,#2893,.F.);
#4034=ORIENTED_EDGE('',*,*,#2883,.F.);
#4035=ORIENTED_EDGE('',*,*,#2852,.F.);
#4036=ORIENTED_EDGE('',*,*,#2859,.F.);
#4037=ORIENTED_EDGE('',*,*,#2807,.F.);
#4038=ORIENTED_EDGE('',*,*,#2889,.F.);
#4039=ORIENTED_EDGE('',*,*,#2768,.F.);
#4040=ORIENTED_EDGE('',*,*,#2856,.F.);
#4041=ORIENTED_EDGE('',*,*,#2776,.F.);
#4042=ORIENTED_EDGE('',*,*,#2882,.F.);
#4043=ORIENTED_EDGE('',*,*,#2895,.F.);
#4044=ORIENTED_EDGE('',*,*,#2885,.F.);
#4045=ORIENTED_EDGE('',*,*,#2927,.F.);
#4046=ORIENTED_EDGE('',*,*,#2860,.F.);
#4047=ORIENTED_EDGE('',*,*,#2825,.F.);
#4048=ORIENTED_EDGE('',*,*,#2854,.F.);
#4049=ORIENTED_EDGE('',*,*,#2823,.F.);
#4050=ORIENTED_EDGE('',*,*,#2858,.F.);
#4051=ORIENTED_EDGE('',*,*,#2928,.F.);
#4052=ORIENTED_EDGE('',*,*,#2855,.F.);
#4053=ORIENTED_EDGE('',*,*,#2844,.F.);
#4054=ORIENTED_EDGE('',*,*,#2929,.T.);
#4055=ORIENTED_EDGE('',*,*,#2795,.T.);
#4056=ORIENTED_EDGE('',*,*,#2752,.F.);
#4057=ORIENTED_EDGE('',*,*,#2842,.F.);
#4058=ORIENTED_EDGE('',*,*,#2930,.T.);
#4059=ORIENTED_EDGE('',*,*,#2797,.T.);
#4060=ORIENTED_EDGE('',*,*,#2931,.T.);
#4061=ORIENTED_EDGE('',*,*,#2838,.T.);
#4062=ORIENTED_EDGE('',*,*,#2932,.T.);
#4063=ORIENTED_EDGE('',*,*,#2933,.T.);
#4064=ORIENTED_EDGE('',*,*,#2934,.F.);
#4065=ORIENTED_EDGE('',*,*,#2935,.F.);
#4066=ORIENTED_EDGE('',*,*,#2936,.F.);
#4067=ORIENTED_EDGE('',*,*,#2783,.F.);
#4068=ORIENTED_EDGE('',*,*,#2937,.T.);
#4069=ORIENTED_EDGE('',*,*,#2938,.T.);
#4070=ORIENTED_EDGE('',*,*,#2939,.T.);
#4071=ORIENTED_EDGE('',*,*,#2940,.F.);
#4072=ORIENTED_EDGE('',*,*,#2941,.F.);
#4073=ORIENTED_EDGE('',*,*,#2940,.T.);
#4074=ORIENTED_EDGE('',*,*,#2942,.T.);
#4075=ORIENTED_EDGE('',*,*,#2943,.F.);
#4076=ORIENTED_EDGE('',*,*,#2944,.T.);
#4077=ORIENTED_EDGE('',*,*,#2945,.F.);
#4078=ORIENTED_EDGE('',*,*,#2946,.T.);
#4079=ORIENTED_EDGE('',*,*,#2943,.T.);
#4080=ORIENTED_EDGE('',*,*,#2947,.T.);
#4081=ORIENTED_EDGE('',*,*,#2948,.F.);
#4082=ORIENTED_EDGE('',*,*,#2949,.T.);
#4083=ORIENTED_EDGE('',*,*,#2948,.T.);
#4084=ORIENTED_EDGE('',*,*,#2950,.T.);
#4085=ORIENTED_EDGE('',*,*,#2938,.F.);
#4086=ORIENTED_EDGE('',*,*,#2951,.F.);
#4087=ORIENTED_EDGE('',*,*,#2952,.T.);
#4088=ORIENTED_EDGE('',*,*,#2953,.T.);
#4089=ORIENTED_EDGE('',*,*,#2937,.F.);
#4090=ORIENTED_EDGE('',*,*,#2800,.F.);
#4091=ORIENTED_EDGE('',*,*,#2954,.T.);
#4092=ORIENTED_EDGE('',*,*,#2955,.T.);
#4093=ORIENTED_EDGE('',*,*,#2951,.T.);
#4094=ORIENTED_EDGE('',*,*,#2941,.T.);
#4095=ORIENTED_EDGE('',*,*,#2946,.F.);
#4096=ORIENTED_EDGE('',*,*,#2956,.F.);
#4097=ORIENTED_EDGE('',*,*,#2957,.T.);
#4098=ORIENTED_EDGE('',*,*,#2839,.T.);
#4099=ORIENTED_EDGE('',*,*,#2955,.F.);
#4100=ORIENTED_EDGE('',*,*,#2958,.T.);
#4101=ORIENTED_EDGE('',*,*,#2956,.T.);
#4102=ORIENTED_EDGE('',*,*,#2945,.T.);
#4103=ORIENTED_EDGE('',*,*,#2959,.T.);
#4104=ORIENTED_EDGE('',*,*,#2952,.F.);
#4105=ORIENTED_EDGE('',*,*,#2950,.F.);
#4106=ORIENTED_EDGE('',*,*,#2947,.F.);
#4107=ORIENTED_EDGE('',*,*,#2942,.F.);
#4108=ORIENTED_EDGE('',*,*,#2939,.F.);
#4109=ORIENTED_EDGE('',*,*,#2953,.F.);
#4110=ORIENTED_EDGE('',*,*,#2959,.F.);
#4111=ORIENTED_EDGE('',*,*,#2944,.F.);
#4112=ORIENTED_EDGE('',*,*,#2949,.F.);
#4113=ORIENTED_EDGE('',*,*,#2957,.F.);
#4114=ORIENTED_EDGE('',*,*,#2958,.F.);
#4115=ORIENTED_EDGE('',*,*,#2954,.F.);
#4116=ORIENTED_EDGE('',*,*,#2799,.F.);
#4117=ORIENTED_EDGE('',*,*,#2748,.F.);
#4118=ORIENTED_EDGE('',*,*,#2840,.F.);
#4119=ORIENTED_EDGE('',*,*,#2841,.F.);
#4120=ORIENTED_EDGE('',*,*,#2750,.F.);
#4121=ORIENTED_EDGE('',*,*,#2798,.F.);
#4122=ORIENTED_EDGE('',*,*,#2930,.F.);
#4123=ORIENTED_EDGE('',*,*,#2843,.F.);
#4124=ORIENTED_EDGE('',*,*,#2931,.F.);
#4125=ORIENTED_EDGE('',*,*,#2796,.F.);
#4126=ORIENTED_EDGE('',*,*,#2929,.F.);
#4127=ORIENTED_EDGE('',*,*,#2835,.F.);
#4128=ORIENTED_EDGE('',*,*,#2960,.F.);
#4129=ORIENTED_EDGE('',*,*,#2786,.T.);
#4130=ORIENTED_EDGE('',*,*,#2961,.F.);
#4131=ORIENTED_EDGE('',*,*,#2830,.F.);
#4132=ORIENTED_EDGE('',*,*,#2962,.F.);
#4133=ORIENTED_EDGE('',*,*,#2963,.T.);
#4134=ORIENTED_EDGE('',*,*,#2964,.T.);
#4135=ORIENTED_EDGE('',*,*,#2965,.T.);
#4136=ORIENTED_EDGE('',*,*,#2966,.F.);
#4137=ORIENTED_EDGE('',*,*,#2967,.F.);
#4138=ORIENTED_EDGE('',*,*,#2968,.F.);
#4139=ORIENTED_EDGE('',*,*,#2969,.F.);
#4140=ORIENTED_EDGE('',*,*,#2970,.T.);
#4141=ORIENTED_EDGE('',*,*,#2791,.T.);
#4142=ORIENTED_EDGE('',*,*,#2971,.F.);
#4143=ORIENTED_EDGE('',*,*,#2972,.T.);
#4144=ORIENTED_EDGE('',*,*,#2973,.T.);
#4145=ORIENTED_EDGE('',*,*,#2974,.F.);
#4146=ORIENTED_EDGE('',*,*,#2975,.F.);
#4147=ORIENTED_EDGE('',*,*,#2976,.T.);
#4148=ORIENTED_EDGE('',*,*,#2975,.T.);
#4149=ORIENTED_EDGE('',*,*,#2977,.F.);
#4150=ORIENTED_EDGE('',*,*,#2978,.F.);
#4151=ORIENTED_EDGE('',*,*,#2979,.F.);
#4152=ORIENTED_EDGE('',*,*,#2980,.T.);
#4153=ORIENTED_EDGE('',*,*,#2981,.T.);
#4154=ORIENTED_EDGE('',*,*,#2820,.F.);
#4155=ORIENTED_EDGE('',*,*,#2982,.F.);
#4156=ORIENTED_EDGE('',*,*,#2983,.T.);
#4157=ORIENTED_EDGE('',*,*,#2984,.T.);
#4158=ORIENTED_EDGE('',*,*,#2980,.F.);
#4159=ORIENTED_EDGE('',*,*,#2985,.F.);
#4160=ORIENTED_EDGE('',*,*,#2986,.F.);
#4161=ORIENTED_EDGE('',*,*,#2897,.T.);
#4162=ORIENTED_EDGE('',*,*,#2987,.T.);
#4163=ORIENTED_EDGE('',*,*,#2988,.T.);
#4164=ORIENTED_EDGE('',*,*,#2989,.F.);
#4165=ORIENTED_EDGE('',*,*,#2978,.T.);
#4166=ORIENTED_EDGE('',*,*,#2990,.F.);
#4167=ORIENTED_EDGE('',*,*,#2792,.F.);
#4168=ORIENTED_EDGE('',*,*,#2970,.F.);
#4169=ORIENTED_EDGE('',*,*,#2991,.T.);
#4170=ORIENTED_EDGE('',*,*,#2992,.T.);
#4171=ORIENTED_EDGE('',*,*,#2993,.T.);
#4172=ORIENTED_EDGE('',*,*,#2898,.T.);
#4173=ORIENTED_EDGE('',*,*,#2989,.T.);
#4174=ORIENTED_EDGE('',*,*,#2994,.T.);
#4175=ORIENTED_EDGE('',*,*,#2995,.F.);
#4176=ORIENTED_EDGE('',*,*,#2992,.F.);
#4177=ORIENTED_EDGE('',*,*,#2996,.F.);
#4178=ORIENTED_EDGE('',*,*,#2997,.T.);
#4179=ORIENTED_EDGE('',*,*,#2998,.F.);
#4180=ORIENTED_EDGE('',*,*,#2814,.F.);
#4181=ORIENTED_EDGE('',*,*,#2901,.F.);
#4182=ORIENTED_EDGE('',*,*,#2829,.T.);
#4183=ORIENTED_EDGE('',*,*,#2999,.T.);
#4184=ORIENTED_EDGE('',*,*,#2983,.F.);
#4185=ORIENTED_EDGE('',*,*,#3000,.F.);
#4186=ORIENTED_EDGE('',*,*,#3001,.F.);
#4187=ORIENTED_EDGE('',*,*,#3002,.F.);
#4188=ORIENTED_EDGE('',*,*,#2962,.T.);
#4189=ORIENTED_EDGE('',*,*,#3001,.T.);
#4190=ORIENTED_EDGE('',*,*,#3003,.F.);
#4191=ORIENTED_EDGE('',*,*,#3004,.F.);
#4192=ORIENTED_EDGE('',*,*,#2997,.F.);
#4193=ORIENTED_EDGE('',*,*,#2900,.F.);
#4194=ORIENTED_EDGE('',*,*,#3005,.F.);
#4195=ORIENTED_EDGE('',*,*,#3006,.F.);
#4196=ORIENTED_EDGE('',*,*,#3007,.F.);
#4197=ORIENTED_EDGE('',*,*,#2817,.F.);
#4198=ORIENTED_EDGE('',*,*,#3008,.F.);
#4199=ORIENTED_EDGE('',*,*,#2985,.T.);
#4200=ORIENTED_EDGE('',*,*,#2982,.T.);
#4201=ORIENTED_EDGE('',*,*,#2819,.T.);
#4202=ORIENTED_EDGE('',*,*,#3009,.F.);
#4203=ORIENTED_EDGE('',*,*,#3010,.T.);
#4204=ORIENTED_EDGE('',*,*,#2972,.F.);
#4205=ORIENTED_EDGE('',*,*,#2976,.F.);
#4206=ORIENTED_EDGE('',*,*,#3011,.F.);
#4207=ORIENTED_EDGE('',*,*,#2994,.F.);
#4208=ORIENTED_EDGE('',*,*,#2988,.F.);
#4209=ORIENTED_EDGE('',*,*,#3012,.F.);
#4210=ORIENTED_EDGE('',*,*,#3013,.F.);
#4211=ORIENTED_EDGE('',*,*,#2815,.T.);
#4212=ORIENTED_EDGE('',*,*,#2998,.T.);
#4213=ORIENTED_EDGE('',*,*,#3004,.T.);
#4214=ORIENTED_EDGE('',*,*,#3014,.F.);
#4215=ORIENTED_EDGE('',*,*,#3015,.T.);
#4216=ORIENTED_EDGE('',*,*,#3016,.T.);
#4217=ORIENTED_EDGE('',*,*,#2734,.T.);
#4218=ORIENTED_EDGE('',*,*,#3017,.F.);
#4219=ORIENTED_EDGE('',*,*,#3018,.F.);
#4220=ORIENTED_EDGE('',*,*,#3019,.F.);
#4221=ORIENTED_EDGE('',*,*,#3020,.T.);
#4222=ORIENTED_EDGE('',*,*,#3021,.F.);
#4223=ORIENTED_EDGE('',*,*,#3022,.T.);
#4224=ORIENTED_EDGE('',*,*,#3015,.F.);
#4225=ORIENTED_EDGE('',*,*,#3023,.F.);
#4226=ORIENTED_EDGE('',*,*,#3024,.T.);
#4227=ORIENTED_EDGE('',*,*,#3025,.T.);
#4228=ORIENTED_EDGE('',*,*,#3024,.F.);
#4229=ORIENTED_EDGE('',*,*,#3026,.F.);
#4230=ORIENTED_EDGE('',*,*,#3027,.F.);
#4231=ORIENTED_EDGE('',*,*,#3028,.T.);
#4232=ORIENTED_EDGE('',*,*,#3029,.T.);
#4233=ORIENTED_EDGE('',*,*,#3030,.F.);
#4234=ORIENTED_EDGE('',*,*,#2732,.F.);
#4235=ORIENTED_EDGE('',*,*,#3031,.T.);
#4236=ORIENTED_EDGE('',*,*,#3028,.F.);
#4237=ORIENTED_EDGE('',*,*,#3032,.F.);
#4238=ORIENTED_EDGE('',*,*,#3033,.T.);
#4239=ORIENTED_EDGE('',*,*,#3034,.T.);
#4240=ORIENTED_EDGE('',*,*,#3033,.F.);
#4241=ORIENTED_EDGE('',*,*,#3035,.F.);
#4242=ORIENTED_EDGE('',*,*,#3036,.F.);
#4243=ORIENTED_EDGE('',*,*,#3000,.T.);
#4244=ORIENTED_EDGE('',*,*,#3037,.F.);
#4245=ORIENTED_EDGE('',*,*,#2993,.F.);
#4246=ORIENTED_EDGE('',*,*,#3038,.F.);
#4247=ORIENTED_EDGE('',*,*,#3039,.T.);
#4248=ORIENTED_EDGE('',*,*,#3040,.T.);
#4249=ORIENTED_EDGE('',*,*,#3041,.F.);
#4250=ORIENTED_EDGE('',*,*,#3042,.F.);
#4251=ORIENTED_EDGE('',*,*,#3043,.F.);
#4252=ORIENTED_EDGE('',*,*,#3040,.F.);
#4253=ORIENTED_EDGE('',*,*,#3044,.T.);
#4254=ORIENTED_EDGE('',*,*,#3019,.T.);
#4255=ORIENTED_EDGE('',*,*,#3020,.F.);
#4256=ORIENTED_EDGE('',*,*,#3044,.F.);
#4257=ORIENTED_EDGE('',*,*,#3039,.F.);
#4258=ORIENTED_EDGE('',*,*,#3045,.F.);
#4259=ORIENTED_EDGE('',*,*,#3035,.T.);
#4260=ORIENTED_EDGE('',*,*,#3032,.T.);
#4261=ORIENTED_EDGE('',*,*,#3027,.T.);
#4262=ORIENTED_EDGE('',*,*,#3046,.F.);
#4263=ORIENTED_EDGE('',*,*,#3029,.F.);
#4264=ORIENTED_EDGE('',*,*,#3031,.F.);
#4265=ORIENTED_EDGE('',*,*,#3034,.F.);
#4266=ORIENTED_EDGE('',*,*,#3047,.F.);
#4267=ORIENTED_EDGE('',*,*,#3041,.T.);
#4268=ORIENTED_EDGE('',*,*,#3043,.T.);
#4269=ORIENTED_EDGE('',*,*,#3018,.T.);
#4270=ORIENTED_EDGE('',*,*,#3048,.F.);
#4271=ORIENTED_EDGE('',*,*,#2969,.T.);
#4272=ORIENTED_EDGE('',*,*,#3049,.F.);
#4273=ORIENTED_EDGE('',*,*,#3050,.F.);
#4274=ORIENTED_EDGE('',*,*,#3051,.F.);
#4275=ORIENTED_EDGE('',*,*,#2991,.F.);
#4276=ORIENTED_EDGE('',*,*,#2963,.F.);
#4277=ORIENTED_EDGE('',*,*,#3002,.T.);
#4278=ORIENTED_EDGE('',*,*,#3052,.F.);
#4279=ORIENTED_EDGE('',*,*,#3053,.T.);
#4280=ORIENTED_EDGE('',*,*,#3054,.T.);
#4281=ORIENTED_EDGE('',*,*,#2964,.F.);
#4282=ORIENTED_EDGE('',*,*,#3054,.F.);
#4283=ORIENTED_EDGE('',*,*,#3055,.T.);
#4284=ORIENTED_EDGE('',*,*,#3056,.T.);
#4285=ORIENTED_EDGE('',*,*,#3057,.T.);
#4286=ORIENTED_EDGE('',*,*,#3058,.T.);
#4287=ORIENTED_EDGE('',*,*,#2735,.T.);
#4288=ORIENTED_EDGE('',*,*,#3059,.F.);
#4289=ORIENTED_EDGE('',*,*,#2965,.F.);
#4290=ORIENTED_EDGE('',*,*,#3056,.F.);
#4291=ORIENTED_EDGE('',*,*,#3060,.T.);
#4292=ORIENTED_EDGE('',*,*,#3061,.F.);
#4293=ORIENTED_EDGE('',*,*,#3062,.T.);
#4294=ORIENTED_EDGE('',*,*,#3063,.T.);
#4295=ORIENTED_EDGE('',*,*,#3057,.F.);
#4296=ORIENTED_EDGE('',*,*,#3064,.F.);
#4297=ORIENTED_EDGE('',*,*,#3065,.T.);
#4298=ORIENTED_EDGE('',*,*,#3062,.F.);
#4299=ORIENTED_EDGE('',*,*,#3066,.F.);
#4300=ORIENTED_EDGE('',*,*,#3067,.F.);
#4301=ORIENTED_EDGE('',*,*,#3068,.T.);
#4302=ORIENTED_EDGE('',*,*,#2967,.T.);
#4303=ORIENTED_EDGE('',*,*,#3069,.F.);
#4304=ORIENTED_EDGE('',*,*,#2737,.F.);
#4305=ORIENTED_EDGE('',*,*,#2968,.T.);
#4306=ORIENTED_EDGE('',*,*,#3068,.F.);
#4307=ORIENTED_EDGE('',*,*,#3070,.F.);
#4308=ORIENTED_EDGE('',*,*,#3049,.T.);
#4309=ORIENTED_EDGE('',*,*,#3060,.F.);
#4310=ORIENTED_EDGE('',*,*,#3055,.F.);
#4311=ORIENTED_EDGE('',*,*,#3053,.F.);
#4312=ORIENTED_EDGE('',*,*,#3071,.F.);
#4313=ORIENTED_EDGE('',*,*,#3050,.T.);
#4314=ORIENTED_EDGE('',*,*,#3070,.T.);
#4315=ORIENTED_EDGE('',*,*,#3067,.T.);
#4316=ORIENTED_EDGE('',*,*,#3072,.F.);
#4317=ORIENTED_EDGE('',*,*,#3051,.T.);
#4318=ORIENTED_EDGE('',*,*,#3071,.T.);
#4319=ORIENTED_EDGE('',*,*,#3052,.T.);
#4320=ORIENTED_EDGE('',*,*,#3005,.T.);
#4321=ORIENTED_EDGE('',*,*,#2899,.T.);
#4322=ORIENTED_EDGE('',*,*,#2996,.T.);
#4323=ORIENTED_EDGE('',*,*,#3059,.T.);
#4324=ORIENTED_EDGE('',*,*,#2738,.T.);
#4325=ORIENTED_EDGE('',*,*,#3069,.T.);
#4326=ORIENTED_EDGE('',*,*,#2966,.T.);
#4327=ORIENTED_EDGE('',*,*,#3061,.T.);
#4328=ORIENTED_EDGE('',*,*,#3072,.T.);
#4329=ORIENTED_EDGE('',*,*,#3066,.T.);
#4330=ORIENTED_EDGE('',*,*,#3064,.T.);
#4331=ORIENTED_EDGE('',*,*,#3026,.T.);
#4332=ORIENTED_EDGE('',*,*,#3023,.T.);
#4333=ORIENTED_EDGE('',*,*,#3021,.T.);
#4334=ORIENTED_EDGE('',*,*,#3046,.T.);
#4335=ORIENTED_EDGE('',*,*,#3030,.T.);
#4336=ORIENTED_EDGE('',*,*,#3048,.T.);
#4337=ORIENTED_EDGE('',*,*,#3017,.T.);
#4338=ORIENTED_EDGE('',*,*,#2733,.T.);
#4339=ORIENTED_EDGE('',*,*,#3045,.T.);
#4340=ORIENTED_EDGE('',*,*,#3038,.T.);
#4341=ORIENTED_EDGE('',*,*,#2995,.T.);
#4342=ORIENTED_EDGE('',*,*,#3014,.T.);
#4343=ORIENTED_EDGE('',*,*,#3003,.T.);
#4344=ORIENTED_EDGE('',*,*,#3036,.T.);
#4345=ORIENTED_EDGE('',*,*,#2986,.T.);
#4346=ORIENTED_EDGE('',*,*,#3011,.T.);
#4347=ORIENTED_EDGE('',*,*,#2979,.T.);
#4348=ORIENTED_EDGE('',*,*,#3042,.T.);
#4349=ORIENTED_EDGE('',*,*,#3047,.T.);
#4350=ORIENTED_EDGE('',*,*,#3037,.T.);
#4351=ORIENTED_EDGE('',*,*,#3073,.T.);
#4352=ORIENTED_EDGE('',*,*,#3008,.T.);
#4353=ORIENTED_EDGE('',*,*,#2816,.T.);
#4354=ORIENTED_EDGE('',*,*,#3013,.T.);
#4355=ORIENTED_EDGE('',*,*,#2818,.T.);
#4356=ORIENTED_EDGE('',*,*,#3007,.T.);
#4357=ORIENTED_EDGE('',*,*,#3074,.T.);
#4358=ORIENTED_EDGE('',*,*,#3009,.T.);
#4359=ORIENTED_EDGE('',*,*,#2831,.T.);
#4360=ORIENTED_EDGE('',*,*,#2971,.T.);
#4361=ORIENTED_EDGE('',*,*,#2790,.F.);
#4362=ORIENTED_EDGE('',*,*,#3075,.F.);
#4363=ORIENTED_EDGE('',*,*,#2833,.T.);
#4364=ORIENTED_EDGE('',*,*,#3076,.F.);
#4365=ORIENTED_EDGE('',*,*,#2788,.F.);
#4366=ORIENTED_EDGE('',*,*,#3077,.F.);
#4367=ORIENTED_EDGE('',*,*,#2933,.F.);
#4368=ORIENTED_EDGE('',*,*,#3078,.F.);
#4369=ORIENTED_EDGE('',*,*,#3079,.T.);
#4370=ORIENTED_EDGE('',*,*,#3080,.F.);
#4371=ORIENTED_EDGE('',*,*,#3081,.T.);
#4372=ORIENTED_EDGE('',*,*,#3082,.F.);
#4373=ORIENTED_EDGE('',*,*,#3081,.F.);
#4374=ORIENTED_EDGE('',*,*,#3083,.F.);
#4375=ORIENTED_EDGE('',*,*,#3084,.T.);
#4376=ORIENTED_EDGE('',*,*,#3085,.F.);
#4377=ORIENTED_EDGE('',*,*,#3084,.F.);
#4378=ORIENTED_EDGE('',*,*,#3086,.F.);
#4379=ORIENTED_EDGE('',*,*,#3087,.F.);
#4380=ORIENTED_EDGE('',*,*,#3088,.T.);
#4381=ORIENTED_EDGE('',*,*,#2935,.T.);
#4382=ORIENTED_EDGE('',*,*,#3089,.F.);
#4383=ORIENTED_EDGE('',*,*,#2936,.T.);
#4384=ORIENTED_EDGE('',*,*,#3088,.F.);
#4385=ORIENTED_EDGE('',*,*,#3090,.F.);
#4386=ORIENTED_EDGE('',*,*,#3091,.F.);
#4387=ORIENTED_EDGE('',*,*,#2784,.T.);
#4388=ORIENTED_EDGE('',*,*,#2932,.F.);
#4389=ORIENTED_EDGE('',*,*,#2837,.F.);
#4390=ORIENTED_EDGE('',*,*,#3092,.F.);
#4391=ORIENTED_EDGE('',*,*,#3093,.T.);
#4392=ORIENTED_EDGE('',*,*,#3078,.T.);
#4393=ORIENTED_EDGE('',*,*,#3090,.T.);
#4394=ORIENTED_EDGE('',*,*,#3087,.T.);
#4395=ORIENTED_EDGE('',*,*,#3094,.F.);
#4396=ORIENTED_EDGE('',*,*,#3079,.F.);
#4397=ORIENTED_EDGE('',*,*,#3093,.F.);
#4398=ORIENTED_EDGE('',*,*,#3095,.F.);
#4399=ORIENTED_EDGE('',*,*,#3089,.T.);
#4400=ORIENTED_EDGE('',*,*,#2934,.T.);
#4401=ORIENTED_EDGE('',*,*,#3082,.T.);
#4402=ORIENTED_EDGE('',*,*,#3085,.T.);
#4403=ORIENTED_EDGE('',*,*,#3086,.T.);
#4404=ORIENTED_EDGE('',*,*,#3083,.T.);
#4405=ORIENTED_EDGE('',*,*,#3080,.T.);
#4406=ORIENTED_EDGE('',*,*,#3094,.T.);
#4407=ORIENTED_EDGE('',*,*,#3092,.T.);
#4408=ORIENTED_EDGE('',*,*,#2836,.T.);
#4409=ORIENTED_EDGE('',*,*,#2961,.T.);
#4410=ORIENTED_EDGE('',*,*,#2785,.T.);
#4411=ORIENTED_EDGE('',*,*,#3091,.T.);
#4412=ORIENTED_EDGE('',*,*,#3095,.T.);
#4413=ORIENTED_EDGE('',*,*,#2834,.T.);
#4414=ORIENTED_EDGE('',*,*,#3077,.T.);
#4415=ORIENTED_EDGE('',*,*,#2787,.T.);
#4416=ORIENTED_EDGE('',*,*,#2960,.T.);
#4417=ORIENTED_EDGE('',*,*,#2832,.T.);
#4418=ORIENTED_EDGE('',*,*,#3075,.T.);
#4419=ORIENTED_EDGE('',*,*,#2789,.T.);
#4420=ORIENTED_EDGE('',*,*,#3076,.T.);
#4421=ORIENTED_EDGE('',*,*,#2766,.T.);
#4422=ORIENTED_EDGE('',*,*,#3096,.F.);
#4423=ORIENTED_EDGE('',*,*,#2973,.F.);
#4424=ORIENTED_EDGE('',*,*,#3010,.F.);
#4425=ORIENTED_EDGE('',*,*,#3074,.F.);
#4426=ORIENTED_EDGE('',*,*,#3006,.T.);
#4427=ORIENTED_EDGE('',*,*,#3073,.F.);
#4428=ORIENTED_EDGE('',*,*,#3012,.T.);
#4429=ORIENTED_EDGE('',*,*,#2987,.F.);
#4430=ORIENTED_EDGE('',*,*,#2896,.T.);
#4431=ORIENTED_EDGE('',*,*,#2782,.T.);
#4432=ORIENTED_EDGE('',*,*,#2861,.F.);
#4433=ORIENTED_EDGE('',*,*,#2927,.T.);
#4434=ORIENTED_EDGE('',*,*,#2853,.F.);
#4435=ORIENTED_EDGE('',*,*,#2928,.T.);
#4436=ORIENTED_EDGE('',*,*,#2857,.T.);
#4437=ORIENTED_EDGE('',*,*,#2801,.T.);
#4438=ORIENTED_EDGE('',*,*,#2793,.T.);
#4439=ORIENTED_EDGE('',*,*,#2990,.T.);
#4440=ORIENTED_EDGE('',*,*,#2977,.T.);
#4441=ORIENTED_EDGE('',*,*,#2974,.T.);
#4442=ORIENTED_EDGE('',*,*,#3096,.T.);
#4443=ORIENTED_EDGE('',*,*,#2765,.T.);
#4444=ORIENTED_EDGE('',*,*,#2770,.T.);
#4445=ORIENTED_EDGE('',*,*,#2828,.F.);
#4446=ORIENTED_EDGE('',*,*,#2845,.F.);
#4447=ORIENTED_EDGE('',*,*,#2778,.F.);
#4448=ORIENTED_EDGE('',*,*,#2774,.F.);
#4449=ORIENTED_EDGE('',*,*,#2821,.F.);
#4450=ORIENTED_EDGE('',*,*,#2981,.F.);
#4451=ORIENTED_EDGE('',*,*,#2984,.F.);
#4452=ORIENTED_EDGE('',*,*,#2999,.F.);
#4453=ORIENTED_EDGE('',*,*,#2743,.T.);
#4454=ORIENTED_EDGE('',*,*,#2863,.T.);
#4455=ORIENTED_EDGE('',*,*,#2869,.T.);
#4456=ORIENTED_EDGE('',*,*,#2872,.T.);
#4457=ORIENTED_EDGE('',*,*,#2917,.T.);
#4458=ORIENTED_EDGE('',*,*,#2919,.T.);
#4459=ORIENTED_EDGE('',*,*,#2740,.T.);
#4460=ORIENTED_EDGE('',*,*,#2912,.T.);
#4461=ORIENTED_EDGE('',*,*,#2736,.F.);
#4462=ORIENTED_EDGE('',*,*,#3058,.F.);
#4463=ORIENTED_EDGE('',*,*,#3063,.F.);
#4464=ORIENTED_EDGE('',*,*,#3065,.F.);
#4465=ORIENTED_EDGE('',*,*,#3022,.F.);
#4466=ORIENTED_EDGE('',*,*,#3025,.F.);
#4467=ORIENTED_EDGE('',*,*,#2731,.F.);
#4468=ORIENTED_EDGE('',*,*,#3016,.F.);
#4469=CONICAL_SURFACE('',#4970,0.15,0.785398163397);
#4470=CONICAL_SURFACE('',#4975,0.15,0.785398163397);
#4471=CONICAL_SURFACE('',#5013,0.85,0.785398163397);
#4472=CONICAL_SURFACE('',#5016,0.85,0.785398163397);
#4473=CONICAL_SURFACE('',#5017,0.85,0.785398163397);
#4474=CONICAL_SURFACE('',#5020,0.85,0.785398163397);
#4475=STYLED_ITEM('',(#8102),#4715);
#4476=STYLED_ITEM('',(#8102),#4716);
#4477=STYLED_ITEM('',(#8102),#4717);
#4478=STYLED_ITEM('',(#8102),#4718);
#4479=STYLED_ITEM('',(#8102),#4719);
#4480=STYLED_ITEM('',(#8102),#4720);
#4481=STYLED_ITEM('',(#8102),#4721);
#4482=STYLED_ITEM('',(#8102),#4722);
#4483=STYLED_ITEM('',(#8102),#4723);
#4484=STYLED_ITEM('',(#8102),#4724);
#4485=STYLED_ITEM('',(#8102),#4725);
#4486=STYLED_ITEM('',(#8102),#4726);
#4487=STYLED_ITEM('',(#8102),#4727);
#4488=STYLED_ITEM('',(#8102),#4728);
#4489=STYLED_ITEM('',(#8102),#4729);
#4490=STYLED_ITEM('',(#8102),#4730);
#4491=STYLED_ITEM('',(#8102),#4731);
#4492=STYLED_ITEM('',(#8102),#4732);
#4493=STYLED_ITEM('',(#8102),#4733);
#4494=STYLED_ITEM('',(#8102),#4734);
#4495=STYLED_ITEM('',(#8102),#4735);
#4496=STYLED_ITEM('',(#8102),#4736);
#4497=STYLED_ITEM('',(#8102),#4737);
#4498=STYLED_ITEM('',(#8102),#4738);
#4499=STYLED_ITEM('',(#8102),#4739);
#4500=STYLED_ITEM('',(#8102),#4740);
#4501=STYLED_ITEM('',(#8102),#4741);
#4502=STYLED_ITEM('',(#8102),#4742);
#4503=STYLED_ITEM('',(#8102),#4743);
#4504=STYLED_ITEM('',(#8102),#4744);
#4505=STYLED_ITEM('',(#8102),#4745);
#4506=STYLED_ITEM('',(#8102),#4746);
#4507=STYLED_ITEM('',(#8102),#4747);
#4508=STYLED_ITEM('',(#8102),#4748);
#4509=STYLED_ITEM('',(#8102),#4749);
#4510=STYLED_ITEM('',(#8102),#4750);
#4511=STYLED_ITEM('',(#8102),#4751);
#4512=STYLED_ITEM('',(#8102),#4752);
#4513=STYLED_ITEM('',(#8102),#4753);
#4514=STYLED_ITEM('',(#8102),#4754);
#4515=STYLED_ITEM('',(#8102),#4755);
#4516=STYLED_ITEM('',(#8103),#4756);
#4517=STYLED_ITEM('',(#8103),#4757);
#4518=STYLED_ITEM('',(#8103),#4758);
#4519=STYLED_ITEM('',(#8103),#4759);
#4520=STYLED_ITEM('',(#8103),#4760);
#4521=STYLED_ITEM('',(#8103),#4761);
#4522=STYLED_ITEM('',(#8103),#4762);
#4523=STYLED_ITEM('',(#8103),#4763);
#4524=STYLED_ITEM('',(#8103),#4764);
#4525=STYLED_ITEM('',(#8103),#4765);
#4526=STYLED_ITEM('',(#8103),#4766);
#4527=STYLED_ITEM('',(#8103),#4767);
#4528=STYLED_ITEM('',(#8103),#4768);
#4529=STYLED_ITEM('',(#8103),#4769);
#4530=STYLED_ITEM('',(#8103),#4770);
#4531=STYLED_ITEM('',(#8103),#4771);
#4532=STYLED_ITEM('',(#8103),#4772);
#4533=STYLED_ITEM('',(#8103),#4773);
#4534=STYLED_ITEM('',(#8103),#4774);
#4535=STYLED_ITEM('',(#8103),#4775);
#4536=STYLED_ITEM('',(#8103),#4776);
#4537=STYLED_ITEM('',(#8103),#4777);
#4538=STYLED_ITEM('',(#8103),#4778);
#4539=STYLED_ITEM('',(#8103),#4779);
#4540=STYLED_ITEM('',(#8103),#4780);
#4541=STYLED_ITEM('',(#8103),#4781);
#4542=STYLED_ITEM('',(#8103),#4782);
#4543=STYLED_ITEM('',(#8103),#4783);
#4544=STYLED_ITEM('',(#8103),#4784);
#4545=STYLED_ITEM('',(#8103),#4785);
#4546=STYLED_ITEM('',(#8103),#4786);
#4547=STYLED_ITEM('',(#8103),#4787);
#4548=STYLED_ITEM('',(#8103),#4788);
#4549=STYLED_ITEM('',(#8103),#4789);
#4550=STYLED_ITEM('',(#8103),#4790);
#4551=STYLED_ITEM('',(#8103),#4791);
#4552=STYLED_ITEM('',(#8103),#4792);
#4553=STYLED_ITEM('',(#8103),#4793);
#4554=STYLED_ITEM('',(#8103),#4794);
#4555=STYLED_ITEM('',(#8103),#4795);
#4556=STYLED_ITEM('',(#8103),#4796);
#4557=STYLED_ITEM('',(#8103),#4797);
#4558=STYLED_ITEM('',(#8103),#4798);
#4559=STYLED_ITEM('',(#8103),#4799);
#4560=STYLED_ITEM('',(#8103),#4800);
#4561=STYLED_ITEM('',(#8103),#4801);
#4562=STYLED_ITEM('',(#8103),#4802);
#4563=STYLED_ITEM('',(#8103),#4803);
#4564=STYLED_ITEM('',(#8103),#4804);
#4565=STYLED_ITEM('',(#8103),#4805);
#4566=STYLED_ITEM('',(#8103),#4806);
#4567=STYLED_ITEM('',(#8103),#4807);
#4568=STYLED_ITEM('',(#8103),#4808);
#4569=STYLED_ITEM('',(#8103),#4809);
#4570=STYLED_ITEM('',(#8103),#4810);
#4571=STYLED_ITEM('',(#8103),#4811);
#4572=STYLED_ITEM('',(#8103),#4812);
#4573=STYLED_ITEM('',(#8103),#4813);
#4574=STYLED_ITEM('',(#8103),#4814);
#4575=STYLED_ITEM('',(#8103),#4815);
#4576=STYLED_ITEM('',(#8103),#4816);
#4577=STYLED_ITEM('',(#8103),#4817);
#4578=STYLED_ITEM('',(#8103),#4818);
#4579=STYLED_ITEM('',(#8103),#4819);
#4580=STYLED_ITEM('',(#8103),#4820);
#4581=STYLED_ITEM('',(#8103),#4821);
#4582=STYLED_ITEM('',(#8103),#4822);
#4583=STYLED_ITEM('',(#8103),#4823);
#4584=STYLED_ITEM('',(#8103),#4824);
#4585=STYLED_ITEM('',(#8103),#4825);
#4586=STYLED_ITEM('',(#8103),#4826);
#4587=STYLED_ITEM('',(#8103),#4827);
#4588=STYLED_ITEM('',(#8102),#4828);
#4589=STYLED_ITEM('',(#8102),#4829);
#4590=STYLED_ITEM('',(#8101),#25);
#4591=STYLED_ITEM('',(#8104),#4830);
#4592=STYLED_ITEM('',(#8104),#4831);
#4593=STYLED_ITEM('',(#8104),#4832);
#4594=STYLED_ITEM('',(#8104),#4833);
#4595=STYLED_ITEM('',(#8104),#4834);
#4596=STYLED_ITEM('',(#8104),#4835);
#4597=STYLED_ITEM('',(#8104),#4836);
#4598=STYLED_ITEM('',(#8104),#4837);
#4599=STYLED_ITEM('',(#8104),#4838);
#4600=STYLED_ITEM('',(#8104),#4839);
#4601=STYLED_ITEM('',(#8104),#4840);
#4602=STYLED_ITEM('',(#8104),#4841);
#4603=STYLED_ITEM('',(#8104),#4842);
#4604=STYLED_ITEM('',(#8104),#4843);
#4605=STYLED_ITEM('',(#8104),#4844);
#4606=STYLED_ITEM('',(#8104),#4845);
#4607=STYLED_ITEM('',(#8104),#4846);
#4608=STYLED_ITEM('',(#8104),#4847);
#4609=STYLED_ITEM('',(#8104),#4848);
#4610=STYLED_ITEM('',(#8104),#4849);
#4611=STYLED_ITEM('',(#8104),#4850);
#4612=STYLED_ITEM('',(#8104),#4851);
#4613=STYLED_ITEM('',(#8104),#4852);
#4614=STYLED_ITEM('',(#8104),#4853);
#4615=STYLED_ITEM('',(#8104),#4854);
#4616=STYLED_ITEM('',(#8104),#4855);
#4617=STYLED_ITEM('',(#8104),#4856);
#4618=STYLED_ITEM('',(#8104),#4857);
#4619=STYLED_ITEM('',(#8104),#4858);
#4620=STYLED_ITEM('',(#8104),#4859);
#4621=STYLED_ITEM('',(#8104),#4860);
#4622=STYLED_ITEM('',(#8104),#4861);
#4623=STYLED_ITEM('',(#8104),#4862);
#4624=STYLED_ITEM('',(#8104),#4863);
#4625=STYLED_ITEM('',(#8104),#4864);
#4626=STYLED_ITEM('',(#8104),#4865);
#4627=STYLED_ITEM('',(#8104),#4866);
#4628=STYLED_ITEM('',(#8104),#4867);
#4629=STYLED_ITEM('',(#8104),#4868);
#4630=STYLED_ITEM('',(#8104),#4869);
#4631=STYLED_ITEM('',(#8104),#4870);
#4632=STYLED_ITEM('',(#8104),#4871);
#4633=STYLED_ITEM('',(#8104),#4872);
#4634=STYLED_ITEM('',(#8104),#4873);
#4635=STYLED_ITEM('',(#8104),#4874);
#4636=STYLED_ITEM('',(#8104),#4875);
#4637=STYLED_ITEM('',(#8104),#4876);
#4638=STYLED_ITEM('',(#8104),#4877);
#4639=STYLED_ITEM('',(#8104),#4878);
#4640=STYLED_ITEM('',(#8104),#4879);
#4641=STYLED_ITEM('',(#8104),#4880);
#4642=STYLED_ITEM('',(#8104),#4881);
#4643=STYLED_ITEM('',(#8104),#4882);
#4644=STYLED_ITEM('',(#8104),#4883);
#4645=STYLED_ITEM('',(#8104),#4884);
#4646=STYLED_ITEM('',(#8104),#4885);
#4647=STYLED_ITEM('',(#8104),#4886);
#4648=STYLED_ITEM('',(#8104),#4887);
#4649=STYLED_ITEM('',(#8104),#4888);
#4650=STYLED_ITEM('',(#8104),#4889);
#4651=STYLED_ITEM('',(#8104),#4890);
#4652=STYLED_ITEM('',(#8104),#4891);
#4653=STYLED_ITEM('',(#8104),#4892);
#4654=STYLED_ITEM('',(#8104),#4893);
#4655=STYLED_ITEM('',(#8104),#4894);
#4656=STYLED_ITEM('',(#8104),#4895);
#4657=STYLED_ITEM('',(#8104),#4896);
#4658=STYLED_ITEM('',(#8104),#4897);
#4659=STYLED_ITEM('',(#8104),#4898);
#4660=STYLED_ITEM('',(#8104),#4899);
#4661=STYLED_ITEM('',(#8104),#4900);
#4662=STYLED_ITEM('',(#8104),#4901);
#4663=STYLED_ITEM('',(#8104),#4902);
#4664=STYLED_ITEM('',(#8104),#4903);
#4665=STYLED_ITEM('',(#8104),#4904);
#4666=STYLED_ITEM('',(#8104),#4905);
#4667=STYLED_ITEM('',(#8104),#4906);
#4668=STYLED_ITEM('',(#8104),#4907);
#4669=STYLED_ITEM('',(#8104),#4908);
#4670=STYLED_ITEM('',(#8104),#4909);
#4671=STYLED_ITEM('',(#8104),#4910);
#4672=STYLED_ITEM('',(#8104),#4911);
#4673=STYLED_ITEM('',(#8104),#4912);
#4674=STYLED_ITEM('',(#8104),#4913);
#4675=STYLED_ITEM('',(#8104),#4914);
#4676=STYLED_ITEM('',(#8104),#4915);
#4677=STYLED_ITEM('',(#8104),#4916);
#4678=STYLED_ITEM('',(#8104),#4917);
#4679=STYLED_ITEM('',(#8104),#4918);
#4680=STYLED_ITEM('',(#8104),#4919);
#4681=STYLED_ITEM('',(#8104),#4920);
#4682=STYLED_ITEM('',(#8104),#4921);
#4683=STYLED_ITEM('',(#8104),#4922);
#4684=STYLED_ITEM('',(#8104),#4923);
#4685=STYLED_ITEM('',(#8104),#4924);
#4686=STYLED_ITEM('',(#8104),#4925);
#4687=STYLED_ITEM('',(#8104),#4926);
#4688=STYLED_ITEM('',(#8104),#4927);
#4689=STYLED_ITEM('',(#8104),#4928);
#4690=STYLED_ITEM('',(#8104),#4929);
#4691=STYLED_ITEM('',(#8104),#4930);
#4692=STYLED_ITEM('',(#8104),#4931);
#4693=STYLED_ITEM('',(#8104),#4932);
#4694=STYLED_ITEM('',(#8104),#4933);
#4695=STYLED_ITEM('',(#8104),#4934);
#4696=STYLED_ITEM('',(#8104),#4935);
#4697=STYLED_ITEM('',(#8104),#4936);
#4698=STYLED_ITEM('',(#8104),#4937);
#4699=STYLED_ITEM('',(#8104),#4938);
#4700=STYLED_ITEM('',(#8104),#4939);
#4701=STYLED_ITEM('',(#8104),#4940);
#4702=STYLED_ITEM('',(#8104),#4941);
#4703=STYLED_ITEM('',(#8104),#4942);
#4704=STYLED_ITEM('',(#8104),#4943);
#4705=STYLED_ITEM('',(#8104),#4944);
#4706=STYLED_ITEM('',(#8104),#4945);
#4707=STYLED_ITEM('',(#8104),#4946);
#4708=STYLED_ITEM('',(#8104),#4947);
#4709=STYLED_ITEM('',(#8104),#4948);
#4710=STYLED_ITEM('',(#8104),#4949);
#4711=STYLED_ITEM('',(#8104),#4950);
#4712=STYLED_ITEM('',(#8104),#4951);
#4713=STYLED_ITEM('',(#8104),#4952);
#4714=STYLED_ITEM('',(#8101),#26);
#4715=ADVANCED_FACE('',(#263),#4469,.T.);
#4716=ADVANCED_FACE('',(#264),#199,.T.);
#4717=ADVANCED_FACE('',(#265),#4470,.T.);
#4718=ADVANCED_FACE('',(#266),#200,.T.);
#4719=ADVANCED_FACE('',(#267),#31,.F.);
#4720=ADVANCED_FACE('',(#268),#32,.F.);
#4721=ADVANCED_FACE('',(#269),#33,.F.);
#4722=ADVANCED_FACE('',(#270),#34,.F.);
#4723=ADVANCED_FACE('',(#271),#35,.F.);
#4724=ADVANCED_FACE('',(#272),#36,.F.);
#4725=ADVANCED_FACE('',(#273),#37,.F.);
#4726=ADVANCED_FACE('',(#274),#38,.F.);
#4727=ADVANCED_FACE('',(#275),#39,.F.);
#4728=ADVANCED_FACE('',(#276,#27),#40,.T.);
#4729=ADVANCED_FACE('',(#277),#41,.T.);
#4730=ADVANCED_FACE('',(#278),#42,.F.);
#4731=ADVANCED_FACE('',(#279),#201,.T.);
#4732=ADVANCED_FACE('',(#280),#43,.F.);
#4733=ADVANCED_FACE('',(#281),#202,.T.);
#4734=ADVANCED_FACE('',(#282),#44,.T.);
#4735=ADVANCED_FACE('',(#283),#203,.T.);
#4736=ADVANCED_FACE('',(#284),#45,.F.);
#4737=ADVANCED_FACE('',(#285),#204,.T.);
#4738=ADVANCED_FACE('',(#286),#4471,.T.);
#4739=ADVANCED_FACE('',(#287),#46,.F.);
#4740=ADVANCED_FACE('',(#288),#47,.T.);
#4741=ADVANCED_FACE('',(#289),#4472,.T.);
#4742=ADVANCED_FACE('',(#290),#4473,.T.);
#4743=ADVANCED_FACE('',(#291),#48,.T.);
#4744=ADVANCED_FACE('',(#292),#49,.T.);
#4745=ADVANCED_FACE('',(#293),#4474,.T.);
#4746=ADVANCED_FACE('',(#294),#205,.T.);
#4747=ADVANCED_FACE('',(#295),#50,.F.);
#4748=ADVANCED_FACE('',(#296),#51,.F.);
#4749=ADVANCED_FACE('',(#297),#52,.F.);
#4750=ADVANCED_FACE('',(#298),#53,.F.);
#4751=ADVANCED_FACE('',(#299),#206,.T.);
#4752=ADVANCED_FACE('',(#300),#54,.F.);
#4753=ADVANCED_FACE('',(#301),#55,.T.);
#4754=ADVANCED_FACE('',(#302),#56,.T.);
#4755=ADVANCED_FACE('',(#303,#28,#29),#57,.T.);
#4756=ADVANCED_FACE('',(#304),#58,.F.);
#4757=ADVANCED_FACE('',(#305),#59,.T.);
#4758=ADVANCED_FACE('',(#306),#60,.T.);
#4759=ADVANCED_FACE('',(#307),#61,.T.);
#4760=ADVANCED_FACE('',(#308),#62,.T.);
#4761=ADVANCED_FACE('',(#309),#63,.F.);
#4762=ADVANCED_FACE('',(#310),#64,.F.);
#4763=ADVANCED_FACE('',(#311),#65,.T.);
#4764=ADVANCED_FACE('',(#312),#66,.T.);
#4765=ADVANCED_FACE('',(#313),#67,.T.);
#4766=ADVANCED_FACE('',(#314),#68,.T.);
#4767=ADVANCED_FACE('',(#315),#69,.F.);
#4768=ADVANCED_FACE('',(#316),#70,.F.);
#4769=ADVANCED_FACE('',(#317),#71,.T.);
#4770=ADVANCED_FACE('',(#318),#72,.T.);
#4771=ADVANCED_FACE('',(#319),#73,.T.);
#4772=ADVANCED_FACE('',(#320),#74,.T.);
#4773=ADVANCED_FACE('',(#321),#75,.F.);
#4774=ADVANCED_FACE('',(#322),#76,.F.);
#4775=ADVANCED_FACE('',(#323),#77,.T.);
#4776=ADVANCED_FACE('',(#324),#78,.T.);
#4777=ADVANCED_FACE('',(#325),#79,.T.);
#4778=ADVANCED_FACE('',(#326),#80,.T.);
#4779=ADVANCED_FACE('',(#327),#81,.F.);
#4780=ADVANCED_FACE('',(#328),#82,.F.);
#4781=ADVANCED_FACE('',(#329),#83,.T.);
#4782=ADVANCED_FACE('',(#330),#84,.T.);
#4783=ADVANCED_FACE('',(#331),#85,.T.);
#4784=ADVANCED_FACE('',(#332),#86,.T.);
#4785=ADVANCED_FACE('',(#333),#87,.F.);
#4786=ADVANCED_FACE('',(#334),#88,.F.);
#4787=ADVANCED_FACE('',(#335),#89,.T.);
#4788=ADVANCED_FACE('',(#336),#90,.T.);
#4789=ADVANCED_FACE('',(#337),#91,.T.);
#4790=ADVANCED_FACE('',(#338),#92,.T.);
#4791=ADVANCED_FACE('',(#339),#93,.F.);
#4792=ADVANCED_FACE('',(#340),#94,.T.);
#4793=ADVANCED_FACE('',(#341),#95,.F.);
#4794=ADVANCED_FACE('',(#342),#96,.F.);
#4795=ADVANCED_FACE('',(#343),#97,.F.);
#4796=ADVANCED_FACE('',(#344),#98,.T.);
#4797=ADVANCED_FACE('',(#345),#99,.F.);
#4798=ADVANCED_FACE('',(#346),#100,.T.);
#4799=ADVANCED_FACE('',(#347),#101,.F.);
#4800=ADVANCED_FACE('',(#348),#102,.F.);
#4801=ADVANCED_FACE('',(#349),#103,.F.);
#4802=ADVANCED_FACE('',(#350),#104,.T.);
#4803=ADVANCED_FACE('',(#351),#105,.F.);
#4804=ADVANCED_FACE('',(#352),#106,.T.);
#4805=ADVANCED_FACE('',(#353),#107,.F.);
#4806=ADVANCED_FACE('',(#354),#108,.F.);
#4807=ADVANCED_FACE('',(#355),#109,.F.);
#4808=ADVANCED_FACE('',(#356),#110,.T.);
#4809=ADVANCED_FACE('',(#357),#111,.F.);
#4810=ADVANCED_FACE('',(#358),#112,.T.);
#4811=ADVANCED_FACE('',(#359),#113,.F.);
#4812=ADVANCED_FACE('',(#360),#114,.F.);
#4813=ADVANCED_FACE('',(#361),#115,.F.);
#4814=ADVANCED_FACE('',(#362),#116,.T.);
#4815=ADVANCED_FACE('',(#363),#117,.F.);
#4816=ADVANCED_FACE('',(#364),#118,.T.);
#4817=ADVANCED_FACE('',(#365),#119,.F.);
#4818=ADVANCED_FACE('',(#366),#120,.F.);
#4819=ADVANCED_FACE('',(#367),#121,.F.);
#4820=ADVANCED_FACE('',(#368),#122,.T.);
#4821=ADVANCED_FACE('',(#369),#123,.F.);
#4822=ADVANCED_FACE('',(#370),#124,.T.);
#4823=ADVANCED_FACE('',(#371),#125,.F.);
#4824=ADVANCED_FACE('',(#372),#126,.F.);
#4825=ADVANCED_FACE('',(#373),#127,.F.);
#4826=ADVANCED_FACE('',(#374),#128,.T.);
#4827=ADVANCED_FACE('',(#375),#129,.F.);
#4828=ADVANCED_FACE('',(#376),#130,.T.);
#4829=ADVANCED_FACE('',(#377),#131,.T.);
#4830=ADVANCED_FACE('',(#378),#132,.T.);
#4831=ADVANCED_FACE('',(#379),#133,.F.);
#4832=ADVANCED_FACE('',(#380),#134,.F.);
#4833=ADVANCED_FACE('',(#381),#135,.T.);
#4834=ADVANCED_FACE('',(#382),#136,.T.);
#4835=ADVANCED_FACE('',(#383),#137,.F.);
#4836=ADVANCED_FACE('',(#384),#207,.T.);
#4837=ADVANCED_FACE('',(#385),#138,.T.);
#4838=ADVANCED_FACE('',(#386),#208,.F.);
#4839=ADVANCED_FACE('',(#387),#139,.F.);
#4840=ADVANCED_FACE('',(#388),#209,.T.);
#4841=ADVANCED_FACE('',(#389),#140,.T.);
#4842=ADVANCED_FACE('',(#390),#210,.T.);
#4843=ADVANCED_FACE('',(#391),#141,.T.);
#4844=ADVANCED_FACE('',(#392),#211,.F.);
#4845=ADVANCED_FACE('',(#393),#142,.F.);
#4846=ADVANCED_FACE('',(#394),#143,.F.);
#4847=ADVANCED_FACE('',(#395),#212,.F.);
#4848=ADVANCED_FACE('',(#396),#144,.F.);
#4849=ADVANCED_FACE('',(#397),#145,.T.);
#4850=ADVANCED_FACE('',(#398),#146,.F.);
#4851=ADVANCED_FACE('',(#399),#147,.F.);
#4852=ADVANCED_FACE('',(#400),#148,.F.);
#4853=ADVANCED_FACE('',(#401),#149,.T.);
#4854=ADVANCED_FACE('',(#402),#150,.T.);
#4855=ADVANCED_FACE('',(#403),#213,.T.);
#4856=ADVANCED_FACE('',(#404),#151,.T.);
#4857=ADVANCED_FACE('',(#405),#152,.F.);
#4858=ADVANCED_FACE('',(#406),#214,.F.);
#4859=ADVANCED_FACE('',(#407),#153,.F.);
#4860=ADVANCED_FACE('',(#408),#154,.T.);
#4861=ADVANCED_FACE('',(#409),#155,.F.);
#4862=ADVANCED_FACE('',(#410),#156,.T.);
#4863=ADVANCED_FACE('',(#411),#157,.F.);
#4864=ADVANCED_FACE('',(#412),#215,.T.);
#4865=ADVANCED_FACE('',(#413),#158,.F.);
#4866=ADVANCED_FACE('',(#414),#159,.F.);
#4867=ADVANCED_FACE('',(#415),#160,.T.);
#4868=ADVANCED_FACE('',(#416),#216,.F.);
#4869=ADVANCED_FACE('',(#417),#161,.T.);
#4870=ADVANCED_FACE('',(#418),#217,.F.);
#4871=ADVANCED_FACE('',(#419),#218,.T.);
#4872=ADVANCED_FACE('',(#420),#219,.T.);
#4873=ADVANCED_FACE('',(#421),#220,.T.);
#4874=ADVANCED_FACE('',(#422),#221,.T.);
#4875=ADVANCED_FACE('',(#423),#222,.F.);
#4876=ADVANCED_FACE('',(#424),#223,.F.);
#4877=ADVANCED_FACE('',(#425),#224,.F.);
#4878=ADVANCED_FACE('',(#426),#225,.F.);
#4879=ADVANCED_FACE('',(#427),#162,.F.);
#4880=ADVANCED_FACE('',(#428),#163,.F.);
#4881=ADVANCED_FACE('',(#429),#164,.T.);
#4882=ADVANCED_FACE('',(#430),#165,.F.);
#4883=ADVANCED_FACE('',(#431),#166,.T.);
#4884=ADVANCED_FACE('',(#432),#167,.T.);
#4885=ADVANCED_FACE('',(#433),#226,.T.);
#4886=ADVANCED_FACE('',(#434),#227,.F.);
#4887=ADVANCED_FACE('',(#435),#168,.F.);
#4888=ADVANCED_FACE('',(#436),#228,.T.);
#4889=ADVANCED_FACE('',(#437),#229,.T.);
#4890=ADVANCED_FACE('',(#438),#230,.F.);
#4891=ADVANCED_FACE('',(#439),#231,.F.);
#4892=ADVANCED_FACE('',(#440),#232,.F.);
#4893=ADVANCED_FACE('',(#441),#169,.T.);
#4894=ADVANCED_FACE('',(#442),#170,.F.);
#4895=ADVANCED_FACE('',(#443),#233,.T.);
#4896=ADVANCED_FACE('',(#444),#171,.T.);
#4897=ADVANCED_FACE('',(#445),#234,.F.);
#4898=ADVANCED_FACE('',(#446),#172,.F.);
#4899=ADVANCED_FACE('',(#447),#235,.T.);
#4900=ADVANCED_FACE('',(#448),#236,.T.);
#4901=ADVANCED_FACE('',(#449),#173,.T.);
#4902=ADVANCED_FACE('',(#450),#237,.F.);
#4903=ADVANCED_FACE('',(#451),#238,.F.);
#4904=ADVANCED_FACE('',(#452),#174,.F.);
#4905=ADVANCED_FACE('',(#453),#175,.T.);
#4906=ADVANCED_FACE('',(#454),#176,.F.);
#4907=ADVANCED_FACE('',(#455),#177,.F.);
#4908=ADVANCED_FACE('',(#456),#178,.F.);
#4909=ADVANCED_FACE('',(#457),#179,.T.);
#4910=ADVANCED_FACE('',(#458),#180,.T.);
#4911=ADVANCED_FACE('',(#459),#239,.T.);
#4912=ADVANCED_FACE('',(#460),#181,.T.);
#4913=ADVANCED_FACE('',(#461),#182,.F.);
#4914=ADVANCED_FACE('',(#462),#240,.F.);
#4915=ADVANCED_FACE('',(#463),#183,.F.);
#4916=ADVANCED_FACE('',(#464),#184,.T.);
#4917=ADVANCED_FACE('',(#465),#185,.T.);
#4918=ADVANCED_FACE('',(#466),#186,.F.);
#4919=ADVANCED_FACE('',(#467),#241,.T.);
#4920=ADVANCED_FACE('',(#468),#187,.F.);
#4921=ADVANCED_FACE('',(#469),#188,.F.);
#4922=ADVANCED_FACE('',(#470),#189,.T.);
#4923=ADVANCED_FACE('',(#471),#242,.F.);
#4924=ADVANCED_FACE('',(#472),#190,.T.);
#4925=ADVANCED_FACE('',(#473),#243,.F.);
#4926=ADVANCED_FACE('',(#474),#244,.T.);
#4927=ADVANCED_FACE('',(#475),#245,.T.);
#4928=ADVANCED_FACE('',(#476),#246,.T.);
#4929=ADVANCED_FACE('',(#477),#247,.T.);
#4930=ADVANCED_FACE('',(#478),#248,.F.);
#4931=ADVANCED_FACE('',(#479),#249,.F.);
#4932=ADVANCED_FACE('',(#480),#250,.F.);
#4933=ADVANCED_FACE('',(#481),#251,.F.);
#4934=ADVANCED_FACE('',(#482),#191,.F.);
#4935=ADVANCED_FACE('',(#483),#192,.F.);
#4936=ADVANCED_FACE('',(#484),#193,.F.);
#4937=ADVANCED_FACE('',(#485),#194,.T.);
#4938=ADVANCED_FACE('',(#486),#195,.T.);
#4939=ADVANCED_FACE('',(#487),#252,.T.);
#4940=ADVANCED_FACE('',(#488),#253,.F.);
#4941=ADVANCED_FACE('',(#489),#196,.F.);
#4942=ADVANCED_FACE('',(#490),#254,.T.);
#4943=ADVANCED_FACE('',(#491),#255,.T.);
#4944=ADVANCED_FACE('',(#492),#256,.F.);
#4945=ADVANCED_FACE('',(#493),#257,.F.);
#4946=ADVANCED_FACE('',(#494),#258,.F.);
#4947=ADVANCED_FACE('',(#495),#197,.T.);
#4948=ADVANCED_FACE('',(#496,#30),#198,.T.);
#4949=ADVANCED_FACE('',(#497),#259,.F.);
#4950=ADVANCED_FACE('',(#498),#260,.F.);
#4951=ADVANCED_FACE('',(#499),#261,.F.);
#4952=ADVANCED_FACE('',(#500),#262,.F.);
#4953=CLOSED_SHELL('',(#4715,#4716,#4717,#4718,#4719,#4720,#4721,#4722,
#4723,#4724,#4725,#4726,#4727,#4728,#4729,#4730,#4731,#4732,#4733,#4734,
#4735,#4736,#4737,#4738,#4739,#4740,#4741,#4742,#4743,#4744,#4745,#4746,
#4747,#4748,#4749,#4750,#4751,#4752,#4753,#4754,#4755,#4756,#4757,#4758,
#4759,#4760,#4761,#4762,#4763,#4764,#4765,#4766,#4767,#4768,#4769,#4770,
#4771,#4772,#4773,#4774,#4775,#4776,#4777,#4778,#4779,#4780,#4781,#4782,
#4783,#4784,#4785,#4786,#4787,#4788,#4789,#4790,#4791,#4792,#4793,#4794,
#4795,#4796,#4797,#4798,#4799,#4800,#4801,#4802,#4803,#4804,#4805,#4806,
#4807,#4808,#4809,#4810,#4811,#4812,#4813,#4814,#4815,#4816,#4817,#4818,
#4819,#4820,#4821,#4822,#4823,#4824,#4825,#4826,#4827,#4828,#4829));
#4954=CLOSED_SHELL('',(#4830,#4831,#4832,#4833,#4834,#4835,#4836,#4837,
#4838,#4839,#4840,#4841,#4842,#4843,#4844,#4845,#4846,#4847,#4848,#4849,
#4850,#4851,#4852,#4853,#4854,#4855,#4856,#4857,#4858,#4859,#4860,#4861,
#4862,#4863,#4864,#4865,#4866,#4867,#4868,#4869,#4870,#4871,#4872,#4873,
#4874,#4875,#4876,#4877,#4878,#4879,#4880,#4881,#4882,#4883,#4884,#4885,
#4886,#4887,#4888,#4889,#4890,#4891,#4892,#4893,#4894,#4895,#4896,#4897,
#4898,#4899,#4900,#4901,#4902,#4903,#4904,#4905,#4906,#4907,#4908,#4909,
#4910,#4911,#4912,#4913,#4914,#4915,#4916,#4917,#4918,#4919,#4920,#4921,
#4922,#4923,#4924,#4925,#4926,#4927,#4928,#4929,#4930,#4931,#4932,#4933,
#4934,#4935,#4936,#4937,#4938,#4939,#4940,#4941,#4942,#4943,#4944,#4945,
#4946,#4947,#4948,#4949,#4950,#4951,#4952));
#4955=DERIVED_UNIT_ELEMENT(#4957,1.);
#4956=DERIVED_UNIT_ELEMENT(#8070,-3.);
#4957=(
MASS_UNIT()
NAMED_UNIT(*)
SI_UNIT(.KILO.,.GRAM.)
);
#4958=DERIVED_UNIT((#4955,#4956));
#4959=MEASURE_REPRESENTATION_ITEM('density measure',
POSITIVE_RATIO_MEASURE(7850.),#4958);
#4960=PROPERTY_DEFINITION_REPRESENTATION(#4965,#4962);
#4961=PROPERTY_DEFINITION_REPRESENTATION(#4966,#4963);
#4962=REPRESENTATION('material name',(#4964),#8067);
#4963=REPRESENTATION('density',(#4959),#8067);
#4964=DESCRIPTIVE_REPRESENTATION_ITEM('\X2\94A2\X0\','\X2\94A2\X0\');
#4965=PROPERTY_DEFINITION('material property','material name',#8087);
#4966=PROPERTY_DEFINITION('material property','density of part',#8087);
#4967=AXIS2_PLACEMENT_3D('',#6682,#5360,#5361);
#4968=AXIS2_PLACEMENT_3D('',#6683,#5362,#5363);
#4969=AXIS2_PLACEMENT_3D('',#6684,#5364,#5365);
#4970=AXIS2_PLACEMENT_3D('',#6685,#5366,#5367);
#4971=AXIS2_PLACEMENT_3D('',#6687,#5368,#5369);
#4972=AXIS2_PLACEMENT_3D('',#6690,#5371,#5372);
#4973=AXIS2_PLACEMENT_3D('',#6691,#5373,#5374);
#4974=AXIS2_PLACEMENT_3D('',#6693,#5375,#5376);
#4975=AXIS2_PLACEMENT_3D('',#6695,#5378,#5379);
#4976=AXIS2_PLACEMENT_3D('',#6697,#5380,#5381);
#4977=AXIS2_PLACEMENT_3D('',#6700,#5383,#5384);
#4978=AXIS2_PLACEMENT_3D('',#6701,#5385,#5386);
#4979=AXIS2_PLACEMENT_3D('',#6703,#5387,#5388);
#4980=AXIS2_PLACEMENT_3D('',#6705,#5390,#5391);
#4981=AXIS2_PLACEMENT_3D('',#6714,#5396,#5397);
#4982=AXIS2_PLACEMENT_3D('',#6724,#5403,#5404);
#4983=AXIS2_PLACEMENT_3D('',#6730,#5408,#5409);
#4984=AXIS2_PLACEMENT_3D('',#6737,#5414,#5415);
#4985=AXIS2_PLACEMENT_3D('',#6746,#5420,#5421);
#4986=AXIS2_PLACEMENT_3D('',#6749,#5424,#5425);
#4987=AXIS2_PLACEMENT_3D('',#6752,#5428,#5429);
#4988=AXIS2_PLACEMENT_3D('',#6753,#5430,#5431);
#4989=AXIS2_PLACEMENT_3D('',#6754,#5432,#5433);
#4990=AXIS2_PLACEMENT_3D('',#6759,#5435,#5436);
#4991=AXIS2_PLACEMENT_3D('',#6763,#5438,#5439);
#4992=AXIS2_PLACEMENT_3D('',#6767,#5441,#5442);
#4993=AXIS2_PLACEMENT_3D('',#6770,#5444,#5445);
#4994=AXIS2_PLACEMENT_3D('',#6771,#5446,#5447);
#4995=AXIS2_PLACEMENT_3D('',#6780,#5451,#5452);
#4996=AXIS2_PLACEMENT_3D('',#6788,#5456,#5457);
#4997=AXIS2_PLACEMENT_3D('',#6792,#5459,#5460);
#4998=AXIS2_PLACEMENT_3D('',#6800,#5464,#5465);
#4999=AXIS2_PLACEMENT_3D('',#6896,#5514,#5515);
#5000=AXIS2_PLACEMENT_3D('',#6906,#5521,#5522);
#5001=AXIS2_PLACEMENT_3D('',#6909,#5524,#5525);
#5002=AXIS2_PLACEMENT_3D('',#6910,#5526,#5527);
#5003=AXIS2_PLACEMENT_3D('',#6919,#5533,#5534);
#5004=AXIS2_PLACEMENT_3D('',#6922,#5536,#5537);
#5005=AXIS2_PLACEMENT_3D('',#6923,#5538,#5539);
#5006=AXIS2_PLACEMENT_3D('',#6931,#5544,#5545);
#5007=AXIS2_PLACEMENT_3D('',#6933,#5546,#5547);
#5008=AXIS2_PLACEMENT_3D('',#6936,#5549,#5550);
#5009=AXIS2_PLACEMENT_3D('',#6937,#5551,#5552);
#5010=AXIS2_PLACEMENT_3D('',#6943,#5556,#5557);
#5011=AXIS2_PLACEMENT_3D('',#6944,#5558,#5559);
#5012=AXIS2_PLACEMENT_3D('',#6945,#5560,#5561);
#5013=AXIS2_PLACEMENT_3D('',#6946,#5562,#5563);
#5014=AXIS2_PLACEMENT_3D('',#6949,#5566,#5567);
#5015=AXIS2_PLACEMENT_3D('',#6951,#5569,#5570);
#5016=AXIS2_PLACEMENT_3D('',#6953,#5572,#5573);
#5017=AXIS2_PLACEMENT_3D('',#6955,#5575,#5576);
#5018=AXIS2_PLACEMENT_3D('',#6957,#5578,#5579);
#5019=AXIS2_PLACEMENT_3D('',#6959,#5581,#5582);
#5020=AXIS2_PLACEMENT_3D('',#6961,#5584,#5585);
#5021=AXIS2_PLACEMENT_3D('',#6962,#5586,#5587);
#5022=AXIS2_PLACEMENT_3D('',#6967,#5590,#5591);
#5023=AXIS2_PLACEMENT_3D('',#6968,#5592,#5593);
#5024=AXIS2_PLACEMENT_3D('',#6972,#5596,#5597);
#5025=AXIS2_PLACEMENT_3D('',#6974,#5599,#5600);
#5026=AXIS2_PLACEMENT_3D('',#6978,#5603,#5604);
#5027=AXIS2_PLACEMENT_3D('',#6982,#5607,#5608);
#5028=AXIS2_PLACEMENT_3D('',#6985,#5610,#5611);
#5029=AXIS2_PLACEMENT_3D('',#6986,#5612,#5613);
#5030=AXIS2_PLACEMENT_3D('',#6988,#5615,#5616);
#5031=AXIS2_PLACEMENT_3D('',#6989,#5617,#5618);
#5032=AXIS2_PLACEMENT_3D('',#6991,#5620,#5621);
#5033=AXIS2_PLACEMENT_3D('',#7052,#5658,#5659);
#5034=AXIS2_PLACEMENT_3D('',#7058,#5663,#5664);
#5035=AXIS2_PLACEMENT_3D('',#7064,#5668,#5669);
#5036=AXIS2_PLACEMENT_3D('',#7070,#5673,#5674);
#5037=AXIS2_PLACEMENT_3D('',#7073,#5677,#5678);
#5038=AXIS2_PLACEMENT_3D('',#7074,#5679,#5680);
#5039=AXIS2_PLACEMENT_3D('',#7075,#5681,#5682);
#5040=AXIS2_PLACEMENT_3D('',#7081,#5686,#5687);
#5041=AXIS2_PLACEMENT_3D('',#7087,#5691,#5692);
#5042=AXIS2_PLACEMENT_3D('',#7093,#5696,#5697);
#5043=AXIS2_PLACEMENT_3D('',#7096,#5700,#5701);
#5044=AXIS2_PLACEMENT_3D('',#7097,#5702,#5703);
#5045=AXIS2_PLACEMENT_3D('',#7098,#5704,#5705);
#5046=AXIS2_PLACEMENT_3D('',#7104,#5709,#5710);
#5047=AXIS2_PLACEMENT_3D('',#7110,#5714,#5715);
#5048=AXIS2_PLACEMENT_3D('',#7116,#5719,#5720);
#5049=AXIS2_PLACEMENT_3D('',#7119,#5723,#5724);
#5050=AXIS2_PLACEMENT_3D('',#7120,#5725,#5726);
#5051=AXIS2_PLACEMENT_3D('',#7121,#5727,#5728);
#5052=AXIS2_PLACEMENT_3D('',#7127,#5732,#5733);
#5053=AXIS2_PLACEMENT_3D('',#7133,#5737,#5738);
#5054=AXIS2_PLACEMENT_3D('',#7139,#5742,#5743);
#5055=AXIS2_PLACEMENT_3D('',#7142,#5746,#5747);
#5056=AXIS2_PLACEMENT_3D('',#7143,#5748,#5749);
#5057=AXIS2_PLACEMENT_3D('',#7144,#5750,#5751);
#5058=AXIS2_PLACEMENT_3D('',#7150,#5755,#5756);
#5059=AXIS2_PLACEMENT_3D('',#7156,#5760,#5761);
#5060=AXIS2_PLACEMENT_3D('',#7162,#5765,#5766);
#5061=AXIS2_PLACEMENT_3D('',#7165,#5769,#5770);
#5062=AXIS2_PLACEMENT_3D('',#7166,#5771,#5772);
#5063=AXIS2_PLACEMENT_3D('',#7167,#5773,#5774);
#5064=AXIS2_PLACEMENT_3D('',#7173,#5778,#5779);
#5065=AXIS2_PLACEMENT_3D('',#7179,#5783,#5784);
#5066=AXIS2_PLACEMENT_3D('',#7185,#5788,#5789);
#5067=AXIS2_PLACEMENT_3D('',#7188,#5792,#5793);
#5068=AXIS2_PLACEMENT_3D('',#7189,#5794,#5795);
#5069=AXIS2_PLACEMENT_3D('',#7190,#5796,#5797);
#5070=AXIS2_PLACEMENT_3D('',#7196,#5801,#5802);
#5071=AXIS2_PLACEMENT_3D('',#7202,#5806,#5807);
#5072=AXIS2_PLACEMENT_3D('',#7208,#5811,#5812);
#5073=AXIS2_PLACEMENT_3D('',#7211,#5815,#5816);
#5074=AXIS2_PLACEMENT_3D('',#7212,#5817,#5818);
#5075=AXIS2_PLACEMENT_3D('',#7213,#5819,#5820);
#5076=AXIS2_PLACEMENT_3D('',#7219,#5824,#5825);
#5077=AXIS2_PLACEMENT_3D('',#7225,#5829,#5830);
#5078=AXIS2_PLACEMENT_3D('',#7231,#5834,#5835);
#5079=AXIS2_PLACEMENT_3D('',#7234,#5838,#5839);
#5080=AXIS2_PLACEMENT_3D('',#7235,#5840,#5841);
#5081=AXIS2_PLACEMENT_3D('',#7236,#5842,#5843);
#5082=AXIS2_PLACEMENT_3D('',#7242,#5847,#5848);
#5083=AXIS2_PLACEMENT_3D('',#7248,#5852,#5853);
#5084=AXIS2_PLACEMENT_3D('',#7254,#5857,#5858);
#5085=AXIS2_PLACEMENT_3D('',#7257,#5861,#5862);
#5086=AXIS2_PLACEMENT_3D('',#7258,#5863,#5864);
#5087=AXIS2_PLACEMENT_3D('',#7259,#5865,#5866);
#5088=AXIS2_PLACEMENT_3D('',#7265,#5870,#5871);
#5089=AXIS2_PLACEMENT_3D('',#7271,#5875,#5876);
#5090=AXIS2_PLACEMENT_3D('',#7277,#5880,#5881);
#5091=AXIS2_PLACEMENT_3D('',#7280,#5884,#5885);
#5092=AXIS2_PLACEMENT_3D('',#7281,#5886,#5887);
#5093=AXIS2_PLACEMENT_3D('',#7282,#5888,#5889);
#5094=AXIS2_PLACEMENT_3D('',#7288,#5893,#5894);
#5095=AXIS2_PLACEMENT_3D('',#7294,#5898,#5899);
#5096=AXIS2_PLACEMENT_3D('',#7300,#5903,#5904);
#5097=AXIS2_PLACEMENT_3D('',#7303,#5907,#5908);
#5098=AXIS2_PLACEMENT_3D('',#7304,#5909,#5910);
#5099=AXIS2_PLACEMENT_3D('',#7305,#5911,#5912);
#5100=AXIS2_PLACEMENT_3D('',#7311,#5916,#5917);
#5101=AXIS2_PLACEMENT_3D('',#7317,#5921,#5922);
#5102=AXIS2_PLACEMENT_3D('',#7323,#5926,#5927);
#5103=AXIS2_PLACEMENT_3D('',#7326,#5930,#5931);
#5104=AXIS2_PLACEMENT_3D('',#7327,#5932,#5933);
#5105=AXIS2_PLACEMENT_3D('',#7328,#5934,#5935);
#5106=AXIS2_PLACEMENT_3D('',#7329,#5936,#5937);
#5107=AXIS2_PLACEMENT_3D('',#7330,#5938,#5939);
#5108=AXIS2_PLACEMENT_3D('',#7339,#5944,#5945);
#5109=AXIS2_PLACEMENT_3D('',#7348,#5950,#5951);
#5110=AXIS2_PLACEMENT_3D('',#7357,#5956,#5957);
#5111=AXIS2_PLACEMENT_3D('',#7366,#5962,#5963);
#5112=AXIS2_PLACEMENT_3D('',#7375,#5968,#5969);
#5113=AXIS2_PLACEMENT_3D('',#7384,#5973,#5974);
#5114=AXIS2_PLACEMENT_3D('',#7388,#5976,#5977);
#5115=AXIS2_PLACEMENT_3D('',#7396,#5981,#5982);
#5116=AXIS2_PLACEMENT_3D('',#7399,#5984,#5985);
#5117=AXIS2_PLACEMENT_3D('',#7400,#5986,#5987);
#5118=AXIS2_PLACEMENT_3D('',#7403,#5988,#5989);
#5119=AXIS2_PLACEMENT_3D('',#7407,#5991,#5992);
#5120=AXIS2_PLACEMENT_3D('',#7409,#5994,#5995);
#5121=AXIS2_PLACEMENT_3D('',#7413,#5997,#5998);
#5122=AXIS2_PLACEMENT_3D('',#7417,#6001,#6002);
#5123=AXIS2_PLACEMENT_3D('',#7422,#6004,#6005);
#5124=AXIS2_PLACEMENT_3D('',#7425,#6007,#6008);
#5125=AXIS2_PLACEMENT_3D('',#7426,#6009,#6010);
#5126=AXIS2_PLACEMENT_3D('',#7431,#6012,#6013);
#5127=AXIS2_PLACEMENT_3D('',#7434,#6016,#6017);
#5128=AXIS2_PLACEMENT_3D('',#7437,#6018,#6019);
#5129=AXIS2_PLACEMENT_3D('',#7441,#6021,#6022);
#5130=AXIS2_PLACEMENT_3D('',#7443,#6024,#6025);
#5131=AXIS2_PLACEMENT_3D('',#7450,#6028,#6029);
#5132=AXIS2_PLACEMENT_3D('',#7454,#6031,#6032);
#5133=AXIS2_PLACEMENT_3D('',#7458,#6034,#6035);
#5134=AXIS2_PLACEMENT_3D('',#7471,#6042,#6043);
#5135=AXIS2_PLACEMENT_3D('',#7474,#6045,#6046);
#5136=AXIS2_PLACEMENT_3D('',#7476,#6047,#6048);
#5137=AXIS2_PLACEMENT_3D('',#7478,#6050,#6051);
#5138=AXIS2_PLACEMENT_3D('',#7479,#6052,#6053);
#5139=AXIS2_PLACEMENT_3D('',#7485,#6057,#6058);
#5140=AXIS2_PLACEMENT_3D('',#7488,#6060,#6061);
#5141=AXIS2_PLACEMENT_3D('',#7490,#6062,#6063);
#5142=AXIS2_PLACEMENT_3D('',#7492,#6065,#6066);
#5143=AXIS2_PLACEMENT_3D('',#7497,#6068,#6069);
#5144=AXIS2_PLACEMENT_3D('',#7500,#6071,#6072);
#5145=AXIS2_PLACEMENT_3D('',#7501,#6073,#6074);
#5146=AXIS2_PLACEMENT_3D('',#7509,#6078,#6079);
#5147=AXIS2_PLACEMENT_3D('',#7513,#6081,#6082);
#5148=AXIS2_PLACEMENT_3D('',#7522,#6087,#6088);
#5149=AXIS2_PLACEMENT_3D('',#7526,#6090,#6091);
#5150=AXIS2_PLACEMENT_3D('',#7528,#6093,#6094);
#5151=AXIS2_PLACEMENT_3D('',#7540,#6100,#6101);
#5152=AXIS2_PLACEMENT_3D('',#7544,#6103,#6104);
#5153=AXIS2_PLACEMENT_3D('',#7548,#6106,#6107);
#5154=AXIS2_PLACEMENT_3D('',#7555,#6111,#6112);
#5155=AXIS2_PLACEMENT_3D('',#7557,#6113,#6114);
#5156=AXIS2_PLACEMENT_3D('',#7561,#6116,#6117);
#5157=AXIS2_PLACEMENT_3D('',#7563,#6119,#6120);
#5158=AXIS2_PLACEMENT_3D('',#7564,#6121,#6122);
#5159=AXIS2_PLACEMENT_3D('',#7570,#6126,#6127);
#5160=AXIS2_PLACEMENT_3D('',#7572,#6128,#6129);
#5161=AXIS2_PLACEMENT_3D('',#7576,#6132,#6133);
#5162=AXIS2_PLACEMENT_3D('',#7577,#6134,#6135);
#5163=AXIS2_PLACEMENT_3D('',#7583,#6139,#6140);
#5164=AXIS2_PLACEMENT_3D('',#7588,#6144,#6145);
#5165=AXIS2_PLACEMENT_3D('',#7593,#6149,#6150);
#5166=AXIS2_PLACEMENT_3D('',#7597,#6152,#6153);
#5167=AXIS2_PLACEMENT_3D('',#7599,#6154,#6155);
#5168=AXIS2_PLACEMENT_3D('',#7606,#6159,#6160);
#5169=AXIS2_PLACEMENT_3D('',#7607,#6161,#6162);
#5170=AXIS2_PLACEMENT_3D('',#7613,#6166,#6167);
#5171=AXIS2_PLACEMENT_3D('',#7614,#6168,#6169);
#5172=AXIS2_PLACEMENT_3D('',#7616,#6170,#6171);
#5173=AXIS2_PLACEMENT_3D('',#7623,#6175,#6176);
#5174=AXIS2_PLACEMENT_3D('',#7624,#6177,#6178);
#5175=AXIS2_PLACEMENT_3D('',#7626,#6179,#6180);
#5176=AXIS2_PLACEMENT_3D('',#7629,#6182,#6183);
#5177=AXIS2_PLACEMENT_3D('',#7630,#6184,#6185);
#5178=AXIS2_PLACEMENT_3D('',#7633,#6187,#6188);
#5179=AXIS2_PLACEMENT_3D('',#7635,#6189,#6190);
#5180=AXIS2_PLACEMENT_3D('',#7637,#6192,#6193);
#5181=AXIS2_PLACEMENT_3D('',#7639,#6194,#6195);
#5182=AXIS2_PLACEMENT_3D('',#7646,#6199,#6200);
#5183=AXIS2_PLACEMENT_3D('',#7647,#6201,#6202);
#5184=AXIS2_PLACEMENT_3D('',#7648,#6203,#6204);
#5185=AXIS2_PLACEMENT_3D('',#7649,#6205,#6206);
#5186=AXIS2_PLACEMENT_3D('',#7650,#6207,#6208);
#5187=AXIS2_PLACEMENT_3D('',#7653,#6211,#6212);
#5188=AXIS2_PLACEMENT_3D('',#7656,#6215,#6216);
#5189=AXIS2_PLACEMENT_3D('',#7660,#6218,#6219);
#5190=AXIS2_PLACEMENT_3D('',#7667,#6223,#6224);
#5191=AXIS2_PLACEMENT_3D('',#7669,#6226,#6227);
#5192=AXIS2_PLACEMENT_3D('',#7671,#6228,#6229);
#5193=AXIS2_PLACEMENT_3D('',#7675,#6232,#6233);
#5194=AXIS2_PLACEMENT_3D('',#7680,#6236,#6237);
#5195=AXIS2_PLACEMENT_3D('',#7681,#6238,#6239);
#5196=AXIS2_PLACEMENT_3D('',#7684,#6241,#6242);
#5197=AXIS2_PLACEMENT_3D('',#7685,#6243,#6244);
#5198=AXIS2_PLACEMENT_3D('',#7689,#6246,#6247);
#5199=AXIS2_PLACEMENT_3D('',#7691,#6248,#6249);
#5200=AXIS2_PLACEMENT_3D('',#7693,#6251,#6252);
#5201=AXIS2_PLACEMENT_3D('',#7694,#6253,#6254);
#5202=AXIS2_PLACEMENT_3D('',#7700,#6258,#6259);
#5203=AXIS2_PLACEMENT_3D('',#7701,#6260,#6261);
#5204=AXIS2_PLACEMENT_3D('',#7702,#6262,#6263);
#5205=AXIS2_PLACEMENT_3D('',#7707,#6266,#6267);
#5206=AXIS2_PLACEMENT_3D('',#7708,#6268,#6269);
#5207=AXIS2_PLACEMENT_3D('',#7709,#6270,#6271);
#5208=AXIS2_PLACEMENT_3D('',#7710,#6272,#6273);
#5209=AXIS2_PLACEMENT_3D('',#7713,#6276,#6277);
#5210=AXIS2_PLACEMENT_3D('',#7714,#6278,#6279);
#5211=AXIS2_PLACEMENT_3D('',#7715,#6280,#6281);
#5212=AXIS2_PLACEMENT_3D('',#7716,#6282,#6283);
#5213=AXIS2_PLACEMENT_3D('',#7717,#6284,#6285);
#5214=AXIS2_PLACEMENT_3D('',#7718,#6286,#6287);
#5215=AXIS2_PLACEMENT_3D('',#7719,#6288,#6289);
#5216=AXIS2_PLACEMENT_3D('',#7720,#6290,#6291);
#5217=AXIS2_PLACEMENT_3D('',#7721,#6292,#6293);
#5218=AXIS2_PLACEMENT_3D('',#7722,#6294,#6295);
#5219=AXIS2_PLACEMENT_3D('',#7723,#6296,#6297);
#5220=AXIS2_PLACEMENT_3D('',#7724,#6298,#6299);
#5221=AXIS2_PLACEMENT_3D('',#7726,#6301,#6302);
#5222=AXIS2_PLACEMENT_3D('',#7729,#6305,#6306);
#5223=AXIS2_PLACEMENT_3D('',#7731,#6307,#6308);
#5224=AXIS2_PLACEMENT_3D('',#7738,#6312,#6313);
#5225=AXIS2_PLACEMENT_3D('',#7740,#6314,#6315);
#5226=AXIS2_PLACEMENT_3D('',#7747,#6319,#6320);
#5227=AXIS2_PLACEMENT_3D('',#7748,#6321,#6322);
#5228=AXIS2_PLACEMENT_3D('',#7750,#6323,#6324);
#5229=AXIS2_PLACEMENT_3D('',#7754,#6326,#6327);
#5230=AXIS2_PLACEMENT_3D('',#7758,#6330,#6331);
#5231=AXIS2_PLACEMENT_3D('',#7764,#6335,#6336);
#5232=AXIS2_PLACEMENT_3D('',#7765,#6337,#6338);
#5233=AXIS2_PLACEMENT_3D('',#7770,#6341,#6342);
#5234=AXIS2_PLACEMENT_3D('',#7771,#6343,#6344);
#5235=AXIS2_PLACEMENT_3D('',#7773,#6345,#6346);
#5236=AXIS2_PLACEMENT_3D('',#7774,#6347,#6348);
#5237=AXIS2_PLACEMENT_3D('',#7775,#6349,#6350);
#5238=AXIS2_PLACEMENT_3D('',#7777,#6351,#6352);
#5239=AXIS2_PLACEMENT_3D('',#7778,#6353,#6354);
#5240=AXIS2_PLACEMENT_3D('',#7779,#6355,#6356);
#5241=AXIS2_PLACEMENT_3D('',#7782,#6359,#6360);
#5242=AXIS2_PLACEMENT_3D('',#7783,#6361,#6362);
#5243=AXIS2_PLACEMENT_3D('',#7784,#6363,#6364);
#5244=AXIS2_PLACEMENT_3D('',#7785,#6365,#6366);
#5245=AXIS2_PLACEMENT_3D('',#7786,#6367,#6368);
#5246=AXIS2_PLACEMENT_3D('',#7787,#6369,#6370);
#5247=AXIS2_PLACEMENT_3D('',#7790,#6373,#6374);
#5248=AXIS2_PLACEMENT_3D('',#7792,#6375,#6376);
#5249=AXIS2_PLACEMENT_3D('',#7796,#6378,#6379);
#5250=AXIS2_PLACEMENT_3D('',#7804,#6383,#6384);
#5251=AXIS2_PLACEMENT_3D('',#7807,#6386,#6387);
#5252=AXIS2_PLACEMENT_3D('',#7809,#6389,#6390);
#5253=AXIS2_PLACEMENT_3D('',#7812,#6391,#6392);
#5254=AXIS2_PLACEMENT_3D('',#7816,#6394,#6395);
#5255=AXIS2_PLACEMENT_3D('',#7818,#6397,#6398);
#5256=AXIS2_PLACEMENT_3D('',#7825,#6402,#6403);
#5257=AXIS2_PLACEMENT_3D('',#7826,#6404,#6405);
#5258=AXIS2_PLACEMENT_3D('',#7830,#6407,#6408);
#5259=AXIS2_PLACEMENT_3D('',#7831,#6409,#6410);
#5260=AXIS2_PLACEMENT_3D('',#7832,#6411,#6412);
#5261=AXIS2_PLACEMENT_3D('',#7839,#6416,#6417);
#5262=AXIS2_PLACEMENT_3D('',#7840,#6418,#6419);
#5263=AXIS2_PLACEMENT_3D('',#7844,#6421,#6422);
#5264=AXIS2_PLACEMENT_3D('',#7846,#6424,#6425);
#5265=AXIS2_PLACEMENT_3D('',#7847,#6426,#6427);
#5266=AXIS2_PLACEMENT_3D('',#7853,#6431,#6432);
#5267=AXIS2_PLACEMENT_3D('',#7856,#6434,#6435);
#5268=AXIS2_PLACEMENT_3D('',#7857,#6436,#6437);
#5269=AXIS2_PLACEMENT_3D('',#7858,#6438,#6439);
#5270=AXIS2_PLACEMENT_3D('',#7861,#6441,#6442);
#5271=AXIS2_PLACEMENT_3D('',#7862,#6443,#6444);
#5272=AXIS2_PLACEMENT_3D('',#7863,#6445,#6446);
#5273=AXIS2_PLACEMENT_3D('',#7869,#6450,#6451);
#5274=AXIS2_PLACEMENT_3D('',#7871,#6452,#6453);
#5275=AXIS2_PLACEMENT_3D('',#7873,#6455,#6456);
#5276=AXIS2_PLACEMENT_3D('',#7874,#6457,#6458);
#5277=AXIS2_PLACEMENT_3D('',#7880,#6462,#6463);
#5278=AXIS2_PLACEMENT_3D('',#7885,#6467,#6468);
#5279=AXIS2_PLACEMENT_3D('',#7890,#6472,#6473);
#5280=AXIS2_PLACEMENT_3D('',#7894,#6475,#6476);
#5281=AXIS2_PLACEMENT_3D('',#7896,#6477,#6478);
#5282=AXIS2_PLACEMENT_3D('',#7903,#6482,#6483);
#5283=AXIS2_PLACEMENT_3D('',#7904,#6484,#6485);
#5284=AXIS2_PLACEMENT_3D('',#7910,#6489,#6490);
#5285=AXIS2_PLACEMENT_3D('',#7911,#6491,#6492);
#5286=AXIS2_PLACEMENT_3D('',#7913,#6493,#6494);
#5287=AXIS2_PLACEMENT_3D('',#7920,#6498,#6499);
#5288=AXIS2_PLACEMENT_3D('',#7921,#6500,#6501);
#5289=AXIS2_PLACEMENT_3D('',#7923,#6502,#6503);
#5290=AXIS2_PLACEMENT_3D('',#7925,#6504,#6505);
#5291=AXIS2_PLACEMENT_3D('',#7927,#6507,#6508);
#5292=AXIS2_PLACEMENT_3D('',#7932,#6511,#6512);
#5293=AXIS2_PLACEMENT_3D('',#7933,#6513,#6514);
#5294=AXIS2_PLACEMENT_3D('',#7934,#6515,#6516);
#5295=AXIS2_PLACEMENT_3D('',#7936,#6517,#6518);
#5296=AXIS2_PLACEMENT_3D('',#7943,#6522,#6523);
#5297=AXIS2_PLACEMENT_3D('',#7944,#6524,#6525);
#5298=AXIS2_PLACEMENT_3D('',#7945,#6526,#6527);
#5299=AXIS2_PLACEMENT_3D('',#7946,#6528,#6529);
#5300=AXIS2_PLACEMENT_3D('',#7947,#6530,#6531);
#5301=AXIS2_PLACEMENT_3D('',#7950,#6534,#6535);
#5302=AXIS2_PLACEMENT_3D('',#7953,#6538,#6539);
#5303=AXIS2_PLACEMENT_3D('',#7958,#6542,#6543);
#5304=AXIS2_PLACEMENT_3D('',#7959,#6544,#6545);
#5305=AXIS2_PLACEMENT_3D('',#7961,#6546,#6547);
#5306=AXIS2_PLACEMENT_3D('',#7965,#6550,#6551);
#5307=AXIS2_PLACEMENT_3D('',#7967,#6552,#6553);
#5308=AXIS2_PLACEMENT_3D('',#7969,#6555,#6556);
#5309=AXIS2_PLACEMENT_3D('',#7973,#6558,#6559);
#5310=AXIS2_PLACEMENT_3D('',#7974,#6560,#6561);
#5311=AXIS2_PLACEMENT_3D('',#7977,#6563,#6564);
#5312=AXIS2_PLACEMENT_3D('',#7978,#6565,#6566);
#5313=AXIS2_PLACEMENT_3D('',#7984,#6570,#6571);
#5314=AXIS2_PLACEMENT_3D('',#7985,#6572,#6573);
#5315=AXIS2_PLACEMENT_3D('',#7987,#6574,#6575);
#5316=AXIS2_PLACEMENT_3D('',#7991,#6578,#6579);
#5317=AXIS2_PLACEMENT_3D('',#7992,#6580,#6581);
#5318=AXIS2_PLACEMENT_3D('',#7993,#6582,#6583);
#5319=AXIS2_PLACEMENT_3D('',#7994,#6584,#6585);
#5320=AXIS2_PLACEMENT_3D('',#7997,#6588,#6589);
#5321=AXIS2_PLACEMENT_3D('',#7998,#6590,#6591);
#5322=AXIS2_PLACEMENT_3D('',#7999,#6592,#6593);
#5323=AXIS2_PLACEMENT_3D('',#8000,#6594,#6595);
#5324=AXIS2_PLACEMENT_3D('',#8001,#6596,#6597);
#5325=AXIS2_PLACEMENT_3D('',#8002,#6598,#6599);
#5326=AXIS2_PLACEMENT_3D('',#8003,#6600,#6601);
#5327=AXIS2_PLACEMENT_3D('',#8004,#6602,#6603);
#5328=AXIS2_PLACEMENT_3D('',#8005,#6604,#6605);
#5329=AXIS2_PLACEMENT_3D('',#8006,#6606,#6607);
#5330=AXIS2_PLACEMENT_3D('',#8007,#6608,#6609);
#5331=AXIS2_PLACEMENT_3D('',#8008,#6610,#6611);
#5332=AXIS2_PLACEMENT_3D('',#8010,#6613,#6614);
#5333=AXIS2_PLACEMENT_3D('',#8013,#6617,#6618);
#5334=AXIS2_PLACEMENT_3D('',#8019,#6621,#6622);
#5335=AXIS2_PLACEMENT_3D('',#8022,#6624,#6625);
#5336=AXIS2_PLACEMENT_3D('',#8023,#6626,#6627);
#5337=AXIS2_PLACEMENT_3D('',#8029,#6631,#6632);
#5338=AXIS2_PLACEMENT_3D('',#8031,#6633,#6634);
#5339=AXIS2_PLACEMENT_3D('',#8035,#6637,#6638);
#5340=AXIS2_PLACEMENT_3D('',#8036,#6639,#6640);
#5341=AXIS2_PLACEMENT_3D('',#8038,#6641,#6642);
#5342=AXIS2_PLACEMENT_3D('',#8039,#6643,#6644);
#5343=AXIS2_PLACEMENT_3D('',#8040,#6645,#6646);
#5344=AXIS2_PLACEMENT_3D('',#8042,#6647,#6648);
#5345=AXIS2_PLACEMENT_3D('',#8043,#6649,#6650);
#5346=AXIS2_PLACEMENT_3D('',#8044,#6651,#6652);
#5347=AXIS2_PLACEMENT_3D('',#8047,#6655,#6656);
#5348=AXIS2_PLACEMENT_3D('',#8048,#6657,#6658);
#5349=AXIS2_PLACEMENT_3D('',#8049,#6659,#6660);
#5350=AXIS2_PLACEMENT_3D('',#8050,#6661,#6662);
#5351=AXIS2_PLACEMENT_3D('',#8051,#6663,#6664);
#5352=AXIS2_PLACEMENT_3D('',#8052,#6665,#6666);
#5353=AXIS2_PLACEMENT_3D('',#8054,#6668,#6669);
#5354=AXIS2_PLACEMENT_3D('',#8055,#6670,#6671);
#5355=AXIS2_PLACEMENT_3D('',#8056,#6672,#6673);
#5356=AXIS2_PLACEMENT_3D('',#8057,#6674,#6675);
#5357=AXIS2_PLACEMENT_3D('',#8058,#6676,#6677);
#5358=AXIS2_PLACEMENT_3D('',#8059,#6678,#6679);
#5359=AXIS2_PLACEMENT_3D('',#8060,#6680,#6681);
#5360=DIRECTION('axis',(0.,0.,1.));
#5361=DIRECTION('refdir',(1.,0.,0.));
#5362=DIRECTION('axis',(0.,0.,1.));
#5363=DIRECTION('refdir',(1.,0.,0.));
#5364=DIRECTION('axis',(0.,0.,1.));
#5365=DIRECTION('refdir',(1.,0.,0.));
#5366=DIRECTION('center_axis',(0.,-4.336808689941E-15,1.));
#5367=DIRECTION('ref_axis',(0.,-1.,-4.336808689941E-15));
#5368=DIRECTION('center_axis',(0.,4.336808689941E-15,-1.));
#5369=DIRECTION('ref_axis',(0.,1.,4.336808689941E-15));
#5370=DIRECTION('',(8.65956056235105E-17,-0.707106781186227,-0.707106781186868));
#5371=DIRECTION('center_axis',(0.,-3.491481338843E-15,1.));
#5372=DIRECTION('ref_axis',(0.,1.,3.491481338843E-15));
#5373=DIRECTION('center_axis',(0.,-3.491481338843E-15,1.));
#5374=DIRECTION('ref_axis',(0.,-1.,-3.491481338843E-15));
#5375=DIRECTION('center_axis',(0.,-3.491481338843E-15,1.));
#5376=DIRECTION('ref_axis',(0.,1.,3.491481338843E-15));
#5377=DIRECTION('',(0.,3.491481338843E-15,-1.));
#5378=DIRECTION('center_axis',(0.,-4.336808689941E-15,1.));
#5379=DIRECTION('ref_axis',(0.,-1.,-4.336808689941E-15));
#5380=DIRECTION('center_axis',(0.,-4.336808689941E-15,1.));
#5381=DIRECTION('ref_axis',(0.,1.,4.336808689941E-15));
#5382=DIRECTION('',(8.65956056235105E-17,-0.707106781186227,-0.707106781186868));
#5383=DIRECTION('center_axis',(0.,3.491481338843E-15,-1.));
#5384=DIRECTION('ref_axis',(0.,1.,3.491481338843E-15));
#5385=DIRECTION('center_axis',(0.,-3.491481338843E-15,1.));
#5386=DIRECTION('ref_axis',(0.,-1.,-3.491481338843E-15));
#5387=DIRECTION('center_axis',(0.,3.491481338843E-15,-1.));
#5388=DIRECTION('ref_axis',(0.,1.,3.491481338843E-15));
#5389=DIRECTION('',(0.,3.491481338843E-15,-1.));
#5390=DIRECTION('center_axis',(-1.,0.,0.));
#5391=DIRECTION('ref_axis',(0.,-1.,-3.491481338843E-15));
#5392=DIRECTION('',(0.,1.,3.491481338843E-15));
#5393=DIRECTION('',(0.,-3.491481338843E-15,1.));
#5394=DIRECTION('',(0.,1.,3.491481338843E-15));
#5395=DIRECTION('',(0.,3.491481338843E-15,-1.));
#5396=DIRECTION('center_axis',(0.,3.491481338843E-15,-1.));
#5397=DIRECTION('ref_axis',(0.,1.,3.491481338843E-15));
#5398=DIRECTION('',(-1.,0.,0.));
#5399=DIRECTION('',(0.,1.,3.491481338843E-15));
#5400=DIRECTION('',(0.50000000000019,-0.866025403784329,-3.02371153627815E-15));
#5401=DIRECTION('',(1.,0.,0.));
#5402=DIRECTION('',(0.50000000000019,0.866025403784329,3.02371153627815E-15));
#5403=DIRECTION('center_axis',(1.,0.,0.));
#5404=DIRECTION('ref_axis',(0.,1.,3.491481338843E-15));
#5405=DIRECTION('',(0.,3.491481338843E-15,-1.));
#5406=DIRECTION('',(0.,1.,3.491481338843E-15));
#5407=DIRECTION('',(0.,-3.491481338843E-15,1.));
#5408=DIRECTION('center_axis',(0.,-3.491481338843E-15,1.));
#5409=DIRECTION('ref_axis',(0.,-1.,-3.491481338843E-15));
#5410=DIRECTION('',(1.,0.,0.));
#5411=DIRECTION('',(-0.50000000000019,-0.866025403784329,-3.02371153627815E-15));
#5412=DIRECTION('',(-1.,0.,0.));
#5413=DIRECTION('',(-0.50000000000019,0.866025403784329,3.02371153627815E-15));
#5414=DIRECTION('center_axis',(0.,1.,3.491481338843E-15));
#5415=DIRECTION('ref_axis',(-1.,0.,0.));
#5416=DIRECTION('',(0.,3.491481338843E-15,-1.));
#5417=DIRECTION('',(1.,0.,0.));
#5418=DIRECTION('',(0.,-3.491481338843E-15,1.));
#5419=DIRECTION('',(-1.,0.,0.));
#5420=DIRECTION('center_axis',(0.866025403784329,0.50000000000019,1.74574066942166E-15));
#5421=DIRECTION('ref_axis',(-4.3288742174003E-28,3.49148133884275E-15,-1.));
#5422=DIRECTION('',(0.377964473009516,-0.654653670707894,0.654653670707894));
#5423=DIRECTION('',(-0.377964473009516,0.654653670707894,0.654653670707894));
#5424=DIRECTION('center_axis',(-0.866025403784329,0.50000000000019,1.74574066942166E-15));
#5425=DIRECTION('ref_axis',(-4.3288742174003E-28,-3.49148133884275E-15,
1.));
#5426=DIRECTION('',(0.377964473009516,0.654653670707894,-0.654653670707894));
#5427=DIRECTION('',(-0.377964473009516,-0.654653670707894,-0.654653670707894));
#5428=DIRECTION('center_axis',(0.,0.707106781186548,0.707106781186548));
#5429=DIRECTION('ref_axis',(1.,0.,0.));
#5430=DIRECTION('center_axis',(0.,0.707106781186548,-0.707106781186548));
#5431=DIRECTION('ref_axis',(-1.,0.,0.));
#5432=DIRECTION('center_axis',(0.,-1.,-3.491481338843E-15));
#5433=DIRECTION('ref_axis',(1.,0.,0.));
#5434=DIRECTION('',(1.,0.,0.));
#5435=DIRECTION('center_axis',(0.,-1.,-3.491481338843E-15));
#5436=DIRECTION('ref_axis',(1.,0.,0.));
#5437=DIRECTION('',(0.,-3.491481338843E-15,1.));
#5438=DIRECTION('center_axis',(0.,-1.,-3.491481338843E-15));
#5439=DIRECTION('ref_axis',(1.,0.,0.));
#5440=DIRECTION('',(-1.,0.,0.));
#5441=DIRECTION('center_axis',(0.,-1.,-3.491481338843E-15));
#5442=DIRECTION('ref_axis',(1.,0.,0.));
#5443=DIRECTION('',(1.314184451497E-15,3.491481338843E-15,-1.));
#5444=DIRECTION('center_axis',(0.,-1.,-3.491481338843E-15));
#5445=DIRECTION('ref_axis',(1.,0.,0.));
#5446=DIRECTION('center_axis',(0.,1.,3.491481338843E-15));
#5447=DIRECTION('ref_axis',(-1.,0.,0.));
#5448=DIRECTION('',(0.,-3.491481338843E-15,1.));
#5449=DIRECTION('',(-1.,0.,0.));
#5450=DIRECTION('',(-1.314184451497E-15,-3.491481338843E-15,1.));
#5451=DIRECTION('center_axis',(0.,1.,3.491481338843E-15));
#5452=DIRECTION('ref_axis',(-1.,0.,0.));
#5453=DIRECTION('',(-1.,0.,0.));
#5454=DIRECTION('',(0.,-3.491481338843E-15,1.));
#5455=DIRECTION('',(-0.866025403784762,1.74574066942254E-15,-0.49999999999944));
#5456=DIRECTION('center_axis',(0.,1.,3.491481338843E-15));
#5457=DIRECTION('ref_axis',(-1.,0.,0.));
#5458=DIRECTION('',(-1.,-6.927893951091E-31,1.984227689839E-16));
#5459=DIRECTION('center_axis',(0.,1.,3.491481338843E-15));
#5460=DIRECTION('ref_axis',(-1.,0.,0.));
#5461=DIRECTION('',(-0.866025403784762,-1.74574066942254E-15,0.49999999999944));
#5462=DIRECTION('',(0.,3.491481338843E-15,-1.));
#5463=DIRECTION('',(-1.,0.,0.));
#5464=DIRECTION('center_axis',(0.,-1.,-3.491481338843E-15));
#5465=DIRECTION('ref_axis',(-1.,0.,0.));
#5466=DIRECTION('',(0.,-3.491481338843E-15,1.));
#5467=DIRECTION('',(-1.,0.,0.));
#5468=DIRECTION('',(0.,3.491481338843E-15,-1.));
#5469=DIRECTION('',(-1.,0.,0.));
#5470=DIRECTION('',(0.,3.491481338843E-15,-1.));
#5471=DIRECTION('',(-1.,0.,0.));
#5472=DIRECTION('',(0.,3.491481338843E-15,-1.));
#5473=DIRECTION('',(-1.,0.,0.));
#5474=DIRECTION('',(0.,3.491481338843E-15,-1.));
#5475=DIRECTION('',(-1.,0.,0.));
#5476=DIRECTION('',(0.,3.491481338843E-15,-1.));
#5477=DIRECTION('',(-1.,0.,0.));
#5478=DIRECTION('',(0.,3.491481338843E-15,-1.));
#5479=DIRECTION('',(-1.,0.,0.));
#5480=DIRECTION('',(0.,3.491481338843E-15,-1.));
#5481=DIRECTION('',(-1.,0.,0.));
#5482=DIRECTION('',(0.,3.491481338843E-15,-1.));
#5483=DIRECTION('',(-1.,0.,0.));
#5484=DIRECTION('',(0.,3.491481338843E-15,-1.));
#5485=DIRECTION('',(-1.,0.,0.));
#5486=DIRECTION('',(0.,3.491481338843E-15,-1.));
#5487=DIRECTION('',(-1.,0.,0.));
#5488=DIRECTION('',(0.,3.491481338843E-15,-1.));
#5489=DIRECTION('',(-1.,0.,0.));
#5490=DIRECTION('',(0.,3.491481338843E-15,-1.));
#5491=DIRECTION('',(-1.,0.,0.));
#5492=DIRECTION('',(0.,-3.491481338843E-15,1.));
#5493=DIRECTION('',(1.,0.,0.));
#5494=DIRECTION('',(0.,-3.491481338843E-15,1.));
#5495=DIRECTION('',(-1.,0.,0.));
#5496=DIRECTION('',(0.,-3.491481338843E-15,1.));
#5497=DIRECTION('',(1.,0.,0.));
#5498=DIRECTION('',(0.,-3.491481338843E-15,1.));
#5499=DIRECTION('',(-1.,0.,0.));
#5500=DIRECTION('',(0.,-3.491481338843E-15,1.));
#5501=DIRECTION('',(1.,0.,0.));
#5502=DIRECTION('',(0.,-3.491481338843E-15,1.));
#5503=DIRECTION('',(-1.,0.,0.));
#5504=DIRECTION('',(0.,-3.491481338843E-15,1.));
#5505=DIRECTION('',(1.,0.,0.));
#5506=DIRECTION('',(0.,-3.491481338843E-15,1.));
#5507=DIRECTION('',(-1.,0.,0.));
#5508=DIRECTION('',(0.,-3.491481338843E-15,1.));
#5509=DIRECTION('',(1.,0.,0.));
#5510=DIRECTION('',(0.,-3.491481338843E-15,1.));
#5511=DIRECTION('',(-1.,0.,0.));
#5512=DIRECTION('',(0.,-3.491481338843E-15,1.));
#5513=DIRECTION('',(1.,0.,0.));
#5514=DIRECTION('center_axis',(-1.,0.,0.));
#5515=DIRECTION('ref_axis',(0.,-1.,-3.491481338843E-15));
#5516=DIRECTION('',(0.,1.,3.491481338843E-15));
#5517=DIRECTION('',(0.,3.491481338843E-15,-1.));
#5518=DIRECTION('',(0.,1.,3.491481338843E-15));
#5519=DIRECTION('',(0.,3.60501036214E-15,-1.));
#5520=DIRECTION('',(0.,1.,3.491481338843E-15));
#5521=DIRECTION('center_axis',(0.,1.,3.491481338843E-15));
#5522=DIRECTION('ref_axis',(-1.,0.,0.));
#5523=DIRECTION('',(0.,1.,3.491481338843E-15));
#5524=DIRECTION('center_axis',(0.,1.,3.491481338843E-15));
#5525=DIRECTION('ref_axis',(1.,6.17629585451165E-30,-1.768961439318E-15));
#5526=DIRECTION('center_axis',(0.,3.491481338843E-15,-1.));
#5527=DIRECTION('ref_axis',(0.,1.,3.491481338843E-15));
#5528=DIRECTION('',(0.,1.,3.491481338843E-15));
#5529=DIRECTION('',(-1.,0.,0.));
#5530=DIRECTION('',(0.,1.,3.491481338843E-15));
#5531=DIRECTION('',(0.,1.,3.491481338843E-15));
#5532=DIRECTION('',(1.,0.,0.));
#5533=DIRECTION('center_axis',(0.,1.,3.491481338843E-15));
#5534=DIRECTION('ref_axis',(-1.,0.,0.));
#5535=DIRECTION('',(0.,1.,3.491481338843E-15));
#5536=DIRECTION('center_axis',(0.,1.,3.491481338843E-15));
#5537=DIRECTION('ref_axis',(1.,0.,0.));
#5538=DIRECTION('center_axis',(-1.,4.588450488201E-30,-1.314184451497E-15));
#5539=DIRECTION('ref_axis',(1.314184451497E-15,3.491481338843E-15,-1.));
#5540=DIRECTION('',(0.,1.,3.491481338843E-15));
#5541=DIRECTION('',(-1.314184451497E-15,-3.491481338843E-15,1.));
#5542=DIRECTION('',(0.,1.,3.491481338843E-15));
#5543=DIRECTION('',(0.,-3.60501036214E-15,1.));
#5544=DIRECTION('center_axis',(0.,1.,3.491481338843E-15));
#5545=DIRECTION('ref_axis',(-1.,0.,0.));
#5546=DIRECTION('center_axis',(0.,1.,3.60501036214E-15));
#5547=DIRECTION('ref_axis',(0.,3.60501036214E-15,-1.));
#5548=DIRECTION('',(0.,1.,3.491481338843E-15));
#5549=DIRECTION('center_axis',(0.,1.,3.491481338843E-15));
#5550=DIRECTION('ref_axis',(1.,0.,0.));
#5551=DIRECTION('center_axis',(0.,-3.491481338843E-15,1.));
#5552=DIRECTION('ref_axis',(0.,-1.,-3.491481338843E-15));
#5553=DIRECTION('',(1.,0.,0.));
#5554=DIRECTION('',(0.,1.,3.491481338843E-15));
#5555=DIRECTION('',(-1.,0.,0.));
#5556=DIRECTION('center_axis',(0.,1.,3.491481338843E-15));
#5557=DIRECTION('ref_axis',(-1.,0.,0.));
#5558=DIRECTION('center_axis',(0.,1.,3.60501036214E-15));
#5559=DIRECTION('ref_axis',(0.,3.60501036214E-15,-1.));
#5560=DIRECTION('center_axis',(0.,1.,3.491481338843E-15));
#5561=DIRECTION('ref_axis',(1.,0.,0.));
#5562=DIRECTION('center_axis',(0.,1.,3.491481338843E-15));
#5563=DIRECTION('ref_axis',(-1.,0.,0.));
#5564=DIRECTION('',(0.,-0.707106781186548,-0.707106781186548));
#5565=DIRECTION('',(-0.707106781186548,0.707106781186548,1.70220342274132E-15));
#5566=DIRECTION('center_axis',(0.707106781186548,0.707106781186548,3.39811886846863E-15));
#5567=DIRECTION('ref_axis',(1.31418445149913E-15,3.49148133884513E-15,-1.));
#5568=DIRECTION('',(-0.707106781186548,0.707106781186548,2.46885013108391E-15));
#5569=DIRECTION('center_axis',(0.,-0.707106781186548,0.707106781186548));
#5570=DIRECTION('ref_axis',(1.,0.,0.));
#5571=DIRECTION('',(0.,-0.707106781186548,-0.707106781186548));
#5572=DIRECTION('center_axis',(0.,1.,3.491481338843E-15));
#5573=DIRECTION('ref_axis',(-1.,0.,0.));
#5574=DIRECTION('',(0.,0.707106781186548,-0.707106781186548));
#5575=DIRECTION('center_axis',(0.,1.,3.491481338843E-15));
#5576=DIRECTION('ref_axis',(-1.,0.,0.));
#5577=DIRECTION('',(-0.707106781186548,-0.707106781186548,-2.46885013108391E-15));
#5578=DIRECTION('center_axis',(0.,-0.707106781186548,-0.707106781186548));
#5579=DIRECTION('ref_axis',(-1.,0.,0.));
#5580=DIRECTION('',(0.,0.707106781186548,-0.707106781186548));
#5581=DIRECTION('center_axis',(0.707106781186548,-0.707106781186548,-2.46885013108391E-15));
#5582=DIRECTION('ref_axis',(-1.23062301214478E-27,3.49148133884423E-15,
-1.));
#5583=DIRECTION('',(-0.707106781186548,-0.707106781186548,-2.46885013108391E-15));
#5584=DIRECTION('center_axis',(0.,1.,3.491481338843E-15));
#5585=DIRECTION('ref_axis',(-1.,0.,0.));
#5586=DIRECTION('center_axis',(0.,1.,3.491481338843E-15));
#5587=DIRECTION('ref_axis',(-1.,0.,0.));
#5588=DIRECTION('',(0.,1.,3.491481338843E-15));
#5589=DIRECTION('',(0.,1.,3.491481338843E-15));
#5590=DIRECTION('center_axis',(0.,-1.,-3.491481338843E-15));
#5591=DIRECTION('ref_axis',(-1.,2.9442557299292E-29,-8.432683563776E-15));
#5592=DIRECTION('center_axis',(-0.49999999999944,3.02371153627966E-15,-0.866025403784762));
#5593=DIRECTION('ref_axis',(0.866025403784762,1.74574066942254E-15,-0.49999999999944));
#5594=DIRECTION('',(0.866025403784762,1.74574066942254E-15,-0.49999999999944));
#5595=DIRECTION('',(0.,1.,3.491481338843E-15));
#5596=DIRECTION('center_axis',(1.,0.,0.));
#5597=DIRECTION('ref_axis',(0.,1.,3.491481338843E-15));
#5598=DIRECTION('',(0.,-3.491481338843E-15,1.));
#5599=DIRECTION('center_axis',(-1.,0.,0.));
#5600=DIRECTION('ref_axis',(0.,-1.,-3.491481338843E-15));
#5601=DIRECTION('',(0.,3.491481338843E-15,-1.));
#5602=DIRECTION('',(0.,1.,3.491481338843E-15));
#5603=DIRECTION('center_axis',(0.49999999999944,3.02371153627966E-15,-0.866025403784762));
#5604=DIRECTION('ref_axis',(0.866025403784762,-1.74574066942254E-15,0.49999999999944));
#5605=DIRECTION('',(0.866025403784762,-1.74574066942254E-15,0.49999999999944));
#5606=DIRECTION('',(0.,1.,3.491481338843E-15));
#5607=DIRECTION('center_axis',(0.,1.,3.491481338843E-15));
#5608=DIRECTION('ref_axis',(-1.,0.,0.));
#5609=DIRECTION('',(0.,1.,3.491481338843E-15));
#5610=DIRECTION('center_axis',(0.,-1.,-3.491481338843E-15));
#5611=DIRECTION('ref_axis',(-1.,8.41215922836615E-30,-2.409338161078E-15));
#5612=DIRECTION('center_axis',(-1.984227689839E-16,3.491481338843E-15,-1.));
#5613=DIRECTION('ref_axis',(1.,6.927893951091E-31,-1.984227689839E-16));
#5614=DIRECTION('',(1.,6.927893951091E-31,-1.984227689839E-16));
#5615=DIRECTION('center_axis',(0.,1.,3.491481338843E-15));
#5616=DIRECTION('ref_axis',(-1.,0.,0.));
#5617=DIRECTION('center_axis',(0.,-1.,-3.60501036214E-15));
#5618=DIRECTION('ref_axis',(0.,3.60501036214E-15,-1.));
#5619=DIRECTION('',(-1.,0.,0.));
#5620=DIRECTION('center_axis',(0.,3.491481338843E-15,-1.));
#5621=DIRECTION('ref_axis',(0.,1.,3.491481338843E-15));
#5622=DIRECTION('',(0.,1.,3.491481338843E-15));
#5623=DIRECTION('',(1.,0.,0.));
#5624=DIRECTION('',(0.,1.,3.491481338843E-15));
#5625=DIRECTION('',(0.,1.,3.491481338843E-15));
#5626=DIRECTION('',(1.,0.,0.));
#5627=DIRECTION('',(0.,1.,3.491481338843E-15));
#5628=DIRECTION('',(0.,1.,3.491481338843E-15));
#5629=DIRECTION('',(1.,0.,0.));
#5630=DIRECTION('',(0.,1.,3.491481338843E-15));
#5631=DIRECTION('',(0.,1.,3.491481338843E-15));
#5632=DIRECTION('',(1.,0.,0.));
#5633=DIRECTION('',(0.,1.,3.491481338843E-15));
#5634=DIRECTION('',(0.,1.,3.491481338843E-15));
#5635=DIRECTION('',(1.,0.,0.));
#5636=DIRECTION('',(0.,1.,3.491481338843E-15));
#5637=DIRECTION('',(0.,1.,3.491481338843E-15));
#5638=DIRECTION('',(1.,0.,0.));
#5639=DIRECTION('',(0.,1.,3.491481338843E-15));
#5640=DIRECTION('',(0.,-1.,-3.491481338843E-15));
#5641=DIRECTION('',(-1.,0.,0.));
#5642=DIRECTION('',(0.,-1.,-3.491481338843E-15));
#5643=DIRECTION('',(0.,-1.,-3.491481338843E-15));
#5644=DIRECTION('',(-1.,0.,0.));
#5645=DIRECTION('',(0.,-1.,-3.491481338843E-15));
#5646=DIRECTION('',(0.,-1.,-3.491481338843E-15));
#5647=DIRECTION('',(-1.,0.,0.));
#5648=DIRECTION('',(0.,-1.,-3.491481338843E-15));
#5649=DIRECTION('',(0.,-1.,-3.491481338843E-15));
#5650=DIRECTION('',(-1.,0.,0.));
#5651=DIRECTION('',(0.,-1.,-3.491481338843E-15));
#5652=DIRECTION('',(0.,-1.,-3.491481338843E-15));
#5653=DIRECTION('',(-1.,0.,0.));
#5654=DIRECTION('',(0.,-1.,-3.491481338843E-15));
#5655=DIRECTION('',(0.,-1.,-3.491481338843E-15));
#5656=DIRECTION('',(-1.,0.,0.));
#5657=DIRECTION('',(0.,-1.,-3.491481338843E-15));
#5658=DIRECTION('center_axis',(0.,3.491481338843E-15,-1.));
#5659=DIRECTION('ref_axis',(0.,1.,3.491481338843E-15));
#5660=DIRECTION('',(0.,-1.,-3.491481338843E-15));
#5661=DIRECTION('',(-1.,0.,0.));
#5662=DIRECTION('',(0.,-1.,-3.491481338843E-15));
#5663=DIRECTION('center_axis',(0.,-1.,-3.491481338843E-15));
#5664=DIRECTION('ref_axis',(1.,0.,0.));
#5665=DIRECTION('',(0.,-3.491481338843E-15,1.));
#5666=DIRECTION('',(0.,-3.491481338843E-15,1.));
#5667=DIRECTION('',(-1.,0.,0.));
#5668=DIRECTION('center_axis',(0.,3.491481338843E-15,-1.));
#5669=DIRECTION('ref_axis',(0.,1.,3.491481338843E-15));
#5670=DIRECTION('',(0.,-1.,-3.491481338843E-15));
#5671=DIRECTION('',(-1.,0.,0.));
#5672=DIRECTION('',(0.,-1.,-3.491481338843E-15));
#5673=DIRECTION('center_axis',(0.,1.,3.491481338843E-15));
#5674=DIRECTION('ref_axis',(-1.,0.,0.));
#5675=DIRECTION('',(0.,3.491481338843E-15,-1.));
#5676=DIRECTION('',(0.,3.491481338843E-15,-1.));
#5677=DIRECTION('center_axis',(1.,0.,0.));
#5678=DIRECTION('ref_axis',(0.,1.,3.491481338843E-15));
#5679=DIRECTION('center_axis',(1.,0.,0.));
#5680=DIRECTION('ref_axis',(0.,1.,3.491481338843E-15));
#5681=DIRECTION('center_axis',(0.,3.491481338843E-15,-1.));
#5682=DIRECTION('ref_axis',(0.,1.,3.491481338843E-15));
#5683=DIRECTION('',(0.,-1.,-3.491481338843E-15));
#5684=DIRECTION('',(-1.,0.,0.));
#5685=DIRECTION('',(0.,-1.,-3.491481338843E-15));
#5686=DIRECTION('center_axis',(0.,-1.,-3.491481338843E-15));
#5687=DIRECTION('ref_axis',(1.,0.,0.));
#5688=DIRECTION('',(0.,-3.491481338843E-15,1.));
#5689=DIRECTION('',(0.,-3.491481338843E-15,1.));
#5690=DIRECTION('',(-1.,0.,0.));
#5691=DIRECTION('center_axis',(0.,3.491481338843E-15,-1.));
#5692=DIRECTION('ref_axis',(0.,1.,3.491481338843E-15));
#5693=DIRECTION('',(0.,-1.,-3.491481338843E-15));
#5694=DIRECTION('',(-1.,0.,0.));
#5695=DIRECTION('',(0.,-1.,-3.491481338843E-15));
#5696=DIRECTION('center_axis',(0.,1.,3.491481338843E-15));
#5697=DIRECTION('ref_axis',(-1.,0.,0.));
#5698=DIRECTION('',(0.,3.491481338843E-15,-1.));
#5699=DIRECTION('',(0.,3.491481338843E-15,-1.));
#5700=DIRECTION('center_axis',(1.,0.,0.));
#5701=DIRECTION('ref_axis',(0.,1.,3.491481338843E-15));
#5702=DIRECTION('center_axis',(1.,0.,0.));
#5703=DIRECTION('ref_axis',(0.,1.,3.491481338843E-15));
#5704=DIRECTION('center_axis',(0.,3.491481338843E-15,-1.));
#5705=DIRECTION('ref_axis',(0.,1.,3.491481338843E-15));
#5706=DIRECTION('',(0.,-1.,-3.491481338843E-15));
#5707=DIRECTION('',(-1.,0.,0.));
#5708=DIRECTION('',(0.,-1.,-3.491481338843E-15));
#5709=DIRECTION('center_axis',(0.,-1.,-3.491481338843E-15));
#5710=DIRECTION('ref_axis',(1.,0.,0.));
#5711=DIRECTION('',(0.,-3.491481338843E-15,1.));
#5712=DIRECTION('',(0.,-3.491481338843E-15,1.));
#5713=DIRECTION('',(-1.,0.,0.));
#5714=DIRECTION('center_axis',(0.,3.491481338843E-15,-1.));
#5715=DIRECTION('ref_axis',(0.,1.,3.491481338843E-15));
#5716=DIRECTION('',(0.,-1.,-3.491481338843E-15));
#5717=DIRECTION('',(-1.,0.,0.));
#5718=DIRECTION('',(0.,-1.,-3.491481338843E-15));
#5719=DIRECTION('center_axis',(0.,1.,3.491481338843E-15));
#5720=DIRECTION('ref_axis',(-1.,0.,0.));
#5721=DIRECTION('',(0.,3.491481338843E-15,-1.));
#5722=DIRECTION('',(0.,3.491481338843E-15,-1.));
#5723=DIRECTION('center_axis',(1.,0.,0.));
#5724=DIRECTION('ref_axis',(0.,1.,3.491481338843E-15));
#5725=DIRECTION('center_axis',(1.,0.,0.));
#5726=DIRECTION('ref_axis',(0.,1.,3.491481338843E-15));
#5727=DIRECTION('center_axis',(0.,3.491481338843E-15,-1.));
#5728=DIRECTION('ref_axis',(0.,1.,3.491481338843E-15));
#5729=DIRECTION('',(0.,-1.,-3.491481338843E-15));
#5730=DIRECTION('',(-1.,0.,0.));
#5731=DIRECTION('',(0.,-1.,-3.491481338843E-15));
#5732=DIRECTION('center_axis',(0.,-1.,-3.491481338843E-15));
#5733=DIRECTION('ref_axis',(1.,0.,0.));
#5734=DIRECTION('',(0.,-3.491481338843E-15,1.));
#5735=DIRECTION('',(0.,-3.491481338843E-15,1.));
#5736=DIRECTION('',(-1.,0.,0.));
#5737=DIRECTION('center_axis',(0.,3.491481338843E-15,-1.));
#5738=DIRECTION('ref_axis',(0.,1.,3.491481338843E-15));
#5739=DIRECTION('',(0.,-1.,-3.491481338843E-15));
#5740=DIRECTION('',(-1.,0.,0.));
#5741=DIRECTION('',(0.,-1.,-3.491481338843E-15));
#5742=DIRECTION('center_axis',(0.,1.,3.491481338843E-15));
#5743=DIRECTION('ref_axis',(-1.,0.,0.));
#5744=DIRECTION('',(0.,3.491481338843E-15,-1.));
#5745=DIRECTION('',(0.,3.491481338843E-15,-1.));
#5746=DIRECTION('center_axis',(1.,0.,0.));
#5747=DIRECTION('ref_axis',(0.,1.,3.491481338843E-15));
#5748=DIRECTION('center_axis',(1.,0.,0.));
#5749=DIRECTION('ref_axis',(0.,1.,3.491481338843E-15));
#5750=DIRECTION('center_axis',(0.,3.491481338843E-15,-1.));
#5751=DIRECTION('ref_axis',(0.,1.,3.491481338843E-15));
#5752=DIRECTION('',(0.,-1.,-3.491481338843E-15));
#5753=DIRECTION('',(-1.,0.,0.));
#5754=DIRECTION('',(0.,-1.,-3.491481338843E-15));
#5755=DIRECTION('center_axis',(0.,-1.,-3.491481338843E-15));
#5756=DIRECTION('ref_axis',(1.,0.,0.));
#5757=DIRECTION('',(0.,-3.491481338843E-15,1.));
#5758=DIRECTION('',(0.,-3.491481338843E-15,1.));
#5759=DIRECTION('',(-1.,0.,0.));
#5760=DIRECTION('center_axis',(0.,3.491481338843E-15,-1.));
#5761=DIRECTION('ref_axis',(0.,1.,3.491481338843E-15));
#5762=DIRECTION('',(0.,-1.,-3.491481338843E-15));
#5763=DIRECTION('',(-1.,0.,0.));
#5764=DIRECTION('',(0.,-1.,-3.491481338843E-15));
#5765=DIRECTION('center_axis',(0.,1.,3.491481338843E-15));
#5766=DIRECTION('ref_axis',(-1.,0.,0.));
#5767=DIRECTION('',(0.,3.491481338843E-15,-1.));
#5768=DIRECTION('',(0.,3.491481338843E-15,-1.));
#5769=DIRECTION('center_axis',(1.,0.,0.));
#5770=DIRECTION('ref_axis',(0.,1.,3.491481338843E-15));
#5771=DIRECTION('center_axis',(1.,0.,0.));
#5772=DIRECTION('ref_axis',(0.,1.,3.491481338843E-15));
#5773=DIRECTION('center_axis',(0.,3.491481338843E-15,-1.));
#5774=DIRECTION('ref_axis',(0.,1.,3.491481338843E-15));
#5775=DIRECTION('',(0.,-1.,-3.491481338843E-15));
#5776=DIRECTION('',(-1.,0.,0.));
#5777=DIRECTION('',(0.,-1.,-3.491481338843E-15));
#5778=DIRECTION('center_axis',(0.,-1.,-3.491481338843E-15));
#5779=DIRECTION('ref_axis',(1.,0.,0.));
#5780=DIRECTION('',(0.,-3.491481338843E-15,1.));
#5781=DIRECTION('',(0.,-3.491481338843E-15,1.));
#5782=DIRECTION('',(-1.,0.,0.));
#5783=DIRECTION('center_axis',(0.,3.491481338843E-15,-1.));
#5784=DIRECTION('ref_axis',(0.,1.,3.491481338843E-15));
#5785=DIRECTION('',(0.,-1.,-3.491481338843E-15));
#5786=DIRECTION('',(-1.,0.,0.));
#5787=DIRECTION('',(0.,-1.,-3.491481338843E-15));
#5788=DIRECTION('center_axis',(0.,1.,3.491481338843E-15));
#5789=DIRECTION('ref_axis',(-1.,0.,0.));
#5790=DIRECTION('',(0.,3.491481338843E-15,-1.));
#5791=DIRECTION('',(0.,3.491481338843E-15,-1.));
#5792=DIRECTION('center_axis',(1.,0.,0.));
#5793=DIRECTION('ref_axis',(0.,1.,3.491481338843E-15));
#5794=DIRECTION('center_axis',(1.,0.,0.));
#5795=DIRECTION('ref_axis',(0.,1.,3.491481338843E-15));
#5796=DIRECTION('center_axis',(0.,-3.491481338843E-15,1.));
#5797=DIRECTION('ref_axis',(0.,-1.,-3.491481338843E-15));
#5798=DIRECTION('',(0.,-1.,-3.491481338843E-15));
#5799=DIRECTION('',(0.,-1.,-3.491481338843E-15));
#5800=DIRECTION('',(1.,0.,0.));
#5801=DIRECTION('center_axis',(0.,-1.,-3.491481338843E-15));
#5802=DIRECTION('ref_axis',(1.,0.,0.));
#5803=DIRECTION('',(0.,3.491481338843E-15,-1.));
#5804=DIRECTION('',(1.,0.,0.));
#5805=DIRECTION('',(0.,3.491481338843E-15,-1.));
#5806=DIRECTION('center_axis',(0.,-3.491481338843E-15,1.));
#5807=DIRECTION('ref_axis',(0.,-1.,-3.491481338843E-15));
#5808=DIRECTION('',(0.,-1.,-3.491481338843E-15));
#5809=DIRECTION('',(1.,0.,0.));
#5810=DIRECTION('',(0.,-1.,-3.491481338843E-15));
#5811=DIRECTION('center_axis',(0.,1.,3.491481338843E-15));
#5812=DIRECTION('ref_axis',(-1.,0.,0.));
#5813=DIRECTION('',(0.,-3.491481338843E-15,1.));
#5814=DIRECTION('',(0.,-3.491481338843E-15,1.));
#5815=DIRECTION('center_axis',(-1.,0.,0.));
#5816=DIRECTION('ref_axis',(0.,1.,3.491481338843E-15));
#5817=DIRECTION('center_axis',(-1.,0.,0.));
#5818=DIRECTION('ref_axis',(0.,1.,3.491481338843E-15));
#5819=DIRECTION('center_axis',(0.,-3.491481338843E-15,1.));
#5820=DIRECTION('ref_axis',(0.,-1.,-3.491481338843E-15));
#5821=DIRECTION('',(0.,-1.,-3.491481338843E-15));
#5822=DIRECTION('',(0.,-1.,-3.491481338843E-15));
#5823=DIRECTION('',(1.,0.,0.));
#5824=DIRECTION('center_axis',(0.,-1.,-3.491481338843E-15));
#5825=DIRECTION('ref_axis',(1.,0.,0.));
#5826=DIRECTION('',(0.,3.491481338843E-15,-1.));
#5827=DIRECTION('',(1.,0.,0.));
#5828=DIRECTION('',(0.,3.491481338843E-15,-1.));
#5829=DIRECTION('center_axis',(0.,-3.491481338843E-15,1.));
#5830=DIRECTION('ref_axis',(0.,-1.,-3.491481338843E-15));
#5831=DIRECTION('',(0.,-1.,-3.491481338843E-15));
#5832=DIRECTION('',(1.,0.,0.));
#5833=DIRECTION('',(0.,-1.,-3.491481338843E-15));
#5834=DIRECTION('center_axis',(0.,1.,3.491481338843E-15));
#5835=DIRECTION('ref_axis',(-1.,0.,0.));
#5836=DIRECTION('',(0.,-3.491481338843E-15,1.));
#5837=DIRECTION('',(0.,-3.491481338843E-15,1.));
#5838=DIRECTION('center_axis',(-1.,0.,0.));
#5839=DIRECTION('ref_axis',(0.,1.,3.491481338843E-15));
#5840=DIRECTION('center_axis',(-1.,0.,0.));
#5841=DIRECTION('ref_axis',(0.,1.,3.491481338843E-15));
#5842=DIRECTION('center_axis',(0.,-3.491481338843E-15,1.));
#5843=DIRECTION('ref_axis',(0.,-1.,-3.491481338843E-15));
#5844=DIRECTION('',(0.,-1.,-3.491481338843E-15));
#5845=DIRECTION('',(0.,-1.,-3.491481338843E-15));
#5846=DIRECTION('',(1.,0.,0.));
#5847=DIRECTION('center_axis',(0.,-1.,-3.491481338843E-15));
#5848=DIRECTION('ref_axis',(1.,0.,0.));
#5849=DIRECTION('',(0.,3.491481338843E-15,-1.));
#5850=DIRECTION('',(1.,0.,0.));
#5851=DIRECTION('',(0.,3.491481338843E-15,-1.));
#5852=DIRECTION('center_axis',(0.,-3.491481338843E-15,1.));
#5853=DIRECTION('ref_axis',(0.,-1.,-3.491481338843E-15));
#5854=DIRECTION('',(0.,-1.,-3.491481338843E-15));
#5855=DIRECTION('',(1.,0.,0.));
#5856=DIRECTION('',(0.,-1.,-3.491481338843E-15));
#5857=DIRECTION('center_axis',(0.,1.,3.491481338843E-15));
#5858=DIRECTION('ref_axis',(-1.,0.,0.));
#5859=DIRECTION('',(0.,-3.491481338843E-15,1.));
#5860=DIRECTION('',(0.,-3.491481338843E-15,1.));
#5861=DIRECTION('center_axis',(-1.,0.,0.));
#5862=DIRECTION('ref_axis',(0.,1.,3.491481338843E-15));
#5863=DIRECTION('center_axis',(-1.,0.,0.));
#5864=DIRECTION('ref_axis',(0.,1.,3.491481338843E-15));
#5865=DIRECTION('center_axis',(0.,-3.491481338843E-15,1.));
#5866=DIRECTION('ref_axis',(0.,-1.,-3.491481338843E-15));
#5867=DIRECTION('',(0.,-1.,-3.491481338843E-15));
#5868=DIRECTION('',(0.,-1.,-3.491481338843E-15));
#5869=DIRECTION('',(1.,0.,0.));
#5870=DIRECTION('center_axis',(0.,-1.,-3.491481338843E-15));
#5871=DIRECTION('ref_axis',(1.,0.,0.));
#5872=DIRECTION('',(0.,3.491481338843E-15,-1.));
#5873=DIRECTION('',(1.,0.,0.));
#5874=DIRECTION('',(0.,3.491481338843E-15,-1.));
#5875=DIRECTION('center_axis',(0.,-3.491481338843E-15,1.));
#5876=DIRECTION('ref_axis',(0.,-1.,-3.491481338843E-15));
#5877=DIRECTION('',(0.,-1.,-3.491481338843E-15));
#5878=DIRECTION('',(1.,0.,0.));
#5879=DIRECTION('',(0.,-1.,-3.491481338843E-15));
#5880=DIRECTION('center_axis',(0.,1.,3.491481338843E-15));
#5881=DIRECTION('ref_axis',(-1.,0.,0.));
#5882=DIRECTION('',(0.,-3.491481338843E-15,1.));
#5883=DIRECTION('',(0.,-3.491481338843E-15,1.));
#5884=DIRECTION('center_axis',(-1.,0.,0.));
#5885=DIRECTION('ref_axis',(0.,1.,3.491481338843E-15));
#5886=DIRECTION('center_axis',(-1.,0.,0.));
#5887=DIRECTION('ref_axis',(0.,1.,3.491481338843E-15));
#5888=DIRECTION('center_axis',(0.,-3.491481338843E-15,1.));
#5889=DIRECTION('ref_axis',(0.,-1.,-3.491481338843E-15));
#5890=DIRECTION('',(0.,-1.,-3.491481338843E-15));
#5891=DIRECTION('',(0.,-1.,-3.491481338843E-15));
#5892=DIRECTION('',(1.,0.,0.));
#5893=DIRECTION('center_axis',(0.,-1.,-3.491481338843E-15));
#5894=DIRECTION('ref_axis',(1.,0.,0.));
#5895=DIRECTION('',(0.,3.491481338843E-15,-1.));
#5896=DIRECTION('',(1.,0.,0.));
#5897=DIRECTION('',(0.,3.491481338843E-15,-1.));
#5898=DIRECTION('center_axis',(0.,-3.491481338843E-15,1.));
#5899=DIRECTION('ref_axis',(0.,-1.,-3.491481338843E-15));
#5900=DIRECTION('',(0.,-1.,-3.491481338843E-15));
#5901=DIRECTION('',(1.,0.,0.));
#5902=DIRECTION('',(0.,-1.,-3.491481338843E-15));
#5903=DIRECTION('center_axis',(0.,1.,3.491481338843E-15));
#5904=DIRECTION('ref_axis',(-1.,0.,0.));
#5905=DIRECTION('',(0.,-3.491481338843E-15,1.));
#5906=DIRECTION('',(0.,-3.491481338843E-15,1.));
#5907=DIRECTION('center_axis',(-1.,0.,0.));
#5908=DIRECTION('ref_axis',(0.,1.,3.491481338843E-15));
#5909=DIRECTION('center_axis',(-1.,0.,0.));
#5910=DIRECTION('ref_axis',(0.,1.,3.491481338843E-15));
#5911=DIRECTION('center_axis',(0.,-3.491481338843E-15,1.));
#5912=DIRECTION('ref_axis',(0.,-1.,-3.491481338843E-15));
#5913=DIRECTION('',(0.,-1.,-3.491481338843E-15));
#5914=DIRECTION('',(0.,-1.,-3.491481338843E-15));
#5915=DIRECTION('',(1.,0.,0.));
#5916=DIRECTION('center_axis',(0.,-1.,-3.491481338843E-15));
#5917=DIRECTION('ref_axis',(1.,0.,0.));
#5918=DIRECTION('',(0.,3.491481338843E-15,-1.));
#5919=DIRECTION('',(1.,0.,0.));
#5920=DIRECTION('',(0.,3.491481338843E-15,-1.));
#5921=DIRECTION('center_axis',(0.,-3.491481338843E-15,1.));
#5922=DIRECTION('ref_axis',(0.,-1.,-3.491481338843E-15));
#5923=DIRECTION('',(0.,-1.,-3.491481338843E-15));
#5924=DIRECTION('',(1.,0.,0.));
#5925=DIRECTION('',(0.,-1.,-3.491481338843E-15));
#5926=DIRECTION('center_axis',(0.,1.,3.491481338843E-15));
#5927=DIRECTION('ref_axis',(-1.,0.,0.));
#5928=DIRECTION('',(0.,-3.491481338843E-15,1.));
#5929=DIRECTION('',(0.,-3.491481338843E-15,1.));
#5930=DIRECTION('center_axis',(-1.,0.,0.));
#5931=DIRECTION('ref_axis',(0.,1.,3.491481338843E-15));
#5932=DIRECTION('center_axis',(-1.,0.,0.));
#5933=DIRECTION('ref_axis',(0.,1.,3.491481338843E-15));
#5934=DIRECTION('center_axis',(0.,3.491481338843E-15,-1.));
#5935=DIRECTION('ref_axis',(0.,1.,3.491481338843E-15));
#5936=DIRECTION('center_axis',(0.,3.491481338843E-15,-1.));
#5937=DIRECTION('ref_axis',(0.,1.,3.491481338843E-15));
#5938=DIRECTION('center_axis',(-1.,0.,0.));
#5939=DIRECTION('ref_axis',(0.,1.,3.491481338843E-15));
#5940=DIRECTION('',(0.,0.,-1.));
#5941=DIRECTION('',(0.,-1.,-3.641026466082E-15));
#5942=DIRECTION('',(0.,3.641026466082E-15,-1.));
#5943=DIRECTION('',(0.,-1.,-3.641026466082E-15));
#5944=DIRECTION('center_axis',(1.,0.,0.));
#5945=DIRECTION('ref_axis',(0.,-1.,-3.491481338843E-15));
#5946=DIRECTION('',(0.,1.,3.641026466082E-15));
#5947=DIRECTION('',(0.,0.,1.));
#5948=DIRECTION('',(0.,1.,3.641026466082E-15));
#5949=DIRECTION('',(0.,-3.491481338843E-15,1.));
#5950=DIRECTION('center_axis',(-1.,0.,0.));
#5951=DIRECTION('ref_axis',(0.,-1.,-3.491481338843E-15));
#5952=DIRECTION('',(0.,1.,3.641026466082E-15));
#5953=DIRECTION('',(0.,0.,-1.));
#5954=DIRECTION('',(0.,1.,3.641026466082E-15));
#5955=DIRECTION('',(0.,3.491481338843E-15,-1.));
#5956=DIRECTION('center_axis',(1.,0.,0.));
#5957=DIRECTION('ref_axis',(0.,1.,3.491481338843E-15));
#5958=DIRECTION('',(0.,0.,1.));
#5959=DIRECTION('',(0.,-1.,-3.641026466082E-15));
#5960=DIRECTION('',(0.,-3.641026466082E-15,1.));
#5961=DIRECTION('',(0.,-1.,-3.641026466082E-15));
#5962=DIRECTION('center_axis',(1.,1.626303258728E-16,5.678207479149E-31));
#5963=DIRECTION('ref_axis',(-1.626303258728E-16,1.,3.491481338843E-15));
#5964=DIRECTION('',(-1.626303258728E-16,1.,3.491481338843E-15));
#5965=DIRECTION('',(0.,-3.491481338843E-15,1.));
#5966=DIRECTION('',(-1.626303258728E-16,1.,3.491481338843E-15));
#5967=DIRECTION('',(0.,3.491481338843E-15,-1.));
#5968=DIRECTION('center_axis',(0.,-1.,-3.491481338843E-15));
#5969=DIRECTION('ref_axis',(1.,0.,0.));
#5970=DIRECTION('',(-1.,0.,0.));
#5971=DIRECTION('',(0.,-3.491481338843E-15,1.));
#5972=DIRECTION('',(-1.,0.,0.));
#5973=DIRECTION('center_axis',(0.,-1.,-3.491481338843E-15));
#5974=DIRECTION('ref_axis',(1.,0.,0.));
#5975=DIRECTION('',(0.,3.491481338843E-15,-1.));
#5976=DIRECTION('center_axis',(0.,-1.,-3.491481338843E-15));
#5977=DIRECTION('ref_axis',(1.,0.,0.));
#5978=DIRECTION('',(1.,0.,0.));
#5979=DIRECTION('',(0.,3.491481338843E-15,-1.));
#5980=DIRECTION('',(1.,0.,0.));
#5981=DIRECTION('center_axis',(0.,-1.,-3.491481338843E-15));
#5982=DIRECTION('ref_axis',(1.,0.,0.));
#5983=DIRECTION('',(0.,3.491481338843E-15,-1.));
#5984=DIRECTION('center_axis',(0.,-1.,-3.491481338843E-15));
#5985=DIRECTION('ref_axis',(-1.,0.,0.));
#5986=DIRECTION('center_axis',(0.,-1.,-3.491481338843E-15));
#5987=DIRECTION('ref_axis',(1.,0.,0.));
#5988=DIRECTION('center_axis',(0.,1.,3.718539385436E-15));
#5989=DIRECTION('ref_axis',(-1.040834085586E-15,3.718539385436E-15,-1.));
#5990=DIRECTION('',(0.,-1.,-3.491481338843E-15));
#5991=DIRECTION('center_axis',(0.,-1.,-3.491481338843E-15));
#5992=DIRECTION('ref_axis',(0.,3.491481338843E-15,-1.));
#5993=DIRECTION('',(0.,-1.,-3.491481338843E-15));
#5994=DIRECTION('center_axis',(1.,0.,0.));
#5995=DIRECTION('ref_axis',(0.,1.,3.491481338843E-15));
#5996=DIRECTION('',(0.,3.718539385436E-15,-1.));
#5997=DIRECTION('center_axis',(-1.,0.,0.));
#5998=DIRECTION('ref_axis',(0.,1.,2.574980159653E-15));
#5999=DIRECTION('',(0.,-1.,-3.491481338843E-15));
#6000=DIRECTION('',(-1.314184451497E-15,-3.942553354492E-15,1.));
#6001=DIRECTION('center_axis',(0.,-1.,-3.491481338843E-15));
#6002=DIRECTION('ref_axis',(1.,0.,0.));
#6003=DIRECTION('',(0.,-1.,-3.491481338843E-15));
#6004=DIRECTION('center_axis',(0.,1.,3.718539385436E-15));
#6005=DIRECTION('ref_axis',(0.,3.718539385436E-15,-1.));
#6006=DIRECTION('',(0.,-1.,-3.491481338843E-15));
#6007=DIRECTION('center_axis',(0.,-1.,-3.491481338843E-15));
#6008=DIRECTION('ref_axis',(1.,0.,0.));
#6009=DIRECTION('center_axis',(1.,0.,0.));
#6010=DIRECTION('ref_axis',(0.,1.,3.491481338843E-15));
#6011=DIRECTION('',(0.,-1.,-3.491481338843E-15));
#6012=DIRECTION('center_axis',(1.,0.,0.));
#6013=DIRECTION('ref_axis',(0.,1.,3.523657060577E-15));
#6014=DIRECTION('',(0.,3.718539385436E-15,-1.));
#6015=DIRECTION('',(-1.314184451497E-15,-3.491481338843E-15,1.));
#6016=DIRECTION('center_axis',(0.,-1.,-3.491481338843E-15));
#6017=DIRECTION('ref_axis',(1.,0.,0.));
#6018=DIRECTION('center_axis',(0.,1.,3.60501036214E-15));
#6019=DIRECTION('ref_axis',(-1.734723475976E-15,3.60501036214E-15,-1.));
#6020=DIRECTION('',(0.,-1.,-3.491481338843E-15));
#6021=DIRECTION('center_axis',(0.,-1.,-3.491481338843E-15));
#6022=DIRECTION('ref_axis',(-1.,-3.02837732221293E-30,8.673617379884E-16));
#6023=DIRECTION('',(0.,-1.,-3.491481338843E-15));
#6024=DIRECTION('center_axis',(0.,-3.491481338843E-15,1.));
#6025=DIRECTION('ref_axis',(0.,-1.,-3.491481338843E-15));
#6026=DIRECTION('',(-1.,0.,0.));
#6027=DIRECTION('',(0.,1.,3.491481338843E-15));
#6028=DIRECTION('center_axis',(0.,-3.491481338843E-15,1.));
#6029=DIRECTION('ref_axis',(0.,-1.,-3.491481338843E-15));
#6030=DIRECTION('',(1.626303258728E-16,1.,3.491481338843E-15));
#6031=DIRECTION('center_axis',(0.,-3.491481338843E-15,1.));
#6032=DIRECTION('ref_axis',(0.,-1.,-3.491481338843E-15));
#6033=DIRECTION('',(-1.,0.,0.));
#6034=DIRECTION('center_axis',(0.,-3.491481338843E-15,1.));
#6035=DIRECTION('ref_axis',(0.,-1.,-3.491481338843E-15));
#6036=DIRECTION('',(-4.336808689942E-16,1.,3.491481338843E-15));
#6037=DIRECTION('',(1.,0.,0.));
#6038=DIRECTION('',(0.,-1.,-3.491481338843E-15));
#6039=DIRECTION('',(-1.,0.,0.));
#6040=DIRECTION('',(0.,-1.,-3.491481338843E-15));
#6041=DIRECTION('',(4.336808689942E-16,1.,3.491481338843E-15));
#6042=DIRECTION('center_axis',(0.,3.491481338843E-15,-1.));
#6043=DIRECTION('ref_axis',(0.,-1.,-3.491481338843E-15));
#6044=DIRECTION('',(1.,0.,0.));
#6045=DIRECTION('center_axis',(0.,3.491481338843E-15,-1.));
#6046=DIRECTION('ref_axis',(0.,-1.,-3.491481338843E-15));
#6047=DIRECTION('center_axis',(0.,3.491481338843E-15,-1.));
#6048=DIRECTION('ref_axis',(0.,-1.,-3.491481338843E-15));
#6049=DIRECTION('',(0.,1.,3.491481338843E-15));
#6050=DIRECTION('center_axis',(0.,-1.,-3.491481338843E-15));
#6051=DIRECTION('ref_axis',(1.,0.,0.));
#6052=DIRECTION('center_axis',(0.,-1.,-3.491481338843E-15));
#6053=DIRECTION('ref_axis',(0.,3.491481338843E-15,-1.));
#6054=DIRECTION('',(0.,-1.,-3.641026466082E-15));
#6055=DIRECTION('',(0.,-1.,-3.491481338843E-15));
#6056=DIRECTION('',(0.,-1.,-3.491481338843E-15));
#6057=DIRECTION('center_axis',(1.,0.,0.));
#6058=DIRECTION('ref_axis',(0.,1.,3.491481338843E-15));
#6059=DIRECTION('',(0.,3.60501036214E-15,-1.));
#6060=DIRECTION('center_axis',(-1.,0.,0.));
#6061=DIRECTION('ref_axis',(0.,1.,4.336808689942E-15));
#6062=DIRECTION('center_axis',(-1.,0.,0.));
#6063=DIRECTION('ref_axis',(0.,1.,2.574980159653E-15));
#6064=DIRECTION('',(0.,-3.491481338843E-15,1.));
#6065=DIRECTION('center_axis',(0.,-1.,-3.491481338843E-15));
#6066=DIRECTION('ref_axis',(1.,0.,0.));
#6067=DIRECTION('',(0.,-1.,-3.491481338843E-15));
#6068=DIRECTION('center_axis',(0.,1.,3.60501036214E-15));
#6069=DIRECTION('ref_axis',(0.,3.60501036214E-15,-1.));
#6070=DIRECTION('',(0.,-1.,-3.491481338843E-15));
#6071=DIRECTION('center_axis',(0.,-1.,-3.491481338843E-15));
#6072=DIRECTION('ref_axis',(-1.,0.,0.));
#6073=DIRECTION('center_axis',(0.,3.491481338843E-15,-1.));
#6074=DIRECTION('ref_axis',(0.,1.,3.491481338843E-15));
#6075=DIRECTION('',(-1.,0.,0.));
#6076=DIRECTION('',(0.,-1.,-3.491481338843E-15));
#6077=DIRECTION('',(-1.,0.,0.));
#6078=DIRECTION('center_axis',(0.,-3.491481338843E-15,1.));
#6079=DIRECTION('ref_axis',(0.,1.,3.491481338843E-15));
#6080=DIRECTION('',(0.,-1.,-3.491481338843E-15));
#6081=DIRECTION('center_axis',(0.,-3.491481338843E-15,1.));
#6082=DIRECTION('ref_axis',(0.,1.,3.491481338843E-15));
#6083=DIRECTION('',(1.,0.,0.));
#6084=DIRECTION('',(0.,-1.,-3.491481338843E-15));
#6085=DIRECTION('',(1.,4.702449258094E-31,-1.346834996876E-16));
#6086=DIRECTION('',(-1.,0.,0.));
#6087=DIRECTION('center_axis',(0.,3.491481338843E-15,-1.));
#6088=DIRECTION('ref_axis',(0.,1.,3.491481338843E-15));
#6089=DIRECTION('',(0.,-1.,-3.491481338843E-15));
#6090=DIRECTION('center_axis',(0.,3.491481338843E-15,-1.));
#6091=DIRECTION('ref_axis',(0.,1.,3.491481338843E-15));
#6092=DIRECTION('',(1.,0.,0.));
#6093=DIRECTION('center_axis',(0.,-3.491481338843E-15,1.));
#6094=DIRECTION('ref_axis',(0.,-1.,-3.491481338843E-15));
#6095=DIRECTION('',(0.,-1.,-3.491481338843E-15));
#6096=DIRECTION('',(-1.,0.,0.));
#6097=DIRECTION('',(0.,-1.,-3.491481338843E-15));
#6098=DIRECTION('',(1.,0.,0.));
#6099=DIRECTION('',(-4.336808689942E-16,1.,3.491481338843E-15));
#6100=DIRECTION('center_axis',(0.,3.491481338843E-15,-1.));
#6101=DIRECTION('ref_axis',(0.,-1.,-3.491481338843E-15));
#6102=DIRECTION('',(-1.,0.,0.));
#6103=DIRECTION('center_axis',(0.,3.491481338843E-15,-1.));
#6104=DIRECTION('ref_axis',(0.,-1.,-3.491481338843E-15));
#6105=DIRECTION('',(1.626303258728E-16,1.,3.491481338843E-15));
#6106=DIRECTION('center_axis',(0.,3.491481338843E-15,-1.));
#6107=DIRECTION('ref_axis',(0.,-1.,-3.491481338843E-15));
#6108=DIRECTION('',(0.,1.,3.491481338843E-15));
#6109=DIRECTION('',(-1.,0.,0.));
#6110=DIRECTION('',(0.,1.,3.491481338843E-15));
#6111=DIRECTION('center_axis',(0.,-3.491481338843E-15,1.));
#6112=DIRECTION('ref_axis',(0.,-1.,-3.491481338843E-15));
#6113=DIRECTION('center_axis',(0.,-3.491481338843E-15,1.));
#6114=DIRECTION('ref_axis',(0.,-1.,-3.491481338843E-15));
#6115=DIRECTION('',(1.,0.,0.));
#6116=DIRECTION('center_axis',(0.,-3.491481338843E-15,1.));
#6117=DIRECTION('ref_axis',(0.,-1.,-3.491481338843E-15));
#6118=DIRECTION('',(4.336808689942E-16,1.,3.491481338843E-15));
#6119=DIRECTION('center_axis',(0.,-1.,-3.491481338843E-15));
#6120=DIRECTION('ref_axis',(1.,0.,0.));
#6121=DIRECTION('center_axis',(0.,-1.,-3.491481338843E-15));
#6122=DIRECTION('ref_axis',(1.,0.,0.));
#6123=DIRECTION('',(0.,-1.,-3.491481338843E-15));
#6124=DIRECTION('',(0.,-1.,-3.491481338843E-15));
#6125=DIRECTION('',(0.,-1.,-3.641026466082E-15));
#6126=DIRECTION('center_axis',(1.,0.,0.));
#6127=DIRECTION('ref_axis',(0.,1.,3.491481338843E-15));
#6128=DIRECTION('center_axis',(1.,0.,0.));
#6129=DIRECTION('ref_axis',(0.,1.,3.523657060577E-15));
#6130=DIRECTION('',(0.,3.60501036214E-15,-1.));
#6131=DIRECTION('',(0.,-3.491481338843E-15,1.));
#6132=DIRECTION('center_axis',(1.,0.,0.));
#6133=DIRECTION('ref_axis',(0.,1.,3.523657060577E-15));
#6134=DIRECTION('center_axis',(1.,0.,0.));
#6135=DIRECTION('ref_axis',(0.,1.,3.491481338843E-15));
#6136=DIRECTION('',(0.,1.,3.599901556091E-15));
#6137=DIRECTION('',(0.,-3.491481338843E-15,1.));
#6138=DIRECTION('',(0.,3.718539385436E-15,-1.));
#6139=DIRECTION('center_axis',(0.,-1.,-3.718539385436E-15));
#6140=DIRECTION('ref_axis',(0.,3.718539385436E-15,-1.));
#6141=DIRECTION('',(1.,0.,0.));
#6142=DIRECTION('',(1.,0.,0.));
#6143=DIRECTION('',(0.,-3.718539385436E-15,1.));
#6144=DIRECTION('center_axis',(0.,1.,3.491481338843E-15));
#6145=DIRECTION('ref_axis',(-1.,0.,0.));
#6146=DIRECTION('',(-1.,0.,0.));
#6147=DIRECTION('',(0.,3.491481338843E-15,-1.));
#6148=DIRECTION('',(1.,0.,0.));
#6149=DIRECTION('center_axis',(0.,3.641026466082E-15,-1.));
#6150=DIRECTION('ref_axis',(0.,1.,3.641026466082E-15));
#6151=DIRECTION('',(0.,-1.,-3.641026466082E-15));
#6152=DIRECTION('center_axis',(0.,0.,1.));
#6153=DIRECTION('ref_axis',(1.,0.,0.));
#6154=DIRECTION('center_axis',(0.,-3.641026466082E-15,1.));
#6155=DIRECTION('ref_axis',(0.,1.,3.641026466082E-15));
#6156=DIRECTION('',(1.,0.,0.));
#6157=DIRECTION('',(0.,-1.,-3.641026466082E-15));
#6158=DIRECTION('',(1.,0.,0.));
#6159=DIRECTION('center_axis',(0.,-3.641026466082E-15,1.));
#6160=DIRECTION('ref_axis',(0.,1.,3.641026466082E-15));
#6161=DIRECTION('center_axis',(1.,0.,0.));
#6162=DIRECTION('ref_axis',(0.,1.,3.491481338843E-15));
#6163=DIRECTION('',(0.,0.,-1.));
#6164=DIRECTION('',(0.,3.641026466082E-15,-1.));
#6165=DIRECTION('',(0.,-1.,-3.641026466082E-15));
#6166=DIRECTION('center_axis',(0.,3.641026466082E-15,-1.));
#6167=DIRECTION('ref_axis',(0.,1.,3.641026466082E-15));
#6168=DIRECTION('center_axis',(0.,3.641026466082E-15,-1.));
#6169=DIRECTION('ref_axis',(0.,1.,3.641026466082E-15));
#6170=DIRECTION('center_axis',(0.,3.641026466082E-15,-1.));
#6171=DIRECTION('ref_axis',(0.,1.,3.641026466082E-15));
#6172=DIRECTION('',(1.,0.,0.));
#6173=DIRECTION('',(0.,-1.,-3.641026466082E-15));
#6174=DIRECTION('',(1.,0.,0.));
#6175=DIRECTION('center_axis',(0.,3.641026466082E-15,-1.));
#6176=DIRECTION('ref_axis',(0.,1.,3.641026466082E-15));
#6177=DIRECTION('center_axis',(0.,-1.,-3.641026466082E-15));
#6178=DIRECTION('ref_axis',(0.,3.641026466082E-15,-1.));
#6179=DIRECTION('center_axis',(0.,-1.,-3.641026466082E-15));
#6180=DIRECTION('ref_axis',(0.,3.641026466082E-15,-1.));
#6181=DIRECTION('',(0.,-1.,-3.641026466082E-15));
#6182=DIRECTION('center_axis',(0.,-1.,-3.641026466082E-15));
#6183=DIRECTION('ref_axis',(0.,3.641026466082E-15,-1.));
#6184=DIRECTION('center_axis',(-1.,0.,0.));
#6185=DIRECTION('ref_axis',(0.,-1.,-3.491481338843E-15));
#6186=DIRECTION('',(0.,3.640002184389E-15,-1.));
#6187=DIRECTION('center_axis',(1.,0.,0.));
#6188=DIRECTION('ref_axis',(0.,-1.,-3.523657060577E-15));
#6189=DIRECTION('center_axis',(1.,0.,0.));
#6190=DIRECTION('ref_axis',(0.,-1.,-3.523657060577E-15));
#6191=DIRECTION('',(0.,3.640002184389E-15,-1.));
#6192=DIRECTION('center_axis',(-1.,0.,0.));
#6193=DIRECTION('ref_axis',(0.,-1.,-3.491481338843E-15));
#6194=DIRECTION('center_axis',(-1.,0.,0.));
#6195=DIRECTION('ref_axis',(0.,-1.,-3.523657060577E-15));
#6196=DIRECTION('',(0.,3.641026466082E-15,-1.));
#6197=DIRECTION('',(0.,-1.,-3.641026466082E-15));
#6198=DIRECTION('',(0.,3.641026466082E-15,-1.));
#6199=DIRECTION('center_axis',(-1.,0.,0.));
#6200=DIRECTION('ref_axis',(0.,-1.,-3.523657060577E-15));
#6201=DIRECTION('center_axis',(0.,-1.,-3.641026466082E-15));
#6202=DIRECTION('ref_axis',(0.,3.641026466082E-15,-1.));
#6203=DIRECTION('center_axis',(0.,-1.,-3.641026466082E-15));
#6204=DIRECTION('ref_axis',(-1.,0.,0.));
#6205=DIRECTION('center_axis',(0.,-1.,-3.641026466082E-15));
#6206=DIRECTION('ref_axis',(-1.,0.,0.));
#6207=DIRECTION('center_axis',(0.,-1.,-3.641026466082E-15));
#6208=DIRECTION('ref_axis',(1.,0.,0.));
#6209=DIRECTION('',(0.,3.641026466082E-15,-1.));
#6210=DIRECTION('',(1.,0.,0.));
#6211=DIRECTION('center_axis',(0.,-1.,-3.641026466082E-15));
#6212=DIRECTION('ref_axis',(1.,0.,0.));
#6213=DIRECTION('',(0.,-3.641026466082E-15,1.));
#6214=DIRECTION('',(-1.,0.,0.));
#6215=DIRECTION('center_axis',(0.,-1.,-3.60501036214E-15));
#6216=DIRECTION('ref_axis',(0.,3.60501036214E-15,-1.));
#6217=DIRECTION('',(1.,0.,0.));
#6218=DIRECTION('center_axis',(0.,-1.,-3.60501036214E-15));
#6219=DIRECTION('ref_axis',(1.734723475976E-15,3.60501036214E-15,-1.));
#6220=DIRECTION('',(0.,3.60501036214E-15,-1.));
#6221=DIRECTION('',(-1.,0.,0.));
#6222=DIRECTION('',(0.,3.60501036214E-15,-1.));
#6223=DIRECTION('center_axis',(0.,-1.,-3.60501036214E-15));
#6224=DIRECTION('ref_axis',(0.,3.60501036214E-15,-1.));
#6225=DIRECTION('',(1.,0.,0.));
#6226=DIRECTION('center_axis',(1.,0.,0.));
#6227=DIRECTION('ref_axis',(0.,1.,3.491481338843E-15));
#6228=DIRECTION('center_axis',(-1.,0.,0.));
#6229=DIRECTION('ref_axis',(0.,1.,3.523657060577E-15));
#6230=DIRECTION('',(0.,3.491481338843E-15,-1.));
#6231=DIRECTION('',(0.,1.,3.641026466082E-15));
#6232=DIRECTION('center_axis',(1.,0.,0.));
#6233=DIRECTION('ref_axis',(0.,1.,3.491481338843E-15));
#6234=DIRECTION('',(0.,1.,3.641026466082E-15));
#6235=DIRECTION('',(0.,3.491481338843E-15,-1.));
#6236=DIRECTION('center_axis',(1.,0.,0.));
#6237=DIRECTION('ref_axis',(0.,1.,3.523657060577E-15));
#6238=DIRECTION('center_axis',(0.,1.,3.641026466082E-15));
#6239=DIRECTION('ref_axis',(0.,-3.641026466082E-15,1.));
#6240=DIRECTION('',(0.,1.,3.641026466082E-15));
#6241=DIRECTION('center_axis',(0.,-1.,-3.491481338843E-15));
#6242=DIRECTION('ref_axis',(1.,0.,0.));
#6243=DIRECTION('center_axis',(0.,-3.641026466082E-15,1.));
#6244=DIRECTION('ref_axis',(0.,-1.,-3.641026466082E-15));
#6245=DIRECTION('',(0.,1.,3.641026466082E-15));
#6246=DIRECTION('center_axis',(0.,3.641026466082E-15,-1.));
#6247=DIRECTION('ref_axis',(0.,1.,3.641026466082E-15));
#6248=DIRECTION('center_axis',(0.,3.641026466082E-15,-1.));
#6249=DIRECTION('ref_axis',(0.,-1.,-3.641026466082E-15));
#6250=DIRECTION('',(1.,0.,0.));
#6251=DIRECTION('center_axis',(0.,3.641026466082E-15,-1.));
#6252=DIRECTION('ref_axis',(0.,-1.,-3.641026466082E-15));
#6253=DIRECTION('center_axis',(-1.,0.,0.));
#6254=DIRECTION('ref_axis',(0.,-1.,-3.491481338843E-15));
#6255=DIRECTION('',(0.,1.,3.641026466082E-15));
#6256=DIRECTION('',(0.,0.,1.));
#6257=DIRECTION('',(0.,-3.491481338843E-15,1.));
#6258=DIRECTION('center_axis',(0.,-3.641026466082E-15,1.));
#6259=DIRECTION('ref_axis',(0.,-1.,-3.641026466082E-15));
#6260=DIRECTION('center_axis',(0.,0.,1.));
#6261=DIRECTION('ref_axis',(1.,0.,0.));
#6262=DIRECTION('center_axis',(0.,-3.641026466082E-15,1.));
#6263=DIRECTION('ref_axis',(0.,-1.,-3.641026466082E-15));
#6264=DIRECTION('',(0.,1.,3.641026466082E-15));
#6265=DIRECTION('',(1.,0.,0.));
#6266=DIRECTION('center_axis',(0.,-3.641026466082E-15,1.));
#6267=DIRECTION('ref_axis',(0.,-1.,-3.641026466082E-15));
#6268=DIRECTION('center_axis',(0.,1.,3.641026466082E-15));
#6269=DIRECTION('ref_axis',(0.,-3.641026466082E-15,1.));
#6270=DIRECTION('center_axis',(0.,-1.,-3.491481338843E-15));
#6271=DIRECTION('ref_axis',(1.,0.,0.));
#6272=DIRECTION('center_axis',(0.,-1.,-3.491481338843E-15));
#6273=DIRECTION('ref_axis',(1.,0.,0.));
#6274=DIRECTION('',(0.,-3.491481338843E-15,1.));
#6275=DIRECTION('',(-1.,0.,0.));
#6276=DIRECTION('center_axis',(-1.,0.,0.));
#6277=DIRECTION('ref_axis',(0.,-1.,-3.523657060577E-15));
#6278=DIRECTION('center_axis',(0.,-3.491481338843E-15,1.));
#6279=DIRECTION('ref_axis',(0.,-1.,-3.491481338843E-15));
#6280=DIRECTION('center_axis',(0.,3.491481338843E-15,-1.));
#6281=DIRECTION('ref_axis',(0.,1.,3.491481338843E-15));
#6282=DIRECTION('center_axis',(0.,3.641026466082E-15,-1.));
#6283=DIRECTION('ref_axis',(0.,1.,3.641026466082E-15));
#6284=DIRECTION('center_axis',(0.,-3.641026466082E-15,1.));
#6285=DIRECTION('ref_axis',(0.,-1.,-3.641026466082E-15));
#6286=DIRECTION('center_axis',(1.,0.,0.));
#6287=DIRECTION('ref_axis',(0.,1.,3.523657060577E-15));
#6288=DIRECTION('center_axis',(-1.,0.,0.));
#6289=DIRECTION('ref_axis',(0.,-1.,-3.523657060577E-15));
#6290=DIRECTION('center_axis',(0.,-3.491481338843E-15,1.));
#6291=DIRECTION('ref_axis',(0.,-1.,-3.491481338843E-15));
#6292=DIRECTION('center_axis',(0.,-3.491481338843E-15,1.));
#6293=DIRECTION('ref_axis',(0.,1.,3.491481338843E-15));
#6294=DIRECTION('center_axis',(0.,3.718539385436E-15,-1.));
#6295=DIRECTION('ref_axis',(0.,1.,3.718539385436E-15));
#6296=DIRECTION('center_axis',(0.,-3.491481338843E-15,1.));
#6297=DIRECTION('ref_axis',(0.,1.,3.491481338843E-15));
#6298=DIRECTION('center_axis',(1.,-4.336808689942E-16,-1.514188661106E-30));
#6299=DIRECTION('ref_axis',(4.336808689942E-16,1.,3.491481338843E-15));
#6300=DIRECTION('',(0.,-3.491481338843E-15,1.));
#6301=DIRECTION('center_axis',(0.,-1.,-3.491481338843E-15));
#6302=DIRECTION('ref_axis',(1.,0.,0.));
#6303=DIRECTION('',(0.,-3.491481338843E-15,1.));
#6304=DIRECTION('',(0.,3.491481338843E-15,-1.));
#6305=DIRECTION('center_axis',(0.,1.,3.491481338843E-15));
#6306=DIRECTION('ref_axis',(-1.,0.,0.));
#6307=DIRECTION('center_axis',(0.,-1.,-3.491481338843E-15));
#6308=DIRECTION('ref_axis',(1.,0.,0.));
#6309=DIRECTION('',(-0.866025403784762,1.74574066942254E-15,-0.49999999999944));
#6310=DIRECTION('',(0.49999999999944,3.02371153627966E-15,-0.866025403784762));
#6311=DIRECTION('',(-0.866025403784762,1.74574066942254E-15,-0.49999999999944));
#6312=DIRECTION('center_axis',(0.,-1.,-3.491481338843E-15));
#6313=DIRECTION('ref_axis',(-1.,0.,0.));
#6314=DIRECTION('center_axis',(0.,1.,3.491481338843E-15));
#6315=DIRECTION('ref_axis',(1.,0.,0.));
#6316=DIRECTION('',(0.866025403784762,1.74574066942254E-15,-0.49999999999944));
#6317=DIRECTION('',(-0.49999999999944,3.02371153627966E-15,-0.866025403784762));
#6318=DIRECTION('',(0.866025403784762,1.74574066942254E-15,-0.49999999999944));
#6319=DIRECTION('center_axis',(0.,1.,3.491481338843E-15));
#6320=DIRECTION('ref_axis',(-1.,0.,0.));
#6321=DIRECTION('center_axis',(0.49999999999944,-3.02371153627966E-15,0.866025403784762));
#6322=DIRECTION('ref_axis',(-0.866025403784762,-1.74574066942254E-15,0.49999999999944));
#6323=DIRECTION('center_axis',(-0.49999999999944,3.02371153627966E-15,-0.866025403784762));
#6324=DIRECTION('ref_axis',(-0.866025403784762,-2.16840434497291E-15,0.49999999999944));
#6325=DIRECTION('',(0.,1.,3.491481338843E-15));
#6326=DIRECTION('center_axis',(-0.49999999999944,3.02371153627966E-15,-0.866025403784762));
#6327=DIRECTION('ref_axis',(-0.866025403784762,-2.16840434497291E-15,0.49999999999944));
#6328=DIRECTION('',(0.866025403784762,1.74574066942254E-15,-0.49999999999944));
#6329=DIRECTION('',(0.,1.,3.491481338843E-15));
#6330=DIRECTION('center_axis',(0.866025403784762,1.74574066942254E-15,-0.49999999999944));
#6331=DIRECTION('ref_axis',(0.49999999999944,-3.02371153627966E-15,0.866025403784762));
#6332=DIRECTION('',(0.49999999999944,-3.02371153627966E-15,0.866025403784762));
#6333=DIRECTION('',(0.,1.,3.491481338843E-15));
#6334=DIRECTION('',(-0.49999999999944,3.02371153627966E-15,-0.866025403784762));
#6335=DIRECTION('center_axis',(0.49999999999944,-3.02371153627966E-15,0.866025403784762));
#6336=DIRECTION('ref_axis',(-0.866025403784762,-1.74574066942254E-15,0.49999999999944));
#6337=DIRECTION('center_axis',(0.49999999999944,-3.02371153627966E-15,0.866025403784762));
#6338=DIRECTION('ref_axis',(-0.866025403784762,-2.16840434497291E-15,0.49999999999944));
#6339=DIRECTION('',(0.,1.,3.491481338843E-15));
#6340=DIRECTION('',(0.866025403784762,1.74574066942254E-15,-0.49999999999944));
#6341=DIRECTION('center_axis',(0.49999999999944,-3.02371153627966E-15,0.866025403784762));
#6342=DIRECTION('ref_axis',(-0.866025403784762,-2.16840434497291E-15,0.49999999999944));
#6343=DIRECTION('center_axis',(0.,1.,3.491481338843E-15));
#6344=DIRECTION('ref_axis',(-1.,0.,0.));
#6345=DIRECTION('center_axis',(-0.00687638802278336,0.287261241960121,-0.957827591038851));
#6346=DIRECTION('ref_axis',(0.999922602567784,0.0119068899622608,-0.00360760938805089));
#6347=DIRECTION('center_axis',(0.,1.,3.491481338843E-15));
#6348=DIRECTION('ref_axis',(1.,-6.05675464442307E-30,1.734723475976E-15));
#6349=DIRECTION('center_axis',(0.,1.,3.491481338843E-15));
#6350=DIRECTION('ref_axis',(-1.,0.,0.));
#6351=DIRECTION('center_axis',(0.,1.,3.491481338843E-15));
#6352=DIRECTION('ref_axis',(-1.,0.,0.));
#6353=DIRECTION('center_axis',(0.0143592281610052,-0.599890022249212,0.799953607262609));
#6354=DIRECTION('ref_axis',(0.999888128234319,0.0119660717966539,-0.00897463881316029));
#6355=DIRECTION('center_axis',(0.,1.,3.491481338843E-15));
#6356=DIRECTION('ref_axis',(1.,0.,0.));
#6357=DIRECTION('',(0.,3.491481338843E-15,-1.));
#6358=DIRECTION('',(0.49999999999944,-3.02371153627966E-15,0.866025403784762));
#6359=DIRECTION('center_axis',(-0.49999999999944,3.02371153627966E-15,-0.866025403784762));
#6360=DIRECTION('ref_axis',(0.866025403784762,2.16840434497291E-15,-0.49999999999944));
#6361=DIRECTION('center_axis',(0.49999999999944,-3.02371153627966E-15,0.866025403784762));
#6362=DIRECTION('ref_axis',(-0.866025403784762,-2.16840434497291E-15,0.49999999999944));
#6363=DIRECTION('center_axis',(0.,-3.491481338843E-15,1.));
#6364=DIRECTION('ref_axis',(0.,-1.,-3.491481338843E-15));
#6365=DIRECTION('center_axis',(0.,-3.491481338843E-15,1.));
#6366=DIRECTION('ref_axis',(0.,-1.,-3.491481338843E-15));
#6367=DIRECTION('center_axis',(0.,3.491481338843E-15,-1.));
#6368=DIRECTION('ref_axis',(0.,1.,3.491481338843E-15));
#6369=DIRECTION('center_axis',(-1.,1.626303258728E-16,5.678207479149E-31));
#6370=DIRECTION('ref_axis',(1.626303258728E-16,1.,3.491481338843E-15));
#6371=DIRECTION('',(0.,3.491481338843E-15,-1.));
#6372=DIRECTION('',(0.,-3.491481338843E-15,1.));
#6373=DIRECTION('center_axis',(0.,-1.,-3.491481338843E-15));
#6374=DIRECTION('ref_axis',(-1.,0.,0.));
#6375=DIRECTION('center_axis',(0.,1.,3.491481338843E-15));
#6376=DIRECTION('ref_axis',(1.,0.,0.));
#6377=DIRECTION('',(0.,3.491481338843E-15,-1.));
#6378=DIRECTION('center_axis',(0.,1.,3.491481338843E-15));
#6379=DIRECTION('ref_axis',(-1.,0.,0.));
#6380=DIRECTION('',(-1.,0.,0.));
#6381=DIRECTION('',(0.,3.491481338843E-15,-1.));
#6382=DIRECTION('',(-1.,0.,0.));
#6383=DIRECTION('center_axis',(0.,1.,3.491481338843E-15));
#6384=DIRECTION('ref_axis',(-1.,0.,0.));
#6385=DIRECTION('',(0.,3.491481338843E-15,-1.));
#6386=DIRECTION('center_axis',(0.,1.,3.491481338843E-15));
#6387=DIRECTION('ref_axis',(-1.,0.,0.));
#6388=DIRECTION('',(0.,-3.491481338843E-15,1.));
#6389=DIRECTION('center_axis',(0.,-1.,-3.491481338843E-15));
#6390=DIRECTION('ref_axis',(-1.,0.,0.));
#6391=DIRECTION('center_axis',(0.,-1.,-3.718539385436E-15));
#6392=DIRECTION('ref_axis',(1.040834085586E-15,3.718539385436E-15,-1.));
#6393=DIRECTION('',(0.,-1.,-3.491481338843E-15));
#6394=DIRECTION('center_axis',(0.,-1.,-3.491481338843E-15));
#6395=DIRECTION('ref_axis',(0.,3.491481338843E-15,-1.));
#6396=DIRECTION('',(0.,-1.,-3.491481338843E-15));
#6397=DIRECTION('center_axis',(-1.,0.,0.));
#6398=DIRECTION('ref_axis',(0.,1.,3.491481338843E-15));
#6399=DIRECTION('',(0.,3.718539385436E-15,-1.));
#6400=DIRECTION('',(0.,3.942553354492E-15,-1.));
#6401=DIRECTION('',(0.,-1.,-3.491481338843E-15));
#6402=DIRECTION('center_axis',(-1.,0.,0.));
#6403=DIRECTION('ref_axis',(0.,1.,2.574980159653E-15));
#6404=DIRECTION('center_axis',(0.,-1.,-3.491481338843E-15));
#6405=DIRECTION('ref_axis',(-1.,0.,0.));
#6406=DIRECTION('',(0.,-1.,-3.491481338843E-15));
#6407=DIRECTION('center_axis',(0.,-1.,-3.491481338843E-15));
#6408=DIRECTION('ref_axis',(1.,0.,0.));
#6409=DIRECTION('center_axis',(0.,-1.,-3.718539385436E-15));
#6410=DIRECTION('ref_axis',(0.,3.718539385436E-15,-1.));
#6411=DIRECTION('center_axis',(-1.,0.,0.));
#6412=DIRECTION('ref_axis',(0.,1.,3.491481338843E-15));
#6413=DIRECTION('',(0.,-1.,-3.491481338843E-15));
#6414=DIRECTION('',(0.,3.491481338843E-15,-1.));
#6415=DIRECTION('',(0.,3.718539385436E-15,-1.));
#6416=DIRECTION('center_axis',(1.,0.,0.));
#6417=DIRECTION('ref_axis',(0.,1.,3.523657060577E-15));
#6418=DIRECTION('center_axis',(0.,-1.,-3.491481338843E-15));
#6419=DIRECTION('ref_axis',(-1.,0.,0.));
#6420=DIRECTION('',(0.,-1.,-3.491481338843E-15));
#6421=DIRECTION('center_axis',(0.,1.,3.491481338843E-15));
#6422=DIRECTION('ref_axis',(1.,-3.02837732221293E-30,8.673617379884E-16));
#6423=DIRECTION('',(0.,-1.,-3.491481338843E-15));
#6424=DIRECTION('center_axis',(0.,-1.,-3.491481338843E-15));
#6425=DIRECTION('ref_axis',(-1.,0.,0.));
#6426=DIRECTION('center_axis',(0.,-1.,-3.491481338843E-15));
#6427=DIRECTION('ref_axis',(0.,3.491481338843E-15,-1.));
#6428=DIRECTION('',(0.,-1.,-3.491481338843E-15));
#6429=DIRECTION('',(0.,-1.,-3.491481338843E-15));
#6430=DIRECTION('',(0.,-1.,-3.641026466082E-15));
#6431=DIRECTION('center_axis',(-1.,0.,0.));
#6432=DIRECTION('ref_axis',(0.,1.,3.491481338843E-15));
#6433=DIRECTION('',(0.,-3.491481338843E-15,1.));
#6434=DIRECTION('center_axis',(-1.,0.,0.));
#6435=DIRECTION('ref_axis',(0.,1.,2.574980159653E-15));
#6436=DIRECTION('center_axis',(-1.,0.,0.));
#6437=DIRECTION('ref_axis',(0.,1.,4.336808689942E-15));
#6438=DIRECTION('center_axis',(0.,-1.,-3.491481338843E-15));
#6439=DIRECTION('ref_axis',(-1.,0.,0.));
#6440=DIRECTION('',(0.,-1.,-3.491481338843E-15));
#6441=DIRECTION('center_axis',(0.,1.,3.491481338843E-15));
#6442=DIRECTION('ref_axis',(1.,0.,0.));
#6443=DIRECTION('center_axis',(0.,-1.,-3.491481338843E-15));
#6444=DIRECTION('ref_axis',(-1.,0.,0.));
#6445=DIRECTION('center_axis',(0.,-1.,-3.491481338843E-15));
#6446=DIRECTION('ref_axis',(1.,0.,0.));
#6447=DIRECTION('',(0.,-1.,-3.641026466082E-15));
#6448=DIRECTION('',(0.,-1.,-3.491481338843E-15));
#6449=DIRECTION('',(0.,-1.,-3.491481338843E-15));
#6450=DIRECTION('center_axis',(-1.,0.,0.));
#6451=DIRECTION('ref_axis',(0.,1.,3.491481338843E-15));
#6452=DIRECTION('center_axis',(1.,0.,0.));
#6453=DIRECTION('ref_axis',(0.,1.,3.523657060577E-15));
#6454=DIRECTION('',(0.,-3.491481338843E-15,1.));
#6455=DIRECTION('center_axis',(1.,0.,0.));
#6456=DIRECTION('ref_axis',(0.,1.,3.523657060577E-15));
#6457=DIRECTION('center_axis',(-1.,0.,0.));
#6458=DIRECTION('ref_axis',(0.,1.,3.491481338843E-15));
#6459=DIRECTION('',(0.,1.,3.599901556091E-15));
#6460=DIRECTION('',(0.,3.718539385436E-15,-1.));
#6461=DIRECTION('',(0.,-3.491481338843E-15,1.));
#6462=DIRECTION('center_axis',(0.,-1.,-3.718539385436E-15));
#6463=DIRECTION('ref_axis',(0.,3.718539385436E-15,-1.));
#6464=DIRECTION('',(0.,-3.718539385436E-15,1.));
#6465=DIRECTION('',(-1.,0.,0.));
#6466=DIRECTION('',(-1.,0.,0.));
#6467=DIRECTION('center_axis',(0.,1.,3.491481338843E-15));
#6468=DIRECTION('ref_axis',(1.,0.,0.));
#6469=DIRECTION('',(-1.,0.,0.));
#6470=DIRECTION('',(0.,3.491481338843E-15,-1.));
#6471=DIRECTION('',(1.,0.,0.));
#6472=DIRECTION('center_axis',(0.,3.641026466082E-15,-1.));
#6473=DIRECTION('ref_axis',(0.,1.,3.641026466082E-15));
#6474=DIRECTION('',(0.,-1.,-3.641026466082E-15));
#6475=DIRECTION('center_axis',(0.,0.,-1.));
#6476=DIRECTION('ref_axis',(-1.,0.,0.));
#6477=DIRECTION('center_axis',(0.,3.641026466082E-15,-1.));
#6478=DIRECTION('ref_axis',(0.,1.,3.641026466082E-15));
#6479=DIRECTION('',(-1.,0.,0.));
#6480=DIRECTION('',(0.,-1.,-3.641026466082E-15));
#6481=DIRECTION('',(-1.,0.,0.));
#6482=DIRECTION('center_axis',(0.,3.641026466082E-15,-1.));
#6483=DIRECTION('ref_axis',(0.,1.,3.641026466082E-15));
#6484=DIRECTION('center_axis',(-1.,0.,0.));
#6485=DIRECTION('ref_axis',(0.,1.,3.491481338843E-15));
#6486=DIRECTION('',(0.,0.,1.));
#6487=DIRECTION('',(0.,-3.641026466082E-15,1.));
#6488=DIRECTION('',(0.,-1.,-3.641026466082E-15));
#6489=DIRECTION('center_axis',(0.,3.641026466082E-15,-1.));
#6490=DIRECTION('ref_axis',(0.,1.,3.641026466082E-15));
#6491=DIRECTION('center_axis',(0.,-3.641026466082E-15,1.));
#6492=DIRECTION('ref_axis',(0.,1.,3.641026466082E-15));
#6493=DIRECTION('center_axis',(0.,-3.641026466082E-15,1.));
#6494=DIRECTION('ref_axis',(0.,1.,3.641026466082E-15));
#6495=DIRECTION('',(-1.,0.,0.));
#6496=DIRECTION('',(0.,-1.,-3.641026466082E-15));
#6497=DIRECTION('',(-1.,0.,0.));
#6498=DIRECTION('center_axis',(0.,-3.641026466082E-15,1.));
#6499=DIRECTION('ref_axis',(0.,1.,3.641026466082E-15));
#6500=DIRECTION('center_axis',(0.,-1.,-3.641026466082E-15));
#6501=DIRECTION('ref_axis',(0.,3.641026466082E-15,-1.));
#6502=DIRECTION('center_axis',(0.,1.,3.641026466082E-15));
#6503=DIRECTION('ref_axis',(0.,3.641026466082E-15,-1.));
#6504=DIRECTION('center_axis',(0.,1.,3.641026466082E-15));
#6505=DIRECTION('ref_axis',(0.,3.641026466082E-15,-1.));
#6506=DIRECTION('',(0.,-1.,-3.641026466082E-15));
#6507=DIRECTION('center_axis',(1.,0.,0.));
#6508=DIRECTION('ref_axis',(0.,-1.,-3.491481338843E-15));
#6509=DIRECTION('',(0.,3.640002184389E-15,-1.));
#6510=DIRECTION('',(0.,3.640002184389E-15,-1.));
#6511=DIRECTION('center_axis',(1.,0.,0.));
#6512=DIRECTION('ref_axis',(0.,-1.,-3.523657060577E-15));
#6513=DIRECTION('center_axis',(1.,0.,0.));
#6514=DIRECTION('ref_axis',(0.,-1.,-3.523657060577E-15));
#6515=DIRECTION('center_axis',(1.,0.,0.));
#6516=DIRECTION('ref_axis',(0.,-1.,-3.491481338843E-15));
#6517=DIRECTION('center_axis',(-1.,0.,0.));
#6518=DIRECTION('ref_axis',(0.,-1.,-3.523657060577E-15));
#6519=DIRECTION('',(0.,3.641026466082E-15,-1.));
#6520=DIRECTION('',(0.,-1.,-3.641026466082E-15));
#6521=DIRECTION('',(0.,3.641026466082E-15,-1.));
#6522=DIRECTION('center_axis',(-1.,0.,0.));
#6523=DIRECTION('ref_axis',(0.,-1.,-3.523657060577E-15));
#6524=DIRECTION('center_axis',(0.,-1.,-3.641026466082E-15));
#6525=DIRECTION('ref_axis',(0.,3.641026466082E-15,-1.));
#6526=DIRECTION('center_axis',(0.,1.,3.641026466082E-15));
#6527=DIRECTION('ref_axis',(1.,0.,0.));
#6528=DIRECTION('center_axis',(0.,1.,3.641026466082E-15));
#6529=DIRECTION('ref_axis',(1.,0.,0.));
#6530=DIRECTION('center_axis',(0.,-1.,-3.641026466082E-15));
#6531=DIRECTION('ref_axis',(-1.,0.,0.));
#6532=DIRECTION('',(-1.,0.,0.));
#6533=DIRECTION('',(0.,3.641026466082E-15,-1.));
#6534=DIRECTION('center_axis',(0.,-1.,-3.641026466082E-15));
#6535=DIRECTION('ref_axis',(-1.,0.,0.));
#6536=DIRECTION('',(1.,0.,0.));
#6537=DIRECTION('',(0.,-3.641026466082E-15,1.));
#6538=DIRECTION('center_axis',(-1.,0.,0.));
#6539=DIRECTION('ref_axis',(0.,1.,3.491481338843E-15));
#6540=DIRECTION('',(0.,1.,3.641026466082E-15));
#6541=DIRECTION('',(0.,3.491481338843E-15,-1.));
#6542=DIRECTION('center_axis',(-1.,0.,0.));
#6543=DIRECTION('ref_axis',(0.,1.,3.523657060577E-15));
#6544=DIRECTION('center_axis',(-1.,0.,0.));
#6545=DIRECTION('ref_axis',(0.,1.,3.491481338843E-15));
#6546=DIRECTION('center_axis',(1.,0.,0.));
#6547=DIRECTION('ref_axis',(0.,1.,3.523657060577E-15));
#6548=DIRECTION('',(0.,3.491481338843E-15,-1.));
#6549=DIRECTION('',(0.,1.,3.641026466082E-15));
#6550=DIRECTION('center_axis',(0.,1.,3.641026466082E-15));
#6551=DIRECTION('ref_axis',(0.,-3.641026466082E-15,1.));
#6552=DIRECTION('center_axis',(0.,1.,3.491481338843E-15));
#6553=DIRECTION('ref_axis',(-1.,0.,0.));
#6554=DIRECTION('',(0.,1.,3.641026466082E-15));
#6555=DIRECTION('center_axis',(0.,-3.641026466082E-15,1.));
#6556=DIRECTION('ref_axis',(0.,-1.,-3.641026466082E-15));
#6557=DIRECTION('',(0.,1.,3.641026466082E-15));
#6558=DIRECTION('center_axis',(0.,-3.641026466082E-15,1.));
#6559=DIRECTION('ref_axis',(0.,1.,3.641026466082E-15));
#6560=DIRECTION('center_axis',(0.,-3.641026466082E-15,1.));
#6561=DIRECTION('ref_axis',(0.,-1.,-3.641026466082E-15));
#6562=DIRECTION('',(-1.,0.,0.));
#6563=DIRECTION('center_axis',(0.,-3.641026466082E-15,1.));
#6564=DIRECTION('ref_axis',(0.,-1.,-3.641026466082E-15));
#6565=DIRECTION('center_axis',(1.,0.,0.));
#6566=DIRECTION('ref_axis',(0.,-1.,-3.491481338843E-15));
#6567=DIRECTION('',(0.,1.,3.641026466082E-15));
#6568=DIRECTION('',(0.,0.,-1.));
#6569=DIRECTION('',(0.,3.491481338843E-15,-1.));
#6570=DIRECTION('center_axis',(0.,-3.641026466082E-15,1.));
#6571=DIRECTION('ref_axis',(0.,-1.,-3.641026466082E-15));
#6572=DIRECTION('center_axis',(0.,0.,-1.));
#6573=DIRECTION('ref_axis',(-1.,0.,0.));
#6574=DIRECTION('center_axis',(0.,3.641026466082E-15,-1.));
#6575=DIRECTION('ref_axis',(0.,-1.,-3.641026466082E-15));
#6576=DIRECTION('',(-1.,0.,0.));
#6577=DIRECTION('',(0.,1.,3.641026466082E-15));
#6578=DIRECTION('center_axis',(0.,3.641026466082E-15,-1.));
#6579=DIRECTION('ref_axis',(0.,-1.,-3.641026466082E-15));
#6580=DIRECTION('center_axis',(0.,1.,3.641026466082E-15));
#6581=DIRECTION('ref_axis',(0.,-3.641026466082E-15,1.));
#6582=DIRECTION('center_axis',(0.,1.,3.491481338843E-15));
#6583=DIRECTION('ref_axis',(-1.,0.,0.));
#6584=DIRECTION('center_axis',(0.,-1.,-3.491481338843E-15));
#6585=DIRECTION('ref_axis',(-1.,0.,0.));
#6586=DIRECTION('',(1.,0.,0.));
#6587=DIRECTION('',(0.,-3.491481338843E-15,1.));
#6588=DIRECTION('center_axis',(1.,0.,0.));
#6589=DIRECTION('ref_axis',(0.,-1.,-3.523657060577E-15));
#6590=DIRECTION('center_axis',(0.,-3.491481338843E-15,1.));
#6591=DIRECTION('ref_axis',(0.,-1.,-3.491481338843E-15));
#6592=DIRECTION('center_axis',(0.,3.491481338843E-15,-1.));
#6593=DIRECTION('ref_axis',(0.,1.,3.491481338843E-15));
#6594=DIRECTION('center_axis',(0.,3.641026466082E-15,-1.));
#6595=DIRECTION('ref_axis',(0.,1.,3.641026466082E-15));
#6596=DIRECTION('center_axis',(0.,-3.641026466082E-15,1.));
#6597=DIRECTION('ref_axis',(0.,-1.,-3.641026466082E-15));
#6598=DIRECTION('center_axis',(-1.,0.,0.));
#6599=DIRECTION('ref_axis',(0.,1.,3.523657060577E-15));
#6600=DIRECTION('center_axis',(1.,0.,0.));
#6601=DIRECTION('ref_axis',(0.,-1.,-3.523657060577E-15));
#6602=DIRECTION('center_axis',(0.,-3.491481338843E-15,1.));
#6603=DIRECTION('ref_axis',(0.,-1.,-3.491481338843E-15));
#6604=DIRECTION('center_axis',(0.,3.491481338843E-15,-1.));
#6605=DIRECTION('ref_axis',(0.,1.,3.491481338843E-15));
#6606=DIRECTION('center_axis',(0.,3.718539385436E-15,-1.));
#6607=DIRECTION('ref_axis',(0.,1.,3.718539385436E-15));
#6608=DIRECTION('center_axis',(0.,3.491481338843E-15,-1.));
#6609=DIRECTION('ref_axis',(0.,1.,3.491481338843E-15));
#6610=DIRECTION('center_axis',(-1.,-4.336808689942E-16,-1.514188661106E-30));
#6611=DIRECTION('ref_axis',(-4.336808689942E-16,1.,3.491481338843E-15));
#6612=DIRECTION('',(0.,-3.491481338843E-15,1.));
#6613=DIRECTION('center_axis',(0.,-1.,-3.491481338843E-15));
#6614=DIRECTION('ref_axis',(-1.,0.,0.));
#6615=DIRECTION('',(0.,3.491481338843E-15,-1.));
#6616=DIRECTION('',(0.,-3.491481338843E-15,1.));
#6617=DIRECTION('center_axis',(-0.49999999999944,-3.02371153627966E-15,
0.866025403784762));
#6618=DIRECTION('ref_axis',(0.866025403784762,-1.74574066942254E-15,0.49999999999944));
#6619=DIRECTION('',(0.,1.,3.491481338843E-15));
#6620=DIRECTION('',(-0.866025403784762,1.74574066942254E-15,-0.49999999999944));
#6621=DIRECTION('center_axis',(-0.49999999999944,-3.02371153627966E-15,
0.866025403784762));
#6622=DIRECTION('ref_axis',(0.866025403784762,-2.16840434497291E-15,0.49999999999944));
#6623=DIRECTION('',(0.,1.,3.491481338843E-15));
#6624=DIRECTION('center_axis',(-0.49999999999944,-3.02371153627966E-15,
0.866025403784762));
#6625=DIRECTION('ref_axis',(0.866025403784762,-2.16840434497291E-15,0.49999999999944));
#6626=DIRECTION('center_axis',(-0.866025403784762,1.74574066942254E-15,
-0.49999999999944));
#6627=DIRECTION('ref_axis',(-0.49999999999944,-3.02371153627966E-15,0.866025403784762));
#6628=DIRECTION('',(0.49999999999944,3.02371153627966E-15,-0.866025403784762));
#6629=DIRECTION('',(0.,1.,3.491481338843E-15));
#6630=DIRECTION('',(-0.49999999999944,-3.02371153627966E-15,0.866025403784762));
#6631=DIRECTION('center_axis',(-0.49999999999944,-3.02371153627966E-15,
0.866025403784762));
#6632=DIRECTION('ref_axis',(0.866025403784762,-1.74574066942254E-15,0.49999999999944));
#6633=DIRECTION('center_axis',(0.49999999999944,3.02371153627966E-15,-0.866025403784762));
#6634=DIRECTION('ref_axis',(0.866025403784762,-2.16840434497291E-15,0.49999999999944));
#6635=DIRECTION('',(-0.866025403784762,1.74574066942254E-15,-0.49999999999944));
#6636=DIRECTION('',(0.,1.,3.491481338843E-15));
#6637=DIRECTION('center_axis',(0.49999999999944,3.02371153627966E-15,-0.866025403784762));
#6638=DIRECTION('ref_axis',(0.866025403784762,-2.16840434497291E-15,0.49999999999944));
#6639=DIRECTION('center_axis',(0.,1.,3.491481338843E-15));
#6640=DIRECTION('ref_axis',(1.,0.,0.));
#6641=DIRECTION('center_axis',(0.,-1.,-3.491481338843E-15));
#6642=DIRECTION('ref_axis',(-1.,-6.05675464442307E-30,1.734723475976E-15));
#6643=DIRECTION('center_axis',(-0.00687638802278336,-0.287261241960121,
0.957827591038851));
#6644=DIRECTION('ref_axis',(0.999922602567784,-0.0119068899622608,0.00360760938805089));
#6645=DIRECTION('center_axis',(0.,1.,3.491481338843E-15));
#6646=DIRECTION('ref_axis',(1.,0.,0.));
#6647=DIRECTION('center_axis',(0.0143592281610052,0.599890022249212,-0.799953607262609));
#6648=DIRECTION('ref_axis',(0.999888128234319,-0.0119660717966539,0.00897463881316029));
#6649=DIRECTION('center_axis',(0.,-1.,-3.491481338843E-15));
#6650=DIRECTION('ref_axis',(1.,0.,0.));
#6651=DIRECTION('center_axis',(0.,1.,3.491481338843E-15));
#6652=DIRECTION('ref_axis',(-1.,0.,0.));
#6653=DIRECTION('',(-0.49999999999944,-3.02371153627966E-15,0.866025403784762));
#6654=DIRECTION('',(0.,3.491481338843E-15,-1.));
#6655=DIRECTION('center_axis',(0.49999999999944,3.02371153627966E-15,-0.866025403784762));
#6656=DIRECTION('ref_axis',(-0.866025403784762,2.16840434497291E-15,-0.49999999999944));
#6657=DIRECTION('center_axis',(-0.49999999999944,-3.02371153627966E-15,
0.866025403784762));
#6658=DIRECTION('ref_axis',(0.866025403784762,-2.16840434497291E-15,0.49999999999944));
#6659=DIRECTION('center_axis',(0.,-3.491481338843E-15,1.));
#6660=DIRECTION('ref_axis',(0.,-1.,-3.491481338843E-15));
#6661=DIRECTION('center_axis',(0.,-3.491481338843E-15,1.));
#6662=DIRECTION('ref_axis',(0.,-1.,-3.491481338843E-15));
#6663=DIRECTION('center_axis',(0.,3.491481338843E-15,-1.));
#6664=DIRECTION('ref_axis',(0.,1.,3.491481338843E-15));
#6665=DIRECTION('center_axis',(0.,3.491481338843E-15,-1.));
#6666=DIRECTION('ref_axis',(0.,1.,3.491481338843E-15));
#6667=DIRECTION('',(1.,0.,-1.346834996876E-16));
#6668=DIRECTION('center_axis',(0.,-1.,-3.491481338843E-15));
#6669=DIRECTION('ref_axis',(0.,3.491481338843E-15,-1.));
#6670=DIRECTION('center_axis',(0.,0.,1.));
#6671=DIRECTION('ref_axis',(-1.,1.22464679914735E-16,0.));
#6672=DIRECTION('center_axis',(0.,0.,1.));
#6673=DIRECTION('ref_axis',(-1.,1.22464679914735E-16,0.));
#6674=DIRECTION('center_axis',(0.,0.,1.));
#6675=DIRECTION('ref_axis',(1.,1.22464679914735E-16,0.));
#6676=DIRECTION('center_axis',(0.,0.,1.));
#6677=DIRECTION('ref_axis',(1.,1.22464679914735E-16,0.));
#6678=DIRECTION('',(0.,0.,1.));
#6679=DIRECTION('',(1.,0.,0.));
#6680=DIRECTION('',(0.,0.,1.));
#6681=DIRECTION('',(1.,0.,0.));
#6682=CARTESIAN_POINT('',(0.,0.,0.));
#6683=CARTESIAN_POINT('',(0.,0.,0.));
#6684=CARTESIAN_POINT('',(0.,0.,0.));
#6685=CARTESIAN_POINT('Origin',(-2.89,2.23,-2.329999999999));
#6686=CARTESIAN_POINT('',(-2.89,2.47999999999996,-2.22999999999895));
#6687=CARTESIAN_POINT('Origin',(-2.89,2.23,-2.229999999999));
#6688=CARTESIAN_POINT('',(-2.89,2.38,-2.329999999999));
#6689=CARTESIAN_POINT('',(-2.89,2.38,-2.329999999999));
#6690=CARTESIAN_POINT('Origin',(-2.89,2.23,-2.329999999999));
#6691=CARTESIAN_POINT('Origin',(-2.89,2.23,-2.329999999999));
#6692=CARTESIAN_POINT('',(-2.89,2.48,-1.579999999999));
#6693=CARTESIAN_POINT('Origin',(-2.89,2.23,-1.579999999999));
#6694=CARTESIAN_POINT('',(-2.89,2.48,-2.329999999999));
#6695=CARTESIAN_POINT('Origin',(2.89,2.23,-2.329999999999));
#6696=CARTESIAN_POINT('',(2.89,2.47999999999996,-2.22999999999895));
#6697=CARTESIAN_POINT('Origin',(2.89,2.23,-2.229999999999));
#6698=CARTESIAN_POINT('',(2.89,2.38,-2.329999999999));
#6699=CARTESIAN_POINT('',(2.89,2.38,-2.329999999999));
#6700=CARTESIAN_POINT('Origin',(2.89,2.23,-2.329999999999));
#6701=CARTESIAN_POINT('Origin',(2.89,2.23,-2.329999999999));
#6702=CARTESIAN_POINT('',(2.89,2.48,-1.579999999999));
#6703=CARTESIAN_POINT('Origin',(2.89,2.23,-1.579999999999));
#6704=CARTESIAN_POINT('',(2.89,2.48,-2.329999999999));
#6705=CARTESIAN_POINT('Origin',(3.5,-3.199999999999,-0.35));
#6706=CARTESIAN_POINT('',(3.5,-2.333974596215,-0.35));
#6707=CARTESIAN_POINT('',(3.5,0.8,-0.349999999999));
#6708=CARTESIAN_POINT('',(3.5,-3.199999999999,-0.35));
#6709=CARTESIAN_POINT('',(3.5,0.799999999999,0.35));
#6710=CARTESIAN_POINT('',(3.5,0.8,-0.349999999999));
#6711=CARTESIAN_POINT('',(3.5,-2.333974596215,0.349999999999));
#6712=CARTESIAN_POINT('',(3.5,-3.2,0.349999999999));
#6713=CARTESIAN_POINT('',(3.5,-2.333974596215,-0.35));
#6714=CARTESIAN_POINT('Origin',(-3.5,-3.2,0.349999999999));
#6715=CARTESIAN_POINT('',(-3.5,0.799999999999,0.35));
#6716=CARTESIAN_POINT('',(-3.5,0.799999999999,0.35));
#6717=CARTESIAN_POINT('',(-3.5,-2.333974596215,0.349999999999));
#6718=CARTESIAN_POINT('',(-3.5,-3.2,0.349999999999));
#6719=CARTESIAN_POINT('',(-3.086602540378,-3.05,0.349999999999));
#6720=CARTESIAN_POINT('',(-2.999999999999,-3.2,0.349999999999));
#6721=CARTESIAN_POINT('',(3.086602540378,-3.05,0.349999999999));
#6722=CARTESIAN_POINT('',(-3.5,-3.05,0.349999999999));
#6723=CARTESIAN_POINT('',(2.999999999999,-3.2,0.349999999999));
#6724=CARTESIAN_POINT('Origin',(-3.5,-3.199999999999,-0.35));
#6725=CARTESIAN_POINT('',(-3.5,0.8,-0.349999999999));
#6726=CARTESIAN_POINT('',(-3.5,0.8,-0.349999999999));
#6727=CARTESIAN_POINT('',(-3.5,-2.333974596215,-0.35));
#6728=CARTESIAN_POINT('',(-3.5,-3.199999999999,-0.35));
#6729=CARTESIAN_POINT('',(-3.5,-2.333974596215,-0.35));
#6730=CARTESIAN_POINT('Origin',(-3.5,-3.199999999999,-0.35));
#6731=CARTESIAN_POINT('',(-3.5,0.8,-0.349999999999));
#6732=CARTESIAN_POINT('',(3.086602540378,-3.049999999999,-0.35));
#6733=CARTESIAN_POINT('',(2.999999999999,-3.199999999999,-0.35));
#6734=CARTESIAN_POINT('',(-3.086602540378,-3.049999999999,-0.35));
#6735=CARTESIAN_POINT('',(-3.5,-3.049999999999,-0.35));
#6736=CARTESIAN_POINT('',(-2.999999999999,-3.199999999999,-0.35));
#6737=CARTESIAN_POINT('Origin',(0.,-3.2,-1.117274028429E-14));
#6738=CARTESIAN_POINT('',(-2.999999999999,-3.2,0.199999999999));
#6739=CARTESIAN_POINT('',(-2.999999999999,-3.199999999999,-0.2));
#6740=CARTESIAN_POINT('',(-2.999999999999,-3.2,-1.117274028429E-14));
#6741=CARTESIAN_POINT('',(2.999999999999,-3.199999999999,-0.2));
#6742=CARTESIAN_POINT('',(0.,-3.199999999999,-0.2));
#6743=CARTESIAN_POINT('',(2.999999999999,-3.2,0.199999999999));
#6744=CARTESIAN_POINT('',(2.999999999999,-3.2,-1.117274028429E-14));
#6745=CARTESIAN_POINT('',(0.,-3.2,0.199999999999));
#6746=CARTESIAN_POINT('Origin',(-2.999999999999,-3.2,-1.117274028429E-14));
#6747=CARTESIAN_POINT('',(-2.950512834069,-3.285714285714,-0.114285714285));
#6748=CARTESIAN_POINT('',(-2.950512834069,-3.285714285714,0.114285714285));
#6749=CARTESIAN_POINT('Origin',(2.999999999999,-3.2,-1.117274028429E-14));
#6750=CARTESIAN_POINT('',(2.950512834069,-3.285714285714,-0.114285714285));
#6751=CARTESIAN_POINT('',(2.950512834069,-3.285714285714,0.114285714285));
#6752=CARTESIAN_POINT('Origin',(0.,-3.199999999999,-0.2));
#6753=CARTESIAN_POINT('Origin',(0.,-3.2,0.199999999999));
#6754=CARTESIAN_POINT('Origin',(3.219999999999,0.799999999999,0.33));
#6755=CARTESIAN_POINT('',(-3.219999999999,0.8,-1.179999999999));
#6756=CARTESIAN_POINT('',(3.219999999999,0.8,-1.179999999999));
#6757=CARTESIAN_POINT('',(3.219999999999,0.8,-1.179999999999));
#6758=CARTESIAN_POINT('',(4.069999999999,0.8,-0.329999999999));
#6759=CARTESIAN_POINT('Origin',(3.219999999999,0.8,-0.329999999999));
#6760=CARTESIAN_POINT('',(4.07,0.799999999999,0.33));
#6761=CARTESIAN_POINT('',(4.069999999999,0.799999999999,0.33));
#6762=CARTESIAN_POINT('',(3.219999999999,0.799999999999,1.18));
#6763=CARTESIAN_POINT('Origin',(3.219999999999,0.799999999999,0.33));
#6764=CARTESIAN_POINT('',(-3.219999999999,0.799999999999,1.18));
#6765=CARTESIAN_POINT('',(-3.219999999999,0.799999999999,1.18));
#6766=CARTESIAN_POINT('',(-4.07,0.799999999999,0.33));
#6767=CARTESIAN_POINT('Origin',(-3.219999999999,0.799999999999,0.33));
#6768=CARTESIAN_POINT('',(-4.07,0.8,-0.329999999999));
#6769=CARTESIAN_POINT('',(-4.07,0.799999999999,0.329999999999));
#6770=CARTESIAN_POINT('Origin',(-3.219999999999,0.8,-0.329999999999));
#6771=CARTESIAN_POINT('Origin',(0.,3.299999999999,1.152188841818E-14));
#6772=CARTESIAN_POINT('',(-3.4,3.3,-1.579999999999));
#6773=CARTESIAN_POINT('',(-3.399999999999,3.3,-1.479999999999));
#6774=CARTESIAN_POINT('',(-3.399999999999,3.299999999999,1.152188841818E-14));
#6775=CARTESIAN_POINT('',(-4.169999999999,3.3,-1.579999999999));
#6776=CARTESIAN_POINT('',(4.169999999999,3.3,-1.579999999999));
#6777=CARTESIAN_POINT('',(-4.169999999999,3.299999999999,0.33));
#6778=CARTESIAN_POINT('',(-4.169999999999,3.299999999999,6.041739255437E-15));
#6779=CARTESIAN_POINT('',(-3.219999999999,3.299999999999,1.28));
#6780=CARTESIAN_POINT('Origin',(-3.219999999999,3.299999999999,0.33));
#6781=CARTESIAN_POINT('',(-2.2,3.299999999999,1.28));
#6782=CARTESIAN_POINT('',(0.,3.299999999999,1.28));
#6783=CARTESIAN_POINT('',(-2.2,3.299999999999,0.333145558529));
#6784=CARTESIAN_POINT('',(-2.2,3.299999999999,1.152188841818E-14));
#6785=CARTESIAN_POINT('',(-0.636410161513,3.299999999999,1.235884572681));
#6786=CARTESIAN_POINT('',(-0.694256258422,3.299999999999,1.202487113059));
#6787=CARTESIAN_POINT('',(-0.546410161513,3.299999999999,1.26));
#6788=CARTESIAN_POINT('Origin',(-0.546410161513,3.299999999999,1.08));
#6789=CARTESIAN_POINT('',(0.546410161513,3.299999999999,1.26));
#6790=CARTESIAN_POINT('',(2.500126889198E-16,3.299999999999,1.26));
#6791=CARTESIAN_POINT('',(0.636410161513,3.299999999999,1.235884572681));
#6792=CARTESIAN_POINT('Origin',(0.546410161513,3.299999999999,1.08));
#6793=CARTESIAN_POINT('',(2.2,3.299999999999,0.333145558529));
#6794=CARTESIAN_POINT('',(0.694256258422,3.299999999999,1.202487113059));
#6795=CARTESIAN_POINT('',(2.2,3.299999999999,1.28));
#6796=CARTESIAN_POINT('',(2.2,3.299999999999,1.152188841818E-14));
#6797=CARTESIAN_POINT('',(3.219999999999,3.299999999999,1.28));
#6798=CARTESIAN_POINT('',(0.,3.299999999999,1.28));
#6799=CARTESIAN_POINT('',(4.169999999999,3.299999999999,0.33));
#6800=CARTESIAN_POINT('Origin',(3.219999999999,3.299999999999,0.33));
#6801=CARTESIAN_POINT('',(4.169999999999,3.3,-1.579999999999));
#6802=CARTESIAN_POINT('',(4.169999999999,3.299999999999,1.152188841818E-14));
#6803=CARTESIAN_POINT('',(3.399999999999,3.3,-1.579999999999));
#6804=CARTESIAN_POINT('',(4.169999999999,3.3,-1.579999999999));
#6805=CARTESIAN_POINT('',(3.399999999999,3.3,-1.479999999999));
#6806=CARTESIAN_POINT('',(3.399999999999,3.299999999999,1.152188841818E-14));
#6807=CARTESIAN_POINT('',(2.999999999999,3.3,-1.479999999999));
#6808=CARTESIAN_POINT('',(0.,3.3,-1.479999999999));
#6809=CARTESIAN_POINT('',(2.999999999999,3.3,-1.579999999999));
#6810=CARTESIAN_POINT('',(2.999999999999,3.299999999999,1.152188841818E-14));
#6811=CARTESIAN_POINT('',(2.6,3.3,-1.579999999999));
#6812=CARTESIAN_POINT('',(4.169999999999,3.3,-1.579999999999));
#6813=CARTESIAN_POINT('',(2.6,3.3,-1.479999999999));
#6814=CARTESIAN_POINT('',(2.6,3.299999999999,1.152188841818E-14));
#6815=CARTESIAN_POINT('',(2.199999999999,3.3,-1.479999999999));
#6816=CARTESIAN_POINT('',(0.,3.3,-1.479999999999));
#6817=CARTESIAN_POINT('',(2.199999999999,3.3,-1.579999999999));
#6818=CARTESIAN_POINT('',(2.199999999999,3.299999999999,1.152188841818E-14));
#6819=CARTESIAN_POINT('',(1.85,3.3,-1.579999999999));
#6820=CARTESIAN_POINT('',(4.169999999999,3.3,-1.579999999999));
#6821=CARTESIAN_POINT('',(1.85,3.3,-1.479999999999));
#6822=CARTESIAN_POINT('',(1.85,3.299999999999,1.152188841818E-14));
#6823=CARTESIAN_POINT('',(1.649999999999,3.3,-1.479999999999));
#6824=CARTESIAN_POINT('',(0.,3.3,-1.479999999999));
#6825=CARTESIAN_POINT('',(1.649999999999,3.3,-1.579999999999));
#6826=CARTESIAN_POINT('',(1.649999999999,3.299999999999,1.152188841818E-14));
#6827=CARTESIAN_POINT('',(1.35,3.3,-1.579999999999));
#6828=CARTESIAN_POINT('',(4.169999999999,3.3,-1.579999999999));
#6829=CARTESIAN_POINT('',(1.35,3.3,-1.479999999999));
#6830=CARTESIAN_POINT('',(1.35,3.299999999999,1.152188841818E-14));
#6831=CARTESIAN_POINT('',(1.149999999999,3.3,-1.479999999999));
#6832=CARTESIAN_POINT('',(0.,3.3,-1.479999999999));
#6833=CARTESIAN_POINT('',(1.149999999999,3.3,-1.579999999999));
#6834=CARTESIAN_POINT('',(1.149999999999,3.299999999999,1.152188841818E-14));
#6835=CARTESIAN_POINT('',(0.85,3.3,-1.579999999999));
#6836=CARTESIAN_POINT('',(4.169999999999,3.3,-1.579999999999));
#6837=CARTESIAN_POINT('',(0.849999999999,3.3,-1.479999999999));
#6838=CARTESIAN_POINT('',(0.849999999999,3.299999999999,1.152188841818E-14));
#6839=CARTESIAN_POINT('',(0.65,3.3,-1.479999999999));
#6840=CARTESIAN_POINT('',(0.,3.3,-1.479999999999));
#6841=CARTESIAN_POINT('',(0.65,3.3,-1.579999999999));
#6842=CARTESIAN_POINT('',(0.65,3.299999999999,1.152188841818E-14));
#6843=CARTESIAN_POINT('',(0.35,3.3,-1.579999999999));
#6844=CARTESIAN_POINT('',(4.169999999999,3.3,-1.579999999999));
#6845=CARTESIAN_POINT('',(0.35,3.3,-1.479999999999));
#6846=CARTESIAN_POINT('',(0.35,3.299999999999,1.152188841818E-14));
#6847=CARTESIAN_POINT('',(0.15,3.3,-1.479999999999));
#6848=CARTESIAN_POINT('',(0.,3.3,-1.479999999999));
#6849=CARTESIAN_POINT('',(0.149999999999,3.3,-1.579999999999));
#6850=CARTESIAN_POINT('',(0.15,3.299999999999,1.152188841818E-14));
#6851=CARTESIAN_POINT('',(-0.149999999999,3.3,-1.579999999999));
#6852=CARTESIAN_POINT('',(4.169999999999,3.3,-1.579999999999));
#6853=CARTESIAN_POINT('',(-0.15,3.3,-1.479999999999));
#6854=CARTESIAN_POINT('',(-0.15,3.299999999999,1.152188841818E-14));
#6855=CARTESIAN_POINT('',(-0.35,3.3,-1.479999999999));
#6856=CARTESIAN_POINT('',(0.,3.3,-1.479999999999));
#6857=CARTESIAN_POINT('',(-0.349999999999,3.3,-1.579999999999));
#6858=CARTESIAN_POINT('',(-0.35,3.299999999999,1.152188841818E-14));
#6859=CARTESIAN_POINT('',(-0.649999999999,3.3,-1.579999999999));
#6860=CARTESIAN_POINT('',(4.169999999999,3.3,-1.579999999999));
#6861=CARTESIAN_POINT('',(-0.65,3.3,-1.479999999999));
#6862=CARTESIAN_POINT('',(-0.65,3.299999999999,1.152188841818E-14));
#6863=CARTESIAN_POINT('',(-0.849999999999,3.3,-1.479999999999));
#6864=CARTESIAN_POINT('',(0.,3.3,-1.479999999999));
#6865=CARTESIAN_POINT('',(-0.85,3.3,-1.579999999999));
#6866=CARTESIAN_POINT('',(-0.849999999999,3.299999999999,1.152188841818E-14));
#6867=CARTESIAN_POINT('',(-1.149999999999,3.3,-1.579999999999));
#6868=CARTESIAN_POINT('',(4.169999999999,3.3,-1.579999999999));
#6869=CARTESIAN_POINT('',(-1.149999999999,3.3,-1.479999999999));
#6870=CARTESIAN_POINT('',(-1.149999999999,3.299999999999,1.152188841818E-14));
#6871=CARTESIAN_POINT('',(-1.35,3.3,-1.479999999999));
#6872=CARTESIAN_POINT('',(0.,3.3,-1.479999999999));
#6873=CARTESIAN_POINT('',(-1.35,3.3,-1.579999999999));
#6874=CARTESIAN_POINT('',(-1.35,3.299999999999,1.152188841818E-14));
#6875=CARTESIAN_POINT('',(-1.65,3.3,-1.579999999999));
#6876=CARTESIAN_POINT('',(4.169999999999,3.3,-1.579999999999));
#6877=CARTESIAN_POINT('',(-1.649999999999,3.3,-1.479999999999));
#6878=CARTESIAN_POINT('',(-1.649999999999,3.299999999999,1.152188841818E-14));
#6879=CARTESIAN_POINT('',(-1.85,3.3,-1.479999999999));
#6880=CARTESIAN_POINT('',(0.,3.3,-1.479999999999));
#6881=CARTESIAN_POINT('',(-1.85,3.3,-1.579999999999));
#6882=CARTESIAN_POINT('',(-1.85,3.299999999999,1.152188841818E-14));
#6883=CARTESIAN_POINT('',(-2.199999999999,3.3,-1.579999999999));
#6884=CARTESIAN_POINT('',(4.169999999999,3.3,-1.579999999999));
#6885=CARTESIAN_POINT('',(-2.199999999999,3.3,-1.479999999999));
#6886=CARTESIAN_POINT('',(-2.199999999999,3.299999999999,1.152188841818E-14));
#6887=CARTESIAN_POINT('',(-2.6,3.3,-1.479999999999));
#6888=CARTESIAN_POINT('',(0.,3.3,-1.479999999999));
#6889=CARTESIAN_POINT('',(-2.6,3.3,-1.579999999999));
#6890=CARTESIAN_POINT('',(-2.6,3.299999999999,1.152188841818E-14));
#6891=CARTESIAN_POINT('',(-2.999999999999,3.3,-1.579999999999));
#6892=CARTESIAN_POINT('',(4.169999999999,3.3,-1.579999999999));
#6893=CARTESIAN_POINT('',(-2.999999999999,3.3,-1.479999999999));
#6894=CARTESIAN_POINT('',(-2.999999999999,3.299999999999,1.152188841818E-14));
#6895=CARTESIAN_POINT('',(0.,3.3,-1.479999999999));
#6896=CARTESIAN_POINT('Origin',(4.169999999999,-6.924058688477,-2.417522169987E-14));
#6897=CARTESIAN_POINT('',(4.169999999999,0.899999999999,0.33));
#6898=CARTESIAN_POINT('',(4.169999999999,-6.924058688477,0.329999999999));
#6899=CARTESIAN_POINT('',(4.169999999999,0.9,-0.329999999999));
#6900=CARTESIAN_POINT('',(4.169999999999,0.9,-0.329999999999));
#6901=CARTESIAN_POINT('',(4.169999999999,1.8,-0.329999999999));
#6902=CARTESIAN_POINT('',(4.169999999999,-6.924058688477,-0.33));
#6903=CARTESIAN_POINT('',(4.169999999999,1.8,-1.579999999999));
#6904=CARTESIAN_POINT('',(4.169999999999,1.8,-0.329999999999));
#6905=CARTESIAN_POINT('',(4.169999999999,-6.633154807069,-1.58));
#6906=CARTESIAN_POINT('Origin',(3.219999999999,-6.924058688477,0.329999999999));
#6907=CARTESIAN_POINT('',(3.219999999999,0.899999999999,1.28));
#6908=CARTESIAN_POINT('',(3.219999999999,-6.924058688477,1.279999999999));
#6909=CARTESIAN_POINT('Origin',(3.219999999999,0.899999999999,0.33));
#6910=CARTESIAN_POINT('Origin',(0.,-6.924058688477,1.279999999999));
#6911=CARTESIAN_POINT('',(2.2,2.599999999999,1.28));
#6912=CARTESIAN_POINT('',(2.2,-1.950725867383,1.279999999999));
#6913=CARTESIAN_POINT('',(-2.2,2.599999999999,1.28));
#6914=CARTESIAN_POINT('',(0.,2.599999999999,1.28));
#6915=CARTESIAN_POINT('',(-2.2,-1.950725867383,1.279999999999));
#6916=CARTESIAN_POINT('',(-3.219999999999,0.899999999999,1.28));
#6917=CARTESIAN_POINT('',(-3.219999999999,-6.924058688477,1.279999999999));
#6918=CARTESIAN_POINT('',(3.219999999999,0.899999999999,1.28));
#6919=CARTESIAN_POINT('Origin',(-3.219999999999,-6.924058688477,0.329999999999));
#6920=CARTESIAN_POINT('',(-4.169999999999,0.899999999999,0.33));
#6921=CARTESIAN_POINT('',(-4.169999999999,-6.924058688477,0.329999999999));
#6922=CARTESIAN_POINT('Origin',(-3.219999999999,0.899999999999,0.33));
#6923=CARTESIAN_POINT('Origin',(-4.169999999999,-6.924058688477,-2.965537086261E-14));
#6924=CARTESIAN_POINT('',(-4.169999999999,0.9,-0.329999999999));
#6925=CARTESIAN_POINT('',(-4.169999999999,1.8,-0.329999999999));
#6926=CARTESIAN_POINT('',(-4.169999999999,-6.924058688477,-0.33));
#6927=CARTESIAN_POINT('',(-4.169999999999,0.899999999999,-2.337815957786E-15));
#6928=CARTESIAN_POINT('',(-4.169999999999,1.8,-1.579999999999));
#6929=CARTESIAN_POINT('',(-4.169999999999,-6.633154807069,-1.58));
#6930=CARTESIAN_POINT('',(-4.169999999999,1.8,-0.329999999999));
#6931=CARTESIAN_POINT('Origin',(-3.219999999999,-6.924058688477,-0.33));
#6932=CARTESIAN_POINT('',(-3.219999999999,1.8,-1.279999999999));
#6933=CARTESIAN_POINT('Origin',(-3.219999999999,1.8,-0.329999999999));
#6934=CARTESIAN_POINT('',(-3.219999999999,0.9,-1.279999999999));
#6935=CARTESIAN_POINT('',(-3.219999999999,-6.924058688477,-1.28));
#6936=CARTESIAN_POINT('Origin',(-3.219999999999,0.9,-0.329999999999));
#6937=CARTESIAN_POINT('Origin',(0.,-6.924058688477,-1.28));
#6938=CARTESIAN_POINT('',(3.219999999999,1.8,-1.279999999999));
#6939=CARTESIAN_POINT('',(0.,1.8,-1.279999999999));
#6940=CARTESIAN_POINT('',(3.219999999999,0.9,-1.279999999999));
#6941=CARTESIAN_POINT('',(3.219999999999,-6.924058688477,-1.28));
#6942=CARTESIAN_POINT('',(-3.219999999999,0.9,-1.279999999999));
#6943=CARTESIAN_POINT('Origin',(3.219999999999,-6.924058688477,-0.33));
#6944=CARTESIAN_POINT('Origin',(3.219999999999,1.8,-0.329999999999));
#6945=CARTESIAN_POINT('Origin',(3.219999999999,0.9,-0.329999999999));
#6946=CARTESIAN_POINT('Origin',(-3.219999999999,0.799999999999,0.33));
#6947=CARTESIAN_POINT('',(-3.219999999999,0.899999999999,1.28));
#6948=CARTESIAN_POINT('',(-4.07,0.799999999999,0.33));
#6949=CARTESIAN_POINT('Origin',(-4.07,0.799999999999,0.329999999999));
#6950=CARTESIAN_POINT('',(-4.07,0.8,-0.329999999999));
#6951=CARTESIAN_POINT('Origin',(3.219999999999,0.799999999999,1.18));
#6952=CARTESIAN_POINT('',(3.219999999999,0.899999999999,1.28));
#6953=CARTESIAN_POINT('Origin',(-3.219999999999,0.8,-0.329999999999));
#6954=CARTESIAN_POINT('',(-3.219999999999,0.8,-1.179999999999));
#6955=CARTESIAN_POINT('Origin',(3.219999999999,0.799999999999,0.33));
#6956=CARTESIAN_POINT('',(4.169999999999,0.899999999999,0.33));
#6957=CARTESIAN_POINT('Origin',(3.219999999999,0.8,-1.179999999999));
#6958=CARTESIAN_POINT('',(3.219999999999,0.8,-1.179999999999));
#6959=CARTESIAN_POINT('Origin',(4.069999999999,0.799999999999,0.33));
#6960=CARTESIAN_POINT('',(4.169999999999,0.9,-0.329999999999));
#6961=CARTESIAN_POINT('Origin',(3.219999999999,0.8,-0.329999999999));
#6962=CARTESIAN_POINT('Origin',(0.546410161513,-1.950725867383,1.079999999999));
#6963=CARTESIAN_POINT('',(0.636410161513,2.599999999999,1.235884572681));
#6964=CARTESIAN_POINT('',(0.636410161513,-1.950725867383,1.235884572681));
#6965=CARTESIAN_POINT('',(0.546410161513,2.599999999999,1.26));
#6966=CARTESIAN_POINT('',(0.546410161513,-1.950725867383,1.259999999999));
#6967=CARTESIAN_POINT('Origin',(0.546410161513,2.599999999999,1.08));
#6968=CARTESIAN_POINT('Origin',(0.694256258422,-1.950725867383,1.202487113059));
#6969=CARTESIAN_POINT('',(2.2,2.599999999999,0.333145558529));
#6970=CARTESIAN_POINT('',(0.694256258422,2.599999999999,1.202487113059));
#6971=CARTESIAN_POINT('',(2.2,-1.950725867383,0.333145558529));
#6972=CARTESIAN_POINT('Origin',(2.2,-1.950725867383,-6.810922963167E-15));
#6973=CARTESIAN_POINT('',(2.2,2.6,9.077851480992E-15));
#6974=CARTESIAN_POINT('Origin',(-2.2,-1.950725867383,-6.810922963167E-15));
#6975=CARTESIAN_POINT('',(-2.2,2.599999999999,0.333145558529));
#6976=CARTESIAN_POINT('',(-2.2,2.6,9.077851480992E-15));
#6977=CARTESIAN_POINT('',(-2.2,-1.950725867383,0.333145558529));
#6978=CARTESIAN_POINT('Origin',(-0.694256258422,-1.950725867383,1.202487113059));
#6979=CARTESIAN_POINT('',(-0.636410161513,2.599999999999,1.235884572681));
#6980=CARTESIAN_POINT('',(-0.694256258422,2.599999999999,1.202487113059));
#6981=CARTESIAN_POINT('',(-0.636410161513,-1.950725867383,1.235884572681));
#6982=CARTESIAN_POINT('Origin',(-0.546410161513,-1.950725867383,1.079999999999));
#6983=CARTESIAN_POINT('',(-0.546410161513,2.599999999999,1.26));
#6984=CARTESIAN_POINT('',(-0.546410161513,-1.950725867383,1.259999999999));
#6985=CARTESIAN_POINT('Origin',(-0.546410161513,2.599999999999,1.08));
#6986=CARTESIAN_POINT('Origin',(2.500126889198E-16,-1.950725867383,1.259999999999));
#6987=CARTESIAN_POINT('',(2.500126889198E-16,2.599999999999,1.26));
#6988=CARTESIAN_POINT('Origin',(-0.546410161513,2.599999999999,1.08));
#6989=CARTESIAN_POINT('Origin',(-4.47,1.799999999999,0.33));
#6990=CARTESIAN_POINT('',(4.169999999999,1.8,-1.579999999999));
#6991=CARTESIAN_POINT('Origin',(4.169999999999,-6.633154807069,-1.58));
#6992=CARTESIAN_POINT('',(-3.399999999999,3.,-1.579999999999));
#6993=CARTESIAN_POINT('',(-3.4,-6.633154807069,-1.58));
#6994=CARTESIAN_POINT('',(-2.999999999999,3.,-1.579999999999));
#6995=CARTESIAN_POINT('',(4.169999999999,3.,-1.579999999999));
#6996=CARTESIAN_POINT('',(-2.999999999999,-6.633154807069,-1.58));
#6997=CARTESIAN_POINT('',(-2.6,3.,-1.579999999999));
#6998=CARTESIAN_POINT('',(-2.6,-6.633154807069,-1.58));
#6999=CARTESIAN_POINT('',(-2.199999999999,3.,-1.579999999999));
#7000=CARTESIAN_POINT('',(4.169999999999,3.,-1.579999999999));
#7001=CARTESIAN_POINT('',(-2.199999999999,-6.633154807069,-1.58));
#7002=CARTESIAN_POINT('',(-1.85,3.,-1.579999999999));
#7003=CARTESIAN_POINT('',(-1.85,-6.633154807069,-1.58));
#7004=CARTESIAN_POINT('',(-1.649999999999,3.,-1.579999999999));
#7005=CARTESIAN_POINT('',(4.169999999999,3.,-1.579999999999));
#7006=CARTESIAN_POINT('',(-1.65,-6.633154807069,-1.58));
#7007=CARTESIAN_POINT('',(-1.35,3.,-1.579999999999));
#7008=CARTESIAN_POINT('',(-1.35,-6.633154807069,-1.58));
#7009=CARTESIAN_POINT('',(-1.149999999999,3.,-1.579999999999));
#7010=CARTESIAN_POINT('',(4.169999999999,3.,-1.579999999999));
#7011=CARTESIAN_POINT('',(-1.149999999999,-6.633154807069,-1.58));
#7012=CARTESIAN_POINT('',(-0.849999999999,3.,-1.579999999999));
#7013=CARTESIAN_POINT('',(-0.85,-6.633154807069,-1.58));
#7014=CARTESIAN_POINT('',(-0.65,3.,-1.579999999999));
#7015=CARTESIAN_POINT('',(4.169999999999,3.,-1.579999999999));
#7016=CARTESIAN_POINT('',(-0.649999999999,-6.633154807069,-1.58));
#7017=CARTESIAN_POINT('',(-0.35,3.,-1.579999999999));
#7018=CARTESIAN_POINT('',(-0.349999999999,-6.633154807069,-1.58));
#7019=CARTESIAN_POINT('',(-0.15,3.,-1.579999999999));
#7020=CARTESIAN_POINT('',(4.169999999999,3.,-1.579999999999));
#7021=CARTESIAN_POINT('',(-0.149999999999,-6.633154807069,-1.58));
#7022=CARTESIAN_POINT('',(0.149999999999,3.,-1.579999999999));
#7023=CARTESIAN_POINT('',(0.149999999999,-6.633154807069,-1.58));
#7024=CARTESIAN_POINT('',(0.35,3.,-1.579999999999));
#7025=CARTESIAN_POINT('',(4.169999999999,3.,-1.579999999999));
#7026=CARTESIAN_POINT('',(0.35,-6.633154807069,-1.58));
#7027=CARTESIAN_POINT('',(0.65,3.,-1.579999999999));
#7028=CARTESIAN_POINT('',(0.65,-6.633154807069,-1.58));
#7029=CARTESIAN_POINT('',(0.849999999999,3.,-1.579999999999));
#7030=CARTESIAN_POINT('',(4.169999999999,3.,-1.579999999999));
#7031=CARTESIAN_POINT('',(0.85,-6.633154807069,-1.58));
#7032=CARTESIAN_POINT('',(1.149999999999,3.,-1.579999999999));
#7033=CARTESIAN_POINT('',(1.149999999999,-6.633154807069,-1.58));
#7034=CARTESIAN_POINT('',(1.35,3.,-1.579999999999));
#7035=CARTESIAN_POINT('',(4.169999999999,3.,-1.579999999999));
#7036=CARTESIAN_POINT('',(1.35,-6.633154807069,-1.58));
#7037=CARTESIAN_POINT('',(1.649999999999,3.,-1.579999999999));
#7038=CARTESIAN_POINT('',(1.649999999999,-6.633154807069,-1.58));
#7039=CARTESIAN_POINT('',(1.85,3.,-1.579999999999));
#7040=CARTESIAN_POINT('',(4.169999999999,3.,-1.579999999999));
#7041=CARTESIAN_POINT('',(1.85,-6.633154807069,-1.58));
#7042=CARTESIAN_POINT('',(2.199999999999,3.,-1.579999999999));
#7043=CARTESIAN_POINT('',(2.199999999999,-6.633154807069,-1.58));
#7044=CARTESIAN_POINT('',(2.6,3.,-1.579999999999));
#7045=CARTESIAN_POINT('',(4.169999999999,3.,-1.579999999999));
#7046=CARTESIAN_POINT('',(2.6,-6.633154807069,-1.58));
#7047=CARTESIAN_POINT('',(2.999999999999,3.,-1.579999999999));
#7048=CARTESIAN_POINT('',(2.999999999999,-6.633154807069,-1.58));
#7049=CARTESIAN_POINT('',(3.399999999999,3.,-1.579999999999));
#7050=CARTESIAN_POINT('',(4.169999999999,3.,-1.579999999999));
#7051=CARTESIAN_POINT('',(3.399999999999,-6.633154807069,-1.58));
#7052=CARTESIAN_POINT('Origin',(0.35,3.8,-1.479999999999));
#7053=CARTESIAN_POINT('',(0.35,3.8,-1.479999999999));
#7054=CARTESIAN_POINT('',(0.35,3.8,-1.479999999999));
#7055=CARTESIAN_POINT('',(0.15,3.8,-1.479999999999));
#7056=CARTESIAN_POINT('',(0.35,3.8,-1.479999999999));
#7057=CARTESIAN_POINT('',(0.15,3.8,-1.479999999999));
#7058=CARTESIAN_POINT('Origin',(0.35,3.,-1.629999999999));
#7059=CARTESIAN_POINT('',(0.35,3.,-1.629999999999));
#7060=CARTESIAN_POINT('',(0.35,3.,-1.629999999999));
#7061=CARTESIAN_POINT('',(0.15,3.,-1.629999999999));
#7062=CARTESIAN_POINT('',(0.15,3.,-1.629999999999));
#7063=CARTESIAN_POINT('',(0.35,3.,-1.629999999999));
#7064=CARTESIAN_POINT('Origin',(0.35,3.8,-1.629999999999));
#7065=CARTESIAN_POINT('',(0.15,3.8,-1.629999999999));
#7066=CARTESIAN_POINT('',(0.15,3.8,-1.629999999999));
#7067=CARTESIAN_POINT('',(0.35,3.8,-1.629999999999));
#7068=CARTESIAN_POINT('',(0.35,3.8,-1.629999999999));
#7069=CARTESIAN_POINT('',(0.35,3.8,-1.629999999999));
#7070=CARTESIAN_POINT('Origin',(0.35,3.8,-1.479999999999));
#7071=CARTESIAN_POINT('',(0.15,3.8,-1.479999999999));
#7072=CARTESIAN_POINT('',(0.35,3.8,-1.479999999999));
#7073=CARTESIAN_POINT('Origin',(0.35,0.,0.));
#7074=CARTESIAN_POINT('Origin',(0.15,0.,0.));
#7075=CARTESIAN_POINT('Origin',(0.849999999999,3.8,-1.479999999999));
#7076=CARTESIAN_POINT('',(0.849999999999,3.8,-1.479999999999));
#7077=CARTESIAN_POINT('',(0.849999999999,3.8,-1.479999999999));
#7078=CARTESIAN_POINT('',(0.65,3.8,-1.479999999999));
#7079=CARTESIAN_POINT('',(0.849999999999,3.8,-1.479999999999));
#7080=CARTESIAN_POINT('',(0.65,3.8,-1.479999999999));
#7081=CARTESIAN_POINT('Origin',(0.849999999999,3.,-1.629999999999));
#7082=CARTESIAN_POINT('',(0.849999999999,3.,-1.629999999999));
#7083=CARTESIAN_POINT('',(0.849999999999,3.,-1.629999999999));
#7084=CARTESIAN_POINT('',(0.65,3.,-1.629999999999));
#7085=CARTESIAN_POINT('',(0.65,3.,-1.629999999999));
#7086=CARTESIAN_POINT('',(0.849999999999,3.,-1.629999999999));
#7087=CARTESIAN_POINT('Origin',(0.849999999999,3.8,-1.629999999999));
#7088=CARTESIAN_POINT('',(0.65,3.8,-1.629999999999));
#7089=CARTESIAN_POINT('',(0.65,3.8,-1.629999999999));
#7090=CARTESIAN_POINT('',(0.849999999999,3.8,-1.629999999999));
#7091=CARTESIAN_POINT('',(0.849999999999,3.8,-1.629999999999));
#7092=CARTESIAN_POINT('',(0.849999999999,3.8,-1.629999999999));
#7093=CARTESIAN_POINT('Origin',(0.849999999999,3.8,-1.479999999999));
#7094=CARTESIAN_POINT('',(0.65,3.8,-1.479999999999));
#7095=CARTESIAN_POINT('',(0.849999999999,3.8,-1.479999999999));
#7096=CARTESIAN_POINT('Origin',(0.849999999999,0.,0.));
#7097=CARTESIAN_POINT('Origin',(0.65,0.,0.));
#7098=CARTESIAN_POINT('Origin',(1.35,3.8,-1.479999999999));
#7099=CARTESIAN_POINT('',(1.35,3.8,-1.479999999999));
#7100=CARTESIAN_POINT('',(1.35,3.8,-1.479999999999));
#7101=CARTESIAN_POINT('',(1.149999999999,3.8,-1.479999999999));
#7102=CARTESIAN_POINT('',(1.35,3.8,-1.479999999999));
#7103=CARTESIAN_POINT('',(1.149999999999,3.8,-1.479999999999));
#7104=CARTESIAN_POINT('Origin',(1.35,3.,-1.629999999999));
#7105=CARTESIAN_POINT('',(1.35,3.,-1.629999999999));
#7106=CARTESIAN_POINT('',(1.35,3.,-1.629999999999));
#7107=CARTESIAN_POINT('',(1.149999999999,3.,-1.629999999999));
#7108=CARTESIAN_POINT('',(1.149999999999,3.,-1.629999999999));
#7109=CARTESIAN_POINT('',(1.35,3.,-1.629999999999));
#7110=CARTESIAN_POINT('Origin',(1.35,3.8,-1.629999999999));
#7111=CARTESIAN_POINT('',(1.149999999999,3.8,-1.629999999999));
#7112=CARTESIAN_POINT('',(1.149999999999,3.8,-1.629999999999));
#7113=CARTESIAN_POINT('',(1.35,3.8,-1.629999999999));
#7114=CARTESIAN_POINT('',(1.35,3.8,-1.629999999999));
#7115=CARTESIAN_POINT('',(1.35,3.8,-1.629999999999));
#7116=CARTESIAN_POINT('Origin',(1.35,3.8,-1.479999999999));
#7117=CARTESIAN_POINT('',(1.149999999999,3.8,-1.479999999999));
#7118=CARTESIAN_POINT('',(1.35,3.8,-1.479999999999));
#7119=CARTESIAN_POINT('Origin',(1.35,0.,0.));
#7120=CARTESIAN_POINT('Origin',(1.149999999999,0.,0.));
#7121=CARTESIAN_POINT('Origin',(1.85,3.8,-1.479999999999));
#7122=CARTESIAN_POINT('',(1.85,3.8,-1.479999999999));
#7123=CARTESIAN_POINT('',(1.85,3.8,-1.479999999999));
#7124=CARTESIAN_POINT('',(1.649999999999,3.8,-1.479999999999));
#7125=CARTESIAN_POINT('',(1.85,3.8,-1.479999999999));
#7126=CARTESIAN_POINT('',(1.649999999999,3.8,-1.479999999999));
#7127=CARTESIAN_POINT('Origin',(1.85,3.,-1.629999999999));
#7128=CARTESIAN_POINT('',(1.85,3.,-1.629999999999));
#7129=CARTESIAN_POINT('',(1.85,3.,-1.629999999999));
#7130=CARTESIAN_POINT('',(1.649999999999,3.,-1.629999999999));
#7131=CARTESIAN_POINT('',(1.649999999999,3.,-1.629999999999));
#7132=CARTESIAN_POINT('',(1.85,3.,-1.629999999999));
#7133=CARTESIAN_POINT('Origin',(1.85,3.8,-1.629999999999));
#7134=CARTESIAN_POINT('',(1.649999999999,3.8,-1.629999999999));
#7135=CARTESIAN_POINT('',(1.649999999999,3.8,-1.629999999999));
#7136=CARTESIAN_POINT('',(1.85,3.8,-1.629999999999));
#7137=CARTESIAN_POINT('',(1.85,3.8,-1.629999999999));
#7138=CARTESIAN_POINT('',(1.85,3.8,-1.629999999999));
#7139=CARTESIAN_POINT('Origin',(1.85,3.8,-1.479999999999));
#7140=CARTESIAN_POINT('',(1.649999999999,3.8,-1.479999999999));
#7141=CARTESIAN_POINT('',(1.85,3.8,-1.479999999999));
#7142=CARTESIAN_POINT('Origin',(1.85,0.,0.));
#7143=CARTESIAN_POINT('Origin',(1.649999999999,0.,0.));
#7144=CARTESIAN_POINT('Origin',(2.6,3.8,-1.479999999999));
#7145=CARTESIAN_POINT('',(2.6,3.8,-1.479999999999));
#7146=CARTESIAN_POINT('',(2.6,3.8,-1.479999999999));
#7147=CARTESIAN_POINT('',(2.199999999999,3.8,-1.479999999999));
#7148=CARTESIAN_POINT('',(2.6,3.8,-1.479999999999));
#7149=CARTESIAN_POINT('',(2.199999999999,3.8,-1.479999999999));
#7150=CARTESIAN_POINT('Origin',(2.6,3.,-1.629999999999));
#7151=CARTESIAN_POINT('',(2.6,3.,-1.629999999999));
#7152=CARTESIAN_POINT('',(2.6,3.,-1.629999999999));
#7153=CARTESIAN_POINT('',(2.199999999999,3.,-1.629999999999));
#7154=CARTESIAN_POINT('',(2.199999999999,3.,-1.629999999999));
#7155=CARTESIAN_POINT('',(2.6,3.,-1.629999999999));
#7156=CARTESIAN_POINT('Origin',(2.6,3.8,-1.629999999999));
#7157=CARTESIAN_POINT('',(2.199999999999,3.8,-1.629999999999));
#7158=CARTESIAN_POINT('',(2.199999999999,3.8,-1.629999999999));
#7159=CARTESIAN_POINT('',(2.6,3.8,-1.629999999999));
#7160=CARTESIAN_POINT('',(2.6,3.8,-1.629999999999));
#7161=CARTESIAN_POINT('',(2.6,3.8,-1.629999999999));
#7162=CARTESIAN_POINT('Origin',(2.6,3.8,-1.479999999999));
#7163=CARTESIAN_POINT('',(2.199999999999,3.8,-1.479999999999));
#7164=CARTESIAN_POINT('',(2.6,3.8,-1.479999999999));
#7165=CARTESIAN_POINT('Origin',(2.6,0.,0.));
#7166=CARTESIAN_POINT('Origin',(2.199999999999,0.,0.));
#7167=CARTESIAN_POINT('Origin',(3.399999999999,3.8,-1.479999999999));
#7168=CARTESIAN_POINT('',(3.399999999999,3.8,-1.479999999999));
#7169=CARTESIAN_POINT('',(3.399999999999,3.8,-1.479999999999));
#7170=CARTESIAN_POINT('',(2.999999999999,3.8,-1.479999999999));
#7171=CARTESIAN_POINT('',(3.399999999999,3.8,-1.479999999999));
#7172=CARTESIAN_POINT('',(2.999999999999,3.8,-1.479999999999));
#7173=CARTESIAN_POINT('Origin',(3.399999999999,3.,-1.629999999999));
#7174=CARTESIAN_POINT('',(3.399999999999,3.,-1.629999999999));
#7175=CARTESIAN_POINT('',(3.399999999999,3.,-1.629999999999));
#7176=CARTESIAN_POINT('',(2.999999999999,3.,-1.629999999999));
#7177=CARTESIAN_POINT('',(2.999999999999,3.,-1.629999999999));
#7178=CARTESIAN_POINT('',(3.399999999999,3.,-1.629999999999));
#7179=CARTESIAN_POINT('Origin',(3.399999999999,3.8,-1.629999999999));
#7180=CARTESIAN_POINT('',(2.999999999999,3.8,-1.629999999999));
#7181=CARTESIAN_POINT('',(2.999999999999,3.8,-1.629999999999));
#7182=CARTESIAN_POINT('',(3.399999999999,3.8,-1.629999999999));
#7183=CARTESIAN_POINT('',(3.399999999999,3.8,-1.629999999999));
#7184=CARTESIAN_POINT('',(3.399999999999,3.8,-1.629999999999));
#7185=CARTESIAN_POINT('Origin',(3.399999999999,3.8,-1.479999999999));
#7186=CARTESIAN_POINT('',(2.999999999999,3.8,-1.479999999999));
#7187=CARTESIAN_POINT('',(3.399999999999,3.8,-1.479999999999));
#7188=CARTESIAN_POINT('Origin',(3.399999999999,0.,0.));
#7189=CARTESIAN_POINT('Origin',(2.999999999999,0.,0.));
#7190=CARTESIAN_POINT('Origin',(-0.35,3.8,-1.479999999999));
#7191=CARTESIAN_POINT('',(-0.35,3.8,-1.479999999999));
#7192=CARTESIAN_POINT('',(-0.35,3.8,-1.479999999999));
#7193=CARTESIAN_POINT('',(-0.15,3.8,-1.479999999999));
#7194=CARTESIAN_POINT('',(-0.15,3.8,-1.479999999999));
#7195=CARTESIAN_POINT('',(-0.35,3.8,-1.479999999999));
#7196=CARTESIAN_POINT('Origin',(-0.35,3.8,-1.479999999999));
#7197=CARTESIAN_POINT('',(-0.15,3.8,-1.629999999999));
#7198=CARTESIAN_POINT('',(-0.15,3.8,-1.479999999999));
#7199=CARTESIAN_POINT('',(-0.35,3.8,-1.629999999999));
#7200=CARTESIAN_POINT('',(-0.35,3.8,-1.629999999999));
#7201=CARTESIAN_POINT('',(-0.35,3.8,-1.479999999999));
#7202=CARTESIAN_POINT('Origin',(-0.35,3.8,-1.629999999999));
#7203=CARTESIAN_POINT('',(-0.15,3.,-1.629999999999));
#7204=CARTESIAN_POINT('',(-0.15,3.8,-1.629999999999));
#7205=CARTESIAN_POINT('',(-0.35,3.,-1.629999999999));
#7206=CARTESIAN_POINT('',(-0.35,3.,-1.629999999999));
#7207=CARTESIAN_POINT('',(-0.35,3.8,-1.629999999999));
#7208=CARTESIAN_POINT('Origin',(-0.35,3.,-1.629999999999));
#7209=CARTESIAN_POINT('',(-0.35,3.,-1.629999999999));
#7210=CARTESIAN_POINT('',(-0.15,3.,-1.629999999999));
#7211=CARTESIAN_POINT('Origin',(-0.35,0.,0.));
#7212=CARTESIAN_POINT('Origin',(-0.15,0.,0.));
#7213=CARTESIAN_POINT('Origin',(-0.849999999999,3.8,-1.479999999999));
#7214=CARTESIAN_POINT('',(-0.849999999999,3.8,-1.479999999999));
#7215=CARTESIAN_POINT('',(-0.849999999999,3.8,-1.479999999999));
#7216=CARTESIAN_POINT('',(-0.65,3.8,-1.479999999999));
#7217=CARTESIAN_POINT('',(-0.65,3.8,-1.479999999999));
#7218=CARTESIAN_POINT('',(-0.849999999999,3.8,-1.479999999999));
#7219=CARTESIAN_POINT('Origin',(-0.849999999999,3.8,-1.479999999999));
#7220=CARTESIAN_POINT('',(-0.65,3.8,-1.629999999999));
#7221=CARTESIAN_POINT('',(-0.65,3.8,-1.479999999999));
#7222=CARTESIAN_POINT('',(-0.849999999999,3.8,-1.629999999999));
#7223=CARTESIAN_POINT('',(-0.849999999999,3.8,-1.629999999999));
#7224=CARTESIAN_POINT('',(-0.849999999999,3.8,-1.479999999999));
#7225=CARTESIAN_POINT('Origin',(-0.849999999999,3.8,-1.629999999999));
#7226=CARTESIAN_POINT('',(-0.65,3.,-1.629999999999));
#7227=CARTESIAN_POINT('',(-0.65,3.8,-1.629999999999));
#7228=CARTESIAN_POINT('',(-0.849999999999,3.,-1.629999999999));
#7229=CARTESIAN_POINT('',(-0.849999999999,3.,-1.629999999999));
#7230=CARTESIAN_POINT('',(-0.849999999999,3.8,-1.629999999999));
#7231=CARTESIAN_POINT('Origin',(-0.849999999999,3.,-1.629999999999));
#7232=CARTESIAN_POINT('',(-0.849999999999,3.,-1.629999999999));
#7233=CARTESIAN_POINT('',(-0.65,3.,-1.629999999999));
#7234=CARTESIAN_POINT('Origin',(-0.849999999999,0.,0.));
#7235=CARTESIAN_POINT('Origin',(-0.65,0.,0.));
#7236=CARTESIAN_POINT('Origin',(-1.35,3.8,-1.479999999999));
#7237=CARTESIAN_POINT('',(-1.35,3.8,-1.479999999999));
#7238=CARTESIAN_POINT('',(-1.35,3.8,-1.479999999999));
#7239=CARTESIAN_POINT('',(-1.149999999999,3.8,-1.479999999999));
#7240=CARTESIAN_POINT('',(-1.149999999999,3.8,-1.479999999999));
#7241=CARTESIAN_POINT('',(-1.35,3.8,-1.479999999999));
#7242=CARTESIAN_POINT('Origin',(-1.35,3.8,-1.479999999999));
#7243=CARTESIAN_POINT('',(-1.149999999999,3.8,-1.629999999999));
#7244=CARTESIAN_POINT('',(-1.149999999999,3.8,-1.479999999999));
#7245=CARTESIAN_POINT('',(-1.35,3.8,-1.629999999999));
#7246=CARTESIAN_POINT('',(-1.35,3.8,-1.629999999999));
#7247=CARTESIAN_POINT('',(-1.35,3.8,-1.479999999999));
#7248=CARTESIAN_POINT('Origin',(-1.35,3.8,-1.629999999999));
#7249=CARTESIAN_POINT('',(-1.149999999999,3.,-1.629999999999));
#7250=CARTESIAN_POINT('',(-1.149999999999,3.8,-1.629999999999));
#7251=CARTESIAN_POINT('',(-1.35,3.,-1.629999999999));
#7252=CARTESIAN_POINT('',(-1.35,3.,-1.629999999999));
#7253=CARTESIAN_POINT('',(-1.35,3.8,-1.629999999999));
#7254=CARTESIAN_POINT('Origin',(-1.35,3.,-1.629999999999));
#7255=CARTESIAN_POINT('',(-1.35,3.,-1.629999999999));
#7256=CARTESIAN_POINT('',(-1.149999999999,3.,-1.629999999999));
#7257=CARTESIAN_POINT('Origin',(-1.35,0.,0.));
#7258=CARTESIAN_POINT('Origin',(-1.149999999999,0.,0.));
#7259=CARTESIAN_POINT('Origin',(-1.85,3.8,-1.479999999999));
#7260=CARTESIAN_POINT('',(-1.85,3.8,-1.479999999999));
#7261=CARTESIAN_POINT('',(-1.85,3.8,-1.479999999999));
#7262=CARTESIAN_POINT('',(-1.649999999999,3.8,-1.479999999999));
#7263=CARTESIAN_POINT('',(-1.649999999999,3.8,-1.479999999999));
#7264=CARTESIAN_POINT('',(-1.85,3.8,-1.479999999999));
#7265=CARTESIAN_POINT('Origin',(-1.85,3.8,-1.479999999999));
#7266=CARTESIAN_POINT('',(-1.649999999999,3.8,-1.629999999999));
#7267=CARTESIAN_POINT('',(-1.649999999999,3.8,-1.479999999999));
#7268=CARTESIAN_POINT('',(-1.85,3.8,-1.629999999999));
#7269=CARTESIAN_POINT('',(-1.85,3.8,-1.629999999999));
#7270=CARTESIAN_POINT('',(-1.85,3.8,-1.479999999999));
#7271=CARTESIAN_POINT('Origin',(-1.85,3.8,-1.629999999999));
#7272=CARTESIAN_POINT('',(-1.649999999999,3.,-1.629999999999));
#7273=CARTESIAN_POINT('',(-1.649999999999,3.8,-1.629999999999));
#7274=CARTESIAN_POINT('',(-1.85,3.,-1.629999999999));
#7275=CARTESIAN_POINT('',(-1.85,3.,-1.629999999999));
#7276=CARTESIAN_POINT('',(-1.85,3.8,-1.629999999999));
#7277=CARTESIAN_POINT('Origin',(-1.85,3.,-1.629999999999));
#7278=CARTESIAN_POINT('',(-1.85,3.,-1.629999999999));
#7279=CARTESIAN_POINT('',(-1.649999999999,3.,-1.629999999999));
#7280=CARTESIAN_POINT('Origin',(-1.85,0.,0.));
#7281=CARTESIAN_POINT('Origin',(-1.649999999999,0.,0.));
#7282=CARTESIAN_POINT('Origin',(-2.6,3.8,-1.479999999999));
#7283=CARTESIAN_POINT('',(-2.6,3.8,-1.479999999999));
#7284=CARTESIAN_POINT('',(-2.6,3.8,-1.479999999999));
#7285=CARTESIAN_POINT('',(-2.199999999999,3.8,-1.479999999999));
#7286=CARTESIAN_POINT('',(-2.199999999999,3.8,-1.479999999999));
#7287=CARTESIAN_POINT('',(-2.6,3.8,-1.479999999999));
#7288=CARTESIAN_POINT('Origin',(-2.6,3.8,-1.479999999999));
#7289=CARTESIAN_POINT('',(-2.199999999999,3.8,-1.629999999999));
#7290=CARTESIAN_POINT('',(-2.199999999999,3.8,-1.479999999999));
#7291=CARTESIAN_POINT('',(-2.6,3.8,-1.629999999999));
#7292=CARTESIAN_POINT('',(-2.6,3.8,-1.629999999999));
#7293=CARTESIAN_POINT('',(-2.6,3.8,-1.479999999999));
#7294=CARTESIAN_POINT('Origin',(-2.6,3.8,-1.629999999999));
#7295=CARTESIAN_POINT('',(-2.199999999999,3.,-1.629999999999));
#7296=CARTESIAN_POINT('',(-2.199999999999,3.8,-1.629999999999));
#7297=CARTESIAN_POINT('',(-2.6,3.,-1.629999999999));
#7298=CARTESIAN_POINT('',(-2.6,3.,-1.629999999999));
#7299=CARTESIAN_POINT('',(-2.6,3.8,-1.629999999999));
#7300=CARTESIAN_POINT('Origin',(-2.6,3.,-1.629999999999));
#7301=CARTESIAN_POINT('',(-2.6,3.,-1.629999999999));
#7302=CARTESIAN_POINT('',(-2.199999999999,3.,-1.629999999999));
#7303=CARTESIAN_POINT('Origin',(-2.6,0.,0.));
#7304=CARTESIAN_POINT('Origin',(-2.199999999999,0.,0.));
#7305=CARTESIAN_POINT('Origin',(-3.399999999999,3.8,-1.479999999999));
#7306=CARTESIAN_POINT('',(-3.399999999999,3.8,-1.479999999999));
#7307=CARTESIAN_POINT('',(-3.399999999999,3.8,-1.479999999999));
#7308=CARTESIAN_POINT('',(-2.999999999999,3.8,-1.479999999999));
#7309=CARTESIAN_POINT('',(-2.999999999999,3.8,-1.479999999999));
#7310=CARTESIAN_POINT('',(-3.399999999999,3.8,-1.479999999999));
#7311=CARTESIAN_POINT('Origin',(-3.399999999999,3.8,-1.479999999999));
#7312=CARTESIAN_POINT('',(-2.999999999999,3.8,-1.629999999999));
#7313=CARTESIAN_POINT('',(-2.999999999999,3.8,-1.479999999999));
#7314=CARTESIAN_POINT('',(-3.399999999999,3.8,-1.629999999999));
#7315=CARTESIAN_POINT('',(-3.399999999999,3.8,-1.629999999999));
#7316=CARTESIAN_POINT('',(-3.399999999999,3.8,-1.479999999999));
#7317=CARTESIAN_POINT('Origin',(-3.399999999999,3.8,-1.629999999999));
#7318=CARTESIAN_POINT('',(-2.999999999999,3.,-1.629999999999));
#7319=CARTESIAN_POINT('',(-2.999999999999,3.8,-1.629999999999));
#7320=CARTESIAN_POINT('',(-3.399999999999,3.,-1.629999999999));
#7321=CARTESIAN_POINT('',(-3.399999999999,3.,-1.629999999999));
#7322=CARTESIAN_POINT('',(-3.399999999999,3.8,-1.629999999999));
#7323=CARTESIAN_POINT('Origin',(-3.399999999999,3.,-1.629999999999));
#7324=CARTESIAN_POINT('',(-3.399999999999,3.,-1.629999999999));
#7325=CARTESIAN_POINT('',(-2.999999999999,3.,-1.629999999999));
#7326=CARTESIAN_POINT('Origin',(-3.399999999999,0.,0.));
#7327=CARTESIAN_POINT('Origin',(-2.999999999999,0.,0.));
#7328=CARTESIAN_POINT('Origin',(2.89,2.23,-2.329999999999));
#7329=CARTESIAN_POINT('Origin',(-2.89,2.23,-2.329999999999));
#7330=CARTESIAN_POINT('Origin',(-5.719999999999,-0.549999999999,-1.63));
#7331=CARTESIAN_POINT('',(-5.719999999999,-1.399999999999,-1.33));
#7332=CARTESIAN_POINT('',(-5.719999999999,-1.399999999999,-1.63));
#7333=CARTESIAN_POINT('',(-5.719999999999,-1.399999999999,-2.08));
#7334=CARTESIAN_POINT('',(-5.719999999999,-1.549999999999,-1.63));
#7335=CARTESIAN_POINT('',(-5.719999999999,-0.549999999999,-1.63));
#7336=CARTESIAN_POINT('',(-5.719999999999,-1.549999999999,-1.33));
#7337=CARTESIAN_POINT('',(-5.719999999999,-1.549999999999,-1.63));
#7338=CARTESIAN_POINT('',(-5.719999999999,-0.549999999999,-1.33));
#7339=CARTESIAN_POINT('Origin',(-5.719999999999,2.2,-0.329999999999));
#7340=CARTESIAN_POINT('',(-5.719999999999,3.,-1.629999999999));
#7341=CARTESIAN_POINT('',(-5.719999999999,3.1,-1.629999999999));
#7342=CARTESIAN_POINT('',(-5.719999999999,2.2,-1.629999999999));
#7343=CARTESIAN_POINT('',(-5.719999999999,3.,-1.329999999999));
#7344=CARTESIAN_POINT('',(-5.719999999999,3.,-2.079999999999));
#7345=CARTESIAN_POINT('',(-5.719999999999,3.1,-1.329999999999));
#7346=CARTESIAN_POINT('',(-5.719999999999,2.2,-1.329999999999));
#7347=CARTESIAN_POINT('',(-5.719999999999,3.1,-0.329999999999));
#7348=CARTESIAN_POINT('Origin',(5.719999999999,2.2,-0.329999999999));
#7349=CARTESIAN_POINT('',(5.719999999999,2.4,-1.629999999999));
#7350=CARTESIAN_POINT('',(5.719999999999,2.5,-1.629999999999));
#7351=CARTESIAN_POINT('',(5.719999999999,2.2,-1.629999999999));
#7352=CARTESIAN_POINT('',(5.719999999999,2.5,-1.329999999999));
#7353=CARTESIAN_POINT('',(5.719999999999,2.5,-2.079999999999));
#7354=CARTESIAN_POINT('',(5.719999999999,2.4,-1.329999999999));
#7355=CARTESIAN_POINT('',(5.719999999999,2.2,-1.329999999999));
#7356=CARTESIAN_POINT('',(5.719999999999,2.4,-1.629999999999));
#7357=CARTESIAN_POINT('Origin',(5.719999999999,-0.549999999999,-1.63));
#7358=CARTESIAN_POINT('',(5.719999999999,-0.899999999999,-1.63));
#7359=CARTESIAN_POINT('',(5.719999999999,-0.899999999999,-1.33));
#7360=CARTESIAN_POINT('',(5.719999999999,-0.899999999999,-2.08));
#7361=CARTESIAN_POINT('',(5.719999999999,-0.749999999999,-1.63));
#7362=CARTESIAN_POINT('',(5.719999999999,-0.549999999999,-1.63));
#7363=CARTESIAN_POINT('',(5.719999999999,-0.749999999999,-1.33));
#7364=CARTESIAN_POINT('',(5.719999999999,-0.749999999999,-1.33));
#7365=CARTESIAN_POINT('',(5.719999999999,-0.549999999999,-1.33));
#7366=CARTESIAN_POINT('Origin',(0.4,2.299999999999,1.28));
#7367=CARTESIAN_POINT('',(0.4,2.449999999999,1.28));
#7368=CARTESIAN_POINT('',(0.4,2.499999999999,1.28));
#7369=CARTESIAN_POINT('',(0.4,2.299999999999,1.28));
#7370=CARTESIAN_POINT('',(0.4,2.499999999999,1.58));
#7371=CARTESIAN_POINT('',(0.4,2.499999999999,1.28));
#7372=CARTESIAN_POINT('',(0.4,2.449999999999,1.58));
#7373=CARTESIAN_POINT('',(0.4,2.299999999999,1.58));
#7374=CARTESIAN_POINT('',(0.4,2.449999999999,1.28));
#7375=CARTESIAN_POINT('Origin',(3.219999999999,3.3,-0.329999999999));
#7376=CARTESIAN_POINT('',(3.219999999999,3.299999999999,1.28));
#7377=CARTESIAN_POINT('',(2.22,3.299999999999,1.28));
#7378=CARTESIAN_POINT('',(-3.22,3.299999999999,1.28));
#7379=CARTESIAN_POINT('',(2.22,3.299999999999,1.58));
#7380=CARTESIAN_POINT('',(2.22,3.299999999999,0.68));
#7381=CARTESIAN_POINT('',(3.219999999999,3.299999999999,1.58));
#7382=CARTESIAN_POINT('',(-3.22,3.299999999999,1.58));
#7383=CARTESIAN_POINT('',(4.469999999999,3.299999999999,0.33));
#7384=CARTESIAN_POINT('Origin',(3.219999999999,3.299999999999,0.33));
#7385=CARTESIAN_POINT('',(4.469999999999,3.3,-1.129999999999));
#7386=CARTESIAN_POINT('',(4.469999999999,3.3,-0.329999999999));
#7387=CARTESIAN_POINT('',(4.669999999999,3.3,-1.329999999999));
#7388=CARTESIAN_POINT('Origin',(4.669999999999,3.3,-1.129999999999));
#7389=CARTESIAN_POINT('',(5.519999999999,3.3,-1.329999999999));
#7390=CARTESIAN_POINT('',(3.219999999999,3.3,-1.329999999999));
#7391=CARTESIAN_POINT('',(5.519999999999,3.3,-1.629999999999));
#7392=CARTESIAN_POINT('',(5.519999999999,3.3,-0.329999999999));
#7393=CARTESIAN_POINT('',(4.669999999999,3.3,-1.629999999999));
#7394=CARTESIAN_POINT('',(3.219999999999,3.3,-1.629999999999));
#7395=CARTESIAN_POINT('',(4.169999999999,3.3,-1.129999999999));
#7396=CARTESIAN_POINT('Origin',(4.669999999999,3.3,-1.129999999999));
#7397=CARTESIAN_POINT('',(4.169999999999,3.299999999999,0.33));
#7398=CARTESIAN_POINT('',(4.169999999999,3.3,-0.329999999999));
#7399=CARTESIAN_POINT('Origin',(3.219999999999,3.299999999999,0.33));
#7400=CARTESIAN_POINT('Origin',(3.219999999999,3.3,-0.329999999999));
#7401=CARTESIAN_POINT('',(4.469999999999,-2.149999999999,-0.33));
#7402=CARTESIAN_POINT('',(3.22,-2.149999999999,-1.58));
#7403=CARTESIAN_POINT('Origin',(3.219999999999,-2.149999999999,-0.33));
#7404=CARTESIAN_POINT('',(4.469999999999,-4.049999999999,-0.33));
#7405=CARTESIAN_POINT('',(4.469999999999,3.3,-0.329999999999));
#7406=CARTESIAN_POINT('',(3.22,-4.049999999999,-1.58));
#7407=CARTESIAN_POINT('Origin',(3.219999999999,-4.049999999999,-0.33));
#7408=CARTESIAN_POINT('',(3.22,3.3,-1.579999999999));
#7409=CARTESIAN_POINT('Origin',(4.469999999999,3.3,-0.329999999999));
#7410=CARTESIAN_POINT('',(4.469999999999,-2.15,0.129999999999));
#7411=CARTESIAN_POINT('',(4.469999999999,-2.15,0.329999999999));
#7412=CARTESIAN_POINT('',(4.469999999999,-1.95,0.329999999999));
#7413=CARTESIAN_POINT('Origin',(4.469999999999,-1.95,0.129999999999));
#7414=CARTESIAN_POINT('',(4.469999999999,-4.05,0.329999999999));
#7415=CARTESIAN_POINT('',(4.469999999999,3.299999999999,0.33));
#7416=CARTESIAN_POINT('',(4.469999999999,-4.049999999999,-0.33));
#7417=CARTESIAN_POINT('Origin',(3.219999999999,3.3,-0.329999999999));
#7418=CARTESIAN_POINT('',(4.169999999999,-2.149999999999,-0.33));
#7419=CARTESIAN_POINT('',(4.169999999999,-4.049999999999,-0.33));
#7420=CARTESIAN_POINT('',(4.169999999999,3.3,-0.329999999999));
#7421=CARTESIAN_POINT('',(3.219999999999,-2.149999999999,-1.28));
#7422=CARTESIAN_POINT('Origin',(3.219999999999,-2.149999999999,-0.33));
#7423=CARTESIAN_POINT('',(3.22,-4.049999999999,-1.28));
#7424=CARTESIAN_POINT('',(3.219999999999,3.3,-1.279999999999));
#7425=CARTESIAN_POINT('Origin',(3.219999999999,-4.049999999999,-0.33));
#7426=CARTESIAN_POINT('Origin',(4.169999999999,3.3,-0.329999999999));
#7427=CARTESIAN_POINT('',(4.169999999999,-1.95,0.329999999999));
#7428=CARTESIAN_POINT('',(4.169999999999,-4.05,0.329999999999));
#7429=CARTESIAN_POINT('',(4.169999999999,3.299999999999,0.33));
#7430=CARTESIAN_POINT('',(4.169999999999,-2.15,0.129999999999));
#7431=CARTESIAN_POINT('Origin',(4.169999999999,-1.95,0.129999999999));
#7432=CARTESIAN_POINT('',(4.169999999999,-2.149999999999,-0.33));
#7433=CARTESIAN_POINT('',(4.169999999999,-4.049999999999,-0.33));
#7434=CARTESIAN_POINT('Origin',(3.219999999999,3.3,-0.329999999999));
#7435=CARTESIAN_POINT('',(4.469999999999,1.8,-0.329999999999));
#7436=CARTESIAN_POINT('',(3.22,1.8,-1.579999999999));
#7437=CARTESIAN_POINT('Origin',(3.219999999999,1.8,-0.329999999999));
#7438=CARTESIAN_POINT('',(4.469999999999,-0.149999999999,-0.33));
#7439=CARTESIAN_POINT('',(4.469999999999,3.3,-0.329999999999));
#7440=CARTESIAN_POINT('',(3.22,-0.149999999999,-1.58));
#7441=CARTESIAN_POINT('Origin',(3.219999999999,-0.149999999999,-0.33));
#7442=CARTESIAN_POINT('',(3.22,3.3,-1.579999999999));
#7443=CARTESIAN_POINT('Origin',(-3.22,3.299999999999,1.58));
#7444=CARTESIAN_POINT('',(0.546410161513,3.299999999999,1.58));
#7445=CARTESIAN_POINT('',(-0.546410161513,3.299999999999,1.58));
#7446=CARTESIAN_POINT('',(-0.4,3.299999999999,1.58));
#7447=CARTESIAN_POINT('',(-0.546410161513,2.649957037379,1.58));
#7448=CARTESIAN_POINT('',(-0.546410161513,2.649999999999,1.58));
#7449=CARTESIAN_POINT('',(-0.4,2.499999999999,1.58));
#7450=CARTESIAN_POINT('Origin',(-0.55,2.499999999999,1.58));
#7451=CARTESIAN_POINT('',(-0.4,2.449999999999,1.58));
#7452=CARTESIAN_POINT('',(-0.4,2.299999999999,1.58));
#7453=CARTESIAN_POINT('',(-0.55,2.299999999999,1.58));
#7454=CARTESIAN_POINT('Origin',(-0.55,2.449999999999,1.58));
#7455=CARTESIAN_POINT('',(-2.07,2.299999999999,1.58));
#7456=CARTESIAN_POINT('',(-2.22,2.299999999999,1.58));
#7457=CARTESIAN_POINT('',(-2.22,2.449999999999,1.58));
#7458=CARTESIAN_POINT('Origin',(-2.07,2.449999999999,1.58));
#7459=CARTESIAN_POINT('',(-2.22,3.299999999999,1.58));
#7460=CARTESIAN_POINT('',(-2.22,3.299999999999,1.58));
#7461=CARTESIAN_POINT('',(-3.219999999999,3.299999999999,1.58));
#7462=CARTESIAN_POINT('',(3.22,3.299999999999,1.58));
#7463=CARTESIAN_POINT('',(-3.219999999999,-4.05,1.579999999999));
#7464=CARTESIAN_POINT('',(-3.219999999999,3.299999999999,1.58));
#7465=CARTESIAN_POINT('',(3.219999999999,-4.05,1.579999999999));
#7466=CARTESIAN_POINT('',(3.219999999999,-4.05,1.579999999999));
#7467=CARTESIAN_POINT('',(3.219999999999,3.299999999999,1.58));
#7468=CARTESIAN_POINT('',(2.22,2.449999999999,1.58));
#7469=CARTESIAN_POINT('',(2.22,3.299999999999,1.58));
#7470=CARTESIAN_POINT('',(2.07,2.299999999999,1.58));
#7471=CARTESIAN_POINT('Origin',(2.07,2.449999999999,1.58));
#7472=CARTESIAN_POINT('',(0.55,2.299999999999,1.58));
#7473=CARTESIAN_POINT('',(2.22,2.299999999999,1.58));
#7474=CARTESIAN_POINT('Origin',(0.55,2.449999999999,1.58));
#7475=CARTESIAN_POINT('',(0.546410161513,2.649957037379,1.58));
#7476=CARTESIAN_POINT('Origin',(0.55,2.499999999999,1.58));
#7477=CARTESIAN_POINT('',(0.546410161513,2.649999999999,1.58));
#7478=CARTESIAN_POINT('Origin',(3.219999999999,3.299999999999,0.33));
#7479=CARTESIAN_POINT('Origin',(3.219999999999,-4.05,0.329999999999));
#7480=CARTESIAN_POINT('',(4.469999999999,-0.35,0.329999999999));
#7481=CARTESIAN_POINT('',(4.469999999999,-0.55,0.329999999999));
#7482=CARTESIAN_POINT('',(4.469999999999,1.999999999999,0.33));
#7483=CARTESIAN_POINT('',(4.469999999999,3.299999999999,0.33));
#7484=CARTESIAN_POINT('',(4.469999999999,3.299999999999,0.33));
#7485=CARTESIAN_POINT('Origin',(4.469999999999,3.3,-0.329999999999));
#7486=CARTESIAN_POINT('',(4.469999999999,1.799999999999,0.13));
#7487=CARTESIAN_POINT('',(4.469999999999,1.799999999999,0.33));
#7488=CARTESIAN_POINT('Origin',(4.469999999999,1.999999999999,0.13));
#7489=CARTESIAN_POINT('',(4.469999999999,-0.15,0.129999999999));
#7490=CARTESIAN_POINT('Origin',(4.469999999999,-0.35,0.129999999999));
#7491=CARTESIAN_POINT('',(4.469999999999,-0.15,0.329999999999));
#7492=CARTESIAN_POINT('Origin',(3.219999999999,3.3,-0.329999999999));
#7493=CARTESIAN_POINT('',(4.169999999999,1.8,-0.329999999999));
#7494=CARTESIAN_POINT('',(4.169999999999,-0.149999999999,-0.33));
#7495=CARTESIAN_POINT('',(4.169999999999,3.3,-0.329999999999));
#7496=CARTESIAN_POINT('',(3.219999999999,1.8,-1.279999999999));
#7497=CARTESIAN_POINT('Origin',(3.219999999999,1.8,-0.329999999999));
#7498=CARTESIAN_POINT('',(3.219999999999,-0.149999999999,-1.279999999999));
#7499=CARTESIAN_POINT('',(3.219999999999,3.3,-1.279999999999));
#7500=CARTESIAN_POINT('Origin',(3.219999999999,-0.149999999999,-0.33));
#7501=CARTESIAN_POINT('Origin',(-3.22,3.3,-1.279999999999));
#7502=CARTESIAN_POINT('',(-3.219999999999,1.8,-1.279999999999));
#7503=CARTESIAN_POINT('',(-3.22,1.8,-1.279999999999));
#7504=CARTESIAN_POINT('',(-3.219999999999,-0.149999999999,-1.279999999999));
#7505=CARTESIAN_POINT('',(-3.219999999999,3.3,-1.279999999999));
#7506=CARTESIAN_POINT('',(-2.469999999999,-0.149999999999,-1.28));
#7507=CARTESIAN_POINT('',(3.22,-0.149999999999,-1.28));
#7508=CARTESIAN_POINT('',(-2.269999999999,-0.349999999999,-1.28));
#7509=CARTESIAN_POINT('Origin',(-2.469999999999,-0.349999999999,-1.28));
#7510=CARTESIAN_POINT('',(-2.269999999999,-1.949999999999,-1.28));
#7511=CARTESIAN_POINT('',(-2.269999999999,3.3,-1.279999999999));
#7512=CARTESIAN_POINT('',(-2.469999999999,-2.149999999999,-1.28));
#7513=CARTESIAN_POINT('Origin',(-2.469999999999,-1.949999999999,-1.28));
#7514=CARTESIAN_POINT('',(-3.219999999999,-2.149999999999,-1.28));
#7515=CARTESIAN_POINT('',(3.22,-2.149999999999,-1.28));
#7516=CARTESIAN_POINT('',(-3.219999999999,-4.049999999999,-1.28));
#7517=CARTESIAN_POINT('',(-3.219999999999,3.3,-1.279999999999));
#7518=CARTESIAN_POINT('',(-3.22,-4.049999999999,-1.28));
#7519=CARTESIAN_POINT('',(2.469999999999,-2.149999999999,-1.28));
#7520=CARTESIAN_POINT('',(-3.22,-2.149999999999,-1.28));
#7521=CARTESIAN_POINT('',(2.269999999999,-1.949999999999,-1.28));
#7522=CARTESIAN_POINT('Origin',(2.469999999999,-1.949999999999,-1.28));
#7523=CARTESIAN_POINT('',(2.269999999999,-0.349999999999,-1.28));
#7524=CARTESIAN_POINT('',(2.269999999999,3.3,-1.279999999999));
#7525=CARTESIAN_POINT('',(2.469999999999,-0.149999999999,-1.28));
#7526=CARTESIAN_POINT('Origin',(2.469999999999,-0.349999999999,-1.28));
#7527=CARTESIAN_POINT('',(-3.22,-0.149999999999,-1.28));
#7528=CARTESIAN_POINT('Origin',(-3.22,3.299999999999,1.28));
#7529=CARTESIAN_POINT('',(3.219999999999,-4.05,1.279999999999));
#7530=CARTESIAN_POINT('',(3.219999999999,3.299999999999,1.28));
#7531=CARTESIAN_POINT('',(-3.219999999999,-4.05,1.279999999999));
#7532=CARTESIAN_POINT('',(3.219999999999,-4.05,1.279999999999));
#7533=CARTESIAN_POINT('',(-3.219999999999,3.299999999999,1.28));
#7534=CARTESIAN_POINT('',(-3.219999999999,3.299999999999,1.28));
#7535=CARTESIAN_POINT('',(-2.22,3.299999999999,1.28));
#7536=CARTESIAN_POINT('',(3.22,3.299999999999,1.28));
#7537=CARTESIAN_POINT('',(-2.22,2.449999999999,1.28));
#7538=CARTESIAN_POINT('',(-2.22,3.299999999999,1.28));
#7539=CARTESIAN_POINT('',(-2.07,2.299999999999,1.28));
#7540=CARTESIAN_POINT('Origin',(-2.07,2.449999999999,1.28));
#7541=CARTESIAN_POINT('',(-0.55,2.299999999999,1.28));
#7542=CARTESIAN_POINT('',(3.22,2.299999999999,1.28));
#7543=CARTESIAN_POINT('',(-0.4,2.449999999999,1.28));
#7544=CARTESIAN_POINT('Origin',(-0.55,2.449999999999,1.28));
#7545=CARTESIAN_POINT('',(-0.4,2.499999999999,1.28));
#7546=CARTESIAN_POINT('',(-0.4,2.299999999999,1.28));
#7547=CARTESIAN_POINT('',(-0.546410161513,2.649957037379,1.28));
#7548=CARTESIAN_POINT('Origin',(-0.55,2.499999999999,1.28));
#7549=CARTESIAN_POINT('',(-0.546410161513,3.299999999999,1.28));
#7550=CARTESIAN_POINT('',(-0.546410161513,2.649999999999,1.28));
#7551=CARTESIAN_POINT('',(0.546410161513,3.299999999999,1.28));
#7552=CARTESIAN_POINT('',(-0.4,3.299999999999,1.28));
#7553=CARTESIAN_POINT('',(0.546410161513,2.649957037379,1.28));
#7554=CARTESIAN_POINT('',(0.546410161513,2.649999999999,1.28));
#7555=CARTESIAN_POINT('Origin',(0.55,2.499999999999,1.28));
#7556=CARTESIAN_POINT('',(0.55,2.299999999999,1.28));
#7557=CARTESIAN_POINT('Origin',(0.55,2.449999999999,1.28));
#7558=CARTESIAN_POINT('',(2.07,2.299999999999,1.28));
#7559=CARTESIAN_POINT('',(-3.22,2.299999999999,1.28));
#7560=CARTESIAN_POINT('',(2.22,2.449999999999,1.28));
#7561=CARTESIAN_POINT('Origin',(2.07,2.449999999999,1.28));
#7562=CARTESIAN_POINT('',(2.22,3.299999999999,1.28));
#7563=CARTESIAN_POINT('Origin',(3.219999999999,3.299999999999,0.33));
#7564=CARTESIAN_POINT('Origin',(3.219999999999,-4.05,0.329999999999));
#7565=CARTESIAN_POINT('',(4.169999999999,1.999999999999,0.33));
#7566=CARTESIAN_POINT('',(4.169999999999,3.299999999999,0.33));
#7567=CARTESIAN_POINT('',(4.169999999999,-0.35,0.329999999999));
#7568=CARTESIAN_POINT('',(4.169999999999,3.299999999999,0.33));
#7569=CARTESIAN_POINT('',(4.169999999999,-0.55,0.329999999999));
#7570=CARTESIAN_POINT('Origin',(4.169999999999,3.3,-0.329999999999));
#7571=CARTESIAN_POINT('',(4.169999999999,1.799999999999,0.13));
#7572=CARTESIAN_POINT('Origin',(4.169999999999,1.999999999999,0.13));
#7573=CARTESIAN_POINT('',(4.169999999999,1.8,-0.329999999999));
#7574=CARTESIAN_POINT('',(4.169999999999,-0.15,0.129999999999));
#7575=CARTESIAN_POINT('',(4.169999999999,-0.149999999999,-0.33));
#7576=CARTESIAN_POINT('Origin',(4.169999999999,-0.35,0.129999999999));
#7577=CARTESIAN_POINT('Origin',(2.269999999999,0.,0.));
#7578=CARTESIAN_POINT('',(2.269999999999,-1.949999999999,-1.58));
#7579=CARTESIAN_POINT('',(2.269999999999,-0.349999999999,-1.58));
#7580=CARTESIAN_POINT('',(2.269999999999,-2.149999999999,-1.58));
#7581=CARTESIAN_POINT('',(2.269999999999,-0.349999999999,-1.222018468595E-15));
#7582=CARTESIAN_POINT('',(2.269999999999,-1.95,-7.251151801602E-15));
#7583=CARTESIAN_POINT('Origin',(2.269999999999,-2.15,0.329999999999));
#7584=CARTESIAN_POINT('',(4.469999999999,-2.15,0.129999999999));
#7585=CARTESIAN_POINT('',(2.469999999999,-2.149999999999,-1.58));
#7586=CARTESIAN_POINT('',(2.269999999999,-2.149999999999,-1.58));
#7587=CARTESIAN_POINT('',(2.469999999999,-2.15,0.329999999999));
#7588=CARTESIAN_POINT('Origin',(2.269999999999,-0.15,0.329999999999));
#7589=CARTESIAN_POINT('',(4.169999999999,-0.15,0.129999999999));
#7590=CARTESIAN_POINT('',(2.469999999999,-0.149999999999,-1.58));
#7591=CARTESIAN_POINT('',(2.469999999999,-0.15,0.329999999999));
#7592=CARTESIAN_POINT('',(2.269999999999,-0.149999999999,-1.58));
#7593=CARTESIAN_POINT('Origin',(4.67,-0.549999999999,-1.33));
#7594=CARTESIAN_POINT('',(5.719999999999,-1.399999999999,-1.33));
#7595=CARTESIAN_POINT('',(5.719999999999,-1.549999999999,-1.33));
#7596=CARTESIAN_POINT('',(5.719999999999,-0.549999999999,-1.33));
#7597=CARTESIAN_POINT('Origin',(5.719999999999,-1.149999999999,-1.33));
#7598=CARTESIAN_POINT('',(5.519999999999,-0.549999999999,-1.33));
#7599=CARTESIAN_POINT('Origin',(5.519999999999,-0.749999999999,-1.33));
#7600=CARTESIAN_POINT('',(4.669999999999,-0.549999999999,-1.33));
#7601=CARTESIAN_POINT('',(4.67,-0.549999999999,-1.33));
#7602=CARTESIAN_POINT('',(4.669999999999,-1.749999999999,-1.33));
#7603=CARTESIAN_POINT('',(4.669999999999,-0.549999999999,-1.33));
#7604=CARTESIAN_POINT('',(5.519999999999,-1.749999999999,-1.33));
#7605=CARTESIAN_POINT('',(4.67,-1.749999999999,-1.33));
#7606=CARTESIAN_POINT('Origin',(5.519999999999,-1.549999999999,-1.33));
#7607=CARTESIAN_POINT('Origin',(5.719999999999,-0.549999999999,-1.63));
#7608=CARTESIAN_POINT('',(5.719999999999,-1.399999999999,-1.63));
#7609=CARTESIAN_POINT('',(5.719999999999,-1.399999999999,-2.08));
#7610=CARTESIAN_POINT('',(5.719999999999,-1.549999999999,-1.63));
#7611=CARTESIAN_POINT('',(5.719999999999,-1.549999999999,-1.63));
#7612=CARTESIAN_POINT('',(5.719999999999,-0.549999999999,-1.63));
#7613=CARTESIAN_POINT('Origin',(4.67,-0.549999999999,-1.63));
#7614=CARTESIAN_POINT('Origin',(5.719999999999,-1.149999999999,-1.63));
#7615=CARTESIAN_POINT('',(5.519999999999,-1.749999999999,-1.63));
#7616=CARTESIAN_POINT('Origin',(5.519999999999,-1.549999999999,-1.63));
#7617=CARTESIAN_POINT('',(4.669999999999,-1.749999999999,-1.63));
#7618=CARTESIAN_POINT('',(4.67,-1.749999999999,-1.63));
#7619=CARTESIAN_POINT('',(4.669999999999,-0.549999999999,-1.63));
#7620=CARTESIAN_POINT('',(4.669999999999,-0.549999999999,-1.63));
#7621=CARTESIAN_POINT('',(5.519999999999,-0.549999999999,-1.63));
#7622=CARTESIAN_POINT('',(4.67,-0.549999999999,-1.63));
#7623=CARTESIAN_POINT('Origin',(5.519999999999,-0.749999999999,-1.63));
#7624=CARTESIAN_POINT('Origin',(4.669999999999,-0.549999999999,-1.13));
#7625=CARTESIAN_POINT('',(4.169999999999,-1.749999999999,-1.13));
#7626=CARTESIAN_POINT('Origin',(4.669999999999,-1.749999999999,-1.13));
#7627=CARTESIAN_POINT('',(4.169999999999,-0.549999999999,-1.129999999999));
#7628=CARTESIAN_POINT('',(4.169999999999,-0.549999999999,-1.129999999999));
#7629=CARTESIAN_POINT('Origin',(4.669999999999,-0.549999999999,-1.13));
#7630=CARTESIAN_POINT('Origin',(4.169999999999,-0.55,0.329999999999));
#7631=CARTESIAN_POINT('',(4.169999999999,-1.75,0.129999999999));
#7632=CARTESIAN_POINT('',(4.169999999999,-1.75,0.329999999999));
#7633=CARTESIAN_POINT('Origin',(4.169999999999,-1.95,0.129999999999));
#7634=CARTESIAN_POINT('',(4.169999999999,-0.55,0.129999999999));
#7635=CARTESIAN_POINT('Origin',(4.169999999999,-0.35,0.129999999999));
#7636=CARTESIAN_POINT('',(4.169999999999,-0.55,0.329999999999));
#7637=CARTESIAN_POINT('Origin',(4.469999999999,-0.55,0.329999999999));
#7638=CARTESIAN_POINT('',(4.469999999999,-1.75,0.129999999999));
#7639=CARTESIAN_POINT('Origin',(4.469999999999,-1.95,0.129999999999));
#7640=CARTESIAN_POINT('',(4.469999999999,-1.749999999999,-1.13));
#7641=CARTESIAN_POINT('',(4.469999999999,-1.75,0.329999999999));
#7642=CARTESIAN_POINT('',(4.469999999999,-0.549999999999,-1.13));
#7643=CARTESIAN_POINT('',(4.469999999999,-0.549999999999,-1.13));
#7644=CARTESIAN_POINT('',(4.469999999999,-0.55,0.129999999999));
#7645=CARTESIAN_POINT('',(4.469999999999,-0.55,0.329999999999));
#7646=CARTESIAN_POINT('Origin',(4.469999999999,-0.35,0.129999999999));
#7647=CARTESIAN_POINT('Origin',(4.669999999999,-0.549999999999,-1.13));
#7648=CARTESIAN_POINT('Origin',(4.669999999999,-1.749999999999,-1.13));
#7649=CARTESIAN_POINT('Origin',(4.669999999999,-0.549999999999,-1.13));
#7650=CARTESIAN_POINT('Origin',(4.669999999999,-0.549999999999,-1.13));
#7651=CARTESIAN_POINT('',(5.519999999999,-0.549999999999,-1.63));
#7652=CARTESIAN_POINT('',(4.469999999999,-0.55,0.129999999999));
#7653=CARTESIAN_POINT('Origin',(4.669999999999,-1.749999999999,-1.13));
#7654=CARTESIAN_POINT('',(5.519999999999,-1.749999999999,-1.13));
#7655=CARTESIAN_POINT('',(4.669999999999,-1.75,0.129999999999));
#7656=CARTESIAN_POINT('Origin',(-4.47,1.799999999999,0.33));
#7657=CARTESIAN_POINT('',(-3.22,1.8,-1.579999999999));
#7658=CARTESIAN_POINT('',(-4.47,1.8,-1.579999999999));
#7659=CARTESIAN_POINT('',(-4.469999999999,1.8,-0.329999999999));
#7660=CARTESIAN_POINT('Origin',(-3.219999999999,1.8,-0.329999999999));
#7661=CARTESIAN_POINT('',(-4.469999999999,1.799999999999,0.13));
#7662=CARTESIAN_POINT('',(-4.469999999999,1.799999999999,0.33));
#7663=CARTESIAN_POINT('',(-4.169999999999,1.799999999999,0.13));
#7664=CARTESIAN_POINT('',(-4.469999999999,1.799999999999,0.13));
#7665=CARTESIAN_POINT('',(-4.169999999999,1.8,-0.329999999999));
#7666=CARTESIAN_POINT('',(-4.169999999999,1.8,-0.329999999999));
#7667=CARTESIAN_POINT('Origin',(-3.219999999999,1.8,-0.329999999999));
#7668=CARTESIAN_POINT('',(4.469999999999,1.799999999999,0.13));
#7669=CARTESIAN_POINT('Origin',(4.469999999999,2.2,-0.329999999999));
#7670=CARTESIAN_POINT('',(4.469999999999,2.199999999999,0.13));
#7671=CARTESIAN_POINT('Origin',(4.469999999999,1.999999999999,0.13));
#7672=CARTESIAN_POINT('',(4.469999999999,2.2,-1.129999999999));
#7673=CARTESIAN_POINT('',(4.469999999999,2.2,-0.329999999999));
#7674=CARTESIAN_POINT('',(4.469999999999,2.2,-1.129999999999));
#7675=CARTESIAN_POINT('Origin',(4.169999999999,2.2,-0.329999999999));
#7676=CARTESIAN_POINT('',(4.169999999999,2.2,-1.129999999999));
#7677=CARTESIAN_POINT('',(4.169999999999,2.2,-1.129999999999));
#7678=CARTESIAN_POINT('',(4.169999999999,2.199999999999,0.13));
#7679=CARTESIAN_POINT('',(4.169999999999,2.2,-0.329999999999));
#7680=CARTESIAN_POINT('Origin',(4.169999999999,1.999999999999,0.13));
#7681=CARTESIAN_POINT('Origin',(4.669999999999,2.2,-1.129999999999));
#7682=CARTESIAN_POINT('',(4.669999999999,2.2,-1.629999999999));
#7683=CARTESIAN_POINT('',(4.669999999999,2.2,-1.629999999999));
#7684=CARTESIAN_POINT('Origin',(4.669999999999,2.2,-1.129999999999));
#7685=CARTESIAN_POINT('Origin',(3.219999999999,2.2,-1.629999999999));
#7686=CARTESIAN_POINT('',(5.719999999999,3.,-1.629999999999));
#7687=CARTESIAN_POINT('',(5.719999999999,3.1,-1.629999999999));
#7688=CARTESIAN_POINT('',(5.719999999999,2.2,-1.629999999999));
#7689=CARTESIAN_POINT('Origin',(5.719999999999,2.75,-1.629999999999));
#7690=CARTESIAN_POINT('',(5.519999999999,2.2,-1.629999999999));
#7691=CARTESIAN_POINT('Origin',(5.519999999999,2.4,-1.629999999999));
#7692=CARTESIAN_POINT('',(3.219999999999,2.2,-1.629999999999));
#7693=CARTESIAN_POINT('Origin',(5.519999999999,3.1,-1.629999999999));
#7694=CARTESIAN_POINT('Origin',(5.719999999999,2.2,-0.329999999999));
#7695=CARTESIAN_POINT('',(5.719999999999,3.,-1.329999999999));
#7696=CARTESIAN_POINT('',(5.719999999999,3.1,-1.329999999999));
#7697=CARTESIAN_POINT('',(5.719999999999,2.2,-1.329999999999));
#7698=CARTESIAN_POINT('',(5.719999999999,3.,-2.079999999999));
#7699=CARTESIAN_POINT('',(5.719999999999,3.1,-0.329999999999));
#7700=CARTESIAN_POINT('Origin',(3.219999999999,2.2,-1.329999999999));
#7701=CARTESIAN_POINT('Origin',(5.719999999999,2.75,-1.329999999999));
#7702=CARTESIAN_POINT('Origin',(5.519999999999,3.1,-1.329999999999));
#7703=CARTESIAN_POINT('',(4.669999999999,2.2,-1.329999999999));
#7704=CARTESIAN_POINT('',(4.669999999999,2.2,-1.329999999999));
#7705=CARTESIAN_POINT('',(5.519999999999,2.2,-1.329999999999));
#7706=CARTESIAN_POINT('',(3.219999999999,2.2,-1.329999999999));
#7707=CARTESIAN_POINT('Origin',(5.519999999999,2.4,-1.329999999999));
#7708=CARTESIAN_POINT('Origin',(4.669999999999,2.2,-1.129999999999));
#7709=CARTESIAN_POINT('Origin',(4.669999999999,2.2,-1.129999999999));
#7710=CARTESIAN_POINT('Origin',(4.669999999999,2.2,-1.129999999999));
#7711=CARTESIAN_POINT('',(5.519999999999,2.2,-1.329999999999));
#7712=CARTESIAN_POINT('',(4.669999999999,2.199999999999,0.13));
#7713=CARTESIAN_POINT('Origin',(4.669999999999,1.999999999999,0.13));
#7714=CARTESIAN_POINT('Origin',(5.519999999999,3.1,-0.329999999999));
#7715=CARTESIAN_POINT('Origin',(5.519999999999,2.4,-1.129999999999));
#7716=CARTESIAN_POINT('Origin',(5.519999999999,-0.749999999999,-1.63));
#7717=CARTESIAN_POINT('Origin',(5.519999999999,-1.549999999999,-1.13));
#7718=CARTESIAN_POINT('Origin',(2.269999999999,-0.35,0.129999999999));
#7719=CARTESIAN_POINT('Origin',(2.269999999999,-1.95,0.129999999999));
#7720=CARTESIAN_POINT('Origin',(2.469999999999,-0.349999999999,-1.222018468595E-15));
#7721=CARTESIAN_POINT('Origin',(2.469999999999,-0.349999999999,-1.58));
#7722=CARTESIAN_POINT('Origin',(2.469999999999,-1.95,-7.251151801602E-15));
#7723=CARTESIAN_POINT('Origin',(2.469999999999,-1.949999999999,-1.58));
#7724=CARTESIAN_POINT('Origin',(2.22,3.299999999999,0.68));
#7725=CARTESIAN_POINT('',(2.22,2.449999999999,1.58));
#7726=CARTESIAN_POINT('Origin',(2.22,2.299999999999,0.68));
#7727=CARTESIAN_POINT('',(0.55,2.299999999999,0.68));
#7728=CARTESIAN_POINT('',(2.07,2.299999999999,1.28));
#7729=CARTESIAN_POINT('Origin',(-0.4,3.299999999999,1.28));
#7730=CARTESIAN_POINT('',(-0.646410161513,3.299999999999,1.253205080756));
#7731=CARTESIAN_POINT('Origin',(-0.546410161513,3.299999999999,1.08));
#7732=CARTESIAN_POINT('',(-1.473205080756,3.299999999999,0.775854811567));
#7733=CARTESIAN_POINT('',(-0.646410161513,3.299999999999,1.253205080756));
#7734=CARTESIAN_POINT('',(-1.623205080756,3.299999999999,1.035662432702));
#7735=CARTESIAN_POINT('',(-1.223205080756,3.299999999999,0.342842109675));
#7736=CARTESIAN_POINT('',(-0.796410161513,3.299999999999,1.513012701892));
#7737=CARTESIAN_POINT('',(-0.796410161513,3.299999999999,1.513012701892));
#7738=CARTESIAN_POINT('Origin',(-0.546410161513,3.299999999999,1.08));
#7739=CARTESIAN_POINT('',(0.796410161513,3.299999999999,1.513012701892));
#7740=CARTESIAN_POINT('Origin',(0.546410161513,3.299999999999,1.08));
#7741=CARTESIAN_POINT('',(1.623205080756,3.299999999999,1.035662432702));
#7742=CARTESIAN_POINT('',(0.796410161513,3.299999999999,1.513012701892));
#7743=CARTESIAN_POINT('',(1.473205080756,3.299999999999,0.775854811567));
#7744=CARTESIAN_POINT('',(1.223205080756,3.299999999999,0.342842109675));
#7745=CARTESIAN_POINT('',(0.646410161513,3.299999999999,1.253205080756));
#7746=CARTESIAN_POINT('',(0.646410161513,3.299999999999,1.253205080756));
#7747=CARTESIAN_POINT('Origin',(0.546410161513,3.299999999999,1.08));
#7748=CARTESIAN_POINT('Origin',(0.646410161513,2.649999999999,1.253205080756));
#7749=CARTESIAN_POINT('',(1.646410161513,3.099999999999,0.675854811567));
#7750=CARTESIAN_POINT('Origin',(1.473205080756,3.099999999999,0.775854811567));
#7751=CARTESIAN_POINT('',(1.646410161513,2.849999999999,0.675854811567));
#7752=CARTESIAN_POINT('',(1.646410161513,2.649999999999,0.675854811567));
#7753=CARTESIAN_POINT('',(1.473205080756,2.649999999999,0.775854811567));
#7754=CARTESIAN_POINT('Origin',(1.473205080756,2.849999999999,0.775854811567));
#7755=CARTESIAN_POINT('',(0.646410161513,2.649999999999,1.253205080756));
#7756=CARTESIAN_POINT('',(0.646410161513,2.649999999999,1.253205080756));
#7757=CARTESIAN_POINT('',(0.646410161513,2.649999999999,1.253205080756));
#7758=CARTESIAN_POINT('Origin',(1.796410161513,2.649999999999,0.935662432702));
#7759=CARTESIAN_POINT('',(1.796410161513,3.099999999999,0.935662432702));
#7760=CARTESIAN_POINT('',(1.796410161513,3.099999999999,0.935662432702));
#7761=CARTESIAN_POINT('',(1.796410161513,2.849999999999,0.935662432702));
#7762=CARTESIAN_POINT('',(1.796410161513,2.649999999999,0.935662432702));
#7763=CARTESIAN_POINT('',(1.646410161513,2.849999999999,0.675854811567));
#7764=CARTESIAN_POINT('Origin',(0.796410161513,2.649999999999,1.513012701892));
#7765=CARTESIAN_POINT('Origin',(1.623205080756,3.099999999999,1.035662432702));
#7766=CARTESIAN_POINT('',(0.796410161513,2.649999999999,1.513012701892));
#7767=CARTESIAN_POINT('',(0.796410161513,2.649999999999,1.513012701892));
#7768=CARTESIAN_POINT('',(1.623205080756,2.649999999999,1.035662432702));
#7769=CARTESIAN_POINT('',(0.796410161513,2.649999999999,1.513012701892));
#7770=CARTESIAN_POINT('Origin',(1.623205080756,2.849999999999,1.035662432702));
#7771=CARTESIAN_POINT('Origin',(0.546410161513,2.649999999999,1.08));
#7772=CARTESIAN_POINT('',(0.55,2.649999999999,1.579987112893));
#7773=CARTESIAN_POINT('Origin',(0.549693644909692,2.51330473602574,1.53899315422067));
#7774=CARTESIAN_POINT('Origin',(0.546410161513,2.649999999999,1.08));
#7775=CARTESIAN_POINT('Origin',(0.546410161513,2.649999999999,1.08));
#7776=CARTESIAN_POINT('',(0.55,2.649999999999,1.279967780053));
#7777=CARTESIAN_POINT('Origin',(0.546410161513,2.649999999999,1.08));
#7778=CARTESIAN_POINT('Origin',(0.548456435082786,2.60198290023266,1.24398717519663));
#7779=CARTESIAN_POINT('Origin',(0.546410161513,2.649999999999,1.08));
#7780=CARTESIAN_POINT('',(0.55,2.649999999999,1.08));
#7781=CARTESIAN_POINT('',(1.623205080756,2.649999999999,1.035662432702));
#7782=CARTESIAN_POINT('Origin',(1.223205080756,3.099999999999,0.342842109675));
#7783=CARTESIAN_POINT('Origin',(1.623205080756,2.849999999999,1.035662432702));
#7784=CARTESIAN_POINT('Origin',(0.55,2.499999999999,1.28));
#7785=CARTESIAN_POINT('Origin',(0.55,2.449999999999,0.68));
#7786=CARTESIAN_POINT('Origin',(2.07,2.449999999999,0.68));
#7787=CARTESIAN_POINT('Origin',(-0.4,2.299999999999,1.28));
#7788=CARTESIAN_POINT('',(-0.4,2.449999999999,1.28));
#7789=CARTESIAN_POINT('',(-0.4,2.499999999999,1.28));
#7790=CARTESIAN_POINT('Origin',(-3.219999999999,3.3,-0.329999999999));
#7791=CARTESIAN_POINT('',(-4.169999999999,3.299999999999,0.33));
#7792=CARTESIAN_POINT('Origin',(-3.219999999999,3.299999999999,0.33));
#7793=CARTESIAN_POINT('',(-4.169999999999,3.3,-1.129999999999));
#7794=CARTESIAN_POINT('',(-4.169999999999,3.3,-0.329999999999));
#7795=CARTESIAN_POINT('',(-4.669999999999,3.3,-1.629999999999));
#7796=CARTESIAN_POINT('Origin',(-4.669999999999,3.3,-1.129999999999));
#7797=CARTESIAN_POINT('',(-5.519999999999,3.3,-1.629999999999));
#7798=CARTESIAN_POINT('',(-3.219999999999,3.3,-1.629999999999));
#7799=CARTESIAN_POINT('',(-5.519999999999,3.3,-1.329999999999));
#7800=CARTESIAN_POINT('',(-5.519999999999,3.3,-0.329999999999));
#7801=CARTESIAN_POINT('',(-4.669999999999,3.3,-1.329999999999));
#7802=CARTESIAN_POINT('',(-3.219999999999,3.3,-1.329999999999));
#7803=CARTESIAN_POINT('',(-4.469999999999,3.3,-1.129999999999));
#7804=CARTESIAN_POINT('Origin',(-4.669999999999,3.3,-1.129999999999));
#7805=CARTESIAN_POINT('',(-4.469999999999,3.299999999999,0.33));
#7806=CARTESIAN_POINT('',(-4.469999999999,3.3,-0.329999999999));
#7807=CARTESIAN_POINT('Origin',(-3.219999999999,3.299999999999,0.33));
#7808=CARTESIAN_POINT('',(-2.22,3.299999999999,0.68));
#7809=CARTESIAN_POINT('Origin',(-3.219999999999,3.3,-0.329999999999));
#7810=CARTESIAN_POINT('',(-4.469999999999,-2.149999999999,-0.33));
#7811=CARTESIAN_POINT('',(-3.22,-2.149999999999,-1.58));
#7812=CARTESIAN_POINT('Origin',(-3.219999999999,-2.149999999999,-0.33));
#7813=CARTESIAN_POINT('',(-3.219999999999,-4.049999999999,-1.58));
#7814=CARTESIAN_POINT('',(-3.22,3.3,-1.579999999999));
#7815=CARTESIAN_POINT('',(-4.469999999999,-4.049999999999,-0.33));
#7816=CARTESIAN_POINT('Origin',(-3.219999999999,-4.049999999999,-0.33));
#7817=CARTESIAN_POINT('',(-4.469999999999,3.3,-0.329999999999));
#7818=CARTESIAN_POINT('Origin',(-4.469999999999,3.3,-0.329999999999));
#7819=CARTESIAN_POINT('',(-4.469999999999,-2.15,0.129999999999));
#7820=CARTESIAN_POINT('',(-4.469999999999,-2.15,0.329999999999));
#7821=CARTESIAN_POINT('',(-4.469999999999,-4.05,0.329999999999));
#7822=CARTESIAN_POINT('',(-4.469999999999,-4.05,0.329999999999));
#7823=CARTESIAN_POINT('',(-4.469999999999,-1.95,0.329999999999));
#7824=CARTESIAN_POINT('',(-4.469999999999,3.299999999999,0.33));
#7825=CARTESIAN_POINT('Origin',(-4.469999999999,-1.95,0.129999999999));
#7826=CARTESIAN_POINT('Origin',(-3.219999999999,3.3,-0.329999999999));
#7827=CARTESIAN_POINT('',(-4.169999999999,-2.149999999999,-0.33));
#7828=CARTESIAN_POINT('',(-4.169999999999,-4.049999999999,-0.33));
#7829=CARTESIAN_POINT('',(-4.169999999999,3.3,-0.329999999999));
#7830=CARTESIAN_POINT('Origin',(-3.219999999999,-4.049999999999,-0.33));
#7831=CARTESIAN_POINT('Origin',(-3.219999999999,-2.149999999999,-0.33));
#7832=CARTESIAN_POINT('Origin',(-4.169999999999,3.3,-0.329999999999));
#7833=CARTESIAN_POINT('',(-4.169999999999,-1.95,0.329999999999));
#7834=CARTESIAN_POINT('',(-4.169999999999,-4.05,0.329999999999));
#7835=CARTESIAN_POINT('',(-4.169999999999,3.299999999999,0.33));
#7836=CARTESIAN_POINT('',(-4.169999999999,-4.05,0.329999999999));
#7837=CARTESIAN_POINT('',(-4.169999999999,-2.15,0.129999999999));
#7838=CARTESIAN_POINT('',(-4.169999999999,-2.149999999999,-0.33));
#7839=CARTESIAN_POINT('Origin',(-4.169999999999,-1.95,0.129999999999));
#7840=CARTESIAN_POINT('Origin',(-3.219999999999,3.3,-0.329999999999));
#7841=CARTESIAN_POINT('',(-3.22,-0.149999999999,-1.58));
#7842=CARTESIAN_POINT('',(-3.22,3.3,-1.579999999999));
#7843=CARTESIAN_POINT('',(-4.469999999999,-0.149999999999,-0.33));
#7844=CARTESIAN_POINT('Origin',(-3.219999999999,-0.149999999999,-0.33));
#7845=CARTESIAN_POINT('',(-4.469999999999,3.3,-0.329999999999));
#7846=CARTESIAN_POINT('Origin',(-3.219999999999,3.299999999999,0.33));
#7847=CARTESIAN_POINT('Origin',(-3.219999999999,-4.05,0.329999999999));
#7848=CARTESIAN_POINT('',(-4.469999999999,1.999999999999,0.33));
#7849=CARTESIAN_POINT('',(-4.469999999999,3.299999999999,0.33));
#7850=CARTESIAN_POINT('',(-4.469999999999,-0.35,0.329999999999));
#7851=CARTESIAN_POINT('',(-4.469999999999,3.299999999999,0.33));
#7852=CARTESIAN_POINT('',(-4.469999999999,-0.55,0.329999999999));
#7853=CARTESIAN_POINT('Origin',(-4.469999999999,3.3,-0.329999999999));
#7854=CARTESIAN_POINT('',(-4.469999999999,-0.15,0.129999999999));
#7855=CARTESIAN_POINT('',(-4.469999999999,-0.15,0.329999999999));
#7856=CARTESIAN_POINT('Origin',(-4.469999999999,-0.35,0.129999999999));
#7857=CARTESIAN_POINT('Origin',(-4.469999999999,1.999999999999,0.13));
#7858=CARTESIAN_POINT('Origin',(-3.219999999999,3.3,-0.329999999999));
#7859=CARTESIAN_POINT('',(-4.169999999999,-0.149999999999,-0.33));
#7860=CARTESIAN_POINT('',(-4.169999999999,3.3,-0.329999999999));
#7861=CARTESIAN_POINT('Origin',(-3.219999999999,-0.149999999999,-0.33));
#7862=CARTESIAN_POINT('Origin',(-3.219999999999,3.299999999999,0.33));
#7863=CARTESIAN_POINT('Origin',(-3.219999999999,-4.05,0.329999999999));
#7864=CARTESIAN_POINT('',(-4.169999999999,-0.35,0.329999999999));
#7865=CARTESIAN_POINT('',(-4.169999999999,-0.55,0.329999999999));
#7866=CARTESIAN_POINT('',(-4.169999999999,1.999999999999,0.33));
#7867=CARTESIAN_POINT('',(-4.169999999999,3.299999999999,0.33));
#7868=CARTESIAN_POINT('',(-4.169999999999,3.299999999999,0.33));
#7869=CARTESIAN_POINT('Origin',(-4.169999999999,3.3,-0.329999999999));
#7870=CARTESIAN_POINT('',(-4.169999999999,-0.15,0.129999999999));
#7871=CARTESIAN_POINT('Origin',(-4.169999999999,-0.35,0.129999999999));
#7872=CARTESIAN_POINT('',(-4.169999999999,-0.149999999999,-0.33));
#7873=CARTESIAN_POINT('Origin',(-4.169999999999,1.999999999999,0.13));
#7874=CARTESIAN_POINT('Origin',(-2.269999999999,0.,0.));
#7875=CARTESIAN_POINT('',(-2.269999999999,-1.949999999999,-1.58));
#7876=CARTESIAN_POINT('',(-2.269999999999,-0.349999999999,-1.58));
#7877=CARTESIAN_POINT('',(-2.269999999999,-2.149999999999,-1.58));
#7878=CARTESIAN_POINT('',(-2.269999999999,-1.95,-7.251151801602E-15));
#7879=CARTESIAN_POINT('',(-2.269999999999,-0.349999999999,-1.222018468595E-15));
#7880=CARTESIAN_POINT('Origin',(-2.269999999999,-2.15,0.329999999999));
#7881=CARTESIAN_POINT('',(-2.469999999999,-2.149999999999,-1.58));
#7882=CARTESIAN_POINT('',(-2.469999999999,-2.15,0.329999999999));
#7883=CARTESIAN_POINT('',(-2.269999999999,-2.149999999999,-1.58));
#7884=CARTESIAN_POINT('',(-4.469999999999,-2.15,0.129999999999));
#7885=CARTESIAN_POINT('Origin',(-2.269999999999,-0.15,0.329999999999));
#7886=CARTESIAN_POINT('',(-2.469999999999,-0.149999999999,-1.58));
#7887=CARTESIAN_POINT('',(-2.269999999999,-0.149999999999,-1.58));
#7888=CARTESIAN_POINT('',(-2.469999999999,-0.15,0.329999999999));
#7889=CARTESIAN_POINT('',(-4.169999999999,-0.15,0.129999999999));
#7890=CARTESIAN_POINT('Origin',(-4.67,-0.549999999999,-1.33));
#7891=CARTESIAN_POINT('',(-5.719999999999,-0.749999999999,-1.33));
#7892=CARTESIAN_POINT('',(-5.719999999999,-0.899999999999,-1.33));
#7893=CARTESIAN_POINT('',(-5.719999999999,-0.549999999999,-1.33));
#7894=CARTESIAN_POINT('Origin',(-5.719999999999,-1.149999999999,-1.33));
#7895=CARTESIAN_POINT('',(-5.519999999999,-1.749999999999,-1.33));
#7896=CARTESIAN_POINT('Origin',(-5.519999999999,-1.549999999999,-1.33));
#7897=CARTESIAN_POINT('',(-4.669999999999,-1.749999999999,-1.33));
#7898=CARTESIAN_POINT('',(-4.67,-1.749999999999,-1.33));
#7899=CARTESIAN_POINT('',(-4.669999999999,-0.549999999999,-1.33));
#7900=CARTESIAN_POINT('',(-4.669999999999,-0.549999999999,-1.33));
#7901=CARTESIAN_POINT('',(-5.519999999999,-0.549999999999,-1.33));
#7902=CARTESIAN_POINT('',(-4.67,-0.549999999999,-1.33));
#7903=CARTESIAN_POINT('Origin',(-5.519999999999,-0.749999999999,-1.33));
#7904=CARTESIAN_POINT('Origin',(-5.719999999999,-0.549999999999,-1.63));
#7905=CARTESIAN_POINT('',(-5.719999999999,-0.899999999999,-1.63));
#7906=CARTESIAN_POINT('',(-5.719999999999,-0.899999999999,-2.08));
#7907=CARTESIAN_POINT('',(-5.719999999999,-0.749999999999,-1.63));
#7908=CARTESIAN_POINT('',(-5.719999999999,-0.749999999999,-1.33));
#7909=CARTESIAN_POINT('',(-5.719999999999,-0.549999999999,-1.63));
#7910=CARTESIAN_POINT('Origin',(-4.67,-0.549999999999,-1.63));
#7911=CARTESIAN_POINT('Origin',(-5.719999999999,-1.149999999999,-1.63));
#7912=CARTESIAN_POINT('',(-5.519999999999,-0.549999999999,-1.63));
#7913=CARTESIAN_POINT('Origin',(-5.519999999999,-0.749999999999,-1.63));
#7914=CARTESIAN_POINT('',(-4.669999999999,-0.549999999999,-1.63));
#7915=CARTESIAN_POINT('',(-4.67,-0.549999999999,-1.63));
#7916=CARTESIAN_POINT('',(-4.669999999999,-1.749999999999,-1.63));
#7917=CARTESIAN_POINT('',(-4.669999999999,-0.549999999999,-1.63));
#7918=CARTESIAN_POINT('',(-5.519999999999,-1.749999999999,-1.63));
#7919=CARTESIAN_POINT('',(-4.67,-1.749999999999,-1.63));
#7920=CARTESIAN_POINT('Origin',(-5.519999999999,-1.549999999999,-1.63));
#7921=CARTESIAN_POINT('Origin',(-4.669999999999,-0.549999999999,-1.13));
#7922=CARTESIAN_POINT('',(-4.169999999999,-1.749999999999,-1.13));
#7923=CARTESIAN_POINT('Origin',(-4.669999999999,-1.749999999999,-1.13));
#7924=CARTESIAN_POINT('',(-4.169999999999,-0.549999999999,-1.129999999999));
#7925=CARTESIAN_POINT('Origin',(-4.669999999999,-0.549999999999,-1.13));
#7926=CARTESIAN_POINT('',(-4.169999999999,-0.549999999999,-1.129999999999));
#7927=CARTESIAN_POINT('Origin',(-4.169999999999,-0.55,0.329999999999));
#7928=CARTESIAN_POINT('',(-4.169999999999,-1.75,0.129999999999));
#7929=CARTESIAN_POINT('',(-4.169999999999,-1.75,0.329999999999));
#7930=CARTESIAN_POINT('',(-4.169999999999,-0.55,0.129999999999));
#7931=CARTESIAN_POINT('',(-4.169999999999,-0.55,0.329999999999));
#7932=CARTESIAN_POINT('Origin',(-4.169999999999,-0.35,0.129999999999));
#7933=CARTESIAN_POINT('Origin',(-4.169999999999,-1.95,0.129999999999));
#7934=CARTESIAN_POINT('Origin',(-4.469999999999,-0.55,0.329999999999));
#7935=CARTESIAN_POINT('',(-4.469999999999,-0.55,0.129999999999));
#7936=CARTESIAN_POINT('Origin',(-4.469999999999,-0.35,0.129999999999));
#7937=CARTESIAN_POINT('',(-4.469999999999,-0.549999999999,-1.13));
#7938=CARTESIAN_POINT('',(-4.469999999999,-0.55,0.329999999999));
#7939=CARTESIAN_POINT('',(-4.469999999999,-1.749999999999,-1.13));
#7940=CARTESIAN_POINT('',(-4.469999999999,-0.549999999999,-1.13));
#7941=CARTESIAN_POINT('',(-4.469999999999,-1.75,0.129999999999));
#7942=CARTESIAN_POINT('',(-4.469999999999,-1.75,0.329999999999));
#7943=CARTESIAN_POINT('Origin',(-4.469999999999,-1.95,0.129999999999));
#7944=CARTESIAN_POINT('Origin',(-4.669999999999,-0.549999999999,-1.13));
#7945=CARTESIAN_POINT('Origin',(-4.669999999999,-1.749999999999,-1.13));
#7946=CARTESIAN_POINT('Origin',(-4.669999999999,-0.549999999999,-1.13));
#7947=CARTESIAN_POINT('Origin',(-4.669999999999,-0.549999999999,-1.13));
#7948=CARTESIAN_POINT('',(-4.469999999999,-0.55,0.129999999999));
#7949=CARTESIAN_POINT('',(-5.519999999999,-0.549999999999,-1.63));
#7950=CARTESIAN_POINT('Origin',(-4.669999999999,-1.749999999999,-1.13));
#7951=CARTESIAN_POINT('',(-4.669999999999,-1.75,0.129999999999));
#7952=CARTESIAN_POINT('',(-5.519999999999,-1.749999999999,-1.13));
#7953=CARTESIAN_POINT('Origin',(-4.469999999999,2.2,-0.329999999999));
#7954=CARTESIAN_POINT('',(-4.469999999999,2.2,-1.129999999999));
#7955=CARTESIAN_POINT('',(-4.469999999999,2.2,-1.129999999999));
#7956=CARTESIAN_POINT('',(-4.469999999999,2.199999999999,0.13));
#7957=CARTESIAN_POINT('',(-4.469999999999,2.2,-0.329999999999));
#7958=CARTESIAN_POINT('Origin',(-4.469999999999,1.999999999999,0.13));
#7959=CARTESIAN_POINT('Origin',(-4.169999999999,2.2,-0.329999999999));
#7960=CARTESIAN_POINT('',(-4.169999999999,2.199999999999,0.13));
#7961=CARTESIAN_POINT('Origin',(-4.169999999999,1.999999999999,0.13));
#7962=CARTESIAN_POINT('',(-4.169999999999,2.2,-1.129999999999));
#7963=CARTESIAN_POINT('',(-4.169999999999,2.2,-0.329999999999));
#7964=CARTESIAN_POINT('',(-4.169999999999,2.2,-1.129999999999));
#7965=CARTESIAN_POINT('Origin',(-4.669999999999,2.2,-1.129999999999));
#7966=CARTESIAN_POINT('',(-4.669999999999,2.2,-1.629999999999));
#7967=CARTESIAN_POINT('Origin',(-4.669999999999,2.2,-1.129999999999));
#7968=CARTESIAN_POINT('',(-4.669999999999,2.2,-1.629999999999));
#7969=CARTESIAN_POINT('Origin',(-3.219999999999,2.2,-1.629999999999));
#7970=CARTESIAN_POINT('',(-5.719999999999,2.4,-1.629999999999));
#7971=CARTESIAN_POINT('',(-5.719999999999,2.5,-1.629999999999));
#7972=CARTESIAN_POINT('',(-5.719999999999,2.2,-1.629999999999));
#7973=CARTESIAN_POINT('Origin',(-5.719999999999,2.75,-1.629999999999));
#7974=CARTESIAN_POINT('Origin',(-5.519999999999,3.1,-1.629999999999));
#7975=CARTESIAN_POINT('',(-5.519999999999,2.2,-1.629999999999));
#7976=CARTESIAN_POINT('',(-3.219999999999,2.2,-1.629999999999));
#7977=CARTESIAN_POINT('Origin',(-5.519999999999,2.4,-1.629999999999));
#7978=CARTESIAN_POINT('Origin',(-5.719999999999,2.2,-0.329999999999));
#7979=CARTESIAN_POINT('',(-5.719999999999,2.4,-1.329999999999));
#7980=CARTESIAN_POINT('',(-5.719999999999,2.5,-1.329999999999));
#7981=CARTESIAN_POINT('',(-5.719999999999,2.2,-1.329999999999));
#7982=CARTESIAN_POINT('',(-5.719999999999,2.5,-2.079999999999));
#7983=CARTESIAN_POINT('',(-5.719999999999,2.4,-1.629999999999));
#7984=CARTESIAN_POINT('Origin',(-3.219999999999,2.2,-1.329999999999));
#7985=CARTESIAN_POINT('Origin',(-5.719999999999,2.75,-1.329999999999));
#7986=CARTESIAN_POINT('',(-5.519999999999,2.2,-1.329999999999));
#7987=CARTESIAN_POINT('Origin',(-5.519999999999,2.4,-1.329999999999));
#7988=CARTESIAN_POINT('',(-4.669999999999,2.2,-1.329999999999));
#7989=CARTESIAN_POINT('',(-3.219999999999,2.2,-1.329999999999));
#7990=CARTESIAN_POINT('',(-4.669999999999,2.2,-1.329999999999));
#7991=CARTESIAN_POINT('Origin',(-5.519999999999,3.1,-1.329999999999));
#7992=CARTESIAN_POINT('Origin',(-4.669999999999,2.2,-1.129999999999));
#7993=CARTESIAN_POINT('Origin',(-4.669999999999,2.2,-1.129999999999));
#7994=CARTESIAN_POINT('Origin',(-4.669999999999,2.2,-1.129999999999));
#7995=CARTESIAN_POINT('',(-4.669999999999,2.199999999999,0.13));
#7996=CARTESIAN_POINT('',(-5.519999999999,2.2,-1.329999999999));
#7997=CARTESIAN_POINT('Origin',(-4.669999999999,1.999999999999,0.13));
#7998=CARTESIAN_POINT('Origin',(-5.519999999999,3.1,-0.329999999999));
#7999=CARTESIAN_POINT('Origin',(-5.519999999999,2.4,-1.129999999999));
#8000=CARTESIAN_POINT('Origin',(-5.519999999999,-0.749999999999,-1.63));
#8001=CARTESIAN_POINT('Origin',(-5.519999999999,-1.549999999999,-1.13));
#8002=CARTESIAN_POINT('Origin',(-2.269999999999,-0.35,0.129999999999));
#8003=CARTESIAN_POINT('Origin',(-2.269999999999,-1.95,0.129999999999));
#8004=CARTESIAN_POINT('Origin',(-2.469999999999,-0.349999999999,-1.222018468595E-15));
#8005=CARTESIAN_POINT('Origin',(-2.469999999999,-0.349999999999,-1.58));
#8006=CARTESIAN_POINT('Origin',(-2.469999999999,-1.95,-7.251151801602E-15));
#8007=CARTESIAN_POINT('Origin',(-2.469999999999,-1.949999999999,-1.58));
#8008=CARTESIAN_POINT('Origin',(-2.22,3.299999999999,0.68));
#8009=CARTESIAN_POINT('',(-2.22,2.449999999999,1.58));
#8010=CARTESIAN_POINT('Origin',(-2.22,2.299999999999,0.68));
#8011=CARTESIAN_POINT('',(-2.07,2.299999999999,1.28));
#8012=CARTESIAN_POINT('',(-0.55,2.299999999999,0.68));
#8013=CARTESIAN_POINT('Origin',(-0.646410161513,2.649999999999,1.253205080756));
#8014=CARTESIAN_POINT('',(-0.646410161513,2.649999999999,1.253205080756));
#8015=CARTESIAN_POINT('',(-0.646410161513,2.649999999999,1.253205080756));
#8016=CARTESIAN_POINT('',(-1.473205080756,2.649999999999,0.775854811567));
#8017=CARTESIAN_POINT('',(-0.646410161513,2.649999999999,1.253205080756));
#8018=CARTESIAN_POINT('',(-1.646410161513,2.849999999999,0.675854811567));
#8019=CARTESIAN_POINT('Origin',(-1.473205080756,2.849999999999,0.775854811567));
#8020=CARTESIAN_POINT('',(-1.646410161513,3.099999999999,0.675854811567));
#8021=CARTESIAN_POINT('',(-1.646410161513,2.649999999999,0.675854811567));
#8022=CARTESIAN_POINT('Origin',(-1.473205080756,3.099999999999,0.775854811567));
#8023=CARTESIAN_POINT('Origin',(-1.796410161513,2.649999999999,0.935662432702));
#8024=CARTESIAN_POINT('',(-1.796410161513,2.849999999999,0.935662432702));
#8025=CARTESIAN_POINT('',(-1.646410161513,2.849999999999,0.675854811567));
#8026=CARTESIAN_POINT('',(-1.796410161513,3.099999999999,0.935662432702));
#8027=CARTESIAN_POINT('',(-1.796410161513,2.649999999999,0.935662432702));
#8028=CARTESIAN_POINT('',(-1.796410161513,3.099999999999,0.935662432702));
#8029=CARTESIAN_POINT('Origin',(-0.796410161513,2.649999999999,1.513012701892));
#8030=CARTESIAN_POINT('',(-1.623205080756,2.649999999999,1.035662432702));
#8031=CARTESIAN_POINT('Origin',(-1.623205080756,2.849999999999,1.035662432702));
#8032=CARTESIAN_POINT('',(-0.796410161513,2.649999999999,1.513012701892));
#8033=CARTESIAN_POINT('',(-0.796410161513,2.649999999999,1.513012701892));
#8034=CARTESIAN_POINT('',(-0.796410161513,2.649999999999,1.513012701892));
#8035=CARTESIAN_POINT('Origin',(-1.623205080756,3.099999999999,1.035662432702));
#8036=CARTESIAN_POINT('Origin',(-0.546410161513,2.649999999999,1.08));
#8037=CARTESIAN_POINT('',(-0.55,2.649999999999,1.579987112893));
#8038=CARTESIAN_POINT('Origin',(-0.546410161513,2.649999999999,1.08));
#8039=CARTESIAN_POINT('Origin',(-0.549693644909692,2.51330473602574,1.53899315422067));
#8040=CARTESIAN_POINT('Origin',(-0.546410161513,2.649999999999,1.08));
#8041=CARTESIAN_POINT('',(-0.55,2.649999999999,1.279967780053));
#8042=CARTESIAN_POINT('Origin',(-0.548456435082786,2.60198290023266,1.24398717519663));
#8043=CARTESIAN_POINT('Origin',(-0.546410161513,2.649999999999,1.08));
#8044=CARTESIAN_POINT('Origin',(-0.546410161513,2.649999999999,1.08));
#8045=CARTESIAN_POINT('',(-1.623205080756,2.649999999999,1.035662432702));
#8046=CARTESIAN_POINT('',(-0.55,2.649999999999,1.08));
#8047=CARTESIAN_POINT('Origin',(-1.223205080756,3.099999999999,0.342842109675));
#8048=CARTESIAN_POINT('Origin',(-1.623205080756,2.849999999999,1.035662432702));
#8049=CARTESIAN_POINT('Origin',(-0.55,2.499999999999,1.28));
#8050=CARTESIAN_POINT('Origin',(-0.55,2.449999999999,0.68));
#8051=CARTESIAN_POINT('Origin',(-2.07,2.449999999999,0.68));
#8052=CARTESIAN_POINT('Origin',(-3.22,3.3,-1.579999999999));
#8053=CARTESIAN_POINT('',(-3.22,-4.049999999999,-1.58));
#8054=CARTESIAN_POINT('Origin',(3.219999999999,-4.05,0.329999999999));
#8055=CARTESIAN_POINT('Origin',(5.719999999999,-1.149999999999,-2.08));
#8056=CARTESIAN_POINT('Origin',(5.719999999999,2.75,-2.079999999999));
#8057=CARTESIAN_POINT('Origin',(-5.719999999999,2.75,-2.079999999999));
#8058=CARTESIAN_POINT('Origin',(-5.719999999999,-1.149999999999,-2.08));
#8059=CARTESIAN_POINT('',(0.,0.,0.));
#8060=CARTESIAN_POINT('',(-0.020020320041,-1.276744866559,3.130050681348));
#8061=UNCERTAINTY_MEASURE_WITH_UNIT(LENGTH_MEASURE(0.01),#8069,
'DISTANCE_ACCURACY_VALUE',
'Maximum model space distance between geometric entities at asserted c
onnectivities');
#8062=UNCERTAINTY_MEASURE_WITH_UNIT(LENGTH_MEASURE(0.01),#8069,
'DISTANCE_ACCURACY_VALUE',
'Maximum model space distance between geometric entities at asserted c
onnectivities');
#8063=UNCERTAINTY_MEASURE_WITH_UNIT(LENGTH_MEASURE(0.01),#8069,
'DISTANCE_ACCURACY_VALUE',
'Maximum model space distance between geometric entities at asserted c
onnectivities');
#8064=UNCERTAINTY_MEASURE_WITH_UNIT(LENGTH_MEASURE(0.01),#8069,
'DISTANCE_ACCURACY_VALUE',
'Maximum model space distance between geometric entities at asserted c
onnectivities');
#8065=(
GEOMETRIC_REPRESENTATION_CONTEXT(3)
GLOBAL_UNCERTAINTY_ASSIGNED_CONTEXT((#8061))
GLOBAL_UNIT_ASSIGNED_CONTEXT((#8069,#8071,#8072))
REPRESENTATION_CONTEXT('','3D')
);
#8066=(
GEOMETRIC_REPRESENTATION_CONTEXT(3)
GLOBAL_UNCERTAINTY_ASSIGNED_CONTEXT((#8062))
GLOBAL_UNIT_ASSIGNED_CONTEXT((#8069,#8071,#8072))
REPRESENTATION_CONTEXT('','3D')
);
#8067=(
GEOMETRIC_REPRESENTATION_CONTEXT(3)
GLOBAL_UNCERTAINTY_ASSIGNED_CONTEXT((#8063))
GLOBAL_UNIT_ASSIGNED_CONTEXT((#8069,#8071,#8072))
REPRESENTATION_CONTEXT('','3D')
);
#8068=(
GEOMETRIC_REPRESENTATION_CONTEXT(3)
GLOBAL_UNCERTAINTY_ASSIGNED_CONTEXT((#8064))
GLOBAL_UNIT_ASSIGNED_CONTEXT((#8069,#8071,#8072))
REPRESENTATION_CONTEXT('','3D')
);
#8069=(
LENGTH_UNIT()
NAMED_UNIT(*)
SI_UNIT(.MILLI.,.METRE.)
);
#8070=(
LENGTH_UNIT()
NAMED_UNIT(*)
SI_UNIT($,.METRE.)
);
#8071=(
NAMED_UNIT(*)
PLANE_ANGLE_UNIT()
SI_UNIT($,.RADIAN.)
);
#8072=(
NAMED_UNIT(*)
SI_UNIT($,.STERADIAN.)
SOLID_ANGLE_UNIT()
);
#8073=SHAPE_DEFINITION_REPRESENTATION(#8076,#8081);
#8074=SHAPE_DEFINITION_REPRESENTATION(#8077,#8082);
#8075=SHAPE_DEFINITION_REPRESENTATION(#8078,#8083);
#8076=PRODUCT_DEFINITION_SHAPE('',$,#8085);
#8077=PRODUCT_DEFINITION_SHAPE('',$,#8086);
#8078=PRODUCT_DEFINITION_SHAPE('',$,#8087);
#8079=PRODUCT_DEFINITION_SHAPE($,$,#17);
#8080=PRODUCT_DEFINITION_SHAPE($,$,#18);
#8081=SHAPE_REPRESENTATION('',(#4967,#5359),#8065);
#8082=SHAPE_REPRESENTATION('',(#4968,#5358),#8066);
#8083=SHAPE_REPRESENTATION('',(#4969),#8067);
#8084=PRODUCT_DEFINITION_CONTEXT('part definition',#8095,'design');
#8085=PRODUCT_DEFINITION('EasyEDA PCB Model~luCQ','(\X2\672A4FDD5B58\X0\)',
#8088,#8084);
#8086=PRODUCT_DEFINITION(
'USB1~USB-C-SMD_GT-USB-7047A~USB-C-SMD_GT-USB-7047A~QDIF',
'USB1~USB-C-SMD_GT-USB-7047A~USB-C-SMD_GT-USB-7047A~QDIF',#8089,#8084);
#8087=PRODUCT_DEFINITION(
'USB-C-SMD_GT-USB-7047A~USB-C-SMD_GT-USB-7047A~HuJk',
'USB-C-SMD_GT-USB-7047A~USB-C-SMD_GT-USB-7047A~HuJk',#8090,#8084);
#8088=PRODUCT_DEFINITION_FORMATION('',$,#8097);
#8089=PRODUCT_DEFINITION_FORMATION('',$,#8098);
#8090=PRODUCT_DEFINITION_FORMATION('',$,#8099);
#8091=PRODUCT_RELATED_PRODUCT_CATEGORY('(\X2\672A4FDD5B58\X0\)',
'(\X2\672A4FDD5B58\X0\)',(#8097));
#8092=PRODUCT_RELATED_PRODUCT_CATEGORY(
'USB1~USB-C-SMD_GT-USB-7047A~USB-C-SMD_GT-USB-7047A~QDIF',
'USB1~USB-C-SMD_GT-USB-7047A~USB-C-SMD_GT-USB-7047A~QDIF',(#8098));
#8093=PRODUCT_RELATED_PRODUCT_CATEGORY(
'USB-C-SMD_GT-USB-7047A~USB-C-SMD_GT-USB-7047A~HuJk',
'USB-C-SMD_GT-USB-7047A~USB-C-SMD_GT-USB-7047A~HuJk',(#8099));
#8094=APPLICATION_PROTOCOL_DEFINITION('international standard',
'automotive_design',2009,#8095);
#8095=APPLICATION_CONTEXT(
'Core Data for Automotive Mechanical Design Process');
#8096=PRODUCT_CONTEXT('part definition',#8095,'mechanical');
#8097=PRODUCT('EasyEDA PCB Model~luCQ','(\X2\672A4FDD5B58\X0\)',
'Designed by EasyEDA Pro',(#8096));
#8098=PRODUCT('USB1~USB-C-SMD_GT-USB-7047A~USB-C-SMD_GT-USB-7047A~QDIF',
'USB1~USB-C-SMD_GT-USB-7047A~USB-C-SMD_GT-USB-7047A~QDIF',$,(#8096));
#8099=PRODUCT('USB-C-SMD_GT-USB-7047A~USB-C-SMD_GT-USB-7047A~HuJk',
'USB-C-SMD_GT-USB-7047A~USB-C-SMD_GT-USB-7047A~HuJk',$,(#8096));
#8100=PRESENTATION_STYLE_ASSIGNMENT((#8105));
#8101=PRESENTATION_STYLE_ASSIGNMENT((#8106));
#8102=PRESENTATION_STYLE_ASSIGNMENT((#8107));
#8103=PRESENTATION_STYLE_ASSIGNMENT((#8108));
#8104=PRESENTATION_STYLE_ASSIGNMENT((#8109));
#8105=SURFACE_STYLE_USAGE(.BOTH.,#8110);
#8106=SURFACE_STYLE_USAGE(.BOTH.,#8111);
#8107=SURFACE_STYLE_USAGE(.BOTH.,#8112);
#8108=SURFACE_STYLE_USAGE(.BOTH.,#8113);
#8109=SURFACE_STYLE_USAGE(.BOTH.,#8114);
#8110=SURFACE_SIDE_STYLE('',(#8115));
#8111=SURFACE_SIDE_STYLE('',(#8116));
#8112=SURFACE_SIDE_STYLE('',(#8117));
#8113=SURFACE_SIDE_STYLE('',(#8118));
#8114=SURFACE_SIDE_STYLE('',(#8119));
#8115=SURFACE_STYLE_FILL_AREA(#8120);
#8116=SURFACE_STYLE_FILL_AREA(#8121);
#8117=SURFACE_STYLE_FILL_AREA(#8122);
#8118=SURFACE_STYLE_FILL_AREA(#8123);
#8119=SURFACE_STYLE_FILL_AREA(#8124);
#8120=FILL_AREA_STYLE('\X2\94A2\X0\ - \X2\7F0E5149\X0\',(#8125));
#8121=FILL_AREA_STYLE('Opaque(255,255,255)',(#8126));
#8122=FILL_AREA_STYLE('Opaque(76,76,76)',(#8127));
#8123=FILL_AREA_STYLE('Opaque(211,170,33)',(#8128));
#8124=FILL_AREA_STYLE('Opaque(170,170,170)',(#8129));
#8125=FILL_AREA_STYLE_COLOUR('\X2\94A2\X0\ - \X2\7F0E5149\X0\',#8130);
#8126=FILL_AREA_STYLE_COLOUR('Opaque(255,255,255)',#8131);
#8127=FILL_AREA_STYLE_COLOUR('Opaque(76,76,76)',#8132);
#8128=FILL_AREA_STYLE_COLOUR('Opaque(211,170,33)',#8133);
#8129=FILL_AREA_STYLE_COLOUR('Opaque(170,170,170)',#8134);
#8130=COLOUR_RGB('\X2\94A2\X0\ - \X2\7F0E5149\X0\',0.627450980392157,0.627450980392157,
0.627450980392157);
#8131=COLOUR_RGB('Opaque(255,255,255)',1.,1.,1.);
#8132=COLOUR_RGB('Opaque(76,76,76)',0.298039215686275,0.298039215686275,
0.298039215686275);
#8133=COLOUR_RGB('Opaque(211,170,33)',0.827450980392157,0.666666666666667,
0.129411764705882);
#8134=COLOUR_RGB('Opaque(170,170,170)',0.666666666666667,0.666666666666667,
0.666666666666667);
ENDSEC;
END-ISO-10303-21;
