ISO-10303-21;
HEADER;
/* Generated by software containing ST-Developer
 * from STEP Tools, Inc. (www.steptools.com) 
 */

FILE_DESCRIPTION(
/* description */ ('Designed by EasyEDA Pro'),
/* implementation_level */ '2;1');

FILE_NAME(
/* name */ 'MR-0-102-A01.step',
/* time_stamp */ '2026-04-15T13:22:09+08:00',
/* author */ (''),
/* organization */ (''),
/* preprocessor_version */ 'ST-DEVELOPER v20.1',
/* originating_system */ 'Autodesk Translation Framework v14.24.0.0',
/* authorisation */ '');

FILE_SCHEMA (('AUTOMOTIVE_DESIGN { 1 0 10303 214 3 1 1 }'));
ENDSEC;

DATA;
#10=MECHANICAL_DESIGN_GEOMETRIC_PRESENTATION_REPRESENTATION('',(#3795,#3796,
#3797,#3798,#3799,#3800,#3801,#3802,#3803,#3804,#3805,#3806,#3807,#3808,
#3809,#3810,#3811,#3812,#3813,#3814,#3815,#3816,#3817,#3818,#3819,#3820,
#3821,#3822,#3823,#3824,#3825,#3826,#3827,#3828,#3829,#3830,#3831,#3832,
#3833,#3834,#3835,#3836,#3837,#3838,#3839,#3840,#3841,#3842,#3843,#3844,
#3845,#3846,#3847,#3848,#3849,#3850,#3851,#3852,#3853,#3854,#3855,#3856,
#3857,#3858,#3859,#3860,#3861,#3862,#3863,#3864,#3865,#3866,#3867,#3868,
#3869,#3870,#3871,#3872,#3873,#3874,#3875,#3876,#3877,#3878,#3879,#3880,
#3881,#3882,#3883,#3884,#3885,#3886,#3887,#3888,#3889,#3890,#3891,#3892,
#3893,#3894,#3895,#3896,#3897,#3898,#3899,#3900,#3901,#3902,#3903,#3904,
#3905,#3906,#3907,#3908,#3909,#3910,#3911,#3912,#3913,#3914,#3915,#3916,
#3917,#3918,#3919,#3920,#3921,#3922,#3923,#3924,#3925,#3926,#3927,#3928,
#3929,#3930,#3931,#3932,#3933,#3934,#3935,#3936,#3937,#3938,#3939,#3940,
#3941,#3942,#3943,#3944,#3945,#3946,#3947,#3948,#3949,#3950,#3951,#3952,
#3953,#3954,#3955),#7457);
#11=ITEM_DEFINED_TRANSFORMATION($,$,#4188,#4470);
#12=ITEM_DEFINED_TRANSFORMATION($,$,#4187,#4471);
#13=(
REPRESENTATION_RELATIONSHIP($,$,#7472,#7471)
REPRESENTATION_RELATIONSHIP_WITH_TRANSFORMATION(#11)
SHAPE_REPRESENTATION_RELATIONSHIP()
);
#14=(
REPRESENTATION_RELATIONSHIP($,$,#7471,#7470)
REPRESENTATION_RELATIONSHIP_WITH_TRANSFORMATION(#12)
SHAPE_REPRESENTATION_RELATIONSHIP()
);
#15=CONTEXT_DEPENDENT_SHAPE_REPRESENTATION(#13,#7468);
#16=CONTEXT_DEPENDENT_SHAPE_REPRESENTATION(#14,#7469);
#17=NEXT_ASSEMBLY_USAGE_OCCURRENCE(
'SW-TH_3P-P4.70_C1788501~SW-TH_3P-P4.70_C1788501~mPzT:1',
'SW-TH_3P-P4.70_C1788501~SW-TH_3P-P4.70_C1788501~mPzT:1',
'SW-TH_3P-P4.70_C1788501~SW-TH_3P-P4.70_C1788501~mPzT:1',#7475,#7476,
'SW-TH_3P-P4.70_C1788501~SW-TH_3P-P4.70_C1788501~mPzT:1');
#18=NEXT_ASSEMBLY_USAGE_OCCURRENCE(
'SW1~SW-TH_3P-P4.70_C1788501~SW-TH_3P-P4.70_C1788501~KZxe:1',
'SW1~SW-TH_3P-P4.70_C1788501~SW-TH_3P-P4.70_C1788501~KZxe:1',
'SW1~SW-TH_3P-P4.70_C1788501~SW-TH_3P-P4.70_C1788501~KZxe:1',#7474,#7475,
'SW1~SW-TH_3P-P4.70_C1788501~SW-TH_3P-P4.70_C1788501~KZxe:1');
#19=SHAPE_REPRESENTATION_RELATIONSHIP('SRR','None',#7472,#20);
#20=ADVANCED_BREP_SHAPE_REPRESENTATION('',(#69,#70,#71),#7456);
#21=B_SPLINE_SURFACE_WITH_KNOTS('',3,1,((#6628,#6629),(#6630,#6631),(#6632,
#6633),(#6634,#6635),(#6636,#6637),(#6638,#6639),(#6640,#6641)),
 .UNSPECIFIED.,.F.,.F.,.F.,(4,1,1,1,4),(2,2),(0.,0.300541113158,0.567747146483,
0.800033613736,1.),(0.,0.0024),.UNSPECIFIED.);
#22=B_SPLINE_SURFACE_WITH_KNOTS('',3,1,((#6655,#6656),(#6657,#6658),(#6659,
#6660),(#6661,#6662),(#6663,#6664),(#6665,#6666),(#6667,#6668)),
 .UNSPECIFIED.,.F.,.F.,.F.,(4,1,1,1,4),(2,2),(0.,0.174481715317,0.398285759128,
0.673897847398,1.),(0.,0.0024),.UNSPECIFIED.);
#23=B_SPLINE_SURFACE_WITH_KNOTS('',3,1,((#6694,#6695),(#6696,#6697),(#6698,
#6699),(#6700,#6701),(#6702,#6703),(#6704,#6705),(#6706,#6707),(#6708,#6709),
(#6710,#6711),(#6712,#6713),(#6714,#6715),(#6716,#6717),(#6718,#6719),(#6720,
#6721),(#6722,#6723),(#6724,#6725),(#6726,#6727),(#6728,#6729),(#6730,#6731)),
 .UNSPECIFIED.,.F.,.F.,.F.,(4,1,1,1,1,1,1,1,1,1,1,1,1,1,1,1,4),(2,2),(0.,
0.068631178676,0.134566466038,0.19832815401,0.26078976664,0.321999151484,
0.382721746503,0.443537474035,0.505133429484,0.566213874764,0.626105864617,
0.68534932216,0.744995870347,0.805415841814,0.867636266345,0.932307782302,
1.),(0.,0.0024),.UNSPECIFIED.);
#24=B_SPLINE_SURFACE_WITH_KNOTS('',3,1,((#6753,#6754),(#6755,#6756),(#6757,
#6758),(#6759,#6760),(#6761,#6762),(#6763,#6764),(#6765,#6766),(#6767,#6768),
(#6769,#6770),(#6771,#6772),(#6773,#6774),(#6775,#6776),(#6777,#6778),(#6779,
#6780),(#6781,#6782),(#6783,#6784),(#6785,#6786),(#6787,#6788),(#6789,#6790)),
 .UNSPECIFIED.,.F.,.F.,.F.,(4,1,1,1,1,1,1,1,1,1,1,1,1,1,1,1,4),(2,2),(0.,
0.068068695844,0.133427432818,0.196146033813,0.257048592449,0.316882663159,
0.376187208666,0.435960335363,0.496535236862,0.55746534348,0.61768686341,
0.677943640696,0.738805284806,0.800949336766,0.86481466747,0.931024781078,
1.),(0.,0.0024),.UNSPECIFIED.);
#25=B_SPLINE_SURFACE_WITH_KNOTS('',3,1,((#6863,#6864),(#6865,#6866),(#6867,
#6868),(#6869,#6870),(#6871,#6872),(#6873,#6874),(#6875,#6876),(#6877,#6878),
(#6879,#6880),(#6881,#6882),(#6883,#6884),(#6885,#6886),(#6887,#6888),(#6889,
#6890),(#6891,#6892),(#6893,#6894),(#6895,#6896),(#6897,#6898),(#6899,#6900)),
 .UNSPECIFIED.,.F.,.F.,.F.,(4,1,1,1,1,1,1,1,1,1,1,1,1,1,1,1,4),(2,2),(0.,
0.074303796442,0.144393610364,0.210499496103,0.273542606503,0.333824744579,
0.392529672408,0.450087454599,0.507820611555,0.565464912776,0.623148722333,
0.68129719279,0.740913498156,0.801855752195,0.86524123772,0.930941657046,
1.),(0.,0.0024),.UNSPECIFIED.);
#26=B_SPLINE_SURFACE_WITH_KNOTS('',3,1,((#6922,#6923),(#6924,#6925),(#6926,
#6927),(#6928,#6929),(#6930,#6931),(#6932,#6933),(#6934,#6935),(#6936,#6937),
(#6938,#6939),(#6940,#6941),(#6942,#6943),(#6944,#6945),(#6946,#6947),(#6948,
#6949),(#6950,#6951),(#6952,#6953),(#6954,#6955),(#6956,#6957),(#6958,#6959)),
 .UNSPECIFIED.,.F.,.F.,.F.,(4,1,1,1,1,1,1,1,1,1,1,1,1,1,1,1,4),(2,2),(0.,
0.070826572555,0.138169033279,0.202475331533,0.263973754413,0.323380320598,
0.381797622713,0.439390074519,0.496902724545,0.554662169609,0.612741878492,
0.671538836391,0.73165572209,0.794297811613,0.859482204979,0.927681325452,
1.),(0.,0.0024),.UNSPECIFIED.);
#27=B_SPLINE_SURFACE_WITH_KNOTS('',3,1,((#7042,#7043),(#7044,#7045),(#7046,
#7047),(#7048,#7049),(#7050,#7051),(#7052,#7053),(#7054,#7055),(#7056,#7057),
(#7058,#7059),(#7060,#7061),(#7062,#7063)),.UNSPECIFIED.,.F.,.F.,.F.,(4,
1,1,1,1,1,1,1,4),(2,2),(0.,0.112448389908,0.226527675212,0.344401949326,
0.465864972487,0.591659449352,0.722168487024,0.858606387554,1.),(0.,0.0024),
 .UNSPECIFIED.);
#28=B_SPLINE_SURFACE_WITH_KNOTS('',3,1,((#7077,#7078),(#7079,#7080),(#7081,
#7082),(#7083,#7084),(#7085,#7086),(#7087,#7088),(#7089,#7090),(#7091,#7092),
(#7093,#7094),(#7095,#7096),(#7097,#7098),(#7099,#7100),(#7101,#7102),(#7103,
#7104),(#7105,#7106),(#7107,#7108),(#7109,#7110),(#7111,#7112),(#7113,#7114)),
 .UNSPECIFIED.,.F.,.F.,.F.,(4,1,1,1,1,1,1,1,1,1,1,1,1,1,1,1,4),(2,2),(0.,
0.067833248455,0.132655536507,0.19505088405,0.255582933068,0.314799834147,
0.373600472826,0.432545595326,0.492430629283,0.552671255962,0.612513044188,
0.672610250357,0.733838369313,0.796594238567,0.86144979929,0.92919894235,
1.),(0.,0.0024),.UNSPECIFIED.);
#29=B_SPLINE_SURFACE_WITH_KNOTS('',3,1,((#7136,#7137),(#7138,#7139),(#7140,
#7141),(#7142,#7143),(#7144,#7145),(#7146,#7147),(#7148,#7149),(#7150,#7151),
(#7152,#7153),(#7154,#7155),(#7156,#7157),(#7158,#7159),(#7160,#7161),(#7162,
#7163),(#7164,#7165),(#7166,#7167),(#7168,#7169),(#7170,#7171),(#7172,#7173)),
 .UNSPECIFIED.,.F.,.F.,.F.,(4,1,1,1,1,1,1,1,1,1,1,1,1,1,1,1,4),(2,2),(0.,
0.070643718575,0.138256715508,0.203364124217,0.266324093803,0.327904761542,
0.388737715173,0.449423528109,0.510861011459,0.572079396047,0.631734428731,
0.691117210578,0.75036002949,0.810032900531,0.871362450828,0.934427141231,
1.),(0.,0.0024),.UNSPECIFIED.);
#30=B_SPLINE_SURFACE_WITH_KNOTS('',3,1,((#7195,#7196),(#7197,#7198),(#7199,
#7200),(#7201,#7202),(#7203,#7204),(#7205,#7206),(#7207,#7208),(#7209,#7210),
(#7211,#7212),(#7213,#7214),(#7215,#7216)),.UNSPECIFIED.,.F.,.F.,.F.,(4,
1,1,1,1,1,1,1,4),(2,2),(0.,0.145186866472,0.283442610919,0.416524365928,
0.543181123535,0.665153082637,0.781360206312,0.892756655641,1.),(0.,0.0024),
 .UNSPECIFIED.);
#31=B_SPLINE_SURFACE_WITH_KNOTS('',3,1,((#7234,#7235),(#7236,#7237),(#7238,
#7239),(#7240,#7241),(#7242,#7243),(#7244,#7245),(#7246,#7247),(#7248,#7249),
(#7250,#7251),(#7252,#7253),(#7254,#7255)),.UNSPECIFIED.,.F.,.F.,.F.,(4,
1,1,1,1,1,1,1,4),(2,2),(0.,0.125279696735,0.249419970742,0.373356799492,
0.496681278782,0.620202915743,0.745086320161,0.871269195019,1.),(0.,0.0024),
 .UNSPECIFIED.);
#32=B_SPLINE_SURFACE_WITH_KNOTS('',3,1,((#7269,#7270),(#7271,#7272),(#7273,
#7274),(#7275,#7276),(#7277,#7278),(#7279,#7280),(#7281,#7282),(#7283,#7284),
(#7285,#7286),(#7287,#7288),(#7289,#7290),(#7291,#7292),(#7293,#7294),(#7295,
#7296),(#7297,#7298),(#7299,#7300),(#7301,#7302),(#7303,#7304),(#7305,#7306)),
 .UNSPECIFIED.,.F.,.F.,.F.,(4,1,1,1,1,1,1,1,1,1,1,1,1,1,1,1,4),(2,2),(0.,
0.064603970288,0.126702413962,0.186756814035,0.245505687365,0.303652024449,
0.36150307397,0.420240222928,0.480033340776,0.540678134775,0.60119180638,
0.662333502477,0.724739510297,0.789467736172,0.856504860043,0.926312095839,
1.),(0.,0.0024),.UNSPECIFIED.);
#33=B_SPLINE_SURFACE_WITH_KNOTS('',3,1,((#7328,#7329),(#7330,#7331),(#7332,
#7333),(#7334,#7335),(#7336,#7337),(#7338,#7339),(#7340,#7341),(#7342,#7343),
(#7344,#7345),(#7346,#7347),(#7348,#7349),(#7350,#7351),(#7352,#7353),(#7354,
#7355),(#7356,#7357),(#7358,#7359),(#7360,#7361),(#7362,#7363),(#7364,#7365)),
 .UNSPECIFIED.,.F.,.F.,.F.,(4,1,1,1,1,1,1,1,1,1,1,1,1,1,1,1,4),(2,2),(0.,
0.073774119374,0.144079114726,0.211348518308,0.276076885739,0.338520915819,
0.399885116693,0.460254067465,0.520588964391,0.580207684563,0.638632908552,
0.69636454949,0.75400177466,0.812805681374,0.872754425525,0.935181996978,
1.),(0.,0.0024),.UNSPECIFIED.);
#34=B_SPLINE_SURFACE_WITH_KNOTS('',3,1,((#7387,#7388),(#7389,#7390),(#7391,
#7392),(#7393,#7394),(#7395,#7396),(#7397,#7398),(#7399,#7400),(#7401,#7402),
(#7403,#7404),(#7405,#7406),(#7407,#7408)),.UNSPECIFIED.,.F.,.F.,.F.,(4,
1,1,1,1,1,1,1,4),(2,2),(0.,0.135294604763,0.266765657924,0.394816018835,
0.520051654434,0.64217570297,0.762651820558,0.88183400438,1.),(0.,0.0024),
 .UNSPECIFIED.);
#35=B_SPLINE_CURVE_WITH_KNOTS('',3,(#5957,#5958,#5959,#5960,#5961,#5962,
#5963,#5964,#5965,#5966,#5967,#5968,#5969,#5970,#5971,#5972,#5973,#5974,
#5975),.UNSPECIFIED.,.F.,.F.,(4,1,1,1,1,1,1,1,1,1,1,1,1,1,1,1,4),(0.,0.068068695844,
0.133427432818,0.196146033813,0.257048592449,0.316882663159,0.376187208666,
0.435960335363,0.496535236862,0.55746534348,0.61768686341,0.677943640696,
0.738805284806,0.800949336766,0.86481466747,0.931024781078,1.),
 .UNSPECIFIED.);
#36=B_SPLINE_CURVE_WITH_KNOTS('',3,(#5982,#5983,#5984,#5985,#5986,#5987,
#5988,#5989,#5990,#5991,#5992,#5993,#5994,#5995,#5996,#5997,#5998,#5999,
#6000),.UNSPECIFIED.,.F.,.F.,(4,1,1,1,1,1,1,1,1,1,1,1,1,1,1,1,4),(0.,0.068631178676,
0.134566466038,0.19832815401,0.26078976664,0.321999151484,0.382721746503,
0.443537474035,0.505133429484,0.566213874764,0.626105864617,0.68534932216,
0.744995870347,0.805415841814,0.867636266345,0.932307782302,1.),
 .UNSPECIFIED.);
#37=B_SPLINE_CURVE_WITH_KNOTS('',3,(#6027,#6028,#6029,#6030,#6031,#6032,
#6033,#6034,#6035,#6036,#6037),.UNSPECIFIED.,.F.,.F.,(4,1,1,1,1,1,1,1,4),
(0.,0.135294604763,0.266765657924,0.394816018835,0.520051654434,0.64217570297,
0.762651820558,0.88183400438,1.),.UNSPECIFIED.);
#38=B_SPLINE_CURVE_WITH_KNOTS('',3,(#6041,#6042,#6043,#6044,#6045,#6046,
#6047,#6048,#6049,#6050,#6051),.UNSPECIFIED.,.F.,.F.,(4,1,1,1,1,1,1,1,4),
(0.,0.112448389908,0.226527675212,0.344401949326,0.465864972487,0.591659449352,
0.722168487024,0.858606387554,1.),.UNSPECIFIED.);
#39=B_SPLINE_CURVE_WITH_KNOTS('',3,(#6053,#6054,#6055,#6056,#6057,#6058,
#6059,#6060,#6061,#6062,#6063,#6064,#6065,#6066,#6067,#6068,#6069,#6070,
#6071),.UNSPECIFIED.,.F.,.F.,(4,1,1,1,1,1,1,1,1,1,1,1,1,1,1,1,4),(0.,0.067833248455,
0.132655536507,0.19505088405,0.255582933068,0.314799834147,0.373600472826,
0.432545595326,0.492430629283,0.552671255962,0.612513044188,0.672610250357,
0.733838369313,0.796594238567,0.86144979929,0.92919894235,1.),
 .UNSPECIFIED.);
#40=B_SPLINE_CURVE_WITH_KNOTS('',3,(#6073,#6074,#6075,#6076,#6077,#6078,
#6079,#6080,#6081,#6082,#6083,#6084,#6085,#6086,#6087,#6088,#6089,#6090,
#6091),.UNSPECIFIED.,.F.,.F.,(4,1,1,1,1,1,1,1,1,1,1,1,1,1,1,1,4),(0.,0.070643718575,
0.138256715508,0.203364124217,0.266324093803,0.327904761542,0.388737715173,
0.449423528109,0.510861011459,0.572079396047,0.631734428731,0.691117210578,
0.75036002949,0.810032900531,0.871362450828,0.934427141231,1.),
 .UNSPECIFIED.);
#41=B_SPLINE_CURVE_WITH_KNOTS('',3,(#6093,#6094,#6095,#6096,#6097,#6098,
#6099,#6100,#6101,#6102,#6103),.UNSPECIFIED.,.F.,.F.,(4,1,1,1,1,1,1,1,4),
(0.,0.145186866472,0.283442610919,0.416524365928,0.543181123535,0.665153082637,
0.781360206312,0.892756655641,1.),.UNSPECIFIED.);
#42=B_SPLINE_CURVE_WITH_KNOTS('',3,(#6107,#6108,#6109,#6110,#6111,#6112,
#6113,#6114,#6115,#6116,#6117),.UNSPECIFIED.,.F.,.F.,(4,1,1,1,1,1,1,1,4),
(0.,0.125279696735,0.249419970742,0.373356799492,0.496681278782,0.620202915743,
0.745086320161,0.871269195019,1.),.UNSPECIFIED.);
#43=B_SPLINE_CURVE_WITH_KNOTS('',3,(#6119,#6120,#6121,#6122,#6123,#6124,
#6125,#6126,#6127,#6128,#6129,#6130,#6131,#6132,#6133,#6134,#6135,#6136,
#6137),.UNSPECIFIED.,.F.,.F.,(4,1,1,1,1,1,1,1,1,1,1,1,1,1,1,1,4),(0.,0.064603970288,
0.126702413962,0.186756814035,0.245505687365,0.303652024449,0.36150307397,
0.420240222928,0.480033340776,0.540678134775,0.60119180638,0.662333502477,
0.724739510297,0.789467736172,0.856504860043,0.926312095839,1.),
 .UNSPECIFIED.);
#44=B_SPLINE_CURVE_WITH_KNOTS('',3,(#6138,#6139,#6140,#6141,#6142,#6143,
#6144,#6145,#6146,#6147,#6148,#6149,#6150,#6151,#6152,#6153,#6154,#6155,
#6156),.UNSPECIFIED.,.F.,.F.,(4,1,1,1,1,1,1,1,1,1,1,1,1,1,1,1,4),(0.,0.073774119374,
0.144079114726,0.211348518308,0.276076885739,0.338520915819,0.399885116693,
0.460254067465,0.520588964391,0.580207684563,0.638632908552,0.69636454949,
0.75400177466,0.812805681374,0.872754425525,0.935181996978,1.),
 .UNSPECIFIED.);
#45=B_SPLINE_CURVE_WITH_KNOTS('',3,(#6600,#6601,#6602,#6603,#6604,#6605,
#6606),.UNSPECIFIED.,.F.,.F.,(4,1,1,1,4),(0.,0.300541113158,0.567747146483,
0.800033613736,1.),.UNSPECIFIED.);
#46=B_SPLINE_CURVE_WITH_KNOTS('',3,(#6610,#6611,#6612,#6613,#6614,#6615,
#6616),.UNSPECIFIED.,.F.,.F.,(4,1,1,1,4),(0.,0.174481715317,0.398285759128,
0.673897847398,1.),.UNSPECIFIED.);
#47=B_SPLINE_CURVE_WITH_KNOTS('',3,(#6643,#6644,#6645,#6646,#6647,#6648,
#6649),.UNSPECIFIED.,.F.,.F.,(4,1,1,1,4),(0.,0.300541113158,0.567747146483,
0.800033613736,1.),.UNSPECIFIED.);
#48=B_SPLINE_CURVE_WITH_KNOTS('',3,(#6670,#6671,#6672,#6673,#6674,#6675,
#6676),.UNSPECIFIED.,.F.,.F.,(4,1,1,1,4),(0.,0.174481715317,0.398285759128,
0.673897847398,1.),.UNSPECIFIED.);
#49=B_SPLINE_CURVE_WITH_KNOTS('',3,(#6733,#6734,#6735,#6736,#6737,#6738,
#6739,#6740,#6741,#6742,#6743,#6744,#6745,#6746,#6747,#6748,#6749,#6750,
#6751),.UNSPECIFIED.,.F.,.F.,(4,1,1,1,1,1,1,1,1,1,1,1,1,1,1,1,4),(0.,0.068631178676,
0.134566466038,0.19832815401,0.26078976664,0.321999151484,0.382721746503,
0.443537474035,0.505133429484,0.566213874764,0.626105864617,0.68534932216,
0.744995870347,0.805415841814,0.867636266345,0.932307782302,1.),
 .UNSPECIFIED.);
#50=B_SPLINE_CURVE_WITH_KNOTS('',3,(#6791,#6792,#6793,#6794,#6795,#6796,
#6797,#6798,#6799,#6800,#6801,#6802,#6803,#6804,#6805,#6806,#6807,#6808,
#6809),.UNSPECIFIED.,.F.,.F.,(4,1,1,1,1,1,1,1,1,1,1,1,1,1,1,1,4),(0.,0.068068695844,
0.133427432818,0.196146033813,0.257048592449,0.316882663159,0.376187208666,
0.435960335363,0.496535236862,0.55746534348,0.61768686341,0.677943640696,
0.738805284806,0.800949336766,0.86481466747,0.931024781078,1.),
 .UNSPECIFIED.);
#51=B_SPLINE_CURVE_WITH_KNOTS('',3,(#6813,#6814,#6815,#6816,#6817,#6818,
#6819,#6820,#6821,#6822,#6823,#6824,#6825,#6826,#6827,#6828,#6829,#6830,
#6831),.UNSPECIFIED.,.F.,.F.,(4,1,1,1,1,1,1,1,1,1,1,1,1,1,1,1,4),(0.,0.074303796442,
0.144393610364,0.210499496103,0.273542606503,0.333824744579,0.392529672408,
0.450087454599,0.507820611555,0.565464912776,0.623148722333,0.68129719279,
0.740913498156,0.801855752195,0.86524123772,0.930941657046,1.),
 .UNSPECIFIED.);
#52=B_SPLINE_CURVE_WITH_KNOTS('',3,(#6833,#6834,#6835,#6836,#6837,#6838,
#6839,#6840,#6841,#6842,#6843,#6844,#6845,#6846,#6847,#6848,#6849,#6850,
#6851),.UNSPECIFIED.,.F.,.F.,(4,1,1,1,1,1,1,1,1,1,1,1,1,1,1,1,4),(0.,0.070826572555,
0.138169033279,0.202475331533,0.263973754413,0.323380320598,0.381797622713,
0.439390074519,0.496902724545,0.554662169609,0.612741878492,0.671538836391,
0.73165572209,0.794297811613,0.859482204979,0.927681325452,1.),
 .UNSPECIFIED.);
#53=B_SPLINE_CURVE_WITH_KNOTS('',3,(#6902,#6903,#6904,#6905,#6906,#6907,
#6908,#6909,#6910,#6911,#6912,#6913,#6914,#6915,#6916,#6917,#6918,#6919,
#6920),.UNSPECIFIED.,.F.,.F.,(4,1,1,1,1,1,1,1,1,1,1,1,1,1,1,1,4),(0.,0.074303796442,
0.144393610364,0.210499496103,0.273542606503,0.333824744579,0.392529672408,
0.450087454599,0.507820611555,0.565464912776,0.623148722333,0.68129719279,
0.740913498156,0.801855752195,0.86524123772,0.930941657046,1.),
 .UNSPECIFIED.);
#54=B_SPLINE_CURVE_WITH_KNOTS('',3,(#6961,#6962,#6963,#6964,#6965,#6966,
#6967,#6968,#6969,#6970,#6971,#6972,#6973,#6974,#6975,#6976,#6977,#6978,
#6979),.UNSPECIFIED.,.F.,.F.,(4,1,1,1,1,1,1,1,1,1,1,1,1,1,1,1,4),(0.,0.070826572555,
0.138169033279,0.202475331533,0.263973754413,0.323380320598,0.381797622713,
0.439390074519,0.496902724545,0.554662169609,0.612741878492,0.671538836391,
0.73165572209,0.794297811613,0.859482204979,0.927681325452,1.),
 .UNSPECIFIED.);
#55=B_SPLINE_CURVE_WITH_KNOTS('',3,(#7065,#7066,#7067,#7068,#7069,#7070,
#7071,#7072,#7073,#7074,#7075),.UNSPECIFIED.,.F.,.F.,(4,1,1,1,1,1,1,1,4),
(0.,0.112448389908,0.226527675212,0.344401949326,0.465864972487,0.591659449352,
0.722168487024,0.858606387554,1.),.UNSPECIFIED.);
#56=B_SPLINE_CURVE_WITH_KNOTS('',3,(#7116,#7117,#7118,#7119,#7120,#7121,
#7122,#7123,#7124,#7125,#7126,#7127,#7128,#7129,#7130,#7131,#7132,#7133,
#7134),.UNSPECIFIED.,.F.,.F.,(4,1,1,1,1,1,1,1,1,1,1,1,1,1,1,1,4),(0.,0.067833248455,
0.132655536507,0.19505088405,0.255582933068,0.314799834147,0.373600472826,
0.432545595326,0.492430629283,0.552671255962,0.612513044188,0.672610250357,
0.733838369313,0.796594238567,0.86144979929,0.92919894235,1.),
 .UNSPECIFIED.);
#57=B_SPLINE_CURVE_WITH_KNOTS('',3,(#7175,#7176,#7177,#7178,#7179,#7180,
#7181,#7182,#7183,#7184,#7185,#7186,#7187,#7188,#7189,#7190,#7191,#7192,
#7193),.UNSPECIFIED.,.F.,.F.,(4,1,1,1,1,1,1,1,1,1,1,1,1,1,1,1,4),(0.,0.070643718575,
0.138256715508,0.203364124217,0.266324093803,0.327904761542,0.388737715173,
0.449423528109,0.510861011459,0.572079396047,0.631734428731,0.691117210578,
0.75036002949,0.810032900531,0.871362450828,0.934427141231,1.),
 .UNSPECIFIED.);
#58=B_SPLINE_CURVE_WITH_KNOTS('',3,(#7218,#7219,#7220,#7221,#7222,#7223,
#7224,#7225,#7226,#7227,#7228),.UNSPECIFIED.,.F.,.F.,(4,1,1,1,1,1,1,1,4),
(0.,0.145186866472,0.283442610919,0.416524365928,0.543181123535,0.665153082637,
0.781360206312,0.892756655641,1.),.UNSPECIFIED.);
#59=B_SPLINE_CURVE_WITH_KNOTS('',3,(#7257,#7258,#7259,#7260,#7261,#7262,
#7263,#7264,#7265,#7266,#7267),.UNSPECIFIED.,.F.,.F.,(4,1,1,1,1,1,1,1,4),
(0.,0.125279696735,0.249419970742,0.373356799492,0.496681278782,0.620202915743,
0.745086320161,0.871269195019,1.),.UNSPECIFIED.);
#60=B_SPLINE_CURVE_WITH_KNOTS('',3,(#7308,#7309,#7310,#7311,#7312,#7313,
#7314,#7315,#7316,#7317,#7318,#7319,#7320,#7321,#7322,#7323,#7324,#7325,
#7326),.UNSPECIFIED.,.F.,.F.,(4,1,1,1,1,1,1,1,1,1,1,1,1,1,1,1,4),(0.,0.064603970288,
0.126702413962,0.186756814035,0.245505687365,0.303652024449,0.36150307397,
0.420240222928,0.480033340776,0.540678134775,0.60119180638,0.662333502477,
0.724739510297,0.789467736172,0.856504860043,0.926312095839,1.),
 .UNSPECIFIED.);
#61=B_SPLINE_CURVE_WITH_KNOTS('',3,(#7367,#7368,#7369,#7370,#7371,#7372,
#7373,#7374,#7375,#7376,#7377,#7378,#7379,#7380,#7381,#7382,#7383,#7384,
#7385),.UNSPECIFIED.,.F.,.F.,(4,1,1,1,1,1,1,1,1,1,1,1,1,1,1,1,4),(0.,0.073774119374,
0.144079114726,0.211348518308,0.276076885739,0.338520915819,0.399885116693,
0.460254067465,0.520588964391,0.580207684563,0.638632908552,0.69636454949,
0.75400177466,0.812805681374,0.872754425525,0.935181996978,1.),
 .UNSPECIFIED.);
#62=B_SPLINE_CURVE_WITH_KNOTS('',3,(#7409,#7410,#7411,#7412,#7413,#7414,
#7415,#7416,#7417,#7418,#7419),.UNSPECIFIED.,.F.,.F.,(4,1,1,1,1,1,1,1,4),
(0.,0.135294604763,0.266765657924,0.394816018835,0.520051654434,0.64217570297,
0.762651820558,0.88183400438,1.),.UNSPECIFIED.);
#63=SPHERICAL_SURFACE('',#4279,0.4);
#64=SPHERICAL_SURFACE('',#4283,0.4);
#65=SPHERICAL_SURFACE('',#4287,0.4);
#66=SPHERICAL_SURFACE('',#4291,0.4);
#67=CONICAL_SURFACE('',#4266,0.75,0.785398163397);
#68=CONICAL_SURFACE('',#4274,0.45,0.785398163397);
#69=MANIFOLD_SOLID_BREP('\X2\5B9E4F53\X0\1',#4171);
#70=MANIFOLD_SOLID_BREP('\X2\5B9E4F53\X0\2',#4172);
#71=MANIFOLD_SOLID_BREP('\X2\5B9E4F53\X0\3',#4173);
#72=ELLIPSE('',#4234,0.331013375694363,0.300000000004873);
#73=ELLIPSE('',#4235,0.33101337569438,0.300000000004888);
#74=ELLIPSE('',#4238,0.331013375693763,0.300000000003456);
#75=ELLIPSE('',#4239,0.331013375693792,0.300000000003478);
#76=ELLIPSE('',#4247,0.66202675136269,0.599999999966844);
#77=ELLIPSE('',#4250,0.66202675136175,0.599999999965269);
#78=ELLIPSE('',#4252,0.662026751367918,0.599999999967024);
#79=ELLIPSE('',#4253,0.662026751367536,0.599999999966401);
#80=ELLIPSE('',#4312,0.407486677979914,0.399999999999483);
#81=ELLIPSE('',#4317,0.407486677981376,0.400000000001878);
#82=FACE_BOUND('',#494,.T.);
#83=FACE_BOUND('',#509,.T.);
#84=FACE_BOUND('',#511,.T.);
#85=FACE_BOUND('',#516,.T.);
#86=FACE_BOUND('',#518,.T.);
#87=FACE_BOUND('',#559,.T.);
#88=FACE_BOUND('',#565,.T.);
#89=FACE_BOUND('',#570,.T.);
#90=FACE_BOUND('',#571,.T.);
#91=FACE_BOUND('',#572,.T.);
#92=FACE_BOUND('',#573,.T.);
#93=FACE_BOUND('',#574,.T.);
#94=FACE_BOUND('',#575,.T.);
#95=FACE_BOUND('',#576,.T.);
#96=FACE_BOUND('',#577,.T.);
#97=FACE_BOUND('',#586,.T.);
#98=FACE_BOUND('',#588,.T.);
#99=FACE_BOUND('',#607,.T.);
#100=FACE_BOUND('',#609,.T.);
#101=FACE_BOUND('',#620,.T.);
#102=FACE_BOUND('',#622,.T.);
#103=FACE_BOUND('',#663,.T.);
#104=FACE_BOUND('',#676,.T.);
#105=PLANE('',#4195);
#106=PLANE('',#4196);
#107=PLANE('',#4197);
#108=PLANE('',#4198);
#109=PLANE('',#4199);
#110=PLANE('',#4200);
#111=PLANE('',#4201);
#112=PLANE('',#4202);
#113=PLANE('',#4203);
#114=PLANE('',#4204);
#115=PLANE('',#4205);
#116=PLANE('',#4206);
#117=PLANE('',#4207);
#118=PLANE('',#4208);
#119=PLANE('',#4209);
#120=PLANE('',#4210);
#121=PLANE('',#4211);
#122=PLANE('',#4212);
#123=PLANE('',#4214);
#124=PLANE('',#4215);
#125=PLANE('',#4217);
#126=PLANE('',#4219);
#127=PLANE('',#4220);
#128=PLANE('',#4222);
#129=PLANE('',#4223);
#130=PLANE('',#4225);
#131=PLANE('',#4227);
#132=PLANE('',#4230);
#133=PLANE('',#4236);
#134=PLANE('',#4240);
#135=PLANE('',#4243);
#136=PLANE('',#4256);
#137=PLANE('',#4257);
#138=PLANE('',#4258);
#139=PLANE('',#4259);
#140=PLANE('',#4260);
#141=PLANE('',#4261);
#142=PLANE('',#4297);
#143=PLANE('',#4300);
#144=PLANE('',#4303);
#145=PLANE('',#4304);
#146=PLANE('',#4305);
#147=PLANE('',#4306);
#148=PLANE('',#4307);
#149=PLANE('',#4308);
#150=PLANE('',#4320);
#151=PLANE('',#4322);
#152=PLANE('',#4324);
#153=PLANE('',#4325);
#154=PLANE('',#4326);
#155=PLANE('',#4327);
#156=PLANE('',#4328);
#157=PLANE('',#4329);
#158=PLANE('',#4330);
#159=PLANE('',#4331);
#160=PLANE('',#4332);
#161=PLANE('',#4333);
#162=PLANE('',#4334);
#163=PLANE('',#4335);
#164=PLANE('',#4336);
#165=PLANE('',#4337);
#166=PLANE('',#4338);
#167=PLANE('',#4343);
#168=PLANE('',#4348);
#169=PLANE('',#4350);
#170=PLANE('',#4352);
#171=PLANE('',#4353);
#172=PLANE('',#4354);
#173=PLANE('',#4355);
#174=PLANE('',#4356);
#175=PLANE('',#4357);
#176=PLANE('',#4358);
#177=PLANE('',#4360);
#178=PLANE('',#4362);
#179=PLANE('',#4363);
#180=PLANE('',#4364);
#181=PLANE('',#4365);
#182=PLANE('',#4370);
#183=PLANE('',#4375);
#184=PLANE('',#4377);
#185=PLANE('',#4379);
#186=PLANE('',#4380);
#187=PLANE('',#4381);
#188=PLANE('',#4382);
#189=PLANE('',#4383);
#190=PLANE('',#4384);
#191=PLANE('',#4389);
#192=PLANE('',#4394);
#193=PLANE('',#4396);
#194=PLANE('',#4398);
#195=PLANE('',#4399);
#196=PLANE('',#4400);
#197=PLANE('',#4401);
#198=PLANE('',#4402);
#199=PLANE('',#4403);
#200=PLANE('',#4404);
#201=PLANE('',#4406);
#202=PLANE('',#4408);
#203=PLANE('',#4409);
#204=PLANE('',#4410);
#205=PLANE('',#4411);
#206=PLANE('',#4412);
#207=PLANE('',#4414);
#208=PLANE('',#4416);
#209=PLANE('',#4417);
#210=PLANE('',#4418);
#211=PLANE('',#4419);
#212=PLANE('',#4420);
#213=PLANE('',#4421);
#214=PLANE('',#4422);
#215=PLANE('',#4423);
#216=PLANE('',#4424);
#217=PLANE('',#4425);
#218=PLANE('',#4426);
#219=PLANE('',#4427);
#220=PLANE('',#4428);
#221=PLANE('',#4429);
#222=PLANE('',#4430);
#223=PLANE('',#4431);
#224=PLANE('',#4432);
#225=PLANE('',#4433);
#226=PLANE('',#4434);
#227=PLANE('',#4435);
#228=PLANE('',#4436);
#229=PLANE('',#4437);
#230=PLANE('',#4438);
#231=PLANE('',#4439);
#232=PLANE('',#4440);
#233=PLANE('',#4441);
#234=PLANE('',#4442);
#235=PLANE('',#4443);
#236=PLANE('',#4444);
#237=PLANE('',#4445);
#238=PLANE('',#4446);
#239=PLANE('',#4447);
#240=PLANE('',#4448);
#241=PLANE('',#4449);
#242=PLANE('',#4450);
#243=PLANE('',#4451);
#244=PLANE('',#4452);
#245=PLANE('',#4453);
#246=PLANE('',#4454);
#247=PLANE('',#4455);
#248=PLANE('',#4456);
#249=PLANE('',#4457);
#250=PLANE('',#4458);
#251=PLANE('',#4459);
#252=PLANE('',#4460);
#253=PLANE('',#4461);
#254=PLANE('',#4462);
#255=PLANE('',#4463);
#256=PLANE('',#4464);
#257=PLANE('',#4465);
#258=PLANE('',#4466);
#259=PLANE('',#4467);
#260=PLANE('',#4468);
#261=PLANE('',#4469);
#262=FACE_OUTER_BOUND('',#477,.T.);
#263=FACE_OUTER_BOUND('',#478,.T.);
#264=FACE_OUTER_BOUND('',#479,.T.);
#265=FACE_OUTER_BOUND('',#480,.T.);
#266=FACE_OUTER_BOUND('',#481,.T.);
#267=FACE_OUTER_BOUND('',#482,.T.);
#268=FACE_OUTER_BOUND('',#483,.T.);
#269=FACE_OUTER_BOUND('',#484,.T.);
#270=FACE_OUTER_BOUND('',#485,.T.);
#271=FACE_OUTER_BOUND('',#486,.T.);
#272=FACE_OUTER_BOUND('',#487,.T.);
#273=FACE_OUTER_BOUND('',#488,.T.);
#274=FACE_OUTER_BOUND('',#489,.T.);
#275=FACE_OUTER_BOUND('',#490,.T.);
#276=FACE_OUTER_BOUND('',#491,.T.);
#277=FACE_OUTER_BOUND('',#492,.T.);
#278=FACE_OUTER_BOUND('',#493,.T.);
#279=FACE_OUTER_BOUND('',#495,.T.);
#280=FACE_OUTER_BOUND('',#496,.T.);
#281=FACE_OUTER_BOUND('',#497,.T.);
#282=FACE_OUTER_BOUND('',#498,.T.);
#283=FACE_OUTER_BOUND('',#499,.T.);
#284=FACE_OUTER_BOUND('',#500,.T.);
#285=FACE_OUTER_BOUND('',#501,.T.);
#286=FACE_OUTER_BOUND('',#502,.T.);
#287=FACE_OUTER_BOUND('',#503,.T.);
#288=FACE_OUTER_BOUND('',#504,.T.);
#289=FACE_OUTER_BOUND('',#505,.T.);
#290=FACE_OUTER_BOUND('',#506,.T.);
#291=FACE_OUTER_BOUND('',#507,.T.);
#292=FACE_OUTER_BOUND('',#508,.T.);
#293=FACE_OUTER_BOUND('',#510,.T.);
#294=FACE_OUTER_BOUND('',#512,.T.);
#295=FACE_OUTER_BOUND('',#513,.T.);
#296=FACE_OUTER_BOUND('',#514,.T.);
#297=FACE_OUTER_BOUND('',#515,.T.);
#298=FACE_OUTER_BOUND('',#517,.T.);
#299=FACE_OUTER_BOUND('',#519,.T.);
#300=FACE_OUTER_BOUND('',#520,.T.);
#301=FACE_OUTER_BOUND('',#521,.T.);
#302=FACE_OUTER_BOUND('',#522,.T.);
#303=FACE_OUTER_BOUND('',#523,.T.);
#304=FACE_OUTER_BOUND('',#524,.T.);
#305=FACE_OUTER_BOUND('',#525,.T.);
#306=FACE_OUTER_BOUND('',#526,.T.);
#307=FACE_OUTER_BOUND('',#527,.T.);
#308=FACE_OUTER_BOUND('',#528,.T.);
#309=FACE_OUTER_BOUND('',#529,.T.);
#310=FACE_OUTER_BOUND('',#530,.T.);
#311=FACE_OUTER_BOUND('',#531,.T.);
#312=FACE_OUTER_BOUND('',#532,.T.);
#313=FACE_OUTER_BOUND('',#533,.T.);
#314=FACE_OUTER_BOUND('',#534,.T.);
#315=FACE_OUTER_BOUND('',#535,.T.);
#316=FACE_OUTER_BOUND('',#536,.T.);
#317=FACE_OUTER_BOUND('',#537,.T.);
#318=FACE_OUTER_BOUND('',#538,.T.);
#319=FACE_OUTER_BOUND('',#539,.T.);
#320=FACE_OUTER_BOUND('',#540,.T.);
#321=FACE_OUTER_BOUND('',#541,.T.);
#322=FACE_OUTER_BOUND('',#542,.T.);
#323=FACE_OUTER_BOUND('',#543,.T.);
#324=FACE_OUTER_BOUND('',#544,.T.);
#325=FACE_OUTER_BOUND('',#545,.T.);
#326=FACE_OUTER_BOUND('',#546,.T.);
#327=FACE_OUTER_BOUND('',#547,.T.);
#328=FACE_OUTER_BOUND('',#548,.T.);
#329=FACE_OUTER_BOUND('',#549,.T.);
#330=FACE_OUTER_BOUND('',#550,.T.);
#331=FACE_OUTER_BOUND('',#551,.T.);
#332=FACE_OUTER_BOUND('',#552,.T.);
#333=FACE_OUTER_BOUND('',#553,.T.);
#334=FACE_OUTER_BOUND('',#554,.T.);
#335=FACE_OUTER_BOUND('',#555,.T.);
#336=FACE_OUTER_BOUND('',#556,.T.);
#337=FACE_OUTER_BOUND('',#557,.T.);
#338=FACE_OUTER_BOUND('',#558,.T.);
#339=FACE_OUTER_BOUND('',#560,.T.);
#340=FACE_OUTER_BOUND('',#561,.T.);
#341=FACE_OUTER_BOUND('',#562,.T.);
#342=FACE_OUTER_BOUND('',#563,.T.);
#343=FACE_OUTER_BOUND('',#564,.T.);
#344=FACE_OUTER_BOUND('',#566,.T.);
#345=FACE_OUTER_BOUND('',#567,.T.);
#346=FACE_OUTER_BOUND('',#568,.T.);
#347=FACE_OUTER_BOUND('',#569,.T.);
#348=FACE_OUTER_BOUND('',#578,.T.);
#349=FACE_OUTER_BOUND('',#579,.T.);
#350=FACE_OUTER_BOUND('',#580,.T.);
#351=FACE_OUTER_BOUND('',#581,.T.);
#352=FACE_OUTER_BOUND('',#582,.T.);
#353=FACE_OUTER_BOUND('',#583,.T.);
#354=FACE_OUTER_BOUND('',#584,.T.);
#355=FACE_OUTER_BOUND('',#585,.T.);
#356=FACE_OUTER_BOUND('',#587,.T.);
#357=FACE_OUTER_BOUND('',#589,.T.);
#358=FACE_OUTER_BOUND('',#590,.T.);
#359=FACE_OUTER_BOUND('',#591,.T.);
#360=FACE_OUTER_BOUND('',#592,.T.);
#361=FACE_OUTER_BOUND('',#593,.T.);
#362=FACE_OUTER_BOUND('',#594,.T.);
#363=FACE_OUTER_BOUND('',#595,.T.);
#364=FACE_OUTER_BOUND('',#596,.T.);
#365=FACE_OUTER_BOUND('',#597,.T.);
#366=FACE_OUTER_BOUND('',#598,.T.);
#367=FACE_OUTER_BOUND('',#599,.T.);
#368=FACE_OUTER_BOUND('',#600,.T.);
#369=FACE_OUTER_BOUND('',#601,.T.);
#370=FACE_OUTER_BOUND('',#602,.T.);
#371=FACE_OUTER_BOUND('',#603,.T.);
#372=FACE_OUTER_BOUND('',#604,.T.);
#373=FACE_OUTER_BOUND('',#605,.T.);
#374=FACE_OUTER_BOUND('',#606,.T.);
#375=FACE_OUTER_BOUND('',#608,.T.);
#376=FACE_OUTER_BOUND('',#610,.T.);
#377=FACE_OUTER_BOUND('',#611,.T.);
#378=FACE_OUTER_BOUND('',#612,.T.);
#379=FACE_OUTER_BOUND('',#613,.T.);
#380=FACE_OUTER_BOUND('',#614,.T.);
#381=FACE_OUTER_BOUND('',#615,.T.);
#382=FACE_OUTER_BOUND('',#616,.T.);
#383=FACE_OUTER_BOUND('',#617,.T.);
#384=FACE_OUTER_BOUND('',#618,.T.);
#385=FACE_OUTER_BOUND('',#619,.T.);
#386=FACE_OUTER_BOUND('',#621,.T.);
#387=FACE_OUTER_BOUND('',#623,.T.);
#388=FACE_OUTER_BOUND('',#624,.T.);
#389=FACE_OUTER_BOUND('',#625,.T.);
#390=FACE_OUTER_BOUND('',#626,.T.);
#391=FACE_OUTER_BOUND('',#627,.T.);
#392=FACE_OUTER_BOUND('',#628,.T.);
#393=FACE_OUTER_BOUND('',#629,.T.);
#394=FACE_OUTER_BOUND('',#630,.T.);
#395=FACE_OUTER_BOUND('',#631,.T.);
#396=FACE_OUTER_BOUND('',#632,.T.);
#397=FACE_OUTER_BOUND('',#633,.T.);
#398=FACE_OUTER_BOUND('',#634,.T.);
#399=FACE_OUTER_BOUND('',#635,.T.);
#400=FACE_OUTER_BOUND('',#636,.T.);
#401=FACE_OUTER_BOUND('',#637,.T.);
#402=FACE_OUTER_BOUND('',#638,.T.);
#403=FACE_OUTER_BOUND('',#639,.T.);
#404=FACE_OUTER_BOUND('',#640,.T.);
#405=FACE_OUTER_BOUND('',#641,.T.);
#406=FACE_OUTER_BOUND('',#642,.T.);
#407=FACE_OUTER_BOUND('',#643,.T.);
#408=FACE_OUTER_BOUND('',#644,.T.);
#409=FACE_OUTER_BOUND('',#645,.T.);
#410=FACE_OUTER_BOUND('',#646,.T.);
#411=FACE_OUTER_BOUND('',#647,.T.);
#412=FACE_OUTER_BOUND('',#648,.T.);
#413=FACE_OUTER_BOUND('',#649,.T.);
#414=FACE_OUTER_BOUND('',#650,.T.);
#415=FACE_OUTER_BOUND('',#651,.T.);
#416=FACE_OUTER_BOUND('',#652,.T.);
#417=FACE_OUTER_BOUND('',#653,.T.);
#418=FACE_OUTER_BOUND('',#654,.T.);
#419=FACE_OUTER_BOUND('',#655,.T.);
#420=FACE_OUTER_BOUND('',#656,.T.);
#421=FACE_OUTER_BOUND('',#657,.T.);
#422=FACE_OUTER_BOUND('',#658,.T.);
#423=FACE_OUTER_BOUND('',#659,.T.);
#424=FACE_OUTER_BOUND('',#660,.T.);
#425=FACE_OUTER_BOUND('',#661,.T.);
#426=FACE_OUTER_BOUND('',#662,.T.);
#427=FACE_OUTER_BOUND('',#664,.T.);
#428=FACE_OUTER_BOUND('',#665,.T.);
#429=FACE_OUTER_BOUND('',#666,.T.);
#430=FACE_OUTER_BOUND('',#667,.T.);
#431=FACE_OUTER_BOUND('',#668,.T.);
#432=FACE_OUTER_BOUND('',#669,.T.);
#433=FACE_OUTER_BOUND('',#670,.T.);
#434=FACE_OUTER_BOUND('',#671,.T.);
#435=FACE_OUTER_BOUND('',#672,.T.);
#436=FACE_OUTER_BOUND('',#673,.T.);
#437=FACE_OUTER_BOUND('',#674,.T.);
#438=FACE_OUTER_BOUND('',#675,.T.);
#439=FACE_OUTER_BOUND('',#677,.T.);
#440=FACE_OUTER_BOUND('',#678,.T.);
#441=FACE_OUTER_BOUND('',#679,.T.);
#442=FACE_OUTER_BOUND('',#680,.T.);
#443=FACE_OUTER_BOUND('',#681,.T.);
#444=FACE_OUTER_BOUND('',#682,.T.);
#445=FACE_OUTER_BOUND('',#683,.T.);
#446=FACE_OUTER_BOUND('',#684,.T.);
#447=FACE_OUTER_BOUND('',#685,.T.);
#448=FACE_OUTER_BOUND('',#686,.T.);
#449=FACE_OUTER_BOUND('',#687,.T.);
#450=FACE_OUTER_BOUND('',#688,.T.);
#451=FACE_OUTER_BOUND('',#689,.T.);
#452=FACE_OUTER_BOUND('',#690,.T.);
#453=FACE_OUTER_BOUND('',#691,.T.);
#454=FACE_OUTER_BOUND('',#692,.T.);
#455=FACE_OUTER_BOUND('',#693,.T.);
#456=FACE_OUTER_BOUND('',#694,.T.);
#457=FACE_OUTER_BOUND('',#695,.T.);
#458=FACE_OUTER_BOUND('',#696,.T.);
#459=FACE_OUTER_BOUND('',#697,.T.);
#460=FACE_OUTER_BOUND('',#698,.T.);
#461=FACE_OUTER_BOUND('',#699,.T.);
#462=FACE_OUTER_BOUND('',#700,.T.);
#463=FACE_OUTER_BOUND('',#701,.T.);
#464=FACE_OUTER_BOUND('',#702,.T.);
#465=FACE_OUTER_BOUND('',#703,.T.);
#466=FACE_OUTER_BOUND('',#704,.T.);
#467=FACE_OUTER_BOUND('',#705,.T.);
#468=FACE_OUTER_BOUND('',#706,.T.);
#469=FACE_OUTER_BOUND('',#707,.T.);
#470=FACE_OUTER_BOUND('',#708,.T.);
#471=FACE_OUTER_BOUND('',#709,.T.);
#472=FACE_OUTER_BOUND('',#710,.T.);
#473=FACE_OUTER_BOUND('',#711,.T.);
#474=FACE_OUTER_BOUND('',#712,.T.);
#475=FACE_OUTER_BOUND('',#713,.T.);
#476=FACE_OUTER_BOUND('',#714,.T.);
#477=EDGE_LOOP('',(#2629,#2630,#2631,#2632));
#478=EDGE_LOOP('',(#2633,#2634,#2635,#2636));
#479=EDGE_LOOP('',(#2637,#2638,#2639,#2640));
#480=EDGE_LOOP('',(#2641,#2642,#2643,#2644));
#481=EDGE_LOOP('',(#2645,#2646,#2647,#2648));
#482=EDGE_LOOP('',(#2649,#2650,#2651,#2652));
#483=EDGE_LOOP('',(#2653,#2654,#2655,#2656));
#484=EDGE_LOOP('',(#2657,#2658,#2659,#2660));
#485=EDGE_LOOP('',(#2661,#2662,#2663,#2664));
#486=EDGE_LOOP('',(#2665,#2666,#2667,#2668));
#487=EDGE_LOOP('',(#2669,#2670,#2671,#2672));
#488=EDGE_LOOP('',(#2673,#2674,#2675,#2676));
#489=EDGE_LOOP('',(#2677,#2678,#2679,#2680));
#490=EDGE_LOOP('',(#2681,#2682,#2683,#2684));
#491=EDGE_LOOP('',(#2685,#2686,#2687,#2688));
#492=EDGE_LOOP('',(#2689,#2690,#2691,#2692));
#493=EDGE_LOOP('',(#2693,#2694,#2695,#2696,#2697,#2698,#2699,#2700,#2701,
#2702,#2703,#2704,#2705,#2706,#2707,#2708));
#494=EDGE_LOOP('',(#2709,#2710,#2711,#2712));
#495=EDGE_LOOP('',(#2713,#2714,#2715,#2716,#2717,#2718,#2719,#2720,#2721,
#2722,#2723,#2724,#2725,#2726,#2727,#2728));
#496=EDGE_LOOP('',(#2729,#2730,#2731,#2732));
#497=EDGE_LOOP('',(#2733,#2734,#2735,#2736,#2737));
#498=EDGE_LOOP('',(#2738,#2739,#2740,#2741));
#499=EDGE_LOOP('',(#2742,#2743,#2744,#2745,#2746));
#500=EDGE_LOOP('',(#2747,#2748,#2749,#2750));
#501=EDGE_LOOP('',(#2751,#2752,#2753,#2754));
#502=EDGE_LOOP('',(#2755,#2756,#2757,#2758));
#503=EDGE_LOOP('',(#2759,#2760,#2761,#2762,#2763));
#504=EDGE_LOOP('',(#2764,#2765,#2766,#2767));
#505=EDGE_LOOP('',(#2768,#2769,#2770,#2771,#2772));
#506=EDGE_LOOP('',(#2773,#2774,#2775,#2776));
#507=EDGE_LOOP('',(#2777,#2778,#2779,#2780));
#508=EDGE_LOOP('',(#2781,#2782,#2783,#2784,#2785));
#509=EDGE_LOOP('',(#2786));
#510=EDGE_LOOP('',(#2787,#2788,#2789,#2790,#2791));
#511=EDGE_LOOP('',(#2792));
#512=EDGE_LOOP('',(#2793,#2794,#2795,#2796));
#513=EDGE_LOOP('',(#2797,#2798,#2799,#2800,#2801,#2802,#2803,#2804,#2805,
#2806,#2807,#2808));
#514=EDGE_LOOP('',(#2809,#2810,#2811,#2812));
#515=EDGE_LOOP('',(#2813,#2814,#2815,#2816,#2817));
#516=EDGE_LOOP('',(#2818));
#517=EDGE_LOOP('',(#2819,#2820,#2821,#2822,#2823));
#518=EDGE_LOOP('',(#2824));
#519=EDGE_LOOP('',(#2825,#2826,#2827,#2828,#2829,#2830,#2831,#2832));
#520=EDGE_LOOP('',(#2833,#2834,#2835,#2836,#2837,#2838,#2839,#2840));
#521=EDGE_LOOP('',(#2841,#2842,#2843,#2844));
#522=EDGE_LOOP('',(#2845,#2846,#2847,#2848));
#523=EDGE_LOOP('',(#2849,#2850,#2851,#2852,#2853,#2854));
#524=EDGE_LOOP('',(#2855,#2856,#2857,#2858,#2859,#2860));
#525=EDGE_LOOP('',(#2861,#2862,#2863,#2864,#2865,#2866));
#526=EDGE_LOOP('',(#2867,#2868,#2869,#2870,#2871,#2872));
#527=EDGE_LOOP('',(#2873,#2874,#2875,#2876));
#528=EDGE_LOOP('',(#2877,#2878,#2879,#2880));
#529=EDGE_LOOP('',(#2881,#2882,#2883,#2884));
#530=EDGE_LOOP('',(#2885,#2886,#2887,#2888));
#531=EDGE_LOOP('',(#2889,#2890,#2891,#2892));
#532=EDGE_LOOP('',(#2893,#2894,#2895,#2896));
#533=EDGE_LOOP('',(#2897,#2898,#2899,#2900));
#534=EDGE_LOOP('',(#2901,#2902,#2903,#2904));
#535=EDGE_LOOP('',(#2905,#2906,#2907,#2908));
#536=EDGE_LOOP('',(#2909,#2910,#2911));
#537=EDGE_LOOP('',(#2912,#2913,#2914));
#538=EDGE_LOOP('',(#2915,#2916,#2917));
#539=EDGE_LOOP('',(#2918,#2919,#2920));
#540=EDGE_LOOP('',(#2921,#2922,#2923,#2924));
#541=EDGE_LOOP('',(#2925,#2926,#2927,#2928));
#542=EDGE_LOOP('',(#2929,#2930,#2931,#2932,#2933,#2934,#2935,#2936,#2937,
#2938));
#543=EDGE_LOOP('',(#2939,#2940,#2941,#2942,#2943,#2944,#2945,#2946,#2947,
#2948));
#544=EDGE_LOOP('',(#2949,#2950,#2951,#2952,#2953,#2954,#2955,#2956,#2957));
#545=EDGE_LOOP('',(#2958,#2959,#2960,#2961));
#546=EDGE_LOOP('',(#2962,#2963,#2964,#2965));
#547=EDGE_LOOP('',(#2966,#2967,#2968,#2969));
#548=EDGE_LOOP('',(#2970,#2971,#2972,#2973));
#549=EDGE_LOOP('',(#2974,#2975,#2976,#2977,#2978,#2979,#2980,#2981,#2982));
#550=EDGE_LOOP('',(#2983,#2984,#2985,#2986));
#551=EDGE_LOOP('',(#2987,#2988,#2989,#2990));
#552=EDGE_LOOP('',(#2991,#2992,#2993,#2994));
#553=EDGE_LOOP('',(#2995,#2996,#2997,#2998));
#554=EDGE_LOOP('',(#2999,#3000,#3001,#3002));
#555=EDGE_LOOP('',(#3003,#3004,#3005,#3006));
#556=EDGE_LOOP('',(#3007,#3008,#3009,#3010));
#557=EDGE_LOOP('',(#3011,#3012,#3013,#3014));
#558=EDGE_LOOP('',(#3015,#3016,#3017,#3018,#3019));
#559=EDGE_LOOP('',(#3020));
#560=EDGE_LOOP('',(#3021,#3022,#3023,#3024));
#561=EDGE_LOOP('',(#3025,#3026,#3027,#3028));
#562=EDGE_LOOP('',(#3029,#3030,#3031,#3032));
#563=EDGE_LOOP('',(#3033));
#564=EDGE_LOOP('',(#3034,#3035,#3036,#3037,#3038));
#565=EDGE_LOOP('',(#3039));
#566=EDGE_LOOP('',(#3040,#3041,#3042,#3043));
#567=EDGE_LOOP('',(#3044,#3045,#3046,#3047));
#568=EDGE_LOOP('',(#3048));
#569=EDGE_LOOP('',(#3049,#3050,#3051,#3052,#3053,#3054,#3055,#3056,#3057,
#3058,#3059,#3060));
#570=EDGE_LOOP('',(#3061,#3062,#3063,#3064,#3065));
#571=EDGE_LOOP('',(#3066,#3067,#3068,#3069,#3070,#3071,#3072,#3073,#3074,
#3075,#3076,#3077));
#572=EDGE_LOOP('',(#3078,#3079,#3080,#3081,#3082,#3083,#3084,#3085,#3086,
#3087));
#573=EDGE_LOOP('',(#3088,#3089,#3090,#3091,#3092,#3093));
#574=EDGE_LOOP('',(#3094,#3095,#3096,#3097,#3098,#3099,#3100,#3101));
#575=EDGE_LOOP('',(#3102,#3103,#3104,#3105));
#576=EDGE_LOOP('',(#3106,#3107,#3108,#3109));
#577=EDGE_LOOP('',(#3110,#3111,#3112,#3113));
#578=EDGE_LOOP('',(#3114,#3115,#3116,#3117));
#579=EDGE_LOOP('',(#3118,#3119,#3120,#3121));
#580=EDGE_LOOP('',(#3122,#3123,#3124,#3125,#3126,#3127,#3128,#3129,#3130,
#3131,#3132,#3133));
#581=EDGE_LOOP('',(#3134,#3135,#3136,#3137));
#582=EDGE_LOOP('',(#3138,#3139,#3140,#3141));
#583=EDGE_LOOP('',(#3142,#3143,#3144,#3145));
#584=EDGE_LOOP('',(#3146,#3147,#3148,#3149));
#585=EDGE_LOOP('',(#3150,#3151,#3152,#3153,#3154,#3155,#3156,#3157,#3158,
#3159,#3160,#3161,#3162,#3163));
#586=EDGE_LOOP('',(#3164,#3165,#3166,#3167));
#587=EDGE_LOOP('',(#3168,#3169,#3170,#3171,#3172,#3173,#3174,#3175,#3176,
#3177,#3178,#3179,#3180,#3181));
#588=EDGE_LOOP('',(#3182,#3183,#3184,#3185));
#589=EDGE_LOOP('',(#3186,#3187,#3188,#3189));
#590=EDGE_LOOP('',(#3190,#3191,#3192,#3193));
#591=EDGE_LOOP('',(#3194,#3195,#3196,#3197));
#592=EDGE_LOOP('',(#3198,#3199,#3200,#3201));
#593=EDGE_LOOP('',(#3202,#3203,#3204,#3205));
#594=EDGE_LOOP('',(#3206,#3207,#3208,#3209));
#595=EDGE_LOOP('',(#3210,#3211,#3212,#3213));
#596=EDGE_LOOP('',(#3214,#3215,#3216,#3217));
#597=EDGE_LOOP('',(#3218,#3219,#3220,#3221));
#598=EDGE_LOOP('',(#3222,#3223,#3224,#3225));
#599=EDGE_LOOP('',(#3226,#3227,#3228,#3229));
#600=EDGE_LOOP('',(#3230,#3231,#3232,#3233));
#601=EDGE_LOOP('',(#3234,#3235,#3236,#3237));
#602=EDGE_LOOP('',(#3238,#3239,#3240,#3241));
#603=EDGE_LOOP('',(#3242,#3243,#3244,#3245));
#604=EDGE_LOOP('',(#3246,#3247,#3248,#3249));
#605=EDGE_LOOP('',(#3250,#3251,#3252,#3253));
#606=EDGE_LOOP('',(#3254,#3255,#3256,#3257,#3258,#3259,#3260,#3261,#3262,
#3263,#3264,#3265,#3266,#3267));
#607=EDGE_LOOP('',(#3268,#3269,#3270,#3271));
#608=EDGE_LOOP('',(#3272,#3273,#3274,#3275,#3276,#3277,#3278,#3279,#3280,
#3281,#3282,#3283,#3284,#3285));
#609=EDGE_LOOP('',(#3286,#3287,#3288,#3289));
#610=EDGE_LOOP('',(#3290,#3291,#3292,#3293));
#611=EDGE_LOOP('',(#3294,#3295,#3296,#3297));
#612=EDGE_LOOP('',(#3298,#3299,#3300,#3301));
#613=EDGE_LOOP('',(#3302,#3303,#3304,#3305));
#614=EDGE_LOOP('',(#3306,#3307,#3308,#3309));
#615=EDGE_LOOP('',(#3310,#3311,#3312,#3313));
#616=EDGE_LOOP('',(#3314,#3315,#3316,#3317));
#617=EDGE_LOOP('',(#3318,#3319,#3320,#3321));
#618=EDGE_LOOP('',(#3322,#3323,#3324,#3325));
#619=EDGE_LOOP('',(#3326,#3327,#3328,#3329,#3330,#3331,#3332,#3333,#3334,
#3335,#3336,#3337,#3338,#3339));
#620=EDGE_LOOP('',(#3340,#3341,#3342,#3343));
#621=EDGE_LOOP('',(#3344,#3345,#3346,#3347,#3348,#3349,#3350,#3351,#3352,
#3353,#3354,#3355,#3356,#3357));
#622=EDGE_LOOP('',(#3358,#3359,#3360,#3361));
#623=EDGE_LOOP('',(#3362,#3363,#3364,#3365));
#624=EDGE_LOOP('',(#3366,#3367,#3368,#3369));
#625=EDGE_LOOP('',(#3370,#3371,#3372,#3373));
#626=EDGE_LOOP('',(#3374,#3375,#3376,#3377));
#627=EDGE_LOOP('',(#3378,#3379,#3380,#3381));
#628=EDGE_LOOP('',(#3382,#3383,#3384,#3385));
#629=EDGE_LOOP('',(#3386,#3387,#3388,#3389));
#630=EDGE_LOOP('',(#3390,#3391,#3392,#3393));
#631=EDGE_LOOP('',(#3394,#3395,#3396,#3397));
#632=EDGE_LOOP('',(#3398,#3399,#3400,#3401));
#633=EDGE_LOOP('',(#3402,#3403,#3404,#3405));
#634=EDGE_LOOP('',(#3406,#3407,#3408,#3409));
#635=EDGE_LOOP('',(#3410,#3411,#3412,#3413));
#636=EDGE_LOOP('',(#3414,#3415,#3416,#3417));
#637=EDGE_LOOP('',(#3418,#3419,#3420,#3421));
#638=EDGE_LOOP('',(#3422,#3423,#3424,#3425));
#639=EDGE_LOOP('',(#3426,#3427,#3428,#3429));
#640=EDGE_LOOP('',(#3430,#3431,#3432,#3433));
#641=EDGE_LOOP('',(#3434,#3435,#3436,#3437));
#642=EDGE_LOOP('',(#3438,#3439,#3440,#3441));
#643=EDGE_LOOP('',(#3442,#3443,#3444,#3445));
#644=EDGE_LOOP('',(#3446,#3447,#3448,#3449));
#645=EDGE_LOOP('',(#3450,#3451,#3452,#3453));
#646=EDGE_LOOP('',(#3454,#3455,#3456,#3457));
#647=EDGE_LOOP('',(#3458,#3459,#3460,#3461));
#648=EDGE_LOOP('',(#3462,#3463,#3464,#3465));
#649=EDGE_LOOP('',(#3466,#3467,#3468,#3469));
#650=EDGE_LOOP('',(#3470,#3471,#3472,#3473));
#651=EDGE_LOOP('',(#3474,#3475,#3476,#3477));
#652=EDGE_LOOP('',(#3478,#3479,#3480,#3481));
#653=EDGE_LOOP('',(#3482,#3483,#3484,#3485));
#654=EDGE_LOOP('',(#3486,#3487,#3488,#3489));
#655=EDGE_LOOP('',(#3490,#3491,#3492,#3493));
#656=EDGE_LOOP('',(#3494,#3495,#3496,#3497));
#657=EDGE_LOOP('',(#3498,#3499,#3500,#3501));
#658=EDGE_LOOP('',(#3502,#3503,#3504,#3505));
#659=EDGE_LOOP('',(#3506,#3507,#3508,#3509));
#660=EDGE_LOOP('',(#3510,#3511,#3512,#3513));
#661=EDGE_LOOP('',(#3514,#3515,#3516,#3517));
#662=EDGE_LOOP('',(#3518,#3519,#3520,#3521,#3522,#3523,#3524,#3525));
#663=EDGE_LOOP('',(#3526,#3527,#3528,#3529,#3530,#3531));
#664=EDGE_LOOP('',(#3532,#3533,#3534,#3535));
#665=EDGE_LOOP('',(#3536,#3537,#3538,#3539));
#666=EDGE_LOOP('',(#3540,#3541,#3542,#3543));
#667=EDGE_LOOP('',(#3544,#3545,#3546,#3547));
#668=EDGE_LOOP('',(#3548,#3549,#3550,#3551));
#669=EDGE_LOOP('',(#3552,#3553,#3554,#3555));
#670=EDGE_LOOP('',(#3556,#3557,#3558,#3559));
#671=EDGE_LOOP('',(#3560,#3561,#3562,#3563));
#672=EDGE_LOOP('',(#3564,#3565,#3566,#3567));
#673=EDGE_LOOP('',(#3568,#3569,#3570,#3571));
#674=EDGE_LOOP('',(#3572,#3573,#3574,#3575));
#675=EDGE_LOOP('',(#3576,#3577,#3578,#3579,#3580));
#676=EDGE_LOOP('',(#3581,#3582,#3583,#3584,#3585));
#677=EDGE_LOOP('',(#3586,#3587,#3588,#3589));
#678=EDGE_LOOP('',(#3590,#3591,#3592,#3593));
#679=EDGE_LOOP('',(#3594,#3595,#3596,#3597));
#680=EDGE_LOOP('',(#3598,#3599,#3600,#3601));
#681=EDGE_LOOP('',(#3602,#3603,#3604,#3605));
#682=EDGE_LOOP('',(#3606,#3607,#3608,#3609));
#683=EDGE_LOOP('',(#3610,#3611,#3612,#3613));
#684=EDGE_LOOP('',(#3614,#3615,#3616,#3617));
#685=EDGE_LOOP('',(#3618,#3619,#3620,#3621));
#686=EDGE_LOOP('',(#3622,#3623,#3624,#3625));
#687=EDGE_LOOP('',(#3626,#3627,#3628,#3629));
#688=EDGE_LOOP('',(#3630,#3631,#3632,#3633));
#689=EDGE_LOOP('',(#3634,#3635,#3636,#3637));
#690=EDGE_LOOP('',(#3638,#3639,#3640,#3641));
#691=EDGE_LOOP('',(#3642,#3643,#3644,#3645));
#692=EDGE_LOOP('',(#3646,#3647,#3648,#3649));
#693=EDGE_LOOP('',(#3650,#3651,#3652,#3653));
#694=EDGE_LOOP('',(#3654,#3655,#3656,#3657,#3658,#3659,#3660,#3661,#3662,
#3663,#3664,#3665));
#695=EDGE_LOOP('',(#3666,#3667,#3668,#3669));
#696=EDGE_LOOP('',(#3670,#3671,#3672,#3673));
#697=EDGE_LOOP('',(#3674,#3675,#3676,#3677));
#698=EDGE_LOOP('',(#3678,#3679,#3680,#3681));
#699=EDGE_LOOP('',(#3682,#3683,#3684,#3685));
#700=EDGE_LOOP('',(#3686,#3687,#3688,#3689));
#701=EDGE_LOOP('',(#3690,#3691,#3692,#3693));
#702=EDGE_LOOP('',(#3694,#3695,#3696,#3697));
#703=EDGE_LOOP('',(#3698,#3699,#3700,#3701));
#704=EDGE_LOOP('',(#3702,#3703,#3704,#3705));
#705=EDGE_LOOP('',(#3706,#3707,#3708,#3709,#3710,#3711,#3712,#3713,#3714,
#3715));
#706=EDGE_LOOP('',(#3716,#3717,#3718,#3719));
#707=EDGE_LOOP('',(#3720,#3721,#3722,#3723));
#708=EDGE_LOOP('',(#3724,#3725,#3726,#3727));
#709=EDGE_LOOP('',(#3728,#3729,#3730,#3731));
#710=EDGE_LOOP('',(#3732,#3733,#3734,#3735));
#711=EDGE_LOOP('',(#3736,#3737,#3738,#3739));
#712=EDGE_LOOP('',(#3740,#3741,#3742,#3743,#3744,#3745));
#713=EDGE_LOOP('',(#3746,#3747,#3748,#3749,#3750,#3751));
#714=EDGE_LOOP('',(#3752,#3753,#3754,#3755,#3756));
#715=LINE('',#5507,#1171);
#716=LINE('',#5513,#1172);
#717=LINE('',#5518,#1173);
#718=LINE('',#5520,#1174);
#719=LINE('',#5522,#1175);
#720=LINE('',#5523,#1176);
#721=LINE('',#5527,#1177);
#722=LINE('',#5529,#1178);
#723=LINE('',#5531,#1179);
#724=LINE('',#5532,#1180);
#725=LINE('',#5536,#1181);
#726=LINE('',#5538,#1182);
#727=LINE('',#5540,#1183);
#728=LINE('',#5541,#1184);
#729=LINE('',#5544,#1185);
#730=LINE('',#5546,#1186);
#731=LINE('',#5547,#1187);
#732=LINE('',#5550,#1188);
#733=LINE('',#5552,#1189);
#734=LINE('',#5553,#1190);
#735=LINE('',#5556,#1191);
#736=LINE('',#5558,#1192);
#737=LINE('',#5559,#1193);
#738=LINE('',#5562,#1194);
#739=LINE('',#5564,#1195);
#740=LINE('',#5565,#1196);
#741=LINE('',#5568,#1197);
#742=LINE('',#5570,#1198);
#743=LINE('',#5571,#1199);
#744=LINE('',#5574,#1200);
#745=LINE('',#5576,#1201);
#746=LINE('',#5577,#1202);
#747=LINE('',#5580,#1203);
#748=LINE('',#5582,#1204);
#749=LINE('',#5583,#1205);
#750=LINE('',#5586,#1206);
#751=LINE('',#5588,#1207);
#752=LINE('',#5589,#1208);
#753=LINE('',#5592,#1209);
#754=LINE('',#5594,#1210);
#755=LINE('',#5595,#1211);
#756=LINE('',#5598,#1212);
#757=LINE('',#5600,#1213);
#758=LINE('',#5601,#1214);
#759=LINE('',#5603,#1215);
#760=LINE('',#5604,#1216);
#761=LINE('',#5606,#1217);
#762=LINE('',#5607,#1218);
#763=LINE('',#5610,#1219);
#764=LINE('',#5612,#1220);
#765=LINE('',#5614,#1221);
#766=LINE('',#5615,#1222);
#767=LINE('',#5617,#1223);
#768=LINE('',#5618,#1224);
#769=LINE('',#5621,#1225);
#770=LINE('',#5623,#1226);
#771=LINE('',#5624,#1227);
#772=LINE('',#5629,#1228);
#773=LINE('',#5630,#1229);
#774=LINE('',#5633,#1230);
#775=LINE('',#5635,#1231);
#776=LINE('',#5636,#1232);
#777=LINE('',#5639,#1233);
#778=LINE('',#5644,#1234);
#779=LINE('',#5646,#1235);
#780=LINE('',#5647,#1236);
#781=LINE('',#5652,#1237);
#782=LINE('',#5653,#1238);
#783=LINE('',#5656,#1239);
#784=LINE('',#5658,#1240);
#785=LINE('',#5659,#1241);
#786=LINE('',#5662,#1242);
#787=LINE('',#5672,#1243);
#788=LINE('',#5674,#1244);
#789=LINE('',#5675,#1245);
#790=LINE('',#5679,#1246);
#791=LINE('',#5685,#1247);
#792=LINE('',#5686,#1248);
#793=LINE('',#5691,#1249);
#794=LINE('',#5695,#1250);
#795=LINE('',#5697,#1251);
#796=LINE('',#5699,#1252);
#797=LINE('',#5701,#1253);
#798=LINE('',#5703,#1254);
#799=LINE('',#5705,#1255);
#800=LINE('',#5707,#1256);
#801=LINE('',#5709,#1257);
#802=LINE('',#5711,#1258);
#803=LINE('',#5713,#1259);
#804=LINE('',#5714,#1260);
#805=LINE('',#5719,#1261);
#806=LINE('',#5727,#1262);
#807=LINE('',#5728,#1263);
#808=LINE('',#5732,#1264);
#809=LINE('',#5738,#1265);
#810=LINE('',#5739,#1266);
#811=LINE('',#5753,#1267);
#812=LINE('',#5755,#1268);
#813=LINE('',#5757,#1269);
#814=LINE('',#5759,#1270);
#815=LINE('',#5761,#1271);
#816=LINE('',#5764,#1272);
#817=LINE('',#5770,#1273);
#818=LINE('',#5775,#1274);
#819=LINE('',#5781,#1275);
#820=LINE('',#5784,#1276);
#821=LINE('',#5789,#1277);
#822=LINE('',#5794,#1278);
#823=LINE('',#5824,#1279);
#824=LINE('',#5825,#1280);
#825=LINE('',#5827,#1281);
#826=LINE('',#5828,#1282);
#827=LINE('',#5832,#1283);
#828=LINE('',#5834,#1284);
#829=LINE('',#5836,#1285);
#830=LINE('',#5838,#1286);
#831=LINE('',#5840,#1287);
#832=LINE('',#5842,#1288);
#833=LINE('',#5846,#1289);
#834=LINE('',#5849,#1290);
#835=LINE('',#5853,#1291);
#836=LINE('',#5855,#1292);
#837=LINE('',#5859,#1293);
#838=LINE('',#5863,#1294);
#839=LINE('',#5865,#1295);
#840=LINE('',#5866,#1296);
#841=LINE('',#5867,#1297);
#842=LINE('',#5869,#1298);
#843=LINE('',#5870,#1299);
#844=LINE('',#5871,#1300);
#845=LINE('',#5873,#1301);
#846=LINE('',#5874,#1302);
#847=LINE('',#5875,#1303);
#848=LINE('',#5879,#1304);
#849=LINE('',#5880,#1305);
#850=LINE('',#5881,#1306);
#851=LINE('',#5883,#1307);
#852=LINE('',#5884,#1308);
#853=LINE('',#5886,#1309);
#854=LINE('',#5887,#1310);
#855=LINE('',#5889,#1311);
#856=LINE('',#5890,#1312);
#857=LINE('',#5893,#1313);
#858=LINE('',#5896,#1314);
#859=LINE('',#5897,#1315);
#860=LINE('',#5899,#1316);
#861=LINE('',#5900,#1317);
#862=LINE('',#5901,#1318);
#863=LINE('',#5914,#1319);
#864=LINE('',#5917,#1320);
#865=LINE('',#5919,#1321);
#866=LINE('',#5921,#1322);
#867=LINE('',#5925,#1323);
#868=LINE('',#5926,#1324);
#869=LINE('',#5933,#1325);
#870=LINE('',#5935,#1326);
#871=LINE('',#5937,#1327);
#872=LINE('',#5939,#1328);
#873=LINE('',#5941,#1329);
#874=LINE('',#5943,#1330);
#875=LINE('',#5945,#1331);
#876=LINE('',#5947,#1332);
#877=LINE('',#5949,#1333);
#878=LINE('',#5951,#1334);
#879=LINE('',#5953,#1335);
#880=LINE('',#5954,#1336);
#881=LINE('',#5977,#1337);
#882=LINE('',#5979,#1338);
#883=LINE('',#5981,#1339);
#884=LINE('',#6003,#1340);
#885=LINE('',#6005,#1341);
#886=LINE('',#6007,#1342);
#887=LINE('',#6009,#1343);
#888=LINE('',#6011,#1344);
#889=LINE('',#6013,#1345);
#890=LINE('',#6015,#1346);
#891=LINE('',#6017,#1347);
#892=LINE('',#6019,#1348);
#893=LINE('',#6021,#1349);
#894=LINE('',#6023,#1350);
#895=LINE('',#6024,#1351);
#896=LINE('',#6039,#1352);
#897=LINE('',#6105,#1353);
#898=LINE('',#6159,#1354);
#899=LINE('',#6161,#1355);
#900=LINE('',#6163,#1356);
#901=LINE('',#6165,#1357);
#902=LINE('',#6167,#1358);
#903=LINE('',#6168,#1359);
#904=LINE('',#6171,#1360);
#905=LINE('',#6173,#1361);
#906=LINE('',#6175,#1362);
#907=LINE('',#6177,#1363);
#908=LINE('',#6179,#1364);
#909=LINE('',#6181,#1365);
#910=LINE('',#6183,#1366);
#911=LINE('',#6184,#1367);
#912=LINE('',#6187,#1368);
#913=LINE('',#6189,#1369);
#914=LINE('',#6191,#1370);
#915=LINE('',#6192,#1371);
#916=LINE('',#6195,#1372);
#917=LINE('',#6197,#1373);
#918=LINE('',#6199,#1374);
#919=LINE('',#6200,#1375);
#920=LINE('',#6203,#1376);
#921=LINE('',#6205,#1377);
#922=LINE('',#6207,#1378);
#923=LINE('',#6208,#1379);
#924=LINE('',#6211,#1380);
#925=LINE('',#6213,#1381);
#926=LINE('',#6214,#1382);
#927=LINE('',#6217,#1383);
#928=LINE('',#6219,#1384);
#929=LINE('',#6220,#1385);
#930=LINE('',#6223,#1386);
#931=LINE('',#6225,#1387);
#932=LINE('',#6227,#1388);
#933=LINE('',#6229,#1389);
#934=LINE('',#6231,#1390);
#935=LINE('',#6233,#1391);
#936=LINE('',#6235,#1392);
#937=LINE('',#6236,#1393);
#938=LINE('',#6238,#1394);
#939=LINE('',#6239,#1395);
#940=LINE('',#6241,#1396);
#941=LINE('',#6242,#1397);
#942=LINE('',#6244,#1398);
#943=LINE('',#6246,#1399);
#944=LINE('',#6250,#1400);
#945=LINE('',#6252,#1401);
#946=LINE('',#6256,#1402);
#947=LINE('',#6258,#1403);
#948=LINE('',#6262,#1404);
#949=LINE('',#6266,#1405);
#950=LINE('',#6268,#1406);
#951=LINE('',#6272,#1407);
#952=LINE('',#6273,#1408);
#953=LINE('',#6276,#1409);
#954=LINE('',#6278,#1410);
#955=LINE('',#6280,#1411);
#956=LINE('',#6281,#1412);
#957=LINE('',#6284,#1413);
#958=LINE('',#6286,#1414);
#959=LINE('',#6290,#1415);
#960=LINE('',#6292,#1416);
#961=LINE('',#6296,#1417);
#962=LINE('',#6300,#1418);
#963=LINE('',#6302,#1419);
#964=LINE('',#6306,#1420);
#965=LINE('',#6307,#1421);
#966=LINE('',#6310,#1422);
#967=LINE('',#6312,#1423);
#968=LINE('',#6314,#1424);
#969=LINE('',#6315,#1425);
#970=LINE('',#6317,#1426);
#971=LINE('',#6318,#1427);
#972=LINE('',#6320,#1428);
#973=LINE('',#6322,#1429);
#974=LINE('',#6324,#1430);
#975=LINE('',#6326,#1431);
#976=LINE('',#6328,#1432);
#977=LINE('',#6329,#1433);
#978=LINE('',#6331,#1434);
#979=LINE('',#6333,#1435);
#980=LINE('',#6336,#1436);
#981=LINE('',#6338,#1437);
#982=LINE('',#6340,#1438);
#983=LINE('',#6343,#1439);
#984=LINE('',#6344,#1440);
#985=LINE('',#6346,#1441);
#986=LINE('',#6351,#1442);
#987=LINE('',#6353,#1443);
#988=LINE('',#6357,#1444);
#989=LINE('',#6359,#1445);
#990=LINE('',#6363,#1446);
#991=LINE('',#6367,#1447);
#992=LINE('',#6369,#1448);
#993=LINE('',#6373,#1449);
#994=LINE('',#6374,#1450);
#995=LINE('',#6377,#1451);
#996=LINE('',#6379,#1452);
#997=LINE('',#6381,#1453);
#998=LINE('',#6382,#1454);
#999=LINE('',#6385,#1455);
#1000=LINE('',#6387,#1456);
#1001=LINE('',#6391,#1457);
#1002=LINE('',#6393,#1458);
#1003=LINE('',#6397,#1459);
#1004=LINE('',#6401,#1460);
#1005=LINE('',#6403,#1461);
#1006=LINE('',#6407,#1462);
#1007=LINE('',#6408,#1463);
#1008=LINE('',#6411,#1464);
#1009=LINE('',#6413,#1465);
#1010=LINE('',#6415,#1466);
#1011=LINE('',#6416,#1467);
#1012=LINE('',#6418,#1468);
#1013=LINE('',#6419,#1469);
#1014=LINE('',#6421,#1470);
#1015=LINE('',#6423,#1471);
#1016=LINE('',#6425,#1472);
#1017=LINE('',#6427,#1473);
#1018=LINE('',#6429,#1474);
#1019=LINE('',#6430,#1475);
#1020=LINE('',#6432,#1476);
#1021=LINE('',#6434,#1477);
#1022=LINE('',#6438,#1478);
#1023=LINE('',#6440,#1479);
#1024=LINE('',#6444,#1480);
#1025=LINE('',#6446,#1481);
#1026=LINE('',#6450,#1482);
#1027=LINE('',#6454,#1483);
#1028=LINE('',#6456,#1484);
#1029=LINE('',#6460,#1485);
#1030=LINE('',#6461,#1486);
#1031=LINE('',#6464,#1487);
#1032=LINE('',#6466,#1488);
#1033=LINE('',#6468,#1489);
#1034=LINE('',#6469,#1490);
#1035=LINE('',#6472,#1491);
#1036=LINE('',#6474,#1492);
#1037=LINE('',#6478,#1493);
#1038=LINE('',#6480,#1494);
#1039=LINE('',#6484,#1495);
#1040=LINE('',#6488,#1496);
#1041=LINE('',#6490,#1497);
#1042=LINE('',#6494,#1498);
#1043=LINE('',#6495,#1499);
#1044=LINE('',#6498,#1500);
#1045=LINE('',#6500,#1501);
#1046=LINE('',#6502,#1502);
#1047=LINE('',#6503,#1503);
#1048=LINE('',#6505,#1504);
#1049=LINE('',#6506,#1505);
#1050=LINE('',#6508,#1506);
#1051=LINE('',#6510,#1507);
#1052=LINE('',#6512,#1508);
#1053=LINE('',#6514,#1509);
#1054=LINE('',#6516,#1510);
#1055=LINE('',#6517,#1511);
#1056=LINE('',#6519,#1512);
#1057=LINE('',#6521,#1513);
#1058=LINE('',#6524,#1514);
#1059=LINE('',#6526,#1515);
#1060=LINE('',#6528,#1516);
#1061=LINE('',#6531,#1517);
#1062=LINE('',#6532,#1518);
#1063=LINE('',#6534,#1519);
#1064=LINE('',#6538,#1520);
#1065=LINE('',#6540,#1521);
#1066=LINE('',#6542,#1522);
#1067=LINE('',#6545,#1523);
#1068=LINE('',#6546,#1524);
#1069=LINE('',#6548,#1525);
#1070=LINE('',#6552,#1526);
#1071=LINE('',#6553,#1527);
#1072=LINE('',#6557,#1528);
#1073=LINE('',#6558,#1529);
#1074=LINE('',#6563,#1530);
#1075=LINE('',#6565,#1531);
#1076=LINE('',#6566,#1532);
#1077=LINE('',#6569,#1533);
#1078=LINE('',#6570,#1534);
#1079=LINE('',#6573,#1535);
#1080=LINE('',#6574,#1536);
#1081=LINE('',#6577,#1537);
#1082=LINE('',#6578,#1538);
#1083=LINE('',#6581,#1539);
#1084=LINE('',#6582,#1540);
#1085=LINE('',#6585,#1541);
#1086=LINE('',#6586,#1542);
#1087=LINE('',#6589,#1543);
#1088=LINE('',#6590,#1544);
#1089=LINE('',#6592,#1545);
#1090=LINE('',#6596,#1546);
#1091=LINE('',#6598,#1547);
#1092=LINE('',#6608,#1548);
#1093=LINE('',#6617,#1549);
#1094=LINE('',#6621,#1550);
#1095=LINE('',#6622,#1551);
#1096=LINE('',#6623,#1552);
#1097=LINE('',#6626,#1553);
#1098=LINE('',#6627,#1554);
#1099=LINE('',#6650,#1555);
#1100=LINE('',#6653,#1556);
#1101=LINE('',#6654,#1557);
#1102=LINE('',#6677,#1558);
#1103=LINE('',#6679,#1559);
#1104=LINE('',#6682,#1560);
#1105=LINE('',#6684,#1561);
#1106=LINE('',#6685,#1562);
#1107=LINE('',#6688,#1563);
#1108=LINE('',#6689,#1564);
#1109=LINE('',#6692,#1565);
#1110=LINE('',#6693,#1566);
#1111=LINE('',#6752,#1567);
#1112=LINE('',#6853,#1568);
#1113=LINE('',#6855,#1569);
#1114=LINE('',#6856,#1570);
#1115=LINE('',#6860,#1571);
#1116=LINE('',#6861,#1572);
#1117=LINE('',#6862,#1573);
#1118=LINE('',#6921,#1574);
#1119=LINE('',#6980,#1575);
#1120=LINE('',#6983,#1576);
#1121=LINE('',#6984,#1577);
#1122=LINE('',#6986,#1578);
#1123=LINE('',#6989,#1579);
#1124=LINE('',#6991,#1580);
#1125=LINE('',#6992,#1581);
#1126=LINE('',#6995,#1582);
#1127=LINE('',#6996,#1583);
#1128=LINE('',#6999,#1584);
#1129=LINE('',#7000,#1585);
#1130=LINE('',#7003,#1586);
#1131=LINE('',#7004,#1587);
#1132=LINE('',#7007,#1588);
#1133=LINE('',#7008,#1589);
#1134=LINE('',#7011,#1590);
#1135=LINE('',#7012,#1591);
#1136=LINE('',#7015,#1592);
#1137=LINE('',#7016,#1593);
#1138=LINE('',#7019,#1594);
#1139=LINE('',#7020,#1595);
#1140=LINE('',#7023,#1596);
#1141=LINE('',#7024,#1597);
#1142=LINE('',#7027,#1598);
#1143=LINE('',#7028,#1599);
#1144=LINE('',#7031,#1600);
#1145=LINE('',#7032,#1601);
#1146=LINE('',#7034,#1602);
#1147=LINE('',#7038,#1603);
#1148=LINE('',#7040,#1604);
#1149=LINE('',#7041,#1605);
#1150=LINE('',#7076,#1606);
#1151=LINE('',#7135,#1607);
#1152=LINE('',#7194,#1608);
#1153=LINE('',#7229,#1609);
#1154=LINE('',#7232,#1610);
#1155=LINE('',#7233,#1611);
#1156=LINE('',#7268,#1612);
#1157=LINE('',#7327,#1613);
#1158=LINE('',#7386,#1614);
#1159=LINE('',#7423,#1615);
#1160=LINE('',#7425,#1616);
#1161=LINE('',#7426,#1617);
#1162=LINE('',#7429,#1618);
#1163=LINE('',#7430,#1619);
#1164=LINE('',#7433,#1620);
#1165=LINE('',#7434,#1621);
#1166=LINE('',#7437,#1622);
#1167=LINE('',#7438,#1623);
#1168=LINE('',#7441,#1624);
#1169=LINE('',#7442,#1625);
#1170=LINE('',#7444,#1626);
#1171=VECTOR('',#4482,0.8);
#1172=VECTOR('',#4489,0.8);
#1173=VECTOR('',#4494,1000.);
#1174=VECTOR('',#4495,1000.);
#1175=VECTOR('',#4496,1000.);
#1176=VECTOR('',#4497,1000.);
#1177=VECTOR('',#4500,1000.);
#1178=VECTOR('',#4501,1000.);
#1179=VECTOR('',#4502,1000.);
#1180=VECTOR('',#4503,1000.);
#1181=VECTOR('',#4506,1000.);
#1182=VECTOR('',#4507,1000.);
#1183=VECTOR('',#4508,1000.);
#1184=VECTOR('',#4509,1000.);
#1185=VECTOR('',#4512,1000.);
#1186=VECTOR('',#4513,1000.);
#1187=VECTOR('',#4514,1000.);
#1188=VECTOR('',#4517,1000.);
#1189=VECTOR('',#4518,1000.);
#1190=VECTOR('',#4519,1000.);
#1191=VECTOR('',#4522,1000.);
#1192=VECTOR('',#4523,1000.);
#1193=VECTOR('',#4524,1000.);
#1194=VECTOR('',#4527,1000.);
#1195=VECTOR('',#4528,1000.);
#1196=VECTOR('',#4529,1000.);
#1197=VECTOR('',#4532,1000.);
#1198=VECTOR('',#4533,1000.);
#1199=VECTOR('',#4534,1000.);
#1200=VECTOR('',#4537,1000.);
#1201=VECTOR('',#4538,1000.);
#1202=VECTOR('',#4539,1000.);
#1203=VECTOR('',#4542,1000.);
#1204=VECTOR('',#4543,1000.);
#1205=VECTOR('',#4544,1000.);
#1206=VECTOR('',#4547,1000.);
#1207=VECTOR('',#4548,1000.);
#1208=VECTOR('',#4549,1000.);
#1209=VECTOR('',#4552,1000.);
#1210=VECTOR('',#4553,1000.);
#1211=VECTOR('',#4554,1000.);
#1212=VECTOR('',#4557,1000.);
#1213=VECTOR('',#4558,1000.);
#1214=VECTOR('',#4559,1000.);
#1215=VECTOR('',#4562,1000.);
#1216=VECTOR('',#4563,1000.);
#1217=VECTOR('',#4566,1000.);
#1218=VECTOR('',#4567,1000.);
#1219=VECTOR('',#4568,1000.);
#1220=VECTOR('',#4569,1000.);
#1221=VECTOR('',#4570,1000.);
#1222=VECTOR('',#4571,1000.);
#1223=VECTOR('',#4574,1000.);
#1224=VECTOR('',#4575,1000.);
#1225=VECTOR('',#4578,1000.);
#1226=VECTOR('',#4579,1000.);
#1227=VECTOR('',#4580,1000.);
#1228=VECTOR('',#4585,1000.);
#1229=VECTOR('',#4586,1000.);
#1230=VECTOR('',#4589,1000.);
#1231=VECTOR('',#4590,1000.);
#1232=VECTOR('',#4591,1000.);
#1233=VECTOR('',#4596,1000.);
#1234=VECTOR('',#4603,1000.);
#1235=VECTOR('',#4604,1000.);
#1236=VECTOR('',#4605,1000.);
#1237=VECTOR('',#4610,1000.);
#1238=VECTOR('',#4611,1000.);
#1239=VECTOR('',#4614,1000.);
#1240=VECTOR('',#4615,1000.);
#1241=VECTOR('',#4616,1000.);
#1242=VECTOR('',#4621,1000.);
#1243=VECTOR('',#4632,999.999999999115);
#1244=VECTOR('',#4633,1000.);
#1245=VECTOR('',#4634,999.999999999115);
#1246=VECTOR('',#4637,999.999999999115);
#1247=VECTOR('',#4642,999.999999999115);
#1248=VECTOR('',#4643,1000.);
#1249=VECTOR('',#4648,1000.);
#1250=VECTOR('',#4653,1000.);
#1251=VECTOR('',#4654,1000.);
#1252=VECTOR('',#4655,1000.);
#1253=VECTOR('',#4656,1000.);
#1254=VECTOR('',#4657,1000.);
#1255=VECTOR('',#4658,1000.);
#1256=VECTOR('',#4659,1000.);
#1257=VECTOR('',#4660,1000.);
#1258=VECTOR('',#4661,1000.);
#1259=VECTOR('',#4662,1000.);
#1260=VECTOR('',#4663,1000.);
#1261=VECTOR('',#4668,1000.);
#1262=VECTOR('',#4677,999.999999999115);
#1263=VECTOR('',#4678,999.999999999115);
#1264=VECTOR('',#4681,999.999999999115);
#1265=VECTOR('',#4686,999.999999999115);
#1266=VECTOR('',#4687,1000.);
#1267=VECTOR('',#4714,1000.);
#1268=VECTOR('',#4717,1000.);
#1269=VECTOR('',#4720,1000.);
#1270=VECTOR('',#4723,1000.);
#1271=VECTOR('',#4726,1000.);
#1272=VECTOR('',#4731,1000.);
#1273=VECTOR('',#4738,0.75);
#1274=VECTOR('',#4745,0.75);
#1275=VECTOR('',#4750,1000.);
#1276=VECTOR('',#4753,1000.);
#1277=VECTOR('',#4758,0.45);
#1278=VECTOR('',#4765,0.75);
#1279=VECTOR('',#4800,1000.);
#1280=VECTOR('',#4801,1000.);
#1281=VECTOR('',#4804,1000.);
#1282=VECTOR('',#4805,1000.);
#1283=VECTOR('',#4808,1000.);
#1284=VECTOR('',#4809,999.999999999887);
#1285=VECTOR('',#4810,1000.);
#1286=VECTOR('',#4811,999.999999999887);
#1287=VECTOR('',#4812,1000.);
#1288=VECTOR('',#4813,999.999999999887);
#1289=VECTOR('',#4816,1000.);
#1290=VECTOR('',#4819,999.999999999887);
#1291=VECTOR('',#4822,1000.);
#1292=VECTOR('',#4823,999.999999998918);
#1293=VECTOR('',#4826,1000.);
#1294=VECTOR('',#4829,999.999999998918);
#1295=VECTOR('',#4830,1000.);
#1296=VECTOR('',#4831,999.999999998918);
#1297=VECTOR('',#4832,999.999999998918);
#1298=VECTOR('',#4835,999.999999999286);
#1299=VECTOR('',#4836,999.999999999979);
#1300=VECTOR('',#4837,999.999999999887);
#1301=VECTOR('',#4838,999.999999999887);
#1302=VECTOR('',#4839,999.999999998917);
#1303=VECTOR('',#4840,999.999999998918);
#1304=VECTOR('',#4843,1000.);
#1305=VECTOR('',#4844,999.999999999887);
#1306=VECTOR('',#4845,999.999999999887);
#1307=VECTOR('',#4848,999.999999999887);
#1308=VECTOR('',#4849,999.999999999887);
#1309=VECTOR('',#4852,999.999999998918);
#1310=VECTOR('',#4853,999.999999998918);
#1311=VECTOR('',#4856,999.999999998917);
#1312=VECTOR('',#4857,999.999999998917);
#1313=VECTOR('',#4860,999.999999999979);
#1314=VECTOR('',#4863,999.999999999286);
#1315=VECTOR('',#4864,999.999999998918);
#1316=VECTOR('',#4865,999.999999998917);
#1317=VECTOR('',#4866,999.999999999887);
#1318=VECTOR('',#4867,999.999999999887);
#1319=VECTOR('',#4890,999.999999999286);
#1320=VECTOR('',#4893,999.999999999979);
#1321=VECTOR('',#4896,1000.);
#1322=VECTOR('',#4899,1000.);
#1323=VECTOR('',#4906,999.999999999979);
#1324=VECTOR('',#4907,999.999999999286);
#1325=VECTOR('',#4916,1000.);
#1326=VECTOR('',#4917,1000.);
#1327=VECTOR('',#4918,1000.);
#1328=VECTOR('',#4919,1000.);
#1329=VECTOR('',#4920,1000.);
#1330=VECTOR('',#4921,1000.);
#1331=VECTOR('',#4922,1000.);
#1332=VECTOR('',#4923,1000.);
#1333=VECTOR('',#4924,1000.);
#1334=VECTOR('',#4925,1000.);
#1335=VECTOR('',#4926,1000.);
#1336=VECTOR('',#4927,1000.);
#1337=VECTOR('',#4928,1000.);
#1338=VECTOR('',#4929,1000.);
#1339=VECTOR('',#4930,1000.);
#1340=VECTOR('',#4931,1000.);
#1341=VECTOR('',#4932,1000.);
#1342=VECTOR('',#4933,1000.);
#1343=VECTOR('',#4934,1000.);
#1344=VECTOR('',#4935,1000.);
#1345=VECTOR('',#4936,1000.);
#1346=VECTOR('',#4937,1000.);
#1347=VECTOR('',#4938,1000.);
#1348=VECTOR('',#4939,1000.);
#1349=VECTOR('',#4940,1000.);
#1350=VECTOR('',#4941,1000.);
#1351=VECTOR('',#4942,1000.);
#1352=VECTOR('',#4943,1000.);
#1353=VECTOR('',#4944,1000.);
#1354=VECTOR('',#4945,1000.);
#1355=VECTOR('',#4946,1000.);
#1356=VECTOR('',#4947,1000.);
#1357=VECTOR('',#4948,1000.);
#1358=VECTOR('',#4949,1000.);
#1359=VECTOR('',#4950,1000.);
#1360=VECTOR('',#4951,1000.);
#1361=VECTOR('',#4952,999.999999999687);
#1362=VECTOR('',#4953,1000.);
#1363=VECTOR('',#4954,999.999999999194);
#1364=VECTOR('',#4955,1000.);
#1365=VECTOR('',#4956,999.999999999724);
#1366=VECTOR('',#4957,1000.);
#1367=VECTOR('',#4958,999.999999999846);
#1368=VECTOR('',#4959,1000.);
#1369=VECTOR('',#4960,1000.);
#1370=VECTOR('',#4961,1000.);
#1371=VECTOR('',#4962,1000.);
#1372=VECTOR('',#4963,1000.);
#1373=VECTOR('',#4964,1000.);
#1374=VECTOR('',#4965,1000.);
#1375=VECTOR('',#4966,1000.);
#1376=VECTOR('',#4967,1000.);
#1377=VECTOR('',#4968,1000.);
#1378=VECTOR('',#4969,1000.);
#1379=VECTOR('',#4970,1000.);
#1380=VECTOR('',#4973,1000.);
#1381=VECTOR('',#4974,1000.);
#1382=VECTOR('',#4975,1000.);
#1383=VECTOR('',#4978,1000.);
#1384=VECTOR('',#4979,1000.);
#1385=VECTOR('',#4980,1000.);
#1386=VECTOR('',#4983,1000.);
#1387=VECTOR('',#4984,1000.);
#1388=VECTOR('',#4985,1000.);
#1389=VECTOR('',#4986,1000.);
#1390=VECTOR('',#4987,1000.);
#1391=VECTOR('',#4988,1000.);
#1392=VECTOR('',#4989,1000.);
#1393=VECTOR('',#4990,1000.);
#1394=VECTOR('',#4991,1000.);
#1395=VECTOR('',#4992,1000.);
#1396=VECTOR('',#4995,1000.);
#1397=VECTOR('',#4996,1000.);
#1398=VECTOR('',#4999,1000.);
#1399=VECTOR('',#5002,1000.);
#1400=VECTOR('',#5007,999.99999999912);
#1401=VECTOR('',#5008,999.99999999912);
#1402=VECTOR('',#5011,999.99999999912);
#1403=VECTOR('',#5012,1000.);
#1404=VECTOR('',#5015,1000.);
#1405=VECTOR('',#5018,1000.);
#1406=VECTOR('',#5019,999.99999999912);
#1407=VECTOR('',#5022,999.99999999912);
#1408=VECTOR('',#5023,999.99999999912);
#1409=VECTOR('',#5024,1000.);
#1410=VECTOR('',#5025,1000.);
#1411=VECTOR('',#5026,1000.);
#1412=VECTOR('',#5027,1000.);
#1413=VECTOR('',#5030,999.99999999912);
#1414=VECTOR('',#5031,999.99999999912);
#1415=VECTOR('',#5034,999.99999999912);
#1416=VECTOR('',#5035,1000.);
#1417=VECTOR('',#5038,1000.);
#1418=VECTOR('',#5041,1000.);
#1419=VECTOR('',#5042,999.99999999912);
#1420=VECTOR('',#5045,999.99999999912);
#1421=VECTOR('',#5046,999.99999999912);
#1422=VECTOR('',#5047,1000.);
#1423=VECTOR('',#5048,1000.);
#1424=VECTOR('',#5049,1000.);
#1425=VECTOR('',#5050,1000.);
#1426=VECTOR('',#5053,1000.);
#1427=VECTOR('',#5054,1000.);
#1428=VECTOR('',#5057,1000.);
#1429=VECTOR('',#5060,1000.);
#1430=VECTOR('',#5063,1000.);
#1431=VECTOR('',#5066,1000.);
#1432=VECTOR('',#5069,1000.);
#1433=VECTOR('',#5070,1000.);
#1434=VECTOR('',#5073,1000.);
#1435=VECTOR('',#5076,1000.);
#1436=VECTOR('',#5081,1000.);
#1437=VECTOR('',#5084,1000.);
#1438=VECTOR('',#5087,1000.);
#1439=VECTOR('',#5092,1000.);
#1440=VECTOR('',#5093,1000.);
#1441=VECTOR('',#5096,1000.);
#1442=VECTOR('',#5103,999.99999999912);
#1443=VECTOR('',#5104,999.99999999912);
#1444=VECTOR('',#5107,999.99999999912);
#1445=VECTOR('',#5108,1000.);
#1446=VECTOR('',#5111,1000.);
#1447=VECTOR('',#5114,1000.);
#1448=VECTOR('',#5115,999.99999999912);
#1449=VECTOR('',#5118,999.99999999912);
#1450=VECTOR('',#5119,999.99999999912);
#1451=VECTOR('',#5120,1000.);
#1452=VECTOR('',#5121,1000.);
#1453=VECTOR('',#5122,1000.);
#1454=VECTOR('',#5123,1000.);
#1455=VECTOR('',#5126,999.99999999912);
#1456=VECTOR('',#5127,999.99999999912);
#1457=VECTOR('',#5130,999.99999999912);
#1458=VECTOR('',#5131,1000.);
#1459=VECTOR('',#5134,1000.);
#1460=VECTOR('',#5137,1000.);
#1461=VECTOR('',#5138,999.99999999912);
#1462=VECTOR('',#5141,999.99999999912);
#1463=VECTOR('',#5142,999.99999999912);
#1464=VECTOR('',#5143,1000.);
#1465=VECTOR('',#5144,1000.);
#1466=VECTOR('',#5145,1000.);
#1467=VECTOR('',#5146,1000.);
#1468=VECTOR('',#5149,1000.);
#1469=VECTOR('',#5150,1000.);
#1470=VECTOR('',#5153,1000.);
#1471=VECTOR('',#5156,1000.);
#1472=VECTOR('',#5159,1000.);
#1473=VECTOR('',#5162,1000.);
#1474=VECTOR('',#5165,1000.);
#1475=VECTOR('',#5166,1000.);
#1476=VECTOR('',#5169,1000.);
#1477=VECTOR('',#5172,1000.);
#1478=VECTOR('',#5177,999.99999999912);
#1479=VECTOR('',#5178,999.99999999912);
#1480=VECTOR('',#5181,999.99999999912);
#1481=VECTOR('',#5182,1000.);
#1482=VECTOR('',#5185,1000.);
#1483=VECTOR('',#5188,1000.);
#1484=VECTOR('',#5189,999.99999999912);
#1485=VECTOR('',#5192,999.99999999912);
#1486=VECTOR('',#5193,999.99999999912);
#1487=VECTOR('',#5194,1000.);
#1488=VECTOR('',#5195,1000.);
#1489=VECTOR('',#5196,1000.);
#1490=VECTOR('',#5197,1000.);
#1491=VECTOR('',#5200,999.99999999912);
#1492=VECTOR('',#5201,999.99999999912);
#1493=VECTOR('',#5204,999.99999999912);
#1494=VECTOR('',#5205,1000.);
#1495=VECTOR('',#5208,1000.);
#1496=VECTOR('',#5211,1000.);
#1497=VECTOR('',#5212,999.99999999912);
#1498=VECTOR('',#5215,999.99999999912);
#1499=VECTOR('',#5216,999.99999999912);
#1500=VECTOR('',#5217,1000.);
#1501=VECTOR('',#5218,1000.);
#1502=VECTOR('',#5219,1000.);
#1503=VECTOR('',#5220,1000.);
#1504=VECTOR('',#5223,1000.);
#1505=VECTOR('',#5224,1000.);
#1506=VECTOR('',#5227,1000.);
#1507=VECTOR('',#5230,1000.);
#1508=VECTOR('',#5233,1000.);
#1509=VECTOR('',#5236,1000.);
#1510=VECTOR('',#5239,1000.);
#1511=VECTOR('',#5240,1000.);
#1512=VECTOR('',#5243,1000.);
#1513=VECTOR('',#5246,1000.);
#1514=VECTOR('',#5251,1000.);
#1515=VECTOR('',#5254,1000.);
#1516=VECTOR('',#5257,1000.);
#1517=VECTOR('',#5262,1000.);
#1518=VECTOR('',#5263,1000.);
#1519=VECTOR('',#5266,1000.);
#1520=VECTOR('',#5273,1000.);
#1521=VECTOR('',#5276,1000.);
#1522=VECTOR('',#5279,1000.);
#1523=VECTOR('',#5284,1000.);
#1524=VECTOR('',#5285,1000.);
#1525=VECTOR('',#5288,1000.);
#1526=VECTOR('',#5295,1000.);
#1527=VECTOR('',#5296,1000.);
#1528=VECTOR('',#5303,1000.);
#1529=VECTOR('',#5304,1000.);
#1530=VECTOR('',#5311,1000.);
#1531=VECTOR('',#5312,999.999999999687);
#1532=VECTOR('',#5313,1000.);
#1533=VECTOR('',#5316,1000.);
#1534=VECTOR('',#5317,1000.);
#1535=VECTOR('',#5320,999.999999999194);
#1536=VECTOR('',#5321,1000.);
#1537=VECTOR('',#5324,1000.);
#1538=VECTOR('',#5325,1000.);
#1539=VECTOR('',#5328,999.999999999724);
#1540=VECTOR('',#5329,1000.);
#1541=VECTOR('',#5332,1000.);
#1542=VECTOR('',#5333,1000.);
#1543=VECTOR('',#5336,999.999999999846);
#1544=VECTOR('',#5337,1000.);
#1545=VECTOR('',#5340,1000.);
#1546=VECTOR('',#5343,1000.);
#1547=VECTOR('',#5344,999.999999999714);
#1548=VECTOR('',#5345,1000.);
#1549=VECTOR('',#5346,999.999999998935);
#1550=VECTOR('',#5349,1000.);
#1551=VECTOR('',#5350,1000.);
#1552=VECTOR('',#5351,1000.);
#1553=VECTOR('',#5354,999.999999999714);
#1554=VECTOR('',#5355,1000.);
#1555=VECTOR('',#5356,1000.);
#1556=VECTOR('',#5359,1000.);
#1557=VECTOR('',#5360,1000.);
#1558=VECTOR('',#5361,1000.);
#1559=VECTOR('',#5364,999.999999998935);
#1560=VECTOR('',#5367,1000.);
#1561=VECTOR('',#5368,1000.);
#1562=VECTOR('',#5369,1000.);
#1563=VECTOR('',#5372,1000.);
#1564=VECTOR('',#5373,1000.);
#1565=VECTOR('',#5376,1000.);
#1566=VECTOR('',#5377,1000.);
#1567=VECTOR('',#5378,1000.);
#1568=VECTOR('',#5381,1000.);
#1569=VECTOR('',#5382,1000.);
#1570=VECTOR('',#5383,1000.);
#1571=VECTOR('',#5386,1000.);
#1572=VECTOR('',#5387,1000.);
#1573=VECTOR('',#5388,1000.);
#1574=VECTOR('',#5389,1000.);
#1575=VECTOR('',#5390,1000.);
#1576=VECTOR('',#5393,1000.);
#1577=VECTOR('',#5394,1000.);
#1578=VECTOR('',#5397,1000.);
#1579=VECTOR('',#5400,1000.);
#1580=VECTOR('',#5401,1000.);
#1581=VECTOR('',#5402,1000.);
#1582=VECTOR('',#5405,1000.);
#1583=VECTOR('',#5406,1000.);
#1584=VECTOR('',#5409,1000.);
#1585=VECTOR('',#5410,1000.);
#1586=VECTOR('',#5413,1000.);
#1587=VECTOR('',#5414,1000.);
#1588=VECTOR('',#5417,1000.);
#1589=VECTOR('',#5418,1000.);
#1590=VECTOR('',#5421,1000.);
#1591=VECTOR('',#5422,1000.);
#1592=VECTOR('',#5425,1000.);
#1593=VECTOR('',#5426,1000.);
#1594=VECTOR('',#5429,1000.);
#1595=VECTOR('',#5430,1000.);
#1596=VECTOR('',#5433,1000.);
#1597=VECTOR('',#5434,1000.);
#1598=VECTOR('',#5437,1000.);
#1599=VECTOR('',#5438,1000.);
#1600=VECTOR('',#5441,1000.);
#1601=VECTOR('',#5442,1000.);
#1602=VECTOR('',#5445,1000.);
#1603=VECTOR('',#5450,1000.);
#1604=VECTOR('',#5451,1000.);
#1605=VECTOR('',#5452,1000.);
#1606=VECTOR('',#5453,1000.);
#1607=VECTOR('',#5454,1000.);
#1608=VECTOR('',#5455,1000.);
#1609=VECTOR('',#5456,1000.);
#1610=VECTOR('',#5459,1000.);
#1611=VECTOR('',#5460,1000.);
#1612=VECTOR('',#5461,1000.);
#1613=VECTOR('',#5462,1000.);
#1614=VECTOR('',#5463,1000.);
#1615=VECTOR('',#5468,1000.);
#1616=VECTOR('',#5469,1000.);
#1617=VECTOR('',#5470,1000.);
#1618=VECTOR('',#5473,1000.);
#1619=VECTOR('',#5474,1000.);
#1620=VECTOR('',#5477,1000.);
#1621=VECTOR('',#5478,1000.);
#1622=VECTOR('',#5481,1000.);
#1623=VECTOR('',#5482,1000.);
#1624=VECTOR('',#5485,1000.);
#1625=VECTOR('',#5486,1000.);
#1626=VECTOR('',#5489,1000.);
#1627=CIRCLE('',#4190,0.8);
#1628=CIRCLE('',#4191,0.8);
#1629=CIRCLE('',#4193,0.8);
#1630=CIRCLE('',#4194,0.8);
#1631=CIRCLE('',#4213,0.399999999999);
#1632=CIRCLE('',#4216,0.399999999999);
#1633=CIRCLE('',#4221,0.399999999999);
#1634=CIRCLE('',#4224,0.399999999999);
#1635=CIRCLE('',#4228,1.6);
#1636=CIRCLE('',#4229,1.6);
#1637=CIRCLE('',#4231,1.6);
#1638=CIRCLE('',#4232,1.6);
#1639=CIRCLE('',#4241,1.6);
#1640=CIRCLE('',#4242,1.6);
#1641=CIRCLE('',#4244,1.6);
#1642=CIRCLE('',#4245,1.6);
#1643=CIRCLE('',#4248,0.599999999999);
#1644=CIRCLE('',#4249,0.599999999999);
#1645=CIRCLE('',#4254,0.599999999999);
#1646=CIRCLE('',#4255,0.599999999999);
#1647=CIRCLE('',#4267,0.75);
#1648=CIRCLE('',#4268,0.45);
#1649=CIRCLE('',#4270,0.75);
#1650=CIRCLE('',#4272,3.6);
#1651=CIRCLE('',#4273,3.6);
#1652=CIRCLE('',#4275,0.75);
#1653=CIRCLE('',#4276,0.45);
#1654=CIRCLE('',#4278,0.75);
#1655=CIRCLE('',#4280,0.4);
#1656=CIRCLE('',#4281,0.4);
#1657=CIRCLE('',#4282,0.4);
#1658=CIRCLE('',#4284,0.399999999999);
#1659=CIRCLE('',#4285,0.399999999999);
#1660=CIRCLE('',#4286,0.4);
#1661=CIRCLE('',#4288,0.4);
#1662=CIRCLE('',#4289,0.4);
#1663=CIRCLE('',#4290,0.4);
#1664=CIRCLE('',#4292,0.4);
#1665=CIRCLE('',#4293,0.399999999999);
#1666=CIRCLE('',#4294,0.399999999999);
#1667=CIRCLE('',#4298,0.4);
#1668=CIRCLE('',#4299,0.4);
#1669=CIRCLE('',#4301,0.399999999999);
#1670=CIRCLE('',#4302,0.399999999999);
#1671=CIRCLE('',#4309,3.6);
#1672=CIRCLE('',#4321,3.6);
#1673=CIRCLE('',#4339,0.3);
#1674=CIRCLE('',#4340,0.2);
#1675=CIRCLE('',#4341,0.2);
#1676=CIRCLE('',#4342,0.299999999999);
#1677=CIRCLE('',#4344,0.299999999999);
#1678=CIRCLE('',#4345,0.2);
#1679=CIRCLE('',#4346,0.2);
#1680=CIRCLE('',#4347,0.3);
#1681=CIRCLE('',#4366,0.3);
#1682=CIRCLE('',#4367,0.2);
#1683=CIRCLE('',#4368,0.2);
#1684=CIRCLE('',#4369,0.299999999999);
#1685=CIRCLE('',#4371,0.299999999999);
#1686=CIRCLE('',#4372,0.2);
#1687=CIRCLE('',#4373,0.2);
#1688=CIRCLE('',#4374,0.3);
#1689=CIRCLE('',#4385,0.3);
#1690=CIRCLE('',#4386,0.2);
#1691=CIRCLE('',#4387,0.2);
#1692=CIRCLE('',#4388,0.299999999999);
#1693=CIRCLE('',#4390,0.299999999999);
#1694=CIRCLE('',#4391,0.2);
#1695=CIRCLE('',#4392,0.2);
#1696=CIRCLE('',#4393,0.3);
#1697=VERTEX_POINT('',#5504);
#1698=VERTEX_POINT('',#5506);
#1699=VERTEX_POINT('',#5510);
#1700=VERTEX_POINT('',#5512);
#1701=VERTEX_POINT('',#5516);
#1702=VERTEX_POINT('',#5517);
#1703=VERTEX_POINT('',#5519);
#1704=VERTEX_POINT('',#5521);
#1705=VERTEX_POINT('',#5525);
#1706=VERTEX_POINT('',#5526);
#1707=VERTEX_POINT('',#5528);
#1708=VERTEX_POINT('',#5530);
#1709=VERTEX_POINT('',#5534);
#1710=VERTEX_POINT('',#5535);
#1711=VERTEX_POINT('',#5537);
#1712=VERTEX_POINT('',#5539);
#1713=VERTEX_POINT('',#5543);
#1714=VERTEX_POINT('',#5545);
#1715=VERTEX_POINT('',#5549);
#1716=VERTEX_POINT('',#5551);
#1717=VERTEX_POINT('',#5555);
#1718=VERTEX_POINT('',#5557);
#1719=VERTEX_POINT('',#5561);
#1720=VERTEX_POINT('',#5563);
#1721=VERTEX_POINT('',#5567);
#1722=VERTEX_POINT('',#5569);
#1723=VERTEX_POINT('',#5573);
#1724=VERTEX_POINT('',#5575);
#1725=VERTEX_POINT('',#5579);
#1726=VERTEX_POINT('',#5581);
#1727=VERTEX_POINT('',#5585);
#1728=VERTEX_POINT('',#5587);
#1729=VERTEX_POINT('',#5591);
#1730=VERTEX_POINT('',#5593);
#1731=VERTEX_POINT('',#5597);
#1732=VERTEX_POINT('',#5599);
#1733=VERTEX_POINT('',#5608);
#1734=VERTEX_POINT('',#5609);
#1735=VERTEX_POINT('',#5611);
#1736=VERTEX_POINT('',#5613);
#1737=VERTEX_POINT('',#5620);
#1738=VERTEX_POINT('',#5622);
#1739=VERTEX_POINT('',#5626);
#1740=VERTEX_POINT('',#5628);
#1741=VERTEX_POINT('',#5632);
#1742=VERTEX_POINT('',#5634);
#1743=VERTEX_POINT('',#5643);
#1744=VERTEX_POINT('',#5645);
#1745=VERTEX_POINT('',#5649);
#1746=VERTEX_POINT('',#5651);
#1747=VERTEX_POINT('',#5655);
#1748=VERTEX_POINT('',#5657);
#1749=VERTEX_POINT('',#5666);
#1750=VERTEX_POINT('',#5667);
#1751=VERTEX_POINT('',#5669);
#1752=VERTEX_POINT('',#5671);
#1753=VERTEX_POINT('',#5673);
#1754=VERTEX_POINT('',#5677);
#1755=VERTEX_POINT('',#5678);
#1756=VERTEX_POINT('',#5680);
#1757=VERTEX_POINT('',#5682);
#1758=VERTEX_POINT('',#5684);
#1759=VERTEX_POINT('',#5688);
#1760=VERTEX_POINT('',#5690);
#1761=VERTEX_POINT('',#5694);
#1762=VERTEX_POINT('',#5696);
#1763=VERTEX_POINT('',#5698);
#1764=VERTEX_POINT('',#5700);
#1765=VERTEX_POINT('',#5702);
#1766=VERTEX_POINT('',#5704);
#1767=VERTEX_POINT('',#5706);
#1768=VERTEX_POINT('',#5708);
#1769=VERTEX_POINT('',#5710);
#1770=VERTEX_POINT('',#5712);
#1771=VERTEX_POINT('',#5716);
#1772=VERTEX_POINT('',#5718);
#1773=VERTEX_POINT('',#5722);
#1774=VERTEX_POINT('',#5723);
#1775=VERTEX_POINT('',#5725);
#1776=VERTEX_POINT('',#5730);
#1777=VERTEX_POINT('',#5731);
#1778=VERTEX_POINT('',#5733);
#1779=VERTEX_POINT('',#5735);
#1780=VERTEX_POINT('',#5737);
#1781=VERTEX_POINT('',#5767);
#1782=VERTEX_POINT('',#5769);
#1783=VERTEX_POINT('',#5773);
#1784=VERTEX_POINT('',#5777);
#1785=VERTEX_POINT('',#5778);
#1786=VERTEX_POINT('',#5780);
#1787=VERTEX_POINT('',#5782);
#1788=VERTEX_POINT('',#5786);
#1789=VERTEX_POINT('',#5788);
#1790=VERTEX_POINT('',#5792);
#1791=VERTEX_POINT('',#5796);
#1792=VERTEX_POINT('',#5797);
#1793=VERTEX_POINT('',#5799);
#1794=VERTEX_POINT('',#5803);
#1795=VERTEX_POINT('',#5804);
#1796=VERTEX_POINT('',#5806);
#1797=VERTEX_POINT('',#5810);
#1798=VERTEX_POINT('',#5811);
#1799=VERTEX_POINT('',#5813);
#1800=VERTEX_POINT('',#5817);
#1801=VERTEX_POINT('',#5818);
#1802=VERTEX_POINT('',#5820);
#1803=VERTEX_POINT('',#5830);
#1804=VERTEX_POINT('',#5831);
#1805=VERTEX_POINT('',#5833);
#1806=VERTEX_POINT('',#5835);
#1807=VERTEX_POINT('',#5837);
#1808=VERTEX_POINT('',#5839);
#1809=VERTEX_POINT('',#5841);
#1810=VERTEX_POINT('',#5843);
#1811=VERTEX_POINT('',#5845);
#1812=VERTEX_POINT('',#5847);
#1813=VERTEX_POINT('',#5851);
#1814=VERTEX_POINT('',#5852);
#1815=VERTEX_POINT('',#5854);
#1816=VERTEX_POINT('',#5856);
#1817=VERTEX_POINT('',#5858);
#1818=VERTEX_POINT('',#5860);
#1819=VERTEX_POINT('',#5862);
#1820=VERTEX_POINT('',#5864);
#1821=VERTEX_POINT('',#5872);
#1822=VERTEX_POINT('',#5877);
#1823=VERTEX_POINT('',#5878);
#1824=VERTEX_POINT('',#5892);
#1825=VERTEX_POINT('',#5894);
#1826=VERTEX_POINT('',#5898);
#1827=VERTEX_POINT('',#5913);
#1828=VERTEX_POINT('',#5915);
#1829=VERTEX_POINT('',#5931);
#1830=VERTEX_POINT('',#5932);
#1831=VERTEX_POINT('',#5934);
#1832=VERTEX_POINT('',#5936);
#1833=VERTEX_POINT('',#5938);
#1834=VERTEX_POINT('',#5940);
#1835=VERTEX_POINT('',#5942);
#1836=VERTEX_POINT('',#5944);
#1837=VERTEX_POINT('',#5946);
#1838=VERTEX_POINT('',#5948);
#1839=VERTEX_POINT('',#5950);
#1840=VERTEX_POINT('',#5952);
#1841=VERTEX_POINT('',#5955);
#1842=VERTEX_POINT('',#5956);
#1843=VERTEX_POINT('',#5976);
#1844=VERTEX_POINT('',#5978);
#1845=VERTEX_POINT('',#5980);
#1846=VERTEX_POINT('',#6001);
#1847=VERTEX_POINT('',#6002);
#1848=VERTEX_POINT('',#6004);
#1849=VERTEX_POINT('',#6006);
#1850=VERTEX_POINT('',#6008);
#1851=VERTEX_POINT('',#6010);
#1852=VERTEX_POINT('',#6012);
#1853=VERTEX_POINT('',#6014);
#1854=VERTEX_POINT('',#6016);
#1855=VERTEX_POINT('',#6018);
#1856=VERTEX_POINT('',#6020);
#1857=VERTEX_POINT('',#6022);
#1858=VERTEX_POINT('',#6025);
#1859=VERTEX_POINT('',#6026);
#1860=VERTEX_POINT('',#6038);
#1861=VERTEX_POINT('',#6040);
#1862=VERTEX_POINT('',#6052);
#1863=VERTEX_POINT('',#6072);
#1864=VERTEX_POINT('',#6092);
#1865=VERTEX_POINT('',#6104);
#1866=VERTEX_POINT('',#6106);
#1867=VERTEX_POINT('',#6118);
#1868=VERTEX_POINT('',#6157);
#1869=VERTEX_POINT('',#6158);
#1870=VERTEX_POINT('',#6160);
#1871=VERTEX_POINT('',#6162);
#1872=VERTEX_POINT('',#6164);
#1873=VERTEX_POINT('',#6166);
#1874=VERTEX_POINT('',#6169);
#1875=VERTEX_POINT('',#6170);
#1876=VERTEX_POINT('',#6172);
#1877=VERTEX_POINT('',#6174);
#1878=VERTEX_POINT('',#6176);
#1879=VERTEX_POINT('',#6178);
#1880=VERTEX_POINT('',#6180);
#1881=VERTEX_POINT('',#6182);
#1882=VERTEX_POINT('',#6185);
#1883=VERTEX_POINT('',#6186);
#1884=VERTEX_POINT('',#6188);
#1885=VERTEX_POINT('',#6190);
#1886=VERTEX_POINT('',#6193);
#1887=VERTEX_POINT('',#6194);
#1888=VERTEX_POINT('',#6196);
#1889=VERTEX_POINT('',#6198);
#1890=VERTEX_POINT('',#6201);
#1891=VERTEX_POINT('',#6202);
#1892=VERTEX_POINT('',#6204);
#1893=VERTEX_POINT('',#6206);
#1894=VERTEX_POINT('',#6210);
#1895=VERTEX_POINT('',#6212);
#1896=VERTEX_POINT('',#6216);
#1897=VERTEX_POINT('',#6218);
#1898=VERTEX_POINT('',#6222);
#1899=VERTEX_POINT('',#6224);
#1900=VERTEX_POINT('',#6226);
#1901=VERTEX_POINT('',#6228);
#1902=VERTEX_POINT('',#6230);
#1903=VERTEX_POINT('',#6232);
#1904=VERTEX_POINT('',#6234);
#1905=VERTEX_POINT('',#6237);
#1906=VERTEX_POINT('',#6249);
#1907=VERTEX_POINT('',#6251);
#1908=VERTEX_POINT('',#6253);
#1909=VERTEX_POINT('',#6255);
#1910=VERTEX_POINT('',#6257);
#1911=VERTEX_POINT('',#6259);
#1912=VERTEX_POINT('',#6261);
#1913=VERTEX_POINT('',#6263);
#1914=VERTEX_POINT('',#6265);
#1915=VERTEX_POINT('',#6267);
#1916=VERTEX_POINT('',#6269);
#1917=VERTEX_POINT('',#6271);
#1918=VERTEX_POINT('',#6274);
#1919=VERTEX_POINT('',#6275);
#1920=VERTEX_POINT('',#6277);
#1921=VERTEX_POINT('',#6279);
#1922=VERTEX_POINT('',#6283);
#1923=VERTEX_POINT('',#6285);
#1924=VERTEX_POINT('',#6287);
#1925=VERTEX_POINT('',#6289);
#1926=VERTEX_POINT('',#6291);
#1927=VERTEX_POINT('',#6293);
#1928=VERTEX_POINT('',#6295);
#1929=VERTEX_POINT('',#6297);
#1930=VERTEX_POINT('',#6299);
#1931=VERTEX_POINT('',#6301);
#1932=VERTEX_POINT('',#6303);
#1933=VERTEX_POINT('',#6305);
#1934=VERTEX_POINT('',#6308);
#1935=VERTEX_POINT('',#6309);
#1936=VERTEX_POINT('',#6311);
#1937=VERTEX_POINT('',#6313);
#1938=VERTEX_POINT('',#6350);
#1939=VERTEX_POINT('',#6352);
#1940=VERTEX_POINT('',#6354);
#1941=VERTEX_POINT('',#6356);
#1942=VERTEX_POINT('',#6358);
#1943=VERTEX_POINT('',#6360);
#1944=VERTEX_POINT('',#6362);
#1945=VERTEX_POINT('',#6364);
#1946=VERTEX_POINT('',#6366);
#1947=VERTEX_POINT('',#6368);
#1948=VERTEX_POINT('',#6370);
#1949=VERTEX_POINT('',#6372);
#1950=VERTEX_POINT('',#6375);
#1951=VERTEX_POINT('',#6376);
#1952=VERTEX_POINT('',#6378);
#1953=VERTEX_POINT('',#6380);
#1954=VERTEX_POINT('',#6384);
#1955=VERTEX_POINT('',#6386);
#1956=VERTEX_POINT('',#6388);
#1957=VERTEX_POINT('',#6390);
#1958=VERTEX_POINT('',#6392);
#1959=VERTEX_POINT('',#6394);
#1960=VERTEX_POINT('',#6396);
#1961=VERTEX_POINT('',#6398);
#1962=VERTEX_POINT('',#6400);
#1963=VERTEX_POINT('',#6402);
#1964=VERTEX_POINT('',#6404);
#1965=VERTEX_POINT('',#6406);
#1966=VERTEX_POINT('',#6409);
#1967=VERTEX_POINT('',#6410);
#1968=VERTEX_POINT('',#6412);
#1969=VERTEX_POINT('',#6414);
#1970=VERTEX_POINT('',#6437);
#1971=VERTEX_POINT('',#6439);
#1972=VERTEX_POINT('',#6441);
#1973=VERTEX_POINT('',#6443);
#1974=VERTEX_POINT('',#6445);
#1975=VERTEX_POINT('',#6447);
#1976=VERTEX_POINT('',#6449);
#1977=VERTEX_POINT('',#6451);
#1978=VERTEX_POINT('',#6453);
#1979=VERTEX_POINT('',#6455);
#1980=VERTEX_POINT('',#6457);
#1981=VERTEX_POINT('',#6459);
#1982=VERTEX_POINT('',#6462);
#1983=VERTEX_POINT('',#6463);
#1984=VERTEX_POINT('',#6465);
#1985=VERTEX_POINT('',#6467);
#1986=VERTEX_POINT('',#6471);
#1987=VERTEX_POINT('',#6473);
#1988=VERTEX_POINT('',#6475);
#1989=VERTEX_POINT('',#6477);
#1990=VERTEX_POINT('',#6479);
#1991=VERTEX_POINT('',#6481);
#1992=VERTEX_POINT('',#6483);
#1993=VERTEX_POINT('',#6485);
#1994=VERTEX_POINT('',#6487);
#1995=VERTEX_POINT('',#6489);
#1996=VERTEX_POINT('',#6491);
#1997=VERTEX_POINT('',#6493);
#1998=VERTEX_POINT('',#6496);
#1999=VERTEX_POINT('',#6497);
#2000=VERTEX_POINT('',#6499);
#2001=VERTEX_POINT('',#6501);
#2002=VERTEX_POINT('',#6562);
#2003=VERTEX_POINT('',#6564);
#2004=VERTEX_POINT('',#6568);
#2005=VERTEX_POINT('',#6572);
#2006=VERTEX_POINT('',#6576);
#2007=VERTEX_POINT('',#6580);
#2008=VERTEX_POINT('',#6584);
#2009=VERTEX_POINT('',#6588);
#2010=VERTEX_POINT('',#6594);
#2011=VERTEX_POINT('',#6595);
#2012=VERTEX_POINT('',#6597);
#2013=VERTEX_POINT('',#6599);
#2014=VERTEX_POINT('',#6607);
#2015=VERTEX_POINT('',#6609);
#2016=VERTEX_POINT('',#6619);
#2017=VERTEX_POINT('',#6620);
#2018=VERTEX_POINT('',#6625);
#2019=VERTEX_POINT('',#6642);
#2020=VERTEX_POINT('',#6652);
#2021=VERTEX_POINT('',#6669);
#2022=VERTEX_POINT('',#6681);
#2023=VERTEX_POINT('',#6683);
#2024=VERTEX_POINT('',#6687);
#2025=VERTEX_POINT('',#6691);
#2026=VERTEX_POINT('',#6732);
#2027=VERTEX_POINT('',#6811);
#2028=VERTEX_POINT('',#6812);
#2029=VERTEX_POINT('',#6832);
#2030=VERTEX_POINT('',#6852);
#2031=VERTEX_POINT('',#6854);
#2032=VERTEX_POINT('',#6858);
#2033=VERTEX_POINT('',#6859);
#2034=VERTEX_POINT('',#6901);
#2035=VERTEX_POINT('',#6960);
#2036=VERTEX_POINT('',#6982);
#2037=VERTEX_POINT('',#6988);
#2038=VERTEX_POINT('',#6990);
#2039=VERTEX_POINT('',#6994);
#2040=VERTEX_POINT('',#6998);
#2041=VERTEX_POINT('',#7002);
#2042=VERTEX_POINT('',#7006);
#2043=VERTEX_POINT('',#7010);
#2044=VERTEX_POINT('',#7014);
#2045=VERTEX_POINT('',#7018);
#2046=VERTEX_POINT('',#7022);
#2047=VERTEX_POINT('',#7026);
#2048=VERTEX_POINT('',#7030);
#2049=VERTEX_POINT('',#7037);
#2050=VERTEX_POINT('',#7039);
#2051=VERTEX_POINT('',#7064);
#2052=VERTEX_POINT('',#7115);
#2053=VERTEX_POINT('',#7174);
#2054=VERTEX_POINT('',#7217);
#2055=VERTEX_POINT('',#7231);
#2056=VERTEX_POINT('',#7256);
#2057=VERTEX_POINT('',#7307);
#2058=VERTEX_POINT('',#7366);
#2059=VERTEX_POINT('',#7422);
#2060=VERTEX_POINT('',#7424);
#2061=VERTEX_POINT('',#7428);
#2062=VERTEX_POINT('',#7432);
#2063=VERTEX_POINT('',#7436);
#2064=VERTEX_POINT('',#7440);
#2065=EDGE_CURVE('',#1697,#1697,#1627,.T.);
#2066=EDGE_CURVE('',#1697,#1698,#715,.T.);
#2067=EDGE_CURVE('',#1698,#1698,#1628,.T.);
#2068=EDGE_CURVE('',#1699,#1699,#1629,.T.);
#2069=EDGE_CURVE('',#1699,#1700,#716,.T.);
#2070=EDGE_CURVE('',#1700,#1700,#1630,.T.);
#2071=EDGE_CURVE('',#1701,#1702,#717,.T.);
#2072=EDGE_CURVE('',#1701,#1703,#718,.T.);
#2073=EDGE_CURVE('',#1704,#1703,#719,.T.);
#2074=EDGE_CURVE('',#1702,#1704,#720,.T.);
#2075=EDGE_CURVE('',#1705,#1706,#721,.T.);
#2076=EDGE_CURVE('',#1707,#1706,#722,.T.);
#2077=EDGE_CURVE('',#1707,#1708,#723,.T.);
#2078=EDGE_CURVE('',#1708,#1705,#724,.T.);
#2079=EDGE_CURVE('',#1709,#1710,#725,.T.);
#2080=EDGE_CURVE('',#1711,#1709,#726,.T.);
#2081=EDGE_CURVE('',#1711,#1712,#727,.T.);
#2082=EDGE_CURVE('',#1710,#1712,#728,.T.);
#2083=EDGE_CURVE('',#1703,#1713,#729,.T.);
#2084=EDGE_CURVE('',#1714,#1713,#730,.T.);
#2085=EDGE_CURVE('',#1704,#1714,#731,.T.);
#2086=EDGE_CURVE('',#1713,#1715,#732,.T.);
#2087=EDGE_CURVE('',#1716,#1715,#733,.T.);
#2088=EDGE_CURVE('',#1714,#1716,#734,.T.);
#2089=EDGE_CURVE('',#1715,#1717,#735,.T.);
#2090=EDGE_CURVE('',#1718,#1717,#736,.T.);
#2091=EDGE_CURVE('',#1716,#1718,#737,.T.);
#2092=EDGE_CURVE('',#1717,#1719,#738,.T.);
#2093=EDGE_CURVE('',#1720,#1719,#739,.T.);
#2094=EDGE_CURVE('',#1718,#1720,#740,.T.);
#2095=EDGE_CURVE('',#1719,#1721,#741,.T.);
#2096=EDGE_CURVE('',#1722,#1721,#742,.T.);
#2097=EDGE_CURVE('',#1720,#1722,#743,.T.);
#2098=EDGE_CURVE('',#1721,#1723,#744,.T.);
#2099=EDGE_CURVE('',#1723,#1724,#745,.T.);
#2100=EDGE_CURVE('',#1722,#1724,#746,.T.);
#2101=EDGE_CURVE('',#1712,#1725,#747,.T.);
#2102=EDGE_CURVE('',#1726,#1725,#748,.T.);
#2103=EDGE_CURVE('',#1710,#1726,#749,.T.);
#2104=EDGE_CURVE('',#1725,#1727,#750,.T.);
#2105=EDGE_CURVE('',#1728,#1727,#751,.T.);
#2106=EDGE_CURVE('',#1726,#1728,#752,.T.);
#2107=EDGE_CURVE('',#1727,#1729,#753,.T.);
#2108=EDGE_CURVE('',#1730,#1729,#754,.T.);
#2109=EDGE_CURVE('',#1728,#1730,#755,.T.);
#2110=EDGE_CURVE('',#1729,#1731,#756,.T.);
#2111=EDGE_CURVE('',#1732,#1731,#757,.T.);
#2112=EDGE_CURVE('',#1730,#1732,#758,.T.);
#2113=EDGE_CURVE('',#1731,#1708,#759,.T.);
#2114=EDGE_CURVE('',#1732,#1707,#760,.T.);
#2115=EDGE_CURVE('',#1706,#1702,#761,.T.);
#2116=EDGE_CURVE('',#1724,#1709,#762,.T.);
#2117=EDGE_CURVE('',#1733,#1734,#763,.T.);
#2118=EDGE_CURVE('',#1735,#1733,#764,.T.);
#2119=EDGE_CURVE('',#1735,#1736,#765,.T.);
#2120=EDGE_CURVE('',#1736,#1734,#766,.T.);
#2121=EDGE_CURVE('',#1723,#1711,#767,.T.);
#2122=EDGE_CURVE('',#1705,#1701,#768,.T.);
#2123=EDGE_CURVE('',#1737,#1723,#769,.T.);
#2124=EDGE_CURVE('',#1738,#1711,#770,.T.);
#2125=EDGE_CURVE('',#1738,#1737,#771,.T.);
#2126=EDGE_CURVE('',#1709,#1739,#1631,.T.);
#2127=EDGE_CURVE('',#1740,#1739,#772,.T.);
#2128=EDGE_CURVE('',#1740,#1738,#773,.T.);
#2129=EDGE_CURVE('',#1739,#1741,#774,.T.);
#2130=EDGE_CURVE('',#1742,#1741,#775,.T.);
#2131=EDGE_CURVE('',#1742,#1740,#776,.T.);
#2132=EDGE_CURVE('',#1741,#1724,#1632,.T.);
#2133=EDGE_CURVE('',#1737,#1742,#777,.T.);
#2134=EDGE_CURVE('',#1743,#1701,#778,.T.);
#2135=EDGE_CURVE('',#1744,#1743,#779,.T.);
#2136=EDGE_CURVE('',#1744,#1705,#780,.T.);
#2137=EDGE_CURVE('',#1702,#1745,#1633,.T.);
#2138=EDGE_CURVE('',#1746,#1745,#781,.T.);
#2139=EDGE_CURVE('',#1743,#1746,#782,.T.);
#2140=EDGE_CURVE('',#1745,#1747,#783,.T.);
#2141=EDGE_CURVE('',#1748,#1747,#784,.T.);
#2142=EDGE_CURVE('',#1746,#1748,#785,.T.);
#2143=EDGE_CURVE('',#1747,#1706,#1634,.T.);
#2144=EDGE_CURVE('',#1748,#1744,#786,.T.);
#2145=EDGE_CURVE('',#1749,#1750,#1635,.T.);
#2146=EDGE_CURVE('',#1750,#1751,#1636,.T.);
#2147=EDGE_CURVE('',#1751,#1752,#787,.T.);
#2148=EDGE_CURVE('',#1752,#1753,#788,.T.);
#2149=EDGE_CURVE('',#1753,#1749,#789,.T.);
#2150=EDGE_CURVE('',#1754,#1755,#790,.T.);
#2151=EDGE_CURVE('',#1754,#1756,#1637,.T.);
#2152=EDGE_CURVE('',#1756,#1757,#1638,.T.);
#2153=EDGE_CURVE('',#1758,#1757,#791,.T.);
#2154=EDGE_CURVE('',#1755,#1758,#792,.T.);
#2155=EDGE_CURVE('',#1759,#1758,#72,.T.);
#2156=EDGE_CURVE('',#1760,#1759,#793,.T.);
#2157=EDGE_CURVE('',#1755,#1760,#73,.T.);
#2158=EDGE_CURVE('',#1761,#1759,#794,.T.);
#2159=EDGE_CURVE('',#1762,#1761,#795,.T.);
#2160=EDGE_CURVE('',#1763,#1762,#796,.T.);
#2161=EDGE_CURVE('',#1764,#1763,#797,.T.);
#2162=EDGE_CURVE('',#1765,#1764,#798,.T.);
#2163=EDGE_CURVE('',#1766,#1765,#799,.T.);
#2164=EDGE_CURVE('',#1766,#1767,#800,.T.);
#2165=EDGE_CURVE('',#1768,#1767,#801,.T.);
#2166=EDGE_CURVE('',#1768,#1769,#802,.T.);
#2167=EDGE_CURVE('',#1770,#1769,#803,.T.);
#2168=EDGE_CURVE('',#1770,#1760,#804,.T.);
#2169=EDGE_CURVE('',#1771,#1765,#74,.T.);
#2170=EDGE_CURVE('',#1772,#1771,#805,.T.);
#2171=EDGE_CURVE('',#1766,#1772,#75,.T.);
#2172=EDGE_CURVE('',#1773,#1774,#1639,.T.);
#2173=EDGE_CURVE('',#1774,#1775,#1640,.T.);
#2174=EDGE_CURVE('',#1772,#1775,#806,.T.);
#2175=EDGE_CURVE('',#1773,#1771,#807,.T.);
#2176=EDGE_CURVE('',#1776,#1777,#808,.T.);
#2177=EDGE_CURVE('',#1776,#1778,#1641,.T.);
#2178=EDGE_CURVE('',#1778,#1779,#1642,.T.);
#2179=EDGE_CURVE('',#1780,#1779,#809,.T.);
#2180=EDGE_CURVE('',#1777,#1780,#810,.T.);
#2181=EDGE_CURVE('',#1780,#1764,#76,.T.);
#2182=EDGE_CURVE('',#1763,#1736,#1643,.T.);
#2183=EDGE_CURVE('',#1768,#1735,#1644,.T.);
#2184=EDGE_CURVE('',#1767,#1777,#77,.T.);
#2185=EDGE_CURVE('',#1761,#1753,#78,.T.);
#2186=EDGE_CURVE('',#1752,#1770,#79,.T.);
#2187=EDGE_CURVE('',#1733,#1769,#1645,.T.);
#2188=EDGE_CURVE('',#1734,#1762,#1646,.T.);
#2189=EDGE_CURVE('',#1757,#1749,#811,.T.);
#2190=EDGE_CURVE('',#1779,#1773,#812,.T.);
#2191=EDGE_CURVE('',#1751,#1754,#813,.T.);
#2192=EDGE_CURVE('',#1775,#1776,#814,.T.);
#2193=EDGE_CURVE('',#1750,#1756,#815,.T.);
#2194=EDGE_CURVE('',#1774,#1778,#816,.T.);
#2195=EDGE_CURVE('',#1781,#1781,#1647,.T.);
#2196=EDGE_CURVE('',#1781,#1782,#817,.T.);
#2197=EDGE_CURVE('',#1782,#1782,#1648,.T.);
#2198=EDGE_CURVE('',#1783,#1783,#1649,.T.);
#2199=EDGE_CURVE('',#1783,#1781,#818,.T.);
#2200=EDGE_CURVE('',#1784,#1785,#1650,.T.);
#2201=EDGE_CURVE('',#1785,#1786,#819,.T.);
#2202=EDGE_CURVE('',#1787,#1786,#1651,.T.);
#2203=EDGE_CURVE('',#1784,#1787,#820,.T.);
#2204=EDGE_CURVE('',#1788,#1788,#1652,.T.);
#2205=EDGE_CURVE('',#1788,#1789,#821,.T.);
#2206=EDGE_CURVE('',#1789,#1789,#1653,.T.);
#2207=EDGE_CURVE('',#1790,#1790,#1654,.T.);
#2208=EDGE_CURVE('',#1790,#1788,#822,.T.);
#2209=EDGE_CURVE('',#1791,#1792,#1655,.T.);
#2210=EDGE_CURVE('',#1791,#1793,#1656,.T.);
#2211=EDGE_CURVE('',#1792,#1793,#1657,.T.);
#2212=EDGE_CURVE('',#1794,#1795,#1658,.T.);
#2213=EDGE_CURVE('',#1794,#1796,#1659,.T.);
#2214=EDGE_CURVE('',#1795,#1796,#1660,.T.);
#2215=EDGE_CURVE('',#1797,#1798,#1661,.T.);
#2216=EDGE_CURVE('',#1797,#1799,#1662,.T.);
#2217=EDGE_CURVE('',#1798,#1799,#1663,.T.);
#2218=EDGE_CURVE('',#1800,#1801,#1664,.T.);
#2219=EDGE_CURVE('',#1800,#1802,#1665,.T.);
#2220=EDGE_CURVE('',#1801,#1802,#1666,.T.);
#2221=EDGE_CURVE('',#1796,#1800,#823,.T.);
#2222=EDGE_CURVE('',#1795,#1801,#824,.T.);
#2223=EDGE_CURVE('',#1793,#1797,#825,.T.);
#2224=EDGE_CURVE('',#1792,#1798,#826,.T.);
#2225=EDGE_CURVE('',#1803,#1804,#827,.T.);
#2226=EDGE_CURVE('',#1803,#1805,#828,.T.);
#2227=EDGE_CURVE('',#1806,#1805,#829,.T.);
#2228=EDGE_CURVE('',#1806,#1807,#830,.T.);
#2229=EDGE_CURVE('',#1807,#1808,#831,.T.);
#2230=EDGE_CURVE('',#1809,#1808,#832,.T.);
#2231=EDGE_CURVE('',#1809,#1810,#1667,.T.);
#2232=EDGE_CURVE('',#1810,#1811,#833,.T.);
#2233=EDGE_CURVE('',#1811,#1812,#1668,.T.);
#2234=EDGE_CURVE('',#1812,#1804,#834,.T.);
#2235=EDGE_CURVE('',#1813,#1814,#835,.T.);
#2236=EDGE_CURVE('',#1814,#1815,#836,.T.);
#2237=EDGE_CURVE('',#1815,#1816,#1669,.T.);
#2238=EDGE_CURVE('',#1817,#1816,#837,.T.);
#2239=EDGE_CURVE('',#1817,#1818,#1670,.T.);
#2240=EDGE_CURVE('',#1819,#1818,#838,.T.);
#2241=EDGE_CURVE('',#1820,#1819,#839,.T.);
#2242=EDGE_CURVE('',#1820,#1806,#840,.T.);
#2243=EDGE_CURVE('',#1805,#1813,#841,.T.);
#2244=EDGE_CURVE('',#1814,#1787,#842,.T.);
#2245=EDGE_CURVE('',#1786,#1804,#843,.T.);
#2246=EDGE_CURVE('',#1812,#1799,#844,.T.);
#2247=EDGE_CURVE('',#1799,#1821,#845,.T.);
#2248=EDGE_CURVE('',#1821,#1802,#846,.T.);
#2249=EDGE_CURVE('',#1802,#1815,#847,.T.);
#2250=EDGE_CURVE('',#1822,#1823,#848,.T.);
#2251=EDGE_CURVE('',#1823,#1797,#849,.T.);
#2252=EDGE_CURVE('',#1793,#1822,#850,.T.);
#2253=EDGE_CURVE('',#1798,#1811,#851,.T.);
#2254=EDGE_CURVE('',#1810,#1792,#852,.T.);
#2255=EDGE_CURVE('',#1816,#1800,#853,.T.);
#2256=EDGE_CURVE('',#1796,#1817,#854,.T.);
#2257=EDGE_CURVE('',#1801,#1823,#855,.T.);
#2258=EDGE_CURVE('',#1822,#1795,#856,.T.);
#2259=EDGE_CURVE('',#1824,#1808,#857,.T.);
#2260=EDGE_CURVE('',#1825,#1824,#1671,.T.);
#2261=EDGE_CURVE('',#1819,#1825,#858,.T.);
#2262=EDGE_CURVE('',#1818,#1794,#859,.T.);
#2263=EDGE_CURVE('',#1794,#1826,#860,.T.);
#2264=EDGE_CURVE('',#1826,#1791,#861,.T.);
#2265=EDGE_CURVE('',#1791,#1809,#862,.T.);
#2266=EDGE_CURVE('',#1823,#1821,#80,.T.);
#2267=EDGE_CURVE('',#1826,#1822,#81,.T.);
#2268=EDGE_CURVE('',#1820,#1827,#863,.T.);
#2269=EDGE_CURVE('',#1827,#1828,#1672,.T.);
#2270=EDGE_CURVE('',#1828,#1807,#864,.T.);
#2271=EDGE_CURVE('',#1828,#1824,#865,.T.);
#2272=EDGE_CURVE('',#1827,#1825,#866,.T.);
#2273=EDGE_CURVE('',#1785,#1803,#867,.T.);
#2274=EDGE_CURVE('',#1813,#1784,#868,.T.);
#2275=EDGE_CURVE('',#1829,#1830,#869,.T.);
#2276=EDGE_CURVE('',#1829,#1831,#870,.T.);
#2277=EDGE_CURVE('',#1831,#1832,#871,.T.);
#2278=EDGE_CURVE('',#1832,#1833,#872,.T.);
#2279=EDGE_CURVE('',#1834,#1833,#873,.T.);
#2280=EDGE_CURVE('',#1835,#1834,#874,.T.);
#2281=EDGE_CURVE('',#1836,#1835,#875,.T.);
#2282=EDGE_CURVE('',#1837,#1836,#876,.T.);
#2283=EDGE_CURVE('',#1838,#1837,#877,.T.);
#2284=EDGE_CURVE('',#1839,#1838,#878,.T.);
#2285=EDGE_CURVE('',#1840,#1839,#879,.T.);
#2286=EDGE_CURVE('',#1830,#1840,#880,.T.);
#2287=EDGE_CURVE('',#1841,#1842,#35,.T.);
#2288=EDGE_CURVE('',#1842,#1843,#881,.T.);
#2289=EDGE_CURVE('',#1843,#1844,#882,.T.);
#2290=EDGE_CURVE('',#1844,#1845,#883,.T.);
#2291=EDGE_CURVE('',#1845,#1841,#36,.T.);
#2292=EDGE_CURVE('',#1846,#1847,#884,.T.);
#2293=EDGE_CURVE('',#1847,#1848,#885,.T.);
#2294=EDGE_CURVE('',#1848,#1849,#886,.T.);
#2295=EDGE_CURVE('',#1849,#1850,#887,.T.);
#2296=EDGE_CURVE('',#1850,#1851,#888,.T.);
#2297=EDGE_CURVE('',#1851,#1852,#889,.T.);
#2298=EDGE_CURVE('',#1852,#1853,#890,.T.);
#2299=EDGE_CURVE('',#1853,#1854,#891,.T.);
#2300=EDGE_CURVE('',#1854,#1855,#892,.T.);
#2301=EDGE_CURVE('',#1855,#1856,#893,.T.);
#2302=EDGE_CURVE('',#1856,#1857,#894,.T.);
#2303=EDGE_CURVE('',#1857,#1846,#895,.T.);
#2304=EDGE_CURVE('',#1858,#1859,#37,.T.);
#2305=EDGE_CURVE('',#1859,#1860,#896,.T.);
#2306=EDGE_CURVE('',#1860,#1861,#38,.T.);
#2307=EDGE_CURVE('',#1861,#1862,#39,.T.);
#2308=EDGE_CURVE('',#1862,#1863,#40,.T.);
#2309=EDGE_CURVE('',#1863,#1864,#41,.T.);
#2310=EDGE_CURVE('',#1864,#1865,#897,.T.);
#2311=EDGE_CURVE('',#1865,#1866,#42,.T.);
#2312=EDGE_CURVE('',#1866,#1867,#43,.T.);
#2313=EDGE_CURVE('',#1867,#1858,#44,.T.);
#2314=EDGE_CURVE('',#1868,#1869,#898,.T.);
#2315=EDGE_CURVE('',#1869,#1870,#899,.T.);
#2316=EDGE_CURVE('',#1870,#1871,#900,.T.);
#2317=EDGE_CURVE('',#1871,#1872,#901,.T.);
#2318=EDGE_CURVE('',#1872,#1873,#902,.T.);
#2319=EDGE_CURVE('',#1873,#1868,#903,.T.);
#2320=EDGE_CURVE('',#1874,#1875,#904,.T.);
#2321=EDGE_CURVE('',#1875,#1876,#905,.T.);
#2322=EDGE_CURVE('',#1876,#1877,#906,.T.);
#2323=EDGE_CURVE('',#1877,#1878,#907,.T.);
#2324=EDGE_CURVE('',#1878,#1879,#908,.T.);
#2325=EDGE_CURVE('',#1879,#1880,#909,.T.);
#2326=EDGE_CURVE('',#1880,#1881,#910,.T.);
#2327=EDGE_CURVE('',#1881,#1874,#911,.T.);
#2328=EDGE_CURVE('',#1882,#1883,#912,.T.);
#2329=EDGE_CURVE('',#1883,#1884,#913,.T.);
#2330=EDGE_CURVE('',#1885,#1884,#914,.T.);
#2331=EDGE_CURVE('',#1882,#1885,#915,.T.);
#2332=EDGE_CURVE('',#1886,#1887,#916,.T.);
#2333=EDGE_CURVE('',#1887,#1888,#917,.T.);
#2334=EDGE_CURVE('',#1889,#1888,#918,.T.);
#2335=EDGE_CURVE('',#1886,#1889,#919,.T.);
#2336=EDGE_CURVE('',#1890,#1891,#920,.T.);
#2337=EDGE_CURVE('',#1891,#1892,#921,.T.);
#2338=EDGE_CURVE('',#1893,#1892,#922,.T.);
#2339=EDGE_CURVE('',#1890,#1893,#923,.T.);
#2340=EDGE_CURVE('',#1829,#1894,#924,.T.);
#2341=EDGE_CURVE('',#1895,#1830,#925,.T.);
#2342=EDGE_CURVE('',#1894,#1895,#926,.T.);
#2343=EDGE_CURVE('',#1896,#1833,#927,.T.);
#2344=EDGE_CURVE('',#1897,#1896,#928,.T.);
#2345=EDGE_CURVE('',#1897,#1834,#929,.T.);
#2346=EDGE_CURVE('',#1898,#1894,#930,.T.);
#2347=EDGE_CURVE('',#1895,#1899,#931,.T.);
#2348=EDGE_CURVE('',#1899,#1900,#932,.T.);
#2349=EDGE_CURVE('',#1901,#1900,#933,.T.);
#2350=EDGE_CURVE('',#1902,#1901,#934,.T.);
#2351=EDGE_CURVE('',#1902,#1903,#935,.T.);
#2352=EDGE_CURVE('',#1903,#1904,#936,.T.);
#2353=EDGE_CURVE('',#1904,#1897,#937,.T.);
#2354=EDGE_CURVE('',#1905,#1896,#938,.T.);
#2355=EDGE_CURVE('',#1905,#1898,#939,.T.);
#2356=EDGE_CURVE('',#1903,#1836,#940,.T.);
#2357=EDGE_CURVE('',#1904,#1835,#941,.T.);
#2358=EDGE_CURVE('',#1899,#1840,#942,.T.);
#2359=EDGE_CURVE('',#1839,#1900,#943,.T.);
#2360=EDGE_CURVE('',#1884,#1906,#944,.T.);
#2361=EDGE_CURVE('',#1906,#1907,#945,.T.);
#2362=EDGE_CURVE('',#1907,#1908,#1673,.T.);
#2363=EDGE_CURVE('',#1908,#1909,#946,.T.);
#2364=EDGE_CURVE('',#1909,#1910,#947,.T.);
#2365=EDGE_CURVE('',#1910,#1911,#1674,.T.);
#2366=EDGE_CURVE('',#1911,#1912,#948,.T.);
#2367=EDGE_CURVE('',#1912,#1913,#1675,.T.);
#2368=EDGE_CURVE('',#1913,#1914,#949,.T.);
#2369=EDGE_CURVE('',#1914,#1915,#950,.T.);
#2370=EDGE_CURVE('',#1915,#1916,#1676,.T.);
#2371=EDGE_CURVE('',#1916,#1917,#951,.T.);
#2372=EDGE_CURVE('',#1917,#1885,#952,.T.);
#2373=EDGE_CURVE('',#1918,#1919,#953,.T.);
#2374=EDGE_CURVE('',#1920,#1918,#954,.T.);
#2375=EDGE_CURVE('',#1921,#1920,#955,.T.);
#2376=EDGE_CURVE('',#1919,#1921,#956,.T.);
#2377=EDGE_CURVE('',#1922,#1882,#957,.T.);
#2378=EDGE_CURVE('',#1923,#1922,#958,.T.);
#2379=EDGE_CURVE('',#1924,#1923,#1677,.T.);
#2380=EDGE_CURVE('',#1925,#1924,#959,.T.);
#2381=EDGE_CURVE('',#1926,#1925,#960,.T.);
#2382=EDGE_CURVE('',#1927,#1926,#1678,.T.);
#2383=EDGE_CURVE('',#1928,#1927,#961,.T.);
#2384=EDGE_CURVE('',#1929,#1928,#1679,.T.);
#2385=EDGE_CURVE('',#1930,#1929,#962,.T.);
#2386=EDGE_CURVE('',#1931,#1930,#963,.T.);
#2387=EDGE_CURVE('',#1932,#1931,#1680,.T.);
#2388=EDGE_CURVE('',#1933,#1932,#964,.T.);
#2389=EDGE_CURVE('',#1883,#1933,#965,.T.);
#2390=EDGE_CURVE('',#1934,#1935,#966,.T.);
#2391=EDGE_CURVE('',#1935,#1936,#967,.T.);
#2392=EDGE_CURVE('',#1936,#1937,#968,.T.);
#2393=EDGE_CURVE('',#1937,#1934,#969,.T.);
#2394=EDGE_CURVE('',#1930,#1909,#970,.T.);
#2395=EDGE_CURVE('',#1910,#1929,#971,.T.);
#2396=EDGE_CURVE('',#1911,#1928,#972,.T.);
#2397=EDGE_CURVE('',#1912,#1927,#973,.T.);
#2398=EDGE_CURVE('',#1913,#1926,#974,.T.);
#2399=EDGE_CURVE('',#1925,#1914,#975,.T.);
#2400=EDGE_CURVE('',#1920,#1934,#976,.T.);
#2401=EDGE_CURVE('',#1918,#1935,#977,.T.);
#2402=EDGE_CURVE('',#1919,#1936,#978,.T.);
#2403=EDGE_CURVE('',#1921,#1937,#979,.T.);
#2404=EDGE_CURVE('',#1922,#1917,#980,.T.);
#2405=EDGE_CURVE('',#1923,#1916,#981,.T.);
#2406=EDGE_CURVE('',#1924,#1915,#982,.T.);
#2407=EDGE_CURVE('',#1932,#1907,#983,.T.);
#2408=EDGE_CURVE('',#1931,#1908,#984,.T.);
#2409=EDGE_CURVE('',#1933,#1906,#985,.T.);
#2410=EDGE_CURVE('',#1888,#1938,#986,.T.);
#2411=EDGE_CURVE('',#1938,#1939,#987,.T.);
#2412=EDGE_CURVE('',#1939,#1940,#1681,.T.);
#2413=EDGE_CURVE('',#1940,#1941,#988,.T.);
#2414=EDGE_CURVE('',#1941,#1942,#989,.T.);
#2415=EDGE_CURVE('',#1942,#1943,#1682,.T.);
#2416=EDGE_CURVE('',#1943,#1944,#990,.T.);
#2417=EDGE_CURVE('',#1944,#1945,#1683,.T.);
#2418=EDGE_CURVE('',#1945,#1946,#991,.T.);
#2419=EDGE_CURVE('',#1946,#1947,#992,.T.);
#2420=EDGE_CURVE('',#1947,#1948,#1684,.T.);
#2421=EDGE_CURVE('',#1948,#1949,#993,.T.);
#2422=EDGE_CURVE('',#1949,#1889,#994,.T.);
#2423=EDGE_CURVE('',#1950,#1951,#995,.T.);
#2424=EDGE_CURVE('',#1952,#1950,#996,.T.);
#2425=EDGE_CURVE('',#1953,#1952,#997,.T.);
#2426=EDGE_CURVE('',#1951,#1953,#998,.T.);
#2427=EDGE_CURVE('',#1954,#1886,#999,.T.);
#2428=EDGE_CURVE('',#1955,#1954,#1000,.T.);
#2429=EDGE_CURVE('',#1956,#1955,#1685,.T.);
#2430=EDGE_CURVE('',#1957,#1956,#1001,.T.);
#2431=EDGE_CURVE('',#1958,#1957,#1002,.T.);
#2432=EDGE_CURVE('',#1959,#1958,#1686,.T.);
#2433=EDGE_CURVE('',#1960,#1959,#1003,.T.);
#2434=EDGE_CURVE('',#1961,#1960,#1687,.T.);
#2435=EDGE_CURVE('',#1962,#1961,#1004,.T.);
#2436=EDGE_CURVE('',#1963,#1962,#1005,.T.);
#2437=EDGE_CURVE('',#1964,#1963,#1688,.T.);
#2438=EDGE_CURVE('',#1965,#1964,#1006,.T.);
#2439=EDGE_CURVE('',#1887,#1965,#1007,.T.);
#2440=EDGE_CURVE('',#1966,#1967,#1008,.T.);
#2441=EDGE_CURVE('',#1967,#1968,#1009,.T.);
#2442=EDGE_CURVE('',#1968,#1969,#1010,.T.);
#2443=EDGE_CURVE('',#1969,#1966,#1011,.T.);
#2444=EDGE_CURVE('',#1962,#1941,#1012,.T.);
#2445=EDGE_CURVE('',#1942,#1961,#1013,.T.);
#2446=EDGE_CURVE('',#1943,#1960,#1014,.T.);
#2447=EDGE_CURVE('',#1944,#1959,#1015,.T.);
#2448=EDGE_CURVE('',#1945,#1958,#1016,.T.);
#2449=EDGE_CURVE('',#1957,#1946,#1017,.T.);
#2450=EDGE_CURVE('',#1952,#1966,#1018,.T.);
#2451=EDGE_CURVE('',#1950,#1967,#1019,.T.);
#2452=EDGE_CURVE('',#1951,#1968,#1020,.T.);
#2453=EDGE_CURVE('',#1953,#1969,#1021,.T.);
#2454=EDGE_CURVE('',#1892,#1970,#1022,.T.);
#2455=EDGE_CURVE('',#1970,#1971,#1023,.T.);
#2456=EDGE_CURVE('',#1971,#1972,#1689,.T.);
#2457=EDGE_CURVE('',#1972,#1973,#1024,.T.);
#2458=EDGE_CURVE('',#1973,#1974,#1025,.T.);
#2459=EDGE_CURVE('',#1974,#1975,#1690,.T.);
#2460=EDGE_CURVE('',#1975,#1976,#1026,.T.);
#2461=EDGE_CURVE('',#1976,#1977,#1691,.T.);
#2462=EDGE_CURVE('',#1977,#1978,#1027,.T.);
#2463=EDGE_CURVE('',#1978,#1979,#1028,.T.);
#2464=EDGE_CURVE('',#1979,#1980,#1692,.T.);
#2465=EDGE_CURVE('',#1980,#1981,#1029,.T.);
#2466=EDGE_CURVE('',#1981,#1893,#1030,.T.);
#2467=EDGE_CURVE('',#1982,#1983,#1031,.T.);
#2468=EDGE_CURVE('',#1984,#1982,#1032,.T.);
#2469=EDGE_CURVE('',#1985,#1984,#1033,.T.);
#2470=EDGE_CURVE('',#1983,#1985,#1034,.T.);
#2471=EDGE_CURVE('',#1986,#1890,#1035,.T.);
#2472=EDGE_CURVE('',#1987,#1986,#1036,.T.);
#2473=EDGE_CURVE('',#1988,#1987,#1693,.T.);
#2474=EDGE_CURVE('',#1989,#1988,#1037,.T.);
#2475=EDGE_CURVE('',#1990,#1989,#1038,.T.);
#2476=EDGE_CURVE('',#1991,#1990,#1694,.T.);
#2477=EDGE_CURVE('',#1992,#1991,#1039,.T.);
#2478=EDGE_CURVE('',#1993,#1992,#1695,.T.);
#2479=EDGE_CURVE('',#1994,#1993,#1040,.T.);
#2480=EDGE_CURVE('',#1995,#1994,#1041,.T.);
#2481=EDGE_CURVE('',#1996,#1995,#1696,.T.);
#2482=EDGE_CURVE('',#1997,#1996,#1042,.T.);
#2483=EDGE_CURVE('',#1891,#1997,#1043,.T.);
#2484=EDGE_CURVE('',#1998,#1999,#1044,.T.);
#2485=EDGE_CURVE('',#1999,#2000,#1045,.T.);
#2486=EDGE_CURVE('',#2000,#2001,#1046,.T.);
#2487=EDGE_CURVE('',#2001,#1998,#1047,.T.);
#2488=EDGE_CURVE('',#1994,#1973,#1048,.T.);
#2489=EDGE_CURVE('',#1974,#1993,#1049,.T.);
#2490=EDGE_CURVE('',#1975,#1992,#1050,.T.);
#2491=EDGE_CURVE('',#1976,#1991,#1051,.T.);
#2492=EDGE_CURVE('',#1977,#1990,#1052,.T.);
#2493=EDGE_CURVE('',#1989,#1978,#1053,.T.);
#2494=EDGE_CURVE('',#1984,#1998,#1054,.T.);
#2495=EDGE_CURVE('',#1982,#1999,#1055,.T.);
#2496=EDGE_CURVE('',#1983,#2000,#1056,.T.);
#2497=EDGE_CURVE('',#1985,#2001,#1057,.T.);
#2498=EDGE_CURVE('',#1954,#1949,#1058,.T.);
#2499=EDGE_CURVE('',#1955,#1948,#1059,.T.);
#2500=EDGE_CURVE('',#1956,#1947,#1060,.T.);
#2501=EDGE_CURVE('',#1964,#1939,#1061,.T.);
#2502=EDGE_CURVE('',#1963,#1940,#1062,.T.);
#2503=EDGE_CURVE('',#1965,#1938,#1063,.T.);
#2504=EDGE_CURVE('',#1986,#1981,#1064,.T.);
#2505=EDGE_CURVE('',#1987,#1980,#1065,.T.);
#2506=EDGE_CURVE('',#1988,#1979,#1066,.T.);
#2507=EDGE_CURVE('',#1996,#1971,#1067,.T.);
#2508=EDGE_CURVE('',#1995,#1972,#1068,.T.);
#2509=EDGE_CURVE('',#1997,#1970,#1069,.T.);
#2510=EDGE_CURVE('',#1837,#1902,#1070,.T.);
#2511=EDGE_CURVE('',#1838,#1901,#1071,.T.);
#2512=EDGE_CURVE('',#1831,#1898,#1072,.T.);
#2513=EDGE_CURVE('',#1832,#1905,#1073,.T.);
#2514=EDGE_CURVE('',#2002,#1875,#1074,.T.);
#2515=EDGE_CURVE('',#2002,#2003,#1075,.T.);
#2516=EDGE_CURVE('',#2003,#1876,#1076,.T.);
#2517=EDGE_CURVE('',#2003,#2004,#1077,.T.);
#2518=EDGE_CURVE('',#2004,#1877,#1078,.T.);
#2519=EDGE_CURVE('',#2004,#2005,#1079,.T.);
#2520=EDGE_CURVE('',#2005,#1878,#1080,.T.);
#2521=EDGE_CURVE('',#2005,#2006,#1081,.T.);
#2522=EDGE_CURVE('',#2006,#1879,#1082,.T.);
#2523=EDGE_CURVE('',#2006,#2007,#1083,.T.);
#2524=EDGE_CURVE('',#2007,#1880,#1084,.T.);
#2525=EDGE_CURVE('',#2007,#2008,#1085,.T.);
#2526=EDGE_CURVE('',#2008,#1881,#1086,.T.);
#2527=EDGE_CURVE('',#2008,#2009,#1087,.T.);
#2528=EDGE_CURVE('',#2009,#1874,#1088,.T.);
#2529=EDGE_CURVE('',#2009,#2002,#1089,.T.);
#2530=EDGE_CURVE('',#2010,#2011,#1090,.T.);
#2531=EDGE_CURVE('',#2012,#2010,#1091,.T.);
#2532=EDGE_CURVE('',#2013,#2012,#45,.T.);
#2533=EDGE_CURVE('',#2014,#2013,#1092,.T.);
#2534=EDGE_CURVE('',#2015,#2014,#46,.T.);
#2535=EDGE_CURVE('',#2011,#2015,#1093,.T.);
#2536=EDGE_CURVE('',#2016,#2017,#1094,.T.);
#2537=EDGE_CURVE('',#2010,#2016,#1095,.T.);
#2538=EDGE_CURVE('',#2011,#2017,#1096,.T.);
#2539=EDGE_CURVE('',#2018,#2016,#1097,.T.);
#2540=EDGE_CURVE('',#2012,#2018,#1098,.T.);
#2541=EDGE_CURVE('',#2019,#2018,#47,.T.);
#2542=EDGE_CURVE('',#2013,#2019,#1099,.T.);
#2543=EDGE_CURVE('',#2020,#2019,#1100,.T.);
#2544=EDGE_CURVE('',#2014,#2020,#1101,.T.);
#2545=EDGE_CURVE('',#2021,#2020,#48,.T.);
#2546=EDGE_CURVE('',#2015,#2021,#1102,.T.);
#2547=EDGE_CURVE('',#2017,#2021,#1103,.T.);
#2548=EDGE_CURVE('',#2022,#1842,#1104,.T.);
#2549=EDGE_CURVE('',#2022,#2023,#1105,.T.);
#2550=EDGE_CURVE('',#2023,#1843,#1106,.T.);
#2551=EDGE_CURVE('',#2023,#2024,#1107,.T.);
#2552=EDGE_CURVE('',#2024,#1844,#1108,.T.);
#2553=EDGE_CURVE('',#2024,#2025,#1109,.T.);
#2554=EDGE_CURVE('',#2025,#1845,#1110,.T.);
#2555=EDGE_CURVE('',#2025,#2026,#49,.T.);
#2556=EDGE_CURVE('',#2026,#1841,#1111,.T.);
#2557=EDGE_CURVE('',#2026,#2022,#50,.T.);
#2558=EDGE_CURVE('',#2027,#2028,#51,.T.);
#2559=EDGE_CURVE('',#2029,#2027,#52,.T.);
#2560=EDGE_CURVE('',#2030,#2029,#1112,.T.);
#2561=EDGE_CURVE('',#2031,#2030,#1113,.T.);
#2562=EDGE_CURVE('',#2028,#2031,#1114,.T.);
#2563=EDGE_CURVE('',#2032,#2033,#1115,.T.);
#2564=EDGE_CURVE('',#2028,#2032,#1116,.T.);
#2565=EDGE_CURVE('',#2031,#2033,#1117,.T.);
#2566=EDGE_CURVE('',#2034,#2032,#53,.T.);
#2567=EDGE_CURVE('',#2027,#2034,#1118,.T.);
#2568=EDGE_CURVE('',#2035,#2034,#54,.T.);
#2569=EDGE_CURVE('',#2029,#2035,#1119,.T.);
#2570=EDGE_CURVE('',#2036,#2035,#1120,.T.);
#2571=EDGE_CURVE('',#2030,#2036,#1121,.T.);
#2572=EDGE_CURVE('',#2033,#2036,#1122,.T.);
#2573=EDGE_CURVE('',#2037,#1847,#1123,.T.);
#2574=EDGE_CURVE('',#2037,#2038,#1124,.T.);
#2575=EDGE_CURVE('',#2038,#1848,#1125,.T.);
#2576=EDGE_CURVE('',#2038,#2039,#1126,.T.);
#2577=EDGE_CURVE('',#2039,#1849,#1127,.T.);
#2578=EDGE_CURVE('',#2039,#2040,#1128,.T.);
#2579=EDGE_CURVE('',#2040,#1850,#1129,.T.);
#2580=EDGE_CURVE('',#2040,#2041,#1130,.T.);
#2581=EDGE_CURVE('',#2041,#1851,#1131,.T.);
#2582=EDGE_CURVE('',#2041,#2042,#1132,.T.);
#2583=EDGE_CURVE('',#2042,#1852,#1133,.T.);
#2584=EDGE_CURVE('',#2042,#2043,#1134,.T.);
#2585=EDGE_CURVE('',#2043,#1853,#1135,.T.);
#2586=EDGE_CURVE('',#2043,#2044,#1136,.T.);
#2587=EDGE_CURVE('',#2044,#1854,#1137,.T.);
#2588=EDGE_CURVE('',#2044,#2045,#1138,.T.);
#2589=EDGE_CURVE('',#2045,#1855,#1139,.T.);
#2590=EDGE_CURVE('',#2045,#2046,#1140,.T.);
#2591=EDGE_CURVE('',#2046,#1856,#1141,.T.);
#2592=EDGE_CURVE('',#2046,#2047,#1142,.T.);
#2593=EDGE_CURVE('',#2047,#1857,#1143,.T.);
#2594=EDGE_CURVE('',#2047,#2048,#1144,.T.);
#2595=EDGE_CURVE('',#2048,#1846,#1145,.T.);
#2596=EDGE_CURVE('',#2048,#2037,#1146,.T.);
#2597=EDGE_CURVE('',#2049,#1859,#1147,.T.);
#2598=EDGE_CURVE('',#2049,#2050,#1148,.T.);
#2599=EDGE_CURVE('',#2050,#1860,#1149,.T.);
#2600=EDGE_CURVE('',#2050,#2051,#55,.T.);
#2601=EDGE_CURVE('',#2051,#1861,#1150,.T.);
#2602=EDGE_CURVE('',#2051,#2052,#56,.T.);
#2603=EDGE_CURVE('',#2052,#1862,#1151,.T.);
#2604=EDGE_CURVE('',#2052,#2053,#57,.T.);
#2605=EDGE_CURVE('',#2053,#1863,#1152,.T.);
#2606=EDGE_CURVE('',#2053,#2054,#58,.T.);
#2607=EDGE_CURVE('',#2054,#1864,#1153,.T.);
#2608=EDGE_CURVE('',#2054,#2055,#1154,.T.);
#2609=EDGE_CURVE('',#2055,#1865,#1155,.T.);
#2610=EDGE_CURVE('',#2055,#2056,#59,.T.);
#2611=EDGE_CURVE('',#2056,#1866,#1156,.T.);
#2612=EDGE_CURVE('',#2056,#2057,#60,.T.);
#2613=EDGE_CURVE('',#2057,#1867,#1157,.T.);
#2614=EDGE_CURVE('',#2057,#2058,#61,.T.);
#2615=EDGE_CURVE('',#2058,#1858,#1158,.T.);
#2616=EDGE_CURVE('',#2058,#2049,#62,.T.);
#2617=EDGE_CURVE('',#2059,#1869,#1159,.T.);
#2618=EDGE_CURVE('',#2059,#2060,#1160,.T.);
#2619=EDGE_CURVE('',#2060,#1870,#1161,.T.);
#2620=EDGE_CURVE('',#2060,#2061,#1162,.T.);
#2621=EDGE_CURVE('',#2061,#1871,#1163,.T.);
#2622=EDGE_CURVE('',#2061,#2062,#1164,.T.);
#2623=EDGE_CURVE('',#2062,#1872,#1165,.T.);
#2624=EDGE_CURVE('',#2062,#2063,#1166,.T.);
#2625=EDGE_CURVE('',#2063,#1873,#1167,.T.);
#2626=EDGE_CURVE('',#2063,#2064,#1168,.T.);
#2627=EDGE_CURVE('',#2064,#1868,#1169,.T.);
#2628=EDGE_CURVE('',#2064,#2059,#1170,.T.);
#2629=ORIENTED_EDGE('',*,*,#2065,.F.);
#2630=ORIENTED_EDGE('',*,*,#2066,.T.);
#2631=ORIENTED_EDGE('',*,*,#2067,.T.);
#2632=ORIENTED_EDGE('',*,*,#2066,.F.);
#2633=ORIENTED_EDGE('',*,*,#2068,.T.);
#2634=ORIENTED_EDGE('',*,*,#2069,.T.);
#2635=ORIENTED_EDGE('',*,*,#2070,.T.);
#2636=ORIENTED_EDGE('',*,*,#2069,.F.);
#2637=ORIENTED_EDGE('',*,*,#2071,.F.);
#2638=ORIENTED_EDGE('',*,*,#2072,.T.);
#2639=ORIENTED_EDGE('',*,*,#2073,.F.);
#2640=ORIENTED_EDGE('',*,*,#2074,.F.);
#2641=ORIENTED_EDGE('',*,*,#2075,.T.);
#2642=ORIENTED_EDGE('',*,*,#2076,.F.);
#2643=ORIENTED_EDGE('',*,*,#2077,.T.);
#2644=ORIENTED_EDGE('',*,*,#2078,.T.);
#2645=ORIENTED_EDGE('',*,*,#2079,.F.);
#2646=ORIENTED_EDGE('',*,*,#2080,.F.);
#2647=ORIENTED_EDGE('',*,*,#2081,.T.);
#2648=ORIENTED_EDGE('',*,*,#2082,.F.);
#2649=ORIENTED_EDGE('',*,*,#2083,.T.);
#2650=ORIENTED_EDGE('',*,*,#2084,.F.);
#2651=ORIENTED_EDGE('',*,*,#2085,.F.);
#2652=ORIENTED_EDGE('',*,*,#2073,.T.);
#2653=ORIENTED_EDGE('',*,*,#2086,.T.);
#2654=ORIENTED_EDGE('',*,*,#2087,.F.);
#2655=ORIENTED_EDGE('',*,*,#2088,.F.);
#2656=ORIENTED_EDGE('',*,*,#2084,.T.);
#2657=ORIENTED_EDGE('',*,*,#2089,.T.);
#2658=ORIENTED_EDGE('',*,*,#2090,.F.);
#2659=ORIENTED_EDGE('',*,*,#2091,.F.);
#2660=ORIENTED_EDGE('',*,*,#2087,.T.);
#2661=ORIENTED_EDGE('',*,*,#2092,.T.);
#2662=ORIENTED_EDGE('',*,*,#2093,.F.);
#2663=ORIENTED_EDGE('',*,*,#2094,.F.);
#2664=ORIENTED_EDGE('',*,*,#2090,.T.);
#2665=ORIENTED_EDGE('',*,*,#2095,.T.);
#2666=ORIENTED_EDGE('',*,*,#2096,.F.);
#2667=ORIENTED_EDGE('',*,*,#2097,.F.);
#2668=ORIENTED_EDGE('',*,*,#2093,.T.);
#2669=ORIENTED_EDGE('',*,*,#2098,.T.);
#2670=ORIENTED_EDGE('',*,*,#2099,.T.);
#2671=ORIENTED_EDGE('',*,*,#2100,.F.);
#2672=ORIENTED_EDGE('',*,*,#2096,.T.);
#2673=ORIENTED_EDGE('',*,*,#2101,.T.);
#2674=ORIENTED_EDGE('',*,*,#2102,.F.);
#2675=ORIENTED_EDGE('',*,*,#2103,.F.);
#2676=ORIENTED_EDGE('',*,*,#2082,.T.);
#2677=ORIENTED_EDGE('',*,*,#2104,.T.);
#2678=ORIENTED_EDGE('',*,*,#2105,.F.);
#2679=ORIENTED_EDGE('',*,*,#2106,.F.);
#2680=ORIENTED_EDGE('',*,*,#2102,.T.);
#2681=ORIENTED_EDGE('',*,*,#2107,.T.);
#2682=ORIENTED_EDGE('',*,*,#2108,.F.);
#2683=ORIENTED_EDGE('',*,*,#2109,.F.);
#2684=ORIENTED_EDGE('',*,*,#2105,.T.);
#2685=ORIENTED_EDGE('',*,*,#2110,.T.);
#2686=ORIENTED_EDGE('',*,*,#2111,.F.);
#2687=ORIENTED_EDGE('',*,*,#2112,.F.);
#2688=ORIENTED_EDGE('',*,*,#2108,.T.);
#2689=ORIENTED_EDGE('',*,*,#2113,.T.);
#2690=ORIENTED_EDGE('',*,*,#2077,.F.);
#2691=ORIENTED_EDGE('',*,*,#2114,.F.);
#2692=ORIENTED_EDGE('',*,*,#2111,.T.);
#2693=ORIENTED_EDGE('',*,*,#2076,.T.);
#2694=ORIENTED_EDGE('',*,*,#2115,.T.);
#2695=ORIENTED_EDGE('',*,*,#2074,.T.);
#2696=ORIENTED_EDGE('',*,*,#2085,.T.);
#2697=ORIENTED_EDGE('',*,*,#2088,.T.);
#2698=ORIENTED_EDGE('',*,*,#2091,.T.);
#2699=ORIENTED_EDGE('',*,*,#2094,.T.);
#2700=ORIENTED_EDGE('',*,*,#2097,.T.);
#2701=ORIENTED_EDGE('',*,*,#2100,.T.);
#2702=ORIENTED_EDGE('',*,*,#2116,.T.);
#2703=ORIENTED_EDGE('',*,*,#2079,.T.);
#2704=ORIENTED_EDGE('',*,*,#2103,.T.);
#2705=ORIENTED_EDGE('',*,*,#2106,.T.);
#2706=ORIENTED_EDGE('',*,*,#2109,.T.);
#2707=ORIENTED_EDGE('',*,*,#2112,.T.);
#2708=ORIENTED_EDGE('',*,*,#2114,.T.);
#2709=ORIENTED_EDGE('',*,*,#2117,.F.);
#2710=ORIENTED_EDGE('',*,*,#2118,.F.);
#2711=ORIENTED_EDGE('',*,*,#2119,.T.);
#2712=ORIENTED_EDGE('',*,*,#2120,.T.);
#2713=ORIENTED_EDGE('',*,*,#2078,.F.);
#2714=ORIENTED_EDGE('',*,*,#2113,.F.);
#2715=ORIENTED_EDGE('',*,*,#2110,.F.);
#2716=ORIENTED_EDGE('',*,*,#2107,.F.);
#2717=ORIENTED_EDGE('',*,*,#2104,.F.);
#2718=ORIENTED_EDGE('',*,*,#2101,.F.);
#2719=ORIENTED_EDGE('',*,*,#2081,.F.);
#2720=ORIENTED_EDGE('',*,*,#2121,.F.);
#2721=ORIENTED_EDGE('',*,*,#2098,.F.);
#2722=ORIENTED_EDGE('',*,*,#2095,.F.);
#2723=ORIENTED_EDGE('',*,*,#2092,.F.);
#2724=ORIENTED_EDGE('',*,*,#2089,.F.);
#2725=ORIENTED_EDGE('',*,*,#2086,.F.);
#2726=ORIENTED_EDGE('',*,*,#2083,.F.);
#2727=ORIENTED_EDGE('',*,*,#2072,.F.);
#2728=ORIENTED_EDGE('',*,*,#2122,.F.);
#2729=ORIENTED_EDGE('',*,*,#2123,.T.);
#2730=ORIENTED_EDGE('',*,*,#2121,.T.);
#2731=ORIENTED_EDGE('',*,*,#2124,.F.);
#2732=ORIENTED_EDGE('',*,*,#2125,.T.);
#2733=ORIENTED_EDGE('',*,*,#2080,.T.);
#2734=ORIENTED_EDGE('',*,*,#2126,.T.);
#2735=ORIENTED_EDGE('',*,*,#2127,.F.);
#2736=ORIENTED_EDGE('',*,*,#2128,.T.);
#2737=ORIENTED_EDGE('',*,*,#2124,.T.);
#2738=ORIENTED_EDGE('',*,*,#2127,.T.);
#2739=ORIENTED_EDGE('',*,*,#2129,.T.);
#2740=ORIENTED_EDGE('',*,*,#2130,.F.);
#2741=ORIENTED_EDGE('',*,*,#2131,.T.);
#2742=ORIENTED_EDGE('',*,*,#2130,.T.);
#2743=ORIENTED_EDGE('',*,*,#2132,.T.);
#2744=ORIENTED_EDGE('',*,*,#2099,.F.);
#2745=ORIENTED_EDGE('',*,*,#2123,.F.);
#2746=ORIENTED_EDGE('',*,*,#2133,.T.);
#2747=ORIENTED_EDGE('',*,*,#2125,.F.);
#2748=ORIENTED_EDGE('',*,*,#2128,.F.);
#2749=ORIENTED_EDGE('',*,*,#2131,.F.);
#2750=ORIENTED_EDGE('',*,*,#2133,.F.);
#2751=ORIENTED_EDGE('',*,*,#2132,.F.);
#2752=ORIENTED_EDGE('',*,*,#2129,.F.);
#2753=ORIENTED_EDGE('',*,*,#2126,.F.);
#2754=ORIENTED_EDGE('',*,*,#2116,.F.);
#2755=ORIENTED_EDGE('',*,*,#2122,.T.);
#2756=ORIENTED_EDGE('',*,*,#2134,.F.);
#2757=ORIENTED_EDGE('',*,*,#2135,.F.);
#2758=ORIENTED_EDGE('',*,*,#2136,.T.);
#2759=ORIENTED_EDGE('',*,*,#2071,.T.);
#2760=ORIENTED_EDGE('',*,*,#2137,.T.);
#2761=ORIENTED_EDGE('',*,*,#2138,.F.);
#2762=ORIENTED_EDGE('',*,*,#2139,.F.);
#2763=ORIENTED_EDGE('',*,*,#2134,.T.);
#2764=ORIENTED_EDGE('',*,*,#2138,.T.);
#2765=ORIENTED_EDGE('',*,*,#2140,.T.);
#2766=ORIENTED_EDGE('',*,*,#2141,.F.);
#2767=ORIENTED_EDGE('',*,*,#2142,.F.);
#2768=ORIENTED_EDGE('',*,*,#2141,.T.);
#2769=ORIENTED_EDGE('',*,*,#2143,.T.);
#2770=ORIENTED_EDGE('',*,*,#2075,.F.);
#2771=ORIENTED_EDGE('',*,*,#2136,.F.);
#2772=ORIENTED_EDGE('',*,*,#2144,.F.);
#2773=ORIENTED_EDGE('',*,*,#2135,.T.);
#2774=ORIENTED_EDGE('',*,*,#2139,.T.);
#2775=ORIENTED_EDGE('',*,*,#2142,.T.);
#2776=ORIENTED_EDGE('',*,*,#2144,.T.);
#2777=ORIENTED_EDGE('',*,*,#2137,.F.);
#2778=ORIENTED_EDGE('',*,*,#2115,.F.);
#2779=ORIENTED_EDGE('',*,*,#2143,.F.);
#2780=ORIENTED_EDGE('',*,*,#2140,.F.);
#2781=ORIENTED_EDGE('',*,*,#2145,.T.);
#2782=ORIENTED_EDGE('',*,*,#2146,.T.);
#2783=ORIENTED_EDGE('',*,*,#2147,.T.);
#2784=ORIENTED_EDGE('',*,*,#2148,.T.);
#2785=ORIENTED_EDGE('',*,*,#2149,.T.);
#2786=ORIENTED_EDGE('',*,*,#2065,.T.);
#2787=ORIENTED_EDGE('',*,*,#2150,.F.);
#2788=ORIENTED_EDGE('',*,*,#2151,.T.);
#2789=ORIENTED_EDGE('',*,*,#2152,.T.);
#2790=ORIENTED_EDGE('',*,*,#2153,.F.);
#2791=ORIENTED_EDGE('',*,*,#2154,.F.);
#2792=ORIENTED_EDGE('',*,*,#2067,.F.);
#2793=ORIENTED_EDGE('',*,*,#2155,.F.);
#2794=ORIENTED_EDGE('',*,*,#2156,.F.);
#2795=ORIENTED_EDGE('',*,*,#2157,.F.);
#2796=ORIENTED_EDGE('',*,*,#2154,.T.);
#2797=ORIENTED_EDGE('',*,*,#2156,.T.);
#2798=ORIENTED_EDGE('',*,*,#2158,.F.);
#2799=ORIENTED_EDGE('',*,*,#2159,.F.);
#2800=ORIENTED_EDGE('',*,*,#2160,.F.);
#2801=ORIENTED_EDGE('',*,*,#2161,.F.);
#2802=ORIENTED_EDGE('',*,*,#2162,.F.);
#2803=ORIENTED_EDGE('',*,*,#2163,.F.);
#2804=ORIENTED_EDGE('',*,*,#2164,.T.);
#2805=ORIENTED_EDGE('',*,*,#2165,.F.);
#2806=ORIENTED_EDGE('',*,*,#2166,.T.);
#2807=ORIENTED_EDGE('',*,*,#2167,.F.);
#2808=ORIENTED_EDGE('',*,*,#2168,.T.);
#2809=ORIENTED_EDGE('',*,*,#2169,.F.);
#2810=ORIENTED_EDGE('',*,*,#2170,.F.);
#2811=ORIENTED_EDGE('',*,*,#2171,.F.);
#2812=ORIENTED_EDGE('',*,*,#2163,.T.);
#2813=ORIENTED_EDGE('',*,*,#2172,.T.);
#2814=ORIENTED_EDGE('',*,*,#2173,.T.);
#2815=ORIENTED_EDGE('',*,*,#2174,.F.);
#2816=ORIENTED_EDGE('',*,*,#2170,.T.);
#2817=ORIENTED_EDGE('',*,*,#2175,.F.);
#2818=ORIENTED_EDGE('',*,*,#2068,.F.);
#2819=ORIENTED_EDGE('',*,*,#2176,.F.);
#2820=ORIENTED_EDGE('',*,*,#2177,.T.);
#2821=ORIENTED_EDGE('',*,*,#2178,.T.);
#2822=ORIENTED_EDGE('',*,*,#2179,.F.);
#2823=ORIENTED_EDGE('',*,*,#2180,.F.);
#2824=ORIENTED_EDGE('',*,*,#2070,.F.);
#2825=ORIENTED_EDGE('',*,*,#2180,.T.);
#2826=ORIENTED_EDGE('',*,*,#2181,.T.);
#2827=ORIENTED_EDGE('',*,*,#2161,.T.);
#2828=ORIENTED_EDGE('',*,*,#2182,.T.);
#2829=ORIENTED_EDGE('',*,*,#2119,.F.);
#2830=ORIENTED_EDGE('',*,*,#2183,.F.);
#2831=ORIENTED_EDGE('',*,*,#2165,.T.);
#2832=ORIENTED_EDGE('',*,*,#2184,.T.);
#2833=ORIENTED_EDGE('',*,*,#2159,.T.);
#2834=ORIENTED_EDGE('',*,*,#2185,.T.);
#2835=ORIENTED_EDGE('',*,*,#2148,.F.);
#2836=ORIENTED_EDGE('',*,*,#2186,.T.);
#2837=ORIENTED_EDGE('',*,*,#2167,.T.);
#2838=ORIENTED_EDGE('',*,*,#2187,.F.);
#2839=ORIENTED_EDGE('',*,*,#2117,.T.);
#2840=ORIENTED_EDGE('',*,*,#2188,.T.);
#2841=ORIENTED_EDGE('',*,*,#2166,.F.);
#2842=ORIENTED_EDGE('',*,*,#2183,.T.);
#2843=ORIENTED_EDGE('',*,*,#2118,.T.);
#2844=ORIENTED_EDGE('',*,*,#2187,.T.);
#2845=ORIENTED_EDGE('',*,*,#2182,.F.);
#2846=ORIENTED_EDGE('',*,*,#2160,.T.);
#2847=ORIENTED_EDGE('',*,*,#2188,.F.);
#2848=ORIENTED_EDGE('',*,*,#2120,.F.);
#2849=ORIENTED_EDGE('',*,*,#2153,.T.);
#2850=ORIENTED_EDGE('',*,*,#2189,.T.);
#2851=ORIENTED_EDGE('',*,*,#2149,.F.);
#2852=ORIENTED_EDGE('',*,*,#2185,.F.);
#2853=ORIENTED_EDGE('',*,*,#2158,.T.);
#2854=ORIENTED_EDGE('',*,*,#2155,.T.);
#2855=ORIENTED_EDGE('',*,*,#2179,.T.);
#2856=ORIENTED_EDGE('',*,*,#2190,.T.);
#2857=ORIENTED_EDGE('',*,*,#2175,.T.);
#2858=ORIENTED_EDGE('',*,*,#2169,.T.);
#2859=ORIENTED_EDGE('',*,*,#2162,.T.);
#2860=ORIENTED_EDGE('',*,*,#2181,.F.);
#2861=ORIENTED_EDGE('',*,*,#2147,.F.);
#2862=ORIENTED_EDGE('',*,*,#2191,.T.);
#2863=ORIENTED_EDGE('',*,*,#2150,.T.);
#2864=ORIENTED_EDGE('',*,*,#2157,.T.);
#2865=ORIENTED_EDGE('',*,*,#2168,.F.);
#2866=ORIENTED_EDGE('',*,*,#2186,.F.);
#2867=ORIENTED_EDGE('',*,*,#2174,.T.);
#2868=ORIENTED_EDGE('',*,*,#2192,.T.);
#2869=ORIENTED_EDGE('',*,*,#2176,.T.);
#2870=ORIENTED_EDGE('',*,*,#2184,.F.);
#2871=ORIENTED_EDGE('',*,*,#2164,.F.);
#2872=ORIENTED_EDGE('',*,*,#2171,.T.);
#2873=ORIENTED_EDGE('',*,*,#2193,.F.);
#2874=ORIENTED_EDGE('',*,*,#2145,.F.);
#2875=ORIENTED_EDGE('',*,*,#2189,.F.);
#2876=ORIENTED_EDGE('',*,*,#2152,.F.);
#2877=ORIENTED_EDGE('',*,*,#2146,.F.);
#2878=ORIENTED_EDGE('',*,*,#2193,.T.);
#2879=ORIENTED_EDGE('',*,*,#2151,.F.);
#2880=ORIENTED_EDGE('',*,*,#2191,.F.);
#2881=ORIENTED_EDGE('',*,*,#2194,.F.);
#2882=ORIENTED_EDGE('',*,*,#2172,.F.);
#2883=ORIENTED_EDGE('',*,*,#2190,.F.);
#2884=ORIENTED_EDGE('',*,*,#2178,.F.);
#2885=ORIENTED_EDGE('',*,*,#2173,.F.);
#2886=ORIENTED_EDGE('',*,*,#2194,.T.);
#2887=ORIENTED_EDGE('',*,*,#2177,.F.);
#2888=ORIENTED_EDGE('',*,*,#2192,.F.);
#2889=ORIENTED_EDGE('',*,*,#2195,.F.);
#2890=ORIENTED_EDGE('',*,*,#2196,.T.);
#2891=ORIENTED_EDGE('',*,*,#2197,.F.);
#2892=ORIENTED_EDGE('',*,*,#2196,.F.);
#2893=ORIENTED_EDGE('',*,*,#2198,.F.);
#2894=ORIENTED_EDGE('',*,*,#2199,.T.);
#2895=ORIENTED_EDGE('',*,*,#2195,.T.);
#2896=ORIENTED_EDGE('',*,*,#2199,.F.);
#2897=ORIENTED_EDGE('',*,*,#2200,.T.);
#2898=ORIENTED_EDGE('',*,*,#2201,.T.);
#2899=ORIENTED_EDGE('',*,*,#2202,.F.);
#2900=ORIENTED_EDGE('',*,*,#2203,.F.);
#2901=ORIENTED_EDGE('',*,*,#2204,.F.);
#2902=ORIENTED_EDGE('',*,*,#2205,.T.);
#2903=ORIENTED_EDGE('',*,*,#2206,.F.);
#2904=ORIENTED_EDGE('',*,*,#2205,.F.);
#2905=ORIENTED_EDGE('',*,*,#2207,.T.);
#2906=ORIENTED_EDGE('',*,*,#2208,.T.);
#2907=ORIENTED_EDGE('',*,*,#2204,.T.);
#2908=ORIENTED_EDGE('',*,*,#2208,.F.);
#2909=ORIENTED_EDGE('',*,*,#2209,.F.);
#2910=ORIENTED_EDGE('',*,*,#2210,.T.);
#2911=ORIENTED_EDGE('',*,*,#2211,.F.);
#2912=ORIENTED_EDGE('',*,*,#2212,.F.);
#2913=ORIENTED_EDGE('',*,*,#2213,.T.);
#2914=ORIENTED_EDGE('',*,*,#2214,.F.);
#2915=ORIENTED_EDGE('',*,*,#2215,.F.);
#2916=ORIENTED_EDGE('',*,*,#2216,.T.);
#2917=ORIENTED_EDGE('',*,*,#2217,.F.);
#2918=ORIENTED_EDGE('',*,*,#2218,.F.);
#2919=ORIENTED_EDGE('',*,*,#2219,.T.);
#2920=ORIENTED_EDGE('',*,*,#2220,.F.);
#2921=ORIENTED_EDGE('',*,*,#2214,.T.);
#2922=ORIENTED_EDGE('',*,*,#2221,.T.);
#2923=ORIENTED_EDGE('',*,*,#2218,.T.);
#2924=ORIENTED_EDGE('',*,*,#2222,.F.);
#2925=ORIENTED_EDGE('',*,*,#2211,.T.);
#2926=ORIENTED_EDGE('',*,*,#2223,.T.);
#2927=ORIENTED_EDGE('',*,*,#2215,.T.);
#2928=ORIENTED_EDGE('',*,*,#2224,.F.);
#2929=ORIENTED_EDGE('',*,*,#2225,.F.);
#2930=ORIENTED_EDGE('',*,*,#2226,.T.);
#2931=ORIENTED_EDGE('',*,*,#2227,.F.);
#2932=ORIENTED_EDGE('',*,*,#2228,.T.);
#2933=ORIENTED_EDGE('',*,*,#2229,.T.);
#2934=ORIENTED_EDGE('',*,*,#2230,.F.);
#2935=ORIENTED_EDGE('',*,*,#2231,.T.);
#2936=ORIENTED_EDGE('',*,*,#2232,.T.);
#2937=ORIENTED_EDGE('',*,*,#2233,.T.);
#2938=ORIENTED_EDGE('',*,*,#2234,.T.);
#2939=ORIENTED_EDGE('',*,*,#2235,.T.);
#2940=ORIENTED_EDGE('',*,*,#2236,.T.);
#2941=ORIENTED_EDGE('',*,*,#2237,.T.);
#2942=ORIENTED_EDGE('',*,*,#2238,.F.);
#2943=ORIENTED_EDGE('',*,*,#2239,.T.);
#2944=ORIENTED_EDGE('',*,*,#2240,.F.);
#2945=ORIENTED_EDGE('',*,*,#2241,.F.);
#2946=ORIENTED_EDGE('',*,*,#2242,.T.);
#2947=ORIENTED_EDGE('',*,*,#2227,.T.);
#2948=ORIENTED_EDGE('',*,*,#2243,.T.);
#2949=ORIENTED_EDGE('',*,*,#2236,.F.);
#2950=ORIENTED_EDGE('',*,*,#2244,.T.);
#2951=ORIENTED_EDGE('',*,*,#2202,.T.);
#2952=ORIENTED_EDGE('',*,*,#2245,.T.);
#2953=ORIENTED_EDGE('',*,*,#2234,.F.);
#2954=ORIENTED_EDGE('',*,*,#2246,.T.);
#2955=ORIENTED_EDGE('',*,*,#2247,.T.);
#2956=ORIENTED_EDGE('',*,*,#2248,.T.);
#2957=ORIENTED_EDGE('',*,*,#2249,.T.);
#2958=ORIENTED_EDGE('',*,*,#2250,.T.);
#2959=ORIENTED_EDGE('',*,*,#2251,.T.);
#2960=ORIENTED_EDGE('',*,*,#2223,.F.);
#2961=ORIENTED_EDGE('',*,*,#2252,.T.);
#2962=ORIENTED_EDGE('',*,*,#2224,.T.);
#2963=ORIENTED_EDGE('',*,*,#2253,.T.);
#2964=ORIENTED_EDGE('',*,*,#2232,.F.);
#2965=ORIENTED_EDGE('',*,*,#2254,.T.);
#2966=ORIENTED_EDGE('',*,*,#2238,.T.);
#2967=ORIENTED_EDGE('',*,*,#2255,.T.);
#2968=ORIENTED_EDGE('',*,*,#2221,.F.);
#2969=ORIENTED_EDGE('',*,*,#2256,.T.);
#2970=ORIENTED_EDGE('',*,*,#2222,.T.);
#2971=ORIENTED_EDGE('',*,*,#2257,.T.);
#2972=ORIENTED_EDGE('',*,*,#2250,.F.);
#2973=ORIENTED_EDGE('',*,*,#2258,.T.);
#2974=ORIENTED_EDGE('',*,*,#2230,.T.);
#2975=ORIENTED_EDGE('',*,*,#2259,.F.);
#2976=ORIENTED_EDGE('',*,*,#2260,.F.);
#2977=ORIENTED_EDGE('',*,*,#2261,.F.);
#2978=ORIENTED_EDGE('',*,*,#2240,.T.);
#2979=ORIENTED_EDGE('',*,*,#2262,.T.);
#2980=ORIENTED_EDGE('',*,*,#2263,.T.);
#2981=ORIENTED_EDGE('',*,*,#2264,.T.);
#2982=ORIENTED_EDGE('',*,*,#2265,.T.);
#2983=ORIENTED_EDGE('',*,*,#2219,.F.);
#2984=ORIENTED_EDGE('',*,*,#2255,.F.);
#2985=ORIENTED_EDGE('',*,*,#2237,.F.);
#2986=ORIENTED_EDGE('',*,*,#2249,.F.);
#2987=ORIENTED_EDGE('',*,*,#2220,.T.);
#2988=ORIENTED_EDGE('',*,*,#2248,.F.);
#2989=ORIENTED_EDGE('',*,*,#2266,.F.);
#2990=ORIENTED_EDGE('',*,*,#2257,.F.);
#2991=ORIENTED_EDGE('',*,*,#2216,.F.);
#2992=ORIENTED_EDGE('',*,*,#2251,.F.);
#2993=ORIENTED_EDGE('',*,*,#2266,.T.);
#2994=ORIENTED_EDGE('',*,*,#2247,.F.);
#2995=ORIENTED_EDGE('',*,*,#2217,.T.);
#2996=ORIENTED_EDGE('',*,*,#2246,.F.);
#2997=ORIENTED_EDGE('',*,*,#2233,.F.);
#2998=ORIENTED_EDGE('',*,*,#2253,.F.);
#2999=ORIENTED_EDGE('',*,*,#2239,.F.);
#3000=ORIENTED_EDGE('',*,*,#2256,.F.);
#3001=ORIENTED_EDGE('',*,*,#2213,.F.);
#3002=ORIENTED_EDGE('',*,*,#2262,.F.);
#3003=ORIENTED_EDGE('',*,*,#2212,.T.);
#3004=ORIENTED_EDGE('',*,*,#2258,.F.);
#3005=ORIENTED_EDGE('',*,*,#2267,.F.);
#3006=ORIENTED_EDGE('',*,*,#2263,.F.);
#3007=ORIENTED_EDGE('',*,*,#2267,.T.);
#3008=ORIENTED_EDGE('',*,*,#2252,.F.);
#3009=ORIENTED_EDGE('',*,*,#2210,.F.);
#3010=ORIENTED_EDGE('',*,*,#2264,.F.);
#3011=ORIENTED_EDGE('',*,*,#2209,.T.);
#3012=ORIENTED_EDGE('',*,*,#2254,.F.);
#3013=ORIENTED_EDGE('',*,*,#2231,.F.);
#3014=ORIENTED_EDGE('',*,*,#2265,.F.);
#3015=ORIENTED_EDGE('',*,*,#2242,.F.);
#3016=ORIENTED_EDGE('',*,*,#2268,.T.);
#3017=ORIENTED_EDGE('',*,*,#2269,.T.);
#3018=ORIENTED_EDGE('',*,*,#2270,.T.);
#3019=ORIENTED_EDGE('',*,*,#2228,.F.);
#3020=ORIENTED_EDGE('',*,*,#2207,.F.);
#3021=ORIENTED_EDGE('',*,*,#2259,.T.);
#3022=ORIENTED_EDGE('',*,*,#2229,.F.);
#3023=ORIENTED_EDGE('',*,*,#2270,.F.);
#3024=ORIENTED_EDGE('',*,*,#2271,.T.);
#3025=ORIENTED_EDGE('',*,*,#2260,.T.);
#3026=ORIENTED_EDGE('',*,*,#2271,.F.);
#3027=ORIENTED_EDGE('',*,*,#2269,.F.);
#3028=ORIENTED_EDGE('',*,*,#2272,.T.);
#3029=ORIENTED_EDGE('',*,*,#2261,.T.);
#3030=ORIENTED_EDGE('',*,*,#2272,.F.);
#3031=ORIENTED_EDGE('',*,*,#2268,.F.);
#3032=ORIENTED_EDGE('',*,*,#2241,.T.);
#3033=ORIENTED_EDGE('',*,*,#2206,.T.);
#3034=ORIENTED_EDGE('',*,*,#2273,.F.);
#3035=ORIENTED_EDGE('',*,*,#2200,.F.);
#3036=ORIENTED_EDGE('',*,*,#2274,.F.);
#3037=ORIENTED_EDGE('',*,*,#2243,.F.);
#3038=ORIENTED_EDGE('',*,*,#2226,.F.);
#3039=ORIENTED_EDGE('',*,*,#2198,.T.);
#3040=ORIENTED_EDGE('',*,*,#2244,.F.);
#3041=ORIENTED_EDGE('',*,*,#2235,.F.);
#3042=ORIENTED_EDGE('',*,*,#2274,.T.);
#3043=ORIENTED_EDGE('',*,*,#2203,.T.);
#3044=ORIENTED_EDGE('',*,*,#2245,.F.);
#3045=ORIENTED_EDGE('',*,*,#2201,.F.);
#3046=ORIENTED_EDGE('',*,*,#2273,.T.);
#3047=ORIENTED_EDGE('',*,*,#2225,.T.);
#3048=ORIENTED_EDGE('',*,*,#2197,.T.);
#3049=ORIENTED_EDGE('',*,*,#2275,.F.);
#3050=ORIENTED_EDGE('',*,*,#2276,.T.);
#3051=ORIENTED_EDGE('',*,*,#2277,.T.);
#3052=ORIENTED_EDGE('',*,*,#2278,.T.);
#3053=ORIENTED_EDGE('',*,*,#2279,.F.);
#3054=ORIENTED_EDGE('',*,*,#2280,.F.);
#3055=ORIENTED_EDGE('',*,*,#2281,.F.);
#3056=ORIENTED_EDGE('',*,*,#2282,.F.);
#3057=ORIENTED_EDGE('',*,*,#2283,.F.);
#3058=ORIENTED_EDGE('',*,*,#2284,.F.);
#3059=ORIENTED_EDGE('',*,*,#2285,.F.);
#3060=ORIENTED_EDGE('',*,*,#2286,.F.);
#3061=ORIENTED_EDGE('',*,*,#2287,.T.);
#3062=ORIENTED_EDGE('',*,*,#2288,.T.);
#3063=ORIENTED_EDGE('',*,*,#2289,.T.);
#3064=ORIENTED_EDGE('',*,*,#2290,.T.);
#3065=ORIENTED_EDGE('',*,*,#2291,.T.);
#3066=ORIENTED_EDGE('',*,*,#2292,.T.);
#3067=ORIENTED_EDGE('',*,*,#2293,.T.);
#3068=ORIENTED_EDGE('',*,*,#2294,.T.);
#3069=ORIENTED_EDGE('',*,*,#2295,.T.);
#3070=ORIENTED_EDGE('',*,*,#2296,.T.);
#3071=ORIENTED_EDGE('',*,*,#2297,.T.);
#3072=ORIENTED_EDGE('',*,*,#2298,.T.);
#3073=ORIENTED_EDGE('',*,*,#2299,.T.);
#3074=ORIENTED_EDGE('',*,*,#2300,.T.);
#3075=ORIENTED_EDGE('',*,*,#2301,.T.);
#3076=ORIENTED_EDGE('',*,*,#2302,.T.);
#3077=ORIENTED_EDGE('',*,*,#2303,.T.);
#3078=ORIENTED_EDGE('',*,*,#2304,.T.);
#3079=ORIENTED_EDGE('',*,*,#2305,.T.);
#3080=ORIENTED_EDGE('',*,*,#2306,.T.);
#3081=ORIENTED_EDGE('',*,*,#2307,.T.);
#3082=ORIENTED_EDGE('',*,*,#2308,.T.);
#3083=ORIENTED_EDGE('',*,*,#2309,.T.);
#3084=ORIENTED_EDGE('',*,*,#2310,.T.);
#3085=ORIENTED_EDGE('',*,*,#2311,.T.);
#3086=ORIENTED_EDGE('',*,*,#2312,.T.);
#3087=ORIENTED_EDGE('',*,*,#2313,.T.);
#3088=ORIENTED_EDGE('',*,*,#2314,.T.);
#3089=ORIENTED_EDGE('',*,*,#2315,.T.);
#3090=ORIENTED_EDGE('',*,*,#2316,.T.);
#3091=ORIENTED_EDGE('',*,*,#2317,.T.);
#3092=ORIENTED_EDGE('',*,*,#2318,.T.);
#3093=ORIENTED_EDGE('',*,*,#2319,.T.);
#3094=ORIENTED_EDGE('',*,*,#2320,.T.);
#3095=ORIENTED_EDGE('',*,*,#2321,.T.);
#3096=ORIENTED_EDGE('',*,*,#2322,.T.);
#3097=ORIENTED_EDGE('',*,*,#2323,.T.);
#3098=ORIENTED_EDGE('',*,*,#2324,.T.);
#3099=ORIENTED_EDGE('',*,*,#2325,.T.);
#3100=ORIENTED_EDGE('',*,*,#2326,.T.);
#3101=ORIENTED_EDGE('',*,*,#2327,.T.);
#3102=ORIENTED_EDGE('',*,*,#2328,.T.);
#3103=ORIENTED_EDGE('',*,*,#2329,.T.);
#3104=ORIENTED_EDGE('',*,*,#2330,.F.);
#3105=ORIENTED_EDGE('',*,*,#2331,.F.);
#3106=ORIENTED_EDGE('',*,*,#2332,.T.);
#3107=ORIENTED_EDGE('',*,*,#2333,.T.);
#3108=ORIENTED_EDGE('',*,*,#2334,.F.);
#3109=ORIENTED_EDGE('',*,*,#2335,.F.);
#3110=ORIENTED_EDGE('',*,*,#2336,.T.);
#3111=ORIENTED_EDGE('',*,*,#2337,.T.);
#3112=ORIENTED_EDGE('',*,*,#2338,.F.);
#3113=ORIENTED_EDGE('',*,*,#2339,.F.);
#3114=ORIENTED_EDGE('',*,*,#2340,.F.);
#3115=ORIENTED_EDGE('',*,*,#2275,.T.);
#3116=ORIENTED_EDGE('',*,*,#2341,.F.);
#3117=ORIENTED_EDGE('',*,*,#2342,.F.);
#3118=ORIENTED_EDGE('',*,*,#2343,.F.);
#3119=ORIENTED_EDGE('',*,*,#2344,.F.);
#3120=ORIENTED_EDGE('',*,*,#2345,.T.);
#3121=ORIENTED_EDGE('',*,*,#2279,.T.);
#3122=ORIENTED_EDGE('',*,*,#2346,.T.);
#3123=ORIENTED_EDGE('',*,*,#2342,.T.);
#3124=ORIENTED_EDGE('',*,*,#2347,.T.);
#3125=ORIENTED_EDGE('',*,*,#2348,.T.);
#3126=ORIENTED_EDGE('',*,*,#2349,.F.);
#3127=ORIENTED_EDGE('',*,*,#2350,.F.);
#3128=ORIENTED_EDGE('',*,*,#2351,.T.);
#3129=ORIENTED_EDGE('',*,*,#2352,.T.);
#3130=ORIENTED_EDGE('',*,*,#2353,.T.);
#3131=ORIENTED_EDGE('',*,*,#2344,.T.);
#3132=ORIENTED_EDGE('',*,*,#2354,.F.);
#3133=ORIENTED_EDGE('',*,*,#2355,.T.);
#3134=ORIENTED_EDGE('',*,*,#2352,.F.);
#3135=ORIENTED_EDGE('',*,*,#2356,.T.);
#3136=ORIENTED_EDGE('',*,*,#2281,.T.);
#3137=ORIENTED_EDGE('',*,*,#2357,.F.);
#3138=ORIENTED_EDGE('',*,*,#2286,.T.);
#3139=ORIENTED_EDGE('',*,*,#2358,.F.);
#3140=ORIENTED_EDGE('',*,*,#2347,.F.);
#3141=ORIENTED_EDGE('',*,*,#2341,.T.);
#3142=ORIENTED_EDGE('',*,*,#2285,.T.);
#3143=ORIENTED_EDGE('',*,*,#2359,.T.);
#3144=ORIENTED_EDGE('',*,*,#2348,.F.);
#3145=ORIENTED_EDGE('',*,*,#2358,.T.);
#3146=ORIENTED_EDGE('',*,*,#2280,.T.);
#3147=ORIENTED_EDGE('',*,*,#2345,.F.);
#3148=ORIENTED_EDGE('',*,*,#2353,.F.);
#3149=ORIENTED_EDGE('',*,*,#2357,.T.);
#3150=ORIENTED_EDGE('',*,*,#2330,.T.);
#3151=ORIENTED_EDGE('',*,*,#2360,.T.);
#3152=ORIENTED_EDGE('',*,*,#2361,.T.);
#3153=ORIENTED_EDGE('',*,*,#2362,.T.);
#3154=ORIENTED_EDGE('',*,*,#2363,.T.);
#3155=ORIENTED_EDGE('',*,*,#2364,.T.);
#3156=ORIENTED_EDGE('',*,*,#2365,.T.);
#3157=ORIENTED_EDGE('',*,*,#2366,.T.);
#3158=ORIENTED_EDGE('',*,*,#2367,.T.);
#3159=ORIENTED_EDGE('',*,*,#2368,.T.);
#3160=ORIENTED_EDGE('',*,*,#2369,.T.);
#3161=ORIENTED_EDGE('',*,*,#2370,.T.);
#3162=ORIENTED_EDGE('',*,*,#2371,.T.);
#3163=ORIENTED_EDGE('',*,*,#2372,.T.);
#3164=ORIENTED_EDGE('',*,*,#2373,.F.);
#3165=ORIENTED_EDGE('',*,*,#2374,.F.);
#3166=ORIENTED_EDGE('',*,*,#2375,.F.);
#3167=ORIENTED_EDGE('',*,*,#2376,.F.);
#3168=ORIENTED_EDGE('',*,*,#2328,.F.);
#3169=ORIENTED_EDGE('',*,*,#2377,.F.);
#3170=ORIENTED_EDGE('',*,*,#2378,.F.);
#3171=ORIENTED_EDGE('',*,*,#2379,.F.);
#3172=ORIENTED_EDGE('',*,*,#2380,.F.);
#3173=ORIENTED_EDGE('',*,*,#2381,.F.);
#3174=ORIENTED_EDGE('',*,*,#2382,.F.);
#3175=ORIENTED_EDGE('',*,*,#2383,.F.);
#3176=ORIENTED_EDGE('',*,*,#2384,.F.);
#3177=ORIENTED_EDGE('',*,*,#2385,.F.);
#3178=ORIENTED_EDGE('',*,*,#2386,.F.);
#3179=ORIENTED_EDGE('',*,*,#2387,.F.);
#3180=ORIENTED_EDGE('',*,*,#2388,.F.);
#3181=ORIENTED_EDGE('',*,*,#2389,.F.);
#3182=ORIENTED_EDGE('',*,*,#2390,.T.);
#3183=ORIENTED_EDGE('',*,*,#2391,.T.);
#3184=ORIENTED_EDGE('',*,*,#2392,.T.);
#3185=ORIENTED_EDGE('',*,*,#2393,.T.);
#3186=ORIENTED_EDGE('',*,*,#2364,.F.);
#3187=ORIENTED_EDGE('',*,*,#2394,.F.);
#3188=ORIENTED_EDGE('',*,*,#2385,.T.);
#3189=ORIENTED_EDGE('',*,*,#2395,.F.);
#3190=ORIENTED_EDGE('',*,*,#2384,.T.);
#3191=ORIENTED_EDGE('',*,*,#2396,.F.);
#3192=ORIENTED_EDGE('',*,*,#2365,.F.);
#3193=ORIENTED_EDGE('',*,*,#2395,.T.);
#3194=ORIENTED_EDGE('',*,*,#2383,.T.);
#3195=ORIENTED_EDGE('',*,*,#2397,.F.);
#3196=ORIENTED_EDGE('',*,*,#2366,.F.);
#3197=ORIENTED_EDGE('',*,*,#2396,.T.);
#3198=ORIENTED_EDGE('',*,*,#2382,.T.);
#3199=ORIENTED_EDGE('',*,*,#2398,.F.);
#3200=ORIENTED_EDGE('',*,*,#2367,.F.);
#3201=ORIENTED_EDGE('',*,*,#2397,.T.);
#3202=ORIENTED_EDGE('',*,*,#2381,.T.);
#3203=ORIENTED_EDGE('',*,*,#2399,.T.);
#3204=ORIENTED_EDGE('',*,*,#2368,.F.);
#3205=ORIENTED_EDGE('',*,*,#2398,.T.);
#3206=ORIENTED_EDGE('',*,*,#2390,.F.);
#3207=ORIENTED_EDGE('',*,*,#2400,.F.);
#3208=ORIENTED_EDGE('',*,*,#2374,.T.);
#3209=ORIENTED_EDGE('',*,*,#2401,.T.);
#3210=ORIENTED_EDGE('',*,*,#2391,.F.);
#3211=ORIENTED_EDGE('',*,*,#2401,.F.);
#3212=ORIENTED_EDGE('',*,*,#2373,.T.);
#3213=ORIENTED_EDGE('',*,*,#2402,.T.);
#3214=ORIENTED_EDGE('',*,*,#2392,.F.);
#3215=ORIENTED_EDGE('',*,*,#2402,.F.);
#3216=ORIENTED_EDGE('',*,*,#2376,.T.);
#3217=ORIENTED_EDGE('',*,*,#2403,.T.);
#3218=ORIENTED_EDGE('',*,*,#2393,.F.);
#3219=ORIENTED_EDGE('',*,*,#2403,.F.);
#3220=ORIENTED_EDGE('',*,*,#2375,.T.);
#3221=ORIENTED_EDGE('',*,*,#2400,.T.);
#3222=ORIENTED_EDGE('',*,*,#2372,.F.);
#3223=ORIENTED_EDGE('',*,*,#2404,.F.);
#3224=ORIENTED_EDGE('',*,*,#2377,.T.);
#3225=ORIENTED_EDGE('',*,*,#2331,.T.);
#3226=ORIENTED_EDGE('',*,*,#2371,.F.);
#3227=ORIENTED_EDGE('',*,*,#2405,.F.);
#3228=ORIENTED_EDGE('',*,*,#2378,.T.);
#3229=ORIENTED_EDGE('',*,*,#2404,.T.);
#3230=ORIENTED_EDGE('',*,*,#2370,.F.);
#3231=ORIENTED_EDGE('',*,*,#2406,.F.);
#3232=ORIENTED_EDGE('',*,*,#2379,.T.);
#3233=ORIENTED_EDGE('',*,*,#2405,.T.);
#3234=ORIENTED_EDGE('',*,*,#2369,.F.);
#3235=ORIENTED_EDGE('',*,*,#2399,.F.);
#3236=ORIENTED_EDGE('',*,*,#2380,.T.);
#3237=ORIENTED_EDGE('',*,*,#2406,.T.);
#3238=ORIENTED_EDGE('',*,*,#2362,.F.);
#3239=ORIENTED_EDGE('',*,*,#2407,.F.);
#3240=ORIENTED_EDGE('',*,*,#2387,.T.);
#3241=ORIENTED_EDGE('',*,*,#2408,.T.);
#3242=ORIENTED_EDGE('',*,*,#2361,.F.);
#3243=ORIENTED_EDGE('',*,*,#2409,.F.);
#3244=ORIENTED_EDGE('',*,*,#2388,.T.);
#3245=ORIENTED_EDGE('',*,*,#2407,.T.);
#3246=ORIENTED_EDGE('',*,*,#2360,.F.);
#3247=ORIENTED_EDGE('',*,*,#2329,.F.);
#3248=ORIENTED_EDGE('',*,*,#2389,.T.);
#3249=ORIENTED_EDGE('',*,*,#2409,.T.);
#3250=ORIENTED_EDGE('',*,*,#2363,.F.);
#3251=ORIENTED_EDGE('',*,*,#2408,.F.);
#3252=ORIENTED_EDGE('',*,*,#2386,.T.);
#3253=ORIENTED_EDGE('',*,*,#2394,.T.);
#3254=ORIENTED_EDGE('',*,*,#2334,.T.);
#3255=ORIENTED_EDGE('',*,*,#2410,.T.);
#3256=ORIENTED_EDGE('',*,*,#2411,.T.);
#3257=ORIENTED_EDGE('',*,*,#2412,.T.);
#3258=ORIENTED_EDGE('',*,*,#2413,.T.);
#3259=ORIENTED_EDGE('',*,*,#2414,.T.);
#3260=ORIENTED_EDGE('',*,*,#2415,.T.);
#3261=ORIENTED_EDGE('',*,*,#2416,.T.);
#3262=ORIENTED_EDGE('',*,*,#2417,.T.);
#3263=ORIENTED_EDGE('',*,*,#2418,.T.);
#3264=ORIENTED_EDGE('',*,*,#2419,.T.);
#3265=ORIENTED_EDGE('',*,*,#2420,.T.);
#3266=ORIENTED_EDGE('',*,*,#2421,.T.);
#3267=ORIENTED_EDGE('',*,*,#2422,.T.);
#3268=ORIENTED_EDGE('',*,*,#2423,.F.);
#3269=ORIENTED_EDGE('',*,*,#2424,.F.);
#3270=ORIENTED_EDGE('',*,*,#2425,.F.);
#3271=ORIENTED_EDGE('',*,*,#2426,.F.);
#3272=ORIENTED_EDGE('',*,*,#2332,.F.);
#3273=ORIENTED_EDGE('',*,*,#2427,.F.);
#3274=ORIENTED_EDGE('',*,*,#2428,.F.);
#3275=ORIENTED_EDGE('',*,*,#2429,.F.);
#3276=ORIENTED_EDGE('',*,*,#2430,.F.);
#3277=ORIENTED_EDGE('',*,*,#2431,.F.);
#3278=ORIENTED_EDGE('',*,*,#2432,.F.);
#3279=ORIENTED_EDGE('',*,*,#2433,.F.);
#3280=ORIENTED_EDGE('',*,*,#2434,.F.);
#3281=ORIENTED_EDGE('',*,*,#2435,.F.);
#3282=ORIENTED_EDGE('',*,*,#2436,.F.);
#3283=ORIENTED_EDGE('',*,*,#2437,.F.);
#3284=ORIENTED_EDGE('',*,*,#2438,.F.);
#3285=ORIENTED_EDGE('',*,*,#2439,.F.);
#3286=ORIENTED_EDGE('',*,*,#2440,.T.);
#3287=ORIENTED_EDGE('',*,*,#2441,.T.);
#3288=ORIENTED_EDGE('',*,*,#2442,.T.);
#3289=ORIENTED_EDGE('',*,*,#2443,.T.);
#3290=ORIENTED_EDGE('',*,*,#2414,.F.);
#3291=ORIENTED_EDGE('',*,*,#2444,.F.);
#3292=ORIENTED_EDGE('',*,*,#2435,.T.);
#3293=ORIENTED_EDGE('',*,*,#2445,.F.);
#3294=ORIENTED_EDGE('',*,*,#2434,.T.);
#3295=ORIENTED_EDGE('',*,*,#2446,.F.);
#3296=ORIENTED_EDGE('',*,*,#2415,.F.);
#3297=ORIENTED_EDGE('',*,*,#2445,.T.);
#3298=ORIENTED_EDGE('',*,*,#2433,.T.);
#3299=ORIENTED_EDGE('',*,*,#2447,.F.);
#3300=ORIENTED_EDGE('',*,*,#2416,.F.);
#3301=ORIENTED_EDGE('',*,*,#2446,.T.);
#3302=ORIENTED_EDGE('',*,*,#2432,.T.);
#3303=ORIENTED_EDGE('',*,*,#2448,.F.);
#3304=ORIENTED_EDGE('',*,*,#2417,.F.);
#3305=ORIENTED_EDGE('',*,*,#2447,.T.);
#3306=ORIENTED_EDGE('',*,*,#2431,.T.);
#3307=ORIENTED_EDGE('',*,*,#2449,.T.);
#3308=ORIENTED_EDGE('',*,*,#2418,.F.);
#3309=ORIENTED_EDGE('',*,*,#2448,.T.);
#3310=ORIENTED_EDGE('',*,*,#2440,.F.);
#3311=ORIENTED_EDGE('',*,*,#2450,.F.);
#3312=ORIENTED_EDGE('',*,*,#2424,.T.);
#3313=ORIENTED_EDGE('',*,*,#2451,.T.);
#3314=ORIENTED_EDGE('',*,*,#2441,.F.);
#3315=ORIENTED_EDGE('',*,*,#2451,.F.);
#3316=ORIENTED_EDGE('',*,*,#2423,.T.);
#3317=ORIENTED_EDGE('',*,*,#2452,.T.);
#3318=ORIENTED_EDGE('',*,*,#2442,.F.);
#3319=ORIENTED_EDGE('',*,*,#2452,.F.);
#3320=ORIENTED_EDGE('',*,*,#2426,.T.);
#3321=ORIENTED_EDGE('',*,*,#2453,.T.);
#3322=ORIENTED_EDGE('',*,*,#2443,.F.);
#3323=ORIENTED_EDGE('',*,*,#2453,.F.);
#3324=ORIENTED_EDGE('',*,*,#2425,.T.);
#3325=ORIENTED_EDGE('',*,*,#2450,.T.);
#3326=ORIENTED_EDGE('',*,*,#2338,.T.);
#3327=ORIENTED_EDGE('',*,*,#2454,.T.);
#3328=ORIENTED_EDGE('',*,*,#2455,.T.);
#3329=ORIENTED_EDGE('',*,*,#2456,.T.);
#3330=ORIENTED_EDGE('',*,*,#2457,.T.);
#3331=ORIENTED_EDGE('',*,*,#2458,.T.);
#3332=ORIENTED_EDGE('',*,*,#2459,.T.);
#3333=ORIENTED_EDGE('',*,*,#2460,.T.);
#3334=ORIENTED_EDGE('',*,*,#2461,.T.);
#3335=ORIENTED_EDGE('',*,*,#2462,.T.);
#3336=ORIENTED_EDGE('',*,*,#2463,.T.);
#3337=ORIENTED_EDGE('',*,*,#2464,.T.);
#3338=ORIENTED_EDGE('',*,*,#2465,.T.);
#3339=ORIENTED_EDGE('',*,*,#2466,.T.);
#3340=ORIENTED_EDGE('',*,*,#2467,.F.);
#3341=ORIENTED_EDGE('',*,*,#2468,.F.);
#3342=ORIENTED_EDGE('',*,*,#2469,.F.);
#3343=ORIENTED_EDGE('',*,*,#2470,.F.);
#3344=ORIENTED_EDGE('',*,*,#2336,.F.);
#3345=ORIENTED_EDGE('',*,*,#2471,.F.);
#3346=ORIENTED_EDGE('',*,*,#2472,.F.);
#3347=ORIENTED_EDGE('',*,*,#2473,.F.);
#3348=ORIENTED_EDGE('',*,*,#2474,.F.);
#3349=ORIENTED_EDGE('',*,*,#2475,.F.);
#3350=ORIENTED_EDGE('',*,*,#2476,.F.);
#3351=ORIENTED_EDGE('',*,*,#2477,.F.);
#3352=ORIENTED_EDGE('',*,*,#2478,.F.);
#3353=ORIENTED_EDGE('',*,*,#2479,.F.);
#3354=ORIENTED_EDGE('',*,*,#2480,.F.);
#3355=ORIENTED_EDGE('',*,*,#2481,.F.);
#3356=ORIENTED_EDGE('',*,*,#2482,.F.);
#3357=ORIENTED_EDGE('',*,*,#2483,.F.);
#3358=ORIENTED_EDGE('',*,*,#2484,.T.);
#3359=ORIENTED_EDGE('',*,*,#2485,.T.);
#3360=ORIENTED_EDGE('',*,*,#2486,.T.);
#3361=ORIENTED_EDGE('',*,*,#2487,.T.);
#3362=ORIENTED_EDGE('',*,*,#2458,.F.);
#3363=ORIENTED_EDGE('',*,*,#2488,.F.);
#3364=ORIENTED_EDGE('',*,*,#2479,.T.);
#3365=ORIENTED_EDGE('',*,*,#2489,.F.);
#3366=ORIENTED_EDGE('',*,*,#2478,.T.);
#3367=ORIENTED_EDGE('',*,*,#2490,.F.);
#3368=ORIENTED_EDGE('',*,*,#2459,.F.);
#3369=ORIENTED_EDGE('',*,*,#2489,.T.);
#3370=ORIENTED_EDGE('',*,*,#2477,.T.);
#3371=ORIENTED_EDGE('',*,*,#2491,.F.);
#3372=ORIENTED_EDGE('',*,*,#2460,.F.);
#3373=ORIENTED_EDGE('',*,*,#2490,.T.);
#3374=ORIENTED_EDGE('',*,*,#2476,.T.);
#3375=ORIENTED_EDGE('',*,*,#2492,.F.);
#3376=ORIENTED_EDGE('',*,*,#2461,.F.);
#3377=ORIENTED_EDGE('',*,*,#2491,.T.);
#3378=ORIENTED_EDGE('',*,*,#2475,.T.);
#3379=ORIENTED_EDGE('',*,*,#2493,.T.);
#3380=ORIENTED_EDGE('',*,*,#2462,.F.);
#3381=ORIENTED_EDGE('',*,*,#2492,.T.);
#3382=ORIENTED_EDGE('',*,*,#2484,.F.);
#3383=ORIENTED_EDGE('',*,*,#2494,.F.);
#3384=ORIENTED_EDGE('',*,*,#2468,.T.);
#3385=ORIENTED_EDGE('',*,*,#2495,.T.);
#3386=ORIENTED_EDGE('',*,*,#2485,.F.);
#3387=ORIENTED_EDGE('',*,*,#2495,.F.);
#3388=ORIENTED_EDGE('',*,*,#2467,.T.);
#3389=ORIENTED_EDGE('',*,*,#2496,.T.);
#3390=ORIENTED_EDGE('',*,*,#2486,.F.);
#3391=ORIENTED_EDGE('',*,*,#2496,.F.);
#3392=ORIENTED_EDGE('',*,*,#2470,.T.);
#3393=ORIENTED_EDGE('',*,*,#2497,.T.);
#3394=ORIENTED_EDGE('',*,*,#2487,.F.);
#3395=ORIENTED_EDGE('',*,*,#2497,.F.);
#3396=ORIENTED_EDGE('',*,*,#2469,.T.);
#3397=ORIENTED_EDGE('',*,*,#2494,.T.);
#3398=ORIENTED_EDGE('',*,*,#2422,.F.);
#3399=ORIENTED_EDGE('',*,*,#2498,.F.);
#3400=ORIENTED_EDGE('',*,*,#2427,.T.);
#3401=ORIENTED_EDGE('',*,*,#2335,.T.);
#3402=ORIENTED_EDGE('',*,*,#2421,.F.);
#3403=ORIENTED_EDGE('',*,*,#2499,.F.);
#3404=ORIENTED_EDGE('',*,*,#2428,.T.);
#3405=ORIENTED_EDGE('',*,*,#2498,.T.);
#3406=ORIENTED_EDGE('',*,*,#2420,.F.);
#3407=ORIENTED_EDGE('',*,*,#2500,.F.);
#3408=ORIENTED_EDGE('',*,*,#2429,.T.);
#3409=ORIENTED_EDGE('',*,*,#2499,.T.);
#3410=ORIENTED_EDGE('',*,*,#2419,.F.);
#3411=ORIENTED_EDGE('',*,*,#2449,.F.);
#3412=ORIENTED_EDGE('',*,*,#2430,.T.);
#3413=ORIENTED_EDGE('',*,*,#2500,.T.);
#3414=ORIENTED_EDGE('',*,*,#2412,.F.);
#3415=ORIENTED_EDGE('',*,*,#2501,.F.);
#3416=ORIENTED_EDGE('',*,*,#2437,.T.);
#3417=ORIENTED_EDGE('',*,*,#2502,.T.);
#3418=ORIENTED_EDGE('',*,*,#2411,.F.);
#3419=ORIENTED_EDGE('',*,*,#2503,.F.);
#3420=ORIENTED_EDGE('',*,*,#2438,.T.);
#3421=ORIENTED_EDGE('',*,*,#2501,.T.);
#3422=ORIENTED_EDGE('',*,*,#2410,.F.);
#3423=ORIENTED_EDGE('',*,*,#2333,.F.);
#3424=ORIENTED_EDGE('',*,*,#2439,.T.);
#3425=ORIENTED_EDGE('',*,*,#2503,.T.);
#3426=ORIENTED_EDGE('',*,*,#2413,.F.);
#3427=ORIENTED_EDGE('',*,*,#2502,.F.);
#3428=ORIENTED_EDGE('',*,*,#2436,.T.);
#3429=ORIENTED_EDGE('',*,*,#2444,.T.);
#3430=ORIENTED_EDGE('',*,*,#2466,.F.);
#3431=ORIENTED_EDGE('',*,*,#2504,.F.);
#3432=ORIENTED_EDGE('',*,*,#2471,.T.);
#3433=ORIENTED_EDGE('',*,*,#2339,.T.);
#3434=ORIENTED_EDGE('',*,*,#2465,.F.);
#3435=ORIENTED_EDGE('',*,*,#2505,.F.);
#3436=ORIENTED_EDGE('',*,*,#2472,.T.);
#3437=ORIENTED_EDGE('',*,*,#2504,.T.);
#3438=ORIENTED_EDGE('',*,*,#2464,.F.);
#3439=ORIENTED_EDGE('',*,*,#2506,.F.);
#3440=ORIENTED_EDGE('',*,*,#2473,.T.);
#3441=ORIENTED_EDGE('',*,*,#2505,.T.);
#3442=ORIENTED_EDGE('',*,*,#2463,.F.);
#3443=ORIENTED_EDGE('',*,*,#2493,.F.);
#3444=ORIENTED_EDGE('',*,*,#2474,.T.);
#3445=ORIENTED_EDGE('',*,*,#2506,.T.);
#3446=ORIENTED_EDGE('',*,*,#2456,.F.);
#3447=ORIENTED_EDGE('',*,*,#2507,.F.);
#3448=ORIENTED_EDGE('',*,*,#2481,.T.);
#3449=ORIENTED_EDGE('',*,*,#2508,.T.);
#3450=ORIENTED_EDGE('',*,*,#2455,.F.);
#3451=ORIENTED_EDGE('',*,*,#2509,.F.);
#3452=ORIENTED_EDGE('',*,*,#2482,.T.);
#3453=ORIENTED_EDGE('',*,*,#2507,.T.);
#3454=ORIENTED_EDGE('',*,*,#2454,.F.);
#3455=ORIENTED_EDGE('',*,*,#2337,.F.);
#3456=ORIENTED_EDGE('',*,*,#2483,.T.);
#3457=ORIENTED_EDGE('',*,*,#2509,.T.);
#3458=ORIENTED_EDGE('',*,*,#2457,.F.);
#3459=ORIENTED_EDGE('',*,*,#2508,.F.);
#3460=ORIENTED_EDGE('',*,*,#2480,.T.);
#3461=ORIENTED_EDGE('',*,*,#2488,.T.);
#3462=ORIENTED_EDGE('',*,*,#2283,.T.);
#3463=ORIENTED_EDGE('',*,*,#2510,.T.);
#3464=ORIENTED_EDGE('',*,*,#2350,.T.);
#3465=ORIENTED_EDGE('',*,*,#2511,.F.);
#3466=ORIENTED_EDGE('',*,*,#2282,.T.);
#3467=ORIENTED_EDGE('',*,*,#2356,.F.);
#3468=ORIENTED_EDGE('',*,*,#2351,.F.);
#3469=ORIENTED_EDGE('',*,*,#2510,.F.);
#3470=ORIENTED_EDGE('',*,*,#2284,.T.);
#3471=ORIENTED_EDGE('',*,*,#2511,.T.);
#3472=ORIENTED_EDGE('',*,*,#2349,.T.);
#3473=ORIENTED_EDGE('',*,*,#2359,.F.);
#3474=ORIENTED_EDGE('',*,*,#2512,.T.);
#3475=ORIENTED_EDGE('',*,*,#2355,.F.);
#3476=ORIENTED_EDGE('',*,*,#2513,.F.);
#3477=ORIENTED_EDGE('',*,*,#2277,.F.);
#3478=ORIENTED_EDGE('',*,*,#2340,.T.);
#3479=ORIENTED_EDGE('',*,*,#2346,.F.);
#3480=ORIENTED_EDGE('',*,*,#2512,.F.);
#3481=ORIENTED_EDGE('',*,*,#2276,.F.);
#3482=ORIENTED_EDGE('',*,*,#2513,.T.);
#3483=ORIENTED_EDGE('',*,*,#2354,.T.);
#3484=ORIENTED_EDGE('',*,*,#2343,.T.);
#3485=ORIENTED_EDGE('',*,*,#2278,.F.);
#3486=ORIENTED_EDGE('',*,*,#2321,.F.);
#3487=ORIENTED_EDGE('',*,*,#2514,.F.);
#3488=ORIENTED_EDGE('',*,*,#2515,.T.);
#3489=ORIENTED_EDGE('',*,*,#2516,.T.);
#3490=ORIENTED_EDGE('',*,*,#2322,.F.);
#3491=ORIENTED_EDGE('',*,*,#2516,.F.);
#3492=ORIENTED_EDGE('',*,*,#2517,.T.);
#3493=ORIENTED_EDGE('',*,*,#2518,.T.);
#3494=ORIENTED_EDGE('',*,*,#2323,.F.);
#3495=ORIENTED_EDGE('',*,*,#2518,.F.);
#3496=ORIENTED_EDGE('',*,*,#2519,.T.);
#3497=ORIENTED_EDGE('',*,*,#2520,.T.);
#3498=ORIENTED_EDGE('',*,*,#2324,.F.);
#3499=ORIENTED_EDGE('',*,*,#2520,.F.);
#3500=ORIENTED_EDGE('',*,*,#2521,.T.);
#3501=ORIENTED_EDGE('',*,*,#2522,.T.);
#3502=ORIENTED_EDGE('',*,*,#2325,.F.);
#3503=ORIENTED_EDGE('',*,*,#2522,.F.);
#3504=ORIENTED_EDGE('',*,*,#2523,.T.);
#3505=ORIENTED_EDGE('',*,*,#2524,.T.);
#3506=ORIENTED_EDGE('',*,*,#2326,.F.);
#3507=ORIENTED_EDGE('',*,*,#2524,.F.);
#3508=ORIENTED_EDGE('',*,*,#2525,.T.);
#3509=ORIENTED_EDGE('',*,*,#2526,.T.);
#3510=ORIENTED_EDGE('',*,*,#2327,.F.);
#3511=ORIENTED_EDGE('',*,*,#2526,.F.);
#3512=ORIENTED_EDGE('',*,*,#2527,.T.);
#3513=ORIENTED_EDGE('',*,*,#2528,.T.);
#3514=ORIENTED_EDGE('',*,*,#2320,.F.);
#3515=ORIENTED_EDGE('',*,*,#2528,.F.);
#3516=ORIENTED_EDGE('',*,*,#2529,.T.);
#3517=ORIENTED_EDGE('',*,*,#2514,.T.);
#3518=ORIENTED_EDGE('',*,*,#2515,.F.);
#3519=ORIENTED_EDGE('',*,*,#2529,.F.);
#3520=ORIENTED_EDGE('',*,*,#2527,.F.);
#3521=ORIENTED_EDGE('',*,*,#2525,.F.);
#3522=ORIENTED_EDGE('',*,*,#2523,.F.);
#3523=ORIENTED_EDGE('',*,*,#2521,.F.);
#3524=ORIENTED_EDGE('',*,*,#2519,.F.);
#3525=ORIENTED_EDGE('',*,*,#2517,.F.);
#3526=ORIENTED_EDGE('',*,*,#2530,.F.);
#3527=ORIENTED_EDGE('',*,*,#2531,.F.);
#3528=ORIENTED_EDGE('',*,*,#2532,.F.);
#3529=ORIENTED_EDGE('',*,*,#2533,.F.);
#3530=ORIENTED_EDGE('',*,*,#2534,.F.);
#3531=ORIENTED_EDGE('',*,*,#2535,.F.);
#3532=ORIENTED_EDGE('',*,*,#2536,.F.);
#3533=ORIENTED_EDGE('',*,*,#2537,.F.);
#3534=ORIENTED_EDGE('',*,*,#2530,.T.);
#3535=ORIENTED_EDGE('',*,*,#2538,.T.);
#3536=ORIENTED_EDGE('',*,*,#2539,.F.);
#3537=ORIENTED_EDGE('',*,*,#2540,.F.);
#3538=ORIENTED_EDGE('',*,*,#2531,.T.);
#3539=ORIENTED_EDGE('',*,*,#2537,.T.);
#3540=ORIENTED_EDGE('',*,*,#2541,.F.);
#3541=ORIENTED_EDGE('',*,*,#2542,.F.);
#3542=ORIENTED_EDGE('',*,*,#2532,.T.);
#3543=ORIENTED_EDGE('',*,*,#2540,.T.);
#3544=ORIENTED_EDGE('',*,*,#2543,.F.);
#3545=ORIENTED_EDGE('',*,*,#2544,.F.);
#3546=ORIENTED_EDGE('',*,*,#2533,.T.);
#3547=ORIENTED_EDGE('',*,*,#2542,.T.);
#3548=ORIENTED_EDGE('',*,*,#2545,.F.);
#3549=ORIENTED_EDGE('',*,*,#2546,.F.);
#3550=ORIENTED_EDGE('',*,*,#2534,.T.);
#3551=ORIENTED_EDGE('',*,*,#2544,.T.);
#3552=ORIENTED_EDGE('',*,*,#2547,.F.);
#3553=ORIENTED_EDGE('',*,*,#2538,.F.);
#3554=ORIENTED_EDGE('',*,*,#2535,.T.);
#3555=ORIENTED_EDGE('',*,*,#2546,.T.);
#3556=ORIENTED_EDGE('',*,*,#2288,.F.);
#3557=ORIENTED_EDGE('',*,*,#2548,.F.);
#3558=ORIENTED_EDGE('',*,*,#2549,.T.);
#3559=ORIENTED_EDGE('',*,*,#2550,.T.);
#3560=ORIENTED_EDGE('',*,*,#2289,.F.);
#3561=ORIENTED_EDGE('',*,*,#2550,.F.);
#3562=ORIENTED_EDGE('',*,*,#2551,.T.);
#3563=ORIENTED_EDGE('',*,*,#2552,.T.);
#3564=ORIENTED_EDGE('',*,*,#2290,.F.);
#3565=ORIENTED_EDGE('',*,*,#2552,.F.);
#3566=ORIENTED_EDGE('',*,*,#2553,.T.);
#3567=ORIENTED_EDGE('',*,*,#2554,.T.);
#3568=ORIENTED_EDGE('',*,*,#2291,.F.);
#3569=ORIENTED_EDGE('',*,*,#2554,.F.);
#3570=ORIENTED_EDGE('',*,*,#2555,.T.);
#3571=ORIENTED_EDGE('',*,*,#2556,.T.);
#3572=ORIENTED_EDGE('',*,*,#2287,.F.);
#3573=ORIENTED_EDGE('',*,*,#2556,.F.);
#3574=ORIENTED_EDGE('',*,*,#2557,.T.);
#3575=ORIENTED_EDGE('',*,*,#2548,.T.);
#3576=ORIENTED_EDGE('',*,*,#2549,.F.);
#3577=ORIENTED_EDGE('',*,*,#2557,.F.);
#3578=ORIENTED_EDGE('',*,*,#2555,.F.);
#3579=ORIENTED_EDGE('',*,*,#2553,.F.);
#3580=ORIENTED_EDGE('',*,*,#2551,.F.);
#3581=ORIENTED_EDGE('',*,*,#2558,.F.);
#3582=ORIENTED_EDGE('',*,*,#2559,.F.);
#3583=ORIENTED_EDGE('',*,*,#2560,.F.);
#3584=ORIENTED_EDGE('',*,*,#2561,.F.);
#3585=ORIENTED_EDGE('',*,*,#2562,.F.);
#3586=ORIENTED_EDGE('',*,*,#2563,.F.);
#3587=ORIENTED_EDGE('',*,*,#2564,.F.);
#3588=ORIENTED_EDGE('',*,*,#2562,.T.);
#3589=ORIENTED_EDGE('',*,*,#2565,.T.);
#3590=ORIENTED_EDGE('',*,*,#2566,.F.);
#3591=ORIENTED_EDGE('',*,*,#2567,.F.);
#3592=ORIENTED_EDGE('',*,*,#2558,.T.);
#3593=ORIENTED_EDGE('',*,*,#2564,.T.);
#3594=ORIENTED_EDGE('',*,*,#2568,.F.);
#3595=ORIENTED_EDGE('',*,*,#2569,.F.);
#3596=ORIENTED_EDGE('',*,*,#2559,.T.);
#3597=ORIENTED_EDGE('',*,*,#2567,.T.);
#3598=ORIENTED_EDGE('',*,*,#2570,.F.);
#3599=ORIENTED_EDGE('',*,*,#2571,.F.);
#3600=ORIENTED_EDGE('',*,*,#2560,.T.);
#3601=ORIENTED_EDGE('',*,*,#2569,.T.);
#3602=ORIENTED_EDGE('',*,*,#2572,.F.);
#3603=ORIENTED_EDGE('',*,*,#2565,.F.);
#3604=ORIENTED_EDGE('',*,*,#2561,.T.);
#3605=ORIENTED_EDGE('',*,*,#2571,.T.);
#3606=ORIENTED_EDGE('',*,*,#2293,.F.);
#3607=ORIENTED_EDGE('',*,*,#2573,.F.);
#3608=ORIENTED_EDGE('',*,*,#2574,.T.);
#3609=ORIENTED_EDGE('',*,*,#2575,.T.);
#3610=ORIENTED_EDGE('',*,*,#2294,.F.);
#3611=ORIENTED_EDGE('',*,*,#2575,.F.);
#3612=ORIENTED_EDGE('',*,*,#2576,.T.);
#3613=ORIENTED_EDGE('',*,*,#2577,.T.);
#3614=ORIENTED_EDGE('',*,*,#2295,.F.);
#3615=ORIENTED_EDGE('',*,*,#2577,.F.);
#3616=ORIENTED_EDGE('',*,*,#2578,.T.);
#3617=ORIENTED_EDGE('',*,*,#2579,.T.);
#3618=ORIENTED_EDGE('',*,*,#2296,.F.);
#3619=ORIENTED_EDGE('',*,*,#2579,.F.);
#3620=ORIENTED_EDGE('',*,*,#2580,.T.);
#3621=ORIENTED_EDGE('',*,*,#2581,.T.);
#3622=ORIENTED_EDGE('',*,*,#2297,.F.);
#3623=ORIENTED_EDGE('',*,*,#2581,.F.);
#3624=ORIENTED_EDGE('',*,*,#2582,.T.);
#3625=ORIENTED_EDGE('',*,*,#2583,.T.);
#3626=ORIENTED_EDGE('',*,*,#2298,.F.);
#3627=ORIENTED_EDGE('',*,*,#2583,.F.);
#3628=ORIENTED_EDGE('',*,*,#2584,.T.);
#3629=ORIENTED_EDGE('',*,*,#2585,.T.);
#3630=ORIENTED_EDGE('',*,*,#2299,.F.);
#3631=ORIENTED_EDGE('',*,*,#2585,.F.);
#3632=ORIENTED_EDGE('',*,*,#2586,.T.);
#3633=ORIENTED_EDGE('',*,*,#2587,.T.);
#3634=ORIENTED_EDGE('',*,*,#2300,.F.);
#3635=ORIENTED_EDGE('',*,*,#2587,.F.);
#3636=ORIENTED_EDGE('',*,*,#2588,.T.);
#3637=ORIENTED_EDGE('',*,*,#2589,.T.);
#3638=ORIENTED_EDGE('',*,*,#2301,.F.);
#3639=ORIENTED_EDGE('',*,*,#2589,.F.);
#3640=ORIENTED_EDGE('',*,*,#2590,.T.);
#3641=ORIENTED_EDGE('',*,*,#2591,.T.);
#3642=ORIENTED_EDGE('',*,*,#2302,.F.);
#3643=ORIENTED_EDGE('',*,*,#2591,.F.);
#3644=ORIENTED_EDGE('',*,*,#2592,.T.);
#3645=ORIENTED_EDGE('',*,*,#2593,.T.);
#3646=ORIENTED_EDGE('',*,*,#2303,.F.);
#3647=ORIENTED_EDGE('',*,*,#2593,.F.);
#3648=ORIENTED_EDGE('',*,*,#2594,.T.);
#3649=ORIENTED_EDGE('',*,*,#2595,.T.);
#3650=ORIENTED_EDGE('',*,*,#2292,.F.);
#3651=ORIENTED_EDGE('',*,*,#2595,.F.);
#3652=ORIENTED_EDGE('',*,*,#2596,.T.);
#3653=ORIENTED_EDGE('',*,*,#2573,.T.);
#3654=ORIENTED_EDGE('',*,*,#2574,.F.);
#3655=ORIENTED_EDGE('',*,*,#2596,.F.);
#3656=ORIENTED_EDGE('',*,*,#2594,.F.);
#3657=ORIENTED_EDGE('',*,*,#2592,.F.);
#3658=ORIENTED_EDGE('',*,*,#2590,.F.);
#3659=ORIENTED_EDGE('',*,*,#2588,.F.);
#3660=ORIENTED_EDGE('',*,*,#2586,.F.);
#3661=ORIENTED_EDGE('',*,*,#2584,.F.);
#3662=ORIENTED_EDGE('',*,*,#2582,.F.);
#3663=ORIENTED_EDGE('',*,*,#2580,.F.);
#3664=ORIENTED_EDGE('',*,*,#2578,.F.);
#3665=ORIENTED_EDGE('',*,*,#2576,.F.);
#3666=ORIENTED_EDGE('',*,*,#2305,.F.);
#3667=ORIENTED_EDGE('',*,*,#2597,.F.);
#3668=ORIENTED_EDGE('',*,*,#2598,.T.);
#3669=ORIENTED_EDGE('',*,*,#2599,.T.);
#3670=ORIENTED_EDGE('',*,*,#2306,.F.);
#3671=ORIENTED_EDGE('',*,*,#2599,.F.);
#3672=ORIENTED_EDGE('',*,*,#2600,.T.);
#3673=ORIENTED_EDGE('',*,*,#2601,.T.);
#3674=ORIENTED_EDGE('',*,*,#2307,.F.);
#3675=ORIENTED_EDGE('',*,*,#2601,.F.);
#3676=ORIENTED_EDGE('',*,*,#2602,.T.);
#3677=ORIENTED_EDGE('',*,*,#2603,.T.);
#3678=ORIENTED_EDGE('',*,*,#2308,.F.);
#3679=ORIENTED_EDGE('',*,*,#2603,.F.);
#3680=ORIENTED_EDGE('',*,*,#2604,.T.);
#3681=ORIENTED_EDGE('',*,*,#2605,.T.);
#3682=ORIENTED_EDGE('',*,*,#2309,.F.);
#3683=ORIENTED_EDGE('',*,*,#2605,.F.);
#3684=ORIENTED_EDGE('',*,*,#2606,.T.);
#3685=ORIENTED_EDGE('',*,*,#2607,.T.);
#3686=ORIENTED_EDGE('',*,*,#2310,.F.);
#3687=ORIENTED_EDGE('',*,*,#2607,.F.);
#3688=ORIENTED_EDGE('',*,*,#2608,.T.);
#3689=ORIENTED_EDGE('',*,*,#2609,.T.);
#3690=ORIENTED_EDGE('',*,*,#2311,.F.);
#3691=ORIENTED_EDGE('',*,*,#2609,.F.);
#3692=ORIENTED_EDGE('',*,*,#2610,.T.);
#3693=ORIENTED_EDGE('',*,*,#2611,.T.);
#3694=ORIENTED_EDGE('',*,*,#2312,.F.);
#3695=ORIENTED_EDGE('',*,*,#2611,.F.);
#3696=ORIENTED_EDGE('',*,*,#2612,.T.);
#3697=ORIENTED_EDGE('',*,*,#2613,.T.);
#3698=ORIENTED_EDGE('',*,*,#2313,.F.);
#3699=ORIENTED_EDGE('',*,*,#2613,.F.);
#3700=ORIENTED_EDGE('',*,*,#2614,.T.);
#3701=ORIENTED_EDGE('',*,*,#2615,.T.);
#3702=ORIENTED_EDGE('',*,*,#2304,.F.);
#3703=ORIENTED_EDGE('',*,*,#2615,.F.);
#3704=ORIENTED_EDGE('',*,*,#2616,.T.);
#3705=ORIENTED_EDGE('',*,*,#2597,.T.);
#3706=ORIENTED_EDGE('',*,*,#2598,.F.);
#3707=ORIENTED_EDGE('',*,*,#2616,.F.);
#3708=ORIENTED_EDGE('',*,*,#2614,.F.);
#3709=ORIENTED_EDGE('',*,*,#2612,.F.);
#3710=ORIENTED_EDGE('',*,*,#2610,.F.);
#3711=ORIENTED_EDGE('',*,*,#2608,.F.);
#3712=ORIENTED_EDGE('',*,*,#2606,.F.);
#3713=ORIENTED_EDGE('',*,*,#2604,.F.);
#3714=ORIENTED_EDGE('',*,*,#2602,.F.);
#3715=ORIENTED_EDGE('',*,*,#2600,.F.);
#3716=ORIENTED_EDGE('',*,*,#2315,.F.);
#3717=ORIENTED_EDGE('',*,*,#2617,.F.);
#3718=ORIENTED_EDGE('',*,*,#2618,.T.);
#3719=ORIENTED_EDGE('',*,*,#2619,.T.);
#3720=ORIENTED_EDGE('',*,*,#2316,.F.);
#3721=ORIENTED_EDGE('',*,*,#2619,.F.);
#3722=ORIENTED_EDGE('',*,*,#2620,.T.);
#3723=ORIENTED_EDGE('',*,*,#2621,.T.);
#3724=ORIENTED_EDGE('',*,*,#2317,.F.);
#3725=ORIENTED_EDGE('',*,*,#2621,.F.);
#3726=ORIENTED_EDGE('',*,*,#2622,.T.);
#3727=ORIENTED_EDGE('',*,*,#2623,.T.);
#3728=ORIENTED_EDGE('',*,*,#2318,.F.);
#3729=ORIENTED_EDGE('',*,*,#2623,.F.);
#3730=ORIENTED_EDGE('',*,*,#2624,.T.);
#3731=ORIENTED_EDGE('',*,*,#2625,.T.);
#3732=ORIENTED_EDGE('',*,*,#2319,.F.);
#3733=ORIENTED_EDGE('',*,*,#2625,.F.);
#3734=ORIENTED_EDGE('',*,*,#2626,.T.);
#3735=ORIENTED_EDGE('',*,*,#2627,.T.);
#3736=ORIENTED_EDGE('',*,*,#2314,.F.);
#3737=ORIENTED_EDGE('',*,*,#2627,.F.);
#3738=ORIENTED_EDGE('',*,*,#2628,.T.);
#3739=ORIENTED_EDGE('',*,*,#2617,.T.);
#3740=ORIENTED_EDGE('',*,*,#2618,.F.);
#3741=ORIENTED_EDGE('',*,*,#2628,.F.);
#3742=ORIENTED_EDGE('',*,*,#2626,.F.);
#3743=ORIENTED_EDGE('',*,*,#2624,.F.);
#3744=ORIENTED_EDGE('',*,*,#2622,.F.);
#3745=ORIENTED_EDGE('',*,*,#2620,.F.);
#3746=ORIENTED_EDGE('',*,*,#2539,.T.);
#3747=ORIENTED_EDGE('',*,*,#2536,.T.);
#3748=ORIENTED_EDGE('',*,*,#2547,.T.);
#3749=ORIENTED_EDGE('',*,*,#2545,.T.);
#3750=ORIENTED_EDGE('',*,*,#2543,.T.);
#3751=ORIENTED_EDGE('',*,*,#2541,.T.);
#3752=ORIENTED_EDGE('',*,*,#2566,.T.);
#3753=ORIENTED_EDGE('',*,*,#2563,.T.);
#3754=ORIENTED_EDGE('',*,*,#2572,.T.);
#3755=ORIENTED_EDGE('',*,*,#2570,.T.);
#3756=ORIENTED_EDGE('',*,*,#2568,.T.);
#3757=CYLINDRICAL_SURFACE('',#4189,0.8);
#3758=CYLINDRICAL_SURFACE('',#4192,0.8);
#3759=CYLINDRICAL_SURFACE('',#4218,0.399999999999);
#3760=CYLINDRICAL_SURFACE('',#4226,0.4);
#3761=CYLINDRICAL_SURFACE('',#4233,0.299999999999);
#3762=CYLINDRICAL_SURFACE('',#4237,0.299999999999);
#3763=CYLINDRICAL_SURFACE('',#4246,0.599999999999);
#3764=CYLINDRICAL_SURFACE('',#4251,0.599999999999);
#3765=CYLINDRICAL_SURFACE('',#4262,1.6);
#3766=CYLINDRICAL_SURFACE('',#4263,1.6);
#3767=CYLINDRICAL_SURFACE('',#4264,1.6);
#3768=CYLINDRICAL_SURFACE('',#4265,1.6);
#3769=CYLINDRICAL_SURFACE('',#4269,0.75);
#3770=CYLINDRICAL_SURFACE('',#4271,3.6);
#3771=CYLINDRICAL_SURFACE('',#4277,0.75);
#3772=CYLINDRICAL_SURFACE('',#4295,0.4);
#3773=CYLINDRICAL_SURFACE('',#4296,0.4);
#3774=CYLINDRICAL_SURFACE('',#4310,0.399999999999);
#3775=CYLINDRICAL_SURFACE('',#4311,0.399999999999);
#3776=CYLINDRICAL_SURFACE('',#4313,0.4);
#3777=CYLINDRICAL_SURFACE('',#4314,0.4);
#3778=CYLINDRICAL_SURFACE('',#4315,0.399999999999);
#3779=CYLINDRICAL_SURFACE('',#4316,0.399999999999);
#3780=CYLINDRICAL_SURFACE('',#4318,0.4);
#3781=CYLINDRICAL_SURFACE('',#4319,0.4);
#3782=CYLINDRICAL_SURFACE('',#4323,3.6);
#3783=CYLINDRICAL_SURFACE('',#4349,0.2);
#3784=CYLINDRICAL_SURFACE('',#4351,0.2);
#3785=CYLINDRICAL_SURFACE('',#4359,0.299999999999);
#3786=CYLINDRICAL_SURFACE('',#4361,0.3);
#3787=CYLINDRICAL_SURFACE('',#4376,0.2);
#3788=CYLINDRICAL_SURFACE('',#4378,0.2);
#3789=CYLINDRICAL_SURFACE('',#4395,0.2);
#3790=CYLINDRICAL_SURFACE('',#4397,0.2);
#3791=CYLINDRICAL_SURFACE('',#4405,0.299999999999);
#3792=CYLINDRICAL_SURFACE('',#4407,0.3);
#3793=CYLINDRICAL_SURFACE('',#4413,0.299999999999);
#3794=CYLINDRICAL_SURFACE('',#4415,0.3);
#3795=STYLED_ITEM('',(#7491),#3956);
#3796=STYLED_ITEM('',(#7491),#3957);
#3797=STYLED_ITEM('',(#7491),#3958);
#3798=STYLED_ITEM('',(#7491),#3959);
#3799=STYLED_ITEM('',(#7491),#3960);
#3800=STYLED_ITEM('',(#7491),#3961);
#3801=STYLED_ITEM('',(#7491),#3962);
#3802=STYLED_ITEM('',(#7491),#3963);
#3803=STYLED_ITEM('',(#7491),#3964);
#3804=STYLED_ITEM('',(#7491),#3965);
#3805=STYLED_ITEM('',(#7491),#3966);
#3806=STYLED_ITEM('',(#7491),#3967);
#3807=STYLED_ITEM('',(#7491),#3968);
#3808=STYLED_ITEM('',(#7491),#3969);
#3809=STYLED_ITEM('',(#7491),#3970);
#3810=STYLED_ITEM('',(#7491),#3971);
#3811=STYLED_ITEM('',(#7491),#3972);
#3812=STYLED_ITEM('',(#7491),#3973);
#3813=STYLED_ITEM('',(#7491),#3974);
#3814=STYLED_ITEM('',(#7491),#3975);
#3815=STYLED_ITEM('',(#7491),#3976);
#3816=STYLED_ITEM('',(#7491),#3977);
#3817=STYLED_ITEM('',(#7491),#3978);
#3818=STYLED_ITEM('',(#7491),#3979);
#3819=STYLED_ITEM('',(#7491),#3980);
#3820=STYLED_ITEM('',(#7491),#3981);
#3821=STYLED_ITEM('',(#7491),#3982);
#3822=STYLED_ITEM('',(#7491),#3983);
#3823=STYLED_ITEM('',(#7491),#3984);
#3824=STYLED_ITEM('',(#7491),#3985);
#3825=STYLED_ITEM('',(#7491),#3986);
#3826=STYLED_ITEM('',(#7491),#3987);
#3827=STYLED_ITEM('',(#7491),#3988);
#3828=STYLED_ITEM('',(#7491),#3989);
#3829=STYLED_ITEM('',(#7491),#3990);
#3830=STYLED_ITEM('',(#7491),#3991);
#3831=STYLED_ITEM('',(#7491),#3992);
#3832=STYLED_ITEM('',(#7491),#3993);
#3833=STYLED_ITEM('',(#7491),#3994);
#3834=STYLED_ITEM('',(#7491),#3995);
#3835=STYLED_ITEM('',(#7491),#3996);
#3836=STYLED_ITEM('',(#7491),#3997);
#3837=STYLED_ITEM('',(#7491),#3998);
#3838=STYLED_ITEM('',(#7491),#3999);
#3839=STYLED_ITEM('',(#7491),#4000);
#3840=STYLED_ITEM('',(#7491),#4001);
#3841=STYLED_ITEM('',(#7491),#4002);
#3842=STYLED_ITEM('',(#7491),#4003);
#3843=STYLED_ITEM('',(#7491),#4004);
#3844=STYLED_ITEM('',(#7490),#69);
#3845=STYLED_ITEM('',(#7492),#4005);
#3846=STYLED_ITEM('',(#7492),#4006);
#3847=STYLED_ITEM('',(#7492),#4007);
#3848=STYLED_ITEM('',(#7492),#4008);
#3849=STYLED_ITEM('',(#7492),#4009);
#3850=STYLED_ITEM('',(#7492),#4010);
#3851=STYLED_ITEM('',(#7492),#4011);
#3852=STYLED_ITEM('',(#7492),#4012);
#3853=STYLED_ITEM('',(#7492),#4013);
#3854=STYLED_ITEM('',(#7492),#4014);
#3855=STYLED_ITEM('',(#7492),#4015);
#3856=STYLED_ITEM('',(#7492),#4016);
#3857=STYLED_ITEM('',(#7492),#4017);
#3858=STYLED_ITEM('',(#7492),#4018);
#3859=STYLED_ITEM('',(#7492),#4019);
#3860=STYLED_ITEM('',(#7492),#4020);
#3861=STYLED_ITEM('',(#7492),#4021);
#3862=STYLED_ITEM('',(#7492),#4022);
#3863=STYLED_ITEM('',(#7492),#4023);
#3864=STYLED_ITEM('',(#7492),#4024);
#3865=STYLED_ITEM('',(#7492),#4025);
#3866=STYLED_ITEM('',(#7492),#4026);
#3867=STYLED_ITEM('',(#7492),#4027);
#3868=STYLED_ITEM('',(#7492),#4028);
#3869=STYLED_ITEM('',(#7492),#4029);
#3870=STYLED_ITEM('',(#7492),#4030);
#3871=STYLED_ITEM('',(#7492),#4031);
#3872=STYLED_ITEM('',(#7492),#4032);
#3873=STYLED_ITEM('',(#7492),#4033);
#3874=STYLED_ITEM('',(#7492),#4034);
#3875=STYLED_ITEM('',(#7492),#4035);
#3876=STYLED_ITEM('',(#7492),#4036);
#3877=STYLED_ITEM('',(#7492),#4037);
#3878=STYLED_ITEM('',(#7492),#4038);
#3879=STYLED_ITEM('',(#7492),#4039);
#3880=STYLED_ITEM('',(#7492),#4040);
#3881=STYLED_ITEM('',(#7490),#70);
#3882=STYLED_ITEM('',(#7493),#4041);
#3883=STYLED_ITEM('',(#7493),#4042);
#3884=STYLED_ITEM('',(#7493),#4043);
#3885=STYLED_ITEM('',(#7493),#4044);
#3886=STYLED_ITEM('',(#7493),#4045);
#3887=STYLED_ITEM('',(#7493),#4046);
#3888=STYLED_ITEM('',(#7493),#4047);
#3889=STYLED_ITEM('',(#7493),#4048);
#3890=STYLED_ITEM('',(#7491),#4049);
#3891=STYLED_ITEM('',(#7491),#4050);
#3892=STYLED_ITEM('',(#7491),#4051);
#3893=STYLED_ITEM('',(#7491),#4052);
#3894=STYLED_ITEM('',(#7491),#4053);
#3895=STYLED_ITEM('',(#7491),#4054);
#3896=STYLED_ITEM('',(#7491),#4055);
#3897=STYLED_ITEM('',(#7491),#4056);
#3898=STYLED_ITEM('',(#7491),#4057);
#3899=STYLED_ITEM('',(#7491),#4058);
#3900=STYLED_ITEM('',(#7491),#4059);
#3901=STYLED_ITEM('',(#7491),#4060);
#3902=STYLED_ITEM('',(#7491),#4061);
#3903=STYLED_ITEM('',(#7491),#4062);
#3904=STYLED_ITEM('',(#7491),#4063);
#3905=STYLED_ITEM('',(#7491),#4064);
#3906=STYLED_ITEM('',(#7491),#4065);
#3907=STYLED_ITEM('',(#7491),#4066);
#3908=STYLED_ITEM('',(#7491),#4067);
#3909=STYLED_ITEM('',(#7491),#4068);
#3910=STYLED_ITEM('',(#7491),#4069);
#3911=STYLED_ITEM('',(#7491),#4070);
#3912=STYLED_ITEM('',(#7491),#4071);
#3913=STYLED_ITEM('',(#7491),#4072);
#3914=STYLED_ITEM('',(#7491),#4073);
#3915=STYLED_ITEM('',(#7491),#4074);
#3916=STYLED_ITEM('',(#7491),#4075);
#3917=STYLED_ITEM('',(#7491),#4076);
#3918=STYLED_ITEM('',(#7491),#4077);
#3919=STYLED_ITEM('',(#7491),#4078);
#3920=STYLED_ITEM('',(#7491),#4079);
#3921=STYLED_ITEM('',(#7491),#4080);
#3922=STYLED_ITEM('',(#7491),#4081);
#3923=STYLED_ITEM('',(#7491),#4082);
#3924=STYLED_ITEM('',(#7491),#4083);
#3925=STYLED_ITEM('',(#7491),#4084);
#3926=STYLED_ITEM('',(#7491),#4085);
#3927=STYLED_ITEM('',(#7491),#4086);
#3928=STYLED_ITEM('',(#7491),#4087);
#3929=STYLED_ITEM('',(#7491),#4088);
#3930=STYLED_ITEM('',(#7491),#4089);
#3931=STYLED_ITEM('',(#7491),#4090);
#3932=STYLED_ITEM('',(#7491),#4091);
#3933=STYLED_ITEM('',(#7491),#4092);
#3934=STYLED_ITEM('',(#7491),#4093);
#3935=STYLED_ITEM('',(#7491),#4094);
#3936=STYLED_ITEM('',(#7491),#4095);
#3937=STYLED_ITEM('',(#7491),#4096);
#3938=STYLED_ITEM('',(#7491),#4097);
#3939=STYLED_ITEM('',(#7491),#4098);
#3940=STYLED_ITEM('',(#7491),#4099);
#3941=STYLED_ITEM('',(#7491),#4100);
#3942=STYLED_ITEM('',(#7491),#4101);
#3943=STYLED_ITEM('',(#7491),#4102);
#3944=STYLED_ITEM('',(#7491),#4103);
#3945=STYLED_ITEM('',(#7491),#4104);
#3946=STYLED_ITEM('',(#7491),#4105);
#3947=STYLED_ITEM('',(#7493),#4106);
#3948=STYLED_ITEM('',(#7493),#4107);
#3949=STYLED_ITEM('',(#7493),#4108);
#3950=STYLED_ITEM('',(#7493),#4109);
#3951=STYLED_ITEM('',(#7493),#4110);
#3952=STYLED_ITEM('',(#7493),#4111);
#3953=STYLED_ITEM('',(#7493),#4169);
#3954=STYLED_ITEM('',(#7493),#4170);
#3955=STYLED_ITEM('',(#7490),#71);
#3956=ADVANCED_FACE('',(#262),#3757,.F.);
#3957=ADVANCED_FACE('',(#263),#3758,.F.);
#3958=ADVANCED_FACE('',(#264),#105,.F.);
#3959=ADVANCED_FACE('',(#265),#106,.F.);
#3960=ADVANCED_FACE('',(#266),#107,.F.);
#3961=ADVANCED_FACE('',(#267),#108,.F.);
#3962=ADVANCED_FACE('',(#268),#109,.F.);
#3963=ADVANCED_FACE('',(#269),#110,.F.);
#3964=ADVANCED_FACE('',(#270),#111,.F.);
#3965=ADVANCED_FACE('',(#271),#112,.F.);
#3966=ADVANCED_FACE('',(#272),#113,.F.);
#3967=ADVANCED_FACE('',(#273),#114,.F.);
#3968=ADVANCED_FACE('',(#274),#115,.F.);
#3969=ADVANCED_FACE('',(#275),#116,.F.);
#3970=ADVANCED_FACE('',(#276),#117,.F.);
#3971=ADVANCED_FACE('',(#277),#118,.F.);
#3972=ADVANCED_FACE('',(#278,#82),#119,.F.);
#3973=ADVANCED_FACE('',(#279),#120,.T.);
#3974=ADVANCED_FACE('',(#280),#121,.T.);
#3975=ADVANCED_FACE('',(#281),#122,.T.);
#3976=ADVANCED_FACE('',(#282),#123,.T.);
#3977=ADVANCED_FACE('',(#283),#124,.T.);
#3978=ADVANCED_FACE('',(#284),#125,.T.);
#3979=ADVANCED_FACE('',(#285),#3759,.T.);
#3980=ADVANCED_FACE('',(#286),#126,.F.);
#3981=ADVANCED_FACE('',(#287),#127,.F.);
#3982=ADVANCED_FACE('',(#288),#128,.F.);
#3983=ADVANCED_FACE('',(#289),#129,.F.);
#3984=ADVANCED_FACE('',(#290),#130,.T.);
#3985=ADVANCED_FACE('',(#291),#3760,.T.);
#3986=ADVANCED_FACE('',(#292,#83),#131,.F.);
#3987=ADVANCED_FACE('',(#293,#84),#132,.T.);
#3988=ADVANCED_FACE('',(#294),#3761,.F.);
#3989=ADVANCED_FACE('',(#295),#133,.T.);
#3990=ADVANCED_FACE('',(#296),#3762,.F.);
#3991=ADVANCED_FACE('',(#297,#85),#134,.T.);
#3992=ADVANCED_FACE('',(#298,#86),#135,.F.);
#3993=ADVANCED_FACE('',(#299),#3763,.T.);
#3994=ADVANCED_FACE('',(#300),#3764,.T.);
#3995=ADVANCED_FACE('',(#301),#136,.T.);
#3996=ADVANCED_FACE('',(#302),#137,.F.);
#3997=ADVANCED_FACE('',(#303),#138,.F.);
#3998=ADVANCED_FACE('',(#304),#139,.F.);
#3999=ADVANCED_FACE('',(#305),#140,.F.);
#4000=ADVANCED_FACE('',(#306),#141,.F.);
#4001=ADVANCED_FACE('',(#307),#3765,.T.);
#4002=ADVANCED_FACE('',(#308),#3766,.T.);
#4003=ADVANCED_FACE('',(#309),#3767,.T.);
#4004=ADVANCED_FACE('',(#310),#3768,.T.);
#4005=ADVANCED_FACE('',(#311),#67,.T.);
#4006=ADVANCED_FACE('',(#312),#3769,.T.);
#4007=ADVANCED_FACE('',(#313),#3770,.F.);
#4008=ADVANCED_FACE('',(#314),#68,.T.);
#4009=ADVANCED_FACE('',(#315),#3771,.T.);
#4010=ADVANCED_FACE('',(#316),#63,.T.);
#4011=ADVANCED_FACE('',(#317),#64,.T.);
#4012=ADVANCED_FACE('',(#318),#65,.T.);
#4013=ADVANCED_FACE('',(#319),#66,.T.);
#4014=ADVANCED_FACE('',(#320),#3772,.T.);
#4015=ADVANCED_FACE('',(#321),#3773,.T.);
#4016=ADVANCED_FACE('',(#322),#142,.F.);
#4017=ADVANCED_FACE('',(#323),#143,.F.);
#4018=ADVANCED_FACE('',(#324),#144,.T.);
#4019=ADVANCED_FACE('',(#325),#145,.F.);
#4020=ADVANCED_FACE('',(#326),#146,.F.);
#4021=ADVANCED_FACE('',(#327),#147,.F.);
#4022=ADVANCED_FACE('',(#328),#148,.F.);
#4023=ADVANCED_FACE('',(#329),#149,.F.);
#4024=ADVANCED_FACE('',(#330),#3774,.T.);
#4025=ADVANCED_FACE('',(#331),#3775,.T.);
#4026=ADVANCED_FACE('',(#332),#3776,.T.);
#4027=ADVANCED_FACE('',(#333),#3777,.T.);
#4028=ADVANCED_FACE('',(#334),#3778,.T.);
#4029=ADVANCED_FACE('',(#335),#3779,.T.);
#4030=ADVANCED_FACE('',(#336),#3780,.T.);
#4031=ADVANCED_FACE('',(#337),#3781,.T.);
#4032=ADVANCED_FACE('',(#338,#87),#150,.F.);
#4033=ADVANCED_FACE('',(#339),#151,.F.);
#4034=ADVANCED_FACE('',(#340),#3782,.F.);
#4035=ADVANCED_FACE('',(#341),#152,.F.);
#4036=ADVANCED_FACE('',(#342),#153,.T.);
#4037=ADVANCED_FACE('',(#343,#88),#154,.F.);
#4038=ADVANCED_FACE('',(#344),#155,.T.);
#4039=ADVANCED_FACE('',(#345),#156,.T.);
#4040=ADVANCED_FACE('',(#346),#157,.T.);
#4041=ADVANCED_FACE('',(#347,#89,#90,#91,#92,#93,#94,#95,#96),#158,.T.);
#4042=ADVANCED_FACE('',(#348),#159,.F.);
#4043=ADVANCED_FACE('',(#349),#160,.F.);
#4044=ADVANCED_FACE('',(#350),#161,.F.);
#4045=ADVANCED_FACE('',(#351),#162,.F.);
#4046=ADVANCED_FACE('',(#352),#163,.F.);
#4047=ADVANCED_FACE('',(#353),#164,.F.);
#4048=ADVANCED_FACE('',(#354),#165,.F.);
#4049=ADVANCED_FACE('',(#355,#97),#166,.T.);
#4050=ADVANCED_FACE('',(#356,#98),#167,.F.);
#4051=ADVANCED_FACE('',(#357),#168,.F.);
#4052=ADVANCED_FACE('',(#358),#3783,.T.);
#4053=ADVANCED_FACE('',(#359),#169,.F.);
#4054=ADVANCED_FACE('',(#360),#3784,.T.);
#4055=ADVANCED_FACE('',(#361),#170,.F.);
#4056=ADVANCED_FACE('',(#362),#171,.T.);
#4057=ADVANCED_FACE('',(#363),#172,.T.);
#4058=ADVANCED_FACE('',(#364),#173,.T.);
#4059=ADVANCED_FACE('',(#365),#174,.T.);
#4060=ADVANCED_FACE('',(#366),#175,.T.);
#4061=ADVANCED_FACE('',(#367),#176,.T.);
#4062=ADVANCED_FACE('',(#368),#3785,.T.);
#4063=ADVANCED_FACE('',(#369),#177,.T.);
#4064=ADVANCED_FACE('',(#370),#3786,.T.);
#4065=ADVANCED_FACE('',(#371),#178,.T.);
#4066=ADVANCED_FACE('',(#372),#179,.T.);
#4067=ADVANCED_FACE('',(#373),#180,.T.);
#4068=ADVANCED_FACE('',(#374,#99),#181,.T.);
#4069=ADVANCED_FACE('',(#375,#100),#182,.F.);
#4070=ADVANCED_FACE('',(#376),#183,.F.);
#4071=ADVANCED_FACE('',(#377),#3787,.T.);
#4072=ADVANCED_FACE('',(#378),#184,.F.);
#4073=ADVANCED_FACE('',(#379),#3788,.T.);
#4074=ADVANCED_FACE('',(#380),#185,.F.);
#4075=ADVANCED_FACE('',(#381),#186,.T.);
#4076=ADVANCED_FACE('',(#382),#187,.T.);
#4077=ADVANCED_FACE('',(#383),#188,.T.);
#4078=ADVANCED_FACE('',(#384),#189,.T.);
#4079=ADVANCED_FACE('',(#385,#101),#190,.T.);
#4080=ADVANCED_FACE('',(#386,#102),#191,.F.);
#4081=ADVANCED_FACE('',(#387),#192,.F.);
#4082=ADVANCED_FACE('',(#388),#3789,.T.);
#4083=ADVANCED_FACE('',(#389),#193,.F.);
#4084=ADVANCED_FACE('',(#390),#3790,.T.);
#4085=ADVANCED_FACE('',(#391),#194,.F.);
#4086=ADVANCED_FACE('',(#392),#195,.T.);
#4087=ADVANCED_FACE('',(#393),#196,.T.);
#4088=ADVANCED_FACE('',(#394),#197,.T.);
#4089=ADVANCED_FACE('',(#395),#198,.T.);
#4090=ADVANCED_FACE('',(#396),#199,.T.);
#4091=ADVANCED_FACE('',(#397),#200,.T.);
#4092=ADVANCED_FACE('',(#398),#3791,.T.);
#4093=ADVANCED_FACE('',(#399),#201,.T.);
#4094=ADVANCED_FACE('',(#400),#3792,.T.);
#4095=ADVANCED_FACE('',(#401),#202,.T.);
#4096=ADVANCED_FACE('',(#402),#203,.T.);
#4097=ADVANCED_FACE('',(#403),#204,.T.);
#4098=ADVANCED_FACE('',(#404),#205,.T.);
#4099=ADVANCED_FACE('',(#405),#206,.T.);
#4100=ADVANCED_FACE('',(#406),#3793,.T.);
#4101=ADVANCED_FACE('',(#407),#207,.T.);
#4102=ADVANCED_FACE('',(#408),#3794,.T.);
#4103=ADVANCED_FACE('',(#409),#208,.T.);
#4104=ADVANCED_FACE('',(#410),#209,.T.);
#4105=ADVANCED_FACE('',(#411),#210,.T.);
#4106=ADVANCED_FACE('',(#412),#211,.F.);
#4107=ADVANCED_FACE('',(#413),#212,.F.);
#4108=ADVANCED_FACE('',(#414),#213,.F.);
#4109=ADVANCED_FACE('',(#415),#214,.T.);
#4110=ADVANCED_FACE('',(#416),#215,.T.);
#4111=ADVANCED_FACE('',(#417),#216,.T.);
#4112=ADVANCED_FACE('',(#418),#217,.T.);
#4113=ADVANCED_FACE('',(#419),#218,.T.);
#4114=ADVANCED_FACE('',(#420),#219,.T.);
#4115=ADVANCED_FACE('',(#421),#220,.T.);
#4116=ADVANCED_FACE('',(#422),#221,.T.);
#4117=ADVANCED_FACE('',(#423),#222,.T.);
#4118=ADVANCED_FACE('',(#424),#223,.T.);
#4119=ADVANCED_FACE('',(#425),#224,.T.);
#4120=ADVANCED_FACE('',(#426,#103),#225,.F.);
#4121=ADVANCED_FACE('',(#427),#226,.T.);
#4122=ADVANCED_FACE('',(#428),#227,.T.);
#4123=ADVANCED_FACE('',(#429),#21,.T.);
#4124=ADVANCED_FACE('',(#430),#228,.T.);
#4125=ADVANCED_FACE('',(#431),#22,.T.);
#4126=ADVANCED_FACE('',(#432),#229,.T.);
#4127=ADVANCED_FACE('',(#433),#230,.T.);
#4128=ADVANCED_FACE('',(#434),#231,.T.);
#4129=ADVANCED_FACE('',(#435),#232,.T.);
#4130=ADVANCED_FACE('',(#436),#23,.T.);
#4131=ADVANCED_FACE('',(#437),#24,.T.);
#4132=ADVANCED_FACE('',(#438,#104),#233,.T.);
#4133=ADVANCED_FACE('',(#439),#234,.T.);
#4134=ADVANCED_FACE('',(#440),#25,.T.);
#4135=ADVANCED_FACE('',(#441),#26,.T.);
#4136=ADVANCED_FACE('',(#442),#235,.T.);
#4137=ADVANCED_FACE('',(#443),#236,.T.);
#4138=ADVANCED_FACE('',(#444),#237,.T.);
#4139=ADVANCED_FACE('',(#445),#238,.T.);
#4140=ADVANCED_FACE('',(#446),#239,.T.);
#4141=ADVANCED_FACE('',(#447),#240,.T.);
#4142=ADVANCED_FACE('',(#448),#241,.T.);
#4143=ADVANCED_FACE('',(#449),#242,.T.);
#4144=ADVANCED_FACE('',(#450),#243,.T.);
#4145=ADVANCED_FACE('',(#451),#244,.T.);
#4146=ADVANCED_FACE('',(#452),#245,.T.);
#4147=ADVANCED_FACE('',(#453),#246,.T.);
#4148=ADVANCED_FACE('',(#454),#247,.T.);
#4149=ADVANCED_FACE('',(#455),#248,.T.);
#4150=ADVANCED_FACE('',(#456),#249,.F.);
#4151=ADVANCED_FACE('',(#457),#250,.T.);
#4152=ADVANCED_FACE('',(#458),#27,.T.);
#4153=ADVANCED_FACE('',(#459),#28,.T.);
#4154=ADVANCED_FACE('',(#460),#29,.T.);
#4155=ADVANCED_FACE('',(#461),#30,.T.);
#4156=ADVANCED_FACE('',(#462),#251,.T.);
#4157=ADVANCED_FACE('',(#463),#31,.T.);
#4158=ADVANCED_FACE('',(#464),#32,.T.);
#4159=ADVANCED_FACE('',(#465),#33,.T.);
#4160=ADVANCED_FACE('',(#466),#34,.T.);
#4161=ADVANCED_FACE('',(#467),#252,.T.);
#4162=ADVANCED_FACE('',(#468),#253,.T.);
#4163=ADVANCED_FACE('',(#469),#254,.T.);
#4164=ADVANCED_FACE('',(#470),#255,.T.);
#4165=ADVANCED_FACE('',(#471),#256,.T.);
#4166=ADVANCED_FACE('',(#472),#257,.T.);
#4167=ADVANCED_FACE('',(#473),#258,.T.);
#4168=ADVANCED_FACE('',(#474),#259,.F.);
#4169=ADVANCED_FACE('',(#475),#260,.T.);
#4170=ADVANCED_FACE('',(#476),#261,.T.);
#4171=CLOSED_SHELL('',(#3956,#3957,#3958,#3959,#3960,#3961,#3962,#3963,
#3964,#3965,#3966,#3967,#3968,#3969,#3970,#3971,#3972,#3973,#3974,#3975,
#3976,#3977,#3978,#3979,#3980,#3981,#3982,#3983,#3984,#3985,#3986,#3987,
#3988,#3989,#3990,#3991,#3992,#3993,#3994,#3995,#3996,#3997,#3998,#3999,
#4000,#4001,#4002,#4003,#4004));
#4172=CLOSED_SHELL('',(#4005,#4006,#4007,#4008,#4009,#4010,#4011,#4012,
#4013,#4014,#4015,#4016,#4017,#4018,#4019,#4020,#4021,#4022,#4023,#4024,
#4025,#4026,#4027,#4028,#4029,#4030,#4031,#4032,#4033,#4034,#4035,#4036,
#4037,#4038,#4039,#4040));
#4173=CLOSED_SHELL('',(#4041,#4042,#4043,#4044,#4045,#4046,#4047,#4048,
#4049,#4050,#4051,#4052,#4053,#4054,#4055,#4056,#4057,#4058,#4059,#4060,
#4061,#4062,#4063,#4064,#4065,#4066,#4067,#4068,#4069,#4070,#4071,#4072,
#4073,#4074,#4075,#4076,#4077,#4078,#4079,#4080,#4081,#4082,#4083,#4084,
#4085,#4086,#4087,#4088,#4089,#4090,#4091,#4092,#4093,#4094,#4095,#4096,
#4097,#4098,#4099,#4100,#4101,#4102,#4103,#4104,#4105,#4106,#4107,#4108,
#4109,#4110,#4111,#4112,#4113,#4114,#4115,#4116,#4117,#4118,#4119,#4120,
#4121,#4122,#4123,#4124,#4125,#4126,#4127,#4128,#4129,#4130,#4131,#4132,
#4133,#4134,#4135,#4136,#4137,#4138,#4139,#4140,#4141,#4142,#4143,#4144,
#4145,#4146,#4147,#4148,#4149,#4150,#4151,#4152,#4153,#4154,#4155,#4156,
#4157,#4158,#4159,#4160,#4161,#4162,#4163,#4164,#4165,#4166,#4167,#4168,
#4169,#4170));
#4174=DERIVED_UNIT_ELEMENT(#4176,1.);
#4175=DERIVED_UNIT_ELEMENT(#7459,-3.);
#4176=(
MASS_UNIT()
NAMED_UNIT(*)
SI_UNIT(.KILO.,.GRAM.)
);
#4177=DERIVED_UNIT((#4174,#4175));
#4178=MEASURE_REPRESENTATION_ITEM('density measure',
POSITIVE_RATIO_MEASURE(7850.),#4177);
#4179=PROPERTY_DEFINITION_REPRESENTATION(#4184,#4181);
#4180=PROPERTY_DEFINITION_REPRESENTATION(#4185,#4182);
#4181=REPRESENTATION('material name',(#4183),#7456);
#4182=REPRESENTATION('density',(#4178),#7456);
#4183=DESCRIPTIVE_REPRESENTATION_ITEM('\X2\94A2\X0\','\X2\94A2\X0\');
#4184=PROPERTY_DEFINITION('material property','material name',#7476);
#4185=PROPERTY_DEFINITION('material property','density of part',#7476);
#4186=AXIS2_PLACEMENT_3D('',#5500,#4472,#4473);
#4187=AXIS2_PLACEMENT_3D('',#5501,#4474,#4475);
#4188=AXIS2_PLACEMENT_3D('',#5502,#4476,#4477);
#4189=AXIS2_PLACEMENT_3D('',#5503,#4478,#4479);
#4190=AXIS2_PLACEMENT_3D('',#5505,#4480,#4481);
#4191=AXIS2_PLACEMENT_3D('',#5508,#4483,#4484);
#4192=AXIS2_PLACEMENT_3D('',#5509,#4485,#4486);
#4193=AXIS2_PLACEMENT_3D('',#5511,#4487,#4488);
#4194=AXIS2_PLACEMENT_3D('',#5514,#4490,#4491);
#4195=AXIS2_PLACEMENT_3D('',#5515,#4492,#4493);
#4196=AXIS2_PLACEMENT_3D('',#5524,#4498,#4499);
#4197=AXIS2_PLACEMENT_3D('',#5533,#4504,#4505);
#4198=AXIS2_PLACEMENT_3D('',#5542,#4510,#4511);
#4199=AXIS2_PLACEMENT_3D('',#5548,#4515,#4516);
#4200=AXIS2_PLACEMENT_3D('',#5554,#4520,#4521);
#4201=AXIS2_PLACEMENT_3D('',#5560,#4525,#4526);
#4202=AXIS2_PLACEMENT_3D('',#5566,#4530,#4531);
#4203=AXIS2_PLACEMENT_3D('',#5572,#4535,#4536);
#4204=AXIS2_PLACEMENT_3D('',#5578,#4540,#4541);
#4205=AXIS2_PLACEMENT_3D('',#5584,#4545,#4546);
#4206=AXIS2_PLACEMENT_3D('',#5590,#4550,#4551);
#4207=AXIS2_PLACEMENT_3D('',#5596,#4555,#4556);
#4208=AXIS2_PLACEMENT_3D('',#5602,#4560,#4561);
#4209=AXIS2_PLACEMENT_3D('',#5605,#4564,#4565);
#4210=AXIS2_PLACEMENT_3D('',#5616,#4572,#4573);
#4211=AXIS2_PLACEMENT_3D('',#5619,#4576,#4577);
#4212=AXIS2_PLACEMENT_3D('',#5625,#4581,#4582);
#4213=AXIS2_PLACEMENT_3D('',#5627,#4583,#4584);
#4214=AXIS2_PLACEMENT_3D('',#5631,#4587,#4588);
#4215=AXIS2_PLACEMENT_3D('',#5637,#4592,#4593);
#4216=AXIS2_PLACEMENT_3D('',#5638,#4594,#4595);
#4217=AXIS2_PLACEMENT_3D('',#5640,#4597,#4598);
#4218=AXIS2_PLACEMENT_3D('',#5641,#4599,#4600);
#4219=AXIS2_PLACEMENT_3D('',#5642,#4601,#4602);
#4220=AXIS2_PLACEMENT_3D('',#5648,#4606,#4607);
#4221=AXIS2_PLACEMENT_3D('',#5650,#4608,#4609);
#4222=AXIS2_PLACEMENT_3D('',#5654,#4612,#4613);
#4223=AXIS2_PLACEMENT_3D('',#5660,#4617,#4618);
#4224=AXIS2_PLACEMENT_3D('',#5661,#4619,#4620);
#4225=AXIS2_PLACEMENT_3D('',#5663,#4622,#4623);
#4226=AXIS2_PLACEMENT_3D('',#5664,#4624,#4625);
#4227=AXIS2_PLACEMENT_3D('',#5665,#4626,#4627);
#4228=AXIS2_PLACEMENT_3D('',#5668,#4628,#4629);
#4229=AXIS2_PLACEMENT_3D('',#5670,#4630,#4631);
#4230=AXIS2_PLACEMENT_3D('',#5676,#4635,#4636);
#4231=AXIS2_PLACEMENT_3D('',#5681,#4638,#4639);
#4232=AXIS2_PLACEMENT_3D('',#5683,#4640,#4641);
#4233=AXIS2_PLACEMENT_3D('',#5687,#4644,#4645);
#4234=AXIS2_PLACEMENT_3D('',#5689,#4646,#4647);
#4235=AXIS2_PLACEMENT_3D('',#5692,#4649,#4650);
#4236=AXIS2_PLACEMENT_3D('',#5693,#4651,#4652);
#4237=AXIS2_PLACEMENT_3D('',#5715,#4664,#4665);
#4238=AXIS2_PLACEMENT_3D('',#5717,#4666,#4667);
#4239=AXIS2_PLACEMENT_3D('',#5720,#4669,#4670);
#4240=AXIS2_PLACEMENT_3D('',#5721,#4671,#4672);
#4241=AXIS2_PLACEMENT_3D('',#5724,#4673,#4674);
#4242=AXIS2_PLACEMENT_3D('',#5726,#4675,#4676);
#4243=AXIS2_PLACEMENT_3D('',#5729,#4679,#4680);
#4244=AXIS2_PLACEMENT_3D('',#5734,#4682,#4683);
#4245=AXIS2_PLACEMENT_3D('',#5736,#4684,#4685);
#4246=AXIS2_PLACEMENT_3D('',#5740,#4688,#4689);
#4247=AXIS2_PLACEMENT_3D('',#5741,#4690,#4691);
#4248=AXIS2_PLACEMENT_3D('',#5742,#4692,#4693);
#4249=AXIS2_PLACEMENT_3D('',#5743,#4694,#4695);
#4250=AXIS2_PLACEMENT_3D('',#5744,#4696,#4697);
#4251=AXIS2_PLACEMENT_3D('',#5745,#4698,#4699);
#4252=AXIS2_PLACEMENT_3D('',#5746,#4700,#4701);
#4253=AXIS2_PLACEMENT_3D('',#5747,#4702,#4703);
#4254=AXIS2_PLACEMENT_3D('',#5748,#4704,#4705);
#4255=AXIS2_PLACEMENT_3D('',#5749,#4706,#4707);
#4256=AXIS2_PLACEMENT_3D('',#5750,#4708,#4709);
#4257=AXIS2_PLACEMENT_3D('',#5751,#4710,#4711);
#4258=AXIS2_PLACEMENT_3D('',#5752,#4712,#4713);
#4259=AXIS2_PLACEMENT_3D('',#5754,#4715,#4716);
#4260=AXIS2_PLACEMENT_3D('',#5756,#4718,#4719);
#4261=AXIS2_PLACEMENT_3D('',#5758,#4721,#4722);
#4262=AXIS2_PLACEMENT_3D('',#5760,#4724,#4725);
#4263=AXIS2_PLACEMENT_3D('',#5762,#4727,#4728);
#4264=AXIS2_PLACEMENT_3D('',#5763,#4729,#4730);
#4265=AXIS2_PLACEMENT_3D('',#5765,#4732,#4733);
#4266=AXIS2_PLACEMENT_3D('',#5766,#4734,#4735);
#4267=AXIS2_PLACEMENT_3D('',#5768,#4736,#4737);
#4268=AXIS2_PLACEMENT_3D('',#5771,#4739,#4740);
#4269=AXIS2_PLACEMENT_3D('',#5772,#4741,#4742);
#4270=AXIS2_PLACEMENT_3D('',#5774,#4743,#4744);
#4271=AXIS2_PLACEMENT_3D('',#5776,#4746,#4747);
#4272=AXIS2_PLACEMENT_3D('',#5779,#4748,#4749);
#4273=AXIS2_PLACEMENT_3D('',#5783,#4751,#4752);
#4274=AXIS2_PLACEMENT_3D('',#5785,#4754,#4755);
#4275=AXIS2_PLACEMENT_3D('',#5787,#4756,#4757);
#4276=AXIS2_PLACEMENT_3D('',#5790,#4759,#4760);
#4277=AXIS2_PLACEMENT_3D('',#5791,#4761,#4762);
#4278=AXIS2_PLACEMENT_3D('',#5793,#4763,#4764);
#4279=AXIS2_PLACEMENT_3D('',#5795,#4766,#4767);
#4280=AXIS2_PLACEMENT_3D('',#5798,#4768,#4769);
#4281=AXIS2_PLACEMENT_3D('',#5800,#4770,#4771);
#4282=AXIS2_PLACEMENT_3D('',#5801,#4772,#4773);
#4283=AXIS2_PLACEMENT_3D('',#5802,#4774,#4775);
#4284=AXIS2_PLACEMENT_3D('',#5805,#4776,#4777);
#4285=AXIS2_PLACEMENT_3D('',#5807,#4778,#4779);
#4286=AXIS2_PLACEMENT_3D('',#5808,#4780,#4781);
#4287=AXIS2_PLACEMENT_3D('',#5809,#4782,#4783);
#4288=AXIS2_PLACEMENT_3D('',#5812,#4784,#4785);
#4289=AXIS2_PLACEMENT_3D('',#5814,#4786,#4787);
#4290=AXIS2_PLACEMENT_3D('',#5815,#4788,#4789);
#4291=AXIS2_PLACEMENT_3D('',#5816,#4790,#4791);
#4292=AXIS2_PLACEMENT_3D('',#5819,#4792,#4793);
#4293=AXIS2_PLACEMENT_3D('',#5821,#4794,#4795);
#4294=AXIS2_PLACEMENT_3D('',#5822,#4796,#4797);
#4295=AXIS2_PLACEMENT_3D('',#5823,#4798,#4799);
#4296=AXIS2_PLACEMENT_3D('',#5826,#4802,#4803);
#4297=AXIS2_PLACEMENT_3D('',#5829,#4806,#4807);
#4298=AXIS2_PLACEMENT_3D('',#5844,#4814,#4815);
#4299=AXIS2_PLACEMENT_3D('',#5848,#4817,#4818);
#4300=AXIS2_PLACEMENT_3D('',#5850,#4820,#4821);
#4301=AXIS2_PLACEMENT_3D('',#5857,#4824,#4825);
#4302=AXIS2_PLACEMENT_3D('',#5861,#4827,#4828);
#4303=AXIS2_PLACEMENT_3D('',#5868,#4833,#4834);
#4304=AXIS2_PLACEMENT_3D('',#5876,#4841,#4842);
#4305=AXIS2_PLACEMENT_3D('',#5882,#4846,#4847);
#4306=AXIS2_PLACEMENT_3D('',#5885,#4850,#4851);
#4307=AXIS2_PLACEMENT_3D('',#5888,#4854,#4855);
#4308=AXIS2_PLACEMENT_3D('',#5891,#4858,#4859);
#4309=AXIS2_PLACEMENT_3D('',#5895,#4861,#4862);
#4310=AXIS2_PLACEMENT_3D('',#5902,#4868,#4869);
#4311=AXIS2_PLACEMENT_3D('',#5903,#4870,#4871);
#4312=AXIS2_PLACEMENT_3D('',#5904,#4872,#4873);
#4313=AXIS2_PLACEMENT_3D('',#5905,#4874,#4875);
#4314=AXIS2_PLACEMENT_3D('',#5906,#4876,#4877);
#4315=AXIS2_PLACEMENT_3D('',#5907,#4878,#4879);
#4316=AXIS2_PLACEMENT_3D('',#5908,#4880,#4881);
#4317=AXIS2_PLACEMENT_3D('',#5909,#4882,#4883);
#4318=AXIS2_PLACEMENT_3D('',#5910,#4884,#4885);
#4319=AXIS2_PLACEMENT_3D('',#5911,#4886,#4887);
#4320=AXIS2_PLACEMENT_3D('',#5912,#4888,#4889);
#4321=AXIS2_PLACEMENT_3D('',#5916,#4891,#4892);
#4322=AXIS2_PLACEMENT_3D('',#5918,#4894,#4895);
#4323=AXIS2_PLACEMENT_3D('',#5920,#4897,#4898);
#4324=AXIS2_PLACEMENT_3D('',#5922,#4900,#4901);
#4325=AXIS2_PLACEMENT_3D('',#5923,#4902,#4903);
#4326=AXIS2_PLACEMENT_3D('',#5924,#4904,#4905);
#4327=AXIS2_PLACEMENT_3D('',#5927,#4908,#4909);
#4328=AXIS2_PLACEMENT_3D('',#5928,#4910,#4911);
#4329=AXIS2_PLACEMENT_3D('',#5929,#4912,#4913);
#4330=AXIS2_PLACEMENT_3D('',#5930,#4914,#4915);
#4331=AXIS2_PLACEMENT_3D('',#6209,#4971,#4972);
#4332=AXIS2_PLACEMENT_3D('',#6215,#4976,#4977);
#4333=AXIS2_PLACEMENT_3D('',#6221,#4981,#4982);
#4334=AXIS2_PLACEMENT_3D('',#6240,#4993,#4994);
#4335=AXIS2_PLACEMENT_3D('',#6243,#4997,#4998);
#4336=AXIS2_PLACEMENT_3D('',#6245,#5000,#5001);
#4337=AXIS2_PLACEMENT_3D('',#6247,#5003,#5004);
#4338=AXIS2_PLACEMENT_3D('',#6248,#5005,#5006);
#4339=AXIS2_PLACEMENT_3D('',#6254,#5009,#5010);
#4340=AXIS2_PLACEMENT_3D('',#6260,#5013,#5014);
#4341=AXIS2_PLACEMENT_3D('',#6264,#5016,#5017);
#4342=AXIS2_PLACEMENT_3D('',#6270,#5020,#5021);
#4343=AXIS2_PLACEMENT_3D('',#6282,#5028,#5029);
#4344=AXIS2_PLACEMENT_3D('',#6288,#5032,#5033);
#4345=AXIS2_PLACEMENT_3D('',#6294,#5036,#5037);
#4346=AXIS2_PLACEMENT_3D('',#6298,#5039,#5040);
#4347=AXIS2_PLACEMENT_3D('',#6304,#5043,#5044);
#4348=AXIS2_PLACEMENT_3D('',#6316,#5051,#5052);
#4349=AXIS2_PLACEMENT_3D('',#6319,#5055,#5056);
#4350=AXIS2_PLACEMENT_3D('',#6321,#5058,#5059);
#4351=AXIS2_PLACEMENT_3D('',#6323,#5061,#5062);
#4352=AXIS2_PLACEMENT_3D('',#6325,#5064,#5065);
#4353=AXIS2_PLACEMENT_3D('',#6327,#5067,#5068);
#4354=AXIS2_PLACEMENT_3D('',#6330,#5071,#5072);
#4355=AXIS2_PLACEMENT_3D('',#6332,#5074,#5075);
#4356=AXIS2_PLACEMENT_3D('',#6334,#5077,#5078);
#4357=AXIS2_PLACEMENT_3D('',#6335,#5079,#5080);
#4358=AXIS2_PLACEMENT_3D('',#6337,#5082,#5083);
#4359=AXIS2_PLACEMENT_3D('',#6339,#5085,#5086);
#4360=AXIS2_PLACEMENT_3D('',#6341,#5088,#5089);
#4361=AXIS2_PLACEMENT_3D('',#6342,#5090,#5091);
#4362=AXIS2_PLACEMENT_3D('',#6345,#5094,#5095);
#4363=AXIS2_PLACEMENT_3D('',#6347,#5097,#5098);
#4364=AXIS2_PLACEMENT_3D('',#6348,#5099,#5100);
#4365=AXIS2_PLACEMENT_3D('',#6349,#5101,#5102);
#4366=AXIS2_PLACEMENT_3D('',#6355,#5105,#5106);
#4367=AXIS2_PLACEMENT_3D('',#6361,#5109,#5110);
#4368=AXIS2_PLACEMENT_3D('',#6365,#5112,#5113);
#4369=AXIS2_PLACEMENT_3D('',#6371,#5116,#5117);
#4370=AXIS2_PLACEMENT_3D('',#6383,#5124,#5125);
#4371=AXIS2_PLACEMENT_3D('',#6389,#5128,#5129);
#4372=AXIS2_PLACEMENT_3D('',#6395,#5132,#5133);
#4373=AXIS2_PLACEMENT_3D('',#6399,#5135,#5136);
#4374=AXIS2_PLACEMENT_3D('',#6405,#5139,#5140);
#4375=AXIS2_PLACEMENT_3D('',#6417,#5147,#5148);
#4376=AXIS2_PLACEMENT_3D('',#6420,#5151,#5152);
#4377=AXIS2_PLACEMENT_3D('',#6422,#5154,#5155);
#4378=AXIS2_PLACEMENT_3D('',#6424,#5157,#5158);
#4379=AXIS2_PLACEMENT_3D('',#6426,#5160,#5161);
#4380=AXIS2_PLACEMENT_3D('',#6428,#5163,#5164);
#4381=AXIS2_PLACEMENT_3D('',#6431,#5167,#5168);
#4382=AXIS2_PLACEMENT_3D('',#6433,#5170,#5171);
#4383=AXIS2_PLACEMENT_3D('',#6435,#5173,#5174);
#4384=AXIS2_PLACEMENT_3D('',#6436,#5175,#5176);
#4385=AXIS2_PLACEMENT_3D('',#6442,#5179,#5180);
#4386=AXIS2_PLACEMENT_3D('',#6448,#5183,#5184);
#4387=AXIS2_PLACEMENT_3D('',#6452,#5186,#5187);
#4388=AXIS2_PLACEMENT_3D('',#6458,#5190,#5191);
#4389=AXIS2_PLACEMENT_3D('',#6470,#5198,#5199);
#4390=AXIS2_PLACEMENT_3D('',#6476,#5202,#5203);
#4391=AXIS2_PLACEMENT_3D('',#6482,#5206,#5207);
#4392=AXIS2_PLACEMENT_3D('',#6486,#5209,#5210);
#4393=AXIS2_PLACEMENT_3D('',#6492,#5213,#5214);
#4394=AXIS2_PLACEMENT_3D('',#6504,#5221,#5222);
#4395=AXIS2_PLACEMENT_3D('',#6507,#5225,#5226);
#4396=AXIS2_PLACEMENT_3D('',#6509,#5228,#5229);
#4397=AXIS2_PLACEMENT_3D('',#6511,#5231,#5232);
#4398=AXIS2_PLACEMENT_3D('',#6513,#5234,#5235);
#4399=AXIS2_PLACEMENT_3D('',#6515,#5237,#5238);
#4400=AXIS2_PLACEMENT_3D('',#6518,#5241,#5242);
#4401=AXIS2_PLACEMENT_3D('',#6520,#5244,#5245);
#4402=AXIS2_PLACEMENT_3D('',#6522,#5247,#5248);
#4403=AXIS2_PLACEMENT_3D('',#6523,#5249,#5250);
#4404=AXIS2_PLACEMENT_3D('',#6525,#5252,#5253);
#4405=AXIS2_PLACEMENT_3D('',#6527,#5255,#5256);
#4406=AXIS2_PLACEMENT_3D('',#6529,#5258,#5259);
#4407=AXIS2_PLACEMENT_3D('',#6530,#5260,#5261);
#4408=AXIS2_PLACEMENT_3D('',#6533,#5264,#5265);
#4409=AXIS2_PLACEMENT_3D('',#6535,#5267,#5268);
#4410=AXIS2_PLACEMENT_3D('',#6536,#5269,#5270);
#4411=AXIS2_PLACEMENT_3D('',#6537,#5271,#5272);
#4412=AXIS2_PLACEMENT_3D('',#6539,#5274,#5275);
#4413=AXIS2_PLACEMENT_3D('',#6541,#5277,#5278);
#4414=AXIS2_PLACEMENT_3D('',#6543,#5280,#5281);
#4415=AXIS2_PLACEMENT_3D('',#6544,#5282,#5283);
#4416=AXIS2_PLACEMENT_3D('',#6547,#5286,#5287);
#4417=AXIS2_PLACEMENT_3D('',#6549,#5289,#5290);
#4418=AXIS2_PLACEMENT_3D('',#6550,#5291,#5292);
#4419=AXIS2_PLACEMENT_3D('',#6551,#5293,#5294);
#4420=AXIS2_PLACEMENT_3D('',#6554,#5297,#5298);
#4421=AXIS2_PLACEMENT_3D('',#6555,#5299,#5300);
#4422=AXIS2_PLACEMENT_3D('',#6556,#5301,#5302);
#4423=AXIS2_PLACEMENT_3D('',#6559,#5305,#5306);
#4424=AXIS2_PLACEMENT_3D('',#6560,#5307,#5308);
#4425=AXIS2_PLACEMENT_3D('',#6561,#5309,#5310);
#4426=AXIS2_PLACEMENT_3D('',#6567,#5314,#5315);
#4427=AXIS2_PLACEMENT_3D('',#6571,#5318,#5319);
#4428=AXIS2_PLACEMENT_3D('',#6575,#5322,#5323);
#4429=AXIS2_PLACEMENT_3D('',#6579,#5326,#5327);
#4430=AXIS2_PLACEMENT_3D('',#6583,#5330,#5331);
#4431=AXIS2_PLACEMENT_3D('',#6587,#5334,#5335);
#4432=AXIS2_PLACEMENT_3D('',#6591,#5338,#5339);
#4433=AXIS2_PLACEMENT_3D('',#6593,#5341,#5342);
#4434=AXIS2_PLACEMENT_3D('',#6618,#5347,#5348);
#4435=AXIS2_PLACEMENT_3D('',#6624,#5352,#5353);
#4436=AXIS2_PLACEMENT_3D('',#6651,#5357,#5358);
#4437=AXIS2_PLACEMENT_3D('',#6678,#5362,#5363);
#4438=AXIS2_PLACEMENT_3D('',#6680,#5365,#5366);
#4439=AXIS2_PLACEMENT_3D('',#6686,#5370,#5371);
#4440=AXIS2_PLACEMENT_3D('',#6690,#5374,#5375);
#4441=AXIS2_PLACEMENT_3D('',#6810,#5379,#5380);
#4442=AXIS2_PLACEMENT_3D('',#6857,#5384,#5385);
#4443=AXIS2_PLACEMENT_3D('',#6981,#5391,#5392);
#4444=AXIS2_PLACEMENT_3D('',#6985,#5395,#5396);
#4445=AXIS2_PLACEMENT_3D('',#6987,#5398,#5399);
#4446=AXIS2_PLACEMENT_3D('',#6993,#5403,#5404);
#4447=AXIS2_PLACEMENT_3D('',#6997,#5407,#5408);
#4448=AXIS2_PLACEMENT_3D('',#7001,#5411,#5412);
#4449=AXIS2_PLACEMENT_3D('',#7005,#5415,#5416);
#4450=AXIS2_PLACEMENT_3D('',#7009,#5419,#5420);
#4451=AXIS2_PLACEMENT_3D('',#7013,#5423,#5424);
#4452=AXIS2_PLACEMENT_3D('',#7017,#5427,#5428);
#4453=AXIS2_PLACEMENT_3D('',#7021,#5431,#5432);
#4454=AXIS2_PLACEMENT_3D('',#7025,#5435,#5436);
#4455=AXIS2_PLACEMENT_3D('',#7029,#5439,#5440);
#4456=AXIS2_PLACEMENT_3D('',#7033,#5443,#5444);
#4457=AXIS2_PLACEMENT_3D('',#7035,#5446,#5447);
#4458=AXIS2_PLACEMENT_3D('',#7036,#5448,#5449);
#4459=AXIS2_PLACEMENT_3D('',#7230,#5457,#5458);
#4460=AXIS2_PLACEMENT_3D('',#7420,#5464,#5465);
#4461=AXIS2_PLACEMENT_3D('',#7421,#5466,#5467);
#4462=AXIS2_PLACEMENT_3D('',#7427,#5471,#5472);
#4463=AXIS2_PLACEMENT_3D('',#7431,#5475,#5476);
#4464=AXIS2_PLACEMENT_3D('',#7435,#5479,#5480);
#4465=AXIS2_PLACEMENT_3D('',#7439,#5483,#5484);
#4466=AXIS2_PLACEMENT_3D('',#7443,#5487,#5488);
#4467=AXIS2_PLACEMENT_3D('',#7445,#5490,#5491);
#4468=AXIS2_PLACEMENT_3D('',#7446,#5492,#5493);
#4469=AXIS2_PLACEMENT_3D('',#7447,#5494,#5495);
#4470=AXIS2_PLACEMENT_3D('',#7448,#5496,#5497);
#4471=AXIS2_PLACEMENT_3D('',#7449,#5498,#5499);
#4472=DIRECTION('axis',(0.,0.,1.));
#4473=DIRECTION('refdir',(1.,0.,0.));
#4474=DIRECTION('axis',(0.,0.,1.));
#4475=DIRECTION('refdir',(1.,0.,0.));
#4476=DIRECTION('axis',(0.,0.,1.));
#4477=DIRECTION('refdir',(1.,0.,0.));
#4478=DIRECTION('center_axis',(1.,0.,-1.445602896647E-16));
#4479=DIRECTION('ref_axis',(-1.445602896647E-16,0.,-1.));
#4480=DIRECTION('center_axis',(1.,0.,7.95081593156E-16));
#4481=DIRECTION('ref_axis',(7.95081593156E-16,0.,-1.));
#4482=DIRECTION('',(1.,0.,-1.445602896647E-16));
#4483=DIRECTION('center_axis',(1.,0.,7.95081593156E-16));
#4484=DIRECTION('ref_axis',(7.95081593156E-16,0.,-1.));
#4485=DIRECTION('center_axis',(1.,0.,-1.445602896647E-16));
#4486=DIRECTION('ref_axis',(-1.445602896647E-16,0.,-1.));
#4487=DIRECTION('center_axis',(-1.,0.,1.445602896647E-16));
#4488=DIRECTION('ref_axis',(1.445602896647E-16,0.,1.));
#4489=DIRECTION('',(1.,0.,-1.445602896647E-16));
#4490=DIRECTION('center_axis',(1.,0.,-1.445602896647E-16));
#4491=DIRECTION('ref_axis',(-1.445602896647E-16,0.,-1.));
#4492=DIRECTION('center_axis',(-1.,0.,0.));
#4493=DIRECTION('ref_axis',(0.,0.,1.));
#4494=DIRECTION('',(0.,0.,1.));
#4495=DIRECTION('',(0.,1.,0.));
#4496=DIRECTION('',(0.,0.,-1.));
#4497=DIRECTION('',(0.,1.,0.));
#4498=DIRECTION('center_axis',(-1.,0.,0.));
#4499=DIRECTION('ref_axis',(0.,0.,1.));
#4500=DIRECTION('',(0.,0.,1.));
#4501=DIRECTION('',(0.,1.,0.));
#4502=DIRECTION('',(0.,0.,-1.));
#4503=DIRECTION('',(0.,1.,0.));
#4504=DIRECTION('center_axis',(1.,0.,0.));
#4505=DIRECTION('ref_axis',(0.,0.,-1.));
#4506=DIRECTION('',(0.,-1.,0.));
#4507=DIRECTION('',(0.,0.,1.));
#4508=DIRECTION('',(0.,-1.,0.));
#4509=DIRECTION('',(0.,0.,-1.));
#4510=DIRECTION('center_axis',(0.,1.,0.));
#4511=DIRECTION('ref_axis',(0.,0.,1.));
#4512=DIRECTION('',(1.,0.,0.));
#4513=DIRECTION('',(0.,0.,-1.));
#4514=DIRECTION('',(1.,0.,0.));
#4515=DIRECTION('center_axis',(-1.,0.,0.));
#4516=DIRECTION('ref_axis',(0.,0.,1.));
#4517=DIRECTION('',(0.,1.,0.));
#4518=DIRECTION('',(0.,0.,-1.));
#4519=DIRECTION('',(0.,1.,0.));
#4520=DIRECTION('center_axis',(0.,-1.,0.));
#4521=DIRECTION('ref_axis',(0.,0.,-1.));
#4522=DIRECTION('',(-1.,0.,0.));
#4523=DIRECTION('',(0.,0.,-1.));
#4524=DIRECTION('',(-1.,0.,0.));
#4525=DIRECTION('center_axis',(1.,0.,0.));
#4526=DIRECTION('ref_axis',(0.,0.,-1.));
#4527=DIRECTION('',(0.,-1.,0.));
#4528=DIRECTION('',(0.,0.,-1.));
#4529=DIRECTION('',(0.,-1.,0.));
#4530=DIRECTION('center_axis',(0.,1.,0.));
#4531=DIRECTION('ref_axis',(0.,0.,1.));
#4532=DIRECTION('',(1.,0.,0.));
#4533=DIRECTION('',(0.,0.,-1.));
#4534=DIRECTION('',(1.,0.,0.));
#4535=DIRECTION('center_axis',(1.,0.,0.));
#4536=DIRECTION('ref_axis',(0.,0.,-1.));
#4537=DIRECTION('',(0.,-1.,0.));
#4538=DIRECTION('',(0.,0.,1.));
#4539=DIRECTION('',(0.,-1.,0.));
#4540=DIRECTION('center_axis',(0.,-1.,0.));
#4541=DIRECTION('ref_axis',(0.,0.,-1.));
#4542=DIRECTION('',(-1.,0.,0.));
#4543=DIRECTION('',(0.,0.,-1.));
#4544=DIRECTION('',(-1.,0.,0.));
#4545=DIRECTION('center_axis',(1.,0.,0.));
#4546=DIRECTION('ref_axis',(0.,0.,-1.));
#4547=DIRECTION('',(0.,-1.,0.));
#4548=DIRECTION('',(0.,0.,-1.));
#4549=DIRECTION('',(0.,-1.,0.));
#4550=DIRECTION('center_axis',(0.,1.,0.));
#4551=DIRECTION('ref_axis',(0.,0.,1.));
#4552=DIRECTION('',(1.,0.,0.));
#4553=DIRECTION('',(0.,0.,-1.));
#4554=DIRECTION('',(1.,0.,0.));
#4555=DIRECTION('center_axis',(-1.,0.,0.));
#4556=DIRECTION('ref_axis',(0.,0.,1.));
#4557=DIRECTION('',(0.,1.,0.));
#4558=DIRECTION('',(0.,0.,-1.));
#4559=DIRECTION('',(0.,1.,0.));
#4560=DIRECTION('center_axis',(0.,-1.,0.));
#4561=DIRECTION('ref_axis',(0.,0.,-1.));
#4562=DIRECTION('',(-1.,0.,0.));
#4563=DIRECTION('',(-1.,0.,0.));
#4564=DIRECTION('center_axis',(0.,0.,-1.));
#4565=DIRECTION('ref_axis',(-1.,0.,0.));
#4566=DIRECTION('',(8.850629979473E-17,1.,0.));
#4567=DIRECTION('',(8.850629979473E-17,-1.,0.));
#4568=DIRECTION('',(0.,-1.,0.));
#4569=DIRECTION('',(-1.,0.,0.));
#4570=DIRECTION('',(0.,-1.,0.));
#4571=DIRECTION('',(-1.,0.,0.));
#4572=DIRECTION('center_axis',(0.,0.,-1.));
#4573=DIRECTION('ref_axis',(-1.,0.,0.));
#4574=DIRECTION('',(0.,-1.,0.));
#4575=DIRECTION('',(0.,1.,0.));
#4576=DIRECTION('center_axis',(1.,1.327594496921E-16,0.));
#4577=DIRECTION('ref_axis',(-1.327594496921E-16,1.,0.));
#4578=DIRECTION('',(0.,0.,1.));
#4579=DIRECTION('',(0.,0.,1.));
#4580=DIRECTION('',(-1.327594496921E-16,1.,0.));
#4581=DIRECTION('center_axis',(0.,-1.,0.));
#4582=DIRECTION('ref_axis',(0.,0.,-1.));
#4583=DIRECTION('center_axis',(0.,-1.,0.));
#4584=DIRECTION('ref_axis',(0.,0.,-1.));
#4585=DIRECTION('',(0.,0.,1.));
#4586=DIRECTION('',(1.,0.,0.));
#4587=DIRECTION('center_axis',(-1.,-8.850629979473E-17,0.));
#4588=DIRECTION('ref_axis',(8.850629979473E-17,-1.,0.));
#4589=DIRECTION('',(-8.850629979473E-17,1.,0.));
#4590=DIRECTION('',(0.,0.,1.));
#4591=DIRECTION('',(8.850629979473E-17,-1.,0.));
#4592=DIRECTION('center_axis',(0.,1.,0.));
#4593=DIRECTION('ref_axis',(0.,0.,1.));
#4594=DIRECTION('center_axis',(0.,1.,0.));
#4595=DIRECTION('ref_axis',(0.,0.,1.));
#4596=DIRECTION('',(-1.,0.,0.));
#4597=DIRECTION('center_axis',(0.,0.,-1.));
#4598=DIRECTION('ref_axis',(-1.,0.,0.));
#4599=DIRECTION('center_axis',(-8.850629979473E-17,1.,0.));
#4600=DIRECTION('ref_axis',(-1.,-8.850629979473E-17,0.));
#4601=DIRECTION('center_axis',(1.,-1.327594496921E-16,0.));
#4602=DIRECTION('ref_axis',(1.327594496921E-16,1.,0.));
#4603=DIRECTION('',(0.,0.,1.));
#4604=DIRECTION('',(1.327594496921E-16,1.,0.));
#4605=DIRECTION('',(0.,0.,1.));
#4606=DIRECTION('center_axis',(0.,-1.,0.));
#4607=DIRECTION('ref_axis',(0.,0.,-1.));
#4608=DIRECTION('center_axis',(0.,1.,0.));
#4609=DIRECTION('ref_axis',(0.,0.,-1.));
#4610=DIRECTION('',(0.,0.,1.));
#4611=DIRECTION('',(1.,0.,0.));
#4612=DIRECTION('center_axis',(-1.,8.850629979473E-17,0.));
#4613=DIRECTION('ref_axis',(-8.850629979473E-17,-1.,0.));
#4614=DIRECTION('',(-8.850629979473E-17,-1.,0.));
#4615=DIRECTION('',(0.,0.,1.));
#4616=DIRECTION('',(-8.850629979473E-17,-1.,0.));
#4617=DIRECTION('center_axis',(0.,1.,0.));
#4618=DIRECTION('ref_axis',(0.,0.,1.));
#4619=DIRECTION('center_axis',(0.,-1.,0.));
#4620=DIRECTION('ref_axis',(-9.757819552369E-15,0.,1.));
#4621=DIRECTION('',(-1.,0.,0.));
#4622=DIRECTION('center_axis',(0.,0.,-1.));
#4623=DIRECTION('ref_axis',(1.,0.,0.));
#4624=DIRECTION('center_axis',(-8.850629979473E-17,-1.,0.));
#4625=DIRECTION('ref_axis',(1.,-8.850629979473E-17,0.));
#4626=DIRECTION('center_axis',(1.,0.,7.95081593156E-16));
#4627=DIRECTION('ref_axis',(7.95081593156E-16,0.,-1.));
#4628=DIRECTION('center_axis',(-1.,0.,-7.95081593156E-16));
#4629=DIRECTION('ref_axis',(7.95081593156E-16,-8.872670122488E-16,-1.));
#4630=DIRECTION('center_axis',(-1.,0.,-7.95081593156E-16));
#4631=DIRECTION('ref_axis',(7.95081593156E-16,0.,-1.));
#4632=DIRECTION('',(7.20588639207437E-16,0.422618261740374,-0.906307787036802));
#4633=DIRECTION('',(0.,-1.,0.));
#4634=DIRECTION('',(-7.20588639207437E-16,0.422618261740374,0.906307787036802));
#4635=DIRECTION('center_axis',(1.,0.,7.95081593156E-16));
#4636=DIRECTION('ref_axis',(7.95081593156E-16,0.,-1.));
#4637=DIRECTION('',(7.20588639207437E-16,0.422618261740374,-0.906307787036802));
#4638=DIRECTION('center_axis',(1.,0.,7.95081593156E-16));
#4639=DIRECTION('ref_axis',(7.95081593156E-16,0.,-1.));
#4640=DIRECTION('center_axis',(1.,0.,7.95081593156E-16));
#4641=DIRECTION('ref_axis',(7.95081593156E-16,0.,-1.));
#4642=DIRECTION('',(-7.20588639207437E-16,0.422618261740374,0.906307787036802));
#4643=DIRECTION('',(0.,-1.,0.));
#4644=DIRECTION('center_axis',(0.,-1.,0.));
#4645=DIRECTION('ref_axis',(0.,0.,-1.));
#4646=DIRECTION('center_axis',(9.17849779248773E-13,0.906307787036422,-0.422618261741189));
#4647=DIRECTION('ref_axis',(8.26550074240469E-11,0.422618261741189,0.906307787036422));
#4648=DIRECTION('',(0.,-1.,0.));
#4649=DIRECTION('center_axis',(9.1412883027969E-13,-0.90630778703642,-0.422618261741192));
#4650=DIRECTION('ref_axis',(-8.28336160649905E-11,0.422618261741192,-0.90630778703642));
#4651=DIRECTION('center_axis',(0.,0.,1.));
#4652=DIRECTION('ref_axis',(1.,0.,0.));
#4653=DIRECTION('',(1.,0.,-1.445602896647E-16));
#4654=DIRECTION('',(0.,1.,0.));
#4655=DIRECTION('',(-1.,0.,0.));
#4656=DIRECTION('',(0.,-1.,0.));
#4657=DIRECTION('',(1.,0.,-1.445602896647E-16));
#4658=DIRECTION('',(0.,-1.,0.));
#4659=DIRECTION('',(1.,0.,-1.445602896647E-16));
#4660=DIRECTION('',(0.,-1.,0.));
#4661=DIRECTION('',(-1.,0.,0.));
#4662=DIRECTION('',(0.,1.,0.));
#4663=DIRECTION('',(1.,0.,-1.445602896647E-16));
#4664=DIRECTION('center_axis',(0.,-1.,0.));
#4665=DIRECTION('ref_axis',(0.,0.,-1.));
#4666=DIRECTION('center_axis',(-1.99424024495297E-13,0.906307787036686,
-0.422618261740621));
#4667=DIRECTION('ref_axis',(-5.90720516830353E-11,0.422618261740621,0.906307787036686));
#4668=DIRECTION('',(0.,-1.,0.));
#4669=DIRECTION('center_axis',(-2.11434682560082E-13,-0.906307787036691,
-0.422618261740611));
#4670=DIRECTION('ref_axis',(5.9399500858078E-11,0.422618261740612,-0.906307787036691));
#4671=DIRECTION('center_axis',(-1.,0.,1.445602896647E-16));
#4672=DIRECTION('ref_axis',(1.445602896647E-16,0.,1.));
#4673=DIRECTION('center_axis',(-1.,0.,1.445602896647E-16));
#4674=DIRECTION('ref_axis',(1.445602896647E-16,0.,1.));
#4675=DIRECTION('center_axis',(-1.,0.,1.445602896647E-16));
#4676=DIRECTION('ref_axis',(1.445602896647E-16,0.,1.));
#4677=DIRECTION('',(1.31016116219516E-16,-0.422618261740374,0.906307787036802));
#4678=DIRECTION('',(-1.31016116219516E-16,-0.422618261740374,-0.906307787036802));
#4679=DIRECTION('center_axis',(-1.,0.,1.445602896647E-16));
#4680=DIRECTION('ref_axis',(1.445602896647E-16,0.,1.));
#4681=DIRECTION('',(-1.2477725354241E-16,0.422618261740374,-0.906307787036802));
#4682=DIRECTION('center_axis',(1.,0.,-1.445602896647E-16));
#4683=DIRECTION('ref_axis',(1.445602896647E-16,3.553303213731E-15,1.));
#4684=DIRECTION('center_axis',(1.,0.,-1.445602896647E-16));
#4685=DIRECTION('ref_axis',(1.445602896647E-16,0.,1.));
#4686=DIRECTION('',(1.2477725354241E-16,0.422618261740374,0.906307787036802));
#4687=DIRECTION('',(0.,-1.,0.));
#4688=DIRECTION('center_axis',(0.,-1.,0.));
#4689=DIRECTION('ref_axis',(0.,0.,-1.));
#4690=DIRECTION('center_axis',(2.5510694791299E-11,0.906307787033451,-0.422618261747559));
#4691=DIRECTION('ref_axis',(-1.25795171128683E-11,0.422618261747559,0.906307787033451));
#4692=DIRECTION('center_axis',(0.,1.,0.));
#4693=DIRECTION('ref_axis',(0.,0.,-1.));
#4694=DIRECTION('center_axis',(0.,1.,0.));
#4695=DIRECTION('ref_axis',(0.,0.,-1.));
#4696=DIRECTION('center_axis',(2.55790111955088E-11,-0.906307787033445,
-0.422618261747574));
#4697=DIRECTION('ref_axis',(8.72566625252525E-12,0.422618261747574,-0.906307787033445));
#4698=DIRECTION('center_axis',(0.,-1.,0.));
#4699=DIRECTION('ref_axis',(0.,0.,-1.));
#4700=DIRECTION('center_axis',(-1.06493466386699E-11,0.906307787034977,
-0.422618261744287));
#4701=DIRECTION('ref_axis',(1.59333449088453E-10,0.422618261744287,0.906307787034977));
#4702=DIRECTION('center_axis',(-1.06493466386699E-11,-0.906307787034977,
-0.422618261744286));
#4703=DIRECTION('ref_axis',(-1.57801425408088E-10,0.422618261744286,-0.906307787034977));
#4704=DIRECTION('center_axis',(0.,1.,0.));
#4705=DIRECTION('ref_axis',(0.,0.,-1.));
#4706=DIRECTION('center_axis',(0.,1.,0.));
#4707=DIRECTION('ref_axis',(0.,0.,-1.));
#4708=DIRECTION('center_axis',(0.,1.,0.));
#4709=DIRECTION('ref_axis',(1.,0.,0.));
#4710=DIRECTION('center_axis',(0.,1.,0.));
#4711=DIRECTION('ref_axis',(1.,0.,0.));
#4712=DIRECTION('center_axis',(-6.10938183348941E-17,0.906307787036802,
-0.422618261740374));
#4713=DIRECTION('ref_axis',(-3.0814879110223E-33,0.422618261740374,0.906307787036802));
#4714=DIRECTION('',(-1.,-6.740957013576E-17,4.520728339088E-34));
#4715=DIRECTION('center_axis',(-6.10938183348941E-17,0.906307787036802,
-0.422618261740374));
#4716=DIRECTION('ref_axis',(-3.0814879110223E-33,0.422618261740374,0.906307787036802));
#4717=DIRECTION('',(-1.,-6.740957013576E-17,4.520728339088E-34));
#4718=DIRECTION('center_axis',(-6.10938183348941E-17,-0.906307787036802,
-0.422618261740374));
#4719=DIRECTION('ref_axis',(3.0814879110223E-33,0.422618261740374,-0.906307787036802));
#4720=DIRECTION('',(1.,-6.740957013576E-17,-4.520728339088E-34));
#4721=DIRECTION('center_axis',(-6.10938183348941E-17,-0.906307787036802,
-0.422618261740374));
#4722=DIRECTION('ref_axis',(3.0814879110223E-33,0.422618261740374,-0.906307787036802));
#4723=DIRECTION('',(1.,-6.740957013576E-17,-4.520728339088E-34));
#4724=DIRECTION('center_axis',(-1.,-6.740957013576E-17,0.));
#4725=DIRECTION('ref_axis',(6.740957013576E-17,-1.,0.));
#4726=DIRECTION('',(1.,6.740957013576E-17,0.));
#4727=DIRECTION('center_axis',(-1.,6.740957013576E-17,0.));
#4728=DIRECTION('ref_axis',(-6.740957013576E-17,-1.,0.));
#4729=DIRECTION('center_axis',(-1.,-6.740957013576E-17,0.));
#4730=DIRECTION('ref_axis',(6.740957013576E-17,-1.,0.));
#4731=DIRECTION('',(1.,6.740957013576E-17,0.));
#4732=DIRECTION('center_axis',(-1.,6.740957013576E-17,0.));
#4733=DIRECTION('ref_axis',(-6.740957013576E-17,-1.,0.));
#4734=DIRECTION('center_axis',(1.,0.,0.));
#4735=DIRECTION('ref_axis',(0.,0.,-1.));
#4736=DIRECTION('center_axis',(1.,0.,0.));
#4737=DIRECTION('ref_axis',(0.,0.,1.));
#4738=DIRECTION('',(-0.707106781186865,8.65956056235105E-17,-0.707106781186231));
#4739=DIRECTION('center_axis',(-1.,0.,0.));
#4740=DIRECTION('ref_axis',(0.,0.,1.));
#4741=DIRECTION('center_axis',(1.,0.,0.));
#4742=DIRECTION('ref_axis',(0.,0.,-1.));
#4743=DIRECTION('center_axis',(1.,0.,0.));
#4744=DIRECTION('ref_axis',(0.,0.,-1.));
#4745=DIRECTION('',(-1.,0.,0.));
#4746=DIRECTION('center_axis',(-1.,0.,0.));
#4747=DIRECTION('ref_axis',(0.,0.,1.));
#4748=DIRECTION('center_axis',(1.,0.,0.));
#4749=DIRECTION('ref_axis',(0.,0.,-1.));
#4750=DIRECTION('',(-1.,0.,0.));
#4751=DIRECTION('center_axis',(1.,0.,0.));
#4752=DIRECTION('ref_axis',(0.,0.,-1.));
#4753=DIRECTION('',(-1.,0.,0.));
#4754=DIRECTION('center_axis',(-1.,0.,0.));
#4755=DIRECTION('ref_axis',(0.,0.,1.));
#4756=DIRECTION('center_axis',(-1.,0.,0.));
#4757=DIRECTION('ref_axis',(0.,0.,-1.));
#4758=DIRECTION('',(0.707106781186865,8.65956056235105E-17,0.70710678118623));
#4759=DIRECTION('center_axis',(1.,0.,0.));
#4760=DIRECTION('ref_axis',(0.,0.,-1.));
#4761=DIRECTION('center_axis',(-1.,0.,0.));
#4762=DIRECTION('ref_axis',(0.,0.,1.));
#4763=DIRECTION('center_axis',(1.,0.,0.));
#4764=DIRECTION('ref_axis',(0.,0.,1.));
#4765=DIRECTION('',(1.,0.,0.));
#4766=DIRECTION('center_axis',(0.,1.,0.));
#4767=DIRECTION('ref_axis',(0.,0.,1.));
#4768=DIRECTION('center_axis',(0.,-0.034899496702004,-0.999390827019113));
#4769=DIRECTION('ref_axis',(0.,0.999390827019113,-0.034899496702004));
#4770=DIRECTION('center_axis',(0.,-0.999390827019113,0.034899496702004));
#4771=DIRECTION('ref_axis',(0.,-0.034899496702004,-0.999390827019113));
#4772=DIRECTION('center_axis',(-1.,0.,0.));
#4773=DIRECTION('ref_axis',(0.,0.,1.));
#4774=DIRECTION('center_axis',(0.,1.,0.));
#4775=DIRECTION('ref_axis',(0.,0.,1.));
#4776=DIRECTION('center_axis',(0.,-0.939692620786017,-0.34202014332537));
#4777=DIRECTION('ref_axis',(0.,0.34202014332537,-0.939692620786017));
#4778=DIRECTION('center_axis',(0.,-0.34202014332537,0.939692620786017));
#4779=DIRECTION('ref_axis',(0.,-0.939692620786017,-0.34202014332537));
#4780=DIRECTION('center_axis',(-1.,0.,0.));
#4781=DIRECTION('ref_axis',(0.,0.,1.));
#4782=DIRECTION('center_axis',(0.,1.,0.));
#4783=DIRECTION('ref_axis',(0.,0.,1.));
#4784=DIRECTION('center_axis',(1.,0.,0.));
#4785=DIRECTION('ref_axis',(0.,0.,1.));
#4786=DIRECTION('center_axis',(0.,-0.999390827019113,0.034899496702004));
#4787=DIRECTION('ref_axis',(0.,-0.034899496702004,-0.999390827019113));
#4788=DIRECTION('center_axis',(-6.81085982582877E-16,-0.034899496702004,
-0.999390827019113));
#4789=DIRECTION('ref_axis',(-6.16297582203985E-33,0.999390827019113,-0.034899496702004));
#4790=DIRECTION('center_axis',(0.,1.,0.));
#4791=DIRECTION('ref_axis',(0.,0.,1.));
#4792=DIRECTION('center_axis',(1.,0.,0.));
#4793=DIRECTION('ref_axis',(0.,0.,1.));
#4794=DIRECTION('center_axis',(0.,-0.34202014332537,0.939692620786017));
#4795=DIRECTION('ref_axis',(0.,-0.939692620786017,-0.34202014332537));
#4796=DIRECTION('center_axis',(7.49121330863211E-16,-0.939692620786017,
-0.34202014332537));
#4797=DIRECTION('ref_axis',(0.,0.34202014332537,-0.939692620786017));
#4798=DIRECTION('center_axis',(-1.,0.,0.));
#4799=DIRECTION('ref_axis',(0.,0.,1.));
#4800=DIRECTION('',(-1.,0.,0.));
#4801=DIRECTION('',(-1.,0.,0.));
#4802=DIRECTION('center_axis',(-1.,0.,0.));
#4803=DIRECTION('ref_axis',(0.,0.,1.));
#4804=DIRECTION('',(-1.,0.,0.));
#4805=DIRECTION('',(-1.,0.,0.));
#4806=DIRECTION('center_axis',(0.,0.034899496702004,0.999390827019113));
#4807=DIRECTION('ref_axis',(0.,-0.999390827019113,0.034899496702004));
#4808=DIRECTION('',(-1.,0.,0.));
#4809=DIRECTION('',(0.,0.999390827019113,-0.034899496702004));
#4810=DIRECTION('',(-1.,0.,0.));
#4811=DIRECTION('',(0.,-0.999390827019113,0.034899496702004));
#4812=DIRECTION('',(1.,0.,0.));
#4813=DIRECTION('',(0.,0.999390827019113,-0.034899496702004));
#4814=DIRECTION('center_axis',(0.,-0.034899496702004,-0.999390827019113));
#4815=DIRECTION('ref_axis',(0.,-0.999390827019113,0.034899496702004));
#4816=DIRECTION('',(-1.,0.,0.));
#4817=DIRECTION('center_axis',(0.,-0.034899496702004,-0.999390827019113));
#4818=DIRECTION('ref_axis',(0.,-0.999390827019113,0.034899496702004));
#4819=DIRECTION('',(0.,0.999390827019113,-0.034899496702004));
#4820=DIRECTION('center_axis',(0.,-0.34202014332537,0.939692620786017));
#4821=DIRECTION('ref_axis',(0.,-0.939692620786017,-0.34202014332537));
#4822=DIRECTION('',(-1.,0.,0.));
#4823=DIRECTION('',(0.,0.939692620786017,0.34202014332537));
#4824=DIRECTION('center_axis',(0.,0.34202014332537,-0.939692620786017));
#4825=DIRECTION('ref_axis',(4.33680868994669E-15,-0.939692620786017,-0.34202014332537));
#4826=DIRECTION('',(-1.,0.,0.));
#4827=DIRECTION('center_axis',(0.,0.34202014332537,-0.939692620786017));
#4828=DIRECTION('ref_axis',(4.33680868994669E-15,-0.939692620786017,-0.34202014332537));
#4829=DIRECTION('',(0.,0.939692620786017,0.34202014332537));
#4830=DIRECTION('',(1.,0.,0.));
#4831=DIRECTION('',(0.,-0.939692620786017,-0.34202014332537));
#4832=DIRECTION('',(0.,0.939692620786017,0.34202014332537));
#4833=DIRECTION('center_axis',(-1.,0.,0.));
#4834=DIRECTION('ref_axis',(0.,0.,1.));
#4835=DIRECTION('',(0.,-0.411116027174293,0.91158302540165));
#4836=DIRECTION('',(0.,-0.109299929965002,-0.99400881550902));
#4837=DIRECTION('',(0.,0.034899496702004,0.999390827019113));
#4838=DIRECTION('',(0.,0.999390827019113,-0.034899496702004));
#4839=DIRECTION('',(0.,0.939692620786017,0.34202014332537));
#4840=DIRECTION('',(0.,0.34202014332537,-0.939692620786017));
#4841=DIRECTION('center_axis',(0.,-0.034899496702004,-0.999390827019113));
#4842=DIRECTION('ref_axis',(0.,0.999390827019113,-0.034899496702004));
#4843=DIRECTION('',(-1.,0.,0.));
#4844=DIRECTION('',(0.,-0.999390827019113,0.034899496702004));
#4845=DIRECTION('',(0.,0.999390827019113,-0.034899496702004));
#4846=DIRECTION('center_axis',(0.,0.999390827019113,-0.034899496702004));
#4847=DIRECTION('ref_axis',(0.,0.034899496702004,0.999390827019113));
#4848=DIRECTION('',(0.,-0.034899496702004,-0.999390827019113));
#4849=DIRECTION('',(0.,0.034899496702004,0.999390827019113));
#4850=DIRECTION('center_axis',(0.,-0.939692620786017,-0.34202014332537));
#4851=DIRECTION('ref_axis',(0.,0.34202014332537,-0.939692620786017));
#4852=DIRECTION('',(0.,-0.34202014332537,0.939692620786017));
#4853=DIRECTION('',(0.,0.34202014332537,-0.939692620786017));
#4854=DIRECTION('center_axis',(0.,0.34202014332537,-0.939692620786017));
#4855=DIRECTION('ref_axis',(0.,0.939692620786017,0.34202014332537));
#4856=DIRECTION('',(0.,-0.939692620786017,-0.34202014332537));
#4857=DIRECTION('',(0.,0.939692620786017,0.34202014332537));
#4858=DIRECTION('center_axis',(-1.,0.,0.));
#4859=DIRECTION('ref_axis',(0.,0.,1.));
#4860=DIRECTION('',(0.,-0.109299929965002,-0.99400881550902));
#4861=DIRECTION('center_axis',(1.,0.,0.));
#4862=DIRECTION('ref_axis',(0.,0.,-1.));
#4863=DIRECTION('',(0.,-0.411116027174293,0.91158302540165));
#4864=DIRECTION('',(0.,-0.34202014332537,0.939692620786017));
#4865=DIRECTION('',(0.,-0.939692620786017,-0.34202014332537));
#4866=DIRECTION('',(0.,-0.999390827019113,0.034899496702004));
#4867=DIRECTION('',(0.,-0.034899496702004,-0.999390827019113));
#4868=DIRECTION('center_axis',(0.,0.34202014332537,-0.939692620786017));
#4869=DIRECTION('ref_axis',(0.,0.939692620786017,0.34202014332537));
#4870=DIRECTION('center_axis',(0.,0.939692620786017,0.34202014332537));
#4871=DIRECTION('ref_axis',(0.,-0.34202014332537,0.939692620786017));
#4872=DIRECTION('center_axis',(-1.34206634895721E-12,-0.987688340595415,
-0.156434465038479));
#4873=DIRECTION('ref_axis',(-1.52751550169063E-10,0.156434465038479,-0.987688340595415));
#4874=DIRECTION('center_axis',(0.,0.999390827019113,-0.034899496702004));
#4875=DIRECTION('ref_axis',(0.,0.034899496702004,0.999390827019113));
#4876=DIRECTION('center_axis',(0.,0.034899496702004,0.999390827019113));
#4877=DIRECTION('ref_axis',(0.,-0.999390827019113,0.034899496702004));
#4878=DIRECTION('center_axis',(0.,-0.34202014332537,0.939692620786017));
#4879=DIRECTION('ref_axis',(0.,-0.939692620786017,-0.34202014332537));
#4880=DIRECTION('center_axis',(0.,-0.939692620786017,-0.34202014332537));
#4881=DIRECTION('ref_axis',(0.,0.34202014332537,-0.939692620786017));
#4882=DIRECTION('center_axis',(1.34705462508048E-12,-0.987688340595416,
-0.156434465038474));
#4883=DIRECTION('ref_axis',(5.89574323921367E-11,0.156434465038474,-0.987688340595416));
#4884=DIRECTION('center_axis',(0.,-0.999390827019113,0.034899496702004));
#4885=DIRECTION('ref_axis',(0.,-0.034899496702004,-0.999390827019113));
#4886=DIRECTION('center_axis',(0.,-0.034899496702004,-0.999390827019113));
#4887=DIRECTION('ref_axis',(0.,0.999390827019113,-0.034899496702004));
#4888=DIRECTION('center_axis',(-1.,0.,0.));
#4889=DIRECTION('ref_axis',(0.,0.,1.));
#4890=DIRECTION('',(0.,-0.411116027174293,0.91158302540165));
#4891=DIRECTION('center_axis',(1.,0.,0.));
#4892=DIRECTION('ref_axis',(0.,0.,-1.));
#4893=DIRECTION('',(0.,-0.109299929965002,-0.99400881550902));
#4894=DIRECTION('center_axis',(0.,-0.99400881550902,0.109299929965002));
#4895=DIRECTION('ref_axis',(0.,-0.109299929965002,-0.99400881550902));
#4896=DIRECTION('',(1.,0.,0.));
#4897=DIRECTION('center_axis',(1.,0.,0.));
#4898=DIRECTION('ref_axis',(0.,-0.156434465040214,0.98768834059514));
#4899=DIRECTION('',(1.,0.,0.));
#4900=DIRECTION('center_axis',(0.,0.91158302540165,0.411116027174293));
#4901=DIRECTION('ref_axis',(0.,-0.411116027174293,0.91158302540165));
#4902=DIRECTION('center_axis',(1.,0.,0.));
#4903=DIRECTION('ref_axis',(0.,0.,-1.));
#4904=DIRECTION('center_axis',(1.,0.,0.));
#4905=DIRECTION('ref_axis',(0.,0.,1.));
#4906=DIRECTION('',(0.,-0.109299929965002,-0.99400881550902));
#4907=DIRECTION('',(0.,-0.411116027174293,0.91158302540165));
#4908=DIRECTION('center_axis',(0.,-0.91158302540165,-0.411116027174293));
#4909=DIRECTION('ref_axis',(0.,0.411116027174293,-0.91158302540165));
#4910=DIRECTION('center_axis',(0.,0.99400881550902,-0.109299929965002));
#4911=DIRECTION('ref_axis',(0.,0.109299929965002,0.99400881550902));
#4912=DIRECTION('center_axis',(-1.,0.,0.));
#4913=DIRECTION('ref_axis',(0.,0.,-1.));
#4914=DIRECTION('center_axis',(0.,0.,-1.));
#4915=DIRECTION('ref_axis',(-1.,0.,0.));
#4916=DIRECTION('',(0.,1.,0.));
#4917=DIRECTION('',(-1.,0.,0.));
#4918=DIRECTION('',(0.,-1.,0.));
#4919=DIRECTION('',(1.,0.,0.));
#4920=DIRECTION('',(0.,1.,0.));
#4921=DIRECTION('',(1.,0.,0.));
#4922=DIRECTION('',(0.,-1.,0.));
#4923=DIRECTION('',(-1.,0.,0.));
#4924=DIRECTION('',(0.,-1.,0.));
#4925=DIRECTION('',(1.,0.,0.));
#4926=DIRECTION('',(0.,-1.,0.));
#4927=DIRECTION('',(-1.,0.,0.));
#4928=DIRECTION('',(1.,0.,0.));
#4929=DIRECTION('',(0.,1.,0.));
#4930=DIRECTION('',(-1.,0.,0.));
#4931=DIRECTION('',(-1.,0.,0.));
#4932=DIRECTION('',(0.,-1.,0.));
#4933=DIRECTION('',(1.,0.,0.));
#4934=DIRECTION('',(0.,1.,0.));
#4935=DIRECTION('',(-1.,0.,0.));
#4936=DIRECTION('',(0.,-1.,0.));
#4937=DIRECTION('',(1.,0.,0.));
#4938=DIRECTION('',(0.,-1.,0.));
#4939=DIRECTION('',(-1.,0.,0.));
#4940=DIRECTION('',(0.,-1.,0.));
#4941=DIRECTION('',(1.,0.,0.));
#4942=DIRECTION('',(0.,-1.,0.));
#4943=DIRECTION('',(0.,-1.,0.));
#4944=DIRECTION('',(0.,-1.,0.));
#4945=DIRECTION('',(-1.,0.,0.));
#4946=DIRECTION('',(0.,-1.,0.));
#4947=DIRECTION('',(1.,0.,0.));
#4948=DIRECTION('',(0.,1.,0.));
#4949=DIRECTION('',(-1.,0.,0.));
#4950=DIRECTION('',(0.,-1.,0.));
#4951=DIRECTION('',(-1.,0.,0.));
#4952=DIRECTION('',(-0.363542485652114,-0.931577619485291,0.));
#4953=DIRECTION('',(1.,0.,0.));
#4954=DIRECTION('',(0.339330377274274,0.940667260543758,0.));
#4955=DIRECTION('',(1.,0.,0.));
#4956=DIRECTION('',(0.322202485606089,-0.946670776072261,0.));
#4957=DIRECTION('',(1.,0.,0.));
#4958=DIRECTION('',(-0.353622392329054,0.935388263580144,0.));
#4959=DIRECTION('',(1.,0.,1.975654610886E-16));
#4960=DIRECTION('',(0.,1.,0.));
#4961=DIRECTION('',(1.,0.,1.975654610886E-16));
#4962=DIRECTION('',(0.,1.,0.));
#4963=DIRECTION('',(1.,0.,1.975654610886E-16));
#4964=DIRECTION('',(0.,1.,0.));
#4965=DIRECTION('',(1.,0.,1.975654610886E-16));
#4966=DIRECTION('',(0.,1.,0.));
#4967=DIRECTION('',(1.,0.,1.975654610886E-16));
#4968=DIRECTION('',(0.,1.,0.));
#4969=DIRECTION('',(1.,0.,1.975654610886E-16));
#4970=DIRECTION('',(0.,1.,0.));
#4971=DIRECTION('center_axis',(-1.,0.,0.));
#4972=DIRECTION('ref_axis',(0.,0.,1.));
#4973=DIRECTION('',(0.,0.,1.));
#4974=DIRECTION('',(0.,0.,-1.));
#4975=DIRECTION('',(0.,1.,0.));
#4976=DIRECTION('center_axis',(-1.,0.,0.));
#4977=DIRECTION('ref_axis',(0.,0.,1.));
#4978=DIRECTION('',(0.,0.,-1.));
#4979=DIRECTION('',(0.,1.,0.));
#4980=DIRECTION('',(0.,0.,-1.));
#4981=DIRECTION('center_axis',(0.,0.,-1.));
#4982=DIRECTION('ref_axis',(-1.,0.,0.));
#4983=DIRECTION('',(1.,0.,0.));
#4984=DIRECTION('',(-1.,0.,0.));
#4985=DIRECTION('',(0.,-1.,0.));
#4986=DIRECTION('',(-1.,0.,0.));
#4987=DIRECTION('',(0.,1.,0.));
#4988=DIRECTION('',(-1.,0.,0.));
#4989=DIRECTION('',(0.,-1.,0.));
#4990=DIRECTION('',(1.,0.,0.));
#4991=DIRECTION('',(1.,0.,0.));
#4992=DIRECTION('',(0.,1.,0.));
#4993=DIRECTION('center_axis',(1.,0.,0.));
#4994=DIRECTION('ref_axis',(0.,0.,-1.));
#4995=DIRECTION('',(0.,0.,-1.));
#4996=DIRECTION('',(0.,0.,-1.));
#4997=DIRECTION('center_axis',(0.,-1.,0.));
#4998=DIRECTION('ref_axis',(0.,0.,-1.));
#4999=DIRECTION('',(0.,0.,-1.));
#5000=DIRECTION('center_axis',(1.,0.,0.));
#5001=DIRECTION('ref_axis',(0.,0.,-1.));
#5002=DIRECTION('',(0.,0.,1.));
#5003=DIRECTION('center_axis',(0.,1.,0.));
#5004=DIRECTION('ref_axis',(0.,0.,1.));
#5005=DIRECTION('center_axis',(0.,1.,0.));
#5006=DIRECTION('ref_axis',(0.,0.,1.));
#5007=DIRECTION('',(0.866025403784762,0.,-0.49999999999944));
#5008=DIRECTION('',(-0.49999999999944,0.,-0.866025403784762));
#5009=DIRECTION('center_axis',(0.,1.,0.));
#5010=DIRECTION('ref_axis',(0.,0.,1.));
#5011=DIRECTION('',(-0.866025403784762,0.,0.49999999999944));
#5012=DIRECTION('',(-5.860552289071E-17,0.,-1.));
#5013=DIRECTION('center_axis',(0.,1.,0.));
#5014=DIRECTION('ref_axis',(0.,0.,1.));
#5015=DIRECTION('',(-1.,0.,0.));
#5016=DIRECTION('center_axis',(0.,1.,0.));
#5017=DIRECTION('ref_axis',(0.,0.,1.));
#5018=DIRECTION('',(5.860552289071E-17,0.,1.));
#5019=DIRECTION('',(-0.866025403784762,0.,-0.49999999999944));
#5020=DIRECTION('center_axis',(0.,1.,0.));
#5021=DIRECTION('ref_axis',(0.,0.,-1.));
#5022=DIRECTION('',(-0.49999999999944,0.,0.866025403784762));
#5023=DIRECTION('',(0.866025403784762,0.,0.49999999999944));
#5024=DIRECTION('',(-1.204669080539E-16,0.,-1.));
#5025=DIRECTION('',(1.,0.,0.));
#5026=DIRECTION('',(1.204669080539E-16,0.,1.));
#5027=DIRECTION('',(-1.,0.,4.565061778886E-16));
#5028=DIRECTION('center_axis',(0.,1.,0.));
#5029=DIRECTION('ref_axis',(0.,0.,1.));
#5030=DIRECTION('',(0.866025403784762,0.,0.49999999999944));
#5031=DIRECTION('',(-0.49999999999944,0.,0.866025403784762));
#5032=DIRECTION('center_axis',(0.,1.,0.));
#5033=DIRECTION('ref_axis',(0.,0.,-1.));
#5034=DIRECTION('',(-0.866025403784762,0.,-0.49999999999944));
#5035=DIRECTION('',(5.860552289071E-17,0.,1.));
#5036=DIRECTION('center_axis',(0.,1.,0.));
#5037=DIRECTION('ref_axis',(0.,0.,1.));
#5038=DIRECTION('',(-1.,0.,0.));
#5039=DIRECTION('center_axis',(0.,1.,0.));
#5040=DIRECTION('ref_axis',(0.,0.,1.));
#5041=DIRECTION('',(-5.860552289071E-17,0.,-1.));
#5042=DIRECTION('',(-0.866025403784762,0.,0.49999999999944));
#5043=DIRECTION('center_axis',(0.,1.,0.));
#5044=DIRECTION('ref_axis',(0.,0.,1.));
#5045=DIRECTION('',(-0.49999999999944,0.,-0.866025403784762));
#5046=DIRECTION('',(0.866025403784762,0.,-0.49999999999944));
#5047=DIRECTION('',(1.,0.,0.));
#5048=DIRECTION('',(-1.204669080539E-16,0.,-1.));
#5049=DIRECTION('',(-1.,0.,4.565061778886E-16));
#5050=DIRECTION('',(1.204669080539E-16,0.,1.));
#5051=DIRECTION('center_axis',(-1.,0.,5.860552289071E-17));
#5052=DIRECTION('ref_axis',(5.860552289071E-17,0.,1.));
#5053=DIRECTION('',(0.,1.,0.));
#5054=DIRECTION('',(0.,-1.,0.));
#5055=DIRECTION('center_axis',(0.,-1.,0.));
#5056=DIRECTION('ref_axis',(0.,0.,-1.));
#5057=DIRECTION('',(0.,-1.,0.));
#5058=DIRECTION('center_axis',(0.,0.,1.));
#5059=DIRECTION('ref_axis',(1.,0.,0.));
#5060=DIRECTION('',(0.,-1.,0.));
#5061=DIRECTION('center_axis',(0.,-1.,0.));
#5062=DIRECTION('ref_axis',(0.,0.,-1.));
#5063=DIRECTION('',(0.,-1.,0.));
#5064=DIRECTION('center_axis',(1.,0.,-5.860552289071E-17));
#5065=DIRECTION('ref_axis',(-5.860552289071E-17,0.,-1.));
#5066=DIRECTION('',(0.,1.,0.));
#5067=DIRECTION('center_axis',(0.,0.,-1.));
#5068=DIRECTION('ref_axis',(-1.,0.,0.));
#5069=DIRECTION('',(0.,-1.,0.));
#5070=DIRECTION('',(0.,-1.,0.));
#5071=DIRECTION('center_axis',(-1.,0.,1.204669080539E-16));
#5072=DIRECTION('ref_axis',(1.204669080539E-16,0.,1.));
#5073=DIRECTION('',(0.,-1.,0.));
#5074=DIRECTION('center_axis',(4.565061778886E-16,0.,1.));
#5075=DIRECTION('ref_axis',(1.,0.,-4.565061778886E-16));
#5076=DIRECTION('',(0.,-1.,0.));
#5077=DIRECTION('center_axis',(1.,0.,-1.204669080539E-16));
#5078=DIRECTION('ref_axis',(-1.204669080539E-16,0.,-1.));
#5079=DIRECTION('center_axis',(-0.49999999999944,0.,0.866025403784762));
#5080=DIRECTION('ref_axis',(0.866025403784762,0.,0.49999999999944));
#5081=DIRECTION('',(0.,1.,0.));
#5082=DIRECTION('center_axis',(-0.866025403784762,0.,-0.49999999999944));
#5083=DIRECTION('ref_axis',(-0.49999999999944,0.,0.866025403784762));
#5084=DIRECTION('',(0.,1.,0.));
#5085=DIRECTION('center_axis',(0.,1.,0.));
#5086=DIRECTION('ref_axis',(-0.258819045103597,0.,-0.96592582628878));
#5087=DIRECTION('',(0.,1.,0.));
#5088=DIRECTION('center_axis',(0.49999999999944,0.,-0.866025403784762));
#5089=DIRECTION('ref_axis',(-0.866025403784762,0.,-0.49999999999944));
#5090=DIRECTION('center_axis',(0.,1.,0.));
#5091=DIRECTION('ref_axis',(0.258819045103597,0.,-0.96592582628878));
#5092=DIRECTION('',(0.,1.,0.));
#5093=DIRECTION('',(0.,1.,0.));
#5094=DIRECTION('center_axis',(0.866025403784762,0.,-0.49999999999944));
#5095=DIRECTION('ref_axis',(-0.49999999999944,0.,-0.866025403784762));
#5096=DIRECTION('',(0.,1.,0.));
#5097=DIRECTION('center_axis',(0.49999999999944,0.,0.866025403784762));
#5098=DIRECTION('ref_axis',(0.866025403784762,0.,-0.49999999999944));
#5099=DIRECTION('center_axis',(-0.49999999999944,0.,-0.866025403784762));
#5100=DIRECTION('ref_axis',(-0.866025403784762,0.,0.49999999999944));
#5101=DIRECTION('center_axis',(0.,1.,0.));
#5102=DIRECTION('ref_axis',(0.,0.,1.));
#5103=DIRECTION('',(0.866025403784762,0.,-0.49999999999944));
#5104=DIRECTION('',(-0.49999999999944,0.,-0.866025403784762));
#5105=DIRECTION('center_axis',(0.,1.,0.));
#5106=DIRECTION('ref_axis',(0.,0.,1.));
#5107=DIRECTION('',(-0.866025403784762,0.,0.49999999999944));
#5108=DIRECTION('',(-5.860552289071E-17,0.,-1.));
#5109=DIRECTION('center_axis',(0.,1.,0.));
#5110=DIRECTION('ref_axis',(0.,0.,1.));
#5111=DIRECTION('',(-1.,0.,0.));
#5112=DIRECTION('center_axis',(0.,1.,0.));
#5113=DIRECTION('ref_axis',(0.,0.,1.));
#5114=DIRECTION('',(5.860552289071E-17,0.,1.));
#5115=DIRECTION('',(-0.866025403784762,0.,-0.49999999999944));
#5116=DIRECTION('center_axis',(0.,1.,0.));
#5117=DIRECTION('ref_axis',(0.,0.,-1.));
#5118=DIRECTION('',(-0.49999999999944,0.,0.866025403784762));
#5119=DIRECTION('',(0.866025403784762,0.,0.49999999999944));
#5120=DIRECTION('',(-1.204669080539E-16,0.,-1.));
#5121=DIRECTION('',(1.,0.,0.));
#5122=DIRECTION('',(1.204669080539E-16,0.,1.));
#5123=DIRECTION('',(-1.,0.,4.565061778886E-16));
#5124=DIRECTION('center_axis',(0.,1.,0.));
#5125=DIRECTION('ref_axis',(0.,0.,1.));
#5126=DIRECTION('',(0.866025403784762,0.,0.49999999999944));
#5127=DIRECTION('',(-0.49999999999944,0.,0.866025403784762));
#5128=DIRECTION('center_axis',(0.,1.,0.));
#5129=DIRECTION('ref_axis',(0.,0.,-1.));
#5130=DIRECTION('',(-0.866025403784762,0.,-0.49999999999944));
#5131=DIRECTION('',(5.860552289071E-17,0.,1.));
#5132=DIRECTION('center_axis',(0.,1.,0.));
#5133=DIRECTION('ref_axis',(0.,0.,1.));
#5134=DIRECTION('',(-1.,0.,0.));
#5135=DIRECTION('center_axis',(0.,1.,0.));
#5136=DIRECTION('ref_axis',(0.,0.,1.));
#5137=DIRECTION('',(-5.860552289071E-17,0.,-1.));
#5138=DIRECTION('',(-0.866025403784762,0.,0.49999999999944));
#5139=DIRECTION('center_axis',(0.,1.,0.));
#5140=DIRECTION('ref_axis',(0.,0.,1.));
#5141=DIRECTION('',(-0.49999999999944,0.,-0.866025403784762));
#5142=DIRECTION('',(0.866025403784762,0.,-0.49999999999944));
#5143=DIRECTION('',(1.,0.,0.));
#5144=DIRECTION('',(-1.204669080539E-16,0.,-1.));
#5145=DIRECTION('',(-1.,0.,4.565061778886E-16));
#5146=DIRECTION('',(1.204669080539E-16,0.,1.));
#5147=DIRECTION('center_axis',(-1.,0.,5.860552289071E-17));
#5148=DIRECTION('ref_axis',(5.860552289071E-17,0.,1.));
#5149=DIRECTION('',(0.,1.,0.));
#5150=DIRECTION('',(0.,-1.,0.));
#5151=DIRECTION('center_axis',(0.,-1.,0.));
#5152=DIRECTION('ref_axis',(0.,0.,-1.));
#5153=DIRECTION('',(0.,-1.,0.));
#5154=DIRECTION('center_axis',(0.,0.,1.));
#5155=DIRECTION('ref_axis',(1.,0.,0.));
#5156=DIRECTION('',(0.,-1.,0.));
#5157=DIRECTION('center_axis',(0.,-1.,0.));
#5158=DIRECTION('ref_axis',(0.,0.,-1.));
#5159=DIRECTION('',(0.,-1.,0.));
#5160=DIRECTION('center_axis',(1.,0.,-5.860552289071E-17));
#5161=DIRECTION('ref_axis',(-5.860552289071E-17,0.,-1.));
#5162=DIRECTION('',(0.,1.,0.));
#5163=DIRECTION('center_axis',(0.,0.,-1.));
#5164=DIRECTION('ref_axis',(-1.,0.,0.));
#5165=DIRECTION('',(0.,-1.,0.));
#5166=DIRECTION('',(0.,-1.,0.));
#5167=DIRECTION('center_axis',(-1.,0.,1.204669080539E-16));
#5168=DIRECTION('ref_axis',(1.204669080539E-16,0.,1.));
#5169=DIRECTION('',(0.,-1.,0.));
#5170=DIRECTION('center_axis',(4.565061778886E-16,0.,1.));
#5171=DIRECTION('ref_axis',(1.,0.,-4.565061778886E-16));
#5172=DIRECTION('',(0.,-1.,0.));
#5173=DIRECTION('center_axis',(1.,0.,-1.204669080539E-16));
#5174=DIRECTION('ref_axis',(-1.204669080539E-16,0.,-1.));
#5175=DIRECTION('center_axis',(0.,1.,0.));
#5176=DIRECTION('ref_axis',(0.,0.,1.));
#5177=DIRECTION('',(0.866025403784762,0.,-0.49999999999944));
#5178=DIRECTION('',(-0.49999999999944,0.,-0.866025403784762));
#5179=DIRECTION('center_axis',(0.,1.,0.));
#5180=DIRECTION('ref_axis',(0.,0.,1.));
#5181=DIRECTION('',(-0.866025403784762,0.,0.49999999999944));
#5182=DIRECTION('',(-5.860552289071E-17,0.,-1.));
#5183=DIRECTION('center_axis',(0.,1.,0.));
#5184=DIRECTION('ref_axis',(0.,0.,1.));
#5185=DIRECTION('',(-1.,0.,0.));
#5186=DIRECTION('center_axis',(0.,1.,0.));
#5187=DIRECTION('ref_axis',(0.,0.,1.));
#5188=DIRECTION('',(5.860552289071E-17,0.,1.));
#5189=DIRECTION('',(-0.866025403784762,0.,-0.49999999999944));
#5190=DIRECTION('center_axis',(0.,1.,0.));
#5191=DIRECTION('ref_axis',(0.,0.,-1.));
#5192=DIRECTION('',(-0.49999999999944,0.,0.866025403784762));
#5193=DIRECTION('',(0.866025403784762,0.,0.49999999999944));
#5194=DIRECTION('',(-1.204669080539E-16,0.,-1.));
#5195=DIRECTION('',(1.,0.,0.));
#5196=DIRECTION('',(1.204669080539E-16,0.,1.));
#5197=DIRECTION('',(-1.,0.,4.565061778886E-16));
#5198=DIRECTION('center_axis',(0.,1.,0.));
#5199=DIRECTION('ref_axis',(0.,0.,1.));
#5200=DIRECTION('',(0.866025403784762,0.,0.49999999999944));
#5201=DIRECTION('',(-0.49999999999944,0.,0.866025403784762));
#5202=DIRECTION('center_axis',(0.,1.,0.));
#5203=DIRECTION('ref_axis',(0.,0.,-1.));
#5204=DIRECTION('',(-0.866025403784762,0.,-0.49999999999944));
#5205=DIRECTION('',(5.860552289071E-17,0.,1.));
#5206=DIRECTION('center_axis',(0.,1.,0.));
#5207=DIRECTION('ref_axis',(0.,0.,1.));
#5208=DIRECTION('',(-1.,0.,0.));
#5209=DIRECTION('center_axis',(0.,1.,0.));
#5210=DIRECTION('ref_axis',(0.,0.,1.));
#5211=DIRECTION('',(-5.860552289071E-17,0.,-1.));
#5212=DIRECTION('',(-0.866025403784762,0.,0.49999999999944));
#5213=DIRECTION('center_axis',(0.,1.,0.));
#5214=DIRECTION('ref_axis',(0.,0.,1.));
#5215=DIRECTION('',(-0.49999999999944,0.,-0.866025403784762));
#5216=DIRECTION('',(0.866025403784762,0.,-0.49999999999944));
#5217=DIRECTION('',(1.,0.,0.));
#5218=DIRECTION('',(-1.204669080539E-16,0.,-1.));
#5219=DIRECTION('',(-1.,0.,4.565061778886E-16));
#5220=DIRECTION('',(1.204669080539E-16,0.,1.));
#5221=DIRECTION('center_axis',(-1.,0.,5.860552289071E-17));
#5222=DIRECTION('ref_axis',(5.860552289071E-17,0.,1.));
#5223=DIRECTION('',(0.,1.,0.));
#5224=DIRECTION('',(0.,-1.,0.));
#5225=DIRECTION('center_axis',(0.,-1.,0.));
#5226=DIRECTION('ref_axis',(0.,0.,-1.));
#5227=DIRECTION('',(0.,-1.,0.));
#5228=DIRECTION('center_axis',(0.,0.,1.));
#5229=DIRECTION('ref_axis',(1.,0.,0.));
#5230=DIRECTION('',(0.,-1.,0.));
#5231=DIRECTION('center_axis',(0.,-1.,0.));
#5232=DIRECTION('ref_axis',(0.,0.,-1.));
#5233=DIRECTION('',(0.,-1.,0.));
#5234=DIRECTION('center_axis',(1.,0.,-5.860552289071E-17));
#5235=DIRECTION('ref_axis',(-5.860552289071E-17,0.,-1.));
#5236=DIRECTION('',(0.,1.,0.));
#5237=DIRECTION('center_axis',(0.,0.,-1.));
#5238=DIRECTION('ref_axis',(-1.,0.,0.));
#5239=DIRECTION('',(0.,-1.,0.));
#5240=DIRECTION('',(0.,-1.,0.));
#5241=DIRECTION('center_axis',(-1.,0.,1.204669080539E-16));
#5242=DIRECTION('ref_axis',(1.204669080539E-16,0.,1.));
#5243=DIRECTION('',(0.,-1.,0.));
#5244=DIRECTION('center_axis',(4.565061778886E-16,0.,1.));
#5245=DIRECTION('ref_axis',(1.,0.,-4.565061778886E-16));
#5246=DIRECTION('',(0.,-1.,0.));
#5247=DIRECTION('center_axis',(1.,0.,-1.204669080539E-16));
#5248=DIRECTION('ref_axis',(-1.204669080539E-16,0.,-1.));
#5249=DIRECTION('center_axis',(-0.49999999999944,0.,0.866025403784762));
#5250=DIRECTION('ref_axis',(0.866025403784762,0.,0.49999999999944));
#5251=DIRECTION('',(0.,1.,0.));
#5252=DIRECTION('center_axis',(-0.866025403784762,0.,-0.49999999999944));
#5253=DIRECTION('ref_axis',(-0.49999999999944,0.,0.866025403784762));
#5254=DIRECTION('',(0.,1.,0.));
#5255=DIRECTION('center_axis',(0.,1.,0.));
#5256=DIRECTION('ref_axis',(-0.258819045103597,0.,-0.96592582628878));
#5257=DIRECTION('',(0.,1.,0.));
#5258=DIRECTION('center_axis',(0.49999999999944,0.,-0.866025403784762));
#5259=DIRECTION('ref_axis',(-0.866025403784762,0.,-0.49999999999944));
#5260=DIRECTION('center_axis',(0.,1.,0.));
#5261=DIRECTION('ref_axis',(0.258819045103597,0.,-0.96592582628878));
#5262=DIRECTION('',(0.,1.,0.));
#5263=DIRECTION('',(0.,1.,0.));
#5264=DIRECTION('center_axis',(0.866025403784762,0.,-0.49999999999944));
#5265=DIRECTION('ref_axis',(-0.49999999999944,0.,-0.866025403784762));
#5266=DIRECTION('',(0.,1.,0.));
#5267=DIRECTION('center_axis',(0.49999999999944,0.,0.866025403784762));
#5268=DIRECTION('ref_axis',(0.866025403784762,0.,-0.49999999999944));
#5269=DIRECTION('center_axis',(-0.49999999999944,0.,-0.866025403784762));
#5270=DIRECTION('ref_axis',(-0.866025403784762,0.,0.49999999999944));
#5271=DIRECTION('center_axis',(-0.49999999999944,0.,0.866025403784762));
#5272=DIRECTION('ref_axis',(0.866025403784762,0.,0.49999999999944));
#5273=DIRECTION('',(0.,1.,0.));
#5274=DIRECTION('center_axis',(-0.866025403784762,0.,-0.49999999999944));
#5275=DIRECTION('ref_axis',(-0.49999999999944,0.,0.866025403784762));
#5276=DIRECTION('',(0.,1.,0.));
#5277=DIRECTION('center_axis',(0.,1.,0.));
#5278=DIRECTION('ref_axis',(-0.258819045103597,0.,-0.96592582628878));
#5279=DIRECTION('',(0.,1.,0.));
#5280=DIRECTION('center_axis',(0.49999999999944,0.,-0.866025403784762));
#5281=DIRECTION('ref_axis',(-0.866025403784762,0.,-0.49999999999944));
#5282=DIRECTION('center_axis',(0.,1.,0.));
#5283=DIRECTION('ref_axis',(0.258819045103597,0.,-0.96592582628878));
#5284=DIRECTION('',(0.,1.,0.));
#5285=DIRECTION('',(0.,1.,0.));
#5286=DIRECTION('center_axis',(0.866025403784762,0.,-0.49999999999944));
#5287=DIRECTION('ref_axis',(-0.49999999999944,0.,-0.866025403784762));
#5288=DIRECTION('',(0.,1.,0.));
#5289=DIRECTION('center_axis',(0.49999999999944,0.,0.866025403784762));
#5290=DIRECTION('ref_axis',(0.866025403784762,0.,-0.49999999999944));
#5291=DIRECTION('center_axis',(-0.49999999999944,0.,-0.866025403784762));
#5292=DIRECTION('ref_axis',(-0.866025403784762,0.,0.49999999999944));
#5293=DIRECTION('center_axis',(1.,0.,0.));
#5294=DIRECTION('ref_axis',(0.,0.,-1.));
#5295=DIRECTION('',(0.,0.,1.));
#5296=DIRECTION('',(0.,0.,1.));
#5297=DIRECTION('center_axis',(0.,-1.,0.));
#5298=DIRECTION('ref_axis',(0.,0.,-1.));
#5299=DIRECTION('center_axis',(0.,1.,0.));
#5300=DIRECTION('ref_axis',(0.,0.,1.));
#5301=DIRECTION('center_axis',(1.,0.,0.));
#5302=DIRECTION('ref_axis',(0.,0.,-1.));
#5303=DIRECTION('',(0.,0.,1.));
#5304=DIRECTION('',(0.,0.,1.));
#5305=DIRECTION('center_axis',(0.,-1.,0.));
#5306=DIRECTION('ref_axis',(0.,0.,-1.));
#5307=DIRECTION('center_axis',(0.,1.,0.));
#5308=DIRECTION('ref_axis',(0.,0.,1.));
#5309=DIRECTION('center_axis',(0.931577619485292,-0.363542485652114,0.));
#5310=DIRECTION('ref_axis',(0.363542485652114,0.931577619485292,0.));
#5311=DIRECTION('',(0.,0.,-1.));
#5312=DIRECTION('',(-0.363542485652114,-0.931577619485291,0.));
#5313=DIRECTION('',(0.,0.,-1.));
#5314=DIRECTION('center_axis',(0.,1.,0.));
#5315=DIRECTION('ref_axis',(0.,0.,1.));
#5316=DIRECTION('',(1.,0.,0.));
#5317=DIRECTION('',(0.,0.,-1.));
#5318=DIRECTION('center_axis',(-0.940667260543758,0.339330377274274,0.));
#5319=DIRECTION('ref_axis',(-0.339330377274274,-0.940667260543758,0.));
#5320=DIRECTION('',(0.339330377274274,0.940667260543758,0.));
#5321=DIRECTION('',(0.,0.,-1.));
#5322=DIRECTION('center_axis',(0.,1.,0.));
#5323=DIRECTION('ref_axis',(0.,0.,1.));
#5324=DIRECTION('',(1.,0.,0.));
#5325=DIRECTION('',(0.,0.,-1.));
#5326=DIRECTION('center_axis',(0.946670776072262,0.322202485606089,0.));
#5327=DIRECTION('ref_axis',(-0.322202485606089,0.946670776072262,0.));
#5328=DIRECTION('',(0.322202485606089,-0.946670776072261,0.));
#5329=DIRECTION('',(0.,0.,-1.));
#5330=DIRECTION('center_axis',(0.,1.,0.));
#5331=DIRECTION('ref_axis',(0.,0.,1.));
#5332=DIRECTION('',(1.,0.,0.));
#5333=DIRECTION('',(0.,0.,-1.));
#5334=DIRECTION('center_axis',(-0.935388263580144,-0.353622392329054,0.));
#5335=DIRECTION('ref_axis',(0.353622392329054,-0.935388263580144,0.));
#5336=DIRECTION('',(-0.353622392329054,0.935388263580144,0.));
#5337=DIRECTION('',(0.,0.,-1.));
#5338=DIRECTION('center_axis',(0.,-1.,0.));
#5339=DIRECTION('ref_axis',(0.,0.,-1.));
#5340=DIRECTION('',(-1.,0.,0.));
#5341=DIRECTION('center_axis',(0.,0.,1.));
#5342=DIRECTION('ref_axis',(1.,0.,0.));
#5343=DIRECTION('',(-1.,0.,0.));
#5344=DIRECTION('',(0.336390827665096,-0.941722470297269,0.));
#5345=DIRECTION('',(1.,0.,0.));
#5346=DIRECTION('',(0.339053795485361,0.940766986967002,0.));
#5347=DIRECTION('center_axis',(0.,-1.,0.));
#5348=DIRECTION('ref_axis',(0.,0.,-1.));
#5349=DIRECTION('',(-1.,0.,0.));
#5350=DIRECTION('',(0.,0.,-1.));
#5351=DIRECTION('',(0.,0.,-1.));
#5352=DIRECTION('center_axis',(0.94172247029727,0.336390827665096,0.));
#5353=DIRECTION('ref_axis',(-0.336390827665096,0.94172247029727,0.));
#5354=DIRECTION('',(0.336390827665096,-0.941722470297269,0.));
#5355=DIRECTION('',(0.,0.,-1.));
#5356=DIRECTION('',(0.,0.,-1.));
#5357=DIRECTION('center_axis',(0.,1.,0.));
#5358=DIRECTION('ref_axis',(0.,0.,1.));
#5359=DIRECTION('',(1.,0.,0.));
#5360=DIRECTION('',(0.,0.,-1.));
#5361=DIRECTION('',(0.,0.,-1.));
#5362=DIRECTION('center_axis',(-0.940766986967002,0.339053795485361,0.));
#5363=DIRECTION('ref_axis',(-0.339053795485361,-0.940766986967002,0.));
#5364=DIRECTION('',(0.339053795485361,0.940766986967002,0.));
#5365=DIRECTION('center_axis',(0.,1.,0.));
#5366=DIRECTION('ref_axis',(0.,0.,1.));
#5367=DIRECTION('',(0.,0.,-1.));
#5368=DIRECTION('',(1.,0.,0.));
#5369=DIRECTION('',(0.,0.,-1.));
#5370=DIRECTION('center_axis',(-1.,0.,0.));
#5371=DIRECTION('ref_axis',(0.,0.,1.));
#5372=DIRECTION('',(0.,1.,0.));
#5373=DIRECTION('',(0.,0.,-1.));
#5374=DIRECTION('center_axis',(0.,-1.,0.));
#5375=DIRECTION('ref_axis',(0.,0.,-1.));
#5376=DIRECTION('',(-1.,0.,0.));
#5377=DIRECTION('',(0.,0.,-1.));
#5378=DIRECTION('',(0.,0.,-1.));
#5379=DIRECTION('center_axis',(0.,0.,-1.));
#5380=DIRECTION('ref_axis',(-1.,0.,0.));
#5381=DIRECTION('',(-1.,0.,0.));
#5382=DIRECTION('',(0.,-1.,0.));
#5383=DIRECTION('',(1.,0.,0.));
#5384=DIRECTION('center_axis',(0.,1.,0.));
#5385=DIRECTION('ref_axis',(0.,0.,1.));
#5386=DIRECTION('',(1.,0.,0.));
#5387=DIRECTION('',(0.,0.,-1.));
#5388=DIRECTION('',(0.,0.,-1.));
#5389=DIRECTION('',(0.,0.,-1.));
#5390=DIRECTION('',(0.,0.,-1.));
#5391=DIRECTION('center_axis',(0.,-1.,0.));
#5392=DIRECTION('ref_axis',(0.,0.,-1.));
#5393=DIRECTION('',(-1.,0.,0.));
#5394=DIRECTION('',(0.,0.,-1.));
#5395=DIRECTION('center_axis',(1.,0.,0.));
#5396=DIRECTION('ref_axis',(0.,0.,-1.));
#5397=DIRECTION('',(0.,-1.,0.));
#5398=DIRECTION('center_axis',(1.,0.,0.));
#5399=DIRECTION('ref_axis',(0.,0.,-1.));
#5400=DIRECTION('',(0.,0.,-1.));
#5401=DIRECTION('',(0.,-1.,0.));
#5402=DIRECTION('',(0.,0.,-1.));
#5403=DIRECTION('center_axis',(0.,1.,0.));
#5404=DIRECTION('ref_axis',(0.,0.,1.));
#5405=DIRECTION('',(1.,0.,0.));
#5406=DIRECTION('',(0.,0.,-1.));
#5407=DIRECTION('center_axis',(-1.,0.,0.));
#5408=DIRECTION('ref_axis',(0.,0.,1.));
#5409=DIRECTION('',(0.,1.,0.));
#5410=DIRECTION('',(0.,0.,-1.));
#5411=DIRECTION('center_axis',(0.,-1.,0.));
#5412=DIRECTION('ref_axis',(0.,0.,-1.));
#5413=DIRECTION('',(-1.,0.,0.));
#5414=DIRECTION('',(0.,0.,-1.));
#5415=DIRECTION('center_axis',(1.,0.,0.));
#5416=DIRECTION('ref_axis',(0.,0.,-1.));
#5417=DIRECTION('',(0.,-1.,0.));
#5418=DIRECTION('',(0.,0.,-1.));
#5419=DIRECTION('center_axis',(0.,1.,0.));
#5420=DIRECTION('ref_axis',(0.,0.,1.));
#5421=DIRECTION('',(1.,0.,0.));
#5422=DIRECTION('',(0.,0.,-1.));
#5423=DIRECTION('center_axis',(1.,0.,0.));
#5424=DIRECTION('ref_axis',(0.,0.,-1.));
#5425=DIRECTION('',(0.,-1.,0.));
#5426=DIRECTION('',(0.,0.,-1.));
#5427=DIRECTION('center_axis',(0.,-1.,0.));
#5428=DIRECTION('ref_axis',(0.,0.,-1.));
#5429=DIRECTION('',(-1.,0.,0.));
#5430=DIRECTION('',(0.,0.,-1.));
#5431=DIRECTION('center_axis',(1.,0.,0.));
#5432=DIRECTION('ref_axis',(0.,0.,-1.));
#5433=DIRECTION('',(0.,-1.,0.));
#5434=DIRECTION('',(0.,0.,-1.));
#5435=DIRECTION('center_axis',(0.,1.,0.));
#5436=DIRECTION('ref_axis',(0.,0.,1.));
#5437=DIRECTION('',(1.,0.,0.));
#5438=DIRECTION('',(0.,0.,-1.));
#5439=DIRECTION('center_axis',(1.,0.,0.));
#5440=DIRECTION('ref_axis',(0.,0.,-1.));
#5441=DIRECTION('',(0.,-1.,0.));
#5442=DIRECTION('',(0.,0.,-1.));
#5443=DIRECTION('center_axis',(0.,-1.,0.));
#5444=DIRECTION('ref_axis',(0.,0.,-1.));
#5445=DIRECTION('',(-1.,0.,0.));
#5446=DIRECTION('center_axis',(0.,0.,1.));
#5447=DIRECTION('ref_axis',(1.,0.,0.));
#5448=DIRECTION('center_axis',(1.,0.,0.));
#5449=DIRECTION('ref_axis',(0.,0.,-1.));
#5450=DIRECTION('',(0.,0.,-1.));
#5451=DIRECTION('',(0.,-1.,0.));
#5452=DIRECTION('',(0.,0.,-1.));
#5453=DIRECTION('',(0.,0.,-1.));
#5454=DIRECTION('',(0.,0.,-1.));
#5455=DIRECTION('',(0.,0.,-1.));
#5456=DIRECTION('',(0.,0.,-1.));
#5457=DIRECTION('center_axis',(1.,0.,0.));
#5458=DIRECTION('ref_axis',(0.,0.,-1.));
#5459=DIRECTION('',(0.,-1.,0.));
#5460=DIRECTION('',(0.,0.,-1.));
#5461=DIRECTION('',(0.,0.,-1.));
#5462=DIRECTION('',(0.,0.,-1.));
#5463=DIRECTION('',(0.,0.,-1.));
#5464=DIRECTION('center_axis',(0.,0.,-1.));
#5465=DIRECTION('ref_axis',(-1.,0.,0.));
#5466=DIRECTION('center_axis',(1.,0.,0.));
#5467=DIRECTION('ref_axis',(0.,0.,-1.));
#5468=DIRECTION('',(0.,0.,-1.));
#5469=DIRECTION('',(0.,-1.,0.));
#5470=DIRECTION('',(0.,0.,-1.));
#5471=DIRECTION('center_axis',(0.,1.,0.));
#5472=DIRECTION('ref_axis',(0.,0.,1.));
#5473=DIRECTION('',(1.,0.,0.));
#5474=DIRECTION('',(0.,0.,-1.));
#5475=DIRECTION('center_axis',(-1.,0.,0.));
#5476=DIRECTION('ref_axis',(0.,0.,1.));
#5477=DIRECTION('',(0.,1.,0.));
#5478=DIRECTION('',(0.,0.,-1.));
#5479=DIRECTION('center_axis',(0.,-1.,0.));
#5480=DIRECTION('ref_axis',(0.,0.,-1.));
#5481=DIRECTION('',(-1.,0.,0.));
#5482=DIRECTION('',(0.,0.,-1.));
#5483=DIRECTION('center_axis',(1.,0.,0.));
#5484=DIRECTION('ref_axis',(0.,0.,-1.));
#5485=DIRECTION('',(0.,-1.,0.));
#5486=DIRECTION('',(0.,0.,-1.));
#5487=DIRECTION('center_axis',(0.,-1.,0.));
#5488=DIRECTION('ref_axis',(0.,0.,-1.));
#5489=DIRECTION('',(-1.,0.,0.));
#5490=DIRECTION('center_axis',(0.,0.,1.));
#5491=DIRECTION('ref_axis',(1.,0.,0.));
#5492=DIRECTION('center_axis',(0.,0.,-1.));
#5493=DIRECTION('ref_axis',(-1.,0.,0.));
#5494=DIRECTION('center_axis',(0.,0.,-1.));
#5495=DIRECTION('ref_axis',(-1.,0.,0.));
#5496=DIRECTION('',(0.,0.,1.));
#5497=DIRECTION('',(1.,0.,0.));
#5498=DIRECTION('',(0.,0.,1.));
#5499=DIRECTION('',(1.,0.,0.));
#5500=CARTESIAN_POINT('',(0.,0.,0.));
#5501=CARTESIAN_POINT('',(0.,0.,0.));
#5502=CARTESIAN_POINT('',(0.,0.,0.));
#5503=CARTESIAN_POINT('Origin',(-5.9,-1.677766114831E-15,13.7));
#5504=CARTESIAN_POINT('',(-3.899999999999,-1.77573785876279E-15,14.5));
#5505=CARTESIAN_POINT('Origin',(-3.899999999999,-1.677766114831E-15,13.7));
#5506=CARTESIAN_POINT('',(-3.599999999999,-1.77573785876279E-15,14.5));
#5507=CARTESIAN_POINT('',(-5.9,-1.77573785876279E-15,14.5));
#5508=CARTESIAN_POINT('Origin',(-3.599999999999,-1.677766114831E-15,13.7));
#5509=CARTESIAN_POINT('Origin',(-5.9,-1.677766114831E-15,13.7));
#5510=CARTESIAN_POINT('',(3.599999999999,-1.77573785876279E-15,14.5));
#5511=CARTESIAN_POINT('Origin',(3.599999999999,-1.677766114831E-15,13.699999999999));
#5512=CARTESIAN_POINT('',(3.899999999999,-1.77573785876279E-15,14.5));
#5513=CARTESIAN_POINT('',(-5.9,-1.77573785876279E-15,14.5));
#5514=CARTESIAN_POINT('Origin',(3.899999999999,-1.677766114831E-15,13.699999999999));
#5515=CARTESIAN_POINT('Origin',(3.7,-5.099999999999,9.599999999999));
#5516=CARTESIAN_POINT('',(3.7,4.9,9.199999999999));
#5517=CARTESIAN_POINT('',(3.7,4.9,9.599999999999));
#5518=CARTESIAN_POINT('',(3.7,4.9,1.099999999999));
#5519=CARTESIAN_POINT('',(3.7,5.1,9.199999999999));
#5520=CARTESIAN_POINT('',(3.7,-5.099999999999,9.199999999999));
#5521=CARTESIAN_POINT('',(3.7,5.1,9.599999999999));
#5522=CARTESIAN_POINT('',(3.7,5.1,9.599999999999));
#5523=CARTESIAN_POINT('',(3.7,-5.099999999999,9.599999999999));
#5524=CARTESIAN_POINT('Origin',(3.7,-5.099999999999,9.599999999999));
#5525=CARTESIAN_POINT('',(3.7,-4.9,9.199999999999));
#5526=CARTESIAN_POINT('',(3.7,-4.9,9.599999999999));
#5527=CARTESIAN_POINT('',(3.699999999999,-4.9,1.099999999999));
#5528=CARTESIAN_POINT('',(3.7,-5.099999999999,9.599999999999));
#5529=CARTESIAN_POINT('',(3.7,-5.099999999999,9.599999999999));
#5530=CARTESIAN_POINT('',(3.7,-5.099999999999,9.199999999999));
#5531=CARTESIAN_POINT('',(3.7,-5.099999999999,9.599999999999));
#5532=CARTESIAN_POINT('',(3.7,-5.099999999999,9.199999999999));
#5533=CARTESIAN_POINT('Origin',(-3.7,5.1,9.599999999999));
#5534=CARTESIAN_POINT('',(-3.7,-4.9,9.599999999999));
#5535=CARTESIAN_POINT('',(-3.7,-5.099999999999,9.599999999999));
#5536=CARTESIAN_POINT('',(-3.7,5.1,9.599999999999));
#5537=CARTESIAN_POINT('',(-3.699999999999,-4.9,9.199999999999));
#5538=CARTESIAN_POINT('',(-3.699999999999,-4.9,1.099999999999));
#5539=CARTESIAN_POINT('',(-3.7,-5.099999999999,9.199999999999));
#5540=CARTESIAN_POINT('',(-3.7,5.1,9.199999999999));
#5541=CARTESIAN_POINT('',(-3.7,-5.099999999999,9.599999999999));
#5542=CARTESIAN_POINT('Origin',(3.7,5.1,9.599999999999));
#5543=CARTESIAN_POINT('',(4.099999999999,5.1,9.199999999999));
#5544=CARTESIAN_POINT('',(3.7,5.1,9.199999999999));
#5545=CARTESIAN_POINT('',(4.099999999999,5.1,9.599999999999));
#5546=CARTESIAN_POINT('',(4.099999999999,5.1,9.599999999999));
#5547=CARTESIAN_POINT('',(3.7,5.1,9.599999999999));
#5548=CARTESIAN_POINT('Origin',(4.099999999999,5.1,9.599999999999));
#5549=CARTESIAN_POINT('',(4.099999999999,6.199999999999,9.199999999999));
#5550=CARTESIAN_POINT('',(4.099999999999,5.1,9.199999999999));
#5551=CARTESIAN_POINT('',(4.099999999999,6.199999999999,9.599999999999));
#5552=CARTESIAN_POINT('',(4.099999999999,6.199999999999,9.599999999999));
#5553=CARTESIAN_POINT('',(4.099999999999,5.1,9.599999999999));
#5554=CARTESIAN_POINT('Origin',(4.099999999999,6.199999999999,9.599999999999));
#5555=CARTESIAN_POINT('',(-4.1,6.199999999999,9.199999999999));
#5556=CARTESIAN_POINT('',(4.099999999999,6.199999999999,9.199999999999));
#5557=CARTESIAN_POINT('',(-4.1,6.199999999999,9.599999999999));
#5558=CARTESIAN_POINT('',(-4.1,6.199999999999,9.599999999999));
#5559=CARTESIAN_POINT('',(4.099999999999,6.199999999999,9.599999999999));
#5560=CARTESIAN_POINT('Origin',(-4.1,6.199999999999,9.599999999999));
#5561=CARTESIAN_POINT('',(-4.1,5.1,9.199999999999));
#5562=CARTESIAN_POINT('',(-4.1,6.199999999999,9.199999999999));
#5563=CARTESIAN_POINT('',(-4.1,5.1,9.599999999999));
#5564=CARTESIAN_POINT('',(-4.1,5.1,9.599999999999));
#5565=CARTESIAN_POINT('',(-4.1,6.199999999999,9.599999999999));
#5566=CARTESIAN_POINT('Origin',(-4.1,5.1,9.599999999999));
#5567=CARTESIAN_POINT('',(-3.7,5.1,9.199999999999));
#5568=CARTESIAN_POINT('',(-4.1,5.1,9.199999999999));
#5569=CARTESIAN_POINT('',(-3.7,5.1,9.599999999999));
#5570=CARTESIAN_POINT('',(-3.7,5.1,9.599999999999));
#5571=CARTESIAN_POINT('',(-4.1,5.1,9.599999999999));
#5572=CARTESIAN_POINT('Origin',(-3.7,5.1,9.599999999999));
#5573=CARTESIAN_POINT('',(-3.7,4.9,9.199999999999));
#5574=CARTESIAN_POINT('',(-3.7,5.1,9.199999999999));
#5575=CARTESIAN_POINT('',(-3.7,4.9,9.599999999999));
#5576=CARTESIAN_POINT('',(-3.7,4.9,1.099999999999));
#5577=CARTESIAN_POINT('',(-3.7,5.1,9.599999999999));
#5578=CARTESIAN_POINT('Origin',(-3.7,-5.099999999999,9.599999999999));
#5579=CARTESIAN_POINT('',(-4.1,-5.099999999999,9.199999999999));
#5580=CARTESIAN_POINT('',(-3.7,-5.099999999999,9.199999999999));
#5581=CARTESIAN_POINT('',(-4.1,-5.099999999999,9.599999999999));
#5582=CARTESIAN_POINT('',(-4.1,-5.099999999999,9.599999999999));
#5583=CARTESIAN_POINT('',(-3.7,-5.099999999999,9.599999999999));
#5584=CARTESIAN_POINT('Origin',(-4.1,-5.099999999999,9.599999999999));
#5585=CARTESIAN_POINT('',(-4.1,-6.2,9.199999999999));
#5586=CARTESIAN_POINT('',(-4.1,-5.099999999999,9.199999999999));
#5587=CARTESIAN_POINT('',(-4.1,-6.2,9.599999999999));
#5588=CARTESIAN_POINT('',(-4.1,-6.2,9.599999999999));
#5589=CARTESIAN_POINT('',(-4.1,-5.099999999999,9.599999999999));
#5590=CARTESIAN_POINT('Origin',(-4.1,-6.2,9.599999999999));
#5591=CARTESIAN_POINT('',(4.099999999999,-6.2,9.199999999999));
#5592=CARTESIAN_POINT('',(-4.1,-6.2,9.199999999999));
#5593=CARTESIAN_POINT('',(4.099999999999,-6.2,9.599999999999));
#5594=CARTESIAN_POINT('',(4.099999999999,-6.2,9.599999999999));
#5595=CARTESIAN_POINT('',(-4.1,-6.2,9.599999999999));
#5596=CARTESIAN_POINT('Origin',(4.099999999999,-6.2,9.599999999999));
#5597=CARTESIAN_POINT('',(4.099999999999,-5.099999999999,9.199999999999));
#5598=CARTESIAN_POINT('',(4.099999999999,-6.2,9.199999999999));
#5599=CARTESIAN_POINT('',(4.099999999999,-5.099999999999,9.599999999999));
#5600=CARTESIAN_POINT('',(4.099999999999,-5.099999999999,9.599999999999));
#5601=CARTESIAN_POINT('',(4.099999999999,-6.2,9.599999999999));
#5602=CARTESIAN_POINT('Origin',(4.099999999999,-5.099999999999,9.599999999999));
#5603=CARTESIAN_POINT('',(4.099999999999,-5.099999999999,9.199999999999));
#5604=CARTESIAN_POINT('',(4.099999999999,-5.099999999999,9.599999999999));
#5605=CARTESIAN_POINT('Origin',(0.,0.,9.599999999999));
#5606=CARTESIAN_POINT('',(3.699999999999,-3.274733092405E-16,9.599999999999));
#5607=CARTESIAN_POINT('',(-3.699999999999,-4.9,9.599999999999));
#5608=CARTESIAN_POINT('',(-3.299999999999,4.9,9.599999999999));
#5609=CARTESIAN_POINT('',(-3.299999999999,-4.9,9.599999999999));
#5610=CARTESIAN_POINT('',(-3.299999999999,4.9,9.599999999999));
#5611=CARTESIAN_POINT('',(3.299999999999,4.9,9.599999999999));
#5612=CARTESIAN_POINT('',(-3.299999999999,4.9,9.599999999999));
#5613=CARTESIAN_POINT('',(3.299999999999,-4.9,9.599999999999));
#5614=CARTESIAN_POINT('',(3.299999999999,4.9,9.599999999999));
#5615=CARTESIAN_POINT('',(-3.299999999999,-4.9,9.599999999999));
#5616=CARTESIAN_POINT('Origin',(0.,0.,9.199999999999));
#5617=CARTESIAN_POINT('',(-3.7,5.1,9.199999999999));
#5618=CARTESIAN_POINT('',(3.7,-5.099999999999,9.199999999999));
#5619=CARTESIAN_POINT('Origin',(-3.7,4.9,1.099999999999));
#5620=CARTESIAN_POINT('',(-3.7,4.9,1.099999999999));
#5621=CARTESIAN_POINT('',(-3.7,4.9,1.099999999999));
#5622=CARTESIAN_POINT('',(-3.699999999999,-4.9,1.099999999999));
#5623=CARTESIAN_POINT('',(-3.699999999999,-4.9,1.099999999999));
#5624=CARTESIAN_POINT('',(-3.7,4.9,1.099999999999));
#5625=CARTESIAN_POINT('Origin',(-3.699999999999,-4.9,1.099999999999));
#5626=CARTESIAN_POINT('',(-4.099999999999,-4.9,9.199999999999));
#5627=CARTESIAN_POINT('Origin',(-3.699999999999,-4.9,9.199999999999));
#5628=CARTESIAN_POINT('',(-4.099999999999,-4.9,1.099999999999));
#5629=CARTESIAN_POINT('',(-4.099999999999,-4.9,1.099999999999));
#5630=CARTESIAN_POINT('',(-3.699999999999,-4.9,1.099999999999));
#5631=CARTESIAN_POINT('Origin',(-4.1,4.9,1.099999999999));
#5632=CARTESIAN_POINT('',(-4.1,4.9,9.199999999999));
#5633=CARTESIAN_POINT('',(-4.1,4.9,9.199999999999));
#5634=CARTESIAN_POINT('',(-4.1,4.9,1.099999999999));
#5635=CARTESIAN_POINT('',(-4.1,4.9,1.099999999999));
#5636=CARTESIAN_POINT('',(-4.1,4.9,1.099999999999));
#5637=CARTESIAN_POINT('Origin',(-3.7,4.9,1.099999999999));
#5638=CARTESIAN_POINT('Origin',(-3.7,4.9,9.199999999999));
#5639=CARTESIAN_POINT('',(-3.7,4.9,1.099999999999));
#5640=CARTESIAN_POINT('Origin',(0.,0.,1.099999999999));
#5641=CARTESIAN_POINT('Origin',(-3.699999999999,-3.274733092405E-16,9.199999999999));
#5642=CARTESIAN_POINT('Origin',(3.7,4.9,1.099999999999));
#5643=CARTESIAN_POINT('',(3.7,4.9,1.099999999999));
#5644=CARTESIAN_POINT('',(3.7,4.9,1.099999999999));
#5645=CARTESIAN_POINT('',(3.699999999999,-4.9,1.099999999999));
#5646=CARTESIAN_POINT('',(3.7,4.9,1.099999999999));
#5647=CARTESIAN_POINT('',(3.699999999999,-4.9,1.099999999999));
#5648=CARTESIAN_POINT('Origin',(3.7,4.9,1.099999999999));
#5649=CARTESIAN_POINT('',(4.1,4.9,9.199999999999));
#5650=CARTESIAN_POINT('Origin',(3.7,4.9,9.199999999999));
#5651=CARTESIAN_POINT('',(4.1,4.9,1.099999999999));
#5652=CARTESIAN_POINT('',(4.1,4.9,1.099999999999));
#5653=CARTESIAN_POINT('',(3.7,4.9,1.099999999999));
#5654=CARTESIAN_POINT('Origin',(4.1,4.9,1.099999999999));
#5655=CARTESIAN_POINT('',(4.099999999999,-4.9,9.199999999999));
#5656=CARTESIAN_POINT('',(4.1,4.9,9.199999999999));
#5657=CARTESIAN_POINT('',(4.099999999999,-4.9,1.099999999999));
#5658=CARTESIAN_POINT('',(4.099999999999,-4.9,1.099999999999));
#5659=CARTESIAN_POINT('',(4.1,4.9,1.099999999999));
#5660=CARTESIAN_POINT('Origin',(3.699999999999,-4.9,1.099999999999));
#5661=CARTESIAN_POINT('Origin',(3.699999999999,-4.9,9.199999999999));
#5662=CARTESIAN_POINT('',(3.699999999999,-4.9,1.099999999999));
#5663=CARTESIAN_POINT('Origin',(0.,0.,1.099999999999));
#5664=CARTESIAN_POINT('Origin',(3.7,4.9,9.199999999999));
#5665=CARTESIAN_POINT('Origin',(-3.899999999999,4.9,16.2));
#5666=CARTESIAN_POINT('',(-3.899999999999,-1.430780041966,15.276189218785));
#5667=CARTESIAN_POINT('',(-3.899999999999,-4.1335207826E-16,16.199883442797));
#5668=CARTESIAN_POINT('Origin',(-3.899999999999,0.019312417291,14.6));
#5669=CARTESIAN_POINT('',(-3.899999999999,1.430780041966,15.276189218785));
#5670=CARTESIAN_POINT('Origin',(-3.899999999999,-0.019312417291,14.6));
#5671=CARTESIAN_POINT('',(-3.899999999999,3.797845948929,10.2));
#5672=CARTESIAN_POINT('',(-3.899999999999,1.696564161111,14.706213335918));
#5673=CARTESIAN_POINT('',(-3.899999999999,-3.797845948929,10.2));
#5674=CARTESIAN_POINT('',(-3.899999999999,4.9,10.2));
#5675=CARTESIAN_POINT('',(-3.899999999999,0.053776551424,18.4598311072));
#5676=CARTESIAN_POINT('Origin',(-3.599999999999,4.9,16.2));
#5677=CARTESIAN_POINT('',(-3.599999999999,1.430780041966,15.276189218785));
#5678=CARTESIAN_POINT('',(-3.599999999999,3.797845948929,10.2));
#5679=CARTESIAN_POINT('',(-3.599999999999,1.696564161111,14.706213335918));
#5680=CARTESIAN_POINT('',(-3.599999999999,-4.167402100491E-16,16.199883442797));
#5681=CARTESIAN_POINT('Origin',(-3.599999999999,-0.019312417291,14.6));
#5682=CARTESIAN_POINT('',(-3.599999999999,-1.430780041966,15.276189218785));
#5683=CARTESIAN_POINT('Origin',(-3.599999999999,0.019312417291,14.6));
#5684=CARTESIAN_POINT('',(-3.599999999999,-3.797845948929,10.2));
#5685=CARTESIAN_POINT('',(-3.6,0.053776551424,18.4598311072));
#5686=CARTESIAN_POINT('',(-3.599999999999,4.9,10.2));
#5687=CARTESIAN_POINT('Origin',(-3.299999999999,4.9,10.199999999999));
#5688=CARTESIAN_POINT('',(-3.299999999999,-3.937738246376,9.9));
#5689=CARTESIAN_POINT('Origin',(-3.29999999999413,-3.79784594892697,10.200000000005));
#5690=CARTESIAN_POINT('',(-3.299999999999,3.937738246376,9.9));
#5691=CARTESIAN_POINT('',(-3.299999999999,4.9,9.899999999999));
#5692=CARTESIAN_POINT('Origin',(-3.29999999999411,3.79784594892696,10.200000000005));
#5693=CARTESIAN_POINT('Origin',(-3.299999999999,4.9,9.899999999999));
#5694=CARTESIAN_POINT('',(-3.81961524227,-3.937738246376,9.9));
#5695=CARTESIAN_POINT('',(-5.9,-3.937738246376,9.9));
#5696=CARTESIAN_POINT('',(-3.81961524227,-4.9,9.9));
#5697=CARTESIAN_POINT('',(-3.81961524227,4.9,9.9));
#5698=CARTESIAN_POINT('',(3.81961524227,-4.9,9.899999999999));
#5699=CARTESIAN_POINT('',(-3.299999999999,-4.9,9.899999999999));
#5700=CARTESIAN_POINT('',(3.81961524227,-3.937738246376,9.899999999999));
#5701=CARTESIAN_POINT('',(3.81961524227,4.9,9.899999999999));
#5702=CARTESIAN_POINT('',(3.299999999999,-3.937738246376,9.899999999999));
#5703=CARTESIAN_POINT('',(-5.9,-3.937738246376,9.9));
#5704=CARTESIAN_POINT('',(3.299999999999,3.937738246376,9.899999999999));
#5705=CARTESIAN_POINT('',(3.299999999999,4.9,9.899999999999));
#5706=CARTESIAN_POINT('',(3.81961524227,3.937738246376,9.899999999999));
#5707=CARTESIAN_POINT('',(-5.9,3.937738246376,9.9));
#5708=CARTESIAN_POINT('',(3.81961524227,4.9,9.899999999999));
#5709=CARTESIAN_POINT('',(3.81961524227,4.9,9.899999999999));
#5710=CARTESIAN_POINT('',(-3.81961524227,4.9,9.9));
#5711=CARTESIAN_POINT('',(-3.299999999999,4.9,9.899999999999));
#5712=CARTESIAN_POINT('',(-3.81961524227,3.937738246376,9.9));
#5713=CARTESIAN_POINT('',(-3.81961524227,4.9,9.9));
#5714=CARTESIAN_POINT('',(-5.9,3.937738246376,9.9));
#5715=CARTESIAN_POINT('Origin',(3.299999999999,4.9,10.199999999999));
#5716=CARTESIAN_POINT('',(3.599999999999,-3.797845948929,10.2));
#5717=CARTESIAN_POINT('Origin',(3.29999999999554,-3.79784594892741,10.2000000000036));
#5718=CARTESIAN_POINT('',(3.599999999999,3.797845948929,10.2));
#5719=CARTESIAN_POINT('',(3.599999999999,4.9,10.2));
#5720=CARTESIAN_POINT('Origin',(3.29999999999552,3.7978459489274,10.2000000000036));
#5721=CARTESIAN_POINT('Origin',(3.599999999999,4.9,16.2));
#5722=CARTESIAN_POINT('',(3.599999999999,-1.430780041966,15.276189218785));
#5723=CARTESIAN_POINT('',(3.599999999999,-2.303929616531E-16,16.199883442797));
#5724=CARTESIAN_POINT('Origin',(3.599999999999,0.019312417291,14.6));
#5725=CARTESIAN_POINT('',(3.599999999999,1.430780041966,15.276189218785));
#5726=CARTESIAN_POINT('Origin',(3.599999999999,-0.019312417291,14.6));
#5727=CARTESIAN_POINT('',(3.599999999999,1.696564161111,14.706213335918));
#5728=CARTESIAN_POINT('',(3.599999999999,0.053776551424,18.4598311072));
#5729=CARTESIAN_POINT('Origin',(3.899999999999,4.9,16.2));
#5730=CARTESIAN_POINT('',(3.899999999999,1.430780041966,15.276189218785));
#5731=CARTESIAN_POINT('',(3.899999999999,3.797845948929,10.199999999999));
#5732=CARTESIAN_POINT('',(3.899999999999,1.,16.2));
#5733=CARTESIAN_POINT('',(3.899999999999,-2.303929616531E-16,16.199883442797));
#5734=CARTESIAN_POINT('Origin',(3.899999999999,-0.019312417291,14.6));
#5735=CARTESIAN_POINT('',(3.899999999999,-1.430780041966,15.276189218785));
#5736=CARTESIAN_POINT('Origin',(3.899999999999,0.019312417291,14.6));
#5737=CARTESIAN_POINT('',(3.899999999999,-3.797845948929,10.199999999999));
#5738=CARTESIAN_POINT('',(3.899999999999,-1.,16.2));
#5739=CARTESIAN_POINT('',(3.899999999999,4.9,10.2));
#5740=CARTESIAN_POINT('Origin',(3.299999999999,4.9,10.199999999999));
#5741=CARTESIAN_POINT('Origin',(3.30000000003216,-3.79784594891443,10.199999999994));
#5742=CARTESIAN_POINT('Origin',(3.299999999999,-4.9,10.199999999999));
#5743=CARTESIAN_POINT('Origin',(3.299999999999,4.9,10.199999999999));
#5744=CARTESIAN_POINT('Origin',(3.30000000003373,3.7978459489146,10.1999999999936));
#5745=CARTESIAN_POINT('Origin',(-3.299999999999,4.9,10.199999999999));
#5746=CARTESIAN_POINT('Origin',(-3.30000000003198,-3.79784594891442,10.2000000000162));
#5747=CARTESIAN_POINT('Origin',(-3.3000000000326,3.7978459489145,10.200000000016));
#5748=CARTESIAN_POINT('Origin',(-3.299999999999,4.9,10.199999999999));
#5749=CARTESIAN_POINT('Origin',(-3.299999999999,-4.9,10.199999999999));
#5750=CARTESIAN_POINT('Origin',(-3.299999999999,4.9,10.199999999999));
#5751=CARTESIAN_POINT('Origin',(-3.299999999999,-4.9,10.199999999999));
#5752=CARTESIAN_POINT('Origin',(-5.9,-1.,16.2));
#5753=CARTESIAN_POINT('',(-3.899999999999,-1.430780041966,15.276189218785));
#5754=CARTESIAN_POINT('Origin',(-5.9,-1.,16.2));
#5755=CARTESIAN_POINT('',(3.599999999999,-1.430780041966,15.276189218785));
#5756=CARTESIAN_POINT('Origin',(-5.9,1.,16.2));
#5757=CARTESIAN_POINT('',(-3.599999999999,1.430780041966,15.276189218785));
#5758=CARTESIAN_POINT('Origin',(-5.9,1.,16.2));
#5759=CARTESIAN_POINT('',(3.899999999999,1.430780041966,15.276189218785));
#5760=CARTESIAN_POINT('Origin',(-3.599999999999,0.019312417291,14.6));
#5761=CARTESIAN_POINT('',(-3.749999999999,-4.336808689942E-16,16.199883442797));
#5762=CARTESIAN_POINT('Origin',(-5.9,-0.019312417291,14.6));
#5763=CARTESIAN_POINT('Origin',(3.899999999999,0.019312417291,14.6));
#5764=CARTESIAN_POINT('',(3.749999999999,-2.541098841762E-16,16.199883442797));
#5765=CARTESIAN_POINT('Origin',(-5.9,-0.019312417291,14.6));
#5766=CARTESIAN_POINT('Origin',(-4.4,-1.677766114831E-15,13.699999999999));
#5767=CARTESIAN_POINT('',(-4.4,-1.76961462476705E-15,14.449999999999));
#5768=CARTESIAN_POINT('Origin',(-4.4,-1.677766114831E-15,13.699999999999));
#5769=CARTESIAN_POINT('',(-4.70000000000014,-1.73287522079265E-15,14.1499999999991));
#5770=CARTESIAN_POINT('',(-4.4,-1.76961462476705E-15,14.449999999999));
#5771=CARTESIAN_POINT('Origin',(-4.7,-1.677766114831E-15,13.699999999999));
#5772=CARTESIAN_POINT('Origin',(-4.7,-1.677766114831E-15,13.699999999999));
#5773=CARTESIAN_POINT('',(-3.6,-1.76961462476705E-15,14.449999999999));
#5774=CARTESIAN_POINT('Origin',(-3.6,-1.677766114831E-15,13.699999999999));
#5775=CARTESIAN_POINT('',(-4.7,-1.76961462476705E-15,14.449999999999));
#5776=CARTESIAN_POINT('Origin',(-3.6,-0.006685687992,13.742211772689));
#5777=CARTESIAN_POINT('',(-3.6,3.275013203452,15.222229470518));
#5778=CARTESIAN_POINT('',(-3.6,-3.585117423824,14.135691520564));
#5779=CARTESIAN_POINT('Origin',(-3.6,-0.006685687992,13.742211772689));
#5780=CARTESIAN_POINT('',(-4.7,-3.585117423824,14.135691520564));
#5781=CARTESIAN_POINT('',(-3.6,-3.585117423824,14.135691520564));
#5782=CARTESIAN_POINT('',(-4.7,3.275013203452,15.222229470518));
#5783=CARTESIAN_POINT('Origin',(-4.7,-0.006685687992,13.742211772689));
#5784=CARTESIAN_POINT('',(-3.6,3.275013203452,15.222229470518));
#5785=CARTESIAN_POINT('Origin',(4.7,-1.677766114831E-15,13.699999999999));
#5786=CARTESIAN_POINT('',(4.39999999999987,-1.76961462476704E-15,12.9499999999991));
#5787=CARTESIAN_POINT('Origin',(4.4,-1.677766114831E-15,13.699999999999));
#5788=CARTESIAN_POINT('',(4.7,-1.73287522079263E-15,13.249999999999));
#5789=CARTESIAN_POINT('',(4.7,-1.73287522079263E-15,13.249999999999));
#5790=CARTESIAN_POINT('Origin',(4.7,-1.677766114831E-15,13.699999999999));
#5791=CARTESIAN_POINT('Origin',(4.7,-1.677766114831E-15,13.699999999999));
#5792=CARTESIAN_POINT('',(3.6,-1.76961462476705E-15,12.949999999999));
#5793=CARTESIAN_POINT('Origin',(3.6,-1.677766114831E-15,13.699999999999));
#5794=CARTESIAN_POINT('',(4.7,-1.76961462476705E-15,12.949999999999));
#5795=CARTESIAN_POINT('Origin',(4.299999999999,-7.65322233372,20.676477342269));
#5796=CARTESIAN_POINT('',(4.7,-7.65322233372,20.676477342269));
#5797=CARTESIAN_POINT('',(4.299999999999,-8.052978664527,20.69043714095));
#5798=CARTESIAN_POINT('Origin',(4.299999999999,-7.65322233372,20.676477342269));
#5799=CARTESIAN_POINT('',(4.299999999999,-7.639262535039,21.076233673076));
#5800=CARTESIAN_POINT('Origin',(4.299999999999,-7.65322233372,20.676477342269));
#5801=CARTESIAN_POINT('Origin',(4.299999999999,-7.65322233372,20.676477342269));
#5802=CARTESIAN_POINT('Origin',(4.299999999999,5.122796911507,22.7));
#5803=CARTESIAN_POINT('',(4.7,5.122796911507,22.7));
#5804=CARTESIAN_POINT('',(4.299999999999,4.985988854176,23.075877048314));
#5805=CARTESIAN_POINT('Origin',(4.299999999999,5.122796911507,22.7));
#5806=CARTESIAN_POINT('',(4.299999999999,5.498673959821,22.83680805733));
#5807=CARTESIAN_POINT('Origin',(4.299999999999,5.122796911507,22.7));
#5808=CARTESIAN_POINT('Origin',(4.299999999999,5.122796911507,22.7));
#5809=CARTESIAN_POINT('Origin',(-4.3,-7.65322233372,20.676477342269));
#5810=CARTESIAN_POINT('',(-4.3,-7.639262535039,21.076233673076));
#5811=CARTESIAN_POINT('',(-4.3,-8.052978664527,20.69043714095));
#5812=CARTESIAN_POINT('Origin',(-4.3,-7.65322233372,20.676477342269));
#5813=CARTESIAN_POINT('',(-4.7,-7.65322233372,20.676477342269));
#5814=CARTESIAN_POINT('Origin',(-4.3,-7.65322233372,20.676477342269));
#5815=CARTESIAN_POINT('Origin',(-4.3,-7.65322233372,20.676477342269));
#5816=CARTESIAN_POINT('Origin',(-4.3,5.122796911507,22.7));
#5817=CARTESIAN_POINT('',(-4.3,5.498673959821,22.83680805733));
#5818=CARTESIAN_POINT('',(-4.3,4.985988854176,23.075877048314));
#5819=CARTESIAN_POINT('Origin',(-4.3,5.122796911507,22.7));
#5820=CARTESIAN_POINT('',(-4.7,5.122796911507,22.7));
#5821=CARTESIAN_POINT('Origin',(-4.3,5.122796911507,22.7));
#5822=CARTESIAN_POINT('Origin',(-4.3,5.122796911507,22.7));
#5823=CARTESIAN_POINT('Origin',(4.7,5.122796911507,22.7));
#5824=CARTESIAN_POINT('',(4.7,5.498673959821,22.83680805733));
#5825=CARTESIAN_POINT('',(4.7,4.985988854176,23.075877048314));
#5826=CARTESIAN_POINT('Origin',(4.7,-7.65322233372,20.676477342269));
#5827=CARTESIAN_POINT('',(4.7,-7.639262535039,21.076233673076));
#5828=CARTESIAN_POINT('',(4.7,-8.052978664527,20.69043714095));
#5829=CARTESIAN_POINT('Origin',(4.7,-8.352886585673,12.102197949459));
#5830=CARTESIAN_POINT('',(-3.6,-3.826099909124,11.944119075389));
#5831=CARTESIAN_POINT('',(-4.7,-3.826099909124,11.944119075389));
#5832=CARTESIAN_POINT('',(-3.6,-3.826099909124,11.944119075389));
#5833=CARTESIAN_POINT('',(-3.6,0.300930436616,11.799999999999));
#5834=CARTESIAN_POINT('',(-3.6,-8.352886585673,12.102197949459));
#5835=CARTESIAN_POINT('',(3.6,0.300930436616,11.799999999999));
#5836=CARTESIAN_POINT('',(4.7,0.300930436616,11.799999999999));
#5837=CARTESIAN_POINT('',(3.6,-3.826099909124,11.944119075389));
#5838=CARTESIAN_POINT('',(3.6,-8.352886585673,12.102197949459));
#5839=CARTESIAN_POINT('',(4.7,-3.826099909124,11.944119075389));
#5840=CARTESIAN_POINT('',(3.6,-3.826099909124,11.944119075389));
#5841=CARTESIAN_POINT('',(4.7,-7.953130254866,12.088238150778));
#5842=CARTESIAN_POINT('',(4.7,-8.352886585673,12.102197949459));
#5843=CARTESIAN_POINT('',(4.299999999999,-8.352886585673,12.102197949459));
#5844=CARTESIAN_POINT('Origin',(4.299999999999,-7.953130254866,12.088238150778));
#5845=CARTESIAN_POINT('',(-4.3,-8.352886585673,12.102197949459));
#5846=CARTESIAN_POINT('',(4.7,-8.352886585673,12.102197949459));
#5847=CARTESIAN_POINT('',(-4.7,-7.953130254866,12.088238150778));
#5848=CARTESIAN_POINT('Origin',(-4.3,-7.953130254866,12.088238150778));
#5849=CARTESIAN_POINT('',(-4.7,-8.352886585673,12.102197949459));
#5850=CARTESIAN_POINT('Origin',(4.7,8.437815204443,14.761583855143));
#5851=CARTESIAN_POINT('',(-3.6,4.181434296372,13.212387898906));
#5852=CARTESIAN_POINT('',(-4.7,4.181434296372,13.212387898906));
#5853=CARTESIAN_POINT('',(-3.6,4.181434296372,13.212387898906));
#5854=CARTESIAN_POINT('',(-4.7,8.061938156129,14.624775797812));
#5855=CARTESIAN_POINT('',(-4.7,8.437815204443,14.761583855143));
#5856=CARTESIAN_POINT('',(-4.3,8.437815204443,14.761583855143));
#5857=CARTESIAN_POINT('Origin',(-4.3,8.061938156129,14.624775797812));
#5858=CARTESIAN_POINT('',(4.299999999999,8.437815204443,14.761583855143));
#5859=CARTESIAN_POINT('',(4.7,8.437815204443,14.761583855143));
#5860=CARTESIAN_POINT('',(4.7,8.061938156129,14.624775797812));
#5861=CARTESIAN_POINT('Origin',(4.299999999999,8.061938156129,14.624775797812));
#5862=CARTESIAN_POINT('',(4.7,4.181434296372,13.212387898906));
#5863=CARTESIAN_POINT('',(4.7,8.437815204443,14.761583855143));
#5864=CARTESIAN_POINT('',(3.6,4.181434296372,13.212387898906));
#5865=CARTESIAN_POINT('',(3.6,4.181434296372,13.212387898906));
#5866=CARTESIAN_POINT('',(3.6,8.437815204443,14.761583855143));
#5867=CARTESIAN_POINT('',(-3.6,8.437815204443,14.761583855143));
#5868=CARTESIAN_POINT('Origin',(-4.7,-7.65322233372,20.676477342269));
#5869=CARTESIAN_POINT('',(-4.7,4.181434296372,13.212387898906));
#5870=CARTESIAN_POINT('',(-4.7,-3.826099909124,11.944119075389));
#5871=CARTESIAN_POINT('',(-4.7,-7.65322233372,20.676477342269));
#5872=CARTESIAN_POINT('',(-4.7,-1.068546231228,20.446535385916));
#5873=CARTESIAN_POINT('',(-4.7,-1.14625099039,20.449248895899));
#5874=CARTESIAN_POINT('',(-4.7,5.122796911507,22.7));
#5875=CARTESIAN_POINT('',(-4.7,8.061938156129,14.624775797812));
#5876=CARTESIAN_POINT('Origin',(4.7,-1.132291191709,20.849005226707));
#5877=CARTESIAN_POINT('',(4.299999999999,-1.132291191709,20.849005226707));
#5878=CARTESIAN_POINT('',(-4.3,-1.132291191709,20.849005226707));
#5879=CARTESIAN_POINT('',(4.7,-1.132291191709,20.849005226707));
#5880=CARTESIAN_POINT('',(-4.3,-7.639262535039,21.076233673076));
#5881=CARTESIAN_POINT('',(4.299999999999,-1.132291191709,20.849005226707));
#5882=CARTESIAN_POINT('Origin',(4.7,-8.052978664527,20.69043714095));
#5883=CARTESIAN_POINT('',(-4.3,-8.352886585673,12.102197949459));
#5884=CARTESIAN_POINT('',(4.299999999999,-8.052978664527,20.69043714095));
#5885=CARTESIAN_POINT('Origin',(4.7,5.498673959821,22.83680805733));
#5886=CARTESIAN_POINT('',(-4.3,5.498673959821,22.83680805733));
#5887=CARTESIAN_POINT('',(4.299999999999,5.498673959821,22.83680805733));
#5888=CARTESIAN_POINT('Origin',(4.7,-1.132291191709,20.849005226707));
#5889=CARTESIAN_POINT('',(-4.3,-1.132291191709,20.849005226707));
#5890=CARTESIAN_POINT('',(4.299999999999,-1.132291191709,20.849005226707));
#5891=CARTESIAN_POINT('Origin',(4.7,-7.65322233372,20.676477342269));
#5892=CARTESIAN_POINT('',(4.7,-3.585117423824,14.135691520564));
#5893=CARTESIAN_POINT('',(4.7,-3.826099909124,11.944119075389));
#5894=CARTESIAN_POINT('',(4.7,3.275013203452,15.222229470518));
#5895=CARTESIAN_POINT('Origin',(4.7,-0.006685687992,13.742211772689));
#5896=CARTESIAN_POINT('',(4.7,4.181434296372,13.212387898906));
#5897=CARTESIAN_POINT('',(4.7,4.278634209041,25.019317963368));
#5898=CARTESIAN_POINT('',(4.7,-1.068546231228,20.446535385916));
#5899=CARTESIAN_POINT('',(4.7,-6.809059631254,18.3571593789));
#5900=CARTESIAN_POINT('',(4.7,-7.65322233372,20.676477342269));
#5901=CARTESIAN_POINT('',(4.7,-7.65322233372,20.676477342269));
#5902=CARTESIAN_POINT('Origin',(-4.3,5.122796911507,22.7));
#5903=CARTESIAN_POINT('Origin',(-4.3,-0.995483134378,20.473128178392));
#5904=CARTESIAN_POINT('Origin',(-4.30000000000052,-1.06854623122891,20.4465353859183));
#5905=CARTESIAN_POINT('Origin',(-4.3,-1.14625099039,20.449248895899));
#5906=CARTESIAN_POINT('Origin',(-4.3,-7.65322233372,20.676477342269));
#5907=CARTESIAN_POINT('Origin',(4.299999999999,4.278634209041,25.019317963368));
#5908=CARTESIAN_POINT('Origin',(4.299999999999,-6.809059631254,18.3571593789));
#5909=CARTESIAN_POINT('Origin',(4.29999999999812,-1.06854623122868,20.4465353859168));
#5910=CARTESIAN_POINT('Origin',(4.299999999999,-7.65322233372,20.676477342269));
#5911=CARTESIAN_POINT('Origin',(4.299999999999,-7.65322233372,20.676477342269));
#5912=CARTESIAN_POINT('Origin',(3.6,-0.554675090746,17.202080694353));
#5913=CARTESIAN_POINT('',(3.6,3.275013203452,15.222229470518));
#5914=CARTESIAN_POINT('',(3.6,4.181434296372,13.212387898906));
#5915=CARTESIAN_POINT('',(3.6,-3.585117423824,14.135691520564));
#5916=CARTESIAN_POINT('Origin',(3.6,-0.006685687992,13.742211772689));
#5917=CARTESIAN_POINT('',(3.6,-3.826099909124,11.944119075389));
#5918=CARTESIAN_POINT('Origin',(3.6,-3.826099909124,11.944119075389));
#5919=CARTESIAN_POINT('',(3.6,-3.585117423824,14.135691520564));
#5920=CARTESIAN_POINT('Origin',(3.6,-0.006685687992,13.742211772689));
#5921=CARTESIAN_POINT('',(3.6,3.275013203452,15.222229470518));
#5922=CARTESIAN_POINT('Origin',(3.6,4.181434296372,13.212387898906));
#5923=CARTESIAN_POINT('Origin',(4.7,-1.677766114831E-15,13.699999999999));
#5924=CARTESIAN_POINT('Origin',(-3.6,-0.554675090746,17.202080694353));
#5925=CARTESIAN_POINT('',(-3.6,-3.826099909124,11.944119075389));
#5926=CARTESIAN_POINT('',(-3.6,4.181434296372,13.212387898906));
#5927=CARTESIAN_POINT('Origin',(-3.6,4.181434296372,13.212387898906));
#5928=CARTESIAN_POINT('Origin',(-3.6,-3.826099909124,11.944119075389));
#5929=CARTESIAN_POINT('Origin',(-4.7,-1.677766114831E-15,13.699999999999));
#5930=CARTESIAN_POINT('Origin',(0.,0.,0.));
#5931=CARTESIAN_POINT('',(4.099999999999,5.1,0.));
#5932=CARTESIAN_POINT('',(4.099999999999,6.199999999999,0.));
#5933=CARTESIAN_POINT('',(4.099999999999,-6.2,0.));
#5934=CARTESIAN_POINT('',(3.7,5.1,0.));
#5935=CARTESIAN_POINT('',(0.,5.1,0.));
#5936=CARTESIAN_POINT('',(3.7,-5.099999999999,0.));
#5937=CARTESIAN_POINT('',(3.7,0.,0.));
#5938=CARTESIAN_POINT('',(4.099999999999,-5.099999999999,0.));
#5939=CARTESIAN_POINT('',(0.,-5.099999999999,0.));
#5940=CARTESIAN_POINT('',(4.099999999999,-6.2,0.));
#5941=CARTESIAN_POINT('',(4.099999999999,-6.2,0.));
#5942=CARTESIAN_POINT('',(-4.1,-6.2,0.));
#5943=CARTESIAN_POINT('',(-4.1,-6.2,0.));
#5944=CARTESIAN_POINT('',(-4.1,-5.099999999999,0.));
#5945=CARTESIAN_POINT('',(-4.1,-6.2,0.));
#5946=CARTESIAN_POINT('',(-3.7,-5.099999999999,0.));
#5947=CARTESIAN_POINT('',(0.,-5.099999999999,0.));
#5948=CARTESIAN_POINT('',(-3.7,5.1,0.));
#5949=CARTESIAN_POINT('',(-3.7,0.,0.));
#5950=CARTESIAN_POINT('',(-4.1,5.1,0.));
#5951=CARTESIAN_POINT('',(0.,5.1,0.));
#5952=CARTESIAN_POINT('',(-4.1,6.199999999999,0.));
#5953=CARTESIAN_POINT('',(-4.1,-6.2,0.));
#5954=CARTESIAN_POINT('',(-4.1,6.199999999999,0.));
#5955=CARTESIAN_POINT('',(-0.55487804878,-2.222386807955,0.));
#5956=CARTESIAN_POINT('',(-0.288395579268,-2.478674917711,6.776263578034E-18));
#5957=CARTESIAN_POINT('Ctrl Pts',(-0.55487804878,-2.222386807955,0.));
#5958=CARTESIAN_POINT('Ctrl Pts',(-0.554676115179,-2.231830600208,0.));
#5959=CARTESIAN_POINT('Ctrl Pts',(-0.55428028738,-2.250342207354,0.));
#5960=CARTESIAN_POINT('Ctrl Pts',(-0.550662398064,-2.277358304894,0.));
#5961=CARTESIAN_POINT('Ctrl Pts',(-0.544887050022,-2.302956821365,0.));
#5962=CARTESIAN_POINT('Ctrl Pts',(-0.536780169092,-2.327123213784,0.));
#5963=CARTESIAN_POINT('Ctrl Pts',(-0.526284126037,-2.349840051459,0.));
#5964=CARTESIAN_POINT('Ctrl Pts',(-0.513270596205,-2.37102433997,0.));
#5965=CARTESIAN_POINT('Ctrl Pts',(-0.498090320986,-2.390837602519,0.));
#5966=CARTESIAN_POINT('Ctrl Pts',(-0.480639296202,-2.409008381153,0.));
#5967=CARTESIAN_POINT('Ctrl Pts',(-0.461339720418,-2.425271163228,0.));
#5968=CARTESIAN_POINT('Ctrl Pts',(-0.440702302277,-2.439734569358,0.));
#5969=CARTESIAN_POINT('Ctrl Pts',(-0.418549713648,-2.451751732189,0.));
#5970=CARTESIAN_POINT('Ctrl Pts',(-0.395071159416,-2.461570325995,0.));
#5971=CARTESIAN_POINT('Ctrl Pts',(-0.37030770363,-2.469365702527,0.));
#5972=CARTESIAN_POINT('Ctrl Pts',(-0.344152024763,-2.474673191755,0.));
#5973=CARTESIAN_POINT('Ctrl Pts',(-0.316722994495,-2.478162401059,0.));
#5974=CARTESIAN_POINT('Ctrl Pts',(-0.297965937757,-2.478501765023,0.));
#5975=CARTESIAN_POINT('Ctrl Pts',(-0.288395579268,-2.478674917711,6.776263578034E-18));
#5976=CARTESIAN_POINT('',(-0.15243902439,-2.478674917711,0.));
#5977=CARTESIAN_POINT('',(-0.288395579268,-2.478674917711,0.));
#5978=CARTESIAN_POINT('',(-0.15243902439,-1.978674917711,0.));
#5979=CARTESIAN_POINT('',(-0.15243902439,-2.478674917711,0.));
#5980=CARTESIAN_POINT('',(-0.293540396341,-1.978674917711,0.));
#5981=CARTESIAN_POINT('',(-0.15243902439,-1.978674917711,0.));
#5982=CARTESIAN_POINT('Ctrl Pts',(-0.293540396341,-1.978674917711,0.));
#5983=CARTESIAN_POINT('Ctrl Pts',(-0.302726328374,-1.978879663687,0.));
#5984=CARTESIAN_POINT('Ctrl Pts',(-0.320737361185,-1.979281113043,0.));
#5985=CARTESIAN_POINT('Ctrl Pts',(-0.347149433278,-1.982330590665,0.));
#5986=CARTESIAN_POINT('Ctrl Pts',(-0.372347354783,-1.987622425569,0.));
#5987=CARTESIAN_POINT('Ctrl Pts',(-0.396400418298,-1.994841674934,0.));
#5988=CARTESIAN_POINT('Ctrl Pts',(-0.419336485322,-2.004064187206,0.));
#5989=CARTESIAN_POINT('Ctrl Pts',(-0.440939479225,-2.015617533069,0.));
#5990=CARTESIAN_POINT('Ctrl Pts',(-0.461446431252,-2.029100177369,0.));
#5991=CARTESIAN_POINT('Ctrl Pts',(-0.480590487486,-2.044541361511,0.));
#5992=CARTESIAN_POINT('Ctrl Pts',(-0.498039625265,-2.061710438754,0.));
#5993=CARTESIAN_POINT('Ctrl Pts',(-0.51325068572,-2.080487775586,0.));
#5994=CARTESIAN_POINT('Ctrl Pts',(-0.526273715889,-2.100622227887,0.));
#5995=CARTESIAN_POINT('Ctrl Pts',(-0.536753828035,-2.122272996814,0.));
#5996=CARTESIAN_POINT('Ctrl Pts',(-0.544891322259,-2.145323428025,0.));
#5997=CARTESIAN_POINT('Ctrl Pts',(-0.550653729335,-2.169756806998,0.));
#5998=CARTESIAN_POINT('Ctrl Pts',(-0.554288203186,-2.195600807542,0.));
#5999=CARTESIAN_POINT('Ctrl Pts',(-0.554678464833,-2.21332332467,0.));
#6000=CARTESIAN_POINT('Ctrl Pts',(-0.55487804878,-2.222386807955,0.));
#6001=CARTESIAN_POINT('',(0.146341463414,-2.423796868931,0.));
#6002=CARTESIAN_POINT('',(-0.05487804878,-2.423796868931,0.));
#6003=CARTESIAN_POINT('',(0.146341463414,-2.423796868931,0.));
#6004=CARTESIAN_POINT('',(-0.05487804878,-2.478674917711,0.));
#6005=CARTESIAN_POINT('',(-0.05487804878,-2.423796868931,0.));
#6006=CARTESIAN_POINT('',(0.213414634146,-2.478674917711,0.));
#6007=CARTESIAN_POINT('',(-0.05487804878,-2.478674917711,0.));
#6008=CARTESIAN_POINT('',(0.213414634146,-1.978674917711,0.));
#6009=CARTESIAN_POINT('',(0.213414634146,-2.478674917711,0.));
#6010=CARTESIAN_POINT('',(-0.042682926829,-1.978674917711,0.));
#6011=CARTESIAN_POINT('',(0.213414634146,-1.978674917711,0.));
#6012=CARTESIAN_POINT('',(-0.042682926829,-2.033552966492,0.));
#6013=CARTESIAN_POINT('',(-0.042682926829,-1.978674917711,0.));
#6014=CARTESIAN_POINT('',(0.146341463414,-2.033552966492,0.));
#6015=CARTESIAN_POINT('',(-0.042682926829,-2.033552966492,0.));
#6016=CARTESIAN_POINT('',(0.146341463414,-2.198187112833,0.));
#6017=CARTESIAN_POINT('',(0.146341463414,-2.033552966492,0.));
#6018=CARTESIAN_POINT('',(-0.030487804878,-2.198187112833,0.));
#6019=CARTESIAN_POINT('',(0.146341463414,-2.198187112833,0.));
#6020=CARTESIAN_POINT('',(-0.030487804878,-2.253065161614,0.));
#6021=CARTESIAN_POINT('',(-0.030487804878,-2.198187112833,0.));
#6022=CARTESIAN_POINT('',(0.146341463414,-2.253065161614,0.));
#6023=CARTESIAN_POINT('',(-0.030487804878,-2.253065161614,0.));
#6024=CARTESIAN_POINT('',(0.146341463414,-2.253065161614,0.));
#6025=CARTESIAN_POINT('',(0.439310213414,-2.429894429906,0.));
#6026=CARTESIAN_POINT('',(0.310975609756,-2.397882234784,6.776263578034E-18));
#6027=CARTESIAN_POINT('Ctrl Pts',(0.439310213414,-2.429894429906,0.));
#6028=CARTESIAN_POINT('Ctrl Pts',(0.433272503131,-2.429815159633,0.));
#6029=CARTESIAN_POINT('Ctrl Pts',(0.421367713884,-2.429658859337,0.));
#6030=CARTESIAN_POINT('Ctrl Pts',(0.403811772964,-2.428054871863,0.));
#6031=CARTESIAN_POINT('Ctrl Pts',(0.386806658573,-2.425640762205,0.));
#6032=CARTESIAN_POINT('Ctrl Pts',(0.370426283146,-2.422087404844,0.));
#6033=CARTESIAN_POINT('Ctrl Pts',(0.354614486157,-2.417639403419,0.));
#6034=CARTESIAN_POINT('Ctrl Pts',(0.339460909665,-2.412052372865,0.));
#6035=CARTESIAN_POINT('Ctrl Pts',(0.324803630437,-2.405670828672,0.));
#6036=CARTESIAN_POINT('Ctrl Pts',(0.31557177482,-2.400471011873,9.62964972193618E-34));
#6037=CARTESIAN_POINT('Ctrl Pts',(0.310975609756,-2.397882234784,6.776263578034E-18));
#6038=CARTESIAN_POINT('',(0.310975609756,-2.452760283565,0.));
#6039=CARTESIAN_POINT('',(0.310975609756,-2.397882234784,0.));
#6040=CARTESIAN_POINT('',(0.448551829268,-2.484772478687,0.));
#6041=CARTESIAN_POINT('Ctrl Pts',(0.310975609756,-2.452760283565,0.));
#6042=CARTESIAN_POINT('Ctrl Pts',(0.315667305143,-2.4553499084,0.));
#6043=CARTESIAN_POINT('Ctrl Pts',(0.325118741929,-2.460566716697,0.));
#6044=CARTESIAN_POINT('Ctrl Pts',(0.340233574172,-2.467003761754,0.));
#6045=CARTESIAN_POINT('Ctrl Pts',(0.356138040633,-2.472556016059,0.));
#6046=CARTESIAN_POINT('Ctrl Pts',(0.372971346873,-2.476983440839,0.));
#6047=CARTESIAN_POINT('Ctrl Pts',(0.390621590029,-2.480541648714,0.));
#6048=CARTESIAN_POINT('Ctrl Pts',(0.409182294647,-2.482951750407,0.));
#6049=CARTESIAN_POINT('Ctrl Pts',(0.428579929112,-2.484538241913,0.));
#6050=CARTESIAN_POINT('Ctrl Pts',(0.441815832451,-2.484693476782,0.));
#6051=CARTESIAN_POINT('Ctrl Pts',(0.448551829268,-2.484772478687,0.));
#6052=CARTESIAN_POINT('',(0.682926829268,-2.238107082345,0.));
#6053=CARTESIAN_POINT('Ctrl Pts',(0.448551829268,-2.484772478687,0.));
#6054=CARTESIAN_POINT('Ctrl Pts',(0.457231360044,-2.484578900144,0.));
#6055=CARTESIAN_POINT('Ctrl Pts',(0.474205157376,-2.484200335562,0.));
#6056=CARTESIAN_POINT('Ctrl Pts',(0.499001388309,-2.481016059432,0.));
#6057=CARTESIAN_POINT('Ctrl Pts',(0.522459526699,-2.475699801984,0.));
#6058=CARTESIAN_POINT('Ctrl Pts',(0.544571424817,-2.468230264828,0.));
#6059=CARTESIAN_POINT('Ctrl Pts',(0.565414440447,-2.458791725978,0.));
#6060=CARTESIAN_POINT('Ctrl Pts',(0.584880604688,-2.447124760781,0.));
#6061=CARTESIAN_POINT('Ctrl Pts',(0.602841099023,-2.433137488091,0.));
#6062=CARTESIAN_POINT('Ctrl Pts',(0.619533588019,-2.417393742574,0.));
#6063=CARTESIAN_POINT('Ctrl Pts',(0.634427763837,-2.399778689044,0.));
#6064=CARTESIAN_POINT('Ctrl Pts',(0.647464803998,-2.380725346635,0.));
#6065=CARTESIAN_POINT('Ctrl Pts',(0.658494078287,-2.360292977821,0.));
#6066=CARTESIAN_POINT('Ctrl Pts',(0.667443589037,-2.338470365478,0.));
#6067=CARTESIAN_POINT('Ctrl Pts',(0.674417905746,-2.315301807681,0.));
#6068=CARTESIAN_POINT('Ctrl Pts',(0.679295174159,-2.290766449465,0.));
#6069=CARTESIAN_POINT('Ctrl Pts',(0.682464742809,-2.264898713522,0.));
#6070=CARTESIAN_POINT('Ctrl Pts',(0.682770555022,-2.247167815194,0.));
#6071=CARTESIAN_POINT('Ctrl Pts',(0.682926829268,-2.238107082345,0.));
#6072=CARTESIAN_POINT('',(0.428639481707,-1.972577356736,0.));
#6073=CARTESIAN_POINT('Ctrl Pts',(0.682926829268,-2.238107082345,0.));
#6074=CARTESIAN_POINT('Ctrl Pts',(0.68270906754,-2.22837932679,0.));
#6075=CARTESIAN_POINT('Ctrl Pts',(0.68228288639,-2.209341151006,0.));
#6076=CARTESIAN_POINT('Ctrl Pts',(0.678895328547,-2.181502671818,0.));
#6077=CARTESIAN_POINT('Ctrl Pts',(0.673336899346,-2.15510567409,0.));
#6078=CARTESIAN_POINT('Ctrl Pts',(0.665382057176,-2.13019022775,0.));
#6079=CARTESIAN_POINT('Ctrl Pts',(0.655252212067,-2.106722657958,0.));
#6080=CARTESIAN_POINT('Ctrl Pts',(0.64293875466,-2.084671739011,0.));
#6081=CARTESIAN_POINT('Ctrl Pts',(0.628241604073,-2.064151084118,0.));
#6082=CARTESIAN_POINT('Ctrl Pts',(0.611394816827,-2.045300171108,0.));
#6083=CARTESIAN_POINT('Ctrl Pts',(0.592955839466,-2.028213417857,0.));
#6084=CARTESIAN_POINT('Ctrl Pts',(0.573060260878,-2.013303206453,0.));
#6085=CARTESIAN_POINT('Ctrl Pts',(0.551948070924,-2.000702832008,0.));
#6086=CARTESIAN_POINT('Ctrl Pts',(0.529649152874,-1.990329203803,0.));
#6087=CARTESIAN_POINT('Ctrl Pts',(0.506081532207,-1.982410572371,0.));
#6088=CARTESIAN_POINT('Ctrl Pts',(0.481355475316,-1.976723621627,0.));
#6089=CARTESIAN_POINT('Ctrl Pts',(0.455385826254,-1.973199657431,0.));
#6090=CARTESIAN_POINT('Ctrl Pts',(0.437670070192,-1.972787469242,0.));
#6091=CARTESIAN_POINT('Ctrl Pts',(0.428639481707,-1.972577356736,0.));
#6092=CARTESIAN_POINT('',(0.310975609756,-1.992394429906,0.));
#6093=CARTESIAN_POINT('Ctrl Pts',(0.428639481707,-1.972577356736,0.));
#6094=CARTESIAN_POINT('Ctrl Pts',(0.422826051395,-1.972619028953,0.));
#6095=CARTESIAN_POINT('Ctrl Pts',(0.411476719971,-1.972700383986,0.));
#6096=CARTESIAN_POINT('Ctrl Pts',(0.394827097487,-1.973720583619,0.));
#6097=CARTESIAN_POINT('Ctrl Pts',(0.378953458923,-1.975162437978,0.));
#6098=CARTESIAN_POINT('Ctrl Pts',(0.363832833252,-1.977410748846,0.));
#6099=CARTESIAN_POINT('Ctrl Pts',(0.349465998512,-1.980087128542,0.));
#6100=CARTESIAN_POINT('Ctrl Pts',(0.335906775031,-1.983575917804,0.));
#6101=CARTESIAN_POINT('Ctrl Pts',(0.323069926864,-1.987485079947,0.));
#6102=CARTESIAN_POINT('Ctrl Pts',(0.314955671511,-1.990778835091,0.));
#6103=CARTESIAN_POINT('Ctrl Pts',(0.310975609756,-1.992394429906,0.));
#6104=CARTESIAN_POINT('',(0.310975609756,-2.059467600638,0.));
#6105=CARTESIAN_POINT('',(0.310975609756,-1.992394429906,0.));
#6106=CARTESIAN_POINT('',(0.428067835365,-2.027455405516,0.));
#6107=CARTESIAN_POINT('Ctrl Pts',(0.310975609756,-2.059467600638,0.));
#6108=CARTESIAN_POINT('Ctrl Pts',(0.315415802569,-2.056887514142,0.));
#6109=CARTESIAN_POINT('Ctrl Pts',(0.324255804506,-2.051750807118,0.));
#6110=CARTESIAN_POINT('Ctrl Pts',(0.338159520313,-2.045328912404,0.));
#6111=CARTESIAN_POINT('Ctrl Pts',(0.352331141888,-2.039758843317,0.));
#6112=CARTESIAN_POINT('Ctrl Pts',(0.366869877666,-2.035312342903,0.));
#6113=CARTESIAN_POINT('Ctrl Pts',(0.381684225163,-2.031721759692,0.));
#6114=CARTESIAN_POINT('Ctrl Pts',(0.396851867833,-2.029313454336,0.));
#6115=CARTESIAN_POINT('Ctrl Pts',(0.412344068367,-2.027693137541,0.));
#6116=CARTESIAN_POINT('Ctrl Pts',(0.422791770511,-2.027535175814,0.));
#6117=CARTESIAN_POINT('Ctrl Pts',(0.428067835365,-2.027455405516,0.));
#6118=CARTESIAN_POINT('',(0.615853658536,-2.234010283565,0.));
#6119=CARTESIAN_POINT('Ctrl Pts',(0.428067835365,-2.027455405516,0.));
#6120=CARTESIAN_POINT('Ctrl Pts',(0.434842516298,-2.027601073559,0.));
#6121=CARTESIAN_POINT('Ctrl Pts',(0.448129136673,-2.027886760222,0.));
#6122=CARTESIAN_POINT('Ctrl Pts',(0.467539875528,-2.030691675065,0.));
#6123=CARTESIAN_POINT('Ctrl Pts',(0.486053572119,-2.034888144681,0.));
#6124=CARTESIAN_POINT('Ctrl Pts',(0.503595987779,-2.04103000332,0.));
#6125=CARTESIAN_POINT('Ctrl Pts',(0.520147203012,-2.048957018493,0.));
#6126=CARTESIAN_POINT('Ctrl Pts',(0.535692865011,-2.058698922149,0.));
#6127=CARTESIAN_POINT('Ctrl Pts',(0.55032844554,-2.070046848336,0.));
#6128=CARTESIAN_POINT('Ctrl Pts',(0.56383068379,-2.083142366963,0.));
#6129=CARTESIAN_POINT('Ctrl Pts',(0.576134978678,-2.097623918852,0.));
#6130=CARTESIAN_POINT('Ctrl Pts',(0.586696393845,-2.113587274187,0.));
#6131=CARTESIAN_POINT('Ctrl Pts',(0.595854743956,-2.130600364231,0.));
#6132=CARTESIAN_POINT('Ctrl Pts',(0.603188732918,-2.148961679347,0.));
#6133=CARTESIAN_POINT('Ctrl Pts',(0.60886848254,-2.168530341282,0.));
#6134=CARTESIAN_POINT('Ctrl Pts',(0.612968064555,-2.189279648615,0.));
#6135=CARTESIAN_POINT('Ctrl Pts',(0.615343305896,-2.211247870324,0.));
#6136=CARTESIAN_POINT('Ctrl Pts',(0.615680501296,-2.226287238093,0.));
#6137=CARTESIAN_POINT('Ctrl Pts',(0.615853658536,-2.234010283565,0.));
#6138=CARTESIAN_POINT('Ctrl Pts',(0.615853658536,-2.234010283565,0.));
#6139=CARTESIAN_POINT('Ctrl Pts',(0.615714748611,-2.241320886413,0.));
#6140=CARTESIAN_POINT('Ctrl Pts',(0.615443460804,-2.25559832131,0.));
#6141=CARTESIAN_POINT('Ctrl Pts',(0.613112667493,-2.276437160271,0.));
#6142=CARTESIAN_POINT('Ctrl Pts',(0.609337045371,-2.296140521193,0.));
#6143=CARTESIAN_POINT('Ctrl Pts',(0.604030874522,-2.314691036783,0.));
#6144=CARTESIAN_POINT('Ctrl Pts',(0.597111821928,-2.332071539821,0.));
#6145=CARTESIAN_POINT('Ctrl Pts',(0.588753848885,-2.348328210248,0.));
#6146=CARTESIAN_POINT('Ctrl Pts',(0.578760840008,-2.363387636065,0.));
#6147=CARTESIAN_POINT('Ctrl Pts',(0.56735339011,-2.377179315689,0.));
#6148=CARTESIAN_POINT('Ctrl Pts',(0.554688115932,-2.389547141744,0.));
#6149=CARTESIAN_POINT('Ctrl Pts',(0.541030236963,-2.400408871905,0.));
#6150=CARTESIAN_POINT('Ctrl Pts',(0.526349996894,-2.409475035321,0.));
#6151=CARTESIAN_POINT('Ctrl Pts',(0.510784286556,-2.416992985761,0.));
#6152=CARTESIAN_POINT('Ctrl Pts',(0.49426277703,-2.422805398358,0.));
#6153=CARTESIAN_POINT('Ctrl Pts',(0.476754541874,-2.426880103431,0.));
#6154=CARTESIAN_POINT('Ctrl Pts',(0.458343338831,-2.429403888085,0.));
#6155=CARTESIAN_POINT('Ctrl Pts',(0.44573355092,-2.429728880864,0.));
#6156=CARTESIAN_POINT('Ctrl Pts',(0.439310213414,-2.429894429906,0.));
#6157=CARTESIAN_POINT('',(0.914634146341,-2.423796868931,0.));
#6158=CARTESIAN_POINT('',(0.725609756097,-2.423796868931,0.));
#6159=CARTESIAN_POINT('',(0.914634146341,-2.423796868931,0.));
#6160=CARTESIAN_POINT('',(0.725609756097,-2.478674917711,0.));
#6161=CARTESIAN_POINT('',(0.725609756097,-2.423796868931,0.));
#6162=CARTESIAN_POINT('',(0.981707317073,-2.478674917711,0.));
#6163=CARTESIAN_POINT('',(0.725609756097,-2.478674917711,0.));
#6164=CARTESIAN_POINT('',(0.981707317073,-1.978674917711,0.));
#6165=CARTESIAN_POINT('',(0.981707317073,-2.478674917711,0.));
#6166=CARTESIAN_POINT('',(0.914634146341,-1.978674917711,0.));
#6167=CARTESIAN_POINT('',(0.981707317073,-1.978674917711,0.));
#6168=CARTESIAN_POINT('',(0.914634146341,-1.978674917711,0.));
#6169=CARTESIAN_POINT('',(-0.780487804878,-1.978674917711,0.));
#6170=CARTESIAN_POINT('',(-0.847560975609,-1.978674917711,0.));
#6171=CARTESIAN_POINT('',(-0.780487804878,-1.978674917711,0.));
#6172=CARTESIAN_POINT('',(-1.042682926829,-2.478674917711,0.));
#6173=CARTESIAN_POINT('',(-0.847560975609,-1.978674917711,0.));
#6174=CARTESIAN_POINT('',(-0.969512195121,-2.478674917711,0.));
#6175=CARTESIAN_POINT('',(-1.042682926829,-2.478674917711,0.));
#6176=CARTESIAN_POINT('',(-0.918921493902,-2.338431015272,0.));
#6177=CARTESIAN_POINT('',(-0.969512195121,-2.478674917711,0.));
#6178=CARTESIAN_POINT('',(-0.712366615853,-2.338431015272,0.));
#6179=CARTESIAN_POINT('',(-0.918921493902,-2.338431015272,0.));
#6180=CARTESIAN_POINT('',(-0.664634146341,-2.478674917711,0.));
#6181=CARTESIAN_POINT('',(-0.712366615853,-2.338431015272,0.));
#6182=CARTESIAN_POINT('',(-0.591463414634,-2.478674917711,0.));
#6183=CARTESIAN_POINT('',(-0.664634146341,-2.478674917711,0.));
#6184=CARTESIAN_POINT('',(-0.591463414634,-2.478674917711,0.));
#6185=CARTESIAN_POINT('',(-1.25,4.299999999999,0.));
#6186=CARTESIAN_POINT('',(1.25,4.299999999999,-3.061616997868E-16));
#6187=CARTESIAN_POINT('',(0.999999999999,4.299999999999,3.951309221772E-16));
#6188=CARTESIAN_POINT('',(1.25,5.1,-3.061616997868E-16));
#6189=CARTESIAN_POINT('',(1.25,4.299999999999,-3.061616997868E-16));
#6190=CARTESIAN_POINT('',(-1.25,5.1,0.));
#6191=CARTESIAN_POINT('',(0.999999999999,5.1,3.951309221772E-16));
#6192=CARTESIAN_POINT('',(-1.25,4.299999999999,0.));
#6193=CARTESIAN_POINT('',(-1.25,-0.399999999999,0.));
#6194=CARTESIAN_POINT('',(1.25,-0.399999999999,-3.061616997868E-16));
#6195=CARTESIAN_POINT('',(0.999999999999,-0.4,3.951309221772E-16));
#6196=CARTESIAN_POINT('',(1.25,0.4,-3.061616997868E-16));
#6197=CARTESIAN_POINT('',(1.25,-0.399999999999,-3.061616997868E-16));
#6198=CARTESIAN_POINT('',(-1.25,0.4,0.));
#6199=CARTESIAN_POINT('',(0.999999999999,0.4,3.951309221772E-16));
#6200=CARTESIAN_POINT('',(-1.25,-0.399999999999,0.));
#6201=CARTESIAN_POINT('',(-1.25,-5.1,0.));
#6202=CARTESIAN_POINT('',(1.25,-5.1,-3.061616997868E-16));
#6203=CARTESIAN_POINT('',(0.999999999999,-5.1,3.951309221772E-16));
#6204=CARTESIAN_POINT('',(1.25,-4.299999999999,-3.061616997868E-16));
#6205=CARTESIAN_POINT('',(1.25,-5.1,-3.061616997868E-16));
#6206=CARTESIAN_POINT('',(-1.25,-4.299999999999,0.));
#6207=CARTESIAN_POINT('',(0.999999999999,-4.299999999999,3.951309221772E-16));
#6208=CARTESIAN_POINT('',(-1.25,-5.1,0.));
#6209=CARTESIAN_POINT('Origin',(4.099999999999,-6.2,9.199999999999));
#6210=CARTESIAN_POINT('',(4.099999999999,5.1,9.199999999999));
#6211=CARTESIAN_POINT('',(4.099999999999,5.1,9.199999999999));
#6212=CARTESIAN_POINT('',(4.099999999999,6.199999999999,9.199999999999));
#6213=CARTESIAN_POINT('',(4.099999999999,6.199999999999,9.199999999999));
#6214=CARTESIAN_POINT('',(4.099999999999,-6.2,9.199999999999));
#6215=CARTESIAN_POINT('Origin',(4.099999999999,-6.2,9.199999999999));
#6216=CARTESIAN_POINT('',(4.099999999999,-5.099999999999,9.199999999999));
#6217=CARTESIAN_POINT('',(4.099999999999,-5.099999999999,9.199999999999));
#6218=CARTESIAN_POINT('',(4.099999999999,-6.2,9.199999999999));
#6219=CARTESIAN_POINT('',(4.099999999999,-6.2,9.199999999999));
#6220=CARTESIAN_POINT('',(4.099999999999,-6.2,9.199999999999));
#6221=CARTESIAN_POINT('Origin',(0.,0.,9.199999999999));
#6222=CARTESIAN_POINT('',(3.7,5.1,9.199999999999));
#6223=CARTESIAN_POINT('',(4.5,5.1,9.199999999999));
#6224=CARTESIAN_POINT('',(-4.1,6.199999999999,9.199999999999));
#6225=CARTESIAN_POINT('',(-4.1,6.199999999999,9.199999999999));
#6226=CARTESIAN_POINT('',(-4.1,5.1,9.199999999999));
#6227=CARTESIAN_POINT('',(-4.1,-6.2,9.199999999999));
#6228=CARTESIAN_POINT('',(-3.7,5.1,9.199999999999));
#6229=CARTESIAN_POINT('',(-4.5,5.1,9.199999999999));
#6230=CARTESIAN_POINT('',(-3.7,-5.099999999999,9.199999999999));
#6231=CARTESIAN_POINT('',(-3.7,-5.099999999999,9.199999999999));
#6232=CARTESIAN_POINT('',(-4.1,-5.099999999999,9.199999999999));
#6233=CARTESIAN_POINT('',(0.,-5.099999999999,9.199999999999));
#6234=CARTESIAN_POINT('',(-4.1,-6.2,9.199999999999));
#6235=CARTESIAN_POINT('',(-4.1,-6.2,9.199999999999));
#6236=CARTESIAN_POINT('',(-4.1,-6.2,9.199999999999));
#6237=CARTESIAN_POINT('',(3.7,-5.099999999999,9.199999999999));
#6238=CARTESIAN_POINT('',(0.,-5.099999999999,9.199999999999));
#6239=CARTESIAN_POINT('',(3.7,-5.099999999999,9.199999999999));
#6240=CARTESIAN_POINT('Origin',(-4.1,-6.2,9.199999999999));
#6241=CARTESIAN_POINT('',(-4.1,-5.099999999999,9.199999999999));
#6242=CARTESIAN_POINT('',(-4.1,-6.2,9.199999999999));
#6243=CARTESIAN_POINT('Origin',(-4.1,6.199999999999,9.199999999999));
#6244=CARTESIAN_POINT('',(-4.1,6.199999999999,9.199999999999));
#6245=CARTESIAN_POINT('Origin',(-4.1,-6.2,9.199999999999));
#6246=CARTESIAN_POINT('',(-4.1,5.1,9.199999999999));
#6247=CARTESIAN_POINT('Origin',(-4.1,-6.2,9.199999999999));
#6248=CARTESIAN_POINT('Origin',(-0.8,5.1,-3.699999996612));
#6249=CARTESIAN_POINT('',(1.9,5.1,-0.375277674973));
#6250=CARTESIAN_POINT('',(1.25,5.1,-3.061616997868E-16));
#6251=CARTESIAN_POINT('',(1.85,5.1,-0.461880215351));
#6252=CARTESIAN_POINT('',(1.9,5.1,-0.375277674973));
#6253=CARTESIAN_POINT('',(1.440192378864,5.1,-0.571687836487));
#6254=CARTESIAN_POINT('Origin',(1.590192378864,5.1,-0.311880215351));
#6255=CARTESIAN_POINT('',(0.999999999999,5.1,-0.317542648054));
#6256=CARTESIAN_POINT('',(1.440192378864,5.1,-0.571687836487));
#6257=CARTESIAN_POINT('',(0.999999999999,5.1,-3.699999996612));
#6258=CARTESIAN_POINT('',(0.999999999999,5.1,-3.699999996612));
#6259=CARTESIAN_POINT('',(0.799999999999,5.1,-3.899999996612));
#6260=CARTESIAN_POINT('Origin',(0.799999999999,5.1,-3.699999996612));
#6261=CARTESIAN_POINT('',(-0.8,5.1,-3.899999996612));
#6262=CARTESIAN_POINT('',(0.799999999999,5.1,-3.899999996612));
#6263=CARTESIAN_POINT('',(-1.,5.1,-3.699999996612));
#6264=CARTESIAN_POINT('Origin',(-0.8,5.1,-3.699999996612));
#6265=CARTESIAN_POINT('',(-1.,5.1,-0.317542648054));
#6266=CARTESIAN_POINT('',(-1.,5.1,-3.699999996612));
#6267=CARTESIAN_POINT('',(-1.440192378864,5.1,-0.571687836487));
#6268=CARTESIAN_POINT('',(-1.440192378864,5.1,-0.571687836487));
#6269=CARTESIAN_POINT('',(-1.85,5.1,-0.461880215351));
#6270=CARTESIAN_POINT('Origin',(-1.590192378864,5.1,-0.311880215351));
#6271=CARTESIAN_POINT('',(-1.9,5.1,-0.375277674973));
#6272=CARTESIAN_POINT('',(-1.9,5.1,-0.375277674973));
#6273=CARTESIAN_POINT('',(-1.25,5.1,0.));
#6274=CARTESIAN_POINT('',(0.474999999999,5.1,-1.449999996612));
#6275=CARTESIAN_POINT('',(0.474999999999,5.1,-3.249999996612));
#6276=CARTESIAN_POINT('',(0.474999999999,5.1,-3.249999996612));
#6277=CARTESIAN_POINT('',(-0.475,5.1,-1.449999996612));
#6278=CARTESIAN_POINT('',(0.474999999999,5.1,-1.449999996612));
#6279=CARTESIAN_POINT('',(-0.475,5.1,-3.249999996612));
#6280=CARTESIAN_POINT('',(-0.475,5.1,-3.249999996612));
#6281=CARTESIAN_POINT('',(0.474999999999,5.1,-3.249999996612));
#6282=CARTESIAN_POINT('Origin',(-0.8,4.299999999999,-3.699999996612));
#6283=CARTESIAN_POINT('',(-1.9,4.299999999999,-0.375277674973));
#6284=CARTESIAN_POINT('',(-1.25,4.299999999999,0.));
#6285=CARTESIAN_POINT('',(-1.85,4.299999999999,-0.461880215351));
#6286=CARTESIAN_POINT('',(-1.9,4.299999999999,-0.375277674973));
#6287=CARTESIAN_POINT('',(-1.440192378864,4.299999999999,-0.571687836487));
#6288=CARTESIAN_POINT('Origin',(-1.590192378864,4.299999999999,-0.311880215351));
#6289=CARTESIAN_POINT('',(-1.,4.299999999999,-0.317542648054));
#6290=CARTESIAN_POINT('',(-1.440192378864,4.299999999999,-0.571687836487));
#6291=CARTESIAN_POINT('',(-1.,4.299999999999,-3.699999996612));
#6292=CARTESIAN_POINT('',(-1.,4.299999999999,-3.699999996612));
#6293=CARTESIAN_POINT('',(-0.8,4.299999999999,-3.899999996612));
#6294=CARTESIAN_POINT('Origin',(-0.8,4.299999999999,-3.699999996612));
#6295=CARTESIAN_POINT('',(0.799999999999,4.299999999999,-3.899999996612));
#6296=CARTESIAN_POINT('',(0.799999999999,4.299999999999,-3.899999996612));
#6297=CARTESIAN_POINT('',(0.999999999999,4.299999999999,-3.699999996612));
#6298=CARTESIAN_POINT('Origin',(0.799999999999,4.299999999999,-3.699999996612));
#6299=CARTESIAN_POINT('',(1.,4.299999999999,-0.317542648054));
#6300=CARTESIAN_POINT('',(0.999999999999,4.299999999999,-3.699999996612));
#6301=CARTESIAN_POINT('',(1.440192378864,4.299999999999,-0.571687836487));
#6302=CARTESIAN_POINT('',(1.440192378864,4.299999999999,-0.571687836487));
#6303=CARTESIAN_POINT('',(1.85,4.299999999999,-0.461880215351));
#6304=CARTESIAN_POINT('Origin',(1.590192378864,4.299999999999,-0.311880215351));
#6305=CARTESIAN_POINT('',(1.9,4.299999999999,-0.375277674973));
#6306=CARTESIAN_POINT('',(1.9,4.299999999999,-0.375277674973));
#6307=CARTESIAN_POINT('',(1.25,4.299999999999,-3.061616997868E-16));
#6308=CARTESIAN_POINT('',(-0.475,4.299999999999,-1.449999996612));
#6309=CARTESIAN_POINT('',(0.474999999999,4.299999999999,-1.449999996612));
#6310=CARTESIAN_POINT('',(0.474999999999,4.299999999999,-1.449999996612));
#6311=CARTESIAN_POINT('',(0.474999999999,4.299999999999,-3.249999996612));
#6312=CARTESIAN_POINT('',(0.474999999999,4.299999999999,-3.249999996612));
#6313=CARTESIAN_POINT('',(-0.475,4.299999999999,-3.249999996612));
#6314=CARTESIAN_POINT('',(0.474999999999,4.299999999999,-3.249999996612));
#6315=CARTESIAN_POINT('',(-0.475,4.299999999999,-3.249999996612));
#6316=CARTESIAN_POINT('Origin',(0.999999999999,5.1,-3.699999996612));
#6317=CARTESIAN_POINT('',(1.,4.299999999999,-0.317542648054));
#6318=CARTESIAN_POINT('',(0.999999999999,5.1,-3.699999996612));
#6319=CARTESIAN_POINT('Origin',(0.799999999999,5.1,-3.699999996612));
#6320=CARTESIAN_POINT('',(0.799999999999,5.1,-3.899999996612));
#6321=CARTESIAN_POINT('Origin',(0.799999999999,5.1,-3.899999996612));
#6322=CARTESIAN_POINT('',(-0.8,5.1,-3.899999996612));
#6323=CARTESIAN_POINT('Origin',(-0.8,5.1,-3.699999996612));
#6324=CARTESIAN_POINT('',(-1.,5.1,-3.699999996612));
#6325=CARTESIAN_POINT('Origin',(-1.,5.1,-3.699999996612));
#6326=CARTESIAN_POINT('',(-1.,4.299999999999,-0.317542648054));
#6327=CARTESIAN_POINT('Origin',(0.474999999999,5.1,-1.449999996612));
#6328=CARTESIAN_POINT('',(-0.475,5.1,-1.449999996612));
#6329=CARTESIAN_POINT('',(0.474999999999,5.1,-1.449999996612));
#6330=CARTESIAN_POINT('Origin',(0.474999999999,5.1,-3.249999996612));
#6331=CARTESIAN_POINT('',(0.474999999999,5.1,-3.249999996612));
#6332=CARTESIAN_POINT('Origin',(0.474999999999,5.1,-3.249999996612));
#6333=CARTESIAN_POINT('',(-0.475,5.1,-3.249999996612));
#6334=CARTESIAN_POINT('Origin',(-0.475,5.1,-3.249999996612));
#6335=CARTESIAN_POINT('Origin',(-1.25,4.299999999999,0.));
#6336=CARTESIAN_POINT('',(-1.9,4.299999999999,-0.375277674973));
#6337=CARTESIAN_POINT('Origin',(-1.9,4.299999999999,-0.375277674973));
#6338=CARTESIAN_POINT('',(-1.85,4.299999999999,-0.461880215351));
#6339=CARTESIAN_POINT('Origin',(-1.590192378864,4.299999999999,-0.311880215351));
#6340=CARTESIAN_POINT('',(-1.440192378864,4.299999999999,-0.571687836487));
#6341=CARTESIAN_POINT('Origin',(-1.440192378864,4.299999999999,-0.571687836487));
#6342=CARTESIAN_POINT('Origin',(1.590192378864,4.299999999999,-0.311880215351));
#6343=CARTESIAN_POINT('',(1.85,4.299999999999,-0.461880215351));
#6344=CARTESIAN_POINT('',(1.440192378864,4.299999999999,-0.571687836487));
#6345=CARTESIAN_POINT('Origin',(1.9,4.299999999999,-0.375277674973));
#6346=CARTESIAN_POINT('',(1.9,4.299999999999,-0.375277674973));
#6347=CARTESIAN_POINT('Origin',(1.25,4.299999999999,-3.061616997868E-16));
#6348=CARTESIAN_POINT('Origin',(1.440192378864,4.299999999999,-0.571687836487));
#6349=CARTESIAN_POINT('Origin',(-0.8,0.4,-3.699999996612));
#6350=CARTESIAN_POINT('',(1.9,0.4,-0.375277674973));
#6351=CARTESIAN_POINT('',(1.25,0.4,-3.061616997868E-16));
#6352=CARTESIAN_POINT('',(1.85,0.4,-0.461880215351));
#6353=CARTESIAN_POINT('',(1.9,0.4,-0.375277674973));
#6354=CARTESIAN_POINT('',(1.440192378864,0.4,-0.571687836487));
#6355=CARTESIAN_POINT('Origin',(1.590192378864,0.4,-0.311880215351));
#6356=CARTESIAN_POINT('',(0.999999999999,0.4,-0.317542648054));
#6357=CARTESIAN_POINT('',(1.440192378864,0.4,-0.571687836487));
#6358=CARTESIAN_POINT('',(0.999999999999,0.4,-3.699999996612));
#6359=CARTESIAN_POINT('',(0.999999999999,0.4,-3.699999996612));
#6360=CARTESIAN_POINT('',(0.799999999999,0.4,-3.899999996612));
#6361=CARTESIAN_POINT('Origin',(0.799999999999,0.4,-3.699999996612));
#6362=CARTESIAN_POINT('',(-0.8,0.4,-3.899999996612));
#6363=CARTESIAN_POINT('',(0.799999999999,0.4,-3.899999996612));
#6364=CARTESIAN_POINT('',(-1.,0.4,-3.699999996612));
#6365=CARTESIAN_POINT('Origin',(-0.8,0.4,-3.699999996612));
#6366=CARTESIAN_POINT('',(-1.,0.4,-0.317542648054));
#6367=CARTESIAN_POINT('',(-1.,0.4,-3.699999996612));
#6368=CARTESIAN_POINT('',(-1.440192378864,0.4,-0.571687836487));
#6369=CARTESIAN_POINT('',(-1.440192378864,0.4,-0.571687836487));
#6370=CARTESIAN_POINT('',(-1.85,0.4,-0.461880215351));
#6371=CARTESIAN_POINT('Origin',(-1.590192378864,0.4,-0.311880215351));
#6372=CARTESIAN_POINT('',(-1.9,0.4,-0.375277674973));
#6373=CARTESIAN_POINT('',(-1.9,0.4,-0.375277674973));
#6374=CARTESIAN_POINT('',(-1.25,0.4,0.));
#6375=CARTESIAN_POINT('',(0.474999999999,0.4,-1.449999996612));
#6376=CARTESIAN_POINT('',(0.474999999999,0.4,-3.249999996612));
#6377=CARTESIAN_POINT('',(0.474999999999,0.4,-3.249999996612));
#6378=CARTESIAN_POINT('',(-0.475,0.4,-1.449999996612));
#6379=CARTESIAN_POINT('',(0.474999999999,0.4,-1.449999996612));
#6380=CARTESIAN_POINT('',(-0.475,0.4,-3.249999996612));
#6381=CARTESIAN_POINT('',(-0.475,0.4,-3.249999996612));
#6382=CARTESIAN_POINT('',(0.474999999999,0.4,-3.249999996612));
#6383=CARTESIAN_POINT('Origin',(-0.8,-0.4,-3.699999996612));
#6384=CARTESIAN_POINT('',(-1.9,-0.399999999999,-0.375277674973));
#6385=CARTESIAN_POINT('',(-1.25,-0.399999999999,0.));
#6386=CARTESIAN_POINT('',(-1.85,-0.399999999999,-0.461880215351));
#6387=CARTESIAN_POINT('',(-1.9,-0.399999999999,-0.375277674973));
#6388=CARTESIAN_POINT('',(-1.440192378864,-0.399999999999,-0.571687836487));
#6389=CARTESIAN_POINT('Origin',(-1.590192378864,-0.399999999999,-0.311880215351));
#6390=CARTESIAN_POINT('',(-1.,-0.399999999999,-0.317542648054));
#6391=CARTESIAN_POINT('',(-1.440192378864,-0.399999999999,-0.571687836487));
#6392=CARTESIAN_POINT('',(-1.,-0.4,-3.699999996612));
#6393=CARTESIAN_POINT('',(-1.,-0.4,-3.699999996612));
#6394=CARTESIAN_POINT('',(-0.8,-0.4,-3.899999996612));
#6395=CARTESIAN_POINT('Origin',(-0.8,-0.4,-3.699999996612));
#6396=CARTESIAN_POINT('',(0.799999999999,-0.4,-3.899999996612));
#6397=CARTESIAN_POINT('',(0.799999999999,-0.4,-3.899999996612));
#6398=CARTESIAN_POINT('',(0.999999999999,-0.4,-3.699999996612));
#6399=CARTESIAN_POINT('Origin',(0.799999999999,-0.4,-3.699999996612));
#6400=CARTESIAN_POINT('',(1.,-0.399999999999,-0.317542648054));
#6401=CARTESIAN_POINT('',(0.999999999999,-0.4,-3.699999996612));
#6402=CARTESIAN_POINT('',(1.440192378864,-0.399999999999,-0.571687836487));
#6403=CARTESIAN_POINT('',(1.440192378864,-0.399999999999,-0.571687836487));
#6404=CARTESIAN_POINT('',(1.85,-0.399999999999,-0.461880215351));
#6405=CARTESIAN_POINT('Origin',(1.590192378864,-0.399999999999,-0.311880215351));
#6406=CARTESIAN_POINT('',(1.9,-0.399999999999,-0.375277674973));
#6407=CARTESIAN_POINT('',(1.9,-0.399999999999,-0.375277674973));
#6408=CARTESIAN_POINT('',(1.25,-0.399999999999,-3.061616997868E-16));
#6409=CARTESIAN_POINT('',(-0.475,-0.4,-1.449999996612));
#6410=CARTESIAN_POINT('',(0.474999999999,-0.4,-1.449999996612));
#6411=CARTESIAN_POINT('',(0.474999999999,-0.4,-1.449999996612));
#6412=CARTESIAN_POINT('',(0.474999999999,-0.4,-3.249999996612));
#6413=CARTESIAN_POINT('',(0.474999999999,-0.4,-3.249999996612));
#6414=CARTESIAN_POINT('',(-0.475,-0.4,-3.249999996612));
#6415=CARTESIAN_POINT('',(0.474999999999,-0.4,-3.249999996612));
#6416=CARTESIAN_POINT('',(-0.475,-0.4,-3.249999996612));
#6417=CARTESIAN_POINT('Origin',(0.999999999999,0.4,-3.699999996612));
#6418=CARTESIAN_POINT('',(1.,-0.399999999999,-0.317542648054));
#6419=CARTESIAN_POINT('',(0.999999999999,0.4,-3.699999996612));
#6420=CARTESIAN_POINT('Origin',(0.799999999999,0.4,-3.699999996612));
#6421=CARTESIAN_POINT('',(0.799999999999,0.4,-3.899999996612));
#6422=CARTESIAN_POINT('Origin',(0.799999999999,0.4,-3.899999996612));
#6423=CARTESIAN_POINT('',(-0.8,0.4,-3.899999996612));
#6424=CARTESIAN_POINT('Origin',(-0.8,0.4,-3.699999996612));
#6425=CARTESIAN_POINT('',(-1.,0.4,-3.699999996612));
#6426=CARTESIAN_POINT('Origin',(-1.,0.4,-3.699999996612));
#6427=CARTESIAN_POINT('',(-1.,-0.399999999999,-0.317542648054));
#6428=CARTESIAN_POINT('Origin',(0.474999999999,0.4,-1.449999996612));
#6429=CARTESIAN_POINT('',(-0.475,0.4,-1.449999996612));
#6430=CARTESIAN_POINT('',(0.474999999999,0.4,-1.449999996612));
#6431=CARTESIAN_POINT('Origin',(0.474999999999,0.4,-3.249999996612));
#6432=CARTESIAN_POINT('',(0.474999999999,0.4,-3.249999996612));
#6433=CARTESIAN_POINT('Origin',(0.474999999999,0.4,-3.249999996612));
#6434=CARTESIAN_POINT('',(-0.475,0.4,-3.249999996612));
#6435=CARTESIAN_POINT('Origin',(-0.475,0.4,-3.249999996612));
#6436=CARTESIAN_POINT('Origin',(-0.8,-4.299999999999,-3.699999996612));
#6437=CARTESIAN_POINT('',(1.9,-4.299999999999,-0.375277674973));
#6438=CARTESIAN_POINT('',(1.25,-4.299999999999,-3.061616997868E-16));
#6439=CARTESIAN_POINT('',(1.85,-4.299999999999,-0.461880215351));
#6440=CARTESIAN_POINT('',(1.9,-4.299999999999,-0.375277674973));
#6441=CARTESIAN_POINT('',(1.440192378864,-4.299999999999,-0.571687836487));
#6442=CARTESIAN_POINT('Origin',(1.590192378864,-4.299999999999,-0.311880215351));
#6443=CARTESIAN_POINT('',(0.999999999999,-4.299999999999,-0.317542648054));
#6444=CARTESIAN_POINT('',(1.440192378864,-4.299999999999,-0.571687836487));
#6445=CARTESIAN_POINT('',(0.999999999999,-4.299999999999,-3.699999996612));
#6446=CARTESIAN_POINT('',(0.999999999999,-4.299999999999,-3.699999996612));
#6447=CARTESIAN_POINT('',(0.799999999999,-4.299999999999,-3.899999996612));
#6448=CARTESIAN_POINT('Origin',(0.799999999999,-4.299999999999,-3.699999996612));
#6449=CARTESIAN_POINT('',(-0.8,-4.299999999999,-3.899999996612));
#6450=CARTESIAN_POINT('',(0.799999999999,-4.299999999999,-3.899999996612));
#6451=CARTESIAN_POINT('',(-1.,-4.299999999999,-3.699999996612));
#6452=CARTESIAN_POINT('Origin',(-0.8,-4.299999999999,-3.699999996612));
#6453=CARTESIAN_POINT('',(-1.,-4.299999999999,-0.317542648054));
#6454=CARTESIAN_POINT('',(-1.,-4.299999999999,-3.699999996612));
#6455=CARTESIAN_POINT('',(-1.440192378864,-4.299999999999,-0.571687836487));
#6456=CARTESIAN_POINT('',(-1.440192378864,-4.299999999999,-0.571687836487));
#6457=CARTESIAN_POINT('',(-1.85,-4.299999999999,-0.461880215351));
#6458=CARTESIAN_POINT('Origin',(-1.590192378864,-4.299999999999,-0.311880215351));
#6459=CARTESIAN_POINT('',(-1.9,-4.299999999999,-0.375277674973));
#6460=CARTESIAN_POINT('',(-1.9,-4.299999999999,-0.375277674973));
#6461=CARTESIAN_POINT('',(-1.25,-4.299999999999,0.));
#6462=CARTESIAN_POINT('',(0.474999999999,-4.299999999999,-1.449999996612));
#6463=CARTESIAN_POINT('',(0.474999999999,-4.299999999999,-3.249999996612));
#6464=CARTESIAN_POINT('',(0.474999999999,-4.299999999999,-3.249999996612));
#6465=CARTESIAN_POINT('',(-0.475,-4.299999999999,-1.449999996612));
#6466=CARTESIAN_POINT('',(0.474999999999,-4.299999999999,-1.449999996612));
#6467=CARTESIAN_POINT('',(-0.475,-4.299999999999,-3.249999996612));
#6468=CARTESIAN_POINT('',(-0.475,-4.299999999999,-3.249999996612));
#6469=CARTESIAN_POINT('',(0.474999999999,-4.299999999999,-3.249999996612));
#6470=CARTESIAN_POINT('Origin',(-0.8,-5.1,-3.699999996612));
#6471=CARTESIAN_POINT('',(-1.9,-5.1,-0.375277674973));
#6472=CARTESIAN_POINT('',(-1.25,-5.1,0.));
#6473=CARTESIAN_POINT('',(-1.85,-5.1,-0.461880215351));
#6474=CARTESIAN_POINT('',(-1.9,-5.1,-0.375277674973));
#6475=CARTESIAN_POINT('',(-1.440192378864,-5.1,-0.571687836487));
#6476=CARTESIAN_POINT('Origin',(-1.590192378864,-5.1,-0.311880215351));
#6477=CARTESIAN_POINT('',(-1.,-5.1,-0.317542648054));
#6478=CARTESIAN_POINT('',(-1.440192378864,-5.1,-0.571687836487));
#6479=CARTESIAN_POINT('',(-1.,-5.1,-3.699999996612));
#6480=CARTESIAN_POINT('',(-1.,-5.1,-3.699999996612));
#6481=CARTESIAN_POINT('',(-0.8,-5.1,-3.899999996612));
#6482=CARTESIAN_POINT('Origin',(-0.8,-5.1,-3.699999996612));
#6483=CARTESIAN_POINT('',(0.799999999999,-5.1,-3.899999996612));
#6484=CARTESIAN_POINT('',(0.799999999999,-5.1,-3.899999996612));
#6485=CARTESIAN_POINT('',(0.999999999999,-5.1,-3.699999996612));
#6486=CARTESIAN_POINT('Origin',(0.799999999999,-5.1,-3.699999996612));
#6487=CARTESIAN_POINT('',(1.,-5.1,-0.317542648054));
#6488=CARTESIAN_POINT('',(0.999999999999,-5.1,-3.699999996612));
#6489=CARTESIAN_POINT('',(1.440192378864,-5.1,-0.571687836487));
#6490=CARTESIAN_POINT('',(1.440192378864,-5.1,-0.571687836487));
#6491=CARTESIAN_POINT('',(1.85,-5.1,-0.461880215351));
#6492=CARTESIAN_POINT('Origin',(1.590192378864,-5.1,-0.311880215351));
#6493=CARTESIAN_POINT('',(1.9,-5.1,-0.375277674973));
#6494=CARTESIAN_POINT('',(1.9,-5.1,-0.375277674973));
#6495=CARTESIAN_POINT('',(1.25,-5.1,-3.061616997868E-16));
#6496=CARTESIAN_POINT('',(-0.475,-5.1,-1.449999996612));
#6497=CARTESIAN_POINT('',(0.474999999999,-5.1,-1.449999996612));
#6498=CARTESIAN_POINT('',(0.474999999999,-5.1,-1.449999996612));
#6499=CARTESIAN_POINT('',(0.474999999999,-5.1,-3.249999996612));
#6500=CARTESIAN_POINT('',(0.474999999999,-5.1,-3.249999996612));
#6501=CARTESIAN_POINT('',(-0.475,-5.1,-3.249999996612));
#6502=CARTESIAN_POINT('',(0.474999999999,-5.1,-3.249999996612));
#6503=CARTESIAN_POINT('',(-0.475,-5.1,-3.249999996612));
#6504=CARTESIAN_POINT('Origin',(0.999999999999,-4.299999999999,-3.699999996612));
#6505=CARTESIAN_POINT('',(1.,-5.1,-0.317542648054));
#6506=CARTESIAN_POINT('',(0.999999999999,-4.299999999999,-3.699999996612));
#6507=CARTESIAN_POINT('Origin',(0.799999999999,-4.299999999999,-3.699999996612));
#6508=CARTESIAN_POINT('',(0.799999999999,-4.299999999999,-3.899999996612));
#6509=CARTESIAN_POINT('Origin',(0.799999999999,-4.299999999999,-3.899999996612));
#6510=CARTESIAN_POINT('',(-0.8,-4.299999999999,-3.899999996612));
#6511=CARTESIAN_POINT('Origin',(-0.8,-4.299999999999,-3.699999996612));
#6512=CARTESIAN_POINT('',(-1.,-4.299999999999,-3.699999996612));
#6513=CARTESIAN_POINT('Origin',(-1.,-4.299999999999,-3.699999996612));
#6514=CARTESIAN_POINT('',(-1.,-5.1,-0.317542648054));
#6515=CARTESIAN_POINT('Origin',(0.474999999999,-4.299999999999,-1.449999996612));
#6516=CARTESIAN_POINT('',(-0.475,-4.299999999999,-1.449999996612));
#6517=CARTESIAN_POINT('',(0.474999999999,-4.299999999999,-1.449999996612));
#6518=CARTESIAN_POINT('Origin',(0.474999999999,-4.299999999999,-3.249999996612));
#6519=CARTESIAN_POINT('',(0.474999999999,-4.299999999999,-3.249999996612));
#6520=CARTESIAN_POINT('Origin',(0.474999999999,-4.299999999999,-3.249999996612));
#6521=CARTESIAN_POINT('',(-0.475,-4.299999999999,-3.249999996612));
#6522=CARTESIAN_POINT('Origin',(-0.475,-4.299999999999,-3.249999996612));
#6523=CARTESIAN_POINT('Origin',(-1.25,-0.399999999999,0.));
#6524=CARTESIAN_POINT('',(-1.9,-0.399999999999,-0.375277674973));
#6525=CARTESIAN_POINT('Origin',(-1.9,-0.399999999999,-0.375277674973));
#6526=CARTESIAN_POINT('',(-1.85,-0.399999999999,-0.461880215351));
#6527=CARTESIAN_POINT('Origin',(-1.590192378864,-0.399999999999,-0.311880215351));
#6528=CARTESIAN_POINT('',(-1.440192378864,-0.399999999999,-0.571687836487));
#6529=CARTESIAN_POINT('Origin',(-1.440192378864,-0.399999999999,-0.571687836487));
#6530=CARTESIAN_POINT('Origin',(1.590192378864,-0.399999999999,-0.311880215351));
#6531=CARTESIAN_POINT('',(1.85,-0.399999999999,-0.461880215351));
#6532=CARTESIAN_POINT('',(1.440192378864,-0.399999999999,-0.571687836487));
#6533=CARTESIAN_POINT('Origin',(1.9,-0.399999999999,-0.375277674973));
#6534=CARTESIAN_POINT('',(1.9,-0.399999999999,-0.375277674973));
#6535=CARTESIAN_POINT('Origin',(1.25,-0.399999999999,-3.061616997868E-16));
#6536=CARTESIAN_POINT('Origin',(1.440192378864,-0.399999999999,-0.571687836487));
#6537=CARTESIAN_POINT('Origin',(-1.25,-5.1,0.));
#6538=CARTESIAN_POINT('',(-1.9,-5.1,-0.375277674973));
#6539=CARTESIAN_POINT('Origin',(-1.9,-5.1,-0.375277674973));
#6540=CARTESIAN_POINT('',(-1.85,-5.1,-0.461880215351));
#6541=CARTESIAN_POINT('Origin',(-1.590192378864,-5.1,-0.311880215351));
#6542=CARTESIAN_POINT('',(-1.440192378864,-5.1,-0.571687836487));
#6543=CARTESIAN_POINT('Origin',(-1.440192378864,-5.1,-0.571687836487));
#6544=CARTESIAN_POINT('Origin',(1.590192378864,-5.1,-0.311880215351));
#6545=CARTESIAN_POINT('',(1.85,-5.1,-0.461880215351));
#6546=CARTESIAN_POINT('',(1.440192378864,-5.1,-0.571687836487));
#6547=CARTESIAN_POINT('Origin',(1.9,-5.1,-0.375277674973));
#6548=CARTESIAN_POINT('',(1.9,-5.1,-0.375277674973));
#6549=CARTESIAN_POINT('Origin',(1.25,-5.1,-3.061616997868E-16));
#6550=CARTESIAN_POINT('Origin',(1.440192378864,-5.1,-0.571687836487));
#6551=CARTESIAN_POINT('Origin',(-3.7,-5.099999999999,-3.899999996612));
#6552=CARTESIAN_POINT('',(-3.7,-5.099999999999,-3.899999996612));
#6553=CARTESIAN_POINT('',(-3.7,5.1,-3.899999996612));
#6554=CARTESIAN_POINT('Origin',(-4.5,-5.099999999999,-3.899999996612));
#6555=CARTESIAN_POINT('Origin',(-4.5,5.1,-3.899999996612));
#6556=CARTESIAN_POINT('Origin',(3.7,-5.099999999999,-3.899999996612));
#6557=CARTESIAN_POINT('',(3.7,5.1,-3.899999996612));
#6558=CARTESIAN_POINT('',(3.7,-5.099999999999,-3.899999996612));
#6559=CARTESIAN_POINT('Origin',(4.5,5.1,-3.899999996612));
#6560=CARTESIAN_POINT('Origin',(4.5,-5.099999999999,-3.899999996612));
#6561=CARTESIAN_POINT('Origin',(-0.847560975609,-1.978674917711,0.02));
#6562=CARTESIAN_POINT('',(-0.847560975609,-1.978674917711,0.02));
#6563=CARTESIAN_POINT('',(-0.847560975609,-1.978674917711,0.02));
#6564=CARTESIAN_POINT('',(-1.042682926829,-2.478674917711,0.02));
#6565=CARTESIAN_POINT('',(-0.847560975609,-1.978674917711,0.02));
#6566=CARTESIAN_POINT('',(-1.042682926829,-2.478674917711,0.02));
#6567=CARTESIAN_POINT('Origin',(-1.042682926829,-2.478674917711,0.02));
#6568=CARTESIAN_POINT('',(-0.969512195121,-2.478674917711,0.02));
#6569=CARTESIAN_POINT('',(-1.042682926829,-2.478674917711,0.02));
#6570=CARTESIAN_POINT('',(-0.969512195121,-2.478674917711,0.02));
#6571=CARTESIAN_POINT('Origin',(-0.969512195121,-2.478674917711,0.02));
#6572=CARTESIAN_POINT('',(-0.918921493902,-2.338431015272,0.02));
#6573=CARTESIAN_POINT('',(-0.969512195121,-2.478674917711,0.02));
#6574=CARTESIAN_POINT('',(-0.918921493902,-2.338431015272,0.02));
#6575=CARTESIAN_POINT('Origin',(-0.918921493902,-2.338431015272,0.02));
#6576=CARTESIAN_POINT('',(-0.712366615853,-2.338431015272,0.02));
#6577=CARTESIAN_POINT('',(-0.918921493902,-2.338431015272,0.02));
#6578=CARTESIAN_POINT('',(-0.712366615853,-2.338431015272,0.02));
#6579=CARTESIAN_POINT('Origin',(-0.712366615853,-2.338431015272,0.02));
#6580=CARTESIAN_POINT('',(-0.664634146341,-2.478674917711,0.02));
#6581=CARTESIAN_POINT('',(-0.712366615853,-2.338431015272,0.02));
#6582=CARTESIAN_POINT('',(-0.664634146341,-2.478674917711,0.02));
#6583=CARTESIAN_POINT('Origin',(-0.664634146341,-2.478674917711,0.02));
#6584=CARTESIAN_POINT('',(-0.591463414634,-2.478674917711,0.02));
#6585=CARTESIAN_POINT('',(-0.664634146341,-2.478674917711,0.02));
#6586=CARTESIAN_POINT('',(-0.591463414634,-2.478674917711,0.02));
#6587=CARTESIAN_POINT('Origin',(-0.591463414634,-2.478674917711,0.02));
#6588=CARTESIAN_POINT('',(-0.780487804878,-1.978674917711,0.02));
#6589=CARTESIAN_POINT('',(-0.591463414634,-2.478674917711,0.02));
#6590=CARTESIAN_POINT('',(-0.780487804878,-1.978674917711,0.02));
#6591=CARTESIAN_POINT('Origin',(-0.780487804878,-1.978674917711,0.02));
#6592=CARTESIAN_POINT('',(-0.780487804878,-1.978674917711,0.02));
#6593=CARTESIAN_POINT('Origin',(0.,0.,0.02));
#6594=CARTESIAN_POINT('',(-0.729230182926,-2.283552966492,0.02));
#6595=CARTESIAN_POINT('',(-0.896436737804,-2.283552966492,0.02));
#6596=CARTESIAN_POINT('',(-0.729230182926,-2.283552966492,0.02));
#6597=CARTESIAN_POINT('',(-0.803830030487,-2.074711503077,0.02));
#6598=CARTESIAN_POINT('',(-0.803830030487,-2.074711503077,0.02));
#6599=CARTESIAN_POINT('',(-0.811833079268,-2.039650527467,0.02));
#6600=CARTESIAN_POINT('Ctrl Pts',(-0.811833079268,-2.039650527467,0.02));
#6601=CARTESIAN_POINT('Ctrl Pts',(-0.811250038032,-2.043210973611,0.02));
#6602=CARTESIAN_POINT('Ctrl Pts',(-0.810148624669,-2.049936952354,0.02));
#6603=CARTESIAN_POINT('Ctrl Pts',(-0.808289380565,-2.059361441083,0.02));
#6604=CARTESIAN_POINT('Ctrl Pts',(-0.80621931027,-2.067506346695,0.02));
#6605=CARTESIAN_POINT('Ctrl Pts',(-0.804585742452,-2.072432564074,0.02));
#6606=CARTESIAN_POINT('Ctrl Pts',(-0.803830030487,-2.074711503077,0.02));
#6607=CARTESIAN_POINT('',(-0.813452743902,-2.039650527467,0.02));
#6608=CARTESIAN_POINT('',(-0.813452743902,-2.039650527467,0.02));
#6609=CARTESIAN_POINT('',(-0.821169969512,-2.074711503077,0.02));
#6610=CARTESIAN_POINT('Ctrl Pts',(-0.821169969512,-2.074711503077,0.02));
#6611=CARTESIAN_POINT('Ctrl Pts',(-0.82054601695,-2.07271658585,0.02));
#6612=CARTESIAN_POINT('Ctrl Pts',(-0.819121733499,-2.068162830057,0.02));
#6613=CARTESIAN_POINT('Ctrl Pts',(-0.817255329514,-2.06030330027,0.02));
#6614=CARTESIAN_POINT('Ctrl Pts',(-0.81542543754,-2.05058647428,0.02));
#6615=CARTESIAN_POINT('Ctrl Pts',(-0.814146091903,-2.043494214453,0.02));
#6616=CARTESIAN_POINT('Ctrl Pts',(-0.813452743902,-2.039650527467,0.02));
#6617=CARTESIAN_POINT('',(-0.896436737804,-2.283552966492,0.02));
#6618=CARTESIAN_POINT('Origin',(-0.729230182926,-2.283552966492,0.02));
#6619=CARTESIAN_POINT('',(-0.729230182926,-2.283552966492,0.));
#6620=CARTESIAN_POINT('',(-0.896436737804,-2.283552966492,0.));
#6621=CARTESIAN_POINT('',(-0.729230182926,-2.283552966492,0.));
#6622=CARTESIAN_POINT('',(-0.729230182926,-2.283552966492,0.02));
#6623=CARTESIAN_POINT('',(-0.896436737804,-2.283552966492,0.02));
#6624=CARTESIAN_POINT('Origin',(-0.803830030487,-2.074711503077,0.02));
#6625=CARTESIAN_POINT('',(-0.803830030487,-2.074711503077,0.));
#6626=CARTESIAN_POINT('',(-0.803830030487,-2.074711503077,0.));
#6627=CARTESIAN_POINT('',(-0.803830030487,-2.074711503077,0.02));
#6628=CARTESIAN_POINT('Ctrl Pts',(-0.811833079268,-2.039650527467,0.02));
#6629=CARTESIAN_POINT('Ctrl Pts',(-0.811833079268,-2.039650527467,-0.00399999999999998));
#6630=CARTESIAN_POINT('Ctrl Pts',(-0.811250038032,-2.043210973611,0.02));
#6631=CARTESIAN_POINT('Ctrl Pts',(-0.811250038032,-2.043210973611,-0.00399999999999998));
#6632=CARTESIAN_POINT('Ctrl Pts',(-0.810148624669,-2.049936952354,0.02));
#6633=CARTESIAN_POINT('Ctrl Pts',(-0.810148624669,-2.049936952354,-0.00399999999999998));
#6634=CARTESIAN_POINT('Ctrl Pts',(-0.808289380565,-2.059361441083,0.02));
#6635=CARTESIAN_POINT('Ctrl Pts',(-0.808289380565,-2.059361441083,-0.00399999999999998));
#6636=CARTESIAN_POINT('Ctrl Pts',(-0.80621931027,-2.067506346695,0.02));
#6637=CARTESIAN_POINT('Ctrl Pts',(-0.80621931027,-2.067506346695,-0.00399999999999998));
#6638=CARTESIAN_POINT('Ctrl Pts',(-0.804585742452,-2.072432564074,0.02));
#6639=CARTESIAN_POINT('Ctrl Pts',(-0.804585742452,-2.072432564074,-0.00399999999999998));
#6640=CARTESIAN_POINT('Ctrl Pts',(-0.803830030487,-2.074711503077,0.02));
#6641=CARTESIAN_POINT('Ctrl Pts',(-0.803830030487,-2.074711503077,-0.00399999999999998));
#6642=CARTESIAN_POINT('',(-0.811833079268,-2.039650527467,0.));
#6643=CARTESIAN_POINT('Ctrl Pts',(-0.811833079268,-2.039650527467,0.));
#6644=CARTESIAN_POINT('Ctrl Pts',(-0.811250038032,-2.043210973611,0.));
#6645=CARTESIAN_POINT('Ctrl Pts',(-0.810148624669,-2.049936952354,0.));
#6646=CARTESIAN_POINT('Ctrl Pts',(-0.808289380565,-2.059361441083,0.));
#6647=CARTESIAN_POINT('Ctrl Pts',(-0.80621931027,-2.067506346695,0.));
#6648=CARTESIAN_POINT('Ctrl Pts',(-0.804585742452,-2.072432564074,0.));
#6649=CARTESIAN_POINT('Ctrl Pts',(-0.803830030487,-2.074711503077,0.));
#6650=CARTESIAN_POINT('',(-0.811833079268,-2.039650527467,0.02));
#6651=CARTESIAN_POINT('Origin',(-0.813452743902,-2.039650527467,0.02));
#6652=CARTESIAN_POINT('',(-0.813452743902,-2.039650527467,0.));
#6653=CARTESIAN_POINT('',(-0.813452743902,-2.039650527467,0.));
#6654=CARTESIAN_POINT('',(-0.813452743902,-2.039650527467,0.02));
#6655=CARTESIAN_POINT('Ctrl Pts',(-0.821169969512,-2.074711503077,0.02));
#6656=CARTESIAN_POINT('Ctrl Pts',(-0.821169969512,-2.074711503077,-0.00399999999999998));
#6657=CARTESIAN_POINT('Ctrl Pts',(-0.82054601695,-2.07271658585,0.02));
#6658=CARTESIAN_POINT('Ctrl Pts',(-0.82054601695,-2.07271658585,-0.00399999999999998));
#6659=CARTESIAN_POINT('Ctrl Pts',(-0.819121733499,-2.068162830057,0.02));
#6660=CARTESIAN_POINT('Ctrl Pts',(-0.819121733499,-2.068162830057,-0.00399999999999998));
#6661=CARTESIAN_POINT('Ctrl Pts',(-0.817255329514,-2.06030330027,0.02));
#6662=CARTESIAN_POINT('Ctrl Pts',(-0.817255329514,-2.06030330027,-0.00399999999999998));
#6663=CARTESIAN_POINT('Ctrl Pts',(-0.81542543754,-2.05058647428,0.02));
#6664=CARTESIAN_POINT('Ctrl Pts',(-0.81542543754,-2.05058647428,-0.00399999999999998));
#6665=CARTESIAN_POINT('Ctrl Pts',(-0.814146091903,-2.043494214453,0.02));
#6666=CARTESIAN_POINT('Ctrl Pts',(-0.814146091903,-2.043494214453,-0.00399999999999998));
#6667=CARTESIAN_POINT('Ctrl Pts',(-0.813452743902,-2.039650527467,0.02));
#6668=CARTESIAN_POINT('Ctrl Pts',(-0.813452743902,-2.039650527467,-0.00399999999999998));
#6669=CARTESIAN_POINT('',(-0.821169969512,-2.074711503077,0.));
#6670=CARTESIAN_POINT('Ctrl Pts',(-0.821169969512,-2.074711503077,0.));
#6671=CARTESIAN_POINT('Ctrl Pts',(-0.82054601695,-2.07271658585,0.));
#6672=CARTESIAN_POINT('Ctrl Pts',(-0.819121733499,-2.068162830057,0.));
#6673=CARTESIAN_POINT('Ctrl Pts',(-0.817255329514,-2.06030330027,0.));
#6674=CARTESIAN_POINT('Ctrl Pts',(-0.81542543754,-2.05058647428,0.));
#6675=CARTESIAN_POINT('Ctrl Pts',(-0.814146091903,-2.043494214453,0.));
#6676=CARTESIAN_POINT('Ctrl Pts',(-0.813452743902,-2.039650527467,0.));
#6677=CARTESIAN_POINT('',(-0.821169969512,-2.074711503077,0.02));
#6678=CARTESIAN_POINT('Origin',(-0.896436737804,-2.283552966492,0.02));
#6679=CARTESIAN_POINT('',(-0.896436737804,-2.283552966492,0.));
#6680=CARTESIAN_POINT('Origin',(-0.288395579268,-2.478674917711,0.02));
#6681=CARTESIAN_POINT('',(-0.288395579268,-2.478674917711,0.02));
#6682=CARTESIAN_POINT('',(-0.288395579268,-2.478674917711,0.02));
#6683=CARTESIAN_POINT('',(-0.15243902439,-2.478674917711,0.02));
#6684=CARTESIAN_POINT('',(-0.288395579268,-2.478674917711,0.02));
#6685=CARTESIAN_POINT('',(-0.15243902439,-2.478674917711,0.02));
#6686=CARTESIAN_POINT('Origin',(-0.15243902439,-2.478674917711,0.02));
#6687=CARTESIAN_POINT('',(-0.15243902439,-1.978674917711,0.02));
#6688=CARTESIAN_POINT('',(-0.15243902439,-2.478674917711,0.02));
#6689=CARTESIAN_POINT('',(-0.15243902439,-1.978674917711,0.02));
#6690=CARTESIAN_POINT('Origin',(-0.15243902439,-1.978674917711,0.02));
#6691=CARTESIAN_POINT('',(-0.293540396341,-1.978674917711,0.02));
#6692=CARTESIAN_POINT('',(-0.15243902439,-1.978674917711,0.02));
#6693=CARTESIAN_POINT('',(-0.293540396341,-1.978674917711,0.02));
#6694=CARTESIAN_POINT('Ctrl Pts',(-0.293540396341,-1.978674917711,0.02));
#6695=CARTESIAN_POINT('Ctrl Pts',(-0.293540396341,-1.978674917711,-0.00399999999999999));
#6696=CARTESIAN_POINT('Ctrl Pts',(-0.302726328374,-1.978879663687,0.02));
#6697=CARTESIAN_POINT('Ctrl Pts',(-0.302726328374,-1.978879663687,-0.00399999999999999));
#6698=CARTESIAN_POINT('Ctrl Pts',(-0.320737361185,-1.979281113043,0.02));
#6699=CARTESIAN_POINT('Ctrl Pts',(-0.320737361185,-1.979281113043,-0.00399999999999999));
#6700=CARTESIAN_POINT('Ctrl Pts',(-0.347149433278,-1.982330590665,0.02));
#6701=CARTESIAN_POINT('Ctrl Pts',(-0.347149433278,-1.982330590665,-0.00399999999999999));
#6702=CARTESIAN_POINT('Ctrl Pts',(-0.372347354783,-1.987622425569,0.02));
#6703=CARTESIAN_POINT('Ctrl Pts',(-0.372347354783,-1.987622425569,-0.00399999999999999));
#6704=CARTESIAN_POINT('Ctrl Pts',(-0.396400418298,-1.994841674934,0.02));
#6705=CARTESIAN_POINT('Ctrl Pts',(-0.396400418298,-1.994841674934,-0.00399999999999999));
#6706=CARTESIAN_POINT('Ctrl Pts',(-0.419336485322,-2.004064187206,0.02));
#6707=CARTESIAN_POINT('Ctrl Pts',(-0.419336485322,-2.004064187206,-0.00399999999999999));
#6708=CARTESIAN_POINT('Ctrl Pts',(-0.440939479225,-2.015617533069,0.02));
#6709=CARTESIAN_POINT('Ctrl Pts',(-0.440939479225,-2.015617533069,-0.00399999999999999));
#6710=CARTESIAN_POINT('Ctrl Pts',(-0.461446431252,-2.029100177369,0.02));
#6711=CARTESIAN_POINT('Ctrl Pts',(-0.461446431252,-2.029100177369,-0.00399999999999999));
#6712=CARTESIAN_POINT('Ctrl Pts',(-0.480590487486,-2.044541361511,0.02));
#6713=CARTESIAN_POINT('Ctrl Pts',(-0.480590487486,-2.044541361511,-0.00399999999999999));
#6714=CARTESIAN_POINT('Ctrl Pts',(-0.498039625265,-2.061710438754,0.02));
#6715=CARTESIAN_POINT('Ctrl Pts',(-0.498039625265,-2.061710438754,-0.00399999999999999));
#6716=CARTESIAN_POINT('Ctrl Pts',(-0.51325068572,-2.080487775586,0.02));
#6717=CARTESIAN_POINT('Ctrl Pts',(-0.51325068572,-2.080487775586,-0.00399999999999999));
#6718=CARTESIAN_POINT('Ctrl Pts',(-0.526273715889,-2.100622227887,0.02));
#6719=CARTESIAN_POINT('Ctrl Pts',(-0.526273715889,-2.100622227887,-0.00399999999999999));
#6720=CARTESIAN_POINT('Ctrl Pts',(-0.536753828035,-2.122272996814,0.02));
#6721=CARTESIAN_POINT('Ctrl Pts',(-0.536753828035,-2.122272996814,-0.00399999999999999));
#6722=CARTESIAN_POINT('Ctrl Pts',(-0.544891322259,-2.145323428025,0.02));
#6723=CARTESIAN_POINT('Ctrl Pts',(-0.544891322259,-2.145323428025,-0.00399999999999999));
#6724=CARTESIAN_POINT('Ctrl Pts',(-0.550653729335,-2.169756806998,0.02));
#6725=CARTESIAN_POINT('Ctrl Pts',(-0.550653729335,-2.169756806998,-0.00399999999999999));
#6726=CARTESIAN_POINT('Ctrl Pts',(-0.554288203186,-2.195600807542,0.02));
#6727=CARTESIAN_POINT('Ctrl Pts',(-0.554288203186,-2.195600807542,-0.00399999999999999));
#6728=CARTESIAN_POINT('Ctrl Pts',(-0.554678464833,-2.21332332467,0.02));
#6729=CARTESIAN_POINT('Ctrl Pts',(-0.554678464833,-2.21332332467,-0.00399999999999999));
#6730=CARTESIAN_POINT('Ctrl Pts',(-0.55487804878,-2.222386807955,0.02));
#6731=CARTESIAN_POINT('Ctrl Pts',(-0.55487804878,-2.222386807955,-0.00399999999999999));
#6732=CARTESIAN_POINT('',(-0.55487804878,-2.222386807955,0.02));
#6733=CARTESIAN_POINT('Ctrl Pts',(-0.293540396341,-1.978674917711,0.02));
#6734=CARTESIAN_POINT('Ctrl Pts',(-0.302726328374,-1.978879663687,0.02));
#6735=CARTESIAN_POINT('Ctrl Pts',(-0.320737361185,-1.979281113043,0.02));
#6736=CARTESIAN_POINT('Ctrl Pts',(-0.347149433278,-1.982330590665,0.02));
#6737=CARTESIAN_POINT('Ctrl Pts',(-0.372347354783,-1.987622425569,0.02));
#6738=CARTESIAN_POINT('Ctrl Pts',(-0.396400418298,-1.994841674934,0.02));
#6739=CARTESIAN_POINT('Ctrl Pts',(-0.419336485322,-2.004064187206,0.02));
#6740=CARTESIAN_POINT('Ctrl Pts',(-0.440939479225,-2.015617533069,0.02));
#6741=CARTESIAN_POINT('Ctrl Pts',(-0.461446431252,-2.029100177369,0.02));
#6742=CARTESIAN_POINT('Ctrl Pts',(-0.480590487486,-2.044541361511,0.02));
#6743=CARTESIAN_POINT('Ctrl Pts',(-0.498039625265,-2.061710438754,0.02));
#6744=CARTESIAN_POINT('Ctrl Pts',(-0.51325068572,-2.080487775586,0.02));
#6745=CARTESIAN_POINT('Ctrl Pts',(-0.526273715889,-2.100622227887,0.02));
#6746=CARTESIAN_POINT('Ctrl Pts',(-0.536753828035,-2.122272996814,0.02));
#6747=CARTESIAN_POINT('Ctrl Pts',(-0.544891322259,-2.145323428025,0.02));
#6748=CARTESIAN_POINT('Ctrl Pts',(-0.550653729335,-2.169756806998,0.02));
#6749=CARTESIAN_POINT('Ctrl Pts',(-0.554288203186,-2.195600807542,0.02));
#6750=CARTESIAN_POINT('Ctrl Pts',(-0.554678464833,-2.21332332467,0.02));
#6751=CARTESIAN_POINT('Ctrl Pts',(-0.55487804878,-2.222386807955,0.02));
#6752=CARTESIAN_POINT('',(-0.55487804878,-2.222386807955,0.02));
#6753=CARTESIAN_POINT('Ctrl Pts',(-0.55487804878,-2.222386807955,0.02));
#6754=CARTESIAN_POINT('Ctrl Pts',(-0.55487804878,-2.222386807955,-0.00399999999999998));
#6755=CARTESIAN_POINT('Ctrl Pts',(-0.554676115179,-2.231830600208,0.02));
#6756=CARTESIAN_POINT('Ctrl Pts',(-0.554676115179,-2.231830600208,-0.00399999999999998));
#6757=CARTESIAN_POINT('Ctrl Pts',(-0.55428028738,-2.250342207354,0.02));
#6758=CARTESIAN_POINT('Ctrl Pts',(-0.55428028738,-2.250342207354,-0.00399999999999998));
#6759=CARTESIAN_POINT('Ctrl Pts',(-0.550662398064,-2.277358304894,0.02));
#6760=CARTESIAN_POINT('Ctrl Pts',(-0.550662398064,-2.277358304894,-0.00399999999999998));
#6761=CARTESIAN_POINT('Ctrl Pts',(-0.544887050022,-2.302956821365,0.02));
#6762=CARTESIAN_POINT('Ctrl Pts',(-0.544887050022,-2.302956821365,-0.00399999999999998));
#6763=CARTESIAN_POINT('Ctrl Pts',(-0.536780169092,-2.327123213784,0.02));
#6764=CARTESIAN_POINT('Ctrl Pts',(-0.536780169092,-2.327123213784,-0.00399999999999998));
#6765=CARTESIAN_POINT('Ctrl Pts',(-0.526284126037,-2.349840051459,0.02));
#6766=CARTESIAN_POINT('Ctrl Pts',(-0.526284126037,-2.349840051459,-0.00399999999999998));
#6767=CARTESIAN_POINT('Ctrl Pts',(-0.513270596205,-2.37102433997,0.02));
#6768=CARTESIAN_POINT('Ctrl Pts',(-0.513270596205,-2.37102433997,-0.00399999999999998));
#6769=CARTESIAN_POINT('Ctrl Pts',(-0.498090320986,-2.390837602519,0.02));
#6770=CARTESIAN_POINT('Ctrl Pts',(-0.498090320986,-2.390837602519,-0.00399999999999998));
#6771=CARTESIAN_POINT('Ctrl Pts',(-0.480639296202,-2.409008381153,0.02));
#6772=CARTESIAN_POINT('Ctrl Pts',(-0.480639296202,-2.409008381153,-0.00399999999999998));
#6773=CARTESIAN_POINT('Ctrl Pts',(-0.461339720418,-2.425271163228,0.02));
#6774=CARTESIAN_POINT('Ctrl Pts',(-0.461339720418,-2.425271163228,-0.00399999999999998));
#6775=CARTESIAN_POINT('Ctrl Pts',(-0.440702302277,-2.439734569358,0.02));
#6776=CARTESIAN_POINT('Ctrl Pts',(-0.440702302277,-2.439734569358,-0.00399999999999998));
#6777=CARTESIAN_POINT('Ctrl Pts',(-0.418549713648,-2.451751732189,0.02));
#6778=CARTESIAN_POINT('Ctrl Pts',(-0.418549713648,-2.451751732189,-0.00399999999999998));
#6779=CARTESIAN_POINT('Ctrl Pts',(-0.395071159416,-2.461570325995,0.02));
#6780=CARTESIAN_POINT('Ctrl Pts',(-0.395071159416,-2.461570325995,-0.00399999999999998));
#6781=CARTESIAN_POINT('Ctrl Pts',(-0.37030770363,-2.469365702527,0.02));
#6782=CARTESIAN_POINT('Ctrl Pts',(-0.37030770363,-2.469365702527,-0.00399999999999998));
#6783=CARTESIAN_POINT('Ctrl Pts',(-0.344152024763,-2.474673191755,0.02));
#6784=CARTESIAN_POINT('Ctrl Pts',(-0.344152024763,-2.474673191755,-0.00399999999999998));
#6785=CARTESIAN_POINT('Ctrl Pts',(-0.316722994495,-2.478162401059,0.02));
#6786=CARTESIAN_POINT('Ctrl Pts',(-0.316722994495,-2.478162401059,-0.00399999999999998));
#6787=CARTESIAN_POINT('Ctrl Pts',(-0.297965937757,-2.478501765023,0.02));
#6788=CARTESIAN_POINT('Ctrl Pts',(-0.297965937757,-2.478501765023,-0.00399999999999998));
#6789=CARTESIAN_POINT('Ctrl Pts',(-0.288395579268,-2.478674917711,0.02));
#6790=CARTESIAN_POINT('Ctrl Pts',(-0.288395579268,-2.478674917711,-0.00399999999999998));
#6791=CARTESIAN_POINT('Ctrl Pts',(-0.55487804878,-2.222386807955,0.02));
#6792=CARTESIAN_POINT('Ctrl Pts',(-0.554676115179,-2.231830600208,0.02));
#6793=CARTESIAN_POINT('Ctrl Pts',(-0.55428028738,-2.250342207354,0.02));
#6794=CARTESIAN_POINT('Ctrl Pts',(-0.550662398064,-2.277358304894,0.02));
#6795=CARTESIAN_POINT('Ctrl Pts',(-0.544887050022,-2.302956821365,0.02));
#6796=CARTESIAN_POINT('Ctrl Pts',(-0.536780169092,-2.327123213784,0.02));
#6797=CARTESIAN_POINT('Ctrl Pts',(-0.526284126037,-2.349840051459,0.02));
#6798=CARTESIAN_POINT('Ctrl Pts',(-0.513270596205,-2.37102433997,0.02));
#6799=CARTESIAN_POINT('Ctrl Pts',(-0.498090320986,-2.390837602519,0.02));
#6800=CARTESIAN_POINT('Ctrl Pts',(-0.480639296202,-2.409008381153,0.02));
#6801=CARTESIAN_POINT('Ctrl Pts',(-0.461339720418,-2.425271163228,0.02));
#6802=CARTESIAN_POINT('Ctrl Pts',(-0.440702302277,-2.439734569358,0.02));
#6803=CARTESIAN_POINT('Ctrl Pts',(-0.418549713648,-2.451751732189,0.02));
#6804=CARTESIAN_POINT('Ctrl Pts',(-0.395071159416,-2.461570325995,0.02));
#6805=CARTESIAN_POINT('Ctrl Pts',(-0.37030770363,-2.469365702527,0.02));
#6806=CARTESIAN_POINT('Ctrl Pts',(-0.344152024763,-2.474673191755,0.02));
#6807=CARTESIAN_POINT('Ctrl Pts',(-0.316722994495,-2.478162401059,0.02));
#6808=CARTESIAN_POINT('Ctrl Pts',(-0.297965937757,-2.478501765023,0.02));
#6809=CARTESIAN_POINT('Ctrl Pts',(-0.288395579268,-2.478674917711,0.02));
#6810=CARTESIAN_POINT('Origin',(-0.478828818191,-2.043524567496,0.02));
#6811=CARTESIAN_POINT('',(-0.487804878048,-2.223815923809,0.02));
#6812=CARTESIAN_POINT('',(-0.29325457317,-2.033552966492,0.02));
#6813=CARTESIAN_POINT('Ctrl Pts',(-0.487804878048,-2.223815923809,0.02));
#6814=CARTESIAN_POINT('Ctrl Pts',(-0.487640987757,-2.21615548124,0.02));
#6815=CARTESIAN_POINT('Ctrl Pts',(-0.487322501866,-2.201269041886,0.02));
#6816=CARTESIAN_POINT('Ctrl Pts',(-0.484844394765,-2.179678537953,0.02));
#6817=CARTESIAN_POINT('Ctrl Pts',(-0.480691402242,-2.159535050385,0.02));
#6818=CARTESIAN_POINT('Ctrl Pts',(-0.474786996905,-2.14088567698,0.02));
#6819=CARTESIAN_POINT('Ctrl Pts',(-0.467250731725,-2.123658507007,0.02));
#6820=CARTESIAN_POINT('Ctrl Pts',(-0.457970815975,-2.107952242792,0.02));
#6821=CARTESIAN_POINT('Ctrl Pts',(-0.447019182448,-2.093689884409,0.02));
#6822=CARTESIAN_POINT('Ctrl Pts',(-0.434397408235,-2.081035098211,0.02));
#6823=CARTESIAN_POINT('Ctrl Pts',(-0.420415395814,-2.069909714815,0.02));
#6824=CARTESIAN_POINT('Ctrl Pts',(-0.405416898588,-2.06011882974,0.02));
#6825=CARTESIAN_POINT('Ctrl Pts',(-0.389271808824,-2.051898009564,0.02));
#6826=CARTESIAN_POINT('Ctrl Pts',(-0.372106592883,-2.045142546546,0.02));
#6827=CARTESIAN_POINT('Ctrl Pts',(-0.353863156493,-2.039871269763,0.02));
#6828=CARTESIAN_POINT('Ctrl Pts',(-0.334597469443,-2.036212469295,0.02));
#6829=CARTESIAN_POINT('Ctrl Pts',(-0.314267299026,-2.033985334406,0.02));
#6830=CARTESIAN_POINT('Ctrl Pts',(-0.300374211273,-2.033699463576,0.02));
#6831=CARTESIAN_POINT('Ctrl Pts',(-0.29325457317,-2.033552966492,0.02));
#6832=CARTESIAN_POINT('',(-0.290491615853,-2.423796868931,0.02));
#6833=CARTESIAN_POINT('Ctrl Pts',(-0.290491615853,-2.423796868931,0.02));
#6834=CARTESIAN_POINT('Ctrl Pts',(-0.298025400239,-2.423634014472,0.02));
#6835=CARTESIAN_POINT('Ctrl Pts',(-0.312722365911,-2.423316316717,0.02));
#6836=CARTESIAN_POINT('Ctrl Pts',(-0.334140644183,-2.420793415911,0.02));
#6837=CARTESIAN_POINT('Ctrl Pts',(-0.354299076754,-2.416742118653,0.02));
#6838=CARTESIAN_POINT('Ctrl Pts',(-0.37320033307,-2.41106687124,0.02));
#6839=CARTESIAN_POINT('Ctrl Pts',(-0.39076252656,-2.403544060885,0.02));
#6840=CARTESIAN_POINT('Ctrl Pts',(-0.407127333024,-2.394516261647,0.02));
#6841=CARTESIAN_POINT('Ctrl Pts',(-0.422182348983,-2.383773352041,0.02));
#6842=CARTESIAN_POINT('Ctrl Pts',(-0.43586654641,-2.371435821685,0.02));
#6843=CARTESIAN_POINT('Ctrl Pts',(-0.448063918356,-2.357565106326,0.02));
#6844=CARTESIAN_POINT('Ctrl Pts',(-0.458825101288,-2.342378184646,0.02));
#6845=CARTESIAN_POINT('Ctrl Pts',(-0.467765856368,-2.325768536901,0.02));
#6846=CARTESIAN_POINT('Ctrl Pts',(-0.475169601475,-2.307900892228,0.02));
#6847=CARTESIAN_POINT('Ctrl Pts',(-0.480827110889,-2.288696512177,0.02));
#6848=CARTESIAN_POINT('Ctrl Pts',(-0.484928249568,-2.268232330566,0.02));
#6849=CARTESIAN_POINT('Ctrl Pts',(-0.487297033596,-2.246451611252,0.02));
#6850=CARTESIAN_POINT('Ctrl Pts',(-0.487632320038,-2.231507194561,0.02));
#6851=CARTESIAN_POINT('Ctrl Pts',(-0.487804878048,-2.223815923809,0.02));
#6852=CARTESIAN_POINT('',(-0.219512195121,-2.423796868931,0.02));
#6853=CARTESIAN_POINT('',(-0.219512195121,-2.423796868931,0.02));
#6854=CARTESIAN_POINT('',(-0.219512195121,-2.033552966492,0.02));
#6855=CARTESIAN_POINT('',(-0.219512195121,-2.033552966492,0.02));
#6856=CARTESIAN_POINT('',(-0.29325457317,-2.033552966492,0.02));
#6857=CARTESIAN_POINT('Origin',(-0.29325457317,-2.033552966492,0.02));
#6858=CARTESIAN_POINT('',(-0.29325457317,-2.033552966492,0.));
#6859=CARTESIAN_POINT('',(-0.219512195121,-2.033552966492,0.));
#6860=CARTESIAN_POINT('',(-0.29325457317,-2.033552966492,0.));
#6861=CARTESIAN_POINT('',(-0.29325457317,-2.033552966492,0.02));
#6862=CARTESIAN_POINT('',(-0.219512195121,-2.033552966492,0.02));
#6863=CARTESIAN_POINT('Ctrl Pts',(-0.487804878048,-2.223815923809,0.02));
#6864=CARTESIAN_POINT('Ctrl Pts',(-0.487804878048,-2.223815923809,-0.00399999999999998));
#6865=CARTESIAN_POINT('Ctrl Pts',(-0.487640987757,-2.21615548124,0.02));
#6866=CARTESIAN_POINT('Ctrl Pts',(-0.487640987757,-2.21615548124,-0.00399999999999998));
#6867=CARTESIAN_POINT('Ctrl Pts',(-0.487322501866,-2.201269041886,0.02));
#6868=CARTESIAN_POINT('Ctrl Pts',(-0.487322501866,-2.201269041886,-0.00399999999999998));
#6869=CARTESIAN_POINT('Ctrl Pts',(-0.484844394765,-2.179678537953,0.02));
#6870=CARTESIAN_POINT('Ctrl Pts',(-0.484844394765,-2.179678537953,-0.00399999999999998));
#6871=CARTESIAN_POINT('Ctrl Pts',(-0.480691402242,-2.159535050385,0.02));
#6872=CARTESIAN_POINT('Ctrl Pts',(-0.480691402242,-2.159535050385,-0.00399999999999998));
#6873=CARTESIAN_POINT('Ctrl Pts',(-0.474786996905,-2.14088567698,0.02));
#6874=CARTESIAN_POINT('Ctrl Pts',(-0.474786996905,-2.14088567698,-0.00399999999999998));
#6875=CARTESIAN_POINT('Ctrl Pts',(-0.467250731725,-2.123658507007,0.02));
#6876=CARTESIAN_POINT('Ctrl Pts',(-0.467250731725,-2.123658507007,-0.00399999999999998));
#6877=CARTESIAN_POINT('Ctrl Pts',(-0.457970815975,-2.107952242792,0.02));
#6878=CARTESIAN_POINT('Ctrl Pts',(-0.457970815975,-2.107952242792,-0.00399999999999998));
#6879=CARTESIAN_POINT('Ctrl Pts',(-0.447019182448,-2.093689884409,0.02));
#6880=CARTESIAN_POINT('Ctrl Pts',(-0.447019182448,-2.093689884409,-0.00399999999999998));
#6881=CARTESIAN_POINT('Ctrl Pts',(-0.434397408235,-2.081035098211,0.02));
#6882=CARTESIAN_POINT('Ctrl Pts',(-0.434397408235,-2.081035098211,-0.00399999999999998));
#6883=CARTESIAN_POINT('Ctrl Pts',(-0.420415395814,-2.069909714815,0.02));
#6884=CARTESIAN_POINT('Ctrl Pts',(-0.420415395814,-2.069909714815,-0.00399999999999998));
#6885=CARTESIAN_POINT('Ctrl Pts',(-0.405416898588,-2.06011882974,0.02));
#6886=CARTESIAN_POINT('Ctrl Pts',(-0.405416898588,-2.06011882974,-0.00399999999999998));
#6887=CARTESIAN_POINT('Ctrl Pts',(-0.389271808824,-2.051898009564,0.02));
#6888=CARTESIAN_POINT('Ctrl Pts',(-0.389271808824,-2.051898009564,-0.00399999999999998));
#6889=CARTESIAN_POINT('Ctrl Pts',(-0.372106592883,-2.045142546546,0.02));
#6890=CARTESIAN_POINT('Ctrl Pts',(-0.372106592883,-2.045142546546,-0.00399999999999998));
#6891=CARTESIAN_POINT('Ctrl Pts',(-0.353863156493,-2.039871269763,0.02));
#6892=CARTESIAN_POINT('Ctrl Pts',(-0.353863156493,-2.039871269763,-0.00399999999999998));
#6893=CARTESIAN_POINT('Ctrl Pts',(-0.334597469443,-2.036212469295,0.02));
#6894=CARTESIAN_POINT('Ctrl Pts',(-0.334597469443,-2.036212469295,-0.00399999999999998));
#6895=CARTESIAN_POINT('Ctrl Pts',(-0.314267299026,-2.033985334406,0.02));
#6896=CARTESIAN_POINT('Ctrl Pts',(-0.314267299026,-2.033985334406,-0.00399999999999998));
#6897=CARTESIAN_POINT('Ctrl Pts',(-0.300374211273,-2.033699463576,0.02));
#6898=CARTESIAN_POINT('Ctrl Pts',(-0.300374211273,-2.033699463576,-0.00399999999999998));
#6899=CARTESIAN_POINT('Ctrl Pts',(-0.29325457317,-2.033552966492,0.02));
#6900=CARTESIAN_POINT('Ctrl Pts',(-0.29325457317,-2.033552966492,-0.00399999999999998));
#6901=CARTESIAN_POINT('',(-0.487804878048,-2.223815923809,0.));
#6902=CARTESIAN_POINT('Ctrl Pts',(-0.487804878048,-2.223815923809,0.));
#6903=CARTESIAN_POINT('Ctrl Pts',(-0.487640987757,-2.21615548124,0.));
#6904=CARTESIAN_POINT('Ctrl Pts',(-0.487322501866,-2.201269041886,0.));
#6905=CARTESIAN_POINT('Ctrl Pts',(-0.484844394765,-2.179678537953,0.));
#6906=CARTESIAN_POINT('Ctrl Pts',(-0.480691402242,-2.159535050385,0.));
#6907=CARTESIAN_POINT('Ctrl Pts',(-0.474786996905,-2.14088567698,0.));
#6908=CARTESIAN_POINT('Ctrl Pts',(-0.467250731725,-2.123658507007,0.));
#6909=CARTESIAN_POINT('Ctrl Pts',(-0.457970815975,-2.107952242792,0.));
#6910=CARTESIAN_POINT('Ctrl Pts',(-0.447019182448,-2.093689884409,0.));
#6911=CARTESIAN_POINT('Ctrl Pts',(-0.434397408235,-2.081035098211,0.));
#6912=CARTESIAN_POINT('Ctrl Pts',(-0.420415395814,-2.069909714815,0.));
#6913=CARTESIAN_POINT('Ctrl Pts',(-0.405416898588,-2.06011882974,0.));
#6914=CARTESIAN_POINT('Ctrl Pts',(-0.389271808824,-2.051898009564,0.));
#6915=CARTESIAN_POINT('Ctrl Pts',(-0.372106592883,-2.045142546546,0.));
#6916=CARTESIAN_POINT('Ctrl Pts',(-0.353863156493,-2.039871269763,0.));
#6917=CARTESIAN_POINT('Ctrl Pts',(-0.334597469443,-2.036212469295,0.));
#6918=CARTESIAN_POINT('Ctrl Pts',(-0.314267299026,-2.033985334406,0.));
#6919=CARTESIAN_POINT('Ctrl Pts',(-0.300374211273,-2.033699463576,0.));
#6920=CARTESIAN_POINT('Ctrl Pts',(-0.29325457317,-2.033552966492,0.));
#6921=CARTESIAN_POINT('',(-0.487804878048,-2.223815923809,0.02));
#6922=CARTESIAN_POINT('Ctrl Pts',(-0.290491615853,-2.423796868931,0.02));
#6923=CARTESIAN_POINT('Ctrl Pts',(-0.290491615853,-2.423796868931,-0.00399999999999998));
#6924=CARTESIAN_POINT('Ctrl Pts',(-0.298025400239,-2.423634014472,0.02));
#6925=CARTESIAN_POINT('Ctrl Pts',(-0.298025400239,-2.423634014472,-0.00399999999999998));
#6926=CARTESIAN_POINT('Ctrl Pts',(-0.312722365911,-2.423316316717,0.02));
#6927=CARTESIAN_POINT('Ctrl Pts',(-0.312722365911,-2.423316316717,-0.00399999999999998));
#6928=CARTESIAN_POINT('Ctrl Pts',(-0.334140644183,-2.420793415911,0.02));
#6929=CARTESIAN_POINT('Ctrl Pts',(-0.334140644183,-2.420793415911,-0.00399999999999998));
#6930=CARTESIAN_POINT('Ctrl Pts',(-0.354299076754,-2.416742118653,0.02));
#6931=CARTESIAN_POINT('Ctrl Pts',(-0.354299076754,-2.416742118653,-0.00399999999999998));
#6932=CARTESIAN_POINT('Ctrl Pts',(-0.37320033307,-2.41106687124,0.02));
#6933=CARTESIAN_POINT('Ctrl Pts',(-0.37320033307,-2.41106687124,-0.00399999999999998));
#6934=CARTESIAN_POINT('Ctrl Pts',(-0.39076252656,-2.403544060885,0.02));
#6935=CARTESIAN_POINT('Ctrl Pts',(-0.39076252656,-2.403544060885,-0.00399999999999998));
#6936=CARTESIAN_POINT('Ctrl Pts',(-0.407127333024,-2.394516261647,0.02));
#6937=CARTESIAN_POINT('Ctrl Pts',(-0.407127333024,-2.394516261647,-0.00399999999999998));
#6938=CARTESIAN_POINT('Ctrl Pts',(-0.422182348983,-2.383773352041,0.02));
#6939=CARTESIAN_POINT('Ctrl Pts',(-0.422182348983,-2.383773352041,-0.00399999999999998));
#6940=CARTESIAN_POINT('Ctrl Pts',(-0.43586654641,-2.371435821685,0.02));
#6941=CARTESIAN_POINT('Ctrl Pts',(-0.43586654641,-2.371435821685,-0.00399999999999998));
#6942=CARTESIAN_POINT('Ctrl Pts',(-0.448063918356,-2.357565106326,0.02));
#6943=CARTESIAN_POINT('Ctrl Pts',(-0.448063918356,-2.357565106326,-0.00399999999999998));
#6944=CARTESIAN_POINT('Ctrl Pts',(-0.458825101288,-2.342378184646,0.02));
#6945=CARTESIAN_POINT('Ctrl Pts',(-0.458825101288,-2.342378184646,-0.00399999999999998));
#6946=CARTESIAN_POINT('Ctrl Pts',(-0.467765856368,-2.325768536901,0.02));
#6947=CARTESIAN_POINT('Ctrl Pts',(-0.467765856368,-2.325768536901,-0.00399999999999998));
#6948=CARTESIAN_POINT('Ctrl Pts',(-0.475169601475,-2.307900892228,0.02));
#6949=CARTESIAN_POINT('Ctrl Pts',(-0.475169601475,-2.307900892228,-0.00399999999999998));
#6950=CARTESIAN_POINT('Ctrl Pts',(-0.480827110889,-2.288696512177,0.02));
#6951=CARTESIAN_POINT('Ctrl Pts',(-0.480827110889,-2.288696512177,-0.00399999999999998));
#6952=CARTESIAN_POINT('Ctrl Pts',(-0.484928249568,-2.268232330566,0.02));
#6953=CARTESIAN_POINT('Ctrl Pts',(-0.484928249568,-2.268232330566,-0.00399999999999998));
#6954=CARTESIAN_POINT('Ctrl Pts',(-0.487297033596,-2.246451611252,0.02));
#6955=CARTESIAN_POINT('Ctrl Pts',(-0.487297033596,-2.246451611252,-0.00399999999999998));
#6956=CARTESIAN_POINT('Ctrl Pts',(-0.487632320038,-2.231507194561,0.02));
#6957=CARTESIAN_POINT('Ctrl Pts',(-0.487632320038,-2.231507194561,-0.00399999999999998));
#6958=CARTESIAN_POINT('Ctrl Pts',(-0.487804878048,-2.223815923809,0.02));
#6959=CARTESIAN_POINT('Ctrl Pts',(-0.487804878048,-2.223815923809,-0.00399999999999998));
#6960=CARTESIAN_POINT('',(-0.290491615853,-2.423796868931,0.));
#6961=CARTESIAN_POINT('Ctrl Pts',(-0.290491615853,-2.423796868931,0.));
#6962=CARTESIAN_POINT('Ctrl Pts',(-0.298025400239,-2.423634014472,0.));
#6963=CARTESIAN_POINT('Ctrl Pts',(-0.312722365911,-2.423316316717,0.));
#6964=CARTESIAN_POINT('Ctrl Pts',(-0.334140644183,-2.420793415911,0.));
#6965=CARTESIAN_POINT('Ctrl Pts',(-0.354299076754,-2.416742118653,0.));
#6966=CARTESIAN_POINT('Ctrl Pts',(-0.37320033307,-2.41106687124,0.));
#6967=CARTESIAN_POINT('Ctrl Pts',(-0.39076252656,-2.403544060885,0.));
#6968=CARTESIAN_POINT('Ctrl Pts',(-0.407127333024,-2.394516261647,0.));
#6969=CARTESIAN_POINT('Ctrl Pts',(-0.422182348983,-2.383773352041,0.));
#6970=CARTESIAN_POINT('Ctrl Pts',(-0.43586654641,-2.371435821685,0.));
#6971=CARTESIAN_POINT('Ctrl Pts',(-0.448063918356,-2.357565106326,0.));
#6972=CARTESIAN_POINT('Ctrl Pts',(-0.458825101288,-2.342378184646,0.));
#6973=CARTESIAN_POINT('Ctrl Pts',(-0.467765856368,-2.325768536901,0.));
#6974=CARTESIAN_POINT('Ctrl Pts',(-0.475169601475,-2.307900892228,0.));
#6975=CARTESIAN_POINT('Ctrl Pts',(-0.480827110889,-2.288696512177,0.));
#6976=CARTESIAN_POINT('Ctrl Pts',(-0.484928249568,-2.268232330566,0.));
#6977=CARTESIAN_POINT('Ctrl Pts',(-0.487297033596,-2.246451611252,0.));
#6978=CARTESIAN_POINT('Ctrl Pts',(-0.487632320038,-2.231507194561,0.));
#6979=CARTESIAN_POINT('Ctrl Pts',(-0.487804878048,-2.223815923809,0.));
#6980=CARTESIAN_POINT('',(-0.290491615853,-2.423796868931,0.02));
#6981=CARTESIAN_POINT('Origin',(-0.219512195121,-2.423796868931,0.02));
#6982=CARTESIAN_POINT('',(-0.219512195121,-2.423796868931,0.));
#6983=CARTESIAN_POINT('',(-0.219512195121,-2.423796868931,0.));
#6984=CARTESIAN_POINT('',(-0.219512195121,-2.423796868931,0.02));
#6985=CARTESIAN_POINT('Origin',(-0.219512195121,-2.033552966492,0.02));
#6986=CARTESIAN_POINT('',(-0.219512195121,-2.033552966492,0.));
#6987=CARTESIAN_POINT('Origin',(-0.05487804878,-2.423796868931,0.02));
#6988=CARTESIAN_POINT('',(-0.05487804878,-2.423796868931,0.02));
#6989=CARTESIAN_POINT('',(-0.05487804878,-2.423796868931,0.02));
#6990=CARTESIAN_POINT('',(-0.05487804878,-2.478674917711,0.02));
#6991=CARTESIAN_POINT('',(-0.05487804878,-2.423796868931,0.02));
#6992=CARTESIAN_POINT('',(-0.05487804878,-2.478674917711,0.02));
#6993=CARTESIAN_POINT('Origin',(-0.05487804878,-2.478674917711,0.02));
#6994=CARTESIAN_POINT('',(0.213414634146,-2.478674917711,0.02));
#6995=CARTESIAN_POINT('',(-0.05487804878,-2.478674917711,0.02));
#6996=CARTESIAN_POINT('',(0.213414634146,-2.478674917711,0.02));
#6997=CARTESIAN_POINT('Origin',(0.213414634146,-2.478674917711,0.02));
#6998=CARTESIAN_POINT('',(0.213414634146,-1.978674917711,0.02));
#6999=CARTESIAN_POINT('',(0.213414634146,-2.478674917711,0.02));
#7000=CARTESIAN_POINT('',(0.213414634146,-1.978674917711,0.02));
#7001=CARTESIAN_POINT('Origin',(0.213414634146,-1.978674917711,0.02));
#7002=CARTESIAN_POINT('',(-0.042682926829,-1.978674917711,0.02));
#7003=CARTESIAN_POINT('',(0.213414634146,-1.978674917711,0.02));
#7004=CARTESIAN_POINT('',(-0.042682926829,-1.978674917711,0.02));
#7005=CARTESIAN_POINT('Origin',(-0.042682926829,-1.978674917711,0.02));
#7006=CARTESIAN_POINT('',(-0.042682926829,-2.033552966492,0.02));
#7007=CARTESIAN_POINT('',(-0.042682926829,-1.978674917711,0.02));
#7008=CARTESIAN_POINT('',(-0.042682926829,-2.033552966492,0.02));
#7009=CARTESIAN_POINT('Origin',(-0.042682926829,-2.033552966492,0.02));
#7010=CARTESIAN_POINT('',(0.146341463414,-2.033552966492,0.02));
#7011=CARTESIAN_POINT('',(-0.042682926829,-2.033552966492,0.02));
#7012=CARTESIAN_POINT('',(0.146341463414,-2.033552966492,0.02));
#7013=CARTESIAN_POINT('Origin',(0.146341463414,-2.033552966492,0.02));
#7014=CARTESIAN_POINT('',(0.146341463414,-2.198187112833,0.02));
#7015=CARTESIAN_POINT('',(0.146341463414,-2.033552966492,0.02));
#7016=CARTESIAN_POINT('',(0.146341463414,-2.198187112833,0.02));
#7017=CARTESIAN_POINT('Origin',(0.146341463414,-2.198187112833,0.02));
#7018=CARTESIAN_POINT('',(-0.030487804878,-2.198187112833,0.02));
#7019=CARTESIAN_POINT('',(0.146341463414,-2.198187112833,0.02));
#7020=CARTESIAN_POINT('',(-0.030487804878,-2.198187112833,0.02));
#7021=CARTESIAN_POINT('Origin',(-0.030487804878,-2.198187112833,0.02));
#7022=CARTESIAN_POINT('',(-0.030487804878,-2.253065161614,0.02));
#7023=CARTESIAN_POINT('',(-0.030487804878,-2.198187112833,0.02));
#7024=CARTESIAN_POINT('',(-0.030487804878,-2.253065161614,0.02));
#7025=CARTESIAN_POINT('Origin',(-0.030487804878,-2.253065161614,0.02));
#7026=CARTESIAN_POINT('',(0.146341463414,-2.253065161614,0.02));
#7027=CARTESIAN_POINT('',(-0.030487804878,-2.253065161614,0.02));
#7028=CARTESIAN_POINT('',(0.146341463414,-2.253065161614,0.02));
#7029=CARTESIAN_POINT('Origin',(0.146341463414,-2.253065161614,0.02));
#7030=CARTESIAN_POINT('',(0.146341463414,-2.423796868931,0.02));
#7031=CARTESIAN_POINT('',(0.146341463414,-2.253065161614,0.02));
#7032=CARTESIAN_POINT('',(0.146341463414,-2.423796868931,0.02));
#7033=CARTESIAN_POINT('Origin',(0.146341463414,-2.423796868931,0.02));
#7034=CARTESIAN_POINT('',(0.146341463414,-2.423796868931,0.02));
#7035=CARTESIAN_POINT('Origin',(0.,0.,0.02));
#7036=CARTESIAN_POINT('Origin',(0.310975609756,-2.397882234784,0.02));
#7037=CARTESIAN_POINT('',(0.310975609756,-2.397882234784,0.02));
#7038=CARTESIAN_POINT('',(0.310975609756,-2.397882234784,0.02));
#7039=CARTESIAN_POINT('',(0.310975609756,-2.452760283565,0.02));
#7040=CARTESIAN_POINT('',(0.310975609756,-2.397882234784,0.02));
#7041=CARTESIAN_POINT('',(0.310975609756,-2.452760283565,0.02));
#7042=CARTESIAN_POINT('Ctrl Pts',(0.310975609756,-2.452760283565,0.02));
#7043=CARTESIAN_POINT('Ctrl Pts',(0.310975609756,-2.452760283565,-0.00399999999999998));
#7044=CARTESIAN_POINT('Ctrl Pts',(0.315667305143,-2.4553499084,0.02));
#7045=CARTESIAN_POINT('Ctrl Pts',(0.315667305143,-2.4553499084,-0.00399999999999998));
#7046=CARTESIAN_POINT('Ctrl Pts',(0.325118741929,-2.460566716697,0.02));
#7047=CARTESIAN_POINT('Ctrl Pts',(0.325118741929,-2.460566716697,-0.00399999999999998));
#7048=CARTESIAN_POINT('Ctrl Pts',(0.340233574172,-2.467003761754,0.02));
#7049=CARTESIAN_POINT('Ctrl Pts',(0.340233574172,-2.467003761754,-0.00399999999999998));
#7050=CARTESIAN_POINT('Ctrl Pts',(0.356138040633,-2.472556016059,0.02));
#7051=CARTESIAN_POINT('Ctrl Pts',(0.356138040633,-2.472556016059,-0.00399999999999998));
#7052=CARTESIAN_POINT('Ctrl Pts',(0.372971346873,-2.476983440839,0.02));
#7053=CARTESIAN_POINT('Ctrl Pts',(0.372971346873,-2.476983440839,-0.00399999999999998));
#7054=CARTESIAN_POINT('Ctrl Pts',(0.390621590029,-2.480541648714,0.02));
#7055=CARTESIAN_POINT('Ctrl Pts',(0.390621590029,-2.480541648714,-0.00399999999999998));
#7056=CARTESIAN_POINT('Ctrl Pts',(0.409182294647,-2.482951750407,0.02));
#7057=CARTESIAN_POINT('Ctrl Pts',(0.409182294647,-2.482951750407,-0.00399999999999998));
#7058=CARTESIAN_POINT('Ctrl Pts',(0.428579929112,-2.484538241913,0.02));
#7059=CARTESIAN_POINT('Ctrl Pts',(0.428579929112,-2.484538241913,-0.00399999999999998));
#7060=CARTESIAN_POINT('Ctrl Pts',(0.441815832451,-2.484693476782,0.02));
#7061=CARTESIAN_POINT('Ctrl Pts',(0.441815832451,-2.484693476782,-0.00399999999999998));
#7062=CARTESIAN_POINT('Ctrl Pts',(0.448551829268,-2.484772478687,0.02));
#7063=CARTESIAN_POINT('Ctrl Pts',(0.448551829268,-2.484772478687,-0.00399999999999998));
#7064=CARTESIAN_POINT('',(0.448551829268,-2.484772478687,0.02));
#7065=CARTESIAN_POINT('Ctrl Pts',(0.310975609756,-2.452760283565,0.02));
#7066=CARTESIAN_POINT('Ctrl Pts',(0.315667305143,-2.4553499084,0.02));
#7067=CARTESIAN_POINT('Ctrl Pts',(0.325118741929,-2.460566716697,0.02));
#7068=CARTESIAN_POINT('Ctrl Pts',(0.340233574172,-2.467003761754,0.02));
#7069=CARTESIAN_POINT('Ctrl Pts',(0.356138040633,-2.472556016059,0.02));
#7070=CARTESIAN_POINT('Ctrl Pts',(0.372971346873,-2.476983440839,0.02));
#7071=CARTESIAN_POINT('Ctrl Pts',(0.390621590029,-2.480541648714,0.02));
#7072=CARTESIAN_POINT('Ctrl Pts',(0.409182294647,-2.482951750407,0.02));
#7073=CARTESIAN_POINT('Ctrl Pts',(0.428579929112,-2.484538241913,0.02));
#7074=CARTESIAN_POINT('Ctrl Pts',(0.441815832451,-2.484693476782,0.02));
#7075=CARTESIAN_POINT('Ctrl Pts',(0.448551829268,-2.484772478687,0.02));
#7076=CARTESIAN_POINT('',(0.448551829268,-2.484772478687,0.02));
#7077=CARTESIAN_POINT('Ctrl Pts',(0.448551829268,-2.484772478687,0.02));
#7078=CARTESIAN_POINT('Ctrl Pts',(0.448551829268,-2.484772478687,-0.00399999999999999));
#7079=CARTESIAN_POINT('Ctrl Pts',(0.457231360044,-2.484578900144,0.02));
#7080=CARTESIAN_POINT('Ctrl Pts',(0.457231360044,-2.484578900144,-0.00399999999999999));
#7081=CARTESIAN_POINT('Ctrl Pts',(0.474205157376,-2.484200335562,0.02));
#7082=CARTESIAN_POINT('Ctrl Pts',(0.474205157376,-2.484200335562,-0.00399999999999999));
#7083=CARTESIAN_POINT('Ctrl Pts',(0.499001388309,-2.481016059432,0.02));
#7084=CARTESIAN_POINT('Ctrl Pts',(0.499001388309,-2.481016059432,-0.00399999999999999));
#7085=CARTESIAN_POINT('Ctrl Pts',(0.522459526699,-2.475699801984,0.02));
#7086=CARTESIAN_POINT('Ctrl Pts',(0.522459526699,-2.475699801984,-0.00399999999999999));
#7087=CARTESIAN_POINT('Ctrl Pts',(0.544571424817,-2.468230264828,0.02));
#7088=CARTESIAN_POINT('Ctrl Pts',(0.544571424817,-2.468230264828,-0.00399999999999999));
#7089=CARTESIAN_POINT('Ctrl Pts',(0.565414440447,-2.458791725978,0.02));
#7090=CARTESIAN_POINT('Ctrl Pts',(0.565414440447,-2.458791725978,-0.00399999999999999));
#7091=CARTESIAN_POINT('Ctrl Pts',(0.584880604688,-2.447124760781,0.02));
#7092=CARTESIAN_POINT('Ctrl Pts',(0.584880604688,-2.447124760781,-0.00399999999999999));
#7093=CARTESIAN_POINT('Ctrl Pts',(0.602841099023,-2.433137488091,0.02));
#7094=CARTESIAN_POINT('Ctrl Pts',(0.602841099023,-2.433137488091,-0.00399999999999999));
#7095=CARTESIAN_POINT('Ctrl Pts',(0.619533588019,-2.417393742574,0.02));
#7096=CARTESIAN_POINT('Ctrl Pts',(0.619533588019,-2.417393742574,-0.00399999999999999));
#7097=CARTESIAN_POINT('Ctrl Pts',(0.634427763837,-2.399778689044,0.02));
#7098=CARTESIAN_POINT('Ctrl Pts',(0.634427763837,-2.399778689044,-0.00399999999999999));
#7099=CARTESIAN_POINT('Ctrl Pts',(0.647464803998,-2.380725346635,0.02));
#7100=CARTESIAN_POINT('Ctrl Pts',(0.647464803998,-2.380725346635,-0.00399999999999999));
#7101=CARTESIAN_POINT('Ctrl Pts',(0.658494078287,-2.360292977821,0.02));
#7102=CARTESIAN_POINT('Ctrl Pts',(0.658494078287,-2.360292977821,-0.00399999999999999));
#7103=CARTESIAN_POINT('Ctrl Pts',(0.667443589037,-2.338470365478,0.02));
#7104=CARTESIAN_POINT('Ctrl Pts',(0.667443589037,-2.338470365478,-0.00399999999999999));
#7105=CARTESIAN_POINT('Ctrl Pts',(0.674417905746,-2.315301807681,0.02));
#7106=CARTESIAN_POINT('Ctrl Pts',(0.674417905746,-2.315301807681,-0.00399999999999999));
#7107=CARTESIAN_POINT('Ctrl Pts',(0.679295174159,-2.290766449465,0.02));
#7108=CARTESIAN_POINT('Ctrl Pts',(0.679295174159,-2.290766449465,-0.00399999999999999));
#7109=CARTESIAN_POINT('Ctrl Pts',(0.682464742809,-2.264898713522,0.02));
#7110=CARTESIAN_POINT('Ctrl Pts',(0.682464742809,-2.264898713522,-0.00399999999999999));
#7111=CARTESIAN_POINT('Ctrl Pts',(0.682770555022,-2.247167815194,0.02));
#7112=CARTESIAN_POINT('Ctrl Pts',(0.682770555022,-2.247167815194,-0.00399999999999999));
#7113=CARTESIAN_POINT('Ctrl Pts',(0.682926829268,-2.238107082345,0.02));
#7114=CARTESIAN_POINT('Ctrl Pts',(0.682926829268,-2.238107082345,-0.00399999999999999));
#7115=CARTESIAN_POINT('',(0.682926829268,-2.238107082345,0.02));
#7116=CARTESIAN_POINT('Ctrl Pts',(0.448551829268,-2.484772478687,0.02));
#7117=CARTESIAN_POINT('Ctrl Pts',(0.457231360044,-2.484578900144,0.02));
#7118=CARTESIAN_POINT('Ctrl Pts',(0.474205157376,-2.484200335562,0.02));
#7119=CARTESIAN_POINT('Ctrl Pts',(0.499001388309,-2.481016059432,0.02));
#7120=CARTESIAN_POINT('Ctrl Pts',(0.522459526699,-2.475699801984,0.02));
#7121=CARTESIAN_POINT('Ctrl Pts',(0.544571424817,-2.468230264828,0.02));
#7122=CARTESIAN_POINT('Ctrl Pts',(0.565414440447,-2.458791725978,0.02));
#7123=CARTESIAN_POINT('Ctrl Pts',(0.584880604688,-2.447124760781,0.02));
#7124=CARTESIAN_POINT('Ctrl Pts',(0.602841099023,-2.433137488091,0.02));
#7125=CARTESIAN_POINT('Ctrl Pts',(0.619533588019,-2.417393742574,0.02));
#7126=CARTESIAN_POINT('Ctrl Pts',(0.634427763837,-2.399778689044,0.02));
#7127=CARTESIAN_POINT('Ctrl Pts',(0.647464803998,-2.380725346635,0.02));
#7128=CARTESIAN_POINT('Ctrl Pts',(0.658494078287,-2.360292977821,0.02));
#7129=CARTESIAN_POINT('Ctrl Pts',(0.667443589037,-2.338470365478,0.02));
#7130=CARTESIAN_POINT('Ctrl Pts',(0.674417905746,-2.315301807681,0.02));
#7131=CARTESIAN_POINT('Ctrl Pts',(0.679295174159,-2.290766449465,0.02));
#7132=CARTESIAN_POINT('Ctrl Pts',(0.682464742809,-2.264898713522,0.02));
#7133=CARTESIAN_POINT('Ctrl Pts',(0.682770555022,-2.247167815194,0.02));
#7134=CARTESIAN_POINT('Ctrl Pts',(0.682926829268,-2.238107082345,0.02));
#7135=CARTESIAN_POINT('',(0.682926829268,-2.238107082345,0.02));
#7136=CARTESIAN_POINT('Ctrl Pts',(0.682926829268,-2.238107082345,0.02));
#7137=CARTESIAN_POINT('Ctrl Pts',(0.682926829268,-2.238107082345,-0.00399999999999998));
#7138=CARTESIAN_POINT('Ctrl Pts',(0.68270906754,-2.22837932679,0.02));
#7139=CARTESIAN_POINT('Ctrl Pts',(0.68270906754,-2.22837932679,-0.00399999999999998));
#7140=CARTESIAN_POINT('Ctrl Pts',(0.68228288639,-2.209341151006,0.02));
#7141=CARTESIAN_POINT('Ctrl Pts',(0.68228288639,-2.209341151006,-0.00399999999999998));
#7142=CARTESIAN_POINT('Ctrl Pts',(0.678895328547,-2.181502671818,0.02));
#7143=CARTESIAN_POINT('Ctrl Pts',(0.678895328547,-2.181502671818,-0.00399999999999998));
#7144=CARTESIAN_POINT('Ctrl Pts',(0.673336899346,-2.15510567409,0.02));
#7145=CARTESIAN_POINT('Ctrl Pts',(0.673336899346,-2.15510567409,-0.00399999999999998));
#7146=CARTESIAN_POINT('Ctrl Pts',(0.665382057176,-2.13019022775,0.02));
#7147=CARTESIAN_POINT('Ctrl Pts',(0.665382057176,-2.13019022775,-0.00399999999999998));
#7148=CARTESIAN_POINT('Ctrl Pts',(0.655252212067,-2.106722657958,0.02));
#7149=CARTESIAN_POINT('Ctrl Pts',(0.655252212067,-2.106722657958,-0.00399999999999998));
#7150=CARTESIAN_POINT('Ctrl Pts',(0.64293875466,-2.084671739011,0.02));
#7151=CARTESIAN_POINT('Ctrl Pts',(0.64293875466,-2.084671739011,-0.00399999999999998));
#7152=CARTESIAN_POINT('Ctrl Pts',(0.628241604073,-2.064151084118,0.02));
#7153=CARTESIAN_POINT('Ctrl Pts',(0.628241604073,-2.064151084118,-0.00399999999999998));
#7154=CARTESIAN_POINT('Ctrl Pts',(0.611394816827,-2.045300171108,0.02));
#7155=CARTESIAN_POINT('Ctrl Pts',(0.611394816827,-2.045300171108,-0.00399999999999998));
#7156=CARTESIAN_POINT('Ctrl Pts',(0.592955839466,-2.028213417857,0.02));
#7157=CARTESIAN_POINT('Ctrl Pts',(0.592955839466,-2.028213417857,-0.00399999999999998));
#7158=CARTESIAN_POINT('Ctrl Pts',(0.573060260878,-2.013303206453,0.02));
#7159=CARTESIAN_POINT('Ctrl Pts',(0.573060260878,-2.013303206453,-0.00399999999999998));
#7160=CARTESIAN_POINT('Ctrl Pts',(0.551948070924,-2.000702832008,0.02));
#7161=CARTESIAN_POINT('Ctrl Pts',(0.551948070924,-2.000702832008,-0.00399999999999998));
#7162=CARTESIAN_POINT('Ctrl Pts',(0.529649152874,-1.990329203803,0.02));
#7163=CARTESIAN_POINT('Ctrl Pts',(0.529649152874,-1.990329203803,-0.00399999999999998));
#7164=CARTESIAN_POINT('Ctrl Pts',(0.506081532207,-1.982410572371,0.02));
#7165=CARTESIAN_POINT('Ctrl Pts',(0.506081532207,-1.982410572371,-0.00399999999999998));
#7166=CARTESIAN_POINT('Ctrl Pts',(0.481355475316,-1.976723621627,0.02));
#7167=CARTESIAN_POINT('Ctrl Pts',(0.481355475316,-1.976723621627,-0.00399999999999998));
#7168=CARTESIAN_POINT('Ctrl Pts',(0.455385826254,-1.973199657431,0.02));
#7169=CARTESIAN_POINT('Ctrl Pts',(0.455385826254,-1.973199657431,-0.00399999999999998));
#7170=CARTESIAN_POINT('Ctrl Pts',(0.437670070192,-1.972787469242,0.02));
#7171=CARTESIAN_POINT('Ctrl Pts',(0.437670070192,-1.972787469242,-0.00399999999999998));
#7172=CARTESIAN_POINT('Ctrl Pts',(0.428639481707,-1.972577356736,0.02));
#7173=CARTESIAN_POINT('Ctrl Pts',(0.428639481707,-1.972577356736,-0.00399999999999998));
#7174=CARTESIAN_POINT('',(0.428639481707,-1.972577356736,0.02));
#7175=CARTESIAN_POINT('Ctrl Pts',(0.682926829268,-2.238107082345,0.02));
#7176=CARTESIAN_POINT('Ctrl Pts',(0.68270906754,-2.22837932679,0.02));
#7177=CARTESIAN_POINT('Ctrl Pts',(0.68228288639,-2.209341151006,0.02));
#7178=CARTESIAN_POINT('Ctrl Pts',(0.678895328547,-2.181502671818,0.02));
#7179=CARTESIAN_POINT('Ctrl Pts',(0.673336899346,-2.15510567409,0.02));
#7180=CARTESIAN_POINT('Ctrl Pts',(0.665382057176,-2.13019022775,0.02));
#7181=CARTESIAN_POINT('Ctrl Pts',(0.655252212067,-2.106722657958,0.02));
#7182=CARTESIAN_POINT('Ctrl Pts',(0.64293875466,-2.084671739011,0.02));
#7183=CARTESIAN_POINT('Ctrl Pts',(0.628241604073,-2.064151084118,0.02));
#7184=CARTESIAN_POINT('Ctrl Pts',(0.611394816827,-2.045300171108,0.02));
#7185=CARTESIAN_POINT('Ctrl Pts',(0.592955839466,-2.028213417857,0.02));
#7186=CARTESIAN_POINT('Ctrl Pts',(0.573060260878,-2.013303206453,0.02));
#7187=CARTESIAN_POINT('Ctrl Pts',(0.551948070924,-2.000702832008,0.02));
#7188=CARTESIAN_POINT('Ctrl Pts',(0.529649152874,-1.990329203803,0.02));
#7189=CARTESIAN_POINT('Ctrl Pts',(0.506081532207,-1.982410572371,0.02));
#7190=CARTESIAN_POINT('Ctrl Pts',(0.481355475316,-1.976723621627,0.02));
#7191=CARTESIAN_POINT('Ctrl Pts',(0.455385826254,-1.973199657431,0.02));
#7192=CARTESIAN_POINT('Ctrl Pts',(0.437670070192,-1.972787469242,0.02));
#7193=CARTESIAN_POINT('Ctrl Pts',(0.428639481707,-1.972577356736,0.02));
#7194=CARTESIAN_POINT('',(0.428639481707,-1.972577356736,0.02));
#7195=CARTESIAN_POINT('Ctrl Pts',(0.428639481707,-1.972577356736,0.02));
#7196=CARTESIAN_POINT('Ctrl Pts',(0.428639481707,-1.972577356736,-0.00399999999999998));
#7197=CARTESIAN_POINT('Ctrl Pts',(0.422826051395,-1.972619028953,0.02));
#7198=CARTESIAN_POINT('Ctrl Pts',(0.422826051395,-1.972619028953,-0.00399999999999998));
#7199=CARTESIAN_POINT('Ctrl Pts',(0.411476719971,-1.972700383986,0.02));
#7200=CARTESIAN_POINT('Ctrl Pts',(0.411476719971,-1.972700383986,-0.00399999999999998));
#7201=CARTESIAN_POINT('Ctrl Pts',(0.394827097487,-1.973720583619,0.02));
#7202=CARTESIAN_POINT('Ctrl Pts',(0.394827097487,-1.973720583619,-0.00399999999999998));
#7203=CARTESIAN_POINT('Ctrl Pts',(0.378953458923,-1.975162437978,0.02));
#7204=CARTESIAN_POINT('Ctrl Pts',(0.378953458923,-1.975162437978,-0.00399999999999998));
#7205=CARTESIAN_POINT('Ctrl Pts',(0.363832833252,-1.977410748846,0.02));
#7206=CARTESIAN_POINT('Ctrl Pts',(0.363832833252,-1.977410748846,-0.00399999999999998));
#7207=CARTESIAN_POINT('Ctrl Pts',(0.349465998512,-1.980087128542,0.02));
#7208=CARTESIAN_POINT('Ctrl Pts',(0.349465998512,-1.980087128542,-0.00399999999999998));
#7209=CARTESIAN_POINT('Ctrl Pts',(0.335906775031,-1.983575917804,0.02));
#7210=CARTESIAN_POINT('Ctrl Pts',(0.335906775031,-1.983575917804,-0.00399999999999998));
#7211=CARTESIAN_POINT('Ctrl Pts',(0.323069926864,-1.987485079947,0.02));
#7212=CARTESIAN_POINT('Ctrl Pts',(0.323069926864,-1.987485079947,-0.00399999999999998));
#7213=CARTESIAN_POINT('Ctrl Pts',(0.314955671511,-1.990778835091,0.02));
#7214=CARTESIAN_POINT('Ctrl Pts',(0.314955671511,-1.990778835091,-0.00399999999999998));
#7215=CARTESIAN_POINT('Ctrl Pts',(0.310975609756,-1.992394429906,0.02));
#7216=CARTESIAN_POINT('Ctrl Pts',(0.310975609756,-1.992394429906,-0.00399999999999998));
#7217=CARTESIAN_POINT('',(0.310975609756,-1.992394429906,0.02));
#7218=CARTESIAN_POINT('Ctrl Pts',(0.428639481707,-1.972577356736,0.02));
#7219=CARTESIAN_POINT('Ctrl Pts',(0.422826051395,-1.972619028953,0.02));
#7220=CARTESIAN_POINT('Ctrl Pts',(0.411476719971,-1.972700383986,0.02));
#7221=CARTESIAN_POINT('Ctrl Pts',(0.394827097487,-1.973720583619,0.02));
#7222=CARTESIAN_POINT('Ctrl Pts',(0.378953458923,-1.975162437978,0.02));
#7223=CARTESIAN_POINT('Ctrl Pts',(0.363832833252,-1.977410748846,0.02));
#7224=CARTESIAN_POINT('Ctrl Pts',(0.349465998512,-1.980087128542,0.02));
#7225=CARTESIAN_POINT('Ctrl Pts',(0.335906775031,-1.983575917804,0.02));
#7226=CARTESIAN_POINT('Ctrl Pts',(0.323069926864,-1.987485079947,0.02));
#7227=CARTESIAN_POINT('Ctrl Pts',(0.314955671511,-1.990778835091,0.02));
#7228=CARTESIAN_POINT('Ctrl Pts',(0.310975609756,-1.992394429906,0.02));
#7229=CARTESIAN_POINT('',(0.310975609756,-1.992394429906,0.02));
#7230=CARTESIAN_POINT('Origin',(0.310975609756,-1.992394429906,0.02));
#7231=CARTESIAN_POINT('',(0.310975609756,-2.059467600638,0.02));
#7232=CARTESIAN_POINT('',(0.310975609756,-1.992394429906,0.02));
#7233=CARTESIAN_POINT('',(0.310975609756,-2.059467600638,0.02));
#7234=CARTESIAN_POINT('Ctrl Pts',(0.310975609756,-2.059467600638,0.02));
#7235=CARTESIAN_POINT('Ctrl Pts',(0.310975609756,-2.059467600638,-0.00399999999999998));
#7236=CARTESIAN_POINT('Ctrl Pts',(0.315415802569,-2.056887514142,0.02));
#7237=CARTESIAN_POINT('Ctrl Pts',(0.315415802569,-2.056887514142,-0.00399999999999998));
#7238=CARTESIAN_POINT('Ctrl Pts',(0.324255804506,-2.051750807118,0.02));
#7239=CARTESIAN_POINT('Ctrl Pts',(0.324255804506,-2.051750807118,-0.00399999999999998));
#7240=CARTESIAN_POINT('Ctrl Pts',(0.338159520313,-2.045328912404,0.02));
#7241=CARTESIAN_POINT('Ctrl Pts',(0.338159520313,-2.045328912404,-0.00399999999999998));
#7242=CARTESIAN_POINT('Ctrl Pts',(0.352331141888,-2.039758843317,0.02));
#7243=CARTESIAN_POINT('Ctrl Pts',(0.352331141888,-2.039758843317,-0.00399999999999998));
#7244=CARTESIAN_POINT('Ctrl Pts',(0.366869877666,-2.035312342903,0.02));
#7245=CARTESIAN_POINT('Ctrl Pts',(0.366869877666,-2.035312342903,-0.00399999999999998));
#7246=CARTESIAN_POINT('Ctrl Pts',(0.381684225163,-2.031721759692,0.02));
#7247=CARTESIAN_POINT('Ctrl Pts',(0.381684225163,-2.031721759692,-0.00399999999999998));
#7248=CARTESIAN_POINT('Ctrl Pts',(0.396851867833,-2.029313454336,0.02));
#7249=CARTESIAN_POINT('Ctrl Pts',(0.396851867833,-2.029313454336,-0.00399999999999998));
#7250=CARTESIAN_POINT('Ctrl Pts',(0.412344068367,-2.027693137541,0.02));
#7251=CARTESIAN_POINT('Ctrl Pts',(0.412344068367,-2.027693137541,-0.00399999999999998));
#7252=CARTESIAN_POINT('Ctrl Pts',(0.422791770511,-2.027535175814,0.02));
#7253=CARTESIAN_POINT('Ctrl Pts',(0.422791770511,-2.027535175814,-0.00399999999999998));
#7254=CARTESIAN_POINT('Ctrl Pts',(0.428067835365,-2.027455405516,0.02));
#7255=CARTESIAN_POINT('Ctrl Pts',(0.428067835365,-2.027455405516,-0.00399999999999998));
#7256=CARTESIAN_POINT('',(0.428067835365,-2.027455405516,0.02));
#7257=CARTESIAN_POINT('Ctrl Pts',(0.310975609756,-2.059467600638,0.02));
#7258=CARTESIAN_POINT('Ctrl Pts',(0.315415802569,-2.056887514142,0.02));
#7259=CARTESIAN_POINT('Ctrl Pts',(0.324255804506,-2.051750807118,0.02));
#7260=CARTESIAN_POINT('Ctrl Pts',(0.338159520313,-2.045328912404,0.02));
#7261=CARTESIAN_POINT('Ctrl Pts',(0.352331141888,-2.039758843317,0.02));
#7262=CARTESIAN_POINT('Ctrl Pts',(0.366869877666,-2.035312342903,0.02));
#7263=CARTESIAN_POINT('Ctrl Pts',(0.381684225163,-2.031721759692,0.02));
#7264=CARTESIAN_POINT('Ctrl Pts',(0.396851867833,-2.029313454336,0.02));
#7265=CARTESIAN_POINT('Ctrl Pts',(0.412344068367,-2.027693137541,0.02));
#7266=CARTESIAN_POINT('Ctrl Pts',(0.422791770511,-2.027535175814,0.02));
#7267=CARTESIAN_POINT('Ctrl Pts',(0.428067835365,-2.027455405516,0.02));
#7268=CARTESIAN_POINT('',(0.428067835365,-2.027455405516,0.02));
#7269=CARTESIAN_POINT('Ctrl Pts',(0.428067835365,-2.027455405516,0.02));
#7270=CARTESIAN_POINT('Ctrl Pts',(0.428067835365,-2.027455405516,-0.00399999999999998));
#7271=CARTESIAN_POINT('Ctrl Pts',(0.434842516298,-2.027601073559,0.02));
#7272=CARTESIAN_POINT('Ctrl Pts',(0.434842516298,-2.027601073559,-0.00399999999999998));
#7273=CARTESIAN_POINT('Ctrl Pts',(0.448129136673,-2.027886760222,0.02));
#7274=CARTESIAN_POINT('Ctrl Pts',(0.448129136673,-2.027886760222,-0.00399999999999998));
#7275=CARTESIAN_POINT('Ctrl Pts',(0.467539875528,-2.030691675065,0.02));
#7276=CARTESIAN_POINT('Ctrl Pts',(0.467539875528,-2.030691675065,-0.00399999999999998));
#7277=CARTESIAN_POINT('Ctrl Pts',(0.486053572119,-2.034888144681,0.02));
#7278=CARTESIAN_POINT('Ctrl Pts',(0.486053572119,-2.034888144681,-0.00399999999999998));
#7279=CARTESIAN_POINT('Ctrl Pts',(0.503595987779,-2.04103000332,0.02));
#7280=CARTESIAN_POINT('Ctrl Pts',(0.503595987779,-2.04103000332,-0.00399999999999998));
#7281=CARTESIAN_POINT('Ctrl Pts',(0.520147203012,-2.048957018493,0.02));
#7282=CARTESIAN_POINT('Ctrl Pts',(0.520147203012,-2.048957018493,-0.00399999999999998));
#7283=CARTESIAN_POINT('Ctrl Pts',(0.535692865011,-2.058698922149,0.02));
#7284=CARTESIAN_POINT('Ctrl Pts',(0.535692865011,-2.058698922149,-0.00399999999999998));
#7285=CARTESIAN_POINT('Ctrl Pts',(0.55032844554,-2.070046848336,0.02));
#7286=CARTESIAN_POINT('Ctrl Pts',(0.55032844554,-2.070046848336,-0.00399999999999998));
#7287=CARTESIAN_POINT('Ctrl Pts',(0.56383068379,-2.083142366963,0.02));
#7288=CARTESIAN_POINT('Ctrl Pts',(0.56383068379,-2.083142366963,-0.00399999999999998));
#7289=CARTESIAN_POINT('Ctrl Pts',(0.576134978678,-2.097623918852,0.02));
#7290=CARTESIAN_POINT('Ctrl Pts',(0.576134978678,-2.097623918852,-0.00399999999999998));
#7291=CARTESIAN_POINT('Ctrl Pts',(0.586696393845,-2.113587274187,0.02));
#7292=CARTESIAN_POINT('Ctrl Pts',(0.586696393845,-2.113587274187,-0.00399999999999998));
#7293=CARTESIAN_POINT('Ctrl Pts',(0.595854743956,-2.130600364231,0.02));
#7294=CARTESIAN_POINT('Ctrl Pts',(0.595854743956,-2.130600364231,-0.00399999999999998));
#7295=CARTESIAN_POINT('Ctrl Pts',(0.603188732918,-2.148961679347,0.02));
#7296=CARTESIAN_POINT('Ctrl Pts',(0.603188732918,-2.148961679347,-0.00399999999999998));
#7297=CARTESIAN_POINT('Ctrl Pts',(0.60886848254,-2.168530341282,0.02));
#7298=CARTESIAN_POINT('Ctrl Pts',(0.60886848254,-2.168530341282,-0.00399999999999998));
#7299=CARTESIAN_POINT('Ctrl Pts',(0.612968064555,-2.189279648615,0.02));
#7300=CARTESIAN_POINT('Ctrl Pts',(0.612968064555,-2.189279648615,-0.00399999999999998));
#7301=CARTESIAN_POINT('Ctrl Pts',(0.615343305896,-2.211247870324,0.02));
#7302=CARTESIAN_POINT('Ctrl Pts',(0.615343305896,-2.211247870324,-0.00399999999999998));
#7303=CARTESIAN_POINT('Ctrl Pts',(0.615680501296,-2.226287238093,0.02));
#7304=CARTESIAN_POINT('Ctrl Pts',(0.615680501296,-2.226287238093,-0.00399999999999998));
#7305=CARTESIAN_POINT('Ctrl Pts',(0.615853658536,-2.234010283565,0.02));
#7306=CARTESIAN_POINT('Ctrl Pts',(0.615853658536,-2.234010283565,-0.00399999999999998));
#7307=CARTESIAN_POINT('',(0.615853658536,-2.234010283565,0.02));
#7308=CARTESIAN_POINT('Ctrl Pts',(0.428067835365,-2.027455405516,0.02));
#7309=CARTESIAN_POINT('Ctrl Pts',(0.434842516298,-2.027601073559,0.02));
#7310=CARTESIAN_POINT('Ctrl Pts',(0.448129136673,-2.027886760222,0.02));
#7311=CARTESIAN_POINT('Ctrl Pts',(0.467539875528,-2.030691675065,0.02));
#7312=CARTESIAN_POINT('Ctrl Pts',(0.486053572119,-2.034888144681,0.02));
#7313=CARTESIAN_POINT('Ctrl Pts',(0.503595987779,-2.04103000332,0.02));
#7314=CARTESIAN_POINT('Ctrl Pts',(0.520147203012,-2.048957018493,0.02));
#7315=CARTESIAN_POINT('Ctrl Pts',(0.535692865011,-2.058698922149,0.02));
#7316=CARTESIAN_POINT('Ctrl Pts',(0.55032844554,-2.070046848336,0.02));
#7317=CARTESIAN_POINT('Ctrl Pts',(0.56383068379,-2.083142366963,0.02));
#7318=CARTESIAN_POINT('Ctrl Pts',(0.576134978678,-2.097623918852,0.02));
#7319=CARTESIAN_POINT('Ctrl Pts',(0.586696393845,-2.113587274187,0.02));
#7320=CARTESIAN_POINT('Ctrl Pts',(0.595854743956,-2.130600364231,0.02));
#7321=CARTESIAN_POINT('Ctrl Pts',(0.603188732918,-2.148961679347,0.02));
#7322=CARTESIAN_POINT('Ctrl Pts',(0.60886848254,-2.168530341282,0.02));
#7323=CARTESIAN_POINT('Ctrl Pts',(0.612968064555,-2.189279648615,0.02));
#7324=CARTESIAN_POINT('Ctrl Pts',(0.615343305896,-2.211247870324,0.02));
#7325=CARTESIAN_POINT('Ctrl Pts',(0.615680501296,-2.226287238093,0.02));
#7326=CARTESIAN_POINT('Ctrl Pts',(0.615853658536,-2.234010283565,0.02));
#7327=CARTESIAN_POINT('',(0.615853658536,-2.234010283565,0.02));
#7328=CARTESIAN_POINT('Ctrl Pts',(0.615853658536,-2.234010283565,0.02));
#7329=CARTESIAN_POINT('Ctrl Pts',(0.615853658536,-2.234010283565,-0.00399999999999998));
#7330=CARTESIAN_POINT('Ctrl Pts',(0.615714748611,-2.241320886413,0.02));
#7331=CARTESIAN_POINT('Ctrl Pts',(0.615714748611,-2.241320886413,-0.00399999999999998));
#7332=CARTESIAN_POINT('Ctrl Pts',(0.615443460804,-2.25559832131,0.02));
#7333=CARTESIAN_POINT('Ctrl Pts',(0.615443460804,-2.25559832131,-0.00399999999999998));
#7334=CARTESIAN_POINT('Ctrl Pts',(0.613112667493,-2.276437160271,0.02));
#7335=CARTESIAN_POINT('Ctrl Pts',(0.613112667493,-2.276437160271,-0.00399999999999998));
#7336=CARTESIAN_POINT('Ctrl Pts',(0.609337045371,-2.296140521193,0.02));
#7337=CARTESIAN_POINT('Ctrl Pts',(0.609337045371,-2.296140521193,-0.00399999999999998));
#7338=CARTESIAN_POINT('Ctrl Pts',(0.604030874522,-2.314691036783,0.02));
#7339=CARTESIAN_POINT('Ctrl Pts',(0.604030874522,-2.314691036783,-0.00399999999999998));
#7340=CARTESIAN_POINT('Ctrl Pts',(0.597111821928,-2.332071539821,0.02));
#7341=CARTESIAN_POINT('Ctrl Pts',(0.597111821928,-2.332071539821,-0.00399999999999998));
#7342=CARTESIAN_POINT('Ctrl Pts',(0.588753848885,-2.348328210248,0.02));
#7343=CARTESIAN_POINT('Ctrl Pts',(0.588753848885,-2.348328210248,-0.00399999999999998));
#7344=CARTESIAN_POINT('Ctrl Pts',(0.578760840008,-2.363387636065,0.02));
#7345=CARTESIAN_POINT('Ctrl Pts',(0.578760840008,-2.363387636065,-0.00399999999999998));
#7346=CARTESIAN_POINT('Ctrl Pts',(0.56735339011,-2.377179315689,0.02));
#7347=CARTESIAN_POINT('Ctrl Pts',(0.56735339011,-2.377179315689,-0.00399999999999998));
#7348=CARTESIAN_POINT('Ctrl Pts',(0.554688115932,-2.389547141744,0.02));
#7349=CARTESIAN_POINT('Ctrl Pts',(0.554688115932,-2.389547141744,-0.00399999999999998));
#7350=CARTESIAN_POINT('Ctrl Pts',(0.541030236963,-2.400408871905,0.02));
#7351=CARTESIAN_POINT('Ctrl Pts',(0.541030236963,-2.400408871905,-0.00399999999999998));
#7352=CARTESIAN_POINT('Ctrl Pts',(0.526349996894,-2.409475035321,0.02));
#7353=CARTESIAN_POINT('Ctrl Pts',(0.526349996894,-2.409475035321,-0.00399999999999998));
#7354=CARTESIAN_POINT('Ctrl Pts',(0.510784286556,-2.416992985761,0.02));
#7355=CARTESIAN_POINT('Ctrl Pts',(0.510784286556,-2.416992985761,-0.00399999999999998));
#7356=CARTESIAN_POINT('Ctrl Pts',(0.49426277703,-2.422805398358,0.02));
#7357=CARTESIAN_POINT('Ctrl Pts',(0.49426277703,-2.422805398358,-0.00399999999999998));
#7358=CARTESIAN_POINT('Ctrl Pts',(0.476754541874,-2.426880103431,0.02));
#7359=CARTESIAN_POINT('Ctrl Pts',(0.476754541874,-2.426880103431,-0.00399999999999998));
#7360=CARTESIAN_POINT('Ctrl Pts',(0.458343338831,-2.429403888085,0.02));
#7361=CARTESIAN_POINT('Ctrl Pts',(0.458343338831,-2.429403888085,-0.00399999999999998));
#7362=CARTESIAN_POINT('Ctrl Pts',(0.44573355092,-2.429728880864,0.02));
#7363=CARTESIAN_POINT('Ctrl Pts',(0.44573355092,-2.429728880864,-0.00399999999999998));
#7364=CARTESIAN_POINT('Ctrl Pts',(0.439310213414,-2.429894429906,0.02));
#7365=CARTESIAN_POINT('Ctrl Pts',(0.439310213414,-2.429894429906,-0.00399999999999998));
#7366=CARTESIAN_POINT('',(0.439310213414,-2.429894429906,0.02));
#7367=CARTESIAN_POINT('Ctrl Pts',(0.615853658536,-2.234010283565,0.02));
#7368=CARTESIAN_POINT('Ctrl Pts',(0.615714748611,-2.241320886413,0.02));
#7369=CARTESIAN_POINT('Ctrl Pts',(0.615443460804,-2.25559832131,0.02));
#7370=CARTESIAN_POINT('Ctrl Pts',(0.613112667493,-2.276437160271,0.02));
#7371=CARTESIAN_POINT('Ctrl Pts',(0.609337045371,-2.296140521193,0.02));
#7372=CARTESIAN_POINT('Ctrl Pts',(0.604030874522,-2.314691036783,0.02));
#7373=CARTESIAN_POINT('Ctrl Pts',(0.597111821928,-2.332071539821,0.02));
#7374=CARTESIAN_POINT('Ctrl Pts',(0.588753848885,-2.348328210248,0.02));
#7375=CARTESIAN_POINT('Ctrl Pts',(0.578760840008,-2.363387636065,0.02));
#7376=CARTESIAN_POINT('Ctrl Pts',(0.56735339011,-2.377179315689,0.02));
#7377=CARTESIAN_POINT('Ctrl Pts',(0.554688115932,-2.389547141744,0.02));
#7378=CARTESIAN_POINT('Ctrl Pts',(0.541030236963,-2.400408871905,0.02));
#7379=CARTESIAN_POINT('Ctrl Pts',(0.526349996894,-2.409475035321,0.02));
#7380=CARTESIAN_POINT('Ctrl Pts',(0.510784286556,-2.416992985761,0.02));
#7381=CARTESIAN_POINT('Ctrl Pts',(0.49426277703,-2.422805398358,0.02));
#7382=CARTESIAN_POINT('Ctrl Pts',(0.476754541874,-2.426880103431,0.02));
#7383=CARTESIAN_POINT('Ctrl Pts',(0.458343338831,-2.429403888085,0.02));
#7384=CARTESIAN_POINT('Ctrl Pts',(0.44573355092,-2.429728880864,0.02));
#7385=CARTESIAN_POINT('Ctrl Pts',(0.439310213414,-2.429894429906,0.02));
#7386=CARTESIAN_POINT('',(0.439310213414,-2.429894429906,0.02));
#7387=CARTESIAN_POINT('Ctrl Pts',(0.439310213414,-2.429894429906,0.02));
#7388=CARTESIAN_POINT('Ctrl Pts',(0.439310213414,-2.429894429906,-0.00399999999999998));
#7389=CARTESIAN_POINT('Ctrl Pts',(0.433272503131,-2.429815159633,0.02));
#7390=CARTESIAN_POINT('Ctrl Pts',(0.433272503131,-2.429815159633,-0.00399999999999998));
#7391=CARTESIAN_POINT('Ctrl Pts',(0.421367713884,-2.429658859337,0.02));
#7392=CARTESIAN_POINT('Ctrl Pts',(0.421367713884,-2.429658859337,-0.00399999999999998));
#7393=CARTESIAN_POINT('Ctrl Pts',(0.403811772964,-2.428054871863,0.02));
#7394=CARTESIAN_POINT('Ctrl Pts',(0.403811772964,-2.428054871863,-0.00399999999999998));
#7395=CARTESIAN_POINT('Ctrl Pts',(0.386806658573,-2.425640762205,0.02));
#7396=CARTESIAN_POINT('Ctrl Pts',(0.386806658573,-2.425640762205,-0.00399999999999998));
#7397=CARTESIAN_POINT('Ctrl Pts',(0.370426283146,-2.422087404844,0.02));
#7398=CARTESIAN_POINT('Ctrl Pts',(0.370426283146,-2.422087404844,-0.00399999999999998));
#7399=CARTESIAN_POINT('Ctrl Pts',(0.354614486157,-2.417639403419,0.02));
#7400=CARTESIAN_POINT('Ctrl Pts',(0.354614486157,-2.417639403419,-0.00399999999999998));
#7401=CARTESIAN_POINT('Ctrl Pts',(0.339460909665,-2.412052372865,0.02));
#7402=CARTESIAN_POINT('Ctrl Pts',(0.339460909665,-2.412052372865,-0.00399999999999998));
#7403=CARTESIAN_POINT('Ctrl Pts',(0.324803630437,-2.405670828672,0.02));
#7404=CARTESIAN_POINT('Ctrl Pts',(0.324803630437,-2.405670828672,-0.00399999999999998));
#7405=CARTESIAN_POINT('Ctrl Pts',(0.31557177482,-2.400471011873,0.02));
#7406=CARTESIAN_POINT('Ctrl Pts',(0.31557177482,-2.400471011873,-0.00399999999999998));
#7407=CARTESIAN_POINT('Ctrl Pts',(0.310975609756,-2.397882234784,0.02));
#7408=CARTESIAN_POINT('Ctrl Pts',(0.310975609756,-2.397882234784,-0.00399999999999998));
#7409=CARTESIAN_POINT('Ctrl Pts',(0.439310213414,-2.429894429906,0.02));
#7410=CARTESIAN_POINT('Ctrl Pts',(0.433272503131,-2.429815159633,0.02));
#7411=CARTESIAN_POINT('Ctrl Pts',(0.421367713884,-2.429658859337,0.02));
#7412=CARTESIAN_POINT('Ctrl Pts',(0.403811772964,-2.428054871863,0.02));
#7413=CARTESIAN_POINT('Ctrl Pts',(0.386806658573,-2.425640762205,0.02));
#7414=CARTESIAN_POINT('Ctrl Pts',(0.370426283146,-2.422087404844,0.02));
#7415=CARTESIAN_POINT('Ctrl Pts',(0.354614486157,-2.417639403419,0.02));
#7416=CARTESIAN_POINT('Ctrl Pts',(0.339460909665,-2.412052372865,0.02));
#7417=CARTESIAN_POINT('Ctrl Pts',(0.324803630437,-2.405670828672,0.02));
#7418=CARTESIAN_POINT('Ctrl Pts',(0.31557177482,-2.400471011873,0.02));
#7419=CARTESIAN_POINT('Ctrl Pts',(0.310975609756,-2.397882234784,0.02));
#7420=CARTESIAN_POINT('Origin',(0.37756963155,-2.477836145464,0.02));
#7421=CARTESIAN_POINT('Origin',(0.725609756097,-2.423796868931,0.02));
#7422=CARTESIAN_POINT('',(0.725609756097,-2.423796868931,0.02));
#7423=CARTESIAN_POINT('',(0.725609756097,-2.423796868931,0.02));
#7424=CARTESIAN_POINT('',(0.725609756097,-2.478674917711,0.02));
#7425=CARTESIAN_POINT('',(0.725609756097,-2.423796868931,0.02));
#7426=CARTESIAN_POINT('',(0.725609756097,-2.478674917711,0.02));
#7427=CARTESIAN_POINT('Origin',(0.725609756097,-2.478674917711,0.02));
#7428=CARTESIAN_POINT('',(0.981707317073,-2.478674917711,0.02));
#7429=CARTESIAN_POINT('',(0.725609756097,-2.478674917711,0.02));
#7430=CARTESIAN_POINT('',(0.981707317073,-2.478674917711,0.02));
#7431=CARTESIAN_POINT('Origin',(0.981707317073,-2.478674917711,0.02));
#7432=CARTESIAN_POINT('',(0.981707317073,-1.978674917711,0.02));
#7433=CARTESIAN_POINT('',(0.981707317073,-2.478674917711,0.02));
#7434=CARTESIAN_POINT('',(0.981707317073,-1.978674917711,0.02));
#7435=CARTESIAN_POINT('Origin',(0.981707317073,-1.978674917711,0.02));
#7436=CARTESIAN_POINT('',(0.914634146341,-1.978674917711,0.02));
#7437=CARTESIAN_POINT('',(0.981707317073,-1.978674917711,0.02));
#7438=CARTESIAN_POINT('',(0.914634146341,-1.978674917711,0.02));
#7439=CARTESIAN_POINT('Origin',(0.914634146341,-1.978674917711,0.02));
#7440=CARTESIAN_POINT('',(0.914634146341,-2.423796868931,0.02));
#7441=CARTESIAN_POINT('',(0.914634146341,-1.978674917711,0.02));
#7442=CARTESIAN_POINT('',(0.914634146341,-2.423796868931,0.02));
#7443=CARTESIAN_POINT('Origin',(0.914634146341,-2.423796868931,0.02));
#7444=CARTESIAN_POINT('',(0.914634146341,-2.423796868931,0.02));
#7445=CARTESIAN_POINT('Origin',(0.,0.,0.02));
#7446=CARTESIAN_POINT('Origin',(0.,0.,0.));
#7447=CARTESIAN_POINT('Origin',(0.,0.,0.));
#7448=CARTESIAN_POINT('',(0.,0.,0.));
#7449=CARTESIAN_POINT('',(-0.01999491999,-0.005219686685,2.500051053738));
#7450=UNCERTAINTY_MEASURE_WITH_UNIT(LENGTH_MEASURE(0.01),#7458,
'DISTANCE_ACCURACY_VALUE',
'Maximum model space distance between geometric entities at asserted c
onnectivities');
#7451=UNCERTAINTY_MEASURE_WITH_UNIT(LENGTH_MEASURE(0.01),#7458,
'DISTANCE_ACCURACY_VALUE',
'Maximum model space distance between geometric entities at asserted c
onnectivities');
#7452=UNCERTAINTY_MEASURE_WITH_UNIT(LENGTH_MEASURE(0.01),#7458,
'DISTANCE_ACCURACY_VALUE',
'Maximum model space distance between geometric entities at asserted c
onnectivities');
#7453=UNCERTAINTY_MEASURE_WITH_UNIT(LENGTH_MEASURE(0.01),#7458,
'DISTANCE_ACCURACY_VALUE',
'Maximum model space distance between geometric entities at asserted c
onnectivities');
#7454=(
GEOMETRIC_REPRESENTATION_CONTEXT(3)
GLOBAL_UNCERTAINTY_ASSIGNED_CONTEXT((#7450))
GLOBAL_UNIT_ASSIGNED_CONTEXT((#7458,#7460,#7461))
REPRESENTATION_CONTEXT('','3D')
);
#7455=(
GEOMETRIC_REPRESENTATION_CONTEXT(3)
GLOBAL_UNCERTAINTY_ASSIGNED_CONTEXT((#7451))
GLOBAL_UNIT_ASSIGNED_CONTEXT((#7458,#7460,#7461))
REPRESENTATION_CONTEXT('','3D')
);
#7456=(
GEOMETRIC_REPRESENTATION_CONTEXT(3)
GLOBAL_UNCERTAINTY_ASSIGNED_CONTEXT((#7452))
GLOBAL_UNIT_ASSIGNED_CONTEXT((#7458,#7460,#7461))
REPRESENTATION_CONTEXT('','3D')
);
#7457=(
GEOMETRIC_REPRESENTATION_CONTEXT(3)
GLOBAL_UNCERTAINTY_ASSIGNED_CONTEXT((#7453))
GLOBAL_UNIT_ASSIGNED_CONTEXT((#7458,#7460,#7461))
REPRESENTATION_CONTEXT('','3D')
);
#7458=(
LENGTH_UNIT()
NAMED_UNIT(*)
SI_UNIT(.MILLI.,.METRE.)
);
#7459=(
LENGTH_UNIT()
NAMED_UNIT(*)
SI_UNIT($,.METRE.)
);
#7460=(
NAMED_UNIT(*)
PLANE_ANGLE_UNIT()
SI_UNIT($,.RADIAN.)
);
#7461=(
NAMED_UNIT(*)
SI_UNIT($,.STERADIAN.)
SOLID_ANGLE_UNIT()
);
#7462=SHAPE_DEFINITION_REPRESENTATION(#7465,#7470);
#7463=SHAPE_DEFINITION_REPRESENTATION(#7466,#7471);
#7464=SHAPE_DEFINITION_REPRESENTATION(#7467,#7472);
#7465=PRODUCT_DEFINITION_SHAPE('',$,#7474);
#7466=PRODUCT_DEFINITION_SHAPE('',$,#7475);
#7467=PRODUCT_DEFINITION_SHAPE('',$,#7476);
#7468=PRODUCT_DEFINITION_SHAPE($,$,#17);
#7469=PRODUCT_DEFINITION_SHAPE($,$,#18);
#7470=SHAPE_REPRESENTATION('',(#4186,#4471),#7454);
#7471=SHAPE_REPRESENTATION('',(#4187,#4470),#7455);
#7472=SHAPE_REPRESENTATION('',(#4188),#7456);
#7473=PRODUCT_DEFINITION_CONTEXT('part definition',#7484,'design');
#7474=PRODUCT_DEFINITION('EasyEDA PCB Model~RFIx','(\X2\672A4FDD5B58\X0\)',
#7477,#7473);
#7475=PRODUCT_DEFINITION(
'SW1~SW-TH_3P-P4.70_C1788501~SW-TH_3P-P4.70_C1788501~KZxe',
'SW1~SW-TH_3P-P4.70_C1788501~SW-TH_3P-P4.70_C1788501~KZxe',#7478,#7473);
#7476=PRODUCT_DEFINITION(
'SW-TH_3P-P4.70_C1788501~SW-TH_3P-P4.70_C1788501~mPzT',
'SW-TH_3P-P4.70_C1788501~SW-TH_3P-P4.70_C1788501~mPzT',#7479,#7473);
#7477=PRODUCT_DEFINITION_FORMATION('',$,#7486);
#7478=PRODUCT_DEFINITION_FORMATION('',$,#7487);
#7479=PRODUCT_DEFINITION_FORMATION('',$,#7488);
#7480=PRODUCT_RELATED_PRODUCT_CATEGORY('(\X2\672A4FDD5B58\X0\)',
'(\X2\672A4FDD5B58\X0\)',(#7486));
#7481=PRODUCT_RELATED_PRODUCT_CATEGORY(
'SW1~SW-TH_3P-P4.70_C1788501~SW-TH_3P-P4.70_C1788501~KZxe',
'SW1~SW-TH_3P-P4.70_C1788501~SW-TH_3P-P4.70_C1788501~KZxe',(#7487));
#7482=PRODUCT_RELATED_PRODUCT_CATEGORY(
'SW-TH_3P-P4.70_C1788501~SW-TH_3P-P4.70_C1788501~mPzT',
'SW-TH_3P-P4.70_C1788501~SW-TH_3P-P4.70_C1788501~mPzT',(#7488));
#7483=APPLICATION_PROTOCOL_DEFINITION('international standard',
'automotive_design',2009,#7484);
#7484=APPLICATION_CONTEXT(
'Core Data for Automotive Mechanical Design Process');
#7485=PRODUCT_CONTEXT('part definition',#7484,'mechanical');
#7486=PRODUCT('EasyEDA PCB Model~RFIx','(\X2\672A4FDD5B58\X0\)',
'Designed by EasyEDA Pro',(#7485));
#7487=PRODUCT(
'SW1~SW-TH_3P-P4.70_C1788501~SW-TH_3P-P4.70_C1788501~KZxe',
'SW1~SW-TH_3P-P4.70_C1788501~SW-TH_3P-P4.70_C1788501~KZxe',$,(#7485));
#7488=PRODUCT('SW-TH_3P-P4.70_C1788501~SW-TH_3P-P4.70_C1788501~mPzT',
'SW-TH_3P-P4.70_C1788501~SW-TH_3P-P4.70_C1788501~mPzT',$,(#7485));
#7489=PRESENTATION_STYLE_ASSIGNMENT((#7494));
#7490=PRESENTATION_STYLE_ASSIGNMENT((#7495));
#7491=PRESENTATION_STYLE_ASSIGNMENT((#7496));
#7492=PRESENTATION_STYLE_ASSIGNMENT((#7497));
#7493=PRESENTATION_STYLE_ASSIGNMENT((#7498));
#7494=SURFACE_STYLE_USAGE(.BOTH.,#7499);
#7495=SURFACE_STYLE_USAGE(.BOTH.,#7500);
#7496=SURFACE_STYLE_USAGE(.BOTH.,#7501);
#7497=SURFACE_STYLE_USAGE(.BOTH.,#7502);
#7498=SURFACE_STYLE_USAGE(.BOTH.,#7503);
#7499=SURFACE_SIDE_STYLE('',(#7504));
#7500=SURFACE_SIDE_STYLE('',(#7505));
#7501=SURFACE_SIDE_STYLE('',(#7506));
#7502=SURFACE_SIDE_STYLE('',(#7507));
#7503=SURFACE_SIDE_STYLE('',(#7508));
#7504=SURFACE_STYLE_FILL_AREA(#7509);
#7505=SURFACE_STYLE_FILL_AREA(#7510);
#7506=SURFACE_STYLE_FILL_AREA(#7511);
#7507=SURFACE_STYLE_FILL_AREA(#7512);
#7508=SURFACE_STYLE_FILL_AREA(#7513);
#7509=FILL_AREA_STYLE('\X2\94A2\X0\ - \X2\7F0E5149\X0\',(#7514));
#7510=FILL_AREA_STYLE('Opaque(255,255,255)',(#7515));
#7511=FILL_AREA_STYLE('Opaque(170,170,170)',(#7516));
#7512=FILL_AREA_STYLE('Opaque(76,76,76)',(#7517));
#7513=FILL_AREA_STYLE('Opaque(177,25,25)',(#7518));
#7514=FILL_AREA_STYLE_COLOUR('\X2\94A2\X0\ - \X2\7F0E5149\X0\',#7519);
#7515=FILL_AREA_STYLE_COLOUR('Opaque(255,255,255)',#7520);
#7516=FILL_AREA_STYLE_COLOUR('Opaque(170,170,170)',#7521);
#7517=FILL_AREA_STYLE_COLOUR('Opaque(76,76,76)',#7522);
#7518=FILL_AREA_STYLE_COLOUR('Opaque(177,25,25)',#7523);
#7519=COLOUR_RGB('\X2\94A2\X0\ - \X2\7F0E5149\X0\',0.627450980392157,0.627450980392157,
0.627450980392157);
#7520=COLOUR_RGB('Opaque(255,255,255)',1.,1.,1.);
#7521=COLOUR_RGB('Opaque(170,170,170)',0.666666666666667,0.666666666666667,
0.666666666666667);
#7522=COLOUR_RGB('Opaque(76,76,76)',0.298039215686275,0.298039215686275,
0.298039215686275);
#7523=COLOUR_RGB('Opaque(177,25,25)',0.694117647058824,0.0980392156862745,
0.0980392156862745);
ENDSEC;
END-ISO-10303-21;
