ISO-10303-21;
HEADER;
/* Generated by software containing ST-Developer
 * from STEP Tools, Inc. (www.steptools.com) 
 */

FILE_DESCRIPTION(
/* description */ ('Designed by EasyEDA Pro'),
/* implementation_level */ '2;1');

FILE_NAME(
/* name */ 'SA-0-102-C04.step',
/* time_stamp */ '2026-04-15T13:23:36+08:00',
/* author */ (''),
/* organization */ (''),
/* preprocessor_version */ 'ST-DEVELOPER v20.1',
/* originating_system */ 'Autodesk Translation Framework v14.24.0.0',
/* authorisation */ '');

FILE_SCHEMA (('AUTOMOTIVE_DESIGN { 1 0 10303 214 3 1 1 }'));
ENDSEC;

DATA;
#10=MECHANICAL_DESIGN_GEOMETRIC_PRESENTATION_REPRESENTATION('',(#3843,#3844,
#3845,#3846,#3847,#3848,#3849,#3850,#3851,#3852,#3853,#3854,#3855,#3856,
#3857,#3858,#3859,#3860,#3861,#3862,#3863,#3864,#3865,#3866,#3867,#3868,
#3869,#3870,#3871,#3872,#3873,#3874,#3875,#3876,#3877,#3878,#3879,#3880,
#3881,#3882,#3883,#3884,#3885,#3886,#3887,#3888,#3889,#3890,#3891,#3892,
#3893,#3894,#3895,#3896,#3897,#3898,#3899,#3900,#3901,#3902,#3903,#3904,
#3905,#3906,#3907,#3908,#3909,#3910,#3911,#3912,#3913,#3914,#3915,#3916,
#3917,#3918,#3919,#3920,#3921,#3922,#3923,#3924,#3925,#3926,#3927,#3928,
#3929,#3930,#3931,#3932,#3933,#3934,#3935,#3936,#3937,#3938,#3939,#3940,
#3941,#3942,#3943,#3944,#3945,#3946,#3947,#3948,#3949,#3950,#3951,#3952,
#3953,#3954,#3955,#3956,#3957,#3958,#3959,#3960,#3961,#3962,#3963,#3964,
#3965,#3966,#3967,#3968,#3969,#3970,#3971,#3972,#3973,#3974,#3975,#3976,
#3977,#3978,#3979,#3980,#3981,#3982,#3983,#3984,#3985,#3986,#3987,#3988,
#3989,#3990,#3991,#3992,#3993,#3994,#3995,#3996,#3997,#3998,#3999,#4000,
#4001,#4002,#4003,#4004,#4005,#4006,#4007,#4008,#4009,#4010,#4011,#4012,
#4013,#4014,#4015,#4016,#4017,#4018,#4019,#4020,#4021,#4022,#4023,#4024,
#4025,#4026,#4027,#4028,#4029,#4030,#4031,#4032,#4033,#4034,#4035,#4036,
#4037,#4038,#4039,#4040,#4041,#4042,#4043,#4044,#4045,#4046,#4047,#4048,
#4049,#4050,#4051,#4052,#4053,#4054,#4055,#4056,#4057,#4058,#4059,#4060,
#4061,#4062,#4063,#4064,#4065,#4066,#4067,#4068,#4069,#4070,#4071,#4072,
#4073,#4074,#4075,#4076),#7412);
#11=ITEM_DEFINED_TRANSFORMATION($,$,#4325,#4763);
#12=ITEM_DEFINED_TRANSFORMATION($,$,#4324,#4764);
#13=(
REPRESENTATION_RELATIONSHIP($,$,#7427,#7426)
REPRESENTATION_RELATIONSHIP_WITH_TRANSFORMATION(#11)
SHAPE_REPRESENTATION_RELATIONSHIP()
);
#14=(
REPRESENTATION_RELATIONSHIP($,$,#7426,#7425)
REPRESENTATION_RELATIONSHIP_WITH_TRANSFORMATION(#12)
SHAPE_REPRESENTATION_RELATIONSHIP()
);
#15=CONTEXT_DEPENDENT_SHAPE_REPRESENTATION(#13,#7423);
#16=CONTEXT_DEPENDENT_SHAPE_REPRESENTATION(#14,#7424);
#17=NEXT_ASSEMBLY_USAGE_OCCURRENCE(
'SW-TH_SA-0-102-C04-0004-WP~SW-TH_SA-0-102-C04-0004-WP~9xYC:1',
'SW-TH_SA-0-102-C04-0004-WP~SW-TH_SA-0-102-C04-0004-WP~9xYC:1',
'SW-TH_SA-0-102-C04-0004-WP~SW-TH_SA-0-102-C04-0004-WP~9xYC:1',#7430,#7431,
'SW-TH_SA-0-102-C04-0004-WP~SW-TH_SA-0-102-C04-0004-WP~9xYC:1');
#18=NEXT_ASSEMBLY_USAGE_OCCURRENCE(
'SW1~SW-TH_SA-0-102-C04-0004-WP~SW-TH_SA-0-102-C04-0004-WP~munq:1',
'SW1~SW-TH_SA-0-102-C04-0004-WP~SW-TH_SA-0-102-C04-0004-WP~munq:1',
'SW1~SW-TH_SA-0-102-C04-0004-WP~SW-TH_SA-0-102-C04-0004-WP~munq:1',#7429,
#7430,
'SW1~SW-TH_SA-0-102-C04-0004-WP~SW-TH_SA-0-102-C04-0004-WP~munq:1');
#19=SHAPE_REPRESENTATION_RELATIONSHIP('SRR','None',#7427,#20);
#20=ADVANCED_BREP_SHAPE_REPRESENTATION('',(#57,#58,#59),#7411);
#21=TOROIDAL_SURFACE('',#4595,0.4,0.2);
#22=TOROIDAL_SURFACE('',#4608,0.4,0.2);
#23=TOROIDAL_SURFACE('',#4610,0.4,0.2);
#24=TOROIDAL_SURFACE('',#4622,0.4,0.2);
#25=TOROIDAL_SURFACE('',#4624,0.4,0.2);
#26=TOROIDAL_SURFACE('',#4636,0.4,0.2);
#27=TOROIDAL_SURFACE('',#4638,0.4,0.2);
#28=TOROIDAL_SURFACE('',#4647,0.4,0.2);
#29=TOROIDAL_SURFACE('',#4692,2.6,0.1);
#30=TOROIDAL_SURFACE('',#4696,2.6,0.1);
#31=TOROIDAL_SURFACE('',#4752,20.099999999999,0.1);
#32=TOROIDAL_SURFACE('',#4755,20.099999999999,0.1);
#33=ELLIPSE('',#4521,0.205665950313019,0.198316245561141);
#34=ELLIPSE('',#4522,0.205665950305368,0.198316245566697);
#35=ELLIPSE('',#4599,0.282842712477616,0.200000000002065);
#36=ELLIPSE('',#4613,0.282842712479598,0.200000000003527);
#37=ELLIPSE('',#4627,0.282842712471246,0.199999999997608);
#38=ELLIPSE('',#4642,0.282842712473346,0.199999999999163);
#39=ELLIPSE('',#4652,0.282842712475352,0.200000000000647);
#40=ELLIPSE('',#4653,0.282842712473325,0.199999999999157);
#41=ELLIPSE('',#4655,0.282842712475608,0.200000000000569);
#42=ELLIPSE('',#4657,0.282842712477679,0.200000000002105);
#43=ELLIPSE('',#4660,0.282842712475363,0.200000000000655);
#44=ELLIPSE('',#4661,0.282842712473325,0.199999999999156);
#45=ELLIPSE('',#4663,0.282842712475613,0.200000000000576);
#46=ELLIPSE('',#4665,0.282842712477554,0.200000000002014);
#47=ELLIPSE('',#4668,0.282842712469039,0.199999999995324);
#48=ELLIPSE('',#4669,0.282842712473329,0.19999999999915);
#49=ELLIPSE('',#4671,0.282842712475504,0.200000000000501);
#50=ELLIPSE('',#4673,0.282842712468653,0.199999999992807);
#51=ELLIPSE('',#4711,0.106075779540983,0.0999999999979277);
#52=ELLIPSE('',#4713,0.1060757795443,0.0999999999999501);
#53=ELLIPSE('',#4714,0.106075779546355,0.100000000001989);
#54=ELLIPSE('',#4720,0.106075779544496,0.100000000000095);
#55=ELLIPSE('',#4721,0.100378945383279,0.0999976735535198);
#56=ELLIPSE('',#4754,0.122463221784873,0.0999999999989217);
#57=MANIFOLD_SOLID_BREP('\X2\5B9E4F53\X0\1',#4308);
#58=MANIFOLD_SOLID_BREP('\X2\5B9E4F53\X0\2',#4309);
#59=MANIFOLD_SOLID_BREP('\X2\5B9E4F53\X0\3',#4310);
#60=B_SPLINE_CURVE_WITH_KNOTS('',3,(#6254,#6255,#6256,#6257,#6258,#6259,
#6260,#6261,#6262,#6263),.UNSPECIFIED.,.F.,.F.,(4,2,2,2,4),(-0.0467434738187897,
-0.0428120956748223,-0.0388807175308549,-0.0340213268743575,-0.02916193621786),
 .UNSPECIFIED.);
#61=B_SPLINE_CURVE_WITH_KNOTS('',3,(#6266,#6267,#6268,#6269,#6270,#6271,
#6272,#6273,#6274,#6275),.UNSPECIFIED.,.F.,.F.,(4,2,2,2,4),(-0.0651275755805622,
-0.060001047563788,-0.0548745195470139,-0.0512083167469915,-0.0475421139469691),
 .UNSPECIFIED.);
#62=B_SPLINE_CURVE_WITH_KNOTS('',3,(#6747,#6748,#6749,#6750,#6751,#6752,
#6753,#6754,#6755,#6756,#6757,#6758,#6759,#6760,#6761,#6762,#6763,#6764,
#6765,#6766,#6767,#6768,#6769,#6770,#6771,#6772,#6773,#6774,#6775,#6776,
#6777),.UNSPECIFIED.,.F.,.F.,(4,3,3,3,3,3,3,3,3,3,4),(0.,1.79160519450018E-5,
3.356849768814E-5,5.14445690622245E-5,6.714168865629E-5,8.50332038680758E-5,
0.000100656745,0.000118916179218308,0.000134196724,0.000151028054683887,
0.00015631828),.UNSPECIFIED.);
#63=B_SPLINE_CURVE_WITH_KNOTS('',3,(#6782,#6783,#6784,#6785,#6786,#6787,
#6788,#6789,#6790,#6791,#6792,#6793,#6794,#6795,#6796,#6797,#6798,#6799,
#6800,#6801,#6802,#6803,#6804,#6805,#6806,#6807,#6808,#6809,#6810,#6811,
#6812),.UNSPECIFIED.,.F.,.F.,(4,3,3,3,3,3,3,3,3,3,4),(0.,1.79237156454378E-5,
3.357521996052E-5,5.14893880406633E-5,6.715089260257E-5,8.5036774537154E-5,
0.000100717411,0.00011892657574723,0.000134245531,0.000151078420894629,
0.000156317034),.UNSPECIFIED.);
#64=B_SPLINE_CURVE_WITH_KNOTS('',3,(#6823,#6824,#6825,#6826,#6827,#6828,
#6829,#6830,#6831,#6832),.UNSPECIFIED.,.F.,.F.,(4,2,2,2,4),(-0.0150966783250222,
-0.011315654067978,-0.00753462981093389,-0.00376731490546695,0.),
 .UNSPECIFIED.);
#65=B_SPLINE_CURVE_WITH_KNOTS('',3,(#6836,#6837,#6838,#6839,#6840,#6841,
#6842,#6843,#6844,#6845,#6846,#6847,#6848,#6849,#6850,#6851,#6852,#6853,
#6854,#6855,#6856,#6857,#6858,#6859,#6860,#6861,#6862,#6863,#6864,#6865,
#6866),.UNSPECIFIED.,.F.,.F.,(4,3,3,3,3,3,3,3,3,3,4),(0.,1.79226060441991E-5,
3.35718116451E-5,5.14679652117344E-5,6.714488033434E-5,8.49634060201557E-5,
0.00010069255,0.00011880001724745,0.000134133977,0.000151035375155065,0.000156498356),
 .UNSPECIFIED.);
#66=B_SPLINE_CURVE_WITH_KNOTS('',3,(#7158,#7159,#7160,#7161,#7162,#7163,
#7164,#7165,#7166,#7167,#7168,#7169),.UNSPECIFIED.,.F.,.F.,(4,2,2,2,2,4),
(-0.000196147962299314,8.33492346322129E-14,0.00737569944055339,0.0132683039534772,
0.0176582867262148,0.0211494360255043),.UNSPECIFIED.);
#67=B_SPLINE_CURVE_WITH_KNOTS('',3,(#7175,#7176,#7177,#7178,#7179,#7180,
#7181,#7182,#7183,#7184,#7185,#7186,#7187,#7188,#7189,#7190),
 .UNSPECIFIED.,.F.,.F.,(4,2,2,2,2,2,2,4),(-0.0188561218399143,-0.0187895624683947,
-0.015955482397899,-0.0126987815955244,-0.00833979616482019,-0.00425530302200487,
-2.73388950366993E-13,0.000196147963231176),.UNSPECIFIED.);
#68=B_SPLINE_CURVE_WITH_KNOTS('',3,(#7348,#7349,#7350,#7351,#7352,#7353,
#7354,#7355,#7356,#7357,#7358,#7359,#7360,#7361,#7362,#7363),
 .UNSPECIFIED.,.F.,.F.,(4,2,2,2,2,2,2,4),(-0.000191400520596164,0.,0.00349081470895922,
0.0068769964122935,0.0114631154329836,0.0149361993791971,0.0179117198804417,
0.0184876228784504),.UNSPECIFIED.);
#69=B_SPLINE_CURVE_WITH_KNOTS('',3,(#7366,#7367,#7368,#7369,#7370,#7371,
#7372,#7373,#7374,#7375,#7376,#7377,#7378,#7379),.UNSPECIFIED.,.F.,.F.,
(4,2,2,2,2,2,4),(-0.0357394309090256,-0.0355811109077953,-0.0346123460986791,
-0.0289894332463689,-0.0244668130081266,-0.0209342775006081,-0.018487622869916),
 .UNSPECIFIED.);
#70=B_SPLINE_CURVE_WITH_KNOTS('',3,(#7382,#7383,#7384,#7385,#7386,#7387,
#7388,#7389,#7390,#7391,#7392,#7393,#7394,#7395),.UNSPECIFIED.,.F.,.F.,
(4,2,2,2,2,2,4),(-0.000191400519695763,0.,0.00117118548702724,0.00796899014081147,
0.0134365991381266,0.0177072479891086,0.0206651242128971),.UNSPECIFIED.);
#71=CYLINDRICAL_SURFACE('',#4368,2.75);
#72=CYLINDRICAL_SURFACE('',#4370,2.75);
#73=CYLINDRICAL_SURFACE('',#4378,0.401);
#74=CYLINDRICAL_SURFACE('',#4379,0.001);
#75=CYLINDRICAL_SURFACE('',#4388,0.401);
#76=CYLINDRICAL_SURFACE('',#4389,0.001);
#77=CYLINDRICAL_SURFACE('',#4396,0.400999999999);
#78=CYLINDRICAL_SURFACE('',#4397,0.000999999999);
#79=CYLINDRICAL_SURFACE('',#4413,0.400999999999);
#80=CYLINDRICAL_SURFACE('',#4414,0.000999999999);
#81=CYLINDRICAL_SURFACE('',#4428,0.299999999999);
#82=CYLINDRICAL_SURFACE('',#4429,0.299999999999);
#83=CYLINDRICAL_SURFACE('',#4430,0.1);
#84=CYLINDRICAL_SURFACE('',#4431,0.1);
#85=CYLINDRICAL_SURFACE('',#4432,0.099999999999);
#86=CYLINDRICAL_SURFACE('',#4433,0.099999999999);
#87=CYLINDRICAL_SURFACE('',#4434,0.5);
#88=CYLINDRICAL_SURFACE('',#4435,0.5);
#89=CYLINDRICAL_SURFACE('',#4436,0.5);
#90=CYLINDRICAL_SURFACE('',#4437,0.5);
#91=CYLINDRICAL_SURFACE('',#4438,0.5);
#92=CYLINDRICAL_SURFACE('',#4439,0.5);
#93=CYLINDRICAL_SURFACE('',#4440,0.5);
#94=CYLINDRICAL_SURFACE('',#4441,0.5);
#95=CYLINDRICAL_SURFACE('',#4449,1.249999999999);
#96=CYLINDRICAL_SURFACE('',#4452,0.75);
#97=CYLINDRICAL_SURFACE('',#4462,1.249999999999);
#98=CYLINDRICAL_SURFACE('',#4465,0.75);
#99=CYLINDRICAL_SURFACE('',#4520,1.25);
#100=CYLINDRICAL_SURFACE('',#4525,0.749999999999);
#101=CYLINDRICAL_SURFACE('',#4556,2.75);
#102=CYLINDRICAL_SURFACE('',#4559,2.75);
#103=CYLINDRICAL_SURFACE('',#4575,0.299999999999);
#104=CYLINDRICAL_SURFACE('',#4576,0.299999999999);
#105=CYLINDRICAL_SURFACE('',#4577,0.299999999999);
#106=CYLINDRICAL_SURFACE('',#4578,0.299999999999);
#107=CYLINDRICAL_SURFACE('',#4579,0.299999999999);
#108=CYLINDRICAL_SURFACE('',#4580,0.299999999999);
#109=CYLINDRICAL_SURFACE('',#4581,0.099999999999);
#110=CYLINDRICAL_SURFACE('',#4582,0.099999999999);
#111=CYLINDRICAL_SURFACE('',#4583,0.099999999999);
#112=CYLINDRICAL_SURFACE('',#4584,0.099999999999);
#113=CYLINDRICAL_SURFACE('',#4585,0.099999999999);
#114=CYLINDRICAL_SURFACE('',#4586,0.099999999999);
#115=CYLINDRICAL_SURFACE('',#4587,0.099999999999);
#116=CYLINDRICAL_SURFACE('',#4588,0.099999999999);
#117=CYLINDRICAL_SURFACE('',#4589,0.1);
#118=CYLINDRICAL_SURFACE('',#4590,0.1);
#119=CYLINDRICAL_SURFACE('',#4591,0.1);
#120=CYLINDRICAL_SURFACE('',#4592,0.1);
#121=CYLINDRICAL_SURFACE('',#4593,0.199999999999);
#122=CYLINDRICAL_SURFACE('',#4598,0.2);
#123=CYLINDRICAL_SURFACE('',#4600,0.199999999999);
#124=CYLINDRICAL_SURFACE('',#4602,0.199999999999);
#125=CYLINDRICAL_SURFACE('',#4604,0.2);
#126=CYLINDRICAL_SURFACE('',#4606,0.2);
#127=CYLINDRICAL_SURFACE('',#4612,0.199999999999);
#128=CYLINDRICAL_SURFACE('',#4614,0.2);
#129=CYLINDRICAL_SURFACE('',#4616,0.199999999999);
#130=CYLINDRICAL_SURFACE('',#4618,0.199999999999);
#131=CYLINDRICAL_SURFACE('',#4620,0.2);
#132=CYLINDRICAL_SURFACE('',#4626,0.2);
#133=CYLINDRICAL_SURFACE('',#4628,0.199999999999);
#134=CYLINDRICAL_SURFACE('',#4630,0.2);
#135=CYLINDRICAL_SURFACE('',#4632,0.199999999999);
#136=CYLINDRICAL_SURFACE('',#4634,0.2);
#137=CYLINDRICAL_SURFACE('',#4641,0.199999999999);
#138=CYLINDRICAL_SURFACE('',#4643,0.199999999999);
#139=CYLINDRICAL_SURFACE('',#4645,0.199999999999);
#140=CYLINDRICAL_SURFACE('',#4650,0.199999999999);
#141=CYLINDRICAL_SURFACE('',#4651,0.199999999999);
#142=CYLINDRICAL_SURFACE('',#4654,0.199999999999);
#143=CYLINDRICAL_SURFACE('',#4656,0.199999999999);
#144=CYLINDRICAL_SURFACE('',#4658,0.2);
#145=CYLINDRICAL_SURFACE('',#4659,0.199999999999);
#146=CYLINDRICAL_SURFACE('',#4662,0.199999999999);
#147=CYLINDRICAL_SURFACE('',#4664,0.199999999999);
#148=CYLINDRICAL_SURFACE('',#4666,0.2);
#149=CYLINDRICAL_SURFACE('',#4667,0.199999999999);
#150=CYLINDRICAL_SURFACE('',#4670,0.199999999999);
#151=CYLINDRICAL_SURFACE('',#4672,0.199999999999);
#152=CYLINDRICAL_SURFACE('',#4674,0.2);
#153=CYLINDRICAL_SURFACE('',#4675,0.199999999999);
#154=CYLINDRICAL_SURFACE('',#4676,0.2);
#155=CYLINDRICAL_SURFACE('',#4677,0.2);
#156=CYLINDRICAL_SURFACE('',#4678,0.199999999999);
#157=CYLINDRICAL_SURFACE('',#4680,0.999999999999);
#158=CYLINDRICAL_SURFACE('',#4683,0.999999999999);
#159=CYLINDRICAL_SURFACE('',#4686,0.999999999999);
#160=CYLINDRICAL_SURFACE('',#4689,0.999999999999);
#161=CYLINDRICAL_SURFACE('',#4700,2.5);
#162=CYLINDRICAL_SURFACE('',#4705,1.499999999999);
#163=CYLINDRICAL_SURFACE('',#4708,2.499999999999);
#164=CYLINDRICAL_SURFACE('',#4715,19.999999999999);
#165=CYLINDRICAL_SURFACE('',#4726,20.499999999999);
#166=CYLINDRICAL_SURFACE('',#4738,2.5);
#167=CYLINDRICAL_SURFACE('',#4741,2.5);
#168=CYLINDRICAL_SURFACE('',#4746,1.499999999999);
#169=CYLINDRICAL_SURFACE('',#4751,0.1);
#170=CYLINDRICAL_SURFACE('',#4753,0.1);
#171=CYLINDRICAL_SURFACE('',#4756,0.1);
#172=CYLINDRICAL_SURFACE('',#4757,0.1);
#173=CYLINDRICAL_SURFACE('',#4758,0.1);
#174=FACE_BOUND('',#419,.T.);
#175=FACE_BOUND('',#421,.T.);
#176=FACE_BOUND('',#497,.T.);
#177=FACE_BOUND('',#498,.T.);
#178=FACE_BOUND('',#499,.T.);
#179=FACE_BOUND('',#504,.T.);
#180=FACE_BOUND('',#631,.T.);
#181=FACE_BOUND('',#634,.T.);
#182=FACE_BOUND('',#639,.T.);
#183=FACE_BOUND('',#644,.T.);
#184=FACE_OUTER_BOUND('',#415,.T.);
#185=FACE_OUTER_BOUND('',#416,.T.);
#186=FACE_OUTER_BOUND('',#417,.T.);
#187=FACE_OUTER_BOUND('',#418,.T.);
#188=FACE_OUTER_BOUND('',#420,.T.);
#189=FACE_OUTER_BOUND('',#422,.T.);
#190=FACE_OUTER_BOUND('',#423,.T.);
#191=FACE_OUTER_BOUND('',#424,.T.);
#192=FACE_OUTER_BOUND('',#425,.T.);
#193=FACE_OUTER_BOUND('',#426,.T.);
#194=FACE_OUTER_BOUND('',#427,.T.);
#195=FACE_OUTER_BOUND('',#428,.T.);
#196=FACE_OUTER_BOUND('',#429,.T.);
#197=FACE_OUTER_BOUND('',#430,.T.);
#198=FACE_OUTER_BOUND('',#431,.T.);
#199=FACE_OUTER_BOUND('',#432,.T.);
#200=FACE_OUTER_BOUND('',#433,.T.);
#201=FACE_OUTER_BOUND('',#434,.T.);
#202=FACE_OUTER_BOUND('',#435,.T.);
#203=FACE_OUTER_BOUND('',#436,.T.);
#204=FACE_OUTER_BOUND('',#437,.T.);
#205=FACE_OUTER_BOUND('',#438,.T.);
#206=FACE_OUTER_BOUND('',#439,.T.);
#207=FACE_OUTER_BOUND('',#440,.T.);
#208=FACE_OUTER_BOUND('',#441,.T.);
#209=FACE_OUTER_BOUND('',#442,.T.);
#210=FACE_OUTER_BOUND('',#443,.T.);
#211=FACE_OUTER_BOUND('',#444,.T.);
#212=FACE_OUTER_BOUND('',#445,.T.);
#213=FACE_OUTER_BOUND('',#446,.T.);
#214=FACE_OUTER_BOUND('',#447,.T.);
#215=FACE_OUTER_BOUND('',#448,.T.);
#216=FACE_OUTER_BOUND('',#449,.T.);
#217=FACE_OUTER_BOUND('',#450,.T.);
#218=FACE_OUTER_BOUND('',#451,.T.);
#219=FACE_OUTER_BOUND('',#452,.T.);
#220=FACE_OUTER_BOUND('',#453,.T.);
#221=FACE_OUTER_BOUND('',#454,.T.);
#222=FACE_OUTER_BOUND('',#455,.T.);
#223=FACE_OUTER_BOUND('',#456,.T.);
#224=FACE_OUTER_BOUND('',#457,.T.);
#225=FACE_OUTER_BOUND('',#458,.T.);
#226=FACE_OUTER_BOUND('',#459,.T.);
#227=FACE_OUTER_BOUND('',#460,.T.);
#228=FACE_OUTER_BOUND('',#461,.T.);
#229=FACE_OUTER_BOUND('',#462,.T.);
#230=FACE_OUTER_BOUND('',#463,.T.);
#231=FACE_OUTER_BOUND('',#464,.T.);
#232=FACE_OUTER_BOUND('',#465,.T.);
#233=FACE_OUTER_BOUND('',#466,.T.);
#234=FACE_OUTER_BOUND('',#467,.T.);
#235=FACE_OUTER_BOUND('',#468,.T.);
#236=FACE_OUTER_BOUND('',#469,.T.);
#237=FACE_OUTER_BOUND('',#470,.T.);
#238=FACE_OUTER_BOUND('',#471,.T.);
#239=FACE_OUTER_BOUND('',#472,.T.);
#240=FACE_OUTER_BOUND('',#473,.T.);
#241=FACE_OUTER_BOUND('',#474,.T.);
#242=FACE_OUTER_BOUND('',#475,.T.);
#243=FACE_OUTER_BOUND('',#476,.T.);
#244=FACE_OUTER_BOUND('',#477,.T.);
#245=FACE_OUTER_BOUND('',#478,.T.);
#246=FACE_OUTER_BOUND('',#479,.T.);
#247=FACE_OUTER_BOUND('',#480,.T.);
#248=FACE_OUTER_BOUND('',#481,.T.);
#249=FACE_OUTER_BOUND('',#482,.T.);
#250=FACE_OUTER_BOUND('',#483,.T.);
#251=FACE_OUTER_BOUND('',#484,.T.);
#252=FACE_OUTER_BOUND('',#485,.T.);
#253=FACE_OUTER_BOUND('',#486,.T.);
#254=FACE_OUTER_BOUND('',#487,.T.);
#255=FACE_OUTER_BOUND('',#488,.T.);
#256=FACE_OUTER_BOUND('',#489,.T.);
#257=FACE_OUTER_BOUND('',#490,.T.);
#258=FACE_OUTER_BOUND('',#491,.T.);
#259=FACE_OUTER_BOUND('',#492,.T.);
#260=FACE_OUTER_BOUND('',#493,.T.);
#261=FACE_OUTER_BOUND('',#494,.T.);
#262=FACE_OUTER_BOUND('',#495,.T.);
#263=FACE_OUTER_BOUND('',#496,.T.);
#264=FACE_OUTER_BOUND('',#500,.T.);
#265=FACE_OUTER_BOUND('',#501,.T.);
#266=FACE_OUTER_BOUND('',#502,.T.);
#267=FACE_OUTER_BOUND('',#503,.T.);
#268=FACE_OUTER_BOUND('',#505,.T.);
#269=FACE_OUTER_BOUND('',#506,.T.);
#270=FACE_OUTER_BOUND('',#507,.T.);
#271=FACE_OUTER_BOUND('',#508,.T.);
#272=FACE_OUTER_BOUND('',#509,.T.);
#273=FACE_OUTER_BOUND('',#510,.T.);
#274=FACE_OUTER_BOUND('',#511,.T.);
#275=FACE_OUTER_BOUND('',#512,.T.);
#276=FACE_OUTER_BOUND('',#513,.T.);
#277=FACE_OUTER_BOUND('',#514,.T.);
#278=FACE_OUTER_BOUND('',#515,.T.);
#279=FACE_OUTER_BOUND('',#516,.T.);
#280=FACE_OUTER_BOUND('',#517,.T.);
#281=FACE_OUTER_BOUND('',#518,.T.);
#282=FACE_OUTER_BOUND('',#519,.T.);
#283=FACE_OUTER_BOUND('',#520,.T.);
#284=FACE_OUTER_BOUND('',#521,.T.);
#285=FACE_OUTER_BOUND('',#522,.T.);
#286=FACE_OUTER_BOUND('',#523,.T.);
#287=FACE_OUTER_BOUND('',#524,.T.);
#288=FACE_OUTER_BOUND('',#525,.T.);
#289=FACE_OUTER_BOUND('',#526,.T.);
#290=FACE_OUTER_BOUND('',#527,.T.);
#291=FACE_OUTER_BOUND('',#528,.T.);
#292=FACE_OUTER_BOUND('',#529,.T.);
#293=FACE_OUTER_BOUND('',#530,.T.);
#294=FACE_OUTER_BOUND('',#531,.T.);
#295=FACE_OUTER_BOUND('',#532,.T.);
#296=FACE_OUTER_BOUND('',#533,.T.);
#297=FACE_OUTER_BOUND('',#534,.T.);
#298=FACE_OUTER_BOUND('',#535,.T.);
#299=FACE_OUTER_BOUND('',#536,.T.);
#300=FACE_OUTER_BOUND('',#537,.T.);
#301=FACE_OUTER_BOUND('',#538,.T.);
#302=FACE_OUTER_BOUND('',#539,.T.);
#303=FACE_OUTER_BOUND('',#540,.T.);
#304=FACE_OUTER_BOUND('',#541,.T.);
#305=FACE_OUTER_BOUND('',#542,.T.);
#306=FACE_OUTER_BOUND('',#543,.T.);
#307=FACE_OUTER_BOUND('',#544,.T.);
#308=FACE_OUTER_BOUND('',#545,.T.);
#309=FACE_OUTER_BOUND('',#546,.T.);
#310=FACE_OUTER_BOUND('',#547,.T.);
#311=FACE_OUTER_BOUND('',#548,.T.);
#312=FACE_OUTER_BOUND('',#549,.T.);
#313=FACE_OUTER_BOUND('',#550,.T.);
#314=FACE_OUTER_BOUND('',#551,.T.);
#315=FACE_OUTER_BOUND('',#552,.T.);
#316=FACE_OUTER_BOUND('',#553,.T.);
#317=FACE_OUTER_BOUND('',#554,.T.);
#318=FACE_OUTER_BOUND('',#555,.T.);
#319=FACE_OUTER_BOUND('',#556,.T.);
#320=FACE_OUTER_BOUND('',#557,.T.);
#321=FACE_OUTER_BOUND('',#558,.T.);
#322=FACE_OUTER_BOUND('',#559,.T.);
#323=FACE_OUTER_BOUND('',#560,.T.);
#324=FACE_OUTER_BOUND('',#561,.T.);
#325=FACE_OUTER_BOUND('',#562,.T.);
#326=FACE_OUTER_BOUND('',#563,.T.);
#327=FACE_OUTER_BOUND('',#564,.T.);
#328=FACE_OUTER_BOUND('',#565,.T.);
#329=FACE_OUTER_BOUND('',#566,.T.);
#330=FACE_OUTER_BOUND('',#567,.T.);
#331=FACE_OUTER_BOUND('',#568,.T.);
#332=FACE_OUTER_BOUND('',#569,.T.);
#333=FACE_OUTER_BOUND('',#570,.T.);
#334=FACE_OUTER_BOUND('',#571,.T.);
#335=FACE_OUTER_BOUND('',#572,.T.);
#336=FACE_OUTER_BOUND('',#573,.T.);
#337=FACE_OUTER_BOUND('',#574,.T.);
#338=FACE_OUTER_BOUND('',#575,.T.);
#339=FACE_OUTER_BOUND('',#576,.T.);
#340=FACE_OUTER_BOUND('',#577,.T.);
#341=FACE_OUTER_BOUND('',#578,.T.);
#342=FACE_OUTER_BOUND('',#579,.T.);
#343=FACE_OUTER_BOUND('',#580,.T.);
#344=FACE_OUTER_BOUND('',#581,.T.);
#345=FACE_OUTER_BOUND('',#582,.T.);
#346=FACE_OUTER_BOUND('',#583,.T.);
#347=FACE_OUTER_BOUND('',#584,.T.);
#348=FACE_OUTER_BOUND('',#585,.T.);
#349=FACE_OUTER_BOUND('',#586,.T.);
#350=FACE_OUTER_BOUND('',#587,.T.);
#351=FACE_OUTER_BOUND('',#588,.T.);
#352=FACE_OUTER_BOUND('',#589,.T.);
#353=FACE_OUTER_BOUND('',#590,.T.);
#354=FACE_OUTER_BOUND('',#591,.T.);
#355=FACE_OUTER_BOUND('',#592,.T.);
#356=FACE_OUTER_BOUND('',#593,.T.);
#357=FACE_OUTER_BOUND('',#594,.T.);
#358=FACE_OUTER_BOUND('',#595,.T.);
#359=FACE_OUTER_BOUND('',#596,.T.);
#360=FACE_OUTER_BOUND('',#597,.T.);
#361=FACE_OUTER_BOUND('',#598,.T.);
#362=FACE_OUTER_BOUND('',#599,.T.);
#363=FACE_OUTER_BOUND('',#600,.T.);
#364=FACE_OUTER_BOUND('',#601,.T.);
#365=FACE_OUTER_BOUND('',#602,.T.);
#366=FACE_OUTER_BOUND('',#603,.T.);
#367=FACE_OUTER_BOUND('',#604,.T.);
#368=FACE_OUTER_BOUND('',#605,.T.);
#369=FACE_OUTER_BOUND('',#606,.T.);
#370=FACE_OUTER_BOUND('',#607,.T.);
#371=FACE_OUTER_BOUND('',#608,.T.);
#372=FACE_OUTER_BOUND('',#609,.T.);
#373=FACE_OUTER_BOUND('',#610,.T.);
#374=FACE_OUTER_BOUND('',#611,.T.);
#375=FACE_OUTER_BOUND('',#612,.T.);
#376=FACE_OUTER_BOUND('',#613,.T.);
#377=FACE_OUTER_BOUND('',#614,.T.);
#378=FACE_OUTER_BOUND('',#615,.T.);
#379=FACE_OUTER_BOUND('',#616,.T.);
#380=FACE_OUTER_BOUND('',#617,.T.);
#381=FACE_OUTER_BOUND('',#618,.T.);
#382=FACE_OUTER_BOUND('',#619,.T.);
#383=FACE_OUTER_BOUND('',#620,.T.);
#384=FACE_OUTER_BOUND('',#621,.T.);
#385=FACE_OUTER_BOUND('',#622,.T.);
#386=FACE_OUTER_BOUND('',#623,.T.);
#387=FACE_OUTER_BOUND('',#624,.T.);
#388=FACE_OUTER_BOUND('',#625,.T.);
#389=FACE_OUTER_BOUND('',#626,.T.);
#390=FACE_OUTER_BOUND('',#627,.T.);
#391=FACE_OUTER_BOUND('',#628,.T.);
#392=FACE_OUTER_BOUND('',#629,.T.);
#393=FACE_OUTER_BOUND('',#630,.T.);
#394=FACE_OUTER_BOUND('',#632,.T.);
#395=FACE_OUTER_BOUND('',#633,.T.);
#396=FACE_OUTER_BOUND('',#635,.T.);
#397=FACE_OUTER_BOUND('',#636,.T.);
#398=FACE_OUTER_BOUND('',#637,.T.);
#399=FACE_OUTER_BOUND('',#638,.T.);
#400=FACE_OUTER_BOUND('',#640,.T.);
#401=FACE_OUTER_BOUND('',#641,.T.);
#402=FACE_OUTER_BOUND('',#642,.T.);
#403=FACE_OUTER_BOUND('',#643,.T.);
#404=FACE_OUTER_BOUND('',#645,.T.);
#405=FACE_OUTER_BOUND('',#646,.T.);
#406=FACE_OUTER_BOUND('',#647,.T.);
#407=FACE_OUTER_BOUND('',#648,.T.);
#408=FACE_OUTER_BOUND('',#649,.T.);
#409=FACE_OUTER_BOUND('',#650,.T.);
#410=FACE_OUTER_BOUND('',#651,.T.);
#411=FACE_OUTER_BOUND('',#652,.T.);
#412=FACE_OUTER_BOUND('',#653,.T.);
#413=FACE_OUTER_BOUND('',#654,.T.);
#414=FACE_OUTER_BOUND('',#655,.T.);
#415=EDGE_LOOP('',(#2547,#2548,#2549,#2550,#2551,#2552,#2553,#2554));
#416=EDGE_LOOP('',(#2555,#2556,#2557,#2558,#2559,#2560,#2561,#2562));
#417=EDGE_LOOP('',(#2563,#2564,#2565,#2566));
#418=EDGE_LOOP('',(#2567,#2568,#2569,#2570,#2571,#2572,#2573,#2574,#2575,
#2576,#2577,#2578,#2579,#2580));
#419=EDGE_LOOP('',(#2581,#2582,#2583,#2584));
#420=EDGE_LOOP('',(#2585,#2586,#2587,#2588,#2589,#2590,#2591,#2592,#2593,
#2594,#2595,#2596,#2597,#2598));
#421=EDGE_LOOP('',(#2599,#2600,#2601,#2602));
#422=EDGE_LOOP('',(#2603,#2604,#2605,#2606));
#423=EDGE_LOOP('',(#2607,#2608,#2609,#2610));
#424=EDGE_LOOP('',(#2611,#2612,#2613,#2614));
#425=EDGE_LOOP('',(#2615,#2616,#2617,#2618));
#426=EDGE_LOOP('',(#2619,#2620,#2621));
#427=EDGE_LOOP('',(#2622,#2623,#2624));
#428=EDGE_LOOP('',(#2625,#2626,#2627,#2628,#2629,#2630,#2631,#2632,#2633,
#2634,#2635,#2636));
#429=EDGE_LOOP('',(#2637,#2638,#2639,#2640,#2641,#2642,#2643,#2644,#2645,
#2646));
#430=EDGE_LOOP('',(#2647,#2648,#2649,#2650,#2651,#2652));
#431=EDGE_LOOP('',(#2653,#2654,#2655,#2656,#2657,#2658));
#432=EDGE_LOOP('',(#2659,#2660,#2661,#2662));
#433=EDGE_LOOP('',(#2663,#2664,#2665,#2666));
#434=EDGE_LOOP('',(#2667,#2668,#2669,#2670));
#435=EDGE_LOOP('',(#2671,#2672,#2673,#2674));
#436=EDGE_LOOP('',(#2675,#2676,#2677,#2678));
#437=EDGE_LOOP('',(#2679,#2680,#2681,#2682));
#438=EDGE_LOOP('',(#2683,#2684,#2685,#2686));
#439=EDGE_LOOP('',(#2687,#2688,#2689,#2690));
#440=EDGE_LOOP('',(#2691,#2692,#2693,#2694));
#441=EDGE_LOOP('',(#2695,#2696,#2697,#2698));
#442=EDGE_LOOP('',(#2699,#2700,#2701,#2702));
#443=EDGE_LOOP('',(#2703,#2704,#2705,#2706,#2707));
#444=EDGE_LOOP('',(#2708,#2709,#2710,#2711,#2712));
#445=EDGE_LOOP('',(#2713,#2714,#2715,#2716,#2717,#2718,#2719,#2720,#2721,
#2722,#2723,#2724));
#446=EDGE_LOOP('',(#2725,#2726,#2727,#2728,#2729,#2730));
#447=EDGE_LOOP('',(#2731,#2732,#2733,#2734,#2735));
#448=EDGE_LOOP('',(#2736,#2737,#2738,#2739,#2740));
#449=EDGE_LOOP('',(#2741,#2742,#2743,#2744,#2745,#2746));
#450=EDGE_LOOP('',(#2747,#2748,#2749,#2750));
#451=EDGE_LOOP('',(#2751,#2752,#2753,#2754));
#452=EDGE_LOOP('',(#2755,#2756,#2757,#2758));
#453=EDGE_LOOP('',(#2759,#2760,#2761,#2762,#2763,#2764));
#454=EDGE_LOOP('',(#2765,#2766,#2767,#2768,#2769,#2770));
#455=EDGE_LOOP('',(#2771,#2772,#2773,#2774));
#456=EDGE_LOOP('',(#2775,#2776,#2777,#2778,#2779));
#457=EDGE_LOOP('',(#2780,#2781,#2782,#2783,#2784));
#458=EDGE_LOOP('',(#2785,#2786,#2787,#2788,#2789,#2790));
#459=EDGE_LOOP('',(#2791,#2792,#2793,#2794));
#460=EDGE_LOOP('',(#2795,#2796,#2797,#2798));
#461=EDGE_LOOP('',(#2799,#2800,#2801,#2802));
#462=EDGE_LOOP('',(#2803,#2804,#2805,#2806,#2807,#2808));
#463=EDGE_LOOP('',(#2809,#2810,#2811,#2812,#2813,#2814));
#464=EDGE_LOOP('',(#2815,#2816,#2817,#2818));
#465=EDGE_LOOP('',(#2819,#2820,#2821,#2822));
#466=EDGE_LOOP('',(#2823,#2824,#2825,#2826));
#467=EDGE_LOOP('',(#2827,#2828,#2829,#2830));
#468=EDGE_LOOP('',(#2831,#2832,#2833,#2834));
#469=EDGE_LOOP('',(#2835,#2836,#2837,#2838));
#470=EDGE_LOOP('',(#2839,#2840,#2841,#2842));
#471=EDGE_LOOP('',(#2843,#2844,#2845,#2846));
#472=EDGE_LOOP('',(#2847,#2848,#2849,#2850));
#473=EDGE_LOOP('',(#2851,#2852,#2853,#2854));
#474=EDGE_LOOP('',(#2855,#2856,#2857,#2858));
#475=EDGE_LOOP('',(#2859,#2860,#2861,#2862));
#476=EDGE_LOOP('',(#2863,#2864,#2865,#2866));
#477=EDGE_LOOP('',(#2867,#2868,#2869,#2870));
#478=EDGE_LOOP('',(#2871,#2872,#2873,#2874));
#479=EDGE_LOOP('',(#2875,#2876,#2877,#2878));
#480=EDGE_LOOP('',(#2879,#2880,#2881,#2882));
#481=EDGE_LOOP('',(#2883,#2884,#2885,#2886));
#482=EDGE_LOOP('',(#2887,#2888,#2889,#2890));
#483=EDGE_LOOP('',(#2891,#2892,#2893,#2894,#2895,#2896));
#484=EDGE_LOOP('',(#2897,#2898,#2899,#2900));
#485=EDGE_LOOP('',(#2901,#2902,#2903,#2904,#2905,#2906));
#486=EDGE_LOOP('',(#2907,#2908,#2909,#2910));
#487=EDGE_LOOP('',(#2911,#2912,#2913,#2914));
#488=EDGE_LOOP('',(#2915,#2916,#2917,#2918,#2919,#2920));
#489=EDGE_LOOP('',(#2921,#2922,#2923,#2924));
#490=EDGE_LOOP('',(#2925,#2926,#2927,#2928,#2929,#2930));
#491=EDGE_LOOP('',(#2931,#2932,#2933,#2934));
#492=EDGE_LOOP('',(#2935,#2936,#2937,#2938));
#493=EDGE_LOOP('',(#2939,#2940,#2941,#2942,#2943,#2944,#2945,#2946));
#494=EDGE_LOOP('',(#2947,#2948,#2949,#2950));
#495=EDGE_LOOP('',(#2951,#2952,#2953,#2954,#2955,#2956,#2957,#2958));
#496=EDGE_LOOP('',(#2959,#2960,#2961,#2962,#2963,#2964,#2965,#2966,#2967,
#2968,#2969,#2970));
#497=EDGE_LOOP('',(#2971,#2972,#2973,#2974));
#498=EDGE_LOOP('',(#2975,#2976,#2977,#2978));
#499=EDGE_LOOP('',(#2979,#2980,#2981,#2982));
#500=EDGE_LOOP('',(#2983,#2984,#2985,#2986,#2987,#2988,#2989,#2990,#2991,
#2992));
#501=EDGE_LOOP('',(#2993,#2994,#2995,#2996,#2997,#2998,#2999,#3000,#3001,
#3002));
#502=EDGE_LOOP('',(#3003,#3004,#3005,#3006,#3007,#3008,#3009,#3010,#3011,
#3012));
#503=EDGE_LOOP('',(#3013,#3014,#3015,#3016,#3017,#3018,#3019,#3020));
#504=EDGE_LOOP('',(#3021,#3022,#3023,#3024));
#505=EDGE_LOOP('',(#3025,#3026,#3027,#3028,#3029,#3030,#3031,#3032,#3033,
#3034,#3035,#3036));
#506=EDGE_LOOP('',(#3037,#3038,#3039,#3040,#3041,#3042,#3043,#3044,#3045,
#3046,#3047,#3048));
#507=EDGE_LOOP('',(#3049,#3050,#3051,#3052));
#508=EDGE_LOOP('',(#3053,#3054,#3055,#3056));
#509=EDGE_LOOP('',(#3057,#3058,#3059,#3060,#3061,#3062,#3063,#3064,#3065,
#3066,#3067,#3068));
#510=EDGE_LOOP('',(#3069,#3070,#3071,#3072,#3073,#3074,#3075,#3076,#3077,
#3078,#3079,#3080));
#511=EDGE_LOOP('',(#3081,#3082,#3083,#3084));
#512=EDGE_LOOP('',(#3085,#3086,#3087,#3088));
#513=EDGE_LOOP('',(#3089,#3090,#3091,#3092,#3093,#3094,#3095,#3096,#3097,
#3098));
#514=EDGE_LOOP('',(#3099,#3100,#3101,#3102,#3103,#3104,#3105,#3106));
#515=EDGE_LOOP('',(#3107,#3108,#3109,#3110,#3111));
#516=EDGE_LOOP('',(#3112,#3113,#3114,#3115,#3116));
#517=EDGE_LOOP('',(#3117,#3118,#3119,#3120));
#518=EDGE_LOOP('',(#3121,#3122,#3123,#3124));
#519=EDGE_LOOP('',(#3125,#3126,#3127,#3128,#3129,#3130,#3131));
#520=EDGE_LOOP('',(#3132,#3133,#3134,#3135));
#521=EDGE_LOOP('',(#3136,#3137,#3138,#3139));
#522=EDGE_LOOP('',(#3140,#3141,#3142,#3143,#3144,#3145,#3146));
#523=EDGE_LOOP('',(#3147,#3148,#3149,#3150));
#524=EDGE_LOOP('',(#3151,#3152,#3153,#3154));
#525=EDGE_LOOP('',(#3155,#3156,#3157,#3158,#3159,#3160,#3161));
#526=EDGE_LOOP('',(#3162,#3163,#3164,#3165));
#527=EDGE_LOOP('',(#3166,#3167,#3168,#3169));
#528=EDGE_LOOP('',(#3170,#3171,#3172,#3173,#3174,#3175,#3176));
#529=EDGE_LOOP('',(#3177,#3178,#3179,#3180));
#530=EDGE_LOOP('',(#3181,#3182,#3183,#3184));
#531=EDGE_LOOP('',(#3185,#3186,#3187,#3188));
#532=EDGE_LOOP('',(#3189,#3190,#3191,#3192));
#533=EDGE_LOOP('',(#3193,#3194,#3195,#3196));
#534=EDGE_LOOP('',(#3197,#3198,#3199,#3200));
#535=EDGE_LOOP('',(#3201,#3202,#3203,#3204));
#536=EDGE_LOOP('',(#3205,#3206,#3207,#3208));
#537=EDGE_LOOP('',(#3209,#3210,#3211,#3212,#3213,#3214,#3215,#3216));
#538=EDGE_LOOP('',(#3217,#3218,#3219,#3220));
#539=EDGE_LOOP('',(#3221,#3222,#3223,#3224,#3225,#3226,#3227,#3228));
#540=EDGE_LOOP('',(#3229,#3230,#3231,#3232));
#541=EDGE_LOOP('',(#3233,#3234,#3235,#3236));
#542=EDGE_LOOP('',(#3237,#3238,#3239,#3240));
#543=EDGE_LOOP('',(#3241,#3242,#3243,#3244,#3245,#3246,#3247,#3248));
#544=EDGE_LOOP('',(#3249,#3250,#3251,#3252));
#545=EDGE_LOOP('',(#3253,#3254,#3255,#3256,#3257,#3258,#3259,#3260));
#546=EDGE_LOOP('',(#3261,#3262,#3263,#3264));
#547=EDGE_LOOP('',(#3265,#3266,#3267,#3268));
#548=EDGE_LOOP('',(#3269,#3270,#3271,#3272));
#549=EDGE_LOOP('',(#3273,#3274,#3275,#3276));
#550=EDGE_LOOP('',(#3277,#3278,#3279,#3280));
#551=EDGE_LOOP('',(#3281,#3282,#3283,#3284));
#552=EDGE_LOOP('',(#3285,#3286,#3287,#3288));
#553=EDGE_LOOP('',(#3289,#3290,#3291,#3292));
#554=EDGE_LOOP('',(#3293,#3294,#3295,#3296));
#555=EDGE_LOOP('',(#3297,#3298,#3299,#3300));
#556=EDGE_LOOP('',(#3301,#3302,#3303,#3304));
#557=EDGE_LOOP('',(#3305,#3306,#3307,#3308));
#558=EDGE_LOOP('',(#3309,#3310,#3311,#3312));
#559=EDGE_LOOP('',(#3313,#3314,#3315,#3316));
#560=EDGE_LOOP('',(#3317,#3318,#3319,#3320));
#561=EDGE_LOOP('',(#3321,#3322,#3323,#3324));
#562=EDGE_LOOP('',(#3325,#3326,#3327,#3328));
#563=EDGE_LOOP('',(#3329,#3330,#3331,#3332));
#564=EDGE_LOOP('',(#3333,#3334,#3335,#3336));
#565=EDGE_LOOP('',(#3337,#3338,#3339,#3340));
#566=EDGE_LOOP('',(#3341,#3342,#3343,#3344));
#567=EDGE_LOOP('',(#3345,#3346,#3347,#3348));
#568=EDGE_LOOP('',(#3349,#3350,#3351,#3352));
#569=EDGE_LOOP('',(#3353,#3354,#3355,#3356));
#570=EDGE_LOOP('',(#3357,#3358,#3359,#3360));
#571=EDGE_LOOP('',(#3361,#3362,#3363,#3364));
#572=EDGE_LOOP('',(#3365,#3366,#3367,#3368));
#573=EDGE_LOOP('',(#3369,#3370,#3371,#3372));
#574=EDGE_LOOP('',(#3373,#3374,#3375,#3376));
#575=EDGE_LOOP('',(#3377,#3378,#3379,#3380));
#576=EDGE_LOOP('',(#3381,#3382,#3383,#3384));
#577=EDGE_LOOP('',(#3385,#3386,#3387,#3388));
#578=EDGE_LOOP('',(#3389,#3390,#3391,#3392));
#579=EDGE_LOOP('',(#3393,#3394,#3395,#3396));
#580=EDGE_LOOP('',(#3397,#3398,#3399,#3400));
#581=EDGE_LOOP('',(#3401,#3402,#3403,#3404));
#582=EDGE_LOOP('',(#3405,#3406,#3407,#3408));
#583=EDGE_LOOP('',(#3409,#3410,#3411,#3412));
#584=EDGE_LOOP('',(#3413,#3414,#3415,#3416));
#585=EDGE_LOOP('',(#3417,#3418,#3419,#3420));
#586=EDGE_LOOP('',(#3421,#3422,#3423,#3424));
#587=EDGE_LOOP('',(#3425,#3426,#3427,#3428));
#588=EDGE_LOOP('',(#3429,#3430,#3431,#3432));
#589=EDGE_LOOP('',(#3433,#3434,#3435,#3436));
#590=EDGE_LOOP('',(#3437,#3438,#3439,#3440));
#591=EDGE_LOOP('',(#3441,#3442,#3443,#3444));
#592=EDGE_LOOP('',(#3445,#3446,#3447,#3448));
#593=EDGE_LOOP('',(#3449,#3450,#3451,#3452));
#594=EDGE_LOOP('',(#3453,#3454,#3455,#3456));
#595=EDGE_LOOP('',(#3457,#3458,#3459,#3460));
#596=EDGE_LOOP('',(#3461,#3462,#3463,#3464));
#597=EDGE_LOOP('',(#3465,#3466,#3467,#3468));
#598=EDGE_LOOP('',(#3469,#3470,#3471,#3472));
#599=EDGE_LOOP('',(#3473,#3474,#3475,#3476));
#600=EDGE_LOOP('',(#3477,#3478,#3479,#3480,#3481));
#601=EDGE_LOOP('',(#3482,#3483,#3484,#3485,#3486,#3487));
#602=EDGE_LOOP('',(#3488,#3489,#3490,#3491));
#603=EDGE_LOOP('',(#3492,#3493,#3494,#3495,#3496));
#604=EDGE_LOOP('',(#3497,#3498,#3499,#3500));
#605=EDGE_LOOP('',(#3501,#3502,#3503,#3504));
#606=EDGE_LOOP('',(#3505,#3506,#3507,#3508));
#607=EDGE_LOOP('',(#3509,#3510,#3511,#3512));
#608=EDGE_LOOP('',(#3513,#3514,#3515,#3516,#3517,#3518,#3519,#3520,#3521,
#3522));
#609=EDGE_LOOP('',(#3523,#3524,#3525,#3526));
#610=EDGE_LOOP('',(#3527,#3528,#3529,#3530));
#611=EDGE_LOOP('',(#3531,#3532,#3533,#3534));
#612=EDGE_LOOP('',(#3535,#3536,#3537,#3538));
#613=EDGE_LOOP('',(#3539,#3540,#3541,#3542));
#614=EDGE_LOOP('',(#3543,#3544,#3545,#3546));
#615=EDGE_LOOP('',(#3547,#3548,#3549,#3550,#3551,#3552,#3553,#3554));
#616=EDGE_LOOP('',(#3555,#3556,#3557,#3558));
#617=EDGE_LOOP('',(#3559,#3560,#3561,#3562));
#618=EDGE_LOOP('',(#3563,#3564,#3565,#3566,#3567,#3568,#3569,#3570,#3571,
#3572,#3573,#3574));
#619=EDGE_LOOP('',(#3575,#3576,#3577,#3578,#3579,#3580,#3581,#3582,#3583,
#3584,#3585,#3586,#3587));
#620=EDGE_LOOP('',(#3588,#3589,#3590,#3591));
#621=EDGE_LOOP('',(#3592,#3593,#3594,#3595));
#622=EDGE_LOOP('',(#3596,#3597,#3598,#3599,#3600,#3601));
#623=EDGE_LOOP('',(#3602,#3603,#3604,#3605,#3606,#3607));
#624=EDGE_LOOP('',(#3608,#3609,#3610,#3611,#3612,#3613));
#625=EDGE_LOOP('',(#3614,#3615,#3616,#3617));
#626=EDGE_LOOP('',(#3618,#3619,#3620,#3621));
#627=EDGE_LOOP('',(#3622,#3623,#3624,#3625));
#628=EDGE_LOOP('',(#3626,#3627,#3628,#3629,#3630,#3631));
#629=EDGE_LOOP('',(#3632,#3633,#3634,#3635,#3636,#3637));
#630=EDGE_LOOP('',(#3638,#3639,#3640,#3641,#3642,#3643));
#631=EDGE_LOOP('',(#3644));
#632=EDGE_LOOP('',(#3645,#3646,#3647,#3648));
#633=EDGE_LOOP('',(#3649,#3650,#3651,#3652,#3653,#3654));
#634=EDGE_LOOP('',(#3655));
#635=EDGE_LOOP('',(#3656,#3657,#3658,#3659,#3660,#3661,#3662,#3663));
#636=EDGE_LOOP('',(#3664,#3665,#3666,#3667));
#637=EDGE_LOOP('',(#3668,#3669,#3670,#3671));
#638=EDGE_LOOP('',(#3672,#3673,#3674,#3675));
#639=EDGE_LOOP('',(#3676));
#640=EDGE_LOOP('',(#3677,#3678,#3679,#3680));
#641=EDGE_LOOP('',(#3681,#3682,#3683,#3684));
#642=EDGE_LOOP('',(#3685,#3686,#3687,#3688));
#643=EDGE_LOOP('',(#3689,#3690,#3691,#3692));
#644=EDGE_LOOP('',(#3693));
#645=EDGE_LOOP('',(#3694,#3695,#3696,#3697));
#646=EDGE_LOOP('',(#3698,#3699,#3700,#3701));
#647=EDGE_LOOP('',(#3702,#3703,#3704,#3705,#3706));
#648=EDGE_LOOP('',(#3707,#3708,#3709,#3710));
#649=EDGE_LOOP('',(#3711,#3712,#3713,#3714));
#650=EDGE_LOOP('',(#3715,#3716,#3717,#3718));
#651=EDGE_LOOP('',(#3719,#3720,#3721,#3722));
#652=EDGE_LOOP('',(#3723));
#653=EDGE_LOOP('',(#3724));
#654=EDGE_LOOP('',(#3725));
#655=EDGE_LOOP('',(#3726));
#656=CIRCLE('',#4327,0.299999999999);
#657=CIRCLE('',#4328,0.299999999999);
#658=CIRCLE('',#4329,0.1);
#659=CIRCLE('',#4330,0.099999999999);
#660=CIRCLE('',#4332,0.299999999999);
#661=CIRCLE('',#4333,0.099999999999);
#662=CIRCLE('',#4334,0.1);
#663=CIRCLE('',#4335,0.299999999999);
#664=CIRCLE('',#4338,0.5);
#665=CIRCLE('',#4339,0.400999999999);
#666=CIRCLE('',#4340,0.400999999999);
#667=CIRCLE('',#4341,0.5);
#668=CIRCLE('',#4342,2.75);
#669=CIRCLE('',#4343,2.75);
#670=CIRCLE('',#4345,0.5);
#671=CIRCLE('',#4346,0.499999999999);
#672=CIRCLE('',#4347,2.75);
#673=CIRCLE('',#4348,2.75);
#674=CIRCLE('',#4354,0.401);
#675=CIRCLE('',#4356,0.401);
#676=CIRCLE('',#4358,0.5);
#677=CIRCLE('',#4359,0.099999999999);
#678=CIRCLE('',#4360,0.099999999999);
#679=CIRCLE('',#4361,0.5);
#680=CIRCLE('',#4363,0.5);
#681=CIRCLE('',#4364,0.5);
#682=CIRCLE('',#4373,0.001);
#683=CIRCLE('',#4374,0.401);
#684=CIRCLE('',#4376,0.001);
#685=CIRCLE('',#4377,0.401);
#686=CIRCLE('',#4383,0.401);
#687=CIRCLE('',#4384,0.001);
#688=CIRCLE('',#4386,0.401);
#689=CIRCLE('',#4387,0.001);
#690=CIRCLE('',#4391,0.000999999999);
#691=CIRCLE('',#4392,0.400999999999);
#692=CIRCLE('',#4394,0.000999999999);
#693=CIRCLE('',#4395,0.400999999999);
#694=CIRCLE('',#4401,0.5);
#695=CIRCLE('',#4402,0.5);
#696=CIRCLE('',#4404,0.5);
#697=CIRCLE('',#4405,0.5);
#698=CIRCLE('',#4408,0.000999999999);
#699=CIRCLE('',#4409,0.400999999999);
#700=CIRCLE('',#4411,0.000999999999);
#701=CIRCLE('',#4412,0.400999999999);
#702=CIRCLE('',#4418,0.5);
#703=CIRCLE('',#4419,0.5);
#704=CIRCLE('',#4421,0.5);
#705=CIRCLE('',#4422,0.5);
#706=CIRCLE('',#4443,0.299999999999);
#707=CIRCLE('',#4444,0.299999999999);
#708=CIRCLE('',#4447,0.299999999999);
#709=CIRCLE('',#4448,0.299999999999);
#710=CIRCLE('',#4450,1.249999999999);
#711=CIRCLE('',#4451,1.249999999999);
#712=CIRCLE('',#4453,0.75);
#713=CIRCLE('',#4454,0.75);
#714=CIRCLE('',#4456,0.299999999999);
#715=CIRCLE('',#4457,0.299999999999);
#716=CIRCLE('',#4460,0.299999999999);
#717=CIRCLE('',#4461,0.299999999999);
#718=CIRCLE('',#4463,1.249999999999);
#719=CIRCLE('',#4464,1.25);
#720=CIRCLE('',#4466,0.75);
#721=CIRCLE('',#4467,0.75);
#722=CIRCLE('',#4469,0.299999999999);
#723=CIRCLE('',#4470,0.299999999999);
#724=CIRCLE('',#4471,0.1);
#725=CIRCLE('',#4472,0.1);
#726=CIRCLE('',#4475,0.299999999999);
#727=CIRCLE('',#4476,0.1);
#728=CIRCLE('',#4477,0.1);
#729=CIRCLE('',#4478,0.299999999999);
#730=CIRCLE('',#4481,0.4);
#731=CIRCLE('',#4482,0.4);
#732=CIRCLE('',#4484,0.399999999999);
#733=CIRCLE('',#4485,0.399999999999);
#734=CIRCLE('',#4487,0.4);
#735=CIRCLE('',#4488,0.4);
#736=CIRCLE('',#4490,0.199999999999);
#737=CIRCLE('',#4491,0.2);
#738=CIRCLE('',#4492,0.199999999999);
#739=CIRCLE('',#4493,0.199999999999);
#740=CIRCLE('',#4494,2.75);
#741=CIRCLE('',#4495,2.75);
#742=CIRCLE('',#4497,0.099999999999);
#743=CIRCLE('',#4498,0.099999999999);
#744=CIRCLE('',#4499,0.099999999999);
#745=CIRCLE('',#4500,0.099999999999);
#746=CIRCLE('',#4502,0.099999999999);
#747=CIRCLE('',#4503,0.099999999999);
#748=CIRCLE('',#4504,0.099999999999);
#749=CIRCLE('',#4505,0.099999999999);
#750=CIRCLE('',#4509,0.099999999999);
#751=CIRCLE('',#4510,0.099999999999);
#752=CIRCLE('',#4511,0.099999999999);
#753=CIRCLE('',#4512,0.099999999999);
#754=CIRCLE('',#4514,0.099999999999);
#755=CIRCLE('',#4515,0.099999999999);
#756=CIRCLE('',#4516,0.099999999999);
#757=CIRCLE('',#4517,0.099999999999);
#758=CIRCLE('',#4523,1.25);
#759=CIRCLE('',#4524,1.25);
#760=CIRCLE('',#4526,0.749999999999);
#761=CIRCLE('',#4527,0.749999999999);
#762=CIRCLE('',#4529,0.199999999999);
#763=CIRCLE('',#4531,0.199999999999);
#764=CIRCLE('',#4535,0.2);
#765=CIRCLE('',#4536,0.2);
#766=CIRCLE('',#4537,0.2);
#767=CIRCLE('',#4541,0.2);
#768=CIRCLE('',#4542,0.199999999999);
#769=CIRCLE('',#4543,0.199999999999);
#770=CIRCLE('',#4547,0.199999999999);
#771=CIRCLE('',#4548,0.199999999999);
#772=CIRCLE('',#4549,0.199999999999);
#773=CIRCLE('',#4553,0.199999999999);
#774=CIRCLE('',#4554,0.2);
#775=CIRCLE('',#4555,0.2);
#776=CIRCLE('',#4557,2.75);
#777=CIRCLE('',#4560,2.75);
#778=CIRCLE('',#4594,0.199999999999);
#779=CIRCLE('',#4596,0.199999999999);
#780=CIRCLE('',#4597,0.199999999999);
#781=CIRCLE('',#4601,0.199999999999);
#782=CIRCLE('',#4603,0.199999999999);
#783=CIRCLE('',#4605,0.2);
#784=CIRCLE('',#4607,0.199999999999);
#785=CIRCLE('',#4609,0.199999999999);
#786=CIRCLE('',#4611,0.199999999999);
#787=CIRCLE('',#4615,0.2);
#788=CIRCLE('',#4617,0.199999999999);
#789=CIRCLE('',#4619,0.199999999999);
#790=CIRCLE('',#4621,0.2);
#791=CIRCLE('',#4623,0.199999999999);
#792=CIRCLE('',#4625,0.199999999999);
#793=CIRCLE('',#4629,0.199999999999);
#794=CIRCLE('',#4631,0.2);
#795=CIRCLE('',#4633,0.199999999999);
#796=CIRCLE('',#4635,0.199999999999);
#797=CIRCLE('',#4637,0.199999999999);
#798=CIRCLE('',#4639,0.4);
#799=CIRCLE('',#4640,0.199999999999);
#800=CIRCLE('',#4644,0.199999999999);
#801=CIRCLE('',#4646,0.199999999999);
#802=CIRCLE('',#4648,0.4);
#803=CIRCLE('',#4649,0.199999999999);
#804=CIRCLE('',#4681,0.999999999999);
#805=CIRCLE('',#4682,0.999999999999);
#806=CIRCLE('',#4684,0.999999999999);
#807=CIRCLE('',#4685,0.999999999999);
#808=CIRCLE('',#4687,0.999999999999);
#809=CIRCLE('',#4688,0.999999999999);
#810=CIRCLE('',#4690,0.999999999999);
#811=CIRCLE('',#4691,0.999999999999);
#812=CIRCLE('',#4693,2.499999999999);
#813=CIRCLE('',#4694,0.1);
#814=CIRCLE('',#4695,2.6);
#815=CIRCLE('',#4697,2.6);
#816=CIRCLE('',#4698,2.499999999999);
#817=CIRCLE('',#4699,0.1);
#818=CIRCLE('',#4701,2.5);
#819=CIRCLE('',#4702,2.5);
#820=CIRCLE('',#4703,2.5);
#821=CIRCLE('',#4704,2.5);
#822=CIRCLE('',#4706,1.499999999999);
#823=CIRCLE('',#4707,1.499999999999);
#824=CIRCLE('',#4709,2.499999999999);
#825=CIRCLE('',#4716,19.999999999999);
#826=CIRCLE('',#4717,19.999999999999);
#827=CIRCLE('',#4723,20.1);
#828=CIRCLE('',#4725,20.1);
#829=CIRCLE('',#4727,20.499999999999);
#830=CIRCLE('',#4728,20.499999999999);
#831=CIRCLE('',#4732,2.5);
#832=CIRCLE('',#4735,2.5);
#833=CIRCLE('',#4736,2.5);
#834=CIRCLE('',#4737,2.5);
#835=CIRCLE('',#4740,1.499999999999);
#836=CIRCLE('',#4742,2.5);
#837=CIRCLE('',#4747,1.499999999999);
#838=LINE('',#6028,#1211);
#839=LINE('',#6032,#1212);
#840=LINE('',#6036,#1213);
#841=LINE('',#6040,#1214);
#842=LINE('',#6045,#1215);
#843=LINE('',#6049,#1216);
#844=LINE('',#6053,#1217);
#845=LINE('',#6057,#1218);
#846=LINE('',#6060,#1219);
#847=LINE('',#6061,#1220);
#848=LINE('',#6065,#1221);
#849=LINE('',#6069,#1222);
#850=LINE('',#6071,#1223);
#851=LINE('',#6073,#1224);
#852=LINE('',#6077,#1225);
#853=LINE('',#6079,#1226);
#854=LINE('',#6081,#1227);
#855=LINE('',#6083,#1228);
#856=LINE('',#6085,#1229);
#857=LINE('',#6089,#1230);
#858=LINE('',#6093,#1231);
#859=LINE('',#6097,#1232);
#860=LINE('',#6102,#1233);
#861=LINE('',#6106,#1234);
#862=LINE('',#6110,#1235);
#863=LINE('',#6112,#1236);
#864=LINE('',#6114,#1237);
#865=LINE('',#6116,#1238);
#866=LINE('',#6118,#1239);
#867=LINE('',#6120,#1240);
#868=LINE('',#6122,#1241);
#869=LINE('',#6124,#1242);
#870=LINE('',#6126,#1243);
#871=LINE('',#6127,#1244);
#872=LINE('',#6132,#1245);
#873=LINE('',#6135,#1246);
#874=LINE('',#6137,#1247);
#875=LINE('',#6138,#1248);
#876=LINE('',#6140,#1249);
#877=LINE('',#6141,#1250);
#878=LINE('',#6143,#1251);
#879=LINE('',#6144,#1252);
#880=LINE('',#6146,#1253);
#881=LINE('',#6147,#1254);
#882=LINE('',#6151,#1255);
#883=LINE('',#6154,#1256);
#884=LINE('',#6158,#1257);
#885=LINE('',#6161,#1258);
#886=LINE('',#6165,#1259);
#887=LINE('',#6169,#1260);
#888=LINE('',#6173,#1261);
#889=LINE('',#6175,#1262);
#890=LINE('',#6177,#1263);
#891=LINE('',#6181,#1264);
#892=LINE('',#6185,#1265);
#893=LINE('',#6186,#1266);
#894=LINE('',#6189,#1267);
#895=LINE('',#6193,#1268);
#896=LINE('',#6195,#1269);
#897=LINE('',#6197,#1270);
#898=LINE('',#6200,#1271);
#899=LINE('',#6201,#1272);
#900=LINE('',#6203,#1273);
#901=LINE('',#6205,#1274);
#902=LINE('',#6206,#1275);
#903=LINE('',#6208,#1276);
#904=LINE('',#6210,#1277);
#905=LINE('',#6211,#1278);
#906=LINE('',#6213,#1279);
#907=LINE('',#6214,#1280);
#908=LINE('',#6216,#1281);
#909=LINE('',#6217,#1282);
#910=LINE('',#6219,#1283);
#911=LINE('',#6221,#1284);
#912=LINE('',#6224,#1285);
#913=LINE('',#6229,#1286);
#914=LINE('',#6234,#1287);
#915=LINE('',#6236,#1288);
#916=LINE('',#6241,#1289);
#917=LINE('',#6244,#1290);
#918=LINE('',#6247,#1291);
#919=LINE('',#6251,#1292);
#920=LINE('',#6264,#1293);
#921=LINE('',#6265,#1294);
#922=LINE('',#6277,#1295);
#923=LINE('',#6278,#1296);
#924=LINE('',#6283,#1297);
#925=LINE('',#6290,#1298);
#926=LINE('',#6292,#1299);
#927=LINE('',#6294,#1300);
#928=LINE('',#6297,#1301);
#929=LINE('',#6299,#1302);
#930=LINE('',#6300,#1303);
#931=LINE('',#6303,#1304);
#932=LINE('',#6305,#1305);
#933=LINE('',#6306,#1306);
#934=LINE('',#6310,#1307);
#935=LINE('',#6317,#1308);
#936=LINE('',#6320,#1309);
#937=LINE('',#6321,#1310);
#938=LINE('',#6326,#1311);
#939=LINE('',#6333,#1312);
#940=LINE('',#6335,#1313);
#941=LINE('',#6337,#1314);
#942=LINE('',#6340,#1315);
#943=LINE('',#6342,#1316);
#944=LINE('',#6343,#1317);
#945=LINE('',#6346,#1318);
#946=LINE('',#6348,#1319);
#947=LINE('',#6349,#1320);
#948=LINE('',#6353,#1321);
#949=LINE('',#6360,#1322);
#950=LINE('',#6363,#1323);
#951=LINE('',#6364,#1324);
#952=LINE('',#6366,#1325);
#953=LINE('',#6368,#1326);
#954=LINE('',#6369,#1327);
#955=LINE('',#6371,#1328);
#956=LINE('',#6373,#1329);
#957=LINE('',#6374,#1330);
#958=LINE('',#6392,#1331);
#959=LINE('',#6396,#1332);
#960=LINE('',#6400,#1333);
#961=LINE('',#6401,#1334);
#962=LINE('',#6404,#1335);
#963=LINE('',#6406,#1336);
#964=LINE('',#6407,#1337);
#965=LINE('',#6412,#1338);
#966=LINE('',#6414,#1339);
#967=LINE('',#6416,#1340);
#968=LINE('',#6422,#1341);
#969=LINE('',#6429,#1342);
#970=LINE('',#6433,#1343);
#971=LINE('',#6437,#1344);
#972=LINE('',#6439,#1345);
#973=LINE('',#6441,#1346);
#974=LINE('',#6446,#1347);
#975=LINE('',#6447,#1348);
#976=LINE('',#6448,#1349);
#977=LINE('',#6452,#1350);
#978=LINE('',#6457,#1351);
#979=LINE('',#6458,#1352);
#980=LINE('',#6463,#1353);
#981=LINE('',#6470,#1354);
#982=LINE('',#6474,#1355);
#983=LINE('',#6478,#1356);
#984=LINE('',#6482,#1357);
#985=LINE('',#6486,#1358);
#986=LINE('',#6490,#1359);
#987=LINE('',#6492,#1360);
#988=LINE('',#6493,#1361);
#989=LINE('',#6498,#1362);
#990=LINE('',#6502,#1363);
#991=LINE('',#6506,#1364);
#992=LINE('',#6511,#1365);
#993=LINE('',#6513,#1366);
#994=LINE('',#6515,#1367);
#995=LINE('',#6517,#1368);
#996=LINE('',#6519,#1369);
#997=LINE('',#6521,#1370);
#998=LINE('',#6523,#1371);
#999=LINE('',#6525,#1372);
#1000=LINE('',#6527,#1373);
#1001=LINE('',#6529,#1374);
#1002=LINE('',#6531,#1375);
#1003=LINE('',#6532,#1376);
#1004=LINE('',#6535,#1377);
#1005=LINE('',#6537,#1378);
#1006=LINE('',#6539,#1379);
#1007=LINE('',#6540,#1380);
#1008=LINE('',#6543,#1381);
#1009=LINE('',#6545,#1382);
#1010=LINE('',#6547,#1383);
#1011=LINE('',#6548,#1384);
#1012=LINE('',#6551,#1385);
#1013=LINE('',#6553,#1386);
#1014=LINE('',#6555,#1387);
#1015=LINE('',#6556,#1388);
#1016=LINE('',#6560,#1389);
#1017=LINE('',#6562,#1390);
#1018=LINE('',#6566,#1391);
#1019=LINE('',#6570,#1392);
#1020=LINE('',#6572,#1393);
#1021=LINE('',#6574,#1394);
#1022=LINE('',#6576,#1395);
#1023=LINE('',#6577,#1396);
#1024=LINE('',#6581,#1397);
#1025=LINE('',#6583,#1398);
#1026=LINE('',#6587,#1399);
#1027=LINE('',#6591,#1400);
#1028=LINE('',#6593,#1401);
#1029=LINE('',#6595,#1402);
#1030=LINE('',#6597,#1403);
#1031=LINE('',#6598,#1404);
#1032=LINE('',#6602,#1405);
#1033=LINE('',#6604,#1406);
#1034=LINE('',#6608,#1407);
#1035=LINE('',#6612,#1408);
#1036=LINE('',#6614,#1409);
#1037=LINE('',#6616,#1410);
#1038=LINE('',#6618,#1411);
#1039=LINE('',#6619,#1412);
#1040=LINE('',#6625,#1413);
#1041=LINE('',#6632,#1414);
#1042=LINE('',#6635,#1415);
#1043=LINE('',#6639,#1416);
#1044=LINE('',#6641,#1417);
#1045=LINE('',#6643,#1418);
#1046=LINE('',#6647,#1419);
#1047=LINE('',#6650,#1420);
#1048=LINE('',#6652,#1421);
#1049=LINE('',#6656,#1422);
#1050=LINE('',#6661,#1423);
#1051=LINE('',#6663,#1424);
#1052=LINE('',#6665,#1425);
#1053=LINE('',#6669,#1426);
#1054=LINE('',#6672,#1427);
#1055=LINE('',#6674,#1428);
#1056=LINE('',#6678,#1429);
#1057=LINE('',#6681,#1430);
#1058=LINE('',#6682,#1431);
#1059=LINE('',#6684,#1432);
#1060=LINE('',#6685,#1433);
#1061=LINE('',#6689,#1434);
#1062=LINE('',#6691,#1435);
#1063=LINE('',#6693,#1436);
#1064=LINE('',#6697,#1437);
#1065=LINE('',#6700,#1438);
#1066=LINE('',#6702,#1439);
#1067=LINE('',#6706,#1440);
#1068=LINE('',#6711,#1441);
#1069=LINE('',#6713,#1442);
#1070=LINE('',#6715,#1443);
#1071=LINE('',#6719,#1444);
#1072=LINE('',#6722,#1445);
#1073=LINE('',#6724,#1446);
#1074=LINE('',#6728,#1447);
#1075=LINE('',#6731,#1448);
#1076=LINE('',#6732,#1449);
#1077=LINE('',#6734,#1450);
#1078=LINE('',#6735,#1451);
#1079=LINE('',#6741,#1452);
#1080=LINE('',#6778,#1453);
#1081=LINE('',#6780,#1454);
#1082=LINE('',#6819,#1455);
#1083=LINE('',#6833,#1456);
#1084=LINE('',#6835,#1457);
#1085=LINE('',#6869,#1458);
#1086=LINE('',#6871,#1459);
#1087=LINE('',#6875,#1460);
#1088=LINE('',#6876,#1461);
#1089=LINE('',#6880,#1462);
#1090=LINE('',#6882,#1463);
#1091=LINE('',#6884,#1464);
#1092=LINE('',#6885,#1465);
#1093=LINE('',#6888,#1466);
#1094=LINE('',#6890,#1467);
#1095=LINE('',#6891,#1468);
#1096=LINE('',#6895,#1469);
#1097=LINE('',#6902,#1470);
#1098=LINE('',#6904,#1471);
#1099=LINE('',#6906,#1472);
#1100=LINE('',#6907,#1473);
#1101=LINE('',#6910,#1474);
#1102=LINE('',#6912,#1475);
#1103=LINE('',#6913,#1476);
#1104=LINE('',#6921,#1477);
#1105=LINE('',#6923,#1478);
#1106=LINE('',#6925,#1479);
#1107=LINE('',#6926,#1480);
#1108=LINE('',#6929,#1481);
#1109=LINE('',#6931,#1482);
#1110=LINE('',#6932,#1483);
#1111=LINE('',#6940,#1484);
#1112=LINE('',#6942,#1485);
#1113=LINE('',#6944,#1486);
#1114=LINE('',#6945,#1487);
#1115=LINE('',#6948,#1488);
#1116=LINE('',#6950,#1489);
#1117=LINE('',#6951,#1490);
#1118=LINE('',#6956,#1491);
#1119=LINE('',#6961,#1492);
#1120=LINE('',#6964,#1493);
#1121=LINE('',#6967,#1494);
#1122=LINE('',#6968,#1495);
#1123=LINE('',#6971,#1496);
#1124=LINE('',#6974,#1497);
#1125=LINE('',#6977,#1498);
#1126=LINE('',#6978,#1499);
#1127=LINE('',#6980,#1500);
#1128=LINE('',#6981,#1501);
#1129=LINE('',#6983,#1502);
#1130=LINE('',#6984,#1503);
#1131=LINE('',#6986,#1504);
#1132=LINE('',#6987,#1505);
#1133=LINE('',#6989,#1506);
#1134=LINE('',#6990,#1507);
#1135=LINE('',#6992,#1508);
#1136=LINE('',#6993,#1509);
#1137=LINE('',#6995,#1510);
#1138=LINE('',#6996,#1511);
#1139=LINE('',#6998,#1512);
#1140=LINE('',#6999,#1513);
#1141=LINE('',#7001,#1514);
#1142=LINE('',#7002,#1515);
#1143=LINE('',#7004,#1516);
#1144=LINE('',#7005,#1517);
#1145=LINE('',#7007,#1518);
#1146=LINE('',#7008,#1519);
#1147=LINE('',#7010,#1520);
#1148=LINE('',#7011,#1521);
#1149=LINE('',#7071,#1522);
#1150=LINE('',#7085,#1523);
#1151=LINE('',#7094,#1524);
#1152=LINE('',#7121,#1525);
#1153=LINE('',#7123,#1526);
#1154=LINE('',#7130,#1527);
#1155=LINE('',#7136,#1528);
#1156=LINE('',#7142,#1529);
#1157=LINE('',#7148,#1530);
#1158=LINE('',#7199,#1531);
#1159=LINE('',#7203,#1532);
#1160=LINE('',#7207,#1533);
#1161=LINE('',#7210,#1534);
#1162=LINE('',#7216,#1535);
#1163=LINE('',#7219,#1536);
#1164=LINE('',#7222,#1537);
#1165=LINE('',#7223,#1538);
#1166=LINE('',#7227,#1539);
#1167=LINE('',#7230,#1540);
#1168=LINE('',#7232,#1541);
#1169=LINE('',#7234,#1542);
#1170=LINE('',#7236,#1543);
#1171=LINE('',#7238,#1544);
#1172=LINE('',#7239,#1545);
#1173=LINE('',#7240,#1546);
#1174=LINE('',#7243,#1547);
#1175=LINE('',#7245,#1548);
#1176=LINE('',#7249,#1549);
#1177=LINE('',#7252,#1550);
#1178=LINE('',#7254,#1551);
#1179=LINE('',#7256,#1552);
#1180=LINE('',#7258,#1553);
#1181=LINE('',#7259,#1554);
#1182=LINE('',#7265,#1555);
#1183=LINE('',#7268,#1556);
#1184=LINE('',#7270,#1557);
#1185=LINE('',#7271,#1558);
#1186=LINE('',#7273,#1559);
#1187=LINE('',#7277,#1560);
#1188=LINE('',#7281,#1561);
#1189=LINE('',#7285,#1562);
#1190=LINE('',#7286,#1563);
#1191=LINE('',#7289,#1564);
#1192=LINE('',#7291,#1565);
#1193=LINE('',#7297,#1566);
#1194=LINE('',#7300,#1567);
#1195=LINE('',#7302,#1568);
#1196=LINE('',#7303,#1569);
#1197=LINE('',#7305,#1570);
#1198=LINE('',#7306,#1571);
#1199=LINE('',#7314,#1572);
#1200=LINE('',#7316,#1573);
#1201=LINE('',#7321,#1574);
#1202=LINE('',#7324,#1575);
#1203=LINE('',#7327,#1576);
#1204=LINE('',#7330,#1577);
#1205=LINE('',#7332,#1578);
#1206=LINE('',#7334,#1579);
#1207=LINE('',#7338,#1580);
#1208=LINE('',#7341,#1581);
#1209=LINE('',#7343,#1582);
#1210=LINE('',#7345,#1583);
#1211=VECTOR('',#4773,1000.);
#1212=VECTOR('',#4776,1000.);
#1213=VECTOR('',#4779,1000.);
#1214=VECTOR('',#4782,1000.);
#1215=VECTOR('',#4787,1000.);
#1216=VECTOR('',#4790,1000.);
#1217=VECTOR('',#4793,1000.);
#1218=VECTOR('',#4796,1000.);
#1219=VECTOR('',#4801,1000.);
#1220=VECTOR('',#4802,1000.);
#1221=VECTOR('',#4805,1000.);
#1222=VECTOR('',#4808,1000.);
#1223=VECTOR('',#4809,1000.);
#1224=VECTOR('',#4810,1000.);
#1225=VECTOR('',#4813,1000.);
#1226=VECTOR('',#4814,1000.);
#1227=VECTOR('',#4815,1000.);
#1228=VECTOR('',#4816,1000.);
#1229=VECTOR('',#4817,1000.);
#1230=VECTOR('',#4820,1000.);
#1231=VECTOR('',#4823,1000.);
#1232=VECTOR('',#4826,1000.);
#1233=VECTOR('',#4831,1000.);
#1234=VECTOR('',#4834,1000.);
#1235=VECTOR('',#4837,1000.);
#1236=VECTOR('',#4838,1000.);
#1237=VECTOR('',#4839,1000.);
#1238=VECTOR('',#4840,1000.);
#1239=VECTOR('',#4841,1000.);
#1240=VECTOR('',#4842,1000.);
#1241=VECTOR('',#4843,1000.);
#1242=VECTOR('',#4844,1000.);
#1243=VECTOR('',#4845,1000.);
#1244=VECTOR('',#4846,1000.);
#1245=VECTOR('',#4849,1000.);
#1246=VECTOR('',#4852,1000.);
#1247=VECTOR('',#4855,1000.);
#1248=VECTOR('',#4856,1000.);
#1249=VECTOR('',#4859,1000.);
#1250=VECTOR('',#4860,1000.);
#1251=VECTOR('',#4863,1000.);
#1252=VECTOR('',#4864,1000.);
#1253=VECTOR('',#4867,1000.);
#1254=VECTOR('',#4868,1000.);
#1255=VECTOR('',#4871,1000.);
#1256=VECTOR('',#4874,1000.);
#1257=VECTOR('',#4877,1000.);
#1258=VECTOR('',#4880,1000.);
#1259=VECTOR('',#4883,1000.);
#1260=VECTOR('',#4886,1000.);
#1261=VECTOR('',#4889,1000.);
#1262=VECTOR('',#4890,1000.);
#1263=VECTOR('',#4891,1000.);
#1264=VECTOR('',#4894,1000.);
#1265=VECTOR('',#4897,1000.);
#1266=VECTOR('',#4898,1000.);
#1267=VECTOR('',#4901,1000.);
#1268=VECTOR('',#4904,1000.);
#1269=VECTOR('',#4905,1000.);
#1270=VECTOR('',#4906,1000.);
#1271=VECTOR('',#4909,1000.);
#1272=VECTOR('',#4910,1000.);
#1273=VECTOR('',#4913,1000.);
#1274=VECTOR('',#4914,1000.);
#1275=VECTOR('',#4915,1000.);
#1276=VECTOR('',#4918,1000.);
#1277=VECTOR('',#4919,1000.);
#1278=VECTOR('',#4920,1000.);
#1279=VECTOR('',#4923,1000.);
#1280=VECTOR('',#4924,1000.);
#1281=VECTOR('',#4927,1000.);
#1282=VECTOR('',#4928,1000.);
#1283=VECTOR('',#4931,1000.);
#1284=VECTOR('',#4934,1000.);
#1285=VECTOR('',#4939,1000.);
#1286=VECTOR('',#4948,1000.);
#1287=VECTOR('',#4957,1000.);
#1288=VECTOR('',#4960,1000.);
#1289=VECTOR('',#4965,1000.);
#1290=VECTOR('',#4968,1000.);
#1291=VECTOR('',#4971,1000.);
#1292=VECTOR('',#4974,1000.);
#1293=VECTOR('',#4979,1000.);
#1294=VECTOR('',#4980,1000.);
#1295=VECTOR('',#4983,1000.);
#1296=VECTOR('',#4984,1000.);
#1297=VECTOR('',#4989,1000.);
#1298=VECTOR('',#4998,1000.);
#1299=VECTOR('',#5001,1000.);
#1300=VECTOR('',#5004,1000.);
#1301=VECTOR('',#5007,1000.);
#1302=VECTOR('',#5008,1000.);
#1303=VECTOR('',#5009,1000.);
#1304=VECTOR('',#5012,1000.);
#1305=VECTOR('',#5013,1000.);
#1306=VECTOR('',#5014,1000.);
#1307=VECTOR('',#5017,1000.);
#1308=VECTOR('',#5026,1000.);
#1309=VECTOR('',#5031,1000.);
#1310=VECTOR('',#5032,1000.);
#1311=VECTOR('',#5037,1000.);
#1312=VECTOR('',#5046,1000.);
#1313=VECTOR('',#5049,1000.);
#1314=VECTOR('',#5052,1000.);
#1315=VECTOR('',#5055,1000.);
#1316=VECTOR('',#5056,1000.);
#1317=VECTOR('',#5057,1000.);
#1318=VECTOR('',#5060,1000.);
#1319=VECTOR('',#5061,1000.);
#1320=VECTOR('',#5062,1000.);
#1321=VECTOR('',#5065,1000.);
#1322=VECTOR('',#5074,1000.);
#1323=VECTOR('',#5079,1000.);
#1324=VECTOR('',#5080,1000.);
#1325=VECTOR('',#5083,1000.);
#1326=VECTOR('',#5086,1000.);
#1327=VECTOR('',#5087,1000.);
#1328=VECTOR('',#5090,1000.);
#1329=VECTOR('',#5093,1000.);
#1330=VECTOR('',#5094,1000.);
#1331=VECTOR('',#5125,1000.);
#1332=VECTOR('',#5128,1000.);
#1333=VECTOR('',#5131,1000.);
#1334=VECTOR('',#5132,1000.);
#1335=VECTOR('',#5135,1000.);
#1336=VECTOR('',#5136,1000.);
#1337=VECTOR('',#5137,1000.);
#1338=VECTOR('',#5142,1000.);
#1339=VECTOR('',#5143,1000.);
#1340=VECTOR('',#5144,1000.);
#1341=VECTOR('',#5151,1000.);
#1342=VECTOR('',#5160,1000.);
#1343=VECTOR('',#5163,1000.);
#1344=VECTOR('',#5166,1000.);
#1345=VECTOR('',#5167,1000.);
#1346=VECTOR('',#5168,1000.);
#1347=VECTOR('',#5173,1000.);
#1348=VECTOR('',#5174,1000.);
#1349=VECTOR('',#5175,1000.);
#1350=VECTOR('',#5178,1000.);
#1351=VECTOR('',#5183,1000.);
#1352=VECTOR('',#5184,1000.);
#1353=VECTOR('',#5189,1000.);
#1354=VECTOR('',#5198,1000.);
#1355=VECTOR('',#5201,1000.);
#1356=VECTOR('',#5204,1000.);
#1357=VECTOR('',#5207,1000.);
#1358=VECTOR('',#5210,1000.);
#1359=VECTOR('',#5215,1000.);
#1360=VECTOR('',#5216,1000.);
#1361=VECTOR('',#5217,1000.);
#1362=VECTOR('',#5222,1000.);
#1363=VECTOR('',#5225,1000.);
#1364=VECTOR('',#5228,1000.);
#1365=VECTOR('',#5233,1000.);
#1366=VECTOR('',#5234,1000.);
#1367=VECTOR('',#5235,1000.);
#1368=VECTOR('',#5236,1000.);
#1369=VECTOR('',#5237,1000.);
#1370=VECTOR('',#5238,1000.);
#1371=VECTOR('',#5239,1000.);
#1372=VECTOR('',#5240,1000.);
#1373=VECTOR('',#5241,1000.);
#1374=VECTOR('',#5242,1000.);
#1375=VECTOR('',#5243,1000.);
#1376=VECTOR('',#5244,1000.);
#1377=VECTOR('',#5245,1000.);
#1378=VECTOR('',#5246,1000.);
#1379=VECTOR('',#5247,1000.);
#1380=VECTOR('',#5248,1000.);
#1381=VECTOR('',#5249,1000.);
#1382=VECTOR('',#5250,1000.);
#1383=VECTOR('',#5251,1000.);
#1384=VECTOR('',#5252,1000.);
#1385=VECTOR('',#5253,1000.);
#1386=VECTOR('',#5254,1000.);
#1387=VECTOR('',#5255,1000.);
#1388=VECTOR('',#5256,1000.);
#1389=VECTOR('',#5259,1000.);
#1390=VECTOR('',#5260,1000.);
#1391=VECTOR('',#5263,1000.);
#1392=VECTOR('',#5266,1000.);
#1393=VECTOR('',#5267,1000.);
#1394=VECTOR('',#5268,1000.);
#1395=VECTOR('',#5269,1000.);
#1396=VECTOR('',#5270,1000.);
#1397=VECTOR('',#5273,1000.);
#1398=VECTOR('',#5274,1000.);
#1399=VECTOR('',#5277,1000.);
#1400=VECTOR('',#5280,1000.);
#1401=VECTOR('',#5281,1000.);
#1402=VECTOR('',#5282,1000.);
#1403=VECTOR('',#5283,1000.);
#1404=VECTOR('',#5284,1000.);
#1405=VECTOR('',#5287,1000.);
#1406=VECTOR('',#5288,1000.);
#1407=VECTOR('',#5291,1000.);
#1408=VECTOR('',#5294,1000.);
#1409=VECTOR('',#5295,1000.);
#1410=VECTOR('',#5296,1000.);
#1411=VECTOR('',#5297,1000.);
#1412=VECTOR('',#5298,1000.);
#1413=VECTOR('',#5305,1000.);
#1414=VECTOR('',#5312,1000.);
#1415=VECTOR('',#5315,1000.);
#1416=VECTOR('',#5318,1000.);
#1417=VECTOR('',#5319,1000.);
#1418=VECTOR('',#5320,1000.);
#1419=VECTOR('',#5323,1000.);
#1420=VECTOR('',#5326,1000.);
#1421=VECTOR('',#5327,1000.);
#1422=VECTOR('',#5330,1000.);
#1423=VECTOR('',#5335,1000.);
#1424=VECTOR('',#5336,1000.);
#1425=VECTOR('',#5337,1000.);
#1426=VECTOR('',#5340,1000.);
#1427=VECTOR('',#5343,1000.);
#1428=VECTOR('',#5344,1000.);
#1429=VECTOR('',#5347,1000.);
#1430=VECTOR('',#5352,1000.);
#1431=VECTOR('',#5353,1000.);
#1432=VECTOR('',#5356,1000.);
#1433=VECTOR('',#5357,1000.);
#1434=VECTOR('',#5360,1000.);
#1435=VECTOR('',#5361,1000.);
#1436=VECTOR('',#5362,1000.);
#1437=VECTOR('',#5365,1000.);
#1438=VECTOR('',#5368,1000.);
#1439=VECTOR('',#5369,1000.);
#1440=VECTOR('',#5372,1000.);
#1441=VECTOR('',#5377,1000.);
#1442=VECTOR('',#5378,1000.);
#1443=VECTOR('',#5379,1000.);
#1444=VECTOR('',#5382,1000.);
#1445=VECTOR('',#5385,1000.);
#1446=VECTOR('',#5386,1000.);
#1447=VECTOR('',#5389,1000.);
#1448=VECTOR('',#5394,1000.);
#1449=VECTOR('',#5395,1000.);
#1450=VECTOR('',#5398,1000.);
#1451=VECTOR('',#5399,1000.);
#1452=VECTOR('',#5404,1000.);
#1453=VECTOR('',#5409,1000.);
#1454=VECTOR('',#5410,1000.);
#1455=VECTOR('',#5417,1000.);
#1456=VECTOR('',#5420,1000.);
#1457=VECTOR('',#5421,1000.);
#1458=VECTOR('',#5424,1000.);
#1459=VECTOR('',#5427,1000.);
#1460=VECTOR('',#5432,1000.);
#1461=VECTOR('',#5433,1000.);
#1462=VECTOR('',#5436,1000.);
#1463=VECTOR('',#5437,1000.);
#1464=VECTOR('',#5438,1000.);
#1465=VECTOR('',#5439,1000.);
#1466=VECTOR('',#5442,1000.);
#1467=VECTOR('',#5443,1000.);
#1468=VECTOR('',#5444,1000.);
#1469=VECTOR('',#5447,1000.);
#1470=VECTOR('',#5456,1000.);
#1471=VECTOR('',#5457,1000.);
#1472=VECTOR('',#5458,1000.);
#1473=VECTOR('',#5459,1000.);
#1474=VECTOR('',#5462,1000.);
#1475=VECTOR('',#5463,1000.);
#1476=VECTOR('',#5464,1000.);
#1477=VECTOR('',#5475,1000.);
#1478=VECTOR('',#5476,1000.);
#1479=VECTOR('',#5477,1000.);
#1480=VECTOR('',#5478,1000.);
#1481=VECTOR('',#5481,1000.);
#1482=VECTOR('',#5482,1000.);
#1483=VECTOR('',#5483,1000.);
#1484=VECTOR('',#5494,1000.);
#1485=VECTOR('',#5495,1000.);
#1486=VECTOR('',#5496,1000.);
#1487=VECTOR('',#5497,1000.);
#1488=VECTOR('',#5500,1000.);
#1489=VECTOR('',#5501,1000.);
#1490=VECTOR('',#5502,1000.);
#1491=VECTOR('',#5507,1000.);
#1492=VECTOR('',#5514,1000.);
#1493=VECTOR('',#5517,1000.);
#1494=VECTOR('',#5520,1000.);
#1495=VECTOR('',#5521,1000.);
#1496=VECTOR('',#5524,1000.);
#1497=VECTOR('',#5529,1000.);
#1498=VECTOR('',#5534,1000.);
#1499=VECTOR('',#5535,1000.);
#1500=VECTOR('',#5538,1000.);
#1501=VECTOR('',#5539,1000.);
#1502=VECTOR('',#5542,1000.);
#1503=VECTOR('',#5543,1000.);
#1504=VECTOR('',#5546,1000.);
#1505=VECTOR('',#5547,1000.);
#1506=VECTOR('',#5550,1000.);
#1507=VECTOR('',#5551,1000.);
#1508=VECTOR('',#5554,1000.);
#1509=VECTOR('',#5555,1000.);
#1510=VECTOR('',#5558,1000.);
#1511=VECTOR('',#5559,1000.);
#1512=VECTOR('',#5562,1000.);
#1513=VECTOR('',#5563,1000.);
#1514=VECTOR('',#5566,1000.);
#1515=VECTOR('',#5567,1000.);
#1516=VECTOR('',#5570,1000.);
#1517=VECTOR('',#5571,1000.);
#1518=VECTOR('',#5574,1000.);
#1519=VECTOR('',#5575,1000.);
#1520=VECTOR('',#5578,1000.);
#1521=VECTOR('',#5579,1000.);
#1522=VECTOR('',#5696,1000.);
#1523=VECTOR('',#5719,1000.);
#1524=VECTOR('',#5734,1000.);
#1525=VECTOR('',#5787,1000.);
#1526=VECTOR('',#5790,1000.);
#1527=VECTOR('',#5799,0.999999999999);
#1528=VECTOR('',#5806,0.999999999999);
#1529=VECTOR('',#5813,0.999999999999);
#1530=VECTOR('',#5820,0.999999999999);
#1531=VECTOR('',#5843,1000.);
#1532=VECTOR('',#5846,1000.);
#1533=VECTOR('',#5849,1000.);
#1534=VECTOR('',#5852,1000.);
#1535=VECTOR('',#5857,1000.);
#1536=VECTOR('',#5860,1000.);
#1537=VECTOR('',#5865,1000.);
#1538=VECTOR('',#5866,1000.);
#1539=VECTOR('',#5869,1000.);
#1540=VECTOR('',#5872,999.999999999199);
#1541=VECTOR('',#5873,1000.);
#1542=VECTOR('',#5874,1000.);
#1543=VECTOR('',#5875,999.999999999199);
#1544=VECTOR('',#5876,1000.);
#1545=VECTOR('',#5877,999.999999999199);
#1546=VECTOR('',#5878,999.999999999199);
#1547=VECTOR('',#5881,1000.);
#1548=VECTOR('',#5882,999.999999999199);
#1549=VECTOR('',#5885,1000.);
#1550=VECTOR('',#5888,999.999999999199);
#1551=VECTOR('',#5889,999.999999999199);
#1552=VECTOR('',#5890,1000.);
#1553=VECTOR('',#5891,999.999999999199);
#1554=VECTOR('',#5892,1000.);
#1555=VECTOR('',#5897,1000.);
#1556=VECTOR('',#5900,1000.);
#1557=VECTOR('',#5903,999.99999999909);
#1558=VECTOR('',#5904,999.99999999909);
#1559=VECTOR('',#5907,999.99999999971);
#1560=VECTOR('',#5910,999.99999999971);
#1561=VECTOR('',#5915,999.99999999971);
#1562=VECTOR('',#5918,999.99999999909);
#1563=VECTOR('',#5919,999.999999999199);
#1564=VECTOR('',#5922,999.99999999909);
#1565=VECTOR('',#5925,999.999999999199);
#1566=VECTOR('',#5930,1000.);
#1567=VECTOR('',#5933,1000.);
#1568=VECTOR('',#5936,999.99999999909);
#1569=VECTOR('',#5937,999.99999999909);
#1570=VECTOR('',#5940,999.99999999971);
#1571=VECTOR('',#5941,999.99999999971);
#1572=VECTOR('',#5954,999.9999999992);
#1573=VECTOR('',#5955,999.9999999992);
#1574=VECTOR('',#5962,999.9999999992);
#1575=VECTOR('',#5965,999.9999999992);
#1576=VECTOR('',#5968,1000.);
#1577=VECTOR('',#5971,1000.);
#1578=VECTOR('',#5974,999.9999999992);
#1579=VECTOR('',#5977,999.9999999992);
#1580=VECTOR('',#5982,1000.);
#1581=VECTOR('',#5985,1000.);
#1582=VECTOR('',#5988,999.9999999992);
#1583=VECTOR('',#5991,999.9999999992);
#1584=VERTEX_POINT('',#6026);
#1585=VERTEX_POINT('',#6027);
#1586=VERTEX_POINT('',#6029);
#1587=VERTEX_POINT('',#6031);
#1588=VERTEX_POINT('',#6033);
#1589=VERTEX_POINT('',#6035);
#1590=VERTEX_POINT('',#6037);
#1591=VERTEX_POINT('',#6039);
#1592=VERTEX_POINT('',#6043);
#1593=VERTEX_POINT('',#6044);
#1594=VERTEX_POINT('',#6046);
#1595=VERTEX_POINT('',#6048);
#1596=VERTEX_POINT('',#6050);
#1597=VERTEX_POINT('',#6052);
#1598=VERTEX_POINT('',#6054);
#1599=VERTEX_POINT('',#6056);
#1600=VERTEX_POINT('',#6063);
#1601=VERTEX_POINT('',#6064);
#1602=VERTEX_POINT('',#6066);
#1603=VERTEX_POINT('',#6068);
#1604=VERTEX_POINT('',#6070);
#1605=VERTEX_POINT('',#6072);
#1606=VERTEX_POINT('',#6074);
#1607=VERTEX_POINT('',#6076);
#1608=VERTEX_POINT('',#6078);
#1609=VERTEX_POINT('',#6080);
#1610=VERTEX_POINT('',#6082);
#1611=VERTEX_POINT('',#6084);
#1612=VERTEX_POINT('',#6086);
#1613=VERTEX_POINT('',#6088);
#1614=VERTEX_POINT('',#6091);
#1615=VERTEX_POINT('',#6092);
#1616=VERTEX_POINT('',#6094);
#1617=VERTEX_POINT('',#6096);
#1618=VERTEX_POINT('',#6100);
#1619=VERTEX_POINT('',#6101);
#1620=VERTEX_POINT('',#6103);
#1621=VERTEX_POINT('',#6105);
#1622=VERTEX_POINT('',#6107);
#1623=VERTEX_POINT('',#6109);
#1624=VERTEX_POINT('',#6111);
#1625=VERTEX_POINT('',#6113);
#1626=VERTEX_POINT('',#6115);
#1627=VERTEX_POINT('',#6117);
#1628=VERTEX_POINT('',#6119);
#1629=VERTEX_POINT('',#6121);
#1630=VERTEX_POINT('',#6123);
#1631=VERTEX_POINT('',#6125);
#1632=VERTEX_POINT('',#6128);
#1633=VERTEX_POINT('',#6129);
#1634=VERTEX_POINT('',#6131);
#1635=VERTEX_POINT('',#6133);
#1636=VERTEX_POINT('',#6149);
#1637=VERTEX_POINT('',#6150);
#1638=VERTEX_POINT('',#6152);
#1639=VERTEX_POINT('',#6156);
#1640=VERTEX_POINT('',#6157);
#1641=VERTEX_POINT('',#6159);
#1642=VERTEX_POINT('',#6163);
#1643=VERTEX_POINT('',#6164);
#1644=VERTEX_POINT('',#6166);
#1645=VERTEX_POINT('',#6168);
#1646=VERTEX_POINT('',#6170);
#1647=VERTEX_POINT('',#6172);
#1648=VERTEX_POINT('',#6174);
#1649=VERTEX_POINT('',#6176);
#1650=VERTEX_POINT('',#6178);
#1651=VERTEX_POINT('',#6180);
#1652=VERTEX_POINT('',#6182);
#1653=VERTEX_POINT('',#6184);
#1654=VERTEX_POINT('',#6188);
#1655=VERTEX_POINT('',#6190);
#1656=VERTEX_POINT('',#6192);
#1657=VERTEX_POINT('',#6194);
#1658=VERTEX_POINT('',#6196);
#1659=VERTEX_POINT('',#6198);
#1660=VERTEX_POINT('',#6204);
#1661=VERTEX_POINT('',#6209);
#1662=VERTEX_POINT('',#6238);
#1663=VERTEX_POINT('',#6239);
#1664=VERTEX_POINT('',#6242);
#1665=VERTEX_POINT('',#6246);
#1666=VERTEX_POINT('',#6248);
#1667=VERTEX_POINT('',#6250);
#1668=VERTEX_POINT('',#6280);
#1669=VERTEX_POINT('',#6282);
#1670=VERTEX_POINT('',#6286);
#1671=VERTEX_POINT('',#6288);
#1672=VERTEX_POINT('',#6296);
#1673=VERTEX_POINT('',#6298);
#1674=VERTEX_POINT('',#6302);
#1675=VERTEX_POINT('',#6304);
#1676=VERTEX_POINT('',#6308);
#1677=VERTEX_POINT('',#6309);
#1678=VERTEX_POINT('',#6314);
#1679=VERTEX_POINT('',#6316);
#1680=VERTEX_POINT('',#6323);
#1681=VERTEX_POINT('',#6325);
#1682=VERTEX_POINT('',#6329);
#1683=VERTEX_POINT('',#6331);
#1684=VERTEX_POINT('',#6339);
#1685=VERTEX_POINT('',#6341);
#1686=VERTEX_POINT('',#6345);
#1687=VERTEX_POINT('',#6347);
#1688=VERTEX_POINT('',#6351);
#1689=VERTEX_POINT('',#6352);
#1690=VERTEX_POINT('',#6357);
#1691=VERTEX_POINT('',#6359);
#1692=VERTEX_POINT('',#6390);
#1693=VERTEX_POINT('',#6391);
#1694=VERTEX_POINT('',#6393);
#1695=VERTEX_POINT('',#6395);
#1696=VERTEX_POINT('',#6397);
#1697=VERTEX_POINT('',#6399);
#1698=VERTEX_POINT('',#6403);
#1699=VERTEX_POINT('',#6405);
#1700=VERTEX_POINT('',#6409);
#1701=VERTEX_POINT('',#6411);
#1702=VERTEX_POINT('',#6413);
#1703=VERTEX_POINT('',#6415);
#1704=VERTEX_POINT('',#6419);
#1705=VERTEX_POINT('',#6421);
#1706=VERTEX_POINT('',#6425);
#1707=VERTEX_POINT('',#6427);
#1708=VERTEX_POINT('',#6431);
#1709=VERTEX_POINT('',#6432);
#1710=VERTEX_POINT('',#6434);
#1711=VERTEX_POINT('',#6436);
#1712=VERTEX_POINT('',#6438);
#1713=VERTEX_POINT('',#6440);
#1714=VERTEX_POINT('',#6444);
#1715=VERTEX_POINT('',#6445);
#1716=VERTEX_POINT('',#6450);
#1717=VERTEX_POINT('',#6451);
#1718=VERTEX_POINT('',#6454);
#1719=VERTEX_POINT('',#6456);
#1720=VERTEX_POINT('',#6460);
#1721=VERTEX_POINT('',#6462);
#1722=VERTEX_POINT('',#6466);
#1723=VERTEX_POINT('',#6468);
#1724=VERTEX_POINT('',#6472);
#1725=VERTEX_POINT('',#6473);
#1726=VERTEX_POINT('',#6475);
#1727=VERTEX_POINT('',#6477);
#1728=VERTEX_POINT('',#6479);
#1729=VERTEX_POINT('',#6481);
#1730=VERTEX_POINT('',#6483);
#1731=VERTEX_POINT('',#6485);
#1732=VERTEX_POINT('',#6489);
#1733=VERTEX_POINT('',#6491);
#1734=VERTEX_POINT('',#6495);
#1735=VERTEX_POINT('',#6497);
#1736=VERTEX_POINT('',#6499);
#1737=VERTEX_POINT('',#6501);
#1738=VERTEX_POINT('',#6503);
#1739=VERTEX_POINT('',#6505);
#1740=VERTEX_POINT('',#6509);
#1741=VERTEX_POINT('',#6510);
#1742=VERTEX_POINT('',#6512);
#1743=VERTEX_POINT('',#6514);
#1744=VERTEX_POINT('',#6516);
#1745=VERTEX_POINT('',#6518);
#1746=VERTEX_POINT('',#6520);
#1747=VERTEX_POINT('',#6522);
#1748=VERTEX_POINT('',#6524);
#1749=VERTEX_POINT('',#6526);
#1750=VERTEX_POINT('',#6528);
#1751=VERTEX_POINT('',#6530);
#1752=VERTEX_POINT('',#6533);
#1753=VERTEX_POINT('',#6534);
#1754=VERTEX_POINT('',#6536);
#1755=VERTEX_POINT('',#6538);
#1756=VERTEX_POINT('',#6541);
#1757=VERTEX_POINT('',#6542);
#1758=VERTEX_POINT('',#6544);
#1759=VERTEX_POINT('',#6546);
#1760=VERTEX_POINT('',#6549);
#1761=VERTEX_POINT('',#6550);
#1762=VERTEX_POINT('',#6552);
#1763=VERTEX_POINT('',#6554);
#1764=VERTEX_POINT('',#6558);
#1765=VERTEX_POINT('',#6559);
#1766=VERTEX_POINT('',#6561);
#1767=VERTEX_POINT('',#6563);
#1768=VERTEX_POINT('',#6565);
#1769=VERTEX_POINT('',#6567);
#1770=VERTEX_POINT('',#6569);
#1771=VERTEX_POINT('',#6571);
#1772=VERTEX_POINT('',#6573);
#1773=VERTEX_POINT('',#6575);
#1774=VERTEX_POINT('',#6579);
#1775=VERTEX_POINT('',#6580);
#1776=VERTEX_POINT('',#6582);
#1777=VERTEX_POINT('',#6584);
#1778=VERTEX_POINT('',#6586);
#1779=VERTEX_POINT('',#6588);
#1780=VERTEX_POINT('',#6590);
#1781=VERTEX_POINT('',#6592);
#1782=VERTEX_POINT('',#6594);
#1783=VERTEX_POINT('',#6596);
#1784=VERTEX_POINT('',#6600);
#1785=VERTEX_POINT('',#6601);
#1786=VERTEX_POINT('',#6603);
#1787=VERTEX_POINT('',#6605);
#1788=VERTEX_POINT('',#6607);
#1789=VERTEX_POINT('',#6609);
#1790=VERTEX_POINT('',#6611);
#1791=VERTEX_POINT('',#6613);
#1792=VERTEX_POINT('',#6615);
#1793=VERTEX_POINT('',#6617);
#1794=VERTEX_POINT('',#6622);
#1795=VERTEX_POINT('',#6624);
#1796=VERTEX_POINT('',#6628);
#1797=VERTEX_POINT('',#6629);
#1798=VERTEX_POINT('',#6631);
#1799=VERTEX_POINT('',#6633);
#1800=VERTEX_POINT('',#6637);
#1801=VERTEX_POINT('',#6638);
#1802=VERTEX_POINT('',#6640);
#1803=VERTEX_POINT('',#6642);
#1804=VERTEX_POINT('',#6644);
#1805=VERTEX_POINT('',#6646);
#1806=VERTEX_POINT('',#6648);
#1807=VERTEX_POINT('',#6651);
#1808=VERTEX_POINT('',#6653);
#1809=VERTEX_POINT('',#6655);
#1810=VERTEX_POINT('',#6659);
#1811=VERTEX_POINT('',#6660);
#1812=VERTEX_POINT('',#6662);
#1813=VERTEX_POINT('',#6664);
#1814=VERTEX_POINT('',#6666);
#1815=VERTEX_POINT('',#6668);
#1816=VERTEX_POINT('',#6670);
#1817=VERTEX_POINT('',#6673);
#1818=VERTEX_POINT('',#6675);
#1819=VERTEX_POINT('',#6677);
#1820=VERTEX_POINT('',#6687);
#1821=VERTEX_POINT('',#6688);
#1822=VERTEX_POINT('',#6690);
#1823=VERTEX_POINT('',#6692);
#1824=VERTEX_POINT('',#6694);
#1825=VERTEX_POINT('',#6696);
#1826=VERTEX_POINT('',#6698);
#1827=VERTEX_POINT('',#6701);
#1828=VERTEX_POINT('',#6703);
#1829=VERTEX_POINT('',#6705);
#1830=VERTEX_POINT('',#6709);
#1831=VERTEX_POINT('',#6710);
#1832=VERTEX_POINT('',#6712);
#1833=VERTEX_POINT('',#6714);
#1834=VERTEX_POINT('',#6716);
#1835=VERTEX_POINT('',#6718);
#1836=VERTEX_POINT('',#6720);
#1837=VERTEX_POINT('',#6723);
#1838=VERTEX_POINT('',#6725);
#1839=VERTEX_POINT('',#6727);
#1840=VERTEX_POINT('',#6737);
#1841=VERTEX_POINT('',#6738);
#1842=VERTEX_POINT('',#6740);
#1843=VERTEX_POINT('',#6742);
#1844=VERTEX_POINT('',#6744);
#1845=VERTEX_POINT('',#6746);
#1846=VERTEX_POINT('',#6779);
#1847=VERTEX_POINT('',#6781);
#1848=VERTEX_POINT('',#6815);
#1849=VERTEX_POINT('',#6816);
#1850=VERTEX_POINT('',#6818);
#1851=VERTEX_POINT('',#6820);
#1852=VERTEX_POINT('',#6822);
#1853=VERTEX_POINT('',#6834);
#1854=VERTEX_POINT('',#6868);
#1855=VERTEX_POINT('',#6873);
#1856=VERTEX_POINT('',#6878);
#1857=VERTEX_POINT('',#6879);
#1858=VERTEX_POINT('',#6881);
#1859=VERTEX_POINT('',#6883);
#1860=VERTEX_POINT('',#6887);
#1861=VERTEX_POINT('',#6889);
#1862=VERTEX_POINT('',#6893);
#1863=VERTEX_POINT('',#6894);
#1864=VERTEX_POINT('',#6900);
#1865=VERTEX_POINT('',#6901);
#1866=VERTEX_POINT('',#6903);
#1867=VERTEX_POINT('',#6905);
#1868=VERTEX_POINT('',#6909);
#1869=VERTEX_POINT('',#6911);
#1870=VERTEX_POINT('',#6919);
#1871=VERTEX_POINT('',#6920);
#1872=VERTEX_POINT('',#6922);
#1873=VERTEX_POINT('',#6924);
#1874=VERTEX_POINT('',#6928);
#1875=VERTEX_POINT('',#6930);
#1876=VERTEX_POINT('',#6938);
#1877=VERTEX_POINT('',#6939);
#1878=VERTEX_POINT('',#6941);
#1879=VERTEX_POINT('',#6943);
#1880=VERTEX_POINT('',#6947);
#1881=VERTEX_POINT('',#6949);
#1882=VERTEX_POINT('',#6953);
#1883=VERTEX_POINT('',#6955);
#1884=VERTEX_POINT('',#6960);
#1885=VERTEX_POINT('',#6962);
#1886=VERTEX_POINT('',#6966);
#1887=VERTEX_POINT('',#6970);
#1888=VERTEX_POINT('',#7070);
#1889=VERTEX_POINT('',#7078);
#1890=VERTEX_POINT('',#7084);
#1891=VERTEX_POINT('',#7090);
#1892=VERTEX_POINT('',#7127);
#1893=VERTEX_POINT('',#7129);
#1894=VERTEX_POINT('',#7133);
#1895=VERTEX_POINT('',#7135);
#1896=VERTEX_POINT('',#7139);
#1897=VERTEX_POINT('',#7141);
#1898=VERTEX_POINT('',#7145);
#1899=VERTEX_POINT('',#7147);
#1900=VERTEX_POINT('',#7151);
#1901=VERTEX_POINT('',#7152);
#1902=VERTEX_POINT('',#7154);
#1903=VERTEX_POINT('',#7156);
#1904=VERTEX_POINT('',#7171);
#1905=VERTEX_POINT('',#7172);
#1906=VERTEX_POINT('',#7174);
#1907=VERTEX_POINT('',#7191);
#1908=VERTEX_POINT('',#7195);
#1909=VERTEX_POINT('',#7196);
#1910=VERTEX_POINT('',#7198);
#1911=VERTEX_POINT('',#7200);
#1912=VERTEX_POINT('',#7202);
#1913=VERTEX_POINT('',#7204);
#1914=VERTEX_POINT('',#7206);
#1915=VERTEX_POINT('',#7208);
#1916=VERTEX_POINT('',#7212);
#1917=VERTEX_POINT('',#7213);
#1918=VERTEX_POINT('',#7215);
#1919=VERTEX_POINT('',#7217);
#1920=VERTEX_POINT('',#7225);
#1921=VERTEX_POINT('',#7226);
#1922=VERTEX_POINT('',#7228);
#1923=VERTEX_POINT('',#7231);
#1924=VERTEX_POINT('',#7233);
#1925=VERTEX_POINT('',#7235);
#1926=VERTEX_POINT('',#7237);
#1927=VERTEX_POINT('',#7242);
#1928=VERTEX_POINT('',#7244);
#1929=VERTEX_POINT('',#7246);
#1930=VERTEX_POINT('',#7248);
#1931=VERTEX_POINT('',#7250);
#1932=VERTEX_POINT('',#7253);
#1933=VERTEX_POINT('',#7255);
#1934=VERTEX_POINT('',#7257);
#1935=VERTEX_POINT('',#7261);
#1936=VERTEX_POINT('',#7262);
#1937=VERTEX_POINT('',#7264);
#1938=VERTEX_POINT('',#7266);
#1939=VERTEX_POINT('',#7274);
#1940=VERTEX_POINT('',#7276);
#1941=VERTEX_POINT('',#7280);
#1942=VERTEX_POINT('',#7282);
#1943=VERTEX_POINT('',#7284);
#1944=VERTEX_POINT('',#7288);
#1945=VERTEX_POINT('',#7293);
#1946=VERTEX_POINT('',#7294);
#1947=VERTEX_POINT('',#7296);
#1948=VERTEX_POINT('',#7298);
#1949=VERTEX_POINT('',#7312);
#1950=VERTEX_POINT('',#7315);
#1951=VERTEX_POINT('',#7320);
#1952=VERTEX_POINT('',#7322);
#1953=VERTEX_POINT('',#7326);
#1954=VERTEX_POINT('',#7328);
#1955=VERTEX_POINT('',#7337);
#1956=VERTEX_POINT('',#7339);
#1957=EDGE_CURVE('',#1584,#1585,#838,.T.);
#1958=EDGE_CURVE('',#1584,#1586,#656,.T.);
#1959=EDGE_CURVE('',#1586,#1587,#839,.T.);
#1960=EDGE_CURVE('',#1587,#1588,#657,.T.);
#1961=EDGE_CURVE('',#1589,#1588,#840,.T.);
#1962=EDGE_CURVE('',#1589,#1590,#658,.T.);
#1963=EDGE_CURVE('',#1591,#1590,#841,.T.);
#1964=EDGE_CURVE('',#1591,#1585,#659,.T.);
#1965=EDGE_CURVE('',#1592,#1593,#842,.T.);
#1966=EDGE_CURVE('',#1592,#1594,#660,.T.);
#1967=EDGE_CURVE('',#1595,#1594,#843,.T.);
#1968=EDGE_CURVE('',#1595,#1596,#661,.T.);
#1969=EDGE_CURVE('',#1597,#1596,#844,.T.);
#1970=EDGE_CURVE('',#1597,#1598,#662,.T.);
#1971=EDGE_CURVE('',#1599,#1598,#845,.T.);
#1972=EDGE_CURVE('',#1599,#1593,#663,.T.);
#1973=EDGE_CURVE('',#1586,#1592,#846,.T.);
#1974=EDGE_CURVE('',#1593,#1587,#847,.T.);
#1975=EDGE_CURVE('',#1600,#1601,#848,.T.);
#1976=EDGE_CURVE('',#1601,#1602,#664,.T.);
#1977=EDGE_CURVE('',#1602,#1603,#849,.T.);
#1978=EDGE_CURVE('',#1603,#1604,#850,.T.);
#1979=EDGE_CURVE('',#1604,#1605,#851,.T.);
#1980=EDGE_CURVE('',#1605,#1606,#665,.T.);
#1981=EDGE_CURVE('',#1606,#1607,#852,.T.);
#1982=EDGE_CURVE('',#1607,#1608,#853,.T.);
#1983=EDGE_CURVE('',#1608,#1609,#854,.T.);
#1984=EDGE_CURVE('',#1609,#1610,#855,.T.);
#1985=EDGE_CURVE('',#1610,#1611,#856,.T.);
#1986=EDGE_CURVE('',#1611,#1612,#666,.T.);
#1987=EDGE_CURVE('',#1612,#1613,#857,.T.);
#1988=EDGE_CURVE('',#1613,#1600,#667,.T.);
#1989=EDGE_CURVE('',#1614,#1615,#858,.T.);
#1990=EDGE_CURVE('',#1616,#1614,#668,.T.);
#1991=EDGE_CURVE('',#1617,#1616,#859,.T.);
#1992=EDGE_CURVE('',#1615,#1617,#669,.T.);
#1993=EDGE_CURVE('',#1618,#1619,#860,.T.);
#1994=EDGE_CURVE('',#1618,#1620,#670,.T.);
#1995=EDGE_CURVE('',#1621,#1620,#861,.T.);
#1996=EDGE_CURVE('',#1621,#1622,#671,.T.);
#1997=EDGE_CURVE('',#1623,#1622,#862,.T.);
#1998=EDGE_CURVE('',#1624,#1623,#863,.T.);
#1999=EDGE_CURVE('',#1625,#1624,#864,.T.);
#2000=EDGE_CURVE('',#1626,#1625,#865,.T.);
#2001=EDGE_CURVE('',#1627,#1626,#866,.T.);
#2002=EDGE_CURVE('',#1628,#1627,#867,.T.);
#2003=EDGE_CURVE('',#1629,#1628,#868,.T.);
#2004=EDGE_CURVE('',#1630,#1629,#869,.T.);
#2005=EDGE_CURVE('',#1631,#1630,#870,.T.);
#2006=EDGE_CURVE('',#1619,#1631,#871,.T.);
#2007=EDGE_CURVE('',#1632,#1633,#672,.T.);
#2008=EDGE_CURVE('',#1633,#1634,#872,.T.);
#2009=EDGE_CURVE('',#1634,#1635,#673,.T.);
#2010=EDGE_CURVE('',#1635,#1632,#873,.T.);
#2011=EDGE_CURVE('',#1602,#1618,#874,.T.);
#2012=EDGE_CURVE('',#1619,#1603,#875,.T.);
#2013=EDGE_CURVE('',#1629,#1606,#876,.T.);
#2014=EDGE_CURVE('',#1628,#1607,#877,.T.);
#2015=EDGE_CURVE('',#1626,#1609,#878,.T.);
#2016=EDGE_CURVE('',#1627,#1608,#879,.T.);
#2017=EDGE_CURVE('',#1622,#1613,#880,.T.);
#2018=EDGE_CURVE('',#1623,#1612,#881,.T.);
#2019=EDGE_CURVE('',#1636,#1637,#882,.T.);
#2020=EDGE_CURVE('',#1636,#1638,#674,.T.);
#2021=EDGE_CURVE('',#1638,#1637,#883,.T.);
#2022=EDGE_CURVE('',#1639,#1640,#884,.T.);
#2023=EDGE_CURVE('',#1640,#1641,#675,.T.);
#2024=EDGE_CURVE('',#1641,#1639,#885,.T.);
#2025=EDGE_CURVE('',#1642,#1643,#886,.T.);
#2026=EDGE_CURVE('',#1642,#1644,#676,.T.);
#2027=EDGE_CURVE('',#1645,#1644,#887,.T.);
#2028=EDGE_CURVE('',#1645,#1646,#677,.T.);
#2029=EDGE_CURVE('',#1647,#1646,#888,.T.);
#2030=EDGE_CURVE('',#1648,#1647,#889,.T.);
#2031=EDGE_CURVE('',#1649,#1648,#890,.T.);
#2032=EDGE_CURVE('',#1649,#1650,#678,.T.);
#2033=EDGE_CURVE('',#1651,#1650,#891,.T.);
#2034=EDGE_CURVE('',#1651,#1652,#679,.T.);
#2035=EDGE_CURVE('',#1653,#1652,#892,.T.);
#2036=EDGE_CURVE('',#1653,#1643,#893,.T.);
#2037=EDGE_CURVE('',#1639,#1654,#894,.T.);
#2038=EDGE_CURVE('',#1654,#1655,#680,.T.);
#2039=EDGE_CURVE('',#1655,#1656,#895,.T.);
#2040=EDGE_CURVE('',#1657,#1656,#896,.T.);
#2041=EDGE_CURVE('',#1657,#1658,#897,.T.);
#2042=EDGE_CURVE('',#1658,#1659,#681,.T.);
#2043=EDGE_CURVE('',#1659,#1637,#898,.T.);
#2044=EDGE_CURVE('',#1638,#1640,#899,.T.);
#2045=EDGE_CURVE('',#1659,#1651,#900,.T.);
#2046=EDGE_CURVE('',#1650,#1660,#901,.T.);
#2047=EDGE_CURVE('',#1660,#1636,#902,.T.);
#2048=EDGE_CURVE('',#1644,#1654,#903,.T.);
#2049=EDGE_CURVE('',#1641,#1661,#904,.T.);
#2050=EDGE_CURVE('',#1661,#1645,#905,.T.);
#2051=EDGE_CURVE('',#1620,#1601,#906,.T.);
#2052=EDGE_CURVE('',#1600,#1621,#907,.T.);
#2053=EDGE_CURVE('',#1616,#1632,#908,.T.);
#2054=EDGE_CURVE('',#1614,#1633,#909,.T.);
#2055=EDGE_CURVE('',#1615,#1634,#910,.T.);
#2056=EDGE_CURVE('',#1617,#1635,#911,.T.);
#2057=EDGE_CURVE('',#1657,#1653,#912,.T.);
#2058=EDGE_CURVE('',#1627,#1657,#682,.T.);
#2059=EDGE_CURVE('',#1608,#1653,#683,.T.);
#2060=EDGE_CURVE('',#1656,#1628,#684,.T.);
#2061=EDGE_CURVE('',#1656,#1643,#913,.T.);
#2062=EDGE_CURVE('',#1643,#1607,#685,.T.);
#2063=EDGE_CURVE('',#1655,#1642,#914,.T.);
#2064=EDGE_CURVE('',#1652,#1658,#915,.T.);
#2065=EDGE_CURVE('',#1662,#1663,#686,.T.);
#2066=EDGE_CURVE('',#1663,#1649,#916,.T.);
#2067=EDGE_CURVE('',#1664,#1648,#687,.T.);
#2068=EDGE_CURVE('',#1664,#1662,#917,.T.);
#2069=EDGE_CURVE('',#1646,#1665,#918,.T.);
#2070=EDGE_CURVE('',#1665,#1666,#688,.T.);
#2071=EDGE_CURVE('',#1667,#1666,#919,.T.);
#2072=EDGE_CURVE('',#1647,#1667,#689,.T.);
#2073=EDGE_CURVE('',#1660,#1663,#60,.T.);
#2074=EDGE_CURVE('',#1662,#1591,#920,.T.);
#2075=EDGE_CURVE('',#1590,#1666,#921,.T.);
#2076=EDGE_CURVE('',#1665,#1661,#61,.T.);
#2077=EDGE_CURVE('',#1667,#1597,#922,.T.);
#2078=EDGE_CURVE('',#1596,#1664,#923,.T.);
#2079=EDGE_CURVE('',#1668,#1625,#690,.T.);
#2080=EDGE_CURVE('',#1668,#1669,#924,.T.);
#2081=EDGE_CURVE('',#1669,#1609,#691,.T.);
#2082=EDGE_CURVE('',#1624,#1670,#692,.T.);
#2083=EDGE_CURVE('',#1612,#1671,#693,.T.);
#2084=EDGE_CURVE('',#1670,#1671,#925,.T.);
#2085=EDGE_CURVE('',#1671,#1669,#926,.T.);
#2086=EDGE_CURVE('',#1670,#1668,#927,.T.);
#2087=EDGE_CURVE('',#1672,#1668,#928,.T.);
#2088=EDGE_CURVE('',#1672,#1673,#929,.T.);
#2089=EDGE_CURVE('',#1673,#1669,#930,.T.);
#2090=EDGE_CURVE('',#1671,#1674,#931,.T.);
#2091=EDGE_CURVE('',#1674,#1675,#932,.T.);
#2092=EDGE_CURVE('',#1670,#1675,#933,.T.);
#2093=EDGE_CURVE('',#1676,#1677,#934,.T.);
#2094=EDGE_CURVE('',#1676,#1674,#694,.T.);
#2095=EDGE_CURVE('',#1673,#1677,#695,.T.);
#2096=EDGE_CURVE('',#1675,#1678,#696,.T.);
#2097=EDGE_CURVE('',#1678,#1679,#935,.T.);
#2098=EDGE_CURVE('',#1679,#1672,#697,.T.);
#2099=EDGE_CURVE('',#1678,#1676,#936,.T.);
#2100=EDGE_CURVE('',#1677,#1679,#937,.T.);
#2101=EDGE_CURVE('',#1680,#1631,#698,.T.);
#2102=EDGE_CURVE('',#1680,#1681,#938,.T.);
#2103=EDGE_CURVE('',#1681,#1603,#699,.T.);
#2104=EDGE_CURVE('',#1630,#1682,#700,.T.);
#2105=EDGE_CURVE('',#1606,#1683,#701,.T.);
#2106=EDGE_CURVE('',#1682,#1683,#939,.T.);
#2107=EDGE_CURVE('',#1681,#1683,#940,.T.);
#2108=EDGE_CURVE('',#1682,#1680,#941,.T.);
#2109=EDGE_CURVE('',#1683,#1684,#942,.T.);
#2110=EDGE_CURVE('',#1684,#1685,#943,.T.);
#2111=EDGE_CURVE('',#1682,#1685,#944,.T.);
#2112=EDGE_CURVE('',#1686,#1680,#945,.T.);
#2113=EDGE_CURVE('',#1686,#1687,#946,.T.);
#2114=EDGE_CURVE('',#1687,#1681,#947,.T.);
#2115=EDGE_CURVE('',#1688,#1689,#948,.T.);
#2116=EDGE_CURVE('',#1688,#1684,#702,.T.);
#2117=EDGE_CURVE('',#1687,#1689,#703,.T.);
#2118=EDGE_CURVE('',#1685,#1690,#704,.T.);
#2119=EDGE_CURVE('',#1690,#1691,#949,.T.);
#2120=EDGE_CURVE('',#1691,#1686,#705,.T.);
#2121=EDGE_CURVE('',#1690,#1688,#950,.T.);
#2122=EDGE_CURVE('',#1689,#1691,#951,.T.);
#2123=EDGE_CURVE('',#1596,#1591,#952,.T.);
#2124=EDGE_CURVE('',#1594,#1584,#953,.T.);
#2125=EDGE_CURVE('',#1585,#1595,#954,.T.);
#2126=EDGE_CURVE('',#1590,#1597,#955,.T.);
#2127=EDGE_CURVE('',#1588,#1599,#956,.T.);
#2128=EDGE_CURVE('',#1598,#1589,#957,.T.);
#2129=EDGE_CURVE('',#1692,#1693,#958,.T.);
#2130=EDGE_CURVE('',#1692,#1694,#706,.T.);
#2131=EDGE_CURVE('',#1695,#1694,#959,.T.);
#2132=EDGE_CURVE('',#1695,#1696,#707,.T.);
#2133=EDGE_CURVE('',#1697,#1696,#960,.T.);
#2134=EDGE_CURVE('',#1697,#1693,#961,.T.);
#2135=EDGE_CURVE('',#1694,#1698,#962,.T.);
#2136=EDGE_CURVE('',#1699,#1698,#963,.T.);
#2137=EDGE_CURVE('',#1699,#1695,#964,.T.);
#2138=EDGE_CURVE('',#1698,#1700,#708,.T.);
#2139=EDGE_CURVE('',#1701,#1700,#965,.T.);
#2140=EDGE_CURVE('',#1702,#1701,#966,.T.);
#2141=EDGE_CURVE('',#1703,#1702,#967,.T.);
#2142=EDGE_CURVE('',#1703,#1699,#709,.T.);
#2143=EDGE_CURVE('',#1704,#1701,#710,.T.);
#2144=EDGE_CURVE('',#1705,#1704,#968,.T.);
#2145=EDGE_CURVE('',#1702,#1705,#711,.T.);
#2146=EDGE_CURVE('',#1693,#1706,#712,.T.);
#2147=EDGE_CURVE('',#1707,#1697,#713,.T.);
#2148=EDGE_CURVE('',#1707,#1706,#969,.T.);
#2149=EDGE_CURVE('',#1708,#1709,#970,.T.);
#2150=EDGE_CURVE('',#1708,#1710,#714,.T.);
#2151=EDGE_CURVE('',#1711,#1710,#971,.T.);
#2152=EDGE_CURVE('',#1711,#1712,#972,.T.);
#2153=EDGE_CURVE('',#1713,#1712,#973,.T.);
#2154=EDGE_CURVE('',#1713,#1709,#715,.T.);
#2155=EDGE_CURVE('',#1714,#1715,#974,.T.);
#2156=EDGE_CURVE('',#1714,#1708,#975,.T.);
#2157=EDGE_CURVE('',#1709,#1715,#976,.T.);
#2158=EDGE_CURVE('',#1716,#1717,#977,.T.);
#2159=EDGE_CURVE('',#1716,#1714,#716,.T.);
#2160=EDGE_CURVE('',#1715,#1718,#717,.T.);
#2161=EDGE_CURVE('',#1719,#1718,#978,.T.);
#2162=EDGE_CURVE('',#1717,#1719,#979,.T.);
#2163=EDGE_CURVE('',#1720,#1719,#718,.T.);
#2164=EDGE_CURVE('',#1721,#1720,#980,.T.);
#2165=EDGE_CURVE('',#1717,#1721,#719,.T.);
#2166=EDGE_CURVE('',#1712,#1722,#720,.T.);
#2167=EDGE_CURVE('',#1723,#1711,#721,.T.);
#2168=EDGE_CURVE('',#1723,#1722,#981,.T.);
#2169=EDGE_CURVE('',#1724,#1725,#982,.T.);
#2170=EDGE_CURVE('',#1724,#1726,#722,.T.);
#2171=EDGE_CURVE('',#1727,#1726,#983,.T.);
#2172=EDGE_CURVE('',#1727,#1728,#723,.T.);
#2173=EDGE_CURVE('',#1729,#1728,#984,.T.);
#2174=EDGE_CURVE('',#1729,#1730,#724,.T.);
#2175=EDGE_CURVE('',#1730,#1731,#985,.T.);
#2176=EDGE_CURVE('',#1731,#1725,#725,.T.);
#2177=EDGE_CURVE('',#1726,#1732,#986,.T.);
#2178=EDGE_CURVE('',#1733,#1732,#987,.T.);
#2179=EDGE_CURVE('',#1733,#1727,#988,.T.);
#2180=EDGE_CURVE('',#1732,#1734,#726,.T.);
#2181=EDGE_CURVE('',#1735,#1734,#989,.T.);
#2182=EDGE_CURVE('',#1735,#1736,#727,.T.);
#2183=EDGE_CURVE('',#1737,#1736,#990,.T.);
#2184=EDGE_CURVE('',#1737,#1738,#728,.T.);
#2185=EDGE_CURVE('',#1739,#1738,#991,.T.);
#2186=EDGE_CURVE('',#1739,#1733,#729,.T.);
#2187=EDGE_CURVE('',#1740,#1741,#992,.T.);
#2188=EDGE_CURVE('',#1741,#1742,#993,.T.);
#2189=EDGE_CURVE('',#1742,#1743,#994,.T.);
#2190=EDGE_CURVE('',#1743,#1744,#995,.T.);
#2191=EDGE_CURVE('',#1744,#1745,#996,.T.);
#2192=EDGE_CURVE('',#1745,#1746,#997,.T.);
#2193=EDGE_CURVE('',#1746,#1747,#998,.T.);
#2194=EDGE_CURVE('',#1747,#1748,#999,.T.);
#2195=EDGE_CURVE('',#1748,#1749,#1000,.T.);
#2196=EDGE_CURVE('',#1749,#1750,#1001,.T.);
#2197=EDGE_CURVE('',#1750,#1751,#1002,.T.);
#2198=EDGE_CURVE('',#1751,#1740,#1003,.T.);
#2199=EDGE_CURVE('',#1752,#1753,#1004,.T.);
#2200=EDGE_CURVE('',#1753,#1754,#1005,.T.);
#2201=EDGE_CURVE('',#1754,#1755,#1006,.T.);
#2202=EDGE_CURVE('',#1755,#1752,#1007,.T.);
#2203=EDGE_CURVE('',#1756,#1757,#1008,.T.);
#2204=EDGE_CURVE('',#1757,#1758,#1009,.T.);
#2205=EDGE_CURVE('',#1758,#1759,#1010,.T.);
#2206=EDGE_CURVE('',#1759,#1756,#1011,.T.);
#2207=EDGE_CURVE('',#1760,#1761,#1012,.T.);
#2208=EDGE_CURVE('',#1761,#1762,#1013,.T.);
#2209=EDGE_CURVE('',#1762,#1763,#1014,.T.);
#2210=EDGE_CURVE('',#1763,#1760,#1015,.T.);
#2211=EDGE_CURVE('',#1764,#1765,#1016,.T.);
#2212=EDGE_CURVE('',#1764,#1766,#1017,.T.);
#2213=EDGE_CURVE('',#1767,#1766,#730,.T.);
#2214=EDGE_CURVE('',#1767,#1768,#1018,.T.);
#2215=EDGE_CURVE('',#1769,#1768,#731,.T.);
#2216=EDGE_CURVE('',#1769,#1770,#1019,.T.);
#2217=EDGE_CURVE('',#1771,#1770,#1020,.T.);
#2218=EDGE_CURVE('',#1771,#1772,#1021,.T.);
#2219=EDGE_CURVE('',#1773,#1772,#1022,.T.);
#2220=EDGE_CURVE('',#1773,#1765,#1023,.T.);
#2221=EDGE_CURVE('',#1774,#1775,#1024,.T.);
#2222=EDGE_CURVE('',#1774,#1776,#1025,.T.);
#2223=EDGE_CURVE('',#1777,#1776,#732,.T.);
#2224=EDGE_CURVE('',#1777,#1778,#1026,.T.);
#2225=EDGE_CURVE('',#1779,#1778,#733,.T.);
#2226=EDGE_CURVE('',#1779,#1780,#1027,.T.);
#2227=EDGE_CURVE('',#1781,#1780,#1028,.T.);
#2228=EDGE_CURVE('',#1781,#1782,#1029,.T.);
#2229=EDGE_CURVE('',#1783,#1782,#1030,.T.);
#2230=EDGE_CURVE('',#1783,#1775,#1031,.T.);
#2231=EDGE_CURVE('',#1784,#1785,#1032,.T.);
#2232=EDGE_CURVE('',#1784,#1786,#1033,.T.);
#2233=EDGE_CURVE('',#1787,#1786,#734,.T.);
#2234=EDGE_CURVE('',#1787,#1788,#1034,.T.);
#2235=EDGE_CURVE('',#1789,#1788,#735,.T.);
#2236=EDGE_CURVE('',#1789,#1790,#1035,.T.);
#2237=EDGE_CURVE('',#1791,#1790,#1036,.T.);
#2238=EDGE_CURVE('',#1791,#1792,#1037,.T.);
#2239=EDGE_CURVE('',#1793,#1792,#1038,.T.);
#2240=EDGE_CURVE('',#1793,#1785,#1039,.T.);
#2241=EDGE_CURVE('',#1782,#1793,#736,.T.);
#2242=EDGE_CURVE('',#1792,#1794,#737,.T.);
#2243=EDGE_CURVE('',#1794,#1795,#1040,.T.);
#2244=EDGE_CURVE('',#1795,#1773,#738,.T.);
#2245=EDGE_CURVE('',#1772,#1783,#739,.T.);
#2246=EDGE_CURVE('',#1796,#1797,#740,.T.);
#2247=EDGE_CURVE('',#1798,#1796,#1041,.T.);
#2248=EDGE_CURVE('',#1799,#1798,#741,.T.);
#2249=EDGE_CURVE('',#1797,#1799,#1042,.T.);
#2250=EDGE_CURVE('',#1800,#1801,#1043,.T.);
#2251=EDGE_CURVE('',#1800,#1802,#1044,.T.);
#2252=EDGE_CURVE('',#1802,#1803,#1045,.T.);
#2253=EDGE_CURVE('',#1803,#1804,#742,.T.);
#2254=EDGE_CURVE('',#1805,#1804,#1046,.T.);
#2255=EDGE_CURVE('',#1805,#1806,#743,.T.);
#2256=EDGE_CURVE('',#1705,#1806,#1047,.T.);
#2257=EDGE_CURVE('',#1807,#1704,#1048,.T.);
#2258=EDGE_CURVE('',#1807,#1808,#744,.T.);
#2259=EDGE_CURVE('',#1808,#1809,#1049,.T.);
#2260=EDGE_CURVE('',#1809,#1801,#745,.T.);
#2261=EDGE_CURVE('',#1810,#1811,#1050,.T.);
#2262=EDGE_CURVE('',#1810,#1812,#1051,.T.);
#2263=EDGE_CURVE('',#1812,#1813,#1052,.T.);
#2264=EDGE_CURVE('',#1813,#1814,#746,.T.);
#2265=EDGE_CURVE('',#1815,#1814,#1053,.T.);
#2266=EDGE_CURVE('',#1815,#1816,#747,.T.);
#2267=EDGE_CURVE('',#1706,#1816,#1054,.T.);
#2268=EDGE_CURVE('',#1817,#1707,#1055,.T.);
#2269=EDGE_CURVE('',#1817,#1818,#748,.T.);
#2270=EDGE_CURVE('',#1818,#1819,#1056,.T.);
#2271=EDGE_CURVE('',#1819,#1811,#749,.T.);
#2272=EDGE_CURVE('',#1802,#1810,#1057,.T.);
#2273=EDGE_CURVE('',#1811,#1803,#1058,.T.);
#2274=EDGE_CURVE('',#1812,#1800,#1059,.T.);
#2275=EDGE_CURVE('',#1801,#1813,#1060,.T.);
#2276=EDGE_CURVE('',#1820,#1821,#1061,.T.);
#2277=EDGE_CURVE('',#1820,#1822,#1062,.T.);
#2278=EDGE_CURVE('',#1822,#1823,#1063,.T.);
#2279=EDGE_CURVE('',#1823,#1824,#750,.T.);
#2280=EDGE_CURVE('',#1825,#1824,#1064,.T.);
#2281=EDGE_CURVE('',#1825,#1826,#751,.T.);
#2282=EDGE_CURVE('',#1721,#1826,#1065,.T.);
#2283=EDGE_CURVE('',#1827,#1720,#1066,.T.);
#2284=EDGE_CURVE('',#1827,#1828,#752,.T.);
#2285=EDGE_CURVE('',#1828,#1829,#1067,.T.);
#2286=EDGE_CURVE('',#1829,#1821,#753,.T.);
#2287=EDGE_CURVE('',#1830,#1831,#1068,.T.);
#2288=EDGE_CURVE('',#1830,#1832,#1069,.T.);
#2289=EDGE_CURVE('',#1832,#1833,#1070,.T.);
#2290=EDGE_CURVE('',#1833,#1834,#754,.T.);
#2291=EDGE_CURVE('',#1835,#1834,#1071,.T.);
#2292=EDGE_CURVE('',#1835,#1836,#755,.T.);
#2293=EDGE_CURVE('',#1722,#1836,#1072,.T.);
#2294=EDGE_CURVE('',#1837,#1723,#1073,.T.);
#2295=EDGE_CURVE('',#1837,#1838,#756,.T.);
#2296=EDGE_CURVE('',#1838,#1839,#1074,.T.);
#2297=EDGE_CURVE('',#1839,#1831,#757,.T.);
#2298=EDGE_CURVE('',#1822,#1830,#1075,.T.);
#2299=EDGE_CURVE('',#1831,#1823,#1076,.T.);
#2300=EDGE_CURVE('',#1832,#1820,#1077,.T.);
#2301=EDGE_CURVE('',#1821,#1833,#1078,.T.);
#2302=EDGE_CURVE('',#1840,#1841,#33,.T.);
#2303=EDGE_CURVE('',#1841,#1842,#1079,.T.);
#2304=EDGE_CURVE('',#1842,#1843,#34,.T.);
#2305=EDGE_CURVE('',#1843,#1844,#758,.T.);
#2306=EDGE_CURVE('',#1844,#1845,#62,.T.);
#2307=EDGE_CURVE('',#1845,#1737,#1080,.T.);
#2308=EDGE_CURVE('',#1736,#1846,#1081,.T.);
#2309=EDGE_CURVE('',#1846,#1847,#63,.T.);
#2310=EDGE_CURVE('',#1840,#1847,#759,.T.);
#2311=EDGE_CURVE('',#1848,#1849,#760,.T.);
#2312=EDGE_CURVE('',#1848,#1850,#1082,.T.);
#2313=EDGE_CURVE('',#1850,#1851,#761,.T.);
#2314=EDGE_CURVE('',#1851,#1852,#64,.T.);
#2315=EDGE_CURVE('',#1731,#1852,#1083,.T.);
#2316=EDGE_CURVE('',#1853,#1730,#1084,.T.);
#2317=EDGE_CURVE('',#1853,#1849,#65,.T.);
#2318=EDGE_CURVE('',#1843,#1854,#1085,.T.);
#2319=EDGE_CURVE('',#1854,#1848,#762,.T.);
#2320=EDGE_CURVE('',#1849,#1844,#1086,.T.);
#2321=EDGE_CURVE('',#1850,#1855,#763,.T.);
#2322=EDGE_CURVE('',#1855,#1840,#1087,.T.);
#2323=EDGE_CURVE('',#1847,#1851,#1088,.T.);
#2324=EDGE_CURVE('',#1856,#1857,#1089,.T.);
#2325=EDGE_CURVE('',#1856,#1858,#1090,.T.);
#2326=EDGE_CURVE('',#1858,#1859,#1091,.T.);
#2327=EDGE_CURVE('',#1857,#1859,#1092,.T.);
#2328=EDGE_CURVE('',#1859,#1860,#1093,.T.);
#2329=EDGE_CURVE('',#1860,#1861,#1094,.T.);
#2330=EDGE_CURVE('',#1857,#1861,#1095,.T.);
#2331=EDGE_CURVE('',#1862,#1863,#1096,.T.);
#2332=EDGE_CURVE('',#1863,#1856,#764,.T.);
#2333=EDGE_CURVE('',#1861,#1764,#765,.T.);
#2334=EDGE_CURVE('',#1765,#1862,#766,.T.);
#2335=EDGE_CURVE('',#1864,#1865,#1097,.T.);
#2336=EDGE_CURVE('',#1864,#1866,#1098,.T.);
#2337=EDGE_CURVE('',#1866,#1867,#1099,.T.);
#2338=EDGE_CURVE('',#1865,#1867,#1100,.T.);
#2339=EDGE_CURVE('',#1867,#1868,#1101,.T.);
#2340=EDGE_CURVE('',#1868,#1869,#1102,.T.);
#2341=EDGE_CURVE('',#1865,#1869,#1103,.T.);
#2342=EDGE_CURVE('',#1770,#1864,#767,.T.);
#2343=EDGE_CURVE('',#1869,#1774,#768,.T.);
#2344=EDGE_CURVE('',#1775,#1771,#769,.T.);
#2345=EDGE_CURVE('',#1870,#1871,#1104,.T.);
#2346=EDGE_CURVE('',#1870,#1872,#1105,.T.);
#2347=EDGE_CURVE('',#1872,#1873,#1106,.T.);
#2348=EDGE_CURVE('',#1871,#1873,#1107,.T.);
#2349=EDGE_CURVE('',#1873,#1874,#1108,.T.);
#2350=EDGE_CURVE('',#1874,#1875,#1109,.T.);
#2351=EDGE_CURVE('',#1871,#1875,#1110,.T.);
#2352=EDGE_CURVE('',#1780,#1870,#770,.T.);
#2353=EDGE_CURVE('',#1875,#1784,#771,.T.);
#2354=EDGE_CURVE('',#1785,#1781,#772,.T.);
#2355=EDGE_CURVE('',#1876,#1877,#1111,.T.);
#2356=EDGE_CURVE('',#1876,#1878,#1112,.T.);
#2357=EDGE_CURVE('',#1878,#1879,#1113,.T.);
#2358=EDGE_CURVE('',#1877,#1879,#1114,.T.);
#2359=EDGE_CURVE('',#1879,#1880,#1115,.T.);
#2360=EDGE_CURVE('',#1880,#1881,#1116,.T.);
#2361=EDGE_CURVE('',#1877,#1881,#1117,.T.);
#2362=EDGE_CURVE('',#1881,#1882,#773,.T.);
#2363=EDGE_CURVE('',#1882,#1883,#1118,.T.);
#2364=EDGE_CURVE('',#1883,#1791,#774,.T.);
#2365=EDGE_CURVE('',#1790,#1876,#775,.T.);
#2366=EDGE_CURVE('',#1884,#1797,#1119,.T.);
#2367=EDGE_CURVE('',#1885,#1884,#776,.T.);
#2368=EDGE_CURVE('',#1885,#1796,#1120,.T.);
#2369=EDGE_CURVE('',#1886,#1799,#1121,.T.);
#2370=EDGE_CURVE('',#1884,#1886,#1122,.T.);
#2371=EDGE_CURVE('',#1887,#1798,#1123,.T.);
#2372=EDGE_CURVE('',#1886,#1887,#777,.T.);
#2373=EDGE_CURVE('',#1887,#1885,#1124,.T.);
#2374=EDGE_CURVE('',#1845,#1853,#1125,.T.);
#2375=EDGE_CURVE('',#1730,#1737,#1126,.T.);
#2376=EDGE_CURVE('',#1728,#1739,#1127,.T.);
#2377=EDGE_CURVE('',#1738,#1729,#1128,.T.);
#2378=EDGE_CURVE('',#1838,#1825,#1129,.T.);
#2379=EDGE_CURVE('',#1824,#1839,#1130,.T.);
#2380=EDGE_CURVE('',#1710,#1716,#1131,.T.);
#2381=EDGE_CURVE('',#1826,#1837,#1132,.T.);
#2382=EDGE_CURVE('',#1818,#1805,#1133,.T.);
#2383=EDGE_CURVE('',#1804,#1819,#1134,.T.);
#2384=EDGE_CURVE('',#1696,#1703,#1135,.T.);
#2385=EDGE_CURVE('',#1806,#1817,#1136,.T.);
#2386=EDGE_CURVE('',#1736,#1731,#1137,.T.);
#2387=EDGE_CURVE('',#1852,#1846,#1138,.T.);
#2388=EDGE_CURVE('',#1734,#1724,#1139,.T.);
#2389=EDGE_CURVE('',#1725,#1735,#1140,.T.);
#2390=EDGE_CURVE('',#1828,#1835,#1141,.T.);
#2391=EDGE_CURVE('',#1834,#1829,#1142,.T.);
#2392=EDGE_CURVE('',#1718,#1713,#1143,.T.);
#2393=EDGE_CURVE('',#1836,#1827,#1144,.T.);
#2394=EDGE_CURVE('',#1814,#1809,#1145,.T.);
#2395=EDGE_CURVE('',#1808,#1815,#1146,.T.);
#2396=EDGE_CURVE('',#1700,#1692,#1147,.T.);
#2397=EDGE_CURVE('',#1816,#1807,#1148,.T.);
#2398=EDGE_CURVE('',#1776,#1868,#778,.T.);
#2399=EDGE_CURVE('',#1747,#1868,#779,.T.);
#2400=EDGE_CURVE('',#1777,#1747,#780,.T.);
#2401=EDGE_CURVE('',#1748,#1867,#35,.T.);
#2402=EDGE_CURVE('',#1778,#1746,#781,.T.);
#2403=EDGE_CURVE('',#1872,#1779,#782,.T.);
#2404=EDGE_CURVE('',#1866,#1769,#783,.T.);
#2405=EDGE_CURVE('',#1749,#1866,#784,.T.);
#2406=EDGE_CURVE('',#1872,#1746,#785,.T.);
#2407=EDGE_CURVE('',#1749,#1768,#786,.T.);
#2408=EDGE_CURVE('',#1873,#1745,#36,.T.);
#2409=EDGE_CURVE('',#1766,#1860,#787,.T.);
#2410=EDGE_CURVE('',#1750,#1767,#788,.T.);
#2411=EDGE_CURVE('',#1874,#1744,#789,.T.);
#2412=EDGE_CURVE('',#1786,#1874,#790,.T.);
#2413=EDGE_CURVE('',#1750,#1860,#791,.T.);
#2414=EDGE_CURVE('',#1787,#1744,#792,.T.);
#2415=EDGE_CURVE('',#1751,#1859,#37,.T.);
#2416=EDGE_CURVE('',#1788,#1743,#793,.T.);
#2417=EDGE_CURVE('',#1878,#1789,#794,.T.);
#2418=EDGE_CURVE('',#1888,#1863,#1149,.T.);
#2419=EDGE_CURVE('',#1858,#1888,#795,.T.);
#2420=EDGE_CURVE('',#1740,#1858,#796,.T.);
#2421=EDGE_CURVE('',#1878,#1743,#797,.T.);
#2422=EDGE_CURVE('',#1888,#1889,#798,.T.);
#2423=EDGE_CURVE('',#1740,#1889,#799,.T.);
#2424=EDGE_CURVE('',#1879,#1742,#38,.T.);
#2425=EDGE_CURVE('',#1890,#1889,#1150,.T.);
#2426=EDGE_CURVE('',#1741,#1890,#800,.T.);
#2427=EDGE_CURVE('',#1880,#1741,#801,.T.);
#2428=EDGE_CURVE('',#1890,#1891,#802,.T.);
#2429=EDGE_CURVE('',#1880,#1891,#803,.T.);
#2430=EDGE_CURVE('',#1882,#1891,#1151,.T.);
#2431=EDGE_CURVE('',#1752,#1802,#39,.T.);
#2432=EDGE_CURVE('',#1810,#1755,#40,.T.);
#2433=EDGE_CURVE('',#1812,#1754,#41,.T.);
#2434=EDGE_CURVE('',#1753,#1800,#42,.T.);
#2435=EDGE_CURVE('',#1756,#1822,#43,.T.);
#2436=EDGE_CURVE('',#1830,#1759,#44,.T.);
#2437=EDGE_CURVE('',#1832,#1758,#45,.T.);
#2438=EDGE_CURVE('',#1757,#1820,#46,.T.);
#2439=EDGE_CURVE('',#1760,#1842,#47,.T.);
#2440=EDGE_CURVE('',#1854,#1763,#48,.T.);
#2441=EDGE_CURVE('',#1855,#1762,#49,.T.);
#2442=EDGE_CURVE('',#1761,#1841,#50,.T.);
#2443=EDGE_CURVE('',#1794,#1883,#1152,.T.);
#2444=EDGE_CURVE('',#1862,#1795,#1153,.T.);
#2445=EDGE_CURVE('',#1892,#1892,#804,.T.);
#2446=EDGE_CURVE('',#1892,#1893,#1154,.T.);
#2447=EDGE_CURVE('',#1893,#1893,#805,.T.);
#2448=EDGE_CURVE('',#1894,#1894,#806,.T.);
#2449=EDGE_CURVE('',#1894,#1895,#1155,.T.);
#2450=EDGE_CURVE('',#1895,#1895,#807,.T.);
#2451=EDGE_CURVE('',#1896,#1896,#808,.T.);
#2452=EDGE_CURVE('',#1896,#1897,#1156,.T.);
#2453=EDGE_CURVE('',#1897,#1897,#809,.T.);
#2454=EDGE_CURVE('',#1898,#1898,#810,.T.);
#2455=EDGE_CURVE('',#1898,#1899,#1157,.T.);
#2456=EDGE_CURVE('',#1899,#1899,#811,.T.);
#2457=EDGE_CURVE('',#1900,#1901,#812,.T.);
#2458=EDGE_CURVE('',#1900,#1902,#813,.T.);
#2459=EDGE_CURVE('',#1903,#1902,#814,.T.);
#2460=EDGE_CURVE('',#1903,#1901,#66,.T.);
#2461=EDGE_CURVE('',#1904,#1905,#815,.T.);
#2462=EDGE_CURVE('',#1906,#1904,#67,.T.);
#2463=EDGE_CURVE('',#1907,#1906,#816,.T.);
#2464=EDGE_CURVE('',#1907,#1905,#817,.T.);
#2465=EDGE_CURVE('',#1908,#1909,#818,.T.);
#2466=EDGE_CURVE('',#1908,#1910,#1158,.T.);
#2467=EDGE_CURVE('',#1910,#1911,#819,.T.);
#2468=EDGE_CURVE('',#1911,#1912,#1159,.T.);
#2469=EDGE_CURVE('',#1912,#1913,#820,.T.);
#2470=EDGE_CURVE('',#1913,#1914,#1160,.T.);
#2471=EDGE_CURVE('',#1914,#1915,#821,.T.);
#2472=EDGE_CURVE('',#1909,#1915,#1161,.T.);
#2473=EDGE_CURVE('',#1916,#1917,#822,.T.);
#2474=EDGE_CURVE('',#1917,#1918,#1162,.T.);
#2475=EDGE_CURVE('',#1919,#1918,#823,.T.);
#2476=EDGE_CURVE('',#1916,#1919,#1163,.T.);
#2477=EDGE_CURVE('',#1914,#1911,#824,.T.);
#2478=EDGE_CURVE('',#1907,#1914,#1164,.T.);
#2479=EDGE_CURVE('',#1911,#1906,#1165,.T.);
#2480=EDGE_CURVE('',#1920,#1921,#1166,.T.);
#2481=EDGE_CURVE('',#1921,#1922,#51,.T.);
#2482=EDGE_CURVE('',#1922,#1902,#1167,.T.);
#2483=EDGE_CURVE('',#1900,#1923,#1168,.T.);
#2484=EDGE_CURVE('',#1923,#1924,#1169,.T.);
#2485=EDGE_CURVE('',#1924,#1925,#1170,.T.);
#2486=EDGE_CURVE('',#1925,#1926,#1171,.T.);
#2487=EDGE_CURVE('',#1912,#1926,#1172,.T.);
#2488=EDGE_CURVE('',#1906,#1920,#1173,.T.);
#2489=EDGE_CURVE('',#1927,#1901,#1174,.T.);
#2490=EDGE_CURVE('',#1901,#1928,#1175,.T.);
#2491=EDGE_CURVE('',#1929,#1928,#52,.T.);
#2492=EDGE_CURVE('',#1930,#1929,#1176,.T.);
#2493=EDGE_CURVE('',#1930,#1931,#53,.T.);
#2494=EDGE_CURVE('',#1905,#1931,#1177,.T.);
#2495=EDGE_CURVE('',#1932,#1913,#1178,.T.);
#2496=EDGE_CURVE('',#1933,#1932,#1179,.T.);
#2497=EDGE_CURVE('',#1933,#1934,#1180,.T.);
#2498=EDGE_CURVE('',#1934,#1927,#1181,.T.);
#2499=EDGE_CURVE('',#1935,#1936,#825,.T.);
#2500=EDGE_CURVE('',#1937,#1936,#1182,.T.);
#2501=EDGE_CURVE('',#1937,#1938,#826,.T.);
#2502=EDGE_CURVE('',#1938,#1935,#1183,.T.);
#2503=EDGE_CURVE('',#1929,#1935,#1184,.T.);
#2504=EDGE_CURVE('',#1938,#1930,#1185,.T.);
#2505=EDGE_CURVE('',#1936,#1921,#1186,.T.);
#2506=EDGE_CURVE('',#1920,#1939,#54,.T.);
#2507=EDGE_CURVE('',#1939,#1940,#1187,.T.);
#2508=EDGE_CURVE('',#1937,#1940,#55,.T.);
#2509=EDGE_CURVE('',#1922,#1941,#1188,.T.);
#2510=EDGE_CURVE('',#1941,#1942,#827,.T.);
#2511=EDGE_CURVE('',#1942,#1943,#1189,.T.);
#2512=EDGE_CURVE('',#1943,#1903,#1190,.T.);
#2513=EDGE_CURVE('',#1931,#1944,#1191,.T.);
#2514=EDGE_CURVE('',#1944,#1940,#828,.T.);
#2515=EDGE_CURVE('',#1939,#1904,#1192,.T.);
#2516=EDGE_CURVE('',#1945,#1946,#829,.T.);
#2517=EDGE_CURVE('',#1947,#1945,#1193,.T.);
#2518=EDGE_CURVE('',#1947,#1948,#830,.T.);
#2519=EDGE_CURVE('',#1948,#1946,#1194,.T.);
#2520=EDGE_CURVE('',#1946,#1932,#1195,.T.);
#2521=EDGE_CURVE('',#1948,#1933,#1196,.T.);
#2522=EDGE_CURVE('',#1926,#1945,#1197,.T.);
#2523=EDGE_CURVE('',#1925,#1947,#1198,.T.);
#2524=EDGE_CURVE('',#1934,#1924,#831,.T.);
#2525=EDGE_CURVE('',#1923,#1927,#832,.T.);
#2526=EDGE_CURVE('',#1927,#1949,#833,.T.);
#2527=EDGE_CURVE('',#1949,#1919,#1199,.T.);
#2528=EDGE_CURVE('',#1918,#1950,#1200,.T.);
#2529=EDGE_CURVE('',#1950,#1923,#834,.T.);
#2530=EDGE_CURVE('',#1951,#1910,#1201,.T.);
#2531=EDGE_CURVE('',#1952,#1951,#835,.T.);
#2532=EDGE_CURVE('',#1915,#1952,#1202,.T.);
#2533=EDGE_CURVE('',#1953,#1950,#1203,.T.);
#2534=EDGE_CURVE('',#1953,#1954,#836,.T.);
#2535=EDGE_CURVE('',#1954,#1949,#1204,.T.);
#2536=EDGE_CURVE('',#1954,#1916,#1205,.T.);
#2537=EDGE_CURVE('',#1917,#1953,#1206,.T.);
#2538=EDGE_CURVE('',#1955,#1951,#1207,.T.);
#2539=EDGE_CURVE('',#1956,#1955,#837,.T.);
#2540=EDGE_CURVE('',#1956,#1952,#1208,.T.);
#2541=EDGE_CURVE('',#1955,#1908,#1209,.T.);
#2542=EDGE_CURVE('',#1909,#1956,#1210,.T.);
#2543=EDGE_CURVE('',#1944,#1938,#68,.T.);
#2544=EDGE_CURVE('',#1942,#1935,#69,.T.);
#2545=EDGE_CURVE('',#1943,#1928,#56,.T.);
#2546=EDGE_CURVE('',#1941,#1936,#70,.T.);
#2547=ORIENTED_EDGE('',*,*,#1957,.F.);
#2548=ORIENTED_EDGE('',*,*,#1958,.T.);
#2549=ORIENTED_EDGE('',*,*,#1959,.T.);
#2550=ORIENTED_EDGE('',*,*,#1960,.T.);
#2551=ORIENTED_EDGE('',*,*,#1961,.F.);
#2552=ORIENTED_EDGE('',*,*,#1962,.T.);
#2553=ORIENTED_EDGE('',*,*,#1963,.F.);
#2554=ORIENTED_EDGE('',*,*,#1964,.T.);
#2555=ORIENTED_EDGE('',*,*,#1965,.F.);
#2556=ORIENTED_EDGE('',*,*,#1966,.T.);
#2557=ORIENTED_EDGE('',*,*,#1967,.F.);
#2558=ORIENTED_EDGE('',*,*,#1968,.T.);
#2559=ORIENTED_EDGE('',*,*,#1969,.F.);
#2560=ORIENTED_EDGE('',*,*,#1970,.T.);
#2561=ORIENTED_EDGE('',*,*,#1971,.F.);
#2562=ORIENTED_EDGE('',*,*,#1972,.T.);
#2563=ORIENTED_EDGE('',*,*,#1959,.F.);
#2564=ORIENTED_EDGE('',*,*,#1973,.T.);
#2565=ORIENTED_EDGE('',*,*,#1965,.T.);
#2566=ORIENTED_EDGE('',*,*,#1974,.T.);
#2567=ORIENTED_EDGE('',*,*,#1975,.T.);
#2568=ORIENTED_EDGE('',*,*,#1976,.T.);
#2569=ORIENTED_EDGE('',*,*,#1977,.T.);
#2570=ORIENTED_EDGE('',*,*,#1978,.T.);
#2571=ORIENTED_EDGE('',*,*,#1979,.T.);
#2572=ORIENTED_EDGE('',*,*,#1980,.T.);
#2573=ORIENTED_EDGE('',*,*,#1981,.T.);
#2574=ORIENTED_EDGE('',*,*,#1982,.T.);
#2575=ORIENTED_EDGE('',*,*,#1983,.T.);
#2576=ORIENTED_EDGE('',*,*,#1984,.T.);
#2577=ORIENTED_EDGE('',*,*,#1985,.T.);
#2578=ORIENTED_EDGE('',*,*,#1986,.T.);
#2579=ORIENTED_EDGE('',*,*,#1987,.T.);
#2580=ORIENTED_EDGE('',*,*,#1988,.T.);
#2581=ORIENTED_EDGE('',*,*,#1989,.F.);
#2582=ORIENTED_EDGE('',*,*,#1990,.F.);
#2583=ORIENTED_EDGE('',*,*,#1991,.F.);
#2584=ORIENTED_EDGE('',*,*,#1992,.F.);
#2585=ORIENTED_EDGE('',*,*,#1993,.F.);
#2586=ORIENTED_EDGE('',*,*,#1994,.T.);
#2587=ORIENTED_EDGE('',*,*,#1995,.F.);
#2588=ORIENTED_EDGE('',*,*,#1996,.T.);
#2589=ORIENTED_EDGE('',*,*,#1997,.F.);
#2590=ORIENTED_EDGE('',*,*,#1998,.F.);
#2591=ORIENTED_EDGE('',*,*,#1999,.F.);
#2592=ORIENTED_EDGE('',*,*,#2000,.F.);
#2593=ORIENTED_EDGE('',*,*,#2001,.F.);
#2594=ORIENTED_EDGE('',*,*,#2002,.F.);
#2595=ORIENTED_EDGE('',*,*,#2003,.F.);
#2596=ORIENTED_EDGE('',*,*,#2004,.F.);
#2597=ORIENTED_EDGE('',*,*,#2005,.F.);
#2598=ORIENTED_EDGE('',*,*,#2006,.F.);
#2599=ORIENTED_EDGE('',*,*,#2007,.T.);
#2600=ORIENTED_EDGE('',*,*,#2008,.T.);
#2601=ORIENTED_EDGE('',*,*,#2009,.T.);
#2602=ORIENTED_EDGE('',*,*,#2010,.T.);
#2603=ORIENTED_EDGE('',*,*,#1977,.F.);
#2604=ORIENTED_EDGE('',*,*,#2011,.T.);
#2605=ORIENTED_EDGE('',*,*,#1993,.T.);
#2606=ORIENTED_EDGE('',*,*,#2012,.T.);
#2607=ORIENTED_EDGE('',*,*,#2013,.F.);
#2608=ORIENTED_EDGE('',*,*,#2003,.T.);
#2609=ORIENTED_EDGE('',*,*,#2014,.T.);
#2610=ORIENTED_EDGE('',*,*,#1981,.F.);
#2611=ORIENTED_EDGE('',*,*,#2015,.T.);
#2612=ORIENTED_EDGE('',*,*,#1983,.F.);
#2613=ORIENTED_EDGE('',*,*,#2016,.F.);
#2614=ORIENTED_EDGE('',*,*,#2001,.T.);
#2615=ORIENTED_EDGE('',*,*,#1997,.T.);
#2616=ORIENTED_EDGE('',*,*,#2017,.T.);
#2617=ORIENTED_EDGE('',*,*,#1987,.F.);
#2618=ORIENTED_EDGE('',*,*,#2018,.F.);
#2619=ORIENTED_EDGE('',*,*,#2019,.F.);
#2620=ORIENTED_EDGE('',*,*,#2020,.T.);
#2621=ORIENTED_EDGE('',*,*,#2021,.T.);
#2622=ORIENTED_EDGE('',*,*,#2022,.T.);
#2623=ORIENTED_EDGE('',*,*,#2023,.T.);
#2624=ORIENTED_EDGE('',*,*,#2024,.T.);
#2625=ORIENTED_EDGE('',*,*,#2025,.F.);
#2626=ORIENTED_EDGE('',*,*,#2026,.T.);
#2627=ORIENTED_EDGE('',*,*,#2027,.F.);
#2628=ORIENTED_EDGE('',*,*,#2028,.T.);
#2629=ORIENTED_EDGE('',*,*,#2029,.F.);
#2630=ORIENTED_EDGE('',*,*,#2030,.F.);
#2631=ORIENTED_EDGE('',*,*,#2031,.F.);
#2632=ORIENTED_EDGE('',*,*,#2032,.T.);
#2633=ORIENTED_EDGE('',*,*,#2033,.F.);
#2634=ORIENTED_EDGE('',*,*,#2034,.T.);
#2635=ORIENTED_EDGE('',*,*,#2035,.F.);
#2636=ORIENTED_EDGE('',*,*,#2036,.T.);
#2637=ORIENTED_EDGE('',*,*,#2037,.T.);
#2638=ORIENTED_EDGE('',*,*,#2038,.T.);
#2639=ORIENTED_EDGE('',*,*,#2039,.T.);
#2640=ORIENTED_EDGE('',*,*,#2040,.F.);
#2641=ORIENTED_EDGE('',*,*,#2041,.T.);
#2642=ORIENTED_EDGE('',*,*,#2042,.T.);
#2643=ORIENTED_EDGE('',*,*,#2043,.T.);
#2644=ORIENTED_EDGE('',*,*,#2021,.F.);
#2645=ORIENTED_EDGE('',*,*,#2044,.T.);
#2646=ORIENTED_EDGE('',*,*,#2022,.F.);
#2647=ORIENTED_EDGE('',*,*,#2043,.F.);
#2648=ORIENTED_EDGE('',*,*,#2045,.T.);
#2649=ORIENTED_EDGE('',*,*,#2033,.T.);
#2650=ORIENTED_EDGE('',*,*,#2046,.T.);
#2651=ORIENTED_EDGE('',*,*,#2047,.T.);
#2652=ORIENTED_EDGE('',*,*,#2019,.T.);
#2653=ORIENTED_EDGE('',*,*,#2027,.T.);
#2654=ORIENTED_EDGE('',*,*,#2048,.T.);
#2655=ORIENTED_EDGE('',*,*,#2037,.F.);
#2656=ORIENTED_EDGE('',*,*,#2024,.F.);
#2657=ORIENTED_EDGE('',*,*,#2049,.T.);
#2658=ORIENTED_EDGE('',*,*,#2050,.T.);
#2659=ORIENTED_EDGE('',*,*,#1995,.T.);
#2660=ORIENTED_EDGE('',*,*,#2051,.T.);
#2661=ORIENTED_EDGE('',*,*,#1975,.F.);
#2662=ORIENTED_EDGE('',*,*,#2052,.T.);
#2663=ORIENTED_EDGE('',*,*,#2007,.F.);
#2664=ORIENTED_EDGE('',*,*,#2053,.F.);
#2665=ORIENTED_EDGE('',*,*,#1990,.T.);
#2666=ORIENTED_EDGE('',*,*,#2054,.T.);
#2667=ORIENTED_EDGE('',*,*,#2008,.F.);
#2668=ORIENTED_EDGE('',*,*,#2054,.F.);
#2669=ORIENTED_EDGE('',*,*,#1989,.T.);
#2670=ORIENTED_EDGE('',*,*,#2055,.T.);
#2671=ORIENTED_EDGE('',*,*,#2009,.F.);
#2672=ORIENTED_EDGE('',*,*,#2055,.F.);
#2673=ORIENTED_EDGE('',*,*,#1992,.T.);
#2674=ORIENTED_EDGE('',*,*,#2056,.T.);
#2675=ORIENTED_EDGE('',*,*,#2010,.F.);
#2676=ORIENTED_EDGE('',*,*,#2056,.F.);
#2677=ORIENTED_EDGE('',*,*,#1991,.T.);
#2678=ORIENTED_EDGE('',*,*,#2053,.T.);
#2679=ORIENTED_EDGE('',*,*,#2057,.F.);
#2680=ORIENTED_EDGE('',*,*,#2058,.F.);
#2681=ORIENTED_EDGE('',*,*,#2016,.T.);
#2682=ORIENTED_EDGE('',*,*,#2059,.T.);
#2683=ORIENTED_EDGE('',*,*,#2060,.F.);
#2684=ORIENTED_EDGE('',*,*,#2061,.T.);
#2685=ORIENTED_EDGE('',*,*,#2062,.T.);
#2686=ORIENTED_EDGE('',*,*,#2014,.F.);
#2687=ORIENTED_EDGE('',*,*,#1982,.F.);
#2688=ORIENTED_EDGE('',*,*,#2062,.F.);
#2689=ORIENTED_EDGE('',*,*,#2036,.F.);
#2690=ORIENTED_EDGE('',*,*,#2059,.F.);
#2691=ORIENTED_EDGE('',*,*,#2002,.T.);
#2692=ORIENTED_EDGE('',*,*,#2058,.T.);
#2693=ORIENTED_EDGE('',*,*,#2040,.T.);
#2694=ORIENTED_EDGE('',*,*,#2060,.T.);
#2695=ORIENTED_EDGE('',*,*,#2039,.F.);
#2696=ORIENTED_EDGE('',*,*,#2063,.T.);
#2697=ORIENTED_EDGE('',*,*,#2025,.T.);
#2698=ORIENTED_EDGE('',*,*,#2061,.F.);
#2699=ORIENTED_EDGE('',*,*,#2035,.T.);
#2700=ORIENTED_EDGE('',*,*,#2064,.T.);
#2701=ORIENTED_EDGE('',*,*,#2041,.F.);
#2702=ORIENTED_EDGE('',*,*,#2057,.T.);
#2703=ORIENTED_EDGE('',*,*,#2065,.T.);
#2704=ORIENTED_EDGE('',*,*,#2066,.T.);
#2705=ORIENTED_EDGE('',*,*,#2031,.T.);
#2706=ORIENTED_EDGE('',*,*,#2067,.F.);
#2707=ORIENTED_EDGE('',*,*,#2068,.T.);
#2708=ORIENTED_EDGE('',*,*,#2029,.T.);
#2709=ORIENTED_EDGE('',*,*,#2069,.T.);
#2710=ORIENTED_EDGE('',*,*,#2070,.T.);
#2711=ORIENTED_EDGE('',*,*,#2071,.F.);
#2712=ORIENTED_EDGE('',*,*,#2072,.F.);
#2713=ORIENTED_EDGE('',*,*,#2044,.F.);
#2714=ORIENTED_EDGE('',*,*,#2020,.F.);
#2715=ORIENTED_EDGE('',*,*,#2047,.F.);
#2716=ORIENTED_EDGE('',*,*,#2073,.T.);
#2717=ORIENTED_EDGE('',*,*,#2065,.F.);
#2718=ORIENTED_EDGE('',*,*,#2074,.T.);
#2719=ORIENTED_EDGE('',*,*,#1963,.T.);
#2720=ORIENTED_EDGE('',*,*,#2075,.T.);
#2721=ORIENTED_EDGE('',*,*,#2070,.F.);
#2722=ORIENTED_EDGE('',*,*,#2076,.T.);
#2723=ORIENTED_EDGE('',*,*,#2049,.F.);
#2724=ORIENTED_EDGE('',*,*,#2023,.F.);
#2725=ORIENTED_EDGE('',*,*,#2030,.T.);
#2726=ORIENTED_EDGE('',*,*,#2072,.T.);
#2727=ORIENTED_EDGE('',*,*,#2077,.T.);
#2728=ORIENTED_EDGE('',*,*,#1969,.T.);
#2729=ORIENTED_EDGE('',*,*,#2078,.T.);
#2730=ORIENTED_EDGE('',*,*,#2067,.T.);
#2731=ORIENTED_EDGE('',*,*,#2015,.F.);
#2732=ORIENTED_EDGE('',*,*,#2000,.T.);
#2733=ORIENTED_EDGE('',*,*,#2079,.F.);
#2734=ORIENTED_EDGE('',*,*,#2080,.T.);
#2735=ORIENTED_EDGE('',*,*,#2081,.T.);
#2736=ORIENTED_EDGE('',*,*,#2082,.F.);
#2737=ORIENTED_EDGE('',*,*,#1998,.T.);
#2738=ORIENTED_EDGE('',*,*,#2018,.T.);
#2739=ORIENTED_EDGE('',*,*,#2083,.T.);
#2740=ORIENTED_EDGE('',*,*,#2084,.F.);
#2741=ORIENTED_EDGE('',*,*,#1985,.F.);
#2742=ORIENTED_EDGE('',*,*,#1984,.F.);
#2743=ORIENTED_EDGE('',*,*,#2081,.F.);
#2744=ORIENTED_EDGE('',*,*,#2085,.F.);
#2745=ORIENTED_EDGE('',*,*,#2083,.F.);
#2746=ORIENTED_EDGE('',*,*,#1986,.F.);
#2747=ORIENTED_EDGE('',*,*,#1999,.T.);
#2748=ORIENTED_EDGE('',*,*,#2082,.T.);
#2749=ORIENTED_EDGE('',*,*,#2086,.T.);
#2750=ORIENTED_EDGE('',*,*,#2079,.T.);
#2751=ORIENTED_EDGE('',*,*,#2087,.F.);
#2752=ORIENTED_EDGE('',*,*,#2088,.T.);
#2753=ORIENTED_EDGE('',*,*,#2089,.T.);
#2754=ORIENTED_EDGE('',*,*,#2080,.F.);
#2755=ORIENTED_EDGE('',*,*,#2090,.T.);
#2756=ORIENTED_EDGE('',*,*,#2091,.T.);
#2757=ORIENTED_EDGE('',*,*,#2092,.F.);
#2758=ORIENTED_EDGE('',*,*,#2084,.T.);
#2759=ORIENTED_EDGE('',*,*,#2093,.F.);
#2760=ORIENTED_EDGE('',*,*,#2094,.T.);
#2761=ORIENTED_EDGE('',*,*,#2090,.F.);
#2762=ORIENTED_EDGE('',*,*,#2085,.T.);
#2763=ORIENTED_EDGE('',*,*,#2089,.F.);
#2764=ORIENTED_EDGE('',*,*,#2095,.T.);
#2765=ORIENTED_EDGE('',*,*,#2092,.T.);
#2766=ORIENTED_EDGE('',*,*,#2096,.T.);
#2767=ORIENTED_EDGE('',*,*,#2097,.T.);
#2768=ORIENTED_EDGE('',*,*,#2098,.T.);
#2769=ORIENTED_EDGE('',*,*,#2087,.T.);
#2770=ORIENTED_EDGE('',*,*,#2086,.F.);
#2771=ORIENTED_EDGE('',*,*,#2097,.F.);
#2772=ORIENTED_EDGE('',*,*,#2099,.T.);
#2773=ORIENTED_EDGE('',*,*,#2093,.T.);
#2774=ORIENTED_EDGE('',*,*,#2100,.T.);
#2775=ORIENTED_EDGE('',*,*,#2012,.F.);
#2776=ORIENTED_EDGE('',*,*,#2006,.T.);
#2777=ORIENTED_EDGE('',*,*,#2101,.F.);
#2778=ORIENTED_EDGE('',*,*,#2102,.T.);
#2779=ORIENTED_EDGE('',*,*,#2103,.T.);
#2780=ORIENTED_EDGE('',*,*,#2104,.F.);
#2781=ORIENTED_EDGE('',*,*,#2004,.T.);
#2782=ORIENTED_EDGE('',*,*,#2013,.T.);
#2783=ORIENTED_EDGE('',*,*,#2105,.T.);
#2784=ORIENTED_EDGE('',*,*,#2106,.F.);
#2785=ORIENTED_EDGE('',*,*,#1979,.F.);
#2786=ORIENTED_EDGE('',*,*,#1978,.F.);
#2787=ORIENTED_EDGE('',*,*,#2103,.F.);
#2788=ORIENTED_EDGE('',*,*,#2107,.T.);
#2789=ORIENTED_EDGE('',*,*,#2105,.F.);
#2790=ORIENTED_EDGE('',*,*,#1980,.F.);
#2791=ORIENTED_EDGE('',*,*,#2005,.T.);
#2792=ORIENTED_EDGE('',*,*,#2104,.T.);
#2793=ORIENTED_EDGE('',*,*,#2108,.T.);
#2794=ORIENTED_EDGE('',*,*,#2101,.T.);
#2795=ORIENTED_EDGE('',*,*,#2109,.T.);
#2796=ORIENTED_EDGE('',*,*,#2110,.T.);
#2797=ORIENTED_EDGE('',*,*,#2111,.F.);
#2798=ORIENTED_EDGE('',*,*,#2106,.T.);
#2799=ORIENTED_EDGE('',*,*,#2112,.F.);
#2800=ORIENTED_EDGE('',*,*,#2113,.T.);
#2801=ORIENTED_EDGE('',*,*,#2114,.T.);
#2802=ORIENTED_EDGE('',*,*,#2102,.F.);
#2803=ORIENTED_EDGE('',*,*,#2115,.F.);
#2804=ORIENTED_EDGE('',*,*,#2116,.T.);
#2805=ORIENTED_EDGE('',*,*,#2109,.F.);
#2806=ORIENTED_EDGE('',*,*,#2107,.F.);
#2807=ORIENTED_EDGE('',*,*,#2114,.F.);
#2808=ORIENTED_EDGE('',*,*,#2117,.T.);
#2809=ORIENTED_EDGE('',*,*,#2111,.T.);
#2810=ORIENTED_EDGE('',*,*,#2118,.T.);
#2811=ORIENTED_EDGE('',*,*,#2119,.T.);
#2812=ORIENTED_EDGE('',*,*,#2120,.T.);
#2813=ORIENTED_EDGE('',*,*,#2112,.T.);
#2814=ORIENTED_EDGE('',*,*,#2108,.F.);
#2815=ORIENTED_EDGE('',*,*,#2119,.F.);
#2816=ORIENTED_EDGE('',*,*,#2121,.T.);
#2817=ORIENTED_EDGE('',*,*,#2115,.T.);
#2818=ORIENTED_EDGE('',*,*,#2122,.T.);
#2819=ORIENTED_EDGE('',*,*,#2078,.F.);
#2820=ORIENTED_EDGE('',*,*,#2123,.T.);
#2821=ORIENTED_EDGE('',*,*,#2074,.F.);
#2822=ORIENTED_EDGE('',*,*,#2068,.F.);
#2823=ORIENTED_EDGE('',*,*,#1967,.T.);
#2824=ORIENTED_EDGE('',*,*,#2124,.T.);
#2825=ORIENTED_EDGE('',*,*,#1957,.T.);
#2826=ORIENTED_EDGE('',*,*,#2125,.T.);
#2827=ORIENTED_EDGE('',*,*,#2075,.F.);
#2828=ORIENTED_EDGE('',*,*,#2126,.T.);
#2829=ORIENTED_EDGE('',*,*,#2077,.F.);
#2830=ORIENTED_EDGE('',*,*,#2071,.T.);
#2831=ORIENTED_EDGE('',*,*,#1961,.T.);
#2832=ORIENTED_EDGE('',*,*,#2127,.T.);
#2833=ORIENTED_EDGE('',*,*,#1971,.T.);
#2834=ORIENTED_EDGE('',*,*,#2128,.T.);
#2835=ORIENTED_EDGE('',*,*,#1966,.F.);
#2836=ORIENTED_EDGE('',*,*,#1973,.F.);
#2837=ORIENTED_EDGE('',*,*,#1958,.F.);
#2838=ORIENTED_EDGE('',*,*,#2124,.F.);
#2839=ORIENTED_EDGE('',*,*,#1960,.F.);
#2840=ORIENTED_EDGE('',*,*,#1974,.F.);
#2841=ORIENTED_EDGE('',*,*,#1972,.F.);
#2842=ORIENTED_EDGE('',*,*,#2127,.F.);
#2843=ORIENTED_EDGE('',*,*,#1970,.F.);
#2844=ORIENTED_EDGE('',*,*,#2126,.F.);
#2845=ORIENTED_EDGE('',*,*,#1962,.F.);
#2846=ORIENTED_EDGE('',*,*,#2128,.F.);
#2847=ORIENTED_EDGE('',*,*,#1964,.F.);
#2848=ORIENTED_EDGE('',*,*,#2123,.F.);
#2849=ORIENTED_EDGE('',*,*,#1968,.F.);
#2850=ORIENTED_EDGE('',*,*,#2125,.F.);
#2851=ORIENTED_EDGE('',*,*,#2028,.F.);
#2852=ORIENTED_EDGE('',*,*,#2050,.F.);
#2853=ORIENTED_EDGE('',*,*,#2076,.F.);
#2854=ORIENTED_EDGE('',*,*,#2069,.F.);
#2855=ORIENTED_EDGE('',*,*,#2032,.F.);
#2856=ORIENTED_EDGE('',*,*,#2066,.F.);
#2857=ORIENTED_EDGE('',*,*,#2073,.F.);
#2858=ORIENTED_EDGE('',*,*,#2046,.F.);
#2859=ORIENTED_EDGE('',*,*,#2094,.F.);
#2860=ORIENTED_EDGE('',*,*,#2099,.F.);
#2861=ORIENTED_EDGE('',*,*,#2096,.F.);
#2862=ORIENTED_EDGE('',*,*,#2091,.F.);
#2863=ORIENTED_EDGE('',*,*,#2095,.F.);
#2864=ORIENTED_EDGE('',*,*,#2088,.F.);
#2865=ORIENTED_EDGE('',*,*,#2098,.F.);
#2866=ORIENTED_EDGE('',*,*,#2100,.F.);
#2867=ORIENTED_EDGE('',*,*,#2116,.F.);
#2868=ORIENTED_EDGE('',*,*,#2121,.F.);
#2869=ORIENTED_EDGE('',*,*,#2118,.F.);
#2870=ORIENTED_EDGE('',*,*,#2110,.F.);
#2871=ORIENTED_EDGE('',*,*,#2117,.F.);
#2872=ORIENTED_EDGE('',*,*,#2113,.F.);
#2873=ORIENTED_EDGE('',*,*,#2120,.F.);
#2874=ORIENTED_EDGE('',*,*,#2122,.F.);
#2875=ORIENTED_EDGE('',*,*,#2026,.F.);
#2876=ORIENTED_EDGE('',*,*,#2063,.F.);
#2877=ORIENTED_EDGE('',*,*,#2038,.F.);
#2878=ORIENTED_EDGE('',*,*,#2048,.F.);
#2879=ORIENTED_EDGE('',*,*,#2034,.F.);
#2880=ORIENTED_EDGE('',*,*,#2045,.F.);
#2881=ORIENTED_EDGE('',*,*,#2042,.F.);
#2882=ORIENTED_EDGE('',*,*,#2064,.F.);
#2883=ORIENTED_EDGE('',*,*,#1976,.F.);
#2884=ORIENTED_EDGE('',*,*,#2051,.F.);
#2885=ORIENTED_EDGE('',*,*,#1994,.F.);
#2886=ORIENTED_EDGE('',*,*,#2011,.F.);
#2887=ORIENTED_EDGE('',*,*,#1988,.F.);
#2888=ORIENTED_EDGE('',*,*,#2017,.F.);
#2889=ORIENTED_EDGE('',*,*,#1996,.F.);
#2890=ORIENTED_EDGE('',*,*,#2052,.F.);
#2891=ORIENTED_EDGE('',*,*,#2129,.F.);
#2892=ORIENTED_EDGE('',*,*,#2130,.T.);
#2893=ORIENTED_EDGE('',*,*,#2131,.F.);
#2894=ORIENTED_EDGE('',*,*,#2132,.T.);
#2895=ORIENTED_EDGE('',*,*,#2133,.F.);
#2896=ORIENTED_EDGE('',*,*,#2134,.T.);
#2897=ORIENTED_EDGE('',*,*,#2131,.T.);
#2898=ORIENTED_EDGE('',*,*,#2135,.T.);
#2899=ORIENTED_EDGE('',*,*,#2136,.F.);
#2900=ORIENTED_EDGE('',*,*,#2137,.T.);
#2901=ORIENTED_EDGE('',*,*,#2136,.T.);
#2902=ORIENTED_EDGE('',*,*,#2138,.T.);
#2903=ORIENTED_EDGE('',*,*,#2139,.F.);
#2904=ORIENTED_EDGE('',*,*,#2140,.F.);
#2905=ORIENTED_EDGE('',*,*,#2141,.F.);
#2906=ORIENTED_EDGE('',*,*,#2142,.T.);
#2907=ORIENTED_EDGE('',*,*,#2140,.T.);
#2908=ORIENTED_EDGE('',*,*,#2143,.F.);
#2909=ORIENTED_EDGE('',*,*,#2144,.F.);
#2910=ORIENTED_EDGE('',*,*,#2145,.F.);
#2911=ORIENTED_EDGE('',*,*,#2146,.F.);
#2912=ORIENTED_EDGE('',*,*,#2134,.F.);
#2913=ORIENTED_EDGE('',*,*,#2147,.F.);
#2914=ORIENTED_EDGE('',*,*,#2148,.T.);
#2915=ORIENTED_EDGE('',*,*,#2149,.F.);
#2916=ORIENTED_EDGE('',*,*,#2150,.T.);
#2917=ORIENTED_EDGE('',*,*,#2151,.F.);
#2918=ORIENTED_EDGE('',*,*,#2152,.T.);
#2919=ORIENTED_EDGE('',*,*,#2153,.F.);
#2920=ORIENTED_EDGE('',*,*,#2154,.T.);
#2921=ORIENTED_EDGE('',*,*,#2155,.F.);
#2922=ORIENTED_EDGE('',*,*,#2156,.T.);
#2923=ORIENTED_EDGE('',*,*,#2149,.T.);
#2924=ORIENTED_EDGE('',*,*,#2157,.T.);
#2925=ORIENTED_EDGE('',*,*,#2158,.F.);
#2926=ORIENTED_EDGE('',*,*,#2159,.T.);
#2927=ORIENTED_EDGE('',*,*,#2155,.T.);
#2928=ORIENTED_EDGE('',*,*,#2160,.T.);
#2929=ORIENTED_EDGE('',*,*,#2161,.F.);
#2930=ORIENTED_EDGE('',*,*,#2162,.F.);
#2931=ORIENTED_EDGE('',*,*,#2162,.T.);
#2932=ORIENTED_EDGE('',*,*,#2163,.F.);
#2933=ORIENTED_EDGE('',*,*,#2164,.F.);
#2934=ORIENTED_EDGE('',*,*,#2165,.F.);
#2935=ORIENTED_EDGE('',*,*,#2166,.F.);
#2936=ORIENTED_EDGE('',*,*,#2152,.F.);
#2937=ORIENTED_EDGE('',*,*,#2167,.F.);
#2938=ORIENTED_EDGE('',*,*,#2168,.T.);
#2939=ORIENTED_EDGE('',*,*,#2169,.F.);
#2940=ORIENTED_EDGE('',*,*,#2170,.T.);
#2941=ORIENTED_EDGE('',*,*,#2171,.F.);
#2942=ORIENTED_EDGE('',*,*,#2172,.T.);
#2943=ORIENTED_EDGE('',*,*,#2173,.F.);
#2944=ORIENTED_EDGE('',*,*,#2174,.T.);
#2945=ORIENTED_EDGE('',*,*,#2175,.T.);
#2946=ORIENTED_EDGE('',*,*,#2176,.T.);
#2947=ORIENTED_EDGE('',*,*,#2171,.T.);
#2948=ORIENTED_EDGE('',*,*,#2177,.T.);
#2949=ORIENTED_EDGE('',*,*,#2178,.F.);
#2950=ORIENTED_EDGE('',*,*,#2179,.T.);
#2951=ORIENTED_EDGE('',*,*,#2178,.T.);
#2952=ORIENTED_EDGE('',*,*,#2180,.T.);
#2953=ORIENTED_EDGE('',*,*,#2181,.F.);
#2954=ORIENTED_EDGE('',*,*,#2182,.T.);
#2955=ORIENTED_EDGE('',*,*,#2183,.F.);
#2956=ORIENTED_EDGE('',*,*,#2184,.T.);
#2957=ORIENTED_EDGE('',*,*,#2185,.F.);
#2958=ORIENTED_EDGE('',*,*,#2186,.T.);
#2959=ORIENTED_EDGE('',*,*,#2187,.T.);
#2960=ORIENTED_EDGE('',*,*,#2188,.T.);
#2961=ORIENTED_EDGE('',*,*,#2189,.T.);
#2962=ORIENTED_EDGE('',*,*,#2190,.T.);
#2963=ORIENTED_EDGE('',*,*,#2191,.T.);
#2964=ORIENTED_EDGE('',*,*,#2192,.T.);
#2965=ORIENTED_EDGE('',*,*,#2193,.T.);
#2966=ORIENTED_EDGE('',*,*,#2194,.T.);
#2967=ORIENTED_EDGE('',*,*,#2195,.T.);
#2968=ORIENTED_EDGE('',*,*,#2196,.T.);
#2969=ORIENTED_EDGE('',*,*,#2197,.T.);
#2970=ORIENTED_EDGE('',*,*,#2198,.T.);
#2971=ORIENTED_EDGE('',*,*,#2199,.T.);
#2972=ORIENTED_EDGE('',*,*,#2200,.T.);
#2973=ORIENTED_EDGE('',*,*,#2201,.T.);
#2974=ORIENTED_EDGE('',*,*,#2202,.T.);
#2975=ORIENTED_EDGE('',*,*,#2203,.T.);
#2976=ORIENTED_EDGE('',*,*,#2204,.T.);
#2977=ORIENTED_EDGE('',*,*,#2205,.T.);
#2978=ORIENTED_EDGE('',*,*,#2206,.T.);
#2979=ORIENTED_EDGE('',*,*,#2207,.T.);
#2980=ORIENTED_EDGE('',*,*,#2208,.T.);
#2981=ORIENTED_EDGE('',*,*,#2209,.T.);
#2982=ORIENTED_EDGE('',*,*,#2210,.T.);
#2983=ORIENTED_EDGE('',*,*,#2211,.F.);
#2984=ORIENTED_EDGE('',*,*,#2212,.T.);
#2985=ORIENTED_EDGE('',*,*,#2213,.F.);
#2986=ORIENTED_EDGE('',*,*,#2214,.T.);
#2987=ORIENTED_EDGE('',*,*,#2215,.F.);
#2988=ORIENTED_EDGE('',*,*,#2216,.T.);
#2989=ORIENTED_EDGE('',*,*,#2217,.F.);
#2990=ORIENTED_EDGE('',*,*,#2218,.T.);
#2991=ORIENTED_EDGE('',*,*,#2219,.F.);
#2992=ORIENTED_EDGE('',*,*,#2220,.T.);
#2993=ORIENTED_EDGE('',*,*,#2221,.F.);
#2994=ORIENTED_EDGE('',*,*,#2222,.T.);
#2995=ORIENTED_EDGE('',*,*,#2223,.F.);
#2996=ORIENTED_EDGE('',*,*,#2224,.T.);
#2997=ORIENTED_EDGE('',*,*,#2225,.F.);
#2998=ORIENTED_EDGE('',*,*,#2226,.T.);
#2999=ORIENTED_EDGE('',*,*,#2227,.F.);
#3000=ORIENTED_EDGE('',*,*,#2228,.T.);
#3001=ORIENTED_EDGE('',*,*,#2229,.F.);
#3002=ORIENTED_EDGE('',*,*,#2230,.T.);
#3003=ORIENTED_EDGE('',*,*,#2231,.F.);
#3004=ORIENTED_EDGE('',*,*,#2232,.T.);
#3005=ORIENTED_EDGE('',*,*,#2233,.F.);
#3006=ORIENTED_EDGE('',*,*,#2234,.T.);
#3007=ORIENTED_EDGE('',*,*,#2235,.F.);
#3008=ORIENTED_EDGE('',*,*,#2236,.T.);
#3009=ORIENTED_EDGE('',*,*,#2237,.F.);
#3010=ORIENTED_EDGE('',*,*,#2238,.T.);
#3011=ORIENTED_EDGE('',*,*,#2239,.F.);
#3012=ORIENTED_EDGE('',*,*,#2240,.T.);
#3013=ORIENTED_EDGE('',*,*,#2229,.T.);
#3014=ORIENTED_EDGE('',*,*,#2241,.T.);
#3015=ORIENTED_EDGE('',*,*,#2239,.T.);
#3016=ORIENTED_EDGE('',*,*,#2242,.T.);
#3017=ORIENTED_EDGE('',*,*,#2243,.T.);
#3018=ORIENTED_EDGE('',*,*,#2244,.T.);
#3019=ORIENTED_EDGE('',*,*,#2219,.T.);
#3020=ORIENTED_EDGE('',*,*,#2245,.T.);
#3021=ORIENTED_EDGE('',*,*,#2246,.F.);
#3022=ORIENTED_EDGE('',*,*,#2247,.F.);
#3023=ORIENTED_EDGE('',*,*,#2248,.F.);
#3024=ORIENTED_EDGE('',*,*,#2249,.F.);
#3025=ORIENTED_EDGE('',*,*,#2250,.F.);
#3026=ORIENTED_EDGE('',*,*,#2251,.T.);
#3027=ORIENTED_EDGE('',*,*,#2252,.T.);
#3028=ORIENTED_EDGE('',*,*,#2253,.T.);
#3029=ORIENTED_EDGE('',*,*,#2254,.F.);
#3030=ORIENTED_EDGE('',*,*,#2255,.T.);
#3031=ORIENTED_EDGE('',*,*,#2256,.F.);
#3032=ORIENTED_EDGE('',*,*,#2144,.T.);
#3033=ORIENTED_EDGE('',*,*,#2257,.F.);
#3034=ORIENTED_EDGE('',*,*,#2258,.T.);
#3035=ORIENTED_EDGE('',*,*,#2259,.T.);
#3036=ORIENTED_EDGE('',*,*,#2260,.T.);
#3037=ORIENTED_EDGE('',*,*,#2261,.F.);
#3038=ORIENTED_EDGE('',*,*,#2262,.T.);
#3039=ORIENTED_EDGE('',*,*,#2263,.T.);
#3040=ORIENTED_EDGE('',*,*,#2264,.T.);
#3041=ORIENTED_EDGE('',*,*,#2265,.F.);
#3042=ORIENTED_EDGE('',*,*,#2266,.T.);
#3043=ORIENTED_EDGE('',*,*,#2267,.F.);
#3044=ORIENTED_EDGE('',*,*,#2148,.F.);
#3045=ORIENTED_EDGE('',*,*,#2268,.F.);
#3046=ORIENTED_EDGE('',*,*,#2269,.T.);
#3047=ORIENTED_EDGE('',*,*,#2270,.T.);
#3048=ORIENTED_EDGE('',*,*,#2271,.T.);
#3049=ORIENTED_EDGE('',*,*,#2252,.F.);
#3050=ORIENTED_EDGE('',*,*,#2272,.T.);
#3051=ORIENTED_EDGE('',*,*,#2261,.T.);
#3052=ORIENTED_EDGE('',*,*,#2273,.T.);
#3053=ORIENTED_EDGE('',*,*,#2263,.F.);
#3054=ORIENTED_EDGE('',*,*,#2274,.T.);
#3055=ORIENTED_EDGE('',*,*,#2250,.T.);
#3056=ORIENTED_EDGE('',*,*,#2275,.T.);
#3057=ORIENTED_EDGE('',*,*,#2276,.F.);
#3058=ORIENTED_EDGE('',*,*,#2277,.T.);
#3059=ORIENTED_EDGE('',*,*,#2278,.T.);
#3060=ORIENTED_EDGE('',*,*,#2279,.T.);
#3061=ORIENTED_EDGE('',*,*,#2280,.F.);
#3062=ORIENTED_EDGE('',*,*,#2281,.T.);
#3063=ORIENTED_EDGE('',*,*,#2282,.F.);
#3064=ORIENTED_EDGE('',*,*,#2164,.T.);
#3065=ORIENTED_EDGE('',*,*,#2283,.F.);
#3066=ORIENTED_EDGE('',*,*,#2284,.T.);
#3067=ORIENTED_EDGE('',*,*,#2285,.T.);
#3068=ORIENTED_EDGE('',*,*,#2286,.T.);
#3069=ORIENTED_EDGE('',*,*,#2287,.F.);
#3070=ORIENTED_EDGE('',*,*,#2288,.T.);
#3071=ORIENTED_EDGE('',*,*,#2289,.T.);
#3072=ORIENTED_EDGE('',*,*,#2290,.T.);
#3073=ORIENTED_EDGE('',*,*,#2291,.F.);
#3074=ORIENTED_EDGE('',*,*,#2292,.T.);
#3075=ORIENTED_EDGE('',*,*,#2293,.F.);
#3076=ORIENTED_EDGE('',*,*,#2168,.F.);
#3077=ORIENTED_EDGE('',*,*,#2294,.F.);
#3078=ORIENTED_EDGE('',*,*,#2295,.T.);
#3079=ORIENTED_EDGE('',*,*,#2296,.T.);
#3080=ORIENTED_EDGE('',*,*,#2297,.T.);
#3081=ORIENTED_EDGE('',*,*,#2278,.F.);
#3082=ORIENTED_EDGE('',*,*,#2298,.T.);
#3083=ORIENTED_EDGE('',*,*,#2287,.T.);
#3084=ORIENTED_EDGE('',*,*,#2299,.T.);
#3085=ORIENTED_EDGE('',*,*,#2289,.F.);
#3086=ORIENTED_EDGE('',*,*,#2300,.T.);
#3087=ORIENTED_EDGE('',*,*,#2276,.T.);
#3088=ORIENTED_EDGE('',*,*,#2301,.T.);
#3089=ORIENTED_EDGE('',*,*,#2302,.T.);
#3090=ORIENTED_EDGE('',*,*,#2303,.T.);
#3091=ORIENTED_EDGE('',*,*,#2304,.T.);
#3092=ORIENTED_EDGE('',*,*,#2305,.T.);
#3093=ORIENTED_EDGE('',*,*,#2306,.T.);
#3094=ORIENTED_EDGE('',*,*,#2307,.T.);
#3095=ORIENTED_EDGE('',*,*,#2183,.T.);
#3096=ORIENTED_EDGE('',*,*,#2308,.T.);
#3097=ORIENTED_EDGE('',*,*,#2309,.T.);
#3098=ORIENTED_EDGE('',*,*,#2310,.F.);
#3099=ORIENTED_EDGE('',*,*,#2311,.F.);
#3100=ORIENTED_EDGE('',*,*,#2312,.T.);
#3101=ORIENTED_EDGE('',*,*,#2313,.T.);
#3102=ORIENTED_EDGE('',*,*,#2314,.T.);
#3103=ORIENTED_EDGE('',*,*,#2315,.F.);
#3104=ORIENTED_EDGE('',*,*,#2175,.F.);
#3105=ORIENTED_EDGE('',*,*,#2316,.F.);
#3106=ORIENTED_EDGE('',*,*,#2317,.T.);
#3107=ORIENTED_EDGE('',*,*,#2305,.F.);
#3108=ORIENTED_EDGE('',*,*,#2318,.T.);
#3109=ORIENTED_EDGE('',*,*,#2319,.T.);
#3110=ORIENTED_EDGE('',*,*,#2311,.T.);
#3111=ORIENTED_EDGE('',*,*,#2320,.T.);
#3112=ORIENTED_EDGE('',*,*,#2313,.F.);
#3113=ORIENTED_EDGE('',*,*,#2321,.T.);
#3114=ORIENTED_EDGE('',*,*,#2322,.T.);
#3115=ORIENTED_EDGE('',*,*,#2310,.T.);
#3116=ORIENTED_EDGE('',*,*,#2323,.T.);
#3117=ORIENTED_EDGE('',*,*,#2324,.F.);
#3118=ORIENTED_EDGE('',*,*,#2325,.T.);
#3119=ORIENTED_EDGE('',*,*,#2326,.T.);
#3120=ORIENTED_EDGE('',*,*,#2327,.F.);
#3121=ORIENTED_EDGE('',*,*,#2328,.T.);
#3122=ORIENTED_EDGE('',*,*,#2329,.T.);
#3123=ORIENTED_EDGE('',*,*,#2330,.F.);
#3124=ORIENTED_EDGE('',*,*,#2327,.T.);
#3125=ORIENTED_EDGE('',*,*,#2331,.T.);
#3126=ORIENTED_EDGE('',*,*,#2332,.T.);
#3127=ORIENTED_EDGE('',*,*,#2324,.T.);
#3128=ORIENTED_EDGE('',*,*,#2330,.T.);
#3129=ORIENTED_EDGE('',*,*,#2333,.T.);
#3130=ORIENTED_EDGE('',*,*,#2211,.T.);
#3131=ORIENTED_EDGE('',*,*,#2334,.T.);
#3132=ORIENTED_EDGE('',*,*,#2335,.F.);
#3133=ORIENTED_EDGE('',*,*,#2336,.T.);
#3134=ORIENTED_EDGE('',*,*,#2337,.T.);
#3135=ORIENTED_EDGE('',*,*,#2338,.F.);
#3136=ORIENTED_EDGE('',*,*,#2339,.T.);
#3137=ORIENTED_EDGE('',*,*,#2340,.T.);
#3138=ORIENTED_EDGE('',*,*,#2341,.F.);
#3139=ORIENTED_EDGE('',*,*,#2338,.T.);
#3140=ORIENTED_EDGE('',*,*,#2217,.T.);
#3141=ORIENTED_EDGE('',*,*,#2342,.T.);
#3142=ORIENTED_EDGE('',*,*,#2335,.T.);
#3143=ORIENTED_EDGE('',*,*,#2341,.T.);
#3144=ORIENTED_EDGE('',*,*,#2343,.T.);
#3145=ORIENTED_EDGE('',*,*,#2221,.T.);
#3146=ORIENTED_EDGE('',*,*,#2344,.T.);
#3147=ORIENTED_EDGE('',*,*,#2345,.F.);
#3148=ORIENTED_EDGE('',*,*,#2346,.T.);
#3149=ORIENTED_EDGE('',*,*,#2347,.T.);
#3150=ORIENTED_EDGE('',*,*,#2348,.F.);
#3151=ORIENTED_EDGE('',*,*,#2349,.T.);
#3152=ORIENTED_EDGE('',*,*,#2350,.T.);
#3153=ORIENTED_EDGE('',*,*,#2351,.F.);
#3154=ORIENTED_EDGE('',*,*,#2348,.T.);
#3155=ORIENTED_EDGE('',*,*,#2227,.T.);
#3156=ORIENTED_EDGE('',*,*,#2352,.T.);
#3157=ORIENTED_EDGE('',*,*,#2345,.T.);
#3158=ORIENTED_EDGE('',*,*,#2351,.T.);
#3159=ORIENTED_EDGE('',*,*,#2353,.T.);
#3160=ORIENTED_EDGE('',*,*,#2231,.T.);
#3161=ORIENTED_EDGE('',*,*,#2354,.T.);
#3162=ORIENTED_EDGE('',*,*,#2355,.F.);
#3163=ORIENTED_EDGE('',*,*,#2356,.T.);
#3164=ORIENTED_EDGE('',*,*,#2357,.T.);
#3165=ORIENTED_EDGE('',*,*,#2358,.F.);
#3166=ORIENTED_EDGE('',*,*,#2359,.T.);
#3167=ORIENTED_EDGE('',*,*,#2360,.T.);
#3168=ORIENTED_EDGE('',*,*,#2361,.F.);
#3169=ORIENTED_EDGE('',*,*,#2358,.T.);
#3170=ORIENTED_EDGE('',*,*,#2361,.T.);
#3171=ORIENTED_EDGE('',*,*,#2362,.T.);
#3172=ORIENTED_EDGE('',*,*,#2363,.T.);
#3173=ORIENTED_EDGE('',*,*,#2364,.T.);
#3174=ORIENTED_EDGE('',*,*,#2237,.T.);
#3175=ORIENTED_EDGE('',*,*,#2365,.T.);
#3176=ORIENTED_EDGE('',*,*,#2355,.T.);
#3177=ORIENTED_EDGE('',*,*,#2246,.T.);
#3178=ORIENTED_EDGE('',*,*,#2366,.F.);
#3179=ORIENTED_EDGE('',*,*,#2367,.F.);
#3180=ORIENTED_EDGE('',*,*,#2368,.T.);
#3181=ORIENTED_EDGE('',*,*,#2249,.T.);
#3182=ORIENTED_EDGE('',*,*,#2369,.F.);
#3183=ORIENTED_EDGE('',*,*,#2370,.F.);
#3184=ORIENTED_EDGE('',*,*,#2366,.T.);
#3185=ORIENTED_EDGE('',*,*,#2248,.T.);
#3186=ORIENTED_EDGE('',*,*,#2371,.F.);
#3187=ORIENTED_EDGE('',*,*,#2372,.F.);
#3188=ORIENTED_EDGE('',*,*,#2369,.T.);
#3189=ORIENTED_EDGE('',*,*,#2247,.T.);
#3190=ORIENTED_EDGE('',*,*,#2368,.F.);
#3191=ORIENTED_EDGE('',*,*,#2373,.F.);
#3192=ORIENTED_EDGE('',*,*,#2371,.T.);
#3193=ORIENTED_EDGE('',*,*,#2367,.T.);
#3194=ORIENTED_EDGE('',*,*,#2370,.T.);
#3195=ORIENTED_EDGE('',*,*,#2372,.T.);
#3196=ORIENTED_EDGE('',*,*,#2373,.T.);
#3197=ORIENTED_EDGE('',*,*,#2307,.F.);
#3198=ORIENTED_EDGE('',*,*,#2374,.T.);
#3199=ORIENTED_EDGE('',*,*,#2316,.T.);
#3200=ORIENTED_EDGE('',*,*,#2375,.T.);
#3201=ORIENTED_EDGE('',*,*,#2173,.T.);
#3202=ORIENTED_EDGE('',*,*,#2376,.T.);
#3203=ORIENTED_EDGE('',*,*,#2185,.T.);
#3204=ORIENTED_EDGE('',*,*,#2377,.T.);
#3205=ORIENTED_EDGE('',*,*,#2296,.F.);
#3206=ORIENTED_EDGE('',*,*,#2378,.T.);
#3207=ORIENTED_EDGE('',*,*,#2280,.T.);
#3208=ORIENTED_EDGE('',*,*,#2379,.T.);
#3209=ORIENTED_EDGE('',*,*,#2151,.T.);
#3210=ORIENTED_EDGE('',*,*,#2380,.T.);
#3211=ORIENTED_EDGE('',*,*,#2158,.T.);
#3212=ORIENTED_EDGE('',*,*,#2165,.T.);
#3213=ORIENTED_EDGE('',*,*,#2282,.T.);
#3214=ORIENTED_EDGE('',*,*,#2381,.T.);
#3215=ORIENTED_EDGE('',*,*,#2294,.T.);
#3216=ORIENTED_EDGE('',*,*,#2167,.T.);
#3217=ORIENTED_EDGE('',*,*,#2270,.F.);
#3218=ORIENTED_EDGE('',*,*,#2382,.T.);
#3219=ORIENTED_EDGE('',*,*,#2254,.T.);
#3220=ORIENTED_EDGE('',*,*,#2383,.T.);
#3221=ORIENTED_EDGE('',*,*,#2133,.T.);
#3222=ORIENTED_EDGE('',*,*,#2384,.T.);
#3223=ORIENTED_EDGE('',*,*,#2141,.T.);
#3224=ORIENTED_EDGE('',*,*,#2145,.T.);
#3225=ORIENTED_EDGE('',*,*,#2256,.T.);
#3226=ORIENTED_EDGE('',*,*,#2385,.T.);
#3227=ORIENTED_EDGE('',*,*,#2268,.T.);
#3228=ORIENTED_EDGE('',*,*,#2147,.T.);
#3229=ORIENTED_EDGE('',*,*,#2308,.F.);
#3230=ORIENTED_EDGE('',*,*,#2386,.T.);
#3231=ORIENTED_EDGE('',*,*,#2315,.T.);
#3232=ORIENTED_EDGE('',*,*,#2387,.T.);
#3233=ORIENTED_EDGE('',*,*,#2181,.T.);
#3234=ORIENTED_EDGE('',*,*,#2388,.T.);
#3235=ORIENTED_EDGE('',*,*,#2169,.T.);
#3236=ORIENTED_EDGE('',*,*,#2389,.T.);
#3237=ORIENTED_EDGE('',*,*,#2285,.F.);
#3238=ORIENTED_EDGE('',*,*,#2390,.T.);
#3239=ORIENTED_EDGE('',*,*,#2291,.T.);
#3240=ORIENTED_EDGE('',*,*,#2391,.T.);
#3241=ORIENTED_EDGE('',*,*,#2161,.T.);
#3242=ORIENTED_EDGE('',*,*,#2392,.T.);
#3243=ORIENTED_EDGE('',*,*,#2153,.T.);
#3244=ORIENTED_EDGE('',*,*,#2166,.T.);
#3245=ORIENTED_EDGE('',*,*,#2293,.T.);
#3246=ORIENTED_EDGE('',*,*,#2393,.T.);
#3247=ORIENTED_EDGE('',*,*,#2283,.T.);
#3248=ORIENTED_EDGE('',*,*,#2163,.T.);
#3249=ORIENTED_EDGE('',*,*,#2265,.T.);
#3250=ORIENTED_EDGE('',*,*,#2394,.T.);
#3251=ORIENTED_EDGE('',*,*,#2259,.F.);
#3252=ORIENTED_EDGE('',*,*,#2395,.T.);
#3253=ORIENTED_EDGE('',*,*,#2139,.T.);
#3254=ORIENTED_EDGE('',*,*,#2396,.T.);
#3255=ORIENTED_EDGE('',*,*,#2129,.T.);
#3256=ORIENTED_EDGE('',*,*,#2146,.T.);
#3257=ORIENTED_EDGE('',*,*,#2267,.T.);
#3258=ORIENTED_EDGE('',*,*,#2397,.T.);
#3259=ORIENTED_EDGE('',*,*,#2257,.T.);
#3260=ORIENTED_EDGE('',*,*,#2143,.T.);
#3261=ORIENTED_EDGE('',*,*,#2138,.F.);
#3262=ORIENTED_EDGE('',*,*,#2135,.F.);
#3263=ORIENTED_EDGE('',*,*,#2130,.F.);
#3264=ORIENTED_EDGE('',*,*,#2396,.F.);
#3265=ORIENTED_EDGE('',*,*,#2132,.F.);
#3266=ORIENTED_EDGE('',*,*,#2137,.F.);
#3267=ORIENTED_EDGE('',*,*,#2142,.F.);
#3268=ORIENTED_EDGE('',*,*,#2384,.F.);
#3269=ORIENTED_EDGE('',*,*,#2150,.F.);
#3270=ORIENTED_EDGE('',*,*,#2156,.F.);
#3271=ORIENTED_EDGE('',*,*,#2159,.F.);
#3272=ORIENTED_EDGE('',*,*,#2380,.F.);
#3273=ORIENTED_EDGE('',*,*,#2160,.F.);
#3274=ORIENTED_EDGE('',*,*,#2157,.F.);
#3275=ORIENTED_EDGE('',*,*,#2154,.F.);
#3276=ORIENTED_EDGE('',*,*,#2392,.F.);
#3277=ORIENTED_EDGE('',*,*,#2180,.F.);
#3278=ORIENTED_EDGE('',*,*,#2177,.F.);
#3279=ORIENTED_EDGE('',*,*,#2170,.F.);
#3280=ORIENTED_EDGE('',*,*,#2388,.F.);
#3281=ORIENTED_EDGE('',*,*,#2172,.F.);
#3282=ORIENTED_EDGE('',*,*,#2179,.F.);
#3283=ORIENTED_EDGE('',*,*,#2186,.F.);
#3284=ORIENTED_EDGE('',*,*,#2376,.F.);
#3285=ORIENTED_EDGE('',*,*,#2264,.F.);
#3286=ORIENTED_EDGE('',*,*,#2275,.F.);
#3287=ORIENTED_EDGE('',*,*,#2260,.F.);
#3288=ORIENTED_EDGE('',*,*,#2394,.F.);
#3289=ORIENTED_EDGE('',*,*,#2266,.F.);
#3290=ORIENTED_EDGE('',*,*,#2395,.F.);
#3291=ORIENTED_EDGE('',*,*,#2258,.F.);
#3292=ORIENTED_EDGE('',*,*,#2397,.F.);
#3293=ORIENTED_EDGE('',*,*,#2255,.F.);
#3294=ORIENTED_EDGE('',*,*,#2382,.F.);
#3295=ORIENTED_EDGE('',*,*,#2269,.F.);
#3296=ORIENTED_EDGE('',*,*,#2385,.F.);
#3297=ORIENTED_EDGE('',*,*,#2253,.F.);
#3298=ORIENTED_EDGE('',*,*,#2273,.F.);
#3299=ORIENTED_EDGE('',*,*,#2271,.F.);
#3300=ORIENTED_EDGE('',*,*,#2383,.F.);
#3301=ORIENTED_EDGE('',*,*,#2281,.F.);
#3302=ORIENTED_EDGE('',*,*,#2378,.F.);
#3303=ORIENTED_EDGE('',*,*,#2295,.F.);
#3304=ORIENTED_EDGE('',*,*,#2381,.F.);
#3305=ORIENTED_EDGE('',*,*,#2279,.F.);
#3306=ORIENTED_EDGE('',*,*,#2299,.F.);
#3307=ORIENTED_EDGE('',*,*,#2297,.F.);
#3308=ORIENTED_EDGE('',*,*,#2379,.F.);
#3309=ORIENTED_EDGE('',*,*,#2292,.F.);
#3310=ORIENTED_EDGE('',*,*,#2390,.F.);
#3311=ORIENTED_EDGE('',*,*,#2284,.F.);
#3312=ORIENTED_EDGE('',*,*,#2393,.F.);
#3313=ORIENTED_EDGE('',*,*,#2290,.F.);
#3314=ORIENTED_EDGE('',*,*,#2301,.F.);
#3315=ORIENTED_EDGE('',*,*,#2286,.F.);
#3316=ORIENTED_EDGE('',*,*,#2391,.F.);
#3317=ORIENTED_EDGE('',*,*,#2176,.F.);
#3318=ORIENTED_EDGE('',*,*,#2386,.F.);
#3319=ORIENTED_EDGE('',*,*,#2182,.F.);
#3320=ORIENTED_EDGE('',*,*,#2389,.F.);
#3321=ORIENTED_EDGE('',*,*,#2314,.F.);
#3322=ORIENTED_EDGE('',*,*,#2323,.F.);
#3323=ORIENTED_EDGE('',*,*,#2309,.F.);
#3324=ORIENTED_EDGE('',*,*,#2387,.F.);
#3325=ORIENTED_EDGE('',*,*,#2306,.F.);
#3326=ORIENTED_EDGE('',*,*,#2320,.F.);
#3327=ORIENTED_EDGE('',*,*,#2317,.F.);
#3328=ORIENTED_EDGE('',*,*,#2374,.F.);
#3329=ORIENTED_EDGE('',*,*,#2184,.F.);
#3330=ORIENTED_EDGE('',*,*,#2375,.F.);
#3331=ORIENTED_EDGE('',*,*,#2174,.F.);
#3332=ORIENTED_EDGE('',*,*,#2377,.F.);
#3333=ORIENTED_EDGE('',*,*,#2398,.F.);
#3334=ORIENTED_EDGE('',*,*,#2222,.F.);
#3335=ORIENTED_EDGE('',*,*,#2343,.F.);
#3336=ORIENTED_EDGE('',*,*,#2340,.F.);
#3337=ORIENTED_EDGE('',*,*,#2223,.T.);
#3338=ORIENTED_EDGE('',*,*,#2398,.T.);
#3339=ORIENTED_EDGE('',*,*,#2399,.F.);
#3340=ORIENTED_EDGE('',*,*,#2400,.F.);
#3341=ORIENTED_EDGE('',*,*,#2399,.T.);
#3342=ORIENTED_EDGE('',*,*,#2339,.F.);
#3343=ORIENTED_EDGE('',*,*,#2401,.F.);
#3344=ORIENTED_EDGE('',*,*,#2194,.F.);
#3345=ORIENTED_EDGE('',*,*,#2400,.T.);
#3346=ORIENTED_EDGE('',*,*,#2193,.F.);
#3347=ORIENTED_EDGE('',*,*,#2402,.F.);
#3348=ORIENTED_EDGE('',*,*,#2224,.F.);
#3349=ORIENTED_EDGE('',*,*,#2352,.F.);
#3350=ORIENTED_EDGE('',*,*,#2226,.F.);
#3351=ORIENTED_EDGE('',*,*,#2403,.F.);
#3352=ORIENTED_EDGE('',*,*,#2346,.F.);
#3353=ORIENTED_EDGE('',*,*,#2342,.F.);
#3354=ORIENTED_EDGE('',*,*,#2216,.F.);
#3355=ORIENTED_EDGE('',*,*,#2404,.F.);
#3356=ORIENTED_EDGE('',*,*,#2336,.F.);
#3357=ORIENTED_EDGE('',*,*,#2401,.T.);
#3358=ORIENTED_EDGE('',*,*,#2337,.F.);
#3359=ORIENTED_EDGE('',*,*,#2405,.F.);
#3360=ORIENTED_EDGE('',*,*,#2195,.F.);
#3361=ORIENTED_EDGE('',*,*,#2225,.T.);
#3362=ORIENTED_EDGE('',*,*,#2402,.T.);
#3363=ORIENTED_EDGE('',*,*,#2406,.F.);
#3364=ORIENTED_EDGE('',*,*,#2403,.T.);
#3365=ORIENTED_EDGE('',*,*,#2404,.T.);
#3366=ORIENTED_EDGE('',*,*,#2215,.T.);
#3367=ORIENTED_EDGE('',*,*,#2407,.F.);
#3368=ORIENTED_EDGE('',*,*,#2405,.T.);
#3369=ORIENTED_EDGE('',*,*,#2406,.T.);
#3370=ORIENTED_EDGE('',*,*,#2192,.F.);
#3371=ORIENTED_EDGE('',*,*,#2408,.F.);
#3372=ORIENTED_EDGE('',*,*,#2347,.F.);
#3373=ORIENTED_EDGE('',*,*,#2333,.F.);
#3374=ORIENTED_EDGE('',*,*,#2329,.F.);
#3375=ORIENTED_EDGE('',*,*,#2409,.F.);
#3376=ORIENTED_EDGE('',*,*,#2212,.F.);
#3377=ORIENTED_EDGE('',*,*,#2407,.T.);
#3378=ORIENTED_EDGE('',*,*,#2214,.F.);
#3379=ORIENTED_EDGE('',*,*,#2410,.F.);
#3380=ORIENTED_EDGE('',*,*,#2196,.F.);
#3381=ORIENTED_EDGE('',*,*,#2408,.T.);
#3382=ORIENTED_EDGE('',*,*,#2191,.F.);
#3383=ORIENTED_EDGE('',*,*,#2411,.F.);
#3384=ORIENTED_EDGE('',*,*,#2349,.F.);
#3385=ORIENTED_EDGE('',*,*,#2353,.F.);
#3386=ORIENTED_EDGE('',*,*,#2350,.F.);
#3387=ORIENTED_EDGE('',*,*,#2412,.F.);
#3388=ORIENTED_EDGE('',*,*,#2232,.F.);
#3389=ORIENTED_EDGE('',*,*,#2213,.T.);
#3390=ORIENTED_EDGE('',*,*,#2409,.T.);
#3391=ORIENTED_EDGE('',*,*,#2413,.F.);
#3392=ORIENTED_EDGE('',*,*,#2410,.T.);
#3393=ORIENTED_EDGE('',*,*,#2412,.T.);
#3394=ORIENTED_EDGE('',*,*,#2411,.T.);
#3395=ORIENTED_EDGE('',*,*,#2414,.F.);
#3396=ORIENTED_EDGE('',*,*,#2233,.T.);
#3397=ORIENTED_EDGE('',*,*,#2413,.T.);
#3398=ORIENTED_EDGE('',*,*,#2328,.F.);
#3399=ORIENTED_EDGE('',*,*,#2415,.F.);
#3400=ORIENTED_EDGE('',*,*,#2197,.F.);
#3401=ORIENTED_EDGE('',*,*,#2414,.T.);
#3402=ORIENTED_EDGE('',*,*,#2190,.F.);
#3403=ORIENTED_EDGE('',*,*,#2416,.F.);
#3404=ORIENTED_EDGE('',*,*,#2234,.F.);
#3405=ORIENTED_EDGE('',*,*,#2365,.F.);
#3406=ORIENTED_EDGE('',*,*,#2236,.F.);
#3407=ORIENTED_EDGE('',*,*,#2417,.F.);
#3408=ORIENTED_EDGE('',*,*,#2356,.F.);
#3409=ORIENTED_EDGE('',*,*,#2332,.F.);
#3410=ORIENTED_EDGE('',*,*,#2418,.F.);
#3411=ORIENTED_EDGE('',*,*,#2419,.F.);
#3412=ORIENTED_EDGE('',*,*,#2325,.F.);
#3413=ORIENTED_EDGE('',*,*,#2415,.T.);
#3414=ORIENTED_EDGE('',*,*,#2326,.F.);
#3415=ORIENTED_EDGE('',*,*,#2420,.F.);
#3416=ORIENTED_EDGE('',*,*,#2198,.F.);
#3417=ORIENTED_EDGE('',*,*,#2235,.T.);
#3418=ORIENTED_EDGE('',*,*,#2416,.T.);
#3419=ORIENTED_EDGE('',*,*,#2421,.F.);
#3420=ORIENTED_EDGE('',*,*,#2417,.T.);
#3421=ORIENTED_EDGE('',*,*,#2419,.T.);
#3422=ORIENTED_EDGE('',*,*,#2422,.T.);
#3423=ORIENTED_EDGE('',*,*,#2423,.F.);
#3424=ORIENTED_EDGE('',*,*,#2420,.T.);
#3425=ORIENTED_EDGE('',*,*,#2421,.T.);
#3426=ORIENTED_EDGE('',*,*,#2189,.F.);
#3427=ORIENTED_EDGE('',*,*,#2424,.F.);
#3428=ORIENTED_EDGE('',*,*,#2357,.F.);
#3429=ORIENTED_EDGE('',*,*,#2423,.T.);
#3430=ORIENTED_EDGE('',*,*,#2425,.F.);
#3431=ORIENTED_EDGE('',*,*,#2426,.F.);
#3432=ORIENTED_EDGE('',*,*,#2187,.F.);
#3433=ORIENTED_EDGE('',*,*,#2424,.T.);
#3434=ORIENTED_EDGE('',*,*,#2188,.F.);
#3435=ORIENTED_EDGE('',*,*,#2427,.F.);
#3436=ORIENTED_EDGE('',*,*,#2359,.F.);
#3437=ORIENTED_EDGE('',*,*,#2426,.T.);
#3438=ORIENTED_EDGE('',*,*,#2428,.T.);
#3439=ORIENTED_EDGE('',*,*,#2429,.F.);
#3440=ORIENTED_EDGE('',*,*,#2427,.T.);
#3441=ORIENTED_EDGE('',*,*,#2362,.F.);
#3442=ORIENTED_EDGE('',*,*,#2360,.F.);
#3443=ORIENTED_EDGE('',*,*,#2429,.T.);
#3444=ORIENTED_EDGE('',*,*,#2430,.F.);
#3445=ORIENTED_EDGE('',*,*,#2431,.F.);
#3446=ORIENTED_EDGE('',*,*,#2202,.F.);
#3447=ORIENTED_EDGE('',*,*,#2432,.F.);
#3448=ORIENTED_EDGE('',*,*,#2272,.F.);
#3449=ORIENTED_EDGE('',*,*,#2432,.T.);
#3450=ORIENTED_EDGE('',*,*,#2201,.F.);
#3451=ORIENTED_EDGE('',*,*,#2433,.F.);
#3452=ORIENTED_EDGE('',*,*,#2262,.F.);
#3453=ORIENTED_EDGE('',*,*,#2431,.T.);
#3454=ORIENTED_EDGE('',*,*,#2251,.F.);
#3455=ORIENTED_EDGE('',*,*,#2434,.F.);
#3456=ORIENTED_EDGE('',*,*,#2199,.F.);
#3457=ORIENTED_EDGE('',*,*,#2433,.T.);
#3458=ORIENTED_EDGE('',*,*,#2200,.F.);
#3459=ORIENTED_EDGE('',*,*,#2434,.T.);
#3460=ORIENTED_EDGE('',*,*,#2274,.F.);
#3461=ORIENTED_EDGE('',*,*,#2435,.F.);
#3462=ORIENTED_EDGE('',*,*,#2206,.F.);
#3463=ORIENTED_EDGE('',*,*,#2436,.F.);
#3464=ORIENTED_EDGE('',*,*,#2298,.F.);
#3465=ORIENTED_EDGE('',*,*,#2436,.T.);
#3466=ORIENTED_EDGE('',*,*,#2205,.F.);
#3467=ORIENTED_EDGE('',*,*,#2437,.F.);
#3468=ORIENTED_EDGE('',*,*,#2288,.F.);
#3469=ORIENTED_EDGE('',*,*,#2435,.T.);
#3470=ORIENTED_EDGE('',*,*,#2277,.F.);
#3471=ORIENTED_EDGE('',*,*,#2438,.F.);
#3472=ORIENTED_EDGE('',*,*,#2203,.F.);
#3473=ORIENTED_EDGE('',*,*,#2437,.T.);
#3474=ORIENTED_EDGE('',*,*,#2204,.F.);
#3475=ORIENTED_EDGE('',*,*,#2438,.T.);
#3476=ORIENTED_EDGE('',*,*,#2300,.F.);
#3477=ORIENTED_EDGE('',*,*,#2439,.F.);
#3478=ORIENTED_EDGE('',*,*,#2210,.F.);
#3479=ORIENTED_EDGE('',*,*,#2440,.F.);
#3480=ORIENTED_EDGE('',*,*,#2318,.F.);
#3481=ORIENTED_EDGE('',*,*,#2304,.F.);
#3482=ORIENTED_EDGE('',*,*,#2440,.T.);
#3483=ORIENTED_EDGE('',*,*,#2209,.F.);
#3484=ORIENTED_EDGE('',*,*,#2441,.F.);
#3485=ORIENTED_EDGE('',*,*,#2321,.F.);
#3486=ORIENTED_EDGE('',*,*,#2312,.F.);
#3487=ORIENTED_EDGE('',*,*,#2319,.F.);
#3488=ORIENTED_EDGE('',*,*,#2303,.F.);
#3489=ORIENTED_EDGE('',*,*,#2442,.F.);
#3490=ORIENTED_EDGE('',*,*,#2207,.F.);
#3491=ORIENTED_EDGE('',*,*,#2439,.T.);
#3492=ORIENTED_EDGE('',*,*,#2441,.T.);
#3493=ORIENTED_EDGE('',*,*,#2208,.F.);
#3494=ORIENTED_EDGE('',*,*,#2442,.T.);
#3495=ORIENTED_EDGE('',*,*,#2302,.F.);
#3496=ORIENTED_EDGE('',*,*,#2322,.F.);
#3497=ORIENTED_EDGE('',*,*,#2241,.F.);
#3498=ORIENTED_EDGE('',*,*,#2228,.F.);
#3499=ORIENTED_EDGE('',*,*,#2354,.F.);
#3500=ORIENTED_EDGE('',*,*,#2240,.F.);
#3501=ORIENTED_EDGE('',*,*,#2242,.F.);
#3502=ORIENTED_EDGE('',*,*,#2238,.F.);
#3503=ORIENTED_EDGE('',*,*,#2364,.F.);
#3504=ORIENTED_EDGE('',*,*,#2443,.F.);
#3505=ORIENTED_EDGE('',*,*,#2244,.F.);
#3506=ORIENTED_EDGE('',*,*,#2444,.F.);
#3507=ORIENTED_EDGE('',*,*,#2334,.F.);
#3508=ORIENTED_EDGE('',*,*,#2220,.F.);
#3509=ORIENTED_EDGE('',*,*,#2245,.F.);
#3510=ORIENTED_EDGE('',*,*,#2218,.F.);
#3511=ORIENTED_EDGE('',*,*,#2344,.F.);
#3512=ORIENTED_EDGE('',*,*,#2230,.F.);
#3513=ORIENTED_EDGE('',*,*,#2363,.F.);
#3514=ORIENTED_EDGE('',*,*,#2430,.T.);
#3515=ORIENTED_EDGE('',*,*,#2428,.F.);
#3516=ORIENTED_EDGE('',*,*,#2425,.T.);
#3517=ORIENTED_EDGE('',*,*,#2422,.F.);
#3518=ORIENTED_EDGE('',*,*,#2418,.T.);
#3519=ORIENTED_EDGE('',*,*,#2331,.F.);
#3520=ORIENTED_EDGE('',*,*,#2444,.T.);
#3521=ORIENTED_EDGE('',*,*,#2243,.F.);
#3522=ORIENTED_EDGE('',*,*,#2443,.T.);
#3523=ORIENTED_EDGE('',*,*,#2445,.F.);
#3524=ORIENTED_EDGE('',*,*,#2446,.T.);
#3525=ORIENTED_EDGE('',*,*,#2447,.T.);
#3526=ORIENTED_EDGE('',*,*,#2446,.F.);
#3527=ORIENTED_EDGE('',*,*,#2448,.F.);
#3528=ORIENTED_EDGE('',*,*,#2449,.T.);
#3529=ORIENTED_EDGE('',*,*,#2450,.T.);
#3530=ORIENTED_EDGE('',*,*,#2449,.F.);
#3531=ORIENTED_EDGE('',*,*,#2451,.F.);
#3532=ORIENTED_EDGE('',*,*,#2452,.T.);
#3533=ORIENTED_EDGE('',*,*,#2453,.T.);
#3534=ORIENTED_EDGE('',*,*,#2452,.F.);
#3535=ORIENTED_EDGE('',*,*,#2454,.F.);
#3536=ORIENTED_EDGE('',*,*,#2455,.T.);
#3537=ORIENTED_EDGE('',*,*,#2456,.T.);
#3538=ORIENTED_EDGE('',*,*,#2455,.F.);
#3539=ORIENTED_EDGE('',*,*,#2457,.F.);
#3540=ORIENTED_EDGE('',*,*,#2458,.T.);
#3541=ORIENTED_EDGE('',*,*,#2459,.F.);
#3542=ORIENTED_EDGE('',*,*,#2460,.T.);
#3543=ORIENTED_EDGE('',*,*,#2461,.F.);
#3544=ORIENTED_EDGE('',*,*,#2462,.F.);
#3545=ORIENTED_EDGE('',*,*,#2463,.F.);
#3546=ORIENTED_EDGE('',*,*,#2464,.T.);
#3547=ORIENTED_EDGE('',*,*,#2465,.F.);
#3548=ORIENTED_EDGE('',*,*,#2466,.T.);
#3549=ORIENTED_EDGE('',*,*,#2467,.T.);
#3550=ORIENTED_EDGE('',*,*,#2468,.T.);
#3551=ORIENTED_EDGE('',*,*,#2469,.T.);
#3552=ORIENTED_EDGE('',*,*,#2470,.T.);
#3553=ORIENTED_EDGE('',*,*,#2471,.T.);
#3554=ORIENTED_EDGE('',*,*,#2472,.F.);
#3555=ORIENTED_EDGE('',*,*,#2473,.T.);
#3556=ORIENTED_EDGE('',*,*,#2474,.T.);
#3557=ORIENTED_EDGE('',*,*,#2475,.F.);
#3558=ORIENTED_EDGE('',*,*,#2476,.F.);
#3559=ORIENTED_EDGE('',*,*,#2477,.F.);
#3560=ORIENTED_EDGE('',*,*,#2478,.F.);
#3561=ORIENTED_EDGE('',*,*,#2463,.T.);
#3562=ORIENTED_EDGE('',*,*,#2479,.F.);
#3563=ORIENTED_EDGE('',*,*,#2480,.T.);
#3564=ORIENTED_EDGE('',*,*,#2481,.T.);
#3565=ORIENTED_EDGE('',*,*,#2482,.T.);
#3566=ORIENTED_EDGE('',*,*,#2458,.F.);
#3567=ORIENTED_EDGE('',*,*,#2483,.T.);
#3568=ORIENTED_EDGE('',*,*,#2484,.T.);
#3569=ORIENTED_EDGE('',*,*,#2485,.T.);
#3570=ORIENTED_EDGE('',*,*,#2486,.T.);
#3571=ORIENTED_EDGE('',*,*,#2487,.F.);
#3572=ORIENTED_EDGE('',*,*,#2468,.F.);
#3573=ORIENTED_EDGE('',*,*,#2479,.T.);
#3574=ORIENTED_EDGE('',*,*,#2488,.T.);
#3575=ORIENTED_EDGE('',*,*,#2489,.T.);
#3576=ORIENTED_EDGE('',*,*,#2490,.T.);
#3577=ORIENTED_EDGE('',*,*,#2491,.F.);
#3578=ORIENTED_EDGE('',*,*,#2492,.F.);
#3579=ORIENTED_EDGE('',*,*,#2493,.T.);
#3580=ORIENTED_EDGE('',*,*,#2494,.F.);
#3581=ORIENTED_EDGE('',*,*,#2464,.F.);
#3582=ORIENTED_EDGE('',*,*,#2478,.T.);
#3583=ORIENTED_EDGE('',*,*,#2470,.F.);
#3584=ORIENTED_EDGE('',*,*,#2495,.F.);
#3585=ORIENTED_EDGE('',*,*,#2496,.F.);
#3586=ORIENTED_EDGE('',*,*,#2497,.T.);
#3587=ORIENTED_EDGE('',*,*,#2498,.T.);
#3588=ORIENTED_EDGE('',*,*,#2499,.T.);
#3589=ORIENTED_EDGE('',*,*,#2500,.F.);
#3590=ORIENTED_EDGE('',*,*,#2501,.T.);
#3591=ORIENTED_EDGE('',*,*,#2502,.T.);
#3592=ORIENTED_EDGE('',*,*,#2492,.T.);
#3593=ORIENTED_EDGE('',*,*,#2503,.T.);
#3594=ORIENTED_EDGE('',*,*,#2502,.F.);
#3595=ORIENTED_EDGE('',*,*,#2504,.T.);
#3596=ORIENTED_EDGE('',*,*,#2505,.T.);
#3597=ORIENTED_EDGE('',*,*,#2480,.F.);
#3598=ORIENTED_EDGE('',*,*,#2506,.T.);
#3599=ORIENTED_EDGE('',*,*,#2507,.T.);
#3600=ORIENTED_EDGE('',*,*,#2508,.F.);
#3601=ORIENTED_EDGE('',*,*,#2500,.T.);
#3602=ORIENTED_EDGE('',*,*,#2459,.T.);
#3603=ORIENTED_EDGE('',*,*,#2482,.F.);
#3604=ORIENTED_EDGE('',*,*,#2509,.T.);
#3605=ORIENTED_EDGE('',*,*,#2510,.T.);
#3606=ORIENTED_EDGE('',*,*,#2511,.T.);
#3607=ORIENTED_EDGE('',*,*,#2512,.T.);
#3608=ORIENTED_EDGE('',*,*,#2461,.T.);
#3609=ORIENTED_EDGE('',*,*,#2494,.T.);
#3610=ORIENTED_EDGE('',*,*,#2513,.T.);
#3611=ORIENTED_EDGE('',*,*,#2514,.T.);
#3612=ORIENTED_EDGE('',*,*,#2507,.F.);
#3613=ORIENTED_EDGE('',*,*,#2515,.T.);
#3614=ORIENTED_EDGE('',*,*,#2516,.F.);
#3615=ORIENTED_EDGE('',*,*,#2517,.F.);
#3616=ORIENTED_EDGE('',*,*,#2518,.T.);
#3617=ORIENTED_EDGE('',*,*,#2519,.T.);
#3618=ORIENTED_EDGE('',*,*,#2520,.F.);
#3619=ORIENTED_EDGE('',*,*,#2519,.F.);
#3620=ORIENTED_EDGE('',*,*,#2521,.T.);
#3621=ORIENTED_EDGE('',*,*,#2496,.T.);
#3622=ORIENTED_EDGE('',*,*,#2522,.F.);
#3623=ORIENTED_EDGE('',*,*,#2486,.F.);
#3624=ORIENTED_EDGE('',*,*,#2523,.T.);
#3625=ORIENTED_EDGE('',*,*,#2517,.T.);
#3626=ORIENTED_EDGE('',*,*,#2524,.F.);
#3627=ORIENTED_EDGE('',*,*,#2497,.F.);
#3628=ORIENTED_EDGE('',*,*,#2521,.F.);
#3629=ORIENTED_EDGE('',*,*,#2518,.F.);
#3630=ORIENTED_EDGE('',*,*,#2523,.F.);
#3631=ORIENTED_EDGE('',*,*,#2485,.F.);
#3632=ORIENTED_EDGE('',*,*,#2469,.F.);
#3633=ORIENTED_EDGE('',*,*,#2487,.T.);
#3634=ORIENTED_EDGE('',*,*,#2522,.T.);
#3635=ORIENTED_EDGE('',*,*,#2516,.T.);
#3636=ORIENTED_EDGE('',*,*,#2520,.T.);
#3637=ORIENTED_EDGE('',*,*,#2495,.T.);
#3638=ORIENTED_EDGE('',*,*,#2525,.T.);
#3639=ORIENTED_EDGE('',*,*,#2526,.T.);
#3640=ORIENTED_EDGE('',*,*,#2527,.T.);
#3641=ORIENTED_EDGE('',*,*,#2475,.T.);
#3642=ORIENTED_EDGE('',*,*,#2528,.T.);
#3643=ORIENTED_EDGE('',*,*,#2529,.T.);
#3644=ORIENTED_EDGE('',*,*,#2453,.F.);
#3645=ORIENTED_EDGE('',*,*,#2483,.F.);
#3646=ORIENTED_EDGE('',*,*,#2457,.T.);
#3647=ORIENTED_EDGE('',*,*,#2489,.F.);
#3648=ORIENTED_EDGE('',*,*,#2525,.F.);
#3649=ORIENTED_EDGE('',*,*,#2477,.T.);
#3650=ORIENTED_EDGE('',*,*,#2467,.F.);
#3651=ORIENTED_EDGE('',*,*,#2530,.F.);
#3652=ORIENTED_EDGE('',*,*,#2531,.F.);
#3653=ORIENTED_EDGE('',*,*,#2532,.F.);
#3654=ORIENTED_EDGE('',*,*,#2471,.F.);
#3655=ORIENTED_EDGE('',*,*,#2447,.F.);
#3656=ORIENTED_EDGE('',*,*,#2498,.F.);
#3657=ORIENTED_EDGE('',*,*,#2524,.T.);
#3658=ORIENTED_EDGE('',*,*,#2484,.F.);
#3659=ORIENTED_EDGE('',*,*,#2529,.F.);
#3660=ORIENTED_EDGE('',*,*,#2533,.F.);
#3661=ORIENTED_EDGE('',*,*,#2534,.T.);
#3662=ORIENTED_EDGE('',*,*,#2535,.T.);
#3663=ORIENTED_EDGE('',*,*,#2526,.F.);
#3664=ORIENTED_EDGE('',*,*,#2527,.F.);
#3665=ORIENTED_EDGE('',*,*,#2535,.F.);
#3666=ORIENTED_EDGE('',*,*,#2536,.T.);
#3667=ORIENTED_EDGE('',*,*,#2476,.T.);
#3668=ORIENTED_EDGE('',*,*,#2528,.F.);
#3669=ORIENTED_EDGE('',*,*,#2474,.F.);
#3670=ORIENTED_EDGE('',*,*,#2537,.T.);
#3671=ORIENTED_EDGE('',*,*,#2533,.T.);
#3672=ORIENTED_EDGE('',*,*,#2473,.F.);
#3673=ORIENTED_EDGE('',*,*,#2536,.F.);
#3674=ORIENTED_EDGE('',*,*,#2534,.F.);
#3675=ORIENTED_EDGE('',*,*,#2537,.F.);
#3676=ORIENTED_EDGE('',*,*,#2454,.T.);
#3677=ORIENTED_EDGE('',*,*,#2531,.T.);
#3678=ORIENTED_EDGE('',*,*,#2538,.F.);
#3679=ORIENTED_EDGE('',*,*,#2539,.F.);
#3680=ORIENTED_EDGE('',*,*,#2540,.T.);
#3681=ORIENTED_EDGE('',*,*,#2530,.T.);
#3682=ORIENTED_EDGE('',*,*,#2466,.F.);
#3683=ORIENTED_EDGE('',*,*,#2541,.F.);
#3684=ORIENTED_EDGE('',*,*,#2538,.T.);
#3685=ORIENTED_EDGE('',*,*,#2532,.T.);
#3686=ORIENTED_EDGE('',*,*,#2540,.F.);
#3687=ORIENTED_EDGE('',*,*,#2542,.F.);
#3688=ORIENTED_EDGE('',*,*,#2472,.T.);
#3689=ORIENTED_EDGE('',*,*,#2539,.T.);
#3690=ORIENTED_EDGE('',*,*,#2541,.T.);
#3691=ORIENTED_EDGE('',*,*,#2465,.T.);
#3692=ORIENTED_EDGE('',*,*,#2542,.T.);
#3693=ORIENTED_EDGE('',*,*,#2448,.T.);
#3694=ORIENTED_EDGE('',*,*,#2543,.F.);
#3695=ORIENTED_EDGE('',*,*,#2513,.F.);
#3696=ORIENTED_EDGE('',*,*,#2493,.F.);
#3697=ORIENTED_EDGE('',*,*,#2504,.F.);
#3698=ORIENTED_EDGE('',*,*,#2514,.F.);
#3699=ORIENTED_EDGE('',*,*,#2543,.T.);
#3700=ORIENTED_EDGE('',*,*,#2501,.F.);
#3701=ORIENTED_EDGE('',*,*,#2508,.T.);
#3702=ORIENTED_EDGE('',*,*,#2511,.F.);
#3703=ORIENTED_EDGE('',*,*,#2544,.T.);
#3704=ORIENTED_EDGE('',*,*,#2503,.F.);
#3705=ORIENTED_EDGE('',*,*,#2491,.T.);
#3706=ORIENTED_EDGE('',*,*,#2545,.F.);
#3707=ORIENTED_EDGE('',*,*,#2544,.F.);
#3708=ORIENTED_EDGE('',*,*,#2510,.F.);
#3709=ORIENTED_EDGE('',*,*,#2546,.T.);
#3710=ORIENTED_EDGE('',*,*,#2499,.F.);
#3711=ORIENTED_EDGE('',*,*,#2462,.T.);
#3712=ORIENTED_EDGE('',*,*,#2515,.F.);
#3713=ORIENTED_EDGE('',*,*,#2506,.F.);
#3714=ORIENTED_EDGE('',*,*,#2488,.F.);
#3715=ORIENTED_EDGE('',*,*,#2512,.F.);
#3716=ORIENTED_EDGE('',*,*,#2545,.T.);
#3717=ORIENTED_EDGE('',*,*,#2490,.F.);
#3718=ORIENTED_EDGE('',*,*,#2460,.F.);
#3719=ORIENTED_EDGE('',*,*,#2546,.F.);
#3720=ORIENTED_EDGE('',*,*,#2509,.F.);
#3721=ORIENTED_EDGE('',*,*,#2481,.F.);
#3722=ORIENTED_EDGE('',*,*,#2505,.F.);
#3723=ORIENTED_EDGE('',*,*,#2456,.F.);
#3724=ORIENTED_EDGE('',*,*,#2451,.T.);
#3725=ORIENTED_EDGE('',*,*,#2450,.F.);
#3726=ORIENTED_EDGE('',*,*,#2445,.T.);
#3727=PLANE('',#4326);
#3728=PLANE('',#4331);
#3729=PLANE('',#4336);
#3730=PLANE('',#4337);
#3731=PLANE('',#4344);
#3732=PLANE('',#4349);
#3733=PLANE('',#4350);
#3734=PLANE('',#4351);
#3735=PLANE('',#4352);
#3736=PLANE('',#4353);
#3737=PLANE('',#4355);
#3738=PLANE('',#4357);
#3739=PLANE('',#4362);
#3740=PLANE('',#4365);
#3741=PLANE('',#4366);
#3742=PLANE('',#4367);
#3743=PLANE('',#4369);
#3744=PLANE('',#4371);
#3745=PLANE('',#4372);
#3746=PLANE('',#4375);
#3747=PLANE('',#4380);
#3748=PLANE('',#4381);
#3749=PLANE('',#4382);
#3750=PLANE('',#4385);
#3751=PLANE('',#4390);
#3752=PLANE('',#4393);
#3753=PLANE('',#4398);
#3754=PLANE('',#4399);
#3755=PLANE('',#4400);
#3756=PLANE('',#4403);
#3757=PLANE('',#4406);
#3758=PLANE('',#4407);
#3759=PLANE('',#4410);
#3760=PLANE('',#4415);
#3761=PLANE('',#4416);
#3762=PLANE('',#4417);
#3763=PLANE('',#4420);
#3764=PLANE('',#4423);
#3765=PLANE('',#4424);
#3766=PLANE('',#4425);
#3767=PLANE('',#4426);
#3768=PLANE('',#4427);
#3769=PLANE('',#4442);
#3770=PLANE('',#4445);
#3771=PLANE('',#4446);
#3772=PLANE('',#4455);
#3773=PLANE('',#4458);
#3774=PLANE('',#4459);
#3775=PLANE('',#4468);
#3776=PLANE('',#4473);
#3777=PLANE('',#4474);
#3778=PLANE('',#4479);
#3779=PLANE('',#4480);
#3780=PLANE('',#4483);
#3781=PLANE('',#4486);
#3782=PLANE('',#4489);
#3783=PLANE('',#4496);
#3784=PLANE('',#4501);
#3785=PLANE('',#4506);
#3786=PLANE('',#4507);
#3787=PLANE('',#4508);
#3788=PLANE('',#4513);
#3789=PLANE('',#4518);
#3790=PLANE('',#4519);
#3791=PLANE('',#4528);
#3792=PLANE('',#4530);
#3793=PLANE('',#4532);
#3794=PLANE('',#4533);
#3795=PLANE('',#4534);
#3796=PLANE('',#4538);
#3797=PLANE('',#4539);
#3798=PLANE('',#4540);
#3799=PLANE('',#4544);
#3800=PLANE('',#4545);
#3801=PLANE('',#4546);
#3802=PLANE('',#4550);
#3803=PLANE('',#4551);
#3804=PLANE('',#4552);
#3805=PLANE('',#4558);
#3806=PLANE('',#4561);
#3807=PLANE('',#4562);
#3808=PLANE('',#4563);
#3809=PLANE('',#4564);
#3810=PLANE('',#4565);
#3811=PLANE('',#4566);
#3812=PLANE('',#4567);
#3813=PLANE('',#4568);
#3814=PLANE('',#4569);
#3815=PLANE('',#4570);
#3816=PLANE('',#4571);
#3817=PLANE('',#4572);
#3818=PLANE('',#4573);
#3819=PLANE('',#4574);
#3820=PLANE('',#4679);
#3821=PLANE('',#4710);
#3822=PLANE('',#4712);
#3823=PLANE('',#4718);
#3824=PLANE('',#4719);
#3825=PLANE('',#4722);
#3826=PLANE('',#4724);
#3827=PLANE('',#4729);
#3828=PLANE('',#4730);
#3829=PLANE('',#4731);
#3830=PLANE('',#4733);
#3831=PLANE('',#4734);
#3832=PLANE('',#4739);
#3833=PLANE('',#4743);
#3834=PLANE('',#4744);
#3835=PLANE('',#4745);
#3836=PLANE('',#4748);
#3837=PLANE('',#4749);
#3838=PLANE('',#4750);
#3839=PLANE('',#4759);
#3840=PLANE('',#4760);
#3841=PLANE('',#4761);
#3842=PLANE('',#4762);
#3843=STYLED_ITEM('',(#7446),#4077);
#3844=STYLED_ITEM('',(#7446),#4078);
#3845=STYLED_ITEM('',(#7446),#4079);
#3846=STYLED_ITEM('',(#7446),#4080);
#3847=STYLED_ITEM('',(#7446),#4081);
#3848=STYLED_ITEM('',(#7446),#4082);
#3849=STYLED_ITEM('',(#7446),#4083);
#3850=STYLED_ITEM('',(#7446),#4084);
#3851=STYLED_ITEM('',(#7446),#4085);
#3852=STYLED_ITEM('',(#7446),#4086);
#3853=STYLED_ITEM('',(#7446),#4087);
#3854=STYLED_ITEM('',(#7446),#4088);
#3855=STYLED_ITEM('',(#7446),#4089);
#3856=STYLED_ITEM('',(#7446),#4090);
#3857=STYLED_ITEM('',(#7446),#4091);
#3858=STYLED_ITEM('',(#7446),#4092);
#3859=STYLED_ITEM('',(#7446),#4093);
#3860=STYLED_ITEM('',(#7446),#4094);
#3861=STYLED_ITEM('',(#7446),#4095);
#3862=STYLED_ITEM('',(#7446),#4096);
#3863=STYLED_ITEM('',(#7446),#4097);
#3864=STYLED_ITEM('',(#7446),#4098);
#3865=STYLED_ITEM('',(#7446),#4099);
#3866=STYLED_ITEM('',(#7446),#4100);
#3867=STYLED_ITEM('',(#7446),#4101);
#3868=STYLED_ITEM('',(#7446),#4102);
#3869=STYLED_ITEM('',(#7446),#4103);
#3870=STYLED_ITEM('',(#7446),#4104);
#3871=STYLED_ITEM('',(#7446),#4105);
#3872=STYLED_ITEM('',(#7446),#4106);
#3873=STYLED_ITEM('',(#7446),#4107);
#3874=STYLED_ITEM('',(#7446),#4108);
#3875=STYLED_ITEM('',(#7446),#4109);
#3876=STYLED_ITEM('',(#7446),#4110);
#3877=STYLED_ITEM('',(#7446),#4111);
#3878=STYLED_ITEM('',(#7446),#4112);
#3879=STYLED_ITEM('',(#7446),#4113);
#3880=STYLED_ITEM('',(#7446),#4114);
#3881=STYLED_ITEM('',(#7446),#4115);
#3882=STYLED_ITEM('',(#7446),#4116);
#3883=STYLED_ITEM('',(#7446),#4117);
#3884=STYLED_ITEM('',(#7446),#4118);
#3885=STYLED_ITEM('',(#7446),#4119);
#3886=STYLED_ITEM('',(#7446),#4120);
#3887=STYLED_ITEM('',(#7446),#4121);
#3888=STYLED_ITEM('',(#7446),#4122);
#3889=STYLED_ITEM('',(#7446),#4123);
#3890=STYLED_ITEM('',(#7446),#4124);
#3891=STYLED_ITEM('',(#7446),#4125);
#3892=STYLED_ITEM('',(#7446),#4126);
#3893=STYLED_ITEM('',(#7446),#4127);
#3894=STYLED_ITEM('',(#7446),#4128);
#3895=STYLED_ITEM('',(#7446),#4129);
#3896=STYLED_ITEM('',(#7446),#4130);
#3897=STYLED_ITEM('',(#7446),#4131);
#3898=STYLED_ITEM('',(#7446),#4132);
#3899=STYLED_ITEM('',(#7446),#4133);
#3900=STYLED_ITEM('',(#7446),#4134);
#3901=STYLED_ITEM('',(#7446),#4135);
#3902=STYLED_ITEM('',(#7446),#4136);
#3903=STYLED_ITEM('',(#7446),#4137);
#3904=STYLED_ITEM('',(#7446),#4138);
#3905=STYLED_ITEM('',(#7446),#4139);
#3906=STYLED_ITEM('',(#7446),#4140);
#3907=STYLED_ITEM('',(#7446),#4141);
#3908=STYLED_ITEM('',(#7446),#4142);
#3909=STYLED_ITEM('',(#7445),#57);
#3910=STYLED_ITEM('',(#7446),#4143);
#3911=STYLED_ITEM('',(#7446),#4144);
#3912=STYLED_ITEM('',(#7446),#4145);
#3913=STYLED_ITEM('',(#7446),#4146);
#3914=STYLED_ITEM('',(#7446),#4147);
#3915=STYLED_ITEM('',(#7446),#4148);
#3916=STYLED_ITEM('',(#7446),#4149);
#3917=STYLED_ITEM('',(#7446),#4150);
#3918=STYLED_ITEM('',(#7446),#4151);
#3919=STYLED_ITEM('',(#7446),#4152);
#3920=STYLED_ITEM('',(#7446),#4153);
#3921=STYLED_ITEM('',(#7446),#4154);
#3922=STYLED_ITEM('',(#7446),#4155);
#3923=STYLED_ITEM('',(#7447),#4156);
#3924=STYLED_ITEM('',(#7448),#4157);
#3925=STYLED_ITEM('',(#7448),#4158);
#3926=STYLED_ITEM('',(#7448),#4159);
#3927=STYLED_ITEM('',(#7448),#4160);
#3928=STYLED_ITEM('',(#7446),#4161);
#3929=STYLED_ITEM('',(#7446),#4162);
#3930=STYLED_ITEM('',(#7446),#4163);
#3931=STYLED_ITEM('',(#7446),#4164);
#3932=STYLED_ITEM('',(#7446),#4165);
#3933=STYLED_ITEM('',(#7446),#4166);
#3934=STYLED_ITEM('',(#7446),#4167);
#3935=STYLED_ITEM('',(#7446),#4168);
#3936=STYLED_ITEM('',(#7446),#4169);
#3937=STYLED_ITEM('',(#7446),#4170);
#3938=STYLED_ITEM('',(#7446),#4171);
#3939=STYLED_ITEM('',(#7446),#4172);
#3940=STYLED_ITEM('',(#7448),#4173);
#3941=STYLED_ITEM('',(#7448),#4174);
#3942=STYLED_ITEM('',(#7448),#4175);
#3943=STYLED_ITEM('',(#7448),#4176);
#3944=STYLED_ITEM('',(#7448),#4177);
#3945=STYLED_ITEM('',(#7448),#4178);
#3946=STYLED_ITEM('',(#7448),#4179);
#3947=STYLED_ITEM('',(#7448),#4180);
#3948=STYLED_ITEM('',(#7448),#4181);
#3949=STYLED_ITEM('',(#7448),#4182);
#3950=STYLED_ITEM('',(#7448),#4183);
#3951=STYLED_ITEM('',(#7448),#4184);
#3952=STYLED_ITEM('',(#7448),#4185);
#3953=STYLED_ITEM('',(#7448),#4186);
#3954=STYLED_ITEM('',(#7448),#4187);
#3955=STYLED_ITEM('',(#7448),#4188);
#3956=STYLED_ITEM('',(#7448),#4189);
#3957=STYLED_ITEM('',(#7446),#4190);
#3958=STYLED_ITEM('',(#7446),#4191);
#3959=STYLED_ITEM('',(#7446),#4192);
#3960=STYLED_ITEM('',(#7446),#4193);
#3961=STYLED_ITEM('',(#7446),#4194);
#3962=STYLED_ITEM('',(#7446),#4195);
#3963=STYLED_ITEM('',(#7446),#4196);
#3964=STYLED_ITEM('',(#7446),#4197);
#3965=STYLED_ITEM('',(#7446),#4198);
#3966=STYLED_ITEM('',(#7446),#4199);
#3967=STYLED_ITEM('',(#7446),#4200);
#3968=STYLED_ITEM('',(#7446),#4201);
#3969=STYLED_ITEM('',(#7446),#4202);
#3970=STYLED_ITEM('',(#7446),#4203);
#3971=STYLED_ITEM('',(#7446),#4204);
#3972=STYLED_ITEM('',(#7446),#4205);
#3973=STYLED_ITEM('',(#7446),#4206);
#3974=STYLED_ITEM('',(#7446),#4207);
#3975=STYLED_ITEM('',(#7446),#4208);
#3976=STYLED_ITEM('',(#7446),#4209);
#3977=STYLED_ITEM('',(#7446),#4210);
#3978=STYLED_ITEM('',(#7446),#4211);
#3979=STYLED_ITEM('',(#7446),#4212);
#3980=STYLED_ITEM('',(#7446),#4213);
#3981=STYLED_ITEM('',(#7446),#4214);
#3982=STYLED_ITEM('',(#7446),#4215);
#3983=STYLED_ITEM('',(#7446),#4216);
#3984=STYLED_ITEM('',(#7446),#4217);
#3985=STYLED_ITEM('',(#7446),#4218);
#3986=STYLED_ITEM('',(#7446),#4219);
#3987=STYLED_ITEM('',(#7448),#4220);
#3988=STYLED_ITEM('',(#7448),#4221);
#3989=STYLED_ITEM('',(#7448),#4222);
#3990=STYLED_ITEM('',(#7448),#4223);
#3991=STYLED_ITEM('',(#7448),#4224);
#3992=STYLED_ITEM('',(#7448),#4225);
#3993=STYLED_ITEM('',(#7448),#4226);
#3994=STYLED_ITEM('',(#7448),#4227);
#3995=STYLED_ITEM('',(#7448),#4228);
#3996=STYLED_ITEM('',(#7448),#4229);
#3997=STYLED_ITEM('',(#7448),#4230);
#3998=STYLED_ITEM('',(#7448),#4231);
#3999=STYLED_ITEM('',(#7448),#4232);
#4000=STYLED_ITEM('',(#7448),#4233);
#4001=STYLED_ITEM('',(#7448),#4234);
#4002=STYLED_ITEM('',(#7448),#4235);
#4003=STYLED_ITEM('',(#7448),#4236);
#4004=STYLED_ITEM('',(#7448),#4237);
#4005=STYLED_ITEM('',(#7448),#4238);
#4006=STYLED_ITEM('',(#7448),#4239);
#4007=STYLED_ITEM('',(#7448),#4240);
#4008=STYLED_ITEM('',(#7448),#4241);
#4009=STYLED_ITEM('',(#7448),#4242);
#4010=STYLED_ITEM('',(#7448),#4243);
#4011=STYLED_ITEM('',(#7448),#4244);
#4012=STYLED_ITEM('',(#7448),#4245);
#4013=STYLED_ITEM('',(#7448),#4246);
#4014=STYLED_ITEM('',(#7448),#4247);
#4015=STYLED_ITEM('',(#7447),#4248);
#4016=STYLED_ITEM('',(#7447),#4249);
#4017=STYLED_ITEM('',(#7447),#4250);
#4018=STYLED_ITEM('',(#7447),#4251);
#4019=STYLED_ITEM('',(#7447),#4252);
#4020=STYLED_ITEM('',(#7447),#4253);
#4021=STYLED_ITEM('',(#7447),#4254);
#4022=STYLED_ITEM('',(#7447),#4255);
#4023=STYLED_ITEM('',(#7447),#4256);
#4024=STYLED_ITEM('',(#7447),#4257);
#4025=STYLED_ITEM('',(#7447),#4258);
#4026=STYLED_ITEM('',(#7447),#4259);
#4027=STYLED_ITEM('',(#7448),#4260);
#4028=STYLED_ITEM('',(#7448),#4261);
#4029=STYLED_ITEM('',(#7448),#4262);
#4030=STYLED_ITEM('',(#7448),#4263);
#4031=STYLED_ITEM('',(#7448),#4264);
#4032=STYLED_ITEM('',(#7445),#58);
#4033=STYLED_ITEM('',(#7448),#4265);
#4034=STYLED_ITEM('',(#7448),#4266);
#4035=STYLED_ITEM('',(#7448),#4267);
#4036=STYLED_ITEM('',(#7448),#4268);
#4037=STYLED_ITEM('',(#7447),#4269);
#4038=STYLED_ITEM('',(#7447),#4270);
#4039=STYLED_ITEM('',(#7447),#4271);
#4040=STYLED_ITEM('',(#7447),#4272);
#4041=STYLED_ITEM('',(#7447),#4273);
#4042=STYLED_ITEM('',(#7447),#4274);
#4043=STYLED_ITEM('',(#7447),#4275);
#4044=STYLED_ITEM('',(#7447),#4276);
#4045=STYLED_ITEM('',(#7447),#4277);
#4046=STYLED_ITEM('',(#7447),#4278);
#4047=STYLED_ITEM('',(#7447),#4279);
#4048=STYLED_ITEM('',(#7447),#4280);
#4049=STYLED_ITEM('',(#7447),#4281);
#4050=STYLED_ITEM('',(#7447),#4282);
#4051=STYLED_ITEM('',(#7447),#4283);
#4052=STYLED_ITEM('',(#7447),#4284);
#4053=STYLED_ITEM('',(#7447),#4285);
#4054=STYLED_ITEM('',(#7447),#4286);
#4055=STYLED_ITEM('',(#7447),#4287);
#4056=STYLED_ITEM('',(#7447),#4288);
#4057=STYLED_ITEM('',(#7447),#4289);
#4058=STYLED_ITEM('',(#7447),#4290);
#4059=STYLED_ITEM('',(#7447),#4291);
#4060=STYLED_ITEM('',(#7447),#4292);
#4061=STYLED_ITEM('',(#7447),#4293);
#4062=STYLED_ITEM('',(#7447),#4294);
#4063=STYLED_ITEM('',(#7447),#4295);
#4064=STYLED_ITEM('',(#7447),#4296);
#4065=STYLED_ITEM('',(#7447),#4297);
#4066=STYLED_ITEM('',(#7447),#4298);
#4067=STYLED_ITEM('',(#7447),#4299);
#4068=STYLED_ITEM('',(#7447),#4300);
#4069=STYLED_ITEM('',(#7447),#4301);
#4070=STYLED_ITEM('',(#7447),#4302);
#4071=STYLED_ITEM('',(#7447),#4303);
#4072=STYLED_ITEM('',(#7448),#4304);
#4073=STYLED_ITEM('',(#7448),#4305);
#4074=STYLED_ITEM('',(#7448),#4306);
#4075=STYLED_ITEM('',(#7448),#4307);
#4076=STYLED_ITEM('',(#7445),#59);
#4077=ADVANCED_FACE('',(#184),#3727,.F.);
#4078=ADVANCED_FACE('',(#185),#3728,.T.);
#4079=ADVANCED_FACE('',(#186),#3729,.F.);
#4080=ADVANCED_FACE('',(#187,#174),#3730,.T.);
#4081=ADVANCED_FACE('',(#188,#175),#3731,.F.);
#4082=ADVANCED_FACE('',(#189),#3732,.F.);
#4083=ADVANCED_FACE('',(#190),#3733,.F.);
#4084=ADVANCED_FACE('',(#191),#3734,.F.);
#4085=ADVANCED_FACE('',(#192),#3735,.F.);
#4086=ADVANCED_FACE('',(#193),#3736,.T.);
#4087=ADVANCED_FACE('',(#194),#3737,.T.);
#4088=ADVANCED_FACE('',(#195),#3738,.T.);
#4089=ADVANCED_FACE('',(#196),#3739,.F.);
#4090=ADVANCED_FACE('',(#197),#3740,.T.);
#4091=ADVANCED_FACE('',(#198),#3741,.T.);
#4092=ADVANCED_FACE('',(#199),#3742,.F.);
#4093=ADVANCED_FACE('',(#200),#71,.F.);
#4094=ADVANCED_FACE('',(#201),#3743,.T.);
#4095=ADVANCED_FACE('',(#202),#72,.F.);
#4096=ADVANCED_FACE('',(#203),#3744,.T.);
#4097=ADVANCED_FACE('',(#204),#3745,.T.);
#4098=ADVANCED_FACE('',(#205),#3746,.F.);
#4099=ADVANCED_FACE('',(#206),#73,.T.);
#4100=ADVANCED_FACE('',(#207),#74,.F.);
#4101=ADVANCED_FACE('',(#208),#3747,.T.);
#4102=ADVANCED_FACE('',(#209),#3748,.T.);
#4103=ADVANCED_FACE('',(#210),#3749,.F.);
#4104=ADVANCED_FACE('',(#211),#3750,.T.);
#4105=ADVANCED_FACE('',(#212),#75,.T.);
#4106=ADVANCED_FACE('',(#213),#76,.F.);
#4107=ADVANCED_FACE('',(#214),#3751,.F.);
#4108=ADVANCED_FACE('',(#215),#3752,.T.);
#4109=ADVANCED_FACE('',(#216),#77,.T.);
#4110=ADVANCED_FACE('',(#217),#78,.F.);
#4111=ADVANCED_FACE('',(#218),#3753,.T.);
#4112=ADVANCED_FACE('',(#219),#3754,.T.);
#4113=ADVANCED_FACE('',(#220),#3755,.T.);
#4114=ADVANCED_FACE('',(#221),#3756,.F.);
#4115=ADVANCED_FACE('',(#222),#3757,.T.);
#4116=ADVANCED_FACE('',(#223),#3758,.F.);
#4117=ADVANCED_FACE('',(#224),#3759,.T.);
#4118=ADVANCED_FACE('',(#225),#79,.T.);
#4119=ADVANCED_FACE('',(#226),#80,.F.);
#4120=ADVANCED_FACE('',(#227),#3760,.T.);
#4121=ADVANCED_FACE('',(#228),#3761,.T.);
#4122=ADVANCED_FACE('',(#229),#3762,.F.);
#4123=ADVANCED_FACE('',(#230),#3763,.T.);
#4124=ADVANCED_FACE('',(#231),#3764,.T.);
#4125=ADVANCED_FACE('',(#232),#3765,.F.);
#4126=ADVANCED_FACE('',(#233),#3766,.T.);
#4127=ADVANCED_FACE('',(#234),#3767,.F.);
#4128=ADVANCED_FACE('',(#235),#3768,.T.);
#4129=ADVANCED_FACE('',(#236),#81,.T.);
#4130=ADVANCED_FACE('',(#237),#82,.T.);
#4131=ADVANCED_FACE('',(#238),#83,.F.);
#4132=ADVANCED_FACE('',(#239),#84,.F.);
#4133=ADVANCED_FACE('',(#240),#85,.F.);
#4134=ADVANCED_FACE('',(#241),#86,.F.);
#4135=ADVANCED_FACE('',(#242),#87,.T.);
#4136=ADVANCED_FACE('',(#243),#88,.T.);
#4137=ADVANCED_FACE('',(#244),#89,.T.);
#4138=ADVANCED_FACE('',(#245),#90,.T.);
#4139=ADVANCED_FACE('',(#246),#91,.T.);
#4140=ADVANCED_FACE('',(#247),#92,.T.);
#4141=ADVANCED_FACE('',(#248),#93,.T.);
#4142=ADVANCED_FACE('',(#249),#94,.T.);
#4143=ADVANCED_FACE('',(#250),#3769,.F.);
#4144=ADVANCED_FACE('',(#251),#3770,.T.);
#4145=ADVANCED_FACE('',(#252),#3771,.T.);
#4146=ADVANCED_FACE('',(#253),#95,.T.);
#4147=ADVANCED_FACE('',(#254),#96,.F.);
#4148=ADVANCED_FACE('',(#255),#3772,.F.);
#4149=ADVANCED_FACE('',(#256),#3773,.T.);
#4150=ADVANCED_FACE('',(#257),#3774,.T.);
#4151=ADVANCED_FACE('',(#258),#97,.T.);
#4152=ADVANCED_FACE('',(#259),#98,.F.);
#4153=ADVANCED_FACE('',(#260),#3775,.F.);
#4154=ADVANCED_FACE('',(#261),#3776,.T.);
#4155=ADVANCED_FACE('',(#262),#3777,.T.);
#4156=ADVANCED_FACE('',(#263,#176,#177,#178),#3778,.F.);
#4157=ADVANCED_FACE('',(#264),#3779,.F.);
#4158=ADVANCED_FACE('',(#265),#3780,.F.);
#4159=ADVANCED_FACE('',(#266),#3781,.F.);
#4160=ADVANCED_FACE('',(#267,#179),#3782,.T.);
#4161=ADVANCED_FACE('',(#268),#3783,.T.);
#4162=ADVANCED_FACE('',(#269),#3784,.F.);
#4163=ADVANCED_FACE('',(#270),#3785,.T.);
#4164=ADVANCED_FACE('',(#271),#3786,.F.);
#4165=ADVANCED_FACE('',(#272),#3787,.T.);
#4166=ADVANCED_FACE('',(#273),#3788,.F.);
#4167=ADVANCED_FACE('',(#274),#3789,.T.);
#4168=ADVANCED_FACE('',(#275),#3790,.F.);
#4169=ADVANCED_FACE('',(#276),#99,.T.);
#4170=ADVANCED_FACE('',(#277),#100,.F.);
#4171=ADVANCED_FACE('',(#278),#3791,.T.);
#4172=ADVANCED_FACE('',(#279),#3792,.F.);
#4173=ADVANCED_FACE('',(#280),#3793,.F.);
#4174=ADVANCED_FACE('',(#281),#3794,.F.);
#4175=ADVANCED_FACE('',(#282),#3795,.T.);
#4176=ADVANCED_FACE('',(#283),#3796,.F.);
#4177=ADVANCED_FACE('',(#284),#3797,.F.);
#4178=ADVANCED_FACE('',(#285),#3798,.F.);
#4179=ADVANCED_FACE('',(#286),#3799,.F.);
#4180=ADVANCED_FACE('',(#287),#3800,.F.);
#4181=ADVANCED_FACE('',(#288),#3801,.T.);
#4182=ADVANCED_FACE('',(#289),#3802,.F.);
#4183=ADVANCED_FACE('',(#290),#3803,.F.);
#4184=ADVANCED_FACE('',(#291),#3804,.F.);
#4185=ADVANCED_FACE('',(#292),#101,.T.);
#4186=ADVANCED_FACE('',(#293),#3805,.F.);
#4187=ADVANCED_FACE('',(#294),#102,.T.);
#4188=ADVANCED_FACE('',(#295),#3806,.F.);
#4189=ADVANCED_FACE('',(#296),#3807,.T.);
#4190=ADVANCED_FACE('',(#297),#3808,.F.);
#4191=ADVANCED_FACE('',(#298),#3809,.T.);
#4192=ADVANCED_FACE('',(#299),#3810,.F.);
#4193=ADVANCED_FACE('',(#300),#3811,.T.);
#4194=ADVANCED_FACE('',(#301),#3812,.F.);
#4195=ADVANCED_FACE('',(#302),#3813,.T.);
#4196=ADVANCED_FACE('',(#303),#3814,.F.);
#4197=ADVANCED_FACE('',(#304),#3815,.T.);
#4198=ADVANCED_FACE('',(#305),#3816,.F.);
#4199=ADVANCED_FACE('',(#306),#3817,.T.);
#4200=ADVANCED_FACE('',(#307),#3818,.F.);
#4201=ADVANCED_FACE('',(#308),#3819,.T.);
#4202=ADVANCED_FACE('',(#309),#103,.T.);
#4203=ADVANCED_FACE('',(#310),#104,.T.);
#4204=ADVANCED_FACE('',(#311),#105,.T.);
#4205=ADVANCED_FACE('',(#312),#106,.T.);
#4206=ADVANCED_FACE('',(#313),#107,.T.);
#4207=ADVANCED_FACE('',(#314),#108,.T.);
#4208=ADVANCED_FACE('',(#315),#109,.T.);
#4209=ADVANCED_FACE('',(#316),#110,.F.);
#4210=ADVANCED_FACE('',(#317),#111,.F.);
#4211=ADVANCED_FACE('',(#318),#112,.T.);
#4212=ADVANCED_FACE('',(#319),#113,.F.);
#4213=ADVANCED_FACE('',(#320),#114,.T.);
#4214=ADVANCED_FACE('',(#321),#115,.F.);
#4215=ADVANCED_FACE('',(#322),#116,.T.);
#4216=ADVANCED_FACE('',(#323),#117,.F.);
#4217=ADVANCED_FACE('',(#324),#118,.T.);
#4218=ADVANCED_FACE('',(#325),#119,.T.);
#4219=ADVANCED_FACE('',(#326),#120,.F.);
#4220=ADVANCED_FACE('',(#327),#121,.T.);
#4221=ADVANCED_FACE('',(#328),#21,.T.);
#4222=ADVANCED_FACE('',(#329),#122,.F.);
#4223=ADVANCED_FACE('',(#330),#123,.T.);
#4224=ADVANCED_FACE('',(#331),#124,.T.);
#4225=ADVANCED_FACE('',(#332),#125,.T.);
#4226=ADVANCED_FACE('',(#333),#126,.F.);
#4227=ADVANCED_FACE('',(#334),#22,.T.);
#4228=ADVANCED_FACE('',(#335),#23,.T.);
#4229=ADVANCED_FACE('',(#336),#127,.F.);
#4230=ADVANCED_FACE('',(#337),#128,.T.);
#4231=ADVANCED_FACE('',(#338),#129,.T.);
#4232=ADVANCED_FACE('',(#339),#130,.F.);
#4233=ADVANCED_FACE('',(#340),#131,.T.);
#4234=ADVANCED_FACE('',(#341),#24,.T.);
#4235=ADVANCED_FACE('',(#342),#25,.T.);
#4236=ADVANCED_FACE('',(#343),#132,.F.);
#4237=ADVANCED_FACE('',(#344),#133,.T.);
#4238=ADVANCED_FACE('',(#345),#134,.T.);
#4239=ADVANCED_FACE('',(#346),#135,.T.);
#4240=ADVANCED_FACE('',(#347),#136,.F.);
#4241=ADVANCED_FACE('',(#348),#26,.T.);
#4242=ADVANCED_FACE('',(#349),#27,.T.);
#4243=ADVANCED_FACE('',(#350),#137,.F.);
#4244=ADVANCED_FACE('',(#351),#138,.T.);
#4245=ADVANCED_FACE('',(#352),#139,.F.);
#4246=ADVANCED_FACE('',(#353),#28,.T.);
#4247=ADVANCED_FACE('',(#354),#140,.T.);
#4248=ADVANCED_FACE('',(#355),#141,.F.);
#4249=ADVANCED_FACE('',(#356),#142,.F.);
#4250=ADVANCED_FACE('',(#357),#143,.F.);
#4251=ADVANCED_FACE('',(#358),#144,.F.);
#4252=ADVANCED_FACE('',(#359),#145,.F.);
#4253=ADVANCED_FACE('',(#360),#146,.F.);
#4254=ADVANCED_FACE('',(#361),#147,.F.);
#4255=ADVANCED_FACE('',(#362),#148,.F.);
#4256=ADVANCED_FACE('',(#363),#149,.F.);
#4257=ADVANCED_FACE('',(#364),#150,.F.);
#4258=ADVANCED_FACE('',(#365),#151,.F.);
#4259=ADVANCED_FACE('',(#366),#152,.F.);
#4260=ADVANCED_FACE('',(#367),#153,.T.);
#4261=ADVANCED_FACE('',(#368),#154,.T.);
#4262=ADVANCED_FACE('',(#369),#155,.T.);
#4263=ADVANCED_FACE('',(#370),#156,.T.);
#4264=ADVANCED_FACE('',(#371),#3820,.F.);
#4265=ADVANCED_FACE('',(#372),#157,.T.);
#4266=ADVANCED_FACE('',(#373),#158,.T.);
#4267=ADVANCED_FACE('',(#374),#159,.T.);
#4268=ADVANCED_FACE('',(#375),#160,.T.);
#4269=ADVANCED_FACE('',(#376),#29,.T.);
#4270=ADVANCED_FACE('',(#377),#30,.T.);
#4271=ADVANCED_FACE('',(#378),#161,.T.);
#4272=ADVANCED_FACE('',(#379),#162,.T.);
#4273=ADVANCED_FACE('',(#380),#163,.F.);
#4274=ADVANCED_FACE('',(#381),#3821,.F.);
#4275=ADVANCED_FACE('',(#382),#3822,.F.);
#4276=ADVANCED_FACE('',(#383),#164,.F.);
#4277=ADVANCED_FACE('',(#384),#3823,.F.);
#4278=ADVANCED_FACE('',(#385),#3824,.F.);
#4279=ADVANCED_FACE('',(#386),#3825,.F.);
#4280=ADVANCED_FACE('',(#387),#3826,.T.);
#4281=ADVANCED_FACE('',(#388),#165,.T.);
#4282=ADVANCED_FACE('',(#389),#3827,.T.);
#4283=ADVANCED_FACE('',(#390),#3828,.T.);
#4284=ADVANCED_FACE('',(#391),#3829,.T.);
#4285=ADVANCED_FACE('',(#392),#3830,.F.);
#4286=ADVANCED_FACE('',(#393,#180),#3831,.T.);
#4287=ADVANCED_FACE('',(#394),#166,.F.);
#4288=ADVANCED_FACE('',(#395,#181),#3832,.T.);
#4289=ADVANCED_FACE('',(#396),#167,.T.);
#4290=ADVANCED_FACE('',(#397),#3833,.T.);
#4291=ADVANCED_FACE('',(#398),#3834,.T.);
#4292=ADVANCED_FACE('',(#399,#182),#3835,.F.);
#4293=ADVANCED_FACE('',(#400),#168,.T.);
#4294=ADVANCED_FACE('',(#401),#3836,.F.);
#4295=ADVANCED_FACE('',(#402),#3837,.F.);
#4296=ADVANCED_FACE('',(#403,#183),#3838,.F.);
#4297=ADVANCED_FACE('',(#404),#169,.T.);
#4298=ADVANCED_FACE('',(#405),#31,.T.);
#4299=ADVANCED_FACE('',(#406),#170,.T.);
#4300=ADVANCED_FACE('',(#407),#32,.T.);
#4301=ADVANCED_FACE('',(#408),#171,.T.);
#4302=ADVANCED_FACE('',(#409),#172,.T.);
#4303=ADVANCED_FACE('',(#410),#173,.T.);
#4304=ADVANCED_FACE('',(#411),#3839,.T.);
#4305=ADVANCED_FACE('',(#412),#3840,.T.);
#4306=ADVANCED_FACE('',(#413),#3841,.T.);
#4307=ADVANCED_FACE('',(#414),#3842,.T.);
#4308=CLOSED_SHELL('',(#4077,#4078,#4079,#4080,#4081,#4082,#4083,#4084,
#4085,#4086,#4087,#4088,#4089,#4090,#4091,#4092,#4093,#4094,#4095,#4096,
#4097,#4098,#4099,#4100,#4101,#4102,#4103,#4104,#4105,#4106,#4107,#4108,
#4109,#4110,#4111,#4112,#4113,#4114,#4115,#4116,#4117,#4118,#4119,#4120,
#4121,#4122,#4123,#4124,#4125,#4126,#4127,#4128,#4129,#4130,#4131,#4132,
#4133,#4134,#4135,#4136,#4137,#4138,#4139,#4140,#4141,#4142));
#4309=CLOSED_SHELL('',(#4143,#4144,#4145,#4146,#4147,#4148,#4149,#4150,
#4151,#4152,#4153,#4154,#4155,#4156,#4157,#4158,#4159,#4160,#4161,#4162,
#4163,#4164,#4165,#4166,#4167,#4168,#4169,#4170,#4171,#4172,#4173,#4174,
#4175,#4176,#4177,#4178,#4179,#4180,#4181,#4182,#4183,#4184,#4185,#4186,
#4187,#4188,#4189,#4190,#4191,#4192,#4193,#4194,#4195,#4196,#4197,#4198,
#4199,#4200,#4201,#4202,#4203,#4204,#4205,#4206,#4207,#4208,#4209,#4210,
#4211,#4212,#4213,#4214,#4215,#4216,#4217,#4218,#4219,#4220,#4221,#4222,
#4223,#4224,#4225,#4226,#4227,#4228,#4229,#4230,#4231,#4232,#4233,#4234,
#4235,#4236,#4237,#4238,#4239,#4240,#4241,#4242,#4243,#4244,#4245,#4246,
#4247,#4248,#4249,#4250,#4251,#4252,#4253,#4254,#4255,#4256,#4257,#4258,
#4259,#4260,#4261,#4262,#4263,#4264));
#4310=CLOSED_SHELL('',(#4265,#4266,#4267,#4268,#4269,#4270,#4271,#4272,
#4273,#4274,#4275,#4276,#4277,#4278,#4279,#4280,#4281,#4282,#4283,#4284,
#4285,#4286,#4287,#4288,#4289,#4290,#4291,#4292,#4293,#4294,#4295,#4296,
#4297,#4298,#4299,#4300,#4301,#4302,#4303,#4304,#4305,#4306,#4307));
#4311=DERIVED_UNIT_ELEMENT(#4313,1.);
#4312=DERIVED_UNIT_ELEMENT(#7414,-3.);
#4313=(
MASS_UNIT()
NAMED_UNIT(*)
SI_UNIT(.KILO.,.GRAM.)
);
#4314=DERIVED_UNIT((#4311,#4312));
#4315=MEASURE_REPRESENTATION_ITEM('density measure',
POSITIVE_RATIO_MEASURE(7850.),#4314);
#4316=PROPERTY_DEFINITION_REPRESENTATION(#4321,#4318);
#4317=PROPERTY_DEFINITION_REPRESENTATION(#4322,#4319);
#4318=REPRESENTATION('material name',(#4320),#7411);
#4319=REPRESENTATION('density',(#4315),#7411);
#4320=DESCRIPTIVE_REPRESENTATION_ITEM('\X2\94A2\X0\','\X2\94A2\X0\');
#4321=PROPERTY_DEFINITION('material property','material name',#7431);
#4322=PROPERTY_DEFINITION('material property','density of part',#7431);
#4323=AXIS2_PLACEMENT_3D('',#6022,#4765,#4766);
#4324=AXIS2_PLACEMENT_3D('',#6023,#4767,#4768);
#4325=AXIS2_PLACEMENT_3D('',#6024,#4769,#4770);
#4326=AXIS2_PLACEMENT_3D('',#6025,#4771,#4772);
#4327=AXIS2_PLACEMENT_3D('',#6030,#4774,#4775);
#4328=AXIS2_PLACEMENT_3D('',#6034,#4777,#4778);
#4329=AXIS2_PLACEMENT_3D('',#6038,#4780,#4781);
#4330=AXIS2_PLACEMENT_3D('',#6041,#4783,#4784);
#4331=AXIS2_PLACEMENT_3D('',#6042,#4785,#4786);
#4332=AXIS2_PLACEMENT_3D('',#6047,#4788,#4789);
#4333=AXIS2_PLACEMENT_3D('',#6051,#4791,#4792);
#4334=AXIS2_PLACEMENT_3D('',#6055,#4794,#4795);
#4335=AXIS2_PLACEMENT_3D('',#6058,#4797,#4798);
#4336=AXIS2_PLACEMENT_3D('',#6059,#4799,#4800);
#4337=AXIS2_PLACEMENT_3D('',#6062,#4803,#4804);
#4338=AXIS2_PLACEMENT_3D('',#6067,#4806,#4807);
#4339=AXIS2_PLACEMENT_3D('',#6075,#4811,#4812);
#4340=AXIS2_PLACEMENT_3D('',#6087,#4818,#4819);
#4341=AXIS2_PLACEMENT_3D('',#6090,#4821,#4822);
#4342=AXIS2_PLACEMENT_3D('',#6095,#4824,#4825);
#4343=AXIS2_PLACEMENT_3D('',#6098,#4827,#4828);
#4344=AXIS2_PLACEMENT_3D('',#6099,#4829,#4830);
#4345=AXIS2_PLACEMENT_3D('',#6104,#4832,#4833);
#4346=AXIS2_PLACEMENT_3D('',#6108,#4835,#4836);
#4347=AXIS2_PLACEMENT_3D('',#6130,#4847,#4848);
#4348=AXIS2_PLACEMENT_3D('',#6134,#4850,#4851);
#4349=AXIS2_PLACEMENT_3D('',#6136,#4853,#4854);
#4350=AXIS2_PLACEMENT_3D('',#6139,#4857,#4858);
#4351=AXIS2_PLACEMENT_3D('',#6142,#4861,#4862);
#4352=AXIS2_PLACEMENT_3D('',#6145,#4865,#4866);
#4353=AXIS2_PLACEMENT_3D('',#6148,#4869,#4870);
#4354=AXIS2_PLACEMENT_3D('',#6153,#4872,#4873);
#4355=AXIS2_PLACEMENT_3D('',#6155,#4875,#4876);
#4356=AXIS2_PLACEMENT_3D('',#6160,#4878,#4879);
#4357=AXIS2_PLACEMENT_3D('',#6162,#4881,#4882);
#4358=AXIS2_PLACEMENT_3D('',#6167,#4884,#4885);
#4359=AXIS2_PLACEMENT_3D('',#6171,#4887,#4888);
#4360=AXIS2_PLACEMENT_3D('',#6179,#4892,#4893);
#4361=AXIS2_PLACEMENT_3D('',#6183,#4895,#4896);
#4362=AXIS2_PLACEMENT_3D('',#6187,#4899,#4900);
#4363=AXIS2_PLACEMENT_3D('',#6191,#4902,#4903);
#4364=AXIS2_PLACEMENT_3D('',#6199,#4907,#4908);
#4365=AXIS2_PLACEMENT_3D('',#6202,#4911,#4912);
#4366=AXIS2_PLACEMENT_3D('',#6207,#4916,#4917);
#4367=AXIS2_PLACEMENT_3D('',#6212,#4921,#4922);
#4368=AXIS2_PLACEMENT_3D('',#6215,#4925,#4926);
#4369=AXIS2_PLACEMENT_3D('',#6218,#4929,#4930);
#4370=AXIS2_PLACEMENT_3D('',#6220,#4932,#4933);
#4371=AXIS2_PLACEMENT_3D('',#6222,#4935,#4936);
#4372=AXIS2_PLACEMENT_3D('',#6223,#4937,#4938);
#4373=AXIS2_PLACEMENT_3D('',#6225,#4940,#4941);
#4374=AXIS2_PLACEMENT_3D('',#6226,#4942,#4943);
#4375=AXIS2_PLACEMENT_3D('',#6227,#4944,#4945);
#4376=AXIS2_PLACEMENT_3D('',#6228,#4946,#4947);
#4377=AXIS2_PLACEMENT_3D('',#6230,#4949,#4950);
#4378=AXIS2_PLACEMENT_3D('',#6231,#4951,#4952);
#4379=AXIS2_PLACEMENT_3D('',#6232,#4953,#4954);
#4380=AXIS2_PLACEMENT_3D('',#6233,#4955,#4956);
#4381=AXIS2_PLACEMENT_3D('',#6235,#4958,#4959);
#4382=AXIS2_PLACEMENT_3D('',#6237,#4961,#4962);
#4383=AXIS2_PLACEMENT_3D('',#6240,#4963,#4964);
#4384=AXIS2_PLACEMENT_3D('',#6243,#4966,#4967);
#4385=AXIS2_PLACEMENT_3D('',#6245,#4969,#4970);
#4386=AXIS2_PLACEMENT_3D('',#6249,#4972,#4973);
#4387=AXIS2_PLACEMENT_3D('',#6252,#4975,#4976);
#4388=AXIS2_PLACEMENT_3D('',#6253,#4977,#4978);
#4389=AXIS2_PLACEMENT_3D('',#6276,#4981,#4982);
#4390=AXIS2_PLACEMENT_3D('',#6279,#4985,#4986);
#4391=AXIS2_PLACEMENT_3D('',#6281,#4987,#4988);
#4392=AXIS2_PLACEMENT_3D('',#6284,#4990,#4991);
#4393=AXIS2_PLACEMENT_3D('',#6285,#4992,#4993);
#4394=AXIS2_PLACEMENT_3D('',#6287,#4994,#4995);
#4395=AXIS2_PLACEMENT_3D('',#6289,#4996,#4997);
#4396=AXIS2_PLACEMENT_3D('',#6291,#4999,#5000);
#4397=AXIS2_PLACEMENT_3D('',#6293,#5002,#5003);
#4398=AXIS2_PLACEMENT_3D('',#6295,#5005,#5006);
#4399=AXIS2_PLACEMENT_3D('',#6301,#5010,#5011);
#4400=AXIS2_PLACEMENT_3D('',#6307,#5015,#5016);
#4401=AXIS2_PLACEMENT_3D('',#6311,#5018,#5019);
#4402=AXIS2_PLACEMENT_3D('',#6312,#5020,#5021);
#4403=AXIS2_PLACEMENT_3D('',#6313,#5022,#5023);
#4404=AXIS2_PLACEMENT_3D('',#6315,#5024,#5025);
#4405=AXIS2_PLACEMENT_3D('',#6318,#5027,#5028);
#4406=AXIS2_PLACEMENT_3D('',#6319,#5029,#5030);
#4407=AXIS2_PLACEMENT_3D('',#6322,#5033,#5034);
#4408=AXIS2_PLACEMENT_3D('',#6324,#5035,#5036);
#4409=AXIS2_PLACEMENT_3D('',#6327,#5038,#5039);
#4410=AXIS2_PLACEMENT_3D('',#6328,#5040,#5041);
#4411=AXIS2_PLACEMENT_3D('',#6330,#5042,#5043);
#4412=AXIS2_PLACEMENT_3D('',#6332,#5044,#5045);
#4413=AXIS2_PLACEMENT_3D('',#6334,#5047,#5048);
#4414=AXIS2_PLACEMENT_3D('',#6336,#5050,#5051);
#4415=AXIS2_PLACEMENT_3D('',#6338,#5053,#5054);
#4416=AXIS2_PLACEMENT_3D('',#6344,#5058,#5059);
#4417=AXIS2_PLACEMENT_3D('',#6350,#5063,#5064);
#4418=AXIS2_PLACEMENT_3D('',#6354,#5066,#5067);
#4419=AXIS2_PLACEMENT_3D('',#6355,#5068,#5069);
#4420=AXIS2_PLACEMENT_3D('',#6356,#5070,#5071);
#4421=AXIS2_PLACEMENT_3D('',#6358,#5072,#5073);
#4422=AXIS2_PLACEMENT_3D('',#6361,#5075,#5076);
#4423=AXIS2_PLACEMENT_3D('',#6362,#5077,#5078);
#4424=AXIS2_PLACEMENT_3D('',#6365,#5081,#5082);
#4425=AXIS2_PLACEMENT_3D('',#6367,#5084,#5085);
#4426=AXIS2_PLACEMENT_3D('',#6370,#5088,#5089);
#4427=AXIS2_PLACEMENT_3D('',#6372,#5091,#5092);
#4428=AXIS2_PLACEMENT_3D('',#6375,#5095,#5096);
#4429=AXIS2_PLACEMENT_3D('',#6376,#5097,#5098);
#4430=AXIS2_PLACEMENT_3D('',#6377,#5099,#5100);
#4431=AXIS2_PLACEMENT_3D('',#6378,#5101,#5102);
#4432=AXIS2_PLACEMENT_3D('',#6379,#5103,#5104);
#4433=AXIS2_PLACEMENT_3D('',#6380,#5105,#5106);
#4434=AXIS2_PLACEMENT_3D('',#6381,#5107,#5108);
#4435=AXIS2_PLACEMENT_3D('',#6382,#5109,#5110);
#4436=AXIS2_PLACEMENT_3D('',#6383,#5111,#5112);
#4437=AXIS2_PLACEMENT_3D('',#6384,#5113,#5114);
#4438=AXIS2_PLACEMENT_3D('',#6385,#5115,#5116);
#4439=AXIS2_PLACEMENT_3D('',#6386,#5117,#5118);
#4440=AXIS2_PLACEMENT_3D('',#6387,#5119,#5120);
#4441=AXIS2_PLACEMENT_3D('',#6388,#5121,#5122);
#4442=AXIS2_PLACEMENT_3D('',#6389,#5123,#5124);
#4443=AXIS2_PLACEMENT_3D('',#6394,#5126,#5127);
#4444=AXIS2_PLACEMENT_3D('',#6398,#5129,#5130);
#4445=AXIS2_PLACEMENT_3D('',#6402,#5133,#5134);
#4446=AXIS2_PLACEMENT_3D('',#6408,#5138,#5139);
#4447=AXIS2_PLACEMENT_3D('',#6410,#5140,#5141);
#4448=AXIS2_PLACEMENT_3D('',#6417,#5145,#5146);
#4449=AXIS2_PLACEMENT_3D('',#6418,#5147,#5148);
#4450=AXIS2_PLACEMENT_3D('',#6420,#5149,#5150);
#4451=AXIS2_PLACEMENT_3D('',#6423,#5152,#5153);
#4452=AXIS2_PLACEMENT_3D('',#6424,#5154,#5155);
#4453=AXIS2_PLACEMENT_3D('',#6426,#5156,#5157);
#4454=AXIS2_PLACEMENT_3D('',#6428,#5158,#5159);
#4455=AXIS2_PLACEMENT_3D('',#6430,#5161,#5162);
#4456=AXIS2_PLACEMENT_3D('',#6435,#5164,#5165);
#4457=AXIS2_PLACEMENT_3D('',#6442,#5169,#5170);
#4458=AXIS2_PLACEMENT_3D('',#6443,#5171,#5172);
#4459=AXIS2_PLACEMENT_3D('',#6449,#5176,#5177);
#4460=AXIS2_PLACEMENT_3D('',#6453,#5179,#5180);
#4461=AXIS2_PLACEMENT_3D('',#6455,#5181,#5182);
#4462=AXIS2_PLACEMENT_3D('',#6459,#5185,#5186);
#4463=AXIS2_PLACEMENT_3D('',#6461,#5187,#5188);
#4464=AXIS2_PLACEMENT_3D('',#6464,#5190,#5191);
#4465=AXIS2_PLACEMENT_3D('',#6465,#5192,#5193);
#4466=AXIS2_PLACEMENT_3D('',#6467,#5194,#5195);
#4467=AXIS2_PLACEMENT_3D('',#6469,#5196,#5197);
#4468=AXIS2_PLACEMENT_3D('',#6471,#5199,#5200);
#4469=AXIS2_PLACEMENT_3D('',#6476,#5202,#5203);
#4470=AXIS2_PLACEMENT_3D('',#6480,#5205,#5206);
#4471=AXIS2_PLACEMENT_3D('',#6484,#5208,#5209);
#4472=AXIS2_PLACEMENT_3D('',#6487,#5211,#5212);
#4473=AXIS2_PLACEMENT_3D('',#6488,#5213,#5214);
#4474=AXIS2_PLACEMENT_3D('',#6494,#5218,#5219);
#4475=AXIS2_PLACEMENT_3D('',#6496,#5220,#5221);
#4476=AXIS2_PLACEMENT_3D('',#6500,#5223,#5224);
#4477=AXIS2_PLACEMENT_3D('',#6504,#5226,#5227);
#4478=AXIS2_PLACEMENT_3D('',#6507,#5229,#5230);
#4479=AXIS2_PLACEMENT_3D('',#6508,#5231,#5232);
#4480=AXIS2_PLACEMENT_3D('',#6557,#5257,#5258);
#4481=AXIS2_PLACEMENT_3D('',#6564,#5261,#5262);
#4482=AXIS2_PLACEMENT_3D('',#6568,#5264,#5265);
#4483=AXIS2_PLACEMENT_3D('',#6578,#5271,#5272);
#4484=AXIS2_PLACEMENT_3D('',#6585,#5275,#5276);
#4485=AXIS2_PLACEMENT_3D('',#6589,#5278,#5279);
#4486=AXIS2_PLACEMENT_3D('',#6599,#5285,#5286);
#4487=AXIS2_PLACEMENT_3D('',#6606,#5289,#5290);
#4488=AXIS2_PLACEMENT_3D('',#6610,#5292,#5293);
#4489=AXIS2_PLACEMENT_3D('',#6620,#5299,#5300);
#4490=AXIS2_PLACEMENT_3D('',#6621,#5301,#5302);
#4491=AXIS2_PLACEMENT_3D('',#6623,#5303,#5304);
#4492=AXIS2_PLACEMENT_3D('',#6626,#5306,#5307);
#4493=AXIS2_PLACEMENT_3D('',#6627,#5308,#5309);
#4494=AXIS2_PLACEMENT_3D('',#6630,#5310,#5311);
#4495=AXIS2_PLACEMENT_3D('',#6634,#5313,#5314);
#4496=AXIS2_PLACEMENT_3D('',#6636,#5316,#5317);
#4497=AXIS2_PLACEMENT_3D('',#6645,#5321,#5322);
#4498=AXIS2_PLACEMENT_3D('',#6649,#5324,#5325);
#4499=AXIS2_PLACEMENT_3D('',#6654,#5328,#5329);
#4500=AXIS2_PLACEMENT_3D('',#6657,#5331,#5332);
#4501=AXIS2_PLACEMENT_3D('',#6658,#5333,#5334);
#4502=AXIS2_PLACEMENT_3D('',#6667,#5338,#5339);
#4503=AXIS2_PLACEMENT_3D('',#6671,#5341,#5342);
#4504=AXIS2_PLACEMENT_3D('',#6676,#5345,#5346);
#4505=AXIS2_PLACEMENT_3D('',#6679,#5348,#5349);
#4506=AXIS2_PLACEMENT_3D('',#6680,#5350,#5351);
#4507=AXIS2_PLACEMENT_3D('',#6683,#5354,#5355);
#4508=AXIS2_PLACEMENT_3D('',#6686,#5358,#5359);
#4509=AXIS2_PLACEMENT_3D('',#6695,#5363,#5364);
#4510=AXIS2_PLACEMENT_3D('',#6699,#5366,#5367);
#4511=AXIS2_PLACEMENT_3D('',#6704,#5370,#5371);
#4512=AXIS2_PLACEMENT_3D('',#6707,#5373,#5374);
#4513=AXIS2_PLACEMENT_3D('',#6708,#5375,#5376);
#4514=AXIS2_PLACEMENT_3D('',#6717,#5380,#5381);
#4515=AXIS2_PLACEMENT_3D('',#6721,#5383,#5384);
#4516=AXIS2_PLACEMENT_3D('',#6726,#5387,#5388);
#4517=AXIS2_PLACEMENT_3D('',#6729,#5390,#5391);
#4518=AXIS2_PLACEMENT_3D('',#6730,#5392,#5393);
#4519=AXIS2_PLACEMENT_3D('',#6733,#5396,#5397);
#4520=AXIS2_PLACEMENT_3D('',#6736,#5400,#5401);
#4521=AXIS2_PLACEMENT_3D('',#6739,#5402,#5403);
#4522=AXIS2_PLACEMENT_3D('',#6743,#5405,#5406);
#4523=AXIS2_PLACEMENT_3D('',#6745,#5407,#5408);
#4524=AXIS2_PLACEMENT_3D('',#6813,#5411,#5412);
#4525=AXIS2_PLACEMENT_3D('',#6814,#5413,#5414);
#4526=AXIS2_PLACEMENT_3D('',#6817,#5415,#5416);
#4527=AXIS2_PLACEMENT_3D('',#6821,#5418,#5419);
#4528=AXIS2_PLACEMENT_3D('',#6867,#5422,#5423);
#4529=AXIS2_PLACEMENT_3D('',#6870,#5425,#5426);
#4530=AXIS2_PLACEMENT_3D('',#6872,#5428,#5429);
#4531=AXIS2_PLACEMENT_3D('',#6874,#5430,#5431);
#4532=AXIS2_PLACEMENT_3D('',#6877,#5434,#5435);
#4533=AXIS2_PLACEMENT_3D('',#6886,#5440,#5441);
#4534=AXIS2_PLACEMENT_3D('',#6892,#5445,#5446);
#4535=AXIS2_PLACEMENT_3D('',#6896,#5448,#5449);
#4536=AXIS2_PLACEMENT_3D('',#6897,#5450,#5451);
#4537=AXIS2_PLACEMENT_3D('',#6898,#5452,#5453);
#4538=AXIS2_PLACEMENT_3D('',#6899,#5454,#5455);
#4539=AXIS2_PLACEMENT_3D('',#6908,#5460,#5461);
#4540=AXIS2_PLACEMENT_3D('',#6914,#5465,#5466);
#4541=AXIS2_PLACEMENT_3D('',#6915,#5467,#5468);
#4542=AXIS2_PLACEMENT_3D('',#6916,#5469,#5470);
#4543=AXIS2_PLACEMENT_3D('',#6917,#5471,#5472);
#4544=AXIS2_PLACEMENT_3D('',#6918,#5473,#5474);
#4545=AXIS2_PLACEMENT_3D('',#6927,#5479,#5480);
#4546=AXIS2_PLACEMENT_3D('',#6933,#5484,#5485);
#4547=AXIS2_PLACEMENT_3D('',#6934,#5486,#5487);
#4548=AXIS2_PLACEMENT_3D('',#6935,#5488,#5489);
#4549=AXIS2_PLACEMENT_3D('',#6936,#5490,#5491);
#4550=AXIS2_PLACEMENT_3D('',#6937,#5492,#5493);
#4551=AXIS2_PLACEMENT_3D('',#6946,#5498,#5499);
#4552=AXIS2_PLACEMENT_3D('',#6952,#5503,#5504);
#4553=AXIS2_PLACEMENT_3D('',#6954,#5505,#5506);
#4554=AXIS2_PLACEMENT_3D('',#6957,#5508,#5509);
#4555=AXIS2_PLACEMENT_3D('',#6958,#5510,#5511);
#4556=AXIS2_PLACEMENT_3D('',#6959,#5512,#5513);
#4557=AXIS2_PLACEMENT_3D('',#6963,#5515,#5516);
#4558=AXIS2_PLACEMENT_3D('',#6965,#5518,#5519);
#4559=AXIS2_PLACEMENT_3D('',#6969,#5522,#5523);
#4560=AXIS2_PLACEMENT_3D('',#6972,#5525,#5526);
#4561=AXIS2_PLACEMENT_3D('',#6973,#5527,#5528);
#4562=AXIS2_PLACEMENT_3D('',#6975,#5530,#5531);
#4563=AXIS2_PLACEMENT_3D('',#6976,#5532,#5533);
#4564=AXIS2_PLACEMENT_3D('',#6979,#5536,#5537);
#4565=AXIS2_PLACEMENT_3D('',#6982,#5540,#5541);
#4566=AXIS2_PLACEMENT_3D('',#6985,#5544,#5545);
#4567=AXIS2_PLACEMENT_3D('',#6988,#5548,#5549);
#4568=AXIS2_PLACEMENT_3D('',#6991,#5552,#5553);
#4569=AXIS2_PLACEMENT_3D('',#6994,#5556,#5557);
#4570=AXIS2_PLACEMENT_3D('',#6997,#5560,#5561);
#4571=AXIS2_PLACEMENT_3D('',#7000,#5564,#5565);
#4572=AXIS2_PLACEMENT_3D('',#7003,#5568,#5569);
#4573=AXIS2_PLACEMENT_3D('',#7006,#5572,#5573);
#4574=AXIS2_PLACEMENT_3D('',#7009,#5576,#5577);
#4575=AXIS2_PLACEMENT_3D('',#7012,#5580,#5581);
#4576=AXIS2_PLACEMENT_3D('',#7013,#5582,#5583);
#4577=AXIS2_PLACEMENT_3D('',#7014,#5584,#5585);
#4578=AXIS2_PLACEMENT_3D('',#7015,#5586,#5587);
#4579=AXIS2_PLACEMENT_3D('',#7016,#5588,#5589);
#4580=AXIS2_PLACEMENT_3D('',#7017,#5590,#5591);
#4581=AXIS2_PLACEMENT_3D('',#7018,#5592,#5593);
#4582=AXIS2_PLACEMENT_3D('',#7019,#5594,#5595);
#4583=AXIS2_PLACEMENT_3D('',#7020,#5596,#5597);
#4584=AXIS2_PLACEMENT_3D('',#7021,#5598,#5599);
#4585=AXIS2_PLACEMENT_3D('',#7022,#5600,#5601);
#4586=AXIS2_PLACEMENT_3D('',#7023,#5602,#5603);
#4587=AXIS2_PLACEMENT_3D('',#7024,#5604,#5605);
#4588=AXIS2_PLACEMENT_3D('',#7025,#5606,#5607);
#4589=AXIS2_PLACEMENT_3D('',#7026,#5608,#5609);
#4590=AXIS2_PLACEMENT_3D('',#7027,#5610,#5611);
#4591=AXIS2_PLACEMENT_3D('',#7028,#5612,#5613);
#4592=AXIS2_PLACEMENT_3D('',#7029,#5614,#5615);
#4593=AXIS2_PLACEMENT_3D('',#7030,#5616,#5617);
#4594=AXIS2_PLACEMENT_3D('',#7031,#5618,#5619);
#4595=AXIS2_PLACEMENT_3D('',#7032,#5620,#5621);
#4596=AXIS2_PLACEMENT_3D('',#7033,#5622,#5623);
#4597=AXIS2_PLACEMENT_3D('',#7034,#5624,#5625);
#4598=AXIS2_PLACEMENT_3D('',#7035,#5626,#5627);
#4599=AXIS2_PLACEMENT_3D('',#7036,#5628,#5629);
#4600=AXIS2_PLACEMENT_3D('',#7037,#5630,#5631);
#4601=AXIS2_PLACEMENT_3D('',#7038,#5632,#5633);
#4602=AXIS2_PLACEMENT_3D('',#7039,#5634,#5635);
#4603=AXIS2_PLACEMENT_3D('',#7040,#5636,#5637);
#4604=AXIS2_PLACEMENT_3D('',#7041,#5638,#5639);
#4605=AXIS2_PLACEMENT_3D('',#7042,#5640,#5641);
#4606=AXIS2_PLACEMENT_3D('',#7043,#5642,#5643);
#4607=AXIS2_PLACEMENT_3D('',#7044,#5644,#5645);
#4608=AXIS2_PLACEMENT_3D('',#7045,#5646,#5647);
#4609=AXIS2_PLACEMENT_3D('',#7046,#5648,#5649);
#4610=AXIS2_PLACEMENT_3D('',#7047,#5650,#5651);
#4611=AXIS2_PLACEMENT_3D('',#7048,#5652,#5653);
#4612=AXIS2_PLACEMENT_3D('',#7049,#5654,#5655);
#4613=AXIS2_PLACEMENT_3D('',#7050,#5656,#5657);
#4614=AXIS2_PLACEMENT_3D('',#7051,#5658,#5659);
#4615=AXIS2_PLACEMENT_3D('',#7052,#5660,#5661);
#4616=AXIS2_PLACEMENT_3D('',#7053,#5662,#5663);
#4617=AXIS2_PLACEMENT_3D('',#7054,#5664,#5665);
#4618=AXIS2_PLACEMENT_3D('',#7055,#5666,#5667);
#4619=AXIS2_PLACEMENT_3D('',#7056,#5668,#5669);
#4620=AXIS2_PLACEMENT_3D('',#7057,#5670,#5671);
#4621=AXIS2_PLACEMENT_3D('',#7058,#5672,#5673);
#4622=AXIS2_PLACEMENT_3D('',#7059,#5674,#5675);
#4623=AXIS2_PLACEMENT_3D('',#7060,#5676,#5677);
#4624=AXIS2_PLACEMENT_3D('',#7061,#5678,#5679);
#4625=AXIS2_PLACEMENT_3D('',#7062,#5680,#5681);
#4626=AXIS2_PLACEMENT_3D('',#7063,#5682,#5683);
#4627=AXIS2_PLACEMENT_3D('',#7064,#5684,#5685);
#4628=AXIS2_PLACEMENT_3D('',#7065,#5686,#5687);
#4629=AXIS2_PLACEMENT_3D('',#7066,#5688,#5689);
#4630=AXIS2_PLACEMENT_3D('',#7067,#5690,#5691);
#4631=AXIS2_PLACEMENT_3D('',#7068,#5692,#5693);
#4632=AXIS2_PLACEMENT_3D('',#7069,#5694,#5695);
#4633=AXIS2_PLACEMENT_3D('',#7072,#5697,#5698);
#4634=AXIS2_PLACEMENT_3D('',#7073,#5699,#5700);
#4635=AXIS2_PLACEMENT_3D('',#7074,#5701,#5702);
#4636=AXIS2_PLACEMENT_3D('',#7075,#5703,#5704);
#4637=AXIS2_PLACEMENT_3D('',#7076,#5705,#5706);
#4638=AXIS2_PLACEMENT_3D('',#7077,#5707,#5708);
#4639=AXIS2_PLACEMENT_3D('',#7079,#5709,#5710);
#4640=AXIS2_PLACEMENT_3D('',#7080,#5711,#5712);
#4641=AXIS2_PLACEMENT_3D('',#7081,#5713,#5714);
#4642=AXIS2_PLACEMENT_3D('',#7082,#5715,#5716);
#4643=AXIS2_PLACEMENT_3D('',#7083,#5717,#5718);
#4644=AXIS2_PLACEMENT_3D('',#7086,#5720,#5721);
#4645=AXIS2_PLACEMENT_3D('',#7087,#5722,#5723);
#4646=AXIS2_PLACEMENT_3D('',#7088,#5724,#5725);
#4647=AXIS2_PLACEMENT_3D('',#7089,#5726,#5727);
#4648=AXIS2_PLACEMENT_3D('',#7091,#5728,#5729);
#4649=AXIS2_PLACEMENT_3D('',#7092,#5730,#5731);
#4650=AXIS2_PLACEMENT_3D('',#7093,#5732,#5733);
#4651=AXIS2_PLACEMENT_3D('',#7095,#5735,#5736);
#4652=AXIS2_PLACEMENT_3D('',#7096,#5737,#5738);
#4653=AXIS2_PLACEMENT_3D('',#7097,#5739,#5740);
#4654=AXIS2_PLACEMENT_3D('',#7098,#5741,#5742);
#4655=AXIS2_PLACEMENT_3D('',#7099,#5743,#5744);
#4656=AXIS2_PLACEMENT_3D('',#7100,#5745,#5746);
#4657=AXIS2_PLACEMENT_3D('',#7101,#5747,#5748);
#4658=AXIS2_PLACEMENT_3D('',#7102,#5749,#5750);
#4659=AXIS2_PLACEMENT_3D('',#7103,#5751,#5752);
#4660=AXIS2_PLACEMENT_3D('',#7104,#5753,#5754);
#4661=AXIS2_PLACEMENT_3D('',#7105,#5755,#5756);
#4662=AXIS2_PLACEMENT_3D('',#7106,#5757,#5758);
#4663=AXIS2_PLACEMENT_3D('',#7107,#5759,#5760);
#4664=AXIS2_PLACEMENT_3D('',#7108,#5761,#5762);
#4665=AXIS2_PLACEMENT_3D('',#7109,#5763,#5764);
#4666=AXIS2_PLACEMENT_3D('',#7110,#5765,#5766);
#4667=AXIS2_PLACEMENT_3D('',#7111,#5767,#5768);
#4668=AXIS2_PLACEMENT_3D('',#7112,#5769,#5770);
#4669=AXIS2_PLACEMENT_3D('',#7113,#5771,#5772);
#4670=AXIS2_PLACEMENT_3D('',#7114,#5773,#5774);
#4671=AXIS2_PLACEMENT_3D('',#7115,#5775,#5776);
#4672=AXIS2_PLACEMENT_3D('',#7116,#5777,#5778);
#4673=AXIS2_PLACEMENT_3D('',#7117,#5779,#5780);
#4674=AXIS2_PLACEMENT_3D('',#7118,#5781,#5782);
#4675=AXIS2_PLACEMENT_3D('',#7119,#5783,#5784);
#4676=AXIS2_PLACEMENT_3D('',#7120,#5785,#5786);
#4677=AXIS2_PLACEMENT_3D('',#7122,#5788,#5789);
#4678=AXIS2_PLACEMENT_3D('',#7124,#5791,#5792);
#4679=AXIS2_PLACEMENT_3D('',#7125,#5793,#5794);
#4680=AXIS2_PLACEMENT_3D('',#7126,#5795,#5796);
#4681=AXIS2_PLACEMENT_3D('',#7128,#5797,#5798);
#4682=AXIS2_PLACEMENT_3D('',#7131,#5800,#5801);
#4683=AXIS2_PLACEMENT_3D('',#7132,#5802,#5803);
#4684=AXIS2_PLACEMENT_3D('',#7134,#5804,#5805);
#4685=AXIS2_PLACEMENT_3D('',#7137,#5807,#5808);
#4686=AXIS2_PLACEMENT_3D('',#7138,#5809,#5810);
#4687=AXIS2_PLACEMENT_3D('',#7140,#5811,#5812);
#4688=AXIS2_PLACEMENT_3D('',#7143,#5814,#5815);
#4689=AXIS2_PLACEMENT_3D('',#7144,#5816,#5817);
#4690=AXIS2_PLACEMENT_3D('',#7146,#5818,#5819);
#4691=AXIS2_PLACEMENT_3D('',#7149,#5821,#5822);
#4692=AXIS2_PLACEMENT_3D('',#7150,#5823,#5824);
#4693=AXIS2_PLACEMENT_3D('',#7153,#5825,#5826);
#4694=AXIS2_PLACEMENT_3D('',#7155,#5827,#5828);
#4695=AXIS2_PLACEMENT_3D('',#7157,#5829,#5830);
#4696=AXIS2_PLACEMENT_3D('',#7170,#5831,#5832);
#4697=AXIS2_PLACEMENT_3D('',#7173,#5833,#5834);
#4698=AXIS2_PLACEMENT_3D('',#7192,#5835,#5836);
#4699=AXIS2_PLACEMENT_3D('',#7193,#5837,#5838);
#4700=AXIS2_PLACEMENT_3D('',#7194,#5839,#5840);
#4701=AXIS2_PLACEMENT_3D('',#7197,#5841,#5842);
#4702=AXIS2_PLACEMENT_3D('',#7201,#5844,#5845);
#4703=AXIS2_PLACEMENT_3D('',#7205,#5847,#5848);
#4704=AXIS2_PLACEMENT_3D('',#7209,#5850,#5851);
#4705=AXIS2_PLACEMENT_3D('',#7211,#5853,#5854);
#4706=AXIS2_PLACEMENT_3D('',#7214,#5855,#5856);
#4707=AXIS2_PLACEMENT_3D('',#7218,#5858,#5859);
#4708=AXIS2_PLACEMENT_3D('',#7220,#5861,#5862);
#4709=AXIS2_PLACEMENT_3D('',#7221,#5863,#5864);
#4710=AXIS2_PLACEMENT_3D('',#7224,#5867,#5868);
#4711=AXIS2_PLACEMENT_3D('',#7229,#5870,#5871);
#4712=AXIS2_PLACEMENT_3D('',#7241,#5879,#5880);
#4713=AXIS2_PLACEMENT_3D('',#7247,#5883,#5884);
#4714=AXIS2_PLACEMENT_3D('',#7251,#5886,#5887);
#4715=AXIS2_PLACEMENT_3D('',#7260,#5893,#5894);
#4716=AXIS2_PLACEMENT_3D('',#7263,#5895,#5896);
#4717=AXIS2_PLACEMENT_3D('',#7267,#5898,#5899);
#4718=AXIS2_PLACEMENT_3D('',#7269,#5901,#5902);
#4719=AXIS2_PLACEMENT_3D('',#7272,#5905,#5906);
#4720=AXIS2_PLACEMENT_3D('',#7275,#5908,#5909);
#4721=AXIS2_PLACEMENT_3D('',#7278,#5911,#5912);
#4722=AXIS2_PLACEMENT_3D('',#7279,#5913,#5914);
#4723=AXIS2_PLACEMENT_3D('',#7283,#5916,#5917);
#4724=AXIS2_PLACEMENT_3D('',#7287,#5920,#5921);
#4725=AXIS2_PLACEMENT_3D('',#7290,#5923,#5924);
#4726=AXIS2_PLACEMENT_3D('',#7292,#5926,#5927);
#4727=AXIS2_PLACEMENT_3D('',#7295,#5928,#5929);
#4728=AXIS2_PLACEMENT_3D('',#7299,#5931,#5932);
#4729=AXIS2_PLACEMENT_3D('',#7301,#5934,#5935);
#4730=AXIS2_PLACEMENT_3D('',#7304,#5938,#5939);
#4731=AXIS2_PLACEMENT_3D('',#7307,#5942,#5943);
#4732=AXIS2_PLACEMENT_3D('',#7308,#5944,#5945);
#4733=AXIS2_PLACEMENT_3D('',#7309,#5946,#5947);
#4734=AXIS2_PLACEMENT_3D('',#7310,#5948,#5949);
#4735=AXIS2_PLACEMENT_3D('',#7311,#5950,#5951);
#4736=AXIS2_PLACEMENT_3D('',#7313,#5952,#5953);
#4737=AXIS2_PLACEMENT_3D('',#7317,#5956,#5957);
#4738=AXIS2_PLACEMENT_3D('',#7318,#5958,#5959);
#4739=AXIS2_PLACEMENT_3D('',#7319,#5960,#5961);
#4740=AXIS2_PLACEMENT_3D('',#7323,#5963,#5964);
#4741=AXIS2_PLACEMENT_3D('',#7325,#5966,#5967);
#4742=AXIS2_PLACEMENT_3D('',#7329,#5969,#5970);
#4743=AXIS2_PLACEMENT_3D('',#7331,#5972,#5973);
#4744=AXIS2_PLACEMENT_3D('',#7333,#5975,#5976);
#4745=AXIS2_PLACEMENT_3D('',#7335,#5978,#5979);
#4746=AXIS2_PLACEMENT_3D('',#7336,#5980,#5981);
#4747=AXIS2_PLACEMENT_3D('',#7340,#5983,#5984);
#4748=AXIS2_PLACEMENT_3D('',#7342,#5986,#5987);
#4749=AXIS2_PLACEMENT_3D('',#7344,#5989,#5990);
#4750=AXIS2_PLACEMENT_3D('',#7346,#5992,#5993);
#4751=AXIS2_PLACEMENT_3D('',#7347,#5994,#5995);
#4752=AXIS2_PLACEMENT_3D('',#7364,#5996,#5997);
#4753=AXIS2_PLACEMENT_3D('',#7365,#5998,#5999);
#4754=AXIS2_PLACEMENT_3D('',#7380,#6000,#6001);
#4755=AXIS2_PLACEMENT_3D('',#7381,#6002,#6003);
#4756=AXIS2_PLACEMENT_3D('',#7396,#6004,#6005);
#4757=AXIS2_PLACEMENT_3D('',#7397,#6006,#6007);
#4758=AXIS2_PLACEMENT_3D('',#7398,#6008,#6009);
#4759=AXIS2_PLACEMENT_3D('',#7399,#6010,#6011);
#4760=AXIS2_PLACEMENT_3D('',#7400,#6012,#6013);
#4761=AXIS2_PLACEMENT_3D('',#7401,#6014,#6015);
#4762=AXIS2_PLACEMENT_3D('',#7402,#6016,#6017);
#4763=AXIS2_PLACEMENT_3D('',#7403,#6018,#6019);
#4764=AXIS2_PLACEMENT_3D('',#7404,#6020,#6021);
#4765=DIRECTION('axis',(0.,0.,1.));
#4766=DIRECTION('refdir',(1.,0.,0.));
#4767=DIRECTION('axis',(0.,0.,1.));
#4768=DIRECTION('refdir',(1.,0.,0.));
#4769=DIRECTION('axis',(0.,0.,1.));
#4770=DIRECTION('refdir',(1.,0.,0.));
#4771=DIRECTION('center_axis',(-1.,3.491481338843E-15,1.219044193948E-29));
#4772=DIRECTION('ref_axis',(-3.491481338843E-15,-1.,-3.491481338843E-15));
#4773=DIRECTION('',(0.,-3.491481338843E-15,1.));
#4774=DIRECTION('center_axis',(1.,-3.491481338843E-15,-1.219044193948E-29));
#4775=DIRECTION('ref_axis',(-3.491481338843E-15,-1.,-6.505213034913E-15));
#4776=DIRECTION('',(3.491481338843E-15,1.,3.491481338843E-15));
#4777=DIRECTION('center_axis',(1.,-3.491481338843E-15,-1.219044193948E-29));
#4778=DIRECTION('ref_axis',(-3.491481338843E-15,-1.,-2.891205793294E-15));
#4779=DIRECTION('',(0.,3.491481338843E-15,-1.));
#4780=DIRECTION('center_axis',(-1.,3.491481338843E-15,1.219044193948E-29));
#4781=DIRECTION('ref_axis',(-3.491481338843E-15,-1.,-1.03049139934268E-44));
#4782=DIRECTION('',(3.491481338843E-15,1.,4.069722497502E-15));
#4783=DIRECTION('center_axis',(-1.,3.491481338843E-15,1.219044193948E-29));
#4784=DIRECTION('ref_axis',(-3.491481338843E-15,-1.,-1.03049139934268E-44));
#4785=DIRECTION('center_axis',(-1.,3.491481338843E-15,1.219044193948E-29));
#4786=DIRECTION('ref_axis',(-3.491481338843E-15,-1.,-3.491481338843E-15));
#4787=DIRECTION('',(3.491481338843E-15,1.,3.491481338843E-15));
#4788=DIRECTION('center_axis',(-1.,3.491481338843E-15,1.219044193948E-29));
#4789=DIRECTION('ref_axis',(-3.491481338843E-15,-1.,-3.614007241618E-15));
#4790=DIRECTION('',(0.,3.491481338843E-15,-1.));
#4791=DIRECTION('center_axis',(1.,-3.491481338843E-15,-1.219044193948E-29));
#4792=DIRECTION('ref_axis',(-3.491481338843E-15,-1.,-1.03049139934268E-44));
#4793=DIRECTION('',(-3.491481338843E-15,-1.,-4.069722497502E-15));
#4794=DIRECTION('center_axis',(1.,-3.491481338843E-15,-1.219044193948E-29));
#4795=DIRECTION('ref_axis',(-3.491481338843E-15,-1.,-1.734723475976E-14));
#4796=DIRECTION('',(0.,-3.491481338843E-15,1.));
#4797=DIRECTION('center_axis',(-1.,3.491481338843E-15,1.219044193948E-29));
#4798=DIRECTION('ref_axis',(-3.491481338843E-15,-1.,-3.614007241618E-15));
#4799=DIRECTION('center_axis',(-1.033495498259E-16,-3.491481338843E-15,
1.));
#4800=DIRECTION('ref_axis',(-1.,3.491481338843E-15,-1.03349549825888E-16));
#4801=DIRECTION('',(-1.,3.491481338843E-15,-1.033495498259E-16));
#4802=DIRECTION('',(1.,-3.491481338843E-15,1.033495498259E-16));
#4803=DIRECTION('center_axis',(-1.,3.491481338843E-15,1.219044193948E-29));
#4804=DIRECTION('ref_axis',(-3.491481338843E-15,-1.,-3.491481338843E-15));
#4805=DIRECTION('',(3.491481338843E-15,1.,3.491481338843E-15));
#4806=DIRECTION('center_axis',(-1.,3.491481338843E-15,1.219044193948E-29));
#4807=DIRECTION('ref_axis',(-3.491481338843E-15,-1.,-3.469446951953E-15));
#4808=DIRECTION('',(0.,3.491481338843E-15,-1.));
#4809=DIRECTION('',(-3.491481338843E-15,-1.,4.301893876558E-13));
#4810=DIRECTION('',(0.,3.491481338843E-15,-1.));
#4811=DIRECTION('center_axis',(0.,3.491481338843E-15,-1.));
#4812=DIRECTION('ref_axis',(-1.,3.514869885863E-15,1.22721026149519E-29));
#4813=DIRECTION('',(0.,3.491481338843E-15,-1.));
#4814=DIRECTION('',(-3.491481338843E-15,-1.,-3.491481338843E-15));
#4815=DIRECTION('',(0.,-3.491481338843E-15,1.));
#4816=DIRECTION('',(3.491481338843E-15,1.,-4.301893876558E-13));
#4817=DIRECTION('',(0.,-3.491481338843E-15,1.));
#4818=DIRECTION('center_axis',(0.,-3.491481338843E-15,1.));
#4819=DIRECTION('ref_axis',(1.,1.674159564097E-12,5.84529687629021E-27));
#4820=DIRECTION('',(0.,-3.491481338843E-15,1.));
#4821=DIRECTION('center_axis',(-1.,3.491481338843E-15,1.219044193948E-29));
#4822=DIRECTION('ref_axis',(-3.491481338843E-15,-1.,-3.469446951953E-15));
#4823=DIRECTION('',(1.134022619032E-30,3.816278325845E-15,-1.));
#4824=DIRECTION('center_axis',(-1.,3.491481338843E-15,1.219044193948E-29));
#4825=DIRECTION('ref_axis',(-3.491481338843E-15,-1.,-3.784851220313E-15));
#4826=DIRECTION('',(0.,-3.491481338843E-15,1.));
#4827=DIRECTION('center_axis',(-1.,3.491481338843E-15,1.219044193948E-29));
#4828=DIRECTION('ref_axis',(-3.491481338843E-15,-1.,-3.784851220313E-15));
#4829=DIRECTION('center_axis',(-1.,3.491481338843E-15,1.219044193948E-29));
#4830=DIRECTION('ref_axis',(-3.491481338843E-15,-1.,-3.491481338843E-15));
#4831=DIRECTION('',(0.,3.491481338843E-15,-1.));
#4832=DIRECTION('center_axis',(1.,-3.491481338843E-15,-1.219044193948E-29));
#4833=DIRECTION('ref_axis',(-3.491481338843E-15,-1.,-3.469446951953E-15));
#4834=DIRECTION('',(3.491481338843E-15,1.,3.491481338843E-15));
#4835=DIRECTION('center_axis',(1.,-3.491481338843E-15,-1.219044193948E-29));
#4836=DIRECTION('ref_axis',(-3.491481338843E-15,-1.,-3.469446951953E-15));
#4837=DIRECTION('',(0.,-3.491481338843E-15,1.));
#4838=DIRECTION('',(1.731231994639E-12,-1.,4.301893876558E-13));
#4839=DIRECTION('',(0.,-3.491481338843E-15,1.));
#4840=DIRECTION('',(3.491481338843E-15,1.,-4.301893876558E-13));
#4841=DIRECTION('',(0.,-3.491481338843E-15,1.));
#4842=DIRECTION('',(-3.491481338843E-15,-1.,-3.491481338843E-15));
#4843=DIRECTION('',(0.,3.491481338843E-15,-1.));
#4844=DIRECTION('',(1.738214957317E-12,1.,-4.301893876558E-13));
#4845=DIRECTION('',(0.,3.491481338843E-15,-1.));
#4846=DIRECTION('',(-3.491481338843E-15,-1.,4.301893876558E-13));
#4847=DIRECTION('center_axis',(-1.,3.491481338843E-15,1.219044193948E-29));
#4848=DIRECTION('ref_axis',(-3.491481338843E-15,-1.,-3.784851220313E-15));
#4849=DIRECTION('',(1.134022619032E-30,3.816278325845E-15,-1.));
#4850=DIRECTION('center_axis',(-1.,3.491481338843E-15,1.219044193948E-29));
#4851=DIRECTION('ref_axis',(-3.491481338843E-15,-1.,-3.784851220313E-15));
#4852=DIRECTION('',(0.,-3.491481338843E-15,1.));
#4853=DIRECTION('center_axis',(-3.491481338843E-15,-1.,-3.491481338843E-15));
#4854=DIRECTION('ref_axis',(1.,-3.491481338843E-15,-1.219044193948E-29));
#4855=DIRECTION('',(1.,-3.491481338843E-15,-1.219044193948E-29));
#4856=DIRECTION('',(-1.,3.491481338843E-15,1.219044193948E-29));
#4857=DIRECTION('center_axis',(-3.491481338843E-15,-1.,-3.491481338843E-15));
#4858=DIRECTION('ref_axis',(1.,-3.491481338843E-15,-1.219044193948E-29));
#4859=DIRECTION('',(-1.,3.491481338843E-15,1.219044193948E-29));
#4860=DIRECTION('',(-1.,3.491481338843E-15,1.219044193948E-29));
#4861=DIRECTION('center_axis',(3.491481338843E-15,1.,3.491481338843E-15));
#4862=DIRECTION('ref_axis',(-1.,3.491481338843E-15,1.219044193948E-29));
#4863=DIRECTION('',(-1.,3.491481338843E-15,1.219044193948E-29));
#4864=DIRECTION('',(-1.,3.491481338843E-15,1.219044193948E-29));
#4865=DIRECTION('center_axis',(3.491481338843E-15,1.,3.491481338843E-15));
#4866=DIRECTION('ref_axis',(-1.,3.491481338843E-15,1.219044193948E-29));
#4867=DIRECTION('',(-1.,3.491481338843E-15,1.219044193948E-29));
#4868=DIRECTION('',(-1.,3.491481338843E-15,1.219044193948E-29));
#4869=DIRECTION('center_axis',(3.491481338843E-15,1.,3.491481338843E-15));
#4870=DIRECTION('ref_axis',(-1.,3.491481338843E-15,1.219044193948E-29));
#4871=DIRECTION('',(3.491481338843E-15,-3.491481338843E-15,1.));
#4872=DIRECTION('center_axis',(-3.491481338843E-15,-1.,-3.491481338843E-15));
#4873=DIRECTION('ref_axis',(1.,-3.491481338843E-15,-8.62347217995393E-31));
#4874=DIRECTION('',(1.,-3.491481338843E-15,-3.388131789017E-15));
#4875=DIRECTION('center_axis',(-3.491481338843E-15,-1.,-3.491481338843E-15));
#4876=DIRECTION('ref_axis',(1.,-3.491481338843E-15,-1.219044193948E-29));
#4877=DIRECTION('',(-1.,3.491481338843E-15,3.388131789017E-15));
#4878=DIRECTION('center_axis',(3.491481338843E-15,1.,3.491481338843E-15));
#4879=DIRECTION('ref_axis',(1.,-3.491481338843E-15,8.16606754629825E-32));
#4880=DIRECTION('',(3.491481338843E-15,-3.491481338843E-15,1.));
#4881=DIRECTION('center_axis',(-3.388131789017E-15,3.491481338843E-15,-1.));
#4882=DIRECTION('ref_axis',(1.,-3.491481338843E-15,-3.38813178901701E-15));
#4883=DIRECTION('',(-1.,3.491481338843E-15,3.388131789017E-15));
#4884=DIRECTION('center_axis',(-3.388131789017E-15,3.491481338843E-15,-1.));
#4885=DIRECTION('ref_axis',(1.,-3.469446951953E-15,-3.38813178901701E-15));
#4886=DIRECTION('',(3.491481338843E-15,1.,3.491481338843E-15));
#4887=DIRECTION('center_axis',(3.388131789017E-15,-3.491481338843E-15,1.));
#4888=DIRECTION('ref_axis',(1.,-3.25260651745599E-15,-3.38813178901701E-15));
#4889=DIRECTION('',(1.,-3.491481338843E-15,-4.315232527305E-15));
#4890=DIRECTION('',(3.491481338843E-15,1.,3.491481338843E-15));
#4891=DIRECTION('',(-1.,3.491481338843E-15,8.630465054611E-15));
#4892=DIRECTION('center_axis',(3.388131789017E-15,-3.491481338843E-15,1.));
#4893=DIRECTION('ref_axis',(1.,-4.33680868994199E-15,-3.38813178901702E-15));
#4894=DIRECTION('',(3.491481338843E-15,1.,3.491481338843E-15));
#4895=DIRECTION('center_axis',(-3.388131789017E-15,3.491481338843E-15,-1.));
#4896=DIRECTION('ref_axis',(1.,-3.469446951953E-15,-3.38813178901701E-15));
#4897=DIRECTION('',(1.,-3.378543612542E-15,-3.388131789017E-15));
#4898=DIRECTION('',(3.491481338843E-15,1.,3.491481338843E-15));
#4899=DIRECTION('center_axis',(-3.388131789017E-15,3.491481338843E-15,-1.));
#4900=DIRECTION('ref_axis',(1.,-3.491481338843E-15,-3.38813178901701E-15));
#4901=DIRECTION('',(3.491481338843E-15,1.,3.491481338843E-15));
#4902=DIRECTION('center_axis',(3.388131789017E-15,-3.491481338843E-15,1.));
#4903=DIRECTION('ref_axis',(1.,-3.469446951953E-15,-3.38813178901701E-15));
#4904=DIRECTION('',(-1.,3.491481338843E-15,3.388131789017E-15));
#4905=DIRECTION('',(3.491481338843E-15,1.,3.491481338843E-15));
#4906=DIRECTION('',(1.,-3.378543612542E-15,-3.388131789017E-15));
#4907=DIRECTION('center_axis',(3.388131789017E-15,-3.491481338843E-15,1.));
#4908=DIRECTION('ref_axis',(1.,-3.469446951953E-15,-3.38813178901701E-15));
#4909=DIRECTION('',(3.491481338843E-15,1.,3.491481338843E-15));
#4910=DIRECTION('',(3.491481338843E-15,1.,3.491481338843E-15));
#4911=DIRECTION('center_axis',(1.,-3.491481338843E-15,-3.491481338843E-15));
#4912=DIRECTION('ref_axis',(3.49148133884299E-15,-3.491481338843E-15,1.));
#4913=DIRECTION('',(-3.491481338843E-15,3.491481338843E-15,-1.));
#4914=DIRECTION('',(3.491481338843E-15,-3.491481338843E-15,1.));
#4915=DIRECTION('',(3.491481338843E-15,1.,3.491481338843E-15));
#4916=DIRECTION('center_axis',(1.,-3.491481338843E-15,-3.491481338843E-15));
#4917=DIRECTION('ref_axis',(3.49148133884299E-15,-3.491481338843E-15,1.));
#4918=DIRECTION('',(3.491481338843E-15,-3.491481338843E-15,1.));
#4919=DIRECTION('',(3.491481338843E-15,1.,3.491481338843E-15));
#4920=DIRECTION('',(-3.491481338843E-15,3.491481338843E-15,-1.));
#4921=DIRECTION('center_axis',(0.,3.491481338843E-15,-1.));
#4922=DIRECTION('ref_axis',(1.,-3.491481338843E-15,-1.21904419394889E-29));
#4923=DIRECTION('',(-1.,3.491481338843E-15,1.219044193948E-29));
#4924=DIRECTION('',(1.,-3.491481338843E-15,-1.219044193948E-29));
#4925=DIRECTION('center_axis',(1.,-3.491481338843E-15,-1.219044193948E-29));
#4926=DIRECTION('ref_axis',(3.491481338843E-15,1.,3.784851220313E-15));
#4927=DIRECTION('',(1.,-3.491481338843E-15,-1.219044193948E-29));
#4928=DIRECTION('',(1.,-3.491481338843E-15,-1.219044193948E-29));
#4929=DIRECTION('center_axis',(-3.491481338843E-15,-1.,-3.816278325845E-15));
#4930=DIRECTION('ref_axis',(-1.134022619032E-30,-3.816278325845E-15,1.));
#4931=DIRECTION('',(1.,-3.491481338843E-15,-1.219044193948E-29));
#4932=DIRECTION('center_axis',(1.,-3.491481338843E-15,-1.219044193948E-29));
#4933=DIRECTION('ref_axis',(3.491481338843E-15,1.,3.784851220313E-15));
#4934=DIRECTION('',(1.,-3.491481338843E-15,-1.219044193948E-29));
#4935=DIRECTION('center_axis',(3.491481338843E-15,1.,3.491481338843E-15));
#4936=DIRECTION('ref_axis',(-1.,3.491481338843E-15,1.219044193948E-29));
#4937=DIRECTION('center_axis',(-3.491481338843E-15,-1.,-3.491481338843E-15));
#4938=DIRECTION('ref_axis',(1.,-3.491481338843E-15,-1.219044193948E-29));
#4939=DIRECTION('',(-3.391901413832E-15,3.491481338843E-15,-1.));
#4940=DIRECTION('center_axis',(-3.491481338843E-15,-1.,-3.491481338843E-15));
#4941=DIRECTION('ref_axis',(-1.,3.491481338843E-15,1.21904419394889E-29));
#4942=DIRECTION('center_axis',(-3.491481338843E-15,-1.,-3.491481338843E-15));
#4943=DIRECTION('ref_axis',(-1.,3.491481338843E-15,-2.91368435583462E-30));
#4944=DIRECTION('center_axis',(-3.491481338843E-15,-1.,-3.491481338843E-15));
#4945=DIRECTION('ref_axis',(1.,-3.491481338843E-15,-1.219044193948E-29));
#4946=DIRECTION('center_axis',(3.491481338843E-15,1.,3.491481338843E-15));
#4947=DIRECTION('ref_axis',(-1.,3.491481338843E-15,1.21904419394889E-29));
#4948=DIRECTION('',(-3.391901413832E-15,3.491481338843E-15,-1.));
#4949=DIRECTION('center_axis',(3.491481338843E-15,1.,3.491481338843E-15));
#4950=DIRECTION('ref_axis',(-1.,3.491481338843E-15,-8.16606754629825E-32));
#4951=DIRECTION('center_axis',(3.491481338843E-15,1.,3.491481338843E-15));
#4952=DIRECTION('ref_axis',(-3.514869885863E-15,3.49148133884301E-15,-1.));
#4953=DIRECTION('center_axis',(3.491481338843E-15,1.,3.491481338843E-15));
#4954=DIRECTION('ref_axis',(1.21904419394889E-29,3.491481338843E-15,-1.));
#4955=DIRECTION('center_axis',(3.491481338843E-15,1.,3.491481338843E-15));
#4956=DIRECTION('ref_axis',(-1.,3.491481338843E-15,1.219044193948E-29));
#4957=DIRECTION('',(-3.491481338843E-15,3.491481338843E-15,-1.));
#4958=DIRECTION('center_axis',(-3.378543612542E-15,-1.,-3.491481338843E-15));
#4959=DIRECTION('ref_axis',(1.,-3.378543612542E-15,-1.179612197566E-29));
#4960=DIRECTION('',(3.491481338843E-15,-3.491481338843E-15,1.));
#4961=DIRECTION('center_axis',(3.491481338843E-15,1.,3.491481338843E-15));
#4962=DIRECTION('ref_axis',(-1.,3.491481338843E-15,1.219044193948E-29));
#4963=DIRECTION('center_axis',(-3.491481338843E-15,-1.,-3.491481338843E-15));
#4964=DIRECTION('ref_axis',(1.,-3.491481338843E-15,-8.62347217995393E-31));
#4965=DIRECTION('',(-3.491481338843E-15,3.491481338843E-15,-1.));
#4966=DIRECTION('center_axis',(-3.491481338843E-15,-1.,-3.491481338843E-15));
#4967=DIRECTION('ref_axis',(1.,-3.491481338843E-15,-1.21904419394889E-29));
#4968=DIRECTION('',(1.,-3.491481338843E-15,6.982962677686E-15));
#4969=DIRECTION('center_axis',(3.491481338843E-15,1.,3.491481338843E-15));
#4970=DIRECTION('ref_axis',(-1.,3.491481338843E-15,1.219044193948E-29));
#4971=DIRECTION('',(3.491481338843E-15,-3.491481338843E-15,1.));
#4972=DIRECTION('center_axis',(3.491481338843E-15,1.,3.491481338843E-15));
#4973=DIRECTION('ref_axis',(1.,-3.49148133884285E-15,-4.325993705677E-14));
#4974=DIRECTION('',(1.,-3.491481338843E-15,6.982962677686E-15));
#4975=DIRECTION('center_axis',(3.491481338843E-15,1.,3.491481338843E-15));
#4976=DIRECTION('ref_axis',(1.,-3.491481338843E-15,-1.21904419394889E-29));
#4977=DIRECTION('center_axis',(-3.491481338843E-15,-1.,-3.491481338843E-15));
#4978=DIRECTION('ref_axis',(1.,-3.491481338843E-15,-8.62347217995393E-31));
#4979=DIRECTION('',(3.491481338843E-15,1.,4.069722497502E-15));
#4980=DIRECTION('',(3.491481338843E-15,1.,3.491481338843E-15));
#4981=DIRECTION('center_axis',(-3.491481338843E-15,-1.,-3.491481338843E-15));
#4982=DIRECTION('ref_axis',(1.,-3.491481338843E-15,-1.21904419394889E-29));
#4983=DIRECTION('',(-3.491481338843E-15,-1.,-4.069722497502E-15));
#4984=DIRECTION('',(-3.491481338843E-15,-1.,-3.491481338843E-15));
#4985=DIRECTION('center_axis',(0.,-3.491481338843E-15,1.));
#4986=DIRECTION('ref_axis',(-1.,3.491481338843E-15,1.21904419394889E-29));
#4987=DIRECTION('center_axis',(0.,3.491481338843E-15,-1.));
#4988=DIRECTION('ref_axis',(1.,0.,0.));
#4989=DIRECTION('',(-6.66133814775E-15,-1.,-3.491481338843E-15));
#4990=DIRECTION('center_axis',(0.,3.491481338843E-15,-1.));
#4991=DIRECTION('ref_axis',(1.,-4.325993705677E-15,-1.51041262953235E-29));
#4992=DIRECTION('center_axis',(0.,-3.491481338843E-15,1.));
#4993=DIRECTION('ref_axis',(-1.,3.491481338843E-15,1.21904419394889E-29));
#4994=DIRECTION('center_axis',(0.,-3.491481338843E-15,1.));
#4995=DIRECTION('ref_axis',(1.,0.,0.));
#4996=DIRECTION('center_axis',(0.,-3.491481338843E-15,1.));
#4997=DIRECTION('ref_axis',(1.,-4.325993705677E-15,-1.51041262953235E-29));
#4998=DIRECTION('',(-6.66133814775E-15,-1.,-3.491481338843E-15));
#4999=DIRECTION('center_axis',(0.,3.491481338843E-15,-1.));
#5000=DIRECTION('ref_axis',(-6.759365165121E-15,-1.,-3.491481338843E-15));
#5001=DIRECTION('',(-2.843808977011E-16,3.491481338843E-15,-1.));
#5002=DIRECTION('center_axis',(0.,3.491481338843E-15,-1.));
#5003=DIRECTION('ref_axis',(0.,-1.,-3.491481338843E-15));
#5004=DIRECTION('',(-2.843808977011E-16,3.207100441142E-15,-1.));
#5005=DIRECTION('center_axis',(0.,3.491481338843E-15,-1.));
#5006=DIRECTION('ref_axis',(1.,-3.491481338843E-15,-1.21904419394889E-29));
#5007=DIRECTION('',(-1.,6.744087856299E-15,2.354685689778E-29));
#5008=DIRECTION('',(-6.982962677686E-15,-1.,-3.491481338843E-15));
#5009=DIRECTION('',(-1.,6.744087856299E-15,2.354685689778E-29));
#5010=DIRECTION('center_axis',(0.,-3.491481338843E-15,1.));
#5011=DIRECTION('ref_axis',(-1.,3.491481338843E-15,1.21904419394889E-29));
#5012=DIRECTION('',(1.,-6.744087856299E-15,-2.354685689778E-29));
#5013=DIRECTION('',(6.982962677686E-15,1.,3.491481338843E-15));
#5014=DIRECTION('',(1.,-6.744087856299E-15,-2.354685689778E-29));
#5015=DIRECTION('center_axis',(-6.744087856299E-15,-1.,-3.491481338843E-15));
#5016=DIRECTION('ref_axis',(1.,-6.744087856299E-15,-2.354685689778E-29));
#5017=DIRECTION('',(0.,3.491481338843E-15,-1.));
#5018=DIRECTION('center_axis',(-6.744087856299E-15,-1.,-3.491481338843E-15));
#5019=DIRECTION('ref_axis',(1.,-6.744087856299E-15,6.80161679917093E-31));
#5020=DIRECTION('center_axis',(-6.744087856299E-15,-1.,-3.491481338843E-15));
#5021=DIRECTION('ref_axis',(1.,-6.744087856299E-15,6.80161679917093E-31));
#5022=DIRECTION('center_axis',(-6.744087856299E-15,-1.,-3.491481338843E-15));
#5023=DIRECTION('ref_axis',(1.,-6.744087856299E-15,-2.354685689778E-29));
#5024=DIRECTION('center_axis',(6.744087856299E-15,1.,3.491481338843E-15));
#5025=DIRECTION('ref_axis',(1.,-6.74408785629904E-15,1.040834085586E-14));
#5026=DIRECTION('',(0.,3.491481338843E-15,-1.));
#5027=DIRECTION('center_axis',(6.744087856299E-15,1.,3.491481338843E-15));
#5028=DIRECTION('ref_axis',(1.,-6.744087856299E-15,6.80161679917093E-31));
#5029=DIRECTION('center_axis',(1.,-6.982962677686E-15,-2.438088387897E-29));
#5030=DIRECTION('ref_axis',(6.982962677686E-15,1.,3.491481338843E-15));
#5031=DIRECTION('',(-6.982962677686E-15,-1.,-3.491481338843E-15));
#5032=DIRECTION('',(6.982962677686E-15,1.,3.491481338843E-15));
#5033=DIRECTION('center_axis',(0.,3.491481338843E-15,-1.));
#5034=DIRECTION('ref_axis',(1.,-3.491481338843E-15,-1.21904419394889E-29));
#5035=DIRECTION('center_axis',(0.,-3.491481338843E-15,1.));
#5036=DIRECTION('ref_axis',(-1.,0.,0.));
#5037=DIRECTION('',(3.216245299353E-16,1.,3.420386114417E-15));
#5038=DIRECTION('center_axis',(0.,-3.491481338843E-15,1.));
#5039=DIRECTION('ref_axis',(-1.,3.514869885863E-15,1.22721026149519E-29));
#5040=DIRECTION('center_axis',(0.,3.491481338843E-15,-1.));
#5041=DIRECTION('ref_axis',(1.,-3.491481338843E-15,-1.21904419394889E-29));
#5042=DIRECTION('center_axis',(0.,3.491481338843E-15,-1.));
#5043=DIRECTION('ref_axis',(-1.,0.,0.));
#5044=DIRECTION('center_axis',(0.,3.491481338843E-15,-1.));
#5045=DIRECTION('ref_axis',(-1.,3.514869885863E-15,1.22721026149519E-29));
#5046=DIRECTION('',(3.216245299353E-16,1.,3.420386114417E-15));
#5047=DIRECTION('center_axis',(0.,-3.491481338843E-15,1.));
#5048=DIRECTION('ref_axis',(2.703746066048E-16,1.,3.491481338843E-15));
#5049=DIRECTION('',(2.843808977011E-16,3.420386114417E-15,-1.));
#5050=DIRECTION('center_axis',(0.,-3.491481338843E-15,1.));
#5051=DIRECTION('ref_axis',(0.,1.,3.491481338843E-15));
#5052=DIRECTION('',(-2.843808977011E-16,-3.207100441142E-15,1.));
#5053=DIRECTION('center_axis',(-1.263359025851E-32,3.43859342799E-15,-1.));
#5054=DIRECTION('ref_axis',(-3.491481338843E-15,-1.,-3.43859342799E-15));
#5055=DIRECTION('',(1.,-2.388748213866E-16,-8.340269811908E-31));
#5056=DIRECTION('',(0.,-1.,-3.43859342799E-15));
#5057=DIRECTION('',(1.,-2.388748213866E-16,-8.340269811908E-31));
#5058=DIRECTION('center_axis',(-1.603700366398E-32,-3.43859342799E-15,1.));
#5059=DIRECTION('ref_axis',(3.491481338843E-15,1.,3.43859342799E-15));
#5060=DIRECTION('',(-1.,-3.032262648561E-16,-1.058708845192E-30));
#5061=DIRECTION('',(0.,1.,3.43859342799E-15));
#5062=DIRECTION('',(-1.,-3.032262648561E-16,-1.058708845192E-30));
#5063=DIRECTION('center_axis',(-2.388748213866E-16,-1.,-3.420386114417E-15));
#5064=DIRECTION('ref_axis',(1.,-2.388748213866E-16,-8.340269811908E-31));
#5065=DIRECTION('',(2.482276493617E-31,-3.420386114417E-15,1.));
#5066=DIRECTION('center_axis',(2.388748213866E-16,1.,3.420386114417E-15));
#5067=DIRECTION('ref_axis',(1.,-2.388748213866E-16,6.66311900241492E-31));
#5068=DIRECTION('center_axis',(2.388748213866E-16,1.,3.420386114417E-15));
#5069=DIRECTION('ref_axis',(1.,-2.388748213866E-16,6.66311900241492E-31));
#5070=DIRECTION('center_axis',(-2.388748213866E-16,-1.,-3.420386114417E-15));
#5071=DIRECTION('ref_axis',(1.,-2.388748213866E-16,-8.340269811908E-31));
#5072=DIRECTION('center_axis',(-2.388748213866E-16,-1.,-3.420386114417E-15));
#5073=DIRECTION('ref_axis',(1.,-2.388748213866E-16,-7.53661109565377E-32));
#5074=DIRECTION('',(2.482276493617E-31,-3.420386114417E-15,1.));
#5075=DIRECTION('center_axis',(-2.388748213866E-16,-1.,-3.420386114417E-15));
#5076=DIRECTION('ref_axis',(1.,-2.388748213866E-16,-7.53661109565377E-32));
#5077=DIRECTION('center_axis',(1.,8.666822055313E-46,-2.482276493617E-31));
#5078=DIRECTION('ref_axis',(-6.08299743410927E-59,1.,3.491481338843E-15));
#5079=DIRECTION('',(0.,1.,3.43859342799E-15));
#5080=DIRECTION('',(0.,-1.,-3.43859342799E-15));
#5081=DIRECTION('center_axis',(-4.336808689942E-15,-3.491481338843E-15,
1.));
#5082=DIRECTION('ref_axis',(-1.,3.491481338843E-15,-4.33680868994199E-15));
#5083=DIRECTION('',(1.,-3.491481338843E-15,4.336808689942E-15));
#5084=DIRECTION('center_axis',(-3.491481338843E-15,-1.,-3.491481338843E-15));
#5085=DIRECTION('ref_axis',(1.,-3.491481338843E-15,-1.219044193948E-29));
#5086=DIRECTION('',(1.,-3.491481338843E-15,1.033495498259E-16));
#5087=DIRECTION('',(-1.,3.491481338843E-15,-4.336808689942E-15));
#5088=DIRECTION('center_axis',(-4.336808689942E-15,-3.491481338843E-15,
1.));
#5089=DIRECTION('ref_axis',(-1.,3.491481338843E-15,-4.33680868994199E-15));
#5090=DIRECTION('',(-1.,3.491481338843E-15,-4.336808689942E-15));
#5091=DIRECTION('center_axis',(3.491481338843E-15,1.,3.491481338843E-15));
#5092=DIRECTION('ref_axis',(-1.,3.491481338843E-15,1.219044193948E-29));
#5093=DIRECTION('',(-1.,3.491481338843E-15,-1.033495498259E-16));
#5094=DIRECTION('',(1.,-3.491481338843E-15,4.336808689942E-15));
#5095=DIRECTION('center_axis',(-1.,3.491481338843E-15,-1.033495498259E-16));
#5096=DIRECTION('ref_axis',(1.03349549825913E-16,3.614007241618E-15,-1.));
#5097=DIRECTION('center_axis',(1.,-3.491481338843E-15,1.033495498259E-16));
#5098=DIRECTION('ref_axis',(-1.03349549825913E-16,-3.614007241618E-15,1.));
#5099=DIRECTION('center_axis',(1.,-3.491481338843E-15,4.336808689942E-15));
#5100=DIRECTION('ref_axis',(-4.33680868994201E-15,-4.33680868994198E-15,
1.));
#5101=DIRECTION('center_axis',(-1.,3.491481338843E-15,-4.336808689942E-15));
#5102=DIRECTION('ref_axis',(4.33680868994201E-15,4.33680868994198E-15,-1.));
#5103=DIRECTION('center_axis',(-3.491481338843E-15,3.491481338843E-15,-1.));
#5104=DIRECTION('ref_axis',(1.,-3.25260651745599E-15,-3.49148133884301E-15));
#5105=DIRECTION('center_axis',(3.491481338843E-15,-3.491481338843E-15,1.));
#5106=DIRECTION('ref_axis',(-1.,4.33680868994199E-15,3.49148133884302E-15));
#5107=DIRECTION('center_axis',(6.982962677686E-15,1.,3.491481338843E-15));
#5108=DIRECTION('ref_axis',(-1.,6.982962677686E-15,1.53865301275073E-31));
#5109=DIRECTION('center_axis',(6.982962677686E-15,1.,3.491481338843E-15));
#5110=DIRECTION('ref_axis',(-1.,6.982962677686E-15,1.53865301275073E-31));
#5111=DIRECTION('center_axis',(0.,-1.,-3.43859342799E-15));
#5112=DIRECTION('ref_axis',(1.,0.,0.));
#5113=DIRECTION('center_axis',(0.,-1.,-3.43859342799E-15));
#5114=DIRECTION('ref_axis',(1.,0.,0.));
#5115=DIRECTION('center_axis',(3.491481338843E-15,-3.491481338843E-15,1.));
#5116=DIRECTION('ref_axis',(-1.,3.469446951953E-15,3.49148133884301E-15));
#5117=DIRECTION('center_axis',(3.491481338843E-15,-3.491481338843E-15,1.));
#5118=DIRECTION('ref_axis',(-1.,3.469446951953E-15,3.49148133884301E-15));
#5119=DIRECTION('center_axis',(1.,-3.491481338843E-15,-1.219044193948E-29));
#5120=DIRECTION('ref_axis',(3.491481338843E-15,1.,3.469446951953E-15));
#5121=DIRECTION('center_axis',(1.,-3.491481338843E-15,-1.219044193948E-29));
#5122=DIRECTION('ref_axis',(3.491481338843E-15,1.,3.469446951953E-15));
#5123=DIRECTION('center_axis',(1.,-3.491481338843E-15,1.84741584236E-16));
#5124=DIRECTION('ref_axis',(-1.84741584236012E-16,-3.491481338843E-15,1.));
#5125=DIRECTION('',(-1.84741584236E-16,-3.491481338843E-15,1.));
#5126=DIRECTION('center_axis',(-1.,3.491481338843E-15,-1.84741584236E-16));
#5127=DIRECTION('ref_axis',(-1.84741584236013E-16,-3.614007241618E-15,1.));
#5128=DIRECTION('',(3.491481338843E-15,1.,3.491481338843E-15));
#5129=DIRECTION('center_axis',(-1.,3.491481338843E-15,-1.84741584236E-16));
#5130=DIRECTION('ref_axis',(-1.84741584236015E-16,-4.336808689942E-15,1.));
#5131=DIRECTION('',(1.84741584236E-16,3.491481338843E-15,-1.));
#5132=DIRECTION('',(3.491481338843E-15,1.,3.491481338843E-15));
#5133=DIRECTION('center_axis',(0.,3.491481338843E-15,-1.));
#5134=DIRECTION('ref_axis',(1.,-3.491481338843E-15,-1.21904419394889E-29));
#5135=DIRECTION('',(1.,-3.491481338843E-15,-1.219044193948E-29));
#5136=DIRECTION('',(3.491481338843E-15,1.,3.491481338843E-15));
#5137=DIRECTION('',(-1.,3.491481338843E-15,1.219044193948E-29));
#5138=DIRECTION('center_axis',(1.,-3.491481338843E-15,1.84741584236E-16));
#5139=DIRECTION('ref_axis',(-1.84741584236012E-16,-3.491481338843E-15,1.));
#5140=DIRECTION('center_axis',(1.,-3.491481338843E-15,1.84741584236E-16));
#5141=DIRECTION('ref_axis',(-1.84741584236013E-16,-3.614007241618E-15,1.));
#5142=DIRECTION('',(1.84741584236E-16,3.491481338843E-15,-1.));
#5143=DIRECTION('',(3.491481338843E-15,1.,3.491481338843E-15));
#5144=DIRECTION('',(-1.84741584236E-16,-3.491481338843E-15,1.));
#5145=DIRECTION('center_axis',(1.,-3.491481338843E-15,1.84741584236E-16));
#5146=DIRECTION('ref_axis',(-1.84741584236013E-16,-3.614007241618E-15,1.));
#5147=DIRECTION('center_axis',(3.491481338843E-15,1.,3.491481338843E-15));
#5148=DIRECTION('ref_axis',(-1.,3.491481338843E-15,7.69326506392814E-32));
#5149=DIRECTION('center_axis',(3.491481338843E-15,1.,3.491481338843E-15));
#5150=DIRECTION('ref_axis',(-1.,3.491481338843E-15,7.69326506392814E-32));
#5151=DIRECTION('',(3.491481338843E-15,1.,3.491481338843E-15));
#5152=DIRECTION('center_axis',(-3.491481338843E-15,-1.,-3.491481338843E-15));
#5153=DIRECTION('ref_axis',(1.,-3.491481338843E-15,-7.69326506392814E-32));
#5154=DIRECTION('center_axis',(3.491481338843E-15,1.,3.491481338843E-15));
#5155=DIRECTION('ref_axis',(-1.,3.491481338843E-15,7.69326506392813E-32));
#5156=DIRECTION('center_axis',(-3.491481338843E-15,-1.,-3.491481338843E-15));
#5157=DIRECTION('ref_axis',(-1.,3.491481338843E-15,7.69326506392813E-32));
#5158=DIRECTION('center_axis',(3.491481338843E-15,1.,3.491481338843E-15));
#5159=DIRECTION('ref_axis',(1.,-3.491481338843E-15,-7.69326506392813E-32));
#5160=DIRECTION('',(3.491481338843E-15,1.,3.491481338843E-15));
#5161=DIRECTION('center_axis',(1.,-3.491481338843E-15,1.266221515311E-16));
#5162=DIRECTION('ref_axis',(-1.26622151531112E-16,-3.491481338843E-15,1.));
#5163=DIRECTION('',(3.491481338843E-15,1.,3.491481338843E-15));
#5164=DIRECTION('center_axis',(-1.,3.491481338843E-15,-1.266221515311E-16));
#5165=DIRECTION('ref_axis',(-1.26622151531115E-16,-4.336808689942E-15,1.));
#5166=DIRECTION('',(1.266221515311E-16,3.491481338843E-15,-1.));
#5167=DIRECTION('',(3.491481338843E-15,1.,3.491481338843E-15));
#5168=DIRECTION('',(-1.266221515311E-16,-3.491481338843E-15,1.));
#5169=DIRECTION('center_axis',(-1.,3.491481338843E-15,-1.266221515311E-16));
#5170=DIRECTION('ref_axis',(-1.26622151531113E-16,-3.614007241618E-15,1.));
#5171=DIRECTION('center_axis',(0.,3.491481338843E-15,-1.));
#5172=DIRECTION('ref_axis',(1.,-3.491481338843E-15,-1.21904419394889E-29));
#5173=DIRECTION('',(3.491481338843E-15,1.,3.491481338843E-15));
#5174=DIRECTION('',(-1.,3.491481338843E-15,1.219044193948E-29));
#5175=DIRECTION('',(1.,-3.491481338843E-15,-1.219044193948E-29));
#5176=DIRECTION('center_axis',(1.,-3.491481338843E-15,1.266221515311E-16));
#5177=DIRECTION('ref_axis',(-1.26622151531112E-16,-3.491481338843E-15,1.));
#5178=DIRECTION('',(-1.266221515311E-16,-3.491481338843E-15,1.));
#5179=DIRECTION('center_axis',(1.,-3.491481338843E-15,1.266221515311E-16));
#5180=DIRECTION('ref_axis',(-1.26622151531113E-16,-3.614007241618E-15,1.));
#5181=DIRECTION('center_axis',(1.,-3.491481338843E-15,1.266221515311E-16));
#5182=DIRECTION('ref_axis',(-1.26622151531113E-16,-3.614007241618E-15,1.));
#5183=DIRECTION('',(1.266221515311E-16,3.491481338843E-15,-1.));
#5184=DIRECTION('',(3.491481338843E-15,1.,3.491481338843E-15));
#5185=DIRECTION('center_axis',(3.491481338843E-15,1.,3.491481338843E-15));
#5186=DIRECTION('ref_axis',(-1.,3.491481338843E-15,7.69326506392814E-32));
#5187=DIRECTION('center_axis',(3.491481338843E-15,1.,3.491481338843E-15));
#5188=DIRECTION('ref_axis',(-1.,3.491481338843E-15,7.69326506392814E-32));
#5189=DIRECTION('',(3.491481338843E-15,1.,3.491481338843E-15));
#5190=DIRECTION('center_axis',(-3.491481338843E-15,-1.,-3.491481338843E-15));
#5191=DIRECTION('ref_axis',(1.,-3.491481338843E-15,-7.69326506392814E-32));
#5192=DIRECTION('center_axis',(3.491481338843E-15,1.,3.491481338843E-15));
#5193=DIRECTION('ref_axis',(-1.,3.491481338843E-15,7.69326506392813E-32));
#5194=DIRECTION('center_axis',(-3.491481338843E-15,-1.,-3.491481338843E-15));
#5195=DIRECTION('ref_axis',(-1.,3.491481338843E-15,7.69326506392813E-32));
#5196=DIRECTION('center_axis',(3.491481338843E-15,1.,3.491481338843E-15));
#5197=DIRECTION('ref_axis',(1.,-3.491481338843E-15,-7.69326506392813E-32));
#5198=DIRECTION('',(3.491481338843E-15,1.,3.491481338843E-15));
#5199=DIRECTION('center_axis',(1.,-3.491481338843E-15,1.509330170513E-16));
#5200=DIRECTION('ref_axis',(-1.50933017051312E-16,-3.491481338843E-15,1.));
#5201=DIRECTION('',(-1.509330170513E-16,-3.491481338843E-15,1.));
#5202=DIRECTION('center_axis',(-1.,3.491481338843E-15,-1.509330170513E-16));
#5203=DIRECTION('ref_axis',(-1.50933017051313E-16,-3.614007241618E-15,1.));
#5204=DIRECTION('',(3.491481338843E-15,1.,3.491481338843E-15));
#5205=DIRECTION('center_axis',(-1.,3.491481338843E-15,-1.509330170513E-16));
#5206=DIRECTION('ref_axis',(-1.50933017051315E-16,-4.336808689942E-15,1.));
#5207=DIRECTION('',(1.509330170513E-16,3.491481338843E-15,-1.));
#5208=DIRECTION('center_axis',(1.,-3.491481338843E-15,1.509330170513E-16));
#5209=DIRECTION('ref_axis',(-1.50933017051315E-16,-4.336808689942E-15,1.));
#5210=DIRECTION('',(3.491481338843E-15,1.,3.491481338843E-15));
#5211=DIRECTION('center_axis',(1.,-3.491481338843E-15,1.509330170513E-16));
#5212=DIRECTION('ref_axis',(-1.50933017051315E-16,-4.336808689942E-15,1.));
#5213=DIRECTION('center_axis',(0.,3.491481338843E-15,-1.));
#5214=DIRECTION('ref_axis',(1.,-3.491481338843E-15,-1.21904419394889E-29));
#5215=DIRECTION('',(1.,-3.491481338843E-15,-1.219044193948E-29));
#5216=DIRECTION('',(3.491481338843E-15,1.,3.491481338843E-15));
#5217=DIRECTION('',(-1.,3.491481338843E-15,1.219044193948E-29));
#5218=DIRECTION('center_axis',(1.,-3.491481338843E-15,1.509330170513E-16));
#5219=DIRECTION('ref_axis',(-1.50933017051312E-16,-3.491481338843E-15,1.));
#5220=DIRECTION('center_axis',(1.,-3.491481338843E-15,1.509330170513E-16));
#5221=DIRECTION('ref_axis',(-1.50933017051313E-16,-3.614007241618E-15,1.));
#5222=DIRECTION('',(1.509330170513E-16,3.491481338843E-15,-1.));
#5223=DIRECTION('center_axis',(-1.,3.491481338843E-15,-1.509330170513E-16));
#5224=DIRECTION('ref_axis',(-1.509330170513E-16,5.26979812449886E-31,1.));
#5225=DIRECTION('',(3.491481338843E-15,1.,3.491481338843E-15));
#5226=DIRECTION('center_axis',(-1.,3.491481338843E-15,-1.509330170513E-16));
#5227=DIRECTION('ref_axis',(-1.50933017051315E-16,-4.336808689942E-15,1.));
#5228=DIRECTION('',(-1.509330170513E-16,-3.491481338843E-15,1.));
#5229=DIRECTION('center_axis',(1.,-3.491481338843E-15,1.509330170513E-16));
#5230=DIRECTION('ref_axis',(-1.50933017051313E-16,-3.614007241618E-15,1.));
#5231=DIRECTION('center_axis',(-1.,3.491481338843E-15,1.219044193948E-29));
#5232=DIRECTION('ref_axis',(-3.491481338843E-15,-1.,-3.491481338843E-15));
#5233=DIRECTION('',(0.,3.491481338843E-15,-1.));
#5234=DIRECTION('',(3.491481338843E-15,1.,3.491481338843E-15));
#5235=DIRECTION('',(0.,3.491481338843E-15,-1.));
#5236=DIRECTION('',(3.491481338843E-15,1.,3.491481338843E-15));
#5237=DIRECTION('',(0.,-3.491481338843E-15,1.));
#5238=DIRECTION('',(3.491481338843E-15,1.,3.491481338843E-15));
#5239=DIRECTION('',(0.,-3.491481338843E-15,1.));
#5240=DIRECTION('',(-3.491481338843E-15,-1.,-3.491481338843E-15));
#5241=DIRECTION('',(-7.570943305532E-31,-3.70832177334E-15,1.));
#5242=DIRECTION('',(-3.491481338843E-15,-1.,-3.491481338843E-15));
#5243=DIRECTION('',(7.570943305532E-31,3.70832177334E-15,-1.));
#5244=DIRECTION('',(-3.491481338843E-15,-1.,-3.491481338843E-15));
#5245=DIRECTION('',(3.491481338843E-15,1.,3.491481338843E-15));
#5246=DIRECTION('',(0.,3.491481338843E-15,-1.));
#5247=DIRECTION('',(-3.491481338843E-15,-1.,-3.491481338843E-15));
#5248=DIRECTION('',(0.,-3.491481338843E-15,1.));
#5249=DIRECTION('',(3.491481338843E-15,1.,3.491481338843E-15));
#5250=DIRECTION('',(0.,3.491481338843E-15,-1.));
#5251=DIRECTION('',(-3.491481338843E-15,-1.,-3.491481338843E-15));
#5252=DIRECTION('',(0.,-3.491481338843E-15,1.));
#5253=DIRECTION('',(3.491481338843E-15,1.,3.491481338843E-15));
#5254=DIRECTION('',(0.,3.491481338843E-15,-1.));
#5255=DIRECTION('',(-3.491481338843E-15,-1.,-3.491481338843E-15));
#5256=DIRECTION('',(0.,-3.491481338843E-15,1.));
#5257=DIRECTION('center_axis',(0.,3.491481338843E-15,-1.));
#5258=DIRECTION('ref_axis',(1.,-3.491481338843E-15,-1.21904419394889E-29));
#5259=DIRECTION('',(-3.491481338843E-15,-1.,-3.491481338843E-15));
#5260=DIRECTION('',(-1.,3.491481338843E-15,1.219044193948E-29));
#5261=DIRECTION('center_axis',(0.,-3.491481338843E-15,1.));
#5262=DIRECTION('ref_axis',(1.,-2.168404344971E-15,-7.57094330553233E-30));
#5263=DIRECTION('',(3.491481338843E-15,1.,3.491481338843E-15));
#5264=DIRECTION('center_axis',(0.,-3.491481338843E-15,1.));
#5265=DIRECTION('ref_axis',(1.,-3.523657060577E-15,-1.2302782871487E-29));
#5266=DIRECTION('',(1.,-3.491481338843E-15,-1.219044193948E-29));
#5267=DIRECTION('',(-3.491481338843E-15,-1.,-3.491481338843E-15));
#5268=DIRECTION('',(-1.,3.491481338843E-15,1.219044193948E-29));
#5269=DIRECTION('',(3.491481338843E-15,1.,3.491481338843E-15));
#5270=DIRECTION('',(1.,-3.491481338843E-15,-1.219044193948E-29));
#5271=DIRECTION('center_axis',(-3.491481338843E-15,-1.,-3.491481338843E-15));
#5272=DIRECTION('ref_axis',(1.,-3.491481338843E-15,-1.219044193948E-29));
#5273=DIRECTION('',(-1.514188661106E-30,-3.925162207837E-15,1.));
#5274=DIRECTION('',(-1.,3.491481338843E-15,1.219044193948E-29));
#5275=DIRECTION('center_axis',(3.491481338843E-15,1.,3.491481338843E-15));
#5276=DIRECTION('ref_axis',(1.,-3.491481338843E-15,1.12340931998067E-31));
#5277=DIRECTION('',(0.,3.491481338843E-15,-1.));
#5278=DIRECTION('center_axis',(3.491481338843E-15,1.,3.491481338843E-15));
#5279=DIRECTION('ref_axis',(1.,-3.491481338843E-15,1.12340931998067E-31));
#5280=DIRECTION('',(1.,-3.491481338843E-15,-1.219044193948E-29));
#5281=DIRECTION('',(0.,-3.491481338843E-15,1.));
#5282=DIRECTION('',(-1.,3.491481338843E-15,1.219044193948E-29));
#5283=DIRECTION('',(0.,3.491481338843E-15,-1.));
#5284=DIRECTION('',(1.,-3.491481338843E-15,-1.219044193948E-29));
#5285=DIRECTION('center_axis',(0.,-3.491481338843E-15,1.));
#5286=DIRECTION('ref_axis',(-1.,3.491481338843E-15,1.21904419394889E-29));
#5287=DIRECTION('',(3.491481338843E-15,1.,3.491481338843E-15));
#5288=DIRECTION('',(-1.,3.491481338843E-15,1.219044193948E-29));
#5289=DIRECTION('center_axis',(0.,3.491481338843E-15,-1.));
#5290=DIRECTION('ref_axis',(-1.,3.523657060577E-15,1.2302782871487E-29));
#5291=DIRECTION('',(-3.491481338843E-15,-1.,-3.491481338843E-15));
#5292=DIRECTION('center_axis',(0.,3.491481338843E-15,-1.));
#5293=DIRECTION('ref_axis',(-1.,5.421010862427E-15,1.89273582638291E-29));
#5294=DIRECTION('',(1.,-3.491481338843E-15,-1.219044193948E-29));
#5295=DIRECTION('',(3.491481338843E-15,1.,3.491481338843E-15));
#5296=DIRECTION('',(-1.,3.491481338843E-15,1.219044193948E-29));
#5297=DIRECTION('',(-3.491481338843E-15,-1.,-3.491481338843E-15));
#5298=DIRECTION('',(1.,-3.491481338843E-15,-1.219044193948E-29));
#5299=DIRECTION('center_axis',(-1.,3.491481338843E-15,1.219044193948E-29));
#5300=DIRECTION('ref_axis',(-3.491481338843E-15,-1.,-3.491481338843E-15));
#5301=DIRECTION('center_axis',(-1.,3.491481338843E-15,1.219044193948E-29));
#5302=DIRECTION('ref_axis',(-3.491481338843E-15,-1.,-4.336808689942E-15));
#5303=DIRECTION('center_axis',(-1.,3.491481338843E-15,1.219044193948E-29));
#5304=DIRECTION('ref_axis',(-3.491481338843E-15,-1.,-4.336808689942E-15));
#5305=DIRECTION('',(0.,-3.491481338843E-15,1.));
#5306=DIRECTION('center_axis',(-1.,3.491481338843E-15,1.219044193948E-29));
#5307=DIRECTION('ref_axis',(-3.491481338843E-15,-1.,2.91198964092188E-45));
#5308=DIRECTION('center_axis',(-1.,3.491481338843E-15,1.219044193948E-29));
#5309=DIRECTION('ref_axis',(-3.491481338843E-15,-1.,2.91198964092188E-45));
#5310=DIRECTION('center_axis',(-1.,3.491481338843E-15,1.219044193948E-29));
#5311=DIRECTION('ref_axis',(-3.491481338843E-15,-1.,-3.784851220313E-15));
#5312=DIRECTION('',(0.,-3.491481338843E-15,1.));
#5313=DIRECTION('center_axis',(-1.,3.491481338843E-15,1.219044193948E-29));
#5314=DIRECTION('ref_axis',(-3.491481338843E-15,-1.,-3.784851220313E-15));
#5315=DIRECTION('',(0.,3.491481338843E-15,-1.));
#5316=DIRECTION('center_axis',(-6.672013369141E-17,-3.491481338843E-15,
1.));
#5317=DIRECTION('ref_axis',(-1.,3.491481338843E-15,-6.67201336913978E-17));
#5318=DIRECTION('',(1.,-3.491481338843E-15,6.67201336914E-17));
#5319=DIRECTION('',(-3.491481338843E-15,-1.,-3.491481338843E-15));
#5320=DIRECTION('',(1.,-3.491481338843E-15,6.67201336914E-17));
#5321=DIRECTION('center_axis',(-6.672013369141E-17,-3.491481338843E-15,
1.));
#5322=DIRECTION('ref_axis',(-1.,4.336808689942E-15,-6.67201336913949E-17));
#5323=DIRECTION('',(-3.491481338843E-15,-1.,-3.491481338843E-15));
#5324=DIRECTION('center_axis',(6.672013369141E-17,3.491481338843E-15,-1.));
#5325=DIRECTION('ref_axis',(-1.,4.336808689942E-15,-6.67201336913949E-17));
#5326=DIRECTION('',(-1.,3.491481338843E-15,3.469446951953E-15));
#5327=DIRECTION('',(1.,-3.491481338843E-15,-3.469446951953E-15));
#5328=DIRECTION('center_axis',(6.672013369141E-17,3.491481338843E-15,-1.));
#5329=DIRECTION('ref_axis',(-1.,2.32952101708668E-31,-6.672013369141E-17));
#5330=DIRECTION('',(3.491481338843E-15,1.,3.491481338843E-15));
#5331=DIRECTION('center_axis',(-6.672013369141E-17,-3.491481338843E-15,
1.));
#5332=DIRECTION('ref_axis',(-1.,3.252606517456E-15,-6.67201336913986E-17));
#5333=DIRECTION('center_axis',(-6.672013369141E-17,-3.491481338843E-15,
1.));
#5334=DIRECTION('ref_axis',(-1.,3.491481338843E-15,-6.67201336913978E-17));
#5335=DIRECTION('',(1.,-3.491481338843E-15,6.67201336914E-17));
#5336=DIRECTION('',(3.491481338843E-15,1.,3.491481338843E-15));
#5337=DIRECTION('',(1.,-3.491481338843E-15,6.67201336914E-17));
#5338=DIRECTION('center_axis',(6.672013369141E-17,3.491481338843E-15,-1.));
#5339=DIRECTION('ref_axis',(-1.,3.252606517456E-15,-6.67201336913986E-17));
#5340=DIRECTION('',(3.491481338843E-15,1.,3.491481338843E-15));
#5341=DIRECTION('center_axis',(-6.672013369141E-17,-3.491481338843E-15,
1.));
#5342=DIRECTION('ref_axis',(-1.,4.336808689942E-15,-6.67201336913949E-17));
#5343=DIRECTION('',(-1.,3.491481338843E-15,-1.734723475976E-15));
#5344=DIRECTION('',(1.,-3.491481338843E-15,1.734723475976E-15));
#5345=DIRECTION('center_axis',(-6.672013369141E-17,-3.491481338843E-15,
1.));
#5346=DIRECTION('ref_axis',(-1.,4.336808689942E-15,-6.67201336913949E-17));
#5347=DIRECTION('',(-3.491481338843E-15,-1.,-3.491481338843E-15));
#5348=DIRECTION('center_axis',(6.672013369141E-17,3.491481338843E-15,-1.));
#5349=DIRECTION('ref_axis',(-1.,4.336808689942E-15,-6.67201336913949E-17));
#5350=DIRECTION('center_axis',(-3.491481338843E-15,-1.,-3.491481338843E-15));
#5351=DIRECTION('ref_axis',(1.,-3.491481338843E-15,-1.219044193948E-29));
#5352=DIRECTION('',(0.,3.491481338843E-15,-1.));
#5353=DIRECTION('',(0.,-3.491481338843E-15,1.));
#5354=DIRECTION('center_axis',(-3.491481338843E-15,-1.,-3.491481338843E-15));
#5355=DIRECTION('ref_axis',(1.,-3.491481338843E-15,-1.219044193948E-29));
#5356=DIRECTION('',(0.,-3.491481338843E-15,1.));
#5357=DIRECTION('',(0.,3.491481338843E-15,-1.));
#5358=DIRECTION('center_axis',(0.,-3.491481338843E-15,1.));
#5359=DIRECTION('ref_axis',(-1.,3.491481338843E-15,1.21904419394889E-29));
#5360=DIRECTION('',(1.,-3.491481338843E-15,-1.219044193948E-29));
#5361=DIRECTION('',(-3.491481338843E-15,-1.,-3.491481338843E-15));
#5362=DIRECTION('',(1.,-3.491481338843E-15,-1.219044193948E-29));
#5363=DIRECTION('center_axis',(0.,-3.491481338843E-15,1.));
#5364=DIRECTION('ref_axis',(-1.,4.336808689942E-15,1.51418866110647E-29));
#5365=DIRECTION('',(-3.491481338843E-15,-1.,-3.491481338843E-15));
#5366=DIRECTION('center_axis',(0.,3.491481338843E-15,-1.));
#5367=DIRECTION('ref_axis',(-1.,4.336808689942E-15,1.51418866110647E-29));
#5368=DIRECTION('',(-1.,3.491481338843E-15,6.505213034913E-16));
#5369=DIRECTION('',(1.,-3.491481338843E-15,-6.505213034913E-16));
#5370=DIRECTION('center_axis',(0.,3.491481338843E-15,-1.));
#5371=DIRECTION('ref_axis',(-1.,0.,0.));
#5372=DIRECTION('',(3.491481338843E-15,1.,3.491481338843E-15));
#5373=DIRECTION('center_axis',(0.,-3.491481338843E-15,1.));
#5374=DIRECTION('ref_axis',(-1.,3.252606517456E-15,1.13564149582967E-29));
#5375=DIRECTION('center_axis',(0.,-3.491481338843E-15,1.));
#5376=DIRECTION('ref_axis',(-1.,3.491481338843E-15,1.21904419394889E-29));
#5377=DIRECTION('',(1.,-3.491481338843E-15,-1.219044193948E-29));
#5378=DIRECTION('',(3.491481338843E-15,1.,3.491481338843E-15));
#5379=DIRECTION('',(1.,-3.491481338843E-15,-1.219044193948E-29));
#5380=DIRECTION('center_axis',(0.,3.491481338843E-15,-1.));
#5381=DIRECTION('ref_axis',(-1.,3.252606517456E-15,1.13564149582967E-29));
#5382=DIRECTION('',(3.491481338843E-15,1.,3.491481338843E-15));
#5383=DIRECTION('center_axis',(0.,-3.491481338843E-15,1.));
#5384=DIRECTION('ref_axis',(-1.,4.336808689942E-15,1.51418866110647E-29));
#5385=DIRECTION('',(-1.,3.491481338843E-15,4.336808689942E-16));
#5386=DIRECTION('',(1.,-3.491481338843E-15,-4.336808689942E-16));
#5387=DIRECTION('center_axis',(0.,-3.491481338843E-15,1.));
#5388=DIRECTION('ref_axis',(-1.,4.336808689942E-15,1.51418866110647E-29));
#5389=DIRECTION('',(-3.491481338843E-15,-1.,-3.491481338843E-15));
#5390=DIRECTION('center_axis',(0.,3.491481338843E-15,-1.));
#5391=DIRECTION('ref_axis',(-1.,4.336808689942E-15,1.51418866110647E-29));
#5392=DIRECTION('center_axis',(-3.491481338843E-15,-1.,-3.491481338843E-15));
#5393=DIRECTION('ref_axis',(1.,-3.491481338843E-15,-1.219044193948E-29));
#5394=DIRECTION('',(0.,3.491481338843E-15,-1.));
#5395=DIRECTION('',(0.,-3.491481338843E-15,1.));
#5396=DIRECTION('center_axis',(-3.491481338843E-15,-1.,-3.491481338843E-15));
#5397=DIRECTION('ref_axis',(1.,-3.491481338843E-15,-1.219044193948E-29));
#5398=DIRECTION('',(0.,-3.491481338843E-15,1.));
#5399=DIRECTION('',(0.,3.491481338843E-15,-1.));
#5400=DIRECTION('center_axis',(3.491481338843E-15,1.,3.491481338843E-15));
#5401=DIRECTION('ref_axis',(-1.,3.491481338843E-15,7.69326506392814E-32));
#5402=DIRECTION('center_axis',(-0.220846117505546,-0.161075968736088,-0.961915549660394));
#5403=DIRECTION('ref_axis',(0.829617749103373,0.48753451994016,-0.272111157873709));
#5404=DIRECTION('',(-3.491481338843E-15,-1.,-3.491481338843E-15));
#5405=DIRECTION('center_axis',(-0.220846117516111,0.161075968807113,-0.961915549646075));
#5406=DIRECTION('ref_axis',(0.82961774918455,-0.487534519779224,-0.272111157914558));
#5407=DIRECTION('center_axis',(3.491481338843E-15,1.,3.491481338843E-15));
#5408=DIRECTION('ref_axis',(1.,-3.49148133884299E-15,-2.081668171172E-15));
#5409=DIRECTION('',(3.491481338843E-15,1.,3.491481338843E-15));
#5410=DIRECTION('',(3.491481338843E-15,1.,3.491481338843E-15));
#5411=DIRECTION('center_axis',(3.491481338843E-15,1.,3.491481338843E-15));
#5412=DIRECTION('ref_axis',(1.,-3.49148133884299E-15,-2.081668171172E-15));
#5413=DIRECTION('center_axis',(3.491481338843E-15,1.,3.491481338843E-15));
#5414=DIRECTION('ref_axis',(-1.,3.491481338843E-15,7.69326506392814E-32));
#5415=DIRECTION('center_axis',(3.491481338843E-15,1.,3.491481338843E-15));
#5416=DIRECTION('ref_axis',(1.,-3.49148133884297E-15,-9.251858538542E-15));
#5417=DIRECTION('',(3.491481338843E-15,1.,3.491481338843E-15));
#5418=DIRECTION('center_axis',(3.491481338843E-15,1.,3.491481338843E-15));
#5419=DIRECTION('ref_axis',(1.,-3.49148133884297E-15,-9.251858538542E-15));
#5420=DIRECTION('',(3.491481338843E-15,1.,3.491481338843E-15));
#5421=DIRECTION('',(3.491481338843E-15,1.,3.491481338843E-15));
#5422=DIRECTION('center_axis',(-3.491481338843E-15,-1.,-3.491481338843E-15));
#5423=DIRECTION('ref_axis',(1.,-3.491481338843E-15,-1.219044193948E-29));
#5424=DIRECTION('',(0.,3.491481338843E-15,-1.));
#5425=DIRECTION('center_axis',(3.491481338843E-15,1.,3.491481338843E-15));
#5426=DIRECTION('ref_axis',(1.,-3.49148133884294E-15,-1.734723475976E-14));
#5427=DIRECTION('',(1.,-3.491481338843E-15,-8.673617379884E-16));
#5428=DIRECTION('center_axis',(-3.491481338843E-15,-1.,-3.491481338843E-15));
#5429=DIRECTION('ref_axis',(1.,-3.491481338843E-15,-1.219044193948E-29));
#5430=DIRECTION('center_axis',(-3.491481338843E-15,-1.,-3.491481338843E-15));
#5431=DIRECTION('ref_axis',(1.,-3.491481338843E-15,-8.34026981192165E-31));
#5432=DIRECTION('',(0.,-3.491481338843E-15,1.));
#5433=DIRECTION('',(-1.,3.491481338843E-15,8.673617379884E-16));
#5434=DIRECTION('center_axis',(0.,-3.491481338843E-15,1.));
#5435=DIRECTION('ref_axis',(-1.,3.491481338843E-15,1.21904419394889E-29));
#5436=DIRECTION('',(3.491481338843E-15,1.,3.491481338843E-15));
#5437=DIRECTION('',(-1.,3.491481338843E-15,1.219044193948E-29));
#5438=DIRECTION('',(3.491481338843E-15,1.,3.491481338843E-15));
#5439=DIRECTION('',(-1.,3.491481338843E-15,1.219044193948E-29));
#5440=DIRECTION('center_axis',(-3.491481338843E-15,-1.,-3.70832177334E-15));
#5441=DIRECTION('ref_axis',(-7.570943305532E-31,-3.70832177334E-15,1.));
#5442=DIRECTION('',(-7.570943305532E-31,-3.70832177334E-15,1.));
#5443=DIRECTION('',(1.,-3.491481338843E-15,-1.219044193948E-29));
#5444=DIRECTION('',(-7.570943305532E-31,-3.70832177334E-15,1.));
#5445=DIRECTION('center_axis',(1.,-3.491481338843E-15,-1.219044193948E-29));
#5446=DIRECTION('ref_axis',(3.491481338843E-15,1.,3.491481338843E-15));
#5447=DIRECTION('',(1.514188661106E-30,3.925162207837E-15,-1.));
#5448=DIRECTION('center_axis',(1.,-3.491481338843E-15,-1.219044193948E-29));
#5449=DIRECTION('ref_axis',(3.491481338843E-15,1.,-4.25627005439435E-44));
#5450=DIRECTION('center_axis',(1.,-3.491481338843E-15,-1.219044193948E-29));
#5451=DIRECTION('ref_axis',(3.491481338843E-15,1.,-4.25627005439435E-44));
#5452=DIRECTION('center_axis',(1.,-3.491481338843E-15,-1.219044193948E-29));
#5453=DIRECTION('ref_axis',(3.491481338843E-15,1.,-4.25627005439435E-44));
#5454=DIRECTION('center_axis',(3.491481338843E-15,1.,3.70832177334E-15));
#5455=DIRECTION('ref_axis',(7.570943305532E-31,3.70832177334E-15,-1.));
#5456=DIRECTION('',(7.570943305532E-31,3.70832177334E-15,-1.));
#5457=DIRECTION('',(-1.,3.491481338843E-15,1.219044193948E-29));
#5458=DIRECTION('',(7.570943305532E-31,3.70832177334E-15,-1.));
#5459=DIRECTION('',(-1.,3.491481338843E-15,1.219044193948E-29));
#5460=DIRECTION('center_axis',(0.,-3.491481338843E-15,1.));
#5461=DIRECTION('ref_axis',(-1.,3.491481338843E-15,1.21904419394889E-29));
#5462=DIRECTION('',(3.491481338843E-15,1.,3.491481338843E-15));
#5463=DIRECTION('',(1.,-3.491481338843E-15,-1.219044193948E-29));
#5464=DIRECTION('',(3.491481338843E-15,1.,3.491481338843E-15));
#5465=DIRECTION('center_axis',(-1.,3.491481338843E-15,1.219044193948E-29));
#5466=DIRECTION('ref_axis',(-3.491481338843E-15,-1.,-3.491481338843E-15));
#5467=DIRECTION('center_axis',(1.,-3.491481338843E-15,-1.219044193948E-29));
#5468=DIRECTION('ref_axis',(-3.491481338843E-15,-1.,1.734723475976E-14));
#5469=DIRECTION('center_axis',(1.,-3.491481338843E-15,-1.219044193948E-29));
#5470=DIRECTION('ref_axis',(-3.491481338843E-15,-1.,4.25627005439435E-44));
#5471=DIRECTION('center_axis',(1.,-3.491481338843E-15,-1.219044193948E-29));
#5472=DIRECTION('ref_axis',(-3.491481338843E-15,-1.,4.25627005439435E-44));
#5473=DIRECTION('center_axis',(0.,3.491481338843E-15,-1.));
#5474=DIRECTION('ref_axis',(1.,-3.491481338843E-15,-1.21904419394889E-29));
#5475=DIRECTION('',(-3.491481338843E-15,-1.,-3.491481338843E-15));
#5476=DIRECTION('',(-1.,3.491481338843E-15,1.219044193948E-29));
#5477=DIRECTION('',(-3.491481338843E-15,-1.,-3.491481338843E-15));
#5478=DIRECTION('',(-1.,3.491481338843E-15,1.219044193948E-29));
#5479=DIRECTION('center_axis',(3.491481338843E-15,1.,3.491481338843E-15));
#5480=DIRECTION('ref_axis',(-1.,3.491481338843E-15,1.219044193948E-29));
#5481=DIRECTION('',(0.,3.491481338843E-15,-1.));
#5482=DIRECTION('',(1.,-3.491481338843E-15,-1.219044193948E-29));
#5483=DIRECTION('',(0.,3.491481338843E-15,-1.));
#5484=DIRECTION('center_axis',(1.,-3.491481338843E-15,-1.219044193948E-29));
#5485=DIRECTION('ref_axis',(3.491481338843E-15,1.,3.491481338843E-15));
#5486=DIRECTION('center_axis',(1.,-3.491481338843E-15,-1.219044193948E-29));
#5487=DIRECTION('ref_axis',(3.491481338843E-15,1.,4.336808689942E-15));
#5488=DIRECTION('center_axis',(1.,-3.491481338843E-15,-1.219044193948E-29));
#5489=DIRECTION('ref_axis',(3.491481338843E-15,1.,4.336808689942E-15));
#5490=DIRECTION('center_axis',(1.,-3.491481338843E-15,-1.219044193948E-29));
#5491=DIRECTION('ref_axis',(3.491481338843E-15,1.,4.336808689942E-15));
#5492=DIRECTION('center_axis',(-3.491481338843E-15,-1.,-3.491481338843E-15));
#5493=DIRECTION('ref_axis',(1.,-3.491481338843E-15,-1.219044193948E-29));
#5494=DIRECTION('',(0.,-3.491481338843E-15,1.));
#5495=DIRECTION('',(-1.,3.491481338843E-15,1.219044193948E-29));
#5496=DIRECTION('',(0.,-3.491481338843E-15,1.));
#5497=DIRECTION('',(-1.,3.491481338843E-15,1.219044193948E-29));
#5498=DIRECTION('center_axis',(0.,3.491481338843E-15,-1.));
#5499=DIRECTION('ref_axis',(1.,-3.491481338843E-15,-1.21904419394889E-29));
#5500=DIRECTION('',(-3.491481338843E-15,-1.,-3.491481338843E-15));
#5501=DIRECTION('',(1.,-3.491481338843E-15,-1.219044193948E-29));
#5502=DIRECTION('',(-3.491481338843E-15,-1.,-3.491481338843E-15));
#5503=DIRECTION('center_axis',(-1.,3.491481338843E-15,1.219044193948E-29));
#5504=DIRECTION('ref_axis',(-3.491481338843E-15,-1.,-3.491481338843E-15));
#5505=DIRECTION('center_axis',(1.,-3.491481338843E-15,-1.219044193948E-29));
#5506=DIRECTION('ref_axis',(-3.491481338843E-15,-1.,4.25627005439435E-44));
#5507=DIRECTION('',(0.,3.491481338843E-15,-1.));
#5508=DIRECTION('center_axis',(1.,-3.491481338843E-15,-1.219044193948E-29));
#5509=DIRECTION('ref_axis',(-3.491481338843E-15,-1.,-4.336808689942E-15));
#5510=DIRECTION('center_axis',(1.,-3.491481338843E-15,-1.219044193948E-29));
#5511=DIRECTION('ref_axis',(-3.491481338843E-15,-1.,-4.336808689942E-15));
#5512=DIRECTION('center_axis',(1.,-3.491481338843E-15,-1.219044193948E-29));
#5513=DIRECTION('ref_axis',(3.491481338843E-15,1.,3.784851220313E-15));
#5514=DIRECTION('',(1.,-3.491481338843E-15,-1.219044193948E-29));
#5515=DIRECTION('center_axis',(-1.,3.491481338843E-15,1.219044193948E-29));
#5516=DIRECTION('ref_axis',(-3.491481338843E-15,-1.,-3.784851220313E-15));
#5517=DIRECTION('',(1.,-3.491481338843E-15,-1.219044193948E-29));
#5518=DIRECTION('center_axis',(-3.491481338843E-15,-1.,-3.491481338843E-15));
#5519=DIRECTION('ref_axis',(1.,-3.491481338843E-15,-1.219044193948E-29));
#5520=DIRECTION('',(1.,-3.491481338843E-15,-1.219044193948E-29));
#5521=DIRECTION('',(0.,3.491481338843E-15,-1.));
#5522=DIRECTION('center_axis',(1.,-3.491481338843E-15,-1.219044193948E-29));
#5523=DIRECTION('ref_axis',(3.491481338843E-15,1.,3.784851220313E-15));
#5524=DIRECTION('',(1.,-3.491481338843E-15,-1.219044193948E-29));
#5525=DIRECTION('center_axis',(-1.,3.491481338843E-15,1.219044193948E-29));
#5526=DIRECTION('ref_axis',(-3.491481338843E-15,-1.,-3.784851220313E-15));
#5527=DIRECTION('center_axis',(3.491481338843E-15,1.,3.491481338843E-15));
#5528=DIRECTION('ref_axis',(-1.,3.491481338843E-15,1.219044193948E-29));
#5529=DIRECTION('',(0.,-3.491481338843E-15,1.));
#5530=DIRECTION('center_axis',(-1.,3.491481338843E-15,1.219044193948E-29));
#5531=DIRECTION('ref_axis',(-3.491481338843E-15,-1.,-3.491481338843E-15));
#5532=DIRECTION('center_axis',(8.673617379884E-16,-3.491481338843E-15,1.));
#5533=DIRECTION('ref_axis',(-1.,3.491481338843E-15,8.67361737988412E-16));
#5534=DIRECTION('',(-1.,3.491481338843E-15,8.673617379884E-16));
#5535=DIRECTION('',(1.,-3.491481338843E-15,-8.673617379884E-16));
#5536=DIRECTION('center_axis',(-3.491481338843E-15,-1.,-3.491481338843E-15));
#5537=DIRECTION('ref_axis',(1.,-3.491481338843E-15,-1.219044193948E-29));
#5538=DIRECTION('',(1.,-3.491481338843E-15,-1.219044193948E-29));
#5539=DIRECTION('',(-1.,3.491481338843E-15,8.673617379884E-16));
#5540=DIRECTION('center_axis',(-1.,3.491481338843E-15,1.219044193948E-29));
#5541=DIRECTION('ref_axis',(-3.491481338843E-15,-1.,-3.491481338843E-15));
#5542=DIRECTION('',(0.,-3.491481338843E-15,1.));
#5543=DIRECTION('',(0.,3.491481338843E-15,-1.));
#5544=DIRECTION('center_axis',(-3.491481338843E-15,-1.,-3.491481338843E-15));
#5545=DIRECTION('ref_axis',(1.,-3.491481338843E-15,-1.219044193948E-29));
#5546=DIRECTION('',(1.,-3.491481338843E-15,-1.219044193948E-29));
#5547=DIRECTION('',(0.,3.491481338843E-15,-1.));
#5548=DIRECTION('center_axis',(-1.,3.491481338843E-15,1.219044193948E-29));
#5549=DIRECTION('ref_axis',(-3.491481338843E-15,-1.,-3.491481338843E-15));
#5550=DIRECTION('',(0.,-3.491481338843E-15,1.));
#5551=DIRECTION('',(0.,3.491481338843E-15,-1.));
#5552=DIRECTION('center_axis',(-3.491481338843E-15,-1.,-3.491481338843E-15));
#5553=DIRECTION('ref_axis',(1.,-3.491481338843E-15,-1.219044193948E-29));
#5554=DIRECTION('',(1.,-3.491481338843E-15,-1.219044193948E-29));
#5555=DIRECTION('',(0.,3.491481338843E-15,-1.));
#5556=DIRECTION('center_axis',(8.673617379884E-16,-3.491481338843E-15,1.));
#5557=DIRECTION('ref_axis',(-1.,3.491481338843E-15,8.67361737988412E-16));
#5558=DIRECTION('',(-1.,3.491481338843E-15,8.673617379884E-16));
#5559=DIRECTION('',(1.,-3.491481338843E-15,-8.673617379884E-16));
#5560=DIRECTION('center_axis',(3.491481338843E-15,1.,3.491481338843E-15));
#5561=DIRECTION('ref_axis',(-1.,3.491481338843E-15,1.219044193948E-29));
#5562=DIRECTION('',(-1.,3.491481338843E-15,1.219044193948E-29));
#5563=DIRECTION('',(1.,-3.491481338843E-15,-8.673617379884E-16));
#5564=DIRECTION('center_axis',(-1.,3.491481338843E-15,1.219044193948E-29));
#5565=DIRECTION('ref_axis',(-3.491481338843E-15,-1.,-3.491481338843E-15));
#5566=DIRECTION('',(0.,3.491481338843E-15,-1.));
#5567=DIRECTION('',(0.,-3.491481338843E-15,1.));
#5568=DIRECTION('center_axis',(3.491481338843E-15,1.,3.491481338843E-15));
#5569=DIRECTION('ref_axis',(-1.,3.491481338843E-15,1.219044193948E-29));
#5570=DIRECTION('',(-1.,3.491481338843E-15,1.219044193948E-29));
#5571=DIRECTION('',(0.,-3.491481338843E-15,1.));
#5572=DIRECTION('center_axis',(-1.,3.491481338843E-15,1.219044193948E-29));
#5573=DIRECTION('ref_axis',(-3.491481338843E-15,-1.,-3.491481338843E-15));
#5574=DIRECTION('',(0.,-3.491481338843E-15,1.));
#5575=DIRECTION('',(0.,3.491481338843E-15,-1.));
#5576=DIRECTION('center_axis',(3.491481338843E-15,1.,3.491481338843E-15));
#5577=DIRECTION('ref_axis',(-1.,3.491481338843E-15,1.219044193948E-29));
#5578=DIRECTION('',(-1.,3.491481338843E-15,1.219044193948E-29));
#5579=DIRECTION('',(0.,-3.491481338843E-15,1.));
#5580=DIRECTION('center_axis',(-1.,3.491481338843E-15,1.219044193948E-29));
#5581=DIRECTION('ref_axis',(-3.491481338843E-15,-1.,-3.614007241618E-15));
#5582=DIRECTION('center_axis',(1.,-3.491481338843E-15,-1.219044193948E-29));
#5583=DIRECTION('ref_axis',(3.491481338843E-15,1.,3.614007241618E-15));
#5584=DIRECTION('center_axis',(1.,-3.491481338843E-15,-1.219044193948E-29));
#5585=DIRECTION('ref_axis',(3.491481338843E-15,1.,3.614007241618E-15));
#5586=DIRECTION('center_axis',(-1.,3.491481338843E-15,1.219044193948E-29));
#5587=DIRECTION('ref_axis',(-3.491481338843E-15,-1.,-3.614007241618E-15));
#5588=DIRECTION('center_axis',(-1.,3.491481338843E-15,1.219044193948E-29));
#5589=DIRECTION('ref_axis',(-3.491481338843E-15,-1.,-3.614007241618E-15));
#5590=DIRECTION('center_axis',(1.,-3.491481338843E-15,-1.219044193948E-29));
#5591=DIRECTION('ref_axis',(3.491481338843E-15,1.,3.614007241618E-15));
#5592=DIRECTION('center_axis',(0.,-3.491481338843E-15,1.));
#5593=DIRECTION('ref_axis',(-1.,3.252606517456E-15,1.13564149582967E-29));
#5594=DIRECTION('center_axis',(0.,-3.491481338843E-15,1.));
#5595=DIRECTION('ref_axis',(-1.,4.336808689942E-15,1.51418866110647E-29));
#5596=DIRECTION('center_axis',(0.,3.491481338843E-15,-1.));
#5597=DIRECTION('ref_axis',(1.,-4.336808689942E-15,-1.51418866110647E-29));
#5598=DIRECTION('center_axis',(0.,-3.491481338843E-15,1.));
#5599=DIRECTION('ref_axis',(-1.,4.336808689942E-15,1.51418866110647E-29));
#5600=DIRECTION('center_axis',(0.,3.491481338843E-15,-1.));
#5601=DIRECTION('ref_axis',(1.,-4.336808689942E-15,-1.51418866110647E-29));
#5602=DIRECTION('center_axis',(0.,-3.491481338843E-15,1.));
#5603=DIRECTION('ref_axis',(-1.,4.336808689942E-15,1.51418866110647E-29));
#5604=DIRECTION('center_axis',(0.,-3.491481338843E-15,1.));
#5605=DIRECTION('ref_axis',(-1.,4.336808689942E-15,1.51418866110647E-29));
#5606=DIRECTION('center_axis',(0.,-3.491481338843E-15,1.));
#5607=DIRECTION('ref_axis',(-1.,3.252606517456E-15,1.13564149582967E-29));
#5608=DIRECTION('center_axis',(1.,-3.491481338843E-15,-8.673617379884E-16));
#5609=DIRECTION('ref_axis',(8.67361737988385E-16,-4.336808689942E-15,1.));
#5610=DIRECTION('center_axis',(1.,-3.491481338843E-15,-8.673617379884E-16));
#5611=DIRECTION('ref_axis',(8.67361737988389E-16,-3.252606517456E-15,1.));
#5612=DIRECTION('center_axis',(1.,-3.491481338843E-15,-8.673617379884E-16));
#5613=DIRECTION('ref_axis',(8.67361737988385E-16,-4.336808689942E-15,1.));
#5614=DIRECTION('center_axis',(-1.,3.491481338843E-15,8.673617379884E-16));
#5615=DIRECTION('ref_axis',(-8.67361737988385E-16,4.336808689942E-15,-1.));
#5616=DIRECTION('center_axis',(-1.,3.491481338843E-15,1.219044193948E-29));
#5617=DIRECTION('ref_axis',(-3.491481338843E-15,-1.,2.91198964092188E-45));
#5618=DIRECTION('center_axis',(-1.,3.491481338843E-15,1.219044193948E-29));
#5619=DIRECTION('ref_axis',(-3.491481338843E-15,-1.,-1.03049139934268E-44));
#5620=DIRECTION('center_axis',(-3.491481338843E-15,-1.,-3.491481338843E-15));
#5621=DIRECTION('ref_axis',(1.,-3.51570624464633E-15,0.));
#5622=DIRECTION('center_axis',(3.491481338843E-15,1.,3.491481338843E-15));
#5623=DIRECTION('ref_axis',(1.,-3.491481338843E-15,-8.34026981192165E-31));
#5624=DIRECTION('center_axis',(0.,3.491481338843E-15,-1.));
#5625=DIRECTION('ref_axis',(-1.,3.252606517456E-15,1.13564149582967E-29));
#5626=DIRECTION('center_axis',(-3.491481338843E-15,-1.,-3.491481338843E-15));
#5627=DIRECTION('ref_axis',(1.,-3.491481338843E-15,-8.34026981192165E-31));
#5628=DIRECTION('center_axis',(3.01752181909446E-12,0.707106781185035,-0.70710678118806));
#5629=DIRECTION('ref_axis',(-1.47796003190304E-11,0.70710678118806,0.707106781185035));
#5630=DIRECTION('center_axis',(0.,3.491481338843E-15,-1.));
#5631=DIRECTION('ref_axis',(1.,-3.252606517456E-15,-1.13564149582967E-29));
#5632=DIRECTION('center_axis',(0.,3.491481338843E-15,-1.));
#5633=DIRECTION('ref_axis',(1.,-3.252606517456E-15,-1.13564149582967E-29));
#5634=DIRECTION('center_axis',(-1.,3.491481338843E-15,1.219044193948E-29));
#5635=DIRECTION('ref_axis',(-3.491481338843E-15,-1.,-4.336808689942E-15));
#5636=DIRECTION('center_axis',(-1.,3.491481338843E-15,1.219044193948E-29));
#5637=DIRECTION('ref_axis',(-3.491481338843E-15,-1.,-4.336808689942E-15));
#5638=DIRECTION('center_axis',(-1.,3.491481338843E-15,1.219044193948E-29));
#5639=DIRECTION('ref_axis',(-3.491481338843E-15,-1.,4.25627005439435E-44));
#5640=DIRECTION('center_axis',(-1.,3.491481338843E-15,1.219044193948E-29));
#5641=DIRECTION('ref_axis',(-3.491481338843E-15,-1.,-1.03049139934268E-44));
#5642=DIRECTION('center_axis',(-7.570943305532E-31,-3.70832177334E-15,1.));
#5643=DIRECTION('ref_axis',(4.336808689942E-15,1.,3.70832177334E-15));
#5644=DIRECTION('center_axis',(0.,3.491481338843E-15,-1.));
#5645=DIRECTION('ref_axis',(1.,-3.523657060577E-15,-1.2302782871487E-29));
#5646=DIRECTION('center_axis',(-3.491481338843E-15,-1.,-3.491481338843E-15));
#5647=DIRECTION('ref_axis',(1.,-3.51570624464633E-15,0.));
#5648=DIRECTION('center_axis',(3.491481338843E-15,1.,3.491481338843E-15));
#5649=DIRECTION('ref_axis',(1.,-3.491481338843E-15,-8.34026981192165E-31));
#5650=DIRECTION('center_axis',(0.,3.491481338843E-15,-1.));
#5651=DIRECTION('ref_axis',(1.,-3.46944695195362E-15,0.));
#5652=DIRECTION('center_axis',(-3.491481338843E-15,-1.,-3.491481338843E-15));
#5653=DIRECTION('ref_axis',(-1.,3.491481338843E-15,-1.12340931998067E-31));
#5654=DIRECTION('center_axis',(3.491481338843E-15,1.,3.491481338843E-15));
#5655=DIRECTION('ref_axis',(-1.,3.491481338843E-15,8.34026981192165E-31));
#5656=DIRECTION('center_axis',(6.86033559923551E-15,0.707106781186545,0.70710678118655));
#5657=DIRECTION('ref_axis',(2.49122080738751E-11,-0.70710678118655,0.707106781186545));
#5658=DIRECTION('center_axis',(-1.,3.491481338843E-15,1.219044193948E-29));
#5659=DIRECTION('ref_axis',(-3.491481338843E-15,-1.,2.91198964092188E-45));
#5660=DIRECTION('center_axis',(-1.,3.491481338843E-15,1.219044193948E-29));
#5661=DIRECTION('ref_axis',(-3.491481338843E-15,-1.,-1.03049139934268E-44));
#5662=DIRECTION('center_axis',(3.491481338843E-15,1.,3.491481338843E-15));
#5663=DIRECTION('ref_axis',(-1.,3.491481338843E-15,8.34026981192165E-31));
#5664=DIRECTION('center_axis',(-3.491481338843E-15,-1.,-3.491481338843E-15));
#5665=DIRECTION('ref_axis',(1.,-3.491481338843E-15,2.95144467157575E-30));
#5666=DIRECTION('center_axis',(0.,-3.491481338843E-15,1.));
#5667=DIRECTION('ref_axis',(-1.,3.523657060577E-15,1.2302782871487E-29));
#5668=DIRECTION('center_axis',(0.,-3.491481338843E-15,1.));
#5669=DIRECTION('ref_axis',(-1.,3.523657060577E-15,1.2302782871487E-29));
#5670=DIRECTION('center_axis',(-1.,3.491481338843E-15,1.219044193948E-29));
#5671=DIRECTION('ref_axis',(-3.491481338843E-15,-1.,-4.336808689942E-15));
#5672=DIRECTION('center_axis',(-1.,3.491481338843E-15,1.219044193948E-29));
#5673=DIRECTION('ref_axis',(-3.491481338843E-15,-1.,-4.336808689942E-15));
#5674=DIRECTION('center_axis',(0.,3.491481338843E-15,-1.));
#5675=DIRECTION('ref_axis',(1.,-3.70074341541719E-15,0.));
#5676=DIRECTION('center_axis',(0.,-3.491481338843E-15,1.));
#5677=DIRECTION('ref_axis',(1.,-4.336808689942E-15,-1.51418866110647E-29));
#5678=DIRECTION('center_axis',(0.,-3.491481338843E-15,1.));
#5679=DIRECTION('ref_axis',(-1.,3.46944695195361E-15,0.));
#5680=DIRECTION('center_axis',(-3.491481338843E-15,-1.,-3.491481338843E-15));
#5681=DIRECTION('ref_axis',(-1.,3.491481338843E-15,-1.12340931998067E-31));
#5682=DIRECTION('center_axis',(7.570943305532E-31,3.70832177334E-15,-1.));
#5683=DIRECTION('ref_axis',(-4.336808689942E-15,-1.,-3.70832177334E-15));
#5684=DIRECTION('center_axis',(7.69383431696539E-16,0.707106781186545,0.70710678118655));
#5685=DIRECTION('ref_axis',(1.6803563828861E-11,-0.70710678118655,0.707106781186545));
#5686=DIRECTION('center_axis',(-3.491481338843E-15,-1.,-3.491481338843E-15));
#5687=DIRECTION('ref_axis',(1.,-3.491481338843E-15,-8.34026981192165E-31));
#5688=DIRECTION('center_axis',(-3.491481338843E-15,-1.,-3.491481338843E-15));
#5689=DIRECTION('ref_axis',(1.,-3.491481338843E-15,2.95144467157575E-30));
#5690=DIRECTION('center_axis',(-1.,3.491481338843E-15,1.219044193948E-29));
#5691=DIRECTION('ref_axis',(-3.491481338843E-15,-1.,-4.336808689942E-15));
#5692=DIRECTION('center_axis',(-1.,3.491481338843E-15,1.219044193948E-29));
#5693=DIRECTION('ref_axis',(-3.491481338843E-15,-1.,-4.336808689942E-15));
#5694=DIRECTION('center_axis',(-1.,3.491481338843E-15,1.219044193948E-29));
#5695=DIRECTION('ref_axis',(-3.491481338843E-15,-1.,4.25627005439435E-44));
#5696=DIRECTION('',(1.,-3.491481338843E-15,-1.219044193948E-29));
#5697=DIRECTION('center_axis',(-1.,3.491481338843E-15,1.219044193948E-29));
#5698=DIRECTION('ref_axis',(-3.491481338843E-15,-1.,-1.03049139934268E-44));
#5699=DIRECTION('center_axis',(-3.491481338843E-15,-1.,-3.491481338843E-15));
#5700=DIRECTION('ref_axis',(1.,-3.491481338843E-15,2.95144467157574E-30));
#5701=DIRECTION('center_axis',(3.491481338843E-15,1.,3.491481338843E-15));
#5702=DIRECTION('ref_axis',(-1.,3.491481338843E-15,-2.95144467157575E-30));
#5703=DIRECTION('center_axis',(0.,-3.491481338843E-15,1.));
#5704=DIRECTION('ref_axis',(-1.,3.70074341541719E-15,0.));
#5705=DIRECTION('center_axis',(0.,3.491481338843E-15,-1.));
#5706=DIRECTION('ref_axis',(-1.,6.505213034913E-15,2.2712829916597E-29));
#5707=DIRECTION('center_axis',(3.491481338843E-15,1.,3.491481338843E-15));
#5708=DIRECTION('ref_axis',(-1.,3.70074341541719E-15,0.));
#5709=DIRECTION('center_axis',(-3.491481338843E-15,-1.,-3.491481338843E-15));
#5710=DIRECTION('ref_axis',(-1.,3.491481338843E-15,-2.95144467157574E-30));
#5711=DIRECTION('center_axis',(0.,3.491481338843E-15,-1.));
#5712=DIRECTION('ref_axis',(-1.,4.336808689942E-15,1.51418866110647E-29));
#5713=DIRECTION('center_axis',(0.,3.491481338843E-15,-1.));
#5714=DIRECTION('ref_axis',(1.,-4.336808689942E-15,-1.51418866110647E-29));
#5715=DIRECTION('center_axis',(3.01008444593435E-12,0.707106781188053,-0.707106781185042));
#5716=DIRECTION('ref_axis',(-6.13031065504291E-12,0.707106781185042,0.707106781188053));
#5717=DIRECTION('center_axis',(0.,-3.491481338843E-15,1.));
#5718=DIRECTION('ref_axis',(-1.,4.336808689942E-15,1.51418866110647E-29));
#5719=DIRECTION('',(0.,-3.491481338843E-15,1.));
#5720=DIRECTION('center_axis',(0.,3.491481338843E-15,-1.));
#5721=DIRECTION('ref_axis',(1.,-4.336808689942E-15,-1.51418866110647E-29));
#5722=DIRECTION('center_axis',(3.491481338843E-15,1.,3.491481338843E-15));
#5723=DIRECTION('ref_axis',(-1.,3.491481338843E-15,-2.95144467157575E-30));
#5724=DIRECTION('center_axis',(3.491481338843E-15,1.,3.491481338843E-15));
#5725=DIRECTION('ref_axis',(-1.,3.491481338843E-15,-2.95144467157575E-30));
#5726=DIRECTION('center_axis',(3.491481338843E-15,1.,3.491481338843E-15));
#5727=DIRECTION('ref_axis',(-1.,3.70074341541719E-15,0.));
#5728=DIRECTION('center_axis',(-3.491481338843E-15,-1.,-3.491481338843E-15));
#5729=DIRECTION('ref_axis',(-1.,3.491481338843E-15,-2.95144467157574E-30));
#5730=DIRECTION('center_axis',(1.,-3.491481338843E-15,-1.219044193948E-29));
#5731=DIRECTION('ref_axis',(-3.491481338843E-15,-1.,-1.03049139934268E-44));
#5732=DIRECTION('center_axis',(-1.,3.491481338843E-15,1.219044193948E-29));
#5733=DIRECTION('ref_axis',(-3.491481338843E-15,-1.,-4.336808689942E-15));
#5734=DIRECTION('',(-1.,3.491481338843E-15,1.219044193948E-29));
#5735=DIRECTION('center_axis',(0.,-3.491481338843E-15,1.));
#5736=DIRECTION('ref_axis',(-1.,4.336808689942E-15,1.51418866110647E-29));
#5737=DIRECTION('center_axis',(7.69383431693256E-15,-0.707106781186552,
-0.707106781186543));
#5738=DIRECTION('ref_axis',(-4.1340016422775E-12,0.707106781186543,-0.707106781186552));
#5739=DIRECTION('center_axis',(-3.01040502236419E-12,-0.707106781185043,
0.707106781188052));
#5740=DIRECTION('ref_axis',(-6.1735208068352E-12,-0.707106781188052,-0.707106781185043));
#5741=DIRECTION('center_axis',(-3.491481338843E-15,-1.,-3.491481338843E-15));
#5742=DIRECTION('ref_axis',(1.,-3.491481338843E-15,2.95144467157575E-30));
#5743=DIRECTION('center_axis',(-6.28329802549478E-15,-0.707106781186551,
-0.707106781186544));
#5744=DIRECTION('ref_axis',(4.4534110843099E-12,0.707106781186544,-0.707106781186551));
#5745=DIRECTION('center_axis',(3.491481338843E-15,1.,3.491481338843E-15));
#5746=DIRECTION('ref_axis',(-1.,3.491481338843E-15,8.34026981192165E-31));
#5747=DIRECTION('center_axis',(-3.02085581396512E-12,-0.707106781188058,
0.707106781185037));
#5748=DIRECTION('ref_axis',(-1.5007058558067E-11,-0.707106781185037,-0.707106781188058));
#5749=DIRECTION('center_axis',(0.,3.491481338843E-15,-1.));
#5750=DIRECTION('ref_axis',(1.,-3.252606517456E-15,-1.13564149582967E-29));
#5751=DIRECTION('center_axis',(0.,-3.491481338843E-15,1.));
#5752=DIRECTION('ref_axis',(-1.,4.336808689942E-15,1.51418866110647E-29));
#5753=DIRECTION('center_axis',(-8.46321774862591E-15,-0.707106781186546,
-0.707106781186549));
#5754=DIRECTION('ref_axis',(-4.16684135763977E-12,0.707106781186549,-0.707106781186546));
#5755=DIRECTION('center_axis',(-3.00367291733685E-12,-0.707106781185044,
0.707106781188051));
#5756=DIRECTION('ref_axis',(-6.18147147476503E-12,-0.707106781188051,-0.707106781185044));
#5757=DIRECTION('center_axis',(-3.491481338843E-15,-1.,-3.491481338843E-15));
#5758=DIRECTION('ref_axis',(1.,-3.491481338843E-15,2.95144467157575E-30));
#5759=DIRECTION('center_axis',(-1.4105362914376E-14,-0.707106781186553,
-0.707106781186542));
#5760=DIRECTION('ref_axis',(4.49351010517328E-12,0.707106781186542,-0.707106781186553));
#5761=DIRECTION('center_axis',(3.491481338843E-15,1.,3.491481338843E-15));
#5762=DIRECTION('ref_axis',(-1.,3.491481338843E-15,8.34026981192165E-31));
#5763=DIRECTION('center_axis',(-3.00495522304353E-12,-0.707106781188052,
0.707106781185043));
#5764=DIRECTION('ref_axis',(-1.44681415449075E-11,-0.707106781185043,-0.707106781188052));
#5765=DIRECTION('center_axis',(0.,3.491481338843E-15,-1.));
#5766=DIRECTION('ref_axis',(1.,-3.252606517456E-15,-1.13564149582967E-29));
#5767=DIRECTION('center_axis',(0.,-3.491481338843E-15,1.));
#5768=DIRECTION('ref_axis',(-1.,4.336808689942E-15,1.51418866110647E-29));
#5769=DIRECTION('center_axis',(1.77302016584174E-12,-0.707106781185476,
-0.707106781187619));
#5770=DIRECTION('ref_axis',(2.64922283193607E-11,0.707106781187619,-0.707106781185476));
#5771=DIRECTION('center_axis',(-3.02938314701271E-12,-0.707106781185033,
0.707106781188062));
#5772=DIRECTION('ref_axis',(-6.2053234785536E-12,-0.707106781188062,-0.707106781185033));
#5773=DIRECTION('center_axis',(3.491481338843E-15,1.,3.491481338843E-15));
#5774=DIRECTION('ref_axis',(-1.,3.491481338843E-15,-2.95144467157575E-30));
#5775=DIRECTION('center_axis',(1.26307113369642E-14,-0.707106781186541,
-0.707106781186554));
#5776=DIRECTION('ref_axis',(4.02614910338824E-12,0.707106781186554,-0.707106781186541));
#5777=DIRECTION('center_axis',(3.491481338843E-15,1.,3.491481338843E-15));
#5778=DIRECTION('ref_axis',(-1.,3.491481338843E-15,-2.95144467157575E-30));
#5779=DIRECTION('center_axis',(-4.59596241145865E-15,-0.707106781186551,
0.707106781186544));
#5780=DIRECTION('ref_axis',(2.32317964305469E-11,-0.707106781186544,-0.707106781186551));
#5781=DIRECTION('center_axis',(0.,3.491481338843E-15,-1.));
#5782=DIRECTION('ref_axis',(1.,-3.252606517456E-15,-1.13564149582967E-29));
#5783=DIRECTION('center_axis',(1.,-3.491481338843E-15,-1.219044193948E-29));
#5784=DIRECTION('ref_axis',(3.491481338843E-15,1.,4.336808689942E-15));
#5785=DIRECTION('center_axis',(1.,-3.491481338843E-15,-1.219044193948E-29));
#5786=DIRECTION('ref_axis',(3.491481338843E-15,1.,4.336808689942E-15));
#5787=DIRECTION('',(1.,-3.491481338843E-15,-1.219044193948E-29));
#5788=DIRECTION('center_axis',(1.,-3.491481338843E-15,-1.219044193948E-29));
#5789=DIRECTION('ref_axis',(3.491481338843E-15,1.,-2.91198964092188E-45));
#5790=DIRECTION('',(-1.,3.491481338843E-15,1.219044193948E-29));
#5791=DIRECTION('center_axis',(1.,-3.491481338843E-15,-1.219044193948E-29));
#5792=DIRECTION('ref_axis',(3.491481338843E-15,1.,-2.91198964092188E-45));
#5793=DIRECTION('center_axis',(3.491481338843E-15,1.,3.491481338843E-15));
#5794=DIRECTION('ref_axis',(-1.,3.491481338843E-15,1.219044193948E-29));
#5795=DIRECTION('center_axis',(3.491481338843E-15,1.,3.491481338843E-15));
#5796=DIRECTION('ref_axis',(-1.,3.491481338843E-15,7.69326506392814E-32));
#5797=DIRECTION('center_axis',(3.491481338843E-15,1.,3.491481338843E-15));
#5798=DIRECTION('ref_axis',(-1.,3.491481338843E-15,7.69326506392814E-32));
#5799=DIRECTION('',(-3.491481338843E-15,-1.,-3.491481338843E-15));
#5800=DIRECTION('center_axis',(3.491481338843E-15,1.,3.491481338843E-15));
#5801=DIRECTION('ref_axis',(-1.,3.491481338843E-15,7.69326506392814E-32));
#5802=DIRECTION('center_axis',(3.491481338843E-15,1.,3.491481338843E-15));
#5803=DIRECTION('ref_axis',(-1.,3.491481338843E-15,7.69326506392814E-32));
#5804=DIRECTION('center_axis',(3.491481338843E-15,1.,3.491481338843E-15));
#5805=DIRECTION('ref_axis',(-1.,3.491481338843E-15,7.69326506392814E-32));
#5806=DIRECTION('',(-3.491481338843E-15,-1.,-3.491481338843E-15));
#5807=DIRECTION('center_axis',(3.491481338843E-15,1.,3.491481338843E-15));
#5808=DIRECTION('ref_axis',(1.,-3.49148133884299E-15,-1.734723475976E-15));
#5809=DIRECTION('center_axis',(-3.491481338843E-15,-1.,-3.491481338843E-15));
#5810=DIRECTION('ref_axis',(1.,-3.491481338843E-15,1.7704140679392E-32));
#5811=DIRECTION('center_axis',(-3.491481338843E-15,-1.,-3.491481338843E-15));
#5812=DIRECTION('ref_axis',(1.,-3.491481338843E-15,-7.69326506392814E-32));
#5813=DIRECTION('',(3.491481338843E-15,1.,3.491481338843E-15));
#5814=DIRECTION('center_axis',(-3.491481338843E-15,-1.,-3.491481338843E-15));
#5815=DIRECTION('ref_axis',(1.,-3.491481338843E-15,-7.69326506392814E-32));
#5816=DIRECTION('center_axis',(-3.491481338843E-15,-1.,-3.491481338843E-15));
#5817=DIRECTION('ref_axis',(1.,-3.491481338843E-15,1.7704140679392E-32));
#5818=DIRECTION('center_axis',(-3.491481338843E-15,-1.,-3.491481338843E-15));
#5819=DIRECTION('ref_axis',(1.,-3.491481338843E-15,-7.69326506392814E-32));
#5820=DIRECTION('',(3.491481338843E-15,1.,3.491481338843E-15));
#5821=DIRECTION('center_axis',(-3.491481338843E-15,-1.,-3.491481338843E-15));
#5822=DIRECTION('ref_axis',(-1.,3.49148133884299E-15,3.469446951953E-15));
#5823=DIRECTION('center_axis',(3.491481338843E-15,1.,3.491481338843E-15));
#5824=DIRECTION('ref_axis',(-1.,3.28954970259306E-15,0.));
#5825=DIRECTION('center_axis',(-3.491481338843E-15,-1.,-3.491481338843E-15));
#5826=DIRECTION('ref_axis',(-1.,3.491481338843E-15,7.69326506392814E-32));
#5827=DIRECTION('center_axis',(-0.996194698091797,3.78249784762103E-15,
-0.0871557427470697));
#5828=DIRECTION('ref_axis',(-0.0871557427470697,-4.93038065763527E-32,0.996194698091797));
#5829=DIRECTION('center_axis',(3.491481338843E-15,1.,3.491481338843E-15));
#5830=DIRECTION('ref_axis',(-1.,3.491481338843E-15,5.42836854057246E-31));
#5831=DIRECTION('center_axis',(3.491481338843E-15,1.,3.491481338843E-15));
#5832=DIRECTION('ref_axis',(-1.,3.53626593028754E-15,0.));
#5833=DIRECTION('center_axis',(-3.491481338843E-15,-1.,-3.491481338843E-15));
#5834=DIRECTION('ref_axis',(-1.,3.491481338843E-15,-3.95434002160824E-32));
#5835=DIRECTION('center_axis',(3.491481338843E-15,1.,3.491481338843E-15));
#5836=DIRECTION('ref_axis',(-1.,3.491481338843E-15,7.69326506392814E-32));
#5837=DIRECTION('center_axis',(-0.996194698091797,3.78249784762103E-15,
-0.0871557427470697));
#5838=DIRECTION('ref_axis',(-0.0871557427470697,-4.93038065763527E-32,0.996194698091797));
#5839=DIRECTION('center_axis',(3.491481338843E-15,1.,3.491481338843E-15));
#5840=DIRECTION('ref_axis',(-1.,3.491481338843E-15,-7.44862154733908E-32));
#5841=DIRECTION('center_axis',(-3.491481338843E-15,-1.,-3.491481338843E-15));
#5842=DIRECTION('ref_axis',(1.,-3.491481338843E-15,7.44862154733908E-32));
#5843=DIRECTION('',(3.491481338843E-15,1.,3.491481338843E-15));
#5844=DIRECTION('center_axis',(-3.491481338843E-15,-1.,-3.491481338843E-15));
#5845=DIRECTION('ref_axis',(1.,-3.491481338843E-15,-7.69326506392814E-32));
#5846=DIRECTION('',(-3.491481338843E-15,-1.,-3.491481338843E-15));
#5847=DIRECTION('center_axis',(-3.491481338843E-15,-1.,-3.491481338843E-15));
#5848=DIRECTION('ref_axis',(-1.,3.491481338843E-15,-7.44862154733908E-32));
#5849=DIRECTION('',(3.491481338843E-15,1.,3.491481338843E-15));
#5850=DIRECTION('center_axis',(-3.491481338843E-15,-1.,-3.491481338843E-15));
#5851=DIRECTION('ref_axis',(1.,-3.491481338843E-15,-7.69326506392814E-32));
#5852=DIRECTION('',(3.491481338843E-15,1.,3.491481338843E-15));
#5853=DIRECTION('center_axis',(-3.491481338843E-15,-1.,-3.491481338843E-15));
#5854=DIRECTION('ref_axis',(1.,-3.491481338843E-15,-7.69326506392814E-32));
#5855=DIRECTION('center_axis',(-3.491481338843E-15,-1.,-3.491481338843E-15));
#5856=DIRECTION('ref_axis',(1.,-3.491481338843E-15,-7.69326506392814E-32));
#5857=DIRECTION('',(-3.491481338843E-15,-1.,-3.491481338843E-15));
#5858=DIRECTION('center_axis',(-3.491481338843E-15,-1.,-3.491481338843E-15));
#5859=DIRECTION('ref_axis',(1.,-3.491481338843E-15,-7.69326506392814E-32));
#5860=DIRECTION('',(-3.491481338843E-15,-1.,-3.491481338843E-15));
#5861=DIRECTION('center_axis',(3.491481338843E-15,1.,3.491481338843E-15));
#5862=DIRECTION('ref_axis',(-1.,3.491481338843E-15,7.69326506392814E-32));
#5863=DIRECTION('center_axis',(3.491481338843E-15,1.,3.491481338843E-15));
#5864=DIRECTION('ref_axis',(-1.,3.491481338843E-15,7.69326506392814E-32));
#5865=DIRECTION('',(-3.491481338843E-15,-1.,-3.491481338843E-15));
#5866=DIRECTION('',(3.491481338843E-15,1.,3.491481338843E-15));
#5867=DIRECTION('center_axis',(-0.996194698091797,3.78249784762103E-15,
-0.0871557427470697));
#5868=DIRECTION('ref_axis',(0.0871557427470697,3.17389254886754E-15,-0.996194698091797));
#5869=DIRECTION('',(-3.491481338843E-15,-1.,-3.491481338843E-15));
#5870=DIRECTION('center_axis',(0.996194698091921,-4.18944471847871E-12,
0.0871557427456576));
#5871=DIRECTION('ref_axis',(0.0871557427456576,-1.78310542766022E-10,-0.996194698091921));
#5872=DIRECTION('',(0.0871557427470697,3.17389254886754E-15,-0.996194698091797));
#5873=DIRECTION('',(3.491481338843E-15,1.,3.491481338843E-15));
#5874=DIRECTION('',(3.491481338843E-15,1.,3.491481338843E-15));
#5875=DIRECTION('',(-0.0871557427470697,-3.17389254886754E-15,0.996194698091797));
#5876=DIRECTION('',(3.491481338843E-15,1.,3.491481338843E-15));
#5877=DIRECTION('',(-0.0871557427470697,-3.17389254886754E-15,0.996194698091797));
#5878=DIRECTION('',(-0.0871557427470697,-3.17389254886754E-15,0.996194698091797));
#5879=DIRECTION('center_axis',(-0.996194698091797,3.78249784762103E-15,
-0.0871557427470697));
#5880=DIRECTION('ref_axis',(0.0871557427470697,3.17389254886754E-15,-0.996194698091797));
#5881=DIRECTION('',(-3.491481338843E-15,-1.,-3.491481338843E-15));
#5882=DIRECTION('',(0.0871557427470697,3.17389254886754E-15,-0.996194698091797));
#5883=DIRECTION('center_axis',(-0.996194698091927,8.05562214157131E-15,
-0.0871557427455825));
#5884=DIRECTION('ref_axis',(0.0871557427455825,-3.91954300601012E-14,-0.996194698091927));
#5885=DIRECTION('',(-3.491481338843E-15,-1.,-3.491481338843E-15));
#5886=DIRECTION('center_axis',(0.996194698092017,-3.88594492157259E-12,
0.087155742744555));
#5887=DIRECTION('ref_axis',(0.087155742744555,1.68020616008748E-10,-0.996194698092017));
#5888=DIRECTION('',(0.0871557427470697,3.17389254886754E-15,-0.996194698091797));
#5889=DIRECTION('',(-0.0871557427470697,-3.17389254886754E-15,0.996194698091797));
#5890=DIRECTION('',(3.491481338843E-15,1.,3.491481338843E-15));
#5891=DIRECTION('',(-0.0871557427470697,-3.17389254886754E-15,0.996194698091797));
#5892=DIRECTION('',(-3.491481338843E-15,-1.,-3.491481338843E-15));
#5893=DIRECTION('center_axis',(3.491481338843E-15,1.,3.491481338843E-15));
#5894=DIRECTION('ref_axis',(0.996194698091746,-3.78249784761809E-15,0.0871557427476511));
#5895=DIRECTION('center_axis',(-3.491481338843E-15,-1.,-3.491481338843E-15));
#5896=DIRECTION('ref_axis',(-1.,3.49148133884299E-15,3.556183125752E-15));
#5897=DIRECTION('',(-3.491481338843E-15,-1.,-3.491481338843E-15));
#5898=DIRECTION('center_axis',(3.491481338843E-15,1.,3.491481338843E-15));
#5899=DIRECTION('ref_axis',(-1.,3.491481338843E-15,1.22321758294527E-33));
#5900=DIRECTION('',(-3.491481338843E-15,-1.,-3.491481338843E-15));
#5901=DIRECTION('center_axis',(0.250145623057228,-4.25385972515787E-15,
0.968208225158881));
#5902=DIRECTION('ref_axis',(-0.968208225158881,2.50710217535928E-15,0.250145623057228));
#5903=DIRECTION('',(-0.968208225158881,2.50710217535928E-15,0.250145623057228));
#5904=DIRECTION('',(0.968208225158881,-2.50710217535928E-15,-0.250145623057228));
#5905=DIRECTION('center_axis',(0.41447294287012,1.7303386705625E-15,-0.910061635071264));
#5906=DIRECTION('ref_axis',(0.910061635071264,-4.62458776153534E-15,0.41447294287012));
#5907=DIRECTION('',(0.910061635071264,-4.62458776153534E-15,0.41447294287012));
#5908=DIRECTION('center_axis',(-0.414472942861455,-5.81890804038635E-13,
0.91006163507521));
#5909=DIRECTION('ref_axis',(0.91006163507521,1.1892763806828E-11,0.414472942861455));
#5910=DIRECTION('',(-0.910061635071264,4.62458776153534E-15,-0.41447294287012));
#5911=DIRECTION('center_axis',(0.414463228475379,1.07150970065071E-5,-0.910066059210513));
#5912=DIRECTION('ref_axis',(0.91006079341785,0.00339694844513663,0.414460870318217));
#5913=DIRECTION('center_axis',(3.491481338843E-15,1.,3.491481338843E-15));
#5914=DIRECTION('ref_axis',(-1.,3.491481338843E-15,1.219044193948E-29));
#5915=DIRECTION('',(-0.910061635071264,4.62458776153534E-15,-0.41447294287012));
#5916=DIRECTION('center_axis',(3.491481338843E-15,1.,3.491481338843E-15));
#5917=DIRECTION('ref_axis',(-1.,3.491481338843E-15,-1.34666724124344E-32));
#5918=DIRECTION('',(0.968208225158881,-2.50710217535928E-15,-0.250145623057228));
#5919=DIRECTION('',(-0.0871557427470697,-3.17389254886754E-15,0.996194698091797));
#5920=DIRECTION('center_axis',(3.491481338843E-15,1.,3.491481338843E-15));
#5921=DIRECTION('ref_axis',(-1.,3.491481338843E-15,1.219044193948E-29));
#5922=DIRECTION('',(-0.968208225158881,2.50710217535928E-15,0.250145623057228));
#5923=DIRECTION('center_axis',(-3.491481338843E-15,-1.,-3.491481338843E-15));
#5924=DIRECTION('ref_axis',(-1.,3.49148133884299E-15,3.53849067239E-15));
#5925=DIRECTION('',(0.0871557427470697,3.17389254886754E-15,-0.996194698091797));
#5926=DIRECTION('center_axis',(3.491481338843E-15,1.,3.491481338843E-15));
#5927=DIRECTION('ref_axis',(0.996194698091747,-3.78249784761808E-15,0.0871557427476467));
#5928=DIRECTION('center_axis',(3.491481338843E-15,1.,3.491481338843E-15));
#5929=DIRECTION('ref_axis',(-1.,3.491481338843E-15,3.06978912252244E-33));
#5930=DIRECTION('',(3.491481338843E-15,1.,3.491481338843E-15));
#5931=DIRECTION('center_axis',(3.491481338843E-15,1.,3.491481338843E-15));
#5932=DIRECTION('ref_axis',(-1.,3.491481338843E-15,3.06978912252244E-33));
#5933=DIRECTION('',(3.491481338843E-15,1.,3.491481338843E-15));
#5934=DIRECTION('center_axis',(0.250145623057228,-4.25385972515787E-15,
0.968208225158881));
#5935=DIRECTION('ref_axis',(-0.968208225158881,2.50710217535928E-15,0.250145623057228));
#5936=DIRECTION('',(0.968208225158881,-2.50710217535928E-15,-0.250145623057228));
#5937=DIRECTION('',(0.968208225158881,-2.50710217535928E-15,-0.250145623057228));
#5938=DIRECTION('center_axis',(0.41447294287012,1.7303386705625E-15,-0.910061635071264));
#5939=DIRECTION('ref_axis',(0.910061635071264,-4.62458776153534E-15,0.41447294287012));
#5940=DIRECTION('',(-0.910061635071264,4.62458776153534E-15,-0.41447294287012));
#5941=DIRECTION('',(-0.910061635071264,4.62458776153534E-15,-0.41447294287012));
#5942=DIRECTION('center_axis',(3.491481338843E-15,1.,3.491481338843E-15));
#5943=DIRECTION('ref_axis',(-1.,3.491481338843E-15,1.219044193948E-29));
#5944=DIRECTION('center_axis',(3.491481338843E-15,1.,3.491481338843E-15));
#5945=DIRECTION('ref_axis',(-1.,3.491481338843E-15,7.69326506392814E-32));
#5946=DIRECTION('center_axis',(3.491481338843E-15,1.,3.491481338843E-15));
#5947=DIRECTION('ref_axis',(-1.,3.491481338843E-15,1.219044193948E-29));
#5948=DIRECTION('center_axis',(-3.491481338843E-15,-1.,-3.491481338843E-15));
#5949=DIRECTION('ref_axis',(1.,-3.491481338843E-15,-1.219044193948E-29));
#5950=DIRECTION('center_axis',(-3.491481338843E-15,-1.,-3.491481338843E-15));
#5951=DIRECTION('ref_axis',(1.,-3.491481338843E-15,-7.69326506392814E-32));
#5952=DIRECTION('center_axis',(-3.491481338843E-15,-1.,-3.491481338843E-15));
#5953=DIRECTION('ref_axis',(1.,-3.491481338843E-15,-7.69326506392814E-32));
#5954=DIRECTION('',(-0.0871557427470697,-3.17389254886754E-15,0.996194698091797));
#5955=DIRECTION('',(-0.0871557427470697,-3.17389254886754E-15,0.996194698091797));
#5956=DIRECTION('center_axis',(-3.491481338843E-15,-1.,-3.491481338843E-15));
#5957=DIRECTION('ref_axis',(1.,-3.491481338843E-15,-7.69326506392814E-32));
#5958=DIRECTION('center_axis',(-3.491481338843E-15,-1.,-3.491481338843E-15));
#5959=DIRECTION('ref_axis',(-0.996194698091734,3.78249784761855E-15,-0.0871557427477942));
#5960=DIRECTION('center_axis',(3.491481338843E-15,1.,3.491481338843E-15));
#5961=DIRECTION('ref_axis',(-1.,3.491481338843E-15,1.219044193948E-29));
#5962=DIRECTION('',(-0.0871557427470697,-3.17389254886754E-15,0.996194698091797));
#5963=DIRECTION('center_axis',(-3.491481338843E-15,-1.,-3.491481338843E-15));
#5964=DIRECTION('ref_axis',(1.,-3.491481338843E-15,-7.69326506392814E-32));
#5965=DIRECTION('',(-0.0871557427470697,-3.17389254886754E-15,0.996194698091797));
#5966=DIRECTION('center_axis',(-3.491481338843E-15,-1.,-3.491481338843E-15));
#5967=DIRECTION('ref_axis',(-0.996194698091748,3.78249784761803E-15,-0.0871557427476308));
#5968=DIRECTION('',(-3.491481338843E-15,-1.,-3.491481338843E-15));
#5969=DIRECTION('center_axis',(-3.491481338843E-15,-1.,-3.491481338843E-15));
#5970=DIRECTION('ref_axis',(1.,-3.491481338843E-15,-7.69326506392814E-32));
#5971=DIRECTION('',(-3.491481338843E-15,-1.,-3.491481338843E-15));
#5972=DIRECTION('center_axis',(0.996194698091797,-3.78249784762103E-15,
0.0871557427470697));
#5973=DIRECTION('ref_axis',(-0.0871557427470697,-3.17389254886754E-15,0.996194698091797));
#5974=DIRECTION('',(-0.0871557427470697,-3.17389254886754E-15,0.996194698091797));
#5975=DIRECTION('center_axis',(0.996194698091797,-3.78249784762103E-15,
0.0871557427470697));
#5976=DIRECTION('ref_axis',(-0.0871557427470697,-3.17389254886754E-15,0.996194698091797));
#5977=DIRECTION('',(-0.0871557427470697,-3.17389254886754E-15,0.996194698091797));
#5978=DIRECTION('center_axis',(-3.491481338843E-15,-1.,-3.491481338843E-15));
#5979=DIRECTION('ref_axis',(1.,-3.491481338843E-15,-1.219044193948E-29));
#5980=DIRECTION('center_axis',(3.491481338843E-15,1.,3.491481338843E-15));
#5981=DIRECTION('ref_axis',(0.996194698091748,-3.78249784761804E-15,0.0871557427476325));
#5982=DIRECTION('',(3.491481338843E-15,1.,3.491481338843E-15));
#5983=DIRECTION('center_axis',(-3.491481338843E-15,-1.,-3.491481338843E-15));
#5984=DIRECTION('ref_axis',(1.,-3.491481338843E-15,-7.69326506392814E-32));
#5985=DIRECTION('',(3.491481338843E-15,1.,3.491481338843E-15));
#5986=DIRECTION('center_axis',(-0.996194698091797,3.78249784762103E-15,
-0.0871557427470697));
#5987=DIRECTION('ref_axis',(0.0871557427470697,3.17389254886754E-15,-0.996194698091797));
#5988=DIRECTION('',(-0.0871557427470697,-3.17389254886754E-15,0.996194698091797));
#5989=DIRECTION('center_axis',(-0.996194698091797,3.78249784762103E-15,
-0.0871557427470697));
#5990=DIRECTION('ref_axis',(0.0871557427470697,3.17389254886754E-15,-0.996194698091797));
#5991=DIRECTION('',(-0.0871557427470697,-3.17389254886754E-15,0.996194698091797));
#5992=DIRECTION('center_axis',(3.491481338843E-15,1.,3.491481338843E-15));
#5993=DIRECTION('ref_axis',(1.,-3.491481338843E-15,-1.219044193948E-29));
#5994=DIRECTION('center_axis',(-0.968208225158881,2.50710217535928E-15,
0.250145623057228));
#5995=DIRECTION('ref_axis',(-0.250145623057228,4.33680868994595E-15,-0.968208225158881));
#5996=DIRECTION('center_axis',(3.491481338843E-15,1.,3.491481338843E-15));
#5997=DIRECTION('ref_axis',(0.99617567391485,-3.78135366803042E-15,0.0873729174303739));
#5998=DIRECTION('center_axis',(0.968208225158881,-2.50710217535928E-15,
-0.250145623057228));
#5999=DIRECTION('ref_axis',(0.250145623057228,0.,0.968208225158881));
#6000=DIRECTION('center_axis',(-0.646216358336364,-1.15274566241513E-12,
0.76315425584772));
#6001=DIRECTION('ref_axis',(0.76315425584772,2.80510058001682E-11,0.646216358336364));
#6002=DIRECTION('center_axis',(3.491481338843E-15,1.,3.491481338843E-15));
#6003=DIRECTION('ref_axis',(0.996194698091743,-3.78135366803042E-15,0.0871557427476819));
#6004=DIRECTION('center_axis',(0.0871557427470697,3.17389254886754E-15,
-0.996194698091797));
#6005=DIRECTION('ref_axis',(0.996194698091797,-4.33680868994547E-15,0.0871557427470697));
#6006=DIRECTION('center_axis',(-0.0871557427470697,-3.17389254886754E-15,
0.996194698091797));
#6007=DIRECTION('ref_axis',(-0.996194698091797,0.,-0.0871557427470697));
#6008=DIRECTION('center_axis',(-0.910061635071264,4.62458776153534E-15,
-0.41447294287012));
#6009=DIRECTION('ref_axis',(0.41447294287012,0.,-0.910061635071264));
#6010=DIRECTION('center_axis',(3.491481338843E-15,1.,3.491481338843E-15));
#6011=DIRECTION('ref_axis',(-1.,3.491481338843E-15,1.219044193948E-29));
#6012=DIRECTION('center_axis',(-3.491481338843E-15,-1.,-3.491481338843E-15));
#6013=DIRECTION('ref_axis',(1.,-3.491481338843E-15,-1.219044193948E-29));
#6014=DIRECTION('center_axis',(-3.491481338843E-15,-1.,-3.491481338843E-15));
#6015=DIRECTION('ref_axis',(1.,-3.491481338843E-15,-1.219044193948E-29));
#6016=DIRECTION('center_axis',(3.491481338843E-15,1.,3.491481338843E-15));
#6017=DIRECTION('ref_axis',(-1.,3.491481338843E-15,1.219044193948E-29));
#6018=DIRECTION('',(0.,0.,1.));
#6019=DIRECTION('',(1.,0.,0.));
#6020=DIRECTION('',(0.,0.,1.));
#6021=DIRECTION('',(1.,0.,0.));
#6022=CARTESIAN_POINT('',(0.,0.,0.));
#6023=CARTESIAN_POINT('',(0.,0.,0.));
#6024=CARTESIAN_POINT('',(0.,0.,0.));
#6025=CARTESIAN_POINT('Origin',(3.474113538954,-1.489121605922,8.923235144876));
#6026=CARTESIAN_POINT('',(3.474113538954,-1.869121605922,1.373235144876));
#6027=CARTESIAN_POINT('',(3.474113538954,-1.869121605922,4.271235144876));
#6028=CARTESIAN_POINT('',(3.474113538954,-1.869121605922,1.073235144876));
#6029=CARTESIAN_POINT('',(3.474113538954,-1.569121605922,1.073235144876));
#6030=CARTESIAN_POINT('Origin',(3.474113538954,-1.569121605922,1.373235144876));
#6031=CARTESIAN_POINT('',(3.474113538954,-1.409121605922,1.073235144876));
#6032=CARTESIAN_POINT('',(3.474113538954,-1.489121605922,1.073235144876));
#6033=CARTESIAN_POINT('',(3.474113538954,-1.109121605922,1.373235144876));
#6034=CARTESIAN_POINT('Origin',(3.474113538954,-1.409121605922,1.373235144876));
#6035=CARTESIAN_POINT('',(3.474113538954,-1.109121605922,4.271235144876));
#6036=CARTESIAN_POINT('',(3.474113538954,-1.109121605922,4.371235144876));
#6037=CARTESIAN_POINT('',(3.474113538954,-1.009121605922,4.371235144876));
#6038=CARTESIAN_POINT('Origin',(3.474113538954,-1.009121605922,4.271235144876));
#6039=CARTESIAN_POINT('',(3.474113538954,-1.969121605922,4.371235144876));
#6040=CARTESIAN_POINT('',(3.474113538954,-0.739121605922,4.371235144876));
#6041=CARTESIAN_POINT('Origin',(3.474113538954,-1.969121605922,4.271235144876));
#6042=CARTESIAN_POINT('Origin',(3.074113538954,-1.489121605922,8.923235144876));
#6043=CARTESIAN_POINT('',(3.074113538954,-1.569121605922,1.073235144876));
#6044=CARTESIAN_POINT('',(3.074113538954,-1.409121605922,1.073235144876));
#6045=CARTESIAN_POINT('',(3.074113538954,-0.739121605922,1.073235144876));
#6046=CARTESIAN_POINT('',(3.074113538954,-1.869121605922,1.373235144876));
#6047=CARTESIAN_POINT('Origin',(3.074113538954,-1.569121605922,1.373235144876));
#6048=CARTESIAN_POINT('',(3.074113538954,-1.869121605922,4.271235144876));
#6049=CARTESIAN_POINT('',(3.074113538954,-1.869121605922,4.371235144876));
#6050=CARTESIAN_POINT('',(3.074113538954,-1.969121605922,4.371235144876));
#6051=CARTESIAN_POINT('Origin',(3.074113538954,-1.969121605922,4.271235144876));
#6052=CARTESIAN_POINT('',(3.074113538954,-1.009121605922,4.371235144876));
#6053=CARTESIAN_POINT('',(3.074113538954,-0.739121605922,4.371235144876));
#6054=CARTESIAN_POINT('',(3.074113538954,-1.109121605922,4.271235144876));
#6055=CARTESIAN_POINT('Origin',(3.074113538954,-1.009121605922,4.271235144876));
#6056=CARTESIAN_POINT('',(3.074113538954,-1.109121605922,1.373235144876));
#6057=CARTESIAN_POINT('',(3.074113538954,-1.109121605922,1.073235144876));
#6058=CARTESIAN_POINT('Origin',(3.074113538954,-1.409121605922,1.373235144876));
#6059=CARTESIAN_POINT('Origin',(3.474113538954,-0.739121605922,1.073235144876));
#6060=CARTESIAN_POINT('',(3.074113538954,-1.569121605922,1.073235144876));
#6061=CARTESIAN_POINT('',(3.474113538954,-1.409121605922,1.073235144876));
#6062=CARTESIAN_POINT('Origin',(-0.965886461045,-1.489121605922,8.923235144876));
#6063=CARTESIAN_POINT('',(-0.965886461046,-3.439121605922,12.973235144876));
#6064=CARTESIAN_POINT('',(-0.965886461045,0.460878394077,12.973235144876));
#6065=CARTESIAN_POINT('',(-0.965886461046,-3.939121605922,12.973235144876));
#6066=CARTESIAN_POINT('',(-0.965886461045,0.960878394077,12.473235144876));
#6067=CARTESIAN_POINT('Origin',(-0.965886461045,0.460878394077,12.473235144876));
#6068=CARTESIAN_POINT('',(-0.965885838214834,0.960878392523811,11.973235144876));
#6069=CARTESIAN_POINT('',(-0.965886461045,0.960878394077,12.973235144876));
#6070=CARTESIAN_POINT('',(-0.965886461045,0.959878394077,11.973235144876));
#6071=CARTESIAN_POINT('',(-0.965886461045,-1.48912160592,11.973235144877));
#6072=CARTESIAN_POINT('',(-0.965886461045,0.959878394077,5.873235144876));
#6073=CARTESIAN_POINT('',(-0.965886461045,0.959878394077,11.973235144876));
#6074=CARTESIAN_POINT('',(-0.965885836996745,0.960878392695896,5.873235144876));
#6075=CARTESIAN_POINT('Origin',(-0.564886461045,0.959878394077,5.873235144876));
#6076=CARTESIAN_POINT('',(-0.965886461045,0.960878394077,4.773235144876));
#6077=CARTESIAN_POINT('',(-0.965886461045,0.960878394077,12.973235144876));
#6078=CARTESIAN_POINT('',(-0.965886461046,-3.939121605922,4.773235144876));
#6079=CARTESIAN_POINT('',(-0.965886461045,0.960878394077,4.773235144876));
#6080=CARTESIAN_POINT('',(-0.965885838215343,-3.93912160436881,5.873235144876));
#6081=CARTESIAN_POINT('',(-0.965886461046,-3.939121605922,4.873235144876));
#6082=CARTESIAN_POINT('',(-0.965886461046,-3.938121605922,5.873235144876));
#6083=CARTESIAN_POINT('',(-0.965886461045,-1.489121605923,5.873235144875));
#6084=CARTESIAN_POINT('',(-0.965886461046,-3.938121605922,11.973235144876));
#6085=CARTESIAN_POINT('',(-0.965886461046,-3.938121605922,5.873235144876));
#6086=CARTESIAN_POINT('',(-0.965885836997253,-3.9391216045409,11.973235144876));
#6087=CARTESIAN_POINT('Origin',(-0.564886461046,-3.938121605922,11.973235144876));
#6088=CARTESIAN_POINT('',(-0.965886461046,-3.939121605922,12.473235144876));
#6089=CARTESIAN_POINT('',(-0.965886461046,-3.939121605922,4.873235144876));
#6090=CARTESIAN_POINT('Origin',(-0.965886461046,-3.439121605922,12.473235144876));
#6091=CARTESIAN_POINT('',(-0.965886461045,-0.039121605922,11.259899433985));
#6092=CARTESIAN_POINT('',(-0.965886461045,-0.039121605922,6.586570855766));
#6093=CARTESIAN_POINT('',(-0.965886461045,-0.039121605922,11.259899433985));
#6094=CARTESIAN_POINT('',(-0.965886461046,-2.939121605922,11.259899433985));
#6095=CARTESIAN_POINT('Origin',(-0.965886461045,-1.489121605922,8.923235144876));
#6096=CARTESIAN_POINT('',(-0.965886461046,-2.939121605922,6.586570855766));
#6097=CARTESIAN_POINT('',(-0.965886461046,-2.939121605922,6.586570855766));
#6098=CARTESIAN_POINT('Origin',(-0.965886461045,-1.489121605922,8.923235144876));
#6099=CARTESIAN_POINT('Origin',(-0.565886461046,-1.489121605922,8.923235144876));
#6100=CARTESIAN_POINT('',(-0.565886461045,0.960878394077,12.473235144876));
#6101=CARTESIAN_POINT('',(-0.565886461045,0.960878394077,11.973235144876));
#6102=CARTESIAN_POINT('',(-0.565886461045,0.960878394077,12.973235144876));
#6103=CARTESIAN_POINT('',(-0.565886461045,0.460878394077,12.973235144876));
#6104=CARTESIAN_POINT('Origin',(-0.565886461045,0.460878394077,12.473235144876));
#6105=CARTESIAN_POINT('',(-0.565886461046,-3.439121605922,12.973235144876));
#6106=CARTESIAN_POINT('',(-0.565886461046,-3.939121605922,12.973235144876));
#6107=CARTESIAN_POINT('',(-0.565886461046,-3.939121605922,12.473235144876));
#6108=CARTESIAN_POINT('Origin',(-0.565886461046,-3.439121605922,12.473235144876));
#6109=CARTESIAN_POINT('',(-0.565886461046,-3.939121605922,11.973235144876));
#6110=CARTESIAN_POINT('',(-0.565886461046,-3.939121605922,4.873235144876));
#6111=CARTESIAN_POINT('',(-0.565886461046,-3.938121605922,11.973235144876));
#6112=CARTESIAN_POINT('',(-0.565886461046,-3.938121605922,11.973235144876));
#6113=CARTESIAN_POINT('',(-0.565886461046,-3.938121605922,5.873235144876));
#6114=CARTESIAN_POINT('',(-0.565886461046,-3.938121605922,5.873235144876));
#6115=CARTESIAN_POINT('',(-0.565886461046,-3.939121605922,5.873235144876));
#6116=CARTESIAN_POINT('',(-0.565886461046,-3.939121605922,5.873235144876));
#6117=CARTESIAN_POINT('',(-0.565886461046,-3.939121605922,4.773235144876));
#6118=CARTESIAN_POINT('',(-0.565886461046,-3.939121605922,4.873235144876));
#6119=CARTESIAN_POINT('',(-0.565886461045,0.960878394077,4.773235144876));
#6120=CARTESIAN_POINT('',(-0.565886461045,0.960878394077,4.773235144876));
#6121=CARTESIAN_POINT('',(-0.565886461045,0.960878394077,5.873235144876));
#6122=CARTESIAN_POINT('',(-0.565886461045,0.960878394077,12.973235144876));
#6123=CARTESIAN_POINT('',(-0.565886461045,0.959878394077,5.873235144876));
#6124=CARTESIAN_POINT('',(-0.565886461045,0.959878394077,5.873235144876));
#6125=CARTESIAN_POINT('',(-0.565886461045,0.959878394077,11.973235144876));
#6126=CARTESIAN_POINT('',(-0.565886461045,0.959878394077,11.973235144876));
#6127=CARTESIAN_POINT('',(-0.565886461045,0.960878394077,11.973235144876));
#6128=CARTESIAN_POINT('',(-0.565886461046,-2.939121605922,11.259899433985));
#6129=CARTESIAN_POINT('',(-0.565886461045,-0.039121605922,11.259899433985));
#6130=CARTESIAN_POINT('Origin',(-0.565886461046,-1.489121605922,8.923235144876));
#6131=CARTESIAN_POINT('',(-0.565886461045,-0.039121605922,6.586570855766));
#6132=CARTESIAN_POINT('',(-0.565886461045,-0.039121605922,11.259899433985));
#6133=CARTESIAN_POINT('',(-0.565886461046,-2.939121605922,6.586570855766));
#6134=CARTESIAN_POINT('Origin',(-0.565886461046,-1.489121605922,8.923235144876));
#6135=CARTESIAN_POINT('',(-0.565886461046,-2.939121605922,6.586570855766));
#6136=CARTESIAN_POINT('Origin',(-0.965886461045,0.960878394077,12.973235144876));
#6137=CARTESIAN_POINT('',(-0.965886461045,0.960878394077,12.473235144876));
#6138=CARTESIAN_POINT('',(-0.565886461045,0.960878394077,11.973235144876));
#6139=CARTESIAN_POINT('Origin',(-0.965886461045,0.960878394077,12.973235144876));
#6140=CARTESIAN_POINT('',(-0.565886461045,0.960878394077,5.873235144876));
#6141=CARTESIAN_POINT('',(-0.565886461045,0.960878394077,4.773235144876));
#6142=CARTESIAN_POINT('Origin',(-0.965886461046,-3.939121605922,4.873235144876));
#6143=CARTESIAN_POINT('',(-0.565886461046,-3.939121605922,5.873235144876));
#6144=CARTESIAN_POINT('',(-0.565886461046,-3.939121605922,4.773235144876));
#6145=CARTESIAN_POINT('Origin',(-0.965886461046,-3.939121605922,4.873235144876));
#6146=CARTESIAN_POINT('',(-0.965886461046,-3.939121605922,12.473235144876));
#6147=CARTESIAN_POINT('',(-0.565886461046,-3.939121605922,11.973235144876));
#6148=CARTESIAN_POINT('Origin',(3.274113538954,-2.239121605922,4.372235144876));
#6149=CARTESIAN_POINT('',(3.274113538954,-2.239121605922,4.718222176334));
#6150=CARTESIAN_POINT('',(3.274113538954,-2.239121605922,4.772235144876));
#6151=CARTESIAN_POINT('',(3.274113538954,-2.239121605922,4.372235144876));
#6152=CARTESIAN_POINT('',(3.073113538954,-2.239121605922,4.772235144876));
#6153=CARTESIAN_POINT('Origin',(3.073113538954,-2.239121605922,4.371235144876));
#6154=CARTESIAN_POINT('',(7.434113538953,-2.239121605922,4.772235144876));
#6155=CARTESIAN_POINT('Origin',(3.073113538954,-0.739121605922,4.372235144876));
#6156=CARTESIAN_POINT('',(3.274113538954,-0.739121605922,4.772235144876));
#6157=CARTESIAN_POINT('',(3.073113538954,-0.739121605922,4.772235144876));
#6158=CARTESIAN_POINT('',(7.434113538953,-0.739121605922,4.772235144876));
#6159=CARTESIAN_POINT('',(3.274113538954,-0.739121605922,4.718222176334));
#6160=CARTESIAN_POINT('Origin',(3.073113538954,-0.739121605922,4.371235144876));
#6161=CARTESIAN_POINT('',(3.274113538954,-0.739121605922,4.372235144876));
#6162=CARTESIAN_POINT('Origin',(7.434113538953,-1.489121605922,4.372235144876));
#6163=CARTESIAN_POINT('',(2.774113538954,0.960878394077,4.372235144876));
#6164=CARTESIAN_POINT('',(-0.564886461045,0.960878394077,4.372235144876));
#6165=CARTESIAN_POINT('',(-0.565886461045,0.960878394077,4.372235144876));
#6166=CARTESIAN_POINT('',(3.274113538954,0.460878394077,4.372235144876));
#6167=CARTESIAN_POINT('Origin',(2.774113538954,0.460878394077,4.372235144876));
#6168=CARTESIAN_POINT('',(3.274113538954,-0.639121605922,4.372235144876));
#6169=CARTESIAN_POINT('',(3.274113538954,0.960878394077,4.372235144876));
#6170=CARTESIAN_POINT('',(3.374113538954,-0.739121605922,4.372235144876));
#6171=CARTESIAN_POINT('Origin',(3.374113538954,-0.639121605922,4.372235144876));
#6172=CARTESIAN_POINT('',(3.073113538954,-0.739121605922,4.372235144876));
#6173=CARTESIAN_POINT('',(3.073113538954,-0.739121605922,4.372235144876));
#6174=CARTESIAN_POINT('',(3.073113538954,-2.239121605922,4.372235144876));
#6175=CARTESIAN_POINT('',(3.073113538954,-2.239121605922,4.372235144876));
#6176=CARTESIAN_POINT('',(3.374113538954,-2.239121605922,4.372235144876));
#6177=CARTESIAN_POINT('',(3.274113538954,-2.239121605922,4.372235144876));
#6178=CARTESIAN_POINT('',(3.274113538954,-2.339121605922,4.372235144876));
#6179=CARTESIAN_POINT('Origin',(3.374113538954,-2.339121605922,4.372235144876));
#6180=CARTESIAN_POINT('',(3.274113538954,-3.439121605922,4.372235144876));
#6181=CARTESIAN_POINT('',(3.274113538954,0.960878394077,4.372235144876));
#6182=CARTESIAN_POINT('',(2.774113538953,-3.939121605922,4.372235144876));
#6183=CARTESIAN_POINT('Origin',(2.774113538954,-3.439121605922,4.372235144876));
#6184=CARTESIAN_POINT('',(-0.564886461046,-3.939121605922,4.372235144876));
#6185=CARTESIAN_POINT('',(3.274113538953,-3.939121605922,4.372235144876));
#6186=CARTESIAN_POINT('',(-0.564886461046,-1.489121605922,4.372235144876));
#6187=CARTESIAN_POINT('Origin',(7.434113538953,-1.489121605922,4.772235144876));
#6188=CARTESIAN_POINT('',(3.274113538954,0.460878394077,4.772235144876));
#6189=CARTESIAN_POINT('',(3.274113538954,-1.489121605922,4.772235144876));
#6190=CARTESIAN_POINT('',(2.774113538954,0.960878394077,4.772235144876));
#6191=CARTESIAN_POINT('Origin',(2.774113538954,0.460878394077,4.772235144876));
#6192=CARTESIAN_POINT('',(-0.564886461045,0.960878394077,4.772235144876));
#6193=CARTESIAN_POINT('',(7.434113538953,0.960878394077,4.772235144876));
#6194=CARTESIAN_POINT('',(-0.564886461046,-3.939121605922,4.772235144876));
#6195=CARTESIAN_POINT('',(-0.564886461046,-3.939121605922,4.772235144876));
#6196=CARTESIAN_POINT('',(2.774113538954,-3.939121605922,4.772235144876));
#6197=CARTESIAN_POINT('',(7.434113538953,-3.939121605922,4.772235144876));
#6198=CARTESIAN_POINT('',(3.274113538954,-3.439121605922,4.772235144876));
#6199=CARTESIAN_POINT('Origin',(2.774113538954,-3.439121605922,4.772235144876));
#6200=CARTESIAN_POINT('',(3.274113538954,-1.489121605922,4.772235144876));
#6201=CARTESIAN_POINT('',(3.073113538954,-2.239121605922,4.772235144876));
#6202=CARTESIAN_POINT('Origin',(3.274113538954,0.960878394077,4.372235144876));
#6203=CARTESIAN_POINT('',(3.274113538954,-3.439121605922,4.372235144876));
#6204=CARTESIAN_POINT('',(3.274113538954,-2.339121605922,4.718222176334));
#6205=CARTESIAN_POINT('',(3.274113538954,-2.339121605922,4.718222176334));
#6206=CARTESIAN_POINT('',(3.274113538954,-2.339121605922,4.718222176334));
#6207=CARTESIAN_POINT('Origin',(3.274113538954,0.960878394077,4.372235144876));
#6208=CARTESIAN_POINT('',(3.274113538954,0.460878394077,4.372235144876));
#6209=CARTESIAN_POINT('',(3.274113538954,-0.639121605922,4.718222176334));
#6210=CARTESIAN_POINT('',(3.274113538954,-0.739121605922,4.718222176334));
#6211=CARTESIAN_POINT('',(3.274113538954,-0.639121605922,4.372235144876));
#6212=CARTESIAN_POINT('Origin',(-0.965886461046,-3.939121605922,12.973235144876));
#6213=CARTESIAN_POINT('',(-0.965886461045,0.460878394077,12.973235144876));
#6214=CARTESIAN_POINT('',(-0.965886461046,-3.439121605922,12.973235144876));
#6215=CARTESIAN_POINT('Origin',(-0.965886461045,-1.489121605922,8.923235144876));
#6216=CARTESIAN_POINT('',(-0.965886461046,-2.939121605922,11.259899433985));
#6217=CARTESIAN_POINT('',(-0.965886461045,-0.039121605922,11.259899433985));
#6218=CARTESIAN_POINT('Origin',(-0.965886461045,-0.039121605922,11.259899433985));
#6219=CARTESIAN_POINT('',(-0.965886461045,-0.039121605922,6.586570855766));
#6220=CARTESIAN_POINT('Origin',(-0.965886461045,-1.489121605922,8.923235144876));
#6221=CARTESIAN_POINT('',(-0.965886461046,-2.939121605922,6.586570855766));
#6222=CARTESIAN_POINT('Origin',(-0.965886461046,-2.939121605922,6.586570855766));
#6223=CARTESIAN_POINT('Origin',(-0.564886461046,-3.939121605922,4.773235144876));
#6224=CARTESIAN_POINT('',(-0.564886461046,-3.939121605922,4.372235144876));
#6225=CARTESIAN_POINT('Origin',(-0.564886461046,-3.939121605922,4.773235144876));
#6226=CARTESIAN_POINT('Origin',(-0.564886461046,-3.939121605922,4.773235144876));
#6227=CARTESIAN_POINT('Origin',(-0.564886461045,0.960878394077,4.773235144876));
#6228=CARTESIAN_POINT('Origin',(-0.564886461045,0.960878394077,4.773235144876));
#6229=CARTESIAN_POINT('',(-0.564886461045,0.960878394077,4.772235144876));
#6230=CARTESIAN_POINT('Origin',(-0.564886461045,0.960878394077,4.773235144876));
#6231=CARTESIAN_POINT('Origin',(-0.564886461045,0.960878394077,4.773235144876));
#6232=CARTESIAN_POINT('Origin',(-0.564886461045,0.960878394077,4.773235144876));
#6233=CARTESIAN_POINT('Origin',(-0.565886461045,0.960878394077,4.372235144876));
#6234=CARTESIAN_POINT('',(2.774113538954,0.960878394077,4.372235144876));
#6235=CARTESIAN_POINT('Origin',(3.274113538953,-3.939121605922,4.372235144876));
#6236=CARTESIAN_POINT('',(2.774113538953,-3.939121605922,4.372235144876));
#6237=CARTESIAN_POINT('Origin',(3.073113538954,-2.239121605922,4.371235144876));
#6238=CARTESIAN_POINT('',(3.474113538954,-2.239121605922,4.371235144876));
#6239=CARTESIAN_POINT('',(3.374113538954,-2.239121605922,4.636187970866));
#6240=CARTESIAN_POINT('Origin',(3.073113538954,-2.239121605922,4.371235144876));
#6241=CARTESIAN_POINT('',(3.374113538954,-2.239121605922,4.372235144876));
#6242=CARTESIAN_POINT('',(3.074113538954,-2.239121605922,4.371235144876));
#6243=CARTESIAN_POINT('Origin',(3.073113538954,-2.239121605922,4.371235144876));
#6244=CARTESIAN_POINT('',(3.074113538954,-2.239121605922,4.371235144876));
#6245=CARTESIAN_POINT('Origin',(3.073113538954,-0.739121605922,4.371235144876));
#6246=CARTESIAN_POINT('',(3.374113538954,-0.739121605922,4.636187970866));
#6247=CARTESIAN_POINT('',(3.374113538954,-0.739121605922,4.718222176334));
#6248=CARTESIAN_POINT('',(3.474113538954,-0.739121605922,4.371235144876));
#6249=CARTESIAN_POINT('Origin',(3.073113538954,-0.739121605922,4.371235144876));
#6250=CARTESIAN_POINT('',(3.074113538954,-0.739121605922,4.371235144876));
#6251=CARTESIAN_POINT('',(3.474113538954,-0.739121605922,4.371235144876));
#6252=CARTESIAN_POINT('Origin',(3.073113538954,-0.739121605922,4.371235144876));
#6253=CARTESIAN_POINT('Origin',(3.073113538954,-2.239121605922,4.371235144876));
#6254=CARTESIAN_POINT('Ctrl Pts',(3.274113538955,-2.339121605922,4.71822217633337));
#6255=CARTESIAN_POINT('Ctrl Pts',(3.274113538955,-2.32601701210877,4.71822217633337));
#6256=CARTESIAN_POINT('Ctrl Pts',(3.27686979449295,-2.31225659865466,4.71667439130951));
#6257=CARTESIAN_POINT('Ctrl Pts',(3.28735957591361,-2.28759748491696,4.71025114458628));
#6258=CARTESIAN_POINT('Ctrl Pts',(3.29510167134717,-2.27671211729294,4.70533855657464));
#6259=CARTESIAN_POINT('Ctrl Pts',(3.31366356870054,-2.25815021993956,4.69231733880473));
#6260=CARTESIAN_POINT('Ctrl Pts',(3.32607541364488,-2.25044298696706,4.682828614353));
#6261=CARTESIAN_POINT('Ctrl Pts',(3.35094977958725,-2.24090322243026,4.66085495953188));
#6262=CARTESIAN_POINT('Ctrl Pts',(3.36341105111503,-2.239121605923,4.64834654599141));
#6263=CARTESIAN_POINT('Ctrl Pts',(3.374113538954,-2.239121605923,4.63618797086583));
#6264=CARTESIAN_POINT('',(3.474113538954,-0.739121605922,4.371235144876));
#6265=CARTESIAN_POINT('',(3.474113538954,-1.109121605922,4.371235144876));
#6266=CARTESIAN_POINT('Ctrl Pts',(3.374113538954,-0.739121605921001,4.63618797086585));
#6267=CARTESIAN_POINT('Ctrl Pts',(3.36282269867502,-0.739121605920992,4.64901494454041));
#6268=CARTESIAN_POINT('Ctrl Pts',(3.34963977067586,-0.737137658723321,4.66214740503375));
#6269=CARTESIAN_POINT('Ctrl Pts',(3.32351726521263,-0.726482844359924,4.68492927893773));
#6270=CARTESIAN_POINT('Ctrl Pts',(3.31057683239236,-0.717885227924274,4.69461189908172));
#6271=CARTESIAN_POINT('Ctrl Pts',(3.29267449797986,-0.698204120677098,4.70690758704608));
#6272=CARTESIAN_POINT('Ctrl Pts',(3.28579090660565,-0.687691944292461,4.71122686977025));
#6273=CARTESIAN_POINT('Ctrl Pts',(3.27651281800753,-0.664256863708565,4.71687083429289));
#6274=CARTESIAN_POINT('Ctrl Pts',(3.274113538955,-0.651342281922083,4.71822217633338));
#6275=CARTESIAN_POINT('Ctrl Pts',(3.274113538955,-0.639121605922001,4.71822217633338));
#6276=CARTESIAN_POINT('Origin',(3.073113538954,-2.239121605922,4.371235144876));
#6277=CARTESIAN_POINT('',(3.074113538954,-0.739121605922,4.371235144876));
#6278=CARTESIAN_POINT('',(3.074113538954,-1.869121605922,4.371235144876));
#6279=CARTESIAN_POINT('Origin',(-0.564886461046,-3.938121605922,5.873235144876));
#6280=CARTESIAN_POINT('',(-0.564886461046,-3.939121605922,5.873235144876));
#6281=CARTESIAN_POINT('Origin',(-0.564886461046,-3.938121605922,5.873235144876));
#6282=CARTESIAN_POINT('',(-0.564886461046,-4.339121605922,5.873235144876));
#6283=CARTESIAN_POINT('',(-0.564886461046,-3.939121605922,5.873235144876));
#6284=CARTESIAN_POINT('Origin',(-0.564886461046,-3.938121605922,5.873235144876));
#6285=CARTESIAN_POINT('Origin',(-0.564886461046,-3.938121605922,11.973235144876));
#6286=CARTESIAN_POINT('',(-0.564886461046,-3.939121605922,11.973235144876));
#6287=CARTESIAN_POINT('Origin',(-0.564886461046,-3.938121605922,11.973235144876));
#6288=CARTESIAN_POINT('',(-0.564886461046,-4.339121605922,11.973235144876));
#6289=CARTESIAN_POINT('Origin',(-0.564886461046,-3.938121605922,11.973235144876));
#6290=CARTESIAN_POINT('',(-0.564886461046,-3.939121605922,11.973235144876));
#6291=CARTESIAN_POINT('Origin',(-0.564886461046,-3.938121605922,5.873235144876));
#6292=CARTESIAN_POINT('',(-0.564886461046,-4.339121605922,8.923235144876));
#6293=CARTESIAN_POINT('Origin',(-0.564886461046,-3.938121605922,5.873235144876));
#6294=CARTESIAN_POINT('',(-0.564886461046,-3.939121605922,11.973235144876));
#6295=CARTESIAN_POINT('Origin',(-0.565886461046,-4.339121605922,5.873235144876));
#6296=CARTESIAN_POINT('',(-0.265886461046,-3.939121605922,5.873235144876));
#6297=CARTESIAN_POINT('',(-0.565886461046,-3.939121605922,5.873235144876));
#6298=CARTESIAN_POINT('',(-0.265886461046,-4.339121605922,5.873235144876));
#6299=CARTESIAN_POINT('',(-0.265886461046,-4.339121605922,5.873235144876));
#6300=CARTESIAN_POINT('',(-0.565886461046,-4.339121605922,5.873235144876));
#6301=CARTESIAN_POINT('Origin',(0.234113538953,-4.339121605922,11.973235144876));
#6302=CARTESIAN_POINT('',(-0.265886461046,-4.339121605922,11.973235144876));
#6303=CARTESIAN_POINT('',(0.234113538953,-4.339121605922,11.973235144876));
#6304=CARTESIAN_POINT('',(-0.265886461046,-3.939121605922,11.973235144876));
#6305=CARTESIAN_POINT('',(-0.265886461046,-4.339121605922,11.973235144876));
#6306=CARTESIAN_POINT('',(0.234113538953,-3.939121605922,11.973235144876));
#6307=CARTESIAN_POINT('Origin',(7.434113538953,-4.339121605922,8.923235144876));
#6308=CARTESIAN_POINT('',(0.234113538953,-4.339121605922,11.473235144876));
#6309=CARTESIAN_POINT('',(0.234113538953,-4.339121605922,6.373235144876));
#6310=CARTESIAN_POINT('',(0.234113538953,-4.339121605922,5.873235144876));
#6311=CARTESIAN_POINT('Origin',(-0.265886461046,-4.339121605922,11.473235144876));
#6312=CARTESIAN_POINT('Origin',(-0.265886461046,-4.339121605922,6.373235144876));
#6313=CARTESIAN_POINT('Origin',(7.434113538953,-3.939121605922,8.923235144876));
#6314=CARTESIAN_POINT('',(0.234113538953,-3.939121605922,11.473235144876));
#6315=CARTESIAN_POINT('Origin',(-0.265886461046,-3.939121605922,11.473235144876));
#6316=CARTESIAN_POINT('',(0.234113538953,-3.939121605922,6.373235144876));
#6317=CARTESIAN_POINT('',(0.234113538953,-3.939121605922,5.873235144876));
#6318=CARTESIAN_POINT('Origin',(-0.265886461046,-3.939121605922,6.373235144876));
#6319=CARTESIAN_POINT('Origin',(0.234113538953,-4.339121605922,5.873235144876));
#6320=CARTESIAN_POINT('',(0.234113538953,-4.339121605922,11.473235144876));
#6321=CARTESIAN_POINT('',(0.234113538953,-4.339121605922,6.373235144876));
#6322=CARTESIAN_POINT('Origin',(-0.564886461045,0.959878394077,11.973235144876));
#6323=CARTESIAN_POINT('',(-0.564886461045,0.960878394077,11.973235144876));
#6324=CARTESIAN_POINT('Origin',(-0.564886461045,0.959878394077,11.973235144876));
#6325=CARTESIAN_POINT('',(-0.564886461045,1.360878394077,11.973235144876));
#6326=CARTESIAN_POINT('',(-0.564886461045,0.960878394077,11.973235144876));
#6327=CARTESIAN_POINT('Origin',(-0.564886461045,0.959878394077,11.973235144876));
#6328=CARTESIAN_POINT('Origin',(-0.564886461045,0.959878394077,5.873235144876));
#6329=CARTESIAN_POINT('',(-0.564886461045,0.960878394077,5.873235144876));
#6330=CARTESIAN_POINT('Origin',(-0.564886461045,0.959878394077,5.873235144876));
#6331=CARTESIAN_POINT('',(-0.564886461045,1.360878394077,5.873235144876));
#6332=CARTESIAN_POINT('Origin',(-0.564886461045,0.959878394077,5.873235144876));
#6333=CARTESIAN_POINT('',(-0.564886461045,0.960878394077,5.873235144876));
#6334=CARTESIAN_POINT('Origin',(-0.564886461045,0.959878394077,11.973235144876));
#6335=CARTESIAN_POINT('',(-0.564886461045,1.360878394077,8.923235144876));
#6336=CARTESIAN_POINT('Origin',(-0.564886461045,0.959878394077,11.973235144876));
#6337=CARTESIAN_POINT('',(-0.564886461045,0.960878394077,5.873235144876));
#6338=CARTESIAN_POINT('Origin',(-0.565886461045,1.360878394077,5.873235144876));
#6339=CARTESIAN_POINT('',(-0.265886461045,1.360878394077,5.873235144876));
#6340=CARTESIAN_POINT('',(-0.565886461045,1.360878394077,5.873235144876));
#6341=CARTESIAN_POINT('',(-0.265886461045,0.960878394077,5.873235144876));
#6342=CARTESIAN_POINT('',(-0.265886461045,1.360878394077,5.873235144876));
#6343=CARTESIAN_POINT('',(-0.565886461045,0.960878394077,5.873235144876));
#6344=CARTESIAN_POINT('Origin',(0.234113538954,1.360878394077,11.973235144876));
#6345=CARTESIAN_POINT('',(-0.265886461045,0.960878394077,11.973235144876));
#6346=CARTESIAN_POINT('',(0.234113538954,0.960878394077,11.973235144876));
#6347=CARTESIAN_POINT('',(-0.265886461045,1.360878394077,11.973235144876));
#6348=CARTESIAN_POINT('',(-0.265886461045,1.360878394077,11.973235144876));
#6349=CARTESIAN_POINT('',(0.234113538954,1.360878394077,11.973235144876));
#6350=CARTESIAN_POINT('Origin',(7.434113538954,1.360878394077,8.923235144876));
#6351=CARTESIAN_POINT('',(0.234113538954,1.360878394077,6.373235144876));
#6352=CARTESIAN_POINT('',(0.234113538954,1.360878394077,11.473235144876));
#6353=CARTESIAN_POINT('',(0.234113538954,1.360878394077,5.873235144876));
#6354=CARTESIAN_POINT('Origin',(-0.265886461045,1.360878394077,6.373235144876));
#6355=CARTESIAN_POINT('Origin',(-0.265886461045,1.360878394077,11.473235144876));
#6356=CARTESIAN_POINT('Origin',(7.434113538954,0.960878394077,8.923235144876));
#6357=CARTESIAN_POINT('',(0.234113538954,0.960878394077,6.373235144876));
#6358=CARTESIAN_POINT('Origin',(-0.265886461045,0.960878394077,6.373235144876));
#6359=CARTESIAN_POINT('',(0.234113538954,0.960878394077,11.473235144876));
#6360=CARTESIAN_POINT('',(0.234113538954,0.960878394077,5.873235144876));
#6361=CARTESIAN_POINT('Origin',(-0.265886461045,0.960878394077,11.473235144876));
#6362=CARTESIAN_POINT('Origin',(0.234113538954,1.360878394077,5.873235144876));
#6363=CARTESIAN_POINT('',(0.234113538954,1.360878394077,6.373235144876));
#6364=CARTESIAN_POINT('',(0.234113538954,1.360878394077,11.473235144876));
#6365=CARTESIAN_POINT('Origin',(3.474113538954,-1.869121605922,4.371235144876));
#6366=CARTESIAN_POINT('',(3.474113538954,-1.969121605922,4.371235144876));
#6367=CARTESIAN_POINT('Origin',(7.434113538953,-1.869121605922,8.923235144876));
#6368=CARTESIAN_POINT('',(3.474113538954,-1.869121605922,1.373235144876));
#6369=CARTESIAN_POINT('',(7.434113538954,-1.869121605922,4.271235144876));
#6370=CARTESIAN_POINT('Origin',(3.074113538954,-1.109121605922,4.371235144876));
#6371=CARTESIAN_POINT('',(3.074113538954,-1.009121605922,4.371235144876));
#6372=CARTESIAN_POINT('Origin',(7.434113538954,-1.109121605922,8.923235144876));
#6373=CARTESIAN_POINT('',(3.074113538954,-1.109121605922,1.373235144876));
#6374=CARTESIAN_POINT('',(7.434113538954,-1.109121605922,4.271235144876));
#6375=CARTESIAN_POINT('Origin',(7.434113538954,-1.569121605922,1.373235144876));
#6376=CARTESIAN_POINT('Origin',(7.434113538954,-1.409121605922,1.373235144876));
#6377=CARTESIAN_POINT('Origin',(7.434113538954,-1.009121605922,4.271235144876));
#6378=CARTESIAN_POINT('Origin',(7.434113538954,-1.969121605922,4.271235144876));
#6379=CARTESIAN_POINT('Origin',(3.374113538954,-0.639121605922,4.371235144876));
#6380=CARTESIAN_POINT('Origin',(3.374113538954,-2.339121605922,4.372235144876));
#6381=CARTESIAN_POINT('Origin',(-0.265886461046,-4.339121605922,11.473235144876));
#6382=CARTESIAN_POINT('Origin',(-0.265886461046,-4.339121605922,6.373235144876));
#6383=CARTESIAN_POINT('Origin',(-0.265886461045,1.360878394077,6.373235144876));
#6384=CARTESIAN_POINT('Origin',(-0.265886461045,1.360878394077,11.473235144876));
#6385=CARTESIAN_POINT('Origin',(2.774113538954,0.460878394077,4.372235144876));
#6386=CARTESIAN_POINT('Origin',(2.774113538954,-3.439121605922,4.372235144876));
#6387=CARTESIAN_POINT('Origin',(-0.965886461045,0.460878394077,12.473235144876));
#6388=CARTESIAN_POINT('Origin',(-0.965886461046,-3.439121605922,12.473235144876));
#6389=CARTESIAN_POINT('Origin',(13.184113538953,-2.239121605922,10.463235144876));
#6390=CARTESIAN_POINT('',(13.184113538954,-1.109121605922,1.373235144876));
#6391=CARTESIAN_POINT('',(13.184113538953,-1.109121605922,10.463235144876));
#6392=CARTESIAN_POINT('',(13.184113538954,-1.109121605922,1.073235144876));
#6393=CARTESIAN_POINT('',(13.184113538953,-1.409121605922,1.073235144876));
#6394=CARTESIAN_POINT('Origin',(13.184113538953,-1.409121605922,1.373235144876));
#6395=CARTESIAN_POINT('',(13.184113538953,-1.569121605922,1.073235144876));
#6396=CARTESIAN_POINT('',(13.184113538953,-2.239121605922,1.073235144876));
#6397=CARTESIAN_POINT('',(13.184113538953,-1.869121605922,1.373235144876));
#6398=CARTESIAN_POINT('Origin',(13.184113538953,-1.569121605922,1.373235144876));
#6399=CARTESIAN_POINT('',(13.184113538953,-1.869121605922,10.463235144876));
#6400=CARTESIAN_POINT('',(13.184113538953,-1.869121605922,10.463235144876));
#6401=CARTESIAN_POINT('',(13.184113538953,-2.239121605922,10.463235144876));
#6402=CARTESIAN_POINT('Origin',(13.684113538953,-2.239121605922,1.073235144876));
#6403=CARTESIAN_POINT('',(13.684113538954,-1.409121605922,1.073235144876));
#6404=CARTESIAN_POINT('',(13.684113538954,-1.409121605922,1.073235144876));
#6405=CARTESIAN_POINT('',(13.684113538954,-1.569121605922,1.073235144876));
#6406=CARTESIAN_POINT('',(13.684113538953,-2.239121605922,1.073235144876));
#6407=CARTESIAN_POINT('',(13.684113538954,-1.569121605922,1.073235144876));
#6408=CARTESIAN_POINT('Origin',(13.684113538953,-2.239121605922,10.463235144876));
#6409=CARTESIAN_POINT('',(13.684113538954,-1.109121605922,1.373235144876));
#6410=CARTESIAN_POINT('Origin',(13.684113538954,-1.409121605922,1.373235144876));
#6411=CARTESIAN_POINT('',(13.684113538954,-1.109121605922,10.463235144876));
#6412=CARTESIAN_POINT('',(13.684113538954,-1.109121605922,10.463235144876));
#6413=CARTESIAN_POINT('',(13.684113538953,-1.869121605922,10.463235144876));
#6414=CARTESIAN_POINT('',(13.684113538953,-2.239121605922,10.463235144876));
#6415=CARTESIAN_POINT('',(13.684113538954,-1.869121605922,1.373235144876));
#6416=CARTESIAN_POINT('',(13.684113538954,-1.869121605922,1.073235144876));
#6417=CARTESIAN_POINT('Origin',(13.684113538954,-1.569121605922,1.373235144876));
#6418=CARTESIAN_POINT('Origin',(12.434113538953,-2.239121605922,10.463235144876));
#6419=CARTESIAN_POINT('',(12.434113538953,-1.109121605922,11.713235144876));
#6420=CARTESIAN_POINT('Origin',(12.434113538954,-1.109121605922,10.463235144876));
#6421=CARTESIAN_POINT('',(12.434113538953,-1.869121605922,11.713235144876));
#6422=CARTESIAN_POINT('',(12.434113538953,-2.239121605922,11.713235144876));
#6423=CARTESIAN_POINT('Origin',(12.434113538953,-1.869121605922,10.463235144876));
#6424=CARTESIAN_POINT('Origin',(12.434113538953,-2.239121605922,10.463235144876));
#6425=CARTESIAN_POINT('',(12.434113538953,-1.109121605922,11.213235144876));
#6426=CARTESIAN_POINT('Origin',(12.434113538954,-1.109121605922,10.463235144876));
#6427=CARTESIAN_POINT('',(12.434113538953,-1.869121605922,11.213235144876));
#6428=CARTESIAN_POINT('Origin',(12.434113538953,-1.869121605922,10.463235144876));
#6429=CARTESIAN_POINT('',(12.434113538953,-2.239121605922,11.213235144876));
#6430=CARTESIAN_POINT('Origin',(10.644113538953,-2.239121605922,7.923235144876));
#6431=CARTESIAN_POINT('',(10.644113538954,-1.569121605922,1.073235144876));
#6432=CARTESIAN_POINT('',(10.644113538954,-1.409121605922,1.073235144876));
#6433=CARTESIAN_POINT('',(10.644113538953,-2.239121605922,1.073235144876));
#6434=CARTESIAN_POINT('',(10.644113538954,-1.869121605922,1.373235144876));
#6435=CARTESIAN_POINT('Origin',(10.644113538954,-1.569121605922,1.373235144876));
#6436=CARTESIAN_POINT('',(10.644113538953,-1.869121605922,7.923235144876));
#6437=CARTESIAN_POINT('',(10.644113538953,-1.869121605922,7.923235144876));
#6438=CARTESIAN_POINT('',(10.644113538954,-1.109121605922,7.923235144876));
#6439=CARTESIAN_POINT('',(10.644113538953,-2.239121605922,7.923235144876));
#6440=CARTESIAN_POINT('',(10.644113538954,-1.109121605922,1.373235144876));
#6441=CARTESIAN_POINT('',(10.644113538954,-1.109121605922,1.073235144876));
#6442=CARTESIAN_POINT('Origin',(10.644113538954,-1.409121605922,1.373235144876));
#6443=CARTESIAN_POINT('Origin',(11.144113538953,-2.239121605922,1.073235144876));
#6444=CARTESIAN_POINT('',(11.144113538954,-1.569121605922,1.073235144876));
#6445=CARTESIAN_POINT('',(11.144113538954,-1.409121605922,1.073235144876));
#6446=CARTESIAN_POINT('',(11.144113538953,-2.239121605922,1.073235144876));
#6447=CARTESIAN_POINT('',(11.144113538954,-1.569121605922,1.073235144876));
#6448=CARTESIAN_POINT('',(11.144113538954,-1.409121605922,1.073235144876));
#6449=CARTESIAN_POINT('Origin',(11.144113538953,-2.239121605922,7.923235144876));
#6450=CARTESIAN_POINT('',(11.144113538954,-1.869121605922,1.373235144876));
#6451=CARTESIAN_POINT('',(11.144113538953,-1.869121605922,7.923235144876));
#6452=CARTESIAN_POINT('',(11.144113538954,-1.869121605922,1.073235144876));
#6453=CARTESIAN_POINT('Origin',(11.144113538954,-1.569121605922,1.373235144876));
#6454=CARTESIAN_POINT('',(11.144113538954,-1.109121605922,1.373235144876));
#6455=CARTESIAN_POINT('Origin',(11.144113538954,-1.409121605922,1.373235144876));
#6456=CARTESIAN_POINT('',(11.144113538954,-1.109121605922,7.923235144876));
#6457=CARTESIAN_POINT('',(11.144113538954,-1.109121605922,7.923235144876));
#6458=CARTESIAN_POINT('',(11.144113538953,-2.239121605922,7.923235144876));
#6459=CARTESIAN_POINT('Origin',(9.894113538953,-2.239121605922,7.923235144876));
#6460=CARTESIAN_POINT('',(9.894113538953,-1.109121605922,9.173235144876));
#6461=CARTESIAN_POINT('Origin',(9.894113538954,-1.109121605922,7.923235144876));
#6462=CARTESIAN_POINT('',(9.894113538953,-1.869121605922,9.173235144876));
#6463=CARTESIAN_POINT('',(9.894113538953,-2.239121605922,9.173235144876));
#6464=CARTESIAN_POINT('Origin',(9.894113538953,-1.869121605922,7.923235144876));
#6465=CARTESIAN_POINT('Origin',(9.894113538953,-2.239121605922,7.923235144876));
#6466=CARTESIAN_POINT('',(9.894113538953,-1.109121605922,8.673235144876));
#6467=CARTESIAN_POINT('Origin',(9.894113538954,-1.109121605922,7.923235144876));
#6468=CARTESIAN_POINT('',(9.894113538953,-1.869121605922,8.673235144876));
#6469=CARTESIAN_POINT('Origin',(9.894113538953,-1.869121605922,7.923235144876));
#6470=CARTESIAN_POINT('',(9.894113538953,-2.239121605922,8.673235144876));
#6471=CARTESIAN_POINT('Origin',(8.104113538953,-2.239121605922,5.383235144876));
#6472=CARTESIAN_POINT('',(8.104113538954,-1.109121605922,1.373235144876));
#6473=CARTESIAN_POINT('',(8.104113538954,-1.109121605922,5.283235144876));
#6474=CARTESIAN_POINT('',(8.104113538954,-1.109121605922,1.073235144876));
#6475=CARTESIAN_POINT('',(8.104113538954,-1.409121605922,1.073235144876));
#6476=CARTESIAN_POINT('Origin',(8.104113538954,-1.409121605922,1.373235144876));
#6477=CARTESIAN_POINT('',(8.104113538954,-1.569121605922,1.073235144876));
#6478=CARTESIAN_POINT('',(8.104113538953,-2.239121605922,1.073235144876));
#6479=CARTESIAN_POINT('',(8.104113538953,-1.869121605922,1.373235144876));
#6480=CARTESIAN_POINT('Origin',(8.104113538954,-1.569121605922,1.373235144876));
#6481=CARTESIAN_POINT('',(8.104113538953,-1.869121605922,5.283235144876));
#6482=CARTESIAN_POINT('',(8.104113538953,-1.869121605922,5.383235144876));
#6483=CARTESIAN_POINT('',(8.104113538953,-1.969121605922,5.383235144876));
#6484=CARTESIAN_POINT('Origin',(8.104113538953,-1.969121605922,5.283235144876));
#6485=CARTESIAN_POINT('',(8.104113538954,-1.009121605922,5.383235144876));
#6486=CARTESIAN_POINT('',(8.104113538953,-2.239121605922,5.383235144876));
#6487=CARTESIAN_POINT('Origin',(8.104113538954,-1.009121605922,5.283235144876));
#6488=CARTESIAN_POINT('Origin',(8.604113538953,-2.239121605922,1.073235144876));
#6489=CARTESIAN_POINT('',(8.604113538954,-1.409121605922,1.073235144876));
#6490=CARTESIAN_POINT('',(8.604113538954,-1.409121605922,1.073235144876));
#6491=CARTESIAN_POINT('',(8.604113538953,-1.569121605922,1.073235144876));
#6492=CARTESIAN_POINT('',(8.604113538953,-2.239121605922,1.073235144876));
#6493=CARTESIAN_POINT('',(8.604113538953,-1.569121605922,1.073235144876));
#6494=CARTESIAN_POINT('Origin',(8.604113538953,-2.239121605922,5.383235144876));
#6495=CARTESIAN_POINT('',(8.604113538954,-1.109121605922,1.373235144876));
#6496=CARTESIAN_POINT('Origin',(8.604113538954,-1.409121605922,1.373235144876));
#6497=CARTESIAN_POINT('',(8.604113538954,-1.109121605922,5.283235144876));
#6498=CARTESIAN_POINT('',(8.604113538954,-1.109121605922,5.383235144876));
#6499=CARTESIAN_POINT('',(8.604113538954,-1.009121605922,5.383235144876));
#6500=CARTESIAN_POINT('Origin',(8.604113538954,-1.009121605922,5.283235144876));
#6501=CARTESIAN_POINT('',(8.604113538953,-1.969121605922,5.383235144876));
#6502=CARTESIAN_POINT('',(8.604113538953,-2.239121605922,5.383235144876));
#6503=CARTESIAN_POINT('',(8.604113538953,-1.869121605922,5.283235144876));
#6504=CARTESIAN_POINT('Origin',(8.604113538953,-1.969121605922,5.283235144876));
#6505=CARTESIAN_POINT('',(8.604113538953,-1.869121605922,1.373235144876));
#6506=CARTESIAN_POINT('',(8.604113538953,-1.869121605922,1.073235144876));
#6507=CARTESIAN_POINT('Origin',(8.604113538953,-1.569121605922,1.373235144876));
#6508=CARTESIAN_POINT('Origin',(7.434113538953,-1.489121605922,8.923235144876));
#6509=CARTESIAN_POINT('',(7.434113538953,-3.739121605922,11.773235144876));
#6510=CARTESIAN_POINT('',(7.434113538953,-3.739121605922,6.073235144876));
#6511=CARTESIAN_POINT('',(7.434113538953,-3.739121605922,8.923235144876));
#6512=CARTESIAN_POINT('',(7.434113538953,-2.739121605922,6.073235144876));
#6513=CARTESIAN_POINT('',(7.434113538953,-2.939121605922,6.073235144876));
#6514=CARTESIAN_POINT('',(7.434113538953,-2.739121605922,5.073235144876));
#6515=CARTESIAN_POINT('',(7.434113538953,-2.739121605922,4.873235144876));
#6516=CARTESIAN_POINT('',(7.434113538954,-0.239121605922,5.073235144876));
#6517=CARTESIAN_POINT('',(7.434113538953,-1.489121605922,5.073235144876));
#6518=CARTESIAN_POINT('',(7.434113538954,-0.239121605922,6.073235144876));
#6519=CARTESIAN_POINT('',(7.434113538954,-0.239121605922,5.873235144876));
#6520=CARTESIAN_POINT('',(7.434113538954,0.760878394077,6.073235144876));
#6521=CARTESIAN_POINT('',(7.434113538954,0.960878394077,6.073235144876));
#6522=CARTESIAN_POINT('',(7.434113538954,0.760878394077,11.773235144876));
#6523=CARTESIAN_POINT('',(7.434113538954,0.760878394077,8.923235144876));
#6524=CARTESIAN_POINT('',(7.434113538954,-0.239121605922,11.773235144876));
#6525=CARTESIAN_POINT('',(7.434113538954,-0.039121605922,11.773235144876));
#6526=CARTESIAN_POINT('',(7.434113538954,-0.239121605922,12.773235144876));
#6527=CARTESIAN_POINT('',(7.434113538954,-0.239121605922,12.973235144876));
#6528=CARTESIAN_POINT('',(7.434113538953,-2.739121605922,12.773235144876));
#6529=CARTESIAN_POINT('',(7.434113538953,-1.489121605922,12.773235144876));
#6530=CARTESIAN_POINT('',(7.434113538953,-2.739121605922,11.773235144876));
#6531=CARTESIAN_POINT('',(7.434113538953,-2.739121605922,11.973235144876));
#6532=CARTESIAN_POINT('',(7.434113538953,-3.939121605922,11.773235144876));
#6533=CARTESIAN_POINT('',(7.434113538953,-2.439121605922,11.913235144876));
#6534=CARTESIAN_POINT('',(7.434113538954,-0.539121605922,11.913235144876));
#6535=CARTESIAN_POINT('',(7.434113538953,-1.489121605922,11.913235144876));
#6536=CARTESIAN_POINT('',(7.434113538954,-0.539121605922,11.013235144876));
#6537=CARTESIAN_POINT('',(7.434113538954,-0.539121605922,11.213235144876));
#6538=CARTESIAN_POINT('',(7.434113538953,-2.439121605922,11.013235144876));
#6539=CARTESIAN_POINT('',(7.434113538953,-2.239121605922,11.013235144876));
#6540=CARTESIAN_POINT('',(7.434113538953,-2.439121605922,8.923235144876));
#6541=CARTESIAN_POINT('',(7.434113538953,-2.439121605922,9.373235144876));
#6542=CARTESIAN_POINT('',(7.434113538954,-0.539121605922,9.373235144876));
#6543=CARTESIAN_POINT('',(7.434113538953,-1.489121605922,9.373235144876));
#6544=CARTESIAN_POINT('',(7.434113538954,-0.539121605922,8.473235144876));
#6545=CARTESIAN_POINT('',(7.434113538954,-0.539121605922,8.673235144876));
#6546=CARTESIAN_POINT('',(7.434113538953,-2.439121605922,8.473235144876));
#6547=CARTESIAN_POINT('',(7.434113538953,-2.239121605922,8.473235144876));
#6548=CARTESIAN_POINT('',(7.434113538953,-2.439121605922,8.923235144876));
#6549=CARTESIAN_POINT('',(7.434113538953,-2.439121605922,6.805943829041));
#6550=CARTESIAN_POINT('',(7.434113538954,-0.539121605922,6.805943829041));
#6551=CARTESIAN_POINT('',(7.434113538953,-1.489121605922,6.805943829041));
#6552=CARTESIAN_POINT('',(7.434113538954,-0.539121605922,5.856627160018));
#6553=CARTESIAN_POINT('',(7.434113538954,-0.539121605922,6.128956272376));
#6554=CARTESIAN_POINT('',(7.434113538953,-2.439121605922,5.856627160018));
#6555=CARTESIAN_POINT('',(7.434113538953,-2.239121605922,5.856627160018));
#6556=CARTESIAN_POINT('',(7.434113538953,-2.439121605922,8.923235144876));
#6557=CARTESIAN_POINT('Origin',(-0.565886461045,0.960878394077,12.973235144876));
#6558=CARTESIAN_POINT('',(7.934113538953,-3.139121605922,12.973235144876));
#6559=CARTESIAN_POINT('',(7.934113538953,-3.739121605922,12.973235144876));
#6560=CARTESIAN_POINT('',(7.934113538953,-3.939121605922,12.973235144876));
#6561=CARTESIAN_POINT('',(7.634113538953,-3.139121605922,12.973235144876));
#6562=CARTESIAN_POINT('',(-0.565886461046,-3.139121605922,12.973235144876));
#6563=CARTESIAN_POINT('',(7.234113538953,-2.739121605922,12.973235144876));
#6564=CARTESIAN_POINT('Origin',(7.634113538953,-2.739121605922,12.973235144876));
#6565=CARTESIAN_POINT('',(7.234113538954,-0.239121605922,12.973235144876));
#6566=CARTESIAN_POINT('',(7.234113538954,0.960878394077,12.973235144876));
#6567=CARTESIAN_POINT('',(7.634113538954,0.160878394077,12.973235144876));
#6568=CARTESIAN_POINT('Origin',(7.634113538954,-0.239121605922,12.973235144876));
#6569=CARTESIAN_POINT('',(7.934113538954,0.160878394077,12.973235144876));
#6570=CARTESIAN_POINT('',(-0.565886461045,0.160878394077,12.973235144876));
#6571=CARTESIAN_POINT('',(7.934113538954,0.760878394077,12.973235144876));
#6572=CARTESIAN_POINT('',(7.934113538954,0.960878394077,12.973235144876));
#6573=CARTESIAN_POINT('',(-0.565886461045,0.760878394077,12.973235144876));
#6574=CARTESIAN_POINT('',(-0.565886461045,0.760878394077,12.973235144876));
#6575=CARTESIAN_POINT('',(-0.565886461046,-3.739121605922,12.973235144876));
#6576=CARTESIAN_POINT('',(-0.565886461045,0.960878394077,12.973235144876));
#6577=CARTESIAN_POINT('',(-0.565886461046,-3.739121605922,12.973235144876));
#6578=CARTESIAN_POINT('Origin',(-0.565886461045,0.960878394077,12.973235144876));
#6579=CARTESIAN_POINT('',(7.934113538954,0.960878394077,12.173235144876));
#6580=CARTESIAN_POINT('',(7.934113538954,0.960878394077,12.773235144876));
#6581=CARTESIAN_POINT('',(7.934113538954,0.960878394077,12.973235144876));
#6582=CARTESIAN_POINT('',(7.634113538954,0.960878394077,12.173235144876));
#6583=CARTESIAN_POINT('',(-0.565886461045,0.960878394077,12.173235144876));
#6584=CARTESIAN_POINT('',(7.234113538954,0.960878394077,11.773235144876));
#6585=CARTESIAN_POINT('Origin',(7.634113538954,0.960878394077,11.773235144876));
#6586=CARTESIAN_POINT('',(7.234113538954,0.960878394077,6.073235144876));
#6587=CARTESIAN_POINT('',(7.234113538954,0.960878394077,12.973235144876));
#6588=CARTESIAN_POINT('',(7.634113538954,0.960878394077,5.673235144876));
#6589=CARTESIAN_POINT('Origin',(7.634113538954,0.960878394077,6.073235144876));
#6590=CARTESIAN_POINT('',(7.934113538954,0.960878394077,5.673235144876));
#6591=CARTESIAN_POINT('',(-0.565886461045,0.960878394077,5.673235144876));
#6592=CARTESIAN_POINT('',(7.934113538954,0.960878394077,5.073235144876));
#6593=CARTESIAN_POINT('',(7.934113538954,0.960878394077,4.873235144876));
#6594=CARTESIAN_POINT('',(-0.565886461045,0.960878394077,5.073235144876));
#6595=CARTESIAN_POINT('',(-0.565886461045,0.960878394077,5.073235144876));
#6596=CARTESIAN_POINT('',(-0.565886461045,0.960878394077,12.773235144876));
#6597=CARTESIAN_POINT('',(-0.565886461045,0.960878394077,12.973235144876));
#6598=CARTESIAN_POINT('',(-0.565886461045,0.960878394077,12.773235144876));
#6599=CARTESIAN_POINT('Origin',(-0.565886461045,0.960878394077,4.873235144876));
#6600=CARTESIAN_POINT('',(7.934113538954,0.160878394077,4.873235144876));
#6601=CARTESIAN_POINT('',(7.934113538954,0.760878394077,4.873235144876));
#6602=CARTESIAN_POINT('',(7.934113538954,0.960878394077,4.873235144876));
#6603=CARTESIAN_POINT('',(7.634113538954,0.160878394077,4.873235144876));
#6604=CARTESIAN_POINT('',(-0.565886461045,0.160878394077,4.873235144876));
#6605=CARTESIAN_POINT('',(7.234113538954,-0.239121605922,4.873235144876));
#6606=CARTESIAN_POINT('Origin',(7.634113538954,-0.239121605922,4.873235144876));
#6607=CARTESIAN_POINT('',(7.234113538953,-2.739121605922,4.873235144876));
#6608=CARTESIAN_POINT('',(7.234113538954,0.960878394077,4.873235144876));
#6609=CARTESIAN_POINT('',(7.634113538953,-3.139121605922,4.873235144876));
#6610=CARTESIAN_POINT('Origin',(7.634113538953,-2.739121605922,4.873235144876));
#6611=CARTESIAN_POINT('',(7.934113538953,-3.139121605922,4.873235144876));
#6612=CARTESIAN_POINT('',(-0.565886461046,-3.139121605922,4.873235144876));
#6613=CARTESIAN_POINT('',(7.934113538953,-3.739121605922,4.873235144876));
#6614=CARTESIAN_POINT('',(7.934113538953,-3.939121605922,4.873235144876));
#6615=CARTESIAN_POINT('',(-0.565886461046,-3.739121605922,4.873235144876));
#6616=CARTESIAN_POINT('',(-0.565886461046,-3.739121605922,4.873235144876));
#6617=CARTESIAN_POINT('',(-0.565886461045,0.760878394077,4.873235144876));
#6618=CARTESIAN_POINT('',(-0.565886461045,0.960878394077,4.873235144876));
#6619=CARTESIAN_POINT('',(-0.565886461045,0.760878394077,4.873235144876));
#6620=CARTESIAN_POINT('Origin',(-0.565886461046,-1.489121605922,8.923235144876));
#6621=CARTESIAN_POINT('Origin',(-0.565886461045,0.760878394077,5.073235144876));
#6622=CARTESIAN_POINT('',(-0.565886461046,-3.939121605922,5.073235144876));
#6623=CARTESIAN_POINT('Origin',(-0.565886461046,-3.739121605922,5.073235144876));
#6624=CARTESIAN_POINT('',(-0.565886461046,-3.939121605922,12.773235144876));
#6625=CARTESIAN_POINT('',(-0.565886461046,-3.939121605922,12.973235144876));
#6626=CARTESIAN_POINT('Origin',(-0.565886461046,-3.739121605922,12.773235144876));
#6627=CARTESIAN_POINT('Origin',(-0.565886461045,0.760878394077,12.773235144876));
#6628=CARTESIAN_POINT('',(-0.565886461046,-2.939121605922,11.259899433985));
#6629=CARTESIAN_POINT('',(-0.565886461045,-0.039121605922,11.259899433985));
#6630=CARTESIAN_POINT('Origin',(-0.565886461046,-1.489121605922,8.923235144876));
#6631=CARTESIAN_POINT('',(-0.565886461046,-2.939121605922,6.586570855766));
#6632=CARTESIAN_POINT('',(-0.565886461046,-2.939121605922,11.259899433985));
#6633=CARTESIAN_POINT('',(-0.565886461045,-0.039121605922,6.586570855766));
#6634=CARTESIAN_POINT('Origin',(-0.565886461046,-1.489121605922,8.923235144876));
#6635=CARTESIAN_POINT('',(-0.565886461045,-0.039121605922,11.259899433985));
#6636=CARTESIAN_POINT('Origin',(5.934113538953,-2.239121605922,11.713235144876));
#6637=CARTESIAN_POINT('',(7.634113538954,-0.739121605922,11.713235144876));
#6638=CARTESIAN_POINT('',(12.084113538954,-0.739121605922,11.713235144876));
#6639=CARTESIAN_POINT('',(5.934113538954,-0.739121605922,11.713235144876));
#6640=CARTESIAN_POINT('',(7.634113538953,-2.239121605922,11.713235144876));
#6641=CARTESIAN_POINT('',(7.634113538953,-2.239121605922,11.713235144876));
#6642=CARTESIAN_POINT('',(12.084113538953,-2.239121605922,11.713235144876));
#6643=CARTESIAN_POINT('',(5.934113538953,-2.239121605922,11.713235144876));
#6644=CARTESIAN_POINT('',(12.184113538953,-2.139121605922,11.713235144876));
#6645=CARTESIAN_POINT('Origin',(12.084113538953,-2.139121605922,11.713235144876));
#6646=CARTESIAN_POINT('',(12.184113538953,-1.969121605922,11.713235144876));
#6647=CARTESIAN_POINT('',(12.184113538953,-1.869121605922,11.713235144876));
#6648=CARTESIAN_POINT('',(12.284113538953,-1.869121605922,11.713235144876));
#6649=CARTESIAN_POINT('Origin',(12.284113538953,-1.969121605922,11.713235144876));
#6650=CARTESIAN_POINT('',(12.434113538953,-1.869121605922,11.713235144876));
#6651=CARTESIAN_POINT('',(12.284113538954,-1.109121605922,11.713235144876));
#6652=CARTESIAN_POINT('',(12.184113538954,-1.109121605922,11.713235144876));
#6653=CARTESIAN_POINT('',(12.184113538954,-1.009121605922,11.713235144876));
#6654=CARTESIAN_POINT('Origin',(12.284113538954,-1.009121605922,11.713235144876));
#6655=CARTESIAN_POINT('',(12.184113538954,-0.839121605922,11.713235144876));
#6656=CARTESIAN_POINT('',(12.184113538954,-1.109121605922,11.713235144876));
#6657=CARTESIAN_POINT('Origin',(12.084113538954,-0.839121605922,11.713235144876));
#6658=CARTESIAN_POINT('Origin',(5.934113538953,-2.239121605922,11.213235144876));
#6659=CARTESIAN_POINT('',(7.634113538953,-2.239121605922,11.213235144876));
#6660=CARTESIAN_POINT('',(12.084113538953,-2.239121605922,11.213235144876));
#6661=CARTESIAN_POINT('',(5.934113538953,-2.239121605922,11.213235144876));
#6662=CARTESIAN_POINT('',(7.634113538954,-0.739121605922,11.213235144876));
#6663=CARTESIAN_POINT('',(7.634113538954,-0.739121605922,11.213235144876));
#6664=CARTESIAN_POINT('',(12.084113538954,-0.739121605922,11.213235144876));
#6665=CARTESIAN_POINT('',(5.934113538954,-0.739121605922,11.213235144876));
#6666=CARTESIAN_POINT('',(12.184113538954,-0.839121605922,11.213235144876));
#6667=CARTESIAN_POINT('Origin',(12.084113538954,-0.839121605922,11.213235144876));
#6668=CARTESIAN_POINT('',(12.184113538954,-1.009121605922,11.213235144876));
#6669=CARTESIAN_POINT('',(12.184113538954,-1.109121605922,11.213235144876));
#6670=CARTESIAN_POINT('',(12.284113538954,-1.109121605922,11.213235144876));
#6671=CARTESIAN_POINT('Origin',(12.284113538954,-1.009121605922,11.213235144876));
#6672=CARTESIAN_POINT('',(12.434113538953,-1.109121605922,11.213235144876));
#6673=CARTESIAN_POINT('',(12.284113538953,-1.869121605922,11.213235144876));
#6674=CARTESIAN_POINT('',(12.184113538953,-1.869121605922,11.213235144876));
#6675=CARTESIAN_POINT('',(12.184113538953,-1.969121605922,11.213235144876));
#6676=CARTESIAN_POINT('Origin',(12.284113538953,-1.969121605922,11.213235144876));
#6677=CARTESIAN_POINT('',(12.184113538953,-2.139121605922,11.213235144876));
#6678=CARTESIAN_POINT('',(12.184113538953,-1.869121605922,11.213235144876));
#6679=CARTESIAN_POINT('Origin',(12.084113538953,-2.139121605922,11.213235144876));
#6680=CARTESIAN_POINT('Origin',(12.434113538953,-2.239121605922,10.463235144876));
#6681=CARTESIAN_POINT('',(7.634113538953,-2.239121605922,10.463235144876));
#6682=CARTESIAN_POINT('',(12.084113538953,-2.239121605922,11.713235144876));
#6683=CARTESIAN_POINT('Origin',(12.434113538954,-0.739121605922,10.463235144876));
#6684=CARTESIAN_POINT('',(7.634113538954,-0.739121605922,11.713235144876));
#6685=CARTESIAN_POINT('',(12.084113538954,-0.739121605922,10.463235144876));
#6686=CARTESIAN_POINT('Origin',(5.934113538953,-2.239121605922,9.173235144876));
#6687=CARTESIAN_POINT('',(7.634113538954,-0.739121605922,9.173235144876));
#6688=CARTESIAN_POINT('',(9.544113538954,-0.739121605922,9.173235144876));
#6689=CARTESIAN_POINT('',(5.934113538954,-0.739121605922,9.173235144876));
#6690=CARTESIAN_POINT('',(7.634113538953,-2.239121605922,9.173235144876));
#6691=CARTESIAN_POINT('',(7.634113538953,-2.239121605922,9.173235144876));
#6692=CARTESIAN_POINT('',(9.544113538953,-2.239121605922,9.173235144876));
#6693=CARTESIAN_POINT('',(5.934113538953,-2.239121605922,9.173235144876));
#6694=CARTESIAN_POINT('',(9.644113538953,-2.139121605922,9.173235144876));
#6695=CARTESIAN_POINT('Origin',(9.544113538953,-2.139121605922,9.173235144876));
#6696=CARTESIAN_POINT('',(9.644113538953,-1.969121605922,9.173235144876));
#6697=CARTESIAN_POINT('',(9.644113538953,-1.869121605922,9.173235144876));
#6698=CARTESIAN_POINT('',(9.744113538953,-1.869121605922,9.173235144876));
#6699=CARTESIAN_POINT('Origin',(9.744113538953,-1.969121605922,9.173235144876));
#6700=CARTESIAN_POINT('',(9.894113538953,-1.869121605922,9.173235144876));
#6701=CARTESIAN_POINT('',(9.744113538954,-1.109121605922,9.173235144876));
#6702=CARTESIAN_POINT('',(9.644113538954,-1.109121605922,9.173235144876));
#6703=CARTESIAN_POINT('',(9.644113538954,-1.009121605922,9.173235144876));
#6704=CARTESIAN_POINT('Origin',(9.744113538954,-1.009121605922,9.173235144876));
#6705=CARTESIAN_POINT('',(9.644113538954,-0.839121605922,9.173235144876));
#6706=CARTESIAN_POINT('',(9.644113538954,-1.109121605922,9.173235144876));
#6707=CARTESIAN_POINT('Origin',(9.544113538954,-0.839121605922,9.173235144876));
#6708=CARTESIAN_POINT('Origin',(5.934113538953,-2.239121605922,8.673235144876));
#6709=CARTESIAN_POINT('',(7.634113538953,-2.239121605922,8.673235144876));
#6710=CARTESIAN_POINT('',(9.544113538953,-2.239121605922,8.673235144876));
#6711=CARTESIAN_POINT('',(5.934113538953,-2.239121605922,8.673235144876));
#6712=CARTESIAN_POINT('',(7.634113538954,-0.739121605922,8.673235144876));
#6713=CARTESIAN_POINT('',(7.634113538954,-0.739121605922,8.673235144876));
#6714=CARTESIAN_POINT('',(9.544113538954,-0.739121605922,8.673235144876));
#6715=CARTESIAN_POINT('',(5.934113538954,-0.739121605922,8.673235144876));
#6716=CARTESIAN_POINT('',(9.644113538954,-0.839121605922,8.673235144876));
#6717=CARTESIAN_POINT('Origin',(9.544113538954,-0.839121605922,8.673235144876));
#6718=CARTESIAN_POINT('',(9.644113538954,-1.009121605922,8.673235144876));
#6719=CARTESIAN_POINT('',(9.644113538954,-1.109121605922,8.673235144876));
#6720=CARTESIAN_POINT('',(9.744113538954,-1.109121605922,8.673235144876));
#6721=CARTESIAN_POINT('Origin',(9.744113538954,-1.009121605922,8.673235144876));
#6722=CARTESIAN_POINT('',(9.894113538953,-1.109121605922,8.673235144876));
#6723=CARTESIAN_POINT('',(9.744113538953,-1.869121605922,8.673235144876));
#6724=CARTESIAN_POINT('',(9.644113538953,-1.869121605922,8.673235144876));
#6725=CARTESIAN_POINT('',(9.644113538953,-1.969121605922,8.673235144876));
#6726=CARTESIAN_POINT('Origin',(9.744113538953,-1.969121605922,8.673235144876));
#6727=CARTESIAN_POINT('',(9.644113538953,-2.139121605922,8.673235144876));
#6728=CARTESIAN_POINT('',(9.644113538953,-1.869121605922,8.673235144876));
#6729=CARTESIAN_POINT('Origin',(9.544113538953,-2.139121605922,8.673235144876));
#6730=CARTESIAN_POINT('Origin',(9.894113538953,-2.239121605922,7.923235144876));
#6731=CARTESIAN_POINT('',(7.634113538953,-2.239121605922,7.923235144876));
#6732=CARTESIAN_POINT('',(9.544113538953,-2.239121605922,9.173235144876));
#6733=CARTESIAN_POINT('Origin',(9.894113538954,-0.739121605922,7.923235144876));
#6734=CARTESIAN_POINT('',(7.634113538954,-0.739121605922,9.173235144876));
#6735=CARTESIAN_POINT('',(9.544113538954,-0.739121605922,7.923235144876));
#6736=CARTESIAN_POINT('Origin',(7.354113538953,-2.239121605922,5.383235144876));
#6737=CARTESIAN_POINT('',(7.634113538954,-0.739121605922,6.601471575131));
#6738=CARTESIAN_POINT('',(7.595492849298,-0.735357286496,6.609708148467));
#6739=CARTESIAN_POINT('Origin',(7.63310250268932,-0.541600335663878,6.56862810302968));
#6740=CARTESIAN_POINT('',(7.595492849298,-2.242885925347,6.609708148467));
#6741=CARTESIAN_POINT('',(7.595492849298,-2.239121605922,6.609708148467));
#6742=CARTESIAN_POINT('',(7.634113538953,-2.239121605922,6.601471575131));
#6743=CARTESIAN_POINT('Origin',(7.63310250267192,-2.43664287617988,6.56862810301859));
#6744=CARTESIAN_POINT('',(8.600107118391,-2.239121605922,5.483235144876));
#6745=CARTESIAN_POINT('Origin',(7.354113538953,-2.239121605922,5.383235144876));
#6746=CARTESIAN_POINT('',(8.604113538953,-2.139121605922,5.383235144876));
#6747=CARTESIAN_POINT('Ctrl Pts',(8.600107118391,-2.239121605922,5.483235144876));
#6748=CARTESIAN_POINT('Ctrl Pts',(8.60058487977655,-2.239121605922,5.47728226869113));
#6749=CARTESIAN_POINT('Ctrl Pts',(8.60102116870573,-2.23858568328091,5.47128030458788));
#6750=CARTESIAN_POINT('Ctrl Pts',(8.60141021134056,-2.23751376743405,5.46537506220579));
#6751=CARTESIAN_POINT('Ctrl Pts',(8.60175010032682,-2.23657728295155,5.46021591853567));
#6752=CARTESIAN_POINT('Ctrl Pts',(8.60205392750152,-2.23523259491285,5.45513124904393));
#6753=CARTESIAN_POINT('Ctrl Pts',(8.60231784265591,-2.23351191070063,5.45021287415157));
#6754=CARTESIAN_POINT('Ctrl Pts',(8.6026192502579,-2.23154678178118,5.44459578260799));
#6755=CARTESIAN_POINT('Ctrl Pts',(8.60287363340605,-2.22906031806871,5.43911037744024));
#6756=CARTESIAN_POINT('Ctrl Pts',(8.6030853580652,-2.22610120421531,5.43389399084881));
#6757=CARTESIAN_POINT('Ctrl Pts',(8.60327127516221,-2.22350278294716,5.42931344054438));
#6758=CARTESIAN_POINT('Ctrl Pts',(8.60342429942906,-2.22054097608239,5.42494065184232));
#6759=CARTESIAN_POINT('Ctrl Pts',(8.60354738699825,-2.21727783146694,5.4208524196344));
#6760=CARTESIAN_POINT('Ctrl Pts',(8.60368768172579,-2.21355851206087,5.41619266863364));
#6761=CARTESIAN_POINT('Ctrl Pts',(8.60379213394777,-2.20939012093153,5.41183203365464));
#6762=CARTESIAN_POINT('Ctrl Pts',(8.60387008862285,-2.20486473507603,5.40788369519494));
#6763=CARTESIAN_POINT('Ctrl Pts',(8.60393816156459,-2.20091299866833,5.40443585818406));
#6764=CARTESIAN_POINT('Ctrl Pts',(8.60398602897033,-2.19669015159897,5.40130234352955));
#6765=CARTESIAN_POINT('Ctrl Pts',(8.60401991347674,-2.19227906847138,5.39853399863044));
#6766=CARTESIAN_POINT('Ctrl Pts',(8.60405951473682,-2.18712377867377,5.39529859820796));
#6767=CARTESIAN_POINT('Ctrl Pts',(8.60408155268081,-2.18163058604259,5.39251233073977));
#6768=CARTESIAN_POINT('Ctrl Pts',(8.60409421123109,-2.1759258928751,5.39025426263737));
#6769=CARTESIAN_POINT('Ctrl Pts',(8.60410480463404,-2.17115187751573,5.38836458137199));
#6770=CARTESIAN_POINT('Ctrl Pts',(8.60410882936146,-2.16623072537377,5.38684424073973));
#6771=CARTESIAN_POINT('Ctrl Pts',(8.60411108182075,-2.16124750438103,5.38571363639002));
#6772=CARTESIAN_POINT('Ctrl Pts',(8.60411356287675,-2.15575854822153,5.38446828971198));
#6773=CARTESIAN_POINT('Ctrl Pts',(8.60411369091838,-2.15011701800415,5.3836800578728));
#6774=CARTESIAN_POINT('Ctrl Pts',(8.604113610268,-2.14445813314007,5.38337763901264));
#6775=CARTESIAN_POINT('Ctrl Pts',(8.60411358491893,-2.1426794992025,5.38328258628389));
#6776=CARTESIAN_POINT('Ctrl Pts',(8.60411353895324,-2.14089922293129,5.383235144876));
#6777=CARTESIAN_POINT('Ctrl Pts',(8.604113538953,-2.139121605922,5.383235144876));
#6778=CARTESIAN_POINT('',(8.604113538953,-2.239121605922,5.383235144876));
#6779=CARTESIAN_POINT('',(8.604113538954,-0.839121605922,5.383235144876));
#6780=CARTESIAN_POINT('',(8.604113538954,-1.109121605922,5.383235144876));
#6781=CARTESIAN_POINT('',(8.600107118391,-0.739121605922,5.483235144876));
#6782=CARTESIAN_POINT('Ctrl Pts',(8.604113538954,-0.839121605922,5.383235144876));
#6783=CARTESIAN_POINT('Ctrl Pts',(8.604113538954,-0.833147034040102,5.383235144876));
#6784=CARTESIAN_POINT('Ctrl Pts',(8.60411467763137,-0.827126829376955,5.38377495316057));
#6785=CARTESIAN_POINT('Ctrl Pts',(8.60411319806183,-0.821207158613754,5.384852867114));
#6786=CARTESIAN_POINT('Ctrl Pts',(8.60411190605913,-0.816037931745458,5.38579413259862));
#6787=CARTESIAN_POINT('Ctrl Pts',(8.60410861756854,-0.810946001391862,5.3871448024079));
#6788=CARTESIAN_POINT('Ctrl Pts',(8.6041008309976,-0.80602291851017,5.38887160906044));
#6789=CARTESIAN_POINT('Ctrl Pts',(8.60409191875903,-0.800388128879749,5.39084805196285));
#6790=CARTESIAN_POINT('Ctrl Pts',(8.60407635333739,-0.79488876053351,5.39334843752187));
#6791=CARTESIAN_POINT('Ctrl Pts',(8.60404515744789,-0.789662099148136,5.39632279138304));
#6792=CARTESIAN_POINT('Ctrl Pts',(8.60401788436641,-0.785092677851855,5.39892312740517));
#6793=CARTESIAN_POINT('Ctrl Pts',(8.60397866464839,-0.780731992888637,5.40188465183343));
#6794=CARTESIAN_POINT('Ctrl Pts',(8.60392149961635,-0.77665561892294,5.40514544985654));
#6795=CARTESIAN_POINT('Ctrl Pts',(8.60385621553014,-0.772000284361469,5.40886937358451));
#6796=CARTESIAN_POINT('Ctrl Pts',(8.60376558157802,-0.767645282470271,5.41304132941423));
#6797=CARTESIAN_POINT('Ctrl Pts',(8.60364120680025,-0.763703298004088,5.41756872399897));
#6798=CARTESIAN_POINT('Ctrl Pts',(8.60353216685005,-0.760247341759802,5.42153791203604));
#6799=CARTESIAN_POINT('Ctrl Pts',(8.60339719332665,-0.757108774614287,5.42577918182482));
#6800=CARTESIAN_POINT('Ctrl Pts',(8.60323063202418,-0.754338555898069,5.43020841172526));
#6801=CARTESIAN_POINT('Ctrl Pts',(8.60303721243917,-0.751121634881565,5.43535186219373));
#6802=CARTESIAN_POINT('Ctrl Pts',(8.60279736427425,-0.748352164748285,5.44082922758045));
#6803=CARTESIAN_POINT('Ctrl Pts',(8.602509324019,-0.746107865331939,5.44651397848052));
#6804=CARTESIAN_POINT('Ctrl Pts',(8.60226700231768,-0.744219787388217,5.45129642983786));
#6805=CARTESIAN_POINT('Ctrl Pts',(8.6019905727927,-0.742702830408056,5.45622467279759));
#6806=CARTESIAN_POINT('Ctrl Pts',(8.60167898542934,-0.741576742538074,5.46121243778966));
#6807=CARTESIAN_POINT('Ctrl Pts',(8.60133660465379,-0.740339366175632,5.4666931313191));
#6808=CARTESIAN_POINT('Ctrl Pts',(8.60094731413325,-0.739558254330264,5.47232288115053));
#6809=CARTESIAN_POINT('Ctrl Pts',(8.60051860525259,-0.73926049833098,5.47796644572969));
#6810=CARTESIAN_POINT('Ctrl Pts',(8.60038518550264,-0.739167832811879,5.47972279603855));
#6811=CARTESIAN_POINT('Ctrl Pts',(8.60024794794685,-0.739121605922002,5.48148041765311));
#6812=CARTESIAN_POINT('Ctrl Pts',(8.600107118391,-0.739121605922002,5.483235144876));
#6813=CARTESIAN_POINT('Origin',(7.354113538954,-0.739121605922,5.383235144876));
#6814=CARTESIAN_POINT('Origin',(7.354113538953,-2.239121605922,5.383235144876));
#6815=CARTESIAN_POINT('',(7.735931720772,-2.239121605922,6.028769710978));
#6816=CARTESIAN_POINT('',(8.097416976319,-2.239121605922,5.483235144876));
#6817=CARTESIAN_POINT('Origin',(7.354113538953,-2.239121605922,5.383235144876));
#6818=CARTESIAN_POINT('',(7.735931720772,-0.739121605922,6.028769710978));
#6819=CARTESIAN_POINT('',(7.735931720772,-2.239121605922,6.028769710978));
#6820=CARTESIAN_POINT('',(8.097416976319,-0.739121605922,5.483235144876));
#6821=CARTESIAN_POINT('Origin',(7.354113538954,-0.739121605922,5.383235144876));
#6822=CARTESIAN_POINT('',(8.104113538954,-0.839121605922,5.383235144876));
#6823=CARTESIAN_POINT('Ctrl Pts',(8.09741697631792,-0.739121605922,5.483235144876));
#6824=CARTESIAN_POINT('Ctrl Pts',(8.09909743154328,-0.739121605922018,5.47074426342254));
#6825=CARTESIAN_POINT('Ctrl Pts',(8.100540491401,-0.741607002843108,5.45736984101809));
#6826=CARTESIAN_POINT('Ctrl Pts',(8.10258449088988,-0.751798068509375,5.43271418042849));
#6827=CARTESIAN_POINT('Ctrl Pts',(8.10319324470322,-0.759502369295493,5.4214330252652));
#6828=CARTESIAN_POINT('Ctrl Pts',(8.10388831519975,-0.777287185391571,5.40364820916912));
#6829=CARTESIAN_POINT('Ctrl Pts',(8.10402063829132,-0.788531041079146,5.39595170422625));
#6830=CARTESIAN_POINT('Ctrl Pts',(8.10412934096423,-0.813169418792382,5.38574519155223));
#6831=CARTESIAN_POINT('Ctrl Pts',(8.10411353895201,-0.826563889570431,5.383235144876));
#6832=CARTESIAN_POINT('Ctrl Pts',(8.10411353895201,-0.839121605922,5.383235144876));
#6833=CARTESIAN_POINT('',(8.104113538954,-1.109121605922,5.383235144876));
#6834=CARTESIAN_POINT('',(8.104113538953,-2.139121605922,5.383235144876));
#6835=CARTESIAN_POINT('',(8.104113538953,-2.239121605922,5.383235144876));
#6836=CARTESIAN_POINT('Ctrl Pts',(8.104113538953,-2.139121605922,5.383235144876));
#6837=CARTESIAN_POINT('Ctrl Pts',(8.104113538953,-2.14509580793636,5.383235144876));
#6838=CARTESIAN_POINT('Ctrl Pts',(8.10411543622511,-2.15111563724964,5.3837748868776));
#6839=CARTESIAN_POINT('Ctrl Pts',(8.10411297086937,-2.15703493665861,5.3848526638038));
#6840=CARTESIAN_POINT('Ctrl Pts',(8.10411081823271,-2.16220340006375,5.38579372966601));
#6841=CARTESIAN_POINT('Ctrl Pts',(8.10410533953327,-2.16729458333632,5.38714407591132));
#6842=CARTESIAN_POINT('Ctrl Pts',(8.10409236760499,-2.17221696600588,5.38887044204216));
#6843=CARTESIAN_POINT('Ctrl Pts',(8.10407753313823,-2.17784611539625,5.39084468368597));
#6844=CARTESIAN_POINT('Ctrl Pts',(8.10405163504976,-2.18334021052974,5.39334184713393));
#6845=CARTESIAN_POINT('Ctrl Pts',(8.1039997538555,-2.18856211346294,5.39631198217414));
#6846=CARTESIAN_POINT('Ctrl Pts',(8.10395430626387,-2.19313646675945,5.39891380131671));
#6847=CARTESIAN_POINT('Ctrl Pts',(8.103888920154,-2.19750164016589,5.40187749160027));
#6848=CARTESIAN_POINT('Ctrl Pts',(8.10379356655122,-2.2015817366593,5.40514076563985));
#6849=CARTESIAN_POINT('Ctrl Pts',(8.10368518677069,-2.20621921180028,5.40884983287913));
#6850=CARTESIAN_POINT('Ctrl Pts',(8.1035348590501,-2.21055857036474,5.41300339328296));
#6851=CARTESIAN_POINT('Ctrl Pts',(8.10332878438392,-2.21448781179879,5.41750893235971));
#6852=CARTESIAN_POINT('Ctrl Pts',(8.1031468738178,-2.21795631448737,5.42148615663149));
#6853=CARTESIAN_POINT('Ctrl Pts',(8.10292152346159,-2.22110527503235,5.42573654332946));
#6854=CARTESIAN_POINT('Ctrl Pts',(8.10264324153342,-2.22388331202888,5.43017430076426));
#6855=CARTESIAN_POINT('Ctrl Pts',(8.10232288202076,-2.22708140176544,5.43528306876242));
#6856=CARTESIAN_POINT('Ctrl Pts',(8.10192605196076,-2.22983672893952,5.44071974763602));
#6857=CARTESIAN_POINT('Ctrl Pts',(8.10145000165614,-2.23207358543113,5.44635792283672));
#6858=CARTESIAN_POINT('Ctrl Pts',(8.10104686762799,-2.23396782425237,5.45113250287179));
#6859=CARTESIAN_POINT('Ctrl Pts',(8.10058692299665,-2.23549081687447,5.45605059384095));
#6860=CARTESIAN_POINT('Ctrl Pts',(8.10006849792268,-2.23662387286941,5.46102460818468));
#6861=CARTESIAN_POINT('Ctrl Pts',(8.0994970794026,-2.23787274992474,5.46650706661088));
#6862=CARTESIAN_POINT('Ctrl Pts',(8.09884718858493,-2.23866377384793,5.47213447151507));
#6863=CARTESIAN_POINT('Ctrl Pts',(8.09813135313924,-2.23897222231124,5.47777122625573));
#6864=CARTESIAN_POINT('Ctrl Pts',(8.09789997610806,-2.23907192104807,5.47959317512016));
#6865=CARTESIAN_POINT('Ctrl Pts',(8.09766170948473,-2.239121605922,5.48141603484286));
#6866=CARTESIAN_POINT('Ctrl Pts',(8.097416976319,-2.239121605922,5.483235144876));
#6867=CARTESIAN_POINT('Origin',(7.354113538953,-2.239121605922,5.383235144876));
#6868=CARTESIAN_POINT('',(7.634113538953,-2.239121605922,6.056627160018));
#6869=CARTESIAN_POINT('',(7.634113538953,-2.239121605922,5.383235144876));
#6870=CARTESIAN_POINT('Origin',(7.634113538953,-2.239121605922,5.856627160018));
#6871=CARTESIAN_POINT('',(8.604113538953,-2.239121605922,5.483235144876));
#6872=CARTESIAN_POINT('Origin',(7.354113538954,-0.739121605922,5.383235144876));
#6873=CARTESIAN_POINT('',(7.634113538954,-0.739121605922,6.056627160018));
#6874=CARTESIAN_POINT('Origin',(7.634113538954,-0.739121605922,5.856627160018));
#6875=CARTESIAN_POINT('',(7.634113538954,-0.739121605922,6.630672518053));
#6876=CARTESIAN_POINT('',(7.354113538954,-0.739121605922,5.483235144876));
#6877=CARTESIAN_POINT('Origin',(7.934113538953,-3.939121605922,11.973235144876));
#6878=CARTESIAN_POINT('',(7.934113538953,-3.739121605922,11.973235144876));
#6879=CARTESIAN_POINT('',(7.934113538953,-2.939121605922,11.973235144876));
#6880=CARTESIAN_POINT('',(7.934113538953,-3.939121605922,11.973235144876));
#6881=CARTESIAN_POINT('',(7.634113538953,-3.739121605922,11.973235144876));
#6882=CARTESIAN_POINT('',(7.934113538953,-3.739121605922,11.973235144876));
#6883=CARTESIAN_POINT('',(7.634113538953,-2.939121605922,11.973235144876));
#6884=CARTESIAN_POINT('',(7.634113538953,-2.939121605922,11.973235144876));
#6885=CARTESIAN_POINT('',(7.934113538953,-2.939121605922,11.973235144876));
#6886=CARTESIAN_POINT('Origin',(7.934113538953,-2.939121605922,12.973235144876));
#6887=CARTESIAN_POINT('',(7.634113538953,-2.939121605922,12.773235144876));
#6888=CARTESIAN_POINT('',(7.634113538953,-2.939121605922,12.973235144876));
#6889=CARTESIAN_POINT('',(7.934113538953,-2.939121605922,12.773235144876));
#6890=CARTESIAN_POINT('',(7.934113538953,-2.939121605922,12.773235144876));
#6891=CARTESIAN_POINT('',(7.934113538953,-2.939121605922,12.973235144876));
#6892=CARTESIAN_POINT('Origin',(7.934113538953,-1.489121605922,8.923235144876));
#6893=CARTESIAN_POINT('',(7.934113538953,-3.939121605922,12.773235144876));
#6894=CARTESIAN_POINT('',(7.934113538953,-3.939121605922,12.173235144876));
#6895=CARTESIAN_POINT('',(7.934113538953,-3.939121605922,12.973235144876));
#6896=CARTESIAN_POINT('Origin',(7.934113538953,-3.739121605922,12.173235144876));
#6897=CARTESIAN_POINT('Origin',(7.934113538953,-3.139121605922,12.773235144876));
#6898=CARTESIAN_POINT('Origin',(7.934113538953,-3.739121605922,12.773235144876));
#6899=CARTESIAN_POINT('Origin',(7.934113538954,-0.039121605922,12.973235144876));
#6900=CARTESIAN_POINT('',(7.934113538954,-0.039121605922,12.773235144876));
#6901=CARTESIAN_POINT('',(7.934113538954,-0.039121605922,11.973235144876));
#6902=CARTESIAN_POINT('',(7.934113538954,-0.039121605922,12.973235144876));
#6903=CARTESIAN_POINT('',(7.634113538954,-0.039121605922,12.773235144876));
#6904=CARTESIAN_POINT('',(7.934113538954,-0.039121605922,12.773235144876));
#6905=CARTESIAN_POINT('',(7.634113538954,-0.039121605922,11.973235144876));
#6906=CARTESIAN_POINT('',(7.634113538954,-0.039121605922,11.973235144876));
#6907=CARTESIAN_POINT('',(7.934113538954,-0.039121605922,11.973235144876));
#6908=CARTESIAN_POINT('Origin',(7.934113538954,0.960878394077,11.973235144876));
#6909=CARTESIAN_POINT('',(7.634113538954,0.760878394077,11.973235144876));
#6910=CARTESIAN_POINT('',(7.634113538954,0.960878394077,11.973235144876));
#6911=CARTESIAN_POINT('',(7.934113538954,0.760878394077,11.973235144876));
#6912=CARTESIAN_POINT('',(7.934113538954,0.760878394077,11.973235144876));
#6913=CARTESIAN_POINT('',(7.934113538954,0.960878394077,11.973235144876));
#6914=CARTESIAN_POINT('Origin',(7.934113538953,-1.489121605922,8.923235144876));
#6915=CARTESIAN_POINT('Origin',(7.934113538954,0.160878394077,12.773235144876));
#6916=CARTESIAN_POINT('Origin',(7.934113538954,0.760878394077,12.173235144876));
#6917=CARTESIAN_POINT('Origin',(7.934113538954,0.760878394077,12.773235144876));
#6918=CARTESIAN_POINT('Origin',(7.934113538954,0.960878394077,5.873235144876));
#6919=CARTESIAN_POINT('',(7.934113538954,0.760878394077,5.873235144876));
#6920=CARTESIAN_POINT('',(7.934113538954,-0.039121605922,5.873235144876));
#6921=CARTESIAN_POINT('',(7.934113538954,0.960878394077,5.873235144876));
#6922=CARTESIAN_POINT('',(7.634113538954,0.760878394077,5.873235144876));
#6923=CARTESIAN_POINT('',(7.934113538954,0.760878394077,5.873235144876));
#6924=CARTESIAN_POINT('',(7.634113538954,-0.039121605922,5.873235144876));
#6925=CARTESIAN_POINT('',(7.634113538954,-0.039121605922,5.873235144876));
#6926=CARTESIAN_POINT('',(7.934113538954,-0.039121605922,5.873235144876));
#6927=CARTESIAN_POINT('Origin',(7.934113538954,-0.039121605922,4.873235144876));
#6928=CARTESIAN_POINT('',(7.634113538954,-0.039121605922,5.073235144876));
#6929=CARTESIAN_POINT('',(7.634113538954,-0.039121605922,4.873235144876));
#6930=CARTESIAN_POINT('',(7.934113538954,-0.039121605922,5.073235144876));
#6931=CARTESIAN_POINT('',(7.934113538954,-0.039121605922,5.073235144876));
#6932=CARTESIAN_POINT('',(7.934113538954,-0.039121605922,4.873235144876));
#6933=CARTESIAN_POINT('Origin',(7.934113538953,-1.489121605922,8.923235144876));
#6934=CARTESIAN_POINT('Origin',(7.934113538954,0.760878394077,5.673235144876));
#6935=CARTESIAN_POINT('Origin',(7.934113538954,0.160878394077,5.073235144876));
#6936=CARTESIAN_POINT('Origin',(7.934113538954,0.760878394077,5.073235144876));
#6937=CARTESIAN_POINT('Origin',(7.934113538953,-2.939121605922,4.873235144876));
#6938=CARTESIAN_POINT('',(7.934113538953,-2.939121605922,5.073235144876));
#6939=CARTESIAN_POINT('',(7.934113538953,-2.939121605922,5.873235144876));
#6940=CARTESIAN_POINT('',(7.934113538953,-2.939121605922,4.873235144876));
#6941=CARTESIAN_POINT('',(7.634113538953,-2.939121605922,5.073235144876));
#6942=CARTESIAN_POINT('',(7.934113538953,-2.939121605922,5.073235144876));
#6943=CARTESIAN_POINT('',(7.634113538953,-2.939121605922,5.873235144876));
#6944=CARTESIAN_POINT('',(7.634113538953,-2.939121605922,5.873235144876));
#6945=CARTESIAN_POINT('',(7.934113538953,-2.939121605922,5.873235144876));
#6946=CARTESIAN_POINT('Origin',(7.934113538953,-3.939121605922,5.873235144876));
#6947=CARTESIAN_POINT('',(7.634113538953,-3.739121605922,5.873235144876));
#6948=CARTESIAN_POINT('',(7.634113538953,-3.939121605922,5.873235144876));
#6949=CARTESIAN_POINT('',(7.934113538953,-3.739121605922,5.873235144876));
#6950=CARTESIAN_POINT('',(7.934113538953,-3.739121605922,5.873235144876));
#6951=CARTESIAN_POINT('',(7.934113538953,-3.939121605922,5.873235144876));
#6952=CARTESIAN_POINT('Origin',(7.934113538953,-1.489121605922,8.923235144876));
#6953=CARTESIAN_POINT('',(7.934113538953,-3.939121605922,5.673235144876));
#6954=CARTESIAN_POINT('Origin',(7.934113538953,-3.739121605922,5.673235144876));
#6955=CARTESIAN_POINT('',(7.934113538953,-3.939121605922,5.073235144876));
#6956=CARTESIAN_POINT('',(7.934113538953,-3.939121605922,4.873235144876));
#6957=CARTESIAN_POINT('Origin',(7.934113538953,-3.739121605922,5.073235144876));
#6958=CARTESIAN_POINT('Origin',(7.934113538953,-3.139121605922,5.073235144876));
#6959=CARTESIAN_POINT('Origin',(-4.065886461046,-1.489121605922,8.923235144876));
#6960=CARTESIAN_POINT('',(-4.065886461045,-0.039121605922,11.259899433985));
#6961=CARTESIAN_POINT('',(-4.065886461045,-0.039121605922,11.259899433985));
#6962=CARTESIAN_POINT('',(-4.065886461046,-2.939121605922,11.259899433985));
#6963=CARTESIAN_POINT('Origin',(-4.065886461046,-1.489121605922,8.923235144876));
#6964=CARTESIAN_POINT('',(-4.065886461046,-2.939121605922,11.259899433985));
#6965=CARTESIAN_POINT('Origin',(-4.065886461045,-0.039121605922,11.259899433985));
#6966=CARTESIAN_POINT('',(-4.065886461045,-0.039121605922,6.586570855766));
#6967=CARTESIAN_POINT('',(-4.065886461045,-0.039121605922,6.586570855766));
#6968=CARTESIAN_POINT('',(-4.065886461045,-0.039121605922,11.259899433985));
#6969=CARTESIAN_POINT('Origin',(-4.065886461046,-1.489121605922,8.923235144876));
#6970=CARTESIAN_POINT('',(-4.065886461046,-2.939121605922,6.586570855766));
#6971=CARTESIAN_POINT('',(-4.065886461046,-2.939121605922,6.586570855766));
#6972=CARTESIAN_POINT('Origin',(-4.065886461046,-1.489121605922,8.923235144876));
#6973=CARTESIAN_POINT('Origin',(-4.065886461046,-2.939121605922,11.259899433985));
#6974=CARTESIAN_POINT('',(-4.065886461046,-2.939121605922,11.259899433985));
#6975=CARTESIAN_POINT('Origin',(-4.065886461046,-1.489121605922,8.923235144876));
#6976=CARTESIAN_POINT('Origin',(8.104113538953,-1.869121605922,5.383235144876));
#6977=CARTESIAN_POINT('',(8.104113538953,-2.139121605922,5.383235144876));
#6978=CARTESIAN_POINT('',(8.104113538953,-1.969121605922,5.383235144876));
#6979=CARTESIAN_POINT('Origin',(7.434113538953,-1.869121605922,8.923235144876));
#6980=CARTESIAN_POINT('',(7.434113538953,-1.869121605922,1.373235144876));
#6981=CARTESIAN_POINT('',(7.434113538953,-1.869121605922,5.283235144876));
#6982=CARTESIAN_POINT('Origin',(9.644113538953,-1.869121605922,9.173235144876));
#6983=CARTESIAN_POINT('',(9.644113538953,-1.969121605922,9.173235144876));
#6984=CARTESIAN_POINT('',(9.644113538953,-2.139121605922,8.673235144876));
#6985=CARTESIAN_POINT('Origin',(9.894113538953,-1.869121605922,7.923235144876));
#6986=CARTESIAN_POINT('',(9.894113538953,-1.869121605922,1.373235144876));
#6987=CARTESIAN_POINT('',(9.744113538953,-1.869121605922,7.923235144876));
#6988=CARTESIAN_POINT('Origin',(12.184113538953,-1.869121605922,11.713235144876));
#6989=CARTESIAN_POINT('',(12.184113538953,-1.969121605922,11.713235144876));
#6990=CARTESIAN_POINT('',(12.184113538953,-2.139121605922,11.213235144876));
#6991=CARTESIAN_POINT('Origin',(12.434113538953,-1.869121605922,10.463235144876));
#6992=CARTESIAN_POINT('',(12.434113538953,-1.869121605922,1.373235144876));
#6993=CARTESIAN_POINT('',(12.284113538953,-1.869121605922,10.463235144876));
#6994=CARTESIAN_POINT('Origin',(8.104113538954,-1.109121605922,5.383235144876));
#6995=CARTESIAN_POINT('',(8.104113538954,-1.009121605922,5.383235144876));
#6996=CARTESIAN_POINT('',(8.104113538954,-0.839121605922,5.383235144876));
#6997=CARTESIAN_POINT('Origin',(7.434113538954,-1.109121605922,8.923235144876));
#6998=CARTESIAN_POINT('',(7.434113538954,-1.109121605922,1.373235144876));
#6999=CARTESIAN_POINT('',(7.434113538953,-1.109121605922,5.283235144876));
#7000=CARTESIAN_POINT('Origin',(9.644113538954,-1.109121605922,8.673235144876));
#7001=CARTESIAN_POINT('',(9.644113538954,-1.009121605922,8.673235144876));
#7002=CARTESIAN_POINT('',(9.644113538954,-0.839121605922,8.673235144876));
#7003=CARTESIAN_POINT('Origin',(9.894113538954,-1.109121605922,7.923235144876));
#7004=CARTESIAN_POINT('',(9.894113538954,-1.109121605922,1.373235144876));
#7005=CARTESIAN_POINT('',(9.744113538954,-1.109121605922,7.923235144876));
#7006=CARTESIAN_POINT('Origin',(12.184113538954,-1.109121605922,11.213235144876));
#7007=CARTESIAN_POINT('',(12.184113538954,-0.839121605922,11.213235144876));
#7008=CARTESIAN_POINT('',(12.184113538954,-1.009121605922,11.213235144876));
#7009=CARTESIAN_POINT('Origin',(12.434113538954,-1.109121605922,10.463235144876));
#7010=CARTESIAN_POINT('',(12.434113538954,-1.109121605922,1.373235144876));
#7011=CARTESIAN_POINT('',(12.284113538954,-1.109121605922,10.463235144876));
#7012=CARTESIAN_POINT('Origin',(12.434113538953,-1.409121605922,1.373235144876));
#7013=CARTESIAN_POINT('Origin',(12.434113538953,-1.569121605922,1.373235144876));
#7014=CARTESIAN_POINT('Origin',(9.894113538953,-1.569121605922,1.373235144876));
#7015=CARTESIAN_POINT('Origin',(9.894113538954,-1.409121605922,1.373235144876));
#7016=CARTESIAN_POINT('Origin',(7.434113538953,-1.409121605922,1.373235144876));
#7017=CARTESIAN_POINT('Origin',(7.434113538953,-1.569121605922,1.373235144876));
#7018=CARTESIAN_POINT('Origin',(12.084113538954,-0.839121605922,11.213235144876));
#7019=CARTESIAN_POINT('Origin',(12.284113538954,-1.009121605922,10.463235144876));
#7020=CARTESIAN_POINT('Origin',(12.284113538953,-1.969121605922,10.463235144876));
#7021=CARTESIAN_POINT('Origin',(12.084113538953,-2.139121605922,11.713235144876));
#7022=CARTESIAN_POINT('Origin',(9.744113538953,-1.969121605922,7.923235144876));
#7023=CARTESIAN_POINT('Origin',(9.544113538953,-2.139121605922,9.173235144876));
#7024=CARTESIAN_POINT('Origin',(9.744113538954,-1.009121605922,7.923235144876));
#7025=CARTESIAN_POINT('Origin',(9.544113538954,-0.839121605922,8.673235144876));
#7026=CARTESIAN_POINT('Origin',(7.434113538953,-1.009121605922,5.283235144876));
#7027=CARTESIAN_POINT('Origin',(8.104113538954,-0.839121605922,5.483235144876));
#7028=CARTESIAN_POINT('Origin',(8.104113538953,-2.139121605922,5.483235144876));
#7029=CARTESIAN_POINT('Origin',(7.434113538953,-1.969121605922,5.283235144876));
#7030=CARTESIAN_POINT('Origin',(-0.565886461045,0.760878394077,12.173235144876));
#7031=CARTESIAN_POINT('Origin',(7.634113538954,0.760878394077,12.173235144876));
#7032=CARTESIAN_POINT('Origin',(7.634113538954,0.760878394077,11.773235144876));
#7033=CARTESIAN_POINT('Origin',(7.634113538954,0.760878394077,11.773235144876));
#7034=CARTESIAN_POINT('Origin',(7.234113538954,0.760878394077,11.773235144876));
#7035=CARTESIAN_POINT('Origin',(7.634113538954,0.960878394077,11.773235144876));
#7036=CARTESIAN_POINT('Origin',(7.63411353895607,-0.239121605924547,11.7732351448743));
#7037=CARTESIAN_POINT('Origin',(7.234113538954,0.760878394077,12.973235144876));
#7038=CARTESIAN_POINT('Origin',(7.234113538954,0.760878394077,6.073235144876));
#7039=CARTESIAN_POINT('Origin',(7.934113538954,0.760878394077,5.673235144876));
#7040=CARTESIAN_POINT('Origin',(7.634113538954,0.760878394077,5.673235144876));
#7041=CARTESIAN_POINT('Origin',(7.934113538954,0.160878394077,12.773235144876));
#7042=CARTESIAN_POINT('Origin',(7.634113538954,0.160878394077,12.773235144876));
#7043=CARTESIAN_POINT('Origin',(7.634113538954,-0.239121605922,12.973235144876));
#7044=CARTESIAN_POINT('Origin',(7.634113538954,-0.239121605922,12.773235144876));
#7045=CARTESIAN_POINT('Origin',(7.634113538954,0.760878394077,6.073235144876));
#7046=CARTESIAN_POINT('Origin',(7.634113538954,0.760878394077,6.073235144876));
#7047=CARTESIAN_POINT('Origin',(7.634113538954,-0.239121605922,12.773235144876));
#7048=CARTESIAN_POINT('Origin',(7.234113538954,-0.239121605922,12.773235144876));
#7049=CARTESIAN_POINT('Origin',(7.634113538954,0.960878394077,6.073235144876));
#7050=CARTESIAN_POINT('Origin',(7.63411353895753,-0.239121605925522,6.07323514487952));
#7051=CARTESIAN_POINT('Origin',(-0.565886461046,-3.139121605922,12.773235144876));
#7052=CARTESIAN_POINT('Origin',(7.634113538953,-3.139121605922,12.773235144876));
#7053=CARTESIAN_POINT('Origin',(7.234113538954,0.960878394077,12.773235144876));
#7054=CARTESIAN_POINT('Origin',(7.234113538953,-2.739121605922,12.773235144876));
#7055=CARTESIAN_POINT('Origin',(7.634113538954,-0.239121605922,4.873235144876));
#7056=CARTESIAN_POINT('Origin',(7.634113538954,-0.239121605922,5.073235144876));
#7057=CARTESIAN_POINT('Origin',(-0.565886461045,0.160878394077,5.073235144876));
#7058=CARTESIAN_POINT('Origin',(7.634113538954,0.160878394077,5.073235144876));
#7059=CARTESIAN_POINT('Origin',(7.634113538953,-2.739121605922,12.773235144876));
#7060=CARTESIAN_POINT('Origin',(7.634113538953,-2.739121605922,12.773235144876));
#7061=CARTESIAN_POINT('Origin',(7.634113538954,-0.239121605922,5.073235144876));
#7062=CARTESIAN_POINT('Origin',(7.234113538954,-0.239121605922,5.073235144876));
#7063=CARTESIAN_POINT('Origin',(7.634113538953,-2.739121605922,12.973235144876));
#7064=CARTESIAN_POINT('Origin',(7.63411353895061,-2.73912160592439,11.7732351448784));
#7065=CARTESIAN_POINT('Origin',(7.234113538954,0.960878394077,5.073235144876));
#7066=CARTESIAN_POINT('Origin',(7.234113538953,-2.739121605922,5.073235144876));
#7067=CARTESIAN_POINT('Origin',(7.934113538953,-3.139121605922,5.073235144876));
#7068=CARTESIAN_POINT('Origin',(7.634113538953,-3.139121605922,5.073235144876));
#7069=CARTESIAN_POINT('Origin',(7.934113538953,-3.739121605922,12.173235144876));
#7070=CARTESIAN_POINT('',(7.634113538953,-3.939121605922,12.173235144876));
#7071=CARTESIAN_POINT('',(-0.565886461046,-3.939121605922,12.173235144876));
#7072=CARTESIAN_POINT('Origin',(7.634113538953,-3.739121605922,12.173235144876));
#7073=CARTESIAN_POINT('Origin',(7.634113538953,-3.939121605922,11.773235144876));
#7074=CARTESIAN_POINT('Origin',(7.634113538953,-3.739121605922,11.773235144876));
#7075=CARTESIAN_POINT('Origin',(7.634113538953,-2.739121605922,5.073235144876));
#7076=CARTESIAN_POINT('Origin',(7.634113538953,-2.739121605922,5.073235144876));
#7077=CARTESIAN_POINT('Origin',(7.634113538953,-3.739121605922,11.773235144876));
#7078=CARTESIAN_POINT('',(7.234113538953,-3.939121605922,11.773235144876));
#7079=CARTESIAN_POINT('Origin',(7.634113538953,-3.939121605922,11.773235144876));
#7080=CARTESIAN_POINT('Origin',(7.234113538953,-3.739121605922,11.773235144876));
#7081=CARTESIAN_POINT('Origin',(7.634113538953,-2.739121605922,4.873235144876));
#7082=CARTESIAN_POINT('Origin',(7.63411353895216,-2.73912160592333,6.07323514487553));
#7083=CARTESIAN_POINT('Origin',(7.234113538953,-3.739121605922,12.973235144876));
#7084=CARTESIAN_POINT('',(7.234113538953,-3.939121605922,6.073235144876));
#7085=CARTESIAN_POINT('',(7.234113538953,-3.939121605922,12.973235144876));
#7086=CARTESIAN_POINT('Origin',(7.234113538953,-3.739121605922,6.073235144876));
#7087=CARTESIAN_POINT('Origin',(7.634113538953,-3.939121605922,6.073235144876));
#7088=CARTESIAN_POINT('Origin',(7.634113538953,-3.739121605922,6.073235144876));
#7089=CARTESIAN_POINT('Origin',(7.634113538953,-3.739121605922,6.073235144876));
#7090=CARTESIAN_POINT('',(7.634113538953,-3.939121605922,5.673235144876));
#7091=CARTESIAN_POINT('Origin',(7.634113538953,-3.939121605922,6.073235144876));
#7092=CARTESIAN_POINT('Origin',(7.634113538953,-3.739121605922,5.673235144876));
#7093=CARTESIAN_POINT('Origin',(-0.565886461046,-3.739121605922,5.673235144876));
#7094=CARTESIAN_POINT('',(-0.565886461046,-3.939121605922,5.673235144876));
#7095=CARTESIAN_POINT('Origin',(7.634113538953,-2.439121605922,8.923235144876));
#7096=CARTESIAN_POINT('Origin',(7.63411353895365,-2.43912160592252,11.9132351448765));
#7097=CARTESIAN_POINT('Origin',(7.63411353895216,-2.43912160592151,11.0132351448773));
#7098=CARTESIAN_POINT('Origin',(7.634113538953,-2.239121605922,11.013235144876));
#7099=CARTESIAN_POINT('Origin',(7.63411353895457,-0.539121605921302,11.0132351448753));
#7100=CARTESIAN_POINT('Origin',(7.634113538953,-1.489121605922,11.913235144876));
#7101=CARTESIAN_POINT('Origin',(7.63411353895611,-0.539121605920264,11.9132351448786));
#7102=CARTESIAN_POINT('Origin',(7.634113538954,-0.539121605922,10.463235144876));
#7103=CARTESIAN_POINT('Origin',(7.634113538953,-2.439121605922,8.923235144876));
#7104=CARTESIAN_POINT('Origin',(7.63411353895366,-2.43912160592253,9.37323514487652));
#7105=CARTESIAN_POINT('Origin',(7.63411353895216,-2.43912160592151,8.47323514487734));
#7106=CARTESIAN_POINT('Origin',(7.634113538953,-2.239121605922,8.473235144876));
#7107=CARTESIAN_POINT('Origin',(7.63411353895458,-0.539121605921299,8.47323514487529));
#7108=CARTESIAN_POINT('Origin',(7.634113538953,-1.489121605922,9.373235144876));
#7109=CARTESIAN_POINT('Origin',(7.63411353895601,-0.53912160592035,9.3732351448785));
#7110=CARTESIAN_POINT('Origin',(7.634113538954,-0.539121605922,7.923235144876));
#7111=CARTESIAN_POINT('Origin',(7.634113538953,-2.439121605922,8.923235144876));
#7112=CARTESIAN_POINT('Origin',(7.63411353894833,-2.43912160591799,6.80594382903749));
#7113=CARTESIAN_POINT('Origin',(7.63411353895215,-2.43912160592152,5.85662716001934));
#7114=CARTESIAN_POINT('Origin',(7.634113538953,-2.239121605922,5.856627160018));
#7115=CARTESIAN_POINT('Origin',(7.6341135389545,-0.539121605921373,5.85662716001738));
#7116=CARTESIAN_POINT('Origin',(7.634113538953,-2.239121605922,6.805943829041));
#7117=CARTESIAN_POINT('Origin',(7.63411353894681,-0.53912160592524,6.80594382903776));
#7118=CARTESIAN_POINT('Origin',(7.634113538954,-0.539121605922,5.383235144876));
#7119=CARTESIAN_POINT('Origin',(-0.565886461045,0.760878394077,5.073235144876));
#7120=CARTESIAN_POINT('Origin',(-0.565886461046,-3.739121605922,5.073235144876));
#7121=CARTESIAN_POINT('',(-0.565886461046,-3.939121605922,5.073235144876));
#7122=CARTESIAN_POINT('Origin',(-0.565886461046,-3.739121605922,12.773235144876));
#7123=CARTESIAN_POINT('',(-0.565886461046,-3.939121605922,12.773235144876));
#7124=CARTESIAN_POINT('Origin',(-0.565886461045,0.760878394077,12.773235144876));
#7125=CARTESIAN_POINT('Origin',(-0.565886461046,-3.939121605922,12.973235144876));
#7126=CARTESIAN_POINT('Origin',(-2.686399637187,-2.867548730668,8.923235144876));
#7127=CARTESIAN_POINT('',(-1.68639963718799,1.120878394077,8.92323514487601));
#7128=CARTESIAN_POINT('Origin',(-2.686399637187,1.120878394077,8.923235144876));
#7129=CARTESIAN_POINT('',(-1.68639963718799,1.110878394077,8.92323514487601));
#7130=CARTESIAN_POINT('',(-1.686399637188,-2.867548730668,8.923235144876));
#7131=CARTESIAN_POINT('Origin',(-2.686399637187,1.110878394077,8.923235144876));
#7132=CARTESIAN_POINT('Origin',(-2.686399637187,-2.867548730668,8.923235144876));
#7133=CARTESIAN_POINT('',(-1.68639963718799,0.610878394076997,8.92323514487601));
#7134=CARTESIAN_POINT('Origin',(-2.686399637187,0.610878394077,8.923235144876));
#7135=CARTESIAN_POINT('',(-1.68639963718799,-0.0391216059220034,8.92323514487601));
#7136=CARTESIAN_POINT('',(-1.686399637188,-2.867548730668,8.923235144876));
#7137=CARTESIAN_POINT('Origin',(-2.686399637187,-0.039121605922,8.923235144876));
#7138=CARTESIAN_POINT('Origin',(-2.686399637187,-0.110694481176,8.923235144876));
#7139=CARTESIAN_POINT('',(-3.68639963718601,-4.099121605922,8.92323514487599));
#7140=CARTESIAN_POINT('Origin',(-2.686399637187,-4.099121605922,8.923235144876));
#7141=CARTESIAN_POINT('',(-3.68639963718601,-4.089121605922,8.92323514487599));
#7142=CARTESIAN_POINT('',(-3.686399637186,-0.110694481175997,8.923235144876));
#7143=CARTESIAN_POINT('Origin',(-2.686399637187,-4.089121605922,8.923235144876));
#7144=CARTESIAN_POINT('Origin',(-2.686399637187,-0.110694481176,8.923235144876));
#7145=CARTESIAN_POINT('',(-3.68639963718601,-3.589121605922,8.92323514487599));
#7146=CARTESIAN_POINT('Origin',(-2.686399637187,-3.589121605922,8.923235144876));
#7147=CARTESIAN_POINT('',(-3.68639963718601,-2.939121605922,8.92323514487599));
#7148=CARTESIAN_POINT('',(-3.686399637186,-0.110694481175997,8.923235144876));
#7149=CARTESIAN_POINT('Origin',(-2.686399637187,-2.939121605922,8.923235144876));
#7150=CARTESIAN_POINT('Origin',(-2.686399637187,-4.289121605922,8.923235144876));
#7151=CARTESIAN_POINT('',(-2.904288994057,-4.289121605922,11.413721890105));
#7152=CARTESIAN_POINT('',(-2.468510280318,-4.289121605922,6.432748399646));
#7153=CARTESIAN_POINT('Origin',(-2.686399637187,-4.289121605922,8.923235144876));
#7154=CARTESIAN_POINT('',(-2.913004568331,-4.389121605922,11.513341359914));
#7155=CARTESIAN_POINT('Origin',(-2.913004568331,-4.289121605922,11.513341359914));
#7156=CARTESIAN_POINT('',(-2.559581845081,-4.389121605922,6.326329823612));
#7157=CARTESIAN_POINT('Origin',(-2.686399637187,-4.389121605922,8.923235144876));
#7158=CARTESIAN_POINT('Ctrl Pts',(-2.55958184508248,-4.38912160592199,6.32632982361329));
#7159=CARTESIAN_POINT('Ctrl Pts',(-2.55915201752285,-4.38912160592199,6.32682250750288));
#7160=CARTESIAN_POINT('Ctrl Pts',(-2.55872224947675,-4.38911827643934,6.32731525324405));
#7161=CARTESIAN_POINT('Ctrl Pts',(-2.54213556757504,-4.38886131036431,6.34633755266285));
#7162=CARTESIAN_POINT('Ctrl Pts',(-2.52639200751507,-4.38391514366347,6.36458854201026));
#7163=CARTESIAN_POINT('Ctrl Pts',(-2.50164276680873,-4.36758520511958,6.39351996476105));
#7164=CARTESIAN_POINT('Ctrl Pts',(-2.49221951787481,-4.35790671513409,6.40462694450662));
#7165=CARTESIAN_POINT('Ctrl Pts',(-2.47945667187782,-4.33782823320518,6.41972699224758));
#7166=CARTESIAN_POINT('Ctrl Pts',(-2.47496605953915,-4.32789644923923,6.4250635262836));
#7167=CARTESIAN_POINT('Ctrl Pts',(-2.46974505121023,-4.3079471701747,6.43127584426091));
#7168=CARTESIAN_POINT('Ctrl Pts',(-2.46851028032017,-4.29864388496403,6.43274839964643));
#7169=CARTESIAN_POINT('Ctrl Pts',(-2.46851028032017,-4.289121605922,6.43274839964643));
#7170=CARTESIAN_POINT('Origin',(-2.686399637187,1.310878394077,8.923235144876));
#7171=CARTESIAN_POINT('',(-3.012456368912,1.410878394077,11.502709317589));
#7172=CARTESIAN_POINT('',(-2.459794706044,1.410878394077,6.333128929837));
#7173=CARTESIAN_POINT('Origin',(-2.686399637187,1.410878394077,8.923235144876));
#7174=CARTESIAN_POINT('',(-2.904288994057,1.310878394077,11.413721890105));
#7175=CARTESIAN_POINT('Ctrl Pts',(-2.90428899405988,1.310878394077,11.413721890105));
#7176=CARTESIAN_POINT('Ctrl Pts',(-2.90428899405988,1.31109802677963,11.413721890105));
#7177=CARTESIAN_POINT('Ctrl Pts',(-2.90428977794685,1.31131777598715,11.4137225478645));
#7178=CARTESIAN_POINT('Ctrl Pts',(-2.90435821022452,1.32089933215957,11.4137799693128));
#7179=CARTESIAN_POINT('Ctrl Pts',(-2.90584597319762,1.33003167237171,11.4150291299849));
#7180=CARTESIAN_POINT('Ctrl Pts',(-2.91169311440767,1.34866599349642,11.4199276123606));
#7181=CARTESIAN_POINT('Ctrl Pts',(-2.91633787304241,1.35768414298797,11.4238142415864));
#7182=CARTESIAN_POINT('Ctrl Pts',(-2.92947362523998,1.37623205312633,11.4347640922537));
#7183=CARTESIAN_POINT('Ctrl Pts',(-2.93869279788864,1.38486329980268,11.4424208995034));
#7184=CARTESIAN_POINT('Ctrl Pts',(-2.95789109343362,1.39785246667096,11.4582684255145));
#7185=CARTESIAN_POINT('Ctrl Pts',(-2.96790992992381,1.40253408456845,11.4664983047911));
#7186=CARTESIAN_POINT('Ctrl Pts',(-2.98883455720597,1.4090128432604,11.4835874477633));
#7187=CARTESIAN_POINT('Ctrl Pts',(-2.99989370328299,1.41072399553189,11.4925681913496));
#7188=CARTESIAN_POINT('Ctrl Pts',(-3.01143871443923,1.41087506459438,11.5018881260616));
#7189=CARTESIAN_POINT('Ctrl Pts',(-3.01194751773751,1.41087839407698,11.5022987574433));
#7190=CARTESIAN_POINT('Ctrl Pts',(-3.01245636891321,1.41087839407699,11.5027093175875));
#7191=CARTESIAN_POINT('',(-2.468510280318,1.310878394077,6.432748399646));
#7192=CARTESIAN_POINT('Origin',(-2.686399637187,1.310878394077,8.923235144876));
#7193=CARTESIAN_POINT('Origin',(-2.459794706044,1.310878394077,6.333128929837));
#7194=CARTESIAN_POINT('Origin',(-2.686399637187,0.610878394077,8.923235144876));
#7195=CARTESIAN_POINT('',(-2.401789386027,0.610878394077,11.40698171104));
#7196=CARTESIAN_POINT('',(-1.974815190257,0.610878394077,6.526644321459));
#7197=CARTESIAN_POINT('Origin',(-2.686399637187,0.610878394077,8.923235144876));
#7198=CARTESIAN_POINT('',(-2.401789386027,1.110878394077,11.40698171104));
#7199=CARTESIAN_POINT('',(-2.401789386027,0.610878394077,11.40698171104));
#7200=CARTESIAN_POINT('',(-2.904288994057,1.110878394077,11.413721890105));
#7201=CARTESIAN_POINT('Origin',(-2.686399637187,1.110878394077,8.923235144876));
#7202=CARTESIAN_POINT('',(-2.904288994057,0.910878394077,11.413721890105));
#7203=CARTESIAN_POINT('',(-2.904288994057,0.610878394077,11.413721890105));
#7204=CARTESIAN_POINT('',(-2.468510280318,0.910878394077,6.432748399646));
#7205=CARTESIAN_POINT('Origin',(-2.686399637187,0.910878394077,8.923235144876));
#7206=CARTESIAN_POINT('',(-2.468510280318,1.110878394077,6.432748399646));
#7207=CARTESIAN_POINT('',(-2.468510280318,0.610878394077,6.432748399646));
#7208=CARTESIAN_POINT('',(-1.974815190257,1.110878394077,6.526644321459));
#7209=CARTESIAN_POINT('Origin',(-2.686399637187,1.110878394077,8.923235144876));
#7210=CARTESIAN_POINT('',(-1.974815190257,0.610878394077,6.526644321459));
#7211=CARTESIAN_POINT('Origin',(-2.686399637187,-3.589121605922,8.923235144876));
#7212=CARTESIAN_POINT('',(-2.065045454709,-3.589121605922,7.557980963444));
#7213=CARTESIAN_POINT('',(-2.311559121574,-3.589121605922,10.375645069055));
#7214=CARTESIAN_POINT('Origin',(-2.686399637187,-3.589121605922,8.923235144876));
#7215=CARTESIAN_POINT('',(-2.311559121574,-4.089121605922,10.375645069055));
#7216=CARTESIAN_POINT('',(-2.311559121574,-3.589121605922,10.375645069055));
#7217=CARTESIAN_POINT('',(-2.065045454709,-4.089121605922,7.557980963444));
#7218=CARTESIAN_POINT('Origin',(-2.686399637187,-4.089121605922,8.923235144876));
#7219=CARTESIAN_POINT('',(-2.065045454709,-3.589121605922,7.557980963444));
#7220=CARTESIAN_POINT('Origin',(-2.686399637187,1.110878394077,8.923235144876));
#7221=CARTESIAN_POINT('Origin',(-2.686399637187,1.110878394077,8.923235144876));
#7222=CARTESIAN_POINT('',(-2.468510280318,1.110878394077,6.432748399646));
#7223=CARTESIAN_POINT('',(-2.904288994057,1.110878394077,11.413721890105));
#7224=CARTESIAN_POINT('Origin',(-3.322636559245,-4.389121605922,16.195456440945));
#7225=CARTESIAN_POINT('',(-3.322636559245,1.310878394077,16.195456440945));
#7226=CARTESIAN_POINT('',(-3.322636559245,-4.289121605922,16.195456440945));
#7227=CARTESIAN_POINT('',(-3.322636559245,-4.389121605922,16.195456440945));
#7228=CARTESIAN_POINT('',(-3.313391445892,-4.389121605922,16.089784311768));
#7229=CARTESIAN_POINT('Origin',(-3.31339144589178,-4.28912160592407,16.0897843117703));
#7230=CARTESIAN_POINT('',(-2.686399637187,-4.389121605922,8.923235144876));
#7231=CARTESIAN_POINT('',(-2.904288994057,-4.089121605922,11.413721890105));
#7232=CARTESIAN_POINT('',(-2.904288994057,-4.089121605922,11.413721890105));
#7233=CARTESIAN_POINT('',(-2.904288994057,-3.889121605922,11.413721890105));
#7234=CARTESIAN_POINT('',(-2.904288994057,-3.589121605922,11.413721890105));
#7235=CARTESIAN_POINT('',(-3.276410992477,-3.889121605922,15.667095795056));
#7236=CARTESIAN_POINT('',(-2.686399637187,-3.889121605922,8.923235144876));
#7237=CARTESIAN_POINT('',(-3.276410992477,0.910878394077,15.667095795056));
#7238=CARTESIAN_POINT('',(-3.276410992477,-4.389121605922,15.667095795056));
#7239=CARTESIAN_POINT('',(-2.686399637187,0.910878394077,8.923235144876));
#7240=CARTESIAN_POINT('',(-3.322636559245,1.310878394077,16.195456440945));
#7241=CARTESIAN_POINT('Origin',(-3.322636559245,-4.389121605922,16.195456440945));
#7242=CARTESIAN_POINT('',(-2.468510280318,-4.089121605922,6.432748399646));
#7243=CARTESIAN_POINT('',(-2.468510280318,-4.089121605922,6.432748399646));
#7244=CARTESIAN_POINT('',(-2.068652941837,-4.289121605922,1.862358107162));
#7245=CARTESIAN_POINT('',(-3.322636559245,-4.289121605922,16.195456440945));
#7246=CARTESIAN_POINT('',(-2.05016271513,-4.289121605922,1.651013848806));
#7247=CARTESIAN_POINT('Origin',(-2.0594078284835,-4.289121605922,1.756685977984));
#7248=CARTESIAN_POINT('',(-2.05016271513,1.310878394077,1.651013848806));
#7249=CARTESIAN_POINT('',(-2.05016271513,-4.389121605922,1.651013848806));
#7250=CARTESIAN_POINT('',(-2.059407828483,1.410878394077,1.756685977984));
#7251=CARTESIAN_POINT('Origin',(-2.05940782848357,1.31087839407501,1.75668597798606));
#7252=CARTESIAN_POINT('',(-3.322636559245,1.410878394077,16.195456440945));
#7253=CARTESIAN_POINT('',(-2.096388281898,0.910878394077,2.179374494696));
#7254=CARTESIAN_POINT('',(-2.686399637187,0.910878394077,8.923235144876));
#7255=CARTESIAN_POINT('',(-2.096388281898,-3.889121605922,2.179374494696));
#7256=CARTESIAN_POINT('',(-2.096388281898,-4.389121605922,2.179374494696));
#7257=CARTESIAN_POINT('',(-2.468510280318,-3.889121605922,6.432748399646));
#7258=CARTESIAN_POINT('',(-2.686399637187,-3.889121605922,8.923235144876));
#7259=CARTESIAN_POINT('',(-2.468510280318,-3.589121605922,6.432748399646));
#7260=CARTESIAN_POINT('Origin',(-28.452892551231,-4.389121605922,6.668959116076));
#7261=CARTESIAN_POINT('',(-8.725886461046,-4.289121605922,3.375749326557));
#7262=CARTESIAN_POINT('',(-9.597443888843,-4.289121605922,13.337696307328));
#7263=CARTESIAN_POINT('Origin',(-28.452892551231,-4.289121605922,6.668959116076));
#7264=CARTESIAN_POINT('',(-9.597443888522,1.310878394077,13.337696307475));
#7265=CARTESIAN_POINT('',(-9.597443888522,-4.389121605922,13.337696307475));
#7266=CARTESIAN_POINT('',(-8.725886461045,1.310878394077,3.375749326557));
#7267=CARTESIAN_POINT('Origin',(-28.452892551231,1.310878394077,6.668959116076));
#7268=CARTESIAN_POINT('',(-8.725886461046,-4.389121605922,3.375749326557));
#7269=CARTESIAN_POINT('Origin',(-8.725886461046,-4.389121605922,3.375749326557));
#7270=CARTESIAN_POINT('',(-8.725886461046,-4.289121605922,3.375749326557));
#7271=CARTESIAN_POINT('',(-2.05016271513,1.310878394077,1.651013848806));
#7272=CARTESIAN_POINT('Origin',(-9.597443888522,-4.389121605922,13.337696307475));
#7273=CARTESIAN_POINT('',(-9.597443888522,-4.289121605922,13.337696307475));
#7274=CARTESIAN_POINT('',(-3.419172056619,1.410878394077,16.151490900431));
#7275=CARTESIAN_POINT('Origin',(-3.41917205661914,1.31087839407691,16.1514909004309));
#7276=CARTESIAN_POINT('',(-9.506090638527,1.410878394077,13.379301676724));
#7277=CARTESIAN_POINT('',(-27.729176610704,1.410878394077,5.07989009844));
#7278=CARTESIAN_POINT('Origin',(-9.50609242127204,1.31088071612126,13.379299687454));
#7279=CARTESIAN_POINT('Origin',(-28.452892551231,-4.389121605922,6.668959116076));
#7280=CARTESIAN_POINT('',(-9.472808232935,-4.389121605922,13.284576945907));
#7281=CARTESIAN_POINT('',(-27.687729316417,-4.389121605922,4.988883934933));
#7282=CARTESIAN_POINT('',(-8.612368381457,-4.389121605922,3.449704440129));
#7283=CARTESIAN_POINT('Origin',(-28.452892551231,-4.389121605922,6.668959116076));
#7284=CARTESIAN_POINT('',(-2.162111270728,-4.389121605922,1.783220369949));
#7285=CARTESIAN_POINT('',(-27.991095858815,-4.389121605922,8.456379381452));
#7286=CARTESIAN_POINT('',(-2.786019106997,-4.389121605922,8.914519570601));
#7287=CARTESIAN_POINT('Origin',(-28.452892551231,1.410878394077,6.668959116076));
#7288=CARTESIAN_POINT('',(-8.612368381457,1.410878394077,3.449704440129));
#7289=CARTESIAN_POINT('',(-8.70087189874,1.410878394077,3.472570149073));
#7290=CARTESIAN_POINT('Origin',(-28.452892551231,1.410878394077,6.668959116076));
#7291=CARTESIAN_POINT('',(-3.003908463866,1.410878394077,11.40500631583));
#7292=CARTESIAN_POINT('Origin',(-28.452892551231,-4.389121605922,6.668959116076));
#7293=CARTESIAN_POINT('',(-8.977997075487,0.910878394077,13.070400063929));
#7294=CARTESIAN_POINT('',(-8.162265942579,0.910878394077,3.746550549798));
#7295=CARTESIAN_POINT('Origin',(-28.452892551231,0.910878394077,6.668959116076));
#7296=CARTESIAN_POINT('',(-8.977997075487,-3.889121605922,13.070400063929));
#7297=CARTESIAN_POINT('',(-8.977997075487,-3.889121605922,13.070400063929));
#7298=CARTESIAN_POINT('',(-8.162265942579,-3.889121605922,3.746550549797));
#7299=CARTESIAN_POINT('Origin',(-28.452892551231,-3.889121605922,6.668959116076));
#7300=CARTESIAN_POINT('',(-8.162265942579,-3.889121605922,3.746550549797));
#7301=CARTESIAN_POINT('Origin',(-8.600813649517,-4.389121605922,3.859853439137));
#7302=CARTESIAN_POINT('',(-27.891037609592,0.910878394077,8.843662671516));
#7303=CARTESIAN_POINT('',(-27.891037609592,-3.889121605922,8.843662671516));
#7304=CARTESIAN_POINT('Origin',(-9.390207417087,-4.389121605922,12.882665489939));
#7305=CARTESIAN_POINT('',(-27.521940139269,0.910878394077,4.624859280904));
#7306=CARTESIAN_POINT('',(-27.521940139269,-3.889121605922,4.624859280904));
#7307=CARTESIAN_POINT('Origin',(-28.452892551231,-3.889121605922,6.668959116076));
#7308=CARTESIAN_POINT('Origin',(-2.686399637187,-3.889121605922,8.923235144876));
#7309=CARTESIAN_POINT('Origin',(-28.452892551231,0.910878394077,6.668959116076));
#7310=CARTESIAN_POINT('Origin',(-2.686399637187,-4.089121605922,8.923235144876));
#7311=CARTESIAN_POINT('Origin',(-2.686399637187,-4.089121605922,8.923235144876));
#7312=CARTESIAN_POINT('',(-1.974815190257,-4.089121605922,6.526644321459));
#7313=CARTESIAN_POINT('Origin',(-2.686399637187,-4.089121605922,8.923235144876));
#7314=CARTESIAN_POINT('',(-1.974815190257,-4.089121605922,6.526644321459));
#7315=CARTESIAN_POINT('',(-2.401789386027,-4.089121605922,11.40698171104));
#7316=CARTESIAN_POINT('',(-2.311559121574,-4.089121605922,10.375645069055));
#7317=CARTESIAN_POINT('Origin',(-2.686399637187,-4.089121605922,8.923235144876));
#7318=CARTESIAN_POINT('Origin',(-2.686399637187,-4.089121605922,8.923235144876));
#7319=CARTESIAN_POINT('Origin',(-2.686399637187,1.110878394077,8.923235144876));
#7320=CARTESIAN_POINT('',(-2.311559121574,1.110878394077,10.375645069055));
#7321=CARTESIAN_POINT('',(-2.311559121574,1.110878394077,10.375645069055));
#7322=CARTESIAN_POINT('',(-2.065045454709,1.110878394077,7.557980963444));
#7323=CARTESIAN_POINT('Origin',(-2.686399637187,1.110878394077,8.923235144876));
#7324=CARTESIAN_POINT('',(-1.974815190257,1.110878394077,6.526644321459));
#7325=CARTESIAN_POINT('Origin',(-2.686399637187,-3.589121605922,8.923235144876));
#7326=CARTESIAN_POINT('',(-2.401789386027,-3.589121605922,11.40698171104));
#7327=CARTESIAN_POINT('',(-2.401789386027,-3.589121605922,11.40698171104));
#7328=CARTESIAN_POINT('',(-1.974815190257,-3.589121605922,6.526644321459));
#7329=CARTESIAN_POINT('Origin',(-2.686399637187,-3.589121605922,8.923235144876));
#7330=CARTESIAN_POINT('',(-1.974815190257,-3.589121605922,6.526644321459));
#7331=CARTESIAN_POINT('Origin',(-1.974815190257,-3.589121605922,6.526644321459));
#7332=CARTESIAN_POINT('',(-1.974815190257,-3.589121605922,6.526644321459));
#7333=CARTESIAN_POINT('Origin',(-2.311559121574,-3.589121605922,10.375645069055));
#7334=CARTESIAN_POINT('',(-2.311559121574,-3.589121605922,10.375645069055));
#7335=CARTESIAN_POINT('Origin',(-2.686399637187,-3.589121605922,8.923235144876));
#7336=CARTESIAN_POINT('Origin',(-2.686399637187,0.610878394077,8.923235144876));
#7337=CARTESIAN_POINT('',(-2.311559121574,0.610878394077,10.375645069055));
#7338=CARTESIAN_POINT('',(-2.311559121574,0.610878394077,10.375645069055));
#7339=CARTESIAN_POINT('',(-2.065045454709,0.610878394077,7.557980963444));
#7340=CARTESIAN_POINT('Origin',(-2.686399637187,0.610878394077,8.923235144876));
#7341=CARTESIAN_POINT('',(-2.065045454709,0.610878394077,7.557980963444));
#7342=CARTESIAN_POINT('Origin',(-2.311559121574,0.610878394077,10.375645069055));
#7343=CARTESIAN_POINT('',(-2.311559121574,0.610878394077,10.375645069055));
#7344=CARTESIAN_POINT('Origin',(-1.974815190257,0.610878394077,6.526644321459));
#7345=CARTESIAN_POINT('',(-1.974815190257,0.610878394077,6.526644321459));
#7346=CARTESIAN_POINT('Origin',(-2.686399637187,0.610878394077,8.923235144876));
#7347=CARTESIAN_POINT('Origin',(-8.70087189874,1.310878394077,3.472570149073));
#7348=CARTESIAN_POINT('Ctrl Pts',(-8.61236838145778,1.41087839407694,3.44970444012936));
#7349=CARTESIAN_POINT('Ctrl Pts',(-8.61290255058228,1.41087839407694,3.44935557115581));
#7350=CARTESIAN_POINT('Ctrl Pts',(-8.61343673074751,1.41087506083762,3.44900670719138));
#7351=CARTESIAN_POINT('Ctrl Pts',(-8.62371287586101,1.4107468110106,3.44229576718459));
#7352=CARTESIAN_POINT('Ctrl Pts',(-8.63348036318133,1.40951606837188,3.4359211478291));
#7353=CARTESIAN_POINT('Ctrl Pts',(-8.65227483034623,1.40486270590451,3.42366283152286));
#7354=CARTESIAN_POINT('Ctrl Pts',(-8.66137943436074,1.40149054048159,3.41772828032004));
#7355=CARTESIAN_POINT('Ctrl Pts',(-8.68176786451649,1.39088485961718,3.40444608551448));
#7356=CARTESIAN_POINT('Ctrl Pts',(-8.69280814538299,1.38263748465294,3.39726000709698));
#7357=CARTESIAN_POINT('Ctrl Pts',(-8.70904138582611,1.36421323653739,3.38669960994312));
#7358=CARTESIAN_POINT('Ctrl Pts',(-8.71497611393055,1.35500912652457,3.38284096141432));
#7359=CARTESIAN_POINT('Ctrl Pts',(-8.72280915201192,1.33582500040968,3.3777490914059));
#7360=CARTESIAN_POINT('Ctrl Pts',(-8.72506777150669,1.32636875865295,3.37628136297045));
#7361=CARTESIAN_POINT('Ctrl Pts',(-8.72582552084139,1.31466376368679,3.37578892892162));
#7362=CARTESIAN_POINT('Ctrl Pts',(-8.72588646104646,1.31276856096566,3.3757493265573));
#7363=CARTESIAN_POINT('Ctrl Pts',(-8.72588646104646,1.310878394077,3.3757493265573));
#7364=CARTESIAN_POINT('Origin',(-28.452892551231,1.310878394077,6.668959116076));
#7365=CARTESIAN_POINT('Origin',(-27.991095858815,-4.289121605922,8.456379381452));
#7366=CARTESIAN_POINT('Ctrl Pts',(-8.61236838145971,-4.38912160592206,3.44970444013315));
#7367=CARTESIAN_POINT('Ctrl Pts',(-8.61290255058117,-4.38912160592205,3.44935557116158));
#7368=CARTESIAN_POINT('Ctrl Pts',(-8.61343673074956,-4.38911827268269,3.4490067072006));
#7369=CARTESIAN_POINT('Ctrl Pts',(-8.61723936873875,-4.38907081445212,3.44652335617433));
#7370=CARTESIAN_POINT('Ctrl Pts',(-8.62050822575922,-4.38890520285293,3.44438905473695));
#7371=CARTESIAN_POINT('Ctrl Pts',(-8.64268988087406,-4.38692693301322,3.42990930943491));
#7372=CARTESIAN_POINT('Ctrl Pts',(-8.66082956819739,-4.38107223573581,3.41808417984733));
#7373=CARTESIAN_POINT('Ctrl Pts',(-8.68916891120731,-4.36394991996374,3.39962757030933));
#7374=CARTESIAN_POINT('Ctrl Pts',(-8.69988295277885,-4.3541807800337,3.39265665205234));
#7375=CARTESIAN_POINT('Ctrl Pts',(-8.71451220553051,-4.33396591165622,3.38314224998585));
#7376=CARTESIAN_POINT('Ctrl Pts',(-8.71958843892164,-4.32386948225367,3.37984258474067));
#7377=CARTESIAN_POINT('Ctrl Pts',(-8.72478665134155,-4.30509100899861,3.37646400023921));
#7378=CARTESIAN_POINT('Ctrl Pts',(-8.72588646104552,-4.29715175264679,3.37574932656294));
#7379=CARTESIAN_POINT('Ctrl Pts',(-8.72588646104551,-4.289121605922,3.37574932656294));
#7380=CARTESIAN_POINT('Origin',(-2.16211127072695,-4.28912160592308,1.78322036995004));
#7381=CARTESIAN_POINT('Origin',(-28.452892551231,-4.289121605922,6.668959116076));
#7382=CARTESIAN_POINT('Ctrl Pts',(-9.4728082329365,-4.38912160592209,13.284576945908));
#7383=CARTESIAN_POINT('Ctrl Pts',(-9.47339486729047,-4.38912160592209,13.2848277572817));
#7384=CARTESIAN_POINT('Ctrl Pts',(-9.473981511655,-4.38911827268273,13.2850785618042));
#7385=CARTESIAN_POINT('Ctrl Pts',(-9.47815760841001,-4.38907081445214,13.2868638639901));
#7386=CARTESIAN_POINT('Ctrl Pts',(-9.48174742170175,-4.38890520285296,13.2883981095288));
#7387=CARTESIAN_POINT('Ctrl Pts',(-9.50610646901837,-4.38692693301327,13.2988060709754));
#7388=CARTESIAN_POINT('Ctrl Pts',(-9.52602398593508,-4.38107223573581,13.3073016266265));
#7389=CARTESIAN_POINT('Ctrl Pts',(-9.55713774725826,-4.36394991996403,13.3205567635237));
#7390=CARTESIAN_POINT('Ctrl Pts',(-9.56889950571615,-4.35418078003407,13.3255613040745));
#7391=CARTESIAN_POINT('Ctrl Pts',(-9.58495866582745,-4.33396591165632,13.332390817914));
#7392=CARTESIAN_POINT('Ctrl Pts',(-9.59053076068387,-4.32386948225378,13.334758875152));
#7393=CARTESIAN_POINT('Ctrl Pts',(-9.5962366856186,-4.30509100899869,13.3371834712494));
#7394=CARTESIAN_POINT('Ctrl Pts',(-9.59744388852343,-4.29715175264683,13.3376963074758));
#7395=CARTESIAN_POINT('Ctrl Pts',(-9.59744388852342,-4.289121605922,13.3376963074758));
#7396=CARTESIAN_POINT('Origin',(-3.422256029055,1.310878394077,16.186740866671));
#7397=CARTESIAN_POINT('Origin',(-2.786019106997,-4.289121605922,8.914519570601));
#7398=CARTESIAN_POINT('Origin',(-27.687729316417,-4.289121605922,4.988883934933));
#7399=CARTESIAN_POINT('Origin',(-4.065886461046,-2.939121605922,11.259899433985));
#7400=CARTESIAN_POINT('Origin',(-2.686399637187,-4.099121605922,8.923235144876));
#7401=CARTESIAN_POINT('Origin',(-4.065886461045,-0.039121605922,11.259899433985));
#7402=CARTESIAN_POINT('Origin',(-2.686399637187,1.120878394077,8.923235144876));
#7403=CARTESIAN_POINT('',(0.,0.,0.));
#7404=CARTESIAN_POINT('',(-8.363330374563,1.52636613985,-2.773184243664));
#7405=UNCERTAINTY_MEASURE_WITH_UNIT(LENGTH_MEASURE(0.01),#7413,
'DISTANCE_ACCURACY_VALUE',
'Maximum model space distance between geometric entities at asserted c
onnectivities');
#7406=UNCERTAINTY_MEASURE_WITH_UNIT(LENGTH_MEASURE(0.01),#7413,
'DISTANCE_ACCURACY_VALUE',
'Maximum model space distance between geometric entities at asserted c
onnectivities');
#7407=UNCERTAINTY_MEASURE_WITH_UNIT(LENGTH_MEASURE(0.01),#7413,
'DISTANCE_ACCURACY_VALUE',
'Maximum model space distance between geometric entities at asserted c
onnectivities');
#7408=UNCERTAINTY_MEASURE_WITH_UNIT(LENGTH_MEASURE(0.01),#7413,
'DISTANCE_ACCURACY_VALUE',
'Maximum model space distance between geometric entities at asserted c
onnectivities');
#7409=(
GEOMETRIC_REPRESENTATION_CONTEXT(3)
GLOBAL_UNCERTAINTY_ASSIGNED_CONTEXT((#7405))
GLOBAL_UNIT_ASSIGNED_CONTEXT((#7413,#7415,#7416))
REPRESENTATION_CONTEXT('','3D')
);
#7410=(
GEOMETRIC_REPRESENTATION_CONTEXT(3)
GLOBAL_UNCERTAINTY_ASSIGNED_CONTEXT((#7406))
GLOBAL_UNIT_ASSIGNED_CONTEXT((#7413,#7415,#7416))
REPRESENTATION_CONTEXT('','3D')
);
#7411=(
GEOMETRIC_REPRESENTATION_CONTEXT(3)
GLOBAL_UNCERTAINTY_ASSIGNED_CONTEXT((#7407))
GLOBAL_UNIT_ASSIGNED_CONTEXT((#7413,#7415,#7416))
REPRESENTATION_CONTEXT('','3D')
);
#7412=(
GEOMETRIC_REPRESENTATION_CONTEXT(3)
GLOBAL_UNCERTAINTY_ASSIGNED_CONTEXT((#7408))
GLOBAL_UNIT_ASSIGNED_CONTEXT((#7413,#7415,#7416))
REPRESENTATION_CONTEXT('','3D')
);
#7413=(
LENGTH_UNIT()
NAMED_UNIT(*)
SI_UNIT(.MILLI.,.METRE.)
);
#7414=(
LENGTH_UNIT()
NAMED_UNIT(*)
SI_UNIT($,.METRE.)
);
#7415=(
NAMED_UNIT(*)
PLANE_ANGLE_UNIT()
SI_UNIT($,.RADIAN.)
);
#7416=(
NAMED_UNIT(*)
SI_UNIT($,.STERADIAN.)
SOLID_ANGLE_UNIT()
);
#7417=SHAPE_DEFINITION_REPRESENTATION(#7420,#7425);
#7418=SHAPE_DEFINITION_REPRESENTATION(#7421,#7426);
#7419=SHAPE_DEFINITION_REPRESENTATION(#7422,#7427);
#7420=PRODUCT_DEFINITION_SHAPE('',$,#7429);
#7421=PRODUCT_DEFINITION_SHAPE('',$,#7430);
#7422=PRODUCT_DEFINITION_SHAPE('',$,#7431);
#7423=PRODUCT_DEFINITION_SHAPE($,$,#17);
#7424=PRODUCT_DEFINITION_SHAPE($,$,#18);
#7425=SHAPE_REPRESENTATION('',(#4323,#4764),#7409);
#7426=SHAPE_REPRESENTATION('',(#4324,#4763),#7410);
#7427=SHAPE_REPRESENTATION('',(#4325),#7411);
#7428=PRODUCT_DEFINITION_CONTEXT('part definition',#7439,'design');
#7429=PRODUCT_DEFINITION('EasyEDA PCB Model~HlIG','(\X2\672A4FDD5B58\X0\)',
#7432,#7428);
#7430=PRODUCT_DEFINITION(
'SW1~SW-TH_SA-0-102-C04-0004-WP~SW-TH_SA-0-102-C04-0004-WP~munq',
'SW1~SW-TH_SA-0-102-C04-0004-WP~SW-TH_SA-0-102-C04-0004-WP~munq',#7433,
#7428);
#7431=PRODUCT_DEFINITION(
'SW-TH_SA-0-102-C04-0004-WP~SW-TH_SA-0-102-C04-0004-WP~9xYC',
'SW-TH_SA-0-102-C04-0004-WP~SW-TH_SA-0-102-C04-0004-WP~9xYC',#7434,#7428);
#7432=PRODUCT_DEFINITION_FORMATION('',$,#7441);
#7433=PRODUCT_DEFINITION_FORMATION('',$,#7442);
#7434=PRODUCT_DEFINITION_FORMATION('',$,#7443);
#7435=PRODUCT_RELATED_PRODUCT_CATEGORY('(\X2\672A4FDD5B58\X0\)',
'(\X2\672A4FDD5B58\X0\)',(#7441));
#7436=PRODUCT_RELATED_PRODUCT_CATEGORY(
'SW1~SW-TH_SA-0-102-C04-0004-WP~SW-TH_SA-0-102-C04-0004-WP~munq',
'SW1~SW-TH_SA-0-102-C04-0004-WP~SW-TH_SA-0-102-C04-0004-WP~munq',(#7442));
#7437=PRODUCT_RELATED_PRODUCT_CATEGORY(
'SW-TH_SA-0-102-C04-0004-WP~SW-TH_SA-0-102-C04-0004-WP~9xYC',
'SW-TH_SA-0-102-C04-0004-WP~SW-TH_SA-0-102-C04-0004-WP~9xYC',(#7443));
#7438=APPLICATION_PROTOCOL_DEFINITION('international standard',
'automotive_design',2009,#7439);
#7439=APPLICATION_CONTEXT(
'Core Data for Automotive Mechanical Design Process');
#7440=PRODUCT_CONTEXT('part definition',#7439,'mechanical');
#7441=PRODUCT('EasyEDA PCB Model~HlIG','(\X2\672A4FDD5B58\X0\)',
'Designed by EasyEDA Pro',(#7440));
#7442=PRODUCT(
'SW1~SW-TH_SA-0-102-C04-0004-WP~SW-TH_SA-0-102-C04-0004-WP~munq',
'SW1~SW-TH_SA-0-102-C04-0004-WP~SW-TH_SA-0-102-C04-0004-WP~munq',$,(#7440));
#7443=PRODUCT(
'SW-TH_SA-0-102-C04-0004-WP~SW-TH_SA-0-102-C04-0004-WP~9xYC',
'SW-TH_SA-0-102-C04-0004-WP~SW-TH_SA-0-102-C04-0004-WP~9xYC',$,(#7440));
#7444=PRESENTATION_STYLE_ASSIGNMENT((#7449));
#7445=PRESENTATION_STYLE_ASSIGNMENT((#7450));
#7446=PRESENTATION_STYLE_ASSIGNMENT((#7451));
#7447=PRESENTATION_STYLE_ASSIGNMENT((#7452));
#7448=PRESENTATION_STYLE_ASSIGNMENT((#7453));
#7449=SURFACE_STYLE_USAGE(.BOTH.,#7454);
#7450=SURFACE_STYLE_USAGE(.BOTH.,#7455);
#7451=SURFACE_STYLE_USAGE(.BOTH.,#7456);
#7452=SURFACE_STYLE_USAGE(.BOTH.,#7457);
#7453=SURFACE_STYLE_USAGE(.BOTH.,#7458);
#7454=SURFACE_SIDE_STYLE('',(#7459));
#7455=SURFACE_SIDE_STYLE('',(#7460));
#7456=SURFACE_SIDE_STYLE('',(#7461));
#7457=SURFACE_SIDE_STYLE('',(#7462));
#7458=SURFACE_SIDE_STYLE('',(#7463));
#7459=SURFACE_STYLE_FILL_AREA(#7464);
#7460=SURFACE_STYLE_FILL_AREA(#7465);
#7461=SURFACE_STYLE_FILL_AREA(#7466);
#7462=SURFACE_STYLE_FILL_AREA(#7467);
#7463=SURFACE_STYLE_FILL_AREA(#7468);
#7464=FILL_AREA_STYLE('\X2\94A2\X0\ - \X2\7F0E5149\X0\',(#7469));
#7465=FILL_AREA_STYLE('Opaque(255,255,255)',(#7470));
#7466=FILL_AREA_STYLE('Opaque(192,192,192)',(#7471));
#7467=FILL_AREA_STYLE('Opaque(64,64,64)',(#7472));
#7468=FILL_AREA_STYLE('Opaque(255,0,0)',(#7473));
#7469=FILL_AREA_STYLE_COLOUR('\X2\94A2\X0\ - \X2\7F0E5149\X0\',#7474);
#7470=FILL_AREA_STYLE_COLOUR('Opaque(255,255,255)',#7475);
#7471=FILL_AREA_STYLE_COLOUR('Opaque(192,192,192)',#7476);
#7472=FILL_AREA_STYLE_COLOUR('Opaque(64,64,64)',#7477);
#7473=FILL_AREA_STYLE_COLOUR('Opaque(255,0,0)',#7478);
#7474=COLOUR_RGB('\X2\94A2\X0\ - \X2\7F0E5149\X0\',0.627450980392157,0.627450980392157,
0.627450980392157);
#7475=COLOUR_RGB('Opaque(255,255,255)',1.,1.,1.);
#7476=COLOUR_RGB('Opaque(192,192,192)',0.752941176470588,0.752941176470588,
0.752941176470588);
#7477=COLOUR_RGB('Opaque(64,64,64)',0.250980392156863,0.250980392156863,
0.250980392156863);
#7478=COLOUR_RGB('Opaque(255,0,0)',1.,0.,0.);
ENDSEC;
END-ISO-10303-21;
