ISO-10303-21;
HEADER;
/* Generated by software containing ST-Developer
 * from STEP Tools, Inc. (www.steptools.com) 
 */

FILE_DESCRIPTION(
/* description */ ('Designed by EasyEDA Pro'),
/* implementation_level */ '2;1');

FILE_NAME(
/* name */ 'SA-0-102-C04-0004-WP.step',
/* time_stamp */ '2026-06-06T20:23:25+08:00',
/* author */ (''),
/* organization */ (''),
/* preprocessor_version */ 'ST-DEVELOPER v20.1',
/* originating_system */ 'Autodesk Translation Framework v15.8.0.0',
/* authorisation */ '');

FILE_SCHEMA (('AUTOMOTIVE_DESIGN { 1 0 10303 214 3 1 1 }'));
ENDSEC;

DATA;
#10=MECHANICAL_DESIGN_GEOMETRIC_PRESENTATION_REPRESENTATION('',(#7842,#7843,
#7844,#7845,#7846,#7847,#7848,#7849,#7850,#7851,#7852,#7853,#7854,#7855,
#7856,#7857,#7858,#7859,#7860,#7861,#7862,#7863,#7864,#7865,#7866,#7867,
#7868,#7869,#7870,#7871,#7872,#7873,#7874,#7875,#7876,#7877,#7878,#7879,
#7880,#7881,#7882,#7883,#7884,#7885,#7886,#7887,#7888,#7889,#7890,#7891,
#7892,#7893,#7894,#7895,#7896,#7897,#7898,#7899,#7900,#7901,#7902,#7903,
#7904,#7905,#7906,#7907,#7908,#7909,#7910,#7911,#7912,#7913,#7914,#7915,
#7916,#7917,#7918,#7919,#7920,#7921,#7922,#7923,#7924,#7925,#7926,#7927,
#7928,#7929,#7930,#7931,#7932,#7933,#7934,#7935,#7936,#7937,#7938,#7939,
#7940,#7941,#7942,#7943,#7944,#7945,#7946,#7947,#7948,#7949,#7950,#7951,
#7952,#7953,#7954,#7955,#7956,#7957,#7958,#7959,#7960,#7961,#7962,#7963,
#7964,#7965,#7966,#7967,#7968,#7969,#7970,#7971,#7972,#7973,#7974,#7975,
#7976,#7977,#7978,#7979,#7980,#7981,#7982,#7983,#7984,#7985,#7986,#7987,
#7988,#7989,#7990,#7991,#7992,#7993,#7994,#7995,#7996,#7997,#7998,#7999,
#8000,#8001,#8002,#8003,#8004,#8005,#8006,#8007,#8008,#8009,#8010,#8011,
#8012,#8013,#8014,#8015,#8016,#8017,#8018,#8019,#8020,#8021,#8022,#8023,
#8024,#8025,#8026,#8027,#8028,#8029,#8030,#8031,#8032,#8033,#8034,#8035,
#8036,#8037,#8038,#8039,#8040,#8041,#8042,#8043,#8044,#8045,#8046,#8047,
#8048,#8049,#8050,#8051,#8052,#8053,#8054,#8055,#8056,#8057,#8058,#8059,
#8060,#8061,#8062,#8063,#8064,#8065,#8066,#8067,#8068,#8069,#8070,#8071,
#8072,#8073,#8074,#8075,#8076,#8077,#8078,#8079,#8080,#8081,#8082,#8083,
#8084,#8085,#8086,#8087,#8088,#8089,#8090,#8091,#8092,#8093,#8094,#8095,
#8096,#8097,#8098,#8099,#8100,#8101,#8102,#8103,#8104,#8105,#8106,#8107,
#8108,#8109,#8110,#8111,#8112,#8113,#8114,#8115,#8116,#8117,#8118,#8119,
#8120,#8121,#8122,#8123,#8124,#8125,#8126,#8127,#8128,#8129,#8130,#8131,
#8132,#8133,#8134,#8135,#8136,#8137,#8138,#8139,#8140,#8141,#8142,#8143,
#8144,#8145,#8146,#8147,#8148,#8149,#8150,#8151,#8152,#8153,#8154,#8155,
#8156,#8157,#8158,#8159,#8160,#8161,#8162,#8163,#8164,#8165,#8166,#8167,
#8168,#8169,#8170,#8171,#8172,#8173,#8174,#8175,#8176,#8177,#8178,#8179,
#8180,#8181,#8182,#8183,#8184,#8185,#8186,#8187,#8188,#8189,#8190,#8191,
#8192,#8193,#8194,#8195,#8196,#8197,#8198,#8199,#8200,#8201,#8202,#8203,
#8204,#8205,#8206,#8207,#8208,#8209,#8210,#8211,#8212,#8213,#8214,#8215,
#8216,#8217,#8218,#8219,#8220,#8221,#8222,#8223,#8224,#8225,#8226,#8227,
#8228,#8229,#8230,#8231,#8232,#8233,#8234,#8235,#8236,#8237,#8238,#8239,
#8240,#8241,#8242,#8243,#8244,#8245,#8246,#8247,#8248,#8249,#8250,#8251,
#8252,#8253,#8254,#8255,#8256,#8257,#8258,#8259,#8260,#8261,#8262,#8263,
#8264,#8265,#8266,#8267,#8268,#8269,#8270,#8271,#8272,#8273,#8274,#8275,
#8276,#8277,#8278,#8279,#8280,#8281,#8282,#8283,#8284,#8285,#8286,#8287,
#8288,#8289,#8290,#8291,#8292,#8293,#8294,#8295,#8296,#8297,#8298,#8299),
#15199);
#11=ITEM_DEFINED_TRANSFORMATION($,$,#8772,#9420);
#12=ITEM_DEFINED_TRANSFORMATION($,$,#8771,#9421);
#13=(
REPRESENTATION_RELATIONSHIP($,$,#15214,#15213)
REPRESENTATION_RELATIONSHIP_WITH_TRANSFORMATION(#11)
SHAPE_REPRESENTATION_RELATIONSHIP()
);
#14=(
REPRESENTATION_RELATIONSHIP($,$,#15213,#15212)
REPRESENTATION_RELATIONSHIP_WITH_TRANSFORMATION(#12)
SHAPE_REPRESENTATION_RELATIONSHIP()
);
#15=CONTEXT_DEPENDENT_SHAPE_REPRESENTATION(#13,#15210);
#16=CONTEXT_DEPENDENT_SHAPE_REPRESENTATION(#14,#15211);
#17=NEXT_ASSEMBLY_USAGE_OCCURRENCE(
'SW-TH_SA-0-102-C04-0004-WP~SW-TH_SA-0-102-C04-0004-WP~wWw8:1',
'SW-TH_SA-0-102-C04-0004-WP~SW-TH_SA-0-102-C04-0004-WP~wWw8:1',
'SW-TH_SA-0-102-C04-0004-WP~SW-TH_SA-0-102-C04-0004-WP~wWw8:1',#15217,#15218,
'SW-TH_SA-0-102-C04-0004-WP~SW-TH_SA-0-102-C04-0004-WP~wWw8:1');
#18=NEXT_ASSEMBLY_USAGE_OCCURRENCE(
'SW1~SW-TH_SA-0-102-C04-0004-WP~SW-TH_SA-0-102-C04-0004-WP~czE1:1',
'SW1~SW-TH_SA-0-102-C04-0004-WP~SW-TH_SA-0-102-C04-0004-WP~czE1:1',
'SW1~SW-TH_SA-0-102-C04-0004-WP~SW-TH_SA-0-102-C04-0004-WP~czE1:1',#15216,
#15217,
'SW1~SW-TH_SA-0-102-C04-0004-WP~SW-TH_SA-0-102-C04-0004-WP~czE1:1');
#19=SHAPE_REPRESENTATION_RELATIONSHIP('SRR','None',#15214,#20);
#20=ADVANCED_BREP_SHAPE_REPRESENTATION('',(#239,#240,#241),#15198);
#21=B_SPLINE_SURFACE_WITH_KNOTS('',3,1,((#13126,#13127),(#13128,#13129),
(#13130,#13131),(#13132,#13133)),.UNSPECIFIED.,.F.,.F.,.F.,(4,4),(2,2),
(0.,1.),(0.,0.000119999999999987),.UNSPECIFIED.);
#22=B_SPLINE_SURFACE_WITH_KNOTS('',3,1,((#13146,#13147),(#13148,#13149),
(#13150,#13151),(#13152,#13153)),.UNSPECIFIED.,.F.,.F.,.F.,(4,4),(2,2),
(12.,13.),(0.,0.000119999999999987),.UNSPECIFIED.);
#23=B_SPLINE_SURFACE_WITH_KNOTS('',3,1,((#13157,#13158),(#13159,#13160),
(#13161,#13162),(#13163,#13164)),.UNSPECIFIED.,.F.,.F.,.F.,(4,4),(2,2),
(11.,12.),(0.,0.000119999999999987),.UNSPECIFIED.);
#24=B_SPLINE_SURFACE_WITH_KNOTS('',3,1,((#13168,#13169),(#13170,#13171),
(#13172,#13173),(#13174,#13175)),.UNSPECIFIED.,.F.,.F.,.F.,(4,4),(2,2),
(10.,11.),(0.,0.000119999999999987),.UNSPECIFIED.);
#25=B_SPLINE_SURFACE_WITH_KNOTS('',3,1,((#13182,#13183),(#13184,#13185),
(#13186,#13187),(#13188,#13189)),.UNSPECIFIED.,.F.,.F.,.F.,(4,4),(2,2),
(9.,10.),(0.,0.000119999999999987),.UNSPECIFIED.);
#26=B_SPLINE_SURFACE_WITH_KNOTS('',3,1,((#13196,#13197),(#13198,#13199),
(#13200,#13201),(#13202,#13203)),.UNSPECIFIED.,.F.,.F.,.F.,(4,4),(2,2),
(8.,9.),(0.,0.000119999999999987),.UNSPECIFIED.);
#27=B_SPLINE_SURFACE_WITH_KNOTS('',3,1,((#13210,#13211),(#13212,#13213),
(#13214,#13215),(#13216,#13217)),.UNSPECIFIED.,.F.,.F.,.F.,(4,4),(2,2),
(7.,8.),(0.,0.000119999999999987),.UNSPECIFIED.);
#28=B_SPLINE_SURFACE_WITH_KNOTS('',3,1,((#13228,#13229),(#13230,#13231),
(#13232,#13233),(#13234,#13235)),.UNSPECIFIED.,.F.,.F.,.F.,(4,4),(2,2),
(5.,6.),(0.,0.000119999999999987),.UNSPECIFIED.);
#29=B_SPLINE_SURFACE_WITH_KNOTS('',3,1,((#13239,#13240),(#13241,#13242),
(#13243,#13244),(#13245,#13246)),.UNSPECIFIED.,.F.,.F.,.F.,(4,4),(2,2),
(4.,5.),(0.,0.000119999999999987),.UNSPECIFIED.);
#30=B_SPLINE_SURFACE_WITH_KNOTS('',3,1,((#13253,#13254),(#13255,#13256),
(#13257,#13258),(#13259,#13260)),.UNSPECIFIED.,.F.,.F.,.F.,(4,4),(2,2),
(3.,4.),(0.,0.000119999999999987),.UNSPECIFIED.);
#31=B_SPLINE_SURFACE_WITH_KNOTS('',3,1,((#13267,#13268),(#13269,#13270),
(#13271,#13272),(#13273,#13274)),.UNSPECIFIED.,.F.,.F.,.F.,(4,4),(2,2),
(2.,3.),(0.,0.000119999999999987),.UNSPECIFIED.);
#32=B_SPLINE_SURFACE_WITH_KNOTS('',3,1,((#13278,#13279),(#13280,#13281),
(#13282,#13283),(#13284,#13285)),.UNSPECIFIED.,.F.,.F.,.F.,(4,4),(2,2),
(1.,2.),(0.,0.000119999999999987),.UNSPECIFIED.);
#33=B_SPLINE_SURFACE_WITH_KNOTS('',3,1,((#13378,#13379),(#13380,#13381),
(#13382,#13383),(#13384,#13385)),.UNSPECIFIED.,.F.,.F.,.F.,(4,4),(2,2),
(5.,6.),(0.,0.000119999999999987),.UNSPECIFIED.);
#34=B_SPLINE_SURFACE_WITH_KNOTS('',3,1,((#13387,#13388),(#13389,#13390),
(#13391,#13392),(#13393,#13394)),.UNSPECIFIED.,.F.,.F.,.F.,(4,4),(2,2),
(4.,5.),(0.,0.000119999999999987),.UNSPECIFIED.);
#35=B_SPLINE_SURFACE_WITH_KNOTS('',3,1,((#13396,#13397),(#13398,#13399),
(#13400,#13401),(#13402,#13403)),.UNSPECIFIED.,.F.,.F.,.F.,(4,4),(2,2),
(3.,4.),(0.,0.000119999999999987),.UNSPECIFIED.);
#36=B_SPLINE_SURFACE_WITH_KNOTS('',3,1,((#13405,#13406),(#13407,#13408),
(#13409,#13410),(#13411,#13412)),.UNSPECIFIED.,.F.,.F.,.F.,(4,4),(2,2),
(2.,3.),(0.,0.000119999999999987),.UNSPECIFIED.);
#37=B_SPLINE_SURFACE_WITH_KNOTS('',3,1,((#13431,#13432),(#13433,#13434),
(#13435,#13436),(#13437,#13438)),.UNSPECIFIED.,.F.,.F.,.F.,(4,4),(2,2),
(2.,3.),(0.,0.000119999999999987),.UNSPECIFIED.);
#38=B_SPLINE_SURFACE_WITH_KNOTS('',3,1,((#13442,#13443),(#13444,#13445),
(#13446,#13447),(#13448,#13449)),.UNSPECIFIED.,.F.,.F.,.F.,(4,4),(2,2),
(3.,4.),(0.,0.000119999999999987),.UNSPECIFIED.);
#39=B_SPLINE_SURFACE_WITH_KNOTS('',3,1,((#13453,#13454),(#13455,#13456),
(#13457,#13458),(#13459,#13460)),.UNSPECIFIED.,.F.,.F.,.F.,(4,4),(2,2),
(4.,5.),(0.,0.000119999999999987),.UNSPECIFIED.);
#40=B_SPLINE_SURFACE_WITH_KNOTS('',3,1,((#13464,#13465),(#13466,#13467),
(#13468,#13469),(#13470,#13471)),.UNSPECIFIED.,.F.,.F.,.F.,(4,4),(2,2),
(5.,6.),(0.,0.000119999999999987),.UNSPECIFIED.);
#41=B_SPLINE_SURFACE_WITH_KNOTS('',3,1,((#13535,#13536),(#13537,#13538),
(#13539,#13540),(#13541,#13542)),.UNSPECIFIED.,.F.,.F.,.F.,(4,4),(2,2),
(1.,2.),(0.,0.000119999999999987),.UNSPECIFIED.);
#42=B_SPLINE_SURFACE_WITH_KNOTS('',3,1,((#13553,#13554),(#13555,#13556),
(#13557,#13558),(#13559,#13560)),.UNSPECIFIED.,.F.,.F.,.F.,(4,4),(2,2),
(3.,4.),(0.,0.000119999999999987),.UNSPECIFIED.);
#43=B_SPLINE_SURFACE_WITH_KNOTS('',3,1,((#13688,#13689),(#13690,#13691),
(#13692,#13693),(#13694,#13695)),.UNSPECIFIED.,.F.,.F.,.F.,(4,4),(2,2),
(0.,1.),(0.,0.000119999999999987),.UNSPECIFIED.);
#44=B_SPLINE_SURFACE_WITH_KNOTS('',3,1,((#13700,#13701),(#13702,#13703),
(#13704,#13705),(#13706,#13707)),.UNSPECIFIED.,.F.,.F.,.F.,(4,4),(2,2),
(12.,13.),(0.,0.000119999999999987),.UNSPECIFIED.);
#45=B_SPLINE_SURFACE_WITH_KNOTS('',3,1,((#13709,#13710),(#13711,#13712),
(#13713,#13714),(#13715,#13716)),.UNSPECIFIED.,.F.,.F.,.F.,(4,4),(2,2),
(11.,12.),(0.,0.000119999999999987),.UNSPECIFIED.);
#46=B_SPLINE_SURFACE_WITH_KNOTS('',3,1,((#13720,#13721),(#13722,#13723),
(#13724,#13725),(#13726,#13727)),.UNSPECIFIED.,.F.,.F.,.F.,(4,4),(2,2),
(9.,10.),(0.,0.000119999999999987),.UNSPECIFIED.);
#47=B_SPLINE_SURFACE_WITH_KNOTS('',3,1,((#13729,#13730),(#13731,#13732),
(#13733,#13734),(#13735,#13736)),.UNSPECIFIED.,.F.,.F.,.F.,(4,4),(2,2),
(8.,9.),(0.,0.000119999999999987),.UNSPECIFIED.);
#48=B_SPLINE_SURFACE_WITH_KNOTS('',3,1,((#13738,#13739),(#13740,#13741),
(#13742,#13743),(#13744,#13745)),.UNSPECIFIED.,.F.,.F.,.F.,(4,4),(2,2),
(7.,8.),(0.,0.000119999999999987),.UNSPECIFIED.);
#49=B_SPLINE_SURFACE_WITH_KNOTS('',3,1,((#13747,#13748),(#13749,#13750),
(#13751,#13752),(#13753,#13754)),.UNSPECIFIED.,.F.,.F.,.F.,(4,4),(2,2),
(6.,7.),(0.,0.000119999999999987),.UNSPECIFIED.);
#50=B_SPLINE_SURFACE_WITH_KNOTS('',3,1,((#13764,#13765),(#13766,#13767),
(#13768,#13769),(#13770,#13771)),.UNSPECIFIED.,.F.,.F.,.F.,(4,4),(2,2),
(1.,2.),(0.,0.000119999999999987),.UNSPECIFIED.);
#51=B_SPLINE_SURFACE_WITH_KNOTS('',3,1,((#13772,#13773),(#13774,#13775),
(#13776,#13777),(#13778,#13779)),.UNSPECIFIED.,.F.,.F.,.F.,(4,4),(2,2),
(0.,1.),(0.,0.000119999999999987),.UNSPECIFIED.);
#52=B_SPLINE_SURFACE_WITH_KNOTS('',3,1,((#13788,#13789),(#13790,#13791),
(#13792,#13793),(#13794,#13795)),.UNSPECIFIED.,.F.,.F.,.F.,(4,4),(2,2),
(1.,2.),(0.,0.000119999999999987),.UNSPECIFIED.);
#53=B_SPLINE_SURFACE_WITH_KNOTS('',3,1,((#13799,#13800),(#13801,#13802),
(#13803,#13804),(#13805,#13806)),.UNSPECIFIED.,.F.,.F.,.F.,(4,4),(2,2),
(2.,3.),(0.,0.000119999999999987),.UNSPECIFIED.);
#54=B_SPLINE_SURFACE_WITH_KNOTS('',3,1,((#13813,#13814),(#13815,#13816),
(#13817,#13818),(#13819,#13820)),.UNSPECIFIED.,.F.,.F.,.F.,(4,4),(2,2),
(3.,4.),(0.,0.000119999999999987),.UNSPECIFIED.);
#55=B_SPLINE_SURFACE_WITH_KNOTS('',3,1,((#13824,#13825),(#13826,#13827),
(#13828,#13829),(#13830,#13831)),.UNSPECIFIED.,.F.,.F.,.F.,(4,4),(2,2),
(4.,5.),(0.,0.000119999999999987),.UNSPECIFIED.);
#56=B_SPLINE_SURFACE_WITH_KNOTS('',3,1,((#13835,#13836),(#13837,#13838),
(#13839,#13840),(#13841,#13842)),.UNSPECIFIED.,.F.,.F.,.F.,(4,4),(2,2),
(5.,6.),(0.,0.000119999999999987),.UNSPECIFIED.);
#57=B_SPLINE_SURFACE_WITH_KNOTS('',3,1,((#13856,#13857),(#13858,#13859),
(#13860,#13861),(#13862,#13863)),.UNSPECIFIED.,.F.,.F.,.F.,(4,4),(2,2),
(0.,1.),(0.,0.000119999999999987),.UNSPECIFIED.);
#58=B_SPLINE_SURFACE_WITH_KNOTS('',3,1,((#13876,#13877),(#13878,#13879),
(#13880,#13881),(#13882,#13883)),.UNSPECIFIED.,.F.,.F.,.F.,(4,4),(2,2),
(19.,20.),(0.,0.000119999999999987),.UNSPECIFIED.);
#59=B_SPLINE_SURFACE_WITH_KNOTS('',3,1,((#13887,#13888),(#13889,#13890),
(#13891,#13892),(#13893,#13894)),.UNSPECIFIED.,.F.,.F.,.F.,(4,4),(2,2),
(18.,19.),(0.,0.000119999999999987),.UNSPECIFIED.);
#60=B_SPLINE_SURFACE_WITH_KNOTS('',3,1,((#13898,#13899),(#13900,#13901),
(#13902,#13903),(#13904,#13905)),.UNSPECIFIED.,.F.,.F.,.F.,(4,4),(2,2),
(17.,18.),(0.,0.000119999999999987),.UNSPECIFIED.);
#61=B_SPLINE_SURFACE_WITH_KNOTS('',3,1,((#13909,#13910),(#13911,#13912),
(#13913,#13914),(#13915,#13916)),.UNSPECIFIED.,.F.,.F.,.F.,(4,4),(2,2),
(16.,17.),(0.,0.000119999999999987),.UNSPECIFIED.);
#62=B_SPLINE_SURFACE_WITH_KNOTS('',3,1,((#13920,#13921),(#13922,#13923),
(#13924,#13925),(#13926,#13927)),.UNSPECIFIED.,.F.,.F.,.F.,(4,4),(2,2),
(15.,16.),(0.,0.000119999999999987),.UNSPECIFIED.);
#63=B_SPLINE_SURFACE_WITH_KNOTS('',3,1,((#13931,#13932),(#13933,#13934),
(#13935,#13936),(#13937,#13938)),.UNSPECIFIED.,.F.,.F.,.F.,(4,4),(2,2),
(14.,15.),(0.,0.000119999999999987),.UNSPECIFIED.);
#64=B_SPLINE_SURFACE_WITH_KNOTS('',3,1,((#13942,#13943),(#13944,#13945),
(#13946,#13947),(#13948,#13949)),.UNSPECIFIED.,.F.,.F.,.F.,(4,4),(2,2),
(13.,14.),(0.,0.000119999999999987),.UNSPECIFIED.);
#65=B_SPLINE_SURFACE_WITH_KNOTS('',3,1,((#13956,#13957),(#13958,#13959),
(#13960,#13961),(#13962,#13963)),.UNSPECIFIED.,.F.,.F.,.F.,(4,4),(2,2),
(12.,13.),(0.,0.000119999999999987),.UNSPECIFIED.);
#66=B_SPLINE_SURFACE_WITH_KNOTS('',3,1,((#13967,#13968),(#13969,#13970),
(#13971,#13972),(#13973,#13974)),.UNSPECIFIED.,.F.,.F.,.F.,(4,4),(2,2),
(11.,12.),(0.,0.000119999999999987),.UNSPECIFIED.);
#67=B_SPLINE_SURFACE_WITH_KNOTS('',3,1,((#13981,#13982),(#13983,#13984),
(#13985,#13986),(#13987,#13988)),.UNSPECIFIED.,.F.,.F.,.F.,(4,4),(2,2),
(10.,11.),(0.,0.000119999999999987),.UNSPECIFIED.);
#68=B_SPLINE_SURFACE_WITH_KNOTS('',3,1,((#13999,#14000),(#14001,#14002),
(#14003,#14004),(#14005,#14006)),.UNSPECIFIED.,.F.,.F.,.F.,(4,4),(2,2),
(8.,9.),(0.,0.000119999999999987),.UNSPECIFIED.);
#69=B_SPLINE_SURFACE_WITH_KNOTS('',3,1,((#14013,#14014),(#14015,#14016),
(#14017,#14018),(#14019,#14020)),.UNSPECIFIED.,.F.,.F.,.F.,(4,4),(2,2),
(7.,8.),(0.,0.000119999999999987),.UNSPECIFIED.);
#70=B_SPLINE_SURFACE_WITH_KNOTS('',3,1,((#14027,#14028),(#14029,#14030),
(#14031,#14032),(#14033,#14034)),.UNSPECIFIED.,.F.,.F.,.F.,(4,4),(2,2),
(6.,7.),(0.,0.000119999999999987),.UNSPECIFIED.);
#71=B_SPLINE_SURFACE_WITH_KNOTS('',3,1,((#14041,#14042),(#14043,#14044),
(#14045,#14046),(#14047,#14048)),.UNSPECIFIED.,.F.,.F.,.F.,(4,4),(2,2),
(5.,6.),(0.,0.000119999999999987),.UNSPECIFIED.);
#72=B_SPLINE_SURFACE_WITH_KNOTS('',3,1,((#14052,#14053),(#14054,#14055),
(#14056,#14057),(#14058,#14059)),.UNSPECIFIED.,.F.,.F.,.F.,(4,4),(2,2),
(4.,5.),(0.,0.000119999999999987),.UNSPECIFIED.);
#73=B_SPLINE_SURFACE_WITH_KNOTS('',3,1,((#14063,#14064),(#14065,#14066),
(#14067,#14068),(#14069,#14070)),.UNSPECIFIED.,.F.,.F.,.F.,(4,4),(2,2),
(3.,4.),(0.,0.000119999999999987),.UNSPECIFIED.);
#74=B_SPLINE_SURFACE_WITH_KNOTS('',3,1,((#14074,#14075),(#14076,#14077),
(#14078,#14079),(#14080,#14081)),.UNSPECIFIED.,.F.,.F.,.F.,(4,4),(2,2),
(2.,3.),(0.,0.000119999999999987),.UNSPECIFIED.);
#75=B_SPLINE_SURFACE_WITH_KNOTS('',3,1,((#14088,#14089),(#14090,#14091),
(#14092,#14093),(#14094,#14095)),.UNSPECIFIED.,.F.,.F.,.F.,(4,4),(2,2),
(1.,2.),(0.,0.000119999999999987),.UNSPECIFIED.);
#76=B_SPLINE_SURFACE_WITH_KNOTS('',3,1,((#14108,#14109),(#14110,#14111),
(#14112,#14113),(#14114,#14115)),.UNSPECIFIED.,.F.,.F.,.F.,(4,4),(2,2),
(12.,13.),(0.,0.000119999999999987),.UNSPECIFIED.);
#77=B_SPLINE_SURFACE_WITH_KNOTS('',3,1,((#14146,#14147),(#14148,#14149),
(#14150,#14151),(#14152,#14153)),.UNSPECIFIED.,.F.,.F.,.F.,(4,4),(2,2),
(5.,6.),(0.,0.000119999999999987),.UNSPECIFIED.);
#78=B_SPLINE_SURFACE_WITH_KNOTS('',3,1,((#14160,#14161),(#14162,#14163),
(#14164,#14165),(#14166,#14167)),.UNSPECIFIED.,.F.,.F.,.F.,(4,4),(2,2),
(4.,5.),(0.,0.000119999999999987),.UNSPECIFIED.);
#79=B_SPLINE_SURFACE_WITH_KNOTS('',3,1,((#14178,#14179),(#14180,#14181),
(#14182,#14183),(#14184,#14185)),.UNSPECIFIED.,.F.,.F.,.F.,(4,4),(2,2),
(2.,3.),(0.,0.000119999999999987),.UNSPECIFIED.);
#80=B_SPLINE_SURFACE_WITH_KNOTS('',3,1,((#14189,#14190),(#14191,#14192),
(#14193,#14194),(#14195,#14196)),.UNSPECIFIED.,.F.,.F.,.F.,(4,4),(2,2),
(1.,2.),(0.,0.000119999999999987),.UNSPECIFIED.);
#81=B_SPLINE_SURFACE_WITH_KNOTS('',3,1,((#14293,#14294),(#14295,#14296),
(#14297,#14298),(#14299,#14300)),.UNSPECIFIED.,.F.,.F.,.F.,(4,4),(2,2),
(5.,6.),(0.,0.000119999999999987),.UNSPECIFIED.);
#82=B_SPLINE_SURFACE_WITH_KNOTS('',3,1,((#14302,#14303),(#14304,#14305),
(#14306,#14307),(#14308,#14309)),.UNSPECIFIED.,.F.,.F.,.F.,(4,4),(2,2),
(4.,5.),(0.,0.000119999999999987),.UNSPECIFIED.);
#83=B_SPLINE_SURFACE_WITH_KNOTS('',3,1,((#14311,#14312),(#14313,#14314),
(#14315,#14316),(#14317,#14318)),.UNSPECIFIED.,.F.,.F.,.F.,(4,4),(2,2),
(3.,4.),(0.,0.000119999999999987),.UNSPECIFIED.);
#84=B_SPLINE_SURFACE_WITH_KNOTS('',3,1,((#14320,#14321),(#14322,#14323),
(#14324,#14325),(#14326,#14327)),.UNSPECIFIED.,.F.,.F.,.F.,(4,4),(2,2),
(2.,3.),(0.,0.000119999999999987),.UNSPECIFIED.);
#85=B_SPLINE_SURFACE_WITH_KNOTS('',3,1,((#14346,#14347),(#14348,#14349),
(#14350,#14351),(#14352,#14353)),.UNSPECIFIED.,.F.,.F.,.F.,(4,4),(2,2),
(2.,3.),(0.,0.000119999999999987),.UNSPECIFIED.);
#86=B_SPLINE_SURFACE_WITH_KNOTS('',3,1,((#14357,#14358),(#14359,#14360),
(#14361,#14362),(#14363,#14364)),.UNSPECIFIED.,.F.,.F.,.F.,(4,4),(2,2),
(3.,4.),(0.,0.000119999999999987),.UNSPECIFIED.);
#87=B_SPLINE_SURFACE_WITH_KNOTS('',3,1,((#14368,#14369),(#14370,#14371),
(#14372,#14373),(#14374,#14375)),.UNSPECIFIED.,.F.,.F.,.F.,(4,4),(2,2),
(4.,5.),(0.,0.000119999999999987),.UNSPECIFIED.);
#88=B_SPLINE_SURFACE_WITH_KNOTS('',3,1,((#14379,#14380),(#14381,#14382),
(#14383,#14384),(#14385,#14386)),.UNSPECIFIED.,.F.,.F.,.F.,(4,4),(2,2),
(5.,6.),(0.,0.000119999999999987),.UNSPECIFIED.);
#89=B_SPLINE_SURFACE_WITH_KNOTS('',3,1,((#14450,#14451),(#14452,#14453),
(#14454,#14455),(#14456,#14457)),.UNSPECIFIED.,.F.,.F.,.F.,(4,4),(2,2),
(1.,2.),(0.,0.000119999999999987),.UNSPECIFIED.);
#90=B_SPLINE_SURFACE_WITH_KNOTS('',3,1,((#14468,#14469),(#14470,#14471),
(#14472,#14473),(#14474,#14475)),.UNSPECIFIED.,.F.,.F.,.F.,(4,4),(2,2),
(3.,4.),(0.,0.000119999999999987),.UNSPECIFIED.);
#91=B_SPLINE_SURFACE_WITH_KNOTS('',3,1,((#14621,#14622),(#14623,#14624),
(#14625,#14626),(#14627,#14628)),.UNSPECIFIED.,.F.,.F.,.F.,(4,4),(2,2),
(35.,36.),(0.,0.000119999999999987),.UNSPECIFIED.);
#92=B_SPLINE_SURFACE_WITH_KNOTS('',3,1,((#14631,#14632),(#14633,#14634),
(#14635,#14636),(#14637,#14638)),.UNSPECIFIED.,.F.,.F.,.F.,(4,4),(2,2),
(0.,1.),(0.,0.000119999999999987),.UNSPECIFIED.);
#93=B_SPLINE_SURFACE_WITH_KNOTS('',3,1,((#14640,#14641),(#14642,#14643),
(#14644,#14645),(#14646,#14647)),.UNSPECIFIED.,.F.,.F.,.F.,(4,4),(2,2),
(1.,2.),(0.,0.000119999999999987),.UNSPECIFIED.);
#94=B_SPLINE_SURFACE_WITH_KNOTS('',3,1,((#14649,#14650),(#14651,#14652),
(#14653,#14654),(#14655,#14656)),.UNSPECIFIED.,.F.,.F.,.F.,(4,4),(2,2),
(2.,3.),(0.,0.000119999999999987),.UNSPECIFIED.);
#95=B_SPLINE_SURFACE_WITH_KNOTS('',3,1,((#14658,#14659),(#14660,#14661),
(#14662,#14663),(#14664,#14665)),.UNSPECIFIED.,.F.,.F.,.F.,(4,4),(2,2),
(3.,4.),(0.,0.000119999999999987),.UNSPECIFIED.);
#96=B_SPLINE_SURFACE_WITH_KNOTS('',3,1,((#14667,#14668),(#14669,#14670),
(#14671,#14672),(#14673,#14674)),.UNSPECIFIED.,.F.,.F.,.F.,(4,4),(2,2),
(4.,5.),(0.,0.000119999999999987),.UNSPECIFIED.);
#97=B_SPLINE_SURFACE_WITH_KNOTS('',3,1,((#14676,#14677),(#14678,#14679),
(#14680,#14681),(#14682,#14683)),.UNSPECIFIED.,.F.,.F.,.F.,(4,4),(2,2),
(5.,6.),(0.,0.000119999999999987),.UNSPECIFIED.);
#98=B_SPLINE_SURFACE_WITH_KNOTS('',3,1,((#14685,#14686),(#14687,#14688),
(#14689,#14690),(#14691,#14692)),.UNSPECIFIED.,.F.,.F.,.F.,(4,4),(2,2),
(6.,7.),(0.,0.000119999999999987),.UNSPECIFIED.);
#99=B_SPLINE_SURFACE_WITH_KNOTS('',3,1,((#14694,#14695),(#14696,#14697),
(#14698,#14699),(#14700,#14701)),.UNSPECIFIED.,.F.,.F.,.F.,(4,4),(2,2),
(7.,8.),(0.,0.000119999999999987),.UNSPECIFIED.);
#100=B_SPLINE_SURFACE_WITH_KNOTS('',3,1,((#14703,#14704),(#14705,#14706),
(#14707,#14708),(#14709,#14710)),.UNSPECIFIED.,.F.,.F.,.F.,(4,4),(2,2),
(8.,9.),(0.,0.000119999999999987),.UNSPECIFIED.);
#101=B_SPLINE_SURFACE_WITH_KNOTS('',3,1,((#14712,#14713),(#14714,#14715),
(#14716,#14717),(#14718,#14719)),.UNSPECIFIED.,.F.,.F.,.F.,(4,4),(2,2),
(9.,10.),(0.,0.000119999999999987),.UNSPECIFIED.);
#102=B_SPLINE_SURFACE_WITH_KNOTS('',3,1,((#14721,#14722),(#14723,#14724),
(#14725,#14726),(#14727,#14728)),.UNSPECIFIED.,.F.,.F.,.F.,(4,4),(2,2),
(10.,11.),(0.,0.000119999999999987),.UNSPECIFIED.);
#103=B_SPLINE_SURFACE_WITH_KNOTS('',3,1,((#14738,#14739),(#14740,#14741),
(#14742,#14743),(#14744,#14745)),.UNSPECIFIED.,.F.,.F.,.F.,(4,4),(2,2),
(15.,16.),(0.,0.000119999999999987),.UNSPECIFIED.);
#104=B_SPLINE_SURFACE_WITH_KNOTS('',3,1,((#14747,#14748),(#14749,#14750),
(#14751,#14752),(#14753,#14754)),.UNSPECIFIED.,.F.,.F.,.F.,(4,4),(2,2),
(16.,17.),(0.,0.000119999999999987),.UNSPECIFIED.);
#105=B_SPLINE_SURFACE_WITH_KNOTS('',3,1,((#14756,#14757),(#14758,#14759),
(#14760,#14761),(#14762,#14763)),.UNSPECIFIED.,.F.,.F.,.F.,(4,4),(2,2),
(17.,18.),(0.,0.000119999999999987),.UNSPECIFIED.);
#106=B_SPLINE_SURFACE_WITH_KNOTS('',3,1,((#14765,#14766),(#14767,#14768),
(#14769,#14770),(#14771,#14772)),.UNSPECIFIED.,.F.,.F.,.F.,(4,4),(2,2),
(18.,19.),(0.,0.000119999999999987),.UNSPECIFIED.);
#107=B_SPLINE_SURFACE_WITH_KNOTS('',3,1,((#14774,#14775),(#14776,#14777),
(#14778,#14779),(#14780,#14781)),.UNSPECIFIED.,.F.,.F.,.F.,(4,4),(2,2),
(19.,20.),(0.,0.000119999999999987),.UNSPECIFIED.);
#108=B_SPLINE_SURFACE_WITH_KNOTS('',3,1,((#14783,#14784),(#14785,#14786),
(#14787,#14788),(#14789,#14790)),.UNSPECIFIED.,.F.,.F.,.F.,(4,4),(2,2),
(20.,21.),(0.,0.000119999999999987),.UNSPECIFIED.);
#109=B_SPLINE_SURFACE_WITH_KNOTS('',3,1,((#14792,#14793),(#14794,#14795),
(#14796,#14797),(#14798,#14799)),.UNSPECIFIED.,.F.,.F.,.F.,(4,4),(2,2),
(21.,22.),(0.,0.000119999999999987),.UNSPECIFIED.);
#110=B_SPLINE_SURFACE_WITH_KNOTS('',3,1,((#14803,#14804),(#14805,#14806),
(#14807,#14808),(#14809,#14810)),.UNSPECIFIED.,.F.,.F.,.F.,(4,4),(2,2),
(23.,24.),(0.,0.000119999999999987),.UNSPECIFIED.);
#111=B_SPLINE_SURFACE_WITH_KNOTS('',3,1,((#14812,#14813),(#14814,#14815),
(#14816,#14817),(#14818,#14819)),.UNSPECIFIED.,.F.,.F.,.F.,(4,4),(2,2),
(24.,25.),(0.,0.000119999999999987),.UNSPECIFIED.);
#112=B_SPLINE_SURFACE_WITH_KNOTS('',3,1,((#14823,#14824),(#14825,#14826),
(#14827,#14828),(#14829,#14830)),.UNSPECIFIED.,.F.,.F.,.F.,(4,4),(2,2),
(26.,27.),(0.,0.000119999999999987),.UNSPECIFIED.);
#113=B_SPLINE_SURFACE_WITH_KNOTS('',3,1,((#14832,#14833),(#14834,#14835),
(#14836,#14837),(#14838,#14839)),.UNSPECIFIED.,.F.,.F.,.F.,(4,4),(2,2),
(27.,28.),(0.,0.000119999999999987),.UNSPECIFIED.);
#114=B_SPLINE_SURFACE_WITH_KNOTS('',3,1,((#14841,#14842),(#14843,#14844),
(#14845,#14846),(#14847,#14848)),.UNSPECIFIED.,.F.,.F.,.F.,(4,4),(2,2),
(28.,29.),(0.,0.000119999999999987),.UNSPECIFIED.);
#115=B_SPLINE_SURFACE_WITH_KNOTS('',3,1,((#14852,#14853),(#14854,#14855),
(#14856,#14857),(#14858,#14859)),.UNSPECIFIED.,.F.,.F.,.F.,(4,4),(2,2),
(33.,34.),(0.,0.000119999999999987),.UNSPECIFIED.);
#116=B_SPLINE_SURFACE_WITH_KNOTS('',3,1,((#14861,#14862),(#14863,#14864),
(#14865,#14866),(#14867,#14868)),.UNSPECIFIED.,.F.,.F.,.F.,(4,4),(2,2),
(34.,35.),(0.,0.000119999999999987),.UNSPECIFIED.);
#117=B_SPLINE_SURFACE_WITH_KNOTS('',3,1,((#14869,#14870),(#14871,#14872),
(#14873,#14874),(#14875,#14876),(#14877,#14878),(#14879,#14880),(#14881,
#14882)),.UNSPECIFIED.,.F.,.F.,.F.,(4,3,4),(2,2),(0.,1.,2.),(0.,0.000119999999999987),
 .UNSPECIFIED.);
#118=B_SPLINE_SURFACE_WITH_KNOTS('',3,1,((#14894,#14895),(#14896,#14897),
(#14898,#14899),(#14900,#14901),(#14902,#14903),(#14904,#14905)),
 .UNSPECIFIED.,.F.,.F.,.F.,(4,2,4),(2,2),(2.,3.,4.),(0.,0.000119999999999987),
 .UNSPECIFIED.);
#119=TOROIDAL_SURFACE('',#9076,0.4,0.2);
#120=TOROIDAL_SURFACE('',#9089,0.4,0.2);
#121=TOROIDAL_SURFACE('',#9091,0.4,0.2);
#122=TOROIDAL_SURFACE('',#9103,0.4,0.2);
#123=TOROIDAL_SURFACE('',#9105,0.4,0.2);
#124=TOROIDAL_SURFACE('',#9117,0.4,0.2);
#125=TOROIDAL_SURFACE('',#9119,0.4,0.2);
#126=TOROIDAL_SURFACE('',#9127,0.4,0.2);
#127=TOROIDAL_SURFACE('',#9349,2.6,0.1);
#128=TOROIDAL_SURFACE('',#9353,2.6,0.1);
#129=TOROIDAL_SURFACE('',#9409,20.099999999999,0.1);
#130=TOROIDAL_SURFACE('',#9412,20.099999999999,0.1);
#131=ELLIPSE('',#8892,44.7008577498457,2.59941370494111);
#132=ELLIPSE('',#8893,34.8477114525625,2.41342200158678);
#133=ELLIPSE('',#8894,17.2967984092954,0.659208935747728);
#134=ELLIPSE('',#8895,0.524509088460616,0.0486426557358274);
#135=ELLIPSE('',#8896,1.32949530780866,0.149425362476589);
#136=ELLIPSE('',#8897,1.24574874156745,0.264331267548306);
#137=ELLIPSE('',#8898,0.269793726576437,0.0831837000082032);
#138=ELLIPSE('',#8899,2.47107146464184,0.0957123861659658);
#139=ELLIPSE('',#8900,0.691884619464382,0.119602436944942);
#140=ELLIPSE('',#8901,4.12174319869053,0.474001239440218);
#141=ELLIPSE('',#8902,2.96970899005286,0.410007565895393);
#142=ELLIPSE('',#8903,3.15679130340655,0.52362276469248);
#143=ELLIPSE('',#8904,8.43757995351604,1.00355630591113);
#144=ELLIPSE('',#8905,44.7008580198805,2.59941371282318);
#145=ELLIPSE('',#8906,34.847712195037,2.41342202698591);
#146=ELLIPSE('',#8907,0.337992257904451,0.334259445494094);
#147=ELLIPSE('',#8908,0.413827987943347,0.370568797769548);
#148=ELLIPSE('',#8909,1.8235523921618,0.835452161386985);
#149=ELLIPSE('',#8910,0.38052869738068,0.366024808509326);
#150=ELLIPSE('',#8911,0.386312110047258,0.380950900263106);
#151=ELLIPSE('',#8912,0.450796703732135,0.417670463959099);
#152=ELLIPSE('',#8913,0.839618999229474,0.638098453769127);
#153=ELLIPSE('',#8914,0.489191692359019,0.409936801492258);
#154=ELLIPSE('',#8915,0.133669742090592,0.0556904304362295);
#155=ELLIPSE('',#8916,6.99324611793141,0.722597255673991);
#156=ELLIPSE('',#8917,9.98787594846207,0.815638281028261);
#157=ELLIPSE('',#8918,21.7712988005576,0.899279201368869);
#158=ELLIPSE('',#8919,17.8169778406081,1.62895794914323);
#159=ELLIPSE('',#8920,2.57792072931664,0.473013016849905);
#160=ELLIPSE('',#8921,11.1878923701693,1.08909276181324);
#161=ELLIPSE('',#8922,3.55433586785079,0.719432317727536);
#162=ELLIPSE('',#9002,0.205665950313019,0.198316245561141);
#163=ELLIPSE('',#9003,0.205665950305368,0.198316245566697);
#164=ELLIPSE('',#9080,0.282842712477616,0.200000000002065);
#165=ELLIPSE('',#9094,0.282842712479598,0.200000000003527);
#166=ELLIPSE('',#9108,0.282842712471246,0.199999999997608);
#167=ELLIPSE('',#9122,0.282842712473346,0.199999999999163);
#168=ELLIPSE('',#9131,0.282842712475352,0.200000000000647);
#169=ELLIPSE('',#9132,0.282842712473325,0.199999999999157);
#170=ELLIPSE('',#9134,0.282842712475608,0.200000000000569);
#171=ELLIPSE('',#9136,0.282842712477679,0.200000000002105);
#172=ELLIPSE('',#9139,0.282842712475363,0.200000000000655);
#173=ELLIPSE('',#9140,0.282842712473325,0.199999999999156);
#174=ELLIPSE('',#9142,0.282842712475613,0.200000000000576);
#175=ELLIPSE('',#9144,0.282842712477554,0.200000000002014);
#176=ELLIPSE('',#9147,0.282842712469039,0.199999999995324);
#177=ELLIPSE('',#9148,0.282842712473329,0.19999999999915);
#178=ELLIPSE('',#9150,0.282842712475504,0.200000000000501);
#179=ELLIPSE('',#9152,0.282842712468653,0.199999999992807);
#180=ELLIPSE('',#9166,3.55433586785079,0.719432317727536);
#181=ELLIPSE('',#9167,11.1878923701693,1.08909276181324);
#182=ELLIPSE('',#9169,2.57792072931664,0.473013016849905);
#183=ELLIPSE('',#9170,17.8169778406081,1.62895794914323);
#184=ELLIPSE('',#9186,34.8477114525625,2.41342200158678);
#185=ELLIPSE('',#9187,44.7008577498457,2.59941370494111);
#186=ELLIPSE('',#9188,27.3823632461935,1.81068415682228);
#187=ELLIPSE('',#9189,8.93938608921047,0.92717213836478);
#188=ELLIPSE('',#9190,13.9614390840839,1.22901245224601);
#189=ELLIPSE('',#9191,16.9466429725386,1.37421491549435);
#190=ELLIPSE('',#9198,16.9466429725386,1.37421491549435);
#191=ELLIPSE('',#9199,13.9614390840839,1.22901245224601);
#192=ELLIPSE('',#9200,8.93938608921047,0.92717213836478);
#193=ELLIPSE('',#9201,27.3823632461935,1.81068415682228);
#194=ELLIPSE('',#9231,21.7712988005576,0.899279201368869);
#195=ELLIPSE('',#9232,9.98787594846207,0.815638281028261);
#196=ELLIPSE('',#9233,6.99324611793141,0.722597255673991);
#197=ELLIPSE('',#9234,1.05522677934307,0.18980631962995);
#198=ELLIPSE('',#9235,1.78973384043312,0.318781080213716);
#199=ELLIPSE('',#9236,1.57696156289826,0.248840189819345);
#200=ELLIPSE('',#9243,1.05522677934307,0.18980631962995);
#201=ELLIPSE('',#9244,1.57696156289826,0.248840189819345);
#202=ELLIPSE('',#9245,1.78973384043312,0.318781080213716);
#203=ELLIPSE('',#9250,8.43757995351604,1.00355630591113);
#204=ELLIPSE('',#9251,3.15679130340655,0.52362276469248);
#205=ELLIPSE('',#9252,2.96970899005286,0.410007565895393);
#206=ELLIPSE('',#9253,4.12174319869053,0.474001239440218);
#207=ELLIPSE('',#9254,0.691884619464382,0.119602436944942);
#208=ELLIPSE('',#9255,2.47107146464184,0.0957123861659658);
#209=ELLIPSE('',#9256,0.269793726576437,0.0831837000082032);
#210=ELLIPSE('',#9258,1.24574874156745,0.264331267548306);
#211=ELLIPSE('',#9259,1.32949530780866,0.149425362476589);
#212=ELLIPSE('',#9260,0.524509088460616,0.0486426557358274);
#213=ELLIPSE('',#9261,17.2967984092954,0.659208935747728);
#214=ELLIPSE('',#9272,0.133669742090592,0.0556904304362295);
#215=ELLIPSE('',#9289,34.847712195037,2.41342202698591);
#216=ELLIPSE('',#9290,44.7008580198805,2.59941371282318);
#217=ELLIPSE('',#9291,27.3823572824114,1.81068395963786);
#218=ELLIPSE('',#9292,8.93938663773903,0.92717216690632);
#219=ELLIPSE('',#9293,13.9614396017511,1.22901247502092);
#220=ELLIPSE('',#9294,16.9466441440809,1.37421496290621);
#221=ELLIPSE('',#9301,16.9466441440809,1.37421496290621);
#222=ELLIPSE('',#9302,13.9614396017511,1.22901247502092);
#223=ELLIPSE('',#9303,8.93938663773903,0.92717216690632);
#224=ELLIPSE('',#9304,27.3823572824114,1.81068395963786);
#225=ELLIPSE('',#9321,0.489191692359019,0.409936801492258);
#226=ELLIPSE('',#9322,0.839618999229474,0.638098453769127);
#227=ELLIPSE('',#9323,0.450796703732135,0.417670463959099);
#228=ELLIPSE('',#9324,0.386312110047258,0.380950900263106);
#229=ELLIPSE('',#9325,0.38052869738068,0.366024808509326);
#230=ELLIPSE('',#9326,1.8235523921618,0.835452161386985);
#231=ELLIPSE('',#9327,0.413827987943347,0.370568797769548);
#232=ELLIPSE('',#9328,0.337992257904451,0.334259445494094);
#233=ELLIPSE('',#9368,0.106075779540983,0.0999999999979277);
#234=ELLIPSE('',#9370,0.1060757795443,0.0999999999999501);
#235=ELLIPSE('',#9371,0.106075779546355,0.100000000001989);
#236=ELLIPSE('',#9377,0.106075779544496,0.100000000000095);
#237=ELLIPSE('',#9378,0.100378945383279,0.0999976735535198);
#238=ELLIPSE('',#9411,0.122463221784873,0.0999999999989217);
#239=MANIFOLD_SOLID_BREP('\X2\5B9E4F53\X0\1',#8755);
#240=MANIFOLD_SOLID_BREP('\X2\5B9E4F53\X0\2',#8756);
#241=MANIFOLD_SOLID_BREP('\X2\5B9E4F53\X0\3',#8757);
#242=B_SPLINE_CURVE_WITH_KNOTS('',3,(#11750,#11751,#11752,#11753,#11754,
#11755,#11756,#11757,#11758,#11759),.UNSPECIFIED.,.F.,.F.,(4,2,2,2,4),(-0.0467434738187897,
-0.0428120956748223,-0.0388807175308549,-0.0340213268743575,-0.02916193621786),
 .UNSPECIFIED.);
#243=B_SPLINE_CURVE_WITH_KNOTS('',3,(#11762,#11763,#11764,#11765,#11766,
#11767,#11768,#11769,#11770,#11771),.UNSPECIFIED.,.F.,.F.,(4,2,2,2,4),(-0.0651275755805622,
-0.060001047563788,-0.0548745195470139,-0.0512083167469915,-0.0475421139469691),
 .UNSPECIFIED.);
#244=B_SPLINE_CURVE_WITH_KNOTS('',3,(#11950,#11951,#11952,#11953),
 .UNSPECIFIED.,.F.,.F.,(4,4),(2.,3.),.UNSPECIFIED.);
#245=B_SPLINE_CURVE_WITH_KNOTS('',3,(#11955,#11956,#11957,#11958),
 .UNSPECIFIED.,.F.,.F.,(4,4),(3.,4.),.UNSPECIFIED.);
#246=B_SPLINE_CURVE_WITH_KNOTS('',3,(#11980,#11981,#11982,#11983),
 .UNSPECIFIED.,.F.,.F.,(4,4),(0.,1.),.UNSPECIFIED.);
#247=B_SPLINE_CURVE_WITH_KNOTS('',3,(#11987,#11988,#11989,#11990),
 .UNSPECIFIED.,.F.,.F.,(4,4),(2.,3.),.UNSPECIFIED.);
#248=B_SPLINE_CURVE_WITH_KNOTS('',3,(#11998,#11999,#12000,#12001),
 .UNSPECIFIED.,.F.,.F.,(4,4),(6.,7.),.UNSPECIFIED.);
#249=B_SPLINE_CURVE_WITH_KNOTS('',3,(#12003,#12004,#12005,#12006),
 .UNSPECIFIED.,.F.,.F.,(4,4),(7.,8.),.UNSPECIFIED.);
#250=B_SPLINE_CURVE_WITH_KNOTS('',3,(#12008,#12009,#12010,#12011),
 .UNSPECIFIED.,.F.,.F.,(4,4),(8.,9.),.UNSPECIFIED.);
#251=B_SPLINE_CURVE_WITH_KNOTS('',3,(#12015,#12016,#12017,#12018),
 .UNSPECIFIED.,.F.,.F.,(4,4),(10.,11.),.UNSPECIFIED.);
#252=B_SPLINE_CURVE_WITH_KNOTS('',3,(#12020,#12021,#12022,#12023),
 .UNSPECIFIED.,.F.,.F.,(4,4),(11.,12.),.UNSPECIFIED.);
#253=B_SPLINE_CURVE_WITH_KNOTS('',3,(#12027,#12028,#12029,#12030),
 .UNSPECIFIED.,.F.,.F.,(4,4),(13.,14.),.UNSPECIFIED.);
#254=B_SPLINE_CURVE_WITH_KNOTS('',3,(#12076,#12077,#12078,#12079),
 .UNSPECIFIED.,.F.,.F.,(4,4),(2.,3.),.UNSPECIFIED.);
#255=B_SPLINE_CURVE_WITH_KNOTS('',3,(#12081,#12082,#12083,#12084),
 .UNSPECIFIED.,.F.,.F.,(4,4),(3.,4.),.UNSPECIFIED.);
#256=B_SPLINE_CURVE_WITH_KNOTS('',3,(#12106,#12107,#12108,#12109),
 .UNSPECIFIED.,.F.,.F.,(4,4),(35.,36.),.UNSPECIFIED.);
#257=B_SPLINE_CURVE_WITH_KNOTS('',3,(#12117,#12118,#12119,#12120),
 .UNSPECIFIED.,.F.,.F.,(4,4),(28.,29.),.UNSPECIFIED.);
#258=B_SPLINE_CURVE_WITH_KNOTS('',3,(#12122,#12123,#12124,#12125),
 .UNSPECIFIED.,.F.,.F.,(4,4),(27.,28.),.UNSPECIFIED.);
#259=B_SPLINE_CURVE_WITH_KNOTS('',3,(#12127,#12128,#12129,#12130),
 .UNSPECIFIED.,.F.,.F.,(4,4),(26.,27.),.UNSPECIFIED.);
#260=B_SPLINE_CURVE_WITH_KNOTS('',3,(#12134,#12135,#12136,#12137),
 .UNSPECIFIED.,.F.,.F.,(4,4),(24.,25.),.UNSPECIFIED.);
#261=B_SPLINE_CURVE_WITH_KNOTS('',3,(#12139,#12140,#12141,#12142),
 .UNSPECIFIED.,.F.,.F.,(4,4),(23.,24.),.UNSPECIFIED.);
#262=B_SPLINE_CURVE_WITH_KNOTS('',3,(#12146,#12147,#12148,#12149),
 .UNSPECIFIED.,.F.,.F.,(4,4),(21.,22.),.UNSPECIFIED.);
#263=B_SPLINE_CURVE_WITH_KNOTS('',3,(#12151,#12152,#12153,#12154),
 .UNSPECIFIED.,.F.,.F.,(4,4),(20.,21.),.UNSPECIFIED.);
#264=B_SPLINE_CURVE_WITH_KNOTS('',3,(#12156,#12157,#12158,#12159),
 .UNSPECIFIED.,.F.,.F.,(4,4),(-0.0133383074437926,0.),.UNSPECIFIED.);
#265=B_SPLINE_CURVE_WITH_KNOTS('',3,(#12161,#12162,#12163,#12164),
 .UNSPECIFIED.,.F.,.F.,(4,4),(18.,19.),.UNSPECIFIED.);
#266=B_SPLINE_CURVE_WITH_KNOTS('',3,(#12166,#12167,#12168,#12169),
 .UNSPECIFIED.,.F.,.F.,(4,4),(17.,18.),.UNSPECIFIED.);
#267=B_SPLINE_CURVE_WITH_KNOTS('',3,(#12171,#12172,#12173,#12174),
 .UNSPECIFIED.,.F.,.F.,(4,4),(16.,17.),.UNSPECIFIED.);
#268=B_SPLINE_CURVE_WITH_KNOTS('',3,(#12176,#12177,#12178,#12179),
 .UNSPECIFIED.,.F.,.F.,(4,4),(-0.020512309543238,0.),.UNSPECIFIED.);
#269=B_SPLINE_CURVE_WITH_KNOTS('',3,(#12189,#12190,#12191,#12192),
 .UNSPECIFIED.,.F.,.F.,(4,4),(10.,11.),.UNSPECIFIED.);
#270=B_SPLINE_CURVE_WITH_KNOTS('',3,(#12194,#12195,#12196,#12197),
 .UNSPECIFIED.,.F.,.F.,(4,4),(-0.0302072069460525,0.),.UNSPECIFIED.);
#271=B_SPLINE_CURVE_WITH_KNOTS('',3,(#12207,#12208,#12209,#12210),
 .UNSPECIFIED.,.F.,.F.,(4,4),(4.,5.),.UNSPECIFIED.);
#272=B_SPLINE_CURVE_WITH_KNOTS('',3,(#12212,#12213,#12214,#12215),
 .UNSPECIFIED.,.F.,.F.,(4,4),(3.,4.),.UNSPECIFIED.);
#273=B_SPLINE_CURVE_WITH_KNOTS('',3,(#12219,#12220,#12221,#12222),
 .UNSPECIFIED.,.F.,.F.,(4,4),(-0.0359629918641798,0.),.UNSPECIFIED.);
#274=B_SPLINE_CURVE_WITH_KNOTS('',3,(#12230,#12231,#12232,#12233),
 .UNSPECIFIED.,.F.,.F.,(4,4),(1.,2.),.UNSPECIFIED.);
#275=B_SPLINE_CURVE_WITH_KNOTS('',3,(#12239,#12240,#12241,#12242),
 .UNSPECIFIED.,.F.,.F.,(4,4),(4.,5.),.UNSPECIFIED.);
#276=B_SPLINE_CURVE_WITH_KNOTS('',3,(#12244,#12245,#12246,#12247),
 .UNSPECIFIED.,.F.,.F.,(4,4),(5.,6.),.UNSPECIFIED.);
#277=B_SPLINE_CURVE_WITH_KNOTS('',3,(#12261,#12262,#12263,#12264),
 .UNSPECIFIED.,.F.,.F.,(4,4),(12.,13.),.UNSPECIFIED.);
#278=B_SPLINE_CURVE_WITH_KNOTS('',3,(#12268,#12269,#12270,#12271),
 .UNSPECIFIED.,.F.,.F.,(4,4),(0.,1.),.UNSPECIFIED.);
#279=B_SPLINE_CURVE_WITH_KNOTS('',3,(#12273,#12274,#12275,#12276),
 .UNSPECIFIED.,.F.,.F.,(4,4),(1.,2.),.UNSPECIFIED.);
#280=B_SPLINE_CURVE_WITH_KNOTS('',3,(#12290,#12291,#12292,#12293),
 .UNSPECIFIED.,.F.,.F.,(4,4),(8.,9.),.UNSPECIFIED.);
#281=B_SPLINE_CURVE_WITH_KNOTS('',3,(#12295,#12296,#12297,#12298),
 .UNSPECIFIED.,.F.,.F.,(4,4),(9.,10.),.UNSPECIFIED.);
#282=B_SPLINE_CURVE_WITH_KNOTS('',3,(#12304,#12305,#12306,#12307),
 .UNSPECIFIED.,.F.,.F.,(4,4),(12.,13.),.UNSPECIFIED.);
#283=B_SPLINE_CURVE_WITH_KNOTS('',3,(#12335,#12336,#12337,#12338),
 .UNSPECIFIED.,.F.,.F.,(4,4),(0.,1.),.UNSPECIFIED.);
#284=B_SPLINE_CURVE_WITH_KNOTS('',3,(#12340,#12341,#12342,#12343),
 .UNSPECIFIED.,.F.,.F.,(4,4),(1.,2.),.UNSPECIFIED.);
#285=B_SPLINE_CURVE_WITH_KNOTS('',3,(#12347,#12348,#12349,#12350),
 .UNSPECIFIED.,.F.,.F.,(4,4),(3.,4.),.UNSPECIFIED.);
#286=B_SPLINE_CURVE_WITH_KNOTS('',3,(#12352,#12353,#12354,#12355),
 .UNSPECIFIED.,.F.,.F.,(4,4),(4.,5.),.UNSPECIFIED.);
#287=B_SPLINE_CURVE_WITH_KNOTS('',3,(#12361,#12362,#12363,#12364),
 .UNSPECIFIED.,.F.,.F.,(4,4),(7.,8.),.UNSPECIFIED.);
#288=B_SPLINE_CURVE_WITH_KNOTS('',3,(#12366,#12367,#12368,#12369),
 .UNSPECIFIED.,.F.,.F.,(4,4),(8.,9.),.UNSPECIFIED.);
#289=B_SPLINE_CURVE_WITH_KNOTS('',3,(#12371,#12372,#12373,#12374),
 .UNSPECIFIED.,.F.,.F.,(4,4),(9.,10.),.UNSPECIFIED.);
#290=B_SPLINE_CURVE_WITH_KNOTS('',3,(#12376,#12377,#12378,#12379),
 .UNSPECIFIED.,.F.,.F.,(4,4),(10.,11.),.UNSPECIFIED.);
#291=B_SPLINE_CURVE_WITH_KNOTS('',3,(#12740,#12741,#12742,#12743,#12744,
#12745,#12746,#12747,#12748,#12749,#12750,#12751,#12752,#12753,#12754,#12755,
#12756,#12757,#12758,#12759,#12760,#12761,#12762,#12763,#12764,#12765,#12766,
#12767,#12768,#12769,#12770),.UNSPECIFIED.,.F.,.F.,(4,3,3,3,3,3,3,3,3,3,
4),(0.,1.79160519450018E-5,3.356849768814E-5,5.14445690622245E-5,6.714168865629E-5,
8.50332038680758E-5,0.000100656745,0.000118916179218308,0.000134196724,
0.000151028054683887,0.00015631828),.UNSPECIFIED.);
#292=B_SPLINE_CURVE_WITH_KNOTS('',3,(#12775,#12776,#12777,#12778,#12779,
#12780,#12781,#12782,#12783,#12784,#12785,#12786,#12787,#12788,#12789,#12790,
#12791,#12792,#12793,#12794,#12795,#12796,#12797,#12798,#12799,#12800,#12801,
#12802,#12803,#12804,#12805),.UNSPECIFIED.,.F.,.F.,(4,3,3,3,3,3,3,3,3,3,
4),(0.,1.79237156454378E-5,3.357521996052E-5,5.14893880406633E-5,6.715089260257E-5,
8.5036774537154E-5,0.000100717411,0.00011892657574723,0.000134245531,0.000151078420894629,
0.000156317034),.UNSPECIFIED.);
#293=B_SPLINE_CURVE_WITH_KNOTS('',3,(#12816,#12817,#12818,#12819,#12820,
#12821,#12822,#12823,#12824,#12825),.UNSPECIFIED.,.F.,.F.,(4,2,2,2,4),(-0.0150966783250222,
-0.011315654067978,-0.00753462981093389,-0.00376731490546695,0.),
 .UNSPECIFIED.);
#294=B_SPLINE_CURVE_WITH_KNOTS('',3,(#12829,#12830,#12831,#12832,#12833,
#12834,#12835,#12836,#12837,#12838,#12839,#12840,#12841,#12842,#12843,#12844,
#12845,#12846,#12847,#12848,#12849,#12850,#12851,#12852,#12853,#12854,#12855,
#12856,#12857,#12858,#12859),.UNSPECIFIED.,.F.,.F.,(4,3,3,3,3,3,3,3,3,3,
4),(0.,1.79226060441991E-5,3.35718116451E-5,5.14679652117344E-5,6.714488033434E-5,
8.49634060201557E-5,0.00010069255,0.00011880001724745,0.000134133977,0.000151035375155065,
0.000156498356),.UNSPECIFIED.);
#295=B_SPLINE_CURVE_WITH_KNOTS('',3,(#13137,#13138,#13139,#13140),
 .UNSPECIFIED.,.F.,.F.,(4,4),(0.,1.),.UNSPECIFIED.);
#296=B_SPLINE_CURVE_WITH_KNOTS('',3,(#13178,#13179,#13180,#13181),
 .UNSPECIFIED.,.F.,.F.,(4,4),(10.,11.),.UNSPECIFIED.);
#297=B_SPLINE_CURVE_WITH_KNOTS('',3,(#13192,#13193,#13194,#13195),
 .UNSPECIFIED.,.F.,.F.,(4,4),(9.,10.),.UNSPECIFIED.);
#298=B_SPLINE_CURVE_WITH_KNOTS('',3,(#13206,#13207,#13208,#13209),
 .UNSPECIFIED.,.F.,.F.,(4,4),(8.,9.),.UNSPECIFIED.);
#299=B_SPLINE_CURVE_WITH_KNOTS('',3,(#13220,#13221,#13222,#13223),
 .UNSPECIFIED.,.F.,.F.,(4,4),(7.,8.),.UNSPECIFIED.);
#300=B_SPLINE_CURVE_WITH_KNOTS('',3,(#13249,#13250,#13251,#13252),
 .UNSPECIFIED.,.F.,.F.,(4,4),(4.,5.),.UNSPECIFIED.);
#301=B_SPLINE_CURVE_WITH_KNOTS('',3,(#13263,#13264,#13265,#13266),
 .UNSPECIFIED.,.F.,.F.,(4,4),(3.,4.),.UNSPECIFIED.);
#302=B_SPLINE_CURVE_WITH_KNOTS('',3,(#13286,#13287,#13288,#13289),
 .UNSPECIFIED.,.F.,.F.,(4,4),(1.,2.),.UNSPECIFIED.);
#303=B_SPLINE_CURVE_WITH_KNOTS('',3,(#13349,#13350,#13351,#13352),
 .UNSPECIFIED.,.F.,.F.,(4,4),(3.,4.),.UNSPECIFIED.);
#304=B_SPLINE_CURVE_WITH_KNOTS('',3,(#13354,#13355,#13356,#13357),
 .UNSPECIFIED.,.F.,.F.,(4,4),(2.,3.),.UNSPECIFIED.);
#305=B_SPLINE_CURVE_WITH_KNOTS('',3,(#13497,#13498,#13499,#13500),
 .UNSPECIFIED.,.F.,.F.,(4,4),(3.,4.),.UNSPECIFIED.);
#306=B_SPLINE_CURVE_WITH_KNOTS('',3,(#13504,#13505,#13506,#13507),
 .UNSPECIFIED.,.F.,.F.,(4,4),(1.,2.),.UNSPECIFIED.);
#307=B_SPLINE_CURVE_WITH_KNOTS('',3,(#13544,#13545,#13546,#13547),
 .UNSPECIFIED.,.F.,.F.,(4,4),(1.,2.),.UNSPECIFIED.);
#308=B_SPLINE_CURVE_WITH_KNOTS('',3,(#13562,#13563,#13564,#13565),
 .UNSPECIFIED.,.F.,.F.,(4,4),(3.,4.),.UNSPECIFIED.);
#309=B_SPLINE_CURVE_WITH_KNOTS('',3,(#13622,#13623,#13624,#13625),
 .UNSPECIFIED.,.F.,.F.,(4,4),(0.,1.),.UNSPECIFIED.);
#310=B_SPLINE_CURVE_WITH_KNOTS('',3,(#13629,#13630,#13631,#13632),
 .UNSPECIFIED.,.F.,.F.,(4,4),(12.,13.),.UNSPECIFIED.);
#311=B_SPLINE_CURVE_WITH_KNOTS('',3,(#13638,#13639,#13640,#13641),
 .UNSPECIFIED.,.F.,.F.,(4,4),(9.,10.),.UNSPECIFIED.);
#312=B_SPLINE_CURVE_WITH_KNOTS('',3,(#13643,#13644,#13645,#13646),
 .UNSPECIFIED.,.F.,.F.,(4,4),(8.,9.),.UNSPECIFIED.);
#313=B_SPLINE_CURVE_WITH_KNOTS('',3,(#13659,#13660,#13661,#13662),
 .UNSPECIFIED.,.F.,.F.,(4,4),(1.,2.),.UNSPECIFIED.);
#314=B_SPLINE_CURVE_WITH_KNOTS('',3,(#13667,#13668,#13669,#13670),
 .UNSPECIFIED.,.F.,.F.,(4,4),(0.,1.),.UNSPECIFIED.);
#315=B_SPLINE_CURVE_WITH_KNOTS('',3,(#13676,#13677,#13678,#13679),
 .UNSPECIFIED.,.F.,.F.,(4,4),(5.,6.),.UNSPECIFIED.);
#316=B_SPLINE_CURVE_WITH_KNOTS('',3,(#13684,#13685,#13686,#13687),
 .UNSPECIFIED.,.F.,.F.,(4,4),(2.,3.),.UNSPECIFIED.);
#317=B_SPLINE_CURVE_WITH_KNOTS('',3,(#13782,#13783,#13784,#13785),
 .UNSPECIFIED.,.F.,.F.,(4,4),(0.,1.),.UNSPECIFIED.);
#318=B_SPLINE_CURVE_WITH_KNOTS('',3,(#13808,#13809,#13810,#13811),
 .UNSPECIFIED.,.F.,.F.,(4,4),(2.,3.),.UNSPECIFIED.);
#319=B_SPLINE_CURVE_WITH_KNOTS('',3,(#13844,#13845,#13846,#13847),
 .UNSPECIFIED.,.F.,.F.,(4,4),(5.,6.),.UNSPECIFIED.);
#320=B_SPLINE_CURVE_WITH_KNOTS('',3,(#13867,#13868,#13869,#13870),
 .UNSPECIFIED.,.F.,.F.,(4,4),(0.,1.),.UNSPECIFIED.);
#321=B_SPLINE_CURVE_WITH_KNOTS('',3,(#13952,#13953,#13954,#13955),
 .UNSPECIFIED.,.F.,.F.,(4,4),(13.,14.),.UNSPECIFIED.);
#322=B_SPLINE_CURVE_WITH_KNOTS('',3,(#13977,#13978,#13979,#13980),
 .UNSPECIFIED.,.F.,.F.,(4,4),(11.,12.),.UNSPECIFIED.);
#323=B_SPLINE_CURVE_WITH_KNOTS('',3,(#13991,#13992,#13993,#13994),
 .UNSPECIFIED.,.F.,.F.,(4,4),(10.,11.),.UNSPECIFIED.);
#324=B_SPLINE_CURVE_WITH_KNOTS('',3,(#14009,#14010,#14011,#14012),
 .UNSPECIFIED.,.F.,.F.,(4,4),(8.,9.),.UNSPECIFIED.);
#325=B_SPLINE_CURVE_WITH_KNOTS('',3,(#14023,#14024,#14025,#14026),
 .UNSPECIFIED.,.F.,.F.,(4,4),(7.,8.),.UNSPECIFIED.);
#326=B_SPLINE_CURVE_WITH_KNOTS('',3,(#14037,#14038,#14039,#14040),
 .UNSPECIFIED.,.F.,.F.,(4,4),(6.,7.),.UNSPECIFIED.);
#327=B_SPLINE_CURVE_WITH_KNOTS('',3,(#14084,#14085,#14086,#14087),
 .UNSPECIFIED.,.F.,.F.,(4,4),(2.,3.),.UNSPECIFIED.);
#328=B_SPLINE_CURVE_WITH_KNOTS('',3,(#14118,#14119,#14120,#14121),
 .UNSPECIFIED.,.F.,.F.,(4,4),(12.,13.),.UNSPECIFIED.);
#329=B_SPLINE_CURVE_WITH_KNOTS('',3,(#14156,#14157,#14158,#14159),
 .UNSPECIFIED.,.F.,.F.,(4,4),(5.,6.),.UNSPECIFIED.);
#330=B_SPLINE_CURVE_WITH_KNOTS('',3,(#14170,#14171,#14172,#14173),
 .UNSPECIFIED.,.F.,.F.,(4,4),(4.,5.),.UNSPECIFIED.);
#331=B_SPLINE_CURVE_WITH_KNOTS('',3,(#14199,#14200,#14201,#14202),
 .UNSPECIFIED.,.F.,.F.,(4,4),(1.,2.),.UNSPECIFIED.);
#332=B_SPLINE_CURVE_WITH_KNOTS('',3,(#14264,#14265,#14266,#14267),
 .UNSPECIFIED.,.F.,.F.,(4,4),(3.,4.),.UNSPECIFIED.);
#333=B_SPLINE_CURVE_WITH_KNOTS('',3,(#14269,#14270,#14271,#14272),
 .UNSPECIFIED.,.F.,.F.,(4,4),(2.,3.),.UNSPECIFIED.);
#334=B_SPLINE_CURVE_WITH_KNOTS('',3,(#14412,#14413,#14414,#14415),
 .UNSPECIFIED.,.F.,.F.,(4,4),(3.,4.),.UNSPECIFIED.);
#335=B_SPLINE_CURVE_WITH_KNOTS('',3,(#14419,#14420,#14421,#14422),
 .UNSPECIFIED.,.F.,.F.,(4,4),(1.,2.),.UNSPECIFIED.);
#336=B_SPLINE_CURVE_WITH_KNOTS('',3,(#14459,#14460,#14461,#14462),
 .UNSPECIFIED.,.F.,.F.,(4,4),(1.,2.),.UNSPECIFIED.);
#337=B_SPLINE_CURVE_WITH_KNOTS('',3,(#14477,#14478,#14479,#14480),
 .UNSPECIFIED.,.F.,.F.,(4,4),(3.,4.),.UNSPECIFIED.);
#338=B_SPLINE_CURVE_WITH_KNOTS('',3,(#14488,#14489,#14490,#14491),
 .UNSPECIFIED.,.F.,.F.,(4,4),(35.,36.),.UNSPECIFIED.);
#339=B_SPLINE_CURVE_WITH_KNOTS('',3,(#14495,#14496,#14497,#14498),
 .UNSPECIFIED.,.F.,.F.,(4,4),(-0.0359629918641798,0.),.UNSPECIFIED.);
#340=B_SPLINE_CURVE_WITH_KNOTS('',3,(#14502,#14503,#14504,#14505),
 .UNSPECIFIED.,.F.,.F.,(4,4),(3.,4.),.UNSPECIFIED.);
#341=B_SPLINE_CURVE_WITH_KNOTS('',3,(#14507,#14508,#14509,#14510),
 .UNSPECIFIED.,.F.,.F.,(4,4),(4.,5.),.UNSPECIFIED.);
#342=B_SPLINE_CURVE_WITH_KNOTS('',3,(#14520,#14521,#14522,#14523),
 .UNSPECIFIED.,.F.,.F.,(4,4),(-0.0302072069460525,0.),.UNSPECIFIED.);
#343=B_SPLINE_CURVE_WITH_KNOTS('',3,(#14525,#14526,#14527,#14528),
 .UNSPECIFIED.,.F.,.F.,(4,4),(10.,11.),.UNSPECIFIED.);
#344=B_SPLINE_CURVE_WITH_KNOTS('',3,(#14538,#14539,#14540,#14541),
 .UNSPECIFIED.,.F.,.F.,(4,4),(-0.0205123095432777,0.),.UNSPECIFIED.);
#345=B_SPLINE_CURVE_WITH_KNOTS('',3,(#14543,#14544,#14545,#14546),
 .UNSPECIFIED.,.F.,.F.,(4,4),(16.,17.),.UNSPECIFIED.);
#346=B_SPLINE_CURVE_WITH_KNOTS('',3,(#14548,#14549,#14550,#14551),
 .UNSPECIFIED.,.F.,.F.,(4,4),(17.,18.),.UNSPECIFIED.);
#347=B_SPLINE_CURVE_WITH_KNOTS('',3,(#14553,#14554,#14555,#14556),
 .UNSPECIFIED.,.F.,.F.,(4,4),(18.,19.),.UNSPECIFIED.);
#348=B_SPLINE_CURVE_WITH_KNOTS('',3,(#14558,#14559,#14560,#14561),
 .UNSPECIFIED.,.F.,.F.,(4,4),(-0.0133383074437911,0.),.UNSPECIFIED.);
#349=B_SPLINE_CURVE_WITH_KNOTS('',3,(#14563,#14564,#14565,#14566),
 .UNSPECIFIED.,.F.,.F.,(4,4),(20.,21.),.UNSPECIFIED.);
#350=B_SPLINE_CURVE_WITH_KNOTS('',3,(#14568,#14569,#14570,#14571),
 .UNSPECIFIED.,.F.,.F.,(4,4),(21.,22.),.UNSPECIFIED.);
#351=B_SPLINE_CURVE_WITH_KNOTS('',3,(#14575,#14576,#14577,#14578),
 .UNSPECIFIED.,.F.,.F.,(4,4),(23.,24.),.UNSPECIFIED.);
#352=B_SPLINE_CURVE_WITH_KNOTS('',3,(#14580,#14581,#14582,#14583),
 .UNSPECIFIED.,.F.,.F.,(4,4),(24.,25.),.UNSPECIFIED.);
#353=B_SPLINE_CURVE_WITH_KNOTS('',3,(#14587,#14588,#14589,#14590),
 .UNSPECIFIED.,.F.,.F.,(4,4),(26.,27.),.UNSPECIFIED.);
#354=B_SPLINE_CURVE_WITH_KNOTS('',3,(#14592,#14593,#14594,#14595),
 .UNSPECIFIED.,.F.,.F.,(4,4),(27.,28.),.UNSPECIFIED.);
#355=B_SPLINE_CURVE_WITH_KNOTS('',3,(#14597,#14598,#14599,#14600),
 .UNSPECIFIED.,.F.,.F.,(4,4),(28.,29.),.UNSPECIFIED.);
#356=B_SPLINE_CURVE_WITH_KNOTS('',3,(#14608,#14609,#14610,#14611,#14612,
#14613,#14614),.UNSPECIFIED.,.F.,.F.,(4,3,4),(0.,1.,2.),.UNSPECIFIED.);
#357=B_SPLINE_CURVE_WITH_KNOTS('',3,(#14615,#14616,#14617,#14618,#14619,
#14620),.UNSPECIFIED.,.F.,.F.,(4,2,4),(2.,3.,4.),.UNSPECIFIED.);
#358=B_SPLINE_CURVE_WITH_KNOTS('',3,(#14885,#14886,#14887,#14888,#14889,
#14890,#14891),.UNSPECIFIED.,.F.,.F.,(4,3,4),(0.,1.,2.),.UNSPECIFIED.);
#359=B_SPLINE_CURVE_WITH_KNOTS('',3,(#14906,#14907,#14908,#14909,#14910,
#14911),.UNSPECIFIED.,.F.,.F.,(4,2,4),(2.,3.,4.),.UNSPECIFIED.);
#360=B_SPLINE_CURVE_WITH_KNOTS('',3,(#14945,#14946,#14947,#14948,#14949,
#14950,#14951,#14952,#14953,#14954,#14955,#14956),.UNSPECIFIED.,.F.,.F.,
(4,2,2,2,2,4),(-0.000196147962299314,8.33492346322129E-14,0.00737569944055339,
0.0132683039534772,0.0176582867262148,0.0211494360255043),.UNSPECIFIED.);
#361=B_SPLINE_CURVE_WITH_KNOTS('',3,(#14962,#14963,#14964,#14965,#14966,
#14967,#14968,#14969,#14970,#14971,#14972,#14973,#14974,#14975,#14976,#14977),
 .UNSPECIFIED.,.F.,.F.,(4,2,2,2,2,2,2,4),(-0.0188561218399143,-0.0187895624683947,
-0.015955482397899,-0.0126987815955244,-0.00833979616482019,-0.00425530302200487,
-2.73388950366993E-13,0.000196147963231176),.UNSPECIFIED.);
#362=B_SPLINE_CURVE_WITH_KNOTS('',3,(#15135,#15136,#15137,#15138,#15139,
#15140,#15141,#15142,#15143,#15144,#15145,#15146,#15147,#15148,#15149,#15150),
 .UNSPECIFIED.,.F.,.F.,(4,2,2,2,2,2,2,4),(-0.000191400520596164,0.,0.00349081470895922,
0.0068769964122935,0.0114631154329836,0.0149361993791971,0.0179117198804417,
0.0184876228784504),.UNSPECIFIED.);
#363=B_SPLINE_CURVE_WITH_KNOTS('',3,(#15153,#15154,#15155,#15156,#15157,
#15158,#15159,#15160,#15161,#15162,#15163,#15164,#15165,#15166),
 .UNSPECIFIED.,.F.,.F.,(4,2,2,2,2,2,4),(-0.0357394309090256,-0.0355811109077953,
-0.0346123460986791,-0.0289894332463689,-0.0244668130081266,-0.0209342775006081,
-0.018487622869916),.UNSPECIFIED.);
#364=B_SPLINE_CURVE_WITH_KNOTS('',3,(#15169,#15170,#15171,#15172,#15173,
#15174,#15175,#15176,#15177,#15178,#15179,#15180,#15181,#15182),
 .UNSPECIFIED.,.F.,.F.,(4,2,2,2,2,2,4),(-0.000191400519695763,0.,0.00117118548702724,
0.00796899014081147,0.0134365991381266,0.0177072479891086,0.0206651242128971),
 .UNSPECIFIED.);
#365=CYLINDRICAL_SURFACE('',#8815,2.75);
#366=CYLINDRICAL_SURFACE('',#8817,2.75);
#367=CYLINDRICAL_SURFACE('',#8825,0.401);
#368=CYLINDRICAL_SURFACE('',#8826,0.001);
#369=CYLINDRICAL_SURFACE('',#8835,0.401);
#370=CYLINDRICAL_SURFACE('',#8836,0.001);
#371=CYLINDRICAL_SURFACE('',#8843,0.400999999999);
#372=CYLINDRICAL_SURFACE('',#8844,0.000999999999);
#373=CYLINDRICAL_SURFACE('',#8860,0.400999999999);
#374=CYLINDRICAL_SURFACE('',#8861,0.000999999999);
#375=CYLINDRICAL_SURFACE('',#8875,0.299999999999);
#376=CYLINDRICAL_SURFACE('',#8876,0.299999999999);
#377=CYLINDRICAL_SURFACE('',#8877,0.1);
#378=CYLINDRICAL_SURFACE('',#8878,0.1);
#379=CYLINDRICAL_SURFACE('',#8879,0.099999999999);
#380=CYLINDRICAL_SURFACE('',#8880,0.099999999999);
#381=CYLINDRICAL_SURFACE('',#8881,0.5);
#382=CYLINDRICAL_SURFACE('',#8882,0.5);
#383=CYLINDRICAL_SURFACE('',#8883,0.5);
#384=CYLINDRICAL_SURFACE('',#8884,0.5);
#385=CYLINDRICAL_SURFACE('',#8885,0.5);
#386=CYLINDRICAL_SURFACE('',#8886,0.5);
#387=CYLINDRICAL_SURFACE('',#8887,0.5);
#388=CYLINDRICAL_SURFACE('',#8888,0.5);
#389=CYLINDRICAL_SURFACE('',#8930,1.249999999999);
#390=CYLINDRICAL_SURFACE('',#8933,0.75);
#391=CYLINDRICAL_SURFACE('',#8943,1.249999999999);
#392=CYLINDRICAL_SURFACE('',#8946,0.75);
#393=CYLINDRICAL_SURFACE('',#9001,1.25);
#394=CYLINDRICAL_SURFACE('',#9006,0.749999999999);
#395=CYLINDRICAL_SURFACE('',#9037,2.75);
#396=CYLINDRICAL_SURFACE('',#9040,2.75);
#397=CYLINDRICAL_SURFACE('',#9056,0.299999999999);
#398=CYLINDRICAL_SURFACE('',#9057,0.299999999999);
#399=CYLINDRICAL_SURFACE('',#9058,0.299999999999);
#400=CYLINDRICAL_SURFACE('',#9059,0.299999999999);
#401=CYLINDRICAL_SURFACE('',#9060,0.299999999999);
#402=CYLINDRICAL_SURFACE('',#9061,0.299999999999);
#403=CYLINDRICAL_SURFACE('',#9062,0.099999999999);
#404=CYLINDRICAL_SURFACE('',#9063,0.099999999999);
#405=CYLINDRICAL_SURFACE('',#9064,0.099999999999);
#406=CYLINDRICAL_SURFACE('',#9065,0.099999999999);
#407=CYLINDRICAL_SURFACE('',#9066,0.099999999999);
#408=CYLINDRICAL_SURFACE('',#9067,0.099999999999);
#409=CYLINDRICAL_SURFACE('',#9068,0.099999999999);
#410=CYLINDRICAL_SURFACE('',#9069,0.099999999999);
#411=CYLINDRICAL_SURFACE('',#9070,0.1);
#412=CYLINDRICAL_SURFACE('',#9071,0.1);
#413=CYLINDRICAL_SURFACE('',#9072,0.1);
#414=CYLINDRICAL_SURFACE('',#9073,0.1);
#415=CYLINDRICAL_SURFACE('',#9074,0.199999999999);
#416=CYLINDRICAL_SURFACE('',#9079,0.2);
#417=CYLINDRICAL_SURFACE('',#9081,0.199999999999);
#418=CYLINDRICAL_SURFACE('',#9083,0.199999999999);
#419=CYLINDRICAL_SURFACE('',#9085,0.2);
#420=CYLINDRICAL_SURFACE('',#9087,0.2);
#421=CYLINDRICAL_SURFACE('',#9093,0.199999999999);
#422=CYLINDRICAL_SURFACE('',#9095,0.2);
#423=CYLINDRICAL_SURFACE('',#9097,0.199999999999);
#424=CYLINDRICAL_SURFACE('',#9099,0.199999999999);
#425=CYLINDRICAL_SURFACE('',#9101,0.2);
#426=CYLINDRICAL_SURFACE('',#9107,0.2);
#427=CYLINDRICAL_SURFACE('',#9109,0.199999999999);
#428=CYLINDRICAL_SURFACE('',#9111,0.2);
#429=CYLINDRICAL_SURFACE('',#9113,0.199999999999);
#430=CYLINDRICAL_SURFACE('',#9115,0.2);
#431=CYLINDRICAL_SURFACE('',#9121,0.199999999999);
#432=CYLINDRICAL_SURFACE('',#9123,0.199999999999);
#433=CYLINDRICAL_SURFACE('',#9125,0.199999999999);
#434=CYLINDRICAL_SURFACE('',#9129,0.199999999999);
#435=CYLINDRICAL_SURFACE('',#9130,0.199999999999);
#436=CYLINDRICAL_SURFACE('',#9133,0.199999999999);
#437=CYLINDRICAL_SURFACE('',#9135,0.199999999999);
#438=CYLINDRICAL_SURFACE('',#9137,0.2);
#439=CYLINDRICAL_SURFACE('',#9138,0.199999999999);
#440=CYLINDRICAL_SURFACE('',#9141,0.199999999999);
#441=CYLINDRICAL_SURFACE('',#9143,0.199999999999);
#442=CYLINDRICAL_SURFACE('',#9145,0.2);
#443=CYLINDRICAL_SURFACE('',#9146,0.199999999999);
#444=CYLINDRICAL_SURFACE('',#9149,0.199999999999);
#445=CYLINDRICAL_SURFACE('',#9151,0.199999999999);
#446=CYLINDRICAL_SURFACE('',#9153,0.2);
#447=CYLINDRICAL_SURFACE('',#9154,0.199999999999);
#448=CYLINDRICAL_SURFACE('',#9155,0.2);
#449=CYLINDRICAL_SURFACE('',#9156,0.2);
#450=CYLINDRICAL_SURFACE('',#9157,0.199999999999);
#451=CYLINDRICAL_SURFACE('',#9337,0.999999999999);
#452=CYLINDRICAL_SURFACE('',#9340,0.999999999999);
#453=CYLINDRICAL_SURFACE('',#9343,0.999999999999);
#454=CYLINDRICAL_SURFACE('',#9346,0.999999999999);
#455=CYLINDRICAL_SURFACE('',#9357,2.5);
#456=CYLINDRICAL_SURFACE('',#9362,1.499999999999);
#457=CYLINDRICAL_SURFACE('',#9365,2.499999999999);
#458=CYLINDRICAL_SURFACE('',#9372,19.999999999999);
#459=CYLINDRICAL_SURFACE('',#9383,20.499999999999);
#460=CYLINDRICAL_SURFACE('',#9395,2.5);
#461=CYLINDRICAL_SURFACE('',#9398,2.5);
#462=CYLINDRICAL_SURFACE('',#9403,1.499999999999);
#463=CYLINDRICAL_SURFACE('',#9408,0.1);
#464=CYLINDRICAL_SURFACE('',#9410,0.1);
#465=CYLINDRICAL_SURFACE('',#9413,0.1);
#466=CYLINDRICAL_SURFACE('',#9414,0.1);
#467=CYLINDRICAL_SURFACE('',#9415,0.1);
#468=FACE_BOUND('',#956,.T.);
#469=FACE_BOUND('',#958,.T.);
#470=FACE_BOUND('',#1021,.T.);
#471=FACE_BOUND('',#1022,.T.);
#472=FACE_BOUND('',#1023,.T.);
#473=FACE_BOUND('',#1024,.T.);
#474=FACE_BOUND('',#1025,.T.);
#475=FACE_BOUND('',#1026,.T.);
#476=FACE_BOUND('',#1027,.T.);
#477=FACE_BOUND('',#1028,.T.);
#478=FACE_BOUND('',#1029,.T.);
#479=FACE_BOUND('',#1030,.T.);
#480=FACE_BOUND('',#1031,.T.);
#481=FACE_BOUND('',#1032,.T.);
#482=FACE_BOUND('',#1033,.T.);
#483=FACE_BOUND('',#1048,.T.);
#484=FACE_BOUND('',#1049,.T.);
#485=FACE_BOUND('',#1050,.T.);
#486=FACE_BOUND('',#1055,.T.);
#487=FACE_BOUND('',#1195,.T.);
#488=FACE_BOUND('',#1212,.T.);
#489=FACE_BOUND('',#1242,.T.);
#490=FACE_BOUND('',#1318,.T.);
#491=FACE_BOUND('',#1335,.T.);
#492=FACE_BOUND('',#1352,.T.);
#493=FACE_BOUND('',#1411,.T.);
#494=FACE_BOUND('',#1414,.T.);
#495=FACE_BOUND('',#1419,.T.);
#496=FACE_BOUND('',#1424,.T.);
#497=FACE_OUTER_BOUND('',#952,.T.);
#498=FACE_OUTER_BOUND('',#953,.T.);
#499=FACE_OUTER_BOUND('',#954,.T.);
#500=FACE_OUTER_BOUND('',#955,.T.);
#501=FACE_OUTER_BOUND('',#957,.T.);
#502=FACE_OUTER_BOUND('',#959,.T.);
#503=FACE_OUTER_BOUND('',#960,.T.);
#504=FACE_OUTER_BOUND('',#961,.T.);
#505=FACE_OUTER_BOUND('',#962,.T.);
#506=FACE_OUTER_BOUND('',#963,.T.);
#507=FACE_OUTER_BOUND('',#964,.T.);
#508=FACE_OUTER_BOUND('',#965,.T.);
#509=FACE_OUTER_BOUND('',#966,.T.);
#510=FACE_OUTER_BOUND('',#967,.T.);
#511=FACE_OUTER_BOUND('',#968,.T.);
#512=FACE_OUTER_BOUND('',#969,.T.);
#513=FACE_OUTER_BOUND('',#970,.T.);
#514=FACE_OUTER_BOUND('',#971,.T.);
#515=FACE_OUTER_BOUND('',#972,.T.);
#516=FACE_OUTER_BOUND('',#973,.T.);
#517=FACE_OUTER_BOUND('',#974,.T.);
#518=FACE_OUTER_BOUND('',#975,.T.);
#519=FACE_OUTER_BOUND('',#976,.T.);
#520=FACE_OUTER_BOUND('',#977,.T.);
#521=FACE_OUTER_BOUND('',#978,.T.);
#522=FACE_OUTER_BOUND('',#979,.T.);
#523=FACE_OUTER_BOUND('',#980,.T.);
#524=FACE_OUTER_BOUND('',#981,.T.);
#525=FACE_OUTER_BOUND('',#982,.T.);
#526=FACE_OUTER_BOUND('',#983,.T.);
#527=FACE_OUTER_BOUND('',#984,.T.);
#528=FACE_OUTER_BOUND('',#985,.T.);
#529=FACE_OUTER_BOUND('',#986,.T.);
#530=FACE_OUTER_BOUND('',#987,.T.);
#531=FACE_OUTER_BOUND('',#988,.T.);
#532=FACE_OUTER_BOUND('',#989,.T.);
#533=FACE_OUTER_BOUND('',#990,.T.);
#534=FACE_OUTER_BOUND('',#991,.T.);
#535=FACE_OUTER_BOUND('',#992,.T.);
#536=FACE_OUTER_BOUND('',#993,.T.);
#537=FACE_OUTER_BOUND('',#994,.T.);
#538=FACE_OUTER_BOUND('',#995,.T.);
#539=FACE_OUTER_BOUND('',#996,.T.);
#540=FACE_OUTER_BOUND('',#997,.T.);
#541=FACE_OUTER_BOUND('',#998,.T.);
#542=FACE_OUTER_BOUND('',#999,.T.);
#543=FACE_OUTER_BOUND('',#1000,.T.);
#544=FACE_OUTER_BOUND('',#1001,.T.);
#545=FACE_OUTER_BOUND('',#1002,.T.);
#546=FACE_OUTER_BOUND('',#1003,.T.);
#547=FACE_OUTER_BOUND('',#1004,.T.);
#548=FACE_OUTER_BOUND('',#1005,.T.);
#549=FACE_OUTER_BOUND('',#1006,.T.);
#550=FACE_OUTER_BOUND('',#1007,.T.);
#551=FACE_OUTER_BOUND('',#1008,.T.);
#552=FACE_OUTER_BOUND('',#1009,.T.);
#553=FACE_OUTER_BOUND('',#1010,.T.);
#554=FACE_OUTER_BOUND('',#1011,.T.);
#555=FACE_OUTER_BOUND('',#1012,.T.);
#556=FACE_OUTER_BOUND('',#1013,.T.);
#557=FACE_OUTER_BOUND('',#1014,.T.);
#558=FACE_OUTER_BOUND('',#1015,.T.);
#559=FACE_OUTER_BOUND('',#1016,.T.);
#560=FACE_OUTER_BOUND('',#1017,.T.);
#561=FACE_OUTER_BOUND('',#1018,.T.);
#562=FACE_OUTER_BOUND('',#1019,.T.);
#563=FACE_OUTER_BOUND('',#1020,.T.);
#564=FACE_OUTER_BOUND('',#1034,.T.);
#565=FACE_OUTER_BOUND('',#1035,.T.);
#566=FACE_OUTER_BOUND('',#1036,.T.);
#567=FACE_OUTER_BOUND('',#1037,.T.);
#568=FACE_OUTER_BOUND('',#1038,.T.);
#569=FACE_OUTER_BOUND('',#1039,.T.);
#570=FACE_OUTER_BOUND('',#1040,.T.);
#571=FACE_OUTER_BOUND('',#1041,.T.);
#572=FACE_OUTER_BOUND('',#1042,.T.);
#573=FACE_OUTER_BOUND('',#1043,.T.);
#574=FACE_OUTER_BOUND('',#1044,.T.);
#575=FACE_OUTER_BOUND('',#1045,.T.);
#576=FACE_OUTER_BOUND('',#1046,.T.);
#577=FACE_OUTER_BOUND('',#1047,.T.);
#578=FACE_OUTER_BOUND('',#1051,.T.);
#579=FACE_OUTER_BOUND('',#1052,.T.);
#580=FACE_OUTER_BOUND('',#1053,.T.);
#581=FACE_OUTER_BOUND('',#1054,.T.);
#582=FACE_OUTER_BOUND('',#1056,.T.);
#583=FACE_OUTER_BOUND('',#1057,.T.);
#584=FACE_OUTER_BOUND('',#1058,.T.);
#585=FACE_OUTER_BOUND('',#1059,.T.);
#586=FACE_OUTER_BOUND('',#1060,.T.);
#587=FACE_OUTER_BOUND('',#1061,.T.);
#588=FACE_OUTER_BOUND('',#1062,.T.);
#589=FACE_OUTER_BOUND('',#1063,.T.);
#590=FACE_OUTER_BOUND('',#1064,.T.);
#591=FACE_OUTER_BOUND('',#1065,.T.);
#592=FACE_OUTER_BOUND('',#1066,.T.);
#593=FACE_OUTER_BOUND('',#1067,.T.);
#594=FACE_OUTER_BOUND('',#1068,.T.);
#595=FACE_OUTER_BOUND('',#1069,.T.);
#596=FACE_OUTER_BOUND('',#1070,.T.);
#597=FACE_OUTER_BOUND('',#1071,.T.);
#598=FACE_OUTER_BOUND('',#1072,.T.);
#599=FACE_OUTER_BOUND('',#1073,.T.);
#600=FACE_OUTER_BOUND('',#1074,.T.);
#601=FACE_OUTER_BOUND('',#1075,.T.);
#602=FACE_OUTER_BOUND('',#1076,.T.);
#603=FACE_OUTER_BOUND('',#1077,.T.);
#604=FACE_OUTER_BOUND('',#1078,.T.);
#605=FACE_OUTER_BOUND('',#1079,.T.);
#606=FACE_OUTER_BOUND('',#1080,.T.);
#607=FACE_OUTER_BOUND('',#1081,.T.);
#608=FACE_OUTER_BOUND('',#1082,.T.);
#609=FACE_OUTER_BOUND('',#1083,.T.);
#610=FACE_OUTER_BOUND('',#1084,.T.);
#611=FACE_OUTER_BOUND('',#1085,.T.);
#612=FACE_OUTER_BOUND('',#1086,.T.);
#613=FACE_OUTER_BOUND('',#1087,.T.);
#614=FACE_OUTER_BOUND('',#1088,.T.);
#615=FACE_OUTER_BOUND('',#1089,.T.);
#616=FACE_OUTER_BOUND('',#1090,.T.);
#617=FACE_OUTER_BOUND('',#1091,.T.);
#618=FACE_OUTER_BOUND('',#1092,.T.);
#619=FACE_OUTER_BOUND('',#1093,.T.);
#620=FACE_OUTER_BOUND('',#1094,.T.);
#621=FACE_OUTER_BOUND('',#1095,.T.);
#622=FACE_OUTER_BOUND('',#1096,.T.);
#623=FACE_OUTER_BOUND('',#1097,.T.);
#624=FACE_OUTER_BOUND('',#1098,.T.);
#625=FACE_OUTER_BOUND('',#1099,.T.);
#626=FACE_OUTER_BOUND('',#1100,.T.);
#627=FACE_OUTER_BOUND('',#1101,.T.);
#628=FACE_OUTER_BOUND('',#1102,.T.);
#629=FACE_OUTER_BOUND('',#1103,.T.);
#630=FACE_OUTER_BOUND('',#1104,.T.);
#631=FACE_OUTER_BOUND('',#1105,.T.);
#632=FACE_OUTER_BOUND('',#1106,.T.);
#633=FACE_OUTER_BOUND('',#1107,.T.);
#634=FACE_OUTER_BOUND('',#1108,.T.);
#635=FACE_OUTER_BOUND('',#1109,.T.);
#636=FACE_OUTER_BOUND('',#1110,.T.);
#637=FACE_OUTER_BOUND('',#1111,.T.);
#638=FACE_OUTER_BOUND('',#1112,.T.);
#639=FACE_OUTER_BOUND('',#1113,.T.);
#640=FACE_OUTER_BOUND('',#1114,.T.);
#641=FACE_OUTER_BOUND('',#1115,.T.);
#642=FACE_OUTER_BOUND('',#1116,.T.);
#643=FACE_OUTER_BOUND('',#1117,.T.);
#644=FACE_OUTER_BOUND('',#1118,.T.);
#645=FACE_OUTER_BOUND('',#1119,.T.);
#646=FACE_OUTER_BOUND('',#1120,.T.);
#647=FACE_OUTER_BOUND('',#1121,.T.);
#648=FACE_OUTER_BOUND('',#1122,.T.);
#649=FACE_OUTER_BOUND('',#1123,.T.);
#650=FACE_OUTER_BOUND('',#1124,.T.);
#651=FACE_OUTER_BOUND('',#1125,.T.);
#652=FACE_OUTER_BOUND('',#1126,.T.);
#653=FACE_OUTER_BOUND('',#1127,.T.);
#654=FACE_OUTER_BOUND('',#1128,.T.);
#655=FACE_OUTER_BOUND('',#1129,.T.);
#656=FACE_OUTER_BOUND('',#1130,.T.);
#657=FACE_OUTER_BOUND('',#1131,.T.);
#658=FACE_OUTER_BOUND('',#1132,.T.);
#659=FACE_OUTER_BOUND('',#1133,.T.);
#660=FACE_OUTER_BOUND('',#1134,.T.);
#661=FACE_OUTER_BOUND('',#1135,.T.);
#662=FACE_OUTER_BOUND('',#1136,.T.);
#663=FACE_OUTER_BOUND('',#1137,.T.);
#664=FACE_OUTER_BOUND('',#1138,.T.);
#665=FACE_OUTER_BOUND('',#1139,.T.);
#666=FACE_OUTER_BOUND('',#1140,.T.);
#667=FACE_OUTER_BOUND('',#1141,.T.);
#668=FACE_OUTER_BOUND('',#1142,.T.);
#669=FACE_OUTER_BOUND('',#1143,.T.);
#670=FACE_OUTER_BOUND('',#1144,.T.);
#671=FACE_OUTER_BOUND('',#1145,.T.);
#672=FACE_OUTER_BOUND('',#1146,.T.);
#673=FACE_OUTER_BOUND('',#1147,.T.);
#674=FACE_OUTER_BOUND('',#1148,.T.);
#675=FACE_OUTER_BOUND('',#1149,.T.);
#676=FACE_OUTER_BOUND('',#1150,.T.);
#677=FACE_OUTER_BOUND('',#1151,.T.);
#678=FACE_OUTER_BOUND('',#1152,.T.);
#679=FACE_OUTER_BOUND('',#1153,.T.);
#680=FACE_OUTER_BOUND('',#1154,.T.);
#681=FACE_OUTER_BOUND('',#1155,.T.);
#682=FACE_OUTER_BOUND('',#1156,.T.);
#683=FACE_OUTER_BOUND('',#1157,.T.);
#684=FACE_OUTER_BOUND('',#1158,.T.);
#685=FACE_OUTER_BOUND('',#1159,.T.);
#686=FACE_OUTER_BOUND('',#1160,.T.);
#687=FACE_OUTER_BOUND('',#1161,.T.);
#688=FACE_OUTER_BOUND('',#1162,.T.);
#689=FACE_OUTER_BOUND('',#1163,.T.);
#690=FACE_OUTER_BOUND('',#1164,.T.);
#691=FACE_OUTER_BOUND('',#1165,.T.);
#692=FACE_OUTER_BOUND('',#1166,.T.);
#693=FACE_OUTER_BOUND('',#1167,.T.);
#694=FACE_OUTER_BOUND('',#1168,.T.);
#695=FACE_OUTER_BOUND('',#1169,.T.);
#696=FACE_OUTER_BOUND('',#1170,.T.);
#697=FACE_OUTER_BOUND('',#1171,.T.);
#698=FACE_OUTER_BOUND('',#1172,.T.);
#699=FACE_OUTER_BOUND('',#1173,.T.);
#700=FACE_OUTER_BOUND('',#1174,.T.);
#701=FACE_OUTER_BOUND('',#1175,.T.);
#702=FACE_OUTER_BOUND('',#1176,.T.);
#703=FACE_OUTER_BOUND('',#1177,.T.);
#704=FACE_OUTER_BOUND('',#1178,.T.);
#705=FACE_OUTER_BOUND('',#1179,.T.);
#706=FACE_OUTER_BOUND('',#1180,.T.);
#707=FACE_OUTER_BOUND('',#1181,.T.);
#708=FACE_OUTER_BOUND('',#1182,.T.);
#709=FACE_OUTER_BOUND('',#1183,.T.);
#710=FACE_OUTER_BOUND('',#1184,.T.);
#711=FACE_OUTER_BOUND('',#1185,.T.);
#712=FACE_OUTER_BOUND('',#1186,.T.);
#713=FACE_OUTER_BOUND('',#1187,.T.);
#714=FACE_OUTER_BOUND('',#1188,.T.);
#715=FACE_OUTER_BOUND('',#1189,.T.);
#716=FACE_OUTER_BOUND('',#1190,.T.);
#717=FACE_OUTER_BOUND('',#1191,.T.);
#718=FACE_OUTER_BOUND('',#1192,.T.);
#719=FACE_OUTER_BOUND('',#1193,.T.);
#720=FACE_OUTER_BOUND('',#1194,.T.);
#721=FACE_OUTER_BOUND('',#1196,.T.);
#722=FACE_OUTER_BOUND('',#1197,.T.);
#723=FACE_OUTER_BOUND('',#1198,.T.);
#724=FACE_OUTER_BOUND('',#1199,.T.);
#725=FACE_OUTER_BOUND('',#1200,.T.);
#726=FACE_OUTER_BOUND('',#1201,.T.);
#727=FACE_OUTER_BOUND('',#1202,.T.);
#728=FACE_OUTER_BOUND('',#1203,.T.);
#729=FACE_OUTER_BOUND('',#1204,.T.);
#730=FACE_OUTER_BOUND('',#1205,.T.);
#731=FACE_OUTER_BOUND('',#1206,.T.);
#732=FACE_OUTER_BOUND('',#1207,.T.);
#733=FACE_OUTER_BOUND('',#1208,.T.);
#734=FACE_OUTER_BOUND('',#1209,.T.);
#735=FACE_OUTER_BOUND('',#1210,.T.);
#736=FACE_OUTER_BOUND('',#1211,.T.);
#737=FACE_OUTER_BOUND('',#1213,.T.);
#738=FACE_OUTER_BOUND('',#1214,.T.);
#739=FACE_OUTER_BOUND('',#1215,.T.);
#740=FACE_OUTER_BOUND('',#1216,.T.);
#741=FACE_OUTER_BOUND('',#1217,.T.);
#742=FACE_OUTER_BOUND('',#1218,.T.);
#743=FACE_OUTER_BOUND('',#1219,.T.);
#744=FACE_OUTER_BOUND('',#1220,.T.);
#745=FACE_OUTER_BOUND('',#1221,.T.);
#746=FACE_OUTER_BOUND('',#1222,.T.);
#747=FACE_OUTER_BOUND('',#1223,.T.);
#748=FACE_OUTER_BOUND('',#1224,.T.);
#749=FACE_OUTER_BOUND('',#1225,.T.);
#750=FACE_OUTER_BOUND('',#1226,.T.);
#751=FACE_OUTER_BOUND('',#1227,.T.);
#752=FACE_OUTER_BOUND('',#1228,.T.);
#753=FACE_OUTER_BOUND('',#1229,.T.);
#754=FACE_OUTER_BOUND('',#1230,.T.);
#755=FACE_OUTER_BOUND('',#1231,.T.);
#756=FACE_OUTER_BOUND('',#1232,.T.);
#757=FACE_OUTER_BOUND('',#1233,.T.);
#758=FACE_OUTER_BOUND('',#1234,.T.);
#759=FACE_OUTER_BOUND('',#1235,.T.);
#760=FACE_OUTER_BOUND('',#1236,.T.);
#761=FACE_OUTER_BOUND('',#1237,.T.);
#762=FACE_OUTER_BOUND('',#1238,.T.);
#763=FACE_OUTER_BOUND('',#1239,.T.);
#764=FACE_OUTER_BOUND('',#1240,.T.);
#765=FACE_OUTER_BOUND('',#1241,.T.);
#766=FACE_OUTER_BOUND('',#1243,.T.);
#767=FACE_OUTER_BOUND('',#1244,.T.);
#768=FACE_OUTER_BOUND('',#1245,.T.);
#769=FACE_OUTER_BOUND('',#1246,.T.);
#770=FACE_OUTER_BOUND('',#1247,.T.);
#771=FACE_OUTER_BOUND('',#1248,.T.);
#772=FACE_OUTER_BOUND('',#1249,.T.);
#773=FACE_OUTER_BOUND('',#1250,.T.);
#774=FACE_OUTER_BOUND('',#1251,.T.);
#775=FACE_OUTER_BOUND('',#1252,.T.);
#776=FACE_OUTER_BOUND('',#1253,.T.);
#777=FACE_OUTER_BOUND('',#1254,.T.);
#778=FACE_OUTER_BOUND('',#1255,.T.);
#779=FACE_OUTER_BOUND('',#1256,.T.);
#780=FACE_OUTER_BOUND('',#1257,.T.);
#781=FACE_OUTER_BOUND('',#1258,.T.);
#782=FACE_OUTER_BOUND('',#1259,.T.);
#783=FACE_OUTER_BOUND('',#1260,.T.);
#784=FACE_OUTER_BOUND('',#1261,.T.);
#785=FACE_OUTER_BOUND('',#1262,.T.);
#786=FACE_OUTER_BOUND('',#1263,.T.);
#787=FACE_OUTER_BOUND('',#1264,.T.);
#788=FACE_OUTER_BOUND('',#1265,.T.);
#789=FACE_OUTER_BOUND('',#1266,.T.);
#790=FACE_OUTER_BOUND('',#1267,.T.);
#791=FACE_OUTER_BOUND('',#1268,.T.);
#792=FACE_OUTER_BOUND('',#1269,.T.);
#793=FACE_OUTER_BOUND('',#1270,.T.);
#794=FACE_OUTER_BOUND('',#1271,.T.);
#795=FACE_OUTER_BOUND('',#1272,.T.);
#796=FACE_OUTER_BOUND('',#1273,.T.);
#797=FACE_OUTER_BOUND('',#1274,.T.);
#798=FACE_OUTER_BOUND('',#1275,.T.);
#799=FACE_OUTER_BOUND('',#1276,.T.);
#800=FACE_OUTER_BOUND('',#1277,.T.);
#801=FACE_OUTER_BOUND('',#1278,.T.);
#802=FACE_OUTER_BOUND('',#1279,.T.);
#803=FACE_OUTER_BOUND('',#1280,.T.);
#804=FACE_OUTER_BOUND('',#1281,.T.);
#805=FACE_OUTER_BOUND('',#1282,.T.);
#806=FACE_OUTER_BOUND('',#1283,.T.);
#807=FACE_OUTER_BOUND('',#1284,.T.);
#808=FACE_OUTER_BOUND('',#1285,.T.);
#809=FACE_OUTER_BOUND('',#1286,.T.);
#810=FACE_OUTER_BOUND('',#1287,.T.);
#811=FACE_OUTER_BOUND('',#1288,.T.);
#812=FACE_OUTER_BOUND('',#1289,.T.);
#813=FACE_OUTER_BOUND('',#1290,.T.);
#814=FACE_OUTER_BOUND('',#1291,.T.);
#815=FACE_OUTER_BOUND('',#1292,.T.);
#816=FACE_OUTER_BOUND('',#1293,.T.);
#817=FACE_OUTER_BOUND('',#1294,.T.);
#818=FACE_OUTER_BOUND('',#1295,.T.);
#819=FACE_OUTER_BOUND('',#1296,.T.);
#820=FACE_OUTER_BOUND('',#1297,.T.);
#821=FACE_OUTER_BOUND('',#1298,.T.);
#822=FACE_OUTER_BOUND('',#1299,.T.);
#823=FACE_OUTER_BOUND('',#1300,.T.);
#824=FACE_OUTER_BOUND('',#1301,.T.);
#825=FACE_OUTER_BOUND('',#1302,.T.);
#826=FACE_OUTER_BOUND('',#1303,.T.);
#827=FACE_OUTER_BOUND('',#1304,.T.);
#828=FACE_OUTER_BOUND('',#1305,.T.);
#829=FACE_OUTER_BOUND('',#1306,.T.);
#830=FACE_OUTER_BOUND('',#1307,.T.);
#831=FACE_OUTER_BOUND('',#1308,.T.);
#832=FACE_OUTER_BOUND('',#1309,.T.);
#833=FACE_OUTER_BOUND('',#1310,.T.);
#834=FACE_OUTER_BOUND('',#1311,.T.);
#835=FACE_OUTER_BOUND('',#1312,.T.);
#836=FACE_OUTER_BOUND('',#1313,.T.);
#837=FACE_OUTER_BOUND('',#1314,.T.);
#838=FACE_OUTER_BOUND('',#1315,.T.);
#839=FACE_OUTER_BOUND('',#1316,.T.);
#840=FACE_OUTER_BOUND('',#1317,.T.);
#841=FACE_OUTER_BOUND('',#1319,.T.);
#842=FACE_OUTER_BOUND('',#1320,.T.);
#843=FACE_OUTER_BOUND('',#1321,.T.);
#844=FACE_OUTER_BOUND('',#1322,.T.);
#845=FACE_OUTER_BOUND('',#1323,.T.);
#846=FACE_OUTER_BOUND('',#1324,.T.);
#847=FACE_OUTER_BOUND('',#1325,.T.);
#848=FACE_OUTER_BOUND('',#1326,.T.);
#849=FACE_OUTER_BOUND('',#1327,.T.);
#850=FACE_OUTER_BOUND('',#1328,.T.);
#851=FACE_OUTER_BOUND('',#1329,.T.);
#852=FACE_OUTER_BOUND('',#1330,.T.);
#853=FACE_OUTER_BOUND('',#1331,.T.);
#854=FACE_OUTER_BOUND('',#1332,.T.);
#855=FACE_OUTER_BOUND('',#1333,.T.);
#856=FACE_OUTER_BOUND('',#1334,.T.);
#857=FACE_OUTER_BOUND('',#1336,.T.);
#858=FACE_OUTER_BOUND('',#1337,.T.);
#859=FACE_OUTER_BOUND('',#1338,.T.);
#860=FACE_OUTER_BOUND('',#1339,.T.);
#861=FACE_OUTER_BOUND('',#1340,.T.);
#862=FACE_OUTER_BOUND('',#1341,.T.);
#863=FACE_OUTER_BOUND('',#1342,.T.);
#864=FACE_OUTER_BOUND('',#1343,.T.);
#865=FACE_OUTER_BOUND('',#1344,.T.);
#866=FACE_OUTER_BOUND('',#1345,.T.);
#867=FACE_OUTER_BOUND('',#1346,.T.);
#868=FACE_OUTER_BOUND('',#1347,.T.);
#869=FACE_OUTER_BOUND('',#1348,.T.);
#870=FACE_OUTER_BOUND('',#1349,.T.);
#871=FACE_OUTER_BOUND('',#1350,.T.);
#872=FACE_OUTER_BOUND('',#1351,.T.);
#873=FACE_OUTER_BOUND('',#1353,.T.);
#874=FACE_OUTER_BOUND('',#1354,.T.);
#875=FACE_OUTER_BOUND('',#1355,.T.);
#876=FACE_OUTER_BOUND('',#1356,.T.);
#877=FACE_OUTER_BOUND('',#1357,.T.);
#878=FACE_OUTER_BOUND('',#1358,.T.);
#879=FACE_OUTER_BOUND('',#1359,.T.);
#880=FACE_OUTER_BOUND('',#1360,.T.);
#881=FACE_OUTER_BOUND('',#1361,.T.);
#882=FACE_OUTER_BOUND('',#1362,.T.);
#883=FACE_OUTER_BOUND('',#1363,.T.);
#884=FACE_OUTER_BOUND('',#1364,.T.);
#885=FACE_OUTER_BOUND('',#1365,.T.);
#886=FACE_OUTER_BOUND('',#1366,.T.);
#887=FACE_OUTER_BOUND('',#1367,.T.);
#888=FACE_OUTER_BOUND('',#1368,.T.);
#889=FACE_OUTER_BOUND('',#1369,.T.);
#890=FACE_OUTER_BOUND('',#1370,.T.);
#891=FACE_OUTER_BOUND('',#1371,.T.);
#892=FACE_OUTER_BOUND('',#1372,.T.);
#893=FACE_OUTER_BOUND('',#1373,.T.);
#894=FACE_OUTER_BOUND('',#1374,.T.);
#895=FACE_OUTER_BOUND('',#1375,.T.);
#896=FACE_OUTER_BOUND('',#1376,.T.);
#897=FACE_OUTER_BOUND('',#1377,.T.);
#898=FACE_OUTER_BOUND('',#1378,.T.);
#899=FACE_OUTER_BOUND('',#1379,.T.);
#900=FACE_OUTER_BOUND('',#1380,.T.);
#901=FACE_OUTER_BOUND('',#1381,.T.);
#902=FACE_OUTER_BOUND('',#1382,.T.);
#903=FACE_OUTER_BOUND('',#1383,.T.);
#904=FACE_OUTER_BOUND('',#1384,.T.);
#905=FACE_OUTER_BOUND('',#1385,.T.);
#906=FACE_OUTER_BOUND('',#1386,.T.);
#907=FACE_OUTER_BOUND('',#1387,.T.);
#908=FACE_OUTER_BOUND('',#1388,.T.);
#909=FACE_OUTER_BOUND('',#1389,.T.);
#910=FACE_OUTER_BOUND('',#1390,.T.);
#911=FACE_OUTER_BOUND('',#1391,.T.);
#912=FACE_OUTER_BOUND('',#1392,.T.);
#913=FACE_OUTER_BOUND('',#1393,.T.);
#914=FACE_OUTER_BOUND('',#1394,.T.);
#915=FACE_OUTER_BOUND('',#1395,.T.);
#916=FACE_OUTER_BOUND('',#1396,.T.);
#917=FACE_OUTER_BOUND('',#1397,.T.);
#918=FACE_OUTER_BOUND('',#1398,.T.);
#919=FACE_OUTER_BOUND('',#1399,.T.);
#920=FACE_OUTER_BOUND('',#1400,.T.);
#921=FACE_OUTER_BOUND('',#1401,.T.);
#922=FACE_OUTER_BOUND('',#1402,.T.);
#923=FACE_OUTER_BOUND('',#1403,.T.);
#924=FACE_OUTER_BOUND('',#1404,.T.);
#925=FACE_OUTER_BOUND('',#1405,.T.);
#926=FACE_OUTER_BOUND('',#1406,.T.);
#927=FACE_OUTER_BOUND('',#1407,.T.);
#928=FACE_OUTER_BOUND('',#1408,.T.);
#929=FACE_OUTER_BOUND('',#1409,.T.);
#930=FACE_OUTER_BOUND('',#1410,.T.);
#931=FACE_OUTER_BOUND('',#1412,.T.);
#932=FACE_OUTER_BOUND('',#1413,.T.);
#933=FACE_OUTER_BOUND('',#1415,.T.);
#934=FACE_OUTER_BOUND('',#1416,.T.);
#935=FACE_OUTER_BOUND('',#1417,.T.);
#936=FACE_OUTER_BOUND('',#1418,.T.);
#937=FACE_OUTER_BOUND('',#1420,.T.);
#938=FACE_OUTER_BOUND('',#1421,.T.);
#939=FACE_OUTER_BOUND('',#1422,.T.);
#940=FACE_OUTER_BOUND('',#1423,.T.);
#941=FACE_OUTER_BOUND('',#1425,.T.);
#942=FACE_OUTER_BOUND('',#1426,.T.);
#943=FACE_OUTER_BOUND('',#1427,.T.);
#944=FACE_OUTER_BOUND('',#1428,.T.);
#945=FACE_OUTER_BOUND('',#1429,.T.);
#946=FACE_OUTER_BOUND('',#1430,.T.);
#947=FACE_OUTER_BOUND('',#1431,.T.);
#948=FACE_OUTER_BOUND('',#1432,.T.);
#949=FACE_OUTER_BOUND('',#1433,.T.);
#950=FACE_OUTER_BOUND('',#1434,.T.);
#951=FACE_OUTER_BOUND('',#1435,.T.);
#952=EDGE_LOOP('',(#5190,#5191,#5192,#5193,#5194,#5195,#5196,#5197));
#953=EDGE_LOOP('',(#5198,#5199,#5200,#5201,#5202,#5203,#5204,#5205));
#954=EDGE_LOOP('',(#5206,#5207,#5208,#5209));
#955=EDGE_LOOP('',(#5210,#5211,#5212,#5213,#5214,#5215,#5216,#5217,#5218,
#5219,#5220,#5221,#5222,#5223));
#956=EDGE_LOOP('',(#5224,#5225,#5226,#5227));
#957=EDGE_LOOP('',(#5228,#5229,#5230,#5231,#5232,#5233,#5234,#5235,#5236,
#5237,#5238,#5239,#5240,#5241));
#958=EDGE_LOOP('',(#5242,#5243,#5244,#5245));
#959=EDGE_LOOP('',(#5246,#5247,#5248,#5249));
#960=EDGE_LOOP('',(#5250,#5251,#5252,#5253));
#961=EDGE_LOOP('',(#5254,#5255,#5256,#5257));
#962=EDGE_LOOP('',(#5258,#5259,#5260,#5261));
#963=EDGE_LOOP('',(#5262,#5263,#5264));
#964=EDGE_LOOP('',(#5265,#5266,#5267));
#965=EDGE_LOOP('',(#5268,#5269,#5270,#5271,#5272,#5273,#5274,#5275,#5276,
#5277,#5278,#5279));
#966=EDGE_LOOP('',(#5280,#5281,#5282,#5283,#5284,#5285,#5286,#5287,#5288,
#5289));
#967=EDGE_LOOP('',(#5290,#5291,#5292,#5293,#5294,#5295));
#968=EDGE_LOOP('',(#5296,#5297,#5298,#5299,#5300,#5301));
#969=EDGE_LOOP('',(#5302,#5303,#5304,#5305));
#970=EDGE_LOOP('',(#5306,#5307,#5308,#5309));
#971=EDGE_LOOP('',(#5310,#5311,#5312,#5313));
#972=EDGE_LOOP('',(#5314,#5315,#5316,#5317));
#973=EDGE_LOOP('',(#5318,#5319,#5320,#5321));
#974=EDGE_LOOP('',(#5322,#5323,#5324,#5325));
#975=EDGE_LOOP('',(#5326,#5327,#5328,#5329));
#976=EDGE_LOOP('',(#5330,#5331,#5332,#5333));
#977=EDGE_LOOP('',(#5334,#5335,#5336,#5337));
#978=EDGE_LOOP('',(#5338,#5339,#5340,#5341));
#979=EDGE_LOOP('',(#5342,#5343,#5344,#5345));
#980=EDGE_LOOP('',(#5346,#5347,#5348,#5349,#5350));
#981=EDGE_LOOP('',(#5351,#5352,#5353,#5354,#5355));
#982=EDGE_LOOP('',(#5356,#5357,#5358,#5359,#5360,#5361,#5362,#5363,#5364,
#5365,#5366,#5367));
#983=EDGE_LOOP('',(#5368,#5369,#5370,#5371,#5372,#5373));
#984=EDGE_LOOP('',(#5374,#5375,#5376,#5377,#5378));
#985=EDGE_LOOP('',(#5379,#5380,#5381,#5382,#5383));
#986=EDGE_LOOP('',(#5384,#5385,#5386,#5387,#5388,#5389));
#987=EDGE_LOOP('',(#5390,#5391,#5392,#5393));
#988=EDGE_LOOP('',(#5394,#5395,#5396,#5397));
#989=EDGE_LOOP('',(#5398,#5399,#5400,#5401));
#990=EDGE_LOOP('',(#5402,#5403,#5404,#5405,#5406,#5407));
#991=EDGE_LOOP('',(#5408,#5409,#5410,#5411,#5412,#5413));
#992=EDGE_LOOP('',(#5414,#5415,#5416,#5417));
#993=EDGE_LOOP('',(#5418,#5419,#5420,#5421,#5422));
#994=EDGE_LOOP('',(#5423,#5424,#5425,#5426,#5427));
#995=EDGE_LOOP('',(#5428,#5429,#5430,#5431,#5432,#5433));
#996=EDGE_LOOP('',(#5434,#5435,#5436,#5437));
#997=EDGE_LOOP('',(#5438,#5439,#5440,#5441));
#998=EDGE_LOOP('',(#5442,#5443,#5444,#5445));
#999=EDGE_LOOP('',(#5446,#5447,#5448,#5449,#5450,#5451));
#1000=EDGE_LOOP('',(#5452,#5453,#5454,#5455,#5456,#5457));
#1001=EDGE_LOOP('',(#5458,#5459,#5460,#5461));
#1002=EDGE_LOOP('',(#5462,#5463,#5464,#5465));
#1003=EDGE_LOOP('',(#5466,#5467,#5468,#5469));
#1004=EDGE_LOOP('',(#5470,#5471,#5472,#5473));
#1005=EDGE_LOOP('',(#5474,#5475,#5476,#5477));
#1006=EDGE_LOOP('',(#5478,#5479,#5480,#5481));
#1007=EDGE_LOOP('',(#5482,#5483,#5484,#5485));
#1008=EDGE_LOOP('',(#5486,#5487,#5488,#5489));
#1009=EDGE_LOOP('',(#5490,#5491,#5492,#5493));
#1010=EDGE_LOOP('',(#5494,#5495,#5496,#5497));
#1011=EDGE_LOOP('',(#5498,#5499,#5500,#5501));
#1012=EDGE_LOOP('',(#5502,#5503,#5504,#5505));
#1013=EDGE_LOOP('',(#5506,#5507,#5508,#5509));
#1014=EDGE_LOOP('',(#5510,#5511,#5512,#5513));
#1015=EDGE_LOOP('',(#5514,#5515,#5516,#5517));
#1016=EDGE_LOOP('',(#5518,#5519,#5520,#5521));
#1017=EDGE_LOOP('',(#5522,#5523,#5524,#5525));
#1018=EDGE_LOOP('',(#5526,#5527,#5528,#5529));
#1019=EDGE_LOOP('',(#5530,#5531,#5532,#5533));
#1020=EDGE_LOOP('',(#5534,#5535,#5536,#5537,#5538,#5539,#5540,#5541,#5542,
#5543));
#1021=EDGE_LOOP('',(#5544,#5545,#5546,#5547,#5548,#5549));
#1022=EDGE_LOOP('',(#5550,#5551,#5552,#5553,#5554,#5555,#5556,#5557,#5558,
#5559,#5560,#5561));
#1023=EDGE_LOOP('',(#5562,#5563,#5564,#5565,#5566,#5567,#5568));
#1024=EDGE_LOOP('',(#5569,#5570,#5571,#5572,#5573,#5574,#5575,#5576));
#1025=EDGE_LOOP('',(#5577,#5578,#5579,#5580,#5581,#5582,#5583,#5584,#5585,
#5586,#5587,#5588,#5589,#5590,#5591,#5592,#5593,#5594,#5595,#5596,#5597));
#1026=EDGE_LOOP('',(#5598,#5599,#5600,#5601,#5602,#5603,#5604,#5605,#5606,
#5607,#5608,#5609));
#1027=EDGE_LOOP('',(#5610,#5611,#5612,#5613,#5614,#5615,#5616));
#1028=EDGE_LOOP('',(#5617,#5618,#5619,#5620,#5621,#5622,#5623,#5624));
#1029=EDGE_LOOP('',(#5625,#5626,#5627,#5628,#5629,#5630,#5631,#5632,#5633,
#5634,#5635,#5636,#5637,#5638,#5639,#5640,#5641,#5642,#5643,#5644,#5645,
#5646,#5647,#5648,#5649,#5650,#5651,#5652,#5653,#5654,#5655,#5656,#5657));
#1030=EDGE_LOOP('',(#5658,#5659,#5660,#5661,#5662,#5663,#5664,#5665,#5666,
#5667,#5668,#5669,#5670,#5671,#5672));
#1031=EDGE_LOOP('',(#5673,#5674,#5675,#5676,#5677,#5678,#5679,#5680,#5681,
#5682,#5683,#5684,#5685,#5686));
#1032=EDGE_LOOP('',(#5687,#5688,#5689,#5690,#5691,#5692,#5693,#5694,#5695,
#5696,#5697,#5698));
#1033=EDGE_LOOP('',(#5699,#5700,#5701,#5702,#5703,#5704,#5705,#5706,#5707,
#5708,#5709,#5710,#5711,#5712));
#1034=EDGE_LOOP('',(#5713,#5714,#5715,#5716,#5717,#5718));
#1035=EDGE_LOOP('',(#5719,#5720,#5721,#5722));
#1036=EDGE_LOOP('',(#5723,#5724,#5725,#5726,#5727,#5728));
#1037=EDGE_LOOP('',(#5729,#5730,#5731,#5732));
#1038=EDGE_LOOP('',(#5733,#5734,#5735,#5736));
#1039=EDGE_LOOP('',(#5737,#5738,#5739,#5740,#5741,#5742));
#1040=EDGE_LOOP('',(#5743,#5744,#5745,#5746));
#1041=EDGE_LOOP('',(#5747,#5748,#5749,#5750,#5751,#5752));
#1042=EDGE_LOOP('',(#5753,#5754,#5755,#5756));
#1043=EDGE_LOOP('',(#5757,#5758,#5759,#5760));
#1044=EDGE_LOOP('',(#5761,#5762,#5763,#5764,#5765,#5766,#5767,#5768));
#1045=EDGE_LOOP('',(#5769,#5770,#5771,#5772));
#1046=EDGE_LOOP('',(#5773,#5774,#5775,#5776,#5777,#5778,#5779,#5780));
#1047=EDGE_LOOP('',(#5781,#5782,#5783,#5784,#5785,#5786,#5787,#5788,#5789,
#5790,#5791,#5792));
#1048=EDGE_LOOP('',(#5793,#5794,#5795,#5796));
#1049=EDGE_LOOP('',(#5797,#5798,#5799,#5800));
#1050=EDGE_LOOP('',(#5801,#5802,#5803,#5804));
#1051=EDGE_LOOP('',(#5805,#5806,#5807,#5808,#5809,#5810,#5811,#5812,#5813,
#5814));
#1052=EDGE_LOOP('',(#5815,#5816,#5817,#5818,#5819,#5820,#5821,#5822,#5823,
#5824));
#1053=EDGE_LOOP('',(#5825,#5826,#5827,#5828,#5829,#5830,#5831,#5832,#5833,
#5834));
#1054=EDGE_LOOP('',(#5835,#5836,#5837,#5838,#5839,#5840,#5841,#5842));
#1055=EDGE_LOOP('',(#5843,#5844,#5845,#5846));
#1056=EDGE_LOOP('',(#5847,#5848,#5849,#5850,#5851,#5852,#5853,#5854,#5855,
#5856,#5857,#5858));
#1057=EDGE_LOOP('',(#5859,#5860,#5861,#5862,#5863,#5864,#5865,#5866,#5867,
#5868,#5869,#5870));
#1058=EDGE_LOOP('',(#5871,#5872,#5873,#5874));
#1059=EDGE_LOOP('',(#5875,#5876,#5877,#5878));
#1060=EDGE_LOOP('',(#5879,#5880,#5881,#5882,#5883,#5884,#5885,#5886,#5887,
#5888,#5889,#5890));
#1061=EDGE_LOOP('',(#5891,#5892,#5893,#5894,#5895,#5896,#5897,#5898,#5899,
#5900,#5901,#5902));
#1062=EDGE_LOOP('',(#5903,#5904,#5905,#5906));
#1063=EDGE_LOOP('',(#5907,#5908,#5909,#5910));
#1064=EDGE_LOOP('',(#5911,#5912,#5913,#5914,#5915,#5916,#5917,#5918,#5919,
#5920));
#1065=EDGE_LOOP('',(#5921,#5922,#5923,#5924,#5925,#5926,#5927,#5928));
#1066=EDGE_LOOP('',(#5929,#5930,#5931,#5932,#5933));
#1067=EDGE_LOOP('',(#5934,#5935,#5936,#5937,#5938));
#1068=EDGE_LOOP('',(#5939,#5940,#5941,#5942));
#1069=EDGE_LOOP('',(#5943,#5944,#5945,#5946));
#1070=EDGE_LOOP('',(#5947,#5948,#5949,#5950,#5951,#5952,#5953));
#1071=EDGE_LOOP('',(#5954,#5955,#5956,#5957));
#1072=EDGE_LOOP('',(#5958,#5959,#5960,#5961));
#1073=EDGE_LOOP('',(#5962,#5963,#5964,#5965,#5966,#5967,#5968));
#1074=EDGE_LOOP('',(#5969,#5970,#5971,#5972));
#1075=EDGE_LOOP('',(#5973,#5974,#5975,#5976));
#1076=EDGE_LOOP('',(#5977,#5978,#5979,#5980,#5981,#5982,#5983));
#1077=EDGE_LOOP('',(#5984,#5985,#5986,#5987));
#1078=EDGE_LOOP('',(#5988,#5989,#5990,#5991));
#1079=EDGE_LOOP('',(#5992,#5993,#5994,#5995,#5996,#5997,#5998));
#1080=EDGE_LOOP('',(#5999,#6000,#6001,#6002));
#1081=EDGE_LOOP('',(#6003,#6004,#6005,#6006));
#1082=EDGE_LOOP('',(#6007,#6008,#6009,#6010));
#1083=EDGE_LOOP('',(#6011,#6012,#6013,#6014));
#1084=EDGE_LOOP('',(#6015,#6016,#6017,#6018));
#1085=EDGE_LOOP('',(#6019,#6020,#6021,#6022));
#1086=EDGE_LOOP('',(#6023,#6024,#6025,#6026));
#1087=EDGE_LOOP('',(#6027,#6028,#6029,#6030));
#1088=EDGE_LOOP('',(#6031,#6032,#6033,#6034,#6035,#6036,#6037,#6038));
#1089=EDGE_LOOP('',(#6039,#6040,#6041,#6042));
#1090=EDGE_LOOP('',(#6043,#6044,#6045,#6046,#6047,#6048,#6049,#6050));
#1091=EDGE_LOOP('',(#6051,#6052,#6053,#6054));
#1092=EDGE_LOOP('',(#6055,#6056,#6057,#6058));
#1093=EDGE_LOOP('',(#6059,#6060,#6061,#6062));
#1094=EDGE_LOOP('',(#6063,#6064,#6065,#6066,#6067,#6068,#6069,#6070));
#1095=EDGE_LOOP('',(#6071,#6072,#6073,#6074));
#1096=EDGE_LOOP('',(#6075,#6076,#6077,#6078,#6079,#6080,#6081,#6082));
#1097=EDGE_LOOP('',(#6083,#6084,#6085,#6086));
#1098=EDGE_LOOP('',(#6087,#6088,#6089,#6090));
#1099=EDGE_LOOP('',(#6091,#6092,#6093,#6094));
#1100=EDGE_LOOP('',(#6095,#6096,#6097,#6098));
#1101=EDGE_LOOP('',(#6099,#6100,#6101,#6102));
#1102=EDGE_LOOP('',(#6103,#6104,#6105,#6106));
#1103=EDGE_LOOP('',(#6107,#6108,#6109,#6110));
#1104=EDGE_LOOP('',(#6111,#6112,#6113,#6114));
#1105=EDGE_LOOP('',(#6115,#6116,#6117,#6118));
#1106=EDGE_LOOP('',(#6119,#6120,#6121,#6122));
#1107=EDGE_LOOP('',(#6123,#6124,#6125,#6126));
#1108=EDGE_LOOP('',(#6127,#6128,#6129,#6130));
#1109=EDGE_LOOP('',(#6131,#6132,#6133,#6134));
#1110=EDGE_LOOP('',(#6135,#6136,#6137,#6138));
#1111=EDGE_LOOP('',(#6139,#6140,#6141,#6142));
#1112=EDGE_LOOP('',(#6143,#6144,#6145,#6146));
#1113=EDGE_LOOP('',(#6147,#6148,#6149,#6150));
#1114=EDGE_LOOP('',(#6151,#6152,#6153,#6154));
#1115=EDGE_LOOP('',(#6155,#6156,#6157,#6158));
#1116=EDGE_LOOP('',(#6159,#6160,#6161,#6162));
#1117=EDGE_LOOP('',(#6163,#6164,#6165,#6166));
#1118=EDGE_LOOP('',(#6167,#6168,#6169,#6170));
#1119=EDGE_LOOP('',(#6171,#6172,#6173,#6174));
#1120=EDGE_LOOP('',(#6175,#6176,#6177,#6178));
#1121=EDGE_LOOP('',(#6179,#6180,#6181,#6182));
#1122=EDGE_LOOP('',(#6183,#6184,#6185,#6186));
#1123=EDGE_LOOP('',(#6187,#6188,#6189,#6190));
#1124=EDGE_LOOP('',(#6191,#6192,#6193,#6194));
#1125=EDGE_LOOP('',(#6195,#6196,#6197,#6198));
#1126=EDGE_LOOP('',(#6199,#6200,#6201,#6202));
#1127=EDGE_LOOP('',(#6203,#6204,#6205,#6206));
#1128=EDGE_LOOP('',(#6207,#6208,#6209,#6210));
#1129=EDGE_LOOP('',(#6211,#6212,#6213,#6214));
#1130=EDGE_LOOP('',(#6215,#6216,#6217,#6218));
#1131=EDGE_LOOP('',(#6219,#6220,#6221,#6222));
#1132=EDGE_LOOP('',(#6223,#6224,#6225,#6226));
#1133=EDGE_LOOP('',(#6227,#6228,#6229,#6230));
#1134=EDGE_LOOP('',(#6231,#6232,#6233,#6234));
#1135=EDGE_LOOP('',(#6235,#6236,#6237,#6238));
#1136=EDGE_LOOP('',(#6239,#6240,#6241,#6242));
#1137=EDGE_LOOP('',(#6243,#6244,#6245,#6246));
#1138=EDGE_LOOP('',(#6247,#6248,#6249,#6250));
#1139=EDGE_LOOP('',(#6251,#6252,#6253,#6254));
#1140=EDGE_LOOP('',(#6255,#6256,#6257,#6258));
#1141=EDGE_LOOP('',(#6259,#6260,#6261,#6262));
#1142=EDGE_LOOP('',(#6263,#6264,#6265,#6266));
#1143=EDGE_LOOP('',(#6267,#6268,#6269,#6270));
#1144=EDGE_LOOP('',(#6271,#6272,#6273,#6274));
#1145=EDGE_LOOP('',(#6275,#6276,#6277,#6278));
#1146=EDGE_LOOP('',(#6279,#6280,#6281,#6282));
#1147=EDGE_LOOP('',(#6283,#6284,#6285,#6286));
#1148=EDGE_LOOP('',(#6287,#6288,#6289,#6290));
#1149=EDGE_LOOP('',(#6291,#6292,#6293,#6294));
#1150=EDGE_LOOP('',(#6295,#6296,#6297,#6298));
#1151=EDGE_LOOP('',(#6299,#6300,#6301,#6302,#6303));
#1152=EDGE_LOOP('',(#6304,#6305,#6306,#6307,#6308,#6309));
#1153=EDGE_LOOP('',(#6310,#6311,#6312,#6313));
#1154=EDGE_LOOP('',(#6314,#6315,#6316,#6317,#6318));
#1155=EDGE_LOOP('',(#6319,#6320,#6321,#6322));
#1156=EDGE_LOOP('',(#6323,#6324,#6325,#6326));
#1157=EDGE_LOOP('',(#6327,#6328,#6329,#6330));
#1158=EDGE_LOOP('',(#6331,#6332,#6333,#6334));
#1159=EDGE_LOOP('',(#6335,#6336,#6337,#6338));
#1160=EDGE_LOOP('',(#6339,#6340,#6341,#6342));
#1161=EDGE_LOOP('',(#6343,#6344,#6345,#6346));
#1162=EDGE_LOOP('',(#6347,#6348,#6349,#6350));
#1163=EDGE_LOOP('',(#6351,#6352,#6353,#6354));
#1164=EDGE_LOOP('',(#6355,#6356,#6357,#6358));
#1165=EDGE_LOOP('',(#6359,#6360,#6361,#6362,#6363,#6364));
#1166=EDGE_LOOP('',(#6365,#6366,#6367,#6368));
#1167=EDGE_LOOP('',(#6369,#6370,#6371,#6372));
#1168=EDGE_LOOP('',(#6373,#6374,#6375,#6376));
#1169=EDGE_LOOP('',(#6377,#6378,#6379,#6380));
#1170=EDGE_LOOP('',(#6381,#6382,#6383,#6384));
#1171=EDGE_LOOP('',(#6385,#6386,#6387,#6388));
#1172=EDGE_LOOP('',(#6389,#6390,#6391,#6392));
#1173=EDGE_LOOP('',(#6393,#6394,#6395,#6396));
#1174=EDGE_LOOP('',(#6397,#6398,#6399,#6400));
#1175=EDGE_LOOP('',(#6401,#6402,#6403,#6404));
#1176=EDGE_LOOP('',(#6405,#6406,#6407,#6408));
#1177=EDGE_LOOP('',(#6409,#6410,#6411,#6412));
#1178=EDGE_LOOP('',(#6413,#6414,#6415,#6416));
#1179=EDGE_LOOP('',(#6417,#6418,#6419,#6420));
#1180=EDGE_LOOP('',(#6421,#6422,#6423,#6424,#6425,#6426,#6427,#6428,#6429,
#6430,#6431,#6432,#6433,#6434));
#1181=EDGE_LOOP('',(#6435,#6436,#6437,#6438));
#1182=EDGE_LOOP('',(#6439,#6440,#6441,#6442));
#1183=EDGE_LOOP('',(#6443,#6444,#6445,#6446));
#1184=EDGE_LOOP('',(#6447,#6448,#6449,#6450));
#1185=EDGE_LOOP('',(#6451,#6452,#6453,#6454));
#1186=EDGE_LOOP('',(#6455,#6456,#6457,#6458));
#1187=EDGE_LOOP('',(#6459,#6460,#6461,#6462));
#1188=EDGE_LOOP('',(#6463,#6464,#6465,#6466));
#1189=EDGE_LOOP('',(#6467,#6468,#6469,#6470));
#1190=EDGE_LOOP('',(#6471,#6472,#6473,#6474));
#1191=EDGE_LOOP('',(#6475,#6476,#6477,#6478));
#1192=EDGE_LOOP('',(#6479,#6480,#6481,#6482));
#1193=EDGE_LOOP('',(#6483,#6484,#6485,#6486,#6487,#6488,#6489,#6490,#6491,
#6492,#6493,#6494));
#1194=EDGE_LOOP('',(#6495,#6496,#6497,#6498,#6499,#6500,#6501));
#1195=EDGE_LOOP('',(#6502,#6503,#6504,#6505,#6506,#6507,#6508));
#1196=EDGE_LOOP('',(#6509,#6510,#6511,#6512));
#1197=EDGE_LOOP('',(#6513,#6514,#6515,#6516));
#1198=EDGE_LOOP('',(#6517,#6518,#6519,#6520));
#1199=EDGE_LOOP('',(#6521,#6522,#6523,#6524));
#1200=EDGE_LOOP('',(#6525,#6526,#6527,#6528));
#1201=EDGE_LOOP('',(#6529,#6530,#6531,#6532));
#1202=EDGE_LOOP('',(#6533,#6534,#6535,#6536));
#1203=EDGE_LOOP('',(#6537,#6538,#6539,#6540));
#1204=EDGE_LOOP('',(#6541,#6542,#6543,#6544));
#1205=EDGE_LOOP('',(#6545,#6546,#6547,#6548));
#1206=EDGE_LOOP('',(#6549,#6550,#6551,#6552));
#1207=EDGE_LOOP('',(#6553,#6554,#6555,#6556));
#1208=EDGE_LOOP('',(#6557,#6558,#6559,#6560));
#1209=EDGE_LOOP('',(#6561,#6562,#6563,#6564));
#1210=EDGE_LOOP('',(#6565,#6566,#6567,#6568,#6569,#6570,#6571));
#1211=EDGE_LOOP('',(#6572,#6573,#6574,#6575,#6576,#6577,#6578,#6579));
#1212=EDGE_LOOP('',(#6580,#6581,#6582,#6583,#6584,#6585));
#1213=EDGE_LOOP('',(#6586,#6587,#6588,#6589));
#1214=EDGE_LOOP('',(#6590,#6591,#6592,#6593));
#1215=EDGE_LOOP('',(#6594,#6595,#6596,#6597));
#1216=EDGE_LOOP('',(#6598,#6599,#6600,#6601));
#1217=EDGE_LOOP('',(#6602,#6603,#6604,#6605));
#1218=EDGE_LOOP('',(#6606,#6607,#6608,#6609));
#1219=EDGE_LOOP('',(#6610,#6611,#6612,#6613));
#1220=EDGE_LOOP('',(#6614,#6615,#6616,#6617));
#1221=EDGE_LOOP('',(#6618,#6619,#6620,#6621));
#1222=EDGE_LOOP('',(#6622,#6623,#6624,#6625));
#1223=EDGE_LOOP('',(#6626,#6627,#6628,#6629));
#1224=EDGE_LOOP('',(#6630,#6631,#6632,#6633));
#1225=EDGE_LOOP('',(#6634,#6635,#6636,#6637));
#1226=EDGE_LOOP('',(#6638,#6639,#6640,#6641));
#1227=EDGE_LOOP('',(#6642,#6643,#6644,#6645,#6646,#6647));
#1228=EDGE_LOOP('',(#6648,#6649,#6650,#6651));
#1229=EDGE_LOOP('',(#6652,#6653,#6654,#6655));
#1230=EDGE_LOOP('',(#6656,#6657,#6658,#6659));
#1231=EDGE_LOOP('',(#6660,#6661,#6662,#6663));
#1232=EDGE_LOOP('',(#6664,#6665,#6666,#6667));
#1233=EDGE_LOOP('',(#6668,#6669,#6670,#6671));
#1234=EDGE_LOOP('',(#6672,#6673,#6674,#6675));
#1235=EDGE_LOOP('',(#6676,#6677,#6678,#6679));
#1236=EDGE_LOOP('',(#6680,#6681,#6682,#6683));
#1237=EDGE_LOOP('',(#6684,#6685,#6686,#6687));
#1238=EDGE_LOOP('',(#6688,#6689,#6690,#6691));
#1239=EDGE_LOOP('',(#6692,#6693,#6694,#6695));
#1240=EDGE_LOOP('',(#6696,#6697,#6698,#6699,#6700,#6701,#6702,#6703,#6704,
#6705,#6706,#6707));
#1241=EDGE_LOOP('',(#6708,#6709,#6710,#6711,#6712,#6713,#6714,#6715,#6716,
#6717,#6718,#6719,#6720,#6721));
#1242=EDGE_LOOP('',(#6722,#6723,#6724,#6725,#6726,#6727,#6728,#6729));
#1243=EDGE_LOOP('',(#6730,#6731,#6732,#6733));
#1244=EDGE_LOOP('',(#6734,#6735,#6736,#6737));
#1245=EDGE_LOOP('',(#6738,#6739,#6740,#6741));
#1246=EDGE_LOOP('',(#6742,#6743,#6744,#6745));
#1247=EDGE_LOOP('',(#6746,#6747,#6748,#6749));
#1248=EDGE_LOOP('',(#6750,#6751,#6752,#6753));
#1249=EDGE_LOOP('',(#6754,#6755,#6756,#6757));
#1250=EDGE_LOOP('',(#6758,#6759,#6760,#6761));
#1251=EDGE_LOOP('',(#6762,#6763,#6764,#6765));
#1252=EDGE_LOOP('',(#6766,#6767,#6768,#6769));
#1253=EDGE_LOOP('',(#6770,#6771,#6772,#6773));
#1254=EDGE_LOOP('',(#6774,#6775,#6776,#6777));
#1255=EDGE_LOOP('',(#6778,#6779,#6780,#6781));
#1256=EDGE_LOOP('',(#6782,#6783,#6784,#6785));
#1257=EDGE_LOOP('',(#6786,#6787,#6788,#6789));
#1258=EDGE_LOOP('',(#6790,#6791,#6792,#6793));
#1259=EDGE_LOOP('',(#6794,#6795,#6796,#6797));
#1260=EDGE_LOOP('',(#6798,#6799,#6800,#6801));
#1261=EDGE_LOOP('',(#6802,#6803,#6804,#6805));
#1262=EDGE_LOOP('',(#6806,#6807,#6808,#6809));
#1263=EDGE_LOOP('',(#6810,#6811,#6812,#6813));
#1264=EDGE_LOOP('',(#6814,#6815,#6816,#6817));
#1265=EDGE_LOOP('',(#6818,#6819,#6820,#6821,#6822,#6823,#6824,#6825));
#1266=EDGE_LOOP('',(#6826,#6827,#6828,#6829));
#1267=EDGE_LOOP('',(#6830,#6831,#6832,#6833));
#1268=EDGE_LOOP('',(#6834,#6835,#6836,#6837));
#1269=EDGE_LOOP('',(#6838,#6839,#6840,#6841));
#1270=EDGE_LOOP('',(#6842,#6843,#6844,#6845));
#1271=EDGE_LOOP('',(#6846,#6847,#6848,#6849));
#1272=EDGE_LOOP('',(#6850,#6851,#6852,#6853));
#1273=EDGE_LOOP('',(#6854,#6855,#6856,#6857));
#1274=EDGE_LOOP('',(#6858,#6859,#6860,#6861));
#1275=EDGE_LOOP('',(#6862,#6863,#6864,#6865));
#1276=EDGE_LOOP('',(#6866,#6867,#6868,#6869));
#1277=EDGE_LOOP('',(#6870,#6871,#6872,#6873));
#1278=EDGE_LOOP('',(#6874,#6875,#6876,#6877));
#1279=EDGE_LOOP('',(#6878,#6879,#6880,#6881));
#1280=EDGE_LOOP('',(#6882,#6883,#6884,#6885));
#1281=EDGE_LOOP('',(#6886,#6887,#6888,#6889));
#1282=EDGE_LOOP('',(#6890,#6891,#6892,#6893));
#1283=EDGE_LOOP('',(#6894,#6895,#6896,#6897));
#1284=EDGE_LOOP('',(#6898,#6899,#6900,#6901));
#1285=EDGE_LOOP('',(#6902,#6903,#6904,#6905));
#1286=EDGE_LOOP('',(#6906,#6907,#6908,#6909));
#1287=EDGE_LOOP('',(#6910,#6911,#6912,#6913,#6914,#6915,#6916,#6917,#6918,
#6919,#6920,#6921,#6922,#6923,#6924,#6925,#6926,#6927,#6928,#6929,#6930));
#1288=EDGE_LOOP('',(#6931,#6932,#6933,#6934));
#1289=EDGE_LOOP('',(#6935,#6936,#6937,#6938));
#1290=EDGE_LOOP('',(#6939,#6940,#6941,#6942));
#1291=EDGE_LOOP('',(#6943,#6944,#6945,#6946));
#1292=EDGE_LOOP('',(#6947,#6948,#6949,#6950));
#1293=EDGE_LOOP('',(#6951,#6952,#6953,#6954));
#1294=EDGE_LOOP('',(#6955,#6956,#6957,#6958));
#1295=EDGE_LOOP('',(#6959,#6960,#6961,#6962));
#1296=EDGE_LOOP('',(#6963,#6964,#6965,#6966));
#1297=EDGE_LOOP('',(#6967,#6968,#6969,#6970));
#1298=EDGE_LOOP('',(#6971,#6972,#6973,#6974));
#1299=EDGE_LOOP('',(#6975,#6976,#6977,#6978));
#1300=EDGE_LOOP('',(#6979,#6980,#6981,#6982));
#1301=EDGE_LOOP('',(#6983,#6984,#6985,#6986));
#1302=EDGE_LOOP('',(#6987,#6988,#6989,#6990));
#1303=EDGE_LOOP('',(#6991,#6992,#6993,#6994,#6995,#6996,#6997,#6998,#6999,
#7000,#7001,#7002,#7003,#7004,#7005));
#1304=EDGE_LOOP('',(#7006,#7007,#7008,#7009));
#1305=EDGE_LOOP('',(#7010,#7011,#7012,#7013));
#1306=EDGE_LOOP('',(#7014,#7015,#7016,#7017));
#1307=EDGE_LOOP('',(#7018,#7019,#7020,#7021));
#1308=EDGE_LOOP('',(#7022,#7023,#7024,#7025));
#1309=EDGE_LOOP('',(#7026,#7027,#7028,#7029));
#1310=EDGE_LOOP('',(#7030,#7031,#7032,#7033));
#1311=EDGE_LOOP('',(#7034,#7035,#7036,#7037));
#1312=EDGE_LOOP('',(#7038,#7039,#7040,#7041));
#1313=EDGE_LOOP('',(#7042,#7043,#7044,#7045));
#1314=EDGE_LOOP('',(#7046,#7047,#7048,#7049));
#1315=EDGE_LOOP('',(#7050,#7051,#7052,#7053));
#1316=EDGE_LOOP('',(#7054,#7055,#7056,#7057,#7058,#7059,#7060,#7061,#7062,
#7063,#7064,#7065));
#1317=EDGE_LOOP('',(#7066,#7067,#7068,#7069,#7070,#7071,#7072));
#1318=EDGE_LOOP('',(#7073,#7074,#7075,#7076,#7077,#7078,#7079));
#1319=EDGE_LOOP('',(#7080,#7081,#7082,#7083));
#1320=EDGE_LOOP('',(#7084,#7085,#7086,#7087));
#1321=EDGE_LOOP('',(#7088,#7089,#7090,#7091));
#1322=EDGE_LOOP('',(#7092,#7093,#7094,#7095));
#1323=EDGE_LOOP('',(#7096,#7097,#7098,#7099));
#1324=EDGE_LOOP('',(#7100,#7101,#7102,#7103));
#1325=EDGE_LOOP('',(#7104,#7105,#7106,#7107));
#1326=EDGE_LOOP('',(#7108,#7109,#7110,#7111));
#1327=EDGE_LOOP('',(#7112,#7113,#7114,#7115));
#1328=EDGE_LOOP('',(#7116,#7117,#7118,#7119));
#1329=EDGE_LOOP('',(#7120,#7121,#7122,#7123));
#1330=EDGE_LOOP('',(#7124,#7125,#7126,#7127));
#1331=EDGE_LOOP('',(#7128,#7129,#7130,#7131));
#1332=EDGE_LOOP('',(#7132,#7133,#7134,#7135));
#1333=EDGE_LOOP('',(#7136,#7137,#7138,#7139,#7140,#7141,#7142));
#1334=EDGE_LOOP('',(#7143,#7144,#7145,#7146,#7147,#7148,#7149,#7150));
#1335=EDGE_LOOP('',(#7151,#7152,#7153,#7154,#7155,#7156));
#1336=EDGE_LOOP('',(#7157,#7158,#7159,#7160));
#1337=EDGE_LOOP('',(#7161,#7162,#7163,#7164));
#1338=EDGE_LOOP('',(#7165,#7166,#7167,#7168));
#1339=EDGE_LOOP('',(#7169,#7170,#7171,#7172));
#1340=EDGE_LOOP('',(#7173,#7174,#7175,#7176));
#1341=EDGE_LOOP('',(#7177,#7178,#7179,#7180));
#1342=EDGE_LOOP('',(#7181,#7182,#7183,#7184));
#1343=EDGE_LOOP('',(#7185,#7186,#7187,#7188));
#1344=EDGE_LOOP('',(#7189,#7190,#7191,#7192));
#1345=EDGE_LOOP('',(#7193,#7194,#7195,#7196));
#1346=EDGE_LOOP('',(#7197,#7198,#7199,#7200));
#1347=EDGE_LOOP('',(#7201,#7202,#7203,#7204));
#1348=EDGE_LOOP('',(#7205,#7206,#7207,#7208));
#1349=EDGE_LOOP('',(#7209,#7210,#7211,#7212));
#1350=EDGE_LOOP('',(#7213,#7214,#7215,#7216,#7217,#7218));
#1351=EDGE_LOOP('',(#7219,#7220,#7221,#7222,#7223,#7224,#7225,#7226,#7227,
#7228,#7229,#7230,#7231,#7232,#7233,#7234,#7235,#7236,#7237,#7238,#7239,
#7240,#7241,#7242,#7243,#7244,#7245,#7246,#7247,#7248,#7249,#7250,#7251));
#1352=EDGE_LOOP('',(#7252,#7253));
#1353=EDGE_LOOP('',(#7254,#7255,#7256,#7257));
#1354=EDGE_LOOP('',(#7258,#7259,#7260,#7261));
#1355=EDGE_LOOP('',(#7262,#7263,#7264,#7265));
#1356=EDGE_LOOP('',(#7266,#7267,#7268,#7269));
#1357=EDGE_LOOP('',(#7270,#7271,#7272,#7273));
#1358=EDGE_LOOP('',(#7274,#7275,#7276,#7277));
#1359=EDGE_LOOP('',(#7278,#7279,#7280,#7281));
#1360=EDGE_LOOP('',(#7282,#7283,#7284,#7285));
#1361=EDGE_LOOP('',(#7286,#7287,#7288,#7289));
#1362=EDGE_LOOP('',(#7290,#7291,#7292,#7293));
#1363=EDGE_LOOP('',(#7294,#7295,#7296,#7297));
#1364=EDGE_LOOP('',(#7298,#7299,#7300,#7301));
#1365=EDGE_LOOP('',(#7302,#7303,#7304,#7305));
#1366=EDGE_LOOP('',(#7306,#7307,#7308,#7309));
#1367=EDGE_LOOP('',(#7310,#7311,#7312,#7313));
#1368=EDGE_LOOP('',(#7314,#7315,#7316,#7317));
#1369=EDGE_LOOP('',(#7318,#7319,#7320,#7321));
#1370=EDGE_LOOP('',(#7322,#7323,#7324,#7325));
#1371=EDGE_LOOP('',(#7326,#7327,#7328,#7329));
#1372=EDGE_LOOP('',(#7330,#7331,#7332,#7333));
#1373=EDGE_LOOP('',(#7334,#7335,#7336,#7337));
#1374=EDGE_LOOP('',(#7338,#7339,#7340,#7341));
#1375=EDGE_LOOP('',(#7342,#7343,#7344,#7345));
#1376=EDGE_LOOP('',(#7346,#7347,#7348,#7349));
#1377=EDGE_LOOP('',(#7350,#7351,#7352,#7353));
#1378=EDGE_LOOP('',(#7354,#7355,#7356,#7357));
#1379=EDGE_LOOP('',(#7358,#7359,#7360,#7361));
#1380=EDGE_LOOP('',(#7362,#7363,#7364,#7365));
#1381=EDGE_LOOP('',(#7366,#7367,#7368,#7369));
#1382=EDGE_LOOP('',(#7370,#7371,#7372,#7373));
#1383=EDGE_LOOP('',(#7374,#7375,#7376,#7377));
#1384=EDGE_LOOP('',(#7378,#7379,#7380,#7381));
#1385=EDGE_LOOP('',(#7382,#7383,#7384,#7385));
#1386=EDGE_LOOP('',(#7386,#7387,#7388,#7389));
#1387=EDGE_LOOP('',(#7390,#7391,#7392,#7393));
#1388=EDGE_LOOP('',(#7394,#7395));
#1389=EDGE_LOOP('',(#7396,#7397,#7398,#7399));
#1390=EDGE_LOOP('',(#7400,#7401,#7402,#7403));
#1391=EDGE_LOOP('',(#7404,#7405,#7406,#7407));
#1392=EDGE_LOOP('',(#7408,#7409,#7410,#7411));
#1393=EDGE_LOOP('',(#7412,#7413,#7414,#7415));
#1394=EDGE_LOOP('',(#7416,#7417,#7418,#7419));
#1395=EDGE_LOOP('',(#7420,#7421,#7422,#7423,#7424,#7425,#7426,#7427));
#1396=EDGE_LOOP('',(#7428,#7429,#7430,#7431));
#1397=EDGE_LOOP('',(#7432,#7433,#7434,#7435));
#1398=EDGE_LOOP('',(#7436,#7437,#7438,#7439,#7440,#7441,#7442,#7443,#7444,
#7445,#7446,#7447));
#1399=EDGE_LOOP('',(#7448,#7449,#7450,#7451,#7452,#7453,#7454,#7455,#7456,
#7457,#7458,#7459,#7460));
#1400=EDGE_LOOP('',(#7461,#7462,#7463,#7464));
#1401=EDGE_LOOP('',(#7465,#7466,#7467,#7468));
#1402=EDGE_LOOP('',(#7469,#7470,#7471,#7472,#7473,#7474));
#1403=EDGE_LOOP('',(#7475,#7476,#7477,#7478,#7479,#7480));
#1404=EDGE_LOOP('',(#7481,#7482,#7483,#7484,#7485,#7486));
#1405=EDGE_LOOP('',(#7487,#7488,#7489,#7490));
#1406=EDGE_LOOP('',(#7491,#7492,#7493,#7494));
#1407=EDGE_LOOP('',(#7495,#7496,#7497,#7498));
#1408=EDGE_LOOP('',(#7499,#7500,#7501,#7502,#7503,#7504));
#1409=EDGE_LOOP('',(#7505,#7506,#7507,#7508,#7509,#7510));
#1410=EDGE_LOOP('',(#7511,#7512,#7513,#7514,#7515,#7516));
#1411=EDGE_LOOP('',(#7517));
#1412=EDGE_LOOP('',(#7518,#7519,#7520,#7521));
#1413=EDGE_LOOP('',(#7522,#7523,#7524,#7525,#7526,#7527));
#1414=EDGE_LOOP('',(#7528));
#1415=EDGE_LOOP('',(#7529,#7530,#7531,#7532,#7533,#7534,#7535,#7536));
#1416=EDGE_LOOP('',(#7537,#7538,#7539,#7540));
#1417=EDGE_LOOP('',(#7541,#7542,#7543,#7544));
#1418=EDGE_LOOP('',(#7545,#7546,#7547,#7548));
#1419=EDGE_LOOP('',(#7549));
#1420=EDGE_LOOP('',(#7550,#7551,#7552,#7553));
#1421=EDGE_LOOP('',(#7554,#7555,#7556,#7557));
#1422=EDGE_LOOP('',(#7558,#7559,#7560,#7561));
#1423=EDGE_LOOP('',(#7562,#7563,#7564,#7565));
#1424=EDGE_LOOP('',(#7566));
#1425=EDGE_LOOP('',(#7567,#7568,#7569,#7570));
#1426=EDGE_LOOP('',(#7571,#7572,#7573,#7574));
#1427=EDGE_LOOP('',(#7575,#7576,#7577,#7578,#7579));
#1428=EDGE_LOOP('',(#7580,#7581,#7582,#7583));
#1429=EDGE_LOOP('',(#7584,#7585,#7586,#7587));
#1430=EDGE_LOOP('',(#7588,#7589,#7590,#7591));
#1431=EDGE_LOOP('',(#7592,#7593,#7594,#7595));
#1432=EDGE_LOOP('',(#7596));
#1433=EDGE_LOOP('',(#7597));
#1434=EDGE_LOOP('',(#7598));
#1435=EDGE_LOOP('',(#7599));
#1436=CIRCLE('',#8774,0.299999999999);
#1437=CIRCLE('',#8775,0.299999999999);
#1438=CIRCLE('',#8776,0.1);
#1439=CIRCLE('',#8777,0.099999999999);
#1440=CIRCLE('',#8779,0.299999999999);
#1441=CIRCLE('',#8780,0.099999999999);
#1442=CIRCLE('',#8781,0.1);
#1443=CIRCLE('',#8782,0.299999999999);
#1444=CIRCLE('',#8785,0.5);
#1445=CIRCLE('',#8786,0.400999999999);
#1446=CIRCLE('',#8787,0.400999999999);
#1447=CIRCLE('',#8788,0.5);
#1448=CIRCLE('',#8789,2.75);
#1449=CIRCLE('',#8790,2.75);
#1450=CIRCLE('',#8792,0.5);
#1451=CIRCLE('',#8793,0.499999999999);
#1452=CIRCLE('',#8794,2.75);
#1453=CIRCLE('',#8795,2.75);
#1454=CIRCLE('',#8801,0.401);
#1455=CIRCLE('',#8803,0.401);
#1456=CIRCLE('',#8805,0.5);
#1457=CIRCLE('',#8806,0.099999999999);
#1458=CIRCLE('',#8807,0.099999999999);
#1459=CIRCLE('',#8808,0.5);
#1460=CIRCLE('',#8810,0.5);
#1461=CIRCLE('',#8811,0.5);
#1462=CIRCLE('',#8820,0.001);
#1463=CIRCLE('',#8821,0.401);
#1464=CIRCLE('',#8823,0.001);
#1465=CIRCLE('',#8824,0.401);
#1466=CIRCLE('',#8830,0.401);
#1467=CIRCLE('',#8831,0.001);
#1468=CIRCLE('',#8833,0.401);
#1469=CIRCLE('',#8834,0.001);
#1470=CIRCLE('',#8838,0.000999999999);
#1471=CIRCLE('',#8839,0.400999999999);
#1472=CIRCLE('',#8841,0.000999999999);
#1473=CIRCLE('',#8842,0.400999999999);
#1474=CIRCLE('',#8848,0.5);
#1475=CIRCLE('',#8849,0.5);
#1476=CIRCLE('',#8851,0.5);
#1477=CIRCLE('',#8852,0.5);
#1478=CIRCLE('',#8855,0.000999999999);
#1479=CIRCLE('',#8856,0.400999999999);
#1480=CIRCLE('',#8858,0.000999999999);
#1481=CIRCLE('',#8859,0.400999999999);
#1482=CIRCLE('',#8865,0.5);
#1483=CIRCLE('',#8866,0.5);
#1484=CIRCLE('',#8868,0.5);
#1485=CIRCLE('',#8869,0.5);
#1486=CIRCLE('',#8890,0.4);
#1487=CIRCLE('',#8891,0.4);
#1488=CIRCLE('',#8924,0.299999999999);
#1489=CIRCLE('',#8925,0.299999999999);
#1490=CIRCLE('',#8928,0.299999999999);
#1491=CIRCLE('',#8929,0.299999999999);
#1492=CIRCLE('',#8931,1.249999999999);
#1493=CIRCLE('',#8932,1.249999999999);
#1494=CIRCLE('',#8934,0.75);
#1495=CIRCLE('',#8935,0.75);
#1496=CIRCLE('',#8937,0.299999999999);
#1497=CIRCLE('',#8938,0.299999999999);
#1498=CIRCLE('',#8941,0.299999999999);
#1499=CIRCLE('',#8942,0.299999999999);
#1500=CIRCLE('',#8944,1.249999999999);
#1501=CIRCLE('',#8945,1.25);
#1502=CIRCLE('',#8947,0.75);
#1503=CIRCLE('',#8948,0.75);
#1504=CIRCLE('',#8950,0.299999999999);
#1505=CIRCLE('',#8951,0.299999999999);
#1506=CIRCLE('',#8952,0.1);
#1507=CIRCLE('',#8953,0.1);
#1508=CIRCLE('',#8956,0.299999999999);
#1509=CIRCLE('',#8957,0.1);
#1510=CIRCLE('',#8958,0.1);
#1511=CIRCLE('',#8959,0.299999999999);
#1512=CIRCLE('',#8962,0.4);
#1513=CIRCLE('',#8963,0.4);
#1514=CIRCLE('',#8965,0.399999999999);
#1515=CIRCLE('',#8966,0.399999999999);
#1516=CIRCLE('',#8968,0.4);
#1517=CIRCLE('',#8969,0.4);
#1518=CIRCLE('',#8971,0.199999999999);
#1519=CIRCLE('',#8972,0.2);
#1520=CIRCLE('',#8973,0.199999999999);
#1521=CIRCLE('',#8974,0.199999999999);
#1522=CIRCLE('',#8975,2.75);
#1523=CIRCLE('',#8976,2.75);
#1524=CIRCLE('',#8978,0.099999999999);
#1525=CIRCLE('',#8979,0.099999999999);
#1526=CIRCLE('',#8980,0.099999999999);
#1527=CIRCLE('',#8981,0.099999999999);
#1528=CIRCLE('',#8983,0.099999999999);
#1529=CIRCLE('',#8984,0.099999999999);
#1530=CIRCLE('',#8985,0.099999999999);
#1531=CIRCLE('',#8986,0.099999999999);
#1532=CIRCLE('',#8990,0.099999999999);
#1533=CIRCLE('',#8991,0.099999999999);
#1534=CIRCLE('',#8992,0.099999999999);
#1535=CIRCLE('',#8993,0.099999999999);
#1536=CIRCLE('',#8995,0.099999999999);
#1537=CIRCLE('',#8996,0.099999999999);
#1538=CIRCLE('',#8997,0.099999999999);
#1539=CIRCLE('',#8998,0.099999999999);
#1540=CIRCLE('',#9004,1.25);
#1541=CIRCLE('',#9005,1.25);
#1542=CIRCLE('',#9007,0.749999999999);
#1543=CIRCLE('',#9008,0.749999999999);
#1544=CIRCLE('',#9010,0.199999999999);
#1545=CIRCLE('',#9012,0.199999999999);
#1546=CIRCLE('',#9016,0.2);
#1547=CIRCLE('',#9017,0.2);
#1548=CIRCLE('',#9018,0.2);
#1549=CIRCLE('',#9022,0.2);
#1550=CIRCLE('',#9023,0.199999999999);
#1551=CIRCLE('',#9024,0.199999999999);
#1552=CIRCLE('',#9028,0.199999999999);
#1553=CIRCLE('',#9029,0.199999999999);
#1554=CIRCLE('',#9030,0.199999999999);
#1555=CIRCLE('',#9034,0.199999999999);
#1556=CIRCLE('',#9035,0.2);
#1557=CIRCLE('',#9036,0.2);
#1558=CIRCLE('',#9038,2.75);
#1559=CIRCLE('',#9041,2.75);
#1560=CIRCLE('',#9075,0.199999999999);
#1561=CIRCLE('',#9077,0.199999999999);
#1562=CIRCLE('',#9078,0.199999999999);
#1563=CIRCLE('',#9082,0.199999999999);
#1564=CIRCLE('',#9084,0.199999999999);
#1565=CIRCLE('',#9086,0.2);
#1566=CIRCLE('',#9088,0.199999999999);
#1567=CIRCLE('',#9090,0.199999999999);
#1568=CIRCLE('',#9092,0.199999999999);
#1569=CIRCLE('',#9096,0.2);
#1570=CIRCLE('',#9098,0.199999999999);
#1571=CIRCLE('',#9100,0.199999999999);
#1572=CIRCLE('',#9102,0.2);
#1573=CIRCLE('',#9104,0.199999999999);
#1574=CIRCLE('',#9106,0.199999999999);
#1575=CIRCLE('',#9110,0.199999999999);
#1576=CIRCLE('',#9112,0.2);
#1577=CIRCLE('',#9114,0.199999999999);
#1578=CIRCLE('',#9116,0.199999999999);
#1579=CIRCLE('',#9118,0.199999999999);
#1580=CIRCLE('',#9120,0.199999999999);
#1581=CIRCLE('',#9124,0.199999999999);
#1582=CIRCLE('',#9126,0.199999999999);
#1583=CIRCLE('',#9128,0.199999999999);
#1584=CIRCLE('',#9338,0.999999999999);
#1585=CIRCLE('',#9339,0.999999999999);
#1586=CIRCLE('',#9341,0.999999999999);
#1587=CIRCLE('',#9342,0.999999999999);
#1588=CIRCLE('',#9344,0.999999999999);
#1589=CIRCLE('',#9345,0.999999999999);
#1590=CIRCLE('',#9347,0.999999999999);
#1591=CIRCLE('',#9348,0.999999999999);
#1592=CIRCLE('',#9350,2.499999999999);
#1593=CIRCLE('',#9351,0.1);
#1594=CIRCLE('',#9352,2.6);
#1595=CIRCLE('',#9354,2.6);
#1596=CIRCLE('',#9355,2.499999999999);
#1597=CIRCLE('',#9356,0.1);
#1598=CIRCLE('',#9358,2.5);
#1599=CIRCLE('',#9359,2.5);
#1600=CIRCLE('',#9360,2.5);
#1601=CIRCLE('',#9361,2.5);
#1602=CIRCLE('',#9363,1.499999999999);
#1603=CIRCLE('',#9364,1.499999999999);
#1604=CIRCLE('',#9366,2.499999999999);
#1605=CIRCLE('',#9373,19.999999999999);
#1606=CIRCLE('',#9374,19.999999999999);
#1607=CIRCLE('',#9380,20.1);
#1608=CIRCLE('',#9382,20.1);
#1609=CIRCLE('',#9384,20.499999999999);
#1610=CIRCLE('',#9385,20.499999999999);
#1611=CIRCLE('',#9389,2.5);
#1612=CIRCLE('',#9392,2.5);
#1613=CIRCLE('',#9393,2.5);
#1614=CIRCLE('',#9394,2.5);
#1615=CIRCLE('',#9397,1.499999999999);
#1616=CIRCLE('',#9399,2.5);
#1617=CIRCLE('',#9404,1.499999999999);
#1618=LINE('',#11524,#2410);
#1619=LINE('',#11528,#2411);
#1620=LINE('',#11532,#2412);
#1621=LINE('',#11536,#2413);
#1622=LINE('',#11541,#2414);
#1623=LINE('',#11545,#2415);
#1624=LINE('',#11549,#2416);
#1625=LINE('',#11553,#2417);
#1626=LINE('',#11556,#2418);
#1627=LINE('',#11557,#2419);
#1628=LINE('',#11561,#2420);
#1629=LINE('',#11565,#2421);
#1630=LINE('',#11567,#2422);
#1631=LINE('',#11569,#2423);
#1632=LINE('',#11573,#2424);
#1633=LINE('',#11575,#2425);
#1634=LINE('',#11577,#2426);
#1635=LINE('',#11579,#2427);
#1636=LINE('',#11581,#2428);
#1637=LINE('',#11585,#2429);
#1638=LINE('',#11589,#2430);
#1639=LINE('',#11593,#2431);
#1640=LINE('',#11598,#2432);
#1641=LINE('',#11602,#2433);
#1642=LINE('',#11606,#2434);
#1643=LINE('',#11608,#2435);
#1644=LINE('',#11610,#2436);
#1645=LINE('',#11612,#2437);
#1646=LINE('',#11614,#2438);
#1647=LINE('',#11616,#2439);
#1648=LINE('',#11618,#2440);
#1649=LINE('',#11620,#2441);
#1650=LINE('',#11622,#2442);
#1651=LINE('',#11623,#2443);
#1652=LINE('',#11628,#2444);
#1653=LINE('',#11631,#2445);
#1654=LINE('',#11633,#2446);
#1655=LINE('',#11634,#2447);
#1656=LINE('',#11636,#2448);
#1657=LINE('',#11637,#2449);
#1658=LINE('',#11639,#2450);
#1659=LINE('',#11640,#2451);
#1660=LINE('',#11642,#2452);
#1661=LINE('',#11643,#2453);
#1662=LINE('',#11647,#2454);
#1663=LINE('',#11650,#2455);
#1664=LINE('',#11654,#2456);
#1665=LINE('',#11657,#2457);
#1666=LINE('',#11661,#2458);
#1667=LINE('',#11665,#2459);
#1668=LINE('',#11669,#2460);
#1669=LINE('',#11671,#2461);
#1670=LINE('',#11673,#2462);
#1671=LINE('',#11677,#2463);
#1672=LINE('',#11681,#2464);
#1673=LINE('',#11682,#2465);
#1674=LINE('',#11685,#2466);
#1675=LINE('',#11689,#2467);
#1676=LINE('',#11691,#2468);
#1677=LINE('',#11693,#2469);
#1678=LINE('',#11696,#2470);
#1679=LINE('',#11697,#2471);
#1680=LINE('',#11699,#2472);
#1681=LINE('',#11701,#2473);
#1682=LINE('',#11702,#2474);
#1683=LINE('',#11704,#2475);
#1684=LINE('',#11706,#2476);
#1685=LINE('',#11707,#2477);
#1686=LINE('',#11709,#2478);
#1687=LINE('',#11710,#2479);
#1688=LINE('',#11712,#2480);
#1689=LINE('',#11713,#2481);
#1690=LINE('',#11715,#2482);
#1691=LINE('',#11717,#2483);
#1692=LINE('',#11720,#2484);
#1693=LINE('',#11725,#2485);
#1694=LINE('',#11730,#2486);
#1695=LINE('',#11732,#2487);
#1696=LINE('',#11737,#2488);
#1697=LINE('',#11740,#2489);
#1698=LINE('',#11743,#2490);
#1699=LINE('',#11747,#2491);
#1700=LINE('',#11760,#2492);
#1701=LINE('',#11761,#2493);
#1702=LINE('',#11773,#2494);
#1703=LINE('',#11774,#2495);
#1704=LINE('',#11779,#2496);
#1705=LINE('',#11786,#2497);
#1706=LINE('',#11788,#2498);
#1707=LINE('',#11790,#2499);
#1708=LINE('',#11793,#2500);
#1709=LINE('',#11795,#2501);
#1710=LINE('',#11796,#2502);
#1711=LINE('',#11799,#2503);
#1712=LINE('',#11801,#2504);
#1713=LINE('',#11802,#2505);
#1714=LINE('',#11806,#2506);
#1715=LINE('',#11813,#2507);
#1716=LINE('',#11816,#2508);
#1717=LINE('',#11817,#2509);
#1718=LINE('',#11822,#2510);
#1719=LINE('',#11829,#2511);
#1720=LINE('',#11831,#2512);
#1721=LINE('',#11833,#2513);
#1722=LINE('',#11836,#2514);
#1723=LINE('',#11838,#2515);
#1724=LINE('',#11839,#2516);
#1725=LINE('',#11842,#2517);
#1726=LINE('',#11844,#2518);
#1727=LINE('',#11845,#2519);
#1728=LINE('',#11849,#2520);
#1729=LINE('',#11856,#2521);
#1730=LINE('',#11859,#2522);
#1731=LINE('',#11860,#2523);
#1732=LINE('',#11862,#2524);
#1733=LINE('',#11864,#2525);
#1734=LINE('',#11865,#2526);
#1735=LINE('',#11867,#2527);
#1736=LINE('',#11869,#2528);
#1737=LINE('',#11870,#2529);
#1738=LINE('',#11888,#2530);
#1739=LINE('',#11890,#2531);
#1740=LINE('',#11894,#2532);
#1741=LINE('',#11898,#2533);
#1742=LINE('',#11900,#2534);
#1743=LINE('',#11902,#2535);
#1744=LINE('',#11904,#2536);
#1745=LINE('',#11905,#2537);
#1746=LINE('',#11908,#2538);
#1747=LINE('',#11910,#2539);
#1748=LINE('',#11912,#2540);
#1749=LINE('',#11914,#2541);
#1750=LINE('',#11916,#2542);
#1751=LINE('',#11917,#2543);
#1752=LINE('',#11920,#2544);
#1753=LINE('',#11922,#2545);
#1754=LINE('',#11924,#2546);
#1755=LINE('',#11926,#2547);
#1756=LINE('',#11928,#2548);
#1757=LINE('',#11930,#2549);
#1758=LINE('',#11932,#2550);
#1759=LINE('',#11934,#2551);
#1760=LINE('',#11936,#2552);
#1761=LINE('',#11938,#2553);
#1762=LINE('',#11940,#2554);
#1763=LINE('',#11941,#2555);
#1764=LINE('',#11944,#2556);
#1765=LINE('',#11946,#2557);
#1766=LINE('',#11948,#2558);
#1767=LINE('',#11964,#2559);
#1768=LINE('',#11966,#2560);
#1769=LINE('',#11968,#2561);
#1770=LINE('',#11970,#2562);
#1771=LINE('',#11972,#2563);
#1772=LINE('',#11974,#2564);
#1773=LINE('',#11976,#2565);
#1774=LINE('',#11977,#2566);
#1775=LINE('',#12013,#2567);
#1776=LINE('',#12043,#2568);
#1777=LINE('',#12046,#2569);
#1778=LINE('',#12048,#2570);
#1779=LINE('',#12050,#2571);
#1780=LINE('',#12052,#2572);
#1781=LINE('',#12054,#2573);
#1782=LINE('',#12056,#2574);
#1783=LINE('',#12058,#2575);
#1784=LINE('',#12060,#2576);
#1785=LINE('',#12062,#2577);
#1786=LINE('',#12064,#2578);
#1787=LINE('',#12066,#2579);
#1788=LINE('',#12067,#2580);
#1789=LINE('',#12070,#2581);
#1790=LINE('',#12072,#2582);
#1791=LINE('',#12074,#2583);
#1792=LINE('',#12090,#2584);
#1793=LINE('',#12092,#2585);
#1794=LINE('',#12094,#2586);
#1795=LINE('',#12096,#2587);
#1796=LINE('',#12098,#2588);
#1797=LINE('',#12100,#2589);
#1798=LINE('',#12102,#2590);
#1799=LINE('',#12103,#2591);
#1800=LINE('',#12115,#2592);
#1801=LINE('',#12132,#2593);
#1802=LINE('',#12144,#2594);
#1803=LINE('',#12181,#2595);
#1804=LINE('',#12183,#2596);
#1805=LINE('',#12185,#2597);
#1806=LINE('',#12187,#2598);
#1807=LINE('',#12226,#2599);
#1808=LINE('',#12228,#2600);
#1809=LINE('',#12237,#2601);
#1810=LINE('',#12249,#2602);
#1811=LINE('',#12251,#2603);
#1812=LINE('',#12253,#2604);
#1813=LINE('',#12255,#2605);
#1814=LINE('',#12257,#2606);
#1815=LINE('',#12259,#2607);
#1816=LINE('',#12265,#2608);
#1817=LINE('',#12278,#2609);
#1818=LINE('',#12280,#2610);
#1819=LINE('',#12282,#2611);
#1820=LINE('',#12284,#2612);
#1821=LINE('',#12300,#2613);
#1822=LINE('',#12308,#2614);
#1823=LINE('',#12311,#2615);
#1824=LINE('',#12313,#2616);
#1825=LINE('',#12315,#2617);
#1826=LINE('',#12317,#2618);
#1827=LINE('',#12319,#2619);
#1828=LINE('',#12321,#2620);
#1829=LINE('',#12323,#2621);
#1830=LINE('',#12325,#2622);
#1831=LINE('',#12327,#2623);
#1832=LINE('',#12329,#2624);
#1833=LINE('',#12331,#2625);
#1834=LINE('',#12332,#2626);
#1835=LINE('',#12359,#2627);
#1836=LINE('',#12384,#2628);
#1837=LINE('',#12388,#2629);
#1838=LINE('',#12392,#2630);
#1839=LINE('',#12396,#2631);
#1840=LINE('',#12397,#2632);
#1841=LINE('',#12400,#2633);
#1842=LINE('',#12402,#2634);
#1843=LINE('',#12403,#2635);
#1844=LINE('',#12408,#2636);
#1845=LINE('',#12410,#2637);
#1846=LINE('',#12412,#2638);
#1847=LINE('',#12418,#2639);
#1848=LINE('',#12425,#2640);
#1849=LINE('',#12429,#2641);
#1850=LINE('',#12433,#2642);
#1851=LINE('',#12435,#2643);
#1852=LINE('',#12437,#2644);
#1853=LINE('',#12442,#2645);
#1854=LINE('',#12443,#2646);
#1855=LINE('',#12444,#2647);
#1856=LINE('',#12448,#2648);
#1857=LINE('',#12453,#2649);
#1858=LINE('',#12454,#2650);
#1859=LINE('',#12459,#2651);
#1860=LINE('',#12466,#2652);
#1861=LINE('',#12470,#2653);
#1862=LINE('',#12474,#2654);
#1863=LINE('',#12478,#2655);
#1864=LINE('',#12482,#2656);
#1865=LINE('',#12486,#2657);
#1866=LINE('',#12488,#2658);
#1867=LINE('',#12489,#2659);
#1868=LINE('',#12494,#2660);
#1869=LINE('',#12498,#2661);
#1870=LINE('',#12502,#2662);
#1871=LINE('',#12507,#2663);
#1872=LINE('',#12509,#2664);
#1873=LINE('',#12511,#2665);
#1874=LINE('',#12513,#2666);
#1875=LINE('',#12515,#2667);
#1876=LINE('',#12517,#2668);
#1877=LINE('',#12519,#2669);
#1878=LINE('',#12521,#2670);
#1879=LINE('',#12523,#2671);
#1880=LINE('',#12525,#2672);
#1881=LINE('',#12527,#2673);
#1882=LINE('',#12528,#2674);
#1883=LINE('',#12531,#2675);
#1884=LINE('',#12533,#2676);
#1885=LINE('',#12535,#2677);
#1886=LINE('',#12536,#2678);
#1887=LINE('',#12539,#2679);
#1888=LINE('',#12541,#2680);
#1889=LINE('',#12543,#2681);
#1890=LINE('',#12544,#2682);
#1891=LINE('',#12547,#2683);
#1892=LINE('',#12549,#2684);
#1893=LINE('',#12551,#2685);
#1894=LINE('',#12552,#2686);
#1895=LINE('',#12556,#2687);
#1896=LINE('',#12558,#2688);
#1897=LINE('',#12562,#2689);
#1898=LINE('',#12566,#2690);
#1899=LINE('',#12568,#2691);
#1900=LINE('',#12570,#2692);
#1901=LINE('',#12572,#2693);
#1902=LINE('',#12573,#2694);
#1903=LINE('',#12577,#2695);
#1904=LINE('',#12579,#2696);
#1905=LINE('',#12583,#2697);
#1906=LINE('',#12587,#2698);
#1907=LINE('',#12589,#2699);
#1908=LINE('',#12591,#2700);
#1909=LINE('',#12593,#2701);
#1910=LINE('',#12594,#2702);
#1911=LINE('',#12598,#2703);
#1912=LINE('',#12600,#2704);
#1913=LINE('',#12604,#2705);
#1914=LINE('',#12608,#2706);
#1915=LINE('',#12610,#2707);
#1916=LINE('',#12612,#2708);
#1917=LINE('',#12614,#2709);
#1918=LINE('',#12615,#2710);
#1919=LINE('',#12625,#2711);
#1920=LINE('',#12628,#2712);
#1921=LINE('',#12632,#2713);
#1922=LINE('',#12634,#2714);
#1923=LINE('',#12636,#2715);
#1924=LINE('',#12640,#2716);
#1925=LINE('',#12643,#2717);
#1926=LINE('',#12645,#2718);
#1927=LINE('',#12649,#2719);
#1928=LINE('',#12654,#2720);
#1929=LINE('',#12656,#2721);
#1930=LINE('',#12658,#2722);
#1931=LINE('',#12662,#2723);
#1932=LINE('',#12665,#2724);
#1933=LINE('',#12667,#2725);
#1934=LINE('',#12671,#2726);
#1935=LINE('',#12674,#2727);
#1936=LINE('',#12675,#2728);
#1937=LINE('',#12677,#2729);
#1938=LINE('',#12678,#2730);
#1939=LINE('',#12682,#2731);
#1940=LINE('',#12684,#2732);
#1941=LINE('',#12686,#2733);
#1942=LINE('',#12690,#2734);
#1943=LINE('',#12693,#2735);
#1944=LINE('',#12695,#2736);
#1945=LINE('',#12699,#2737);
#1946=LINE('',#12704,#2738);
#1947=LINE('',#12706,#2739);
#1948=LINE('',#12708,#2740);
#1949=LINE('',#12712,#2741);
#1950=LINE('',#12715,#2742);
#1951=LINE('',#12717,#2743);
#1952=LINE('',#12721,#2744);
#1953=LINE('',#12724,#2745);
#1954=LINE('',#12725,#2746);
#1955=LINE('',#12727,#2747);
#1956=LINE('',#12728,#2748);
#1957=LINE('',#12734,#2749);
#1958=LINE('',#12771,#2750);
#1959=LINE('',#12773,#2751);
#1960=LINE('',#12812,#2752);
#1961=LINE('',#12826,#2753);
#1962=LINE('',#12828,#2754);
#1963=LINE('',#12862,#2755);
#1964=LINE('',#12864,#2756);
#1965=LINE('',#12868,#2757);
#1966=LINE('',#12869,#2758);
#1967=LINE('',#12873,#2759);
#1968=LINE('',#12875,#2760);
#1969=LINE('',#12877,#2761);
#1970=LINE('',#12878,#2762);
#1971=LINE('',#12881,#2763);
#1972=LINE('',#12883,#2764);
#1973=LINE('',#12884,#2765);
#1974=LINE('',#12892,#2766);
#1975=LINE('',#12894,#2767);
#1976=LINE('',#12896,#2768);
#1977=LINE('',#12897,#2769);
#1978=LINE('',#12900,#2770);
#1979=LINE('',#12902,#2771);
#1980=LINE('',#12903,#2772);
#1981=LINE('',#12911,#2773);
#1982=LINE('',#12913,#2774);
#1983=LINE('',#12915,#2775);
#1984=LINE('',#12916,#2776);
#1985=LINE('',#12919,#2777);
#1986=LINE('',#12921,#2778);
#1987=LINE('',#12922,#2779);
#1988=LINE('',#12930,#2780);
#1989=LINE('',#12932,#2781);
#1990=LINE('',#12934,#2782);
#1991=LINE('',#12935,#2783);
#1992=LINE('',#12938,#2784);
#1993=LINE('',#12940,#2785);
#1994=LINE('',#12941,#2786);
#1995=LINE('',#12948,#2787);
#1996=LINE('',#12951,#2788);
#1997=LINE('',#12954,#2789);
#1998=LINE('',#12955,#2790);
#1999=LINE('',#12958,#2791);
#2000=LINE('',#12961,#2792);
#2001=LINE('',#12964,#2793);
#2002=LINE('',#12965,#2794);
#2003=LINE('',#12967,#2795);
#2004=LINE('',#12968,#2796);
#2005=LINE('',#12970,#2797);
#2006=LINE('',#12971,#2798);
#2007=LINE('',#12973,#2799);
#2008=LINE('',#12974,#2800);
#2009=LINE('',#12976,#2801);
#2010=LINE('',#12977,#2802);
#2011=LINE('',#12979,#2803);
#2012=LINE('',#12980,#2804);
#2013=LINE('',#12982,#2805);
#2014=LINE('',#12983,#2806);
#2015=LINE('',#12985,#2807);
#2016=LINE('',#12986,#2808);
#2017=LINE('',#12988,#2809);
#2018=LINE('',#12989,#2810);
#2019=LINE('',#12991,#2811);
#2020=LINE('',#12992,#2812);
#2021=LINE('',#12994,#2813);
#2022=LINE('',#12995,#2814);
#2023=LINE('',#12997,#2815);
#2024=LINE('',#12998,#2816);
#2025=LINE('',#13103,#2817);
#2026=LINE('',#13105,#2818);
#2027=LINE('',#13106,#2819);
#2028=LINE('',#13109,#2820);
#2029=LINE('',#13110,#2821);
#2030=LINE('',#13113,#2822);
#2031=LINE('',#13114,#2823);
#2032=LINE('',#13117,#2824);
#2033=LINE('',#13118,#2825);
#2034=LINE('',#13121,#2826);
#2035=LINE('',#13122,#2827);
#2036=LINE('',#13124,#2828);
#2037=LINE('',#13135,#2829);
#2038=LINE('',#13141,#2830);
#2039=LINE('',#13144,#2831);
#2040=LINE('',#13145,#2832);
#2041=LINE('',#13155,#2833);
#2042=LINE('',#13166,#2834);
#2043=LINE('',#13177,#2835);
#2044=LINE('',#13191,#2836);
#2045=LINE('',#13205,#2837);
#2046=LINE('',#13219,#2838);
#2047=LINE('',#13226,#2839);
#2048=LINE('',#13227,#2840);
#2049=LINE('',#13237,#2841);
#2050=LINE('',#13248,#2842);
#2051=LINE('',#13262,#2843);
#2052=LINE('',#13276,#2844);
#2053=LINE('',#13293,#2845);
#2054=LINE('',#13295,#2846);
#2055=LINE('',#13296,#2847);
#2056=LINE('',#13299,#2848);
#2057=LINE('',#13300,#2849);
#2058=LINE('',#13303,#2850);
#2059=LINE('',#13304,#2851);
#2060=LINE('',#13307,#2852);
#2061=LINE('',#13308,#2853);
#2062=LINE('',#13311,#2854);
#2063=LINE('',#13312,#2855);
#2064=LINE('',#13315,#2856);
#2065=LINE('',#13316,#2857);
#2066=LINE('',#13319,#2858);
#2067=LINE('',#13320,#2859);
#2068=LINE('',#13323,#2860);
#2069=LINE('',#13324,#2861);
#2070=LINE('',#13327,#2862);
#2071=LINE('',#13328,#2863);
#2072=LINE('',#13331,#2864);
#2073=LINE('',#13332,#2865);
#2074=LINE('',#13335,#2866);
#2075=LINE('',#13336,#2867);
#2076=LINE('',#13338,#2868);
#2077=LINE('',#13343,#2869);
#2078=LINE('',#13359,#2870);
#2079=LINE('',#13360,#2871);
#2080=LINE('',#13363,#2872);
#2081=LINE('',#13365,#2873);
#2082=LINE('',#13374,#2874);
#2083=LINE('',#13376,#2875);
#2084=LINE('',#13377,#2876);
#2085=LINE('',#13386,#2877);
#2086=LINE('',#13395,#2878);
#2087=LINE('',#13404,#2879);
#2088=LINE('',#13413,#2880);
#2089=LINE('',#13415,#2881);
#2090=LINE('',#13420,#2882);
#2091=LINE('',#13421,#2883);
#2092=LINE('',#13422,#2884);
#2093=LINE('',#13425,#2885);
#2094=LINE('',#13426,#2886);
#2095=LINE('',#13429,#2887);
#2096=LINE('',#13430,#2888);
#2097=LINE('',#13441,#2889);
#2098=LINE('',#13452,#2890);
#2099=LINE('',#13463,#2891);
#2100=LINE('',#13477,#2892);
#2101=LINE('',#13479,#2893);
#2102=LINE('',#13481,#2894);
#2103=LINE('',#13483,#2895);
#2104=LINE('',#13485,#2896);
#2105=LINE('',#13487,#2897);
#2106=LINE('',#13489,#2898);
#2107=LINE('',#13490,#2899);
#2108=LINE('',#13493,#2900);
#2109=LINE('',#13495,#2901);
#2110=LINE('',#13502,#2902);
#2111=LINE('',#13508,#2903);
#2112=LINE('',#13510,#2904);
#2113=LINE('',#13511,#2905);
#2114=LINE('',#13513,#2906);
#2115=LINE('',#13515,#2907);
#2116=LINE('',#13517,#2908);
#2117=LINE('',#13519,#2909);
#2118=LINE('',#13521,#2910);
#2119=LINE('',#13523,#2911);
#2120=LINE('',#13528,#2912);
#2121=LINE('',#13529,#2913);
#2122=LINE('',#13530,#2914);
#2123=LINE('',#13533,#2915);
#2124=LINE('',#13534,#2916);
#2125=LINE('',#13548,#2917);
#2126=LINE('',#13551,#2918);
#2127=LINE('',#13552,#2919);
#2128=LINE('',#13566,#2920);
#2129=LINE('',#13568,#2921);
#2130=LINE('',#13572,#2922);
#2131=LINE('',#13574,#2923);
#2132=LINE('',#13575,#2924);
#2133=LINE('',#13578,#2925);
#2134=LINE('',#13579,#2926);
#2135=LINE('',#13582,#2927);
#2136=LINE('',#13583,#2928);
#2137=LINE('',#13586,#2929);
#2138=LINE('',#13587,#2930);
#2139=LINE('',#13590,#2931);
#2140=LINE('',#13591,#2932);
#2141=LINE('',#13594,#2933);
#2142=LINE('',#13595,#2934);
#2143=LINE('',#13598,#2935);
#2144=LINE('',#13599,#2936);
#2145=LINE('',#13602,#2937);
#2146=LINE('',#13603,#2938);
#2147=LINE('',#13606,#2939);
#2148=LINE('',#13607,#2940);
#2149=LINE('',#13610,#2941);
#2150=LINE('',#13611,#2942);
#2151=LINE('',#13614,#2943);
#2152=LINE('',#13615,#2944);
#2153=LINE('',#13617,#2945);
#2154=LINE('',#13627,#2946);
#2155=LINE('',#13636,#2947);
#2156=LINE('',#13652,#2948);
#2157=LINE('',#13654,#2949);
#2158=LINE('',#13656,#2950);
#2159=LINE('',#13658,#2951);
#2160=LINE('',#13672,#2952);
#2161=LINE('',#13674,#2953);
#2162=LINE('',#13696,#2954);
#2163=LINE('',#13697,#2955);
#2164=LINE('',#13699,#2956);
#2165=LINE('',#13708,#2957);
#2166=LINE('',#13717,#2958);
#2167=LINE('',#13719,#2959);
#2168=LINE('',#13728,#2960);
#2169=LINE('',#13737,#2961);
#2170=LINE('',#13746,#2962);
#2171=LINE('',#13755,#2963);
#2172=LINE('',#13757,#2964);
#2173=LINE('',#13759,#2965);
#2174=LINE('',#13761,#2966);
#2175=LINE('',#13763,#2967);
#2176=LINE('',#13786,#2968);
#2177=LINE('',#13787,#2969);
#2178=LINE('',#13798,#2970);
#2179=LINE('',#13812,#2971);
#2180=LINE('',#13823,#2972);
#2181=LINE('',#13834,#2973);
#2182=LINE('',#13848,#2974);
#2183=LINE('',#13851,#2975);
#2184=LINE('',#13852,#2976);
#2185=LINE('',#13854,#2977);
#2186=LINE('',#13865,#2978);
#2187=LINE('',#13871,#2979);
#2188=LINE('',#13874,#2980);
#2189=LINE('',#13875,#2981);
#2190=LINE('',#13885,#2982);
#2191=LINE('',#13896,#2983);
#2192=LINE('',#13907,#2984);
#2193=LINE('',#13918,#2985);
#2194=LINE('',#13929,#2986);
#2195=LINE('',#13940,#2987);
#2196=LINE('',#13951,#2988);
#2197=LINE('',#13965,#2989);
#2198=LINE('',#13976,#2990);
#2199=LINE('',#13990,#2991);
#2200=LINE('',#13997,#2992);
#2201=LINE('',#13998,#2993);
#2202=LINE('',#14008,#2994);
#2203=LINE('',#14022,#2995);
#2204=LINE('',#14036,#2996);
#2205=LINE('',#14050,#2997);
#2206=LINE('',#14061,#2998);
#2207=LINE('',#14072,#2999);
#2208=LINE('',#14083,#3000);
#2209=LINE('',#14100,#3001);
#2210=LINE('',#14102,#3002);
#2211=LINE('',#14103,#3003);
#2212=LINE('',#14106,#3004);
#2213=LINE('',#14107,#3005);
#2214=LINE('',#14117,#3006);
#2215=LINE('',#14124,#3007);
#2216=LINE('',#14125,#3008);
#2217=LINE('',#14128,#3009);
#2218=LINE('',#14129,#3010);
#2219=LINE('',#14132,#3011);
#2220=LINE('',#14133,#3012);
#2221=LINE('',#14136,#3013);
#2222=LINE('',#14137,#3014);
#2223=LINE('',#14140,#3015);
#2224=LINE('',#14141,#3016);
#2225=LINE('',#14144,#3017);
#2226=LINE('',#14145,#3018);
#2227=LINE('',#14155,#3019);
#2228=LINE('',#14169,#3020);
#2229=LINE('',#14176,#3021);
#2230=LINE('',#14177,#3022);
#2231=LINE('',#14187,#3023);
#2232=LINE('',#14198,#3024);
#2233=LINE('',#14204,#3025);
#2234=LINE('',#14208,#3026);
#2235=LINE('',#14210,#3027);
#2236=LINE('',#14211,#3028);
#2237=LINE('',#14214,#3029);
#2238=LINE('',#14215,#3030);
#2239=LINE('',#14218,#3031);
#2240=LINE('',#14219,#3032);
#2241=LINE('',#14222,#3033);
#2242=LINE('',#14223,#3034);
#2243=LINE('',#14226,#3035);
#2244=LINE('',#14227,#3036);
#2245=LINE('',#14230,#3037);
#2246=LINE('',#14231,#3038);
#2247=LINE('',#14234,#3039);
#2248=LINE('',#14235,#3040);
#2249=LINE('',#14238,#3041);
#2250=LINE('',#14239,#3042);
#2251=LINE('',#14242,#3043);
#2252=LINE('',#14243,#3044);
#2253=LINE('',#14246,#3045);
#2254=LINE('',#14247,#3046);
#2255=LINE('',#14250,#3047);
#2256=LINE('',#14251,#3048);
#2257=LINE('',#14253,#3049);
#2258=LINE('',#14258,#3050);
#2259=LINE('',#14274,#3051);
#2260=LINE('',#14275,#3052);
#2261=LINE('',#14278,#3053);
#2262=LINE('',#14280,#3054);
#2263=LINE('',#14289,#3055);
#2264=LINE('',#14291,#3056);
#2265=LINE('',#14292,#3057);
#2266=LINE('',#14301,#3058);
#2267=LINE('',#14310,#3059);
#2268=LINE('',#14319,#3060);
#2269=LINE('',#14328,#3061);
#2270=LINE('',#14330,#3062);
#2271=LINE('',#14335,#3063);
#2272=LINE('',#14336,#3064);
#2273=LINE('',#14337,#3065);
#2274=LINE('',#14340,#3066);
#2275=LINE('',#14341,#3067);
#2276=LINE('',#14344,#3068);
#2277=LINE('',#14345,#3069);
#2278=LINE('',#14356,#3070);
#2279=LINE('',#14367,#3071);
#2280=LINE('',#14378,#3072);
#2281=LINE('',#14392,#3073);
#2282=LINE('',#14394,#3074);
#2283=LINE('',#14396,#3075);
#2284=LINE('',#14398,#3076);
#2285=LINE('',#14400,#3077);
#2286=LINE('',#14402,#3078);
#2287=LINE('',#14404,#3079);
#2288=LINE('',#14405,#3080);
#2289=LINE('',#14408,#3081);
#2290=LINE('',#14410,#3082);
#2291=LINE('',#14417,#3083);
#2292=LINE('',#14423,#3084);
#2293=LINE('',#14425,#3085);
#2294=LINE('',#14426,#3086);
#2295=LINE('',#14428,#3087);
#2296=LINE('',#14430,#3088);
#2297=LINE('',#14432,#3089);
#2298=LINE('',#14434,#3090);
#2299=LINE('',#14436,#3091);
#2300=LINE('',#14438,#3092);
#2301=LINE('',#14443,#3093);
#2302=LINE('',#14444,#3094);
#2303=LINE('',#14445,#3095);
#2304=LINE('',#14448,#3096);
#2305=LINE('',#14449,#3097);
#2306=LINE('',#14463,#3098);
#2307=LINE('',#14466,#3099);
#2308=LINE('',#14467,#3100);
#2309=LINE('',#14481,#3101);
#2310=LINE('',#14483,#3102);
#2311=LINE('',#14530,#3103);
#2312=LINE('',#14532,#3104);
#2313=LINE('',#14534,#3105);
#2314=LINE('',#14536,#3106);
#2315=LINE('',#14573,#3107);
#2316=LINE('',#14585,#3108);
#2317=LINE('',#14602,#3109);
#2318=LINE('',#14629,#3110);
#2319=LINE('',#14630,#3111);
#2320=LINE('',#14639,#3112);
#2321=LINE('',#14648,#3113);
#2322=LINE('',#14657,#3114);
#2323=LINE('',#14666,#3115);
#2324=LINE('',#14675,#3116);
#2325=LINE('',#14684,#3117);
#2326=LINE('',#14693,#3118);
#2327=LINE('',#14702,#3119);
#2328=LINE('',#14711,#3120);
#2329=LINE('',#14720,#3121);
#2330=LINE('',#14729,#3122);
#2331=LINE('',#14731,#3123);
#2332=LINE('',#14733,#3124);
#2333=LINE('',#14735,#3125);
#2334=LINE('',#14737,#3126);
#2335=LINE('',#14746,#3127);
#2336=LINE('',#14755,#3128);
#2337=LINE('',#14764,#3129);
#2338=LINE('',#14773,#3130);
#2339=LINE('',#14782,#3131);
#2340=LINE('',#14791,#3132);
#2341=LINE('',#14800,#3133);
#2342=LINE('',#14802,#3134);
#2343=LINE('',#14811,#3135);
#2344=LINE('',#14820,#3136);
#2345=LINE('',#14822,#3137);
#2346=LINE('',#14831,#3138);
#2347=LINE('',#14840,#3139);
#2348=LINE('',#14849,#3140);
#2349=LINE('',#14851,#3141);
#2350=LINE('',#14860,#3142);
#2351=LINE('',#14892,#3143);
#2352=LINE('',#14893,#3144);
#2353=LINE('',#14917,#3145);
#2354=LINE('',#14923,#3146);
#2355=LINE('',#14929,#3147);
#2356=LINE('',#14935,#3148);
#2357=LINE('',#14986,#3149);
#2358=LINE('',#14990,#3150);
#2359=LINE('',#14994,#3151);
#2360=LINE('',#14997,#3152);
#2361=LINE('',#15003,#3153);
#2362=LINE('',#15006,#3154);
#2363=LINE('',#15009,#3155);
#2364=LINE('',#15010,#3156);
#2365=LINE('',#15014,#3157);
#2366=LINE('',#15017,#3158);
#2367=LINE('',#15019,#3159);
#2368=LINE('',#15021,#3160);
#2369=LINE('',#15023,#3161);
#2370=LINE('',#15025,#3162);
#2371=LINE('',#15026,#3163);
#2372=LINE('',#15027,#3164);
#2373=LINE('',#15030,#3165);
#2374=LINE('',#15032,#3166);
#2375=LINE('',#15036,#3167);
#2376=LINE('',#15039,#3168);
#2377=LINE('',#15041,#3169);
#2378=LINE('',#15043,#3170);
#2379=LINE('',#15045,#3171);
#2380=LINE('',#15046,#3172);
#2381=LINE('',#15052,#3173);
#2382=LINE('',#15055,#3174);
#2383=LINE('',#15057,#3175);
#2384=LINE('',#15058,#3176);
#2385=LINE('',#15060,#3177);
#2386=LINE('',#15064,#3178);
#2387=LINE('',#15068,#3179);
#2388=LINE('',#15072,#3180);
#2389=LINE('',#15073,#3181);
#2390=LINE('',#15076,#3182);
#2391=LINE('',#15078,#3183);
#2392=LINE('',#15084,#3184);
#2393=LINE('',#15087,#3185);
#2394=LINE('',#15089,#3186);
#2395=LINE('',#15090,#3187);
#2396=LINE('',#15092,#3188);
#2397=LINE('',#15093,#3189);
#2398=LINE('',#15101,#3190);
#2399=LINE('',#15103,#3191);
#2400=LINE('',#15108,#3192);
#2401=LINE('',#15111,#3193);
#2402=LINE('',#15114,#3194);
#2403=LINE('',#15117,#3195);
#2404=LINE('',#15119,#3196);
#2405=LINE('',#15121,#3197);
#2406=LINE('',#15125,#3198);
#2407=LINE('',#15128,#3199);
#2408=LINE('',#15130,#3200);
#2409=LINE('',#15132,#3201);
#2410=VECTOR('',#9430,1000.);
#2411=VECTOR('',#9433,1000.);
#2412=VECTOR('',#9436,1000.);
#2413=VECTOR('',#9439,1000.);
#2414=VECTOR('',#9444,1000.);
#2415=VECTOR('',#9447,1000.);
#2416=VECTOR('',#9450,1000.);
#2417=VECTOR('',#9453,1000.);
#2418=VECTOR('',#9458,1000.);
#2419=VECTOR('',#9459,1000.);
#2420=VECTOR('',#9462,1000.);
#2421=VECTOR('',#9465,1000.);
#2422=VECTOR('',#9466,1000.);
#2423=VECTOR('',#9467,1000.);
#2424=VECTOR('',#9470,1000.);
#2425=VECTOR('',#9471,1000.);
#2426=VECTOR('',#9472,1000.);
#2427=VECTOR('',#9473,1000.);
#2428=VECTOR('',#9474,1000.);
#2429=VECTOR('',#9477,1000.);
#2430=VECTOR('',#9480,1000.);
#2431=VECTOR('',#9483,1000.);
#2432=VECTOR('',#9488,1000.);
#2433=VECTOR('',#9491,1000.);
#2434=VECTOR('',#9494,1000.);
#2435=VECTOR('',#9495,1000.);
#2436=VECTOR('',#9496,1000.);
#2437=VECTOR('',#9497,1000.);
#2438=VECTOR('',#9498,1000.);
#2439=VECTOR('',#9499,1000.);
#2440=VECTOR('',#9500,1000.);
#2441=VECTOR('',#9501,1000.);
#2442=VECTOR('',#9502,1000.);
#2443=VECTOR('',#9503,1000.);
#2444=VECTOR('',#9506,1000.);
#2445=VECTOR('',#9509,1000.);
#2446=VECTOR('',#9512,1000.);
#2447=VECTOR('',#9513,1000.);
#2448=VECTOR('',#9516,1000.);
#2449=VECTOR('',#9517,1000.);
#2450=VECTOR('',#9520,1000.);
#2451=VECTOR('',#9521,1000.);
#2452=VECTOR('',#9524,1000.);
#2453=VECTOR('',#9525,1000.);
#2454=VECTOR('',#9528,1000.);
#2455=VECTOR('',#9531,1000.);
#2456=VECTOR('',#9534,1000.);
#2457=VECTOR('',#9537,1000.);
#2458=VECTOR('',#9540,1000.);
#2459=VECTOR('',#9543,1000.);
#2460=VECTOR('',#9546,1000.);
#2461=VECTOR('',#9547,1000.);
#2462=VECTOR('',#9548,1000.);
#2463=VECTOR('',#9551,1000.);
#2464=VECTOR('',#9554,1000.);
#2465=VECTOR('',#9555,1000.);
#2466=VECTOR('',#9558,1000.);
#2467=VECTOR('',#9561,1000.);
#2468=VECTOR('',#9562,1000.);
#2469=VECTOR('',#9563,1000.);
#2470=VECTOR('',#9566,1000.);
#2471=VECTOR('',#9567,1000.);
#2472=VECTOR('',#9570,1000.);
#2473=VECTOR('',#9571,1000.);
#2474=VECTOR('',#9572,1000.);
#2475=VECTOR('',#9575,1000.);
#2476=VECTOR('',#9576,1000.);
#2477=VECTOR('',#9577,1000.);
#2478=VECTOR('',#9580,1000.);
#2479=VECTOR('',#9581,1000.);
#2480=VECTOR('',#9584,1000.);
#2481=VECTOR('',#9585,1000.);
#2482=VECTOR('',#9588,1000.);
#2483=VECTOR('',#9591,1000.);
#2484=VECTOR('',#9596,1000.);
#2485=VECTOR('',#9605,1000.);
#2486=VECTOR('',#9614,1000.);
#2487=VECTOR('',#9617,1000.);
#2488=VECTOR('',#9622,1000.);
#2489=VECTOR('',#9625,1000.);
#2490=VECTOR('',#9628,1000.);
#2491=VECTOR('',#9631,1000.);
#2492=VECTOR('',#9636,1000.);
#2493=VECTOR('',#9637,1000.);
#2494=VECTOR('',#9640,1000.);
#2495=VECTOR('',#9641,1000.);
#2496=VECTOR('',#9646,1000.);
#2497=VECTOR('',#9655,1000.);
#2498=VECTOR('',#9658,1000.);
#2499=VECTOR('',#9661,1000.);
#2500=VECTOR('',#9664,1000.);
#2501=VECTOR('',#9665,1000.);
#2502=VECTOR('',#9666,1000.);
#2503=VECTOR('',#9669,1000.);
#2504=VECTOR('',#9670,1000.);
#2505=VECTOR('',#9671,1000.);
#2506=VECTOR('',#9674,1000.);
#2507=VECTOR('',#9683,1000.);
#2508=VECTOR('',#9688,1000.);
#2509=VECTOR('',#9689,1000.);
#2510=VECTOR('',#9694,1000.);
#2511=VECTOR('',#9703,1000.);
#2512=VECTOR('',#9706,1000.);
#2513=VECTOR('',#9709,1000.);
#2514=VECTOR('',#9712,1000.);
#2515=VECTOR('',#9713,1000.);
#2516=VECTOR('',#9714,1000.);
#2517=VECTOR('',#9717,1000.);
#2518=VECTOR('',#9718,1000.);
#2519=VECTOR('',#9719,1000.);
#2520=VECTOR('',#9722,1000.);
#2521=VECTOR('',#9731,1000.);
#2522=VECTOR('',#9736,1000.);
#2523=VECTOR('',#9737,1000.);
#2524=VECTOR('',#9740,1000.);
#2525=VECTOR('',#9743,1000.);
#2526=VECTOR('',#9744,1000.);
#2527=VECTOR('',#9747,1000.);
#2528=VECTOR('',#9750,1000.);
#2529=VECTOR('',#9751,1000.);
#2530=VECTOR('',#9782,1000.);
#2531=VECTOR('',#9783,1000.);
#2532=VECTOR('',#9786,1000.);
#2533=VECTOR('',#9789,1000.);
#2534=VECTOR('',#9790,1000.);
#2535=VECTOR('',#9791,1000.);
#2536=VECTOR('',#9792,1000.);
#2537=VECTOR('',#9793,1000.);
#2538=VECTOR('',#9794,1000.);
#2539=VECTOR('',#9795,1000.);
#2540=VECTOR('',#9796,1000.);
#2541=VECTOR('',#9797,1000.);
#2542=VECTOR('',#9798,1000.);
#2543=VECTOR('',#9799,1000.);
#2544=VECTOR('',#9800,1000.);
#2545=VECTOR('',#9801,1000.);
#2546=VECTOR('',#9802,1000.);
#2547=VECTOR('',#9803,1000.);
#2548=VECTOR('',#9804,1000.);
#2549=VECTOR('',#9805,1000.);
#2550=VECTOR('',#9806,1000.);
#2551=VECTOR('',#9807,1000.);
#2552=VECTOR('',#9808,1000.);
#2553=VECTOR('',#9809,1000.);
#2554=VECTOR('',#9810,1000.);
#2555=VECTOR('',#9811,1000.);
#2556=VECTOR('',#9812,1000.);
#2557=VECTOR('',#9813,1000.);
#2558=VECTOR('',#9814,1000.);
#2559=VECTOR('',#9819,999.999999998991);
#2560=VECTOR('',#9820,1000.);
#2561=VECTOR('',#9821,999.999999999495);
#2562=VECTOR('',#9822,1000.);
#2563=VECTOR('',#9823,999.999999999401);
#2564=VECTOR('',#9824,1000.);
#2565=VECTOR('',#9825,999.99999999908);
#2566=VECTOR('',#9826,1000.);
#2567=VECTOR('',#9835,1000.);
#2568=VECTOR('',#9850,1000.);
#2569=VECTOR('',#9851,1000.);
#2570=VECTOR('',#9852,1000.);
#2571=VECTOR('',#9853,1000.);
#2572=VECTOR('',#9854,1000.);
#2573=VECTOR('',#9855,1000.);
#2574=VECTOR('',#9856,1000.);
#2575=VECTOR('',#9857,1000.);
#2576=VECTOR('',#9858,1000.);
#2577=VECTOR('',#9859,1000.);
#2578=VECTOR('',#9860,1000.);
#2579=VECTOR('',#9861,1000.);
#2580=VECTOR('',#9862,1000.);
#2581=VECTOR('',#9863,1000.);
#2582=VECTOR('',#9864,1000.);
#2583=VECTOR('',#9865,1000.);
#2584=VECTOR('',#9870,999.99999999908);
#2585=VECTOR('',#9871,1000.);
#2586=VECTOR('',#9872,999.999999998972);
#2587=VECTOR('',#9873,1000.);
#2588=VECTOR('',#9874,999.999999998891);
#2589=VECTOR('',#9875,1000.);
#2590=VECTOR('',#9876,999.999999998991);
#2591=VECTOR('',#9877,1000.);
#2592=VECTOR('',#9882,1000.);
#2593=VECTOR('',#9883,1000.);
#2594=VECTOR('',#9884,10.);
#2595=VECTOR('',#9885,999.999999998915);
#2596=VECTOR('',#9886,999.999999999347);
#2597=VECTOR('',#9887,999.999999998961);
#2598=VECTOR('',#9888,10.);
#2599=VECTOR('',#9901,1000.);
#2600=VECTOR('',#9902,999.99999999949);
#2601=VECTOR('',#9905,1000.);
#2602=VECTOR('',#9906,999.999999999567);
#2603=VECTOR('',#9907,999.999999999169);
#2604=VECTOR('',#9908,1000.);
#2605=VECTOR('',#9909,999.999999999415);
#2606=VECTOR('',#9910,999.999999999604);
#2607=VECTOR('',#9911,1000.);
#2608=VECTOR('',#9912,999.999999998902);
#2609=VECTOR('',#9913,1000.);
#2610=VECTOR('',#9914,1000.);
#2611=VECTOR('',#9915,1000.);
#2612=VECTOR('',#9916,1000.);
#2613=VECTOR('',#9921,999.999999999829);
#2614=VECTOR('',#9924,1000.);
#2615=VECTOR('',#9925,1000.);
#2616=VECTOR('',#9926,1000.);
#2617=VECTOR('',#9927,1000.);
#2618=VECTOR('',#9928,1000.);
#2619=VECTOR('',#9929,1000.);
#2620=VECTOR('',#9930,1000.);
#2621=VECTOR('',#9931,1000.);
#2622=VECTOR('',#9932,1000.);
#2623=VECTOR('',#9933,1000.);
#2624=VECTOR('',#9934,1000.);
#2625=VECTOR('',#9935,1000.);
#2626=VECTOR('',#9936,1000.);
#2627=VECTOR('',#9941,1000.);
#2628=VECTOR('',#9946,1000.);
#2629=VECTOR('',#9949,1000.);
#2630=VECTOR('',#9952,1000.);
#2631=VECTOR('',#9955,1000.);
#2632=VECTOR('',#9956,1000.);
#2633=VECTOR('',#9959,1000.);
#2634=VECTOR('',#9960,1000.);
#2635=VECTOR('',#9961,1000.);
#2636=VECTOR('',#9966,1000.);
#2637=VECTOR('',#9967,1000.);
#2638=VECTOR('',#9968,1000.);
#2639=VECTOR('',#9975,1000.);
#2640=VECTOR('',#9984,1000.);
#2641=VECTOR('',#9987,1000.);
#2642=VECTOR('',#9990,1000.);
#2643=VECTOR('',#9991,1000.);
#2644=VECTOR('',#9992,1000.);
#2645=VECTOR('',#9997,1000.);
#2646=VECTOR('',#9998,1000.);
#2647=VECTOR('',#9999,1000.);
#2648=VECTOR('',#10002,1000.);
#2649=VECTOR('',#10007,1000.);
#2650=VECTOR('',#10008,1000.);
#2651=VECTOR('',#10013,1000.);
#2652=VECTOR('',#10022,1000.);
#2653=VECTOR('',#10025,1000.);
#2654=VECTOR('',#10028,1000.);
#2655=VECTOR('',#10031,1000.);
#2656=VECTOR('',#10034,1000.);
#2657=VECTOR('',#10039,1000.);
#2658=VECTOR('',#10040,1000.);
#2659=VECTOR('',#10041,1000.);
#2660=VECTOR('',#10046,1000.);
#2661=VECTOR('',#10049,1000.);
#2662=VECTOR('',#10052,1000.);
#2663=VECTOR('',#10057,1000.);
#2664=VECTOR('',#10058,1000.);
#2665=VECTOR('',#10059,1000.);
#2666=VECTOR('',#10060,1000.);
#2667=VECTOR('',#10061,1000.);
#2668=VECTOR('',#10062,1000.);
#2669=VECTOR('',#10063,1000.);
#2670=VECTOR('',#10064,1000.);
#2671=VECTOR('',#10065,1000.);
#2672=VECTOR('',#10066,1000.);
#2673=VECTOR('',#10067,1000.);
#2674=VECTOR('',#10068,1000.);
#2675=VECTOR('',#10069,1000.);
#2676=VECTOR('',#10070,1000.);
#2677=VECTOR('',#10071,1000.);
#2678=VECTOR('',#10072,1000.);
#2679=VECTOR('',#10073,1000.);
#2680=VECTOR('',#10074,1000.);
#2681=VECTOR('',#10075,1000.);
#2682=VECTOR('',#10076,1000.);
#2683=VECTOR('',#10077,1000.);
#2684=VECTOR('',#10078,1000.);
#2685=VECTOR('',#10079,1000.);
#2686=VECTOR('',#10080,1000.);
#2687=VECTOR('',#10083,1000.);
#2688=VECTOR('',#10084,1000.);
#2689=VECTOR('',#10087,1000.);
#2690=VECTOR('',#10090,1000.);
#2691=VECTOR('',#10091,1000.);
#2692=VECTOR('',#10092,1000.);
#2693=VECTOR('',#10093,1000.);
#2694=VECTOR('',#10094,1000.);
#2695=VECTOR('',#10097,1000.);
#2696=VECTOR('',#10098,1000.);
#2697=VECTOR('',#10101,1000.);
#2698=VECTOR('',#10104,1000.);
#2699=VECTOR('',#10105,1000.);
#2700=VECTOR('',#10106,1000.);
#2701=VECTOR('',#10107,1000.);
#2702=VECTOR('',#10108,1000.);
#2703=VECTOR('',#10111,1000.);
#2704=VECTOR('',#10112,1000.);
#2705=VECTOR('',#10115,1000.);
#2706=VECTOR('',#10118,1000.);
#2707=VECTOR('',#10119,1000.);
#2708=VECTOR('',#10120,1000.);
#2709=VECTOR('',#10121,1000.);
#2710=VECTOR('',#10122,1000.);
#2711=VECTOR('',#10135,1000.);
#2712=VECTOR('',#10138,1000.);
#2713=VECTOR('',#10141,1000.);
#2714=VECTOR('',#10142,1000.);
#2715=VECTOR('',#10143,1000.);
#2716=VECTOR('',#10146,1000.);
#2717=VECTOR('',#10149,1000.);
#2718=VECTOR('',#10150,1000.);
#2719=VECTOR('',#10153,1000.);
#2720=VECTOR('',#10158,1000.);
#2721=VECTOR('',#10159,1000.);
#2722=VECTOR('',#10160,1000.);
#2723=VECTOR('',#10163,1000.);
#2724=VECTOR('',#10166,1000.);
#2725=VECTOR('',#10167,1000.);
#2726=VECTOR('',#10170,1000.);
#2727=VECTOR('',#10175,1000.);
#2728=VECTOR('',#10176,1000.);
#2729=VECTOR('',#10179,1000.);
#2730=VECTOR('',#10180,1000.);
#2731=VECTOR('',#10183,1000.);
#2732=VECTOR('',#10184,1000.);
#2733=VECTOR('',#10185,1000.);
#2734=VECTOR('',#10188,1000.);
#2735=VECTOR('',#10191,1000.);
#2736=VECTOR('',#10192,1000.);
#2737=VECTOR('',#10195,1000.);
#2738=VECTOR('',#10200,1000.);
#2739=VECTOR('',#10201,1000.);
#2740=VECTOR('',#10202,1000.);
#2741=VECTOR('',#10205,1000.);
#2742=VECTOR('',#10208,1000.);
#2743=VECTOR('',#10209,1000.);
#2744=VECTOR('',#10212,1000.);
#2745=VECTOR('',#10217,1000.);
#2746=VECTOR('',#10218,1000.);
#2747=VECTOR('',#10221,1000.);
#2748=VECTOR('',#10222,1000.);
#2749=VECTOR('',#10227,1000.);
#2750=VECTOR('',#10232,1000.);
#2751=VECTOR('',#10233,1000.);
#2752=VECTOR('',#10240,1000.);
#2753=VECTOR('',#10243,1000.);
#2754=VECTOR('',#10244,1000.);
#2755=VECTOR('',#10247,1000.);
#2756=VECTOR('',#10250,1000.);
#2757=VECTOR('',#10255,1000.);
#2758=VECTOR('',#10256,1000.);
#2759=VECTOR('',#10259,1000.);
#2760=VECTOR('',#10260,1000.);
#2761=VECTOR('',#10261,1000.);
#2762=VECTOR('',#10262,1000.);
#2763=VECTOR('',#10265,1000.);
#2764=VECTOR('',#10266,1000.);
#2765=VECTOR('',#10267,1000.);
#2766=VECTOR('',#10278,1000.);
#2767=VECTOR('',#10279,1000.);
#2768=VECTOR('',#10280,1000.);
#2769=VECTOR('',#10281,1000.);
#2770=VECTOR('',#10284,1000.);
#2771=VECTOR('',#10285,1000.);
#2772=VECTOR('',#10286,1000.);
#2773=VECTOR('',#10297,1000.);
#2774=VECTOR('',#10298,1000.);
#2775=VECTOR('',#10299,1000.);
#2776=VECTOR('',#10300,1000.);
#2777=VECTOR('',#10303,1000.);
#2778=VECTOR('',#10304,1000.);
#2779=VECTOR('',#10305,1000.);
#2780=VECTOR('',#10316,1000.);
#2781=VECTOR('',#10317,1000.);
#2782=VECTOR('',#10318,1000.);
#2783=VECTOR('',#10319,1000.);
#2784=VECTOR('',#10322,1000.);
#2785=VECTOR('',#10323,1000.);
#2786=VECTOR('',#10324,1000.);
#2787=VECTOR('',#10335,1000.);
#2788=VECTOR('',#10338,1000.);
#2789=VECTOR('',#10341,1000.);
#2790=VECTOR('',#10342,1000.);
#2791=VECTOR('',#10345,1000.);
#2792=VECTOR('',#10350,1000.);
#2793=VECTOR('',#10355,1000.);
#2794=VECTOR('',#10356,1000.);
#2795=VECTOR('',#10359,1000.);
#2796=VECTOR('',#10360,1000.);
#2797=VECTOR('',#10363,1000.);
#2798=VECTOR('',#10364,1000.);
#2799=VECTOR('',#10367,1000.);
#2800=VECTOR('',#10368,1000.);
#2801=VECTOR('',#10371,1000.);
#2802=VECTOR('',#10372,1000.);
#2803=VECTOR('',#10375,1000.);
#2804=VECTOR('',#10376,1000.);
#2805=VECTOR('',#10379,1000.);
#2806=VECTOR('',#10380,1000.);
#2807=VECTOR('',#10383,1000.);
#2808=VECTOR('',#10384,1000.);
#2809=VECTOR('',#10387,1000.);
#2810=VECTOR('',#10388,1000.);
#2811=VECTOR('',#10391,1000.);
#2812=VECTOR('',#10392,1000.);
#2813=VECTOR('',#10395,1000.);
#2814=VECTOR('',#10396,1000.);
#2815=VECTOR('',#10399,1000.);
#2816=VECTOR('',#10400,1000.);
#2817=VECTOR('',#10607,1000.);
#2818=VECTOR('',#10608,1000.);
#2819=VECTOR('',#10609,1000.);
#2820=VECTOR('',#10612,1000.);
#2821=VECTOR('',#10613,1000.);
#2822=VECTOR('',#10616,1000.);
#2823=VECTOR('',#10617,1000.);
#2824=VECTOR('',#10620,1000.);
#2825=VECTOR('',#10621,1000.);
#2826=VECTOR('',#10624,1000.);
#2827=VECTOR('',#10625,1000.);
#2828=VECTOR('',#10628,1000.);
#2829=VECTOR('',#10631,1000.);
#2830=VECTOR('',#10632,1000.);
#2831=VECTOR('',#10635,1000.);
#2832=VECTOR('',#10636,1000.);
#2833=VECTOR('',#10637,1000.);
#2834=VECTOR('',#10640,1000.);
#2835=VECTOR('',#10643,1000.);
#2836=VECTOR('',#10644,1000.);
#2837=VECTOR('',#10645,1000.);
#2838=VECTOR('',#10646,1000.);
#2839=VECTOR('',#10649,1000.);
#2840=VECTOR('',#10650,1000.);
#2841=VECTOR('',#10651,1000.);
#2842=VECTOR('',#10654,1000.);
#2843=VECTOR('',#10655,1000.);
#2844=VECTOR('',#10656,1000.);
#2845=VECTOR('',#10663,1000.);
#2846=VECTOR('',#10664,1000.);
#2847=VECTOR('',#10665,1000.);
#2848=VECTOR('',#10668,1000.);
#2849=VECTOR('',#10669,1000.);
#2850=VECTOR('',#10672,1000.);
#2851=VECTOR('',#10673,1000.);
#2852=VECTOR('',#10676,1000.);
#2853=VECTOR('',#10677,1000.);
#2854=VECTOR('',#10680,1000.);
#2855=VECTOR('',#10681,1000.);
#2856=VECTOR('',#10684,1000.);
#2857=VECTOR('',#10685,1000.);
#2858=VECTOR('',#10688,1000.);
#2859=VECTOR('',#10689,1000.);
#2860=VECTOR('',#10692,1000.);
#2861=VECTOR('',#10693,1000.);
#2862=VECTOR('',#10696,1000.);
#2863=VECTOR('',#10697,1000.);
#2864=VECTOR('',#10700,1000.);
#2865=VECTOR('',#10701,1000.);
#2866=VECTOR('',#10704,1000.);
#2867=VECTOR('',#10705,1000.);
#2868=VECTOR('',#10708,1000.);
#2869=VECTOR('',#10713,1000.);
#2870=VECTOR('',#10718,1000.);
#2871=VECTOR('',#10719,1000.);
#2872=VECTOR('',#10720,1000.);
#2873=VECTOR('',#10721,1000.);
#2874=VECTOR('',#10730,1000.);
#2875=VECTOR('',#10733,1000.);
#2876=VECTOR('',#10734,1000.);
#2877=VECTOR('',#10735,1000.);
#2878=VECTOR('',#10736,1000.);
#2879=VECTOR('',#10737,1000.);
#2880=VECTOR('',#10738,1000.);
#2881=VECTOR('',#10741,1000.);
#2882=VECTOR('',#10746,1000.);
#2883=VECTOR('',#10747,1000.);
#2884=VECTOR('',#10748,1000.);
#2885=VECTOR('',#10751,1000.);
#2886=VECTOR('',#10752,1000.);
#2887=VECTOR('',#10755,1000.);
#2888=VECTOR('',#10756,1000.);
#2889=VECTOR('',#10759,1000.);
#2890=VECTOR('',#10762,1000.);
#2891=VECTOR('',#10765,1000.);
#2892=VECTOR('',#10772,999.999999998991);
#2893=VECTOR('',#10773,1000.);
#2894=VECTOR('',#10774,999.99999999908);
#2895=VECTOR('',#10775,1000.);
#2896=VECTOR('',#10776,999.999999999401);
#2897=VECTOR('',#10777,1000.);
#2898=VECTOR('',#10778,999.999999999495);
#2899=VECTOR('',#10779,1000.);
#2900=VECTOR('',#10780,1000.);
#2901=VECTOR('',#10781,999.999999999896);
#2902=VECTOR('',#10782,1000.);
#2903=VECTOR('',#10783,999.999999998891);
#2904=VECTOR('',#10786,1000.);
#2905=VECTOR('',#10787,1000.);
#2906=VECTOR('',#10790,1000.);
#2907=VECTOR('',#10793,1000.);
#2908=VECTOR('',#10796,1000.);
#2909=VECTOR('',#10799,1000.);
#2910=VECTOR('',#10802,1000.);
#2911=VECTOR('',#10805,1000.);
#2912=VECTOR('',#10810,1000.);
#2913=VECTOR('',#10811,1000.);
#2914=VECTOR('',#10812,1000.);
#2915=VECTOR('',#10815,999.999999998891);
#2916=VECTOR('',#10816,1000.);
#2917=VECTOR('',#10817,1000.);
#2918=VECTOR('',#10820,1000.);
#2919=VECTOR('',#10821,1000.);
#2920=VECTOR('',#10822,1000.);
#2921=VECTOR('',#10825,999.999999999896);
#2922=VECTOR('',#10830,1000.);
#2923=VECTOR('',#10831,1000.);
#2924=VECTOR('',#10832,1000.);
#2925=VECTOR('',#10835,1000.);
#2926=VECTOR('',#10836,1000.);
#2927=VECTOR('',#10839,1000.);
#2928=VECTOR('',#10840,1000.);
#2929=VECTOR('',#10843,1000.);
#2930=VECTOR('',#10844,1000.);
#2931=VECTOR('',#10847,1000.);
#2932=VECTOR('',#10848,1000.);
#2933=VECTOR('',#10851,1000.);
#2934=VECTOR('',#10852,1000.);
#2935=VECTOR('',#10855,1000.);
#2936=VECTOR('',#10856,1000.);
#2937=VECTOR('',#10859,1000.);
#2938=VECTOR('',#10860,1000.);
#2939=VECTOR('',#10863,1000.);
#2940=VECTOR('',#10864,1000.);
#2941=VECTOR('',#10867,1000.);
#2942=VECTOR('',#10868,1000.);
#2943=VECTOR('',#10871,1000.);
#2944=VECTOR('',#10872,1000.);
#2945=VECTOR('',#10875,1000.);
#2946=VECTOR('',#10880,1000.);
#2947=VECTOR('',#10883,999.999999999829);
#2948=VECTOR('',#10888,1000.);
#2949=VECTOR('',#10889,1000.);
#2950=VECTOR('',#10890,1000.);
#2951=VECTOR('',#10891,1000.);
#2952=VECTOR('',#10894,999.999999999118);
#2953=VECTOR('',#10895,1000.);
#2954=VECTOR('',#10900,1000.);
#2955=VECTOR('',#10901,1000.);
#2956=VECTOR('',#10904,1000.);
#2957=VECTOR('',#10905,1000.);
#2958=VECTOR('',#10906,1000.);
#2959=VECTOR('',#10909,1000.);
#2960=VECTOR('',#10910,1000.);
#2961=VECTOR('',#10911,1000.);
#2962=VECTOR('',#10912,1000.);
#2963=VECTOR('',#10913,1000.);
#2964=VECTOR('',#10916,1000.);
#2965=VECTOR('',#10919,1000.);
#2966=VECTOR('',#10922,1000.);
#2967=VECTOR('',#10925,1000.);
#2968=VECTOR('',#10926,1000.);
#2969=VECTOR('',#10927,1000.);
#2970=VECTOR('',#10930,1000.);
#2971=VECTOR('',#10931,1000.);
#2972=VECTOR('',#10934,1000.);
#2973=VECTOR('',#10937,1000.);
#2974=VECTOR('',#10938,1000.);
#2975=VECTOR('',#10941,1000.);
#2976=VECTOR('',#10942,1000.);
#2977=VECTOR('',#10945,999.999999999118);
#2978=VECTOR('',#10948,1000.);
#2979=VECTOR('',#10949,1000.);
#2980=VECTOR('',#10952,1000.);
#2981=VECTOR('',#10953,1000.);
#2982=VECTOR('',#10954,1000.);
#2983=VECTOR('',#10957,1000.);
#2984=VECTOR('',#10960,1000.);
#2985=VECTOR('',#10963,1000.);
#2986=VECTOR('',#10966,1000.);
#2987=VECTOR('',#10969,1000.);
#2988=VECTOR('',#10972,1000.);
#2989=VECTOR('',#10973,1000.);
#2990=VECTOR('',#10976,1000.);
#2991=VECTOR('',#10977,1000.);
#2992=VECTOR('',#10980,1000.);
#2993=VECTOR('',#10981,1000.);
#2994=VECTOR('',#10982,1000.);
#2995=VECTOR('',#10983,1000.);
#2996=VECTOR('',#10984,1000.);
#2997=VECTOR('',#10985,1000.);
#2998=VECTOR('',#10988,1000.);
#2999=VECTOR('',#10991,1000.);
#3000=VECTOR('',#10994,1000.);
#3001=VECTOR('',#11001,1000.);
#3002=VECTOR('',#11002,1000.);
#3003=VECTOR('',#11003,1000.);
#3004=VECTOR('',#11006,1000.);
#3005=VECTOR('',#11007,999.999999998902);
#3006=VECTOR('',#11008,1000.);
#3007=VECTOR('',#11011,1000.);
#3008=VECTOR('',#11012,1000.);
#3009=VECTOR('',#11015,1000.);
#3010=VECTOR('',#11016,999.999999999604);
#3011=VECTOR('',#11019,1000.);
#3012=VECTOR('',#11020,999.999999999415);
#3013=VECTOR('',#11023,1000.);
#3014=VECTOR('',#11024,1000.);
#3015=VECTOR('',#11027,1000.);
#3016=VECTOR('',#11028,999.999999999169);
#3017=VECTOR('',#11031,1000.);
#3018=VECTOR('',#11032,999.999999999567);
#3019=VECTOR('',#11033,1000.);
#3020=VECTOR('',#11034,1000.);
#3021=VECTOR('',#11037,1000.);
#3022=VECTOR('',#11038,1000.);
#3023=VECTOR('',#11039,1000.);
#3024=VECTOR('',#11042,1000.);
#3025=VECTOR('',#11045,999.99999999949);
#3026=VECTOR('',#11050,1000.);
#3027=VECTOR('',#11051,1000.);
#3028=VECTOR('',#11052,1000.);
#3029=VECTOR('',#11055,1000.);
#3030=VECTOR('',#11056,1000.);
#3031=VECTOR('',#11059,1000.);
#3032=VECTOR('',#11060,1000.);
#3033=VECTOR('',#11063,1000.);
#3034=VECTOR('',#11064,1000.);
#3035=VECTOR('',#11067,1000.);
#3036=VECTOR('',#11068,1000.);
#3037=VECTOR('',#11071,1000.);
#3038=VECTOR('',#11072,1000.);
#3039=VECTOR('',#11075,1000.);
#3040=VECTOR('',#11076,1000.);
#3041=VECTOR('',#11079,1000.);
#3042=VECTOR('',#11080,1000.);
#3043=VECTOR('',#11083,1000.);
#3044=VECTOR('',#11084,1000.);
#3045=VECTOR('',#11087,1000.);
#3046=VECTOR('',#11088,1000.);
#3047=VECTOR('',#11091,1000.);
#3048=VECTOR('',#11092,1000.);
#3049=VECTOR('',#11095,1000.);
#3050=VECTOR('',#11100,1000.);
#3051=VECTOR('',#11105,1000.);
#3052=VECTOR('',#11106,1000.);
#3053=VECTOR('',#11107,1000.);
#3054=VECTOR('',#11108,1000.);
#3055=VECTOR('',#11117,1000.);
#3056=VECTOR('',#11120,1000.);
#3057=VECTOR('',#11121,1000.);
#3058=VECTOR('',#11122,1000.);
#3059=VECTOR('',#11123,1000.);
#3060=VECTOR('',#11124,1000.);
#3061=VECTOR('',#11125,1000.);
#3062=VECTOR('',#11128,1000.);
#3063=VECTOR('',#11133,1000.);
#3064=VECTOR('',#11134,1000.);
#3065=VECTOR('',#11135,1000.);
#3066=VECTOR('',#11138,1000.);
#3067=VECTOR('',#11139,1000.);
#3068=VECTOR('',#11142,1000.);
#3069=VECTOR('',#11143,1000.);
#3070=VECTOR('',#11146,1000.);
#3071=VECTOR('',#11149,1000.);
#3072=VECTOR('',#11152,1000.);
#3073=VECTOR('',#11159,999.99999999908);
#3074=VECTOR('',#11160,1000.);
#3075=VECTOR('',#11161,999.999999998991);
#3076=VECTOR('',#11162,1000.);
#3077=VECTOR('',#11163,999.999999998891);
#3078=VECTOR('',#11164,1000.);
#3079=VECTOR('',#11165,999.999999998972);
#3080=VECTOR('',#11166,1000.);
#3081=VECTOR('',#11167,1000.);
#3082=VECTOR('',#11168,999.999999999109);
#3083=VECTOR('',#11169,1000.);
#3084=VECTOR('',#11170,999.999999999145);
#3085=VECTOR('',#11173,1000.);
#3086=VECTOR('',#11174,1000.);
#3087=VECTOR('',#11177,1000.);
#3088=VECTOR('',#11180,1000.);
#3089=VECTOR('',#11183,1000.);
#3090=VECTOR('',#11186,1000.);
#3091=VECTOR('',#11189,1000.);
#3092=VECTOR('',#11192,1000.);
#3093=VECTOR('',#11197,1000.);
#3094=VECTOR('',#11198,1000.);
#3095=VECTOR('',#11199,1000.);
#3096=VECTOR('',#11202,999.999999999145);
#3097=VECTOR('',#11203,1000.);
#3098=VECTOR('',#11204,1000.);
#3099=VECTOR('',#11207,1000.);
#3100=VECTOR('',#11208,1000.);
#3101=VECTOR('',#11209,1000.);
#3102=VECTOR('',#11212,999.999999999109);
#3103=VECTOR('',#11229,10.);
#3104=VECTOR('',#11230,999.999999998961);
#3105=VECTOR('',#11231,999.999999999347);
#3106=VECTOR('',#11232,999.999999998915);
#3107=VECTOR('',#11233,10.);
#3108=VECTOR('',#11234,1000.);
#3109=VECTOR('',#11235,1000.);
#3110=VECTOR('',#11240,1000.);
#3111=VECTOR('',#11241,1000.);
#3112=VECTOR('',#11242,1000.);
#3113=VECTOR('',#11243,1000.);
#3114=VECTOR('',#11244,1000.);
#3115=VECTOR('',#11245,1000.);
#3116=VECTOR('',#11246,1000.);
#3117=VECTOR('',#11247,1000.);
#3118=VECTOR('',#11248,1000.);
#3119=VECTOR('',#11249,1000.);
#3120=VECTOR('',#11250,1000.);
#3121=VECTOR('',#11251,1000.);
#3122=VECTOR('',#11252,1000.);
#3123=VECTOR('',#11255,1000.);
#3124=VECTOR('',#11258,1000.);
#3125=VECTOR('',#11261,1000.);
#3126=VECTOR('',#11264,1000.);
#3127=VECTOR('',#11265,1000.);
#3128=VECTOR('',#11266,1000.);
#3129=VECTOR('',#11267,1000.);
#3130=VECTOR('',#11268,1000.);
#3131=VECTOR('',#11269,1000.);
#3132=VECTOR('',#11270,1000.);
#3133=VECTOR('',#11271,1000.);
#3134=VECTOR('',#11274,1000.);
#3135=VECTOR('',#11275,1000.);
#3136=VECTOR('',#11276,1000.);
#3137=VECTOR('',#11279,1000.);
#3138=VECTOR('',#11280,1000.);
#3139=VECTOR('',#11281,1000.);
#3140=VECTOR('',#11282,1000.);
#3141=VECTOR('',#11285,1000.);
#3142=VECTOR('',#11286,1000.);
#3143=VECTOR('',#11287,1000.);
#3144=VECTOR('',#11288,1000.);
#3145=VECTOR('',#11295,0.999999999999);
#3146=VECTOR('',#11302,0.999999999999);
#3147=VECTOR('',#11309,0.999999999999);
#3148=VECTOR('',#11316,0.999999999999);
#3149=VECTOR('',#11339,1000.);
#3150=VECTOR('',#11342,1000.);
#3151=VECTOR('',#11345,1000.);
#3152=VECTOR('',#11348,1000.);
#3153=VECTOR('',#11353,1000.);
#3154=VECTOR('',#11356,1000.);
#3155=VECTOR('',#11361,1000.);
#3156=VECTOR('',#11362,1000.);
#3157=VECTOR('',#11365,1000.);
#3158=VECTOR('',#11368,999.999999999199);
#3159=VECTOR('',#11369,1000.);
#3160=VECTOR('',#11370,1000.);
#3161=VECTOR('',#11371,999.999999999199);
#3162=VECTOR('',#11372,1000.);
#3163=VECTOR('',#11373,999.999999999199);
#3164=VECTOR('',#11374,999.999999999199);
#3165=VECTOR('',#11377,1000.);
#3166=VECTOR('',#11378,999.999999999199);
#3167=VECTOR('',#11381,1000.);
#3168=VECTOR('',#11384,999.999999999199);
#3169=VECTOR('',#11385,999.999999999199);
#3170=VECTOR('',#11386,1000.);
#3171=VECTOR('',#11387,999.999999999199);
#3172=VECTOR('',#11388,1000.);
#3173=VECTOR('',#11393,1000.);
#3174=VECTOR('',#11396,1000.);
#3175=VECTOR('',#11399,999.99999999909);
#3176=VECTOR('',#11400,999.99999999909);
#3177=VECTOR('',#11403,999.99999999971);
#3178=VECTOR('',#11406,999.99999999971);
#3179=VECTOR('',#11411,999.99999999971);
#3180=VECTOR('',#11414,999.99999999909);
#3181=VECTOR('',#11415,999.999999999199);
#3182=VECTOR('',#11418,999.99999999909);
#3183=VECTOR('',#11421,999.999999999199);
#3184=VECTOR('',#11426,1000.);
#3185=VECTOR('',#11429,1000.);
#3186=VECTOR('',#11432,999.99999999909);
#3187=VECTOR('',#11433,999.99999999909);
#3188=VECTOR('',#11436,999.99999999971);
#3189=VECTOR('',#11437,999.99999999971);
#3190=VECTOR('',#11450,999.9999999992);
#3191=VECTOR('',#11451,999.9999999992);
#3192=VECTOR('',#11458,999.9999999992);
#3193=VECTOR('',#11461,999.9999999992);
#3194=VECTOR('',#11464,1000.);
#3195=VECTOR('',#11467,1000.);
#3196=VECTOR('',#11470,999.9999999992);
#3197=VECTOR('',#11473,999.9999999992);
#3198=VECTOR('',#11478,1000.);
#3199=VECTOR('',#11481,1000.);
#3200=VECTOR('',#11484,999.9999999992);
#3201=VECTOR('',#11487,999.9999999992);
#3202=VERTEX_POINT('',#11522);
#3203=VERTEX_POINT('',#11523);
#3204=VERTEX_POINT('',#11525);
#3205=VERTEX_POINT('',#11527);
#3206=VERTEX_POINT('',#11529);
#3207=VERTEX_POINT('',#11531);
#3208=VERTEX_POINT('',#11533);
#3209=VERTEX_POINT('',#11535);
#3210=VERTEX_POINT('',#11539);
#3211=VERTEX_POINT('',#11540);
#3212=VERTEX_POINT('',#11542);
#3213=VERTEX_POINT('',#11544);
#3214=VERTEX_POINT('',#11546);
#3215=VERTEX_POINT('',#11548);
#3216=VERTEX_POINT('',#11550);
#3217=VERTEX_POINT('',#11552);
#3218=VERTEX_POINT('',#11559);
#3219=VERTEX_POINT('',#11560);
#3220=VERTEX_POINT('',#11562);
#3221=VERTEX_POINT('',#11564);
#3222=VERTEX_POINT('',#11566);
#3223=VERTEX_POINT('',#11568);
#3224=VERTEX_POINT('',#11570);
#3225=VERTEX_POINT('',#11572);
#3226=VERTEX_POINT('',#11574);
#3227=VERTEX_POINT('',#11576);
#3228=VERTEX_POINT('',#11578);
#3229=VERTEX_POINT('',#11580);
#3230=VERTEX_POINT('',#11582);
#3231=VERTEX_POINT('',#11584);
#3232=VERTEX_POINT('',#11587);
#3233=VERTEX_POINT('',#11588);
#3234=VERTEX_POINT('',#11590);
#3235=VERTEX_POINT('',#11592);
#3236=VERTEX_POINT('',#11596);
#3237=VERTEX_POINT('',#11597);
#3238=VERTEX_POINT('',#11599);
#3239=VERTEX_POINT('',#11601);
#3240=VERTEX_POINT('',#11603);
#3241=VERTEX_POINT('',#11605);
#3242=VERTEX_POINT('',#11607);
#3243=VERTEX_POINT('',#11609);
#3244=VERTEX_POINT('',#11611);
#3245=VERTEX_POINT('',#11613);
#3246=VERTEX_POINT('',#11615);
#3247=VERTEX_POINT('',#11617);
#3248=VERTEX_POINT('',#11619);
#3249=VERTEX_POINT('',#11621);
#3250=VERTEX_POINT('',#11624);
#3251=VERTEX_POINT('',#11625);
#3252=VERTEX_POINT('',#11627);
#3253=VERTEX_POINT('',#11629);
#3254=VERTEX_POINT('',#11645);
#3255=VERTEX_POINT('',#11646);
#3256=VERTEX_POINT('',#11648);
#3257=VERTEX_POINT('',#11652);
#3258=VERTEX_POINT('',#11653);
#3259=VERTEX_POINT('',#11655);
#3260=VERTEX_POINT('',#11659);
#3261=VERTEX_POINT('',#11660);
#3262=VERTEX_POINT('',#11662);
#3263=VERTEX_POINT('',#11664);
#3264=VERTEX_POINT('',#11666);
#3265=VERTEX_POINT('',#11668);
#3266=VERTEX_POINT('',#11670);
#3267=VERTEX_POINT('',#11672);
#3268=VERTEX_POINT('',#11674);
#3269=VERTEX_POINT('',#11676);
#3270=VERTEX_POINT('',#11678);
#3271=VERTEX_POINT('',#11680);
#3272=VERTEX_POINT('',#11684);
#3273=VERTEX_POINT('',#11686);
#3274=VERTEX_POINT('',#11688);
#3275=VERTEX_POINT('',#11690);
#3276=VERTEX_POINT('',#11692);
#3277=VERTEX_POINT('',#11694);
#3278=VERTEX_POINT('',#11700);
#3279=VERTEX_POINT('',#11705);
#3280=VERTEX_POINT('',#11734);
#3281=VERTEX_POINT('',#11735);
#3282=VERTEX_POINT('',#11738);
#3283=VERTEX_POINT('',#11742);
#3284=VERTEX_POINT('',#11744);
#3285=VERTEX_POINT('',#11746);
#3286=VERTEX_POINT('',#11776);
#3287=VERTEX_POINT('',#11778);
#3288=VERTEX_POINT('',#11782);
#3289=VERTEX_POINT('',#11784);
#3290=VERTEX_POINT('',#11792);
#3291=VERTEX_POINT('',#11794);
#3292=VERTEX_POINT('',#11798);
#3293=VERTEX_POINT('',#11800);
#3294=VERTEX_POINT('',#11804);
#3295=VERTEX_POINT('',#11805);
#3296=VERTEX_POINT('',#11810);
#3297=VERTEX_POINT('',#11812);
#3298=VERTEX_POINT('',#11819);
#3299=VERTEX_POINT('',#11821);
#3300=VERTEX_POINT('',#11825);
#3301=VERTEX_POINT('',#11827);
#3302=VERTEX_POINT('',#11835);
#3303=VERTEX_POINT('',#11837);
#3304=VERTEX_POINT('',#11841);
#3305=VERTEX_POINT('',#11843);
#3306=VERTEX_POINT('',#11847);
#3307=VERTEX_POINT('',#11848);
#3308=VERTEX_POINT('',#11853);
#3309=VERTEX_POINT('',#11855);
#3310=VERTEX_POINT('',#11886);
#3311=VERTEX_POINT('',#11887);
#3312=VERTEX_POINT('',#11889);
#3313=VERTEX_POINT('',#11891);
#3314=VERTEX_POINT('',#11893);
#3315=VERTEX_POINT('',#11895);
#3316=VERTEX_POINT('',#11897);
#3317=VERTEX_POINT('',#11899);
#3318=VERTEX_POINT('',#11901);
#3319=VERTEX_POINT('',#11903);
#3320=VERTEX_POINT('',#11906);
#3321=VERTEX_POINT('',#11907);
#3322=VERTEX_POINT('',#11909);
#3323=VERTEX_POINT('',#11911);
#3324=VERTEX_POINT('',#11913);
#3325=VERTEX_POINT('',#11915);
#3326=VERTEX_POINT('',#11918);
#3327=VERTEX_POINT('',#11919);
#3328=VERTEX_POINT('',#11921);
#3329=VERTEX_POINT('',#11923);
#3330=VERTEX_POINT('',#11925);
#3331=VERTEX_POINT('',#11927);
#3332=VERTEX_POINT('',#11929);
#3333=VERTEX_POINT('',#11931);
#3334=VERTEX_POINT('',#11933);
#3335=VERTEX_POINT('',#11935);
#3336=VERTEX_POINT('',#11937);
#3337=VERTEX_POINT('',#11939);
#3338=VERTEX_POINT('',#11942);
#3339=VERTEX_POINT('',#11943);
#3340=VERTEX_POINT('',#11945);
#3341=VERTEX_POINT('',#11947);
#3342=VERTEX_POINT('',#11949);
#3343=VERTEX_POINT('',#11954);
#3344=VERTEX_POINT('',#11959);
#3345=VERTEX_POINT('',#11962);
#3346=VERTEX_POINT('',#11963);
#3347=VERTEX_POINT('',#11965);
#3348=VERTEX_POINT('',#11967);
#3349=VERTEX_POINT('',#11969);
#3350=VERTEX_POINT('',#11971);
#3351=VERTEX_POINT('',#11973);
#3352=VERTEX_POINT('',#11975);
#3353=VERTEX_POINT('',#11978);
#3354=VERTEX_POINT('',#11979);
#3355=VERTEX_POINT('',#11984);
#3356=VERTEX_POINT('',#11986);
#3357=VERTEX_POINT('',#11991);
#3358=VERTEX_POINT('',#11993);
#3359=VERTEX_POINT('',#11995);
#3360=VERTEX_POINT('',#11997);
#3361=VERTEX_POINT('',#12002);
#3362=VERTEX_POINT('',#12007);
#3363=VERTEX_POINT('',#12012);
#3364=VERTEX_POINT('',#12014);
#3365=VERTEX_POINT('',#12019);
#3366=VERTEX_POINT('',#12024);
#3367=VERTEX_POINT('',#12026);
#3368=VERTEX_POINT('',#12031);
#3369=VERTEX_POINT('',#12033);
#3370=VERTEX_POINT('',#12035);
#3371=VERTEX_POINT('',#12037);
#3372=VERTEX_POINT('',#12039);
#3373=VERTEX_POINT('',#12041);
#3374=VERTEX_POINT('',#12044);
#3375=VERTEX_POINT('',#12045);
#3376=VERTEX_POINT('',#12047);
#3377=VERTEX_POINT('',#12049);
#3378=VERTEX_POINT('',#12051);
#3379=VERTEX_POINT('',#12053);
#3380=VERTEX_POINT('',#12055);
#3381=VERTEX_POINT('',#12057);
#3382=VERTEX_POINT('',#12059);
#3383=VERTEX_POINT('',#12061);
#3384=VERTEX_POINT('',#12063);
#3385=VERTEX_POINT('',#12065);
#3386=VERTEX_POINT('',#12068);
#3387=VERTEX_POINT('',#12069);
#3388=VERTEX_POINT('',#12071);
#3389=VERTEX_POINT('',#12073);
#3390=VERTEX_POINT('',#12075);
#3391=VERTEX_POINT('',#12080);
#3392=VERTEX_POINT('',#12085);
#3393=VERTEX_POINT('',#12088);
#3394=VERTEX_POINT('',#12089);
#3395=VERTEX_POINT('',#12091);
#3396=VERTEX_POINT('',#12093);
#3397=VERTEX_POINT('',#12095);
#3398=VERTEX_POINT('',#12097);
#3399=VERTEX_POINT('',#12099);
#3400=VERTEX_POINT('',#12101);
#3401=VERTEX_POINT('',#12104);
#3402=VERTEX_POINT('',#12105);
#3403=VERTEX_POINT('',#12110);
#3404=VERTEX_POINT('',#12112);
#3405=VERTEX_POINT('',#12114);
#3406=VERTEX_POINT('',#12116);
#3407=VERTEX_POINT('',#12121);
#3408=VERTEX_POINT('',#12126);
#3409=VERTEX_POINT('',#12131);
#3410=VERTEX_POINT('',#12133);
#3411=VERTEX_POINT('',#12138);
#3412=VERTEX_POINT('',#12143);
#3413=VERTEX_POINT('',#12145);
#3414=VERTEX_POINT('',#12150);
#3415=VERTEX_POINT('',#12155);
#3416=VERTEX_POINT('',#12160);
#3417=VERTEX_POINT('',#12165);
#3418=VERTEX_POINT('',#12170);
#3419=VERTEX_POINT('',#12175);
#3420=VERTEX_POINT('',#12180);
#3421=VERTEX_POINT('',#12182);
#3422=VERTEX_POINT('',#12184);
#3423=VERTEX_POINT('',#12186);
#3424=VERTEX_POINT('',#12188);
#3425=VERTEX_POINT('',#12193);
#3426=VERTEX_POINT('',#12198);
#3427=VERTEX_POINT('',#12200);
#3428=VERTEX_POINT('',#12202);
#3429=VERTEX_POINT('',#12204);
#3430=VERTEX_POINT('',#12206);
#3431=VERTEX_POINT('',#12211);
#3432=VERTEX_POINT('',#12216);
#3433=VERTEX_POINT('',#12218);
#3434=VERTEX_POINT('',#12224);
#3435=VERTEX_POINT('',#12225);
#3436=VERTEX_POINT('',#12227);
#3437=VERTEX_POINT('',#12229);
#3438=VERTEX_POINT('',#12234);
#3439=VERTEX_POINT('',#12236);
#3440=VERTEX_POINT('',#12238);
#3441=VERTEX_POINT('',#12243);
#3442=VERTEX_POINT('',#12248);
#3443=VERTEX_POINT('',#12250);
#3444=VERTEX_POINT('',#12252);
#3445=VERTEX_POINT('',#12254);
#3446=VERTEX_POINT('',#12256);
#3447=VERTEX_POINT('',#12258);
#3448=VERTEX_POINT('',#12260);
#3449=VERTEX_POINT('',#12266);
#3450=VERTEX_POINT('',#12267);
#3451=VERTEX_POINT('',#12272);
#3452=VERTEX_POINT('',#12277);
#3453=VERTEX_POINT('',#12279);
#3454=VERTEX_POINT('',#12281);
#3455=VERTEX_POINT('',#12283);
#3456=VERTEX_POINT('',#12285);
#3457=VERTEX_POINT('',#12287);
#3458=VERTEX_POINT('',#12289);
#3459=VERTEX_POINT('',#12294);
#3460=VERTEX_POINT('',#12299);
#3461=VERTEX_POINT('',#12301);
#3462=VERTEX_POINT('',#12303);
#3463=VERTEX_POINT('',#12309);
#3464=VERTEX_POINT('',#12310);
#3465=VERTEX_POINT('',#12312);
#3466=VERTEX_POINT('',#12314);
#3467=VERTEX_POINT('',#12316);
#3468=VERTEX_POINT('',#12318);
#3469=VERTEX_POINT('',#12320);
#3470=VERTEX_POINT('',#12322);
#3471=VERTEX_POINT('',#12324);
#3472=VERTEX_POINT('',#12326);
#3473=VERTEX_POINT('',#12328);
#3474=VERTEX_POINT('',#12330);
#3475=VERTEX_POINT('',#12333);
#3476=VERTEX_POINT('',#12334);
#3477=VERTEX_POINT('',#12339);
#3478=VERTEX_POINT('',#12344);
#3479=VERTEX_POINT('',#12346);
#3480=VERTEX_POINT('',#12351);
#3481=VERTEX_POINT('',#12356);
#3482=VERTEX_POINT('',#12358);
#3483=VERTEX_POINT('',#12360);
#3484=VERTEX_POINT('',#12365);
#3485=VERTEX_POINT('',#12370);
#3486=VERTEX_POINT('',#12375);
#3487=VERTEX_POINT('',#12380);
#3488=VERTEX_POINT('',#12382);
#3489=VERTEX_POINT('',#12386);
#3490=VERTEX_POINT('',#12387);
#3491=VERTEX_POINT('',#12389);
#3492=VERTEX_POINT('',#12391);
#3493=VERTEX_POINT('',#12393);
#3494=VERTEX_POINT('',#12395);
#3495=VERTEX_POINT('',#12399);
#3496=VERTEX_POINT('',#12401);
#3497=VERTEX_POINT('',#12405);
#3498=VERTEX_POINT('',#12407);
#3499=VERTEX_POINT('',#12409);
#3500=VERTEX_POINT('',#12411);
#3501=VERTEX_POINT('',#12415);
#3502=VERTEX_POINT('',#12417);
#3503=VERTEX_POINT('',#12421);
#3504=VERTEX_POINT('',#12423);
#3505=VERTEX_POINT('',#12427);
#3506=VERTEX_POINT('',#12428);
#3507=VERTEX_POINT('',#12430);
#3508=VERTEX_POINT('',#12432);
#3509=VERTEX_POINT('',#12434);
#3510=VERTEX_POINT('',#12436);
#3511=VERTEX_POINT('',#12440);
#3512=VERTEX_POINT('',#12441);
#3513=VERTEX_POINT('',#12446);
#3514=VERTEX_POINT('',#12447);
#3515=VERTEX_POINT('',#12450);
#3516=VERTEX_POINT('',#12452);
#3517=VERTEX_POINT('',#12456);
#3518=VERTEX_POINT('',#12458);
#3519=VERTEX_POINT('',#12462);
#3520=VERTEX_POINT('',#12464);
#3521=VERTEX_POINT('',#12468);
#3522=VERTEX_POINT('',#12469);
#3523=VERTEX_POINT('',#12471);
#3524=VERTEX_POINT('',#12473);
#3525=VERTEX_POINT('',#12475);
#3526=VERTEX_POINT('',#12477);
#3527=VERTEX_POINT('',#12479);
#3528=VERTEX_POINT('',#12481);
#3529=VERTEX_POINT('',#12485);
#3530=VERTEX_POINT('',#12487);
#3531=VERTEX_POINT('',#12491);
#3532=VERTEX_POINT('',#12493);
#3533=VERTEX_POINT('',#12495);
#3534=VERTEX_POINT('',#12497);
#3535=VERTEX_POINT('',#12499);
#3536=VERTEX_POINT('',#12501);
#3537=VERTEX_POINT('',#12505);
#3538=VERTEX_POINT('',#12506);
#3539=VERTEX_POINT('',#12508);
#3540=VERTEX_POINT('',#12510);
#3541=VERTEX_POINT('',#12512);
#3542=VERTEX_POINT('',#12514);
#3543=VERTEX_POINT('',#12516);
#3544=VERTEX_POINT('',#12518);
#3545=VERTEX_POINT('',#12520);
#3546=VERTEX_POINT('',#12522);
#3547=VERTEX_POINT('',#12524);
#3548=VERTEX_POINT('',#12526);
#3549=VERTEX_POINT('',#12529);
#3550=VERTEX_POINT('',#12530);
#3551=VERTEX_POINT('',#12532);
#3552=VERTEX_POINT('',#12534);
#3553=VERTEX_POINT('',#12537);
#3554=VERTEX_POINT('',#12538);
#3555=VERTEX_POINT('',#12540);
#3556=VERTEX_POINT('',#12542);
#3557=VERTEX_POINT('',#12545);
#3558=VERTEX_POINT('',#12546);
#3559=VERTEX_POINT('',#12548);
#3560=VERTEX_POINT('',#12550);
#3561=VERTEX_POINT('',#12554);
#3562=VERTEX_POINT('',#12555);
#3563=VERTEX_POINT('',#12557);
#3564=VERTEX_POINT('',#12559);
#3565=VERTEX_POINT('',#12561);
#3566=VERTEX_POINT('',#12563);
#3567=VERTEX_POINT('',#12565);
#3568=VERTEX_POINT('',#12567);
#3569=VERTEX_POINT('',#12569);
#3570=VERTEX_POINT('',#12571);
#3571=VERTEX_POINT('',#12575);
#3572=VERTEX_POINT('',#12576);
#3573=VERTEX_POINT('',#12578);
#3574=VERTEX_POINT('',#12580);
#3575=VERTEX_POINT('',#12582);
#3576=VERTEX_POINT('',#12584);
#3577=VERTEX_POINT('',#12586);
#3578=VERTEX_POINT('',#12588);
#3579=VERTEX_POINT('',#12590);
#3580=VERTEX_POINT('',#12592);
#3581=VERTEX_POINT('',#12596);
#3582=VERTEX_POINT('',#12597);
#3583=VERTEX_POINT('',#12599);
#3584=VERTEX_POINT('',#12601);
#3585=VERTEX_POINT('',#12603);
#3586=VERTEX_POINT('',#12605);
#3587=VERTEX_POINT('',#12607);
#3588=VERTEX_POINT('',#12609);
#3589=VERTEX_POINT('',#12611);
#3590=VERTEX_POINT('',#12613);
#3591=VERTEX_POINT('',#12621);
#3592=VERTEX_POINT('',#12622);
#3593=VERTEX_POINT('',#12624);
#3594=VERTEX_POINT('',#12626);
#3595=VERTEX_POINT('',#12630);
#3596=VERTEX_POINT('',#12631);
#3597=VERTEX_POINT('',#12633);
#3598=VERTEX_POINT('',#12635);
#3599=VERTEX_POINT('',#12637);
#3600=VERTEX_POINT('',#12639);
#3601=VERTEX_POINT('',#12641);
#3602=VERTEX_POINT('',#12644);
#3603=VERTEX_POINT('',#12646);
#3604=VERTEX_POINT('',#12648);
#3605=VERTEX_POINT('',#12652);
#3606=VERTEX_POINT('',#12653);
#3607=VERTEX_POINT('',#12655);
#3608=VERTEX_POINT('',#12657);
#3609=VERTEX_POINT('',#12659);
#3610=VERTEX_POINT('',#12661);
#3611=VERTEX_POINT('',#12663);
#3612=VERTEX_POINT('',#12666);
#3613=VERTEX_POINT('',#12668);
#3614=VERTEX_POINT('',#12670);
#3615=VERTEX_POINT('',#12680);
#3616=VERTEX_POINT('',#12681);
#3617=VERTEX_POINT('',#12683);
#3618=VERTEX_POINT('',#12685);
#3619=VERTEX_POINT('',#12687);
#3620=VERTEX_POINT('',#12689);
#3621=VERTEX_POINT('',#12691);
#3622=VERTEX_POINT('',#12694);
#3623=VERTEX_POINT('',#12696);
#3624=VERTEX_POINT('',#12698);
#3625=VERTEX_POINT('',#12702);
#3626=VERTEX_POINT('',#12703);
#3627=VERTEX_POINT('',#12705);
#3628=VERTEX_POINT('',#12707);
#3629=VERTEX_POINT('',#12709);
#3630=VERTEX_POINT('',#12711);
#3631=VERTEX_POINT('',#12713);
#3632=VERTEX_POINT('',#12716);
#3633=VERTEX_POINT('',#12718);
#3634=VERTEX_POINT('',#12720);
#3635=VERTEX_POINT('',#12730);
#3636=VERTEX_POINT('',#12731);
#3637=VERTEX_POINT('',#12733);
#3638=VERTEX_POINT('',#12735);
#3639=VERTEX_POINT('',#12737);
#3640=VERTEX_POINT('',#12739);
#3641=VERTEX_POINT('',#12772);
#3642=VERTEX_POINT('',#12774);
#3643=VERTEX_POINT('',#12808);
#3644=VERTEX_POINT('',#12809);
#3645=VERTEX_POINT('',#12811);
#3646=VERTEX_POINT('',#12813);
#3647=VERTEX_POINT('',#12815);
#3648=VERTEX_POINT('',#12827);
#3649=VERTEX_POINT('',#12861);
#3650=VERTEX_POINT('',#12866);
#3651=VERTEX_POINT('',#12871);
#3652=VERTEX_POINT('',#12872);
#3653=VERTEX_POINT('',#12874);
#3654=VERTEX_POINT('',#12876);
#3655=VERTEX_POINT('',#12880);
#3656=VERTEX_POINT('',#12882);
#3657=VERTEX_POINT('',#12890);
#3658=VERTEX_POINT('',#12891);
#3659=VERTEX_POINT('',#12893);
#3660=VERTEX_POINT('',#12895);
#3661=VERTEX_POINT('',#12899);
#3662=VERTEX_POINT('',#12901);
#3663=VERTEX_POINT('',#12909);
#3664=VERTEX_POINT('',#12910);
#3665=VERTEX_POINT('',#12912);
#3666=VERTEX_POINT('',#12914);
#3667=VERTEX_POINT('',#12918);
#3668=VERTEX_POINT('',#12920);
#3669=VERTEX_POINT('',#12928);
#3670=VERTEX_POINT('',#12929);
#3671=VERTEX_POINT('',#12931);
#3672=VERTEX_POINT('',#12933);
#3673=VERTEX_POINT('',#12937);
#3674=VERTEX_POINT('',#12939);
#3675=VERTEX_POINT('',#12947);
#3676=VERTEX_POINT('',#12949);
#3677=VERTEX_POINT('',#12953);
#3678=VERTEX_POINT('',#12957);
#3679=VERTEX_POINT('',#13102);
#3680=VERTEX_POINT('',#13104);
#3681=VERTEX_POINT('',#13108);
#3682=VERTEX_POINT('',#13112);
#3683=VERTEX_POINT('',#13116);
#3684=VERTEX_POINT('',#13120);
#3685=VERTEX_POINT('',#13134);
#3686=VERTEX_POINT('',#13136);
#3687=VERTEX_POINT('',#13143);
#3688=VERTEX_POINT('',#13154);
#3689=VERTEX_POINT('',#13165);
#3690=VERTEX_POINT('',#13176);
#3691=VERTEX_POINT('',#13190);
#3692=VERTEX_POINT('',#13204);
#3693=VERTEX_POINT('',#13218);
#3694=VERTEX_POINT('',#13225);
#3695=VERTEX_POINT('',#13236);
#3696=VERTEX_POINT('',#13247);
#3697=VERTEX_POINT('',#13261);
#3698=VERTEX_POINT('',#13275);
#3699=VERTEX_POINT('',#13292);
#3700=VERTEX_POINT('',#13294);
#3701=VERTEX_POINT('',#13298);
#3702=VERTEX_POINT('',#13302);
#3703=VERTEX_POINT('',#13306);
#3704=VERTEX_POINT('',#13310);
#3705=VERTEX_POINT('',#13314);
#3706=VERTEX_POINT('',#13318);
#3707=VERTEX_POINT('',#13322);
#3708=VERTEX_POINT('',#13326);
#3709=VERTEX_POINT('',#13330);
#3710=VERTEX_POINT('',#13334);
#3711=VERTEX_POINT('',#13341);
#3712=VERTEX_POINT('',#13342);
#3713=VERTEX_POINT('',#13344);
#3714=VERTEX_POINT('',#13346);
#3715=VERTEX_POINT('',#13348);
#3716=VERTEX_POINT('',#13353);
#3717=VERTEX_POINT('',#13358);
#3718=VERTEX_POINT('',#13361);
#3719=VERTEX_POINT('',#13362);
#3720=VERTEX_POINT('',#13364);
#3721=VERTEX_POINT('',#13366);
#3722=VERTEX_POINT('',#13368);
#3723=VERTEX_POINT('',#13370);
#3724=VERTEX_POINT('',#13372);
#3725=VERTEX_POINT('',#13418);
#3726=VERTEX_POINT('',#13419);
#3727=VERTEX_POINT('',#13424);
#3728=VERTEX_POINT('',#13428);
#3729=VERTEX_POINT('',#13439);
#3730=VERTEX_POINT('',#13450);
#3731=VERTEX_POINT('',#13461);
#3732=VERTEX_POINT('',#13475);
#3733=VERTEX_POINT('',#13476);
#3734=VERTEX_POINT('',#13478);
#3735=VERTEX_POINT('',#13480);
#3736=VERTEX_POINT('',#13482);
#3737=VERTEX_POINT('',#13484);
#3738=VERTEX_POINT('',#13486);
#3739=VERTEX_POINT('',#13488);
#3740=VERTEX_POINT('',#13491);
#3741=VERTEX_POINT('',#13492);
#3742=VERTEX_POINT('',#13494);
#3743=VERTEX_POINT('',#13496);
#3744=VERTEX_POINT('',#13501);
#3745=VERTEX_POINT('',#13503);
#3746=VERTEX_POINT('',#13526);
#3747=VERTEX_POINT('',#13527);
#3748=VERTEX_POINT('',#13532);
#3749=VERTEX_POINT('',#13543);
#3750=VERTEX_POINT('',#13550);
#3751=VERTEX_POINT('',#13561);
#3752=VERTEX_POINT('',#13571);
#3753=VERTEX_POINT('',#13573);
#3754=VERTEX_POINT('',#13577);
#3755=VERTEX_POINT('',#13581);
#3756=VERTEX_POINT('',#13585);
#3757=VERTEX_POINT('',#13589);
#3758=VERTEX_POINT('',#13593);
#3759=VERTEX_POINT('',#13597);
#3760=VERTEX_POINT('',#13601);
#3761=VERTEX_POINT('',#13605);
#3762=VERTEX_POINT('',#13609);
#3763=VERTEX_POINT('',#13613);
#3764=VERTEX_POINT('',#13620);
#3765=VERTEX_POINT('',#13621);
#3766=VERTEX_POINT('',#13626);
#3767=VERTEX_POINT('',#13628);
#3768=VERTEX_POINT('',#13633);
#3769=VERTEX_POINT('',#13635);
#3770=VERTEX_POINT('',#13637);
#3771=VERTEX_POINT('',#13642);
#3772=VERTEX_POINT('',#13647);
#3773=VERTEX_POINT('',#13649);
#3774=VERTEX_POINT('',#13651);
#3775=VERTEX_POINT('',#13653);
#3776=VERTEX_POINT('',#13655);
#3777=VERTEX_POINT('',#13657);
#3778=VERTEX_POINT('',#13663);
#3779=VERTEX_POINT('',#13664);
#3780=VERTEX_POINT('',#13666);
#3781=VERTEX_POINT('',#13671);
#3782=VERTEX_POINT('',#13673);
#3783=VERTEX_POINT('',#13675);
#3784=VERTEX_POINT('',#13680);
#3785=VERTEX_POINT('',#13682);
#3786=VERTEX_POINT('',#13780);
#3787=VERTEX_POINT('',#13781);
#3788=VERTEX_POINT('',#13796);
#3789=VERTEX_POINT('',#13807);
#3790=VERTEX_POINT('',#13821);
#3791=VERTEX_POINT('',#13832);
#3792=VERTEX_POINT('',#13843);
#3793=VERTEX_POINT('',#13850);
#3794=VERTEX_POINT('',#13864);
#3795=VERTEX_POINT('',#13866);
#3796=VERTEX_POINT('',#13873);
#3797=VERTEX_POINT('',#13884);
#3798=VERTEX_POINT('',#13895);
#3799=VERTEX_POINT('',#13906);
#3800=VERTEX_POINT('',#13917);
#3801=VERTEX_POINT('',#13928);
#3802=VERTEX_POINT('',#13939);
#3803=VERTEX_POINT('',#13950);
#3804=VERTEX_POINT('',#13964);
#3805=VERTEX_POINT('',#13975);
#3806=VERTEX_POINT('',#13989);
#3807=VERTEX_POINT('',#13996);
#3808=VERTEX_POINT('',#14007);
#3809=VERTEX_POINT('',#14021);
#3810=VERTEX_POINT('',#14035);
#3811=VERTEX_POINT('',#14049);
#3812=VERTEX_POINT('',#14060);
#3813=VERTEX_POINT('',#14071);
#3814=VERTEX_POINT('',#14082);
#3815=VERTEX_POINT('',#14099);
#3816=VERTEX_POINT('',#14101);
#3817=VERTEX_POINT('',#14105);
#3818=VERTEX_POINT('',#14116);
#3819=VERTEX_POINT('',#14123);
#3820=VERTEX_POINT('',#14127);
#3821=VERTEX_POINT('',#14131);
#3822=VERTEX_POINT('',#14135);
#3823=VERTEX_POINT('',#14139);
#3824=VERTEX_POINT('',#14143);
#3825=VERTEX_POINT('',#14154);
#3826=VERTEX_POINT('',#14168);
#3827=VERTEX_POINT('',#14175);
#3828=VERTEX_POINT('',#14186);
#3829=VERTEX_POINT('',#14197);
#3830=VERTEX_POINT('',#14207);
#3831=VERTEX_POINT('',#14209);
#3832=VERTEX_POINT('',#14213);
#3833=VERTEX_POINT('',#14217);
#3834=VERTEX_POINT('',#14221);
#3835=VERTEX_POINT('',#14225);
#3836=VERTEX_POINT('',#14229);
#3837=VERTEX_POINT('',#14233);
#3838=VERTEX_POINT('',#14237);
#3839=VERTEX_POINT('',#14241);
#3840=VERTEX_POINT('',#14245);
#3841=VERTEX_POINT('',#14249);
#3842=VERTEX_POINT('',#14256);
#3843=VERTEX_POINT('',#14257);
#3844=VERTEX_POINT('',#14259);
#3845=VERTEX_POINT('',#14261);
#3846=VERTEX_POINT('',#14263);
#3847=VERTEX_POINT('',#14268);
#3848=VERTEX_POINT('',#14273);
#3849=VERTEX_POINT('',#14276);
#3850=VERTEX_POINT('',#14277);
#3851=VERTEX_POINT('',#14279);
#3852=VERTEX_POINT('',#14281);
#3853=VERTEX_POINT('',#14283);
#3854=VERTEX_POINT('',#14285);
#3855=VERTEX_POINT('',#14287);
#3856=VERTEX_POINT('',#14333);
#3857=VERTEX_POINT('',#14334);
#3858=VERTEX_POINT('',#14339);
#3859=VERTEX_POINT('',#14343);
#3860=VERTEX_POINT('',#14354);
#3861=VERTEX_POINT('',#14365);
#3862=VERTEX_POINT('',#14376);
#3863=VERTEX_POINT('',#14390);
#3864=VERTEX_POINT('',#14391);
#3865=VERTEX_POINT('',#14393);
#3866=VERTEX_POINT('',#14395);
#3867=VERTEX_POINT('',#14397);
#3868=VERTEX_POINT('',#14399);
#3869=VERTEX_POINT('',#14401);
#3870=VERTEX_POINT('',#14403);
#3871=VERTEX_POINT('',#14406);
#3872=VERTEX_POINT('',#14407);
#3873=VERTEX_POINT('',#14409);
#3874=VERTEX_POINT('',#14411);
#3875=VERTEX_POINT('',#14416);
#3876=VERTEX_POINT('',#14418);
#3877=VERTEX_POINT('',#14441);
#3878=VERTEX_POINT('',#14442);
#3879=VERTEX_POINT('',#14447);
#3880=VERTEX_POINT('',#14458);
#3881=VERTEX_POINT('',#14465);
#3882=VERTEX_POINT('',#14476);
#3883=VERTEX_POINT('',#14486);
#3884=VERTEX_POINT('',#14487);
#3885=VERTEX_POINT('',#14492);
#3886=VERTEX_POINT('',#14494);
#3887=VERTEX_POINT('',#14499);
#3888=VERTEX_POINT('',#14501);
#3889=VERTEX_POINT('',#14506);
#3890=VERTEX_POINT('',#14511);
#3891=VERTEX_POINT('',#14513);
#3892=VERTEX_POINT('',#14515);
#3893=VERTEX_POINT('',#14517);
#3894=VERTEX_POINT('',#14519);
#3895=VERTEX_POINT('',#14524);
#3896=VERTEX_POINT('',#14529);
#3897=VERTEX_POINT('',#14531);
#3898=VERTEX_POINT('',#14533);
#3899=VERTEX_POINT('',#14535);
#3900=VERTEX_POINT('',#14537);
#3901=VERTEX_POINT('',#14542);
#3902=VERTEX_POINT('',#14547);
#3903=VERTEX_POINT('',#14552);
#3904=VERTEX_POINT('',#14557);
#3905=VERTEX_POINT('',#14562);
#3906=VERTEX_POINT('',#14567);
#3907=VERTEX_POINT('',#14572);
#3908=VERTEX_POINT('',#14574);
#3909=VERTEX_POINT('',#14579);
#3910=VERTEX_POINT('',#14584);
#3911=VERTEX_POINT('',#14586);
#3912=VERTEX_POINT('',#14591);
#3913=VERTEX_POINT('',#14596);
#3914=VERTEX_POINT('',#14601);
#3915=VERTEX_POINT('',#14603);
#3916=VERTEX_POINT('',#14606);
#3917=VERTEX_POINT('',#14607);
#3918=VERTEX_POINT('',#14883);
#3919=VERTEX_POINT('',#14884);
#3920=VERTEX_POINT('',#14914);
#3921=VERTEX_POINT('',#14916);
#3922=VERTEX_POINT('',#14920);
#3923=VERTEX_POINT('',#14922);
#3924=VERTEX_POINT('',#14926);
#3925=VERTEX_POINT('',#14928);
#3926=VERTEX_POINT('',#14932);
#3927=VERTEX_POINT('',#14934);
#3928=VERTEX_POINT('',#14938);
#3929=VERTEX_POINT('',#14939);
#3930=VERTEX_POINT('',#14941);
#3931=VERTEX_POINT('',#14943);
#3932=VERTEX_POINT('',#14958);
#3933=VERTEX_POINT('',#14959);
#3934=VERTEX_POINT('',#14961);
#3935=VERTEX_POINT('',#14978);
#3936=VERTEX_POINT('',#14982);
#3937=VERTEX_POINT('',#14983);
#3938=VERTEX_POINT('',#14985);
#3939=VERTEX_POINT('',#14987);
#3940=VERTEX_POINT('',#14989);
#3941=VERTEX_POINT('',#14991);
#3942=VERTEX_POINT('',#14993);
#3943=VERTEX_POINT('',#14995);
#3944=VERTEX_POINT('',#14999);
#3945=VERTEX_POINT('',#15000);
#3946=VERTEX_POINT('',#15002);
#3947=VERTEX_POINT('',#15004);
#3948=VERTEX_POINT('',#15012);
#3949=VERTEX_POINT('',#15013);
#3950=VERTEX_POINT('',#15015);
#3951=VERTEX_POINT('',#15018);
#3952=VERTEX_POINT('',#15020);
#3953=VERTEX_POINT('',#15022);
#3954=VERTEX_POINT('',#15024);
#3955=VERTEX_POINT('',#15029);
#3956=VERTEX_POINT('',#15031);
#3957=VERTEX_POINT('',#15033);
#3958=VERTEX_POINT('',#15035);
#3959=VERTEX_POINT('',#15037);
#3960=VERTEX_POINT('',#15040);
#3961=VERTEX_POINT('',#15042);
#3962=VERTEX_POINT('',#15044);
#3963=VERTEX_POINT('',#15048);
#3964=VERTEX_POINT('',#15049);
#3965=VERTEX_POINT('',#15051);
#3966=VERTEX_POINT('',#15053);
#3967=VERTEX_POINT('',#15061);
#3968=VERTEX_POINT('',#15063);
#3969=VERTEX_POINT('',#15067);
#3970=VERTEX_POINT('',#15069);
#3971=VERTEX_POINT('',#15071);
#3972=VERTEX_POINT('',#15075);
#3973=VERTEX_POINT('',#15080);
#3974=VERTEX_POINT('',#15081);
#3975=VERTEX_POINT('',#15083);
#3976=VERTEX_POINT('',#15085);
#3977=VERTEX_POINT('',#15099);
#3978=VERTEX_POINT('',#15102);
#3979=VERTEX_POINT('',#15107);
#3980=VERTEX_POINT('',#15109);
#3981=VERTEX_POINT('',#15113);
#3982=VERTEX_POINT('',#15115);
#3983=VERTEX_POINT('',#15124);
#3984=VERTEX_POINT('',#15126);
#3985=EDGE_CURVE('',#3202,#3203,#1618,.T.);
#3986=EDGE_CURVE('',#3202,#3204,#1436,.T.);
#3987=EDGE_CURVE('',#3204,#3205,#1619,.T.);
#3988=EDGE_CURVE('',#3205,#3206,#1437,.T.);
#3989=EDGE_CURVE('',#3207,#3206,#1620,.T.);
#3990=EDGE_CURVE('',#3207,#3208,#1438,.T.);
#3991=EDGE_CURVE('',#3209,#3208,#1621,.T.);
#3992=EDGE_CURVE('',#3209,#3203,#1439,.T.);
#3993=EDGE_CURVE('',#3210,#3211,#1622,.T.);
#3994=EDGE_CURVE('',#3210,#3212,#1440,.T.);
#3995=EDGE_CURVE('',#3213,#3212,#1623,.T.);
#3996=EDGE_CURVE('',#3213,#3214,#1441,.T.);
#3997=EDGE_CURVE('',#3215,#3214,#1624,.T.);
#3998=EDGE_CURVE('',#3215,#3216,#1442,.T.);
#3999=EDGE_CURVE('',#3217,#3216,#1625,.T.);
#4000=EDGE_CURVE('',#3217,#3211,#1443,.T.);
#4001=EDGE_CURVE('',#3204,#3210,#1626,.T.);
#4002=EDGE_CURVE('',#3211,#3205,#1627,.T.);
#4003=EDGE_CURVE('',#3218,#3219,#1628,.T.);
#4004=EDGE_CURVE('',#3219,#3220,#1444,.T.);
#4005=EDGE_CURVE('',#3220,#3221,#1629,.T.);
#4006=EDGE_CURVE('',#3221,#3222,#1630,.T.);
#4007=EDGE_CURVE('',#3222,#3223,#1631,.T.);
#4008=EDGE_CURVE('',#3223,#3224,#1445,.T.);
#4009=EDGE_CURVE('',#3224,#3225,#1632,.T.);
#4010=EDGE_CURVE('',#3225,#3226,#1633,.T.);
#4011=EDGE_CURVE('',#3226,#3227,#1634,.T.);
#4012=EDGE_CURVE('',#3227,#3228,#1635,.T.);
#4013=EDGE_CURVE('',#3228,#3229,#1636,.T.);
#4014=EDGE_CURVE('',#3229,#3230,#1446,.T.);
#4015=EDGE_CURVE('',#3230,#3231,#1637,.T.);
#4016=EDGE_CURVE('',#3231,#3218,#1447,.T.);
#4017=EDGE_CURVE('',#3232,#3233,#1638,.T.);
#4018=EDGE_CURVE('',#3234,#3232,#1448,.T.);
#4019=EDGE_CURVE('',#3235,#3234,#1639,.T.);
#4020=EDGE_CURVE('',#3233,#3235,#1449,.T.);
#4021=EDGE_CURVE('',#3236,#3237,#1640,.T.);
#4022=EDGE_CURVE('',#3236,#3238,#1450,.T.);
#4023=EDGE_CURVE('',#3239,#3238,#1641,.T.);
#4024=EDGE_CURVE('',#3239,#3240,#1451,.T.);
#4025=EDGE_CURVE('',#3241,#3240,#1642,.T.);
#4026=EDGE_CURVE('',#3242,#3241,#1643,.T.);
#4027=EDGE_CURVE('',#3243,#3242,#1644,.T.);
#4028=EDGE_CURVE('',#3244,#3243,#1645,.T.);
#4029=EDGE_CURVE('',#3245,#3244,#1646,.T.);
#4030=EDGE_CURVE('',#3246,#3245,#1647,.T.);
#4031=EDGE_CURVE('',#3247,#3246,#1648,.T.);
#4032=EDGE_CURVE('',#3248,#3247,#1649,.T.);
#4033=EDGE_CURVE('',#3249,#3248,#1650,.T.);
#4034=EDGE_CURVE('',#3237,#3249,#1651,.T.);
#4035=EDGE_CURVE('',#3250,#3251,#1452,.T.);
#4036=EDGE_CURVE('',#3251,#3252,#1652,.T.);
#4037=EDGE_CURVE('',#3252,#3253,#1453,.T.);
#4038=EDGE_CURVE('',#3253,#3250,#1653,.T.);
#4039=EDGE_CURVE('',#3220,#3236,#1654,.T.);
#4040=EDGE_CURVE('',#3237,#3221,#1655,.T.);
#4041=EDGE_CURVE('',#3247,#3224,#1656,.T.);
#4042=EDGE_CURVE('',#3246,#3225,#1657,.T.);
#4043=EDGE_CURVE('',#3244,#3227,#1658,.T.);
#4044=EDGE_CURVE('',#3245,#3226,#1659,.T.);
#4045=EDGE_CURVE('',#3240,#3231,#1660,.T.);
#4046=EDGE_CURVE('',#3241,#3230,#1661,.T.);
#4047=EDGE_CURVE('',#3254,#3255,#1662,.T.);
#4048=EDGE_CURVE('',#3254,#3256,#1454,.T.);
#4049=EDGE_CURVE('',#3256,#3255,#1663,.T.);
#4050=EDGE_CURVE('',#3257,#3258,#1664,.T.);
#4051=EDGE_CURVE('',#3258,#3259,#1455,.T.);
#4052=EDGE_CURVE('',#3259,#3257,#1665,.T.);
#4053=EDGE_CURVE('',#3260,#3261,#1666,.T.);
#4054=EDGE_CURVE('',#3260,#3262,#1456,.T.);
#4055=EDGE_CURVE('',#3263,#3262,#1667,.T.);
#4056=EDGE_CURVE('',#3263,#3264,#1457,.T.);
#4057=EDGE_CURVE('',#3265,#3264,#1668,.T.);
#4058=EDGE_CURVE('',#3266,#3265,#1669,.T.);
#4059=EDGE_CURVE('',#3267,#3266,#1670,.T.);
#4060=EDGE_CURVE('',#3267,#3268,#1458,.T.);
#4061=EDGE_CURVE('',#3269,#3268,#1671,.T.);
#4062=EDGE_CURVE('',#3269,#3270,#1459,.T.);
#4063=EDGE_CURVE('',#3271,#3270,#1672,.T.);
#4064=EDGE_CURVE('',#3271,#3261,#1673,.T.);
#4065=EDGE_CURVE('',#3257,#3272,#1674,.T.);
#4066=EDGE_CURVE('',#3272,#3273,#1460,.T.);
#4067=EDGE_CURVE('',#3273,#3274,#1675,.T.);
#4068=EDGE_CURVE('',#3275,#3274,#1676,.T.);
#4069=EDGE_CURVE('',#3275,#3276,#1677,.T.);
#4070=EDGE_CURVE('',#3276,#3277,#1461,.T.);
#4071=EDGE_CURVE('',#3277,#3255,#1678,.T.);
#4072=EDGE_CURVE('',#3256,#3258,#1679,.T.);
#4073=EDGE_CURVE('',#3277,#3269,#1680,.T.);
#4074=EDGE_CURVE('',#3268,#3278,#1681,.T.);
#4075=EDGE_CURVE('',#3278,#3254,#1682,.T.);
#4076=EDGE_CURVE('',#3262,#3272,#1683,.T.);
#4077=EDGE_CURVE('',#3259,#3279,#1684,.T.);
#4078=EDGE_CURVE('',#3279,#3263,#1685,.T.);
#4079=EDGE_CURVE('',#3238,#3219,#1686,.T.);
#4080=EDGE_CURVE('',#3218,#3239,#1687,.T.);
#4081=EDGE_CURVE('',#3234,#3250,#1688,.T.);
#4082=EDGE_CURVE('',#3232,#3251,#1689,.T.);
#4083=EDGE_CURVE('',#3233,#3252,#1690,.T.);
#4084=EDGE_CURVE('',#3235,#3253,#1691,.T.);
#4085=EDGE_CURVE('',#3275,#3271,#1692,.T.);
#4086=EDGE_CURVE('',#3245,#3275,#1462,.T.);
#4087=EDGE_CURVE('',#3226,#3271,#1463,.T.);
#4088=EDGE_CURVE('',#3274,#3246,#1464,.T.);
#4089=EDGE_CURVE('',#3274,#3261,#1693,.T.);
#4090=EDGE_CURVE('',#3261,#3225,#1465,.T.);
#4091=EDGE_CURVE('',#3273,#3260,#1694,.T.);
#4092=EDGE_CURVE('',#3270,#3276,#1695,.T.);
#4093=EDGE_CURVE('',#3280,#3281,#1466,.T.);
#4094=EDGE_CURVE('',#3281,#3267,#1696,.T.);
#4095=EDGE_CURVE('',#3282,#3266,#1467,.T.);
#4096=EDGE_CURVE('',#3282,#3280,#1697,.T.);
#4097=EDGE_CURVE('',#3264,#3283,#1698,.T.);
#4098=EDGE_CURVE('',#3283,#3284,#1468,.T.);
#4099=EDGE_CURVE('',#3285,#3284,#1699,.T.);
#4100=EDGE_CURVE('',#3265,#3285,#1469,.T.);
#4101=EDGE_CURVE('',#3278,#3281,#242,.T.);
#4102=EDGE_CURVE('',#3280,#3209,#1700,.T.);
#4103=EDGE_CURVE('',#3208,#3284,#1701,.T.);
#4104=EDGE_CURVE('',#3283,#3279,#243,.T.);
#4105=EDGE_CURVE('',#3285,#3215,#1702,.T.);
#4106=EDGE_CURVE('',#3214,#3282,#1703,.T.);
#4107=EDGE_CURVE('',#3286,#3243,#1470,.T.);
#4108=EDGE_CURVE('',#3286,#3287,#1704,.T.);
#4109=EDGE_CURVE('',#3287,#3227,#1471,.T.);
#4110=EDGE_CURVE('',#3242,#3288,#1472,.T.);
#4111=EDGE_CURVE('',#3230,#3289,#1473,.T.);
#4112=EDGE_CURVE('',#3288,#3289,#1705,.T.);
#4113=EDGE_CURVE('',#3289,#3287,#1706,.T.);
#4114=EDGE_CURVE('',#3288,#3286,#1707,.T.);
#4115=EDGE_CURVE('',#3290,#3286,#1708,.T.);
#4116=EDGE_CURVE('',#3290,#3291,#1709,.T.);
#4117=EDGE_CURVE('',#3291,#3287,#1710,.T.);
#4118=EDGE_CURVE('',#3289,#3292,#1711,.T.);
#4119=EDGE_CURVE('',#3292,#3293,#1712,.T.);
#4120=EDGE_CURVE('',#3288,#3293,#1713,.T.);
#4121=EDGE_CURVE('',#3294,#3295,#1714,.T.);
#4122=EDGE_CURVE('',#3294,#3292,#1474,.T.);
#4123=EDGE_CURVE('',#3291,#3295,#1475,.T.);
#4124=EDGE_CURVE('',#3293,#3296,#1476,.T.);
#4125=EDGE_CURVE('',#3296,#3297,#1715,.T.);
#4126=EDGE_CURVE('',#3297,#3290,#1477,.T.);
#4127=EDGE_CURVE('',#3296,#3294,#1716,.T.);
#4128=EDGE_CURVE('',#3295,#3297,#1717,.T.);
#4129=EDGE_CURVE('',#3298,#3249,#1478,.T.);
#4130=EDGE_CURVE('',#3298,#3299,#1718,.T.);
#4131=EDGE_CURVE('',#3299,#3221,#1479,.T.);
#4132=EDGE_CURVE('',#3248,#3300,#1480,.T.);
#4133=EDGE_CURVE('',#3224,#3301,#1481,.T.);
#4134=EDGE_CURVE('',#3300,#3301,#1719,.T.);
#4135=EDGE_CURVE('',#3299,#3301,#1720,.T.);
#4136=EDGE_CURVE('',#3300,#3298,#1721,.T.);
#4137=EDGE_CURVE('',#3301,#3302,#1722,.T.);
#4138=EDGE_CURVE('',#3302,#3303,#1723,.T.);
#4139=EDGE_CURVE('',#3300,#3303,#1724,.T.);
#4140=EDGE_CURVE('',#3304,#3298,#1725,.T.);
#4141=EDGE_CURVE('',#3304,#3305,#1726,.T.);
#4142=EDGE_CURVE('',#3305,#3299,#1727,.T.);
#4143=EDGE_CURVE('',#3306,#3307,#1728,.T.);
#4144=EDGE_CURVE('',#3306,#3302,#1482,.T.);
#4145=EDGE_CURVE('',#3305,#3307,#1483,.T.);
#4146=EDGE_CURVE('',#3303,#3308,#1484,.T.);
#4147=EDGE_CURVE('',#3308,#3309,#1729,.T.);
#4148=EDGE_CURVE('',#3309,#3304,#1485,.T.);
#4149=EDGE_CURVE('',#3308,#3306,#1730,.T.);
#4150=EDGE_CURVE('',#3307,#3309,#1731,.T.);
#4151=EDGE_CURVE('',#3214,#3209,#1732,.T.);
#4152=EDGE_CURVE('',#3212,#3202,#1733,.T.);
#4153=EDGE_CURVE('',#3203,#3213,#1734,.T.);
#4154=EDGE_CURVE('',#3208,#3215,#1735,.T.);
#4155=EDGE_CURVE('',#3206,#3217,#1736,.T.);
#4156=EDGE_CURVE('',#3216,#3207,#1737,.T.);
#4157=EDGE_CURVE('',#3310,#3311,#1738,.T.);
#4158=EDGE_CURVE('',#3310,#3312,#1739,.T.);
#4159=EDGE_CURVE('',#3313,#3312,#1486,.T.);
#4160=EDGE_CURVE('',#3313,#3314,#1740,.T.);
#4161=EDGE_CURVE('',#3315,#3314,#1487,.T.);
#4162=EDGE_CURVE('',#3315,#3316,#1741,.T.);
#4163=EDGE_CURVE('',#3317,#3316,#1742,.T.);
#4164=EDGE_CURVE('',#3317,#3318,#1743,.T.);
#4165=EDGE_CURVE('',#3319,#3318,#1744,.T.);
#4166=EDGE_CURVE('',#3319,#3311,#1745,.T.);
#4167=EDGE_CURVE('',#3320,#3321,#1746,.T.);
#4168=EDGE_CURVE('',#3322,#3320,#1747,.T.);
#4169=EDGE_CURVE('',#3323,#3322,#1748,.T.);
#4170=EDGE_CURVE('',#3324,#3323,#1749,.T.);
#4171=EDGE_CURVE('',#3325,#3324,#1750,.T.);
#4172=EDGE_CURVE('',#3321,#3325,#1751,.T.);
#4173=EDGE_CURVE('',#3326,#3327,#1752,.T.);
#4174=EDGE_CURVE('',#3328,#3326,#1753,.T.);
#4175=EDGE_CURVE('',#3329,#3328,#1754,.T.);
#4176=EDGE_CURVE('',#3330,#3329,#1755,.T.);
#4177=EDGE_CURVE('',#3331,#3330,#1756,.T.);
#4178=EDGE_CURVE('',#3332,#3331,#1757,.T.);
#4179=EDGE_CURVE('',#3333,#3332,#1758,.T.);
#4180=EDGE_CURVE('',#3334,#3333,#1759,.T.);
#4181=EDGE_CURVE('',#3335,#3334,#1760,.T.);
#4182=EDGE_CURVE('',#3336,#3335,#1761,.T.);
#4183=EDGE_CURVE('',#3337,#3336,#1762,.T.);
#4184=EDGE_CURVE('',#3327,#3337,#1763,.T.);
#4185=EDGE_CURVE('',#3338,#3339,#1764,.T.);
#4186=EDGE_CURVE('',#3340,#3338,#1765,.T.);
#4187=EDGE_CURVE('',#3341,#3340,#1766,.T.);
#4188=EDGE_CURVE('',#3342,#3341,#244,.T.);
#4189=EDGE_CURVE('',#3343,#3342,#245,.T.);
#4190=EDGE_CURVE('',#3344,#3343,#131,.T.);
#4191=EDGE_CURVE('',#3339,#3344,#132,.T.);
#4192=EDGE_CURVE('',#3345,#3346,#1767,.T.);
#4193=EDGE_CURVE('',#3347,#3345,#1768,.T.);
#4194=EDGE_CURVE('',#3348,#3347,#1769,.T.);
#4195=EDGE_CURVE('',#3349,#3348,#1770,.T.);
#4196=EDGE_CURVE('',#3350,#3349,#1771,.T.);
#4197=EDGE_CURVE('',#3351,#3350,#1772,.T.);
#4198=EDGE_CURVE('',#3352,#3351,#1773,.T.);
#4199=EDGE_CURVE('',#3346,#3352,#1774,.T.);
#4200=EDGE_CURVE('',#3353,#3354,#246,.T.);
#4201=EDGE_CURVE('',#3355,#3353,#133,.T.);
#4202=EDGE_CURVE('',#3356,#3355,#247,.T.);
#4203=EDGE_CURVE('',#3357,#3356,#134,.T.);
#4204=EDGE_CURVE('',#3358,#3357,#135,.T.);
#4205=EDGE_CURVE('',#3359,#3358,#136,.T.);
#4206=EDGE_CURVE('',#3360,#3359,#248,.T.);
#4207=EDGE_CURVE('',#3361,#3360,#249,.T.);
#4208=EDGE_CURVE('',#3362,#3361,#250,.T.);
#4209=EDGE_CURVE('',#3363,#3362,#1775,.T.);
#4210=EDGE_CURVE('',#3364,#3363,#251,.T.);
#4211=EDGE_CURVE('',#3365,#3364,#252,.T.);
#4212=EDGE_CURVE('',#3366,#3365,#137,.T.);
#4213=EDGE_CURVE('',#3367,#3366,#253,.T.);
#4214=EDGE_CURVE('',#3368,#3367,#138,.T.);
#4215=EDGE_CURVE('',#3369,#3368,#139,.T.);
#4216=EDGE_CURVE('',#3370,#3369,#140,.T.);
#4217=EDGE_CURVE('',#3371,#3370,#141,.T.);
#4218=EDGE_CURVE('',#3372,#3371,#142,.T.);
#4219=EDGE_CURVE('',#3373,#3372,#143,.T.);
#4220=EDGE_CURVE('',#3354,#3373,#1776,.T.);
#4221=EDGE_CURVE('',#3374,#3375,#1777,.T.);
#4222=EDGE_CURVE('',#3376,#3374,#1778,.T.);
#4223=EDGE_CURVE('',#3377,#3376,#1779,.T.);
#4224=EDGE_CURVE('',#3378,#3377,#1780,.T.);
#4225=EDGE_CURVE('',#3379,#3378,#1781,.T.);
#4226=EDGE_CURVE('',#3380,#3379,#1782,.T.);
#4227=EDGE_CURVE('',#3381,#3380,#1783,.T.);
#4228=EDGE_CURVE('',#3382,#3381,#1784,.T.);
#4229=EDGE_CURVE('',#3383,#3382,#1785,.T.);
#4230=EDGE_CURVE('',#3384,#3383,#1786,.T.);
#4231=EDGE_CURVE('',#3385,#3384,#1787,.T.);
#4232=EDGE_CURVE('',#3375,#3385,#1788,.T.);
#4233=EDGE_CURVE('',#3386,#3387,#1789,.T.);
#4234=EDGE_CURVE('',#3388,#3386,#1790,.T.);
#4235=EDGE_CURVE('',#3389,#3388,#1791,.T.);
#4236=EDGE_CURVE('',#3390,#3389,#254,.T.);
#4237=EDGE_CURVE('',#3391,#3390,#255,.T.);
#4238=EDGE_CURVE('',#3392,#3391,#144,.T.);
#4239=EDGE_CURVE('',#3387,#3392,#145,.T.);
#4240=EDGE_CURVE('',#3393,#3394,#1792,.T.);
#4241=EDGE_CURVE('',#3395,#3393,#1793,.T.);
#4242=EDGE_CURVE('',#3396,#3395,#1794,.T.);
#4243=EDGE_CURVE('',#3397,#3396,#1795,.T.);
#4244=EDGE_CURVE('',#3398,#3397,#1796,.T.);
#4245=EDGE_CURVE('',#3399,#3398,#1797,.T.);
#4246=EDGE_CURVE('',#3400,#3399,#1798,.T.);
#4247=EDGE_CURVE('',#3394,#3400,#1799,.T.);
#4248=EDGE_CURVE('',#3401,#3402,#256,.T.);
#4249=EDGE_CURVE('',#3403,#3401,#146,.T.);
#4250=EDGE_CURVE('',#3404,#3403,#147,.T.);
#4251=EDGE_CURVE('',#3405,#3404,#1800,.T.);
#4252=EDGE_CURVE('',#3406,#3405,#257,.T.);
#4253=EDGE_CURVE('',#3407,#3406,#258,.T.);
#4254=EDGE_CURVE('',#3408,#3407,#259,.T.);
#4255=EDGE_CURVE('',#3409,#3408,#1801,.T.);
#4256=EDGE_CURVE('',#3410,#3409,#260,.T.);
#4257=EDGE_CURVE('',#3411,#3410,#261,.T.);
#4258=EDGE_CURVE('',#3412,#3411,#1802,.T.);
#4259=EDGE_CURVE('',#3413,#3412,#262,.T.);
#4260=EDGE_CURVE('',#3414,#3413,#263,.T.);
#4261=EDGE_CURVE('',#3415,#3414,#264,.T.);
#4262=EDGE_CURVE('',#3416,#3415,#265,.T.);
#4263=EDGE_CURVE('',#3417,#3416,#266,.T.);
#4264=EDGE_CURVE('',#3418,#3417,#267,.T.);
#4265=EDGE_CURVE('',#3419,#3418,#268,.T.);
#4266=EDGE_CURVE('',#3420,#3419,#1803,.T.);
#4267=EDGE_CURVE('',#3421,#3420,#1804,.T.);
#4268=EDGE_CURVE('',#3422,#3421,#1805,.T.);
#4269=EDGE_CURVE('',#3423,#3422,#1806,.T.);
#4270=EDGE_CURVE('',#3424,#3423,#269,.T.);
#4271=EDGE_CURVE('',#3425,#3424,#270,.T.);
#4272=EDGE_CURVE('',#3426,#3425,#148,.T.);
#4273=EDGE_CURVE('',#3427,#3426,#149,.T.);
#4274=EDGE_CURVE('',#3428,#3427,#150,.T.);
#4275=EDGE_CURVE('',#3429,#3428,#151,.T.);
#4276=EDGE_CURVE('',#3430,#3429,#271,.T.);
#4277=EDGE_CURVE('',#3431,#3430,#272,.T.);
#4278=EDGE_CURVE('',#3432,#3431,#152,.T.);
#4279=EDGE_CURVE('',#3433,#3432,#273,.T.);
#4280=EDGE_CURVE('',#3402,#3433,#153,.T.);
#4281=EDGE_CURVE('',#3434,#3435,#1807,.T.);
#4282=EDGE_CURVE('',#3436,#3434,#1808,.T.);
#4283=EDGE_CURVE('',#3437,#3436,#274,.T.);
#4284=EDGE_CURVE('',#3438,#3437,#154,.T.);
#4285=EDGE_CURVE('',#3439,#3438,#1809,.T.);
#4286=EDGE_CURVE('',#3440,#3439,#275,.T.);
#4287=EDGE_CURVE('',#3441,#3440,#276,.T.);
#4288=EDGE_CURVE('',#3442,#3441,#1810,.T.);
#4289=EDGE_CURVE('',#3443,#3442,#1811,.T.);
#4290=EDGE_CURVE('',#3444,#3443,#1812,.T.);
#4291=EDGE_CURVE('',#3445,#3444,#1813,.T.);
#4292=EDGE_CURVE('',#3446,#3445,#1814,.T.);
#4293=EDGE_CURVE('',#3447,#3446,#1815,.T.);
#4294=EDGE_CURVE('',#3448,#3447,#277,.T.);
#4295=EDGE_CURVE('',#3435,#3448,#1816,.T.);
#4296=EDGE_CURVE('',#3449,#3450,#278,.T.);
#4297=EDGE_CURVE('',#3451,#3449,#279,.T.);
#4298=EDGE_CURVE('',#3452,#3451,#1817,.T.);
#4299=EDGE_CURVE('',#3453,#3452,#1818,.T.);
#4300=EDGE_CURVE('',#3454,#3453,#1819,.T.);
#4301=EDGE_CURVE('',#3455,#3454,#1820,.T.);
#4302=EDGE_CURVE('',#3456,#3455,#155,.T.);
#4303=EDGE_CURVE('',#3457,#3456,#156,.T.);
#4304=EDGE_CURVE('',#3458,#3457,#280,.T.);
#4305=EDGE_CURVE('',#3459,#3458,#281,.T.);
#4306=EDGE_CURVE('',#3460,#3459,#1821,.T.);
#4307=EDGE_CURVE('',#3461,#3460,#157,.T.);
#4308=EDGE_CURVE('',#3462,#3461,#282,.T.);
#4309=EDGE_CURVE('',#3450,#3462,#1822,.T.);
#4310=EDGE_CURVE('',#3463,#3464,#1823,.T.);
#4311=EDGE_CURVE('',#3465,#3463,#1824,.T.);
#4312=EDGE_CURVE('',#3466,#3465,#1825,.T.);
#4313=EDGE_CURVE('',#3467,#3466,#1826,.T.);
#4314=EDGE_CURVE('',#3468,#3467,#1827,.T.);
#4315=EDGE_CURVE('',#3469,#3468,#1828,.T.);
#4316=EDGE_CURVE('',#3470,#3469,#1829,.T.);
#4317=EDGE_CURVE('',#3471,#3470,#1830,.T.);
#4318=EDGE_CURVE('',#3472,#3471,#1831,.T.);
#4319=EDGE_CURVE('',#3473,#3472,#1832,.T.);
#4320=EDGE_CURVE('',#3474,#3473,#1833,.T.);
#4321=EDGE_CURVE('',#3464,#3474,#1834,.T.);
#4322=EDGE_CURVE('',#3475,#3476,#283,.T.);
#4323=EDGE_CURVE('',#3477,#3475,#284,.T.);
#4324=EDGE_CURVE('',#3478,#3477,#158,.T.);
#4325=EDGE_CURVE('',#3479,#3478,#285,.T.);
#4326=EDGE_CURVE('',#3480,#3479,#286,.T.);
#4327=EDGE_CURVE('',#3481,#3480,#159,.T.);
#4328=EDGE_CURVE('',#3482,#3481,#1835,.T.);
#4329=EDGE_CURVE('',#3483,#3482,#287,.T.);
#4330=EDGE_CURVE('',#3484,#3483,#288,.T.);
#4331=EDGE_CURVE('',#3485,#3484,#289,.T.);
#4332=EDGE_CURVE('',#3486,#3485,#290,.T.);
#4333=EDGE_CURVE('',#3487,#3486,#160,.T.);
#4334=EDGE_CURVE('',#3488,#3487,#161,.T.);
#4335=EDGE_CURVE('',#3476,#3488,#1836,.T.);
#4336=EDGE_CURVE('',#3489,#3490,#1837,.T.);
#4337=EDGE_CURVE('',#3489,#3491,#1488,.T.);
#4338=EDGE_CURVE('',#3492,#3491,#1838,.T.);
#4339=EDGE_CURVE('',#3492,#3493,#1489,.T.);
#4340=EDGE_CURVE('',#3494,#3493,#1839,.T.);
#4341=EDGE_CURVE('',#3494,#3490,#1840,.T.);
#4342=EDGE_CURVE('',#3491,#3495,#1841,.T.);
#4343=EDGE_CURVE('',#3496,#3495,#1842,.T.);
#4344=EDGE_CURVE('',#3496,#3492,#1843,.T.);
#4345=EDGE_CURVE('',#3495,#3497,#1490,.T.);
#4346=EDGE_CURVE('',#3498,#3497,#1844,.T.);
#4347=EDGE_CURVE('',#3499,#3498,#1845,.T.);
#4348=EDGE_CURVE('',#3500,#3499,#1846,.T.);
#4349=EDGE_CURVE('',#3500,#3496,#1491,.T.);
#4350=EDGE_CURVE('',#3501,#3498,#1492,.T.);
#4351=EDGE_CURVE('',#3502,#3501,#1847,.T.);
#4352=EDGE_CURVE('',#3499,#3502,#1493,.T.);
#4353=EDGE_CURVE('',#3490,#3503,#1494,.T.);
#4354=EDGE_CURVE('',#3504,#3494,#1495,.T.);
#4355=EDGE_CURVE('',#3504,#3503,#1848,.T.);
#4356=EDGE_CURVE('',#3505,#3506,#1849,.T.);
#4357=EDGE_CURVE('',#3505,#3507,#1496,.T.);
#4358=EDGE_CURVE('',#3508,#3507,#1850,.T.);
#4359=EDGE_CURVE('',#3508,#3509,#1851,.T.);
#4360=EDGE_CURVE('',#3510,#3509,#1852,.T.);
#4361=EDGE_CURVE('',#3510,#3506,#1497,.T.);
#4362=EDGE_CURVE('',#3511,#3512,#1853,.T.);
#4363=EDGE_CURVE('',#3511,#3505,#1854,.T.);
#4364=EDGE_CURVE('',#3506,#3512,#1855,.T.);
#4365=EDGE_CURVE('',#3513,#3514,#1856,.T.);
#4366=EDGE_CURVE('',#3513,#3511,#1498,.T.);
#4367=EDGE_CURVE('',#3512,#3515,#1499,.T.);
#4368=EDGE_CURVE('',#3516,#3515,#1857,.T.);
#4369=EDGE_CURVE('',#3514,#3516,#1858,.T.);
#4370=EDGE_CURVE('',#3517,#3516,#1500,.T.);
#4371=EDGE_CURVE('',#3518,#3517,#1859,.T.);
#4372=EDGE_CURVE('',#3514,#3518,#1501,.T.);
#4373=EDGE_CURVE('',#3509,#3519,#1502,.T.);
#4374=EDGE_CURVE('',#3520,#3508,#1503,.T.);
#4375=EDGE_CURVE('',#3520,#3519,#1860,.T.);
#4376=EDGE_CURVE('',#3521,#3522,#1861,.T.);
#4377=EDGE_CURVE('',#3521,#3523,#1504,.T.);
#4378=EDGE_CURVE('',#3524,#3523,#1862,.T.);
#4379=EDGE_CURVE('',#3524,#3525,#1505,.T.);
#4380=EDGE_CURVE('',#3526,#3525,#1863,.T.);
#4381=EDGE_CURVE('',#3526,#3527,#1506,.T.);
#4382=EDGE_CURVE('',#3527,#3528,#1864,.T.);
#4383=EDGE_CURVE('',#3528,#3522,#1507,.T.);
#4384=EDGE_CURVE('',#3523,#3529,#1865,.T.);
#4385=EDGE_CURVE('',#3530,#3529,#1866,.T.);
#4386=EDGE_CURVE('',#3530,#3524,#1867,.T.);
#4387=EDGE_CURVE('',#3529,#3531,#1508,.T.);
#4388=EDGE_CURVE('',#3532,#3531,#1868,.T.);
#4389=EDGE_CURVE('',#3532,#3533,#1509,.T.);
#4390=EDGE_CURVE('',#3534,#3533,#1869,.T.);
#4391=EDGE_CURVE('',#3534,#3535,#1510,.T.);
#4392=EDGE_CURVE('',#3536,#3535,#1870,.T.);
#4393=EDGE_CURVE('',#3536,#3530,#1511,.T.);
#4394=EDGE_CURVE('',#3537,#3538,#1871,.T.);
#4395=EDGE_CURVE('',#3538,#3539,#1872,.T.);
#4396=EDGE_CURVE('',#3539,#3540,#1873,.T.);
#4397=EDGE_CURVE('',#3540,#3541,#1874,.T.);
#4398=EDGE_CURVE('',#3541,#3542,#1875,.T.);
#4399=EDGE_CURVE('',#3542,#3543,#1876,.T.);
#4400=EDGE_CURVE('',#3543,#3544,#1877,.T.);
#4401=EDGE_CURVE('',#3544,#3545,#1878,.T.);
#4402=EDGE_CURVE('',#3545,#3546,#1879,.T.);
#4403=EDGE_CURVE('',#3546,#3547,#1880,.T.);
#4404=EDGE_CURVE('',#3547,#3548,#1881,.T.);
#4405=EDGE_CURVE('',#3548,#3537,#1882,.T.);
#4406=EDGE_CURVE('',#3549,#3550,#1883,.T.);
#4407=EDGE_CURVE('',#3550,#3551,#1884,.T.);
#4408=EDGE_CURVE('',#3551,#3552,#1885,.T.);
#4409=EDGE_CURVE('',#3552,#3549,#1886,.T.);
#4410=EDGE_CURVE('',#3553,#3554,#1887,.T.);
#4411=EDGE_CURVE('',#3554,#3555,#1888,.T.);
#4412=EDGE_CURVE('',#3555,#3556,#1889,.T.);
#4413=EDGE_CURVE('',#3556,#3553,#1890,.T.);
#4414=EDGE_CURVE('',#3557,#3558,#1891,.T.);
#4415=EDGE_CURVE('',#3558,#3559,#1892,.T.);
#4416=EDGE_CURVE('',#3559,#3560,#1893,.T.);
#4417=EDGE_CURVE('',#3560,#3557,#1894,.T.);
#4418=EDGE_CURVE('',#3561,#3562,#1895,.T.);
#4419=EDGE_CURVE('',#3561,#3563,#1896,.T.);
#4420=EDGE_CURVE('',#3564,#3563,#1512,.T.);
#4421=EDGE_CURVE('',#3564,#3565,#1897,.T.);
#4422=EDGE_CURVE('',#3566,#3565,#1513,.T.);
#4423=EDGE_CURVE('',#3566,#3567,#1898,.T.);
#4424=EDGE_CURVE('',#3568,#3567,#1899,.T.);
#4425=EDGE_CURVE('',#3568,#3569,#1900,.T.);
#4426=EDGE_CURVE('',#3570,#3569,#1901,.T.);
#4427=EDGE_CURVE('',#3570,#3562,#1902,.T.);
#4428=EDGE_CURVE('',#3571,#3572,#1903,.T.);
#4429=EDGE_CURVE('',#3571,#3573,#1904,.T.);
#4430=EDGE_CURVE('',#3574,#3573,#1514,.T.);
#4431=EDGE_CURVE('',#3574,#3575,#1905,.T.);
#4432=EDGE_CURVE('',#3576,#3575,#1515,.T.);
#4433=EDGE_CURVE('',#3576,#3577,#1906,.T.);
#4434=EDGE_CURVE('',#3578,#3577,#1907,.T.);
#4435=EDGE_CURVE('',#3578,#3579,#1908,.T.);
#4436=EDGE_CURVE('',#3580,#3579,#1909,.T.);
#4437=EDGE_CURVE('',#3580,#3572,#1910,.T.);
#4438=EDGE_CURVE('',#3581,#3582,#1911,.T.);
#4439=EDGE_CURVE('',#3581,#3583,#1912,.T.);
#4440=EDGE_CURVE('',#3584,#3583,#1516,.T.);
#4441=EDGE_CURVE('',#3584,#3585,#1913,.T.);
#4442=EDGE_CURVE('',#3586,#3585,#1517,.T.);
#4443=EDGE_CURVE('',#3586,#3587,#1914,.T.);
#4444=EDGE_CURVE('',#3588,#3587,#1915,.T.);
#4445=EDGE_CURVE('',#3588,#3589,#1916,.T.);
#4446=EDGE_CURVE('',#3590,#3589,#1917,.T.);
#4447=EDGE_CURVE('',#3590,#3582,#1918,.T.);
#4448=EDGE_CURVE('',#3579,#3590,#1518,.T.);
#4449=EDGE_CURVE('',#3589,#3319,#1519,.T.);
#4450=EDGE_CURVE('',#3318,#3570,#1520,.T.);
#4451=EDGE_CURVE('',#3569,#3580,#1521,.T.);
#4452=EDGE_CURVE('',#3591,#3592,#1522,.T.);
#4453=EDGE_CURVE('',#3593,#3591,#1919,.T.);
#4454=EDGE_CURVE('',#3594,#3593,#1523,.T.);
#4455=EDGE_CURVE('',#3592,#3594,#1920,.T.);
#4456=EDGE_CURVE('',#3595,#3596,#1921,.T.);
#4457=EDGE_CURVE('',#3595,#3597,#1922,.T.);
#4458=EDGE_CURVE('',#3597,#3598,#1923,.T.);
#4459=EDGE_CURVE('',#3598,#3599,#1524,.T.);
#4460=EDGE_CURVE('',#3600,#3599,#1924,.T.);
#4461=EDGE_CURVE('',#3600,#3601,#1525,.T.);
#4462=EDGE_CURVE('',#3502,#3601,#1925,.T.);
#4463=EDGE_CURVE('',#3602,#3501,#1926,.T.);
#4464=EDGE_CURVE('',#3602,#3603,#1526,.T.);
#4465=EDGE_CURVE('',#3603,#3604,#1927,.T.);
#4466=EDGE_CURVE('',#3604,#3596,#1527,.T.);
#4467=EDGE_CURVE('',#3605,#3606,#1928,.T.);
#4468=EDGE_CURVE('',#3605,#3607,#1929,.T.);
#4469=EDGE_CURVE('',#3607,#3608,#1930,.T.);
#4470=EDGE_CURVE('',#3608,#3609,#1528,.T.);
#4471=EDGE_CURVE('',#3610,#3609,#1931,.T.);
#4472=EDGE_CURVE('',#3610,#3611,#1529,.T.);
#4473=EDGE_CURVE('',#3503,#3611,#1932,.T.);
#4474=EDGE_CURVE('',#3612,#3504,#1933,.T.);
#4475=EDGE_CURVE('',#3612,#3613,#1530,.T.);
#4476=EDGE_CURVE('',#3613,#3614,#1934,.T.);
#4477=EDGE_CURVE('',#3614,#3606,#1531,.T.);
#4478=EDGE_CURVE('',#3597,#3605,#1935,.T.);
#4479=EDGE_CURVE('',#3606,#3598,#1936,.T.);
#4480=EDGE_CURVE('',#3607,#3595,#1937,.T.);
#4481=EDGE_CURVE('',#3596,#3608,#1938,.T.);
#4482=EDGE_CURVE('',#3615,#3616,#1939,.T.);
#4483=EDGE_CURVE('',#3615,#3617,#1940,.T.);
#4484=EDGE_CURVE('',#3617,#3618,#1941,.T.);
#4485=EDGE_CURVE('',#3618,#3619,#1532,.T.);
#4486=EDGE_CURVE('',#3620,#3619,#1942,.T.);
#4487=EDGE_CURVE('',#3620,#3621,#1533,.T.);
#4488=EDGE_CURVE('',#3518,#3621,#1943,.T.);
#4489=EDGE_CURVE('',#3622,#3517,#1944,.T.);
#4490=EDGE_CURVE('',#3622,#3623,#1534,.T.);
#4491=EDGE_CURVE('',#3623,#3624,#1945,.T.);
#4492=EDGE_CURVE('',#3624,#3616,#1535,.T.);
#4493=EDGE_CURVE('',#3625,#3626,#1946,.T.);
#4494=EDGE_CURVE('',#3625,#3627,#1947,.T.);
#4495=EDGE_CURVE('',#3627,#3628,#1948,.T.);
#4496=EDGE_CURVE('',#3628,#3629,#1536,.T.);
#4497=EDGE_CURVE('',#3630,#3629,#1949,.T.);
#4498=EDGE_CURVE('',#3630,#3631,#1537,.T.);
#4499=EDGE_CURVE('',#3519,#3631,#1950,.T.);
#4500=EDGE_CURVE('',#3632,#3520,#1951,.T.);
#4501=EDGE_CURVE('',#3632,#3633,#1538,.T.);
#4502=EDGE_CURVE('',#3633,#3634,#1952,.T.);
#4503=EDGE_CURVE('',#3634,#3626,#1539,.T.);
#4504=EDGE_CURVE('',#3617,#3625,#1953,.T.);
#4505=EDGE_CURVE('',#3626,#3618,#1954,.T.);
#4506=EDGE_CURVE('',#3627,#3615,#1955,.T.);
#4507=EDGE_CURVE('',#3616,#3628,#1956,.T.);
#4508=EDGE_CURVE('',#3635,#3636,#162,.T.);
#4509=EDGE_CURVE('',#3636,#3637,#1957,.T.);
#4510=EDGE_CURVE('',#3637,#3638,#163,.T.);
#4511=EDGE_CURVE('',#3638,#3639,#1540,.T.);
#4512=EDGE_CURVE('',#3639,#3640,#291,.T.);
#4513=EDGE_CURVE('',#3640,#3534,#1958,.T.);
#4514=EDGE_CURVE('',#3533,#3641,#1959,.T.);
#4515=EDGE_CURVE('',#3641,#3642,#292,.T.);
#4516=EDGE_CURVE('',#3635,#3642,#1541,.T.);
#4517=EDGE_CURVE('',#3643,#3644,#1542,.T.);
#4518=EDGE_CURVE('',#3643,#3645,#1960,.T.);
#4519=EDGE_CURVE('',#3645,#3646,#1543,.T.);
#4520=EDGE_CURVE('',#3646,#3647,#293,.T.);
#4521=EDGE_CURVE('',#3528,#3647,#1961,.T.);
#4522=EDGE_CURVE('',#3648,#3527,#1962,.T.);
#4523=EDGE_CURVE('',#3648,#3644,#294,.T.);
#4524=EDGE_CURVE('',#3638,#3649,#1963,.T.);
#4525=EDGE_CURVE('',#3649,#3643,#1544,.T.);
#4526=EDGE_CURVE('',#3644,#3639,#1964,.T.);
#4527=EDGE_CURVE('',#3645,#3650,#1545,.T.);
#4528=EDGE_CURVE('',#3650,#3635,#1965,.T.);
#4529=EDGE_CURVE('',#3642,#3646,#1966,.T.);
#4530=EDGE_CURVE('',#3651,#3652,#1967,.T.);
#4531=EDGE_CURVE('',#3651,#3653,#1968,.T.);
#4532=EDGE_CURVE('',#3653,#3654,#1969,.T.);
#4533=EDGE_CURVE('',#3652,#3654,#1970,.T.);
#4534=EDGE_CURVE('',#3654,#3655,#1971,.T.);
#4535=EDGE_CURVE('',#3655,#3656,#1972,.T.);
#4536=EDGE_CURVE('',#3652,#3656,#1973,.T.);
#4537=EDGE_CURVE('',#3316,#3651,#1546,.T.);
#4538=EDGE_CURVE('',#3656,#3561,#1547,.T.);
#4539=EDGE_CURVE('',#3562,#3317,#1548,.T.);
#4540=EDGE_CURVE('',#3657,#3658,#1974,.T.);
#4541=EDGE_CURVE('',#3657,#3659,#1975,.T.);
#4542=EDGE_CURVE('',#3659,#3660,#1976,.T.);
#4543=EDGE_CURVE('',#3658,#3660,#1977,.T.);
#4544=EDGE_CURVE('',#3660,#3661,#1978,.T.);
#4545=EDGE_CURVE('',#3661,#3662,#1979,.T.);
#4546=EDGE_CURVE('',#3658,#3662,#1980,.T.);
#4547=EDGE_CURVE('',#3567,#3657,#1549,.T.);
#4548=EDGE_CURVE('',#3662,#3571,#1550,.T.);
#4549=EDGE_CURVE('',#3572,#3568,#1551,.T.);
#4550=EDGE_CURVE('',#3663,#3664,#1981,.T.);
#4551=EDGE_CURVE('',#3663,#3665,#1982,.T.);
#4552=EDGE_CURVE('',#3665,#3666,#1983,.T.);
#4553=EDGE_CURVE('',#3664,#3666,#1984,.T.);
#4554=EDGE_CURVE('',#3666,#3667,#1985,.T.);
#4555=EDGE_CURVE('',#3667,#3668,#1986,.T.);
#4556=EDGE_CURVE('',#3664,#3668,#1987,.T.);
#4557=EDGE_CURVE('',#3577,#3663,#1552,.T.);
#4558=EDGE_CURVE('',#3668,#3581,#1553,.T.);
#4559=EDGE_CURVE('',#3582,#3578,#1554,.T.);
#4560=EDGE_CURVE('',#3669,#3670,#1988,.T.);
#4561=EDGE_CURVE('',#3669,#3671,#1989,.T.);
#4562=EDGE_CURVE('',#3671,#3672,#1990,.T.);
#4563=EDGE_CURVE('',#3670,#3672,#1991,.T.);
#4564=EDGE_CURVE('',#3672,#3673,#1992,.T.);
#4565=EDGE_CURVE('',#3673,#3674,#1993,.T.);
#4566=EDGE_CURVE('',#3670,#3674,#1994,.T.);
#4567=EDGE_CURVE('',#3674,#3310,#1555,.T.);
#4568=EDGE_CURVE('',#3311,#3588,#1556,.T.);
#4569=EDGE_CURVE('',#3587,#3669,#1557,.T.);
#4570=EDGE_CURVE('',#3675,#3592,#1995,.T.);
#4571=EDGE_CURVE('',#3676,#3675,#1558,.T.);
#4572=EDGE_CURVE('',#3676,#3591,#1996,.T.);
#4573=EDGE_CURVE('',#3677,#3594,#1997,.T.);
#4574=EDGE_CURVE('',#3675,#3677,#1998,.T.);
#4575=EDGE_CURVE('',#3678,#3593,#1999,.T.);
#4576=EDGE_CURVE('',#3677,#3678,#1559,.T.);
#4577=EDGE_CURVE('',#3678,#3676,#2000,.T.);
#4578=EDGE_CURVE('',#3640,#3648,#2001,.T.);
#4579=EDGE_CURVE('',#3527,#3534,#2002,.T.);
#4580=EDGE_CURVE('',#3525,#3536,#2003,.T.);
#4581=EDGE_CURVE('',#3535,#3526,#2004,.T.);
#4582=EDGE_CURVE('',#3633,#3620,#2005,.T.);
#4583=EDGE_CURVE('',#3619,#3634,#2006,.T.);
#4584=EDGE_CURVE('',#3507,#3513,#2007,.T.);
#4585=EDGE_CURVE('',#3621,#3632,#2008,.T.);
#4586=EDGE_CURVE('',#3613,#3600,#2009,.T.);
#4587=EDGE_CURVE('',#3599,#3614,#2010,.T.);
#4588=EDGE_CURVE('',#3493,#3500,#2011,.T.);
#4589=EDGE_CURVE('',#3601,#3612,#2012,.T.);
#4590=EDGE_CURVE('',#3533,#3528,#2013,.T.);
#4591=EDGE_CURVE('',#3647,#3641,#2014,.T.);
#4592=EDGE_CURVE('',#3531,#3521,#2015,.T.);
#4593=EDGE_CURVE('',#3522,#3532,#2016,.T.);
#4594=EDGE_CURVE('',#3623,#3630,#2017,.T.);
#4595=EDGE_CURVE('',#3629,#3624,#2018,.T.);
#4596=EDGE_CURVE('',#3515,#3510,#2019,.T.);
#4597=EDGE_CURVE('',#3631,#3622,#2020,.T.);
#4598=EDGE_CURVE('',#3609,#3604,#2021,.T.);
#4599=EDGE_CURVE('',#3603,#3610,#2022,.T.);
#4600=EDGE_CURVE('',#3497,#3489,#2023,.T.);
#4601=EDGE_CURVE('',#3611,#3602,#2024,.T.);
#4602=EDGE_CURVE('',#3573,#3661,#1560,.T.);
#4603=EDGE_CURVE('',#3544,#3661,#1561,.T.);
#4604=EDGE_CURVE('',#3574,#3544,#1562,.T.);
#4605=EDGE_CURVE('',#3545,#3660,#164,.T.);
#4606=EDGE_CURVE('',#3575,#3543,#1563,.T.);
#4607=EDGE_CURVE('',#3665,#3576,#1564,.T.);
#4608=EDGE_CURVE('',#3659,#3566,#1565,.T.);
#4609=EDGE_CURVE('',#3546,#3659,#1566,.T.);
#4610=EDGE_CURVE('',#3665,#3543,#1567,.T.);
#4611=EDGE_CURVE('',#3546,#3565,#1568,.T.);
#4612=EDGE_CURVE('',#3666,#3542,#165,.T.);
#4613=EDGE_CURVE('',#3563,#3655,#1569,.T.);
#4614=EDGE_CURVE('',#3547,#3564,#1570,.T.);
#4615=EDGE_CURVE('',#3667,#3541,#1571,.T.);
#4616=EDGE_CURVE('',#3583,#3667,#1572,.T.);
#4617=EDGE_CURVE('',#3547,#3655,#1573,.T.);
#4618=EDGE_CURVE('',#3584,#3541,#1574,.T.);
#4619=EDGE_CURVE('',#3548,#3654,#166,.T.);
#4620=EDGE_CURVE('',#3585,#3540,#1575,.T.);
#4621=EDGE_CURVE('',#3671,#3586,#1576,.T.);
#4622=EDGE_CURVE('',#3653,#3315,#1577,.T.);
#4623=EDGE_CURVE('',#3537,#3653,#1578,.T.);
#4624=EDGE_CURVE('',#3671,#3540,#1579,.T.);
#4625=EDGE_CURVE('',#3537,#3314,#1580,.T.);
#4626=EDGE_CURVE('',#3672,#3539,#167,.T.);
#4627=EDGE_CURVE('',#3538,#3313,#1581,.T.);
#4628=EDGE_CURVE('',#3673,#3538,#1582,.T.);
#4629=EDGE_CURVE('',#3673,#3312,#1583,.T.);
#4630=EDGE_CURVE('',#3549,#3597,#168,.T.);
#4631=EDGE_CURVE('',#3605,#3552,#169,.T.);
#4632=EDGE_CURVE('',#3607,#3551,#170,.T.);
#4633=EDGE_CURVE('',#3550,#3595,#171,.T.);
#4634=EDGE_CURVE('',#3553,#3617,#172,.T.);
#4635=EDGE_CURVE('',#3625,#3556,#173,.T.);
#4636=EDGE_CURVE('',#3627,#3555,#174,.T.);
#4637=EDGE_CURVE('',#3554,#3615,#175,.T.);
#4638=EDGE_CURVE('',#3557,#3637,#176,.T.);
#4639=EDGE_CURVE('',#3649,#3560,#177,.T.);
#4640=EDGE_CURVE('',#3650,#3559,#178,.T.);
#4641=EDGE_CURVE('',#3558,#3636,#179,.T.);
#4642=EDGE_CURVE('',#3679,#3321,#2025,.T.);
#4643=EDGE_CURVE('',#3680,#3679,#2026,.T.);
#4644=EDGE_CURVE('',#3680,#3320,#2027,.T.);
#4645=EDGE_CURVE('',#3681,#3325,#2028,.T.);
#4646=EDGE_CURVE('',#3679,#3681,#2029,.T.);
#4647=EDGE_CURVE('',#3682,#3324,#2030,.T.);
#4648=EDGE_CURVE('',#3681,#3682,#2031,.T.);
#4649=EDGE_CURVE('',#3683,#3323,#2032,.T.);
#4650=EDGE_CURVE('',#3682,#3683,#2033,.T.);
#4651=EDGE_CURVE('',#3684,#3322,#2034,.T.);
#4652=EDGE_CURVE('',#3683,#3684,#2035,.T.);
#4653=EDGE_CURVE('',#3684,#3680,#2036,.T.);
#4654=EDGE_CURVE('',#3685,#3476,#2037,.T.);
#4655=EDGE_CURVE('',#3686,#3685,#295,.T.);
#4656=EDGE_CURVE('',#3686,#3475,#2038,.T.);
#4657=EDGE_CURVE('',#3687,#3488,#2039,.T.);
#4658=EDGE_CURVE('',#3685,#3687,#2040,.T.);
#4659=EDGE_CURVE('',#3688,#3487,#2041,.T.);
#4660=EDGE_CURVE('',#3687,#3688,#180,.T.);
#4661=EDGE_CURVE('',#3689,#3486,#2042,.T.);
#4662=EDGE_CURVE('',#3688,#3689,#181,.T.);
#4663=EDGE_CURVE('',#3690,#3485,#2043,.T.);
#4664=EDGE_CURVE('',#3689,#3690,#296,.T.);
#4665=EDGE_CURVE('',#3691,#3484,#2044,.T.);
#4666=EDGE_CURVE('',#3690,#3691,#297,.T.);
#4667=EDGE_CURVE('',#3692,#3483,#2045,.T.);
#4668=EDGE_CURVE('',#3691,#3692,#298,.T.);
#4669=EDGE_CURVE('',#3693,#3482,#2046,.T.);
#4670=EDGE_CURVE('',#3692,#3693,#299,.T.);
#4671=EDGE_CURVE('',#3694,#3481,#2047,.T.);
#4672=EDGE_CURVE('',#3693,#3694,#2048,.T.);
#4673=EDGE_CURVE('',#3695,#3480,#2049,.T.);
#4674=EDGE_CURVE('',#3694,#3695,#182,.T.);
#4675=EDGE_CURVE('',#3696,#3479,#2050,.T.);
#4676=EDGE_CURVE('',#3695,#3696,#300,.T.);
#4677=EDGE_CURVE('',#3697,#3478,#2051,.T.);
#4678=EDGE_CURVE('',#3696,#3697,#301,.T.);
#4679=EDGE_CURVE('',#3698,#3477,#2052,.T.);
#4680=EDGE_CURVE('',#3697,#3698,#183,.T.);
#4681=EDGE_CURVE('',#3698,#3686,#302,.T.);
#4682=EDGE_CURVE('',#3699,#3327,#2053,.T.);
#4683=EDGE_CURVE('',#3700,#3699,#2054,.T.);
#4684=EDGE_CURVE('',#3700,#3326,#2055,.T.);
#4685=EDGE_CURVE('',#3701,#3337,#2056,.T.);
#4686=EDGE_CURVE('',#3699,#3701,#2057,.T.);
#4687=EDGE_CURVE('',#3702,#3336,#2058,.T.);
#4688=EDGE_CURVE('',#3701,#3702,#2059,.T.);
#4689=EDGE_CURVE('',#3703,#3335,#2060,.T.);
#4690=EDGE_CURVE('',#3702,#3703,#2061,.T.);
#4691=EDGE_CURVE('',#3704,#3334,#2062,.T.);
#4692=EDGE_CURVE('',#3703,#3704,#2063,.T.);
#4693=EDGE_CURVE('',#3705,#3333,#2064,.T.);
#4694=EDGE_CURVE('',#3704,#3705,#2065,.T.);
#4695=EDGE_CURVE('',#3706,#3332,#2066,.T.);
#4696=EDGE_CURVE('',#3705,#3706,#2067,.T.);
#4697=EDGE_CURVE('',#3707,#3331,#2068,.T.);
#4698=EDGE_CURVE('',#3706,#3707,#2069,.T.);
#4699=EDGE_CURVE('',#3708,#3330,#2070,.T.);
#4700=EDGE_CURVE('',#3707,#3708,#2071,.T.);
#4701=EDGE_CURVE('',#3709,#3329,#2072,.T.);
#4702=EDGE_CURVE('',#3708,#3709,#2073,.T.);
#4703=EDGE_CURVE('',#3710,#3328,#2074,.T.);
#4704=EDGE_CURVE('',#3709,#3710,#2075,.T.);
#4705=EDGE_CURVE('',#3710,#3700,#2076,.T.);
#4706=EDGE_CURVE('',#3711,#3712,#2077,.T.);
#4707=EDGE_CURVE('',#3712,#3713,#184,.T.);
#4708=EDGE_CURVE('',#3713,#3714,#185,.T.);
#4709=EDGE_CURVE('',#3714,#3715,#303,.T.);
#4710=EDGE_CURVE('',#3715,#3716,#304,.T.);
#4711=EDGE_CURVE('',#3716,#3717,#2078,.T.);
#4712=EDGE_CURVE('',#3717,#3711,#2079,.T.);
#4713=EDGE_CURVE('',#3718,#3719,#2080,.T.);
#4714=EDGE_CURVE('',#3720,#3718,#2081,.T.);
#4715=EDGE_CURVE('',#3721,#3720,#186,.T.);
#4716=EDGE_CURVE('',#3722,#3721,#187,.T.);
#4717=EDGE_CURVE('',#3723,#3722,#188,.T.);
#4718=EDGE_CURVE('',#3724,#3723,#189,.T.);
#4719=EDGE_CURVE('',#3719,#3724,#2082,.T.);
#4720=EDGE_CURVE('',#3712,#3339,#2083,.T.);
#4721=EDGE_CURVE('',#3711,#3338,#2084,.T.);
#4722=EDGE_CURVE('',#3713,#3344,#2085,.T.);
#4723=EDGE_CURVE('',#3714,#3343,#2086,.T.);
#4724=EDGE_CURVE('',#3715,#3342,#2087,.T.);
#4725=EDGE_CURVE('',#3716,#3341,#2088,.T.);
#4726=EDGE_CURVE('',#3717,#3340,#2089,.T.);
#4727=EDGE_CURVE('',#3725,#3726,#2090,.T.);
#4728=EDGE_CURVE('',#3720,#3725,#2091,.T.);
#4729=EDGE_CURVE('',#3718,#3726,#2092,.T.);
#4730=EDGE_CURVE('',#3726,#3727,#2093,.T.);
#4731=EDGE_CURVE('',#3719,#3727,#2094,.T.);
#4732=EDGE_CURVE('',#3727,#3728,#2095,.T.);
#4733=EDGE_CURVE('',#3724,#3728,#2096,.T.);
#4734=EDGE_CURVE('',#3728,#3729,#190,.T.);
#4735=EDGE_CURVE('',#3723,#3729,#2097,.T.);
#4736=EDGE_CURVE('',#3729,#3730,#191,.T.);
#4737=EDGE_CURVE('',#3722,#3730,#2098,.T.);
#4738=EDGE_CURVE('',#3730,#3731,#192,.T.);
#4739=EDGE_CURVE('',#3721,#3731,#2099,.T.);
#4740=EDGE_CURVE('',#3731,#3725,#193,.T.);
#4741=EDGE_CURVE('',#3732,#3733,#2100,.T.);
#4742=EDGE_CURVE('',#3733,#3734,#2101,.T.);
#4743=EDGE_CURVE('',#3734,#3735,#2102,.T.);
#4744=EDGE_CURVE('',#3735,#3736,#2103,.T.);
#4745=EDGE_CURVE('',#3736,#3737,#2104,.T.);
#4746=EDGE_CURVE('',#3737,#3738,#2105,.T.);
#4747=EDGE_CURVE('',#3738,#3739,#2106,.T.);
#4748=EDGE_CURVE('',#3739,#3732,#2107,.T.);
#4749=EDGE_CURVE('',#3740,#3741,#2108,.T.);
#4750=EDGE_CURVE('',#3742,#3740,#2109,.T.);
#4751=EDGE_CURVE('',#3743,#3742,#305,.T.);
#4752=EDGE_CURVE('',#3744,#3743,#2110,.T.);
#4753=EDGE_CURVE('',#3745,#3744,#306,.T.);
#4754=EDGE_CURVE('',#3741,#3745,#2111,.T.);
#4755=EDGE_CURVE('',#3733,#3346,#2112,.T.);
#4756=EDGE_CURVE('',#3732,#3345,#2113,.T.);
#4757=EDGE_CURVE('',#3734,#3352,#2114,.T.);
#4758=EDGE_CURVE('',#3735,#3351,#2115,.T.);
#4759=EDGE_CURVE('',#3736,#3350,#2116,.T.);
#4760=EDGE_CURVE('',#3737,#3349,#2117,.T.);
#4761=EDGE_CURVE('',#3738,#3348,#2118,.T.);
#4762=EDGE_CURVE('',#3739,#3347,#2119,.T.);
#4763=EDGE_CURVE('',#3746,#3747,#2120,.T.);
#4764=EDGE_CURVE('',#3740,#3746,#2121,.T.);
#4765=EDGE_CURVE('',#3741,#3747,#2122,.T.);
#4766=EDGE_CURVE('',#3747,#3748,#2123,.T.);
#4767=EDGE_CURVE('',#3745,#3748,#2124,.T.);
#4768=EDGE_CURVE('',#3748,#3749,#307,.T.);
#4769=EDGE_CURVE('',#3744,#3749,#2125,.T.);
#4770=EDGE_CURVE('',#3749,#3750,#2126,.T.);
#4771=EDGE_CURVE('',#3743,#3750,#2127,.T.);
#4772=EDGE_CURVE('',#3750,#3751,#308,.T.);
#4773=EDGE_CURVE('',#3742,#3751,#2128,.T.);
#4774=EDGE_CURVE('',#3751,#3746,#2129,.T.);
#4775=EDGE_CURVE('',#3752,#3464,#2130,.T.);
#4776=EDGE_CURVE('',#3753,#3752,#2131,.T.);
#4777=EDGE_CURVE('',#3753,#3463,#2132,.T.);
#4778=EDGE_CURVE('',#3754,#3474,#2133,.T.);
#4779=EDGE_CURVE('',#3752,#3754,#2134,.T.);
#4780=EDGE_CURVE('',#3755,#3473,#2135,.T.);
#4781=EDGE_CURVE('',#3754,#3755,#2136,.T.);
#4782=EDGE_CURVE('',#3756,#3472,#2137,.T.);
#4783=EDGE_CURVE('',#3755,#3756,#2138,.T.);
#4784=EDGE_CURVE('',#3757,#3471,#2139,.T.);
#4785=EDGE_CURVE('',#3756,#3757,#2140,.T.);
#4786=EDGE_CURVE('',#3758,#3470,#2141,.T.);
#4787=EDGE_CURVE('',#3757,#3758,#2142,.T.);
#4788=EDGE_CURVE('',#3759,#3469,#2143,.T.);
#4789=EDGE_CURVE('',#3758,#3759,#2144,.T.);
#4790=EDGE_CURVE('',#3760,#3468,#2145,.T.);
#4791=EDGE_CURVE('',#3759,#3760,#2146,.T.);
#4792=EDGE_CURVE('',#3761,#3467,#2147,.T.);
#4793=EDGE_CURVE('',#3760,#3761,#2148,.T.);
#4794=EDGE_CURVE('',#3762,#3466,#2149,.T.);
#4795=EDGE_CURVE('',#3761,#3762,#2150,.T.);
#4796=EDGE_CURVE('',#3763,#3465,#2151,.T.);
#4797=EDGE_CURVE('',#3762,#3763,#2152,.T.);
#4798=EDGE_CURVE('',#3763,#3753,#2153,.T.);
#4799=EDGE_CURVE('',#3764,#3765,#309,.T.);
#4800=EDGE_CURVE('',#3765,#3766,#2154,.T.);
#4801=EDGE_CURVE('',#3766,#3767,#310,.T.);
#4802=EDGE_CURVE('',#3767,#3768,#194,.T.);
#4803=EDGE_CURVE('',#3768,#3769,#2155,.T.);
#4804=EDGE_CURVE('',#3769,#3770,#311,.T.);
#4805=EDGE_CURVE('',#3770,#3771,#312,.T.);
#4806=EDGE_CURVE('',#3771,#3772,#195,.T.);
#4807=EDGE_CURVE('',#3772,#3773,#196,.T.);
#4808=EDGE_CURVE('',#3773,#3774,#2156,.T.);
#4809=EDGE_CURVE('',#3774,#3775,#2157,.T.);
#4810=EDGE_CURVE('',#3775,#3776,#2158,.T.);
#4811=EDGE_CURVE('',#3776,#3777,#2159,.T.);
#4812=EDGE_CURVE('',#3777,#3764,#313,.T.);
#4813=EDGE_CURVE('',#3778,#3779,#197,.T.);
#4814=EDGE_CURVE('',#3780,#3778,#314,.T.);
#4815=EDGE_CURVE('',#3781,#3780,#2160,.T.);
#4816=EDGE_CURVE('',#3782,#3781,#2161,.T.);
#4817=EDGE_CURVE('',#3783,#3782,#315,.T.);
#4818=EDGE_CURVE('',#3784,#3783,#198,.T.);
#4819=EDGE_CURVE('',#3785,#3784,#199,.T.);
#4820=EDGE_CURVE('',#3779,#3785,#316,.T.);
#4821=EDGE_CURVE('',#3765,#3450,#2162,.T.);
#4822=EDGE_CURVE('',#3764,#3449,#2163,.T.);
#4823=EDGE_CURVE('',#3766,#3462,#2164,.T.);
#4824=EDGE_CURVE('',#3767,#3461,#2165,.T.);
#4825=EDGE_CURVE('',#3768,#3460,#2166,.T.);
#4826=EDGE_CURVE('',#3769,#3459,#2167,.T.);
#4827=EDGE_CURVE('',#3770,#3458,#2168,.T.);
#4828=EDGE_CURVE('',#3771,#3457,#2169,.T.);
#4829=EDGE_CURVE('',#3772,#3456,#2170,.T.);
#4830=EDGE_CURVE('',#3773,#3455,#2171,.T.);
#4831=EDGE_CURVE('',#3774,#3454,#2172,.T.);
#4832=EDGE_CURVE('',#3775,#3453,#2173,.T.);
#4833=EDGE_CURVE('',#3776,#3452,#2174,.T.);
#4834=EDGE_CURVE('',#3777,#3451,#2175,.T.);
#4835=EDGE_CURVE('',#3786,#3787,#317,.T.);
#4836=EDGE_CURVE('',#3780,#3786,#2176,.T.);
#4837=EDGE_CURVE('',#3778,#3787,#2177,.T.);
#4838=EDGE_CURVE('',#3787,#3788,#200,.T.);
#4839=EDGE_CURVE('',#3779,#3788,#2178,.T.);
#4840=EDGE_CURVE('',#3788,#3789,#318,.T.);
#4841=EDGE_CURVE('',#3785,#3789,#2179,.T.);
#4842=EDGE_CURVE('',#3789,#3790,#201,.T.);
#4843=EDGE_CURVE('',#3784,#3790,#2180,.T.);
#4844=EDGE_CURVE('',#3790,#3791,#202,.T.);
#4845=EDGE_CURVE('',#3783,#3791,#2181,.T.);
#4846=EDGE_CURVE('',#3791,#3792,#319,.T.);
#4847=EDGE_CURVE('',#3782,#3792,#2182,.T.);
#4848=EDGE_CURVE('',#3792,#3793,#2183,.T.);
#4849=EDGE_CURVE('',#3781,#3793,#2184,.T.);
#4850=EDGE_CURVE('',#3793,#3786,#2185,.T.);
#4851=EDGE_CURVE('',#3794,#3354,#2186,.T.);
#4852=EDGE_CURVE('',#3795,#3794,#320,.T.);
#4853=EDGE_CURVE('',#3795,#3353,#2187,.T.);
#4854=EDGE_CURVE('',#3796,#3373,#2188,.T.);
#4855=EDGE_CURVE('',#3794,#3796,#2189,.T.);
#4856=EDGE_CURVE('',#3797,#3372,#2190,.T.);
#4857=EDGE_CURVE('',#3796,#3797,#203,.T.);
#4858=EDGE_CURVE('',#3798,#3371,#2191,.T.);
#4859=EDGE_CURVE('',#3797,#3798,#204,.T.);
#4860=EDGE_CURVE('',#3799,#3370,#2192,.T.);
#4861=EDGE_CURVE('',#3798,#3799,#205,.T.);
#4862=EDGE_CURVE('',#3800,#3369,#2193,.T.);
#4863=EDGE_CURVE('',#3799,#3800,#206,.T.);
#4864=EDGE_CURVE('',#3801,#3368,#2194,.T.);
#4865=EDGE_CURVE('',#3800,#3801,#207,.T.);
#4866=EDGE_CURVE('',#3802,#3367,#2195,.T.);
#4867=EDGE_CURVE('',#3801,#3802,#208,.T.);
#4868=EDGE_CURVE('',#3803,#3366,#2196,.T.);
#4869=EDGE_CURVE('',#3802,#3803,#321,.T.);
#4870=EDGE_CURVE('',#3804,#3365,#2197,.T.);
#4871=EDGE_CURVE('',#3803,#3804,#209,.T.);
#4872=EDGE_CURVE('',#3805,#3364,#2198,.T.);
#4873=EDGE_CURVE('',#3804,#3805,#322,.T.);
#4874=EDGE_CURVE('',#3806,#3363,#2199,.T.);
#4875=EDGE_CURVE('',#3805,#3806,#323,.T.);
#4876=EDGE_CURVE('',#3807,#3362,#2200,.T.);
#4877=EDGE_CURVE('',#3806,#3807,#2201,.T.);
#4878=EDGE_CURVE('',#3808,#3361,#2202,.T.);
#4879=EDGE_CURVE('',#3807,#3808,#324,.T.);
#4880=EDGE_CURVE('',#3809,#3360,#2203,.T.);
#4881=EDGE_CURVE('',#3808,#3809,#325,.T.);
#4882=EDGE_CURVE('',#3810,#3359,#2204,.T.);
#4883=EDGE_CURVE('',#3809,#3810,#326,.T.);
#4884=EDGE_CURVE('',#3811,#3358,#2205,.T.);
#4885=EDGE_CURVE('',#3810,#3811,#210,.T.);
#4886=EDGE_CURVE('',#3812,#3357,#2206,.T.);
#4887=EDGE_CURVE('',#3811,#3812,#211,.T.);
#4888=EDGE_CURVE('',#3813,#3356,#2207,.T.);
#4889=EDGE_CURVE('',#3812,#3813,#212,.T.);
#4890=EDGE_CURVE('',#3814,#3355,#2208,.T.);
#4891=EDGE_CURVE('',#3813,#3814,#327,.T.);
#4892=EDGE_CURVE('',#3814,#3795,#213,.T.);
#4893=EDGE_CURVE('',#3815,#3435,#2209,.T.);
#4894=EDGE_CURVE('',#3816,#3815,#2210,.T.);
#4895=EDGE_CURVE('',#3816,#3434,#2211,.T.);
#4896=EDGE_CURVE('',#3817,#3448,#2212,.T.);
#4897=EDGE_CURVE('',#3815,#3817,#2213,.T.);
#4898=EDGE_CURVE('',#3818,#3447,#2214,.T.);
#4899=EDGE_CURVE('',#3817,#3818,#328,.T.);
#4900=EDGE_CURVE('',#3819,#3446,#2215,.T.);
#4901=EDGE_CURVE('',#3818,#3819,#2216,.T.);
#4902=EDGE_CURVE('',#3820,#3445,#2217,.T.);
#4903=EDGE_CURVE('',#3819,#3820,#2218,.T.);
#4904=EDGE_CURVE('',#3821,#3444,#2219,.T.);
#4905=EDGE_CURVE('',#3820,#3821,#2220,.T.);
#4906=EDGE_CURVE('',#3822,#3443,#2221,.T.);
#4907=EDGE_CURVE('',#3821,#3822,#2222,.T.);
#4908=EDGE_CURVE('',#3823,#3442,#2223,.T.);
#4909=EDGE_CURVE('',#3822,#3823,#2224,.T.);
#4910=EDGE_CURVE('',#3824,#3441,#2225,.T.);
#4911=EDGE_CURVE('',#3823,#3824,#2226,.T.);
#4912=EDGE_CURVE('',#3825,#3440,#2227,.T.);
#4913=EDGE_CURVE('',#3824,#3825,#329,.T.);
#4914=EDGE_CURVE('',#3826,#3439,#2228,.T.);
#4915=EDGE_CURVE('',#3825,#3826,#330,.T.);
#4916=EDGE_CURVE('',#3827,#3438,#2229,.T.);
#4917=EDGE_CURVE('',#3826,#3827,#2230,.T.);
#4918=EDGE_CURVE('',#3828,#3437,#2231,.T.);
#4919=EDGE_CURVE('',#3827,#3828,#214,.T.);
#4920=EDGE_CURVE('',#3829,#3436,#2232,.T.);
#4921=EDGE_CURVE('',#3828,#3829,#331,.T.);
#4922=EDGE_CURVE('',#3829,#3816,#2233,.T.);
#4923=EDGE_CURVE('',#3830,#3375,#2234,.T.);
#4924=EDGE_CURVE('',#3831,#3830,#2235,.T.);
#4925=EDGE_CURVE('',#3831,#3374,#2236,.T.);
#4926=EDGE_CURVE('',#3832,#3385,#2237,.T.);
#4927=EDGE_CURVE('',#3830,#3832,#2238,.T.);
#4928=EDGE_CURVE('',#3833,#3384,#2239,.T.);
#4929=EDGE_CURVE('',#3832,#3833,#2240,.T.);
#4930=EDGE_CURVE('',#3834,#3383,#2241,.T.);
#4931=EDGE_CURVE('',#3833,#3834,#2242,.T.);
#4932=EDGE_CURVE('',#3835,#3382,#2243,.T.);
#4933=EDGE_CURVE('',#3834,#3835,#2244,.T.);
#4934=EDGE_CURVE('',#3836,#3381,#2245,.T.);
#4935=EDGE_CURVE('',#3835,#3836,#2246,.T.);
#4936=EDGE_CURVE('',#3837,#3380,#2247,.T.);
#4937=EDGE_CURVE('',#3836,#3837,#2248,.T.);
#4938=EDGE_CURVE('',#3838,#3379,#2249,.T.);
#4939=EDGE_CURVE('',#3837,#3838,#2250,.T.);
#4940=EDGE_CURVE('',#3839,#3378,#2251,.T.);
#4941=EDGE_CURVE('',#3838,#3839,#2252,.T.);
#4942=EDGE_CURVE('',#3840,#3377,#2253,.T.);
#4943=EDGE_CURVE('',#3839,#3840,#2254,.T.);
#4944=EDGE_CURVE('',#3841,#3376,#2255,.T.);
#4945=EDGE_CURVE('',#3840,#3841,#2256,.T.);
#4946=EDGE_CURVE('',#3841,#3831,#2257,.T.);
#4947=EDGE_CURVE('',#3842,#3843,#2258,.T.);
#4948=EDGE_CURVE('',#3843,#3844,#215,.T.);
#4949=EDGE_CURVE('',#3844,#3845,#216,.T.);
#4950=EDGE_CURVE('',#3845,#3846,#332,.T.);
#4951=EDGE_CURVE('',#3846,#3847,#333,.T.);
#4952=EDGE_CURVE('',#3847,#3848,#2259,.T.);
#4953=EDGE_CURVE('',#3848,#3842,#2260,.T.);
#4954=EDGE_CURVE('',#3849,#3850,#2261,.T.);
#4955=EDGE_CURVE('',#3851,#3849,#2262,.T.);
#4956=EDGE_CURVE('',#3852,#3851,#217,.T.);
#4957=EDGE_CURVE('',#3853,#3852,#218,.T.);
#4958=EDGE_CURVE('',#3854,#3853,#219,.T.);
#4959=EDGE_CURVE('',#3855,#3854,#220,.T.);
#4960=EDGE_CURVE('',#3850,#3855,#2263,.T.);
#4961=EDGE_CURVE('',#3843,#3387,#2264,.T.);
#4962=EDGE_CURVE('',#3842,#3386,#2265,.T.);
#4963=EDGE_CURVE('',#3844,#3392,#2266,.T.);
#4964=EDGE_CURVE('',#3845,#3391,#2267,.T.);
#4965=EDGE_CURVE('',#3846,#3390,#2268,.T.);
#4966=EDGE_CURVE('',#3847,#3389,#2269,.T.);
#4967=EDGE_CURVE('',#3848,#3388,#2270,.T.);
#4968=EDGE_CURVE('',#3856,#3857,#2271,.T.);
#4969=EDGE_CURVE('',#3851,#3856,#2272,.T.);
#4970=EDGE_CURVE('',#3849,#3857,#2273,.T.);
#4971=EDGE_CURVE('',#3857,#3858,#2274,.T.);
#4972=EDGE_CURVE('',#3850,#3858,#2275,.T.);
#4973=EDGE_CURVE('',#3858,#3859,#2276,.T.);
#4974=EDGE_CURVE('',#3855,#3859,#2277,.T.);
#4975=EDGE_CURVE('',#3859,#3860,#221,.T.);
#4976=EDGE_CURVE('',#3854,#3860,#2278,.T.);
#4977=EDGE_CURVE('',#3860,#3861,#222,.T.);
#4978=EDGE_CURVE('',#3853,#3861,#2279,.T.);
#4979=EDGE_CURVE('',#3861,#3862,#223,.T.);
#4980=EDGE_CURVE('',#3852,#3862,#2280,.T.);
#4981=EDGE_CURVE('',#3862,#3856,#224,.T.);
#4982=EDGE_CURVE('',#3863,#3864,#2281,.T.);
#4983=EDGE_CURVE('',#3864,#3865,#2282,.T.);
#4984=EDGE_CURVE('',#3865,#3866,#2283,.T.);
#4985=EDGE_CURVE('',#3866,#3867,#2284,.T.);
#4986=EDGE_CURVE('',#3867,#3868,#2285,.T.);
#4987=EDGE_CURVE('',#3868,#3869,#2286,.T.);
#4988=EDGE_CURVE('',#3869,#3870,#2287,.T.);
#4989=EDGE_CURVE('',#3870,#3863,#2288,.T.);
#4990=EDGE_CURVE('',#3871,#3872,#2289,.T.);
#4991=EDGE_CURVE('',#3873,#3871,#2290,.T.);
#4992=EDGE_CURVE('',#3874,#3873,#334,.T.);
#4993=EDGE_CURVE('',#3875,#3874,#2291,.T.);
#4994=EDGE_CURVE('',#3876,#3875,#335,.T.);
#4995=EDGE_CURVE('',#3872,#3876,#2292,.T.);
#4996=EDGE_CURVE('',#3864,#3394,#2293,.T.);
#4997=EDGE_CURVE('',#3863,#3393,#2294,.T.);
#4998=EDGE_CURVE('',#3865,#3400,#2295,.T.);
#4999=EDGE_CURVE('',#3866,#3399,#2296,.T.);
#5000=EDGE_CURVE('',#3867,#3398,#2297,.T.);
#5001=EDGE_CURVE('',#3868,#3397,#2298,.T.);
#5002=EDGE_CURVE('',#3869,#3396,#2299,.T.);
#5003=EDGE_CURVE('',#3870,#3395,#2300,.T.);
#5004=EDGE_CURVE('',#3877,#3878,#2301,.T.);
#5005=EDGE_CURVE('',#3871,#3877,#2302,.T.);
#5006=EDGE_CURVE('',#3872,#3878,#2303,.T.);
#5007=EDGE_CURVE('',#3878,#3879,#2304,.T.);
#5008=EDGE_CURVE('',#3876,#3879,#2305,.T.);
#5009=EDGE_CURVE('',#3879,#3880,#336,.T.);
#5010=EDGE_CURVE('',#3875,#3880,#2306,.T.);
#5011=EDGE_CURVE('',#3880,#3881,#2307,.T.);
#5012=EDGE_CURVE('',#3874,#3881,#2308,.T.);
#5013=EDGE_CURVE('',#3881,#3882,#337,.T.);
#5014=EDGE_CURVE('',#3873,#3882,#2309,.T.);
#5015=EDGE_CURVE('',#3882,#3877,#2310,.T.);
#5016=EDGE_CURVE('',#3883,#3884,#338,.T.);
#5017=EDGE_CURVE('',#3884,#3885,#225,.T.);
#5018=EDGE_CURVE('',#3885,#3886,#339,.T.);
#5019=EDGE_CURVE('',#3886,#3887,#226,.T.);
#5020=EDGE_CURVE('',#3887,#3888,#340,.T.);
#5021=EDGE_CURVE('',#3888,#3889,#341,.T.);
#5022=EDGE_CURVE('',#3889,#3890,#227,.T.);
#5023=EDGE_CURVE('',#3890,#3891,#228,.T.);
#5024=EDGE_CURVE('',#3891,#3892,#229,.T.);
#5025=EDGE_CURVE('',#3892,#3893,#230,.T.);
#5026=EDGE_CURVE('',#3893,#3894,#342,.T.);
#5027=EDGE_CURVE('',#3894,#3895,#343,.T.);
#5028=EDGE_CURVE('',#3895,#3896,#2311,.T.);
#5029=EDGE_CURVE('',#3896,#3897,#2312,.T.);
#5030=EDGE_CURVE('',#3897,#3898,#2313,.T.);
#5031=EDGE_CURVE('',#3898,#3899,#2314,.T.);
#5032=EDGE_CURVE('',#3899,#3900,#344,.T.);
#5033=EDGE_CURVE('',#3900,#3901,#345,.T.);
#5034=EDGE_CURVE('',#3901,#3902,#346,.T.);
#5035=EDGE_CURVE('',#3902,#3903,#347,.T.);
#5036=EDGE_CURVE('',#3903,#3904,#348,.T.);
#5037=EDGE_CURVE('',#3904,#3905,#349,.T.);
#5038=EDGE_CURVE('',#3905,#3906,#350,.T.);
#5039=EDGE_CURVE('',#3906,#3907,#2315,.T.);
#5040=EDGE_CURVE('',#3907,#3908,#351,.T.);
#5041=EDGE_CURVE('',#3908,#3909,#352,.T.);
#5042=EDGE_CURVE('',#3909,#3910,#2316,.T.);
#5043=EDGE_CURVE('',#3910,#3911,#353,.T.);
#5044=EDGE_CURVE('',#3911,#3912,#354,.T.);
#5045=EDGE_CURVE('',#3912,#3913,#355,.T.);
#5046=EDGE_CURVE('',#3913,#3914,#2317,.T.);
#5047=EDGE_CURVE('',#3914,#3915,#231,.T.);
#5048=EDGE_CURVE('',#3915,#3883,#232,.T.);
#5049=EDGE_CURVE('',#3916,#3917,#356,.T.);
#5050=EDGE_CURVE('',#3917,#3916,#357,.T.);
#5051=EDGE_CURVE('',#3884,#3402,#2318,.T.);
#5052=EDGE_CURVE('',#3883,#3401,#2319,.T.);
#5053=EDGE_CURVE('',#3885,#3433,#2320,.T.);
#5054=EDGE_CURVE('',#3886,#3432,#2321,.T.);
#5055=EDGE_CURVE('',#3887,#3431,#2322,.T.);
#5056=EDGE_CURVE('',#3888,#3430,#2323,.T.);
#5057=EDGE_CURVE('',#3889,#3429,#2324,.T.);
#5058=EDGE_CURVE('',#3890,#3428,#2325,.T.);
#5059=EDGE_CURVE('',#3891,#3427,#2326,.T.);
#5060=EDGE_CURVE('',#3892,#3426,#2327,.T.);
#5061=EDGE_CURVE('',#3893,#3425,#2328,.T.);
#5062=EDGE_CURVE('',#3894,#3424,#2329,.T.);
#5063=EDGE_CURVE('',#3895,#3423,#2330,.T.);
#5064=EDGE_CURVE('',#3896,#3422,#2331,.T.);
#5065=EDGE_CURVE('',#3897,#3421,#2332,.T.);
#5066=EDGE_CURVE('',#3898,#3420,#2333,.T.);
#5067=EDGE_CURVE('',#3899,#3419,#2334,.T.);
#5068=EDGE_CURVE('',#3900,#3418,#2335,.T.);
#5069=EDGE_CURVE('',#3901,#3417,#2336,.T.);
#5070=EDGE_CURVE('',#3902,#3416,#2337,.T.);
#5071=EDGE_CURVE('',#3903,#3415,#2338,.T.);
#5072=EDGE_CURVE('',#3904,#3414,#2339,.T.);
#5073=EDGE_CURVE('',#3905,#3413,#2340,.T.);
#5074=EDGE_CURVE('',#3906,#3412,#2341,.T.);
#5075=EDGE_CURVE('',#3907,#3411,#2342,.T.);
#5076=EDGE_CURVE('',#3908,#3410,#2343,.T.);
#5077=EDGE_CURVE('',#3909,#3409,#2344,.T.);
#5078=EDGE_CURVE('',#3910,#3408,#2345,.T.);
#5079=EDGE_CURVE('',#3911,#3407,#2346,.T.);
#5080=EDGE_CURVE('',#3912,#3406,#2347,.T.);
#5081=EDGE_CURVE('',#3913,#3405,#2348,.T.);
#5082=EDGE_CURVE('',#3914,#3404,#2349,.T.);
#5083=EDGE_CURVE('',#3915,#3403,#2350,.T.);
#5084=EDGE_CURVE('',#3918,#3919,#358,.T.);
#5085=EDGE_CURVE('',#3916,#3918,#2351,.T.);
#5086=EDGE_CURVE('',#3917,#3919,#2352,.T.);
#5087=EDGE_CURVE('',#3919,#3918,#359,.T.);
#5088=EDGE_CURVE('',#3920,#3920,#1584,.T.);
#5089=EDGE_CURVE('',#3920,#3921,#2353,.T.);
#5090=EDGE_CURVE('',#3921,#3921,#1585,.T.);
#5091=EDGE_CURVE('',#3922,#3922,#1586,.T.);
#5092=EDGE_CURVE('',#3922,#3923,#2354,.T.);
#5093=EDGE_CURVE('',#3923,#3923,#1587,.T.);
#5094=EDGE_CURVE('',#3924,#3924,#1588,.T.);
#5095=EDGE_CURVE('',#3924,#3925,#2355,.T.);
#5096=EDGE_CURVE('',#3925,#3925,#1589,.T.);
#5097=EDGE_CURVE('',#3926,#3926,#1590,.T.);
#5098=EDGE_CURVE('',#3926,#3927,#2356,.T.);
#5099=EDGE_CURVE('',#3927,#3927,#1591,.T.);
#5100=EDGE_CURVE('',#3928,#3929,#1592,.T.);
#5101=EDGE_CURVE('',#3928,#3930,#1593,.T.);
#5102=EDGE_CURVE('',#3931,#3930,#1594,.T.);
#5103=EDGE_CURVE('',#3931,#3929,#360,.T.);
#5104=EDGE_CURVE('',#3932,#3933,#1595,.T.);
#5105=EDGE_CURVE('',#3934,#3932,#361,.T.);
#5106=EDGE_CURVE('',#3935,#3934,#1596,.T.);
#5107=EDGE_CURVE('',#3935,#3933,#1597,.T.);
#5108=EDGE_CURVE('',#3936,#3937,#1598,.T.);
#5109=EDGE_CURVE('',#3936,#3938,#2357,.T.);
#5110=EDGE_CURVE('',#3938,#3939,#1599,.T.);
#5111=EDGE_CURVE('',#3939,#3940,#2358,.T.);
#5112=EDGE_CURVE('',#3940,#3941,#1600,.T.);
#5113=EDGE_CURVE('',#3941,#3942,#2359,.T.);
#5114=EDGE_CURVE('',#3942,#3943,#1601,.T.);
#5115=EDGE_CURVE('',#3937,#3943,#2360,.T.);
#5116=EDGE_CURVE('',#3944,#3945,#1602,.T.);
#5117=EDGE_CURVE('',#3945,#3946,#2361,.T.);
#5118=EDGE_CURVE('',#3947,#3946,#1603,.T.);
#5119=EDGE_CURVE('',#3944,#3947,#2362,.T.);
#5120=EDGE_CURVE('',#3942,#3939,#1604,.T.);
#5121=EDGE_CURVE('',#3935,#3942,#2363,.T.);
#5122=EDGE_CURVE('',#3939,#3934,#2364,.T.);
#5123=EDGE_CURVE('',#3948,#3949,#2365,.T.);
#5124=EDGE_CURVE('',#3949,#3950,#233,.T.);
#5125=EDGE_CURVE('',#3950,#3930,#2366,.T.);
#5126=EDGE_CURVE('',#3928,#3951,#2367,.T.);
#5127=EDGE_CURVE('',#3951,#3952,#2368,.T.);
#5128=EDGE_CURVE('',#3952,#3953,#2369,.T.);
#5129=EDGE_CURVE('',#3953,#3954,#2370,.T.);
#5130=EDGE_CURVE('',#3940,#3954,#2371,.T.);
#5131=EDGE_CURVE('',#3934,#3948,#2372,.T.);
#5132=EDGE_CURVE('',#3955,#3929,#2373,.T.);
#5133=EDGE_CURVE('',#3929,#3956,#2374,.T.);
#5134=EDGE_CURVE('',#3957,#3956,#234,.T.);
#5135=EDGE_CURVE('',#3958,#3957,#2375,.T.);
#5136=EDGE_CURVE('',#3958,#3959,#235,.T.);
#5137=EDGE_CURVE('',#3933,#3959,#2376,.T.);
#5138=EDGE_CURVE('',#3960,#3941,#2377,.T.);
#5139=EDGE_CURVE('',#3961,#3960,#2378,.T.);
#5140=EDGE_CURVE('',#3961,#3962,#2379,.T.);
#5141=EDGE_CURVE('',#3962,#3955,#2380,.T.);
#5142=EDGE_CURVE('',#3963,#3964,#1605,.T.);
#5143=EDGE_CURVE('',#3965,#3964,#2381,.T.);
#5144=EDGE_CURVE('',#3965,#3966,#1606,.T.);
#5145=EDGE_CURVE('',#3966,#3963,#2382,.T.);
#5146=EDGE_CURVE('',#3957,#3963,#2383,.T.);
#5147=EDGE_CURVE('',#3966,#3958,#2384,.T.);
#5148=EDGE_CURVE('',#3964,#3949,#2385,.T.);
#5149=EDGE_CURVE('',#3948,#3967,#236,.T.);
#5150=EDGE_CURVE('',#3967,#3968,#2386,.T.);
#5151=EDGE_CURVE('',#3965,#3968,#237,.T.);
#5152=EDGE_CURVE('',#3950,#3969,#2387,.T.);
#5153=EDGE_CURVE('',#3969,#3970,#1607,.T.);
#5154=EDGE_CURVE('',#3970,#3971,#2388,.T.);
#5155=EDGE_CURVE('',#3971,#3931,#2389,.T.);
#5156=EDGE_CURVE('',#3959,#3972,#2390,.T.);
#5157=EDGE_CURVE('',#3972,#3968,#1608,.T.);
#5158=EDGE_CURVE('',#3967,#3932,#2391,.T.);
#5159=EDGE_CURVE('',#3973,#3974,#1609,.T.);
#5160=EDGE_CURVE('',#3975,#3973,#2392,.T.);
#5161=EDGE_CURVE('',#3975,#3976,#1610,.T.);
#5162=EDGE_CURVE('',#3976,#3974,#2393,.T.);
#5163=EDGE_CURVE('',#3974,#3960,#2394,.T.);
#5164=EDGE_CURVE('',#3976,#3961,#2395,.T.);
#5165=EDGE_CURVE('',#3954,#3973,#2396,.T.);
#5166=EDGE_CURVE('',#3953,#3975,#2397,.T.);
#5167=EDGE_CURVE('',#3962,#3952,#1611,.T.);
#5168=EDGE_CURVE('',#3951,#3955,#1612,.T.);
#5169=EDGE_CURVE('',#3955,#3977,#1613,.T.);
#5170=EDGE_CURVE('',#3977,#3947,#2398,.T.);
#5171=EDGE_CURVE('',#3946,#3978,#2399,.T.);
#5172=EDGE_CURVE('',#3978,#3951,#1614,.T.);
#5173=EDGE_CURVE('',#3979,#3938,#2400,.T.);
#5174=EDGE_CURVE('',#3980,#3979,#1615,.T.);
#5175=EDGE_CURVE('',#3943,#3980,#2401,.T.);
#5176=EDGE_CURVE('',#3981,#3978,#2402,.T.);
#5177=EDGE_CURVE('',#3981,#3982,#1616,.T.);
#5178=EDGE_CURVE('',#3982,#3977,#2403,.T.);
#5179=EDGE_CURVE('',#3982,#3944,#2404,.T.);
#5180=EDGE_CURVE('',#3945,#3981,#2405,.T.);
#5181=EDGE_CURVE('',#3983,#3979,#2406,.T.);
#5182=EDGE_CURVE('',#3984,#3983,#1617,.T.);
#5183=EDGE_CURVE('',#3984,#3980,#2407,.T.);
#5184=EDGE_CURVE('',#3983,#3936,#2408,.T.);
#5185=EDGE_CURVE('',#3937,#3984,#2409,.T.);
#5186=EDGE_CURVE('',#3972,#3966,#362,.T.);
#5187=EDGE_CURVE('',#3970,#3963,#363,.T.);
#5188=EDGE_CURVE('',#3971,#3956,#238,.T.);
#5189=EDGE_CURVE('',#3969,#3964,#364,.T.);
#5190=ORIENTED_EDGE('',*,*,#3985,.F.);
#5191=ORIENTED_EDGE('',*,*,#3986,.T.);
#5192=ORIENTED_EDGE('',*,*,#3987,.T.);
#5193=ORIENTED_EDGE('',*,*,#3988,.T.);
#5194=ORIENTED_EDGE('',*,*,#3989,.F.);
#5195=ORIENTED_EDGE('',*,*,#3990,.T.);
#5196=ORIENTED_EDGE('',*,*,#3991,.F.);
#5197=ORIENTED_EDGE('',*,*,#3992,.T.);
#5198=ORIENTED_EDGE('',*,*,#3993,.F.);
#5199=ORIENTED_EDGE('',*,*,#3994,.T.);
#5200=ORIENTED_EDGE('',*,*,#3995,.F.);
#5201=ORIENTED_EDGE('',*,*,#3996,.T.);
#5202=ORIENTED_EDGE('',*,*,#3997,.F.);
#5203=ORIENTED_EDGE('',*,*,#3998,.T.);
#5204=ORIENTED_EDGE('',*,*,#3999,.F.);
#5205=ORIENTED_EDGE('',*,*,#4000,.T.);
#5206=ORIENTED_EDGE('',*,*,#3987,.F.);
#5207=ORIENTED_EDGE('',*,*,#4001,.T.);
#5208=ORIENTED_EDGE('',*,*,#3993,.T.);
#5209=ORIENTED_EDGE('',*,*,#4002,.T.);
#5210=ORIENTED_EDGE('',*,*,#4003,.T.);
#5211=ORIENTED_EDGE('',*,*,#4004,.T.);
#5212=ORIENTED_EDGE('',*,*,#4005,.T.);
#5213=ORIENTED_EDGE('',*,*,#4006,.T.);
#5214=ORIENTED_EDGE('',*,*,#4007,.T.);
#5215=ORIENTED_EDGE('',*,*,#4008,.T.);
#5216=ORIENTED_EDGE('',*,*,#4009,.T.);
#5217=ORIENTED_EDGE('',*,*,#4010,.T.);
#5218=ORIENTED_EDGE('',*,*,#4011,.T.);
#5219=ORIENTED_EDGE('',*,*,#4012,.T.);
#5220=ORIENTED_EDGE('',*,*,#4013,.T.);
#5221=ORIENTED_EDGE('',*,*,#4014,.T.);
#5222=ORIENTED_EDGE('',*,*,#4015,.T.);
#5223=ORIENTED_EDGE('',*,*,#4016,.T.);
#5224=ORIENTED_EDGE('',*,*,#4017,.F.);
#5225=ORIENTED_EDGE('',*,*,#4018,.F.);
#5226=ORIENTED_EDGE('',*,*,#4019,.F.);
#5227=ORIENTED_EDGE('',*,*,#4020,.F.);
#5228=ORIENTED_EDGE('',*,*,#4021,.F.);
#5229=ORIENTED_EDGE('',*,*,#4022,.T.);
#5230=ORIENTED_EDGE('',*,*,#4023,.F.);
#5231=ORIENTED_EDGE('',*,*,#4024,.T.);
#5232=ORIENTED_EDGE('',*,*,#4025,.F.);
#5233=ORIENTED_EDGE('',*,*,#4026,.F.);
#5234=ORIENTED_EDGE('',*,*,#4027,.F.);
#5235=ORIENTED_EDGE('',*,*,#4028,.F.);
#5236=ORIENTED_EDGE('',*,*,#4029,.F.);
#5237=ORIENTED_EDGE('',*,*,#4030,.F.);
#5238=ORIENTED_EDGE('',*,*,#4031,.F.);
#5239=ORIENTED_EDGE('',*,*,#4032,.F.);
#5240=ORIENTED_EDGE('',*,*,#4033,.F.);
#5241=ORIENTED_EDGE('',*,*,#4034,.F.);
#5242=ORIENTED_EDGE('',*,*,#4035,.T.);
#5243=ORIENTED_EDGE('',*,*,#4036,.T.);
#5244=ORIENTED_EDGE('',*,*,#4037,.T.);
#5245=ORIENTED_EDGE('',*,*,#4038,.T.);
#5246=ORIENTED_EDGE('',*,*,#4005,.F.);
#5247=ORIENTED_EDGE('',*,*,#4039,.T.);
#5248=ORIENTED_EDGE('',*,*,#4021,.T.);
#5249=ORIENTED_EDGE('',*,*,#4040,.T.);
#5250=ORIENTED_EDGE('',*,*,#4041,.F.);
#5251=ORIENTED_EDGE('',*,*,#4031,.T.);
#5252=ORIENTED_EDGE('',*,*,#4042,.T.);
#5253=ORIENTED_EDGE('',*,*,#4009,.F.);
#5254=ORIENTED_EDGE('',*,*,#4043,.T.);
#5255=ORIENTED_EDGE('',*,*,#4011,.F.);
#5256=ORIENTED_EDGE('',*,*,#4044,.F.);
#5257=ORIENTED_EDGE('',*,*,#4029,.T.);
#5258=ORIENTED_EDGE('',*,*,#4025,.T.);
#5259=ORIENTED_EDGE('',*,*,#4045,.T.);
#5260=ORIENTED_EDGE('',*,*,#4015,.F.);
#5261=ORIENTED_EDGE('',*,*,#4046,.F.);
#5262=ORIENTED_EDGE('',*,*,#4047,.F.);
#5263=ORIENTED_EDGE('',*,*,#4048,.T.);
#5264=ORIENTED_EDGE('',*,*,#4049,.T.);
#5265=ORIENTED_EDGE('',*,*,#4050,.T.);
#5266=ORIENTED_EDGE('',*,*,#4051,.T.);
#5267=ORIENTED_EDGE('',*,*,#4052,.T.);
#5268=ORIENTED_EDGE('',*,*,#4053,.F.);
#5269=ORIENTED_EDGE('',*,*,#4054,.T.);
#5270=ORIENTED_EDGE('',*,*,#4055,.F.);
#5271=ORIENTED_EDGE('',*,*,#4056,.T.);
#5272=ORIENTED_EDGE('',*,*,#4057,.F.);
#5273=ORIENTED_EDGE('',*,*,#4058,.F.);
#5274=ORIENTED_EDGE('',*,*,#4059,.F.);
#5275=ORIENTED_EDGE('',*,*,#4060,.T.);
#5276=ORIENTED_EDGE('',*,*,#4061,.F.);
#5277=ORIENTED_EDGE('',*,*,#4062,.T.);
#5278=ORIENTED_EDGE('',*,*,#4063,.F.);
#5279=ORIENTED_EDGE('',*,*,#4064,.T.);
#5280=ORIENTED_EDGE('',*,*,#4065,.T.);
#5281=ORIENTED_EDGE('',*,*,#4066,.T.);
#5282=ORIENTED_EDGE('',*,*,#4067,.T.);
#5283=ORIENTED_EDGE('',*,*,#4068,.F.);
#5284=ORIENTED_EDGE('',*,*,#4069,.T.);
#5285=ORIENTED_EDGE('',*,*,#4070,.T.);
#5286=ORIENTED_EDGE('',*,*,#4071,.T.);
#5287=ORIENTED_EDGE('',*,*,#4049,.F.);
#5288=ORIENTED_EDGE('',*,*,#4072,.T.);
#5289=ORIENTED_EDGE('',*,*,#4050,.F.);
#5290=ORIENTED_EDGE('',*,*,#4071,.F.);
#5291=ORIENTED_EDGE('',*,*,#4073,.T.);
#5292=ORIENTED_EDGE('',*,*,#4061,.T.);
#5293=ORIENTED_EDGE('',*,*,#4074,.T.);
#5294=ORIENTED_EDGE('',*,*,#4075,.T.);
#5295=ORIENTED_EDGE('',*,*,#4047,.T.);
#5296=ORIENTED_EDGE('',*,*,#4055,.T.);
#5297=ORIENTED_EDGE('',*,*,#4076,.T.);
#5298=ORIENTED_EDGE('',*,*,#4065,.F.);
#5299=ORIENTED_EDGE('',*,*,#4052,.F.);
#5300=ORIENTED_EDGE('',*,*,#4077,.T.);
#5301=ORIENTED_EDGE('',*,*,#4078,.T.);
#5302=ORIENTED_EDGE('',*,*,#4023,.T.);
#5303=ORIENTED_EDGE('',*,*,#4079,.T.);
#5304=ORIENTED_EDGE('',*,*,#4003,.F.);
#5305=ORIENTED_EDGE('',*,*,#4080,.T.);
#5306=ORIENTED_EDGE('',*,*,#4035,.F.);
#5307=ORIENTED_EDGE('',*,*,#4081,.F.);
#5308=ORIENTED_EDGE('',*,*,#4018,.T.);
#5309=ORIENTED_EDGE('',*,*,#4082,.T.);
#5310=ORIENTED_EDGE('',*,*,#4036,.F.);
#5311=ORIENTED_EDGE('',*,*,#4082,.F.);
#5312=ORIENTED_EDGE('',*,*,#4017,.T.);
#5313=ORIENTED_EDGE('',*,*,#4083,.T.);
#5314=ORIENTED_EDGE('',*,*,#4037,.F.);
#5315=ORIENTED_EDGE('',*,*,#4083,.F.);
#5316=ORIENTED_EDGE('',*,*,#4020,.T.);
#5317=ORIENTED_EDGE('',*,*,#4084,.T.);
#5318=ORIENTED_EDGE('',*,*,#4038,.F.);
#5319=ORIENTED_EDGE('',*,*,#4084,.F.);
#5320=ORIENTED_EDGE('',*,*,#4019,.T.);
#5321=ORIENTED_EDGE('',*,*,#4081,.T.);
#5322=ORIENTED_EDGE('',*,*,#4085,.F.);
#5323=ORIENTED_EDGE('',*,*,#4086,.F.);
#5324=ORIENTED_EDGE('',*,*,#4044,.T.);
#5325=ORIENTED_EDGE('',*,*,#4087,.T.);
#5326=ORIENTED_EDGE('',*,*,#4088,.F.);
#5327=ORIENTED_EDGE('',*,*,#4089,.T.);
#5328=ORIENTED_EDGE('',*,*,#4090,.T.);
#5329=ORIENTED_EDGE('',*,*,#4042,.F.);
#5330=ORIENTED_EDGE('',*,*,#4010,.F.);
#5331=ORIENTED_EDGE('',*,*,#4090,.F.);
#5332=ORIENTED_EDGE('',*,*,#4064,.F.);
#5333=ORIENTED_EDGE('',*,*,#4087,.F.);
#5334=ORIENTED_EDGE('',*,*,#4030,.T.);
#5335=ORIENTED_EDGE('',*,*,#4086,.T.);
#5336=ORIENTED_EDGE('',*,*,#4068,.T.);
#5337=ORIENTED_EDGE('',*,*,#4088,.T.);
#5338=ORIENTED_EDGE('',*,*,#4067,.F.);
#5339=ORIENTED_EDGE('',*,*,#4091,.T.);
#5340=ORIENTED_EDGE('',*,*,#4053,.T.);
#5341=ORIENTED_EDGE('',*,*,#4089,.F.);
#5342=ORIENTED_EDGE('',*,*,#4063,.T.);
#5343=ORIENTED_EDGE('',*,*,#4092,.T.);
#5344=ORIENTED_EDGE('',*,*,#4069,.F.);
#5345=ORIENTED_EDGE('',*,*,#4085,.T.);
#5346=ORIENTED_EDGE('',*,*,#4093,.T.);
#5347=ORIENTED_EDGE('',*,*,#4094,.T.);
#5348=ORIENTED_EDGE('',*,*,#4059,.T.);
#5349=ORIENTED_EDGE('',*,*,#4095,.F.);
#5350=ORIENTED_EDGE('',*,*,#4096,.T.);
#5351=ORIENTED_EDGE('',*,*,#4057,.T.);
#5352=ORIENTED_EDGE('',*,*,#4097,.T.);
#5353=ORIENTED_EDGE('',*,*,#4098,.T.);
#5354=ORIENTED_EDGE('',*,*,#4099,.F.);
#5355=ORIENTED_EDGE('',*,*,#4100,.F.);
#5356=ORIENTED_EDGE('',*,*,#4072,.F.);
#5357=ORIENTED_EDGE('',*,*,#4048,.F.);
#5358=ORIENTED_EDGE('',*,*,#4075,.F.);
#5359=ORIENTED_EDGE('',*,*,#4101,.T.);
#5360=ORIENTED_EDGE('',*,*,#4093,.F.);
#5361=ORIENTED_EDGE('',*,*,#4102,.T.);
#5362=ORIENTED_EDGE('',*,*,#3991,.T.);
#5363=ORIENTED_EDGE('',*,*,#4103,.T.);
#5364=ORIENTED_EDGE('',*,*,#4098,.F.);
#5365=ORIENTED_EDGE('',*,*,#4104,.T.);
#5366=ORIENTED_EDGE('',*,*,#4077,.F.);
#5367=ORIENTED_EDGE('',*,*,#4051,.F.);
#5368=ORIENTED_EDGE('',*,*,#4058,.T.);
#5369=ORIENTED_EDGE('',*,*,#4100,.T.);
#5370=ORIENTED_EDGE('',*,*,#4105,.T.);
#5371=ORIENTED_EDGE('',*,*,#3997,.T.);
#5372=ORIENTED_EDGE('',*,*,#4106,.T.);
#5373=ORIENTED_EDGE('',*,*,#4095,.T.);
#5374=ORIENTED_EDGE('',*,*,#4043,.F.);
#5375=ORIENTED_EDGE('',*,*,#4028,.T.);
#5376=ORIENTED_EDGE('',*,*,#4107,.F.);
#5377=ORIENTED_EDGE('',*,*,#4108,.T.);
#5378=ORIENTED_EDGE('',*,*,#4109,.T.);
#5379=ORIENTED_EDGE('',*,*,#4110,.F.);
#5380=ORIENTED_EDGE('',*,*,#4026,.T.);
#5381=ORIENTED_EDGE('',*,*,#4046,.T.);
#5382=ORIENTED_EDGE('',*,*,#4111,.T.);
#5383=ORIENTED_EDGE('',*,*,#4112,.F.);
#5384=ORIENTED_EDGE('',*,*,#4013,.F.);
#5385=ORIENTED_EDGE('',*,*,#4012,.F.);
#5386=ORIENTED_EDGE('',*,*,#4109,.F.);
#5387=ORIENTED_EDGE('',*,*,#4113,.F.);
#5388=ORIENTED_EDGE('',*,*,#4111,.F.);
#5389=ORIENTED_EDGE('',*,*,#4014,.F.);
#5390=ORIENTED_EDGE('',*,*,#4027,.T.);
#5391=ORIENTED_EDGE('',*,*,#4110,.T.);
#5392=ORIENTED_EDGE('',*,*,#4114,.T.);
#5393=ORIENTED_EDGE('',*,*,#4107,.T.);
#5394=ORIENTED_EDGE('',*,*,#4115,.F.);
#5395=ORIENTED_EDGE('',*,*,#4116,.T.);
#5396=ORIENTED_EDGE('',*,*,#4117,.T.);
#5397=ORIENTED_EDGE('',*,*,#4108,.F.);
#5398=ORIENTED_EDGE('',*,*,#4118,.T.);
#5399=ORIENTED_EDGE('',*,*,#4119,.T.);
#5400=ORIENTED_EDGE('',*,*,#4120,.F.);
#5401=ORIENTED_EDGE('',*,*,#4112,.T.);
#5402=ORIENTED_EDGE('',*,*,#4121,.F.);
#5403=ORIENTED_EDGE('',*,*,#4122,.T.);
#5404=ORIENTED_EDGE('',*,*,#4118,.F.);
#5405=ORIENTED_EDGE('',*,*,#4113,.T.);
#5406=ORIENTED_EDGE('',*,*,#4117,.F.);
#5407=ORIENTED_EDGE('',*,*,#4123,.T.);
#5408=ORIENTED_EDGE('',*,*,#4120,.T.);
#5409=ORIENTED_EDGE('',*,*,#4124,.T.);
#5410=ORIENTED_EDGE('',*,*,#4125,.T.);
#5411=ORIENTED_EDGE('',*,*,#4126,.T.);
#5412=ORIENTED_EDGE('',*,*,#4115,.T.);
#5413=ORIENTED_EDGE('',*,*,#4114,.F.);
#5414=ORIENTED_EDGE('',*,*,#4125,.F.);
#5415=ORIENTED_EDGE('',*,*,#4127,.T.);
#5416=ORIENTED_EDGE('',*,*,#4121,.T.);
#5417=ORIENTED_EDGE('',*,*,#4128,.T.);
#5418=ORIENTED_EDGE('',*,*,#4040,.F.);
#5419=ORIENTED_EDGE('',*,*,#4034,.T.);
#5420=ORIENTED_EDGE('',*,*,#4129,.F.);
#5421=ORIENTED_EDGE('',*,*,#4130,.T.);
#5422=ORIENTED_EDGE('',*,*,#4131,.T.);
#5423=ORIENTED_EDGE('',*,*,#4132,.F.);
#5424=ORIENTED_EDGE('',*,*,#4032,.T.);
#5425=ORIENTED_EDGE('',*,*,#4041,.T.);
#5426=ORIENTED_EDGE('',*,*,#4133,.T.);
#5427=ORIENTED_EDGE('',*,*,#4134,.F.);
#5428=ORIENTED_EDGE('',*,*,#4007,.F.);
#5429=ORIENTED_EDGE('',*,*,#4006,.F.);
#5430=ORIENTED_EDGE('',*,*,#4131,.F.);
#5431=ORIENTED_EDGE('',*,*,#4135,.T.);
#5432=ORIENTED_EDGE('',*,*,#4133,.F.);
#5433=ORIENTED_EDGE('',*,*,#4008,.F.);
#5434=ORIENTED_EDGE('',*,*,#4033,.T.);
#5435=ORIENTED_EDGE('',*,*,#4132,.T.);
#5436=ORIENTED_EDGE('',*,*,#4136,.T.);
#5437=ORIENTED_EDGE('',*,*,#4129,.T.);
#5438=ORIENTED_EDGE('',*,*,#4137,.T.);
#5439=ORIENTED_EDGE('',*,*,#4138,.T.);
#5440=ORIENTED_EDGE('',*,*,#4139,.F.);
#5441=ORIENTED_EDGE('',*,*,#4134,.T.);
#5442=ORIENTED_EDGE('',*,*,#4140,.F.);
#5443=ORIENTED_EDGE('',*,*,#4141,.T.);
#5444=ORIENTED_EDGE('',*,*,#4142,.T.);
#5445=ORIENTED_EDGE('',*,*,#4130,.F.);
#5446=ORIENTED_EDGE('',*,*,#4143,.F.);
#5447=ORIENTED_EDGE('',*,*,#4144,.T.);
#5448=ORIENTED_EDGE('',*,*,#4137,.F.);
#5449=ORIENTED_EDGE('',*,*,#4135,.F.);
#5450=ORIENTED_EDGE('',*,*,#4142,.F.);
#5451=ORIENTED_EDGE('',*,*,#4145,.T.);
#5452=ORIENTED_EDGE('',*,*,#4139,.T.);
#5453=ORIENTED_EDGE('',*,*,#4146,.T.);
#5454=ORIENTED_EDGE('',*,*,#4147,.T.);
#5455=ORIENTED_EDGE('',*,*,#4148,.T.);
#5456=ORIENTED_EDGE('',*,*,#4140,.T.);
#5457=ORIENTED_EDGE('',*,*,#4136,.F.);
#5458=ORIENTED_EDGE('',*,*,#4147,.F.);
#5459=ORIENTED_EDGE('',*,*,#4149,.T.);
#5460=ORIENTED_EDGE('',*,*,#4143,.T.);
#5461=ORIENTED_EDGE('',*,*,#4150,.T.);
#5462=ORIENTED_EDGE('',*,*,#4106,.F.);
#5463=ORIENTED_EDGE('',*,*,#4151,.T.);
#5464=ORIENTED_EDGE('',*,*,#4102,.F.);
#5465=ORIENTED_EDGE('',*,*,#4096,.F.);
#5466=ORIENTED_EDGE('',*,*,#3995,.T.);
#5467=ORIENTED_EDGE('',*,*,#4152,.T.);
#5468=ORIENTED_EDGE('',*,*,#3985,.T.);
#5469=ORIENTED_EDGE('',*,*,#4153,.T.);
#5470=ORIENTED_EDGE('',*,*,#4103,.F.);
#5471=ORIENTED_EDGE('',*,*,#4154,.T.);
#5472=ORIENTED_EDGE('',*,*,#4105,.F.);
#5473=ORIENTED_EDGE('',*,*,#4099,.T.);
#5474=ORIENTED_EDGE('',*,*,#3989,.T.);
#5475=ORIENTED_EDGE('',*,*,#4155,.T.);
#5476=ORIENTED_EDGE('',*,*,#3999,.T.);
#5477=ORIENTED_EDGE('',*,*,#4156,.T.);
#5478=ORIENTED_EDGE('',*,*,#3994,.F.);
#5479=ORIENTED_EDGE('',*,*,#4001,.F.);
#5480=ORIENTED_EDGE('',*,*,#3986,.F.);
#5481=ORIENTED_EDGE('',*,*,#4152,.F.);
#5482=ORIENTED_EDGE('',*,*,#3988,.F.);
#5483=ORIENTED_EDGE('',*,*,#4002,.F.);
#5484=ORIENTED_EDGE('',*,*,#4000,.F.);
#5485=ORIENTED_EDGE('',*,*,#4155,.F.);
#5486=ORIENTED_EDGE('',*,*,#3998,.F.);
#5487=ORIENTED_EDGE('',*,*,#4154,.F.);
#5488=ORIENTED_EDGE('',*,*,#3990,.F.);
#5489=ORIENTED_EDGE('',*,*,#4156,.F.);
#5490=ORIENTED_EDGE('',*,*,#3992,.F.);
#5491=ORIENTED_EDGE('',*,*,#4151,.F.);
#5492=ORIENTED_EDGE('',*,*,#3996,.F.);
#5493=ORIENTED_EDGE('',*,*,#4153,.F.);
#5494=ORIENTED_EDGE('',*,*,#4056,.F.);
#5495=ORIENTED_EDGE('',*,*,#4078,.F.);
#5496=ORIENTED_EDGE('',*,*,#4104,.F.);
#5497=ORIENTED_EDGE('',*,*,#4097,.F.);
#5498=ORIENTED_EDGE('',*,*,#4060,.F.);
#5499=ORIENTED_EDGE('',*,*,#4094,.F.);
#5500=ORIENTED_EDGE('',*,*,#4101,.F.);
#5501=ORIENTED_EDGE('',*,*,#4074,.F.);
#5502=ORIENTED_EDGE('',*,*,#4122,.F.);
#5503=ORIENTED_EDGE('',*,*,#4127,.F.);
#5504=ORIENTED_EDGE('',*,*,#4124,.F.);
#5505=ORIENTED_EDGE('',*,*,#4119,.F.);
#5506=ORIENTED_EDGE('',*,*,#4123,.F.);
#5507=ORIENTED_EDGE('',*,*,#4116,.F.);
#5508=ORIENTED_EDGE('',*,*,#4126,.F.);
#5509=ORIENTED_EDGE('',*,*,#4128,.F.);
#5510=ORIENTED_EDGE('',*,*,#4144,.F.);
#5511=ORIENTED_EDGE('',*,*,#4149,.F.);
#5512=ORIENTED_EDGE('',*,*,#4146,.F.);
#5513=ORIENTED_EDGE('',*,*,#4138,.F.);
#5514=ORIENTED_EDGE('',*,*,#4145,.F.);
#5515=ORIENTED_EDGE('',*,*,#4141,.F.);
#5516=ORIENTED_EDGE('',*,*,#4148,.F.);
#5517=ORIENTED_EDGE('',*,*,#4150,.F.);
#5518=ORIENTED_EDGE('',*,*,#4054,.F.);
#5519=ORIENTED_EDGE('',*,*,#4091,.F.);
#5520=ORIENTED_EDGE('',*,*,#4066,.F.);
#5521=ORIENTED_EDGE('',*,*,#4076,.F.);
#5522=ORIENTED_EDGE('',*,*,#4062,.F.);
#5523=ORIENTED_EDGE('',*,*,#4073,.F.);
#5524=ORIENTED_EDGE('',*,*,#4070,.F.);
#5525=ORIENTED_EDGE('',*,*,#4092,.F.);
#5526=ORIENTED_EDGE('',*,*,#4004,.F.);
#5527=ORIENTED_EDGE('',*,*,#4079,.F.);
#5528=ORIENTED_EDGE('',*,*,#4022,.F.);
#5529=ORIENTED_EDGE('',*,*,#4039,.F.);
#5530=ORIENTED_EDGE('',*,*,#4016,.F.);
#5531=ORIENTED_EDGE('',*,*,#4045,.F.);
#5532=ORIENTED_EDGE('',*,*,#4024,.F.);
#5533=ORIENTED_EDGE('',*,*,#4080,.F.);
#5534=ORIENTED_EDGE('',*,*,#4157,.F.);
#5535=ORIENTED_EDGE('',*,*,#4158,.T.);
#5536=ORIENTED_EDGE('',*,*,#4159,.F.);
#5537=ORIENTED_EDGE('',*,*,#4160,.T.);
#5538=ORIENTED_EDGE('',*,*,#4161,.F.);
#5539=ORIENTED_EDGE('',*,*,#4162,.T.);
#5540=ORIENTED_EDGE('',*,*,#4163,.F.);
#5541=ORIENTED_EDGE('',*,*,#4164,.T.);
#5542=ORIENTED_EDGE('',*,*,#4165,.F.);
#5543=ORIENTED_EDGE('',*,*,#4166,.T.);
#5544=ORIENTED_EDGE('',*,*,#4167,.F.);
#5545=ORIENTED_EDGE('',*,*,#4168,.F.);
#5546=ORIENTED_EDGE('',*,*,#4169,.F.);
#5547=ORIENTED_EDGE('',*,*,#4170,.F.);
#5548=ORIENTED_EDGE('',*,*,#4171,.F.);
#5549=ORIENTED_EDGE('',*,*,#4172,.F.);
#5550=ORIENTED_EDGE('',*,*,#4173,.F.);
#5551=ORIENTED_EDGE('',*,*,#4174,.F.);
#5552=ORIENTED_EDGE('',*,*,#4175,.F.);
#5553=ORIENTED_EDGE('',*,*,#4176,.F.);
#5554=ORIENTED_EDGE('',*,*,#4177,.F.);
#5555=ORIENTED_EDGE('',*,*,#4178,.F.);
#5556=ORIENTED_EDGE('',*,*,#4179,.F.);
#5557=ORIENTED_EDGE('',*,*,#4180,.F.);
#5558=ORIENTED_EDGE('',*,*,#4181,.F.);
#5559=ORIENTED_EDGE('',*,*,#4182,.F.);
#5560=ORIENTED_EDGE('',*,*,#4183,.F.);
#5561=ORIENTED_EDGE('',*,*,#4184,.F.);
#5562=ORIENTED_EDGE('',*,*,#4185,.F.);
#5563=ORIENTED_EDGE('',*,*,#4186,.F.);
#5564=ORIENTED_EDGE('',*,*,#4187,.F.);
#5565=ORIENTED_EDGE('',*,*,#4188,.F.);
#5566=ORIENTED_EDGE('',*,*,#4189,.F.);
#5567=ORIENTED_EDGE('',*,*,#4190,.F.);
#5568=ORIENTED_EDGE('',*,*,#4191,.F.);
#5569=ORIENTED_EDGE('',*,*,#4192,.F.);
#5570=ORIENTED_EDGE('',*,*,#4193,.F.);
#5571=ORIENTED_EDGE('',*,*,#4194,.F.);
#5572=ORIENTED_EDGE('',*,*,#4195,.F.);
#5573=ORIENTED_EDGE('',*,*,#4196,.F.);
#5574=ORIENTED_EDGE('',*,*,#4197,.F.);
#5575=ORIENTED_EDGE('',*,*,#4198,.F.);
#5576=ORIENTED_EDGE('',*,*,#4199,.F.);
#5577=ORIENTED_EDGE('',*,*,#4200,.F.);
#5578=ORIENTED_EDGE('',*,*,#4201,.F.);
#5579=ORIENTED_EDGE('',*,*,#4202,.F.);
#5580=ORIENTED_EDGE('',*,*,#4203,.F.);
#5581=ORIENTED_EDGE('',*,*,#4204,.F.);
#5582=ORIENTED_EDGE('',*,*,#4205,.F.);
#5583=ORIENTED_EDGE('',*,*,#4206,.F.);
#5584=ORIENTED_EDGE('',*,*,#4207,.F.);
#5585=ORIENTED_EDGE('',*,*,#4208,.F.);
#5586=ORIENTED_EDGE('',*,*,#4209,.F.);
#5587=ORIENTED_EDGE('',*,*,#4210,.F.);
#5588=ORIENTED_EDGE('',*,*,#4211,.F.);
#5589=ORIENTED_EDGE('',*,*,#4212,.F.);
#5590=ORIENTED_EDGE('',*,*,#4213,.F.);
#5591=ORIENTED_EDGE('',*,*,#4214,.F.);
#5592=ORIENTED_EDGE('',*,*,#4215,.F.);
#5593=ORIENTED_EDGE('',*,*,#4216,.F.);
#5594=ORIENTED_EDGE('',*,*,#4217,.F.);
#5595=ORIENTED_EDGE('',*,*,#4218,.F.);
#5596=ORIENTED_EDGE('',*,*,#4219,.F.);
#5597=ORIENTED_EDGE('',*,*,#4220,.F.);
#5598=ORIENTED_EDGE('',*,*,#4221,.F.);
#5599=ORIENTED_EDGE('',*,*,#4222,.F.);
#5600=ORIENTED_EDGE('',*,*,#4223,.F.);
#5601=ORIENTED_EDGE('',*,*,#4224,.F.);
#5602=ORIENTED_EDGE('',*,*,#4225,.F.);
#5603=ORIENTED_EDGE('',*,*,#4226,.F.);
#5604=ORIENTED_EDGE('',*,*,#4227,.F.);
#5605=ORIENTED_EDGE('',*,*,#4228,.F.);
#5606=ORIENTED_EDGE('',*,*,#4229,.F.);
#5607=ORIENTED_EDGE('',*,*,#4230,.F.);
#5608=ORIENTED_EDGE('',*,*,#4231,.F.);
#5609=ORIENTED_EDGE('',*,*,#4232,.F.);
#5610=ORIENTED_EDGE('',*,*,#4233,.F.);
#5611=ORIENTED_EDGE('',*,*,#4234,.F.);
#5612=ORIENTED_EDGE('',*,*,#4235,.F.);
#5613=ORIENTED_EDGE('',*,*,#4236,.F.);
#5614=ORIENTED_EDGE('',*,*,#4237,.F.);
#5615=ORIENTED_EDGE('',*,*,#4238,.F.);
#5616=ORIENTED_EDGE('',*,*,#4239,.F.);
#5617=ORIENTED_EDGE('',*,*,#4240,.F.);
#5618=ORIENTED_EDGE('',*,*,#4241,.F.);
#5619=ORIENTED_EDGE('',*,*,#4242,.F.);
#5620=ORIENTED_EDGE('',*,*,#4243,.F.);
#5621=ORIENTED_EDGE('',*,*,#4244,.F.);
#5622=ORIENTED_EDGE('',*,*,#4245,.F.);
#5623=ORIENTED_EDGE('',*,*,#4246,.F.);
#5624=ORIENTED_EDGE('',*,*,#4247,.F.);
#5625=ORIENTED_EDGE('',*,*,#4248,.F.);
#5626=ORIENTED_EDGE('',*,*,#4249,.F.);
#5627=ORIENTED_EDGE('',*,*,#4250,.F.);
#5628=ORIENTED_EDGE('',*,*,#4251,.F.);
#5629=ORIENTED_EDGE('',*,*,#4252,.F.);
#5630=ORIENTED_EDGE('',*,*,#4253,.F.);
#5631=ORIENTED_EDGE('',*,*,#4254,.F.);
#5632=ORIENTED_EDGE('',*,*,#4255,.F.);
#5633=ORIENTED_EDGE('',*,*,#4256,.F.);
#5634=ORIENTED_EDGE('',*,*,#4257,.F.);
#5635=ORIENTED_EDGE('',*,*,#4258,.F.);
#5636=ORIENTED_EDGE('',*,*,#4259,.F.);
#5637=ORIENTED_EDGE('',*,*,#4260,.F.);
#5638=ORIENTED_EDGE('',*,*,#4261,.F.);
#5639=ORIENTED_EDGE('',*,*,#4262,.F.);
#5640=ORIENTED_EDGE('',*,*,#4263,.F.);
#5641=ORIENTED_EDGE('',*,*,#4264,.F.);
#5642=ORIENTED_EDGE('',*,*,#4265,.F.);
#5643=ORIENTED_EDGE('',*,*,#4266,.F.);
#5644=ORIENTED_EDGE('',*,*,#4267,.F.);
#5645=ORIENTED_EDGE('',*,*,#4268,.F.);
#5646=ORIENTED_EDGE('',*,*,#4269,.F.);
#5647=ORIENTED_EDGE('',*,*,#4270,.F.);
#5648=ORIENTED_EDGE('',*,*,#4271,.F.);
#5649=ORIENTED_EDGE('',*,*,#4272,.F.);
#5650=ORIENTED_EDGE('',*,*,#4273,.F.);
#5651=ORIENTED_EDGE('',*,*,#4274,.F.);
#5652=ORIENTED_EDGE('',*,*,#4275,.F.);
#5653=ORIENTED_EDGE('',*,*,#4276,.F.);
#5654=ORIENTED_EDGE('',*,*,#4277,.F.);
#5655=ORIENTED_EDGE('',*,*,#4278,.F.);
#5656=ORIENTED_EDGE('',*,*,#4279,.F.);
#5657=ORIENTED_EDGE('',*,*,#4280,.F.);
#5658=ORIENTED_EDGE('',*,*,#4281,.F.);
#5659=ORIENTED_EDGE('',*,*,#4282,.F.);
#5660=ORIENTED_EDGE('',*,*,#4283,.F.);
#5661=ORIENTED_EDGE('',*,*,#4284,.F.);
#5662=ORIENTED_EDGE('',*,*,#4285,.F.);
#5663=ORIENTED_EDGE('',*,*,#4286,.F.);
#5664=ORIENTED_EDGE('',*,*,#4287,.F.);
#5665=ORIENTED_EDGE('',*,*,#4288,.F.);
#5666=ORIENTED_EDGE('',*,*,#4289,.F.);
#5667=ORIENTED_EDGE('',*,*,#4290,.F.);
#5668=ORIENTED_EDGE('',*,*,#4291,.F.);
#5669=ORIENTED_EDGE('',*,*,#4292,.F.);
#5670=ORIENTED_EDGE('',*,*,#4293,.F.);
#5671=ORIENTED_EDGE('',*,*,#4294,.F.);
#5672=ORIENTED_EDGE('',*,*,#4295,.F.);
#5673=ORIENTED_EDGE('',*,*,#4296,.F.);
#5674=ORIENTED_EDGE('',*,*,#4297,.F.);
#5675=ORIENTED_EDGE('',*,*,#4298,.F.);
#5676=ORIENTED_EDGE('',*,*,#4299,.F.);
#5677=ORIENTED_EDGE('',*,*,#4300,.F.);
#5678=ORIENTED_EDGE('',*,*,#4301,.F.);
#5679=ORIENTED_EDGE('',*,*,#4302,.F.);
#5680=ORIENTED_EDGE('',*,*,#4303,.F.);
#5681=ORIENTED_EDGE('',*,*,#4304,.F.);
#5682=ORIENTED_EDGE('',*,*,#4305,.F.);
#5683=ORIENTED_EDGE('',*,*,#4306,.F.);
#5684=ORIENTED_EDGE('',*,*,#4307,.F.);
#5685=ORIENTED_EDGE('',*,*,#4308,.F.);
#5686=ORIENTED_EDGE('',*,*,#4309,.F.);
#5687=ORIENTED_EDGE('',*,*,#4310,.F.);
#5688=ORIENTED_EDGE('',*,*,#4311,.F.);
#5689=ORIENTED_EDGE('',*,*,#4312,.F.);
#5690=ORIENTED_EDGE('',*,*,#4313,.F.);
#5691=ORIENTED_EDGE('',*,*,#4314,.F.);
#5692=ORIENTED_EDGE('',*,*,#4315,.F.);
#5693=ORIENTED_EDGE('',*,*,#4316,.F.);
#5694=ORIENTED_EDGE('',*,*,#4317,.F.);
#5695=ORIENTED_EDGE('',*,*,#4318,.F.);
#5696=ORIENTED_EDGE('',*,*,#4319,.F.);
#5697=ORIENTED_EDGE('',*,*,#4320,.F.);
#5698=ORIENTED_EDGE('',*,*,#4321,.F.);
#5699=ORIENTED_EDGE('',*,*,#4322,.F.);
#5700=ORIENTED_EDGE('',*,*,#4323,.F.);
#5701=ORIENTED_EDGE('',*,*,#4324,.F.);
#5702=ORIENTED_EDGE('',*,*,#4325,.F.);
#5703=ORIENTED_EDGE('',*,*,#4326,.F.);
#5704=ORIENTED_EDGE('',*,*,#4327,.F.);
#5705=ORIENTED_EDGE('',*,*,#4328,.F.);
#5706=ORIENTED_EDGE('',*,*,#4329,.F.);
#5707=ORIENTED_EDGE('',*,*,#4330,.F.);
#5708=ORIENTED_EDGE('',*,*,#4331,.F.);
#5709=ORIENTED_EDGE('',*,*,#4332,.F.);
#5710=ORIENTED_EDGE('',*,*,#4333,.F.);
#5711=ORIENTED_EDGE('',*,*,#4334,.F.);
#5712=ORIENTED_EDGE('',*,*,#4335,.F.);
#5713=ORIENTED_EDGE('',*,*,#4336,.F.);
#5714=ORIENTED_EDGE('',*,*,#4337,.T.);
#5715=ORIENTED_EDGE('',*,*,#4338,.F.);
#5716=ORIENTED_EDGE('',*,*,#4339,.T.);
#5717=ORIENTED_EDGE('',*,*,#4340,.F.);
#5718=ORIENTED_EDGE('',*,*,#4341,.T.);
#5719=ORIENTED_EDGE('',*,*,#4338,.T.);
#5720=ORIENTED_EDGE('',*,*,#4342,.T.);
#5721=ORIENTED_EDGE('',*,*,#4343,.F.);
#5722=ORIENTED_EDGE('',*,*,#4344,.T.);
#5723=ORIENTED_EDGE('',*,*,#4343,.T.);
#5724=ORIENTED_EDGE('',*,*,#4345,.T.);
#5725=ORIENTED_EDGE('',*,*,#4346,.F.);
#5726=ORIENTED_EDGE('',*,*,#4347,.F.);
#5727=ORIENTED_EDGE('',*,*,#4348,.F.);
#5728=ORIENTED_EDGE('',*,*,#4349,.T.);
#5729=ORIENTED_EDGE('',*,*,#4347,.T.);
#5730=ORIENTED_EDGE('',*,*,#4350,.F.);
#5731=ORIENTED_EDGE('',*,*,#4351,.F.);
#5732=ORIENTED_EDGE('',*,*,#4352,.F.);
#5733=ORIENTED_EDGE('',*,*,#4353,.F.);
#5734=ORIENTED_EDGE('',*,*,#4341,.F.);
#5735=ORIENTED_EDGE('',*,*,#4354,.F.);
#5736=ORIENTED_EDGE('',*,*,#4355,.T.);
#5737=ORIENTED_EDGE('',*,*,#4356,.F.);
#5738=ORIENTED_EDGE('',*,*,#4357,.T.);
#5739=ORIENTED_EDGE('',*,*,#4358,.F.);
#5740=ORIENTED_EDGE('',*,*,#4359,.T.);
#5741=ORIENTED_EDGE('',*,*,#4360,.F.);
#5742=ORIENTED_EDGE('',*,*,#4361,.T.);
#5743=ORIENTED_EDGE('',*,*,#4362,.F.);
#5744=ORIENTED_EDGE('',*,*,#4363,.T.);
#5745=ORIENTED_EDGE('',*,*,#4356,.T.);
#5746=ORIENTED_EDGE('',*,*,#4364,.T.);
#5747=ORIENTED_EDGE('',*,*,#4365,.F.);
#5748=ORIENTED_EDGE('',*,*,#4366,.T.);
#5749=ORIENTED_EDGE('',*,*,#4362,.T.);
#5750=ORIENTED_EDGE('',*,*,#4367,.T.);
#5751=ORIENTED_EDGE('',*,*,#4368,.F.);
#5752=ORIENTED_EDGE('',*,*,#4369,.F.);
#5753=ORIENTED_EDGE('',*,*,#4369,.T.);
#5754=ORIENTED_EDGE('',*,*,#4370,.F.);
#5755=ORIENTED_EDGE('',*,*,#4371,.F.);
#5756=ORIENTED_EDGE('',*,*,#4372,.F.);
#5757=ORIENTED_EDGE('',*,*,#4373,.F.);
#5758=ORIENTED_EDGE('',*,*,#4359,.F.);
#5759=ORIENTED_EDGE('',*,*,#4374,.F.);
#5760=ORIENTED_EDGE('',*,*,#4375,.T.);
#5761=ORIENTED_EDGE('',*,*,#4376,.F.);
#5762=ORIENTED_EDGE('',*,*,#4377,.T.);
#5763=ORIENTED_EDGE('',*,*,#4378,.F.);
#5764=ORIENTED_EDGE('',*,*,#4379,.T.);
#5765=ORIENTED_EDGE('',*,*,#4380,.F.);
#5766=ORIENTED_EDGE('',*,*,#4381,.T.);
#5767=ORIENTED_EDGE('',*,*,#4382,.T.);
#5768=ORIENTED_EDGE('',*,*,#4383,.T.);
#5769=ORIENTED_EDGE('',*,*,#4378,.T.);
#5770=ORIENTED_EDGE('',*,*,#4384,.T.);
#5771=ORIENTED_EDGE('',*,*,#4385,.F.);
#5772=ORIENTED_EDGE('',*,*,#4386,.T.);
#5773=ORIENTED_EDGE('',*,*,#4385,.T.);
#5774=ORIENTED_EDGE('',*,*,#4387,.T.);
#5775=ORIENTED_EDGE('',*,*,#4388,.F.);
#5776=ORIENTED_EDGE('',*,*,#4389,.T.);
#5777=ORIENTED_EDGE('',*,*,#4390,.F.);
#5778=ORIENTED_EDGE('',*,*,#4391,.T.);
#5779=ORIENTED_EDGE('',*,*,#4392,.F.);
#5780=ORIENTED_EDGE('',*,*,#4393,.T.);
#5781=ORIENTED_EDGE('',*,*,#4394,.T.);
#5782=ORIENTED_EDGE('',*,*,#4395,.T.);
#5783=ORIENTED_EDGE('',*,*,#4396,.T.);
#5784=ORIENTED_EDGE('',*,*,#4397,.T.);
#5785=ORIENTED_EDGE('',*,*,#4398,.T.);
#5786=ORIENTED_EDGE('',*,*,#4399,.T.);
#5787=ORIENTED_EDGE('',*,*,#4400,.T.);
#5788=ORIENTED_EDGE('',*,*,#4401,.T.);
#5789=ORIENTED_EDGE('',*,*,#4402,.T.);
#5790=ORIENTED_EDGE('',*,*,#4403,.T.);
#5791=ORIENTED_EDGE('',*,*,#4404,.T.);
#5792=ORIENTED_EDGE('',*,*,#4405,.T.);
#5793=ORIENTED_EDGE('',*,*,#4406,.T.);
#5794=ORIENTED_EDGE('',*,*,#4407,.T.);
#5795=ORIENTED_EDGE('',*,*,#4408,.T.);
#5796=ORIENTED_EDGE('',*,*,#4409,.T.);
#5797=ORIENTED_EDGE('',*,*,#4410,.T.);
#5798=ORIENTED_EDGE('',*,*,#4411,.T.);
#5799=ORIENTED_EDGE('',*,*,#4412,.T.);
#5800=ORIENTED_EDGE('',*,*,#4413,.T.);
#5801=ORIENTED_EDGE('',*,*,#4414,.T.);
#5802=ORIENTED_EDGE('',*,*,#4415,.T.);
#5803=ORIENTED_EDGE('',*,*,#4416,.T.);
#5804=ORIENTED_EDGE('',*,*,#4417,.T.);
#5805=ORIENTED_EDGE('',*,*,#4418,.F.);
#5806=ORIENTED_EDGE('',*,*,#4419,.T.);
#5807=ORIENTED_EDGE('',*,*,#4420,.F.);
#5808=ORIENTED_EDGE('',*,*,#4421,.T.);
#5809=ORIENTED_EDGE('',*,*,#4422,.F.);
#5810=ORIENTED_EDGE('',*,*,#4423,.T.);
#5811=ORIENTED_EDGE('',*,*,#4424,.F.);
#5812=ORIENTED_EDGE('',*,*,#4425,.T.);
#5813=ORIENTED_EDGE('',*,*,#4426,.F.);
#5814=ORIENTED_EDGE('',*,*,#4427,.T.);
#5815=ORIENTED_EDGE('',*,*,#4428,.F.);
#5816=ORIENTED_EDGE('',*,*,#4429,.T.);
#5817=ORIENTED_EDGE('',*,*,#4430,.F.);
#5818=ORIENTED_EDGE('',*,*,#4431,.T.);
#5819=ORIENTED_EDGE('',*,*,#4432,.F.);
#5820=ORIENTED_EDGE('',*,*,#4433,.T.);
#5821=ORIENTED_EDGE('',*,*,#4434,.F.);
#5822=ORIENTED_EDGE('',*,*,#4435,.T.);
#5823=ORIENTED_EDGE('',*,*,#4436,.F.);
#5824=ORIENTED_EDGE('',*,*,#4437,.T.);
#5825=ORIENTED_EDGE('',*,*,#4438,.F.);
#5826=ORIENTED_EDGE('',*,*,#4439,.T.);
#5827=ORIENTED_EDGE('',*,*,#4440,.F.);
#5828=ORIENTED_EDGE('',*,*,#4441,.T.);
#5829=ORIENTED_EDGE('',*,*,#4442,.F.);
#5830=ORIENTED_EDGE('',*,*,#4443,.T.);
#5831=ORIENTED_EDGE('',*,*,#4444,.F.);
#5832=ORIENTED_EDGE('',*,*,#4445,.T.);
#5833=ORIENTED_EDGE('',*,*,#4446,.F.);
#5834=ORIENTED_EDGE('',*,*,#4447,.T.);
#5835=ORIENTED_EDGE('',*,*,#4436,.T.);
#5836=ORIENTED_EDGE('',*,*,#4448,.T.);
#5837=ORIENTED_EDGE('',*,*,#4446,.T.);
#5838=ORIENTED_EDGE('',*,*,#4449,.T.);
#5839=ORIENTED_EDGE('',*,*,#4165,.T.);
#5840=ORIENTED_EDGE('',*,*,#4450,.T.);
#5841=ORIENTED_EDGE('',*,*,#4426,.T.);
#5842=ORIENTED_EDGE('',*,*,#4451,.T.);
#5843=ORIENTED_EDGE('',*,*,#4452,.F.);
#5844=ORIENTED_EDGE('',*,*,#4453,.F.);
#5845=ORIENTED_EDGE('',*,*,#4454,.F.);
#5846=ORIENTED_EDGE('',*,*,#4455,.F.);
#5847=ORIENTED_EDGE('',*,*,#4456,.F.);
#5848=ORIENTED_EDGE('',*,*,#4457,.T.);
#5849=ORIENTED_EDGE('',*,*,#4458,.T.);
#5850=ORIENTED_EDGE('',*,*,#4459,.T.);
#5851=ORIENTED_EDGE('',*,*,#4460,.F.);
#5852=ORIENTED_EDGE('',*,*,#4461,.T.);
#5853=ORIENTED_EDGE('',*,*,#4462,.F.);
#5854=ORIENTED_EDGE('',*,*,#4351,.T.);
#5855=ORIENTED_EDGE('',*,*,#4463,.F.);
#5856=ORIENTED_EDGE('',*,*,#4464,.T.);
#5857=ORIENTED_EDGE('',*,*,#4465,.T.);
#5858=ORIENTED_EDGE('',*,*,#4466,.T.);
#5859=ORIENTED_EDGE('',*,*,#4467,.F.);
#5860=ORIENTED_EDGE('',*,*,#4468,.T.);
#5861=ORIENTED_EDGE('',*,*,#4469,.T.);
#5862=ORIENTED_EDGE('',*,*,#4470,.T.);
#5863=ORIENTED_EDGE('',*,*,#4471,.F.);
#5864=ORIENTED_EDGE('',*,*,#4472,.T.);
#5865=ORIENTED_EDGE('',*,*,#4473,.F.);
#5866=ORIENTED_EDGE('',*,*,#4355,.F.);
#5867=ORIENTED_EDGE('',*,*,#4474,.F.);
#5868=ORIENTED_EDGE('',*,*,#4475,.T.);
#5869=ORIENTED_EDGE('',*,*,#4476,.T.);
#5870=ORIENTED_EDGE('',*,*,#4477,.T.);
#5871=ORIENTED_EDGE('',*,*,#4458,.F.);
#5872=ORIENTED_EDGE('',*,*,#4478,.T.);
#5873=ORIENTED_EDGE('',*,*,#4467,.T.);
#5874=ORIENTED_EDGE('',*,*,#4479,.T.);
#5875=ORIENTED_EDGE('',*,*,#4469,.F.);
#5876=ORIENTED_EDGE('',*,*,#4480,.T.);
#5877=ORIENTED_EDGE('',*,*,#4456,.T.);
#5878=ORIENTED_EDGE('',*,*,#4481,.T.);
#5879=ORIENTED_EDGE('',*,*,#4482,.F.);
#5880=ORIENTED_EDGE('',*,*,#4483,.T.);
#5881=ORIENTED_EDGE('',*,*,#4484,.T.);
#5882=ORIENTED_EDGE('',*,*,#4485,.T.);
#5883=ORIENTED_EDGE('',*,*,#4486,.F.);
#5884=ORIENTED_EDGE('',*,*,#4487,.T.);
#5885=ORIENTED_EDGE('',*,*,#4488,.F.);
#5886=ORIENTED_EDGE('',*,*,#4371,.T.);
#5887=ORIENTED_EDGE('',*,*,#4489,.F.);
#5888=ORIENTED_EDGE('',*,*,#4490,.T.);
#5889=ORIENTED_EDGE('',*,*,#4491,.T.);
#5890=ORIENTED_EDGE('',*,*,#4492,.T.);
#5891=ORIENTED_EDGE('',*,*,#4493,.F.);
#5892=ORIENTED_EDGE('',*,*,#4494,.T.);
#5893=ORIENTED_EDGE('',*,*,#4495,.T.);
#5894=ORIENTED_EDGE('',*,*,#4496,.T.);
#5895=ORIENTED_EDGE('',*,*,#4497,.F.);
#5896=ORIENTED_EDGE('',*,*,#4498,.T.);
#5897=ORIENTED_EDGE('',*,*,#4499,.F.);
#5898=ORIENTED_EDGE('',*,*,#4375,.F.);
#5899=ORIENTED_EDGE('',*,*,#4500,.F.);
#5900=ORIENTED_EDGE('',*,*,#4501,.T.);
#5901=ORIENTED_EDGE('',*,*,#4502,.T.);
#5902=ORIENTED_EDGE('',*,*,#4503,.T.);
#5903=ORIENTED_EDGE('',*,*,#4484,.F.);
#5904=ORIENTED_EDGE('',*,*,#4504,.T.);
#5905=ORIENTED_EDGE('',*,*,#4493,.T.);
#5906=ORIENTED_EDGE('',*,*,#4505,.T.);
#5907=ORIENTED_EDGE('',*,*,#4495,.F.);
#5908=ORIENTED_EDGE('',*,*,#4506,.T.);
#5909=ORIENTED_EDGE('',*,*,#4482,.T.);
#5910=ORIENTED_EDGE('',*,*,#4507,.T.);
#5911=ORIENTED_EDGE('',*,*,#4508,.T.);
#5912=ORIENTED_EDGE('',*,*,#4509,.T.);
#5913=ORIENTED_EDGE('',*,*,#4510,.T.);
#5914=ORIENTED_EDGE('',*,*,#4511,.T.);
#5915=ORIENTED_EDGE('',*,*,#4512,.T.);
#5916=ORIENTED_EDGE('',*,*,#4513,.T.);
#5917=ORIENTED_EDGE('',*,*,#4390,.T.);
#5918=ORIENTED_EDGE('',*,*,#4514,.T.);
#5919=ORIENTED_EDGE('',*,*,#4515,.T.);
#5920=ORIENTED_EDGE('',*,*,#4516,.F.);
#5921=ORIENTED_EDGE('',*,*,#4517,.F.);
#5922=ORIENTED_EDGE('',*,*,#4518,.T.);
#5923=ORIENTED_EDGE('',*,*,#4519,.T.);
#5924=ORIENTED_EDGE('',*,*,#4520,.T.);
#5925=ORIENTED_EDGE('',*,*,#4521,.F.);
#5926=ORIENTED_EDGE('',*,*,#4382,.F.);
#5927=ORIENTED_EDGE('',*,*,#4522,.F.);
#5928=ORIENTED_EDGE('',*,*,#4523,.T.);
#5929=ORIENTED_EDGE('',*,*,#4511,.F.);
#5930=ORIENTED_EDGE('',*,*,#4524,.T.);
#5931=ORIENTED_EDGE('',*,*,#4525,.T.);
#5932=ORIENTED_EDGE('',*,*,#4517,.T.);
#5933=ORIENTED_EDGE('',*,*,#4526,.T.);
#5934=ORIENTED_EDGE('',*,*,#4519,.F.);
#5935=ORIENTED_EDGE('',*,*,#4527,.T.);
#5936=ORIENTED_EDGE('',*,*,#4528,.T.);
#5937=ORIENTED_EDGE('',*,*,#4516,.T.);
#5938=ORIENTED_EDGE('',*,*,#4529,.T.);
#5939=ORIENTED_EDGE('',*,*,#4530,.F.);
#5940=ORIENTED_EDGE('',*,*,#4531,.T.);
#5941=ORIENTED_EDGE('',*,*,#4532,.T.);
#5942=ORIENTED_EDGE('',*,*,#4533,.F.);
#5943=ORIENTED_EDGE('',*,*,#4534,.T.);
#5944=ORIENTED_EDGE('',*,*,#4535,.T.);
#5945=ORIENTED_EDGE('',*,*,#4536,.F.);
#5946=ORIENTED_EDGE('',*,*,#4533,.T.);
#5947=ORIENTED_EDGE('',*,*,#4163,.T.);
#5948=ORIENTED_EDGE('',*,*,#4537,.T.);
#5949=ORIENTED_EDGE('',*,*,#4530,.T.);
#5950=ORIENTED_EDGE('',*,*,#4536,.T.);
#5951=ORIENTED_EDGE('',*,*,#4538,.T.);
#5952=ORIENTED_EDGE('',*,*,#4418,.T.);
#5953=ORIENTED_EDGE('',*,*,#4539,.T.);
#5954=ORIENTED_EDGE('',*,*,#4540,.F.);
#5955=ORIENTED_EDGE('',*,*,#4541,.T.);
#5956=ORIENTED_EDGE('',*,*,#4542,.T.);
#5957=ORIENTED_EDGE('',*,*,#4543,.F.);
#5958=ORIENTED_EDGE('',*,*,#4544,.T.);
#5959=ORIENTED_EDGE('',*,*,#4545,.T.);
#5960=ORIENTED_EDGE('',*,*,#4546,.F.);
#5961=ORIENTED_EDGE('',*,*,#4543,.T.);
#5962=ORIENTED_EDGE('',*,*,#4424,.T.);
#5963=ORIENTED_EDGE('',*,*,#4547,.T.);
#5964=ORIENTED_EDGE('',*,*,#4540,.T.);
#5965=ORIENTED_EDGE('',*,*,#4546,.T.);
#5966=ORIENTED_EDGE('',*,*,#4548,.T.);
#5967=ORIENTED_EDGE('',*,*,#4428,.T.);
#5968=ORIENTED_EDGE('',*,*,#4549,.T.);
#5969=ORIENTED_EDGE('',*,*,#4550,.F.);
#5970=ORIENTED_EDGE('',*,*,#4551,.T.);
#5971=ORIENTED_EDGE('',*,*,#4552,.T.);
#5972=ORIENTED_EDGE('',*,*,#4553,.F.);
#5973=ORIENTED_EDGE('',*,*,#4554,.T.);
#5974=ORIENTED_EDGE('',*,*,#4555,.T.);
#5975=ORIENTED_EDGE('',*,*,#4556,.F.);
#5976=ORIENTED_EDGE('',*,*,#4553,.T.);
#5977=ORIENTED_EDGE('',*,*,#4434,.T.);
#5978=ORIENTED_EDGE('',*,*,#4557,.T.);
#5979=ORIENTED_EDGE('',*,*,#4550,.T.);
#5980=ORIENTED_EDGE('',*,*,#4556,.T.);
#5981=ORIENTED_EDGE('',*,*,#4558,.T.);
#5982=ORIENTED_EDGE('',*,*,#4438,.T.);
#5983=ORIENTED_EDGE('',*,*,#4559,.T.);
#5984=ORIENTED_EDGE('',*,*,#4560,.F.);
#5985=ORIENTED_EDGE('',*,*,#4561,.T.);
#5986=ORIENTED_EDGE('',*,*,#4562,.T.);
#5987=ORIENTED_EDGE('',*,*,#4563,.F.);
#5988=ORIENTED_EDGE('',*,*,#4564,.T.);
#5989=ORIENTED_EDGE('',*,*,#4565,.T.);
#5990=ORIENTED_EDGE('',*,*,#4566,.F.);
#5991=ORIENTED_EDGE('',*,*,#4563,.T.);
#5992=ORIENTED_EDGE('',*,*,#4566,.T.);
#5993=ORIENTED_EDGE('',*,*,#4567,.T.);
#5994=ORIENTED_EDGE('',*,*,#4157,.T.);
#5995=ORIENTED_EDGE('',*,*,#4568,.T.);
#5996=ORIENTED_EDGE('',*,*,#4444,.T.);
#5997=ORIENTED_EDGE('',*,*,#4569,.T.);
#5998=ORIENTED_EDGE('',*,*,#4560,.T.);
#5999=ORIENTED_EDGE('',*,*,#4452,.T.);
#6000=ORIENTED_EDGE('',*,*,#4570,.F.);
#6001=ORIENTED_EDGE('',*,*,#4571,.F.);
#6002=ORIENTED_EDGE('',*,*,#4572,.T.);
#6003=ORIENTED_EDGE('',*,*,#4455,.T.);
#6004=ORIENTED_EDGE('',*,*,#4573,.F.);
#6005=ORIENTED_EDGE('',*,*,#4574,.F.);
#6006=ORIENTED_EDGE('',*,*,#4570,.T.);
#6007=ORIENTED_EDGE('',*,*,#4454,.T.);
#6008=ORIENTED_EDGE('',*,*,#4575,.F.);
#6009=ORIENTED_EDGE('',*,*,#4576,.F.);
#6010=ORIENTED_EDGE('',*,*,#4573,.T.);
#6011=ORIENTED_EDGE('',*,*,#4453,.T.);
#6012=ORIENTED_EDGE('',*,*,#4572,.F.);
#6013=ORIENTED_EDGE('',*,*,#4577,.F.);
#6014=ORIENTED_EDGE('',*,*,#4575,.T.);
#6015=ORIENTED_EDGE('',*,*,#4571,.T.);
#6016=ORIENTED_EDGE('',*,*,#4574,.T.);
#6017=ORIENTED_EDGE('',*,*,#4576,.T.);
#6018=ORIENTED_EDGE('',*,*,#4577,.T.);
#6019=ORIENTED_EDGE('',*,*,#4513,.F.);
#6020=ORIENTED_EDGE('',*,*,#4578,.T.);
#6021=ORIENTED_EDGE('',*,*,#4522,.T.);
#6022=ORIENTED_EDGE('',*,*,#4579,.T.);
#6023=ORIENTED_EDGE('',*,*,#4380,.T.);
#6024=ORIENTED_EDGE('',*,*,#4580,.T.);
#6025=ORIENTED_EDGE('',*,*,#4392,.T.);
#6026=ORIENTED_EDGE('',*,*,#4581,.T.);
#6027=ORIENTED_EDGE('',*,*,#4502,.F.);
#6028=ORIENTED_EDGE('',*,*,#4582,.T.);
#6029=ORIENTED_EDGE('',*,*,#4486,.T.);
#6030=ORIENTED_EDGE('',*,*,#4583,.T.);
#6031=ORIENTED_EDGE('',*,*,#4358,.T.);
#6032=ORIENTED_EDGE('',*,*,#4584,.T.);
#6033=ORIENTED_EDGE('',*,*,#4365,.T.);
#6034=ORIENTED_EDGE('',*,*,#4372,.T.);
#6035=ORIENTED_EDGE('',*,*,#4488,.T.);
#6036=ORIENTED_EDGE('',*,*,#4585,.T.);
#6037=ORIENTED_EDGE('',*,*,#4500,.T.);
#6038=ORIENTED_EDGE('',*,*,#4374,.T.);
#6039=ORIENTED_EDGE('',*,*,#4476,.F.);
#6040=ORIENTED_EDGE('',*,*,#4586,.T.);
#6041=ORIENTED_EDGE('',*,*,#4460,.T.);
#6042=ORIENTED_EDGE('',*,*,#4587,.T.);
#6043=ORIENTED_EDGE('',*,*,#4340,.T.);
#6044=ORIENTED_EDGE('',*,*,#4588,.T.);
#6045=ORIENTED_EDGE('',*,*,#4348,.T.);
#6046=ORIENTED_EDGE('',*,*,#4352,.T.);
#6047=ORIENTED_EDGE('',*,*,#4462,.T.);
#6048=ORIENTED_EDGE('',*,*,#4589,.T.);
#6049=ORIENTED_EDGE('',*,*,#4474,.T.);
#6050=ORIENTED_EDGE('',*,*,#4354,.T.);
#6051=ORIENTED_EDGE('',*,*,#4514,.F.);
#6052=ORIENTED_EDGE('',*,*,#4590,.T.);
#6053=ORIENTED_EDGE('',*,*,#4521,.T.);
#6054=ORIENTED_EDGE('',*,*,#4591,.T.);
#6055=ORIENTED_EDGE('',*,*,#4388,.T.);
#6056=ORIENTED_EDGE('',*,*,#4592,.T.);
#6057=ORIENTED_EDGE('',*,*,#4376,.T.);
#6058=ORIENTED_EDGE('',*,*,#4593,.T.);
#6059=ORIENTED_EDGE('',*,*,#4491,.F.);
#6060=ORIENTED_EDGE('',*,*,#4594,.T.);
#6061=ORIENTED_EDGE('',*,*,#4497,.T.);
#6062=ORIENTED_EDGE('',*,*,#4595,.T.);
#6063=ORIENTED_EDGE('',*,*,#4368,.T.);
#6064=ORIENTED_EDGE('',*,*,#4596,.T.);
#6065=ORIENTED_EDGE('',*,*,#4360,.T.);
#6066=ORIENTED_EDGE('',*,*,#4373,.T.);
#6067=ORIENTED_EDGE('',*,*,#4499,.T.);
#6068=ORIENTED_EDGE('',*,*,#4597,.T.);
#6069=ORIENTED_EDGE('',*,*,#4489,.T.);
#6070=ORIENTED_EDGE('',*,*,#4370,.T.);
#6071=ORIENTED_EDGE('',*,*,#4471,.T.);
#6072=ORIENTED_EDGE('',*,*,#4598,.T.);
#6073=ORIENTED_EDGE('',*,*,#4465,.F.);
#6074=ORIENTED_EDGE('',*,*,#4599,.T.);
#6075=ORIENTED_EDGE('',*,*,#4346,.T.);
#6076=ORIENTED_EDGE('',*,*,#4600,.T.);
#6077=ORIENTED_EDGE('',*,*,#4336,.T.);
#6078=ORIENTED_EDGE('',*,*,#4353,.T.);
#6079=ORIENTED_EDGE('',*,*,#4473,.T.);
#6080=ORIENTED_EDGE('',*,*,#4601,.T.);
#6081=ORIENTED_EDGE('',*,*,#4463,.T.);
#6082=ORIENTED_EDGE('',*,*,#4350,.T.);
#6083=ORIENTED_EDGE('',*,*,#4345,.F.);
#6084=ORIENTED_EDGE('',*,*,#4342,.F.);
#6085=ORIENTED_EDGE('',*,*,#4337,.F.);
#6086=ORIENTED_EDGE('',*,*,#4600,.F.);
#6087=ORIENTED_EDGE('',*,*,#4339,.F.);
#6088=ORIENTED_EDGE('',*,*,#4344,.F.);
#6089=ORIENTED_EDGE('',*,*,#4349,.F.);
#6090=ORIENTED_EDGE('',*,*,#4588,.F.);
#6091=ORIENTED_EDGE('',*,*,#4357,.F.);
#6092=ORIENTED_EDGE('',*,*,#4363,.F.);
#6093=ORIENTED_EDGE('',*,*,#4366,.F.);
#6094=ORIENTED_EDGE('',*,*,#4584,.F.);
#6095=ORIENTED_EDGE('',*,*,#4367,.F.);
#6096=ORIENTED_EDGE('',*,*,#4364,.F.);
#6097=ORIENTED_EDGE('',*,*,#4361,.F.);
#6098=ORIENTED_EDGE('',*,*,#4596,.F.);
#6099=ORIENTED_EDGE('',*,*,#4387,.F.);
#6100=ORIENTED_EDGE('',*,*,#4384,.F.);
#6101=ORIENTED_EDGE('',*,*,#4377,.F.);
#6102=ORIENTED_EDGE('',*,*,#4592,.F.);
#6103=ORIENTED_EDGE('',*,*,#4379,.F.);
#6104=ORIENTED_EDGE('',*,*,#4386,.F.);
#6105=ORIENTED_EDGE('',*,*,#4393,.F.);
#6106=ORIENTED_EDGE('',*,*,#4580,.F.);
#6107=ORIENTED_EDGE('',*,*,#4470,.F.);
#6108=ORIENTED_EDGE('',*,*,#4481,.F.);
#6109=ORIENTED_EDGE('',*,*,#4466,.F.);
#6110=ORIENTED_EDGE('',*,*,#4598,.F.);
#6111=ORIENTED_EDGE('',*,*,#4472,.F.);
#6112=ORIENTED_EDGE('',*,*,#4599,.F.);
#6113=ORIENTED_EDGE('',*,*,#4464,.F.);
#6114=ORIENTED_EDGE('',*,*,#4601,.F.);
#6115=ORIENTED_EDGE('',*,*,#4461,.F.);
#6116=ORIENTED_EDGE('',*,*,#4586,.F.);
#6117=ORIENTED_EDGE('',*,*,#4475,.F.);
#6118=ORIENTED_EDGE('',*,*,#4589,.F.);
#6119=ORIENTED_EDGE('',*,*,#4459,.F.);
#6120=ORIENTED_EDGE('',*,*,#4479,.F.);
#6121=ORIENTED_EDGE('',*,*,#4477,.F.);
#6122=ORIENTED_EDGE('',*,*,#4587,.F.);
#6123=ORIENTED_EDGE('',*,*,#4487,.F.);
#6124=ORIENTED_EDGE('',*,*,#4582,.F.);
#6125=ORIENTED_EDGE('',*,*,#4501,.F.);
#6126=ORIENTED_EDGE('',*,*,#4585,.F.);
#6127=ORIENTED_EDGE('',*,*,#4485,.F.);
#6128=ORIENTED_EDGE('',*,*,#4505,.F.);
#6129=ORIENTED_EDGE('',*,*,#4503,.F.);
#6130=ORIENTED_EDGE('',*,*,#4583,.F.);
#6131=ORIENTED_EDGE('',*,*,#4498,.F.);
#6132=ORIENTED_EDGE('',*,*,#4594,.F.);
#6133=ORIENTED_EDGE('',*,*,#4490,.F.);
#6134=ORIENTED_EDGE('',*,*,#4597,.F.);
#6135=ORIENTED_EDGE('',*,*,#4496,.F.);
#6136=ORIENTED_EDGE('',*,*,#4507,.F.);
#6137=ORIENTED_EDGE('',*,*,#4492,.F.);
#6138=ORIENTED_EDGE('',*,*,#4595,.F.);
#6139=ORIENTED_EDGE('',*,*,#4383,.F.);
#6140=ORIENTED_EDGE('',*,*,#4590,.F.);
#6141=ORIENTED_EDGE('',*,*,#4389,.F.);
#6142=ORIENTED_EDGE('',*,*,#4593,.F.);
#6143=ORIENTED_EDGE('',*,*,#4520,.F.);
#6144=ORIENTED_EDGE('',*,*,#4529,.F.);
#6145=ORIENTED_EDGE('',*,*,#4515,.F.);
#6146=ORIENTED_EDGE('',*,*,#4591,.F.);
#6147=ORIENTED_EDGE('',*,*,#4512,.F.);
#6148=ORIENTED_EDGE('',*,*,#4526,.F.);
#6149=ORIENTED_EDGE('',*,*,#4523,.F.);
#6150=ORIENTED_EDGE('',*,*,#4578,.F.);
#6151=ORIENTED_EDGE('',*,*,#4391,.F.);
#6152=ORIENTED_EDGE('',*,*,#4579,.F.);
#6153=ORIENTED_EDGE('',*,*,#4381,.F.);
#6154=ORIENTED_EDGE('',*,*,#4581,.F.);
#6155=ORIENTED_EDGE('',*,*,#4602,.F.);
#6156=ORIENTED_EDGE('',*,*,#4429,.F.);
#6157=ORIENTED_EDGE('',*,*,#4548,.F.);
#6158=ORIENTED_EDGE('',*,*,#4545,.F.);
#6159=ORIENTED_EDGE('',*,*,#4430,.T.);
#6160=ORIENTED_EDGE('',*,*,#4602,.T.);
#6161=ORIENTED_EDGE('',*,*,#4603,.F.);
#6162=ORIENTED_EDGE('',*,*,#4604,.F.);
#6163=ORIENTED_EDGE('',*,*,#4603,.T.);
#6164=ORIENTED_EDGE('',*,*,#4544,.F.);
#6165=ORIENTED_EDGE('',*,*,#4605,.F.);
#6166=ORIENTED_EDGE('',*,*,#4401,.F.);
#6167=ORIENTED_EDGE('',*,*,#4604,.T.);
#6168=ORIENTED_EDGE('',*,*,#4400,.F.);
#6169=ORIENTED_EDGE('',*,*,#4606,.F.);
#6170=ORIENTED_EDGE('',*,*,#4431,.F.);
#6171=ORIENTED_EDGE('',*,*,#4557,.F.);
#6172=ORIENTED_EDGE('',*,*,#4433,.F.);
#6173=ORIENTED_EDGE('',*,*,#4607,.F.);
#6174=ORIENTED_EDGE('',*,*,#4551,.F.);
#6175=ORIENTED_EDGE('',*,*,#4547,.F.);
#6176=ORIENTED_EDGE('',*,*,#4423,.F.);
#6177=ORIENTED_EDGE('',*,*,#4608,.F.);
#6178=ORIENTED_EDGE('',*,*,#4541,.F.);
#6179=ORIENTED_EDGE('',*,*,#4605,.T.);
#6180=ORIENTED_EDGE('',*,*,#4542,.F.);
#6181=ORIENTED_EDGE('',*,*,#4609,.F.);
#6182=ORIENTED_EDGE('',*,*,#4402,.F.);
#6183=ORIENTED_EDGE('',*,*,#4432,.T.);
#6184=ORIENTED_EDGE('',*,*,#4606,.T.);
#6185=ORIENTED_EDGE('',*,*,#4610,.F.);
#6186=ORIENTED_EDGE('',*,*,#4607,.T.);
#6187=ORIENTED_EDGE('',*,*,#4608,.T.);
#6188=ORIENTED_EDGE('',*,*,#4422,.T.);
#6189=ORIENTED_EDGE('',*,*,#4611,.F.);
#6190=ORIENTED_EDGE('',*,*,#4609,.T.);
#6191=ORIENTED_EDGE('',*,*,#4610,.T.);
#6192=ORIENTED_EDGE('',*,*,#4399,.F.);
#6193=ORIENTED_EDGE('',*,*,#4612,.F.);
#6194=ORIENTED_EDGE('',*,*,#4552,.F.);
#6195=ORIENTED_EDGE('',*,*,#4538,.F.);
#6196=ORIENTED_EDGE('',*,*,#4535,.F.);
#6197=ORIENTED_EDGE('',*,*,#4613,.F.);
#6198=ORIENTED_EDGE('',*,*,#4419,.F.);
#6199=ORIENTED_EDGE('',*,*,#4611,.T.);
#6200=ORIENTED_EDGE('',*,*,#4421,.F.);
#6201=ORIENTED_EDGE('',*,*,#4614,.F.);
#6202=ORIENTED_EDGE('',*,*,#4403,.F.);
#6203=ORIENTED_EDGE('',*,*,#4612,.T.);
#6204=ORIENTED_EDGE('',*,*,#4398,.F.);
#6205=ORIENTED_EDGE('',*,*,#4615,.F.);
#6206=ORIENTED_EDGE('',*,*,#4554,.F.);
#6207=ORIENTED_EDGE('',*,*,#4558,.F.);
#6208=ORIENTED_EDGE('',*,*,#4555,.F.);
#6209=ORIENTED_EDGE('',*,*,#4616,.F.);
#6210=ORIENTED_EDGE('',*,*,#4439,.F.);
#6211=ORIENTED_EDGE('',*,*,#4420,.T.);
#6212=ORIENTED_EDGE('',*,*,#4613,.T.);
#6213=ORIENTED_EDGE('',*,*,#4617,.F.);
#6214=ORIENTED_EDGE('',*,*,#4614,.T.);
#6215=ORIENTED_EDGE('',*,*,#4616,.T.);
#6216=ORIENTED_EDGE('',*,*,#4615,.T.);
#6217=ORIENTED_EDGE('',*,*,#4618,.F.);
#6218=ORIENTED_EDGE('',*,*,#4440,.T.);
#6219=ORIENTED_EDGE('',*,*,#4617,.T.);
#6220=ORIENTED_EDGE('',*,*,#4534,.F.);
#6221=ORIENTED_EDGE('',*,*,#4619,.F.);
#6222=ORIENTED_EDGE('',*,*,#4404,.F.);
#6223=ORIENTED_EDGE('',*,*,#4618,.T.);
#6224=ORIENTED_EDGE('',*,*,#4397,.F.);
#6225=ORIENTED_EDGE('',*,*,#4620,.F.);
#6226=ORIENTED_EDGE('',*,*,#4441,.F.);
#6227=ORIENTED_EDGE('',*,*,#4569,.F.);
#6228=ORIENTED_EDGE('',*,*,#4443,.F.);
#6229=ORIENTED_EDGE('',*,*,#4621,.F.);
#6230=ORIENTED_EDGE('',*,*,#4561,.F.);
#6231=ORIENTED_EDGE('',*,*,#4537,.F.);
#6232=ORIENTED_EDGE('',*,*,#4162,.F.);
#6233=ORIENTED_EDGE('',*,*,#4622,.F.);
#6234=ORIENTED_EDGE('',*,*,#4531,.F.);
#6235=ORIENTED_EDGE('',*,*,#4619,.T.);
#6236=ORIENTED_EDGE('',*,*,#4532,.F.);
#6237=ORIENTED_EDGE('',*,*,#4623,.F.);
#6238=ORIENTED_EDGE('',*,*,#4405,.F.);
#6239=ORIENTED_EDGE('',*,*,#4442,.T.);
#6240=ORIENTED_EDGE('',*,*,#4620,.T.);
#6241=ORIENTED_EDGE('',*,*,#4624,.F.);
#6242=ORIENTED_EDGE('',*,*,#4621,.T.);
#6243=ORIENTED_EDGE('',*,*,#4622,.T.);
#6244=ORIENTED_EDGE('',*,*,#4161,.T.);
#6245=ORIENTED_EDGE('',*,*,#4625,.F.);
#6246=ORIENTED_EDGE('',*,*,#4623,.T.);
#6247=ORIENTED_EDGE('',*,*,#4624,.T.);
#6248=ORIENTED_EDGE('',*,*,#4396,.F.);
#6249=ORIENTED_EDGE('',*,*,#4626,.F.);
#6250=ORIENTED_EDGE('',*,*,#4562,.F.);
#6251=ORIENTED_EDGE('',*,*,#4625,.T.);
#6252=ORIENTED_EDGE('',*,*,#4160,.F.);
#6253=ORIENTED_EDGE('',*,*,#4627,.F.);
#6254=ORIENTED_EDGE('',*,*,#4394,.F.);
#6255=ORIENTED_EDGE('',*,*,#4626,.T.);
#6256=ORIENTED_EDGE('',*,*,#4395,.F.);
#6257=ORIENTED_EDGE('',*,*,#4628,.F.);
#6258=ORIENTED_EDGE('',*,*,#4564,.F.);
#6259=ORIENTED_EDGE('',*,*,#4627,.T.);
#6260=ORIENTED_EDGE('',*,*,#4159,.T.);
#6261=ORIENTED_EDGE('',*,*,#4629,.F.);
#6262=ORIENTED_EDGE('',*,*,#4628,.T.);
#6263=ORIENTED_EDGE('',*,*,#4567,.F.);
#6264=ORIENTED_EDGE('',*,*,#4565,.F.);
#6265=ORIENTED_EDGE('',*,*,#4629,.T.);
#6266=ORIENTED_EDGE('',*,*,#4158,.F.);
#6267=ORIENTED_EDGE('',*,*,#4630,.F.);
#6268=ORIENTED_EDGE('',*,*,#4409,.F.);
#6269=ORIENTED_EDGE('',*,*,#4631,.F.);
#6270=ORIENTED_EDGE('',*,*,#4478,.F.);
#6271=ORIENTED_EDGE('',*,*,#4631,.T.);
#6272=ORIENTED_EDGE('',*,*,#4408,.F.);
#6273=ORIENTED_EDGE('',*,*,#4632,.F.);
#6274=ORIENTED_EDGE('',*,*,#4468,.F.);
#6275=ORIENTED_EDGE('',*,*,#4630,.T.);
#6276=ORIENTED_EDGE('',*,*,#4457,.F.);
#6277=ORIENTED_EDGE('',*,*,#4633,.F.);
#6278=ORIENTED_EDGE('',*,*,#4406,.F.);
#6279=ORIENTED_EDGE('',*,*,#4632,.T.);
#6280=ORIENTED_EDGE('',*,*,#4407,.F.);
#6281=ORIENTED_EDGE('',*,*,#4633,.T.);
#6282=ORIENTED_EDGE('',*,*,#4480,.F.);
#6283=ORIENTED_EDGE('',*,*,#4634,.F.);
#6284=ORIENTED_EDGE('',*,*,#4413,.F.);
#6285=ORIENTED_EDGE('',*,*,#4635,.F.);
#6286=ORIENTED_EDGE('',*,*,#4504,.F.);
#6287=ORIENTED_EDGE('',*,*,#4635,.T.);
#6288=ORIENTED_EDGE('',*,*,#4412,.F.);
#6289=ORIENTED_EDGE('',*,*,#4636,.F.);
#6290=ORIENTED_EDGE('',*,*,#4494,.F.);
#6291=ORIENTED_EDGE('',*,*,#4634,.T.);
#6292=ORIENTED_EDGE('',*,*,#4483,.F.);
#6293=ORIENTED_EDGE('',*,*,#4637,.F.);
#6294=ORIENTED_EDGE('',*,*,#4410,.F.);
#6295=ORIENTED_EDGE('',*,*,#4636,.T.);
#6296=ORIENTED_EDGE('',*,*,#4411,.F.);
#6297=ORIENTED_EDGE('',*,*,#4637,.T.);
#6298=ORIENTED_EDGE('',*,*,#4506,.F.);
#6299=ORIENTED_EDGE('',*,*,#4638,.F.);
#6300=ORIENTED_EDGE('',*,*,#4417,.F.);
#6301=ORIENTED_EDGE('',*,*,#4639,.F.);
#6302=ORIENTED_EDGE('',*,*,#4524,.F.);
#6303=ORIENTED_EDGE('',*,*,#4510,.F.);
#6304=ORIENTED_EDGE('',*,*,#4639,.T.);
#6305=ORIENTED_EDGE('',*,*,#4416,.F.);
#6306=ORIENTED_EDGE('',*,*,#4640,.F.);
#6307=ORIENTED_EDGE('',*,*,#4527,.F.);
#6308=ORIENTED_EDGE('',*,*,#4518,.F.);
#6309=ORIENTED_EDGE('',*,*,#4525,.F.);
#6310=ORIENTED_EDGE('',*,*,#4509,.F.);
#6311=ORIENTED_EDGE('',*,*,#4641,.F.);
#6312=ORIENTED_EDGE('',*,*,#4414,.F.);
#6313=ORIENTED_EDGE('',*,*,#4638,.T.);
#6314=ORIENTED_EDGE('',*,*,#4640,.T.);
#6315=ORIENTED_EDGE('',*,*,#4415,.F.);
#6316=ORIENTED_EDGE('',*,*,#4641,.T.);
#6317=ORIENTED_EDGE('',*,*,#4508,.F.);
#6318=ORIENTED_EDGE('',*,*,#4528,.F.);
#6319=ORIENTED_EDGE('',*,*,#4448,.F.);
#6320=ORIENTED_EDGE('',*,*,#4435,.F.);
#6321=ORIENTED_EDGE('',*,*,#4559,.F.);
#6322=ORIENTED_EDGE('',*,*,#4447,.F.);
#6323=ORIENTED_EDGE('',*,*,#4449,.F.);
#6324=ORIENTED_EDGE('',*,*,#4445,.F.);
#6325=ORIENTED_EDGE('',*,*,#4568,.F.);
#6326=ORIENTED_EDGE('',*,*,#4166,.F.);
#6327=ORIENTED_EDGE('',*,*,#4450,.F.);
#6328=ORIENTED_EDGE('',*,*,#4164,.F.);
#6329=ORIENTED_EDGE('',*,*,#4539,.F.);
#6330=ORIENTED_EDGE('',*,*,#4427,.F.);
#6331=ORIENTED_EDGE('',*,*,#4451,.F.);
#6332=ORIENTED_EDGE('',*,*,#4425,.F.);
#6333=ORIENTED_EDGE('',*,*,#4549,.F.);
#6334=ORIENTED_EDGE('',*,*,#4437,.F.);
#6335=ORIENTED_EDGE('',*,*,#4167,.T.);
#6336=ORIENTED_EDGE('',*,*,#4642,.F.);
#6337=ORIENTED_EDGE('',*,*,#4643,.F.);
#6338=ORIENTED_EDGE('',*,*,#4644,.T.);
#6339=ORIENTED_EDGE('',*,*,#4172,.T.);
#6340=ORIENTED_EDGE('',*,*,#4645,.F.);
#6341=ORIENTED_EDGE('',*,*,#4646,.F.);
#6342=ORIENTED_EDGE('',*,*,#4642,.T.);
#6343=ORIENTED_EDGE('',*,*,#4171,.T.);
#6344=ORIENTED_EDGE('',*,*,#4647,.F.);
#6345=ORIENTED_EDGE('',*,*,#4648,.F.);
#6346=ORIENTED_EDGE('',*,*,#4645,.T.);
#6347=ORIENTED_EDGE('',*,*,#4170,.T.);
#6348=ORIENTED_EDGE('',*,*,#4649,.F.);
#6349=ORIENTED_EDGE('',*,*,#4650,.F.);
#6350=ORIENTED_EDGE('',*,*,#4647,.T.);
#6351=ORIENTED_EDGE('',*,*,#4169,.T.);
#6352=ORIENTED_EDGE('',*,*,#4651,.F.);
#6353=ORIENTED_EDGE('',*,*,#4652,.F.);
#6354=ORIENTED_EDGE('',*,*,#4649,.T.);
#6355=ORIENTED_EDGE('',*,*,#4168,.T.);
#6356=ORIENTED_EDGE('',*,*,#4644,.F.);
#6357=ORIENTED_EDGE('',*,*,#4653,.F.);
#6358=ORIENTED_EDGE('',*,*,#4651,.T.);
#6359=ORIENTED_EDGE('',*,*,#4643,.T.);
#6360=ORIENTED_EDGE('',*,*,#4646,.T.);
#6361=ORIENTED_EDGE('',*,*,#4648,.T.);
#6362=ORIENTED_EDGE('',*,*,#4650,.T.);
#6363=ORIENTED_EDGE('',*,*,#4652,.T.);
#6364=ORIENTED_EDGE('',*,*,#4653,.T.);
#6365=ORIENTED_EDGE('',*,*,#4322,.T.);
#6366=ORIENTED_EDGE('',*,*,#4654,.F.);
#6367=ORIENTED_EDGE('',*,*,#4655,.F.);
#6368=ORIENTED_EDGE('',*,*,#4656,.T.);
#6369=ORIENTED_EDGE('',*,*,#4335,.T.);
#6370=ORIENTED_EDGE('',*,*,#4657,.F.);
#6371=ORIENTED_EDGE('',*,*,#4658,.F.);
#6372=ORIENTED_EDGE('',*,*,#4654,.T.);
#6373=ORIENTED_EDGE('',*,*,#4334,.T.);
#6374=ORIENTED_EDGE('',*,*,#4659,.F.);
#6375=ORIENTED_EDGE('',*,*,#4660,.F.);
#6376=ORIENTED_EDGE('',*,*,#4657,.T.);
#6377=ORIENTED_EDGE('',*,*,#4333,.T.);
#6378=ORIENTED_EDGE('',*,*,#4661,.F.);
#6379=ORIENTED_EDGE('',*,*,#4662,.F.);
#6380=ORIENTED_EDGE('',*,*,#4659,.T.);
#6381=ORIENTED_EDGE('',*,*,#4332,.T.);
#6382=ORIENTED_EDGE('',*,*,#4663,.F.);
#6383=ORIENTED_EDGE('',*,*,#4664,.F.);
#6384=ORIENTED_EDGE('',*,*,#4661,.T.);
#6385=ORIENTED_EDGE('',*,*,#4331,.T.);
#6386=ORIENTED_EDGE('',*,*,#4665,.F.);
#6387=ORIENTED_EDGE('',*,*,#4666,.F.);
#6388=ORIENTED_EDGE('',*,*,#4663,.T.);
#6389=ORIENTED_EDGE('',*,*,#4330,.T.);
#6390=ORIENTED_EDGE('',*,*,#4667,.F.);
#6391=ORIENTED_EDGE('',*,*,#4668,.F.);
#6392=ORIENTED_EDGE('',*,*,#4665,.T.);
#6393=ORIENTED_EDGE('',*,*,#4329,.T.);
#6394=ORIENTED_EDGE('',*,*,#4669,.F.);
#6395=ORIENTED_EDGE('',*,*,#4670,.F.);
#6396=ORIENTED_EDGE('',*,*,#4667,.T.);
#6397=ORIENTED_EDGE('',*,*,#4328,.T.);
#6398=ORIENTED_EDGE('',*,*,#4671,.F.);
#6399=ORIENTED_EDGE('',*,*,#4672,.F.);
#6400=ORIENTED_EDGE('',*,*,#4669,.T.);
#6401=ORIENTED_EDGE('',*,*,#4327,.T.);
#6402=ORIENTED_EDGE('',*,*,#4673,.F.);
#6403=ORIENTED_EDGE('',*,*,#4674,.F.);
#6404=ORIENTED_EDGE('',*,*,#4671,.T.);
#6405=ORIENTED_EDGE('',*,*,#4326,.T.);
#6406=ORIENTED_EDGE('',*,*,#4675,.F.);
#6407=ORIENTED_EDGE('',*,*,#4676,.F.);
#6408=ORIENTED_EDGE('',*,*,#4673,.T.);
#6409=ORIENTED_EDGE('',*,*,#4325,.T.);
#6410=ORIENTED_EDGE('',*,*,#4677,.F.);
#6411=ORIENTED_EDGE('',*,*,#4678,.F.);
#6412=ORIENTED_EDGE('',*,*,#4675,.T.);
#6413=ORIENTED_EDGE('',*,*,#4324,.T.);
#6414=ORIENTED_EDGE('',*,*,#4679,.F.);
#6415=ORIENTED_EDGE('',*,*,#4680,.F.);
#6416=ORIENTED_EDGE('',*,*,#4677,.T.);
#6417=ORIENTED_EDGE('',*,*,#4323,.T.);
#6418=ORIENTED_EDGE('',*,*,#4656,.F.);
#6419=ORIENTED_EDGE('',*,*,#4681,.F.);
#6420=ORIENTED_EDGE('',*,*,#4679,.T.);
#6421=ORIENTED_EDGE('',*,*,#4655,.T.);
#6422=ORIENTED_EDGE('',*,*,#4658,.T.);
#6423=ORIENTED_EDGE('',*,*,#4660,.T.);
#6424=ORIENTED_EDGE('',*,*,#4662,.T.);
#6425=ORIENTED_EDGE('',*,*,#4664,.T.);
#6426=ORIENTED_EDGE('',*,*,#4666,.T.);
#6427=ORIENTED_EDGE('',*,*,#4668,.T.);
#6428=ORIENTED_EDGE('',*,*,#4670,.T.);
#6429=ORIENTED_EDGE('',*,*,#4672,.T.);
#6430=ORIENTED_EDGE('',*,*,#4674,.T.);
#6431=ORIENTED_EDGE('',*,*,#4676,.T.);
#6432=ORIENTED_EDGE('',*,*,#4678,.T.);
#6433=ORIENTED_EDGE('',*,*,#4680,.T.);
#6434=ORIENTED_EDGE('',*,*,#4681,.T.);
#6435=ORIENTED_EDGE('',*,*,#4173,.T.);
#6436=ORIENTED_EDGE('',*,*,#4682,.F.);
#6437=ORIENTED_EDGE('',*,*,#4683,.F.);
#6438=ORIENTED_EDGE('',*,*,#4684,.T.);
#6439=ORIENTED_EDGE('',*,*,#4184,.T.);
#6440=ORIENTED_EDGE('',*,*,#4685,.F.);
#6441=ORIENTED_EDGE('',*,*,#4686,.F.);
#6442=ORIENTED_EDGE('',*,*,#4682,.T.);
#6443=ORIENTED_EDGE('',*,*,#4183,.T.);
#6444=ORIENTED_EDGE('',*,*,#4687,.F.);
#6445=ORIENTED_EDGE('',*,*,#4688,.F.);
#6446=ORIENTED_EDGE('',*,*,#4685,.T.);
#6447=ORIENTED_EDGE('',*,*,#4182,.T.);
#6448=ORIENTED_EDGE('',*,*,#4689,.F.);
#6449=ORIENTED_EDGE('',*,*,#4690,.F.);
#6450=ORIENTED_EDGE('',*,*,#4687,.T.);
#6451=ORIENTED_EDGE('',*,*,#4181,.T.);
#6452=ORIENTED_EDGE('',*,*,#4691,.F.);
#6453=ORIENTED_EDGE('',*,*,#4692,.F.);
#6454=ORIENTED_EDGE('',*,*,#4689,.T.);
#6455=ORIENTED_EDGE('',*,*,#4180,.T.);
#6456=ORIENTED_EDGE('',*,*,#4693,.F.);
#6457=ORIENTED_EDGE('',*,*,#4694,.F.);
#6458=ORIENTED_EDGE('',*,*,#4691,.T.);
#6459=ORIENTED_EDGE('',*,*,#4179,.T.);
#6460=ORIENTED_EDGE('',*,*,#4695,.F.);
#6461=ORIENTED_EDGE('',*,*,#4696,.F.);
#6462=ORIENTED_EDGE('',*,*,#4693,.T.);
#6463=ORIENTED_EDGE('',*,*,#4178,.T.);
#6464=ORIENTED_EDGE('',*,*,#4697,.F.);
#6465=ORIENTED_EDGE('',*,*,#4698,.F.);
#6466=ORIENTED_EDGE('',*,*,#4695,.T.);
#6467=ORIENTED_EDGE('',*,*,#4177,.T.);
#6468=ORIENTED_EDGE('',*,*,#4699,.F.);
#6469=ORIENTED_EDGE('',*,*,#4700,.F.);
#6470=ORIENTED_EDGE('',*,*,#4697,.T.);
#6471=ORIENTED_EDGE('',*,*,#4176,.T.);
#6472=ORIENTED_EDGE('',*,*,#4701,.F.);
#6473=ORIENTED_EDGE('',*,*,#4702,.F.);
#6474=ORIENTED_EDGE('',*,*,#4699,.T.);
#6475=ORIENTED_EDGE('',*,*,#4175,.T.);
#6476=ORIENTED_EDGE('',*,*,#4703,.F.);
#6477=ORIENTED_EDGE('',*,*,#4704,.F.);
#6478=ORIENTED_EDGE('',*,*,#4701,.T.);
#6479=ORIENTED_EDGE('',*,*,#4174,.T.);
#6480=ORIENTED_EDGE('',*,*,#4684,.F.);
#6481=ORIENTED_EDGE('',*,*,#4705,.F.);
#6482=ORIENTED_EDGE('',*,*,#4703,.T.);
#6483=ORIENTED_EDGE('',*,*,#4683,.T.);
#6484=ORIENTED_EDGE('',*,*,#4686,.T.);
#6485=ORIENTED_EDGE('',*,*,#4688,.T.);
#6486=ORIENTED_EDGE('',*,*,#4690,.T.);
#6487=ORIENTED_EDGE('',*,*,#4692,.T.);
#6488=ORIENTED_EDGE('',*,*,#4694,.T.);
#6489=ORIENTED_EDGE('',*,*,#4696,.T.);
#6490=ORIENTED_EDGE('',*,*,#4698,.T.);
#6491=ORIENTED_EDGE('',*,*,#4700,.T.);
#6492=ORIENTED_EDGE('',*,*,#4702,.T.);
#6493=ORIENTED_EDGE('',*,*,#4704,.T.);
#6494=ORIENTED_EDGE('',*,*,#4705,.T.);
#6495=ORIENTED_EDGE('',*,*,#4706,.T.);
#6496=ORIENTED_EDGE('',*,*,#4707,.T.);
#6497=ORIENTED_EDGE('',*,*,#4708,.T.);
#6498=ORIENTED_EDGE('',*,*,#4709,.T.);
#6499=ORIENTED_EDGE('',*,*,#4710,.T.);
#6500=ORIENTED_EDGE('',*,*,#4711,.T.);
#6501=ORIENTED_EDGE('',*,*,#4712,.T.);
#6502=ORIENTED_EDGE('',*,*,#4713,.F.);
#6503=ORIENTED_EDGE('',*,*,#4714,.F.);
#6504=ORIENTED_EDGE('',*,*,#4715,.F.);
#6505=ORIENTED_EDGE('',*,*,#4716,.F.);
#6506=ORIENTED_EDGE('',*,*,#4717,.F.);
#6507=ORIENTED_EDGE('',*,*,#4718,.F.);
#6508=ORIENTED_EDGE('',*,*,#4719,.F.);
#6509=ORIENTED_EDGE('',*,*,#4185,.T.);
#6510=ORIENTED_EDGE('',*,*,#4720,.F.);
#6511=ORIENTED_EDGE('',*,*,#4706,.F.);
#6512=ORIENTED_EDGE('',*,*,#4721,.T.);
#6513=ORIENTED_EDGE('',*,*,#4191,.T.);
#6514=ORIENTED_EDGE('',*,*,#4722,.F.);
#6515=ORIENTED_EDGE('',*,*,#4707,.F.);
#6516=ORIENTED_EDGE('',*,*,#4720,.T.);
#6517=ORIENTED_EDGE('',*,*,#4190,.T.);
#6518=ORIENTED_EDGE('',*,*,#4723,.F.);
#6519=ORIENTED_EDGE('',*,*,#4708,.F.);
#6520=ORIENTED_EDGE('',*,*,#4722,.T.);
#6521=ORIENTED_EDGE('',*,*,#4189,.T.);
#6522=ORIENTED_EDGE('',*,*,#4724,.F.);
#6523=ORIENTED_EDGE('',*,*,#4709,.F.);
#6524=ORIENTED_EDGE('',*,*,#4723,.T.);
#6525=ORIENTED_EDGE('',*,*,#4188,.T.);
#6526=ORIENTED_EDGE('',*,*,#4725,.F.);
#6527=ORIENTED_EDGE('',*,*,#4710,.F.);
#6528=ORIENTED_EDGE('',*,*,#4724,.T.);
#6529=ORIENTED_EDGE('',*,*,#4187,.T.);
#6530=ORIENTED_EDGE('',*,*,#4726,.F.);
#6531=ORIENTED_EDGE('',*,*,#4711,.F.);
#6532=ORIENTED_EDGE('',*,*,#4725,.T.);
#6533=ORIENTED_EDGE('',*,*,#4186,.T.);
#6534=ORIENTED_EDGE('',*,*,#4721,.F.);
#6535=ORIENTED_EDGE('',*,*,#4712,.F.);
#6536=ORIENTED_EDGE('',*,*,#4726,.T.);
#6537=ORIENTED_EDGE('',*,*,#4727,.F.);
#6538=ORIENTED_EDGE('',*,*,#4728,.F.);
#6539=ORIENTED_EDGE('',*,*,#4714,.T.);
#6540=ORIENTED_EDGE('',*,*,#4729,.T.);
#6541=ORIENTED_EDGE('',*,*,#4730,.F.);
#6542=ORIENTED_EDGE('',*,*,#4729,.F.);
#6543=ORIENTED_EDGE('',*,*,#4713,.T.);
#6544=ORIENTED_EDGE('',*,*,#4731,.T.);
#6545=ORIENTED_EDGE('',*,*,#4732,.F.);
#6546=ORIENTED_EDGE('',*,*,#4731,.F.);
#6547=ORIENTED_EDGE('',*,*,#4719,.T.);
#6548=ORIENTED_EDGE('',*,*,#4733,.T.);
#6549=ORIENTED_EDGE('',*,*,#4734,.F.);
#6550=ORIENTED_EDGE('',*,*,#4733,.F.);
#6551=ORIENTED_EDGE('',*,*,#4718,.T.);
#6552=ORIENTED_EDGE('',*,*,#4735,.T.);
#6553=ORIENTED_EDGE('',*,*,#4736,.F.);
#6554=ORIENTED_EDGE('',*,*,#4735,.F.);
#6555=ORIENTED_EDGE('',*,*,#4717,.T.);
#6556=ORIENTED_EDGE('',*,*,#4737,.T.);
#6557=ORIENTED_EDGE('',*,*,#4738,.F.);
#6558=ORIENTED_EDGE('',*,*,#4737,.F.);
#6559=ORIENTED_EDGE('',*,*,#4716,.T.);
#6560=ORIENTED_EDGE('',*,*,#4739,.T.);
#6561=ORIENTED_EDGE('',*,*,#4740,.F.);
#6562=ORIENTED_EDGE('',*,*,#4739,.F.);
#6563=ORIENTED_EDGE('',*,*,#4715,.T.);
#6564=ORIENTED_EDGE('',*,*,#4728,.T.);
#6565=ORIENTED_EDGE('',*,*,#4740,.T.);
#6566=ORIENTED_EDGE('',*,*,#4727,.T.);
#6567=ORIENTED_EDGE('',*,*,#4730,.T.);
#6568=ORIENTED_EDGE('',*,*,#4732,.T.);
#6569=ORIENTED_EDGE('',*,*,#4734,.T.);
#6570=ORIENTED_EDGE('',*,*,#4736,.T.);
#6571=ORIENTED_EDGE('',*,*,#4738,.T.);
#6572=ORIENTED_EDGE('',*,*,#4741,.T.);
#6573=ORIENTED_EDGE('',*,*,#4742,.T.);
#6574=ORIENTED_EDGE('',*,*,#4743,.T.);
#6575=ORIENTED_EDGE('',*,*,#4744,.T.);
#6576=ORIENTED_EDGE('',*,*,#4745,.T.);
#6577=ORIENTED_EDGE('',*,*,#4746,.T.);
#6578=ORIENTED_EDGE('',*,*,#4747,.T.);
#6579=ORIENTED_EDGE('',*,*,#4748,.T.);
#6580=ORIENTED_EDGE('',*,*,#4749,.F.);
#6581=ORIENTED_EDGE('',*,*,#4750,.F.);
#6582=ORIENTED_EDGE('',*,*,#4751,.F.);
#6583=ORIENTED_EDGE('',*,*,#4752,.F.);
#6584=ORIENTED_EDGE('',*,*,#4753,.F.);
#6585=ORIENTED_EDGE('',*,*,#4754,.F.);
#6586=ORIENTED_EDGE('',*,*,#4192,.T.);
#6587=ORIENTED_EDGE('',*,*,#4755,.F.);
#6588=ORIENTED_EDGE('',*,*,#4741,.F.);
#6589=ORIENTED_EDGE('',*,*,#4756,.T.);
#6590=ORIENTED_EDGE('',*,*,#4199,.T.);
#6591=ORIENTED_EDGE('',*,*,#4757,.F.);
#6592=ORIENTED_EDGE('',*,*,#4742,.F.);
#6593=ORIENTED_EDGE('',*,*,#4755,.T.);
#6594=ORIENTED_EDGE('',*,*,#4198,.T.);
#6595=ORIENTED_EDGE('',*,*,#4758,.F.);
#6596=ORIENTED_EDGE('',*,*,#4743,.F.);
#6597=ORIENTED_EDGE('',*,*,#4757,.T.);
#6598=ORIENTED_EDGE('',*,*,#4197,.T.);
#6599=ORIENTED_EDGE('',*,*,#4759,.F.);
#6600=ORIENTED_EDGE('',*,*,#4744,.F.);
#6601=ORIENTED_EDGE('',*,*,#4758,.T.);
#6602=ORIENTED_EDGE('',*,*,#4196,.T.);
#6603=ORIENTED_EDGE('',*,*,#4760,.F.);
#6604=ORIENTED_EDGE('',*,*,#4745,.F.);
#6605=ORIENTED_EDGE('',*,*,#4759,.T.);
#6606=ORIENTED_EDGE('',*,*,#4195,.T.);
#6607=ORIENTED_EDGE('',*,*,#4761,.F.);
#6608=ORIENTED_EDGE('',*,*,#4746,.F.);
#6609=ORIENTED_EDGE('',*,*,#4760,.T.);
#6610=ORIENTED_EDGE('',*,*,#4194,.T.);
#6611=ORIENTED_EDGE('',*,*,#4762,.F.);
#6612=ORIENTED_EDGE('',*,*,#4747,.F.);
#6613=ORIENTED_EDGE('',*,*,#4761,.T.);
#6614=ORIENTED_EDGE('',*,*,#4193,.T.);
#6615=ORIENTED_EDGE('',*,*,#4756,.F.);
#6616=ORIENTED_EDGE('',*,*,#4748,.F.);
#6617=ORIENTED_EDGE('',*,*,#4762,.T.);
#6618=ORIENTED_EDGE('',*,*,#4763,.F.);
#6619=ORIENTED_EDGE('',*,*,#4764,.F.);
#6620=ORIENTED_EDGE('',*,*,#4749,.T.);
#6621=ORIENTED_EDGE('',*,*,#4765,.T.);
#6622=ORIENTED_EDGE('',*,*,#4766,.F.);
#6623=ORIENTED_EDGE('',*,*,#4765,.F.);
#6624=ORIENTED_EDGE('',*,*,#4754,.T.);
#6625=ORIENTED_EDGE('',*,*,#4767,.T.);
#6626=ORIENTED_EDGE('',*,*,#4768,.F.);
#6627=ORIENTED_EDGE('',*,*,#4767,.F.);
#6628=ORIENTED_EDGE('',*,*,#4753,.T.);
#6629=ORIENTED_EDGE('',*,*,#4769,.T.);
#6630=ORIENTED_EDGE('',*,*,#4770,.F.);
#6631=ORIENTED_EDGE('',*,*,#4769,.F.);
#6632=ORIENTED_EDGE('',*,*,#4752,.T.);
#6633=ORIENTED_EDGE('',*,*,#4771,.T.);
#6634=ORIENTED_EDGE('',*,*,#4772,.F.);
#6635=ORIENTED_EDGE('',*,*,#4771,.F.);
#6636=ORIENTED_EDGE('',*,*,#4751,.T.);
#6637=ORIENTED_EDGE('',*,*,#4773,.T.);
#6638=ORIENTED_EDGE('',*,*,#4774,.F.);
#6639=ORIENTED_EDGE('',*,*,#4773,.F.);
#6640=ORIENTED_EDGE('',*,*,#4750,.T.);
#6641=ORIENTED_EDGE('',*,*,#4764,.T.);
#6642=ORIENTED_EDGE('',*,*,#4774,.T.);
#6643=ORIENTED_EDGE('',*,*,#4763,.T.);
#6644=ORIENTED_EDGE('',*,*,#4766,.T.);
#6645=ORIENTED_EDGE('',*,*,#4768,.T.);
#6646=ORIENTED_EDGE('',*,*,#4770,.T.);
#6647=ORIENTED_EDGE('',*,*,#4772,.T.);
#6648=ORIENTED_EDGE('',*,*,#4310,.T.);
#6649=ORIENTED_EDGE('',*,*,#4775,.F.);
#6650=ORIENTED_EDGE('',*,*,#4776,.F.);
#6651=ORIENTED_EDGE('',*,*,#4777,.T.);
#6652=ORIENTED_EDGE('',*,*,#4321,.T.);
#6653=ORIENTED_EDGE('',*,*,#4778,.F.);
#6654=ORIENTED_EDGE('',*,*,#4779,.F.);
#6655=ORIENTED_EDGE('',*,*,#4775,.T.);
#6656=ORIENTED_EDGE('',*,*,#4320,.T.);
#6657=ORIENTED_EDGE('',*,*,#4780,.F.);
#6658=ORIENTED_EDGE('',*,*,#4781,.F.);
#6659=ORIENTED_EDGE('',*,*,#4778,.T.);
#6660=ORIENTED_EDGE('',*,*,#4319,.T.);
#6661=ORIENTED_EDGE('',*,*,#4782,.F.);
#6662=ORIENTED_EDGE('',*,*,#4783,.F.);
#6663=ORIENTED_EDGE('',*,*,#4780,.T.);
#6664=ORIENTED_EDGE('',*,*,#4318,.T.);
#6665=ORIENTED_EDGE('',*,*,#4784,.F.);
#6666=ORIENTED_EDGE('',*,*,#4785,.F.);
#6667=ORIENTED_EDGE('',*,*,#4782,.T.);
#6668=ORIENTED_EDGE('',*,*,#4317,.T.);
#6669=ORIENTED_EDGE('',*,*,#4786,.F.);
#6670=ORIENTED_EDGE('',*,*,#4787,.F.);
#6671=ORIENTED_EDGE('',*,*,#4784,.T.);
#6672=ORIENTED_EDGE('',*,*,#4316,.T.);
#6673=ORIENTED_EDGE('',*,*,#4788,.F.);
#6674=ORIENTED_EDGE('',*,*,#4789,.F.);
#6675=ORIENTED_EDGE('',*,*,#4786,.T.);
#6676=ORIENTED_EDGE('',*,*,#4315,.T.);
#6677=ORIENTED_EDGE('',*,*,#4790,.F.);
#6678=ORIENTED_EDGE('',*,*,#4791,.F.);
#6679=ORIENTED_EDGE('',*,*,#4788,.T.);
#6680=ORIENTED_EDGE('',*,*,#4314,.T.);
#6681=ORIENTED_EDGE('',*,*,#4792,.F.);
#6682=ORIENTED_EDGE('',*,*,#4793,.F.);
#6683=ORIENTED_EDGE('',*,*,#4790,.T.);
#6684=ORIENTED_EDGE('',*,*,#4313,.T.);
#6685=ORIENTED_EDGE('',*,*,#4794,.F.);
#6686=ORIENTED_EDGE('',*,*,#4795,.F.);
#6687=ORIENTED_EDGE('',*,*,#4792,.T.);
#6688=ORIENTED_EDGE('',*,*,#4312,.T.);
#6689=ORIENTED_EDGE('',*,*,#4796,.F.);
#6690=ORIENTED_EDGE('',*,*,#4797,.F.);
#6691=ORIENTED_EDGE('',*,*,#4794,.T.);
#6692=ORIENTED_EDGE('',*,*,#4311,.T.);
#6693=ORIENTED_EDGE('',*,*,#4777,.F.);
#6694=ORIENTED_EDGE('',*,*,#4798,.F.);
#6695=ORIENTED_EDGE('',*,*,#4796,.T.);
#6696=ORIENTED_EDGE('',*,*,#4776,.T.);
#6697=ORIENTED_EDGE('',*,*,#4779,.T.);
#6698=ORIENTED_EDGE('',*,*,#4781,.T.);
#6699=ORIENTED_EDGE('',*,*,#4783,.T.);
#6700=ORIENTED_EDGE('',*,*,#4785,.T.);
#6701=ORIENTED_EDGE('',*,*,#4787,.T.);
#6702=ORIENTED_EDGE('',*,*,#4789,.T.);
#6703=ORIENTED_EDGE('',*,*,#4791,.T.);
#6704=ORIENTED_EDGE('',*,*,#4793,.T.);
#6705=ORIENTED_EDGE('',*,*,#4795,.T.);
#6706=ORIENTED_EDGE('',*,*,#4797,.T.);
#6707=ORIENTED_EDGE('',*,*,#4798,.T.);
#6708=ORIENTED_EDGE('',*,*,#4799,.T.);
#6709=ORIENTED_EDGE('',*,*,#4800,.T.);
#6710=ORIENTED_EDGE('',*,*,#4801,.T.);
#6711=ORIENTED_EDGE('',*,*,#4802,.T.);
#6712=ORIENTED_EDGE('',*,*,#4803,.T.);
#6713=ORIENTED_EDGE('',*,*,#4804,.T.);
#6714=ORIENTED_EDGE('',*,*,#4805,.T.);
#6715=ORIENTED_EDGE('',*,*,#4806,.T.);
#6716=ORIENTED_EDGE('',*,*,#4807,.T.);
#6717=ORIENTED_EDGE('',*,*,#4808,.T.);
#6718=ORIENTED_EDGE('',*,*,#4809,.T.);
#6719=ORIENTED_EDGE('',*,*,#4810,.T.);
#6720=ORIENTED_EDGE('',*,*,#4811,.T.);
#6721=ORIENTED_EDGE('',*,*,#4812,.T.);
#6722=ORIENTED_EDGE('',*,*,#4813,.F.);
#6723=ORIENTED_EDGE('',*,*,#4814,.F.);
#6724=ORIENTED_EDGE('',*,*,#4815,.F.);
#6725=ORIENTED_EDGE('',*,*,#4816,.F.);
#6726=ORIENTED_EDGE('',*,*,#4817,.F.);
#6727=ORIENTED_EDGE('',*,*,#4818,.F.);
#6728=ORIENTED_EDGE('',*,*,#4819,.F.);
#6729=ORIENTED_EDGE('',*,*,#4820,.F.);
#6730=ORIENTED_EDGE('',*,*,#4296,.T.);
#6731=ORIENTED_EDGE('',*,*,#4821,.F.);
#6732=ORIENTED_EDGE('',*,*,#4799,.F.);
#6733=ORIENTED_EDGE('',*,*,#4822,.T.);
#6734=ORIENTED_EDGE('',*,*,#4309,.T.);
#6735=ORIENTED_EDGE('',*,*,#4823,.F.);
#6736=ORIENTED_EDGE('',*,*,#4800,.F.);
#6737=ORIENTED_EDGE('',*,*,#4821,.T.);
#6738=ORIENTED_EDGE('',*,*,#4308,.T.);
#6739=ORIENTED_EDGE('',*,*,#4824,.F.);
#6740=ORIENTED_EDGE('',*,*,#4801,.F.);
#6741=ORIENTED_EDGE('',*,*,#4823,.T.);
#6742=ORIENTED_EDGE('',*,*,#4307,.T.);
#6743=ORIENTED_EDGE('',*,*,#4825,.F.);
#6744=ORIENTED_EDGE('',*,*,#4802,.F.);
#6745=ORIENTED_EDGE('',*,*,#4824,.T.);
#6746=ORIENTED_EDGE('',*,*,#4306,.T.);
#6747=ORIENTED_EDGE('',*,*,#4826,.F.);
#6748=ORIENTED_EDGE('',*,*,#4803,.F.);
#6749=ORIENTED_EDGE('',*,*,#4825,.T.);
#6750=ORIENTED_EDGE('',*,*,#4305,.T.);
#6751=ORIENTED_EDGE('',*,*,#4827,.F.);
#6752=ORIENTED_EDGE('',*,*,#4804,.F.);
#6753=ORIENTED_EDGE('',*,*,#4826,.T.);
#6754=ORIENTED_EDGE('',*,*,#4304,.T.);
#6755=ORIENTED_EDGE('',*,*,#4828,.F.);
#6756=ORIENTED_EDGE('',*,*,#4805,.F.);
#6757=ORIENTED_EDGE('',*,*,#4827,.T.);
#6758=ORIENTED_EDGE('',*,*,#4303,.T.);
#6759=ORIENTED_EDGE('',*,*,#4829,.F.);
#6760=ORIENTED_EDGE('',*,*,#4806,.F.);
#6761=ORIENTED_EDGE('',*,*,#4828,.T.);
#6762=ORIENTED_EDGE('',*,*,#4302,.T.);
#6763=ORIENTED_EDGE('',*,*,#4830,.F.);
#6764=ORIENTED_EDGE('',*,*,#4807,.F.);
#6765=ORIENTED_EDGE('',*,*,#4829,.T.);
#6766=ORIENTED_EDGE('',*,*,#4301,.T.);
#6767=ORIENTED_EDGE('',*,*,#4831,.F.);
#6768=ORIENTED_EDGE('',*,*,#4808,.F.);
#6769=ORIENTED_EDGE('',*,*,#4830,.T.);
#6770=ORIENTED_EDGE('',*,*,#4300,.T.);
#6771=ORIENTED_EDGE('',*,*,#4832,.F.);
#6772=ORIENTED_EDGE('',*,*,#4809,.F.);
#6773=ORIENTED_EDGE('',*,*,#4831,.T.);
#6774=ORIENTED_EDGE('',*,*,#4299,.T.);
#6775=ORIENTED_EDGE('',*,*,#4833,.F.);
#6776=ORIENTED_EDGE('',*,*,#4810,.F.);
#6777=ORIENTED_EDGE('',*,*,#4832,.T.);
#6778=ORIENTED_EDGE('',*,*,#4298,.T.);
#6779=ORIENTED_EDGE('',*,*,#4834,.F.);
#6780=ORIENTED_EDGE('',*,*,#4811,.F.);
#6781=ORIENTED_EDGE('',*,*,#4833,.T.);
#6782=ORIENTED_EDGE('',*,*,#4297,.T.);
#6783=ORIENTED_EDGE('',*,*,#4822,.F.);
#6784=ORIENTED_EDGE('',*,*,#4812,.F.);
#6785=ORIENTED_EDGE('',*,*,#4834,.T.);
#6786=ORIENTED_EDGE('',*,*,#4835,.F.);
#6787=ORIENTED_EDGE('',*,*,#4836,.F.);
#6788=ORIENTED_EDGE('',*,*,#4814,.T.);
#6789=ORIENTED_EDGE('',*,*,#4837,.T.);
#6790=ORIENTED_EDGE('',*,*,#4838,.F.);
#6791=ORIENTED_EDGE('',*,*,#4837,.F.);
#6792=ORIENTED_EDGE('',*,*,#4813,.T.);
#6793=ORIENTED_EDGE('',*,*,#4839,.T.);
#6794=ORIENTED_EDGE('',*,*,#4840,.F.);
#6795=ORIENTED_EDGE('',*,*,#4839,.F.);
#6796=ORIENTED_EDGE('',*,*,#4820,.T.);
#6797=ORIENTED_EDGE('',*,*,#4841,.T.);
#6798=ORIENTED_EDGE('',*,*,#4842,.F.);
#6799=ORIENTED_EDGE('',*,*,#4841,.F.);
#6800=ORIENTED_EDGE('',*,*,#4819,.T.);
#6801=ORIENTED_EDGE('',*,*,#4843,.T.);
#6802=ORIENTED_EDGE('',*,*,#4844,.F.);
#6803=ORIENTED_EDGE('',*,*,#4843,.F.);
#6804=ORIENTED_EDGE('',*,*,#4818,.T.);
#6805=ORIENTED_EDGE('',*,*,#4845,.T.);
#6806=ORIENTED_EDGE('',*,*,#4846,.F.);
#6807=ORIENTED_EDGE('',*,*,#4845,.F.);
#6808=ORIENTED_EDGE('',*,*,#4817,.T.);
#6809=ORIENTED_EDGE('',*,*,#4847,.T.);
#6810=ORIENTED_EDGE('',*,*,#4848,.F.);
#6811=ORIENTED_EDGE('',*,*,#4847,.F.);
#6812=ORIENTED_EDGE('',*,*,#4816,.T.);
#6813=ORIENTED_EDGE('',*,*,#4849,.T.);
#6814=ORIENTED_EDGE('',*,*,#4850,.F.);
#6815=ORIENTED_EDGE('',*,*,#4849,.F.);
#6816=ORIENTED_EDGE('',*,*,#4815,.T.);
#6817=ORIENTED_EDGE('',*,*,#4836,.T.);
#6818=ORIENTED_EDGE('',*,*,#4850,.T.);
#6819=ORIENTED_EDGE('',*,*,#4835,.T.);
#6820=ORIENTED_EDGE('',*,*,#4838,.T.);
#6821=ORIENTED_EDGE('',*,*,#4840,.T.);
#6822=ORIENTED_EDGE('',*,*,#4842,.T.);
#6823=ORIENTED_EDGE('',*,*,#4844,.T.);
#6824=ORIENTED_EDGE('',*,*,#4846,.T.);
#6825=ORIENTED_EDGE('',*,*,#4848,.T.);
#6826=ORIENTED_EDGE('',*,*,#4200,.T.);
#6827=ORIENTED_EDGE('',*,*,#4851,.F.);
#6828=ORIENTED_EDGE('',*,*,#4852,.F.);
#6829=ORIENTED_EDGE('',*,*,#4853,.T.);
#6830=ORIENTED_EDGE('',*,*,#4220,.T.);
#6831=ORIENTED_EDGE('',*,*,#4854,.F.);
#6832=ORIENTED_EDGE('',*,*,#4855,.F.);
#6833=ORIENTED_EDGE('',*,*,#4851,.T.);
#6834=ORIENTED_EDGE('',*,*,#4219,.T.);
#6835=ORIENTED_EDGE('',*,*,#4856,.F.);
#6836=ORIENTED_EDGE('',*,*,#4857,.F.);
#6837=ORIENTED_EDGE('',*,*,#4854,.T.);
#6838=ORIENTED_EDGE('',*,*,#4218,.T.);
#6839=ORIENTED_EDGE('',*,*,#4858,.F.);
#6840=ORIENTED_EDGE('',*,*,#4859,.F.);
#6841=ORIENTED_EDGE('',*,*,#4856,.T.);
#6842=ORIENTED_EDGE('',*,*,#4217,.T.);
#6843=ORIENTED_EDGE('',*,*,#4860,.F.);
#6844=ORIENTED_EDGE('',*,*,#4861,.F.);
#6845=ORIENTED_EDGE('',*,*,#4858,.T.);
#6846=ORIENTED_EDGE('',*,*,#4216,.T.);
#6847=ORIENTED_EDGE('',*,*,#4862,.F.);
#6848=ORIENTED_EDGE('',*,*,#4863,.F.);
#6849=ORIENTED_EDGE('',*,*,#4860,.T.);
#6850=ORIENTED_EDGE('',*,*,#4215,.T.);
#6851=ORIENTED_EDGE('',*,*,#4864,.F.);
#6852=ORIENTED_EDGE('',*,*,#4865,.F.);
#6853=ORIENTED_EDGE('',*,*,#4862,.T.);
#6854=ORIENTED_EDGE('',*,*,#4214,.T.);
#6855=ORIENTED_EDGE('',*,*,#4866,.F.);
#6856=ORIENTED_EDGE('',*,*,#4867,.F.);
#6857=ORIENTED_EDGE('',*,*,#4864,.T.);
#6858=ORIENTED_EDGE('',*,*,#4213,.T.);
#6859=ORIENTED_EDGE('',*,*,#4868,.F.);
#6860=ORIENTED_EDGE('',*,*,#4869,.F.);
#6861=ORIENTED_EDGE('',*,*,#4866,.T.);
#6862=ORIENTED_EDGE('',*,*,#4212,.T.);
#6863=ORIENTED_EDGE('',*,*,#4870,.F.);
#6864=ORIENTED_EDGE('',*,*,#4871,.F.);
#6865=ORIENTED_EDGE('',*,*,#4868,.T.);
#6866=ORIENTED_EDGE('',*,*,#4211,.T.);
#6867=ORIENTED_EDGE('',*,*,#4872,.F.);
#6868=ORIENTED_EDGE('',*,*,#4873,.F.);
#6869=ORIENTED_EDGE('',*,*,#4870,.T.);
#6870=ORIENTED_EDGE('',*,*,#4210,.T.);
#6871=ORIENTED_EDGE('',*,*,#4874,.F.);
#6872=ORIENTED_EDGE('',*,*,#4875,.F.);
#6873=ORIENTED_EDGE('',*,*,#4872,.T.);
#6874=ORIENTED_EDGE('',*,*,#4209,.T.);
#6875=ORIENTED_EDGE('',*,*,#4876,.F.);
#6876=ORIENTED_EDGE('',*,*,#4877,.F.);
#6877=ORIENTED_EDGE('',*,*,#4874,.T.);
#6878=ORIENTED_EDGE('',*,*,#4208,.T.);
#6879=ORIENTED_EDGE('',*,*,#4878,.F.);
#6880=ORIENTED_EDGE('',*,*,#4879,.F.);
#6881=ORIENTED_EDGE('',*,*,#4876,.T.);
#6882=ORIENTED_EDGE('',*,*,#4207,.T.);
#6883=ORIENTED_EDGE('',*,*,#4880,.F.);
#6884=ORIENTED_EDGE('',*,*,#4881,.F.);
#6885=ORIENTED_EDGE('',*,*,#4878,.T.);
#6886=ORIENTED_EDGE('',*,*,#4206,.T.);
#6887=ORIENTED_EDGE('',*,*,#4882,.F.);
#6888=ORIENTED_EDGE('',*,*,#4883,.F.);
#6889=ORIENTED_EDGE('',*,*,#4880,.T.);
#6890=ORIENTED_EDGE('',*,*,#4205,.T.);
#6891=ORIENTED_EDGE('',*,*,#4884,.F.);
#6892=ORIENTED_EDGE('',*,*,#4885,.F.);
#6893=ORIENTED_EDGE('',*,*,#4882,.T.);
#6894=ORIENTED_EDGE('',*,*,#4204,.T.);
#6895=ORIENTED_EDGE('',*,*,#4886,.F.);
#6896=ORIENTED_EDGE('',*,*,#4887,.F.);
#6897=ORIENTED_EDGE('',*,*,#4884,.T.);
#6898=ORIENTED_EDGE('',*,*,#4203,.T.);
#6899=ORIENTED_EDGE('',*,*,#4888,.F.);
#6900=ORIENTED_EDGE('',*,*,#4889,.F.);
#6901=ORIENTED_EDGE('',*,*,#4886,.T.);
#6902=ORIENTED_EDGE('',*,*,#4202,.T.);
#6903=ORIENTED_EDGE('',*,*,#4890,.F.);
#6904=ORIENTED_EDGE('',*,*,#4891,.F.);
#6905=ORIENTED_EDGE('',*,*,#4888,.T.);
#6906=ORIENTED_EDGE('',*,*,#4201,.T.);
#6907=ORIENTED_EDGE('',*,*,#4853,.F.);
#6908=ORIENTED_EDGE('',*,*,#4892,.F.);
#6909=ORIENTED_EDGE('',*,*,#4890,.T.);
#6910=ORIENTED_EDGE('',*,*,#4852,.T.);
#6911=ORIENTED_EDGE('',*,*,#4855,.T.);
#6912=ORIENTED_EDGE('',*,*,#4857,.T.);
#6913=ORIENTED_EDGE('',*,*,#4859,.T.);
#6914=ORIENTED_EDGE('',*,*,#4861,.T.);
#6915=ORIENTED_EDGE('',*,*,#4863,.T.);
#6916=ORIENTED_EDGE('',*,*,#4865,.T.);
#6917=ORIENTED_EDGE('',*,*,#4867,.T.);
#6918=ORIENTED_EDGE('',*,*,#4869,.T.);
#6919=ORIENTED_EDGE('',*,*,#4871,.T.);
#6920=ORIENTED_EDGE('',*,*,#4873,.T.);
#6921=ORIENTED_EDGE('',*,*,#4875,.T.);
#6922=ORIENTED_EDGE('',*,*,#4877,.T.);
#6923=ORIENTED_EDGE('',*,*,#4879,.T.);
#6924=ORIENTED_EDGE('',*,*,#4881,.T.);
#6925=ORIENTED_EDGE('',*,*,#4883,.T.);
#6926=ORIENTED_EDGE('',*,*,#4885,.T.);
#6927=ORIENTED_EDGE('',*,*,#4887,.T.);
#6928=ORIENTED_EDGE('',*,*,#4889,.T.);
#6929=ORIENTED_EDGE('',*,*,#4891,.T.);
#6930=ORIENTED_EDGE('',*,*,#4892,.T.);
#6931=ORIENTED_EDGE('',*,*,#4281,.T.);
#6932=ORIENTED_EDGE('',*,*,#4893,.F.);
#6933=ORIENTED_EDGE('',*,*,#4894,.F.);
#6934=ORIENTED_EDGE('',*,*,#4895,.T.);
#6935=ORIENTED_EDGE('',*,*,#4295,.T.);
#6936=ORIENTED_EDGE('',*,*,#4896,.F.);
#6937=ORIENTED_EDGE('',*,*,#4897,.F.);
#6938=ORIENTED_EDGE('',*,*,#4893,.T.);
#6939=ORIENTED_EDGE('',*,*,#4294,.T.);
#6940=ORIENTED_EDGE('',*,*,#4898,.F.);
#6941=ORIENTED_EDGE('',*,*,#4899,.F.);
#6942=ORIENTED_EDGE('',*,*,#4896,.T.);
#6943=ORIENTED_EDGE('',*,*,#4293,.T.);
#6944=ORIENTED_EDGE('',*,*,#4900,.F.);
#6945=ORIENTED_EDGE('',*,*,#4901,.F.);
#6946=ORIENTED_EDGE('',*,*,#4898,.T.);
#6947=ORIENTED_EDGE('',*,*,#4292,.T.);
#6948=ORIENTED_EDGE('',*,*,#4902,.F.);
#6949=ORIENTED_EDGE('',*,*,#4903,.F.);
#6950=ORIENTED_EDGE('',*,*,#4900,.T.);
#6951=ORIENTED_EDGE('',*,*,#4291,.T.);
#6952=ORIENTED_EDGE('',*,*,#4904,.F.);
#6953=ORIENTED_EDGE('',*,*,#4905,.F.);
#6954=ORIENTED_EDGE('',*,*,#4902,.T.);
#6955=ORIENTED_EDGE('',*,*,#4290,.T.);
#6956=ORIENTED_EDGE('',*,*,#4906,.F.);
#6957=ORIENTED_EDGE('',*,*,#4907,.F.);
#6958=ORIENTED_EDGE('',*,*,#4904,.T.);
#6959=ORIENTED_EDGE('',*,*,#4289,.T.);
#6960=ORIENTED_EDGE('',*,*,#4908,.F.);
#6961=ORIENTED_EDGE('',*,*,#4909,.F.);
#6962=ORIENTED_EDGE('',*,*,#4906,.T.);
#6963=ORIENTED_EDGE('',*,*,#4288,.T.);
#6964=ORIENTED_EDGE('',*,*,#4910,.F.);
#6965=ORIENTED_EDGE('',*,*,#4911,.F.);
#6966=ORIENTED_EDGE('',*,*,#4908,.T.);
#6967=ORIENTED_EDGE('',*,*,#4287,.T.);
#6968=ORIENTED_EDGE('',*,*,#4912,.F.);
#6969=ORIENTED_EDGE('',*,*,#4913,.F.);
#6970=ORIENTED_EDGE('',*,*,#4910,.T.);
#6971=ORIENTED_EDGE('',*,*,#4286,.T.);
#6972=ORIENTED_EDGE('',*,*,#4914,.F.);
#6973=ORIENTED_EDGE('',*,*,#4915,.F.);
#6974=ORIENTED_EDGE('',*,*,#4912,.T.);
#6975=ORIENTED_EDGE('',*,*,#4285,.T.);
#6976=ORIENTED_EDGE('',*,*,#4916,.F.);
#6977=ORIENTED_EDGE('',*,*,#4917,.F.);
#6978=ORIENTED_EDGE('',*,*,#4914,.T.);
#6979=ORIENTED_EDGE('',*,*,#4284,.T.);
#6980=ORIENTED_EDGE('',*,*,#4918,.F.);
#6981=ORIENTED_EDGE('',*,*,#4919,.F.);
#6982=ORIENTED_EDGE('',*,*,#4916,.T.);
#6983=ORIENTED_EDGE('',*,*,#4283,.T.);
#6984=ORIENTED_EDGE('',*,*,#4920,.F.);
#6985=ORIENTED_EDGE('',*,*,#4921,.F.);
#6986=ORIENTED_EDGE('',*,*,#4918,.T.);
#6987=ORIENTED_EDGE('',*,*,#4282,.T.);
#6988=ORIENTED_EDGE('',*,*,#4895,.F.);
#6989=ORIENTED_EDGE('',*,*,#4922,.F.);
#6990=ORIENTED_EDGE('',*,*,#4920,.T.);
#6991=ORIENTED_EDGE('',*,*,#4894,.T.);
#6992=ORIENTED_EDGE('',*,*,#4897,.T.);
#6993=ORIENTED_EDGE('',*,*,#4899,.T.);
#6994=ORIENTED_EDGE('',*,*,#4901,.T.);
#6995=ORIENTED_EDGE('',*,*,#4903,.T.);
#6996=ORIENTED_EDGE('',*,*,#4905,.T.);
#6997=ORIENTED_EDGE('',*,*,#4907,.T.);
#6998=ORIENTED_EDGE('',*,*,#4909,.T.);
#6999=ORIENTED_EDGE('',*,*,#4911,.T.);
#7000=ORIENTED_EDGE('',*,*,#4913,.T.);
#7001=ORIENTED_EDGE('',*,*,#4915,.T.);
#7002=ORIENTED_EDGE('',*,*,#4917,.T.);
#7003=ORIENTED_EDGE('',*,*,#4919,.T.);
#7004=ORIENTED_EDGE('',*,*,#4921,.T.);
#7005=ORIENTED_EDGE('',*,*,#4922,.T.);
#7006=ORIENTED_EDGE('',*,*,#4221,.T.);
#7007=ORIENTED_EDGE('',*,*,#4923,.F.);
#7008=ORIENTED_EDGE('',*,*,#4924,.F.);
#7009=ORIENTED_EDGE('',*,*,#4925,.T.);
#7010=ORIENTED_EDGE('',*,*,#4232,.T.);
#7011=ORIENTED_EDGE('',*,*,#4926,.F.);
#7012=ORIENTED_EDGE('',*,*,#4927,.F.);
#7013=ORIENTED_EDGE('',*,*,#4923,.T.);
#7014=ORIENTED_EDGE('',*,*,#4231,.T.);
#7015=ORIENTED_EDGE('',*,*,#4928,.F.);
#7016=ORIENTED_EDGE('',*,*,#4929,.F.);
#7017=ORIENTED_EDGE('',*,*,#4926,.T.);
#7018=ORIENTED_EDGE('',*,*,#4230,.T.);
#7019=ORIENTED_EDGE('',*,*,#4930,.F.);
#7020=ORIENTED_EDGE('',*,*,#4931,.F.);
#7021=ORIENTED_EDGE('',*,*,#4928,.T.);
#7022=ORIENTED_EDGE('',*,*,#4229,.T.);
#7023=ORIENTED_EDGE('',*,*,#4932,.F.);
#7024=ORIENTED_EDGE('',*,*,#4933,.F.);
#7025=ORIENTED_EDGE('',*,*,#4930,.T.);
#7026=ORIENTED_EDGE('',*,*,#4228,.T.);
#7027=ORIENTED_EDGE('',*,*,#4934,.F.);
#7028=ORIENTED_EDGE('',*,*,#4935,.F.);
#7029=ORIENTED_EDGE('',*,*,#4932,.T.);
#7030=ORIENTED_EDGE('',*,*,#4227,.T.);
#7031=ORIENTED_EDGE('',*,*,#4936,.F.);
#7032=ORIENTED_EDGE('',*,*,#4937,.F.);
#7033=ORIENTED_EDGE('',*,*,#4934,.T.);
#7034=ORIENTED_EDGE('',*,*,#4226,.T.);
#7035=ORIENTED_EDGE('',*,*,#4938,.F.);
#7036=ORIENTED_EDGE('',*,*,#4939,.F.);
#7037=ORIENTED_EDGE('',*,*,#4936,.T.);
#7038=ORIENTED_EDGE('',*,*,#4225,.T.);
#7039=ORIENTED_EDGE('',*,*,#4940,.F.);
#7040=ORIENTED_EDGE('',*,*,#4941,.F.);
#7041=ORIENTED_EDGE('',*,*,#4938,.T.);
#7042=ORIENTED_EDGE('',*,*,#4224,.T.);
#7043=ORIENTED_EDGE('',*,*,#4942,.F.);
#7044=ORIENTED_EDGE('',*,*,#4943,.F.);
#7045=ORIENTED_EDGE('',*,*,#4940,.T.);
#7046=ORIENTED_EDGE('',*,*,#4223,.T.);
#7047=ORIENTED_EDGE('',*,*,#4944,.F.);
#7048=ORIENTED_EDGE('',*,*,#4945,.F.);
#7049=ORIENTED_EDGE('',*,*,#4942,.T.);
#7050=ORIENTED_EDGE('',*,*,#4222,.T.);
#7051=ORIENTED_EDGE('',*,*,#4925,.F.);
#7052=ORIENTED_EDGE('',*,*,#4946,.F.);
#7053=ORIENTED_EDGE('',*,*,#4944,.T.);
#7054=ORIENTED_EDGE('',*,*,#4924,.T.);
#7055=ORIENTED_EDGE('',*,*,#4927,.T.);
#7056=ORIENTED_EDGE('',*,*,#4929,.T.);
#7057=ORIENTED_EDGE('',*,*,#4931,.T.);
#7058=ORIENTED_EDGE('',*,*,#4933,.T.);
#7059=ORIENTED_EDGE('',*,*,#4935,.T.);
#7060=ORIENTED_EDGE('',*,*,#4937,.T.);
#7061=ORIENTED_EDGE('',*,*,#4939,.T.);
#7062=ORIENTED_EDGE('',*,*,#4941,.T.);
#7063=ORIENTED_EDGE('',*,*,#4943,.T.);
#7064=ORIENTED_EDGE('',*,*,#4945,.T.);
#7065=ORIENTED_EDGE('',*,*,#4946,.T.);
#7066=ORIENTED_EDGE('',*,*,#4947,.T.);
#7067=ORIENTED_EDGE('',*,*,#4948,.T.);
#7068=ORIENTED_EDGE('',*,*,#4949,.T.);
#7069=ORIENTED_EDGE('',*,*,#4950,.T.);
#7070=ORIENTED_EDGE('',*,*,#4951,.T.);
#7071=ORIENTED_EDGE('',*,*,#4952,.T.);
#7072=ORIENTED_EDGE('',*,*,#4953,.T.);
#7073=ORIENTED_EDGE('',*,*,#4954,.F.);
#7074=ORIENTED_EDGE('',*,*,#4955,.F.);
#7075=ORIENTED_EDGE('',*,*,#4956,.F.);
#7076=ORIENTED_EDGE('',*,*,#4957,.F.);
#7077=ORIENTED_EDGE('',*,*,#4958,.F.);
#7078=ORIENTED_EDGE('',*,*,#4959,.F.);
#7079=ORIENTED_EDGE('',*,*,#4960,.F.);
#7080=ORIENTED_EDGE('',*,*,#4233,.T.);
#7081=ORIENTED_EDGE('',*,*,#4961,.F.);
#7082=ORIENTED_EDGE('',*,*,#4947,.F.);
#7083=ORIENTED_EDGE('',*,*,#4962,.T.);
#7084=ORIENTED_EDGE('',*,*,#4239,.T.);
#7085=ORIENTED_EDGE('',*,*,#4963,.F.);
#7086=ORIENTED_EDGE('',*,*,#4948,.F.);
#7087=ORIENTED_EDGE('',*,*,#4961,.T.);
#7088=ORIENTED_EDGE('',*,*,#4238,.T.);
#7089=ORIENTED_EDGE('',*,*,#4964,.F.);
#7090=ORIENTED_EDGE('',*,*,#4949,.F.);
#7091=ORIENTED_EDGE('',*,*,#4963,.T.);
#7092=ORIENTED_EDGE('',*,*,#4237,.T.);
#7093=ORIENTED_EDGE('',*,*,#4965,.F.);
#7094=ORIENTED_EDGE('',*,*,#4950,.F.);
#7095=ORIENTED_EDGE('',*,*,#4964,.T.);
#7096=ORIENTED_EDGE('',*,*,#4236,.T.);
#7097=ORIENTED_EDGE('',*,*,#4966,.F.);
#7098=ORIENTED_EDGE('',*,*,#4951,.F.);
#7099=ORIENTED_EDGE('',*,*,#4965,.T.);
#7100=ORIENTED_EDGE('',*,*,#4235,.T.);
#7101=ORIENTED_EDGE('',*,*,#4967,.F.);
#7102=ORIENTED_EDGE('',*,*,#4952,.F.);
#7103=ORIENTED_EDGE('',*,*,#4966,.T.);
#7104=ORIENTED_EDGE('',*,*,#4234,.T.);
#7105=ORIENTED_EDGE('',*,*,#4962,.F.);
#7106=ORIENTED_EDGE('',*,*,#4953,.F.);
#7107=ORIENTED_EDGE('',*,*,#4967,.T.);
#7108=ORIENTED_EDGE('',*,*,#4968,.F.);
#7109=ORIENTED_EDGE('',*,*,#4969,.F.);
#7110=ORIENTED_EDGE('',*,*,#4955,.T.);
#7111=ORIENTED_EDGE('',*,*,#4970,.T.);
#7112=ORIENTED_EDGE('',*,*,#4971,.F.);
#7113=ORIENTED_EDGE('',*,*,#4970,.F.);
#7114=ORIENTED_EDGE('',*,*,#4954,.T.);
#7115=ORIENTED_EDGE('',*,*,#4972,.T.);
#7116=ORIENTED_EDGE('',*,*,#4973,.F.);
#7117=ORIENTED_EDGE('',*,*,#4972,.F.);
#7118=ORIENTED_EDGE('',*,*,#4960,.T.);
#7119=ORIENTED_EDGE('',*,*,#4974,.T.);
#7120=ORIENTED_EDGE('',*,*,#4975,.F.);
#7121=ORIENTED_EDGE('',*,*,#4974,.F.);
#7122=ORIENTED_EDGE('',*,*,#4959,.T.);
#7123=ORIENTED_EDGE('',*,*,#4976,.T.);
#7124=ORIENTED_EDGE('',*,*,#4977,.F.);
#7125=ORIENTED_EDGE('',*,*,#4976,.F.);
#7126=ORIENTED_EDGE('',*,*,#4958,.T.);
#7127=ORIENTED_EDGE('',*,*,#4978,.T.);
#7128=ORIENTED_EDGE('',*,*,#4979,.F.);
#7129=ORIENTED_EDGE('',*,*,#4978,.F.);
#7130=ORIENTED_EDGE('',*,*,#4957,.T.);
#7131=ORIENTED_EDGE('',*,*,#4980,.T.);
#7132=ORIENTED_EDGE('',*,*,#4981,.F.);
#7133=ORIENTED_EDGE('',*,*,#4980,.F.);
#7134=ORIENTED_EDGE('',*,*,#4956,.T.);
#7135=ORIENTED_EDGE('',*,*,#4969,.T.);
#7136=ORIENTED_EDGE('',*,*,#4981,.T.);
#7137=ORIENTED_EDGE('',*,*,#4968,.T.);
#7138=ORIENTED_EDGE('',*,*,#4971,.T.);
#7139=ORIENTED_EDGE('',*,*,#4973,.T.);
#7140=ORIENTED_EDGE('',*,*,#4975,.T.);
#7141=ORIENTED_EDGE('',*,*,#4977,.T.);
#7142=ORIENTED_EDGE('',*,*,#4979,.T.);
#7143=ORIENTED_EDGE('',*,*,#4982,.T.);
#7144=ORIENTED_EDGE('',*,*,#4983,.T.);
#7145=ORIENTED_EDGE('',*,*,#4984,.T.);
#7146=ORIENTED_EDGE('',*,*,#4985,.T.);
#7147=ORIENTED_EDGE('',*,*,#4986,.T.);
#7148=ORIENTED_EDGE('',*,*,#4987,.T.);
#7149=ORIENTED_EDGE('',*,*,#4988,.T.);
#7150=ORIENTED_EDGE('',*,*,#4989,.T.);
#7151=ORIENTED_EDGE('',*,*,#4990,.F.);
#7152=ORIENTED_EDGE('',*,*,#4991,.F.);
#7153=ORIENTED_EDGE('',*,*,#4992,.F.);
#7154=ORIENTED_EDGE('',*,*,#4993,.F.);
#7155=ORIENTED_EDGE('',*,*,#4994,.F.);
#7156=ORIENTED_EDGE('',*,*,#4995,.F.);
#7157=ORIENTED_EDGE('',*,*,#4240,.T.);
#7158=ORIENTED_EDGE('',*,*,#4996,.F.);
#7159=ORIENTED_EDGE('',*,*,#4982,.F.);
#7160=ORIENTED_EDGE('',*,*,#4997,.T.);
#7161=ORIENTED_EDGE('',*,*,#4247,.T.);
#7162=ORIENTED_EDGE('',*,*,#4998,.F.);
#7163=ORIENTED_EDGE('',*,*,#4983,.F.);
#7164=ORIENTED_EDGE('',*,*,#4996,.T.);
#7165=ORIENTED_EDGE('',*,*,#4246,.T.);
#7166=ORIENTED_EDGE('',*,*,#4999,.F.);
#7167=ORIENTED_EDGE('',*,*,#4984,.F.);
#7168=ORIENTED_EDGE('',*,*,#4998,.T.);
#7169=ORIENTED_EDGE('',*,*,#4245,.T.);
#7170=ORIENTED_EDGE('',*,*,#5000,.F.);
#7171=ORIENTED_EDGE('',*,*,#4985,.F.);
#7172=ORIENTED_EDGE('',*,*,#4999,.T.);
#7173=ORIENTED_EDGE('',*,*,#4244,.T.);
#7174=ORIENTED_EDGE('',*,*,#5001,.F.);
#7175=ORIENTED_EDGE('',*,*,#4986,.F.);
#7176=ORIENTED_EDGE('',*,*,#5000,.T.);
#7177=ORIENTED_EDGE('',*,*,#4243,.T.);
#7178=ORIENTED_EDGE('',*,*,#5002,.F.);
#7179=ORIENTED_EDGE('',*,*,#4987,.F.);
#7180=ORIENTED_EDGE('',*,*,#5001,.T.);
#7181=ORIENTED_EDGE('',*,*,#4242,.T.);
#7182=ORIENTED_EDGE('',*,*,#5003,.F.);
#7183=ORIENTED_EDGE('',*,*,#4988,.F.);
#7184=ORIENTED_EDGE('',*,*,#5002,.T.);
#7185=ORIENTED_EDGE('',*,*,#4241,.T.);
#7186=ORIENTED_EDGE('',*,*,#4997,.F.);
#7187=ORIENTED_EDGE('',*,*,#4989,.F.);
#7188=ORIENTED_EDGE('',*,*,#5003,.T.);
#7189=ORIENTED_EDGE('',*,*,#5004,.F.);
#7190=ORIENTED_EDGE('',*,*,#5005,.F.);
#7191=ORIENTED_EDGE('',*,*,#4990,.T.);
#7192=ORIENTED_EDGE('',*,*,#5006,.T.);
#7193=ORIENTED_EDGE('',*,*,#5007,.F.);
#7194=ORIENTED_EDGE('',*,*,#5006,.F.);
#7195=ORIENTED_EDGE('',*,*,#4995,.T.);
#7196=ORIENTED_EDGE('',*,*,#5008,.T.);
#7197=ORIENTED_EDGE('',*,*,#5009,.F.);
#7198=ORIENTED_EDGE('',*,*,#5008,.F.);
#7199=ORIENTED_EDGE('',*,*,#4994,.T.);
#7200=ORIENTED_EDGE('',*,*,#5010,.T.);
#7201=ORIENTED_EDGE('',*,*,#5011,.F.);
#7202=ORIENTED_EDGE('',*,*,#5010,.F.);
#7203=ORIENTED_EDGE('',*,*,#4993,.T.);
#7204=ORIENTED_EDGE('',*,*,#5012,.T.);
#7205=ORIENTED_EDGE('',*,*,#5013,.F.);
#7206=ORIENTED_EDGE('',*,*,#5012,.F.);
#7207=ORIENTED_EDGE('',*,*,#4992,.T.);
#7208=ORIENTED_EDGE('',*,*,#5014,.T.);
#7209=ORIENTED_EDGE('',*,*,#5015,.F.);
#7210=ORIENTED_EDGE('',*,*,#5014,.F.);
#7211=ORIENTED_EDGE('',*,*,#4991,.T.);
#7212=ORIENTED_EDGE('',*,*,#5005,.T.);
#7213=ORIENTED_EDGE('',*,*,#5015,.T.);
#7214=ORIENTED_EDGE('',*,*,#5004,.T.);
#7215=ORIENTED_EDGE('',*,*,#5007,.T.);
#7216=ORIENTED_EDGE('',*,*,#5009,.T.);
#7217=ORIENTED_EDGE('',*,*,#5011,.T.);
#7218=ORIENTED_EDGE('',*,*,#5013,.T.);
#7219=ORIENTED_EDGE('',*,*,#5016,.T.);
#7220=ORIENTED_EDGE('',*,*,#5017,.T.);
#7221=ORIENTED_EDGE('',*,*,#5018,.T.);
#7222=ORIENTED_EDGE('',*,*,#5019,.T.);
#7223=ORIENTED_EDGE('',*,*,#5020,.T.);
#7224=ORIENTED_EDGE('',*,*,#5021,.T.);
#7225=ORIENTED_EDGE('',*,*,#5022,.T.);
#7226=ORIENTED_EDGE('',*,*,#5023,.T.);
#7227=ORIENTED_EDGE('',*,*,#5024,.T.);
#7228=ORIENTED_EDGE('',*,*,#5025,.T.);
#7229=ORIENTED_EDGE('',*,*,#5026,.T.);
#7230=ORIENTED_EDGE('',*,*,#5027,.T.);
#7231=ORIENTED_EDGE('',*,*,#5028,.T.);
#7232=ORIENTED_EDGE('',*,*,#5029,.T.);
#7233=ORIENTED_EDGE('',*,*,#5030,.T.);
#7234=ORIENTED_EDGE('',*,*,#5031,.T.);
#7235=ORIENTED_EDGE('',*,*,#5032,.T.);
#7236=ORIENTED_EDGE('',*,*,#5033,.T.);
#7237=ORIENTED_EDGE('',*,*,#5034,.T.);
#7238=ORIENTED_EDGE('',*,*,#5035,.T.);
#7239=ORIENTED_EDGE('',*,*,#5036,.T.);
#7240=ORIENTED_EDGE('',*,*,#5037,.T.);
#7241=ORIENTED_EDGE('',*,*,#5038,.T.);
#7242=ORIENTED_EDGE('',*,*,#5039,.T.);
#7243=ORIENTED_EDGE('',*,*,#5040,.T.);
#7244=ORIENTED_EDGE('',*,*,#5041,.T.);
#7245=ORIENTED_EDGE('',*,*,#5042,.T.);
#7246=ORIENTED_EDGE('',*,*,#5043,.T.);
#7247=ORIENTED_EDGE('',*,*,#5044,.T.);
#7248=ORIENTED_EDGE('',*,*,#5045,.T.);
#7249=ORIENTED_EDGE('',*,*,#5046,.T.);
#7250=ORIENTED_EDGE('',*,*,#5047,.T.);
#7251=ORIENTED_EDGE('',*,*,#5048,.T.);
#7252=ORIENTED_EDGE('',*,*,#5049,.F.);
#7253=ORIENTED_EDGE('',*,*,#5050,.F.);
#7254=ORIENTED_EDGE('',*,*,#4248,.T.);
#7255=ORIENTED_EDGE('',*,*,#5051,.F.);
#7256=ORIENTED_EDGE('',*,*,#5016,.F.);
#7257=ORIENTED_EDGE('',*,*,#5052,.T.);
#7258=ORIENTED_EDGE('',*,*,#4280,.T.);
#7259=ORIENTED_EDGE('',*,*,#5053,.F.);
#7260=ORIENTED_EDGE('',*,*,#5017,.F.);
#7261=ORIENTED_EDGE('',*,*,#5051,.T.);
#7262=ORIENTED_EDGE('',*,*,#4279,.T.);
#7263=ORIENTED_EDGE('',*,*,#5054,.F.);
#7264=ORIENTED_EDGE('',*,*,#5018,.F.);
#7265=ORIENTED_EDGE('',*,*,#5053,.T.);
#7266=ORIENTED_EDGE('',*,*,#4278,.T.);
#7267=ORIENTED_EDGE('',*,*,#5055,.F.);
#7268=ORIENTED_EDGE('',*,*,#5019,.F.);
#7269=ORIENTED_EDGE('',*,*,#5054,.T.);
#7270=ORIENTED_EDGE('',*,*,#4277,.T.);
#7271=ORIENTED_EDGE('',*,*,#5056,.F.);
#7272=ORIENTED_EDGE('',*,*,#5020,.F.);
#7273=ORIENTED_EDGE('',*,*,#5055,.T.);
#7274=ORIENTED_EDGE('',*,*,#4276,.T.);
#7275=ORIENTED_EDGE('',*,*,#5057,.F.);
#7276=ORIENTED_EDGE('',*,*,#5021,.F.);
#7277=ORIENTED_EDGE('',*,*,#5056,.T.);
#7278=ORIENTED_EDGE('',*,*,#4275,.T.);
#7279=ORIENTED_EDGE('',*,*,#5058,.F.);
#7280=ORIENTED_EDGE('',*,*,#5022,.F.);
#7281=ORIENTED_EDGE('',*,*,#5057,.T.);
#7282=ORIENTED_EDGE('',*,*,#4274,.T.);
#7283=ORIENTED_EDGE('',*,*,#5059,.F.);
#7284=ORIENTED_EDGE('',*,*,#5023,.F.);
#7285=ORIENTED_EDGE('',*,*,#5058,.T.);
#7286=ORIENTED_EDGE('',*,*,#4273,.T.);
#7287=ORIENTED_EDGE('',*,*,#5060,.F.);
#7288=ORIENTED_EDGE('',*,*,#5024,.F.);
#7289=ORIENTED_EDGE('',*,*,#5059,.T.);
#7290=ORIENTED_EDGE('',*,*,#4272,.T.);
#7291=ORIENTED_EDGE('',*,*,#5061,.F.);
#7292=ORIENTED_EDGE('',*,*,#5025,.F.);
#7293=ORIENTED_EDGE('',*,*,#5060,.T.);
#7294=ORIENTED_EDGE('',*,*,#4271,.T.);
#7295=ORIENTED_EDGE('',*,*,#5062,.F.);
#7296=ORIENTED_EDGE('',*,*,#5026,.F.);
#7297=ORIENTED_EDGE('',*,*,#5061,.T.);
#7298=ORIENTED_EDGE('',*,*,#4270,.T.);
#7299=ORIENTED_EDGE('',*,*,#5063,.F.);
#7300=ORIENTED_EDGE('',*,*,#5027,.F.);
#7301=ORIENTED_EDGE('',*,*,#5062,.T.);
#7302=ORIENTED_EDGE('',*,*,#4269,.T.);
#7303=ORIENTED_EDGE('',*,*,#5064,.F.);
#7304=ORIENTED_EDGE('',*,*,#5028,.F.);
#7305=ORIENTED_EDGE('',*,*,#5063,.T.);
#7306=ORIENTED_EDGE('',*,*,#4268,.T.);
#7307=ORIENTED_EDGE('',*,*,#5065,.F.);
#7308=ORIENTED_EDGE('',*,*,#5029,.F.);
#7309=ORIENTED_EDGE('',*,*,#5064,.T.);
#7310=ORIENTED_EDGE('',*,*,#4267,.T.);
#7311=ORIENTED_EDGE('',*,*,#5066,.F.);
#7312=ORIENTED_EDGE('',*,*,#5030,.F.);
#7313=ORIENTED_EDGE('',*,*,#5065,.T.);
#7314=ORIENTED_EDGE('',*,*,#4266,.T.);
#7315=ORIENTED_EDGE('',*,*,#5067,.F.);
#7316=ORIENTED_EDGE('',*,*,#5031,.F.);
#7317=ORIENTED_EDGE('',*,*,#5066,.T.);
#7318=ORIENTED_EDGE('',*,*,#4265,.T.);
#7319=ORIENTED_EDGE('',*,*,#5068,.F.);
#7320=ORIENTED_EDGE('',*,*,#5032,.F.);
#7321=ORIENTED_EDGE('',*,*,#5067,.T.);
#7322=ORIENTED_EDGE('',*,*,#4264,.T.);
#7323=ORIENTED_EDGE('',*,*,#5069,.F.);
#7324=ORIENTED_EDGE('',*,*,#5033,.F.);
#7325=ORIENTED_EDGE('',*,*,#5068,.T.);
#7326=ORIENTED_EDGE('',*,*,#4263,.T.);
#7327=ORIENTED_EDGE('',*,*,#5070,.F.);
#7328=ORIENTED_EDGE('',*,*,#5034,.F.);
#7329=ORIENTED_EDGE('',*,*,#5069,.T.);
#7330=ORIENTED_EDGE('',*,*,#4262,.T.);
#7331=ORIENTED_EDGE('',*,*,#5071,.F.);
#7332=ORIENTED_EDGE('',*,*,#5035,.F.);
#7333=ORIENTED_EDGE('',*,*,#5070,.T.);
#7334=ORIENTED_EDGE('',*,*,#4261,.T.);
#7335=ORIENTED_EDGE('',*,*,#5072,.F.);
#7336=ORIENTED_EDGE('',*,*,#5036,.F.);
#7337=ORIENTED_EDGE('',*,*,#5071,.T.);
#7338=ORIENTED_EDGE('',*,*,#4260,.T.);
#7339=ORIENTED_EDGE('',*,*,#5073,.F.);
#7340=ORIENTED_EDGE('',*,*,#5037,.F.);
#7341=ORIENTED_EDGE('',*,*,#5072,.T.);
#7342=ORIENTED_EDGE('',*,*,#4259,.T.);
#7343=ORIENTED_EDGE('',*,*,#5074,.F.);
#7344=ORIENTED_EDGE('',*,*,#5038,.F.);
#7345=ORIENTED_EDGE('',*,*,#5073,.T.);
#7346=ORIENTED_EDGE('',*,*,#4258,.T.);
#7347=ORIENTED_EDGE('',*,*,#5075,.F.);
#7348=ORIENTED_EDGE('',*,*,#5039,.F.);
#7349=ORIENTED_EDGE('',*,*,#5074,.T.);
#7350=ORIENTED_EDGE('',*,*,#4257,.T.);
#7351=ORIENTED_EDGE('',*,*,#5076,.F.);
#7352=ORIENTED_EDGE('',*,*,#5040,.F.);
#7353=ORIENTED_EDGE('',*,*,#5075,.T.);
#7354=ORIENTED_EDGE('',*,*,#4256,.T.);
#7355=ORIENTED_EDGE('',*,*,#5077,.F.);
#7356=ORIENTED_EDGE('',*,*,#5041,.F.);
#7357=ORIENTED_EDGE('',*,*,#5076,.T.);
#7358=ORIENTED_EDGE('',*,*,#4255,.T.);
#7359=ORIENTED_EDGE('',*,*,#5078,.F.);
#7360=ORIENTED_EDGE('',*,*,#5042,.F.);
#7361=ORIENTED_EDGE('',*,*,#5077,.T.);
#7362=ORIENTED_EDGE('',*,*,#4254,.T.);
#7363=ORIENTED_EDGE('',*,*,#5079,.F.);
#7364=ORIENTED_EDGE('',*,*,#5043,.F.);
#7365=ORIENTED_EDGE('',*,*,#5078,.T.);
#7366=ORIENTED_EDGE('',*,*,#4253,.T.);
#7367=ORIENTED_EDGE('',*,*,#5080,.F.);
#7368=ORIENTED_EDGE('',*,*,#5044,.F.);
#7369=ORIENTED_EDGE('',*,*,#5079,.T.);
#7370=ORIENTED_EDGE('',*,*,#4252,.T.);
#7371=ORIENTED_EDGE('',*,*,#5081,.F.);
#7372=ORIENTED_EDGE('',*,*,#5045,.F.);
#7373=ORIENTED_EDGE('',*,*,#5080,.T.);
#7374=ORIENTED_EDGE('',*,*,#4251,.T.);
#7375=ORIENTED_EDGE('',*,*,#5082,.F.);
#7376=ORIENTED_EDGE('',*,*,#5046,.F.);
#7377=ORIENTED_EDGE('',*,*,#5081,.T.);
#7378=ORIENTED_EDGE('',*,*,#4250,.T.);
#7379=ORIENTED_EDGE('',*,*,#5083,.F.);
#7380=ORIENTED_EDGE('',*,*,#5047,.F.);
#7381=ORIENTED_EDGE('',*,*,#5082,.T.);
#7382=ORIENTED_EDGE('',*,*,#4249,.T.);
#7383=ORIENTED_EDGE('',*,*,#5052,.F.);
#7384=ORIENTED_EDGE('',*,*,#5048,.F.);
#7385=ORIENTED_EDGE('',*,*,#5083,.T.);
#7386=ORIENTED_EDGE('',*,*,#5084,.F.);
#7387=ORIENTED_EDGE('',*,*,#5085,.F.);
#7388=ORIENTED_EDGE('',*,*,#5049,.T.);
#7389=ORIENTED_EDGE('',*,*,#5086,.T.);
#7390=ORIENTED_EDGE('',*,*,#5087,.F.);
#7391=ORIENTED_EDGE('',*,*,#5086,.F.);
#7392=ORIENTED_EDGE('',*,*,#5050,.T.);
#7393=ORIENTED_EDGE('',*,*,#5085,.T.);
#7394=ORIENTED_EDGE('',*,*,#5087,.T.);
#7395=ORIENTED_EDGE('',*,*,#5084,.T.);
#7396=ORIENTED_EDGE('',*,*,#5088,.F.);
#7397=ORIENTED_EDGE('',*,*,#5089,.T.);
#7398=ORIENTED_EDGE('',*,*,#5090,.T.);
#7399=ORIENTED_EDGE('',*,*,#5089,.F.);
#7400=ORIENTED_EDGE('',*,*,#5091,.F.);
#7401=ORIENTED_EDGE('',*,*,#5092,.T.);
#7402=ORIENTED_EDGE('',*,*,#5093,.T.);
#7403=ORIENTED_EDGE('',*,*,#5092,.F.);
#7404=ORIENTED_EDGE('',*,*,#5094,.F.);
#7405=ORIENTED_EDGE('',*,*,#5095,.T.);
#7406=ORIENTED_EDGE('',*,*,#5096,.T.);
#7407=ORIENTED_EDGE('',*,*,#5095,.F.);
#7408=ORIENTED_EDGE('',*,*,#5097,.F.);
#7409=ORIENTED_EDGE('',*,*,#5098,.T.);
#7410=ORIENTED_EDGE('',*,*,#5099,.T.);
#7411=ORIENTED_EDGE('',*,*,#5098,.F.);
#7412=ORIENTED_EDGE('',*,*,#5100,.F.);
#7413=ORIENTED_EDGE('',*,*,#5101,.T.);
#7414=ORIENTED_EDGE('',*,*,#5102,.F.);
#7415=ORIENTED_EDGE('',*,*,#5103,.T.);
#7416=ORIENTED_EDGE('',*,*,#5104,.F.);
#7417=ORIENTED_EDGE('',*,*,#5105,.F.);
#7418=ORIENTED_EDGE('',*,*,#5106,.F.);
#7419=ORIENTED_EDGE('',*,*,#5107,.T.);
#7420=ORIENTED_EDGE('',*,*,#5108,.F.);
#7421=ORIENTED_EDGE('',*,*,#5109,.T.);
#7422=ORIENTED_EDGE('',*,*,#5110,.T.);
#7423=ORIENTED_EDGE('',*,*,#5111,.T.);
#7424=ORIENTED_EDGE('',*,*,#5112,.T.);
#7425=ORIENTED_EDGE('',*,*,#5113,.T.);
#7426=ORIENTED_EDGE('',*,*,#5114,.T.);
#7427=ORIENTED_EDGE('',*,*,#5115,.F.);
#7428=ORIENTED_EDGE('',*,*,#5116,.T.);
#7429=ORIENTED_EDGE('',*,*,#5117,.T.);
#7430=ORIENTED_EDGE('',*,*,#5118,.F.);
#7431=ORIENTED_EDGE('',*,*,#5119,.F.);
#7432=ORIENTED_EDGE('',*,*,#5120,.F.);
#7433=ORIENTED_EDGE('',*,*,#5121,.F.);
#7434=ORIENTED_EDGE('',*,*,#5106,.T.);
#7435=ORIENTED_EDGE('',*,*,#5122,.F.);
#7436=ORIENTED_EDGE('',*,*,#5123,.T.);
#7437=ORIENTED_EDGE('',*,*,#5124,.T.);
#7438=ORIENTED_EDGE('',*,*,#5125,.T.);
#7439=ORIENTED_EDGE('',*,*,#5101,.F.);
#7440=ORIENTED_EDGE('',*,*,#5126,.T.);
#7441=ORIENTED_EDGE('',*,*,#5127,.T.);
#7442=ORIENTED_EDGE('',*,*,#5128,.T.);
#7443=ORIENTED_EDGE('',*,*,#5129,.T.);
#7444=ORIENTED_EDGE('',*,*,#5130,.F.);
#7445=ORIENTED_EDGE('',*,*,#5111,.F.);
#7446=ORIENTED_EDGE('',*,*,#5122,.T.);
#7447=ORIENTED_EDGE('',*,*,#5131,.T.);
#7448=ORIENTED_EDGE('',*,*,#5132,.T.);
#7449=ORIENTED_EDGE('',*,*,#5133,.T.);
#7450=ORIENTED_EDGE('',*,*,#5134,.F.);
#7451=ORIENTED_EDGE('',*,*,#5135,.F.);
#7452=ORIENTED_EDGE('',*,*,#5136,.T.);
#7453=ORIENTED_EDGE('',*,*,#5137,.F.);
#7454=ORIENTED_EDGE('',*,*,#5107,.F.);
#7455=ORIENTED_EDGE('',*,*,#5121,.T.);
#7456=ORIENTED_EDGE('',*,*,#5113,.F.);
#7457=ORIENTED_EDGE('',*,*,#5138,.F.);
#7458=ORIENTED_EDGE('',*,*,#5139,.F.);
#7459=ORIENTED_EDGE('',*,*,#5140,.T.);
#7460=ORIENTED_EDGE('',*,*,#5141,.T.);
#7461=ORIENTED_EDGE('',*,*,#5142,.T.);
#7462=ORIENTED_EDGE('',*,*,#5143,.F.);
#7463=ORIENTED_EDGE('',*,*,#5144,.T.);
#7464=ORIENTED_EDGE('',*,*,#5145,.T.);
#7465=ORIENTED_EDGE('',*,*,#5135,.T.);
#7466=ORIENTED_EDGE('',*,*,#5146,.T.);
#7467=ORIENTED_EDGE('',*,*,#5145,.F.);
#7468=ORIENTED_EDGE('',*,*,#5147,.T.);
#7469=ORIENTED_EDGE('',*,*,#5148,.T.);
#7470=ORIENTED_EDGE('',*,*,#5123,.F.);
#7471=ORIENTED_EDGE('',*,*,#5149,.T.);
#7472=ORIENTED_EDGE('',*,*,#5150,.T.);
#7473=ORIENTED_EDGE('',*,*,#5151,.F.);
#7474=ORIENTED_EDGE('',*,*,#5143,.T.);
#7475=ORIENTED_EDGE('',*,*,#5102,.T.);
#7476=ORIENTED_EDGE('',*,*,#5125,.F.);
#7477=ORIENTED_EDGE('',*,*,#5152,.T.);
#7478=ORIENTED_EDGE('',*,*,#5153,.T.);
#7479=ORIENTED_EDGE('',*,*,#5154,.T.);
#7480=ORIENTED_EDGE('',*,*,#5155,.T.);
#7481=ORIENTED_EDGE('',*,*,#5104,.T.);
#7482=ORIENTED_EDGE('',*,*,#5137,.T.);
#7483=ORIENTED_EDGE('',*,*,#5156,.T.);
#7484=ORIENTED_EDGE('',*,*,#5157,.T.);
#7485=ORIENTED_EDGE('',*,*,#5150,.F.);
#7486=ORIENTED_EDGE('',*,*,#5158,.T.);
#7487=ORIENTED_EDGE('',*,*,#5159,.F.);
#7488=ORIENTED_EDGE('',*,*,#5160,.F.);
#7489=ORIENTED_EDGE('',*,*,#5161,.T.);
#7490=ORIENTED_EDGE('',*,*,#5162,.T.);
#7491=ORIENTED_EDGE('',*,*,#5163,.F.);
#7492=ORIENTED_EDGE('',*,*,#5162,.F.);
#7493=ORIENTED_EDGE('',*,*,#5164,.T.);
#7494=ORIENTED_EDGE('',*,*,#5139,.T.);
#7495=ORIENTED_EDGE('',*,*,#5165,.F.);
#7496=ORIENTED_EDGE('',*,*,#5129,.F.);
#7497=ORIENTED_EDGE('',*,*,#5166,.T.);
#7498=ORIENTED_EDGE('',*,*,#5160,.T.);
#7499=ORIENTED_EDGE('',*,*,#5167,.F.);
#7500=ORIENTED_EDGE('',*,*,#5140,.F.);
#7501=ORIENTED_EDGE('',*,*,#5164,.F.);
#7502=ORIENTED_EDGE('',*,*,#5161,.F.);
#7503=ORIENTED_EDGE('',*,*,#5166,.F.);
#7504=ORIENTED_EDGE('',*,*,#5128,.F.);
#7505=ORIENTED_EDGE('',*,*,#5112,.F.);
#7506=ORIENTED_EDGE('',*,*,#5130,.T.);
#7507=ORIENTED_EDGE('',*,*,#5165,.T.);
#7508=ORIENTED_EDGE('',*,*,#5159,.T.);
#7509=ORIENTED_EDGE('',*,*,#5163,.T.);
#7510=ORIENTED_EDGE('',*,*,#5138,.T.);
#7511=ORIENTED_EDGE('',*,*,#5168,.T.);
#7512=ORIENTED_EDGE('',*,*,#5169,.T.);
#7513=ORIENTED_EDGE('',*,*,#5170,.T.);
#7514=ORIENTED_EDGE('',*,*,#5118,.T.);
#7515=ORIENTED_EDGE('',*,*,#5171,.T.);
#7516=ORIENTED_EDGE('',*,*,#5172,.T.);
#7517=ORIENTED_EDGE('',*,*,#5096,.F.);
#7518=ORIENTED_EDGE('',*,*,#5126,.F.);
#7519=ORIENTED_EDGE('',*,*,#5100,.T.);
#7520=ORIENTED_EDGE('',*,*,#5132,.F.);
#7521=ORIENTED_EDGE('',*,*,#5168,.F.);
#7522=ORIENTED_EDGE('',*,*,#5120,.T.);
#7523=ORIENTED_EDGE('',*,*,#5110,.F.);
#7524=ORIENTED_EDGE('',*,*,#5173,.F.);
#7525=ORIENTED_EDGE('',*,*,#5174,.F.);
#7526=ORIENTED_EDGE('',*,*,#5175,.F.);
#7527=ORIENTED_EDGE('',*,*,#5114,.F.);
#7528=ORIENTED_EDGE('',*,*,#5090,.F.);
#7529=ORIENTED_EDGE('',*,*,#5141,.F.);
#7530=ORIENTED_EDGE('',*,*,#5167,.T.);
#7531=ORIENTED_EDGE('',*,*,#5127,.F.);
#7532=ORIENTED_EDGE('',*,*,#5172,.F.);
#7533=ORIENTED_EDGE('',*,*,#5176,.F.);
#7534=ORIENTED_EDGE('',*,*,#5177,.T.);
#7535=ORIENTED_EDGE('',*,*,#5178,.T.);
#7536=ORIENTED_EDGE('',*,*,#5169,.F.);
#7537=ORIENTED_EDGE('',*,*,#5170,.F.);
#7538=ORIENTED_EDGE('',*,*,#5178,.F.);
#7539=ORIENTED_EDGE('',*,*,#5179,.T.);
#7540=ORIENTED_EDGE('',*,*,#5119,.T.);
#7541=ORIENTED_EDGE('',*,*,#5171,.F.);
#7542=ORIENTED_EDGE('',*,*,#5117,.F.);
#7543=ORIENTED_EDGE('',*,*,#5180,.T.);
#7544=ORIENTED_EDGE('',*,*,#5176,.T.);
#7545=ORIENTED_EDGE('',*,*,#5116,.F.);
#7546=ORIENTED_EDGE('',*,*,#5179,.F.);
#7547=ORIENTED_EDGE('',*,*,#5177,.F.);
#7548=ORIENTED_EDGE('',*,*,#5180,.F.);
#7549=ORIENTED_EDGE('',*,*,#5097,.T.);
#7550=ORIENTED_EDGE('',*,*,#5174,.T.);
#7551=ORIENTED_EDGE('',*,*,#5181,.F.);
#7552=ORIENTED_EDGE('',*,*,#5182,.F.);
#7553=ORIENTED_EDGE('',*,*,#5183,.T.);
#7554=ORIENTED_EDGE('',*,*,#5173,.T.);
#7555=ORIENTED_EDGE('',*,*,#5109,.F.);
#7556=ORIENTED_EDGE('',*,*,#5184,.F.);
#7557=ORIENTED_EDGE('',*,*,#5181,.T.);
#7558=ORIENTED_EDGE('',*,*,#5175,.T.);
#7559=ORIENTED_EDGE('',*,*,#5183,.F.);
#7560=ORIENTED_EDGE('',*,*,#5185,.F.);
#7561=ORIENTED_EDGE('',*,*,#5115,.T.);
#7562=ORIENTED_EDGE('',*,*,#5182,.T.);
#7563=ORIENTED_EDGE('',*,*,#5184,.T.);
#7564=ORIENTED_EDGE('',*,*,#5108,.T.);
#7565=ORIENTED_EDGE('',*,*,#5185,.T.);
#7566=ORIENTED_EDGE('',*,*,#5091,.T.);
#7567=ORIENTED_EDGE('',*,*,#5186,.F.);
#7568=ORIENTED_EDGE('',*,*,#5156,.F.);
#7569=ORIENTED_EDGE('',*,*,#5136,.F.);
#7570=ORIENTED_EDGE('',*,*,#5147,.F.);
#7571=ORIENTED_EDGE('',*,*,#5157,.F.);
#7572=ORIENTED_EDGE('',*,*,#5186,.T.);
#7573=ORIENTED_EDGE('',*,*,#5144,.F.);
#7574=ORIENTED_EDGE('',*,*,#5151,.T.);
#7575=ORIENTED_EDGE('',*,*,#5154,.F.);
#7576=ORIENTED_EDGE('',*,*,#5187,.T.);
#7577=ORIENTED_EDGE('',*,*,#5146,.F.);
#7578=ORIENTED_EDGE('',*,*,#5134,.T.);
#7579=ORIENTED_EDGE('',*,*,#5188,.F.);
#7580=ORIENTED_EDGE('',*,*,#5187,.F.);
#7581=ORIENTED_EDGE('',*,*,#5153,.F.);
#7582=ORIENTED_EDGE('',*,*,#5189,.T.);
#7583=ORIENTED_EDGE('',*,*,#5142,.F.);
#7584=ORIENTED_EDGE('',*,*,#5105,.T.);
#7585=ORIENTED_EDGE('',*,*,#5158,.F.);
#7586=ORIENTED_EDGE('',*,*,#5149,.F.);
#7587=ORIENTED_EDGE('',*,*,#5131,.F.);
#7588=ORIENTED_EDGE('',*,*,#5155,.F.);
#7589=ORIENTED_EDGE('',*,*,#5188,.T.);
#7590=ORIENTED_EDGE('',*,*,#5133,.F.);
#7591=ORIENTED_EDGE('',*,*,#5103,.F.);
#7592=ORIENTED_EDGE('',*,*,#5189,.F.);
#7593=ORIENTED_EDGE('',*,*,#5152,.F.);
#7594=ORIENTED_EDGE('',*,*,#5124,.F.);
#7595=ORIENTED_EDGE('',*,*,#5148,.F.);
#7596=ORIENTED_EDGE('',*,*,#5099,.F.);
#7597=ORIENTED_EDGE('',*,*,#5094,.T.);
#7598=ORIENTED_EDGE('',*,*,#5093,.F.);
#7599=ORIENTED_EDGE('',*,*,#5088,.T.);
#7600=PLANE('',#8773);
#7601=PLANE('',#8778);
#7602=PLANE('',#8783);
#7603=PLANE('',#8784);
#7604=PLANE('',#8791);
#7605=PLANE('',#8796);
#7606=PLANE('',#8797);
#7607=PLANE('',#8798);
#7608=PLANE('',#8799);
#7609=PLANE('',#8800);
#7610=PLANE('',#8802);
#7611=PLANE('',#8804);
#7612=PLANE('',#8809);
#7613=PLANE('',#8812);
#7614=PLANE('',#8813);
#7615=PLANE('',#8814);
#7616=PLANE('',#8816);
#7617=PLANE('',#8818);
#7618=PLANE('',#8819);
#7619=PLANE('',#8822);
#7620=PLANE('',#8827);
#7621=PLANE('',#8828);
#7622=PLANE('',#8829);
#7623=PLANE('',#8832);
#7624=PLANE('',#8837);
#7625=PLANE('',#8840);
#7626=PLANE('',#8845);
#7627=PLANE('',#8846);
#7628=PLANE('',#8847);
#7629=PLANE('',#8850);
#7630=PLANE('',#8853);
#7631=PLANE('',#8854);
#7632=PLANE('',#8857);
#7633=PLANE('',#8862);
#7634=PLANE('',#8863);
#7635=PLANE('',#8864);
#7636=PLANE('',#8867);
#7637=PLANE('',#8870);
#7638=PLANE('',#8871);
#7639=PLANE('',#8872);
#7640=PLANE('',#8873);
#7641=PLANE('',#8874);
#7642=PLANE('',#8889);
#7643=PLANE('',#8923);
#7644=PLANE('',#8926);
#7645=PLANE('',#8927);
#7646=PLANE('',#8936);
#7647=PLANE('',#8939);
#7648=PLANE('',#8940);
#7649=PLANE('',#8949);
#7650=PLANE('',#8954);
#7651=PLANE('',#8955);
#7652=PLANE('',#8960);
#7653=PLANE('',#8961);
#7654=PLANE('',#8964);
#7655=PLANE('',#8967);
#7656=PLANE('',#8970);
#7657=PLANE('',#8977);
#7658=PLANE('',#8982);
#7659=PLANE('',#8987);
#7660=PLANE('',#8988);
#7661=PLANE('',#8989);
#7662=PLANE('',#8994);
#7663=PLANE('',#8999);
#7664=PLANE('',#9000);
#7665=PLANE('',#9009);
#7666=PLANE('',#9011);
#7667=PLANE('',#9013);
#7668=PLANE('',#9014);
#7669=PLANE('',#9015);
#7670=PLANE('',#9019);
#7671=PLANE('',#9020);
#7672=PLANE('',#9021);
#7673=PLANE('',#9025);
#7674=PLANE('',#9026);
#7675=PLANE('',#9027);
#7676=PLANE('',#9031);
#7677=PLANE('',#9032);
#7678=PLANE('',#9033);
#7679=PLANE('',#9039);
#7680=PLANE('',#9042);
#7681=PLANE('',#9043);
#7682=PLANE('',#9044);
#7683=PLANE('',#9045);
#7684=PLANE('',#9046);
#7685=PLANE('',#9047);
#7686=PLANE('',#9048);
#7687=PLANE('',#9049);
#7688=PLANE('',#9050);
#7689=PLANE('',#9051);
#7690=PLANE('',#9052);
#7691=PLANE('',#9053);
#7692=PLANE('',#9054);
#7693=PLANE('',#9055);
#7694=PLANE('',#9158);
#7695=PLANE('',#9159);
#7696=PLANE('',#9160);
#7697=PLANE('',#9161);
#7698=PLANE('',#9162);
#7699=PLANE('',#9163);
#7700=PLANE('',#9164);
#7701=PLANE('',#9165);
#7702=PLANE('',#9168);
#7703=PLANE('',#9171);
#7704=PLANE('',#9172);
#7705=PLANE('',#9173);
#7706=PLANE('',#9174);
#7707=PLANE('',#9175);
#7708=PLANE('',#9176);
#7709=PLANE('',#9177);
#7710=PLANE('',#9178);
#7711=PLANE('',#9179);
#7712=PLANE('',#9180);
#7713=PLANE('',#9181);
#7714=PLANE('',#9182);
#7715=PLANE('',#9183);
#7716=PLANE('',#9184);
#7717=PLANE('',#9185);
#7718=PLANE('',#9192);
#7719=PLANE('',#9193);
#7720=PLANE('',#9194);
#7721=PLANE('',#9195);
#7722=PLANE('',#9196);
#7723=PLANE('',#9197);
#7724=PLANE('',#9202);
#7725=PLANE('',#9203);
#7726=PLANE('',#9204);
#7727=PLANE('',#9205);
#7728=PLANE('',#9206);
#7729=PLANE('',#9207);
#7730=PLANE('',#9208);
#7731=PLANE('',#9209);
#7732=PLANE('',#9210);
#7733=PLANE('',#9211);
#7734=PLANE('',#9212);
#7735=PLANE('',#9213);
#7736=PLANE('',#9214);
#7737=PLANE('',#9215);
#7738=PLANE('',#9216);
#7739=PLANE('',#9217);
#7740=PLANE('',#9218);
#7741=PLANE('',#9219);
#7742=PLANE('',#9220);
#7743=PLANE('',#9221);
#7744=PLANE('',#9222);
#7745=PLANE('',#9223);
#7746=PLANE('',#9224);
#7747=PLANE('',#9225);
#7748=PLANE('',#9226);
#7749=PLANE('',#9227);
#7750=PLANE('',#9228);
#7751=PLANE('',#9229);
#7752=PLANE('',#9230);
#7753=PLANE('',#9237);
#7754=PLANE('',#9238);
#7755=PLANE('',#9239);
#7756=PLANE('',#9240);
#7757=PLANE('',#9241);
#7758=PLANE('',#9242);
#7759=PLANE('',#9246);
#7760=PLANE('',#9247);
#7761=PLANE('',#9248);
#7762=PLANE('',#9249);
#7763=PLANE('',#9257);
#7764=PLANE('',#9262);
#7765=PLANE('',#9263);
#7766=PLANE('',#9264);
#7767=PLANE('',#9265);
#7768=PLANE('',#9266);
#7769=PLANE('',#9267);
#7770=PLANE('',#9268);
#7771=PLANE('',#9269);
#7772=PLANE('',#9270);
#7773=PLANE('',#9271);
#7774=PLANE('',#9273);
#7775=PLANE('',#9274);
#7776=PLANE('',#9275);
#7777=PLANE('',#9276);
#7778=PLANE('',#9277);
#7779=PLANE('',#9278);
#7780=PLANE('',#9279);
#7781=PLANE('',#9280);
#7782=PLANE('',#9281);
#7783=PLANE('',#9282);
#7784=PLANE('',#9283);
#7785=PLANE('',#9284);
#7786=PLANE('',#9285);
#7787=PLANE('',#9286);
#7788=PLANE('',#9287);
#7789=PLANE('',#9288);
#7790=PLANE('',#9295);
#7791=PLANE('',#9296);
#7792=PLANE('',#9297);
#7793=PLANE('',#9298);
#7794=PLANE('',#9299);
#7795=PLANE('',#9300);
#7796=PLANE('',#9305);
#7797=PLANE('',#9306);
#7798=PLANE('',#9307);
#7799=PLANE('',#9308);
#7800=PLANE('',#9309);
#7801=PLANE('',#9310);
#7802=PLANE('',#9311);
#7803=PLANE('',#9312);
#7804=PLANE('',#9313);
#7805=PLANE('',#9314);
#7806=PLANE('',#9315);
#7807=PLANE('',#9316);
#7808=PLANE('',#9317);
#7809=PLANE('',#9318);
#7810=PLANE('',#9319);
#7811=PLANE('',#9320);
#7812=PLANE('',#9329);
#7813=PLANE('',#9330);
#7814=PLANE('',#9331);
#7815=PLANE('',#9332);
#7816=PLANE('',#9333);
#7817=PLANE('',#9334);
#7818=PLANE('',#9335);
#7819=PLANE('',#9336);
#7820=PLANE('',#9367);
#7821=PLANE('',#9369);
#7822=PLANE('',#9375);
#7823=PLANE('',#9376);
#7824=PLANE('',#9379);
#7825=PLANE('',#9381);
#7826=PLANE('',#9386);
#7827=PLANE('',#9387);
#7828=PLANE('',#9388);
#7829=PLANE('',#9390);
#7830=PLANE('',#9391);
#7831=PLANE('',#9396);
#7832=PLANE('',#9400);
#7833=PLANE('',#9401);
#7834=PLANE('',#9402);
#7835=PLANE('',#9405);
#7836=PLANE('',#9406);
#7837=PLANE('',#9407);
#7838=PLANE('',#9416);
#7839=PLANE('',#9417);
#7840=PLANE('',#9418);
#7841=PLANE('',#9419);
#7842=STYLED_ITEM('',(#15233),#8300);
#7843=STYLED_ITEM('',(#15233),#8301);
#7844=STYLED_ITEM('',(#15233),#8302);
#7845=STYLED_ITEM('',(#15233),#8303);
#7846=STYLED_ITEM('',(#15233),#8304);
#7847=STYLED_ITEM('',(#15233),#8305);
#7848=STYLED_ITEM('',(#15233),#8306);
#7849=STYLED_ITEM('',(#15233),#8307);
#7850=STYLED_ITEM('',(#15233),#8308);
#7851=STYLED_ITEM('',(#15233),#8309);
#7852=STYLED_ITEM('',(#15233),#8310);
#7853=STYLED_ITEM('',(#15233),#8311);
#7854=STYLED_ITEM('',(#15233),#8312);
#7855=STYLED_ITEM('',(#15233),#8313);
#7856=STYLED_ITEM('',(#15233),#8314);
#7857=STYLED_ITEM('',(#15233),#8315);
#7858=STYLED_ITEM('',(#15233),#8316);
#7859=STYLED_ITEM('',(#15233),#8317);
#7860=STYLED_ITEM('',(#15233),#8318);
#7861=STYLED_ITEM('',(#15233),#8319);
#7862=STYLED_ITEM('',(#15233),#8320);
#7863=STYLED_ITEM('',(#15233),#8321);
#7864=STYLED_ITEM('',(#15233),#8322);
#7865=STYLED_ITEM('',(#15233),#8323);
#7866=STYLED_ITEM('',(#15233),#8324);
#7867=STYLED_ITEM('',(#15233),#8325);
#7868=STYLED_ITEM('',(#15233),#8326);
#7869=STYLED_ITEM('',(#15233),#8327);
#7870=STYLED_ITEM('',(#15233),#8328);
#7871=STYLED_ITEM('',(#15233),#8329);
#7872=STYLED_ITEM('',(#15233),#8330);
#7873=STYLED_ITEM('',(#15233),#8331);
#7874=STYLED_ITEM('',(#15233),#8332);
#7875=STYLED_ITEM('',(#15233),#8333);
#7876=STYLED_ITEM('',(#15233),#8334);
#7877=STYLED_ITEM('',(#15233),#8335);
#7878=STYLED_ITEM('',(#15233),#8336);
#7879=STYLED_ITEM('',(#15233),#8337);
#7880=STYLED_ITEM('',(#15233),#8338);
#7881=STYLED_ITEM('',(#15233),#8339);
#7882=STYLED_ITEM('',(#15233),#8340);
#7883=STYLED_ITEM('',(#15233),#8341);
#7884=STYLED_ITEM('',(#15233),#8342);
#7885=STYLED_ITEM('',(#15233),#8343);
#7886=STYLED_ITEM('',(#15233),#8344);
#7887=STYLED_ITEM('',(#15233),#8345);
#7888=STYLED_ITEM('',(#15233),#8346);
#7889=STYLED_ITEM('',(#15233),#8347);
#7890=STYLED_ITEM('',(#15233),#8348);
#7891=STYLED_ITEM('',(#15233),#8349);
#7892=STYLED_ITEM('',(#15233),#8350);
#7893=STYLED_ITEM('',(#15233),#8351);
#7894=STYLED_ITEM('',(#15233),#8352);
#7895=STYLED_ITEM('',(#15233),#8353);
#7896=STYLED_ITEM('',(#15233),#8354);
#7897=STYLED_ITEM('',(#15233),#8355);
#7898=STYLED_ITEM('',(#15233),#8356);
#7899=STYLED_ITEM('',(#15233),#8357);
#7900=STYLED_ITEM('',(#15233),#8358);
#7901=STYLED_ITEM('',(#15233),#8359);
#7902=STYLED_ITEM('',(#15233),#8360);
#7903=STYLED_ITEM('',(#15233),#8361);
#7904=STYLED_ITEM('',(#15233),#8362);
#7905=STYLED_ITEM('',(#15233),#8363);
#7906=STYLED_ITEM('',(#15233),#8364);
#7907=STYLED_ITEM('',(#15233),#8365);
#7908=STYLED_ITEM('',(#15232),#239);
#7909=STYLED_ITEM('',(#15234),#8366);
#7910=STYLED_ITEM('',(#15233),#8367);
#7911=STYLED_ITEM('',(#15233),#8368);
#7912=STYLED_ITEM('',(#15233),#8369);
#7913=STYLED_ITEM('',(#15233),#8370);
#7914=STYLED_ITEM('',(#15233),#8371);
#7915=STYLED_ITEM('',(#15233),#8372);
#7916=STYLED_ITEM('',(#15233),#8373);
#7917=STYLED_ITEM('',(#15233),#8374);
#7918=STYLED_ITEM('',(#15233),#8375);
#7919=STYLED_ITEM('',(#15233),#8376);
#7920=STYLED_ITEM('',(#15233),#8377);
#7921=STYLED_ITEM('',(#15233),#8378);
#7922=STYLED_ITEM('',(#15233),#8379);
#7923=STYLED_ITEM('',(#15235),#8380);
#7924=STYLED_ITEM('',(#15234),#8381);
#7925=STYLED_ITEM('',(#15234),#8382);
#7926=STYLED_ITEM('',(#15234),#8383);
#7927=STYLED_ITEM('',(#15234),#8384);
#7928=STYLED_ITEM('',(#15233),#8385);
#7929=STYLED_ITEM('',(#15233),#8386);
#7930=STYLED_ITEM('',(#15233),#8387);
#7931=STYLED_ITEM('',(#15233),#8388);
#7932=STYLED_ITEM('',(#15233),#8389);
#7933=STYLED_ITEM('',(#15233),#8390);
#7934=STYLED_ITEM('',(#15233),#8391);
#7935=STYLED_ITEM('',(#15233),#8392);
#7936=STYLED_ITEM('',(#15233),#8393);
#7937=STYLED_ITEM('',(#15233),#8394);
#7938=STYLED_ITEM('',(#15233),#8395);
#7939=STYLED_ITEM('',(#15233),#8396);
#7940=STYLED_ITEM('',(#15234),#8397);
#7941=STYLED_ITEM('',(#15234),#8398);
#7942=STYLED_ITEM('',(#15234),#8399);
#7943=STYLED_ITEM('',(#15234),#8400);
#7944=STYLED_ITEM('',(#15234),#8401);
#7945=STYLED_ITEM('',(#15234),#8402);
#7946=STYLED_ITEM('',(#15234),#8403);
#7947=STYLED_ITEM('',(#15234),#8404);
#7948=STYLED_ITEM('',(#15234),#8405);
#7949=STYLED_ITEM('',(#15234),#8406);
#7950=STYLED_ITEM('',(#15234),#8407);
#7951=STYLED_ITEM('',(#15234),#8408);
#7952=STYLED_ITEM('',(#15234),#8409);
#7953=STYLED_ITEM('',(#15234),#8410);
#7954=STYLED_ITEM('',(#15234),#8411);
#7955=STYLED_ITEM('',(#15234),#8412);
#7956=STYLED_ITEM('',(#15234),#8413);
#7957=STYLED_ITEM('',(#15233),#8414);
#7958=STYLED_ITEM('',(#15233),#8415);
#7959=STYLED_ITEM('',(#15233),#8416);
#7960=STYLED_ITEM('',(#15233),#8417);
#7961=STYLED_ITEM('',(#15233),#8418);
#7962=STYLED_ITEM('',(#15233),#8419);
#7963=STYLED_ITEM('',(#15233),#8420);
#7964=STYLED_ITEM('',(#15233),#8421);
#7965=STYLED_ITEM('',(#15233),#8422);
#7966=STYLED_ITEM('',(#15233),#8423);
#7967=STYLED_ITEM('',(#15233),#8424);
#7968=STYLED_ITEM('',(#15233),#8425);
#7969=STYLED_ITEM('',(#15233),#8426);
#7970=STYLED_ITEM('',(#15233),#8427);
#7971=STYLED_ITEM('',(#15233),#8428);
#7972=STYLED_ITEM('',(#15233),#8429);
#7973=STYLED_ITEM('',(#15233),#8430);
#7974=STYLED_ITEM('',(#15233),#8431);
#7975=STYLED_ITEM('',(#15233),#8432);
#7976=STYLED_ITEM('',(#15233),#8433);
#7977=STYLED_ITEM('',(#15233),#8434);
#7978=STYLED_ITEM('',(#15233),#8435);
#7979=STYLED_ITEM('',(#15233),#8436);
#7980=STYLED_ITEM('',(#15233),#8437);
#7981=STYLED_ITEM('',(#15233),#8438);
#7982=STYLED_ITEM('',(#15233),#8439);
#7983=STYLED_ITEM('',(#15233),#8440);
#7984=STYLED_ITEM('',(#15233),#8441);
#7985=STYLED_ITEM('',(#15233),#8442);
#7986=STYLED_ITEM('',(#15233),#8443);
#7987=STYLED_ITEM('',(#15234),#8444);
#7988=STYLED_ITEM('',(#15234),#8445);
#7989=STYLED_ITEM('',(#15234),#8446);
#7990=STYLED_ITEM('',(#15234),#8447);
#7991=STYLED_ITEM('',(#15234),#8448);
#7992=STYLED_ITEM('',(#15234),#8449);
#7993=STYLED_ITEM('',(#15234),#8450);
#7994=STYLED_ITEM('',(#15234),#8451);
#7995=STYLED_ITEM('',(#15234),#8452);
#7996=STYLED_ITEM('',(#15234),#8453);
#7997=STYLED_ITEM('',(#15234),#8454);
#7998=STYLED_ITEM('',(#15234),#8455);
#7999=STYLED_ITEM('',(#15234),#8456);
#8000=STYLED_ITEM('',(#15234),#8457);
#8001=STYLED_ITEM('',(#15234),#8458);
#8002=STYLED_ITEM('',(#15234),#8459);
#8003=STYLED_ITEM('',(#15234),#8460);
#8004=STYLED_ITEM('',(#15234),#8461);
#8005=STYLED_ITEM('',(#15234),#8462);
#8006=STYLED_ITEM('',(#15234),#8463);
#8007=STYLED_ITEM('',(#15234),#8464);
#8008=STYLED_ITEM('',(#15234),#8465);
#8009=STYLED_ITEM('',(#15234),#8466);
#8010=STYLED_ITEM('',(#15234),#8467);
#8011=STYLED_ITEM('',(#15234),#8468);
#8012=STYLED_ITEM('',(#15234),#8469);
#8013=STYLED_ITEM('',(#15234),#8470);
#8014=STYLED_ITEM('',(#15234),#8471);
#8015=STYLED_ITEM('',(#15235),#8472);
#8016=STYLED_ITEM('',(#15235),#8473);
#8017=STYLED_ITEM('',(#15235),#8474);
#8018=STYLED_ITEM('',(#15235),#8475);
#8019=STYLED_ITEM('',(#15235),#8476);
#8020=STYLED_ITEM('',(#15235),#8477);
#8021=STYLED_ITEM('',(#15235),#8478);
#8022=STYLED_ITEM('',(#15235),#8479);
#8023=STYLED_ITEM('',(#15235),#8480);
#8024=STYLED_ITEM('',(#15235),#8481);
#8025=STYLED_ITEM('',(#15235),#8482);
#8026=STYLED_ITEM('',(#15235),#8483);
#8027=STYLED_ITEM('',(#15234),#8484);
#8028=STYLED_ITEM('',(#15234),#8485);
#8029=STYLED_ITEM('',(#15234),#8486);
#8030=STYLED_ITEM('',(#15234),#8487);
#8031=STYLED_ITEM('',(#15236),#8488);
#8032=STYLED_ITEM('',(#15236),#8489);
#8033=STYLED_ITEM('',(#15236),#8490);
#8034=STYLED_ITEM('',(#15236),#8491);
#8035=STYLED_ITEM('',(#15236),#8492);
#8036=STYLED_ITEM('',(#15236),#8493);
#8037=STYLED_ITEM('',(#15236),#8494);
#8038=STYLED_ITEM('',(#15236),#8495);
#8039=STYLED_ITEM('',(#15236),#8496);
#8040=STYLED_ITEM('',(#15236),#8497);
#8041=STYLED_ITEM('',(#15236),#8498);
#8042=STYLED_ITEM('',(#15236),#8499);
#8043=STYLED_ITEM('',(#15236),#8500);
#8044=STYLED_ITEM('',(#15236),#8501);
#8045=STYLED_ITEM('',(#15236),#8502);
#8046=STYLED_ITEM('',(#15236),#8503);
#8047=STYLED_ITEM('',(#15236),#8504);
#8048=STYLED_ITEM('',(#15236),#8505);
#8049=STYLED_ITEM('',(#15236),#8506);
#8050=STYLED_ITEM('',(#15236),#8507);
#8051=STYLED_ITEM('',(#15236),#8508);
#8052=STYLED_ITEM('',(#15236),#8509);
#8053=STYLED_ITEM('',(#15236),#8510);
#8054=STYLED_ITEM('',(#15236),#8511);
#8055=STYLED_ITEM('',(#15236),#8512);
#8056=STYLED_ITEM('',(#15236),#8513);
#8057=STYLED_ITEM('',(#15236),#8514);
#8058=STYLED_ITEM('',(#15236),#8515);
#8059=STYLED_ITEM('',(#15236),#8516);
#8060=STYLED_ITEM('',(#15236),#8517);
#8061=STYLED_ITEM('',(#15236),#8518);
#8062=STYLED_ITEM('',(#15236),#8519);
#8063=STYLED_ITEM('',(#15236),#8520);
#8064=STYLED_ITEM('',(#15236),#8521);
#8065=STYLED_ITEM('',(#15236),#8522);
#8066=STYLED_ITEM('',(#15236),#8523);
#8067=STYLED_ITEM('',(#15236),#8524);
#8068=STYLED_ITEM('',(#15236),#8525);
#8069=STYLED_ITEM('',(#15236),#8526);
#8070=STYLED_ITEM('',(#15236),#8527);
#8071=STYLED_ITEM('',(#15236),#8528);
#8072=STYLED_ITEM('',(#15236),#8529);
#8073=STYLED_ITEM('',(#15236),#8530);
#8074=STYLED_ITEM('',(#15236),#8531);
#8075=STYLED_ITEM('',(#15236),#8532);
#8076=STYLED_ITEM('',(#15236),#8533);
#8077=STYLED_ITEM('',(#15236),#8534);
#8078=STYLED_ITEM('',(#15236),#8535);
#8079=STYLED_ITEM('',(#15236),#8536);
#8080=STYLED_ITEM('',(#15236),#8537);
#8081=STYLED_ITEM('',(#15234),#8538);
#8082=STYLED_ITEM('',(#15236),#8539);
#8083=STYLED_ITEM('',(#15236),#8540);
#8084=STYLED_ITEM('',(#15236),#8541);
#8085=STYLED_ITEM('',(#15236),#8542);
#8086=STYLED_ITEM('',(#15236),#8543);
#8087=STYLED_ITEM('',(#15236),#8544);
#8088=STYLED_ITEM('',(#15236),#8545);
#8089=STYLED_ITEM('',(#15236),#8546);
#8090=STYLED_ITEM('',(#15236),#8547);
#8091=STYLED_ITEM('',(#15236),#8548);
#8092=STYLED_ITEM('',(#15236),#8549);
#8093=STYLED_ITEM('',(#15236),#8550);
#8094=STYLED_ITEM('',(#15236),#8551);
#8095=STYLED_ITEM('',(#15236),#8552);
#8096=STYLED_ITEM('',(#15236),#8553);
#8097=STYLED_ITEM('',(#15234),#8554);
#8098=STYLED_ITEM('',(#15236),#8555);
#8099=STYLED_ITEM('',(#15236),#8556);
#8100=STYLED_ITEM('',(#15236),#8557);
#8101=STYLED_ITEM('',(#15236),#8558);
#8102=STYLED_ITEM('',(#15236),#8559);
#8103=STYLED_ITEM('',(#15236),#8560);
#8104=STYLED_ITEM('',(#15236),#8561);
#8105=STYLED_ITEM('',(#15236),#8562);
#8106=STYLED_ITEM('',(#15236),#8563);
#8107=STYLED_ITEM('',(#15236),#8564);
#8108=STYLED_ITEM('',(#15236),#8565);
#8109=STYLED_ITEM('',(#15236),#8566);
#8110=STYLED_ITEM('',(#15236),#8567);
#8111=STYLED_ITEM('',(#15236),#8568);
#8112=STYLED_ITEM('',(#15236),#8569);
#8113=STYLED_ITEM('',(#15236),#8570);
#8114=STYLED_ITEM('',(#15236),#8571);
#8115=STYLED_ITEM('',(#15236),#8572);
#8116=STYLED_ITEM('',(#15236),#8573);
#8117=STYLED_ITEM('',(#15236),#8574);
#8118=STYLED_ITEM('',(#15236),#8575);
#8119=STYLED_ITEM('',(#15236),#8576);
#8120=STYLED_ITEM('',(#15236),#8577);
#8121=STYLED_ITEM('',(#15236),#8578);
#8122=STYLED_ITEM('',(#15236),#8579);
#8123=STYLED_ITEM('',(#15236),#8580);
#8124=STYLED_ITEM('',(#15236),#8581);
#8125=STYLED_ITEM('',(#15236),#8582);
#8126=STYLED_ITEM('',(#15236),#8583);
#8127=STYLED_ITEM('',(#15236),#8584);
#8128=STYLED_ITEM('',(#15236),#8585);
#8129=STYLED_ITEM('',(#15236),#8586);
#8130=STYLED_ITEM('',(#15236),#8587);
#8131=STYLED_ITEM('',(#15236),#8588);
#8132=STYLED_ITEM('',(#15236),#8589);
#8133=STYLED_ITEM('',(#15236),#8590);
#8134=STYLED_ITEM('',(#15234),#8591);
#8135=STYLED_ITEM('',(#15236),#8592);
#8136=STYLED_ITEM('',(#15236),#8593);
#8137=STYLED_ITEM('',(#15236),#8594);
#8138=STYLED_ITEM('',(#15236),#8595);
#8139=STYLED_ITEM('',(#15236),#8596);
#8140=STYLED_ITEM('',(#15236),#8597);
#8141=STYLED_ITEM('',(#15236),#8598);
#8142=STYLED_ITEM('',(#15236),#8599);
#8143=STYLED_ITEM('',(#15236),#8600);
#8144=STYLED_ITEM('',(#15236),#8601);
#8145=STYLED_ITEM('',(#15236),#8602);
#8146=STYLED_ITEM('',(#15236),#8603);
#8147=STYLED_ITEM('',(#15236),#8604);
#8148=STYLED_ITEM('',(#15236),#8605);
#8149=STYLED_ITEM('',(#15236),#8606);
#8150=STYLED_ITEM('',(#15236),#8607);
#8151=STYLED_ITEM('',(#15236),#8608);
#8152=STYLED_ITEM('',(#15236),#8609);
#8153=STYLED_ITEM('',(#15236),#8610);
#8154=STYLED_ITEM('',(#15236),#8611);
#8155=STYLED_ITEM('',(#15236),#8612);
#8156=STYLED_ITEM('',(#15236),#8613);
#8157=STYLED_ITEM('',(#15236),#8614);
#8158=STYLED_ITEM('',(#15236),#8615);
#8159=STYLED_ITEM('',(#15236),#8616);
#8160=STYLED_ITEM('',(#15236),#8617);
#8161=STYLED_ITEM('',(#15236),#8618);
#8162=STYLED_ITEM('',(#15236),#8619);
#8163=STYLED_ITEM('',(#15236),#8620);
#8164=STYLED_ITEM('',(#15236),#8621);
#8165=STYLED_ITEM('',(#15236),#8622);
#8166=STYLED_ITEM('',(#15236),#8623);
#8167=STYLED_ITEM('',(#15236),#8624);
#8168=STYLED_ITEM('',(#15236),#8625);
#8169=STYLED_ITEM('',(#15236),#8626);
#8170=STYLED_ITEM('',(#15236),#8627);
#8171=STYLED_ITEM('',(#15236),#8628);
#8172=STYLED_ITEM('',(#15236),#8629);
#8173=STYLED_ITEM('',(#15236),#8630);
#8174=STYLED_ITEM('',(#15236),#8631);
#8175=STYLED_ITEM('',(#15236),#8632);
#8176=STYLED_ITEM('',(#15236),#8633);
#8177=STYLED_ITEM('',(#15236),#8634);
#8178=STYLED_ITEM('',(#15236),#8635);
#8179=STYLED_ITEM('',(#15236),#8636);
#8180=STYLED_ITEM('',(#15236),#8637);
#8181=STYLED_ITEM('',(#15236),#8638);
#8182=STYLED_ITEM('',(#15236),#8639);
#8183=STYLED_ITEM('',(#15236),#8640);
#8184=STYLED_ITEM('',(#15236),#8641);
#8185=STYLED_ITEM('',(#15236),#8642);
#8186=STYLED_ITEM('',(#15236),#8643);
#8187=STYLED_ITEM('',(#15236),#8644);
#8188=STYLED_ITEM('',(#15236),#8645);
#8189=STYLED_ITEM('',(#15236),#8646);
#8190=STYLED_ITEM('',(#15236),#8647);
#8191=STYLED_ITEM('',(#15236),#8648);
#8192=STYLED_ITEM('',(#15236),#8649);
#8193=STYLED_ITEM('',(#15236),#8650);
#8194=STYLED_ITEM('',(#15236),#8651);
#8195=STYLED_ITEM('',(#15236),#8652);
#8196=STYLED_ITEM('',(#15236),#8653);
#8197=STYLED_ITEM('',(#15236),#8654);
#8198=STYLED_ITEM('',(#15236),#8655);
#8199=STYLED_ITEM('',(#15236),#8656);
#8200=STYLED_ITEM('',(#15236),#8657);
#8201=STYLED_ITEM('',(#15234),#8658);
#8202=STYLED_ITEM('',(#15236),#8659);
#8203=STYLED_ITEM('',(#15236),#8660);
#8204=STYLED_ITEM('',(#15236),#8661);
#8205=STYLED_ITEM('',(#15236),#8662);
#8206=STYLED_ITEM('',(#15236),#8663);
#8207=STYLED_ITEM('',(#15236),#8664);
#8208=STYLED_ITEM('',(#15236),#8665);
#8209=STYLED_ITEM('',(#15236),#8666);
#8210=STYLED_ITEM('',(#15236),#8667);
#8211=STYLED_ITEM('',(#15236),#8668);
#8212=STYLED_ITEM('',(#15236),#8669);
#8213=STYLED_ITEM('',(#15236),#8670);
#8214=STYLED_ITEM('',(#15236),#8671);
#8215=STYLED_ITEM('',(#15236),#8672);
#8216=STYLED_ITEM('',(#15236),#8673);
#8217=STYLED_ITEM('',(#15234),#8674);
#8218=STYLED_ITEM('',(#15236),#8675);
#8219=STYLED_ITEM('',(#15236),#8676);
#8220=STYLED_ITEM('',(#15236),#8677);
#8221=STYLED_ITEM('',(#15236),#8678);
#8222=STYLED_ITEM('',(#15236),#8679);
#8223=STYLED_ITEM('',(#15236),#8680);
#8224=STYLED_ITEM('',(#15236),#8681);
#8225=STYLED_ITEM('',(#15236),#8682);
#8226=STYLED_ITEM('',(#15236),#8683);
#8227=STYLED_ITEM('',(#15236),#8684);
#8228=STYLED_ITEM('',(#15236),#8685);
#8229=STYLED_ITEM('',(#15236),#8686);
#8230=STYLED_ITEM('',(#15236),#8687);
#8231=STYLED_ITEM('',(#15236),#8688);
#8232=STYLED_ITEM('',(#15236),#8689);
#8233=STYLED_ITEM('',(#15236),#8690);
#8234=STYLED_ITEM('',(#15236),#8691);
#8235=STYLED_ITEM('',(#15236),#8692);
#8236=STYLED_ITEM('',(#15236),#8693);
#8237=STYLED_ITEM('',(#15236),#8694);
#8238=STYLED_ITEM('',(#15236),#8695);
#8239=STYLED_ITEM('',(#15236),#8696);
#8240=STYLED_ITEM('',(#15236),#8697);
#8241=STYLED_ITEM('',(#15236),#8698);
#8242=STYLED_ITEM('',(#15236),#8699);
#8243=STYLED_ITEM('',(#15236),#8700);
#8244=STYLED_ITEM('',(#15236),#8701);
#8245=STYLED_ITEM('',(#15236),#8702);
#8246=STYLED_ITEM('',(#15236),#8703);
#8247=STYLED_ITEM('',(#15236),#8704);
#8248=STYLED_ITEM('',(#15236),#8705);
#8249=STYLED_ITEM('',(#15236),#8706);
#8250=STYLED_ITEM('',(#15236),#8707);
#8251=STYLED_ITEM('',(#15236),#8708);
#8252=STYLED_ITEM('',(#15236),#8709);
#8253=STYLED_ITEM('',(#15236),#8710);
#8254=STYLED_ITEM('',(#15234),#8711);
#8255=STYLED_ITEM('',(#15232),#240);
#8256=STYLED_ITEM('',(#15234),#8712);
#8257=STYLED_ITEM('',(#15234),#8713);
#8258=STYLED_ITEM('',(#15234),#8714);
#8259=STYLED_ITEM('',(#15234),#8715);
#8260=STYLED_ITEM('',(#15235),#8716);
#8261=STYLED_ITEM('',(#15235),#8717);
#8262=STYLED_ITEM('',(#15235),#8718);
#8263=STYLED_ITEM('',(#15235),#8719);
#8264=STYLED_ITEM('',(#15235),#8720);
#8265=STYLED_ITEM('',(#15235),#8721);
#8266=STYLED_ITEM('',(#15235),#8722);
#8267=STYLED_ITEM('',(#15235),#8723);
#8268=STYLED_ITEM('',(#15235),#8724);
#8269=STYLED_ITEM('',(#15235),#8725);
#8270=STYLED_ITEM('',(#15235),#8726);
#8271=STYLED_ITEM('',(#15235),#8727);
#8272=STYLED_ITEM('',(#15235),#8728);
#8273=STYLED_ITEM('',(#15235),#8729);
#8274=STYLED_ITEM('',(#15235),#8730);
#8275=STYLED_ITEM('',(#15235),#8731);
#8276=STYLED_ITEM('',(#15235),#8732);
#8277=STYLED_ITEM('',(#15235),#8733);
#8278=STYLED_ITEM('',(#15235),#8734);
#8279=STYLED_ITEM('',(#15235),#8735);
#8280=STYLED_ITEM('',(#15235),#8736);
#8281=STYLED_ITEM('',(#15235),#8737);
#8282=STYLED_ITEM('',(#15235),#8738);
#8283=STYLED_ITEM('',(#15235),#8739);
#8284=STYLED_ITEM('',(#15235),#8740);
#8285=STYLED_ITEM('',(#15235),#8741);
#8286=STYLED_ITEM('',(#15235),#8742);
#8287=STYLED_ITEM('',(#15235),#8743);
#8288=STYLED_ITEM('',(#15235),#8744);
#8289=STYLED_ITEM('',(#15235),#8745);
#8290=STYLED_ITEM('',(#15235),#8746);
#8291=STYLED_ITEM('',(#15235),#8747);
#8292=STYLED_ITEM('',(#15235),#8748);
#8293=STYLED_ITEM('',(#15235),#8749);
#8294=STYLED_ITEM('',(#15235),#8750);
#8295=STYLED_ITEM('',(#15234),#8751);
#8296=STYLED_ITEM('',(#15234),#8752);
#8297=STYLED_ITEM('',(#15234),#8753);
#8298=STYLED_ITEM('',(#15234),#8754);
#8299=STYLED_ITEM('',(#15232),#241);
#8300=ADVANCED_FACE('',(#497),#7600,.F.);
#8301=ADVANCED_FACE('',(#498),#7601,.T.);
#8302=ADVANCED_FACE('',(#499),#7602,.F.);
#8303=ADVANCED_FACE('',(#500,#468),#7603,.T.);
#8304=ADVANCED_FACE('',(#501,#469),#7604,.F.);
#8305=ADVANCED_FACE('',(#502),#7605,.F.);
#8306=ADVANCED_FACE('',(#503),#7606,.F.);
#8307=ADVANCED_FACE('',(#504),#7607,.F.);
#8308=ADVANCED_FACE('',(#505),#7608,.F.);
#8309=ADVANCED_FACE('',(#506),#7609,.T.);
#8310=ADVANCED_FACE('',(#507),#7610,.T.);
#8311=ADVANCED_FACE('',(#508),#7611,.T.);
#8312=ADVANCED_FACE('',(#509),#7612,.F.);
#8313=ADVANCED_FACE('',(#510),#7613,.T.);
#8314=ADVANCED_FACE('',(#511),#7614,.T.);
#8315=ADVANCED_FACE('',(#512),#7615,.F.);
#8316=ADVANCED_FACE('',(#513),#365,.F.);
#8317=ADVANCED_FACE('',(#514),#7616,.T.);
#8318=ADVANCED_FACE('',(#515),#366,.F.);
#8319=ADVANCED_FACE('',(#516),#7617,.T.);
#8320=ADVANCED_FACE('',(#517),#7618,.T.);
#8321=ADVANCED_FACE('',(#518),#7619,.F.);
#8322=ADVANCED_FACE('',(#519),#367,.T.);
#8323=ADVANCED_FACE('',(#520),#368,.F.);
#8324=ADVANCED_FACE('',(#521),#7620,.T.);
#8325=ADVANCED_FACE('',(#522),#7621,.T.);
#8326=ADVANCED_FACE('',(#523),#7622,.F.);
#8327=ADVANCED_FACE('',(#524),#7623,.T.);
#8328=ADVANCED_FACE('',(#525),#369,.T.);
#8329=ADVANCED_FACE('',(#526),#370,.F.);
#8330=ADVANCED_FACE('',(#527),#7624,.F.);
#8331=ADVANCED_FACE('',(#528),#7625,.T.);
#8332=ADVANCED_FACE('',(#529),#371,.T.);
#8333=ADVANCED_FACE('',(#530),#372,.F.);
#8334=ADVANCED_FACE('',(#531),#7626,.T.);
#8335=ADVANCED_FACE('',(#532),#7627,.T.);
#8336=ADVANCED_FACE('',(#533),#7628,.T.);
#8337=ADVANCED_FACE('',(#534),#7629,.F.);
#8338=ADVANCED_FACE('',(#535),#7630,.T.);
#8339=ADVANCED_FACE('',(#536),#7631,.F.);
#8340=ADVANCED_FACE('',(#537),#7632,.T.);
#8341=ADVANCED_FACE('',(#538),#373,.T.);
#8342=ADVANCED_FACE('',(#539),#374,.F.);
#8343=ADVANCED_FACE('',(#540),#7633,.T.);
#8344=ADVANCED_FACE('',(#541),#7634,.T.);
#8345=ADVANCED_FACE('',(#542),#7635,.F.);
#8346=ADVANCED_FACE('',(#543),#7636,.T.);
#8347=ADVANCED_FACE('',(#544),#7637,.T.);
#8348=ADVANCED_FACE('',(#545),#7638,.F.);
#8349=ADVANCED_FACE('',(#546),#7639,.T.);
#8350=ADVANCED_FACE('',(#547),#7640,.F.);
#8351=ADVANCED_FACE('',(#548),#7641,.T.);
#8352=ADVANCED_FACE('',(#549),#375,.T.);
#8353=ADVANCED_FACE('',(#550),#376,.T.);
#8354=ADVANCED_FACE('',(#551),#377,.F.);
#8355=ADVANCED_FACE('',(#552),#378,.F.);
#8356=ADVANCED_FACE('',(#553),#379,.F.);
#8357=ADVANCED_FACE('',(#554),#380,.F.);
#8358=ADVANCED_FACE('',(#555),#381,.T.);
#8359=ADVANCED_FACE('',(#556),#382,.T.);
#8360=ADVANCED_FACE('',(#557),#383,.T.);
#8361=ADVANCED_FACE('',(#558),#384,.T.);
#8362=ADVANCED_FACE('',(#559),#385,.T.);
#8363=ADVANCED_FACE('',(#560),#386,.T.);
#8364=ADVANCED_FACE('',(#561),#387,.T.);
#8365=ADVANCED_FACE('',(#562),#388,.T.);
#8366=ADVANCED_FACE('',(#563,#470,#471,#472,#473,#474,#475,#476,#477,#478,
#479,#480,#481,#482),#7642,.F.);
#8367=ADVANCED_FACE('',(#564),#7643,.F.);
#8368=ADVANCED_FACE('',(#565),#7644,.T.);
#8369=ADVANCED_FACE('',(#566),#7645,.T.);
#8370=ADVANCED_FACE('',(#567),#389,.T.);
#8371=ADVANCED_FACE('',(#568),#390,.F.);
#8372=ADVANCED_FACE('',(#569),#7646,.F.);
#8373=ADVANCED_FACE('',(#570),#7647,.T.);
#8374=ADVANCED_FACE('',(#571),#7648,.T.);
#8375=ADVANCED_FACE('',(#572),#391,.T.);
#8376=ADVANCED_FACE('',(#573),#392,.F.);
#8377=ADVANCED_FACE('',(#574),#7649,.F.);
#8378=ADVANCED_FACE('',(#575),#7650,.T.);
#8379=ADVANCED_FACE('',(#576),#7651,.T.);
#8380=ADVANCED_FACE('',(#577,#483,#484,#485),#7652,.F.);
#8381=ADVANCED_FACE('',(#578),#7653,.F.);
#8382=ADVANCED_FACE('',(#579),#7654,.F.);
#8383=ADVANCED_FACE('',(#580),#7655,.F.);
#8384=ADVANCED_FACE('',(#581,#486),#7656,.T.);
#8385=ADVANCED_FACE('',(#582),#7657,.T.);
#8386=ADVANCED_FACE('',(#583),#7658,.F.);
#8387=ADVANCED_FACE('',(#584),#7659,.T.);
#8388=ADVANCED_FACE('',(#585),#7660,.F.);
#8389=ADVANCED_FACE('',(#586),#7661,.T.);
#8390=ADVANCED_FACE('',(#587),#7662,.F.);
#8391=ADVANCED_FACE('',(#588),#7663,.T.);
#8392=ADVANCED_FACE('',(#589),#7664,.F.);
#8393=ADVANCED_FACE('',(#590),#393,.T.);
#8394=ADVANCED_FACE('',(#591),#394,.F.);
#8395=ADVANCED_FACE('',(#592),#7665,.T.);
#8396=ADVANCED_FACE('',(#593),#7666,.F.);
#8397=ADVANCED_FACE('',(#594),#7667,.F.);
#8398=ADVANCED_FACE('',(#595),#7668,.F.);
#8399=ADVANCED_FACE('',(#596),#7669,.T.);
#8400=ADVANCED_FACE('',(#597),#7670,.F.);
#8401=ADVANCED_FACE('',(#598),#7671,.F.);
#8402=ADVANCED_FACE('',(#599),#7672,.F.);
#8403=ADVANCED_FACE('',(#600),#7673,.F.);
#8404=ADVANCED_FACE('',(#601),#7674,.F.);
#8405=ADVANCED_FACE('',(#602),#7675,.T.);
#8406=ADVANCED_FACE('',(#603),#7676,.F.);
#8407=ADVANCED_FACE('',(#604),#7677,.F.);
#8408=ADVANCED_FACE('',(#605),#7678,.F.);
#8409=ADVANCED_FACE('',(#606),#395,.T.);
#8410=ADVANCED_FACE('',(#607),#7679,.F.);
#8411=ADVANCED_FACE('',(#608),#396,.T.);
#8412=ADVANCED_FACE('',(#609),#7680,.F.);
#8413=ADVANCED_FACE('',(#610),#7681,.T.);
#8414=ADVANCED_FACE('',(#611),#7682,.F.);
#8415=ADVANCED_FACE('',(#612),#7683,.T.);
#8416=ADVANCED_FACE('',(#613),#7684,.F.);
#8417=ADVANCED_FACE('',(#614),#7685,.T.);
#8418=ADVANCED_FACE('',(#615),#7686,.F.);
#8419=ADVANCED_FACE('',(#616),#7687,.T.);
#8420=ADVANCED_FACE('',(#617),#7688,.F.);
#8421=ADVANCED_FACE('',(#618),#7689,.T.);
#8422=ADVANCED_FACE('',(#619),#7690,.F.);
#8423=ADVANCED_FACE('',(#620),#7691,.T.);
#8424=ADVANCED_FACE('',(#621),#7692,.F.);
#8425=ADVANCED_FACE('',(#622),#7693,.T.);
#8426=ADVANCED_FACE('',(#623),#397,.T.);
#8427=ADVANCED_FACE('',(#624),#398,.T.);
#8428=ADVANCED_FACE('',(#625),#399,.T.);
#8429=ADVANCED_FACE('',(#626),#400,.T.);
#8430=ADVANCED_FACE('',(#627),#401,.T.);
#8431=ADVANCED_FACE('',(#628),#402,.T.);
#8432=ADVANCED_FACE('',(#629),#403,.T.);
#8433=ADVANCED_FACE('',(#630),#404,.F.);
#8434=ADVANCED_FACE('',(#631),#405,.F.);
#8435=ADVANCED_FACE('',(#632),#406,.T.);
#8436=ADVANCED_FACE('',(#633),#407,.F.);
#8437=ADVANCED_FACE('',(#634),#408,.T.);
#8438=ADVANCED_FACE('',(#635),#409,.F.);
#8439=ADVANCED_FACE('',(#636),#410,.T.);
#8440=ADVANCED_FACE('',(#637),#411,.F.);
#8441=ADVANCED_FACE('',(#638),#412,.T.);
#8442=ADVANCED_FACE('',(#639),#413,.T.);
#8443=ADVANCED_FACE('',(#640),#414,.F.);
#8444=ADVANCED_FACE('',(#641),#415,.T.);
#8445=ADVANCED_FACE('',(#642),#119,.T.);
#8446=ADVANCED_FACE('',(#643),#416,.F.);
#8447=ADVANCED_FACE('',(#644),#417,.T.);
#8448=ADVANCED_FACE('',(#645),#418,.T.);
#8449=ADVANCED_FACE('',(#646),#419,.T.);
#8450=ADVANCED_FACE('',(#647),#420,.F.);
#8451=ADVANCED_FACE('',(#648),#120,.T.);
#8452=ADVANCED_FACE('',(#649),#121,.T.);
#8453=ADVANCED_FACE('',(#650),#421,.F.);
#8454=ADVANCED_FACE('',(#651),#422,.T.);
#8455=ADVANCED_FACE('',(#652),#423,.T.);
#8456=ADVANCED_FACE('',(#653),#424,.F.);
#8457=ADVANCED_FACE('',(#654),#425,.T.);
#8458=ADVANCED_FACE('',(#655),#122,.T.);
#8459=ADVANCED_FACE('',(#656),#123,.T.);
#8460=ADVANCED_FACE('',(#657),#426,.F.);
#8461=ADVANCED_FACE('',(#658),#427,.T.);
#8462=ADVANCED_FACE('',(#659),#428,.T.);
#8463=ADVANCED_FACE('',(#660),#429,.T.);
#8464=ADVANCED_FACE('',(#661),#430,.F.);
#8465=ADVANCED_FACE('',(#662),#124,.T.);
#8466=ADVANCED_FACE('',(#663),#125,.T.);
#8467=ADVANCED_FACE('',(#664),#431,.F.);
#8468=ADVANCED_FACE('',(#665),#432,.T.);
#8469=ADVANCED_FACE('',(#666),#433,.F.);
#8470=ADVANCED_FACE('',(#667),#126,.T.);
#8471=ADVANCED_FACE('',(#668),#434,.T.);
#8472=ADVANCED_FACE('',(#669),#435,.F.);
#8473=ADVANCED_FACE('',(#670),#436,.F.);
#8474=ADVANCED_FACE('',(#671),#437,.F.);
#8475=ADVANCED_FACE('',(#672),#438,.F.);
#8476=ADVANCED_FACE('',(#673),#439,.F.);
#8477=ADVANCED_FACE('',(#674),#440,.F.);
#8478=ADVANCED_FACE('',(#675),#441,.F.);
#8479=ADVANCED_FACE('',(#676),#442,.F.);
#8480=ADVANCED_FACE('',(#677),#443,.F.);
#8481=ADVANCED_FACE('',(#678),#444,.F.);
#8482=ADVANCED_FACE('',(#679),#445,.F.);
#8483=ADVANCED_FACE('',(#680),#446,.F.);
#8484=ADVANCED_FACE('',(#681),#447,.T.);
#8485=ADVANCED_FACE('',(#682),#448,.T.);
#8486=ADVANCED_FACE('',(#683),#449,.T.);
#8487=ADVANCED_FACE('',(#684),#450,.T.);
#8488=ADVANCED_FACE('',(#685),#7694,.F.);
#8489=ADVANCED_FACE('',(#686),#7695,.F.);
#8490=ADVANCED_FACE('',(#687),#7696,.F.);
#8491=ADVANCED_FACE('',(#688),#7697,.F.);
#8492=ADVANCED_FACE('',(#689),#7698,.F.);
#8493=ADVANCED_FACE('',(#690),#7699,.F.);
#8494=ADVANCED_FACE('',(#691),#7700,.F.);
#8495=ADVANCED_FACE('',(#692),#21,.F.);
#8496=ADVANCED_FACE('',(#693),#7701,.F.);
#8497=ADVANCED_FACE('',(#694),#22,.F.);
#8498=ADVANCED_FACE('',(#695),#23,.F.);
#8499=ADVANCED_FACE('',(#696),#24,.F.);
#8500=ADVANCED_FACE('',(#697),#25,.F.);
#8501=ADVANCED_FACE('',(#698),#26,.F.);
#8502=ADVANCED_FACE('',(#699),#27,.F.);
#8503=ADVANCED_FACE('',(#700),#7702,.F.);
#8504=ADVANCED_FACE('',(#701),#28,.F.);
#8505=ADVANCED_FACE('',(#702),#29,.F.);
#8506=ADVANCED_FACE('',(#703),#30,.F.);
#8507=ADVANCED_FACE('',(#704),#31,.F.);
#8508=ADVANCED_FACE('',(#705),#32,.F.);
#8509=ADVANCED_FACE('',(#706),#7703,.T.);
#8510=ADVANCED_FACE('',(#707),#7704,.F.);
#8511=ADVANCED_FACE('',(#708),#7705,.F.);
#8512=ADVANCED_FACE('',(#709),#7706,.F.);
#8513=ADVANCED_FACE('',(#710),#7707,.F.);
#8514=ADVANCED_FACE('',(#711),#7708,.F.);
#8515=ADVANCED_FACE('',(#712),#7709,.F.);
#8516=ADVANCED_FACE('',(#713),#7710,.F.);
#8517=ADVANCED_FACE('',(#714),#7711,.F.);
#8518=ADVANCED_FACE('',(#715),#7712,.F.);
#8519=ADVANCED_FACE('',(#716),#7713,.F.);
#8520=ADVANCED_FACE('',(#717),#7714,.F.);
#8521=ADVANCED_FACE('',(#718),#7715,.F.);
#8522=ADVANCED_FACE('',(#719),#7716,.F.);
#8523=ADVANCED_FACE('',(#720,#487),#7717,.T.);
#8524=ADVANCED_FACE('',(#721),#7718,.F.);
#8525=ADVANCED_FACE('',(#722),#33,.F.);
#8526=ADVANCED_FACE('',(#723),#34,.F.);
#8527=ADVANCED_FACE('',(#724),#35,.F.);
#8528=ADVANCED_FACE('',(#725),#36,.F.);
#8529=ADVANCED_FACE('',(#726),#7719,.F.);
#8530=ADVANCED_FACE('',(#727),#7720,.F.);
#8531=ADVANCED_FACE('',(#728),#7721,.T.);
#8532=ADVANCED_FACE('',(#729),#7722,.T.);
#8533=ADVANCED_FACE('',(#730),#7723,.T.);
#8534=ADVANCED_FACE('',(#731),#37,.T.);
#8535=ADVANCED_FACE('',(#732),#38,.T.);
#8536=ADVANCED_FACE('',(#733),#39,.T.);
#8537=ADVANCED_FACE('',(#734),#40,.T.);
#8538=ADVANCED_FACE('',(#735),#7724,.F.);
#8539=ADVANCED_FACE('',(#736,#488),#7725,.F.);
#8540=ADVANCED_FACE('',(#737),#7726,.F.);
#8541=ADVANCED_FACE('',(#738),#7727,.F.);
#8542=ADVANCED_FACE('',(#739),#7728,.F.);
#8543=ADVANCED_FACE('',(#740),#7729,.F.);
#8544=ADVANCED_FACE('',(#741),#7730,.F.);
#8545=ADVANCED_FACE('',(#742),#7731,.F.);
#8546=ADVANCED_FACE('',(#743),#7732,.F.);
#8547=ADVANCED_FACE('',(#744),#7733,.F.);
#8548=ADVANCED_FACE('',(#745),#7734,.T.);
#8549=ADVANCED_FACE('',(#746),#7735,.T.);
#8550=ADVANCED_FACE('',(#747),#41,.T.);
#8551=ADVANCED_FACE('',(#748),#7736,.T.);
#8552=ADVANCED_FACE('',(#749),#42,.T.);
#8553=ADVANCED_FACE('',(#750),#7737,.T.);
#8554=ADVANCED_FACE('',(#751),#7738,.F.);
#8555=ADVANCED_FACE('',(#752),#7739,.F.);
#8556=ADVANCED_FACE('',(#753),#7740,.F.);
#8557=ADVANCED_FACE('',(#754),#7741,.F.);
#8558=ADVANCED_FACE('',(#755),#7742,.F.);
#8559=ADVANCED_FACE('',(#756),#7743,.F.);
#8560=ADVANCED_FACE('',(#757),#7744,.F.);
#8561=ADVANCED_FACE('',(#758),#7745,.F.);
#8562=ADVANCED_FACE('',(#759),#7746,.F.);
#8563=ADVANCED_FACE('',(#760),#7747,.F.);
#8564=ADVANCED_FACE('',(#761),#7748,.F.);
#8565=ADVANCED_FACE('',(#762),#7749,.F.);
#8566=ADVANCED_FACE('',(#763),#7750,.F.);
#8567=ADVANCED_FACE('',(#764),#7751,.F.);
#8568=ADVANCED_FACE('',(#765,#489),#7752,.T.);
#8569=ADVANCED_FACE('',(#766),#43,.F.);
#8570=ADVANCED_FACE('',(#767),#7753,.F.);
#8571=ADVANCED_FACE('',(#768),#44,.F.);
#8572=ADVANCED_FACE('',(#769),#45,.F.);
#8573=ADVANCED_FACE('',(#770),#7754,.F.);
#8574=ADVANCED_FACE('',(#771),#46,.F.);
#8575=ADVANCED_FACE('',(#772),#47,.F.);
#8576=ADVANCED_FACE('',(#773),#48,.F.);
#8577=ADVANCED_FACE('',(#774),#49,.F.);
#8578=ADVANCED_FACE('',(#775),#7755,.F.);
#8579=ADVANCED_FACE('',(#776),#7756,.F.);
#8580=ADVANCED_FACE('',(#777),#7757,.F.);
#8581=ADVANCED_FACE('',(#778),#7758,.F.);
#8582=ADVANCED_FACE('',(#779),#50,.F.);
#8583=ADVANCED_FACE('',(#780),#51,.T.);
#8584=ADVANCED_FACE('',(#781),#52,.T.);
#8585=ADVANCED_FACE('',(#782),#53,.T.);
#8586=ADVANCED_FACE('',(#783),#54,.T.);
#8587=ADVANCED_FACE('',(#784),#55,.T.);
#8588=ADVANCED_FACE('',(#785),#56,.T.);
#8589=ADVANCED_FACE('',(#786),#7759,.T.);
#8590=ADVANCED_FACE('',(#787),#7760,.T.);
#8591=ADVANCED_FACE('',(#788),#7761,.F.);
#8592=ADVANCED_FACE('',(#789),#57,.F.);
#8593=ADVANCED_FACE('',(#790),#7762,.F.);
#8594=ADVANCED_FACE('',(#791),#58,.F.);
#8595=ADVANCED_FACE('',(#792),#59,.F.);
#8596=ADVANCED_FACE('',(#793),#60,.F.);
#8597=ADVANCED_FACE('',(#794),#61,.F.);
#8598=ADVANCED_FACE('',(#795),#62,.F.);
#8599=ADVANCED_FACE('',(#796),#63,.F.);
#8600=ADVANCED_FACE('',(#797),#64,.F.);
#8601=ADVANCED_FACE('',(#798),#65,.F.);
#8602=ADVANCED_FACE('',(#799),#66,.F.);
#8603=ADVANCED_FACE('',(#800),#67,.F.);
#8604=ADVANCED_FACE('',(#801),#7763,.F.);
#8605=ADVANCED_FACE('',(#802),#68,.F.);
#8606=ADVANCED_FACE('',(#803),#69,.F.);
#8607=ADVANCED_FACE('',(#804),#70,.F.);
#8608=ADVANCED_FACE('',(#805),#71,.F.);
#8609=ADVANCED_FACE('',(#806),#72,.F.);
#8610=ADVANCED_FACE('',(#807),#73,.F.);
#8611=ADVANCED_FACE('',(#808),#74,.F.);
#8612=ADVANCED_FACE('',(#809),#75,.F.);
#8613=ADVANCED_FACE('',(#810),#7764,.F.);
#8614=ADVANCED_FACE('',(#811),#7765,.F.);
#8615=ADVANCED_FACE('',(#812),#7766,.F.);
#8616=ADVANCED_FACE('',(#813),#76,.F.);
#8617=ADVANCED_FACE('',(#814),#7767,.F.);
#8618=ADVANCED_FACE('',(#815),#7768,.F.);
#8619=ADVANCED_FACE('',(#816),#7769,.F.);
#8620=ADVANCED_FACE('',(#817),#7770,.F.);
#8621=ADVANCED_FACE('',(#818),#7771,.F.);
#8622=ADVANCED_FACE('',(#819),#7772,.F.);
#8623=ADVANCED_FACE('',(#820),#77,.F.);
#8624=ADVANCED_FACE('',(#821),#78,.F.);
#8625=ADVANCED_FACE('',(#822),#7773,.F.);
#8626=ADVANCED_FACE('',(#823),#79,.F.);
#8627=ADVANCED_FACE('',(#824),#80,.F.);
#8628=ADVANCED_FACE('',(#825),#7774,.F.);
#8629=ADVANCED_FACE('',(#826),#7775,.T.);
#8630=ADVANCED_FACE('',(#827),#7776,.F.);
#8631=ADVANCED_FACE('',(#828),#7777,.F.);
#8632=ADVANCED_FACE('',(#829),#7778,.F.);
#8633=ADVANCED_FACE('',(#830),#7779,.F.);
#8634=ADVANCED_FACE('',(#831),#7780,.F.);
#8635=ADVANCED_FACE('',(#832),#7781,.F.);
#8636=ADVANCED_FACE('',(#833),#7782,.F.);
#8637=ADVANCED_FACE('',(#834),#7783,.F.);
#8638=ADVANCED_FACE('',(#835),#7784,.F.);
#8639=ADVANCED_FACE('',(#836),#7785,.F.);
#8640=ADVANCED_FACE('',(#837),#7786,.F.);
#8641=ADVANCED_FACE('',(#838),#7787,.F.);
#8642=ADVANCED_FACE('',(#839),#7788,.F.);
#8643=ADVANCED_FACE('',(#840,#490),#7789,.T.);
#8644=ADVANCED_FACE('',(#841),#7790,.F.);
#8645=ADVANCED_FACE('',(#842),#81,.F.);
#8646=ADVANCED_FACE('',(#843),#82,.F.);
#8647=ADVANCED_FACE('',(#844),#83,.F.);
#8648=ADVANCED_FACE('',(#845),#84,.F.);
#8649=ADVANCED_FACE('',(#846),#7791,.F.);
#8650=ADVANCED_FACE('',(#847),#7792,.F.);
#8651=ADVANCED_FACE('',(#848),#7793,.T.);
#8652=ADVANCED_FACE('',(#849),#7794,.T.);
#8653=ADVANCED_FACE('',(#850),#7795,.T.);
#8654=ADVANCED_FACE('',(#851),#85,.T.);
#8655=ADVANCED_FACE('',(#852),#86,.T.);
#8656=ADVANCED_FACE('',(#853),#87,.T.);
#8657=ADVANCED_FACE('',(#854),#88,.T.);
#8658=ADVANCED_FACE('',(#855),#7796,.F.);
#8659=ADVANCED_FACE('',(#856,#491),#7797,.F.);
#8660=ADVANCED_FACE('',(#857),#7798,.F.);
#8661=ADVANCED_FACE('',(#858),#7799,.F.);
#8662=ADVANCED_FACE('',(#859),#7800,.F.);
#8663=ADVANCED_FACE('',(#860),#7801,.F.);
#8664=ADVANCED_FACE('',(#861),#7802,.F.);
#8665=ADVANCED_FACE('',(#862),#7803,.F.);
#8666=ADVANCED_FACE('',(#863),#7804,.F.);
#8667=ADVANCED_FACE('',(#864),#7805,.F.);
#8668=ADVANCED_FACE('',(#865),#7806,.T.);
#8669=ADVANCED_FACE('',(#866),#7807,.T.);
#8670=ADVANCED_FACE('',(#867),#89,.T.);
#8671=ADVANCED_FACE('',(#868),#7808,.T.);
#8672=ADVANCED_FACE('',(#869),#90,.T.);
#8673=ADVANCED_FACE('',(#870),#7809,.T.);
#8674=ADVANCED_FACE('',(#871),#7810,.F.);
#8675=ADVANCED_FACE('',(#872,#492),#7811,.F.);
#8676=ADVANCED_FACE('',(#873),#91,.F.);
#8677=ADVANCED_FACE('',(#874),#92,.F.);
#8678=ADVANCED_FACE('',(#875),#93,.F.);
#8679=ADVANCED_FACE('',(#876),#94,.F.);
#8680=ADVANCED_FACE('',(#877),#95,.F.);
#8681=ADVANCED_FACE('',(#878),#96,.F.);
#8682=ADVANCED_FACE('',(#879),#97,.F.);
#8683=ADVANCED_FACE('',(#880),#98,.F.);
#8684=ADVANCED_FACE('',(#881),#99,.F.);
#8685=ADVANCED_FACE('',(#882),#100,.F.);
#8686=ADVANCED_FACE('',(#883),#101,.F.);
#8687=ADVANCED_FACE('',(#884),#102,.F.);
#8688=ADVANCED_FACE('',(#885),#7812,.F.);
#8689=ADVANCED_FACE('',(#886),#7813,.F.);
#8690=ADVANCED_FACE('',(#887),#7814,.F.);
#8691=ADVANCED_FACE('',(#888),#7815,.F.);
#8692=ADVANCED_FACE('',(#889),#103,.F.);
#8693=ADVANCED_FACE('',(#890),#104,.F.);
#8694=ADVANCED_FACE('',(#891),#105,.F.);
#8695=ADVANCED_FACE('',(#892),#106,.F.);
#8696=ADVANCED_FACE('',(#893),#107,.F.);
#8697=ADVANCED_FACE('',(#894),#108,.F.);
#8698=ADVANCED_FACE('',(#895),#109,.F.);
#8699=ADVANCED_FACE('',(#896),#7816,.F.);
#8700=ADVANCED_FACE('',(#897),#110,.F.);
#8701=ADVANCED_FACE('',(#898),#111,.F.);
#8702=ADVANCED_FACE('',(#899),#7817,.F.);
#8703=ADVANCED_FACE('',(#900),#112,.F.);
#8704=ADVANCED_FACE('',(#901),#113,.F.);
#8705=ADVANCED_FACE('',(#902),#114,.F.);
#8706=ADVANCED_FACE('',(#903),#7818,.F.);
#8707=ADVANCED_FACE('',(#904),#115,.F.);
#8708=ADVANCED_FACE('',(#905),#116,.F.);
#8709=ADVANCED_FACE('',(#906),#117,.T.);
#8710=ADVANCED_FACE('',(#907),#118,.T.);
#8711=ADVANCED_FACE('',(#908),#7819,.F.);
#8712=ADVANCED_FACE('',(#909),#451,.T.);
#8713=ADVANCED_FACE('',(#910),#452,.T.);
#8714=ADVANCED_FACE('',(#911),#453,.T.);
#8715=ADVANCED_FACE('',(#912),#454,.T.);
#8716=ADVANCED_FACE('',(#913),#127,.T.);
#8717=ADVANCED_FACE('',(#914),#128,.T.);
#8718=ADVANCED_FACE('',(#915),#455,.T.);
#8719=ADVANCED_FACE('',(#916),#456,.T.);
#8720=ADVANCED_FACE('',(#917),#457,.F.);
#8721=ADVANCED_FACE('',(#918),#7820,.F.);
#8722=ADVANCED_FACE('',(#919),#7821,.F.);
#8723=ADVANCED_FACE('',(#920),#458,.F.);
#8724=ADVANCED_FACE('',(#921),#7822,.F.);
#8725=ADVANCED_FACE('',(#922),#7823,.F.);
#8726=ADVANCED_FACE('',(#923),#7824,.F.);
#8727=ADVANCED_FACE('',(#924),#7825,.T.);
#8728=ADVANCED_FACE('',(#925),#459,.T.);
#8729=ADVANCED_FACE('',(#926),#7826,.T.);
#8730=ADVANCED_FACE('',(#927),#7827,.T.);
#8731=ADVANCED_FACE('',(#928),#7828,.T.);
#8732=ADVANCED_FACE('',(#929),#7829,.F.);
#8733=ADVANCED_FACE('',(#930,#493),#7830,.T.);
#8734=ADVANCED_FACE('',(#931),#460,.F.);
#8735=ADVANCED_FACE('',(#932,#494),#7831,.T.);
#8736=ADVANCED_FACE('',(#933),#461,.T.);
#8737=ADVANCED_FACE('',(#934),#7832,.T.);
#8738=ADVANCED_FACE('',(#935),#7833,.T.);
#8739=ADVANCED_FACE('',(#936,#495),#7834,.F.);
#8740=ADVANCED_FACE('',(#937),#462,.T.);
#8741=ADVANCED_FACE('',(#938),#7835,.F.);
#8742=ADVANCED_FACE('',(#939),#7836,.F.);
#8743=ADVANCED_FACE('',(#940,#496),#7837,.F.);
#8744=ADVANCED_FACE('',(#941),#463,.T.);
#8745=ADVANCED_FACE('',(#942),#129,.T.);
#8746=ADVANCED_FACE('',(#943),#464,.T.);
#8747=ADVANCED_FACE('',(#944),#130,.T.);
#8748=ADVANCED_FACE('',(#945),#465,.T.);
#8749=ADVANCED_FACE('',(#946),#466,.T.);
#8750=ADVANCED_FACE('',(#947),#467,.T.);
#8751=ADVANCED_FACE('',(#948),#7838,.T.);
#8752=ADVANCED_FACE('',(#949),#7839,.T.);
#8753=ADVANCED_FACE('',(#950),#7840,.T.);
#8754=ADVANCED_FACE('',(#951),#7841,.T.);
#8755=CLOSED_SHELL('',(#8300,#8301,#8302,#8303,#8304,#8305,#8306,#8307,
#8308,#8309,#8310,#8311,#8312,#8313,#8314,#8315,#8316,#8317,#8318,#8319,
#8320,#8321,#8322,#8323,#8324,#8325,#8326,#8327,#8328,#8329,#8330,#8331,
#8332,#8333,#8334,#8335,#8336,#8337,#8338,#8339,#8340,#8341,#8342,#8343,
#8344,#8345,#8346,#8347,#8348,#8349,#8350,#8351,#8352,#8353,#8354,#8355,
#8356,#8357,#8358,#8359,#8360,#8361,#8362,#8363,#8364,#8365));
#8756=CLOSED_SHELL('',(#8366,#8367,#8368,#8369,#8370,#8371,#8372,#8373,
#8374,#8375,#8376,#8377,#8378,#8379,#8380,#8381,#8382,#8383,#8384,#8385,
#8386,#8387,#8388,#8389,#8390,#8391,#8392,#8393,#8394,#8395,#8396,#8397,
#8398,#8399,#8400,#8401,#8402,#8403,#8404,#8405,#8406,#8407,#8408,#8409,
#8410,#8411,#8412,#8413,#8414,#8415,#8416,#8417,#8418,#8419,#8420,#8421,
#8422,#8423,#8424,#8425,#8426,#8427,#8428,#8429,#8430,#8431,#8432,#8433,
#8434,#8435,#8436,#8437,#8438,#8439,#8440,#8441,#8442,#8443,#8444,#8445,
#8446,#8447,#8448,#8449,#8450,#8451,#8452,#8453,#8454,#8455,#8456,#8457,
#8458,#8459,#8460,#8461,#8462,#8463,#8464,#8465,#8466,#8467,#8468,#8469,
#8470,#8471,#8472,#8473,#8474,#8475,#8476,#8477,#8478,#8479,#8480,#8481,
#8482,#8483,#8484,#8485,#8486,#8487,#8488,#8489,#8490,#8491,#8492,#8493,
#8494,#8495,#8496,#8497,#8498,#8499,#8500,#8501,#8502,#8503,#8504,#8505,
#8506,#8507,#8508,#8509,#8510,#8511,#8512,#8513,#8514,#8515,#8516,#8517,
#8518,#8519,#8520,#8521,#8522,#8523,#8524,#8525,#8526,#8527,#8528,#8529,
#8530,#8531,#8532,#8533,#8534,#8535,#8536,#8537,#8538,#8539,#8540,#8541,
#8542,#8543,#8544,#8545,#8546,#8547,#8548,#8549,#8550,#8551,#8552,#8553,
#8554,#8555,#8556,#8557,#8558,#8559,#8560,#8561,#8562,#8563,#8564,#8565,
#8566,#8567,#8568,#8569,#8570,#8571,#8572,#8573,#8574,#8575,#8576,#8577,
#8578,#8579,#8580,#8581,#8582,#8583,#8584,#8585,#8586,#8587,#8588,#8589,
#8590,#8591,#8592,#8593,#8594,#8595,#8596,#8597,#8598,#8599,#8600,#8601,
#8602,#8603,#8604,#8605,#8606,#8607,#8608,#8609,#8610,#8611,#8612,#8613,
#8614,#8615,#8616,#8617,#8618,#8619,#8620,#8621,#8622,#8623,#8624,#8625,
#8626,#8627,#8628,#8629,#8630,#8631,#8632,#8633,#8634,#8635,#8636,#8637,
#8638,#8639,#8640,#8641,#8642,#8643,#8644,#8645,#8646,#8647,#8648,#8649,
#8650,#8651,#8652,#8653,#8654,#8655,#8656,#8657,#8658,#8659,#8660,#8661,
#8662,#8663,#8664,#8665,#8666,#8667,#8668,#8669,#8670,#8671,#8672,#8673,
#8674,#8675,#8676,#8677,#8678,#8679,#8680,#8681,#8682,#8683,#8684,#8685,
#8686,#8687,#8688,#8689,#8690,#8691,#8692,#8693,#8694,#8695,#8696,#8697,
#8698,#8699,#8700,#8701,#8702,#8703,#8704,#8705,#8706,#8707,#8708,#8709,
#8710,#8711));
#8757=CLOSED_SHELL('',(#8712,#8713,#8714,#8715,#8716,#8717,#8718,#8719,
#8720,#8721,#8722,#8723,#8724,#8725,#8726,#8727,#8728,#8729,#8730,#8731,
#8732,#8733,#8734,#8735,#8736,#8737,#8738,#8739,#8740,#8741,#8742,#8743,
#8744,#8745,#8746,#8747,#8748,#8749,#8750,#8751,#8752,#8753,#8754));
#8758=DERIVED_UNIT_ELEMENT(#8760,1.);
#8759=DERIVED_UNIT_ELEMENT(#15201,-3.);
#8760=(
MASS_UNIT()
NAMED_UNIT(*)
SI_UNIT(.KILO.,.GRAM.)
);
#8761=DERIVED_UNIT((#8758,#8759));
#8762=MEASURE_REPRESENTATION_ITEM('density measure',
POSITIVE_RATIO_MEASURE(7850.),#8761);
#8763=PROPERTY_DEFINITION_REPRESENTATION(#8768,#8765);
#8764=PROPERTY_DEFINITION_REPRESENTATION(#8769,#8766);
#8765=REPRESENTATION('material name',(#8767),#15198);
#8766=REPRESENTATION('density',(#8762),#15198);
#8767=DESCRIPTIVE_REPRESENTATION_ITEM('\X2\94A2\X0\','\X2\94A2\X0\');
#8768=PROPERTY_DEFINITION('material property','material name',#15218);
#8769=PROPERTY_DEFINITION('material property','density of part',#15218);
#8770=AXIS2_PLACEMENT_3D('',#11518,#9422,#9423);
#8771=AXIS2_PLACEMENT_3D('',#11519,#9424,#9425);
#8772=AXIS2_PLACEMENT_3D('',#11520,#9426,#9427);
#8773=AXIS2_PLACEMENT_3D('',#11521,#9428,#9429);
#8774=AXIS2_PLACEMENT_3D('',#11526,#9431,#9432);
#8775=AXIS2_PLACEMENT_3D('',#11530,#9434,#9435);
#8776=AXIS2_PLACEMENT_3D('',#11534,#9437,#9438);
#8777=AXIS2_PLACEMENT_3D('',#11537,#9440,#9441);
#8778=AXIS2_PLACEMENT_3D('',#11538,#9442,#9443);
#8779=AXIS2_PLACEMENT_3D('',#11543,#9445,#9446);
#8780=AXIS2_PLACEMENT_3D('',#11547,#9448,#9449);
#8781=AXIS2_PLACEMENT_3D('',#11551,#9451,#9452);
#8782=AXIS2_PLACEMENT_3D('',#11554,#9454,#9455);
#8783=AXIS2_PLACEMENT_3D('',#11555,#9456,#9457);
#8784=AXIS2_PLACEMENT_3D('',#11558,#9460,#9461);
#8785=AXIS2_PLACEMENT_3D('',#11563,#9463,#9464);
#8786=AXIS2_PLACEMENT_3D('',#11571,#9468,#9469);
#8787=AXIS2_PLACEMENT_3D('',#11583,#9475,#9476);
#8788=AXIS2_PLACEMENT_3D('',#11586,#9478,#9479);
#8789=AXIS2_PLACEMENT_3D('',#11591,#9481,#9482);
#8790=AXIS2_PLACEMENT_3D('',#11594,#9484,#9485);
#8791=AXIS2_PLACEMENT_3D('',#11595,#9486,#9487);
#8792=AXIS2_PLACEMENT_3D('',#11600,#9489,#9490);
#8793=AXIS2_PLACEMENT_3D('',#11604,#9492,#9493);
#8794=AXIS2_PLACEMENT_3D('',#11626,#9504,#9505);
#8795=AXIS2_PLACEMENT_3D('',#11630,#9507,#9508);
#8796=AXIS2_PLACEMENT_3D('',#11632,#9510,#9511);
#8797=AXIS2_PLACEMENT_3D('',#11635,#9514,#9515);
#8798=AXIS2_PLACEMENT_3D('',#11638,#9518,#9519);
#8799=AXIS2_PLACEMENT_3D('',#11641,#9522,#9523);
#8800=AXIS2_PLACEMENT_3D('',#11644,#9526,#9527);
#8801=AXIS2_PLACEMENT_3D('',#11649,#9529,#9530);
#8802=AXIS2_PLACEMENT_3D('',#11651,#9532,#9533);
#8803=AXIS2_PLACEMENT_3D('',#11656,#9535,#9536);
#8804=AXIS2_PLACEMENT_3D('',#11658,#9538,#9539);
#8805=AXIS2_PLACEMENT_3D('',#11663,#9541,#9542);
#8806=AXIS2_PLACEMENT_3D('',#11667,#9544,#9545);
#8807=AXIS2_PLACEMENT_3D('',#11675,#9549,#9550);
#8808=AXIS2_PLACEMENT_3D('',#11679,#9552,#9553);
#8809=AXIS2_PLACEMENT_3D('',#11683,#9556,#9557);
#8810=AXIS2_PLACEMENT_3D('',#11687,#9559,#9560);
#8811=AXIS2_PLACEMENT_3D('',#11695,#9564,#9565);
#8812=AXIS2_PLACEMENT_3D('',#11698,#9568,#9569);
#8813=AXIS2_PLACEMENT_3D('',#11703,#9573,#9574);
#8814=AXIS2_PLACEMENT_3D('',#11708,#9578,#9579);
#8815=AXIS2_PLACEMENT_3D('',#11711,#9582,#9583);
#8816=AXIS2_PLACEMENT_3D('',#11714,#9586,#9587);
#8817=AXIS2_PLACEMENT_3D('',#11716,#9589,#9590);
#8818=AXIS2_PLACEMENT_3D('',#11718,#9592,#9593);
#8819=AXIS2_PLACEMENT_3D('',#11719,#9594,#9595);
#8820=AXIS2_PLACEMENT_3D('',#11721,#9597,#9598);
#8821=AXIS2_PLACEMENT_3D('',#11722,#9599,#9600);
#8822=AXIS2_PLACEMENT_3D('',#11723,#9601,#9602);
#8823=AXIS2_PLACEMENT_3D('',#11724,#9603,#9604);
#8824=AXIS2_PLACEMENT_3D('',#11726,#9606,#9607);
#8825=AXIS2_PLACEMENT_3D('',#11727,#9608,#9609);
#8826=AXIS2_PLACEMENT_3D('',#11728,#9610,#9611);
#8827=AXIS2_PLACEMENT_3D('',#11729,#9612,#9613);
#8828=AXIS2_PLACEMENT_3D('',#11731,#9615,#9616);
#8829=AXIS2_PLACEMENT_3D('',#11733,#9618,#9619);
#8830=AXIS2_PLACEMENT_3D('',#11736,#9620,#9621);
#8831=AXIS2_PLACEMENT_3D('',#11739,#9623,#9624);
#8832=AXIS2_PLACEMENT_3D('',#11741,#9626,#9627);
#8833=AXIS2_PLACEMENT_3D('',#11745,#9629,#9630);
#8834=AXIS2_PLACEMENT_3D('',#11748,#9632,#9633);
#8835=AXIS2_PLACEMENT_3D('',#11749,#9634,#9635);
#8836=AXIS2_PLACEMENT_3D('',#11772,#9638,#9639);
#8837=AXIS2_PLACEMENT_3D('',#11775,#9642,#9643);
#8838=AXIS2_PLACEMENT_3D('',#11777,#9644,#9645);
#8839=AXIS2_PLACEMENT_3D('',#11780,#9647,#9648);
#8840=AXIS2_PLACEMENT_3D('',#11781,#9649,#9650);
#8841=AXIS2_PLACEMENT_3D('',#11783,#9651,#9652);
#8842=AXIS2_PLACEMENT_3D('',#11785,#9653,#9654);
#8843=AXIS2_PLACEMENT_3D('',#11787,#9656,#9657);
#8844=AXIS2_PLACEMENT_3D('',#11789,#9659,#9660);
#8845=AXIS2_PLACEMENT_3D('',#11791,#9662,#9663);
#8846=AXIS2_PLACEMENT_3D('',#11797,#9667,#9668);
#8847=AXIS2_PLACEMENT_3D('',#11803,#9672,#9673);
#8848=AXIS2_PLACEMENT_3D('',#11807,#9675,#9676);
#8849=AXIS2_PLACEMENT_3D('',#11808,#9677,#9678);
#8850=AXIS2_PLACEMENT_3D('',#11809,#9679,#9680);
#8851=AXIS2_PLACEMENT_3D('',#11811,#9681,#9682);
#8852=AXIS2_PLACEMENT_3D('',#11814,#9684,#9685);
#8853=AXIS2_PLACEMENT_3D('',#11815,#9686,#9687);
#8854=AXIS2_PLACEMENT_3D('',#11818,#9690,#9691);
#8855=AXIS2_PLACEMENT_3D('',#11820,#9692,#9693);
#8856=AXIS2_PLACEMENT_3D('',#11823,#9695,#9696);
#8857=AXIS2_PLACEMENT_3D('',#11824,#9697,#9698);
#8858=AXIS2_PLACEMENT_3D('',#11826,#9699,#9700);
#8859=AXIS2_PLACEMENT_3D('',#11828,#9701,#9702);
#8860=AXIS2_PLACEMENT_3D('',#11830,#9704,#9705);
#8861=AXIS2_PLACEMENT_3D('',#11832,#9707,#9708);
#8862=AXIS2_PLACEMENT_3D('',#11834,#9710,#9711);
#8863=AXIS2_PLACEMENT_3D('',#11840,#9715,#9716);
#8864=AXIS2_PLACEMENT_3D('',#11846,#9720,#9721);
#8865=AXIS2_PLACEMENT_3D('',#11850,#9723,#9724);
#8866=AXIS2_PLACEMENT_3D('',#11851,#9725,#9726);
#8867=AXIS2_PLACEMENT_3D('',#11852,#9727,#9728);
#8868=AXIS2_PLACEMENT_3D('',#11854,#9729,#9730);
#8869=AXIS2_PLACEMENT_3D('',#11857,#9732,#9733);
#8870=AXIS2_PLACEMENT_3D('',#11858,#9734,#9735);
#8871=AXIS2_PLACEMENT_3D('',#11861,#9738,#9739);
#8872=AXIS2_PLACEMENT_3D('',#11863,#9741,#9742);
#8873=AXIS2_PLACEMENT_3D('',#11866,#9745,#9746);
#8874=AXIS2_PLACEMENT_3D('',#11868,#9748,#9749);
#8875=AXIS2_PLACEMENT_3D('',#11871,#9752,#9753);
#8876=AXIS2_PLACEMENT_3D('',#11872,#9754,#9755);
#8877=AXIS2_PLACEMENT_3D('',#11873,#9756,#9757);
#8878=AXIS2_PLACEMENT_3D('',#11874,#9758,#9759);
#8879=AXIS2_PLACEMENT_3D('',#11875,#9760,#9761);
#8880=AXIS2_PLACEMENT_3D('',#11876,#9762,#9763);
#8881=AXIS2_PLACEMENT_3D('',#11877,#9764,#9765);
#8882=AXIS2_PLACEMENT_3D('',#11878,#9766,#9767);
#8883=AXIS2_PLACEMENT_3D('',#11879,#9768,#9769);
#8884=AXIS2_PLACEMENT_3D('',#11880,#9770,#9771);
#8885=AXIS2_PLACEMENT_3D('',#11881,#9772,#9773);
#8886=AXIS2_PLACEMENT_3D('',#11882,#9774,#9775);
#8887=AXIS2_PLACEMENT_3D('',#11883,#9776,#9777);
#8888=AXIS2_PLACEMENT_3D('',#11884,#9778,#9779);
#8889=AXIS2_PLACEMENT_3D('',#11885,#9780,#9781);
#8890=AXIS2_PLACEMENT_3D('',#11892,#9784,#9785);
#8891=AXIS2_PLACEMENT_3D('',#11896,#9787,#9788);
#8892=AXIS2_PLACEMENT_3D('',#11960,#9815,#9816);
#8893=AXIS2_PLACEMENT_3D('',#11961,#9817,#9818);
#8894=AXIS2_PLACEMENT_3D('',#11985,#9827,#9828);
#8895=AXIS2_PLACEMENT_3D('',#11992,#9829,#9830);
#8896=AXIS2_PLACEMENT_3D('',#11994,#9831,#9832);
#8897=AXIS2_PLACEMENT_3D('',#11996,#9833,#9834);
#8898=AXIS2_PLACEMENT_3D('',#12025,#9836,#9837);
#8899=AXIS2_PLACEMENT_3D('',#12032,#9838,#9839);
#8900=AXIS2_PLACEMENT_3D('',#12034,#9840,#9841);
#8901=AXIS2_PLACEMENT_3D('',#12036,#9842,#9843);
#8902=AXIS2_PLACEMENT_3D('',#12038,#9844,#9845);
#8903=AXIS2_PLACEMENT_3D('',#12040,#9846,#9847);
#8904=AXIS2_PLACEMENT_3D('',#12042,#9848,#9849);
#8905=AXIS2_PLACEMENT_3D('',#12086,#9866,#9867);
#8906=AXIS2_PLACEMENT_3D('',#12087,#9868,#9869);
#8907=AXIS2_PLACEMENT_3D('',#12111,#9878,#9879);
#8908=AXIS2_PLACEMENT_3D('',#12113,#9880,#9881);
#8909=AXIS2_PLACEMENT_3D('',#12199,#9889,#9890);
#8910=AXIS2_PLACEMENT_3D('',#12201,#9891,#9892);
#8911=AXIS2_PLACEMENT_3D('',#12203,#9893,#9894);
#8912=AXIS2_PLACEMENT_3D('',#12205,#9895,#9896);
#8913=AXIS2_PLACEMENT_3D('',#12217,#9897,#9898);
#8914=AXIS2_PLACEMENT_3D('',#12223,#9899,#9900);
#8915=AXIS2_PLACEMENT_3D('',#12235,#9903,#9904);
#8916=AXIS2_PLACEMENT_3D('',#12286,#9917,#9918);
#8917=AXIS2_PLACEMENT_3D('',#12288,#9919,#9920);
#8918=AXIS2_PLACEMENT_3D('',#12302,#9922,#9923);
#8919=AXIS2_PLACEMENT_3D('',#12345,#9937,#9938);
#8920=AXIS2_PLACEMENT_3D('',#12357,#9939,#9940);
#8921=AXIS2_PLACEMENT_3D('',#12381,#9942,#9943);
#8922=AXIS2_PLACEMENT_3D('',#12383,#9944,#9945);
#8923=AXIS2_PLACEMENT_3D('',#12385,#9947,#9948);
#8924=AXIS2_PLACEMENT_3D('',#12390,#9950,#9951);
#8925=AXIS2_PLACEMENT_3D('',#12394,#9953,#9954);
#8926=AXIS2_PLACEMENT_3D('',#12398,#9957,#9958);
#8927=AXIS2_PLACEMENT_3D('',#12404,#9962,#9963);
#8928=AXIS2_PLACEMENT_3D('',#12406,#9964,#9965);
#8929=AXIS2_PLACEMENT_3D('',#12413,#9969,#9970);
#8930=AXIS2_PLACEMENT_3D('',#12414,#9971,#9972);
#8931=AXIS2_PLACEMENT_3D('',#12416,#9973,#9974);
#8932=AXIS2_PLACEMENT_3D('',#12419,#9976,#9977);
#8933=AXIS2_PLACEMENT_3D('',#12420,#9978,#9979);
#8934=AXIS2_PLACEMENT_3D('',#12422,#9980,#9981);
#8935=AXIS2_PLACEMENT_3D('',#12424,#9982,#9983);
#8936=AXIS2_PLACEMENT_3D('',#12426,#9985,#9986);
#8937=AXIS2_PLACEMENT_3D('',#12431,#9988,#9989);
#8938=AXIS2_PLACEMENT_3D('',#12438,#9993,#9994);
#8939=AXIS2_PLACEMENT_3D('',#12439,#9995,#9996);
#8940=AXIS2_PLACEMENT_3D('',#12445,#10000,#10001);
#8941=AXIS2_PLACEMENT_3D('',#12449,#10003,#10004);
#8942=AXIS2_PLACEMENT_3D('',#12451,#10005,#10006);
#8943=AXIS2_PLACEMENT_3D('',#12455,#10009,#10010);
#8944=AXIS2_PLACEMENT_3D('',#12457,#10011,#10012);
#8945=AXIS2_PLACEMENT_3D('',#12460,#10014,#10015);
#8946=AXIS2_PLACEMENT_3D('',#12461,#10016,#10017);
#8947=AXIS2_PLACEMENT_3D('',#12463,#10018,#10019);
#8948=AXIS2_PLACEMENT_3D('',#12465,#10020,#10021);
#8949=AXIS2_PLACEMENT_3D('',#12467,#10023,#10024);
#8950=AXIS2_PLACEMENT_3D('',#12472,#10026,#10027);
#8951=AXIS2_PLACEMENT_3D('',#12476,#10029,#10030);
#8952=AXIS2_PLACEMENT_3D('',#12480,#10032,#10033);
#8953=AXIS2_PLACEMENT_3D('',#12483,#10035,#10036);
#8954=AXIS2_PLACEMENT_3D('',#12484,#10037,#10038);
#8955=AXIS2_PLACEMENT_3D('',#12490,#10042,#10043);
#8956=AXIS2_PLACEMENT_3D('',#12492,#10044,#10045);
#8957=AXIS2_PLACEMENT_3D('',#12496,#10047,#10048);
#8958=AXIS2_PLACEMENT_3D('',#12500,#10050,#10051);
#8959=AXIS2_PLACEMENT_3D('',#12503,#10053,#10054);
#8960=AXIS2_PLACEMENT_3D('',#12504,#10055,#10056);
#8961=AXIS2_PLACEMENT_3D('',#12553,#10081,#10082);
#8962=AXIS2_PLACEMENT_3D('',#12560,#10085,#10086);
#8963=AXIS2_PLACEMENT_3D('',#12564,#10088,#10089);
#8964=AXIS2_PLACEMENT_3D('',#12574,#10095,#10096);
#8965=AXIS2_PLACEMENT_3D('',#12581,#10099,#10100);
#8966=AXIS2_PLACEMENT_3D('',#12585,#10102,#10103);
#8967=AXIS2_PLACEMENT_3D('',#12595,#10109,#10110);
#8968=AXIS2_PLACEMENT_3D('',#12602,#10113,#10114);
#8969=AXIS2_PLACEMENT_3D('',#12606,#10116,#10117);
#8970=AXIS2_PLACEMENT_3D('',#12616,#10123,#10124);
#8971=AXIS2_PLACEMENT_3D('',#12617,#10125,#10126);
#8972=AXIS2_PLACEMENT_3D('',#12618,#10127,#10128);
#8973=AXIS2_PLACEMENT_3D('',#12619,#10129,#10130);
#8974=AXIS2_PLACEMENT_3D('',#12620,#10131,#10132);
#8975=AXIS2_PLACEMENT_3D('',#12623,#10133,#10134);
#8976=AXIS2_PLACEMENT_3D('',#12627,#10136,#10137);
#8977=AXIS2_PLACEMENT_3D('',#12629,#10139,#10140);
#8978=AXIS2_PLACEMENT_3D('',#12638,#10144,#10145);
#8979=AXIS2_PLACEMENT_3D('',#12642,#10147,#10148);
#8980=AXIS2_PLACEMENT_3D('',#12647,#10151,#10152);
#8981=AXIS2_PLACEMENT_3D('',#12650,#10154,#10155);
#8982=AXIS2_PLACEMENT_3D('',#12651,#10156,#10157);
#8983=AXIS2_PLACEMENT_3D('',#12660,#10161,#10162);
#8984=AXIS2_PLACEMENT_3D('',#12664,#10164,#10165);
#8985=AXIS2_PLACEMENT_3D('',#12669,#10168,#10169);
#8986=AXIS2_PLACEMENT_3D('',#12672,#10171,#10172);
#8987=AXIS2_PLACEMENT_3D('',#12673,#10173,#10174);
#8988=AXIS2_PLACEMENT_3D('',#12676,#10177,#10178);
#8989=AXIS2_PLACEMENT_3D('',#12679,#10181,#10182);
#8990=AXIS2_PLACEMENT_3D('',#12688,#10186,#10187);
#8991=AXIS2_PLACEMENT_3D('',#12692,#10189,#10190);
#8992=AXIS2_PLACEMENT_3D('',#12697,#10193,#10194);
#8993=AXIS2_PLACEMENT_3D('',#12700,#10196,#10197);
#8994=AXIS2_PLACEMENT_3D('',#12701,#10198,#10199);
#8995=AXIS2_PLACEMENT_3D('',#12710,#10203,#10204);
#8996=AXIS2_PLACEMENT_3D('',#12714,#10206,#10207);
#8997=AXIS2_PLACEMENT_3D('',#12719,#10210,#10211);
#8998=AXIS2_PLACEMENT_3D('',#12722,#10213,#10214);
#8999=AXIS2_PLACEMENT_3D('',#12723,#10215,#10216);
#9000=AXIS2_PLACEMENT_3D('',#12726,#10219,#10220);
#9001=AXIS2_PLACEMENT_3D('',#12729,#10223,#10224);
#9002=AXIS2_PLACEMENT_3D('',#12732,#10225,#10226);
#9003=AXIS2_PLACEMENT_3D('',#12736,#10228,#10229);
#9004=AXIS2_PLACEMENT_3D('',#12738,#10230,#10231);
#9005=AXIS2_PLACEMENT_3D('',#12806,#10234,#10235);
#9006=AXIS2_PLACEMENT_3D('',#12807,#10236,#10237);
#9007=AXIS2_PLACEMENT_3D('',#12810,#10238,#10239);
#9008=AXIS2_PLACEMENT_3D('',#12814,#10241,#10242);
#9009=AXIS2_PLACEMENT_3D('',#12860,#10245,#10246);
#9010=AXIS2_PLACEMENT_3D('',#12863,#10248,#10249);
#9011=AXIS2_PLACEMENT_3D('',#12865,#10251,#10252);
#9012=AXIS2_PLACEMENT_3D('',#12867,#10253,#10254);
#9013=AXIS2_PLACEMENT_3D('',#12870,#10257,#10258);
#9014=AXIS2_PLACEMENT_3D('',#12879,#10263,#10264);
#9015=AXIS2_PLACEMENT_3D('',#12885,#10268,#10269);
#9016=AXIS2_PLACEMENT_3D('',#12886,#10270,#10271);
#9017=AXIS2_PLACEMENT_3D('',#12887,#10272,#10273);
#9018=AXIS2_PLACEMENT_3D('',#12888,#10274,#10275);
#9019=AXIS2_PLACEMENT_3D('',#12889,#10276,#10277);
#9020=AXIS2_PLACEMENT_3D('',#12898,#10282,#10283);
#9021=AXIS2_PLACEMENT_3D('',#12904,#10287,#10288);
#9022=AXIS2_PLACEMENT_3D('',#12905,#10289,#10290);
#9023=AXIS2_PLACEMENT_3D('',#12906,#10291,#10292);
#9024=AXIS2_PLACEMENT_3D('',#12907,#10293,#10294);
#9025=AXIS2_PLACEMENT_3D('',#12908,#10295,#10296);
#9026=AXIS2_PLACEMENT_3D('',#12917,#10301,#10302);
#9027=AXIS2_PLACEMENT_3D('',#12923,#10306,#10307);
#9028=AXIS2_PLACEMENT_3D('',#12924,#10308,#10309);
#9029=AXIS2_PLACEMENT_3D('',#12925,#10310,#10311);
#9030=AXIS2_PLACEMENT_3D('',#12926,#10312,#10313);
#9031=AXIS2_PLACEMENT_3D('',#12927,#10314,#10315);
#9032=AXIS2_PLACEMENT_3D('',#12936,#10320,#10321);
#9033=AXIS2_PLACEMENT_3D('',#12942,#10325,#10326);
#9034=AXIS2_PLACEMENT_3D('',#12943,#10327,#10328);
#9035=AXIS2_PLACEMENT_3D('',#12944,#10329,#10330);
#9036=AXIS2_PLACEMENT_3D('',#12945,#10331,#10332);
#9037=AXIS2_PLACEMENT_3D('',#12946,#10333,#10334);
#9038=AXIS2_PLACEMENT_3D('',#12950,#10336,#10337);
#9039=AXIS2_PLACEMENT_3D('',#12952,#10339,#10340);
#9040=AXIS2_PLACEMENT_3D('',#12956,#10343,#10344);
#9041=AXIS2_PLACEMENT_3D('',#12959,#10346,#10347);
#9042=AXIS2_PLACEMENT_3D('',#12960,#10348,#10349);
#9043=AXIS2_PLACEMENT_3D('',#12962,#10351,#10352);
#9044=AXIS2_PLACEMENT_3D('',#12963,#10353,#10354);
#9045=AXIS2_PLACEMENT_3D('',#12966,#10357,#10358);
#9046=AXIS2_PLACEMENT_3D('',#12969,#10361,#10362);
#9047=AXIS2_PLACEMENT_3D('',#12972,#10365,#10366);
#9048=AXIS2_PLACEMENT_3D('',#12975,#10369,#10370);
#9049=AXIS2_PLACEMENT_3D('',#12978,#10373,#10374);
#9050=AXIS2_PLACEMENT_3D('',#12981,#10377,#10378);
#9051=AXIS2_PLACEMENT_3D('',#12984,#10381,#10382);
#9052=AXIS2_PLACEMENT_3D('',#12987,#10385,#10386);
#9053=AXIS2_PLACEMENT_3D('',#12990,#10389,#10390);
#9054=AXIS2_PLACEMENT_3D('',#12993,#10393,#10394);
#9055=AXIS2_PLACEMENT_3D('',#12996,#10397,#10398);
#9056=AXIS2_PLACEMENT_3D('',#12999,#10401,#10402);
#9057=AXIS2_PLACEMENT_3D('',#13000,#10403,#10404);
#9058=AXIS2_PLACEMENT_3D('',#13001,#10405,#10406);
#9059=AXIS2_PLACEMENT_3D('',#13002,#10407,#10408);
#9060=AXIS2_PLACEMENT_3D('',#13003,#10409,#10410);
#9061=AXIS2_PLACEMENT_3D('',#13004,#10411,#10412);
#9062=AXIS2_PLACEMENT_3D('',#13005,#10413,#10414);
#9063=AXIS2_PLACEMENT_3D('',#13006,#10415,#10416);
#9064=AXIS2_PLACEMENT_3D('',#13007,#10417,#10418);
#9065=AXIS2_PLACEMENT_3D('',#13008,#10419,#10420);
#9066=AXIS2_PLACEMENT_3D('',#13009,#10421,#10422);
#9067=AXIS2_PLACEMENT_3D('',#13010,#10423,#10424);
#9068=AXIS2_PLACEMENT_3D('',#13011,#10425,#10426);
#9069=AXIS2_PLACEMENT_3D('',#13012,#10427,#10428);
#9070=AXIS2_PLACEMENT_3D('',#13013,#10429,#10430);
#9071=AXIS2_PLACEMENT_3D('',#13014,#10431,#10432);
#9072=AXIS2_PLACEMENT_3D('',#13015,#10433,#10434);
#9073=AXIS2_PLACEMENT_3D('',#13016,#10435,#10436);
#9074=AXIS2_PLACEMENT_3D('',#13017,#10437,#10438);
#9075=AXIS2_PLACEMENT_3D('',#13018,#10439,#10440);
#9076=AXIS2_PLACEMENT_3D('',#13019,#10441,#10442);
#9077=AXIS2_PLACEMENT_3D('',#13020,#10443,#10444);
#9078=AXIS2_PLACEMENT_3D('',#13021,#10445,#10446);
#9079=AXIS2_PLACEMENT_3D('',#13022,#10447,#10448);
#9080=AXIS2_PLACEMENT_3D('',#13023,#10449,#10450);
#9081=AXIS2_PLACEMENT_3D('',#13024,#10451,#10452);
#9082=AXIS2_PLACEMENT_3D('',#13025,#10453,#10454);
#9083=AXIS2_PLACEMENT_3D('',#13026,#10455,#10456);
#9084=AXIS2_PLACEMENT_3D('',#13027,#10457,#10458);
#9085=AXIS2_PLACEMENT_3D('',#13028,#10459,#10460);
#9086=AXIS2_PLACEMENT_3D('',#13029,#10461,#10462);
#9087=AXIS2_PLACEMENT_3D('',#13030,#10463,#10464);
#9088=AXIS2_PLACEMENT_3D('',#13031,#10465,#10466);
#9089=AXIS2_PLACEMENT_3D('',#13032,#10467,#10468);
#9090=AXIS2_PLACEMENT_3D('',#13033,#10469,#10470);
#9091=AXIS2_PLACEMENT_3D('',#13034,#10471,#10472);
#9092=AXIS2_PLACEMENT_3D('',#13035,#10473,#10474);
#9093=AXIS2_PLACEMENT_3D('',#13036,#10475,#10476);
#9094=AXIS2_PLACEMENT_3D('',#13037,#10477,#10478);
#9095=AXIS2_PLACEMENT_3D('',#13038,#10479,#10480);
#9096=AXIS2_PLACEMENT_3D('',#13039,#10481,#10482);
#9097=AXIS2_PLACEMENT_3D('',#13040,#10483,#10484);
#9098=AXIS2_PLACEMENT_3D('',#13041,#10485,#10486);
#9099=AXIS2_PLACEMENT_3D('',#13042,#10487,#10488);
#9100=AXIS2_PLACEMENT_3D('',#13043,#10489,#10490);
#9101=AXIS2_PLACEMENT_3D('',#13044,#10491,#10492);
#9102=AXIS2_PLACEMENT_3D('',#13045,#10493,#10494);
#9103=AXIS2_PLACEMENT_3D('',#13046,#10495,#10496);
#9104=AXIS2_PLACEMENT_3D('',#13047,#10497,#10498);
#9105=AXIS2_PLACEMENT_3D('',#13048,#10499,#10500);
#9106=AXIS2_PLACEMENT_3D('',#13049,#10501,#10502);
#9107=AXIS2_PLACEMENT_3D('',#13050,#10503,#10504);
#9108=AXIS2_PLACEMENT_3D('',#13051,#10505,#10506);
#9109=AXIS2_PLACEMENT_3D('',#13052,#10507,#10508);
#9110=AXIS2_PLACEMENT_3D('',#13053,#10509,#10510);
#9111=AXIS2_PLACEMENT_3D('',#13054,#10511,#10512);
#9112=AXIS2_PLACEMENT_3D('',#13055,#10513,#10514);
#9113=AXIS2_PLACEMENT_3D('',#13056,#10515,#10516);
#9114=AXIS2_PLACEMENT_3D('',#13057,#10517,#10518);
#9115=AXIS2_PLACEMENT_3D('',#13058,#10519,#10520);
#9116=AXIS2_PLACEMENT_3D('',#13059,#10521,#10522);
#9117=AXIS2_PLACEMENT_3D('',#13060,#10523,#10524);
#9118=AXIS2_PLACEMENT_3D('',#13061,#10525,#10526);
#9119=AXIS2_PLACEMENT_3D('',#13062,#10527,#10528);
#9120=AXIS2_PLACEMENT_3D('',#13063,#10529,#10530);
#9121=AXIS2_PLACEMENT_3D('',#13064,#10531,#10532);
#9122=AXIS2_PLACEMENT_3D('',#13065,#10533,#10534);
#9123=AXIS2_PLACEMENT_3D('',#13066,#10535,#10536);
#9124=AXIS2_PLACEMENT_3D('',#13067,#10537,#10538);
#9125=AXIS2_PLACEMENT_3D('',#13068,#10539,#10540);
#9126=AXIS2_PLACEMENT_3D('',#13069,#10541,#10542);
#9127=AXIS2_PLACEMENT_3D('',#13070,#10543,#10544);
#9128=AXIS2_PLACEMENT_3D('',#13071,#10545,#10546);
#9129=AXIS2_PLACEMENT_3D('',#13072,#10547,#10548);
#9130=AXIS2_PLACEMENT_3D('',#13073,#10549,#10550);
#9131=AXIS2_PLACEMENT_3D('',#13074,#10551,#10552);
#9132=AXIS2_PLACEMENT_3D('',#13075,#10553,#10554);
#9133=AXIS2_PLACEMENT_3D('',#13076,#10555,#10556);
#9134=AXIS2_PLACEMENT_3D('',#13077,#10557,#10558);
#9135=AXIS2_PLACEMENT_3D('',#13078,#10559,#10560);
#9136=AXIS2_PLACEMENT_3D('',#13079,#10561,#10562);
#9137=AXIS2_PLACEMENT_3D('',#13080,#10563,#10564);
#9138=AXIS2_PLACEMENT_3D('',#13081,#10565,#10566);
#9139=AXIS2_PLACEMENT_3D('',#13082,#10567,#10568);
#9140=AXIS2_PLACEMENT_3D('',#13083,#10569,#10570);
#9141=AXIS2_PLACEMENT_3D('',#13084,#10571,#10572);
#9142=AXIS2_PLACEMENT_3D('',#13085,#10573,#10574);
#9143=AXIS2_PLACEMENT_3D('',#13086,#10575,#10576);
#9144=AXIS2_PLACEMENT_3D('',#13087,#10577,#10578);
#9145=AXIS2_PLACEMENT_3D('',#13088,#10579,#10580);
#9146=AXIS2_PLACEMENT_3D('',#13089,#10581,#10582);
#9147=AXIS2_PLACEMENT_3D('',#13090,#10583,#10584);
#9148=AXIS2_PLACEMENT_3D('',#13091,#10585,#10586);
#9149=AXIS2_PLACEMENT_3D('',#13092,#10587,#10588);
#9150=AXIS2_PLACEMENT_3D('',#13093,#10589,#10590);
#9151=AXIS2_PLACEMENT_3D('',#13094,#10591,#10592);
#9152=AXIS2_PLACEMENT_3D('',#13095,#10593,#10594);
#9153=AXIS2_PLACEMENT_3D('',#13096,#10595,#10596);
#9154=AXIS2_PLACEMENT_3D('',#13097,#10597,#10598);
#9155=AXIS2_PLACEMENT_3D('',#13098,#10599,#10600);
#9156=AXIS2_PLACEMENT_3D('',#13099,#10601,#10602);
#9157=AXIS2_PLACEMENT_3D('',#13100,#10603,#10604);
#9158=AXIS2_PLACEMENT_3D('',#13101,#10605,#10606);
#9159=AXIS2_PLACEMENT_3D('',#13107,#10610,#10611);
#9160=AXIS2_PLACEMENT_3D('',#13111,#10614,#10615);
#9161=AXIS2_PLACEMENT_3D('',#13115,#10618,#10619);
#9162=AXIS2_PLACEMENT_3D('',#13119,#10622,#10623);
#9163=AXIS2_PLACEMENT_3D('',#13123,#10626,#10627);
#9164=AXIS2_PLACEMENT_3D('',#13125,#10629,#10630);
#9165=AXIS2_PLACEMENT_3D('',#13142,#10633,#10634);
#9166=AXIS2_PLACEMENT_3D('',#13156,#10638,#10639);
#9167=AXIS2_PLACEMENT_3D('',#13167,#10641,#10642);
#9168=AXIS2_PLACEMENT_3D('',#13224,#10647,#10648);
#9169=AXIS2_PLACEMENT_3D('',#13238,#10652,#10653);
#9170=AXIS2_PLACEMENT_3D('',#13277,#10657,#10658);
#9171=AXIS2_PLACEMENT_3D('',#13290,#10659,#10660);
#9172=AXIS2_PLACEMENT_3D('',#13291,#10661,#10662);
#9173=AXIS2_PLACEMENT_3D('',#13297,#10666,#10667);
#9174=AXIS2_PLACEMENT_3D('',#13301,#10670,#10671);
#9175=AXIS2_PLACEMENT_3D('',#13305,#10674,#10675);
#9176=AXIS2_PLACEMENT_3D('',#13309,#10678,#10679);
#9177=AXIS2_PLACEMENT_3D('',#13313,#10682,#10683);
#9178=AXIS2_PLACEMENT_3D('',#13317,#10686,#10687);
#9179=AXIS2_PLACEMENT_3D('',#13321,#10690,#10691);
#9180=AXIS2_PLACEMENT_3D('',#13325,#10694,#10695);
#9181=AXIS2_PLACEMENT_3D('',#13329,#10698,#10699);
#9182=AXIS2_PLACEMENT_3D('',#13333,#10702,#10703);
#9183=AXIS2_PLACEMENT_3D('',#13337,#10706,#10707);
#9184=AXIS2_PLACEMENT_3D('',#13339,#10709,#10710);
#9185=AXIS2_PLACEMENT_3D('',#13340,#10711,#10712);
#9186=AXIS2_PLACEMENT_3D('',#13345,#10714,#10715);
#9187=AXIS2_PLACEMENT_3D('',#13347,#10716,#10717);
#9188=AXIS2_PLACEMENT_3D('',#13367,#10722,#10723);
#9189=AXIS2_PLACEMENT_3D('',#13369,#10724,#10725);
#9190=AXIS2_PLACEMENT_3D('',#13371,#10726,#10727);
#9191=AXIS2_PLACEMENT_3D('',#13373,#10728,#10729);
#9192=AXIS2_PLACEMENT_3D('',#13375,#10731,#10732);
#9193=AXIS2_PLACEMENT_3D('',#13414,#10739,#10740);
#9194=AXIS2_PLACEMENT_3D('',#13416,#10742,#10743);
#9195=AXIS2_PLACEMENT_3D('',#13417,#10744,#10745);
#9196=AXIS2_PLACEMENT_3D('',#13423,#10749,#10750);
#9197=AXIS2_PLACEMENT_3D('',#13427,#10753,#10754);
#9198=AXIS2_PLACEMENT_3D('',#13440,#10757,#10758);
#9199=AXIS2_PLACEMENT_3D('',#13451,#10760,#10761);
#9200=AXIS2_PLACEMENT_3D('',#13462,#10763,#10764);
#9201=AXIS2_PLACEMENT_3D('',#13472,#10766,#10767);
#9202=AXIS2_PLACEMENT_3D('',#13473,#10768,#10769);
#9203=AXIS2_PLACEMENT_3D('',#13474,#10770,#10771);
#9204=AXIS2_PLACEMENT_3D('',#13509,#10784,#10785);
#9205=AXIS2_PLACEMENT_3D('',#13512,#10788,#10789);
#9206=AXIS2_PLACEMENT_3D('',#13514,#10791,#10792);
#9207=AXIS2_PLACEMENT_3D('',#13516,#10794,#10795);
#9208=AXIS2_PLACEMENT_3D('',#13518,#10797,#10798);
#9209=AXIS2_PLACEMENT_3D('',#13520,#10800,#10801);
#9210=AXIS2_PLACEMENT_3D('',#13522,#10803,#10804);
#9211=AXIS2_PLACEMENT_3D('',#13524,#10806,#10807);
#9212=AXIS2_PLACEMENT_3D('',#13525,#10808,#10809);
#9213=AXIS2_PLACEMENT_3D('',#13531,#10813,#10814);
#9214=AXIS2_PLACEMENT_3D('',#13549,#10818,#10819);
#9215=AXIS2_PLACEMENT_3D('',#13567,#10823,#10824);
#9216=AXIS2_PLACEMENT_3D('',#13569,#10826,#10827);
#9217=AXIS2_PLACEMENT_3D('',#13570,#10828,#10829);
#9218=AXIS2_PLACEMENT_3D('',#13576,#10833,#10834);
#9219=AXIS2_PLACEMENT_3D('',#13580,#10837,#10838);
#9220=AXIS2_PLACEMENT_3D('',#13584,#10841,#10842);
#9221=AXIS2_PLACEMENT_3D('',#13588,#10845,#10846);
#9222=AXIS2_PLACEMENT_3D('',#13592,#10849,#10850);
#9223=AXIS2_PLACEMENT_3D('',#13596,#10853,#10854);
#9224=AXIS2_PLACEMENT_3D('',#13600,#10857,#10858);
#9225=AXIS2_PLACEMENT_3D('',#13604,#10861,#10862);
#9226=AXIS2_PLACEMENT_3D('',#13608,#10865,#10866);
#9227=AXIS2_PLACEMENT_3D('',#13612,#10869,#10870);
#9228=AXIS2_PLACEMENT_3D('',#13616,#10873,#10874);
#9229=AXIS2_PLACEMENT_3D('',#13618,#10876,#10877);
#9230=AXIS2_PLACEMENT_3D('',#13619,#10878,#10879);
#9231=AXIS2_PLACEMENT_3D('',#13634,#10881,#10882);
#9232=AXIS2_PLACEMENT_3D('',#13648,#10884,#10885);
#9233=AXIS2_PLACEMENT_3D('',#13650,#10886,#10887);
#9234=AXIS2_PLACEMENT_3D('',#13665,#10892,#10893);
#9235=AXIS2_PLACEMENT_3D('',#13681,#10896,#10897);
#9236=AXIS2_PLACEMENT_3D('',#13683,#10898,#10899);
#9237=AXIS2_PLACEMENT_3D('',#13698,#10902,#10903);
#9238=AXIS2_PLACEMENT_3D('',#13718,#10907,#10908);
#9239=AXIS2_PLACEMENT_3D('',#13756,#10914,#10915);
#9240=AXIS2_PLACEMENT_3D('',#13758,#10917,#10918);
#9241=AXIS2_PLACEMENT_3D('',#13760,#10920,#10921);
#9242=AXIS2_PLACEMENT_3D('',#13762,#10923,#10924);
#9243=AXIS2_PLACEMENT_3D('',#13797,#10928,#10929);
#9244=AXIS2_PLACEMENT_3D('',#13822,#10932,#10933);
#9245=AXIS2_PLACEMENT_3D('',#13833,#10935,#10936);
#9246=AXIS2_PLACEMENT_3D('',#13849,#10939,#10940);
#9247=AXIS2_PLACEMENT_3D('',#13853,#10943,#10944);
#9248=AXIS2_PLACEMENT_3D('',#13855,#10946,#10947);
#9249=AXIS2_PLACEMENT_3D('',#13872,#10950,#10951);
#9250=AXIS2_PLACEMENT_3D('',#13886,#10955,#10956);
#9251=AXIS2_PLACEMENT_3D('',#13897,#10958,#10959);
#9252=AXIS2_PLACEMENT_3D('',#13908,#10961,#10962);
#9253=AXIS2_PLACEMENT_3D('',#13919,#10964,#10965);
#9254=AXIS2_PLACEMENT_3D('',#13930,#10967,#10968);
#9255=AXIS2_PLACEMENT_3D('',#13941,#10970,#10971);
#9256=AXIS2_PLACEMENT_3D('',#13966,#10974,#10975);
#9257=AXIS2_PLACEMENT_3D('',#13995,#10978,#10979);
#9258=AXIS2_PLACEMENT_3D('',#14051,#10986,#10987);
#9259=AXIS2_PLACEMENT_3D('',#14062,#10989,#10990);
#9260=AXIS2_PLACEMENT_3D('',#14073,#10992,#10993);
#9261=AXIS2_PLACEMENT_3D('',#14096,#10995,#10996);
#9262=AXIS2_PLACEMENT_3D('',#14097,#10997,#10998);
#9263=AXIS2_PLACEMENT_3D('',#14098,#10999,#11000);
#9264=AXIS2_PLACEMENT_3D('',#14104,#11004,#11005);
#9265=AXIS2_PLACEMENT_3D('',#14122,#11009,#11010);
#9266=AXIS2_PLACEMENT_3D('',#14126,#11013,#11014);
#9267=AXIS2_PLACEMENT_3D('',#14130,#11017,#11018);
#9268=AXIS2_PLACEMENT_3D('',#14134,#11021,#11022);
#9269=AXIS2_PLACEMENT_3D('',#14138,#11025,#11026);
#9270=AXIS2_PLACEMENT_3D('',#14142,#11029,#11030);
#9271=AXIS2_PLACEMENT_3D('',#14174,#11035,#11036);
#9272=AXIS2_PLACEMENT_3D('',#14188,#11040,#11041);
#9273=AXIS2_PLACEMENT_3D('',#14203,#11043,#11044);
#9274=AXIS2_PLACEMENT_3D('',#14205,#11046,#11047);
#9275=AXIS2_PLACEMENT_3D('',#14206,#11048,#11049);
#9276=AXIS2_PLACEMENT_3D('',#14212,#11053,#11054);
#9277=AXIS2_PLACEMENT_3D('',#14216,#11057,#11058);
#9278=AXIS2_PLACEMENT_3D('',#14220,#11061,#11062);
#9279=AXIS2_PLACEMENT_3D('',#14224,#11065,#11066);
#9280=AXIS2_PLACEMENT_3D('',#14228,#11069,#11070);
#9281=AXIS2_PLACEMENT_3D('',#14232,#11073,#11074);
#9282=AXIS2_PLACEMENT_3D('',#14236,#11077,#11078);
#9283=AXIS2_PLACEMENT_3D('',#14240,#11081,#11082);
#9284=AXIS2_PLACEMENT_3D('',#14244,#11085,#11086);
#9285=AXIS2_PLACEMENT_3D('',#14248,#11089,#11090);
#9286=AXIS2_PLACEMENT_3D('',#14252,#11093,#11094);
#9287=AXIS2_PLACEMENT_3D('',#14254,#11096,#11097);
#9288=AXIS2_PLACEMENT_3D('',#14255,#11098,#11099);
#9289=AXIS2_PLACEMENT_3D('',#14260,#11101,#11102);
#9290=AXIS2_PLACEMENT_3D('',#14262,#11103,#11104);
#9291=AXIS2_PLACEMENT_3D('',#14282,#11109,#11110);
#9292=AXIS2_PLACEMENT_3D('',#14284,#11111,#11112);
#9293=AXIS2_PLACEMENT_3D('',#14286,#11113,#11114);
#9294=AXIS2_PLACEMENT_3D('',#14288,#11115,#11116);
#9295=AXIS2_PLACEMENT_3D('',#14290,#11118,#11119);
#9296=AXIS2_PLACEMENT_3D('',#14329,#11126,#11127);
#9297=AXIS2_PLACEMENT_3D('',#14331,#11129,#11130);
#9298=AXIS2_PLACEMENT_3D('',#14332,#11131,#11132);
#9299=AXIS2_PLACEMENT_3D('',#14338,#11136,#11137);
#9300=AXIS2_PLACEMENT_3D('',#14342,#11140,#11141);
#9301=AXIS2_PLACEMENT_3D('',#14355,#11144,#11145);
#9302=AXIS2_PLACEMENT_3D('',#14366,#11147,#11148);
#9303=AXIS2_PLACEMENT_3D('',#14377,#11150,#11151);
#9304=AXIS2_PLACEMENT_3D('',#14387,#11153,#11154);
#9305=AXIS2_PLACEMENT_3D('',#14388,#11155,#11156);
#9306=AXIS2_PLACEMENT_3D('',#14389,#11157,#11158);
#9307=AXIS2_PLACEMENT_3D('',#14424,#11171,#11172);
#9308=AXIS2_PLACEMENT_3D('',#14427,#11175,#11176);
#9309=AXIS2_PLACEMENT_3D('',#14429,#11178,#11179);
#9310=AXIS2_PLACEMENT_3D('',#14431,#11181,#11182);
#9311=AXIS2_PLACEMENT_3D('',#14433,#11184,#11185);
#9312=AXIS2_PLACEMENT_3D('',#14435,#11187,#11188);
#9313=AXIS2_PLACEMENT_3D('',#14437,#11190,#11191);
#9314=AXIS2_PLACEMENT_3D('',#14439,#11193,#11194);
#9315=AXIS2_PLACEMENT_3D('',#14440,#11195,#11196);
#9316=AXIS2_PLACEMENT_3D('',#14446,#11200,#11201);
#9317=AXIS2_PLACEMENT_3D('',#14464,#11205,#11206);
#9318=AXIS2_PLACEMENT_3D('',#14482,#11210,#11211);
#9319=AXIS2_PLACEMENT_3D('',#14484,#11213,#11214);
#9320=AXIS2_PLACEMENT_3D('',#14485,#11215,#11216);
#9321=AXIS2_PLACEMENT_3D('',#14493,#11217,#11218);
#9322=AXIS2_PLACEMENT_3D('',#14500,#11219,#11220);
#9323=AXIS2_PLACEMENT_3D('',#14512,#11221,#11222);
#9324=AXIS2_PLACEMENT_3D('',#14514,#11223,#11224);
#9325=AXIS2_PLACEMENT_3D('',#14516,#11225,#11226);
#9326=AXIS2_PLACEMENT_3D('',#14518,#11227,#11228);
#9327=AXIS2_PLACEMENT_3D('',#14604,#11236,#11237);
#9328=AXIS2_PLACEMENT_3D('',#14605,#11238,#11239);
#9329=AXIS2_PLACEMENT_3D('',#14730,#11253,#11254);
#9330=AXIS2_PLACEMENT_3D('',#14732,#11256,#11257);
#9331=AXIS2_PLACEMENT_3D('',#14734,#11259,#11260);
#9332=AXIS2_PLACEMENT_3D('',#14736,#11262,#11263);
#9333=AXIS2_PLACEMENT_3D('',#14801,#11272,#11273);
#9334=AXIS2_PLACEMENT_3D('',#14821,#11277,#11278);
#9335=AXIS2_PLACEMENT_3D('',#14850,#11283,#11284);
#9336=AXIS2_PLACEMENT_3D('',#14912,#11289,#11290);
#9337=AXIS2_PLACEMENT_3D('',#14913,#11291,#11292);
#9338=AXIS2_PLACEMENT_3D('',#14915,#11293,#11294);
#9339=AXIS2_PLACEMENT_3D('',#14918,#11296,#11297);
#9340=AXIS2_PLACEMENT_3D('',#14919,#11298,#11299);
#9341=AXIS2_PLACEMENT_3D('',#14921,#11300,#11301);
#9342=AXIS2_PLACEMENT_3D('',#14924,#11303,#11304);
#9343=AXIS2_PLACEMENT_3D('',#14925,#11305,#11306);
#9344=AXIS2_PLACEMENT_3D('',#14927,#11307,#11308);
#9345=AXIS2_PLACEMENT_3D('',#14930,#11310,#11311);
#9346=AXIS2_PLACEMENT_3D('',#14931,#11312,#11313);
#9347=AXIS2_PLACEMENT_3D('',#14933,#11314,#11315);
#9348=AXIS2_PLACEMENT_3D('',#14936,#11317,#11318);
#9349=AXIS2_PLACEMENT_3D('',#14937,#11319,#11320);
#9350=AXIS2_PLACEMENT_3D('',#14940,#11321,#11322);
#9351=AXIS2_PLACEMENT_3D('',#14942,#11323,#11324);
#9352=AXIS2_PLACEMENT_3D('',#14944,#11325,#11326);
#9353=AXIS2_PLACEMENT_3D('',#14957,#11327,#11328);
#9354=AXIS2_PLACEMENT_3D('',#14960,#11329,#11330);
#9355=AXIS2_PLACEMENT_3D('',#14979,#11331,#11332);
#9356=AXIS2_PLACEMENT_3D('',#14980,#11333,#11334);
#9357=AXIS2_PLACEMENT_3D('',#14981,#11335,#11336);
#9358=AXIS2_PLACEMENT_3D('',#14984,#11337,#11338);
#9359=AXIS2_PLACEMENT_3D('',#14988,#11340,#11341);
#9360=AXIS2_PLACEMENT_3D('',#14992,#11343,#11344);
#9361=AXIS2_PLACEMENT_3D('',#14996,#11346,#11347);
#9362=AXIS2_PLACEMENT_3D('',#14998,#11349,#11350);
#9363=AXIS2_PLACEMENT_3D('',#15001,#11351,#11352);
#9364=AXIS2_PLACEMENT_3D('',#15005,#11354,#11355);
#9365=AXIS2_PLACEMENT_3D('',#15007,#11357,#11358);
#9366=AXIS2_PLACEMENT_3D('',#15008,#11359,#11360);
#9367=AXIS2_PLACEMENT_3D('',#15011,#11363,#11364);
#9368=AXIS2_PLACEMENT_3D('',#15016,#11366,#11367);
#9369=AXIS2_PLACEMENT_3D('',#15028,#11375,#11376);
#9370=AXIS2_PLACEMENT_3D('',#15034,#11379,#11380);
#9371=AXIS2_PLACEMENT_3D('',#15038,#11382,#11383);
#9372=AXIS2_PLACEMENT_3D('',#15047,#11389,#11390);
#9373=AXIS2_PLACEMENT_3D('',#15050,#11391,#11392);
#9374=AXIS2_PLACEMENT_3D('',#15054,#11394,#11395);
#9375=AXIS2_PLACEMENT_3D('',#15056,#11397,#11398);
#9376=AXIS2_PLACEMENT_3D('',#15059,#11401,#11402);
#9377=AXIS2_PLACEMENT_3D('',#15062,#11404,#11405);
#9378=AXIS2_PLACEMENT_3D('',#15065,#11407,#11408);
#9379=AXIS2_PLACEMENT_3D('',#15066,#11409,#11410);
#9380=AXIS2_PLACEMENT_3D('',#15070,#11412,#11413);
#9381=AXIS2_PLACEMENT_3D('',#15074,#11416,#11417);
#9382=AXIS2_PLACEMENT_3D('',#15077,#11419,#11420);
#9383=AXIS2_PLACEMENT_3D('',#15079,#11422,#11423);
#9384=AXIS2_PLACEMENT_3D('',#15082,#11424,#11425);
#9385=AXIS2_PLACEMENT_3D('',#15086,#11427,#11428);
#9386=AXIS2_PLACEMENT_3D('',#15088,#11430,#11431);
#9387=AXIS2_PLACEMENT_3D('',#15091,#11434,#11435);
#9388=AXIS2_PLACEMENT_3D('',#15094,#11438,#11439);
#9389=AXIS2_PLACEMENT_3D('',#15095,#11440,#11441);
#9390=AXIS2_PLACEMENT_3D('',#15096,#11442,#11443);
#9391=AXIS2_PLACEMENT_3D('',#15097,#11444,#11445);
#9392=AXIS2_PLACEMENT_3D('',#15098,#11446,#11447);
#9393=AXIS2_PLACEMENT_3D('',#15100,#11448,#11449);
#9394=AXIS2_PLACEMENT_3D('',#15104,#11452,#11453);
#9395=AXIS2_PLACEMENT_3D('',#15105,#11454,#11455);
#9396=AXIS2_PLACEMENT_3D('',#15106,#11456,#11457);
#9397=AXIS2_PLACEMENT_3D('',#15110,#11459,#11460);
#9398=AXIS2_PLACEMENT_3D('',#15112,#11462,#11463);
#9399=AXIS2_PLACEMENT_3D('',#15116,#11465,#11466);
#9400=AXIS2_PLACEMENT_3D('',#15118,#11468,#11469);
#9401=AXIS2_PLACEMENT_3D('',#15120,#11471,#11472);
#9402=AXIS2_PLACEMENT_3D('',#15122,#11474,#11475);
#9403=AXIS2_PLACEMENT_3D('',#15123,#11476,#11477);
#9404=AXIS2_PLACEMENT_3D('',#15127,#11479,#11480);
#9405=AXIS2_PLACEMENT_3D('',#15129,#11482,#11483);
#9406=AXIS2_PLACEMENT_3D('',#15131,#11485,#11486);
#9407=AXIS2_PLACEMENT_3D('',#15133,#11488,#11489);
#9408=AXIS2_PLACEMENT_3D('',#15134,#11490,#11491);
#9409=AXIS2_PLACEMENT_3D('',#15151,#11492,#11493);
#9410=AXIS2_PLACEMENT_3D('',#15152,#11494,#11495);
#9411=AXIS2_PLACEMENT_3D('',#15167,#11496,#11497);
#9412=AXIS2_PLACEMENT_3D('',#15168,#11498,#11499);
#9413=AXIS2_PLACEMENT_3D('',#15183,#11500,#11501);
#9414=AXIS2_PLACEMENT_3D('',#15184,#11502,#11503);
#9415=AXIS2_PLACEMENT_3D('',#15185,#11504,#11505);
#9416=AXIS2_PLACEMENT_3D('',#15186,#11506,#11507);
#9417=AXIS2_PLACEMENT_3D('',#15187,#11508,#11509);
#9418=AXIS2_PLACEMENT_3D('',#15188,#11510,#11511);
#9419=AXIS2_PLACEMENT_3D('',#15189,#11512,#11513);
#9420=AXIS2_PLACEMENT_3D('',#15190,#11514,#11515);
#9421=AXIS2_PLACEMENT_3D('',#15191,#11516,#11517);
#9422=DIRECTION('axis',(0.,0.,1.));
#9423=DIRECTION('refdir',(1.,0.,0.));
#9424=DIRECTION('axis',(0.,0.,1.));
#9425=DIRECTION('refdir',(1.,0.,0.));
#9426=DIRECTION('axis',(0.,0.,1.));
#9427=DIRECTION('refdir',(1.,0.,0.));
#9428=DIRECTION('center_axis',(-1.,3.491481338843E-15,1.219044193948E-29));
#9429=DIRECTION('ref_axis',(-3.491481338843E-15,-1.,-3.491481338843E-15));
#9430=DIRECTION('',(0.,-3.491481338843E-15,1.));
#9431=DIRECTION('center_axis',(1.,-3.491481338843E-15,-1.219044193948E-29));
#9432=DIRECTION('ref_axis',(-3.491481338843E-15,-1.,-6.505213034913E-15));
#9433=DIRECTION('',(3.491481338843E-15,1.,3.491481338843E-15));
#9434=DIRECTION('center_axis',(1.,-3.491481338843E-15,-1.219044193948E-29));
#9435=DIRECTION('ref_axis',(-3.491481338843E-15,-1.,-2.891205793294E-15));
#9436=DIRECTION('',(0.,3.491481338843E-15,-1.));
#9437=DIRECTION('center_axis',(-1.,3.491481338843E-15,1.219044193948E-29));
#9438=DIRECTION('ref_axis',(-3.491481338843E-15,-1.,-1.03049139934268E-44));
#9439=DIRECTION('',(3.491481338843E-15,1.,4.069722497502E-15));
#9440=DIRECTION('center_axis',(-1.,3.491481338843E-15,1.219044193948E-29));
#9441=DIRECTION('ref_axis',(-3.491481338843E-15,-1.,-1.03049139934268E-44));
#9442=DIRECTION('center_axis',(-1.,3.491481338843E-15,1.219044193948E-29));
#9443=DIRECTION('ref_axis',(-3.491481338843E-15,-1.,-3.491481338843E-15));
#9444=DIRECTION('',(3.491481338843E-15,1.,3.491481338843E-15));
#9445=DIRECTION('center_axis',(-1.,3.491481338843E-15,1.219044193948E-29));
#9446=DIRECTION('ref_axis',(-3.491481338843E-15,-1.,-3.614007241618E-15));
#9447=DIRECTION('',(0.,3.491481338843E-15,-1.));
#9448=DIRECTION('center_axis',(1.,-3.491481338843E-15,-1.219044193948E-29));
#9449=DIRECTION('ref_axis',(-3.491481338843E-15,-1.,-1.03049139934268E-44));
#9450=DIRECTION('',(-3.491481338843E-15,-1.,-4.069722497502E-15));
#9451=DIRECTION('center_axis',(1.,-3.491481338843E-15,-1.219044193948E-29));
#9452=DIRECTION('ref_axis',(-3.491481338843E-15,-1.,-1.734723475976E-14));
#9453=DIRECTION('',(0.,-3.491481338843E-15,1.));
#9454=DIRECTION('center_axis',(-1.,3.491481338843E-15,1.219044193948E-29));
#9455=DIRECTION('ref_axis',(-3.491481338843E-15,-1.,-3.614007241618E-15));
#9456=DIRECTION('center_axis',(-1.033495498259E-16,-3.491481338843E-15,
1.));
#9457=DIRECTION('ref_axis',(-1.,3.491481338843E-15,-1.03349549825888E-16));
#9458=DIRECTION('',(-1.,3.491481338843E-15,-1.033495498259E-16));
#9459=DIRECTION('',(1.,-3.491481338843E-15,1.033495498259E-16));
#9460=DIRECTION('center_axis',(-1.,3.491481338843E-15,1.219044193948E-29));
#9461=DIRECTION('ref_axis',(-3.491481338843E-15,-1.,-3.491481338843E-15));
#9462=DIRECTION('',(3.491481338843E-15,1.,3.491481338843E-15));
#9463=DIRECTION('center_axis',(-1.,3.491481338843E-15,1.219044193948E-29));
#9464=DIRECTION('ref_axis',(-3.491481338843E-15,-1.,-3.469446951953E-15));
#9465=DIRECTION('',(0.,3.491481338843E-15,-1.));
#9466=DIRECTION('',(-3.491481338843E-15,-1.,4.301893876558E-13));
#9467=DIRECTION('',(0.,3.491481338843E-15,-1.));
#9468=DIRECTION('center_axis',(0.,3.491481338843E-15,-1.));
#9469=DIRECTION('ref_axis',(-1.,3.514869885863E-15,1.22721026149519E-29));
#9470=DIRECTION('',(0.,3.491481338843E-15,-1.));
#9471=DIRECTION('',(-3.491481338843E-15,-1.,-3.491481338843E-15));
#9472=DIRECTION('',(0.,-3.491481338843E-15,1.));
#9473=DIRECTION('',(3.491481338843E-15,1.,-4.301893876558E-13));
#9474=DIRECTION('',(0.,-3.491481338843E-15,1.));
#9475=DIRECTION('center_axis',(0.,-3.491481338843E-15,1.));
#9476=DIRECTION('ref_axis',(1.,1.674159564097E-12,5.84529687629021E-27));
#9477=DIRECTION('',(0.,-3.491481338843E-15,1.));
#9478=DIRECTION('center_axis',(-1.,3.491481338843E-15,1.219044193948E-29));
#9479=DIRECTION('ref_axis',(-3.491481338843E-15,-1.,-3.469446951953E-15));
#9480=DIRECTION('',(1.134022619032E-30,3.816278325845E-15,-1.));
#9481=DIRECTION('center_axis',(-1.,3.491481338843E-15,1.219044193948E-29));
#9482=DIRECTION('ref_axis',(-3.491481338843E-15,-1.,-3.784851220313E-15));
#9483=DIRECTION('',(0.,-3.491481338843E-15,1.));
#9484=DIRECTION('center_axis',(-1.,3.491481338843E-15,1.219044193948E-29));
#9485=DIRECTION('ref_axis',(-3.491481338843E-15,-1.,-3.784851220313E-15));
#9486=DIRECTION('center_axis',(-1.,3.491481338843E-15,1.219044193948E-29));
#9487=DIRECTION('ref_axis',(-3.491481338843E-15,-1.,-3.491481338843E-15));
#9488=DIRECTION('',(0.,3.491481338843E-15,-1.));
#9489=DIRECTION('center_axis',(1.,-3.491481338843E-15,-1.219044193948E-29));
#9490=DIRECTION('ref_axis',(-3.491481338843E-15,-1.,-3.469446951953E-15));
#9491=DIRECTION('',(3.491481338843E-15,1.,3.491481338843E-15));
#9492=DIRECTION('center_axis',(1.,-3.491481338843E-15,-1.219044193948E-29));
#9493=DIRECTION('ref_axis',(-3.491481338843E-15,-1.,-3.469446951953E-15));
#9494=DIRECTION('',(0.,-3.491481338843E-15,1.));
#9495=DIRECTION('',(1.731231994639E-12,-1.,4.301893876558E-13));
#9496=DIRECTION('',(0.,-3.491481338843E-15,1.));
#9497=DIRECTION('',(3.491481338843E-15,1.,-4.301893876558E-13));
#9498=DIRECTION('',(0.,-3.491481338843E-15,1.));
#9499=DIRECTION('',(-3.491481338843E-15,-1.,-3.491481338843E-15));
#9500=DIRECTION('',(0.,3.491481338843E-15,-1.));
#9501=DIRECTION('',(1.738214957317E-12,1.,-4.301893876558E-13));
#9502=DIRECTION('',(0.,3.491481338843E-15,-1.));
#9503=DIRECTION('',(-3.491481338843E-15,-1.,4.301893876558E-13));
#9504=DIRECTION('center_axis',(-1.,3.491481338843E-15,1.219044193948E-29));
#9505=DIRECTION('ref_axis',(-3.491481338843E-15,-1.,-3.784851220313E-15));
#9506=DIRECTION('',(1.134022619032E-30,3.816278325845E-15,-1.));
#9507=DIRECTION('center_axis',(-1.,3.491481338843E-15,1.219044193948E-29));
#9508=DIRECTION('ref_axis',(-3.491481338843E-15,-1.,-3.784851220313E-15));
#9509=DIRECTION('',(0.,-3.491481338843E-15,1.));
#9510=DIRECTION('center_axis',(-3.491481338843E-15,-1.,-3.491481338843E-15));
#9511=DIRECTION('ref_axis',(1.,-3.491481338843E-15,-1.219044193948E-29));
#9512=DIRECTION('',(1.,-3.491481338843E-15,-1.219044193948E-29));
#9513=DIRECTION('',(-1.,3.491481338843E-15,1.219044193948E-29));
#9514=DIRECTION('center_axis',(-3.491481338843E-15,-1.,-3.491481338843E-15));
#9515=DIRECTION('ref_axis',(1.,-3.491481338843E-15,-1.219044193948E-29));
#9516=DIRECTION('',(-1.,3.491481338843E-15,1.219044193948E-29));
#9517=DIRECTION('',(-1.,3.491481338843E-15,1.219044193948E-29));
#9518=DIRECTION('center_axis',(3.491481338843E-15,1.,3.491481338843E-15));
#9519=DIRECTION('ref_axis',(-1.,3.491481338843E-15,1.219044193948E-29));
#9520=DIRECTION('',(-1.,3.491481338843E-15,1.219044193948E-29));
#9521=DIRECTION('',(-1.,3.491481338843E-15,1.219044193948E-29));
#9522=DIRECTION('center_axis',(3.491481338843E-15,1.,3.491481338843E-15));
#9523=DIRECTION('ref_axis',(-1.,3.491481338843E-15,1.219044193948E-29));
#9524=DIRECTION('',(-1.,3.491481338843E-15,1.219044193948E-29));
#9525=DIRECTION('',(-1.,3.491481338843E-15,1.219044193948E-29));
#9526=DIRECTION('center_axis',(3.491481338843E-15,1.,3.491481338843E-15));
#9527=DIRECTION('ref_axis',(-1.,3.491481338843E-15,1.219044193948E-29));
#9528=DIRECTION('',(3.491481338843E-15,-3.491481338843E-15,1.));
#9529=DIRECTION('center_axis',(-3.491481338843E-15,-1.,-3.491481338843E-15));
#9530=DIRECTION('ref_axis',(1.,-3.491481338843E-15,-8.62347217995393E-31));
#9531=DIRECTION('',(1.,-3.491481338843E-15,-3.388131789017E-15));
#9532=DIRECTION('center_axis',(-3.491481338843E-15,-1.,-3.491481338843E-15));
#9533=DIRECTION('ref_axis',(1.,-3.491481338843E-15,-1.219044193948E-29));
#9534=DIRECTION('',(-1.,3.491481338843E-15,3.388131789017E-15));
#9535=DIRECTION('center_axis',(3.491481338843E-15,1.,3.491481338843E-15));
#9536=DIRECTION('ref_axis',(1.,-3.491481338843E-15,8.16606754629825E-32));
#9537=DIRECTION('',(3.491481338843E-15,-3.491481338843E-15,1.));
#9538=DIRECTION('center_axis',(-3.388131789017E-15,3.491481338843E-15,-1.));
#9539=DIRECTION('ref_axis',(1.,-3.491481338843E-15,-3.38813178901701E-15));
#9540=DIRECTION('',(-1.,3.491481338843E-15,3.388131789017E-15));
#9541=DIRECTION('center_axis',(-3.388131789017E-15,3.491481338843E-15,-1.));
#9542=DIRECTION('ref_axis',(1.,-3.469446951953E-15,-3.38813178901701E-15));
#9543=DIRECTION('',(3.491481338843E-15,1.,3.491481338843E-15));
#9544=DIRECTION('center_axis',(3.388131789017E-15,-3.491481338843E-15,1.));
#9545=DIRECTION('ref_axis',(1.,-3.25260651745599E-15,-3.38813178901701E-15));
#9546=DIRECTION('',(1.,-3.491481338843E-15,-4.315232527305E-15));
#9547=DIRECTION('',(3.491481338843E-15,1.,3.491481338843E-15));
#9548=DIRECTION('',(-1.,3.491481338843E-15,8.630465054611E-15));
#9549=DIRECTION('center_axis',(3.388131789017E-15,-3.491481338843E-15,1.));
#9550=DIRECTION('ref_axis',(1.,-4.33680868994199E-15,-3.38813178901702E-15));
#9551=DIRECTION('',(3.491481338843E-15,1.,3.491481338843E-15));
#9552=DIRECTION('center_axis',(-3.388131789017E-15,3.491481338843E-15,-1.));
#9553=DIRECTION('ref_axis',(1.,-3.469446951953E-15,-3.38813178901701E-15));
#9554=DIRECTION('',(1.,-3.378543612542E-15,-3.388131789017E-15));
#9555=DIRECTION('',(3.491481338843E-15,1.,3.491481338843E-15));
#9556=DIRECTION('center_axis',(-3.388131789017E-15,3.491481338843E-15,-1.));
#9557=DIRECTION('ref_axis',(1.,-3.491481338843E-15,-3.38813178901701E-15));
#9558=DIRECTION('',(3.491481338843E-15,1.,3.491481338843E-15));
#9559=DIRECTION('center_axis',(3.388131789017E-15,-3.491481338843E-15,1.));
#9560=DIRECTION('ref_axis',(1.,-3.469446951953E-15,-3.38813178901701E-15));
#9561=DIRECTION('',(-1.,3.491481338843E-15,3.388131789017E-15));
#9562=DIRECTION('',(3.491481338843E-15,1.,3.491481338843E-15));
#9563=DIRECTION('',(1.,-3.378543612542E-15,-3.388131789017E-15));
#9564=DIRECTION('center_axis',(3.388131789017E-15,-3.491481338843E-15,1.));
#9565=DIRECTION('ref_axis',(1.,-3.469446951953E-15,-3.38813178901701E-15));
#9566=DIRECTION('',(3.491481338843E-15,1.,3.491481338843E-15));
#9567=DIRECTION('',(3.491481338843E-15,1.,3.491481338843E-15));
#9568=DIRECTION('center_axis',(1.,-3.491481338843E-15,-3.491481338843E-15));
#9569=DIRECTION('ref_axis',(3.49148133884299E-15,-3.491481338843E-15,1.));
#9570=DIRECTION('',(-3.491481338843E-15,3.491481338843E-15,-1.));
#9571=DIRECTION('',(3.491481338843E-15,-3.491481338843E-15,1.));
#9572=DIRECTION('',(3.491481338843E-15,1.,3.491481338843E-15));
#9573=DIRECTION('center_axis',(1.,-3.491481338843E-15,-3.491481338843E-15));
#9574=DIRECTION('ref_axis',(3.49148133884299E-15,-3.491481338843E-15,1.));
#9575=DIRECTION('',(3.491481338843E-15,-3.491481338843E-15,1.));
#9576=DIRECTION('',(3.491481338843E-15,1.,3.491481338843E-15));
#9577=DIRECTION('',(-3.491481338843E-15,3.491481338843E-15,-1.));
#9578=DIRECTION('center_axis',(0.,3.491481338843E-15,-1.));
#9579=DIRECTION('ref_axis',(1.,-3.491481338843E-15,-1.21904419394889E-29));
#9580=DIRECTION('',(-1.,3.491481338843E-15,1.219044193948E-29));
#9581=DIRECTION('',(1.,-3.491481338843E-15,-1.219044193948E-29));
#9582=DIRECTION('center_axis',(1.,-3.491481338843E-15,-1.219044193948E-29));
#9583=DIRECTION('ref_axis',(3.491481338843E-15,1.,3.784851220313E-15));
#9584=DIRECTION('',(1.,-3.491481338843E-15,-1.219044193948E-29));
#9585=DIRECTION('',(1.,-3.491481338843E-15,-1.219044193948E-29));
#9586=DIRECTION('center_axis',(-3.491481338843E-15,-1.,-3.816278325845E-15));
#9587=DIRECTION('ref_axis',(-1.134022619032E-30,-3.816278325845E-15,1.));
#9588=DIRECTION('',(1.,-3.491481338843E-15,-1.219044193948E-29));
#9589=DIRECTION('center_axis',(1.,-3.491481338843E-15,-1.219044193948E-29));
#9590=DIRECTION('ref_axis',(3.491481338843E-15,1.,3.784851220313E-15));
#9591=DIRECTION('',(1.,-3.491481338843E-15,-1.219044193948E-29));
#9592=DIRECTION('center_axis',(3.491481338843E-15,1.,3.491481338843E-15));
#9593=DIRECTION('ref_axis',(-1.,3.491481338843E-15,1.219044193948E-29));
#9594=DIRECTION('center_axis',(-3.491481338843E-15,-1.,-3.491481338843E-15));
#9595=DIRECTION('ref_axis',(1.,-3.491481338843E-15,-1.219044193948E-29));
#9596=DIRECTION('',(-3.391901413832E-15,3.491481338843E-15,-1.));
#9597=DIRECTION('center_axis',(-3.491481338843E-15,-1.,-3.491481338843E-15));
#9598=DIRECTION('ref_axis',(-1.,3.491481338843E-15,1.21904419394889E-29));
#9599=DIRECTION('center_axis',(-3.491481338843E-15,-1.,-3.491481338843E-15));
#9600=DIRECTION('ref_axis',(-1.,3.491481338843E-15,-2.91368435583462E-30));
#9601=DIRECTION('center_axis',(-3.491481338843E-15,-1.,-3.491481338843E-15));
#9602=DIRECTION('ref_axis',(1.,-3.491481338843E-15,-1.219044193948E-29));
#9603=DIRECTION('center_axis',(3.491481338843E-15,1.,3.491481338843E-15));
#9604=DIRECTION('ref_axis',(-1.,3.491481338843E-15,1.21904419394889E-29));
#9605=DIRECTION('',(-3.391901413832E-15,3.491481338843E-15,-1.));
#9606=DIRECTION('center_axis',(3.491481338843E-15,1.,3.491481338843E-15));
#9607=DIRECTION('ref_axis',(-1.,3.491481338843E-15,-8.16606754629825E-32));
#9608=DIRECTION('center_axis',(3.491481338843E-15,1.,3.491481338843E-15));
#9609=DIRECTION('ref_axis',(-3.514869885863E-15,3.49148133884301E-15,-1.));
#9610=DIRECTION('center_axis',(3.491481338843E-15,1.,3.491481338843E-15));
#9611=DIRECTION('ref_axis',(1.21904419394889E-29,3.491481338843E-15,-1.));
#9612=DIRECTION('center_axis',(3.491481338843E-15,1.,3.491481338843E-15));
#9613=DIRECTION('ref_axis',(-1.,3.491481338843E-15,1.219044193948E-29));
#9614=DIRECTION('',(-3.491481338843E-15,3.491481338843E-15,-1.));
#9615=DIRECTION('center_axis',(-3.378543612542E-15,-1.,-3.491481338843E-15));
#9616=DIRECTION('ref_axis',(1.,-3.378543612542E-15,-1.179612197566E-29));
#9617=DIRECTION('',(3.491481338843E-15,-3.491481338843E-15,1.));
#9618=DIRECTION('center_axis',(3.491481338843E-15,1.,3.491481338843E-15));
#9619=DIRECTION('ref_axis',(-1.,3.491481338843E-15,1.219044193948E-29));
#9620=DIRECTION('center_axis',(-3.491481338843E-15,-1.,-3.491481338843E-15));
#9621=DIRECTION('ref_axis',(1.,-3.491481338843E-15,-8.62347217995393E-31));
#9622=DIRECTION('',(-3.491481338843E-15,3.491481338843E-15,-1.));
#9623=DIRECTION('center_axis',(-3.491481338843E-15,-1.,-3.491481338843E-15));
#9624=DIRECTION('ref_axis',(1.,-3.491481338843E-15,-1.21904419394889E-29));
#9625=DIRECTION('',(1.,-3.491481338843E-15,6.982962677686E-15));
#9626=DIRECTION('center_axis',(3.491481338843E-15,1.,3.491481338843E-15));
#9627=DIRECTION('ref_axis',(-1.,3.491481338843E-15,1.219044193948E-29));
#9628=DIRECTION('',(3.491481338843E-15,-3.491481338843E-15,1.));
#9629=DIRECTION('center_axis',(3.491481338843E-15,1.,3.491481338843E-15));
#9630=DIRECTION('ref_axis',(1.,-3.49148133884285E-15,-4.325993705677E-14));
#9631=DIRECTION('',(1.,-3.491481338843E-15,6.982962677686E-15));
#9632=DIRECTION('center_axis',(3.491481338843E-15,1.,3.491481338843E-15));
#9633=DIRECTION('ref_axis',(1.,-3.491481338843E-15,-1.21904419394889E-29));
#9634=DIRECTION('center_axis',(-3.491481338843E-15,-1.,-3.491481338843E-15));
#9635=DIRECTION('ref_axis',(1.,-3.491481338843E-15,-8.62347217995393E-31));
#9636=DIRECTION('',(3.491481338843E-15,1.,4.069722497502E-15));
#9637=DIRECTION('',(3.491481338843E-15,1.,3.491481338843E-15));
#9638=DIRECTION('center_axis',(-3.491481338843E-15,-1.,-3.491481338843E-15));
#9639=DIRECTION('ref_axis',(1.,-3.491481338843E-15,-1.21904419394889E-29));
#9640=DIRECTION('',(-3.491481338843E-15,-1.,-4.069722497502E-15));
#9641=DIRECTION('',(-3.491481338843E-15,-1.,-3.491481338843E-15));
#9642=DIRECTION('center_axis',(0.,-3.491481338843E-15,1.));
#9643=DIRECTION('ref_axis',(-1.,3.491481338843E-15,1.21904419394889E-29));
#9644=DIRECTION('center_axis',(0.,3.491481338843E-15,-1.));
#9645=DIRECTION('ref_axis',(1.,0.,0.));
#9646=DIRECTION('',(-6.66133814775E-15,-1.,-3.491481338843E-15));
#9647=DIRECTION('center_axis',(0.,3.491481338843E-15,-1.));
#9648=DIRECTION('ref_axis',(1.,-4.325993705677E-15,-1.51041262953235E-29));
#9649=DIRECTION('center_axis',(0.,-3.491481338843E-15,1.));
#9650=DIRECTION('ref_axis',(-1.,3.491481338843E-15,1.21904419394889E-29));
#9651=DIRECTION('center_axis',(0.,-3.491481338843E-15,1.));
#9652=DIRECTION('ref_axis',(1.,0.,0.));
#9653=DIRECTION('center_axis',(0.,-3.491481338843E-15,1.));
#9654=DIRECTION('ref_axis',(1.,-4.325993705677E-15,-1.51041262953235E-29));
#9655=DIRECTION('',(-6.66133814775E-15,-1.,-3.491481338843E-15));
#9656=DIRECTION('center_axis',(0.,3.491481338843E-15,-1.));
#9657=DIRECTION('ref_axis',(-6.759365165121E-15,-1.,-3.491481338843E-15));
#9658=DIRECTION('',(-2.843808977011E-16,3.491481338843E-15,-1.));
#9659=DIRECTION('center_axis',(0.,3.491481338843E-15,-1.));
#9660=DIRECTION('ref_axis',(0.,-1.,-3.491481338843E-15));
#9661=DIRECTION('',(-2.843808977011E-16,3.207100441142E-15,-1.));
#9662=DIRECTION('center_axis',(0.,3.491481338843E-15,-1.));
#9663=DIRECTION('ref_axis',(1.,-3.491481338843E-15,-1.21904419394889E-29));
#9664=DIRECTION('',(-1.,6.744087856299E-15,2.354685689778E-29));
#9665=DIRECTION('',(-6.982962677686E-15,-1.,-3.491481338843E-15));
#9666=DIRECTION('',(-1.,6.744087856299E-15,2.354685689778E-29));
#9667=DIRECTION('center_axis',(0.,-3.491481338843E-15,1.));
#9668=DIRECTION('ref_axis',(-1.,3.491481338843E-15,1.21904419394889E-29));
#9669=DIRECTION('',(1.,-6.744087856299E-15,-2.354685689778E-29));
#9670=DIRECTION('',(6.982962677686E-15,1.,3.491481338843E-15));
#9671=DIRECTION('',(1.,-6.744087856299E-15,-2.354685689778E-29));
#9672=DIRECTION('center_axis',(-6.744087856299E-15,-1.,-3.491481338843E-15));
#9673=DIRECTION('ref_axis',(1.,-6.744087856299E-15,-2.354685689778E-29));
#9674=DIRECTION('',(0.,3.491481338843E-15,-1.));
#9675=DIRECTION('center_axis',(-6.744087856299E-15,-1.,-3.491481338843E-15));
#9676=DIRECTION('ref_axis',(1.,-6.744087856299E-15,6.80161679917093E-31));
#9677=DIRECTION('center_axis',(-6.744087856299E-15,-1.,-3.491481338843E-15));
#9678=DIRECTION('ref_axis',(1.,-6.744087856299E-15,6.80161679917093E-31));
#9679=DIRECTION('center_axis',(-6.744087856299E-15,-1.,-3.491481338843E-15));
#9680=DIRECTION('ref_axis',(1.,-6.744087856299E-15,-2.354685689778E-29));
#9681=DIRECTION('center_axis',(6.744087856299E-15,1.,3.491481338843E-15));
#9682=DIRECTION('ref_axis',(1.,-6.74408785629904E-15,1.040834085586E-14));
#9683=DIRECTION('',(0.,3.491481338843E-15,-1.));
#9684=DIRECTION('center_axis',(6.744087856299E-15,1.,3.491481338843E-15));
#9685=DIRECTION('ref_axis',(1.,-6.744087856299E-15,6.80161679917093E-31));
#9686=DIRECTION('center_axis',(1.,-6.982962677686E-15,-2.438088387897E-29));
#9687=DIRECTION('ref_axis',(6.982962677686E-15,1.,3.491481338843E-15));
#9688=DIRECTION('',(-6.982962677686E-15,-1.,-3.491481338843E-15));
#9689=DIRECTION('',(6.982962677686E-15,1.,3.491481338843E-15));
#9690=DIRECTION('center_axis',(0.,3.491481338843E-15,-1.));
#9691=DIRECTION('ref_axis',(1.,-3.491481338843E-15,-1.21904419394889E-29));
#9692=DIRECTION('center_axis',(0.,-3.491481338843E-15,1.));
#9693=DIRECTION('ref_axis',(-1.,0.,0.));
#9694=DIRECTION('',(3.216245299353E-16,1.,3.420386114417E-15));
#9695=DIRECTION('center_axis',(0.,-3.491481338843E-15,1.));
#9696=DIRECTION('ref_axis',(-1.,3.514869885863E-15,1.22721026149519E-29));
#9697=DIRECTION('center_axis',(0.,3.491481338843E-15,-1.));
#9698=DIRECTION('ref_axis',(1.,-3.491481338843E-15,-1.21904419394889E-29));
#9699=DIRECTION('center_axis',(0.,3.491481338843E-15,-1.));
#9700=DIRECTION('ref_axis',(-1.,0.,0.));
#9701=DIRECTION('center_axis',(0.,3.491481338843E-15,-1.));
#9702=DIRECTION('ref_axis',(-1.,3.514869885863E-15,1.22721026149519E-29));
#9703=DIRECTION('',(3.216245299353E-16,1.,3.420386114417E-15));
#9704=DIRECTION('center_axis',(0.,-3.491481338843E-15,1.));
#9705=DIRECTION('ref_axis',(2.703746066048E-16,1.,3.491481338843E-15));
#9706=DIRECTION('',(2.843808977011E-16,3.420386114417E-15,-1.));
#9707=DIRECTION('center_axis',(0.,-3.491481338843E-15,1.));
#9708=DIRECTION('ref_axis',(0.,1.,3.491481338843E-15));
#9709=DIRECTION('',(-2.843808977011E-16,-3.207100441142E-15,1.));
#9710=DIRECTION('center_axis',(-1.263359025851E-32,3.43859342799E-15,-1.));
#9711=DIRECTION('ref_axis',(-3.491481338843E-15,-1.,-3.43859342799E-15));
#9712=DIRECTION('',(1.,-2.388748213866E-16,-8.340269811908E-31));
#9713=DIRECTION('',(0.,-1.,-3.43859342799E-15));
#9714=DIRECTION('',(1.,-2.388748213866E-16,-8.340269811908E-31));
#9715=DIRECTION('center_axis',(-1.603700366398E-32,-3.43859342799E-15,1.));
#9716=DIRECTION('ref_axis',(3.491481338843E-15,1.,3.43859342799E-15));
#9717=DIRECTION('',(-1.,-3.032262648561E-16,-1.058708845192E-30));
#9718=DIRECTION('',(0.,1.,3.43859342799E-15));
#9719=DIRECTION('',(-1.,-3.032262648561E-16,-1.058708845192E-30));
#9720=DIRECTION('center_axis',(-2.388748213866E-16,-1.,-3.420386114417E-15));
#9721=DIRECTION('ref_axis',(1.,-2.388748213866E-16,-8.340269811908E-31));
#9722=DIRECTION('',(2.482276493617E-31,-3.420386114417E-15,1.));
#9723=DIRECTION('center_axis',(2.388748213866E-16,1.,3.420386114417E-15));
#9724=DIRECTION('ref_axis',(1.,-2.388748213866E-16,6.66311900241492E-31));
#9725=DIRECTION('center_axis',(2.388748213866E-16,1.,3.420386114417E-15));
#9726=DIRECTION('ref_axis',(1.,-2.388748213866E-16,6.66311900241492E-31));
#9727=DIRECTION('center_axis',(-2.388748213866E-16,-1.,-3.420386114417E-15));
#9728=DIRECTION('ref_axis',(1.,-2.388748213866E-16,-8.340269811908E-31));
#9729=DIRECTION('center_axis',(-2.388748213866E-16,-1.,-3.420386114417E-15));
#9730=DIRECTION('ref_axis',(1.,-2.388748213866E-16,-7.53661109565377E-32));
#9731=DIRECTION('',(2.482276493617E-31,-3.420386114417E-15,1.));
#9732=DIRECTION('center_axis',(-2.388748213866E-16,-1.,-3.420386114417E-15));
#9733=DIRECTION('ref_axis',(1.,-2.388748213866E-16,-7.53661109565377E-32));
#9734=DIRECTION('center_axis',(1.,8.666822055313E-46,-2.482276493617E-31));
#9735=DIRECTION('ref_axis',(-6.08299743410927E-59,1.,3.491481338843E-15));
#9736=DIRECTION('',(0.,1.,3.43859342799E-15));
#9737=DIRECTION('',(0.,-1.,-3.43859342799E-15));
#9738=DIRECTION('center_axis',(-4.336808689942E-15,-3.491481338843E-15,
1.));
#9739=DIRECTION('ref_axis',(-1.,3.491481338843E-15,-4.33680868994199E-15));
#9740=DIRECTION('',(1.,-3.491481338843E-15,4.336808689942E-15));
#9741=DIRECTION('center_axis',(-3.491481338843E-15,-1.,-3.491481338843E-15));
#9742=DIRECTION('ref_axis',(1.,-3.491481338843E-15,-1.219044193948E-29));
#9743=DIRECTION('',(1.,-3.491481338843E-15,1.033495498259E-16));
#9744=DIRECTION('',(-1.,3.491481338843E-15,-4.336808689942E-15));
#9745=DIRECTION('center_axis',(-4.336808689942E-15,-3.491481338843E-15,
1.));
#9746=DIRECTION('ref_axis',(-1.,3.491481338843E-15,-4.33680868994199E-15));
#9747=DIRECTION('',(-1.,3.491481338843E-15,-4.336808689942E-15));
#9748=DIRECTION('center_axis',(3.491481338843E-15,1.,3.491481338843E-15));
#9749=DIRECTION('ref_axis',(-1.,3.491481338843E-15,1.219044193948E-29));
#9750=DIRECTION('',(-1.,3.491481338843E-15,-1.033495498259E-16));
#9751=DIRECTION('',(1.,-3.491481338843E-15,4.336808689942E-15));
#9752=DIRECTION('center_axis',(-1.,3.491481338843E-15,-1.033495498259E-16));
#9753=DIRECTION('ref_axis',(1.03349549825913E-16,3.614007241618E-15,-1.));
#9754=DIRECTION('center_axis',(1.,-3.491481338843E-15,1.033495498259E-16));
#9755=DIRECTION('ref_axis',(-1.03349549825913E-16,-3.614007241618E-15,1.));
#9756=DIRECTION('center_axis',(1.,-3.491481338843E-15,4.336808689942E-15));
#9757=DIRECTION('ref_axis',(-4.33680868994201E-15,-4.33680868994198E-15,
1.));
#9758=DIRECTION('center_axis',(-1.,3.491481338843E-15,-4.336808689942E-15));
#9759=DIRECTION('ref_axis',(4.33680868994201E-15,4.33680868994198E-15,-1.));
#9760=DIRECTION('center_axis',(-3.491481338843E-15,3.491481338843E-15,-1.));
#9761=DIRECTION('ref_axis',(1.,-3.25260651745599E-15,-3.49148133884301E-15));
#9762=DIRECTION('center_axis',(3.491481338843E-15,-3.491481338843E-15,1.));
#9763=DIRECTION('ref_axis',(-1.,4.33680868994199E-15,3.49148133884302E-15));
#9764=DIRECTION('center_axis',(6.982962677686E-15,1.,3.491481338843E-15));
#9765=DIRECTION('ref_axis',(-1.,6.982962677686E-15,1.53865301275073E-31));
#9766=DIRECTION('center_axis',(6.982962677686E-15,1.,3.491481338843E-15));
#9767=DIRECTION('ref_axis',(-1.,6.982962677686E-15,1.53865301275073E-31));
#9768=DIRECTION('center_axis',(0.,-1.,-3.43859342799E-15));
#9769=DIRECTION('ref_axis',(1.,0.,0.));
#9770=DIRECTION('center_axis',(0.,-1.,-3.43859342799E-15));
#9771=DIRECTION('ref_axis',(1.,0.,0.));
#9772=DIRECTION('center_axis',(3.491481338843E-15,-3.491481338843E-15,1.));
#9773=DIRECTION('ref_axis',(-1.,3.469446951953E-15,3.49148133884301E-15));
#9774=DIRECTION('center_axis',(3.491481338843E-15,-3.491481338843E-15,1.));
#9775=DIRECTION('ref_axis',(-1.,3.469446951953E-15,3.49148133884301E-15));
#9776=DIRECTION('center_axis',(1.,-3.491481338843E-15,-1.219044193948E-29));
#9777=DIRECTION('ref_axis',(3.491481338843E-15,1.,3.469446951953E-15));
#9778=DIRECTION('center_axis',(1.,-3.491481338843E-15,-1.219044193948E-29));
#9779=DIRECTION('ref_axis',(3.491481338843E-15,1.,3.469446951953E-15));
#9780=DIRECTION('center_axis',(3.491481338843E-15,1.,3.491481338843E-15));
#9781=DIRECTION('ref_axis',(-1.,3.491481338843E-15,1.219044193948E-29));
#9782=DIRECTION('',(0.,3.491481338843E-15,-1.));
#9783=DIRECTION('',(-1.,3.491481338843E-15,1.219044193948E-29));
#9784=DIRECTION('center_axis',(-3.491481338843E-15,-1.,-3.491481338843E-15));
#9785=DIRECTION('ref_axis',(-1.,3.491481338843E-15,-2.95144467157574E-30));
#9786=DIRECTION('',(0.,-3.491481338843E-15,1.));
#9787=DIRECTION('center_axis',(-3.491481338843E-15,-1.,-3.491481338843E-15));
#9788=DIRECTION('ref_axis',(-1.,3.491481338843E-15,-2.95144467157574E-30));
#9789=DIRECTION('',(1.,-3.491481338843E-15,-1.219044193948E-29));
#9790=DIRECTION('',(1.514188661106E-30,3.925162207837E-15,-1.));
#9791=DIRECTION('',(-1.,3.491481338843E-15,1.219044193948E-29));
#9792=DIRECTION('',(0.,-3.491481338843E-15,1.));
#9793=DIRECTION('',(1.,-3.491481338843E-15,-1.219044193948E-29));
#9794=DIRECTION('',(0.,0.,1.));
#9795=DIRECTION('',(1.,-4.852326801082E-15,0.));
#9796=DIRECTION('',(0.,2.55888297308E-15,-1.));
#9797=DIRECTION('',(-1.,1.982247562518E-14,0.));
#9798=DIRECTION('',(0.,-5.776312862484E-15,1.));
#9799=DIRECTION('',(-1.,6.425128492044E-15,0.));
#9800=DIRECTION('',(0.,0.,1.));
#9801=DIRECTION('',(1.,-4.757771003198E-15,0.));
#9802=DIRECTION('',(0.,5.11776594616E-15,-1.));
#9803=DIRECTION('',(-1.,0.,0.));
#9804=DIRECTION('',(0.,0.,1.));
#9805=DIRECTION('',(1.,0.,0.));
#9806=DIRECTION('',(0.,-7.99548737266E-15,1.));
#9807=DIRECTION('',(-1.,7.155361108457E-15,0.));
#9808=DIRECTION('',(0.,-2.234453167581E-14,1.));
#9809=DIRECTION('',(1.,0.,0.));
#9810=DIRECTION('',(0.,0.,1.));
#9811=DIRECTION('',(-1.,0.,0.));
#9812=DIRECTION('',(1.,-9.30329943371E-15,0.));
#9813=DIRECTION('',(0.,5.11776594616E-15,-1.));
#9814=DIRECTION('',(-1.,0.,0.));
#9815=DIRECTION('center_axis',(0.,-1.,0.));
#9816=DIRECTION('ref_axis',(0.853949602948408,0.,-0.52035572027629));
#9817=DIRECTION('center_axis',(0.,-1.,0.));
#9818=DIRECTION('ref_axis',(0.530486932633881,0.,-0.84769311328139));
#9819=DIRECTION('',(-0.355935724369359,0.,0.934510438741943));
#9820=DIRECTION('',(1.,-1.793969568208E-14,0.));
#9821=DIRECTION('',(0.349395479469176,8.76584236726643E-15,-0.936975345954473));
#9822=DIRECTION('',(1.,-6.145089128676E-15,0.));
#9823=DIRECTION('',(0.331528418350199,0.,0.943445233082565));
#9824=DIRECTION('',(1.,-1.793969568294E-14,0.));
#9825=DIRECTION('',(-0.355935724364328,4.7826056997384E-15,-0.93451043874386));
#9826=DIRECTION('',(-1.,0.,0.));
#9827=DIRECTION('center_axis',(0.,1.,0.));
#9828=DIRECTION('ref_axis',(0.837266990014927,0.,-0.546794282551806));
#9829=DIRECTION('center_axis',(0.,1.,0.));
#9830=DIRECTION('ref_axis',(0.985528420522837,0.,-0.169510272083324));
#9831=DIRECTION('center_axis',(0.,-1.,0.));
#9832=DIRECTION('ref_axis',(0.999524280602488,0.,-0.0308417328643821));
#9833=DIRECTION('center_axis',(0.,-1.,0.));
#9834=DIRECTION('ref_axis',(0.869140855113215,0.,0.494564630734012));
#9835=DIRECTION('',(0.,0.,1.));
#9836=DIRECTION('center_axis',(0.,1.,0.));
#9837=DIRECTION('ref_axis',(0.914599592081892,0.,-0.404360712932942));
#9838=DIRECTION('center_axis',(0.,1.,0.));
#9839=DIRECTION('ref_axis',(0.983196813218006,0.,-0.182548696182571));
#9840=DIRECTION('center_axis',(0.,-1.,0.));
#9841=DIRECTION('ref_axis',(0.999979312115531,0.,0.00643236666789));
#9842=DIRECTION('center_axis',(0.,-1.,0.));
#9843=DIRECTION('ref_axis',(0.878225583713815,0.,0.478246614322076));
#9844=DIRECTION('center_axis',(0.,-1.,0.));
#9845=DIRECTION('ref_axis',(0.884633875159096,0.,-0.466286292872738));
#9846=DIRECTION('center_axis',(0.,-1.,0.));
#9847=DIRECTION('ref_axis',(0.654273525086554,0.,-0.756257994583075));
#9848=DIRECTION('center_axis',(0.,-1.,0.));
#9849=DIRECTION('ref_axis',(-0.532482749656747,0.,-0.846440855180083));
#9850=DIRECTION('',(0.,0.,-1.));
#9851=DIRECTION('',(0.,-2.24447313693E-14,1.));
#9852=DIRECTION('',(1.,0.,0.));
#9853=DIRECTION('',(0.,2.55888297308E-15,-1.));
#9854=DIRECTION('',(-1.,4.96791572739E-15,0.));
#9855=DIRECTION('',(0.,0.,1.));
#9856=DIRECTION('',(1.,-6.629370987265E-15,0.));
#9857=DIRECTION('',(0.,0.,1.));
#9858=DIRECTION('',(-1.,0.,0.));
#9859=DIRECTION('',(0.,0.,1.));
#9860=DIRECTION('',(1.,0.,0.));
#9861=DIRECTION('',(0.,-7.606649081099E-15,1.));
#9862=DIRECTION('',(-1.,6.260381607712E-15,0.));
#9863=DIRECTION('',(1.,0.,0.));
#9864=DIRECTION('',(0.,2.55888297308E-15,-1.));
#9865=DIRECTION('',(-1.,0.,0.));
#9866=DIRECTION('center_axis',(0.,-1.,0.));
#9867=DIRECTION('ref_axis',(0.853949602997889,0.,-0.520355720195088));
#9868=DIRECTION('center_axis',(0.,-1.,0.));
#9869=DIRECTION('ref_axis',(0.530486932780681,0.,-0.847693113189523));
#9870=DIRECTION('',(-0.355935724364328,-2.3913028498692E-15,0.93451043874386));
#9871=DIRECTION('',(1.,0.,0.));
#9872=DIRECTION('',(0.349395479497359,0.,-0.936975345943964));
#9873=DIRECTION('',(1.,0.,0.));
#9874=DIRECTION('',(0.331528418357368,-8.82637118601579E-15,0.943445233080046));
#9875=DIRECTION('',(1.,0.,0.));
#9876=DIRECTION('',(-0.355935724369359,4.78260569972783E-15,-0.934510438741943));
#9877=DIRECTION('',(-1.,0.,0.));
#9878=DIRECTION('center_axis',(0.,-1.,0.));
#9879=DIRECTION('ref_axis',(0.2905039620522,0.,-0.956873788977404));
#9880=DIRECTION('center_axis',(0.,-1.,0.));
#9881=DIRECTION('ref_axis',(0.30332969879287,0.,-0.952885666714652));
#9882=DIRECTION('',(1.,0.,0.));
#9883=DIRECTION('',(-1.,0.,0.));
#9884=DIRECTION('',(1.,0.,0.));
#9885=DIRECTION('',(-0.886348842795962,4.76120589356817E-15,-0.463018065386502));
#9886=DIRECTION('',(-0.50488304864933,0.,0.863187758941564));
#9887=DIRECTION('',(0.884094950247918,-4.54556571573872E-15,0.467307306754485));
#9888=DIRECTION('',(0.,0.,1.));
#9889=DIRECTION('center_axis',(0.,-1.,0.));
#9890=DIRECTION('ref_axis',(-0.51846062912571,0.,-0.855101500435225));
#9891=DIRECTION('center_axis',(0.,-1.,0.));
#9892=DIRECTION('ref_axis',(0.480678538650184,0.,-0.876896882467445));
#9893=DIRECTION('center_axis',(0.,-1.,0.));
#9894=DIRECTION('ref_axis',(0.0544811967091815,0.,-0.998514796688129));
#9895=DIRECTION('center_axis',(0.,-1.,0.));
#9896=DIRECTION('ref_axis',(0.262599535847005,0.,-0.964904909186878));
#9897=DIRECTION('center_axis',(0.,-1.,0.));
#9898=DIRECTION('ref_axis',(0.2050960933366,0.,-0.978741841599747));
#9899=DIRECTION('center_axis',(0.,-1.,0.));
#9900=DIRECTION('ref_axis',(0.920725708860267,0.,-0.390210416370142));
#9901=DIRECTION('',(-1.,1.97054137619E-14,0.));
#9902=DIRECTION('',(0.366797678950187,-5.79144040290595E-15,0.930300737781474));
#9903=DIRECTION('center_axis',(0.,-1.,0.));
#9904=DIRECTION('ref_axis',(0.919490989073911,0.,0.393111079736861));
#9905=DIRECTION('',(0.,0.,-1.));
#9906=DIRECTION('',(-0.389758265065169,0.,-0.920917203017399));
#9907=DIRECTION('',(0.365858921669304,3.34158387434478E-15,-0.930670322635773));
#9908=DIRECTION('',(-1.,0.,0.));
#9909=DIRECTION('',(-0.328346164812192,-4.50254807337563E-15,0.944557460429552));
#9910=DIRECTION('',(-0.2524218971871,0.,0.967617272386384));
#9911=DIRECTION('',(-1.,0.,0.));
#9912=DIRECTION('',(-0.340917796218374,4.47274774094391E-15,-0.940093110400032));
#9913=DIRECTION('',(0.,0.,1.));
#9914=DIRECTION('',(1.,-2.042928610335E-14,0.));
#9915=DIRECTION('',(0.,2.317210692352E-14,-1.));
#9916=DIRECTION('',(1.,0.,0.));
#9917=DIRECTION('center_axis',(0.,-1.,0.));
#9918=DIRECTION('ref_axis',(0.485909131915844,0.,-0.874009333772123));
#9919=DIRECTION('center_axis',(0.,-1.,0.));
#9920=DIRECTION('ref_axis',(-0.598948206784664,0.,-0.800787765634213));
#9921=DIRECTION('',(-0.99032860398817,0.,-0.138741688482024));
#9922=DIRECTION('center_axis',(0.,1.,0.));
#9923=DIRECTION('ref_axis',(0.637270892492873,0.,0.770639870225605));
#9924=DIRECTION('',(0.,0.,-1.));
#9925=DIRECTION('',(0.,0.,1.));
#9926=DIRECTION('',(1.,-4.757771003168E-15,0.));
#9927=DIRECTION('',(0.,2.55888297308E-15,-1.));
#9928=DIRECTION('',(-1.,4.96791572739E-15,0.));
#9929=DIRECTION('',(0.,0.,1.));
#9930=DIRECTION('',(1.,-6.629370987206E-15,0.));
#9931=DIRECTION('',(0.,0.,1.));
#9932=DIRECTION('',(-1.,0.,0.));
#9933=DIRECTION('',(0.,0.,1.));
#9934=DIRECTION('',(1.,0.,0.));
#9935=DIRECTION('',(0.,-7.606649081099E-15,1.));
#9936=DIRECTION('',(-1.,6.26038160766E-15,0.));
#9937=DIRECTION('center_axis',(0.,-1.,0.));
#9938=DIRECTION('ref_axis',(0.821258604498266,0.,0.570556136184303));
#9939=DIRECTION('center_axis',(0.,-1.,0.));
#9940=DIRECTION('ref_axis',(0.784633149705335,0.,0.619960337750316));
#9941=DIRECTION('',(0.,0.,1.));
#9942=DIRECTION('center_axis',(0.,1.,0.));
#9943=DIRECTION('ref_axis',(0.496746828858649,0.,0.867895493719651));
#9944=DIRECTION('center_axis',(0.,1.,0.));
#9945=DIRECTION('ref_axis',(-0.503601089721307,0.,0.863936306929806));
#9946=DIRECTION('',(0.,0.,1.));
#9947=DIRECTION('center_axis',(1.,-3.491481338843E-15,1.84741584236E-16));
#9948=DIRECTION('ref_axis',(-1.84741584236012E-16,-3.491481338843E-15,1.));
#9949=DIRECTION('',(-1.84741584236E-16,-3.491481338843E-15,1.));
#9950=DIRECTION('center_axis',(-1.,3.491481338843E-15,-1.84741584236E-16));
#9951=DIRECTION('ref_axis',(-1.84741584236013E-16,-3.614007241618E-15,1.));
#9952=DIRECTION('',(3.491481338843E-15,1.,3.491481338843E-15));
#9953=DIRECTION('center_axis',(-1.,3.491481338843E-15,-1.84741584236E-16));
#9954=DIRECTION('ref_axis',(-1.84741584236015E-16,-4.336808689942E-15,1.));
#9955=DIRECTION('',(1.84741584236E-16,3.491481338843E-15,-1.));
#9956=DIRECTION('',(3.491481338843E-15,1.,3.491481338843E-15));
#9957=DIRECTION('center_axis',(0.,3.491481338843E-15,-1.));
#9958=DIRECTION('ref_axis',(1.,-3.491481338843E-15,-1.21904419394889E-29));
#9959=DIRECTION('',(1.,-3.491481338843E-15,-1.219044193948E-29));
#9960=DIRECTION('',(3.491481338843E-15,1.,3.491481338843E-15));
#9961=DIRECTION('',(-1.,3.491481338843E-15,1.219044193948E-29));
#9962=DIRECTION('center_axis',(1.,-3.491481338843E-15,1.84741584236E-16));
#9963=DIRECTION('ref_axis',(-1.84741584236012E-16,-3.491481338843E-15,1.));
#9964=DIRECTION('center_axis',(1.,-3.491481338843E-15,1.84741584236E-16));
#9965=DIRECTION('ref_axis',(-1.84741584236013E-16,-3.614007241618E-15,1.));
#9966=DIRECTION('',(1.84741584236E-16,3.491481338843E-15,-1.));
#9967=DIRECTION('',(3.491481338843E-15,1.,3.491481338843E-15));
#9968=DIRECTION('',(-1.84741584236E-16,-3.491481338843E-15,1.));
#9969=DIRECTION('center_axis',(1.,-3.491481338843E-15,1.84741584236E-16));
#9970=DIRECTION('ref_axis',(-1.84741584236013E-16,-3.614007241618E-15,1.));
#9971=DIRECTION('center_axis',(3.491481338843E-15,1.,3.491481338843E-15));
#9972=DIRECTION('ref_axis',(-1.,3.491481338843E-15,7.69326506392814E-32));
#9973=DIRECTION('center_axis',(3.491481338843E-15,1.,3.491481338843E-15));
#9974=DIRECTION('ref_axis',(-1.,3.491481338843E-15,7.69326506392814E-32));
#9975=DIRECTION('',(3.491481338843E-15,1.,3.491481338843E-15));
#9976=DIRECTION('center_axis',(-3.491481338843E-15,-1.,-3.491481338843E-15));
#9977=DIRECTION('ref_axis',(1.,-3.491481338843E-15,-7.69326506392814E-32));
#9978=DIRECTION('center_axis',(3.491481338843E-15,1.,3.491481338843E-15));
#9979=DIRECTION('ref_axis',(-1.,3.491481338843E-15,7.69326506392813E-32));
#9980=DIRECTION('center_axis',(-3.491481338843E-15,-1.,-3.491481338843E-15));
#9981=DIRECTION('ref_axis',(-1.,3.491481338843E-15,7.69326506392813E-32));
#9982=DIRECTION('center_axis',(3.491481338843E-15,1.,3.491481338843E-15));
#9983=DIRECTION('ref_axis',(1.,-3.491481338843E-15,-7.69326506392813E-32));
#9984=DIRECTION('',(3.491481338843E-15,1.,3.491481338843E-15));
#9985=DIRECTION('center_axis',(1.,-3.491481338843E-15,1.266221515311E-16));
#9986=DIRECTION('ref_axis',(-1.26622151531112E-16,-3.491481338843E-15,1.));
#9987=DIRECTION('',(3.491481338843E-15,1.,3.491481338843E-15));
#9988=DIRECTION('center_axis',(-1.,3.491481338843E-15,-1.266221515311E-16));
#9989=DIRECTION('ref_axis',(-1.26622151531115E-16,-4.336808689942E-15,1.));
#9990=DIRECTION('',(1.266221515311E-16,3.491481338843E-15,-1.));
#9991=DIRECTION('',(3.491481338843E-15,1.,3.491481338843E-15));
#9992=DIRECTION('',(-1.266221515311E-16,-3.491481338843E-15,1.));
#9993=DIRECTION('center_axis',(-1.,3.491481338843E-15,-1.266221515311E-16));
#9994=DIRECTION('ref_axis',(-1.26622151531113E-16,-3.614007241618E-15,1.));
#9995=DIRECTION('center_axis',(0.,3.491481338843E-15,-1.));
#9996=DIRECTION('ref_axis',(1.,-3.491481338843E-15,-1.21904419394889E-29));
#9997=DIRECTION('',(3.491481338843E-15,1.,3.491481338843E-15));
#9998=DIRECTION('',(-1.,3.491481338843E-15,1.219044193948E-29));
#9999=DIRECTION('',(1.,-3.491481338843E-15,-1.219044193948E-29));
#10000=DIRECTION('center_axis',(1.,-3.491481338843E-15,1.266221515311E-16));
#10001=DIRECTION('ref_axis',(-1.26622151531112E-16,-3.491481338843E-15,
1.));
#10002=DIRECTION('',(-1.266221515311E-16,-3.491481338843E-15,1.));
#10003=DIRECTION('center_axis',(1.,-3.491481338843E-15,1.266221515311E-16));
#10004=DIRECTION('ref_axis',(-1.26622151531113E-16,-3.614007241618E-15,
1.));
#10005=DIRECTION('center_axis',(1.,-3.491481338843E-15,1.266221515311E-16));
#10006=DIRECTION('ref_axis',(-1.26622151531113E-16,-3.614007241618E-15,
1.));
#10007=DIRECTION('',(1.266221515311E-16,3.491481338843E-15,-1.));
#10008=DIRECTION('',(3.491481338843E-15,1.,3.491481338843E-15));
#10009=DIRECTION('center_axis',(3.491481338843E-15,1.,3.491481338843E-15));
#10010=DIRECTION('ref_axis',(-1.,3.491481338843E-15,7.69326506392814E-32));
#10011=DIRECTION('center_axis',(3.491481338843E-15,1.,3.491481338843E-15));
#10012=DIRECTION('ref_axis',(-1.,3.491481338843E-15,7.69326506392814E-32));
#10013=DIRECTION('',(3.491481338843E-15,1.,3.491481338843E-15));
#10014=DIRECTION('center_axis',(-3.491481338843E-15,-1.,-3.491481338843E-15));
#10015=DIRECTION('ref_axis',(1.,-3.491481338843E-15,-7.69326506392814E-32));
#10016=DIRECTION('center_axis',(3.491481338843E-15,1.,3.491481338843E-15));
#10017=DIRECTION('ref_axis',(-1.,3.491481338843E-15,7.69326506392813E-32));
#10018=DIRECTION('center_axis',(-3.491481338843E-15,-1.,-3.491481338843E-15));
#10019=DIRECTION('ref_axis',(-1.,3.491481338843E-15,7.69326506392813E-32));
#10020=DIRECTION('center_axis',(3.491481338843E-15,1.,3.491481338843E-15));
#10021=DIRECTION('ref_axis',(1.,-3.491481338843E-15,-7.69326506392813E-32));
#10022=DIRECTION('',(3.491481338843E-15,1.,3.491481338843E-15));
#10023=DIRECTION('center_axis',(1.,-3.491481338843E-15,1.509330170513E-16));
#10024=DIRECTION('ref_axis',(-1.50933017051312E-16,-3.491481338843E-15,
1.));
#10025=DIRECTION('',(-1.509330170513E-16,-3.491481338843E-15,1.));
#10026=DIRECTION('center_axis',(-1.,3.491481338843E-15,-1.509330170513E-16));
#10027=DIRECTION('ref_axis',(-1.50933017051313E-16,-3.614007241618E-15,
1.));
#10028=DIRECTION('',(3.491481338843E-15,1.,3.491481338843E-15));
#10029=DIRECTION('center_axis',(-1.,3.491481338843E-15,-1.509330170513E-16));
#10030=DIRECTION('ref_axis',(-1.50933017051315E-16,-4.336808689942E-15,
1.));
#10031=DIRECTION('',(1.509330170513E-16,3.491481338843E-15,-1.));
#10032=DIRECTION('center_axis',(1.,-3.491481338843E-15,1.509330170513E-16));
#10033=DIRECTION('ref_axis',(-1.50933017051315E-16,-4.336808689942E-15,
1.));
#10034=DIRECTION('',(3.491481338843E-15,1.,3.491481338843E-15));
#10035=DIRECTION('center_axis',(1.,-3.491481338843E-15,1.509330170513E-16));
#10036=DIRECTION('ref_axis',(-1.50933017051315E-16,-4.336808689942E-15,
1.));
#10037=DIRECTION('center_axis',(0.,3.491481338843E-15,-1.));
#10038=DIRECTION('ref_axis',(1.,-3.491481338843E-15,-1.21904419394889E-29));
#10039=DIRECTION('',(1.,-3.491481338843E-15,-1.219044193948E-29));
#10040=DIRECTION('',(3.491481338843E-15,1.,3.491481338843E-15));
#10041=DIRECTION('',(-1.,3.491481338843E-15,1.219044193948E-29));
#10042=DIRECTION('center_axis',(1.,-3.491481338843E-15,1.509330170513E-16));
#10043=DIRECTION('ref_axis',(-1.50933017051312E-16,-3.491481338843E-15,
1.));
#10044=DIRECTION('center_axis',(1.,-3.491481338843E-15,1.509330170513E-16));
#10045=DIRECTION('ref_axis',(-1.50933017051313E-16,-3.614007241618E-15,
1.));
#10046=DIRECTION('',(1.509330170513E-16,3.491481338843E-15,-1.));
#10047=DIRECTION('center_axis',(-1.,3.491481338843E-15,-1.509330170513E-16));
#10048=DIRECTION('ref_axis',(-1.509330170513E-16,5.26979812449886E-31,1.));
#10049=DIRECTION('',(3.491481338843E-15,1.,3.491481338843E-15));
#10050=DIRECTION('center_axis',(-1.,3.491481338843E-15,-1.509330170513E-16));
#10051=DIRECTION('ref_axis',(-1.50933017051315E-16,-4.336808689942E-15,
1.));
#10052=DIRECTION('',(-1.509330170513E-16,-3.491481338843E-15,1.));
#10053=DIRECTION('center_axis',(1.,-3.491481338843E-15,1.509330170513E-16));
#10054=DIRECTION('ref_axis',(-1.50933017051313E-16,-3.614007241618E-15,
1.));
#10055=DIRECTION('center_axis',(-1.,3.491481338843E-15,1.219044193948E-29));
#10056=DIRECTION('ref_axis',(-3.491481338843E-15,-1.,-3.491481338843E-15));
#10057=DIRECTION('',(0.,3.491481338843E-15,-1.));
#10058=DIRECTION('',(3.491481338843E-15,1.,3.491481338843E-15));
#10059=DIRECTION('',(0.,3.491481338843E-15,-1.));
#10060=DIRECTION('',(3.491481338843E-15,1.,3.491481338843E-15));
#10061=DIRECTION('',(0.,-3.491481338843E-15,1.));
#10062=DIRECTION('',(3.491481338843E-15,1.,3.491481338843E-15));
#10063=DIRECTION('',(0.,-3.491481338843E-15,1.));
#10064=DIRECTION('',(-3.491481338843E-15,-1.,-3.491481338843E-15));
#10065=DIRECTION('',(-7.570943305532E-31,-3.70832177334E-15,1.));
#10066=DIRECTION('',(-3.491481338843E-15,-1.,-3.491481338843E-15));
#10067=DIRECTION('',(7.570943305532E-31,3.70832177334E-15,-1.));
#10068=DIRECTION('',(-3.491481338843E-15,-1.,-3.491481338843E-15));
#10069=DIRECTION('',(3.491481338843E-15,1.,3.491481338843E-15));
#10070=DIRECTION('',(0.,3.491481338843E-15,-1.));
#10071=DIRECTION('',(-3.491481338843E-15,-1.,-3.491481338843E-15));
#10072=DIRECTION('',(0.,-3.491481338843E-15,1.));
#10073=DIRECTION('',(3.491481338843E-15,1.,3.491481338843E-15));
#10074=DIRECTION('',(0.,3.491481338843E-15,-1.));
#10075=DIRECTION('',(-3.491481338843E-15,-1.,-3.491481338843E-15));
#10076=DIRECTION('',(0.,-3.491481338843E-15,1.));
#10077=DIRECTION('',(3.491481338843E-15,1.,3.491481338843E-15));
#10078=DIRECTION('',(0.,3.491481338843E-15,-1.));
#10079=DIRECTION('',(-3.491481338843E-15,-1.,-3.491481338843E-15));
#10080=DIRECTION('',(0.,-3.491481338843E-15,1.));
#10081=DIRECTION('center_axis',(0.,3.491481338843E-15,-1.));
#10082=DIRECTION('ref_axis',(1.,-3.491481338843E-15,-1.21904419394889E-29));
#10083=DIRECTION('',(-3.491481338843E-15,-1.,-3.491481338843E-15));
#10084=DIRECTION('',(-1.,3.491481338843E-15,1.219044193948E-29));
#10085=DIRECTION('center_axis',(0.,-3.491481338843E-15,1.));
#10086=DIRECTION('ref_axis',(1.,-2.168404344971E-15,-7.57094330553233E-30));
#10087=DIRECTION('',(3.491481338843E-15,1.,3.491481338843E-15));
#10088=DIRECTION('center_axis',(0.,-3.491481338843E-15,1.));
#10089=DIRECTION('ref_axis',(1.,-3.523657060577E-15,-1.2302782871487E-29));
#10090=DIRECTION('',(1.,-3.491481338843E-15,-1.219044193948E-29));
#10091=DIRECTION('',(-3.491481338843E-15,-1.,-3.491481338843E-15));
#10092=DIRECTION('',(-1.,3.491481338843E-15,1.219044193948E-29));
#10093=DIRECTION('',(3.491481338843E-15,1.,3.491481338843E-15));
#10094=DIRECTION('',(1.,-3.491481338843E-15,-1.219044193948E-29));
#10095=DIRECTION('center_axis',(-3.491481338843E-15,-1.,-3.491481338843E-15));
#10096=DIRECTION('ref_axis',(1.,-3.491481338843E-15,-1.219044193948E-29));
#10097=DIRECTION('',(-1.514188661106E-30,-3.925162207837E-15,1.));
#10098=DIRECTION('',(-1.,3.491481338843E-15,1.219044193948E-29));
#10099=DIRECTION('center_axis',(3.491481338843E-15,1.,3.491481338843E-15));
#10100=DIRECTION('ref_axis',(1.,-3.491481338843E-15,1.12340931998067E-31));
#10101=DIRECTION('',(0.,3.491481338843E-15,-1.));
#10102=DIRECTION('center_axis',(3.491481338843E-15,1.,3.491481338843E-15));
#10103=DIRECTION('ref_axis',(1.,-3.491481338843E-15,1.12340931998067E-31));
#10104=DIRECTION('',(1.,-3.491481338843E-15,-1.219044193948E-29));
#10105=DIRECTION('',(0.,-3.491481338843E-15,1.));
#10106=DIRECTION('',(-1.,3.491481338843E-15,1.219044193948E-29));
#10107=DIRECTION('',(0.,3.491481338843E-15,-1.));
#10108=DIRECTION('',(1.,-3.491481338843E-15,-1.219044193948E-29));
#10109=DIRECTION('center_axis',(0.,-3.491481338843E-15,1.));
#10110=DIRECTION('ref_axis',(-1.,3.491481338843E-15,1.21904419394889E-29));
#10111=DIRECTION('',(3.491481338843E-15,1.,3.491481338843E-15));
#10112=DIRECTION('',(-1.,3.491481338843E-15,1.219044193948E-29));
#10113=DIRECTION('center_axis',(0.,3.491481338843E-15,-1.));
#10114=DIRECTION('ref_axis',(-1.,3.523657060577E-15,1.2302782871487E-29));
#10115=DIRECTION('',(-3.491481338843E-15,-1.,-3.491481338843E-15));
#10116=DIRECTION('center_axis',(0.,3.491481338843E-15,-1.));
#10117=DIRECTION('ref_axis',(-1.,5.421010862427E-15,1.89273582638291E-29));
#10118=DIRECTION('',(1.,-3.491481338843E-15,-1.219044193948E-29));
#10119=DIRECTION('',(3.491481338843E-15,1.,3.491481338843E-15));
#10120=DIRECTION('',(-1.,3.491481338843E-15,1.219044193948E-29));
#10121=DIRECTION('',(-3.491481338843E-15,-1.,-3.491481338843E-15));
#10122=DIRECTION('',(1.,-3.491481338843E-15,-1.219044193948E-29));
#10123=DIRECTION('center_axis',(-1.,3.491481338843E-15,1.219044193948E-29));
#10124=DIRECTION('ref_axis',(-3.491481338843E-15,-1.,-3.491481338843E-15));
#10125=DIRECTION('center_axis',(-1.,3.491481338843E-15,1.219044193948E-29));
#10126=DIRECTION('ref_axis',(-3.491481338843E-15,-1.,-4.336808689942E-15));
#10127=DIRECTION('center_axis',(-1.,3.491481338843E-15,1.219044193948E-29));
#10128=DIRECTION('ref_axis',(-3.491481338843E-15,-1.,-4.336808689942E-15));
#10129=DIRECTION('center_axis',(-1.,3.491481338843E-15,1.219044193948E-29));
#10130=DIRECTION('ref_axis',(-3.491481338843E-15,-1.,2.91198964092188E-45));
#10131=DIRECTION('center_axis',(-1.,3.491481338843E-15,1.219044193948E-29));
#10132=DIRECTION('ref_axis',(-3.491481338843E-15,-1.,2.91198964092188E-45));
#10133=DIRECTION('center_axis',(-1.,3.491481338843E-15,1.219044193948E-29));
#10134=DIRECTION('ref_axis',(-3.491481338843E-15,-1.,-3.784851220313E-15));
#10135=DIRECTION('',(0.,-3.491481338843E-15,1.));
#10136=DIRECTION('center_axis',(-1.,3.491481338843E-15,1.219044193948E-29));
#10137=DIRECTION('ref_axis',(-3.491481338843E-15,-1.,-3.784851220313E-15));
#10138=DIRECTION('',(0.,3.491481338843E-15,-1.));
#10139=DIRECTION('center_axis',(-6.672013369141E-17,-3.491481338843E-15,
1.));
#10140=DIRECTION('ref_axis',(-1.,3.491481338843E-15,-6.67201336913978E-17));
#10141=DIRECTION('',(1.,-3.491481338843E-15,6.67201336914E-17));
#10142=DIRECTION('',(-3.491481338843E-15,-1.,-3.491481338843E-15));
#10143=DIRECTION('',(1.,-3.491481338843E-15,6.67201336914E-17));
#10144=DIRECTION('center_axis',(-6.672013369141E-17,-3.491481338843E-15,
1.));
#10145=DIRECTION('ref_axis',(-1.,4.336808689942E-15,-6.67201336913949E-17));
#10146=DIRECTION('',(-3.491481338843E-15,-1.,-3.491481338843E-15));
#10147=DIRECTION('center_axis',(6.672013369141E-17,3.491481338843E-15,-1.));
#10148=DIRECTION('ref_axis',(-1.,4.336808689942E-15,-6.67201336913949E-17));
#10149=DIRECTION('',(-1.,3.491481338843E-15,3.469446951953E-15));
#10150=DIRECTION('',(1.,-3.491481338843E-15,-3.469446951953E-15));
#10151=DIRECTION('center_axis',(6.672013369141E-17,3.491481338843E-15,-1.));
#10152=DIRECTION('ref_axis',(-1.,2.32952101708668E-31,-6.672013369141E-17));
#10153=DIRECTION('',(3.491481338843E-15,1.,3.491481338843E-15));
#10154=DIRECTION('center_axis',(-6.672013369141E-17,-3.491481338843E-15,
1.));
#10155=DIRECTION('ref_axis',(-1.,3.252606517456E-15,-6.67201336913986E-17));
#10156=DIRECTION('center_axis',(-6.672013369141E-17,-3.491481338843E-15,
1.));
#10157=DIRECTION('ref_axis',(-1.,3.491481338843E-15,-6.67201336913978E-17));
#10158=DIRECTION('',(1.,-3.491481338843E-15,6.67201336914E-17));
#10159=DIRECTION('',(3.491481338843E-15,1.,3.491481338843E-15));
#10160=DIRECTION('',(1.,-3.491481338843E-15,6.67201336914E-17));
#10161=DIRECTION('center_axis',(6.672013369141E-17,3.491481338843E-15,-1.));
#10162=DIRECTION('ref_axis',(-1.,3.252606517456E-15,-6.67201336913986E-17));
#10163=DIRECTION('',(3.491481338843E-15,1.,3.491481338843E-15));
#10164=DIRECTION('center_axis',(-6.672013369141E-17,-3.491481338843E-15,
1.));
#10165=DIRECTION('ref_axis',(-1.,4.336808689942E-15,-6.67201336913949E-17));
#10166=DIRECTION('',(-1.,3.491481338843E-15,-1.734723475976E-15));
#10167=DIRECTION('',(1.,-3.491481338843E-15,1.734723475976E-15));
#10168=DIRECTION('center_axis',(-6.672013369141E-17,-3.491481338843E-15,
1.));
#10169=DIRECTION('ref_axis',(-1.,4.336808689942E-15,-6.67201336913949E-17));
#10170=DIRECTION('',(-3.491481338843E-15,-1.,-3.491481338843E-15));
#10171=DIRECTION('center_axis',(6.672013369141E-17,3.491481338843E-15,-1.));
#10172=DIRECTION('ref_axis',(-1.,4.336808689942E-15,-6.67201336913949E-17));
#10173=DIRECTION('center_axis',(-3.491481338843E-15,-1.,-3.491481338843E-15));
#10174=DIRECTION('ref_axis',(1.,-3.491481338843E-15,-1.219044193948E-29));
#10175=DIRECTION('',(0.,3.491481338843E-15,-1.));
#10176=DIRECTION('',(0.,-3.491481338843E-15,1.));
#10177=DIRECTION('center_axis',(-3.491481338843E-15,-1.,-3.491481338843E-15));
#10178=DIRECTION('ref_axis',(1.,-3.491481338843E-15,-1.219044193948E-29));
#10179=DIRECTION('',(0.,-3.491481338843E-15,1.));
#10180=DIRECTION('',(0.,3.491481338843E-15,-1.));
#10181=DIRECTION('center_axis',(0.,-3.491481338843E-15,1.));
#10182=DIRECTION('ref_axis',(-1.,3.491481338843E-15,1.21904419394889E-29));
#10183=DIRECTION('',(1.,-3.491481338843E-15,-1.219044193948E-29));
#10184=DIRECTION('',(-3.491481338843E-15,-1.,-3.491481338843E-15));
#10185=DIRECTION('',(1.,-3.491481338843E-15,-1.219044193948E-29));
#10186=DIRECTION('center_axis',(0.,-3.491481338843E-15,1.));
#10187=DIRECTION('ref_axis',(-1.,4.336808689942E-15,1.51418866110647E-29));
#10188=DIRECTION('',(-3.491481338843E-15,-1.,-3.491481338843E-15));
#10189=DIRECTION('center_axis',(0.,3.491481338843E-15,-1.));
#10190=DIRECTION('ref_axis',(-1.,4.336808689942E-15,1.51418866110647E-29));
#10191=DIRECTION('',(-1.,3.491481338843E-15,6.505213034913E-16));
#10192=DIRECTION('',(1.,-3.491481338843E-15,-6.505213034913E-16));
#10193=DIRECTION('center_axis',(0.,3.491481338843E-15,-1.));
#10194=DIRECTION('ref_axis',(-1.,0.,0.));
#10195=DIRECTION('',(3.491481338843E-15,1.,3.491481338843E-15));
#10196=DIRECTION('center_axis',(0.,-3.491481338843E-15,1.));
#10197=DIRECTION('ref_axis',(-1.,3.252606517456E-15,1.13564149582967E-29));
#10198=DIRECTION('center_axis',(0.,-3.491481338843E-15,1.));
#10199=DIRECTION('ref_axis',(-1.,3.491481338843E-15,1.21904419394889E-29));
#10200=DIRECTION('',(1.,-3.491481338843E-15,-1.219044193948E-29));
#10201=DIRECTION('',(3.491481338843E-15,1.,3.491481338843E-15));
#10202=DIRECTION('',(1.,-3.491481338843E-15,-1.219044193948E-29));
#10203=DIRECTION('center_axis',(0.,3.491481338843E-15,-1.));
#10204=DIRECTION('ref_axis',(-1.,3.252606517456E-15,1.13564149582967E-29));
#10205=DIRECTION('',(3.491481338843E-15,1.,3.491481338843E-15));
#10206=DIRECTION('center_axis',(0.,-3.491481338843E-15,1.));
#10207=DIRECTION('ref_axis',(-1.,4.336808689942E-15,1.51418866110647E-29));
#10208=DIRECTION('',(-1.,3.491481338843E-15,4.336808689942E-16));
#10209=DIRECTION('',(1.,-3.491481338843E-15,-4.336808689942E-16));
#10210=DIRECTION('center_axis',(0.,-3.491481338843E-15,1.));
#10211=DIRECTION('ref_axis',(-1.,4.336808689942E-15,1.51418866110647E-29));
#10212=DIRECTION('',(-3.491481338843E-15,-1.,-3.491481338843E-15));
#10213=DIRECTION('center_axis',(0.,3.491481338843E-15,-1.));
#10214=DIRECTION('ref_axis',(-1.,4.336808689942E-15,1.51418866110647E-29));
#10215=DIRECTION('center_axis',(-3.491481338843E-15,-1.,-3.491481338843E-15));
#10216=DIRECTION('ref_axis',(1.,-3.491481338843E-15,-1.219044193948E-29));
#10217=DIRECTION('',(0.,3.491481338843E-15,-1.));
#10218=DIRECTION('',(0.,-3.491481338843E-15,1.));
#10219=DIRECTION('center_axis',(-3.491481338843E-15,-1.,-3.491481338843E-15));
#10220=DIRECTION('ref_axis',(1.,-3.491481338843E-15,-1.219044193948E-29));
#10221=DIRECTION('',(0.,-3.491481338843E-15,1.));
#10222=DIRECTION('',(0.,3.491481338843E-15,-1.));
#10223=DIRECTION('center_axis',(3.491481338843E-15,1.,3.491481338843E-15));
#10224=DIRECTION('ref_axis',(-1.,3.491481338843E-15,7.69326506392814E-32));
#10225=DIRECTION('center_axis',(-0.220846117505546,-0.161075968736088,-0.961915549660394));
#10226=DIRECTION('ref_axis',(0.829617749103373,0.48753451994016,-0.272111157873709));
#10227=DIRECTION('',(-3.491481338843E-15,-1.,-3.491481338843E-15));
#10228=DIRECTION('center_axis',(-0.220846117516111,0.161075968807113,-0.961915549646075));
#10229=DIRECTION('ref_axis',(0.82961774918455,-0.487534519779224,-0.272111157914558));
#10230=DIRECTION('center_axis',(3.491481338843E-15,1.,3.491481338843E-15));
#10231=DIRECTION('ref_axis',(1.,-3.49148133884299E-15,-2.081668171172E-15));
#10232=DIRECTION('',(3.491481338843E-15,1.,3.491481338843E-15));
#10233=DIRECTION('',(3.491481338843E-15,1.,3.491481338843E-15));
#10234=DIRECTION('center_axis',(3.491481338843E-15,1.,3.491481338843E-15));
#10235=DIRECTION('ref_axis',(1.,-3.49148133884299E-15,-2.081668171172E-15));
#10236=DIRECTION('center_axis',(3.491481338843E-15,1.,3.491481338843E-15));
#10237=DIRECTION('ref_axis',(-1.,3.491481338843E-15,7.69326506392814E-32));
#10238=DIRECTION('center_axis',(3.491481338843E-15,1.,3.491481338843E-15));
#10239=DIRECTION('ref_axis',(1.,-3.49148133884297E-15,-9.251858538542E-15));
#10240=DIRECTION('',(3.491481338843E-15,1.,3.491481338843E-15));
#10241=DIRECTION('center_axis',(3.491481338843E-15,1.,3.491481338843E-15));
#10242=DIRECTION('ref_axis',(1.,-3.49148133884297E-15,-9.251858538542E-15));
#10243=DIRECTION('',(3.491481338843E-15,1.,3.491481338843E-15));
#10244=DIRECTION('',(3.491481338843E-15,1.,3.491481338843E-15));
#10245=DIRECTION('center_axis',(-3.491481338843E-15,-1.,-3.491481338843E-15));
#10246=DIRECTION('ref_axis',(1.,-3.491481338843E-15,-1.219044193948E-29));
#10247=DIRECTION('',(0.,3.491481338843E-15,-1.));
#10248=DIRECTION('center_axis',(3.491481338843E-15,1.,3.491481338843E-15));
#10249=DIRECTION('ref_axis',(1.,-3.49148133884294E-15,-1.734723475976E-14));
#10250=DIRECTION('',(1.,-3.491481338843E-15,-8.673617379884E-16));
#10251=DIRECTION('center_axis',(-3.491481338843E-15,-1.,-3.491481338843E-15));
#10252=DIRECTION('ref_axis',(1.,-3.491481338843E-15,-1.219044193948E-29));
#10253=DIRECTION('center_axis',(-3.491481338843E-15,-1.,-3.491481338843E-15));
#10254=DIRECTION('ref_axis',(1.,-3.491481338843E-15,-8.34026981192165E-31));
#10255=DIRECTION('',(0.,-3.491481338843E-15,1.));
#10256=DIRECTION('',(-1.,3.491481338843E-15,8.673617379884E-16));
#10257=DIRECTION('center_axis',(0.,-3.491481338843E-15,1.));
#10258=DIRECTION('ref_axis',(-1.,3.491481338843E-15,1.21904419394889E-29));
#10259=DIRECTION('',(3.491481338843E-15,1.,3.491481338843E-15));
#10260=DIRECTION('',(-1.,3.491481338843E-15,1.219044193948E-29));
#10261=DIRECTION('',(3.491481338843E-15,1.,3.491481338843E-15));
#10262=DIRECTION('',(-1.,3.491481338843E-15,1.219044193948E-29));
#10263=DIRECTION('center_axis',(-3.491481338843E-15,-1.,-3.70832177334E-15));
#10264=DIRECTION('ref_axis',(-7.570943305532E-31,-3.70832177334E-15,1.));
#10265=DIRECTION('',(-7.570943305532E-31,-3.70832177334E-15,1.));
#10266=DIRECTION('',(1.,-3.491481338843E-15,-1.219044193948E-29));
#10267=DIRECTION('',(-7.570943305532E-31,-3.70832177334E-15,1.));
#10268=DIRECTION('center_axis',(1.,-3.491481338843E-15,-1.219044193948E-29));
#10269=DIRECTION('ref_axis',(3.491481338843E-15,1.,3.491481338843E-15));
#10270=DIRECTION('center_axis',(1.,-3.491481338843E-15,-1.219044193948E-29));
#10271=DIRECTION('ref_axis',(3.491481338843E-15,1.,-4.25627005439435E-44));
#10272=DIRECTION('center_axis',(1.,-3.491481338843E-15,-1.219044193948E-29));
#10273=DIRECTION('ref_axis',(3.491481338843E-15,1.,-4.25627005439435E-44));
#10274=DIRECTION('center_axis',(1.,-3.491481338843E-15,-1.219044193948E-29));
#10275=DIRECTION('ref_axis',(3.491481338843E-15,1.,-4.25627005439435E-44));
#10276=DIRECTION('center_axis',(3.491481338843E-15,1.,3.70832177334E-15));
#10277=DIRECTION('ref_axis',(7.570943305532E-31,3.70832177334E-15,-1.));
#10278=DIRECTION('',(7.570943305532E-31,3.70832177334E-15,-1.));
#10279=DIRECTION('',(-1.,3.491481338843E-15,1.219044193948E-29));
#10280=DIRECTION('',(7.570943305532E-31,3.70832177334E-15,-1.));
#10281=DIRECTION('',(-1.,3.491481338843E-15,1.219044193948E-29));
#10282=DIRECTION('center_axis',(0.,-3.491481338843E-15,1.));
#10283=DIRECTION('ref_axis',(-1.,3.491481338843E-15,1.21904419394889E-29));
#10284=DIRECTION('',(3.491481338843E-15,1.,3.491481338843E-15));
#10285=DIRECTION('',(1.,-3.491481338843E-15,-1.219044193948E-29));
#10286=DIRECTION('',(3.491481338843E-15,1.,3.491481338843E-15));
#10287=DIRECTION('center_axis',(-1.,3.491481338843E-15,1.219044193948E-29));
#10288=DIRECTION('ref_axis',(-3.491481338843E-15,-1.,-3.491481338843E-15));
#10289=DIRECTION('center_axis',(1.,-3.491481338843E-15,-1.219044193948E-29));
#10290=DIRECTION('ref_axis',(-3.491481338843E-15,-1.,1.734723475976E-14));
#10291=DIRECTION('center_axis',(1.,-3.491481338843E-15,-1.219044193948E-29));
#10292=DIRECTION('ref_axis',(-3.491481338843E-15,-1.,4.25627005439435E-44));
#10293=DIRECTION('center_axis',(1.,-3.491481338843E-15,-1.219044193948E-29));
#10294=DIRECTION('ref_axis',(-3.491481338843E-15,-1.,4.25627005439435E-44));
#10295=DIRECTION('center_axis',(0.,3.491481338843E-15,-1.));
#10296=DIRECTION('ref_axis',(1.,-3.491481338843E-15,-1.21904419394889E-29));
#10297=DIRECTION('',(-3.491481338843E-15,-1.,-3.491481338843E-15));
#10298=DIRECTION('',(-1.,3.491481338843E-15,1.219044193948E-29));
#10299=DIRECTION('',(-3.491481338843E-15,-1.,-3.491481338843E-15));
#10300=DIRECTION('',(-1.,3.491481338843E-15,1.219044193948E-29));
#10301=DIRECTION('center_axis',(3.491481338843E-15,1.,3.491481338843E-15));
#10302=DIRECTION('ref_axis',(-1.,3.491481338843E-15,1.219044193948E-29));
#10303=DIRECTION('',(0.,3.491481338843E-15,-1.));
#10304=DIRECTION('',(1.,-3.491481338843E-15,-1.219044193948E-29));
#10305=DIRECTION('',(0.,3.491481338843E-15,-1.));
#10306=DIRECTION('center_axis',(1.,-3.491481338843E-15,-1.219044193948E-29));
#10307=DIRECTION('ref_axis',(3.491481338843E-15,1.,3.491481338843E-15));
#10308=DIRECTION('center_axis',(1.,-3.491481338843E-15,-1.219044193948E-29));
#10309=DIRECTION('ref_axis',(3.491481338843E-15,1.,4.336808689942E-15));
#10310=DIRECTION('center_axis',(1.,-3.491481338843E-15,-1.219044193948E-29));
#10311=DIRECTION('ref_axis',(3.491481338843E-15,1.,4.336808689942E-15));
#10312=DIRECTION('center_axis',(1.,-3.491481338843E-15,-1.219044193948E-29));
#10313=DIRECTION('ref_axis',(3.491481338843E-15,1.,4.336808689942E-15));
#10314=DIRECTION('center_axis',(-3.491481338843E-15,-1.,-3.491481338843E-15));
#10315=DIRECTION('ref_axis',(1.,-3.491481338843E-15,-1.219044193948E-29));
#10316=DIRECTION('',(0.,-3.491481338843E-15,1.));
#10317=DIRECTION('',(-1.,3.491481338843E-15,1.219044193948E-29));
#10318=DIRECTION('',(0.,-3.491481338843E-15,1.));
#10319=DIRECTION('',(-1.,3.491481338843E-15,1.219044193948E-29));
#10320=DIRECTION('center_axis',(0.,3.491481338843E-15,-1.));
#10321=DIRECTION('ref_axis',(1.,-3.491481338843E-15,-1.21904419394889E-29));
#10322=DIRECTION('',(-3.491481338843E-15,-1.,-3.491481338843E-15));
#10323=DIRECTION('',(1.,-3.491481338843E-15,-1.219044193948E-29));
#10324=DIRECTION('',(-3.491481338843E-15,-1.,-3.491481338843E-15));
#10325=DIRECTION('center_axis',(-1.,3.491481338843E-15,1.219044193948E-29));
#10326=DIRECTION('ref_axis',(-3.491481338843E-15,-1.,-3.491481338843E-15));
#10327=DIRECTION('center_axis',(1.,-3.491481338843E-15,-1.219044193948E-29));
#10328=DIRECTION('ref_axis',(-3.491481338843E-15,-1.,4.25627005439435E-44));
#10329=DIRECTION('center_axis',(1.,-3.491481338843E-15,-1.219044193948E-29));
#10330=DIRECTION('ref_axis',(-3.491481338843E-15,-1.,-4.336808689942E-15));
#10331=DIRECTION('center_axis',(1.,-3.491481338843E-15,-1.219044193948E-29));
#10332=DIRECTION('ref_axis',(-3.491481338843E-15,-1.,-4.336808689942E-15));
#10333=DIRECTION('center_axis',(1.,-3.491481338843E-15,-1.219044193948E-29));
#10334=DIRECTION('ref_axis',(3.491481338843E-15,1.,3.784851220313E-15));
#10335=DIRECTION('',(1.,-3.491481338843E-15,-1.219044193948E-29));
#10336=DIRECTION('center_axis',(-1.,3.491481338843E-15,1.219044193948E-29));
#10337=DIRECTION('ref_axis',(-3.491481338843E-15,-1.,-3.784851220313E-15));
#10338=DIRECTION('',(1.,-3.491481338843E-15,-1.219044193948E-29));
#10339=DIRECTION('center_axis',(-3.491481338843E-15,-1.,-3.491481338843E-15));
#10340=DIRECTION('ref_axis',(1.,-3.491481338843E-15,-1.219044193948E-29));
#10341=DIRECTION('',(1.,-3.491481338843E-15,-1.219044193948E-29));
#10342=DIRECTION('',(0.,3.491481338843E-15,-1.));
#10343=DIRECTION('center_axis',(1.,-3.491481338843E-15,-1.219044193948E-29));
#10344=DIRECTION('ref_axis',(3.491481338843E-15,1.,3.784851220313E-15));
#10345=DIRECTION('',(1.,-3.491481338843E-15,-1.219044193948E-29));
#10346=DIRECTION('center_axis',(-1.,3.491481338843E-15,1.219044193948E-29));
#10347=DIRECTION('ref_axis',(-3.491481338843E-15,-1.,-3.784851220313E-15));
#10348=DIRECTION('center_axis',(3.491481338843E-15,1.,3.491481338843E-15));
#10349=DIRECTION('ref_axis',(-1.,3.491481338843E-15,1.219044193948E-29));
#10350=DIRECTION('',(0.,-3.491481338843E-15,1.));
#10351=DIRECTION('center_axis',(-1.,3.491481338843E-15,1.219044193948E-29));
#10352=DIRECTION('ref_axis',(-3.491481338843E-15,-1.,-3.491481338843E-15));
#10353=DIRECTION('center_axis',(8.673617379884E-16,-3.491481338843E-15,
1.));
#10354=DIRECTION('ref_axis',(-1.,3.491481338843E-15,8.67361737988412E-16));
#10355=DIRECTION('',(-1.,3.491481338843E-15,8.673617379884E-16));
#10356=DIRECTION('',(1.,-3.491481338843E-15,-8.673617379884E-16));
#10357=DIRECTION('center_axis',(-3.491481338843E-15,-1.,-3.491481338843E-15));
#10358=DIRECTION('ref_axis',(1.,-3.491481338843E-15,-1.219044193948E-29));
#10359=DIRECTION('',(1.,-3.491481338843E-15,-1.219044193948E-29));
#10360=DIRECTION('',(-1.,3.491481338843E-15,8.673617379884E-16));
#10361=DIRECTION('center_axis',(-1.,3.491481338843E-15,1.219044193948E-29));
#10362=DIRECTION('ref_axis',(-3.491481338843E-15,-1.,-3.491481338843E-15));
#10363=DIRECTION('',(0.,-3.491481338843E-15,1.));
#10364=DIRECTION('',(0.,3.491481338843E-15,-1.));
#10365=DIRECTION('center_axis',(-3.491481338843E-15,-1.,-3.491481338843E-15));
#10366=DIRECTION('ref_axis',(1.,-3.491481338843E-15,-1.219044193948E-29));
#10367=DIRECTION('',(1.,-3.491481338843E-15,-1.219044193948E-29));
#10368=DIRECTION('',(0.,3.491481338843E-15,-1.));
#10369=DIRECTION('center_axis',(-1.,3.491481338843E-15,1.219044193948E-29));
#10370=DIRECTION('ref_axis',(-3.491481338843E-15,-1.,-3.491481338843E-15));
#10371=DIRECTION('',(0.,-3.491481338843E-15,1.));
#10372=DIRECTION('',(0.,3.491481338843E-15,-1.));
#10373=DIRECTION('center_axis',(-3.491481338843E-15,-1.,-3.491481338843E-15));
#10374=DIRECTION('ref_axis',(1.,-3.491481338843E-15,-1.219044193948E-29));
#10375=DIRECTION('',(1.,-3.491481338843E-15,-1.219044193948E-29));
#10376=DIRECTION('',(0.,3.491481338843E-15,-1.));
#10377=DIRECTION('center_axis',(8.673617379884E-16,-3.491481338843E-15,
1.));
#10378=DIRECTION('ref_axis',(-1.,3.491481338843E-15,8.67361737988412E-16));
#10379=DIRECTION('',(-1.,3.491481338843E-15,8.673617379884E-16));
#10380=DIRECTION('',(1.,-3.491481338843E-15,-8.673617379884E-16));
#10381=DIRECTION('center_axis',(3.491481338843E-15,1.,3.491481338843E-15));
#10382=DIRECTION('ref_axis',(-1.,3.491481338843E-15,1.219044193948E-29));
#10383=DIRECTION('',(-1.,3.491481338843E-15,1.219044193948E-29));
#10384=DIRECTION('',(1.,-3.491481338843E-15,-8.673617379884E-16));
#10385=DIRECTION('center_axis',(-1.,3.491481338843E-15,1.219044193948E-29));
#10386=DIRECTION('ref_axis',(-3.491481338843E-15,-1.,-3.491481338843E-15));
#10387=DIRECTION('',(0.,3.491481338843E-15,-1.));
#10388=DIRECTION('',(0.,-3.491481338843E-15,1.));
#10389=DIRECTION('center_axis',(3.491481338843E-15,1.,3.491481338843E-15));
#10390=DIRECTION('ref_axis',(-1.,3.491481338843E-15,1.219044193948E-29));
#10391=DIRECTION('',(-1.,3.491481338843E-15,1.219044193948E-29));
#10392=DIRECTION('',(0.,-3.491481338843E-15,1.));
#10393=DIRECTION('center_axis',(-1.,3.491481338843E-15,1.219044193948E-29));
#10394=DIRECTION('ref_axis',(-3.491481338843E-15,-1.,-3.491481338843E-15));
#10395=DIRECTION('',(0.,-3.491481338843E-15,1.));
#10396=DIRECTION('',(0.,3.491481338843E-15,-1.));
#10397=DIRECTION('center_axis',(3.491481338843E-15,1.,3.491481338843E-15));
#10398=DIRECTION('ref_axis',(-1.,3.491481338843E-15,1.219044193948E-29));
#10399=DIRECTION('',(-1.,3.491481338843E-15,1.219044193948E-29));
#10400=DIRECTION('',(0.,-3.491481338843E-15,1.));
#10401=DIRECTION('center_axis',(-1.,3.491481338843E-15,1.219044193948E-29));
#10402=DIRECTION('ref_axis',(-3.491481338843E-15,-1.,-3.614007241618E-15));
#10403=DIRECTION('center_axis',(1.,-3.491481338843E-15,-1.219044193948E-29));
#10404=DIRECTION('ref_axis',(3.491481338843E-15,1.,3.614007241618E-15));
#10405=DIRECTION('center_axis',(1.,-3.491481338843E-15,-1.219044193948E-29));
#10406=DIRECTION('ref_axis',(3.491481338843E-15,1.,3.614007241618E-15));
#10407=DIRECTION('center_axis',(-1.,3.491481338843E-15,1.219044193948E-29));
#10408=DIRECTION('ref_axis',(-3.491481338843E-15,-1.,-3.614007241618E-15));
#10409=DIRECTION('center_axis',(-1.,3.491481338843E-15,1.219044193948E-29));
#10410=DIRECTION('ref_axis',(-3.491481338843E-15,-1.,-3.614007241618E-15));
#10411=DIRECTION('center_axis',(1.,-3.491481338843E-15,-1.219044193948E-29));
#10412=DIRECTION('ref_axis',(3.491481338843E-15,1.,3.614007241618E-15));
#10413=DIRECTION('center_axis',(0.,-3.491481338843E-15,1.));
#10414=DIRECTION('ref_axis',(-1.,3.252606517456E-15,1.13564149582967E-29));
#10415=DIRECTION('center_axis',(0.,-3.491481338843E-15,1.));
#10416=DIRECTION('ref_axis',(-1.,4.336808689942E-15,1.51418866110647E-29));
#10417=DIRECTION('center_axis',(0.,3.491481338843E-15,-1.));
#10418=DIRECTION('ref_axis',(1.,-4.336808689942E-15,-1.51418866110647E-29));
#10419=DIRECTION('center_axis',(0.,-3.491481338843E-15,1.));
#10420=DIRECTION('ref_axis',(-1.,4.336808689942E-15,1.51418866110647E-29));
#10421=DIRECTION('center_axis',(0.,3.491481338843E-15,-1.));
#10422=DIRECTION('ref_axis',(1.,-4.336808689942E-15,-1.51418866110647E-29));
#10423=DIRECTION('center_axis',(0.,-3.491481338843E-15,1.));
#10424=DIRECTION('ref_axis',(-1.,4.336808689942E-15,1.51418866110647E-29));
#10425=DIRECTION('center_axis',(0.,-3.491481338843E-15,1.));
#10426=DIRECTION('ref_axis',(-1.,4.336808689942E-15,1.51418866110647E-29));
#10427=DIRECTION('center_axis',(0.,-3.491481338843E-15,1.));
#10428=DIRECTION('ref_axis',(-1.,3.252606517456E-15,1.13564149582967E-29));
#10429=DIRECTION('center_axis',(1.,-3.491481338843E-15,-8.673617379884E-16));
#10430=DIRECTION('ref_axis',(8.67361737988385E-16,-4.336808689942E-15,1.));
#10431=DIRECTION('center_axis',(1.,-3.491481338843E-15,-8.673617379884E-16));
#10432=DIRECTION('ref_axis',(8.67361737988389E-16,-3.252606517456E-15,1.));
#10433=DIRECTION('center_axis',(1.,-3.491481338843E-15,-8.673617379884E-16));
#10434=DIRECTION('ref_axis',(8.67361737988385E-16,-4.336808689942E-15,1.));
#10435=DIRECTION('center_axis',(-1.,3.491481338843E-15,8.673617379884E-16));
#10436=DIRECTION('ref_axis',(-8.67361737988385E-16,4.336808689942E-15,-1.));
#10437=DIRECTION('center_axis',(-1.,3.491481338843E-15,1.219044193948E-29));
#10438=DIRECTION('ref_axis',(-3.491481338843E-15,-1.,2.91198964092188E-45));
#10439=DIRECTION('center_axis',(-1.,3.491481338843E-15,1.219044193948E-29));
#10440=DIRECTION('ref_axis',(-3.491481338843E-15,-1.,-1.03049139934268E-44));
#10441=DIRECTION('center_axis',(-3.491481338843E-15,-1.,-3.491481338843E-15));
#10442=DIRECTION('ref_axis',(1.,-3.51570624464633E-15,0.));
#10443=DIRECTION('center_axis',(3.491481338843E-15,1.,3.491481338843E-15));
#10444=DIRECTION('ref_axis',(1.,-3.491481338843E-15,-8.34026981192165E-31));
#10445=DIRECTION('center_axis',(0.,3.491481338843E-15,-1.));
#10446=DIRECTION('ref_axis',(-1.,3.252606517456E-15,1.13564149582967E-29));
#10447=DIRECTION('center_axis',(-3.491481338843E-15,-1.,-3.491481338843E-15));
#10448=DIRECTION('ref_axis',(1.,-3.491481338843E-15,-8.34026981192165E-31));
#10449=DIRECTION('center_axis',(3.01752181909446E-12,0.707106781185035,
-0.70710678118806));
#10450=DIRECTION('ref_axis',(-1.47796003190304E-11,0.70710678118806,0.707106781185035));
#10451=DIRECTION('center_axis',(0.,3.491481338843E-15,-1.));
#10452=DIRECTION('ref_axis',(1.,-3.252606517456E-15,-1.13564149582967E-29));
#10453=DIRECTION('center_axis',(0.,3.491481338843E-15,-1.));
#10454=DIRECTION('ref_axis',(1.,-3.252606517456E-15,-1.13564149582967E-29));
#10455=DIRECTION('center_axis',(-1.,3.491481338843E-15,1.219044193948E-29));
#10456=DIRECTION('ref_axis',(-3.491481338843E-15,-1.,-4.336808689942E-15));
#10457=DIRECTION('center_axis',(-1.,3.491481338843E-15,1.219044193948E-29));
#10458=DIRECTION('ref_axis',(-3.491481338843E-15,-1.,-4.336808689942E-15));
#10459=DIRECTION('center_axis',(-1.,3.491481338843E-15,1.219044193948E-29));
#10460=DIRECTION('ref_axis',(-3.491481338843E-15,-1.,4.25627005439435E-44));
#10461=DIRECTION('center_axis',(-1.,3.491481338843E-15,1.219044193948E-29));
#10462=DIRECTION('ref_axis',(-3.491481338843E-15,-1.,-1.03049139934268E-44));
#10463=DIRECTION('center_axis',(-7.570943305532E-31,-3.70832177334E-15,
1.));
#10464=DIRECTION('ref_axis',(4.336808689942E-15,1.,3.70832177334E-15));
#10465=DIRECTION('center_axis',(0.,3.491481338843E-15,-1.));
#10466=DIRECTION('ref_axis',(1.,-3.523657060577E-15,-1.2302782871487E-29));
#10467=DIRECTION('center_axis',(-3.491481338843E-15,-1.,-3.491481338843E-15));
#10468=DIRECTION('ref_axis',(1.,-3.51570624464633E-15,0.));
#10469=DIRECTION('center_axis',(3.491481338843E-15,1.,3.491481338843E-15));
#10470=DIRECTION('ref_axis',(1.,-3.491481338843E-15,-8.34026981192165E-31));
#10471=DIRECTION('center_axis',(0.,3.491481338843E-15,-1.));
#10472=DIRECTION('ref_axis',(1.,-3.46944695195362E-15,0.));
#10473=DIRECTION('center_axis',(-3.491481338843E-15,-1.,-3.491481338843E-15));
#10474=DIRECTION('ref_axis',(-1.,3.491481338843E-15,-1.12340931998067E-31));
#10475=DIRECTION('center_axis',(3.491481338843E-15,1.,3.491481338843E-15));
#10476=DIRECTION('ref_axis',(-1.,3.491481338843E-15,8.34026981192165E-31));
#10477=DIRECTION('center_axis',(6.86033559923551E-15,0.707106781186545,
0.70710678118655));
#10478=DIRECTION('ref_axis',(2.49122080738751E-11,-0.70710678118655,0.707106781186545));
#10479=DIRECTION('center_axis',(-1.,3.491481338843E-15,1.219044193948E-29));
#10480=DIRECTION('ref_axis',(-3.491481338843E-15,-1.,2.91198964092188E-45));
#10481=DIRECTION('center_axis',(-1.,3.491481338843E-15,1.219044193948E-29));
#10482=DIRECTION('ref_axis',(-3.491481338843E-15,-1.,-1.03049139934268E-44));
#10483=DIRECTION('center_axis',(3.491481338843E-15,1.,3.491481338843E-15));
#10484=DIRECTION('ref_axis',(-1.,3.491481338843E-15,8.34026981192165E-31));
#10485=DIRECTION('center_axis',(-3.491481338843E-15,-1.,-3.491481338843E-15));
#10486=DIRECTION('ref_axis',(1.,-3.491481338843E-15,2.95144467157575E-30));
#10487=DIRECTION('center_axis',(0.,-3.491481338843E-15,1.));
#10488=DIRECTION('ref_axis',(-1.,3.523657060577E-15,1.2302782871487E-29));
#10489=DIRECTION('center_axis',(0.,-3.491481338843E-15,1.));
#10490=DIRECTION('ref_axis',(-1.,3.523657060577E-15,1.2302782871487E-29));
#10491=DIRECTION('center_axis',(-1.,3.491481338843E-15,1.219044193948E-29));
#10492=DIRECTION('ref_axis',(-3.491481338843E-15,-1.,-4.336808689942E-15));
#10493=DIRECTION('center_axis',(-1.,3.491481338843E-15,1.219044193948E-29));
#10494=DIRECTION('ref_axis',(-3.491481338843E-15,-1.,-4.336808689942E-15));
#10495=DIRECTION('center_axis',(0.,3.491481338843E-15,-1.));
#10496=DIRECTION('ref_axis',(1.,-3.70074341541719E-15,0.));
#10497=DIRECTION('center_axis',(0.,-3.491481338843E-15,1.));
#10498=DIRECTION('ref_axis',(1.,-4.336808689942E-15,-1.51418866110647E-29));
#10499=DIRECTION('center_axis',(0.,-3.491481338843E-15,1.));
#10500=DIRECTION('ref_axis',(-1.,3.46944695195361E-15,0.));
#10501=DIRECTION('center_axis',(-3.491481338843E-15,-1.,-3.491481338843E-15));
#10502=DIRECTION('ref_axis',(-1.,3.491481338843E-15,-1.12340931998067E-31));
#10503=DIRECTION('center_axis',(7.570943305532E-31,3.70832177334E-15,-1.));
#10504=DIRECTION('ref_axis',(-4.336808689942E-15,-1.,-3.70832177334E-15));
#10505=DIRECTION('center_axis',(7.69383431696539E-16,0.707106781186545,
0.70710678118655));
#10506=DIRECTION('ref_axis',(1.6803563828861E-11,-0.70710678118655,0.707106781186545));
#10507=DIRECTION('center_axis',(-3.491481338843E-15,-1.,-3.491481338843E-15));
#10508=DIRECTION('ref_axis',(1.,-3.491481338843E-15,-8.34026981192165E-31));
#10509=DIRECTION('center_axis',(-3.491481338843E-15,-1.,-3.491481338843E-15));
#10510=DIRECTION('ref_axis',(1.,-3.491481338843E-15,2.95144467157575E-30));
#10511=DIRECTION('center_axis',(-1.,3.491481338843E-15,1.219044193948E-29));
#10512=DIRECTION('ref_axis',(-3.491481338843E-15,-1.,-4.336808689942E-15));
#10513=DIRECTION('center_axis',(-1.,3.491481338843E-15,1.219044193948E-29));
#10514=DIRECTION('ref_axis',(-3.491481338843E-15,-1.,-4.336808689942E-15));
#10515=DIRECTION('center_axis',(-1.,3.491481338843E-15,1.219044193948E-29));
#10516=DIRECTION('ref_axis',(-3.491481338843E-15,-1.,4.25627005439435E-44));
#10517=DIRECTION('center_axis',(-1.,3.491481338843E-15,1.219044193948E-29));
#10518=DIRECTION('ref_axis',(-3.491481338843E-15,-1.,-1.03049139934268E-44));
#10519=DIRECTION('center_axis',(-3.491481338843E-15,-1.,-3.491481338843E-15));
#10520=DIRECTION('ref_axis',(1.,-3.491481338843E-15,2.95144467157574E-30));
#10521=DIRECTION('center_axis',(3.491481338843E-15,1.,3.491481338843E-15));
#10522=DIRECTION('ref_axis',(-1.,3.491481338843E-15,-2.95144467157575E-30));
#10523=DIRECTION('center_axis',(0.,-3.491481338843E-15,1.));
#10524=DIRECTION('ref_axis',(-1.,3.70074341541719E-15,0.));
#10525=DIRECTION('center_axis',(0.,3.491481338843E-15,-1.));
#10526=DIRECTION('ref_axis',(-1.,6.505213034913E-15,2.2712829916597E-29));
#10527=DIRECTION('center_axis',(3.491481338843E-15,1.,3.491481338843E-15));
#10528=DIRECTION('ref_axis',(-1.,3.70074341541719E-15,0.));
#10529=DIRECTION('center_axis',(0.,3.491481338843E-15,-1.));
#10530=DIRECTION('ref_axis',(-1.,4.336808689942E-15,1.51418866110647E-29));
#10531=DIRECTION('center_axis',(0.,3.491481338843E-15,-1.));
#10532=DIRECTION('ref_axis',(1.,-4.336808689942E-15,-1.51418866110647E-29));
#10533=DIRECTION('center_axis',(3.01008444593435E-12,0.707106781188053,
-0.707106781185042));
#10534=DIRECTION('ref_axis',(-6.13031065504291E-12,0.707106781185042,0.707106781188053));
#10535=DIRECTION('center_axis',(0.,-3.491481338843E-15,1.));
#10536=DIRECTION('ref_axis',(-1.,4.336808689942E-15,1.51418866110647E-29));
#10537=DIRECTION('center_axis',(0.,3.491481338843E-15,-1.));
#10538=DIRECTION('ref_axis',(1.,-4.336808689942E-15,-1.51418866110647E-29));
#10539=DIRECTION('center_axis',(3.491481338843E-15,1.,3.491481338843E-15));
#10540=DIRECTION('ref_axis',(-1.,3.491481338843E-15,-2.95144467157575E-30));
#10541=DIRECTION('center_axis',(3.491481338843E-15,1.,3.491481338843E-15));
#10542=DIRECTION('ref_axis',(-1.,3.491481338843E-15,-2.95144467157575E-30));
#10543=DIRECTION('center_axis',(3.491481338843E-15,1.,3.491481338843E-15));
#10544=DIRECTION('ref_axis',(-1.,3.70074341541719E-15,0.));
#10545=DIRECTION('center_axis',(1.,-3.491481338843E-15,-1.219044193948E-29));
#10546=DIRECTION('ref_axis',(-3.491481338843E-15,-1.,-1.03049139934268E-44));
#10547=DIRECTION('center_axis',(-1.,3.491481338843E-15,1.219044193948E-29));
#10548=DIRECTION('ref_axis',(-3.491481338843E-15,-1.,-4.336808689942E-15));
#10549=DIRECTION('center_axis',(0.,-3.491481338843E-15,1.));
#10550=DIRECTION('ref_axis',(-1.,4.336808689942E-15,1.51418866110647E-29));
#10551=DIRECTION('center_axis',(7.69383431693256E-15,-0.707106781186552,
-0.707106781186543));
#10552=DIRECTION('ref_axis',(-4.1340016422775E-12,0.707106781186543,-0.707106781186552));
#10553=DIRECTION('center_axis',(-3.01040502236419E-12,-0.707106781185043,
0.707106781188052));
#10554=DIRECTION('ref_axis',(-6.1735208068352E-12,-0.707106781188052,-0.707106781185043));
#10555=DIRECTION('center_axis',(-3.491481338843E-15,-1.,-3.491481338843E-15));
#10556=DIRECTION('ref_axis',(1.,-3.491481338843E-15,2.95144467157575E-30));
#10557=DIRECTION('center_axis',(-6.28329802549478E-15,-0.707106781186551,
-0.707106781186544));
#10558=DIRECTION('ref_axis',(4.4534110843099E-12,0.707106781186544,-0.707106781186551));
#10559=DIRECTION('center_axis',(3.491481338843E-15,1.,3.491481338843E-15));
#10560=DIRECTION('ref_axis',(-1.,3.491481338843E-15,8.34026981192165E-31));
#10561=DIRECTION('center_axis',(-3.02085581396512E-12,-0.707106781188058,
0.707106781185037));
#10562=DIRECTION('ref_axis',(-1.5007058558067E-11,-0.707106781185037,-0.707106781188058));
#10563=DIRECTION('center_axis',(0.,3.491481338843E-15,-1.));
#10564=DIRECTION('ref_axis',(1.,-3.252606517456E-15,-1.13564149582967E-29));
#10565=DIRECTION('center_axis',(0.,-3.491481338843E-15,1.));
#10566=DIRECTION('ref_axis',(-1.,4.336808689942E-15,1.51418866110647E-29));
#10567=DIRECTION('center_axis',(-8.46321774862591E-15,-0.707106781186546,
-0.707106781186549));
#10568=DIRECTION('ref_axis',(-4.16684135763977E-12,0.707106781186549,-0.707106781186546));
#10569=DIRECTION('center_axis',(-3.00367291733685E-12,-0.707106781185044,
0.707106781188051));
#10570=DIRECTION('ref_axis',(-6.18147147476503E-12,-0.707106781188051,-0.707106781185044));
#10571=DIRECTION('center_axis',(-3.491481338843E-15,-1.,-3.491481338843E-15));
#10572=DIRECTION('ref_axis',(1.,-3.491481338843E-15,2.95144467157575E-30));
#10573=DIRECTION('center_axis',(-1.4105362914376E-14,-0.707106781186553,
-0.707106781186542));
#10574=DIRECTION('ref_axis',(4.49351010517328E-12,0.707106781186542,-0.707106781186553));
#10575=DIRECTION('center_axis',(3.491481338843E-15,1.,3.491481338843E-15));
#10576=DIRECTION('ref_axis',(-1.,3.491481338843E-15,8.34026981192165E-31));
#10577=DIRECTION('center_axis',(-3.00495522304353E-12,-0.707106781188052,
0.707106781185043));
#10578=DIRECTION('ref_axis',(-1.44681415449075E-11,-0.707106781185043,-0.707106781188052));
#10579=DIRECTION('center_axis',(0.,3.491481338843E-15,-1.));
#10580=DIRECTION('ref_axis',(1.,-3.252606517456E-15,-1.13564149582967E-29));
#10581=DIRECTION('center_axis',(0.,-3.491481338843E-15,1.));
#10582=DIRECTION('ref_axis',(-1.,4.336808689942E-15,1.51418866110647E-29));
#10583=DIRECTION('center_axis',(1.77302016584174E-12,-0.707106781185476,
-0.707106781187619));
#10584=DIRECTION('ref_axis',(2.64922283193607E-11,0.707106781187619,-0.707106781185476));
#10585=DIRECTION('center_axis',(-3.02938314701271E-12,-0.707106781185033,
0.707106781188062));
#10586=DIRECTION('ref_axis',(-6.2053234785536E-12,-0.707106781188062,-0.707106781185033));
#10587=DIRECTION('center_axis',(3.491481338843E-15,1.,3.491481338843E-15));
#10588=DIRECTION('ref_axis',(-1.,3.491481338843E-15,-2.95144467157575E-30));
#10589=DIRECTION('center_axis',(1.26307113369642E-14,-0.707106781186541,
-0.707106781186554));
#10590=DIRECTION('ref_axis',(4.02614910338824E-12,0.707106781186554,-0.707106781186541));
#10591=DIRECTION('center_axis',(3.491481338843E-15,1.,3.491481338843E-15));
#10592=DIRECTION('ref_axis',(-1.,3.491481338843E-15,-2.95144467157575E-30));
#10593=DIRECTION('center_axis',(-4.59596241145865E-15,-0.707106781186551,
0.707106781186544));
#10594=DIRECTION('ref_axis',(2.32317964305469E-11,-0.707106781186544,-0.707106781186551));
#10595=DIRECTION('center_axis',(0.,3.491481338843E-15,-1.));
#10596=DIRECTION('ref_axis',(1.,-3.252606517456E-15,-1.13564149582967E-29));
#10597=DIRECTION('center_axis',(1.,-3.491481338843E-15,-1.219044193948E-29));
#10598=DIRECTION('ref_axis',(3.491481338843E-15,1.,4.336808689942E-15));
#10599=DIRECTION('center_axis',(1.,-3.491481338843E-15,-1.219044193948E-29));
#10600=DIRECTION('ref_axis',(3.491481338843E-15,1.,4.336808689942E-15));
#10601=DIRECTION('center_axis',(1.,-3.491481338843E-15,-1.219044193948E-29));
#10602=DIRECTION('ref_axis',(3.491481338843E-15,1.,-2.91198964092188E-45));
#10603=DIRECTION('center_axis',(1.,-3.491481338843E-15,-1.219044193948E-29));
#10604=DIRECTION('ref_axis',(3.491481338843E-15,1.,-2.91198964092188E-45));
#10605=DIRECTION('center_axis',(-1.,3.491481338843E-15,0.));
#10606=DIRECTION('ref_axis',(-3.491481338843E-15,-1.,0.));
#10607=DIRECTION('',(3.491481338843E-15,1.,3.491481338843E-15));
#10608=DIRECTION('',(0.,0.,1.));
#10609=DIRECTION('',(3.491481338843E-15,1.,3.491481338843E-15));
#10610=DIRECTION('center_axis',(2.243321622964E-29,3.491481338843E-15,-1.));
#10611=DIRECTION('ref_axis',(0.,1.,3.491481338843E-15));
#10612=DIRECTION('',(3.491481338843E-15,1.,3.491481338843E-15));
#10613=DIRECTION('',(-1.,6.425128492044E-15,0.));
#10614=DIRECTION('center_axis',(-1.,3.491481338843E-15,2.016788856668E-29));
#10615=DIRECTION('ref_axis',(-3.491481338843E-15,-1.,0.));
#10616=DIRECTION('',(3.491481338843E-15,1.,3.491481338843E-15));
#10617=DIRECTION('',(0.,-5.776312862484E-15,1.));
#10618=DIRECTION('center_axis',(6.9209803735E-29,3.491481338843E-15,-1.));
#10619=DIRECTION('ref_axis',(0.,1.,3.491481338843E-15));
#10620=DIRECTION('',(3.491481338843E-15,1.,3.491481338843E-15));
#10621=DIRECTION('',(-1.,1.982247562518E-14,0.));
#10622=DIRECTION('center_axis',(1.,-3.491481338843E-15,-8.934292148792E-30));
#10623=DIRECTION('ref_axis',(3.491481338843E-15,1.,0.));
#10624=DIRECTION('',(3.491481338843E-15,1.,3.491481338843E-15));
#10625=DIRECTION('',(0.,2.55888297308E-15,-1.));
#10626=DIRECTION('center_axis',(-1.694180847594E-29,-3.491481338843E-15,
1.));
#10627=DIRECTION('ref_axis',(0.,-1.,-3.491481338843E-15));
#10628=DIRECTION('',(1.,-4.852326801082E-15,0.));
#10629=DIRECTION('center_axis',(4.852326801082E-15,1.,0.));
#10630=DIRECTION('ref_axis',(-1.,4.852326801082E-15,0.));
#10631=DIRECTION('',(3.491481338843E-15,1.,3.491481338843E-15));
#10632=DIRECTION('',(3.491481338843E-15,1.,3.491481338843E-15));
#10633=DIRECTION('center_axis',(-1.,3.491481338843E-15,0.));
#10634=DIRECTION('ref_axis',(-3.491481338843E-15,-1.,0.));
#10635=DIRECTION('',(3.491481338843E-15,1.,3.491481338843E-15));
#10636=DIRECTION('',(0.,0.,1.));
#10637=DIRECTION('',(3.491481338843E-15,1.,3.491481338843E-15));
#10638=DIRECTION('center_axis',(0.,1.,0.));
#10639=DIRECTION('ref_axis',(-0.503601089721307,0.,0.863936306929806));
#10640=DIRECTION('',(3.491481338843E-15,1.,3.491481338843E-15));
#10641=DIRECTION('center_axis',(0.,1.,0.));
#10642=DIRECTION('ref_axis',(0.496746828858649,0.,0.867895493719651));
#10643=DIRECTION('',(3.491481338843E-15,1.,3.491481338843E-15));
#10644=DIRECTION('',(3.491481338843E-15,1.,3.491481338843E-15));
#10645=DIRECTION('',(3.491481338843E-15,1.,3.491481338843E-15));
#10646=DIRECTION('',(3.491481338843E-15,1.,3.491481338843E-15));
#10647=DIRECTION('center_axis',(-1.,3.491481338843E-15,0.));
#10648=DIRECTION('ref_axis',(-3.491481338843E-15,-1.,0.));
#10649=DIRECTION('',(3.491481338843E-15,1.,3.491481338843E-15));
#10650=DIRECTION('',(0.,0.,1.));
#10651=DIRECTION('',(3.491481338843E-15,1.,3.491481338843E-15));
#10652=DIRECTION('center_axis',(0.,-1.,0.));
#10653=DIRECTION('ref_axis',(0.784633149705335,0.,0.619960337750316));
#10654=DIRECTION('',(3.491481338843E-15,1.,3.491481338843E-15));
#10655=DIRECTION('',(3.491481338843E-15,1.,3.491481338843E-15));
#10656=DIRECTION('',(3.491481338843E-15,1.,3.491481338843E-15));
#10657=DIRECTION('center_axis',(0.,-1.,0.));
#10658=DIRECTION('ref_axis',(0.821258604498266,0.,0.570556136184303));
#10659=DIRECTION('center_axis',(0.,-1.,0.));
#10660=DIRECTION('ref_axis',(0.,0.,-1.));
#10661=DIRECTION('center_axis',(-1.,3.491481338843E-15,0.));
#10662=DIRECTION('ref_axis',(-3.491481338843E-15,-1.,0.));
#10663=DIRECTION('',(3.491481338843E-15,1.,3.491481338843E-15));
#10664=DIRECTION('',(0.,0.,1.));
#10665=DIRECTION('',(3.491481338843E-15,1.,3.491481338843E-15));
#10666=DIRECTION('center_axis',(0.,3.491481338843E-15,-1.));
#10667=DIRECTION('ref_axis',(0.,1.,3.491481338843E-15));
#10668=DIRECTION('',(3.491481338843E-15,1.,3.491481338843E-15));
#10669=DIRECTION('',(-1.,0.,0.));
#10670=DIRECTION('center_axis',(-1.,3.491481338843E-15,0.));
#10671=DIRECTION('ref_axis',(-3.491481338843E-15,-1.,0.));
#10672=DIRECTION('',(3.491481338843E-15,1.,3.491481338843E-15));
#10673=DIRECTION('',(0.,0.,1.));
#10674=DIRECTION('center_axis',(0.,-3.491481338843E-15,1.));
#10675=DIRECTION('ref_axis',(0.,-1.,-3.491481338843E-15));
#10676=DIRECTION('',(3.491481338843E-15,1.,3.491481338843E-15));
#10677=DIRECTION('',(1.,0.,0.));
#10678=DIRECTION('center_axis',(-1.,3.491481338843E-15,7.801551537128E-29));
#10679=DIRECTION('ref_axis',(-3.491481338843E-15,-1.,0.));
#10680=DIRECTION('',(3.491481338843E-15,1.,3.491481338843E-15));
#10681=DIRECTION('',(0.,-2.234453167581E-14,1.));
#10682=DIRECTION('center_axis',(2.498280978286E-29,3.491481338843E-15,-1.));
#10683=DIRECTION('ref_axis',(0.,1.,3.491481338843E-15));
#10684=DIRECTION('',(3.491481338843E-15,1.,3.491481338843E-15));
#10685=DIRECTION('',(-1.,7.155361108457E-15,0.));
#10686=DIRECTION('center_axis',(-1.,3.491481338843E-15,2.79160949566E-29));
#10687=DIRECTION('ref_axis',(-3.491481338843E-15,-1.,0.));
#10688=DIRECTION('',(3.491481338843E-15,1.,3.491481338843E-15));
#10689=DIRECTION('',(0.,-7.99548737266E-15,1.));
#10690=DIRECTION('center_axis',(0.,-3.491481338843E-15,1.));
#10691=DIRECTION('ref_axis',(0.,-1.,-3.491481338843E-15));
#10692=DIRECTION('',(3.491481338843E-15,1.,3.491481338843E-15));
#10693=DIRECTION('',(1.,0.,0.));
#10694=DIRECTION('center_axis',(-1.,3.491481338843E-15,0.));
#10695=DIRECTION('ref_axis',(-3.491481338843E-15,-1.,0.));
#10696=DIRECTION('',(3.491481338843E-15,1.,3.491481338843E-15));
#10697=DIRECTION('',(0.,0.,1.));
#10698=DIRECTION('center_axis',(0.,3.491481338843E-15,-1.));
#10699=DIRECTION('ref_axis',(0.,1.,3.491481338843E-15));
#10700=DIRECTION('',(3.491481338843E-15,1.,3.491481338843E-15));
#10701=DIRECTION('',(-1.,0.,0.));
#10702=DIRECTION('center_axis',(1.,-3.491481338843E-15,-1.786858429758E-29));
#10703=DIRECTION('ref_axis',(3.491481338843E-15,1.,0.));
#10704=DIRECTION('',(3.491481338843E-15,1.,3.491481338843E-15));
#10705=DIRECTION('',(0.,5.11776594616E-15,-1.));
#10706=DIRECTION('center_axis',(-1.661166867215E-29,-3.491481338843E-15,
1.));
#10707=DIRECTION('ref_axis',(0.,-1.,-3.491481338843E-15));
#10708=DIRECTION('',(1.,-4.757771003198E-15,0.));
#10709=DIRECTION('center_axis',(4.757771003198E-15,1.,0.));
#10710=DIRECTION('ref_axis',(-1.,4.757771003198E-15,0.));
#10711=DIRECTION('center_axis',(0.,-1.,0.));
#10712=DIRECTION('ref_axis',(0.,0.,-1.));
#10713=DIRECTION('',(1.,-9.30329943371E-15,0.));
#10714=DIRECTION('center_axis',(0.,-1.,0.));
#10715=DIRECTION('ref_axis',(0.530486932633881,0.,-0.84769311328139));
#10716=DIRECTION('center_axis',(0.,-1.,0.));
#10717=DIRECTION('ref_axis',(0.853949602948408,0.,-0.52035572027629));
#10718=DIRECTION('',(-1.,0.,0.));
#10719=DIRECTION('',(0.,5.11776594616E-15,-1.));
#10720=DIRECTION('',(0.,3.319081628205E-15,-1.));
#10721=DIRECTION('',(-1.,0.,0.));
#10722=DIRECTION('center_axis',(0.,-1.,0.));
#10723=DIRECTION('ref_axis',(-0.597443168821617,0.,-0.801911254459236));
#10724=DIRECTION('center_axis',(0.,-1.,0.));
#10725=DIRECTION('ref_axis',(0.760071414640696,0.,0.649839553002194));
#10726=DIRECTION('center_axis',(0.,-1.,0.));
#10727=DIRECTION('ref_axis',(0.784248311002513,0.,-0.620447086132013));
#10728=DIRECTION('center_axis',(0.,-1.,0.));
#10729=DIRECTION('ref_axis',(0.62954490236811,0.,-0.776964102067995));
#10730=DIRECTION('',(1.,0.,0.));
#10731=DIRECTION('center_axis',(-3.248229636246E-29,-3.491481338843E-15,
1.));
#10732=DIRECTION('ref_axis',(0.,-1.,-3.491481338843E-15));
#10733=DIRECTION('',(3.491481338843E-15,1.,3.491481338843E-15));
#10734=DIRECTION('',(3.491481338843E-15,1.,3.491481338843E-15));
#10735=DIRECTION('',(3.491481338843E-15,1.,3.491481338843E-15));
#10736=DIRECTION('',(3.491481338843E-15,1.,3.491481338843E-15));
#10737=DIRECTION('',(3.491481338843E-15,1.,3.491481338843E-15));
#10738=DIRECTION('',(3.491481338843E-15,1.,3.491481338843E-15));
#10739=DIRECTION('center_axis',(0.,3.491481338843E-15,-1.));
#10740=DIRECTION('ref_axis',(0.,1.,3.491481338843E-15));
#10741=DIRECTION('',(3.491481338843E-15,1.,3.491481338843E-15));
#10742=DIRECTION('center_axis',(1.,-3.491481338843E-15,-1.786858429758E-29));
#10743=DIRECTION('ref_axis',(3.491481338843E-15,1.,0.));
#10744=DIRECTION('center_axis',(0.,3.491481338843E-15,-1.));
#10745=DIRECTION('ref_axis',(0.,1.,3.491481338843E-15));
#10746=DIRECTION('',(-1.,0.,0.));
#10747=DIRECTION('',(3.491481338843E-15,1.,3.491481338843E-15));
#10748=DIRECTION('',(3.491481338843E-15,1.,3.491481338843E-15));
#10749=DIRECTION('center_axis',(1.,-3.491481338843E-15,-1.158851156697E-29));
#10750=DIRECTION('ref_axis',(3.491481338843E-15,1.,0.));
#10751=DIRECTION('',(0.,3.319081628205E-15,-1.));
#10752=DIRECTION('',(3.491481338843E-15,1.,3.491481338843E-15));
#10753=DIRECTION('center_axis',(0.,-3.491481338843E-15,1.));
#10754=DIRECTION('ref_axis',(0.,-1.,-3.491481338843E-15));
#10755=DIRECTION('',(1.,0.,0.));
#10756=DIRECTION('',(3.491481338843E-15,1.,3.491481338843E-15));
#10757=DIRECTION('center_axis',(0.,-1.,0.));
#10758=DIRECTION('ref_axis',(0.62954490236811,0.,-0.776964102067995));
#10759=DIRECTION('',(3.491481338843E-15,1.,3.491481338843E-15));
#10760=DIRECTION('center_axis',(0.,-1.,0.));
#10761=DIRECTION('ref_axis',(0.784248311002513,0.,-0.620447086132013));
#10762=DIRECTION('',(3.491481338843E-15,1.,3.491481338843E-15));
#10763=DIRECTION('center_axis',(0.,-1.,0.));
#10764=DIRECTION('ref_axis',(0.760071414640696,0.,0.649839553002194));
#10765=DIRECTION('',(3.491481338843E-15,1.,3.491481338843E-15));
#10766=DIRECTION('center_axis',(0.,-1.,0.));
#10767=DIRECTION('ref_axis',(-0.597443168821617,0.,-0.801911254459236));
#10768=DIRECTION('center_axis',(3.491481338843E-15,1.,3.491481338843E-15));
#10769=DIRECTION('ref_axis',(-1.,3.491481338843E-15,1.219044193948E-29));
#10770=DIRECTION('center_axis',(1.793969568208E-14,1.,6.832859551762E-15));
#10771=DIRECTION('ref_axis',(-1.,1.793969568208E-14,0.));
#10772=DIRECTION('',(-0.355935724369359,0.,0.934510438741943));
#10773=DIRECTION('',(-1.,0.,0.));
#10774=DIRECTION('',(-0.355935724364328,4.7826056997384E-15,-0.93451043874386));
#10775=DIRECTION('',(1.,-1.793969568294E-14,0.));
#10776=DIRECTION('',(0.331528418350199,0.,0.943445233082565));
#10777=DIRECTION('',(1.,-6.145089128676E-15,0.));
#10778=DIRECTION('',(0.349395479469176,8.76584236726643E-15,-0.936975345954473));
#10779=DIRECTION('',(1.,-1.793969568208E-14,0.));
#10780=DIRECTION('',(1.,-7.624029086595E-15,0.));
#10781=DIRECTION('',(-0.338535034314035,5.7929132398256E-15,-0.940953787676098));
#10782=DIRECTION('',(-1.,0.,0.));
#10783=DIRECTION('',(-0.341603830681379,0.,0.939844041777043));
#10784=DIRECTION('center_axis',(-0.934510438741944,4.50556869728955E-15,
-0.355935724369359));
#10785=DIRECTION('ref_axis',(-0.355935724369359,1.97215226305452E-31,0.934510438741943));
#10786=DIRECTION('',(3.491481338843E-15,1.,3.491481338843E-15));
#10787=DIRECTION('',(3.491481338843E-15,1.,3.491481338843E-15));
#10788=DIRECTION('center_axis',(0.,3.491481338843E-15,-1.));
#10789=DIRECTION('ref_axis',(0.,1.,3.491481338843E-15));
#10790=DIRECTION('',(3.491481338843E-15,1.,3.491481338843E-15));
#10791=DIRECTION('center_axis',(0.93451043874386,-2.02008281838386E-15,
-0.355935724364328));
#10792=DIRECTION('ref_axis',(-0.355935724364328,0.,-0.93451043874386));
#10793=DIRECTION('',(3.491481338843E-15,1.,3.491481338843E-15));
#10794=DIRECTION('center_axis',(-6.263611270151E-29,-3.491481338843E-15,
1.));
#10795=DIRECTION('ref_axis',(0.,-1.,-3.491481338843E-15));
#10796=DIRECTION('',(3.491481338843E-15,1.,3.491481338843E-15));
#10797=DIRECTION('center_axis',(-0.943445233082565,2.13649613956228E-15,
0.331528418350199));
#10798=DIRECTION('ref_axis',(0.331528418350199,0.,0.943445233082565));
#10799=DIRECTION('',(3.491481338843E-15,1.,3.491481338843E-15));
#10800=DIRECTION('center_axis',(-2.14554640183E-29,-3.491481338843E-15,
1.));
#10801=DIRECTION('ref_axis',(0.,-1.,-3.491481338843E-15));
#10802=DIRECTION('',(3.491481338843E-15,1.,3.491481338843E-15));
#10803=DIRECTION('center_axis',(0.936975345954473,-4.49133973180027E-15,
0.349395479469176));
#10804=DIRECTION('ref_axis',(0.349395479469176,0.,-0.936975345954473));
#10805=DIRECTION('',(3.491481338843E-15,1.,3.491481338843E-15));
#10806=DIRECTION('center_axis',(-6.263611269852E-29,-3.491481338843E-15,
1.));
#10807=DIRECTION('ref_axis',(0.,-1.,-3.491481338843E-15));
#10808=DIRECTION('center_axis',(-2.661915528264E-29,-3.491481338843E-15,
1.));
#10809=DIRECTION('ref_axis',(0.,-1.,-3.491481338843E-15));
#10810=DIRECTION('',(1.,-7.624029086595E-15,0.));
#10811=DIRECTION('',(3.491481338843E-15,1.,3.491481338843E-15));
#10812=DIRECTION('',(3.491481338843E-15,1.,3.491481338843E-15));
#10813=DIRECTION('center_axis',(-0.939844041777043,4.47415133339396E-15,
-0.341603830681379));
#10814=DIRECTION('ref_axis',(-0.341603830681379,0.,0.939844041777043));
#10815=DIRECTION('',(-0.341603830681379,0.,0.939844041777043));
#10816=DIRECTION('',(3.491481338843E-15,1.,3.491481338843E-15));
#10817=DIRECTION('',(3.491481338843E-15,1.,3.491481338843E-15));
#10818=DIRECTION('center_axis',(0.,3.491481338843E-15,-1.));
#10819=DIRECTION('ref_axis',(0.,1.,3.491481338843E-15));
#10820=DIRECTION('',(-1.,0.,0.));
#10821=DIRECTION('',(3.491481338843E-15,1.,3.491481338843E-15));
#10822=DIRECTION('',(3.491481338843E-15,1.,3.491481338843E-15));
#10823=DIRECTION('center_axis',(0.940953787676098,-2.10333383553222E-15,
-0.338535034314035));
#10824=DIRECTION('ref_axis',(-0.338535034314035,-9.86076131526367E-32,-0.940953787676098));
#10825=DIRECTION('',(-0.338535034314035,5.7929132398256E-15,-0.940953787676098));
#10826=DIRECTION('center_axis',(3.491481338843E-15,1.,3.491481338843E-15));
#10827=DIRECTION('ref_axis',(-1.,3.491481338843E-15,1.219044193948E-29));
#10828=DIRECTION('center_axis',(-1.,3.491481338843E-15,0.));
#10829=DIRECTION('ref_axis',(-3.491481338843E-15,-1.,0.));
#10830=DIRECTION('',(3.491481338843E-15,1.,3.491481338843E-15));
#10831=DIRECTION('',(0.,0.,1.));
#10832=DIRECTION('',(3.491481338843E-15,1.,3.491481338843E-15));
#10833=DIRECTION('center_axis',(2.185800555718E-29,3.491481338843E-15,-1.));
#10834=DIRECTION('ref_axis',(0.,1.,3.491481338843E-15));
#10835=DIRECTION('',(3.491481338843E-15,1.,3.491481338843E-15));
#10836=DIRECTION('',(-1.,6.26038160766E-15,0.));
#10837=DIRECTION('center_axis',(-1.,3.491481338843E-15,2.655847331778E-29));
#10838=DIRECTION('ref_axis',(-3.491481338843E-15,-1.,0.));
#10839=DIRECTION('',(3.491481338843E-15,1.,3.491481338843E-15));
#10840=DIRECTION('',(0.,-7.606649081099E-15,1.));
#10841=DIRECTION('center_axis',(0.,-3.491481338843E-15,1.));
#10842=DIRECTION('ref_axis',(0.,-1.,-3.491481338843E-15));
#10843=DIRECTION('',(3.491481338843E-15,1.,3.491481338843E-15));
#10844=DIRECTION('',(1.,0.,0.));
#10845=DIRECTION('center_axis',(-1.,3.491481338843E-15,0.));
#10846=DIRECTION('ref_axis',(-3.491481338843E-15,-1.,0.));
#10847=DIRECTION('',(3.491481338843E-15,1.,3.491481338843E-15));
#10848=DIRECTION('',(0.,0.,1.));
#10849=DIRECTION('center_axis',(0.,3.491481338843E-15,-1.));
#10850=DIRECTION('ref_axis',(0.,1.,3.491481338843E-15));
#10851=DIRECTION('',(3.491481338843E-15,1.,3.491481338843E-15));
#10852=DIRECTION('',(-1.,0.,0.));
#10853=DIRECTION('center_axis',(-1.,3.491481338843E-15,0.));
#10854=DIRECTION('ref_axis',(-3.491481338843E-15,-1.,0.));
#10855=DIRECTION('',(3.491481338843E-15,1.,3.491481338843E-15));
#10856=DIRECTION('',(0.,0.,1.));
#10857=DIRECTION('center_axis',(-2.31463250901E-29,-3.491481338843E-15,
1.));
#10858=DIRECTION('ref_axis',(0.,-1.,-3.491481338843E-15));
#10859=DIRECTION('',(3.491481338843E-15,1.,3.491481338843E-15));
#10860=DIRECTION('',(1.,-6.629370987206E-15,0.));
#10861=DIRECTION('center_axis',(-1.,3.491481338843E-15,0.));
#10862=DIRECTION('ref_axis',(-3.491481338843E-15,-1.,0.));
#10863=DIRECTION('',(3.491481338843E-15,1.,3.491481338843E-15));
#10864=DIRECTION('',(0.,0.,1.));
#10865=DIRECTION('center_axis',(1.734538505512E-29,3.491481338843E-15,-1.));
#10866=DIRECTION('ref_axis',(0.,1.,3.491481338843E-15));
#10867=DIRECTION('',(3.491481338843E-15,1.,3.491481338843E-15));
#10868=DIRECTION('',(-1.,4.96791572739E-15,0.));
#10869=DIRECTION('center_axis',(1.,-3.491481338843E-15,-8.934292148792E-30));
#10870=DIRECTION('ref_axis',(3.491481338843E-15,1.,0.));
#10871=DIRECTION('',(3.491481338843E-15,1.,3.491481338843E-15));
#10872=DIRECTION('',(0.,2.55888297308E-15,-1.));
#10873=DIRECTION('center_axis',(-1.661166867205E-29,-3.491481338843E-15,
1.));
#10874=DIRECTION('ref_axis',(0.,-1.,-3.491481338843E-15));
#10875=DIRECTION('',(1.,-4.757771003168E-15,0.));
#10876=DIRECTION('center_axis',(4.757771003168E-15,1.,0.));
#10877=DIRECTION('ref_axis',(-1.,4.757771003168E-15,0.));
#10878=DIRECTION('center_axis',(0.,-1.,0.));
#10879=DIRECTION('ref_axis',(0.,0.,-1.));
#10880=DIRECTION('',(0.,0.,-1.));
#10881=DIRECTION('center_axis',(0.,1.,0.));
#10882=DIRECTION('ref_axis',(0.637270892492873,0.,0.770639870225605));
#10883=DIRECTION('',(-0.99032860398817,0.,-0.138741688482024));
#10884=DIRECTION('center_axis',(0.,-1.,0.));
#10885=DIRECTION('ref_axis',(-0.598948206784664,0.,-0.800787765634213));
#10886=DIRECTION('center_axis',(0.,-1.,0.));
#10887=DIRECTION('ref_axis',(0.485909131915844,0.,-0.874009333772123));
#10888=DIRECTION('',(1.,0.,0.));
#10889=DIRECTION('',(0.,2.317210692352E-14,-1.));
#10890=DIRECTION('',(1.,-2.042928610335E-14,0.));
#10891=DIRECTION('',(0.,0.,1.));
#10892=DIRECTION('center_axis',(0.,-1.,0.));
#10893=DIRECTION('ref_axis',(0.786040503011478,0.,-0.618174997573877));
#10894=DIRECTION('',(-0.991068366299874,0.,-0.133354764893118));
#10895=DIRECTION('',(0.,0.,1.));
#10896=DIRECTION('center_axis',(0.,-1.,0.));
#10897=DIRECTION('ref_axis',(0.452172278200711,0.,-0.89193061996255));
#10898=DIRECTION('center_axis',(0.,-1.,0.));
#10899=DIRECTION('ref_axis',(-0.596204489573677,0.,-0.802832614317699));
#10900=DIRECTION('',(3.491481338843E-15,1.,3.491481338843E-15));
#10901=DIRECTION('',(3.491481338843E-15,1.,3.491481338843E-15));
#10902=DIRECTION('center_axis',(1.,-3.491481338843E-15,0.));
#10903=DIRECTION('ref_axis',(3.491481338843E-15,1.,0.));
#10904=DIRECTION('',(3.491481338843E-15,1.,3.491481338843E-15));
#10905=DIRECTION('',(3.491481338843E-15,1.,3.491481338843E-15));
#10906=DIRECTION('',(3.491481338843E-15,1.,3.491481338843E-15));
#10907=DIRECTION('center_axis',(0.138741688482024,2.97329982389151E-15,
-0.99032860398817));
#10908=DIRECTION('ref_axis',(-0.99032860398817,-4.93038065763217E-32,-0.138741688482024));
#10909=DIRECTION('',(3.491481338843E-15,1.,3.491481338843E-15));
#10910=DIRECTION('',(3.491481338843E-15,1.,3.491481338843E-15));
#10911=DIRECTION('',(3.491481338843E-15,1.,3.491481338843E-15));
#10912=DIRECTION('',(3.491481338843E-15,1.,3.491481338843E-15));
#10913=DIRECTION('',(3.491481338843E-15,1.,3.491481338843E-15));
#10914=DIRECTION('center_axis',(0.,-3.491481338843E-15,1.));
#10915=DIRECTION('ref_axis',(0.,-1.,-3.491481338843E-15));
#10916=DIRECTION('',(3.491481338843E-15,1.,3.491481338843E-15));
#10917=DIRECTION('center_axis',(1.,-3.491481338843E-15,-8.090497890516E-29));
#10918=DIRECTION('ref_axis',(3.491481338843E-15,1.,0.));
#10919=DIRECTION('',(3.491481338843E-15,1.,3.491481338843E-15));
#10920=DIRECTION('center_axis',(-7.132847119575E-29,-3.491481338843E-15,
1.));
#10921=DIRECTION('ref_axis',(0.,-1.,-3.491481338843E-15));
#10922=DIRECTION('',(3.491481338843E-15,1.,3.491481338843E-15));
#10923=DIRECTION('center_axis',(-1.,3.491481338843E-15,0.));
#10924=DIRECTION('ref_axis',(-3.491481338843E-15,-1.,0.));
#10925=DIRECTION('',(3.491481338843E-15,1.,3.491481338843E-15));
#10926=DIRECTION('',(3.491481338843E-15,1.,3.491481338843E-15));
#10927=DIRECTION('',(3.491481338843E-15,1.,3.491481338843E-15));
#10928=DIRECTION('center_axis',(0.,-1.,0.));
#10929=DIRECTION('ref_axis',(0.786040503011478,0.,-0.618174997573877));
#10930=DIRECTION('',(3.491481338843E-15,1.,3.491481338843E-15));
#10931=DIRECTION('',(3.491481338843E-15,1.,3.491481338843E-15));
#10932=DIRECTION('center_axis',(0.,-1.,0.));
#10933=DIRECTION('ref_axis',(-0.596204489573677,0.,-0.802832614317699));
#10934=DIRECTION('',(3.491481338843E-15,1.,3.491481338843E-15));
#10935=DIRECTION('center_axis',(0.,-1.,0.));
#10936=DIRECTION('ref_axis',(0.452172278200711,0.,-0.89193061996255));
#10937=DIRECTION('',(3.491481338843E-15,1.,3.491481338843E-15));
#10938=DIRECTION('',(3.491481338843E-15,1.,3.491481338843E-15));
#10939=DIRECTION('center_axis',(-1.,3.491481338843E-15,0.));
#10940=DIRECTION('ref_axis',(-3.491481338843E-15,-1.,0.));
#10941=DIRECTION('',(0.,0.,1.));
#10942=DIRECTION('',(3.491481338843E-15,1.,3.491481338843E-15));
#10943=DIRECTION('center_axis',(0.133354764893118,2.99469103338364E-15,
-0.991068366299874));
#10944=DIRECTION('ref_axis',(-0.991068366299874,-4.93038065763567E-32,-0.133354764893118));
#10945=DIRECTION('',(-0.991068366299874,0.,-0.133354764893118));
#10946=DIRECTION('center_axis',(3.491481338843E-15,1.,3.491481338843E-15));
#10947=DIRECTION('ref_axis',(-1.,3.491481338843E-15,1.219044193948E-29));
#10948=DIRECTION('',(3.491481338843E-15,1.,3.491481338843E-15));
#10949=DIRECTION('',(3.491481338843E-15,1.,3.491481338843E-15));
#10950=DIRECTION('center_axis',(1.,-3.491481338843E-15,0.));
#10951=DIRECTION('ref_axis',(3.491481338843E-15,1.,0.));
#10952=DIRECTION('',(3.491481338843E-15,1.,3.491481338843E-15));
#10953=DIRECTION('',(0.,0.,-1.));
#10954=DIRECTION('',(3.491481338843E-15,1.,3.491481338843E-15));
#10955=DIRECTION('center_axis',(0.,-1.,0.));
#10956=DIRECTION('ref_axis',(-0.532482749656747,0.,-0.846440855180083));
#10957=DIRECTION('',(3.491481338843E-15,1.,3.491481338843E-15));
#10958=DIRECTION('center_axis',(0.,-1.,0.));
#10959=DIRECTION('ref_axis',(0.654273525086554,0.,-0.756257994583075));
#10960=DIRECTION('',(3.491481338843E-15,1.,3.491481338843E-15));
#10961=DIRECTION('center_axis',(0.,-1.,0.));
#10962=DIRECTION('ref_axis',(0.884633875159096,0.,-0.466286292872738));
#10963=DIRECTION('',(3.491481338843E-15,1.,3.491481338843E-15));
#10964=DIRECTION('center_axis',(0.,-1.,0.));
#10965=DIRECTION('ref_axis',(0.878225583713815,0.,0.478246614322076));
#10966=DIRECTION('',(3.491481338843E-15,1.,3.491481338843E-15));
#10967=DIRECTION('center_axis',(0.,-1.,0.));
#10968=DIRECTION('ref_axis',(0.999979312115531,0.,0.00643236666789));
#10969=DIRECTION('',(3.491481338843E-15,1.,3.491481338843E-15));
#10970=DIRECTION('center_axis',(0.,1.,0.));
#10971=DIRECTION('ref_axis',(0.983196813218006,0.,-0.182548696182571));
#10972=DIRECTION('',(3.491481338843E-15,1.,3.491481338843E-15));
#10973=DIRECTION('',(3.491481338843E-15,1.,3.491481338843E-15));
#10974=DIRECTION('center_axis',(0.,1.,0.));
#10975=DIRECTION('ref_axis',(0.914599592081892,0.,-0.404360712932942));
#10976=DIRECTION('',(3.491481338843E-15,1.,3.491481338843E-15));
#10977=DIRECTION('',(3.491481338843E-15,1.,3.491481338843E-15));
#10978=DIRECTION('center_axis',(-1.,3.491481338843E-15,0.));
#10979=DIRECTION('ref_axis',(-3.491481338843E-15,-1.,0.));
#10980=DIRECTION('',(3.491481338843E-15,1.,3.491481338843E-15));
#10981=DIRECTION('',(0.,0.,1.));
#10982=DIRECTION('',(3.491481338843E-15,1.,3.491481338843E-15));
#10983=DIRECTION('',(3.491481338843E-15,1.,3.491481338843E-15));
#10984=DIRECTION('',(3.491481338843E-15,1.,3.491481338843E-15));
#10985=DIRECTION('',(3.491481338843E-15,1.,3.491481338843E-15));
#10986=DIRECTION('center_axis',(0.,-1.,0.));
#10987=DIRECTION('ref_axis',(0.869140855113215,0.,0.494564630734012));
#10988=DIRECTION('',(3.491481338843E-15,1.,3.491481338843E-15));
#10989=DIRECTION('center_axis',(0.,-1.,0.));
#10990=DIRECTION('ref_axis',(0.999524280602488,0.,-0.0308417328643821));
#10991=DIRECTION('',(3.491481338843E-15,1.,3.491481338843E-15));
#10992=DIRECTION('center_axis',(0.,1.,0.));
#10993=DIRECTION('ref_axis',(0.985528420522837,0.,-0.169510272083324));
#10994=DIRECTION('',(3.491481338843E-15,1.,3.491481338843E-15));
#10995=DIRECTION('center_axis',(0.,1.,0.));
#10996=DIRECTION('ref_axis',(0.837266990014927,0.,-0.546794282551806));
#10997=DIRECTION('center_axis',(0.,1.,0.));
#10998=DIRECTION('ref_axis',(0.,0.,1.));
#10999=DIRECTION('center_axis',(6.880108442387E-29,3.491481338843E-15,-1.));
#11000=DIRECTION('ref_axis',(0.,1.,3.491481338843E-15));
#11001=DIRECTION('',(3.491481338843E-15,1.,3.491481338843E-15));
#11002=DIRECTION('',(-1.,1.97054137619E-14,0.));
#11003=DIRECTION('',(3.491481338843E-15,1.,3.491481338843E-15));
#11004=DIRECTION('center_axis',(0.940093110400032,-2.0920094281613E-15,
-0.340917796218374));
#11005=DIRECTION('ref_axis',(-0.340917796218374,9.86076131527347E-32,-0.940093110400032));
#11006=DIRECTION('',(3.491481338843E-15,1.,3.491481338843E-15));
#11007=DIRECTION('',(-0.340917796218374,4.47274774094391E-15,-0.940093110400032));
#11008=DIRECTION('',(3.491481338843E-15,1.,3.491481338843E-15));
#11009=DIRECTION('center_axis',(0.,3.491481338843E-15,-1.));
#11010=DIRECTION('ref_axis',(0.,1.,3.491481338843E-15));
#11011=DIRECTION('',(3.491481338843E-15,1.,3.491481338843E-15));
#11012=DIRECTION('',(-1.,0.,0.));
#11013=DIRECTION('center_axis',(-0.967617272386384,4.25974399322669E-15,
-0.2524218971871));
#11014=DIRECTION('ref_axis',(-0.2524218971871,0.,0.967617272386384));
#11015=DIRECTION('',(3.491481338843E-15,1.,3.491481338843E-15));
#11016=DIRECTION('',(-0.2524218971871,0.,0.967617272386384));
#11017=DIRECTION('center_axis',(-0.944557460429552,4.4443192536806E-15,
-0.328346164812192));
#11018=DIRECTION('ref_axis',(-0.328346164812192,0.,0.944557460429552));
#11019=DIRECTION('',(3.491481338843E-15,1.,3.491481338843E-15));
#11020=DIRECTION('',(-0.328346164812192,-4.50254807337563E-15,0.944557460429552));
#11021=DIRECTION('center_axis',(0.,3.491481338843E-15,-1.));
#11022=DIRECTION('ref_axis',(0.,1.,3.491481338843E-15));
#11023=DIRECTION('',(3.491481338843E-15,1.,3.491481338843E-15));
#11024=DIRECTION('',(-1.,0.,0.));
#11025=DIRECTION('center_axis',(0.930670322635773,-4.52680766175876E-15,
0.365858921669304));
#11026=DIRECTION('ref_axis',(0.365858921669304,0.,-0.930670322635773));
#11027=DIRECTION('',(3.491481338843E-15,1.,3.491481338843E-15));
#11028=DIRECTION('',(0.365858921669304,3.34158387434478E-15,-0.930670322635773));
#11029=DIRECTION('center_axis',(0.920917203017399,-1.8545315198188E-15,
-0.389758265065169));
#11030=DIRECTION('ref_axis',(-0.389758265065169,9.86076131526692E-32,-0.920917203017399));
#11031=DIRECTION('',(3.491481338843E-15,1.,3.491481338843E-15));
#11032=DIRECTION('',(-0.389758265065169,0.,-0.920917203017399));
#11033=DIRECTION('',(3.491481338843E-15,1.,3.491481338843E-15));
#11034=DIRECTION('',(3.491481338843E-15,1.,3.491481338843E-15));
#11035=DIRECTION('center_axis',(1.,-3.491481338843E-15,0.));
#11036=DIRECTION('ref_axis',(3.491481338843E-15,1.,0.));
#11037=DIRECTION('',(3.491481338843E-15,1.,3.491481338843E-15));
#11038=DIRECTION('',(0.,0.,-1.));
#11039=DIRECTION('',(3.491481338843E-15,1.,3.491481338843E-15));
#11040=DIRECTION('center_axis',(0.,-1.,0.));
#11041=DIRECTION('ref_axis',(0.919490989073911,0.,0.393111079736861));
#11042=DIRECTION('',(3.491481338843E-15,1.,3.491481338843E-15));
#11043=DIRECTION('center_axis',(-0.930300737781474,1.967460414287E-15,0.366797678950187));
#11044=DIRECTION('ref_axis',(0.366797678950187,9.86076131526768E-32,0.930300737781474));
#11045=DIRECTION('',(0.366797678950187,-5.79144040290595E-15,0.930300737781474));
#11046=DIRECTION('center_axis',(2.338866866877E-14,-1.,-2.605717449007E-14));
#11047=DIRECTION('ref_axis',(0.,2.605717449007E-14,-1.));
#11048=DIRECTION('center_axis',(-1.,3.491481338843E-15,7.836536073128E-29));
#11049=DIRECTION('ref_axis',(-3.491481338843E-15,-1.,0.));
#11050=DIRECTION('',(3.491481338843E-15,1.,3.491481338843E-15));
#11051=DIRECTION('',(0.,-2.24447313693E-14,1.));
#11052=DIRECTION('',(3.491481338843E-15,1.,3.491481338843E-15));
#11053=DIRECTION('center_axis',(2.185800555736E-29,3.491481338843E-15,-1.));
#11054=DIRECTION('ref_axis',(0.,1.,3.491481338843E-15));
#11055=DIRECTION('',(3.491481338843E-15,1.,3.491481338843E-15));
#11056=DIRECTION('',(-1.,6.260381607712E-15,0.));
#11057=DIRECTION('center_axis',(-1.,3.491481338843E-15,2.655847331778E-29));
#11058=DIRECTION('ref_axis',(-3.491481338843E-15,-1.,0.));
#11059=DIRECTION('',(3.491481338843E-15,1.,3.491481338843E-15));
#11060=DIRECTION('',(0.,-7.606649081099E-15,1.));
#11061=DIRECTION('center_axis',(0.,-3.491481338843E-15,1.));
#11062=DIRECTION('ref_axis',(0.,-1.,-3.491481338843E-15));
#11063=DIRECTION('',(3.491481338843E-15,1.,3.491481338843E-15));
#11064=DIRECTION('',(1.,0.,0.));
#11065=DIRECTION('center_axis',(-1.,3.491481338843E-15,0.));
#11066=DIRECTION('ref_axis',(-3.491481338843E-15,-1.,0.));
#11067=DIRECTION('',(3.491481338843E-15,1.,3.491481338843E-15));
#11068=DIRECTION('',(0.,0.,1.));
#11069=DIRECTION('center_axis',(0.,3.491481338843E-15,-1.));
#11070=DIRECTION('ref_axis',(0.,1.,3.491481338843E-15));
#11071=DIRECTION('',(3.491481338843E-15,1.,3.491481338843E-15));
#11072=DIRECTION('',(-1.,0.,0.));
#11073=DIRECTION('center_axis',(-1.,3.491481338843E-15,0.));
#11074=DIRECTION('ref_axis',(-3.491481338843E-15,-1.,0.));
#11075=DIRECTION('',(3.491481338843E-15,1.,3.491481338843E-15));
#11076=DIRECTION('',(0.,0.,1.));
#11077=DIRECTION('center_axis',(-2.31463250903E-29,-3.491481338843E-15,
1.));
#11078=DIRECTION('ref_axis',(0.,-1.,-3.491481338843E-15));
#11079=DIRECTION('',(3.491481338843E-15,1.,3.491481338843E-15));
#11080=DIRECTION('',(1.,-6.629370987265E-15,0.));
#11081=DIRECTION('center_axis',(-1.,3.491481338843E-15,0.));
#11082=DIRECTION('ref_axis',(-3.491481338843E-15,-1.,0.));
#11083=DIRECTION('',(3.491481338843E-15,1.,3.491481338843E-15));
#11084=DIRECTION('',(0.,0.,1.));
#11085=DIRECTION('center_axis',(1.734538505513E-29,3.491481338843E-15,-1.));
#11086=DIRECTION('ref_axis',(0.,1.,3.491481338843E-15));
#11087=DIRECTION('',(3.491481338843E-15,1.,3.491481338843E-15));
#11088=DIRECTION('',(-1.,4.96791572739E-15,0.));
#11089=DIRECTION('center_axis',(1.,-3.491481338843E-15,-8.934292148792E-30));
#11090=DIRECTION('ref_axis',(3.491481338843E-15,1.,0.));
#11091=DIRECTION('',(3.491481338843E-15,1.,3.491481338843E-15));
#11092=DIRECTION('',(0.,2.55888297308E-15,-1.));
#11093=DIRECTION('center_axis',(0.,-3.491481338843E-15,1.));
#11094=DIRECTION('ref_axis',(0.,-1.,-3.491481338843E-15));
#11095=DIRECTION('',(1.,0.,0.));
#11096=DIRECTION('center_axis',(0.,1.,2.24447313693E-14));
#11097=DIRECTION('ref_axis',(0.,-2.24447313693E-14,1.));
#11098=DIRECTION('center_axis',(0.,-1.,0.));
#11099=DIRECTION('ref_axis',(0.,0.,-1.));
#11100=DIRECTION('',(1.,0.,0.));
#11101=DIRECTION('center_axis',(0.,-1.,0.));
#11102=DIRECTION('ref_axis',(0.530486932780681,0.,-0.847693113189523));
#11103=DIRECTION('center_axis',(0.,-1.,0.));
#11104=DIRECTION('ref_axis',(0.853949602997889,0.,-0.520355720195088));
#11105=DIRECTION('',(-1.,0.,0.));
#11106=DIRECTION('',(0.,2.55888297308E-15,-1.));
#11107=DIRECTION('',(0.,3.319081628205E-15,-1.));
#11108=DIRECTION('',(-1.,0.,0.));
#11109=DIRECTION('center_axis',(0.,-1.,0.));
#11110=DIRECTION('ref_axis',(-0.597443169007748,0.,-0.801911254320563));
#11111=DIRECTION('center_axis',(0.,-1.,0.));
#11112=DIRECTION('ref_axis',(0.76007141485795,0.,0.649839552748087));
#11113=DIRECTION('center_axis',(0.,-1.,0.));
#11114=DIRECTION('ref_axis',(0.784248311034308,0.,-0.620447086091824));
#11115=DIRECTION('center_axis',(0.,-1.,0.));
#11116=DIRECTION('ref_axis',(0.629544902336213,0.,-0.776964102093841));
#11117=DIRECTION('',(1.,0.,0.));
#11118=DIRECTION('center_axis',(0.,-3.491481338843E-15,1.));
#11119=DIRECTION('ref_axis',(0.,-1.,-3.491481338843E-15));
#11120=DIRECTION('',(3.491481338843E-15,1.,3.491481338843E-15));
#11121=DIRECTION('',(3.491481338843E-15,1.,3.491481338843E-15));
#11122=DIRECTION('',(3.491481338843E-15,1.,3.491481338843E-15));
#11123=DIRECTION('',(3.491481338843E-15,1.,3.491481338843E-15));
#11124=DIRECTION('',(3.491481338843E-15,1.,3.491481338843E-15));
#11125=DIRECTION('',(3.491481338843E-15,1.,3.491481338843E-15));
#11126=DIRECTION('center_axis',(0.,3.491481338843E-15,-1.));
#11127=DIRECTION('ref_axis',(0.,1.,3.491481338843E-15));
#11128=DIRECTION('',(3.491481338843E-15,1.,3.491481338843E-15));
#11129=DIRECTION('center_axis',(1.,-3.491481338843E-15,-8.934292148792E-30));
#11130=DIRECTION('ref_axis',(3.491481338843E-15,1.,0.));
#11131=DIRECTION('center_axis',(0.,3.491481338843E-15,-1.));
#11132=DIRECTION('ref_axis',(0.,1.,3.491481338843E-15));
#11133=DIRECTION('',(-1.,0.,0.));
#11134=DIRECTION('',(3.491481338843E-15,1.,3.491481338843E-15));
#11135=DIRECTION('',(3.491481338843E-15,1.,3.491481338843E-15));
#11136=DIRECTION('center_axis',(1.,-3.491481338843E-15,-1.158851156697E-29));
#11137=DIRECTION('ref_axis',(3.491481338843E-15,1.,0.));
#11138=DIRECTION('',(0.,3.319081628205E-15,-1.));
#11139=DIRECTION('',(3.491481338843E-15,1.,3.491481338843E-15));
#11140=DIRECTION('center_axis',(0.,-3.491481338843E-15,1.));
#11141=DIRECTION('ref_axis',(0.,-1.,-3.491481338843E-15));
#11142=DIRECTION('',(1.,0.,0.));
#11143=DIRECTION('',(3.491481338843E-15,1.,3.491481338843E-15));
#11144=DIRECTION('center_axis',(0.,-1.,0.));
#11145=DIRECTION('ref_axis',(0.629544902336213,0.,-0.776964102093841));
#11146=DIRECTION('',(3.491481338843E-15,1.,3.491481338843E-15));
#11147=DIRECTION('center_axis',(0.,-1.,0.));
#11148=DIRECTION('ref_axis',(0.784248311034308,0.,-0.620447086091824));
#11149=DIRECTION('',(3.491481338843E-15,1.,3.491481338843E-15));
#11150=DIRECTION('center_axis',(0.,-1.,0.));
#11151=DIRECTION('ref_axis',(0.76007141485795,0.,0.649839552748087));
#11152=DIRECTION('',(3.491481338843E-15,1.,3.491481338843E-15));
#11153=DIRECTION('center_axis',(0.,-1.,0.));
#11154=DIRECTION('ref_axis',(-0.597443169007748,0.,-0.801911254320563));
#11155=DIRECTION('center_axis',(3.491481338843E-15,1.,3.491481338843E-15));
#11156=DIRECTION('ref_axis',(-1.,3.491481338843E-15,1.219044193948E-29));
#11157=DIRECTION('center_axis',(0.,1.,2.55888297308E-15));
#11158=DIRECTION('ref_axis',(0.,-2.55888297308E-15,1.));
#11159=DIRECTION('',(-0.355935724364328,-2.3913028498692E-15,0.93451043874386));
#11160=DIRECTION('',(-1.,0.,0.));
#11161=DIRECTION('',(-0.355935724369359,4.78260569972783E-15,-0.934510438741943));
#11162=DIRECTION('',(1.,0.,0.));
#11163=DIRECTION('',(0.331528418357368,-8.82637118601579E-15,0.943445233080046));
#11164=DIRECTION('',(1.,0.,0.));
#11165=DIRECTION('',(0.349395479497359,0.,-0.936975345943964));
#11166=DIRECTION('',(1.,0.,0.));
#11167=DIRECTION('',(1.,0.,0.));
#11168=DIRECTION('',(-0.338535034295301,5.79291323977616E-15,-0.940953787682838));
#11169=DIRECTION('',(-1.,0.,0.));
#11170=DIRECTION('',(-0.341603830690292,-5.78608117017595E-15,0.939844041773803));
#11171=DIRECTION('center_axis',(-0.93451043874386,4.50556869727715E-15,
-0.355935724364328));
#11172=DIRECTION('ref_axis',(-0.355935724364328,1.97215226305434E-31,0.93451043874386));
#11173=DIRECTION('',(3.491481338843E-15,1.,3.491481338843E-15));
#11174=DIRECTION('',(3.491481338843E-15,1.,3.491481338843E-15));
#11175=DIRECTION('center_axis',(0.,3.491481338843E-15,-1.));
#11176=DIRECTION('ref_axis',(0.,1.,3.491481338843E-15));
#11177=DIRECTION('',(3.491481338843E-15,1.,3.491481338843E-15));
#11178=DIRECTION('center_axis',(0.934510438741944,-2.02008281835704E-15,
-0.355935724369359));
#11179=DIRECTION('ref_axis',(-0.355935724369359,0.,-0.934510438741943));
#11180=DIRECTION('',(3.491481338843E-15,1.,3.491481338843E-15));
#11181=DIRECTION('center_axis',(0.,-3.491481338843E-15,1.));
#11182=DIRECTION('ref_axis',(0.,-1.,-3.491481338843E-15));
#11183=DIRECTION('',(3.491481338843E-15,1.,3.491481338843E-15));
#11184=DIRECTION('center_axis',(-0.943445233080046,2.13649613952937E-15,
0.331528418357368));
#11185=DIRECTION('ref_axis',(0.331528418357368,0.,0.943445233080046));
#11186=DIRECTION('',(3.491481338843E-15,1.,3.491481338843E-15));
#11187=DIRECTION('center_axis',(0.,-3.491481338843E-15,1.));
#11188=DIRECTION('ref_axis',(0.,-1.,-3.491481338843E-15));
#11189=DIRECTION('',(3.491481338843E-15,1.,3.491481338843E-15));
#11190=DIRECTION('center_axis',(0.936975345943964,-4.49133973186462E-15,
0.349395479497359));
#11191=DIRECTION('ref_axis',(0.349395479497359,-1.97215226305456E-31,-0.936975345943964));
#11192=DIRECTION('',(3.491481338843E-15,1.,3.491481338843E-15));
#11193=DIRECTION('center_axis',(0.,-3.491481338843E-15,1.));
#11194=DIRECTION('ref_axis',(0.,-1.,-3.491481338843E-15));
#11195=DIRECTION('center_axis',(0.,-3.491481338843E-15,1.));
#11196=DIRECTION('ref_axis',(0.,-1.,-3.491481338843E-15));
#11197=DIRECTION('',(1.,0.,0.));
#11198=DIRECTION('',(3.491481338843E-15,1.,3.491481338843E-15));
#11199=DIRECTION('',(3.491481338843E-15,1.,3.491481338843E-15));
#11200=DIRECTION('center_axis',(-0.939844041773803,4.47415133341182E-15,
-0.341603830690292));
#11201=DIRECTION('ref_axis',(-0.341603830690292,0.,0.939844041773803));
#11202=DIRECTION('',(-0.341603830690292,-5.78608117017595E-15,0.939844041773803));
#11203=DIRECTION('',(3.491481338843E-15,1.,3.491481338843E-15));
#11204=DIRECTION('',(3.491481338843E-15,1.,3.491481338843E-15));
#11205=DIRECTION('center_axis',(0.,3.491481338843E-15,-1.));
#11206=DIRECTION('ref_axis',(0.,1.,3.491481338843E-15));
#11207=DIRECTION('',(-1.,0.,0.));
#11208=DIRECTION('',(3.491481338843E-15,1.,3.491481338843E-15));
#11209=DIRECTION('',(3.491481338843E-15,1.,3.491481338843E-15));
#11210=DIRECTION('center_axis',(0.940953787682838,-2.10333383562187E-15,
-0.338535034295301));
#11211=DIRECTION('ref_axis',(-0.338535034295301,0.,-0.940953787682838));
#11212=DIRECTION('',(-0.338535034295301,5.79291323977616E-15,-0.940953787682838));
#11213=DIRECTION('center_axis',(3.491481338843E-15,1.,3.491481338843E-15));
#11214=DIRECTION('ref_axis',(-1.,3.491481338843E-15,1.219044193948E-29));
#11215=DIRECTION('center_axis',(7.924773063855E-15,1.,6.130486921613E-15));
#11216=DIRECTION('ref_axis',(-1.,7.924773063855E-15,0.));
#11217=DIRECTION('center_axis',(0.,-1.,0.));
#11218=DIRECTION('ref_axis',(0.920725708860267,0.,-0.390210416370142));
#11219=DIRECTION('center_axis',(0.,-1.,0.));
#11220=DIRECTION('ref_axis',(0.2050960933366,0.,-0.978741841599747));
#11221=DIRECTION('center_axis',(0.,-1.,0.));
#11222=DIRECTION('ref_axis',(0.262599535847005,0.,-0.964904909186878));
#11223=DIRECTION('center_axis',(0.,-1.,0.));
#11224=DIRECTION('ref_axis',(0.0544811967091815,0.,-0.998514796688129));
#11225=DIRECTION('center_axis',(0.,-1.,0.));
#11226=DIRECTION('ref_axis',(0.480678538650184,0.,-0.876896882467445));
#11227=DIRECTION('center_axis',(0.,-1.,0.));
#11228=DIRECTION('ref_axis',(-0.51846062912571,0.,-0.855101500435225));
#11229=DIRECTION('',(0.,0.,1.));
#11230=DIRECTION('',(0.884094950247918,-4.54556571573872E-15,0.467307306754485));
#11231=DIRECTION('',(-0.50488304864933,0.,0.863187758941564));
#11232=DIRECTION('',(-0.886348842795962,4.76120589356817E-15,-0.463018065386502));
#11233=DIRECTION('',(1.,0.,0.));
#11234=DIRECTION('',(-1.,0.,0.));
#11235=DIRECTION('',(1.,-6.79064870009E-15,0.));
#11236=DIRECTION('center_axis',(0.,-1.,0.));
#11237=DIRECTION('ref_axis',(0.30332969879287,0.,-0.952885666714652));
#11238=DIRECTION('center_axis',(0.,-1.,0.));
#11239=DIRECTION('ref_axis',(0.2905039620522,0.,-0.956873788977404));
#11240=DIRECTION('',(3.491481338843E-15,1.,3.491481338843E-15));
#11241=DIRECTION('',(3.491481338843E-15,1.,3.491481338843E-15));
#11242=DIRECTION('',(3.491481338843E-15,1.,3.491481338843E-15));
#11243=DIRECTION('',(3.491481338843E-15,1.,3.491481338843E-15));
#11244=DIRECTION('',(3.491481338843E-15,1.,3.491481338843E-15));
#11245=DIRECTION('',(3.491481338843E-15,1.,3.491481338843E-15));
#11246=DIRECTION('',(3.491481338843E-15,1.,3.491481338843E-15));
#11247=DIRECTION('',(3.491481338843E-15,1.,3.491481338843E-15));
#11248=DIRECTION('',(3.491481338843E-15,1.,3.491481338843E-15));
#11249=DIRECTION('',(3.491481338843E-15,1.,3.491481338843E-15));
#11250=DIRECTION('',(3.491481338843E-15,1.,3.491481338843E-15));
#11251=DIRECTION('',(3.491481338843E-15,1.,3.491481338843E-15));
#11252=DIRECTION('',(3.491481338843E-15,1.,3.491481338843E-15));
#11253=DIRECTION('center_axis',(-1.,3.491481338843E-15,0.));
#11254=DIRECTION('ref_axis',(-3.491481338843E-15,-1.,0.));
#11255=DIRECTION('',(3.491481338843E-15,1.,3.491481338843E-15));
#11256=DIRECTION('center_axis',(-0.467307306754485,-1.45520627951851E-15,
0.884094950247918));
#11257=DIRECTION('ref_axis',(0.884094950247918,9.86076131527289E-32,0.467307306754485));
#11258=DIRECTION('',(3.491481338843E-15,1.,3.491481338843E-15));
#11259=DIRECTION('center_axis',(-0.863187758941564,4.77659369492312E-15,
-0.50488304864933));
#11260=DIRECTION('ref_axis',(-0.50488304864933,0.,0.863187758941563));
#11261=DIRECTION('',(3.491481338843E-15,1.,3.491481338843E-15));
#11262=DIRECTION('center_axis',(0.463018065386502,1.4780515094836E-15,-0.886348842795962));
#11263=DIRECTION('ref_axis',(-0.886348842795962,0.,-0.463018065386502));
#11264=DIRECTION('',(3.491481338843E-15,1.,3.491481338843E-15));
#11265=DIRECTION('',(3.491481338843E-15,1.,3.491481338843E-15));
#11266=DIRECTION('',(3.491481338843E-15,1.,3.491481338843E-15));
#11267=DIRECTION('',(3.491481338843E-15,1.,3.491481338843E-15));
#11268=DIRECTION('',(3.491481338843E-15,1.,3.491481338843E-15));
#11269=DIRECTION('',(3.491481338843E-15,1.,3.491481338843E-15));
#11270=DIRECTION('',(3.491481338843E-15,1.,3.491481338843E-15));
#11271=DIRECTION('',(3.491481338843E-15,1.,3.491481338843E-15));
#11272=DIRECTION('center_axis',(0.,-3.491481338843E-15,1.));
#11273=DIRECTION('ref_axis',(0.,-1.,-3.491481338843E-15));
#11274=DIRECTION('',(3.491481338843E-15,1.,3.491481338843E-15));
#11275=DIRECTION('',(3.491481338843E-15,1.,3.491481338843E-15));
#11276=DIRECTION('',(3.491481338843E-15,1.,3.491481338843E-15));
#11277=DIRECTION('center_axis',(0.,3.491481338843E-15,-1.));
#11278=DIRECTION('ref_axis',(0.,1.,3.491481338843E-15));
#11279=DIRECTION('',(3.491481338843E-15,1.,3.491481338843E-15));
#11280=DIRECTION('',(3.491481338843E-15,1.,3.491481338843E-15));
#11281=DIRECTION('',(3.491481338843E-15,1.,3.491481338843E-15));
#11282=DIRECTION('',(3.491481338843E-15,1.,3.491481338843E-15));
#11283=DIRECTION('center_axis',(0.,-3.491481338843E-15,1.));
#11284=DIRECTION('ref_axis',(0.,-1.,-3.491481338843E-15));
#11285=DIRECTION('',(3.491481338843E-15,1.,3.491481338843E-15));
#11286=DIRECTION('',(3.491481338843E-15,1.,3.491481338843E-15));
#11287=DIRECTION('',(3.491481338843E-15,1.,3.491481338843E-15));
#11288=DIRECTION('',(3.491481338843E-15,1.,3.491481338843E-15));
#11289=DIRECTION('center_axis',(3.491481338843E-15,1.,3.491481338843E-15));
#11290=DIRECTION('ref_axis',(-1.,3.491481338843E-15,1.219044193948E-29));
#11291=DIRECTION('center_axis',(3.491481338843E-15,1.,3.491481338843E-15));
#11292=DIRECTION('ref_axis',(-1.,3.491481338843E-15,7.69326506392814E-32));
#11293=DIRECTION('center_axis',(3.491481338843E-15,1.,3.491481338843E-15));
#11294=DIRECTION('ref_axis',(-1.,3.491481338843E-15,7.69326506392814E-32));
#11295=DIRECTION('',(-3.491481338843E-15,-1.,-3.491481338843E-15));
#11296=DIRECTION('center_axis',(3.491481338843E-15,1.,3.491481338843E-15));
#11297=DIRECTION('ref_axis',(-1.,3.491481338843E-15,7.69326506392814E-32));
#11298=DIRECTION('center_axis',(3.491481338843E-15,1.,3.491481338843E-15));
#11299=DIRECTION('ref_axis',(-1.,3.491481338843E-15,7.69326506392814E-32));
#11300=DIRECTION('center_axis',(3.491481338843E-15,1.,3.491481338843E-15));
#11301=DIRECTION('ref_axis',(-1.,3.491481338843E-15,7.69326506392814E-32));
#11302=DIRECTION('',(-3.491481338843E-15,-1.,-3.491481338843E-15));
#11303=DIRECTION('center_axis',(3.491481338843E-15,1.,3.491481338843E-15));
#11304=DIRECTION('ref_axis',(1.,-3.49148133884299E-15,-1.734723475976E-15));
#11305=DIRECTION('center_axis',(-3.491481338843E-15,-1.,-3.491481338843E-15));
#11306=DIRECTION('ref_axis',(1.,-3.491481338843E-15,1.7704140679392E-32));
#11307=DIRECTION('center_axis',(-3.491481338843E-15,-1.,-3.491481338843E-15));
#11308=DIRECTION('ref_axis',(1.,-3.491481338843E-15,-7.69326506392814E-32));
#11309=DIRECTION('',(3.491481338843E-15,1.,3.491481338843E-15));
#11310=DIRECTION('center_axis',(-3.491481338843E-15,-1.,-3.491481338843E-15));
#11311=DIRECTION('ref_axis',(1.,-3.491481338843E-15,-7.69326506392814E-32));
#11312=DIRECTION('center_axis',(-3.491481338843E-15,-1.,-3.491481338843E-15));
#11313=DIRECTION('ref_axis',(1.,-3.491481338843E-15,1.7704140679392E-32));
#11314=DIRECTION('center_axis',(-3.491481338843E-15,-1.,-3.491481338843E-15));
#11315=DIRECTION('ref_axis',(1.,-3.491481338843E-15,-7.69326506392814E-32));
#11316=DIRECTION('',(3.491481338843E-15,1.,3.491481338843E-15));
#11317=DIRECTION('center_axis',(-3.491481338843E-15,-1.,-3.491481338843E-15));
#11318=DIRECTION('ref_axis',(-1.,3.49148133884299E-15,3.469446951953E-15));
#11319=DIRECTION('center_axis',(3.491481338843E-15,1.,3.491481338843E-15));
#11320=DIRECTION('ref_axis',(-1.,3.28954970259306E-15,0.));
#11321=DIRECTION('center_axis',(-3.491481338843E-15,-1.,-3.491481338843E-15));
#11322=DIRECTION('ref_axis',(-1.,3.491481338843E-15,7.69326506392814E-32));
#11323=DIRECTION('center_axis',(-0.996194698091797,3.78249784762103E-15,
-0.0871557427470697));
#11324=DIRECTION('ref_axis',(-0.0871557427470697,-4.93038065763527E-32,
0.996194698091797));
#11325=DIRECTION('center_axis',(3.491481338843E-15,1.,3.491481338843E-15));
#11326=DIRECTION('ref_axis',(-1.,3.491481338843E-15,5.42836854057246E-31));
#11327=DIRECTION('center_axis',(3.491481338843E-15,1.,3.491481338843E-15));
#11328=DIRECTION('ref_axis',(-1.,3.53626593028754E-15,0.));
#11329=DIRECTION('center_axis',(-3.491481338843E-15,-1.,-3.491481338843E-15));
#11330=DIRECTION('ref_axis',(-1.,3.491481338843E-15,-3.95434002160824E-32));
#11331=DIRECTION('center_axis',(3.491481338843E-15,1.,3.491481338843E-15));
#11332=DIRECTION('ref_axis',(-1.,3.491481338843E-15,7.69326506392814E-32));
#11333=DIRECTION('center_axis',(-0.996194698091797,3.78249784762103E-15,
-0.0871557427470697));
#11334=DIRECTION('ref_axis',(-0.0871557427470697,-4.93038065763527E-32,
0.996194698091797));
#11335=DIRECTION('center_axis',(3.491481338843E-15,1.,3.491481338843E-15));
#11336=DIRECTION('ref_axis',(-1.,3.491481338843E-15,-7.44862154733908E-32));
#11337=DIRECTION('center_axis',(-3.491481338843E-15,-1.,-3.491481338843E-15));
#11338=DIRECTION('ref_axis',(1.,-3.491481338843E-15,7.44862154733908E-32));
#11339=DIRECTION('',(3.491481338843E-15,1.,3.491481338843E-15));
#11340=DIRECTION('center_axis',(-3.491481338843E-15,-1.,-3.491481338843E-15));
#11341=DIRECTION('ref_axis',(1.,-3.491481338843E-15,-7.69326506392814E-32));
#11342=DIRECTION('',(-3.491481338843E-15,-1.,-3.491481338843E-15));
#11343=DIRECTION('center_axis',(-3.491481338843E-15,-1.,-3.491481338843E-15));
#11344=DIRECTION('ref_axis',(-1.,3.491481338843E-15,-7.44862154733908E-32));
#11345=DIRECTION('',(3.491481338843E-15,1.,3.491481338843E-15));
#11346=DIRECTION('center_axis',(-3.491481338843E-15,-1.,-3.491481338843E-15));
#11347=DIRECTION('ref_axis',(1.,-3.491481338843E-15,-7.69326506392814E-32));
#11348=DIRECTION('',(3.491481338843E-15,1.,3.491481338843E-15));
#11349=DIRECTION('center_axis',(-3.491481338843E-15,-1.,-3.491481338843E-15));
#11350=DIRECTION('ref_axis',(1.,-3.491481338843E-15,-7.69326506392814E-32));
#11351=DIRECTION('center_axis',(-3.491481338843E-15,-1.,-3.491481338843E-15));
#11352=DIRECTION('ref_axis',(1.,-3.491481338843E-15,-7.69326506392814E-32));
#11353=DIRECTION('',(-3.491481338843E-15,-1.,-3.491481338843E-15));
#11354=DIRECTION('center_axis',(-3.491481338843E-15,-1.,-3.491481338843E-15));
#11355=DIRECTION('ref_axis',(1.,-3.491481338843E-15,-7.69326506392814E-32));
#11356=DIRECTION('',(-3.491481338843E-15,-1.,-3.491481338843E-15));
#11357=DIRECTION('center_axis',(3.491481338843E-15,1.,3.491481338843E-15));
#11358=DIRECTION('ref_axis',(-1.,3.491481338843E-15,7.69326506392814E-32));
#11359=DIRECTION('center_axis',(3.491481338843E-15,1.,3.491481338843E-15));
#11360=DIRECTION('ref_axis',(-1.,3.491481338843E-15,7.69326506392814E-32));
#11361=DIRECTION('',(-3.491481338843E-15,-1.,-3.491481338843E-15));
#11362=DIRECTION('',(3.491481338843E-15,1.,3.491481338843E-15));
#11363=DIRECTION('center_axis',(-0.996194698091797,3.78249784762103E-15,
-0.0871557427470697));
#11364=DIRECTION('ref_axis',(0.0871557427470697,3.17389254886754E-15,-0.996194698091797));
#11365=DIRECTION('',(-3.491481338843E-15,-1.,-3.491481338843E-15));
#11366=DIRECTION('center_axis',(0.996194698091921,-4.18944471847871E-12,
0.0871557427456576));
#11367=DIRECTION('ref_axis',(0.0871557427456576,-1.78310542766022E-10,-0.996194698091921));
#11368=DIRECTION('',(0.0871557427470697,3.17389254886754E-15,-0.996194698091797));
#11369=DIRECTION('',(3.491481338843E-15,1.,3.491481338843E-15));
#11370=DIRECTION('',(3.491481338843E-15,1.,3.491481338843E-15));
#11371=DIRECTION('',(-0.0871557427470697,-3.17389254886754E-15,0.996194698091797));
#11372=DIRECTION('',(3.491481338843E-15,1.,3.491481338843E-15));
#11373=DIRECTION('',(-0.0871557427470697,-3.17389254886754E-15,0.996194698091797));
#11374=DIRECTION('',(-0.0871557427470697,-3.17389254886754E-15,0.996194698091797));
#11375=DIRECTION('center_axis',(-0.996194698091797,3.78249784762103E-15,
-0.0871557427470697));
#11376=DIRECTION('ref_axis',(0.0871557427470697,3.17389254886754E-15,-0.996194698091797));
#11377=DIRECTION('',(-3.491481338843E-15,-1.,-3.491481338843E-15));
#11378=DIRECTION('',(0.0871557427470697,3.17389254886754E-15,-0.996194698091797));
#11379=DIRECTION('center_axis',(-0.996194698091927,8.05562214157131E-15,
-0.0871557427455825));
#11380=DIRECTION('ref_axis',(0.0871557427455825,-3.91954300601012E-14,-0.996194698091927));
#11381=DIRECTION('',(-3.491481338843E-15,-1.,-3.491481338843E-15));
#11382=DIRECTION('center_axis',(0.996194698092017,-3.88594492157259E-12,
0.087155742744555));
#11383=DIRECTION('ref_axis',(0.087155742744555,1.68020616008748E-10,-0.996194698092017));
#11384=DIRECTION('',(0.0871557427470697,3.17389254886754E-15,-0.996194698091797));
#11385=DIRECTION('',(-0.0871557427470697,-3.17389254886754E-15,0.996194698091797));
#11386=DIRECTION('',(3.491481338843E-15,1.,3.491481338843E-15));
#11387=DIRECTION('',(-0.0871557427470697,-3.17389254886754E-15,0.996194698091797));
#11388=DIRECTION('',(-3.491481338843E-15,-1.,-3.491481338843E-15));
#11389=DIRECTION('center_axis',(3.491481338843E-15,1.,3.491481338843E-15));
#11390=DIRECTION('ref_axis',(0.996194698091746,-3.78249784761809E-15,0.0871557427476511));
#11391=DIRECTION('center_axis',(-3.491481338843E-15,-1.,-3.491481338843E-15));
#11392=DIRECTION('ref_axis',(-1.,3.49148133884299E-15,3.556183125752E-15));
#11393=DIRECTION('',(-3.491481338843E-15,-1.,-3.491481338843E-15));
#11394=DIRECTION('center_axis',(3.491481338843E-15,1.,3.491481338843E-15));
#11395=DIRECTION('ref_axis',(-1.,3.491481338843E-15,1.22321758294527E-33));
#11396=DIRECTION('',(-3.491481338843E-15,-1.,-3.491481338843E-15));
#11397=DIRECTION('center_axis',(0.250145623057228,-4.25385972515787E-15,
0.968208225158881));
#11398=DIRECTION('ref_axis',(-0.968208225158881,2.50710217535928E-15,0.250145623057228));
#11399=DIRECTION('',(-0.968208225158881,2.50710217535928E-15,0.250145623057228));
#11400=DIRECTION('',(0.968208225158881,-2.50710217535928E-15,-0.250145623057228));
#11401=DIRECTION('center_axis',(0.41447294287012,1.7303386705625E-15,-0.910061635071264));
#11402=DIRECTION('ref_axis',(0.910061635071264,-4.62458776153534E-15,0.41447294287012));
#11403=DIRECTION('',(0.910061635071264,-4.62458776153534E-15,0.41447294287012));
#11404=DIRECTION('center_axis',(-0.414472942861455,-5.81890804038635E-13,
0.91006163507521));
#11405=DIRECTION('ref_axis',(0.91006163507521,1.1892763806828E-11,0.414472942861455));
#11406=DIRECTION('',(-0.910061635071264,4.62458776153534E-15,-0.41447294287012));
#11407=DIRECTION('center_axis',(0.414463228475379,1.07150970065071E-5,-0.910066059210513));
#11408=DIRECTION('ref_axis',(0.91006079341785,0.00339694844513663,0.414460870318217));
#11409=DIRECTION('center_axis',(3.491481338843E-15,1.,3.491481338843E-15));
#11410=DIRECTION('ref_axis',(-1.,3.491481338843E-15,1.219044193948E-29));
#11411=DIRECTION('',(-0.910061635071264,4.62458776153534E-15,-0.41447294287012));
#11412=DIRECTION('center_axis',(3.491481338843E-15,1.,3.491481338843E-15));
#11413=DIRECTION('ref_axis',(-1.,3.491481338843E-15,-1.34666724124344E-32));
#11414=DIRECTION('',(0.968208225158881,-2.50710217535928E-15,-0.250145623057228));
#11415=DIRECTION('',(-0.0871557427470697,-3.17389254886754E-15,0.996194698091797));
#11416=DIRECTION('center_axis',(3.491481338843E-15,1.,3.491481338843E-15));
#11417=DIRECTION('ref_axis',(-1.,3.491481338843E-15,1.219044193948E-29));
#11418=DIRECTION('',(-0.968208225158881,2.50710217535928E-15,0.250145623057228));
#11419=DIRECTION('center_axis',(-3.491481338843E-15,-1.,-3.491481338843E-15));
#11420=DIRECTION('ref_axis',(-1.,3.49148133884299E-15,3.53849067239E-15));
#11421=DIRECTION('',(0.0871557427470697,3.17389254886754E-15,-0.996194698091797));
#11422=DIRECTION('center_axis',(3.491481338843E-15,1.,3.491481338843E-15));
#11423=DIRECTION('ref_axis',(0.996194698091747,-3.78249784761808E-15,0.0871557427476467));
#11424=DIRECTION('center_axis',(3.491481338843E-15,1.,3.491481338843E-15));
#11425=DIRECTION('ref_axis',(-1.,3.491481338843E-15,3.06978912252244E-33));
#11426=DIRECTION('',(3.491481338843E-15,1.,3.491481338843E-15));
#11427=DIRECTION('center_axis',(3.491481338843E-15,1.,3.491481338843E-15));
#11428=DIRECTION('ref_axis',(-1.,3.491481338843E-15,3.06978912252244E-33));
#11429=DIRECTION('',(3.491481338843E-15,1.,3.491481338843E-15));
#11430=DIRECTION('center_axis',(0.250145623057228,-4.25385972515787E-15,
0.968208225158881));
#11431=DIRECTION('ref_axis',(-0.968208225158881,2.50710217535928E-15,0.250145623057228));
#11432=DIRECTION('',(0.968208225158881,-2.50710217535928E-15,-0.250145623057228));
#11433=DIRECTION('',(0.968208225158881,-2.50710217535928E-15,-0.250145623057228));
#11434=DIRECTION('center_axis',(0.41447294287012,1.7303386705625E-15,-0.910061635071264));
#11435=DIRECTION('ref_axis',(0.910061635071264,-4.62458776153534E-15,0.41447294287012));
#11436=DIRECTION('',(-0.910061635071264,4.62458776153534E-15,-0.41447294287012));
#11437=DIRECTION('',(-0.910061635071264,4.62458776153534E-15,-0.41447294287012));
#11438=DIRECTION('center_axis',(3.491481338843E-15,1.,3.491481338843E-15));
#11439=DIRECTION('ref_axis',(-1.,3.491481338843E-15,1.219044193948E-29));
#11440=DIRECTION('center_axis',(3.491481338843E-15,1.,3.491481338843E-15));
#11441=DIRECTION('ref_axis',(-1.,3.491481338843E-15,7.69326506392814E-32));
#11442=DIRECTION('center_axis',(3.491481338843E-15,1.,3.491481338843E-15));
#11443=DIRECTION('ref_axis',(-1.,3.491481338843E-15,1.219044193948E-29));
#11444=DIRECTION('center_axis',(-3.491481338843E-15,-1.,-3.491481338843E-15));
#11445=DIRECTION('ref_axis',(1.,-3.491481338843E-15,-1.219044193948E-29));
#11446=DIRECTION('center_axis',(-3.491481338843E-15,-1.,-3.491481338843E-15));
#11447=DIRECTION('ref_axis',(1.,-3.491481338843E-15,-7.69326506392814E-32));
#11448=DIRECTION('center_axis',(-3.491481338843E-15,-1.,-3.491481338843E-15));
#11449=DIRECTION('ref_axis',(1.,-3.491481338843E-15,-7.69326506392814E-32));
#11450=DIRECTION('',(-0.0871557427470697,-3.17389254886754E-15,0.996194698091797));
#11451=DIRECTION('',(-0.0871557427470697,-3.17389254886754E-15,0.996194698091797));
#11452=DIRECTION('center_axis',(-3.491481338843E-15,-1.,-3.491481338843E-15));
#11453=DIRECTION('ref_axis',(1.,-3.491481338843E-15,-7.69326506392814E-32));
#11454=DIRECTION('center_axis',(-3.491481338843E-15,-1.,-3.491481338843E-15));
#11455=DIRECTION('ref_axis',(-0.996194698091734,3.78249784761855E-15,-0.0871557427477942));
#11456=DIRECTION('center_axis',(3.491481338843E-15,1.,3.491481338843E-15));
#11457=DIRECTION('ref_axis',(-1.,3.491481338843E-15,1.219044193948E-29));
#11458=DIRECTION('',(-0.0871557427470697,-3.17389254886754E-15,0.996194698091797));
#11459=DIRECTION('center_axis',(-3.491481338843E-15,-1.,-3.491481338843E-15));
#11460=DIRECTION('ref_axis',(1.,-3.491481338843E-15,-7.69326506392814E-32));
#11461=DIRECTION('',(-0.0871557427470697,-3.17389254886754E-15,0.996194698091797));
#11462=DIRECTION('center_axis',(-3.491481338843E-15,-1.,-3.491481338843E-15));
#11463=DIRECTION('ref_axis',(-0.996194698091748,3.78249784761803E-15,-0.0871557427476308));
#11464=DIRECTION('',(-3.491481338843E-15,-1.,-3.491481338843E-15));
#11465=DIRECTION('center_axis',(-3.491481338843E-15,-1.,-3.491481338843E-15));
#11466=DIRECTION('ref_axis',(1.,-3.491481338843E-15,-7.69326506392814E-32));
#11467=DIRECTION('',(-3.491481338843E-15,-1.,-3.491481338843E-15));
#11468=DIRECTION('center_axis',(0.996194698091797,-3.78249784762103E-15,
0.0871557427470697));
#11469=DIRECTION('ref_axis',(-0.0871557427470697,-3.17389254886754E-15,
0.996194698091797));
#11470=DIRECTION('',(-0.0871557427470697,-3.17389254886754E-15,0.996194698091797));
#11471=DIRECTION('center_axis',(0.996194698091797,-3.78249784762103E-15,
0.0871557427470697));
#11472=DIRECTION('ref_axis',(-0.0871557427470697,-3.17389254886754E-15,
0.996194698091797));
#11473=DIRECTION('',(-0.0871557427470697,-3.17389254886754E-15,0.996194698091797));
#11474=DIRECTION('center_axis',(-3.491481338843E-15,-1.,-3.491481338843E-15));
#11475=DIRECTION('ref_axis',(1.,-3.491481338843E-15,-1.219044193948E-29));
#11476=DIRECTION('center_axis',(3.491481338843E-15,1.,3.491481338843E-15));
#11477=DIRECTION('ref_axis',(0.996194698091748,-3.78249784761804E-15,0.0871557427476325));
#11478=DIRECTION('',(3.491481338843E-15,1.,3.491481338843E-15));
#11479=DIRECTION('center_axis',(-3.491481338843E-15,-1.,-3.491481338843E-15));
#11480=DIRECTION('ref_axis',(1.,-3.491481338843E-15,-7.69326506392814E-32));
#11481=DIRECTION('',(3.491481338843E-15,1.,3.491481338843E-15));
#11482=DIRECTION('center_axis',(-0.996194698091797,3.78249784762103E-15,
-0.0871557427470697));
#11483=DIRECTION('ref_axis',(0.0871557427470697,3.17389254886754E-15,-0.996194698091797));
#11484=DIRECTION('',(-0.0871557427470697,-3.17389254886754E-15,0.996194698091797));
#11485=DIRECTION('center_axis',(-0.996194698091797,3.78249784762103E-15,
-0.0871557427470697));
#11486=DIRECTION('ref_axis',(0.0871557427470697,3.17389254886754E-15,-0.996194698091797));
#11487=DIRECTION('',(-0.0871557427470697,-3.17389254886754E-15,0.996194698091797));
#11488=DIRECTION('center_axis',(3.491481338843E-15,1.,3.491481338843E-15));
#11489=DIRECTION('ref_axis',(1.,-3.491481338843E-15,-1.219044193948E-29));
#11490=DIRECTION('center_axis',(-0.968208225158881,2.50710217535928E-15,
0.250145623057228));
#11491=DIRECTION('ref_axis',(-0.250145623057228,4.33680868994595E-15,-0.968208225158881));
#11492=DIRECTION('center_axis',(3.491481338843E-15,1.,3.491481338843E-15));
#11493=DIRECTION('ref_axis',(0.99617567391485,-3.78135366803042E-15,0.0873729174303739));
#11494=DIRECTION('center_axis',(0.968208225158881,-2.50710217535928E-15,
-0.250145623057228));
#11495=DIRECTION('ref_axis',(0.250145623057228,0.,0.968208225158881));
#11496=DIRECTION('center_axis',(-0.646216358336364,-1.15274566241513E-12,
0.76315425584772));
#11497=DIRECTION('ref_axis',(0.76315425584772,2.80510058001682E-11,0.646216358336364));
#11498=DIRECTION('center_axis',(3.491481338843E-15,1.,3.491481338843E-15));
#11499=DIRECTION('ref_axis',(0.996194698091743,-3.78135366803042E-15,0.0871557427476819));
#11500=DIRECTION('center_axis',(0.0871557427470697,3.17389254886754E-15,
-0.996194698091797));
#11501=DIRECTION('ref_axis',(0.996194698091797,-4.33680868994547E-15,0.0871557427470697));
#11502=DIRECTION('center_axis',(-0.0871557427470697,-3.17389254886754E-15,
0.996194698091797));
#11503=DIRECTION('ref_axis',(-0.996194698091797,0.,-0.0871557427470697));
#11504=DIRECTION('center_axis',(-0.910061635071264,4.62458776153534E-15,
-0.41447294287012));
#11505=DIRECTION('ref_axis',(0.41447294287012,0.,-0.910061635071264));
#11506=DIRECTION('center_axis',(3.491481338843E-15,1.,3.491481338843E-15));
#11507=DIRECTION('ref_axis',(-1.,3.491481338843E-15,1.219044193948E-29));
#11508=DIRECTION('center_axis',(-3.491481338843E-15,-1.,-3.491481338843E-15));
#11509=DIRECTION('ref_axis',(1.,-3.491481338843E-15,-1.219044193948E-29));
#11510=DIRECTION('center_axis',(-3.491481338843E-15,-1.,-3.491481338843E-15));
#11511=DIRECTION('ref_axis',(1.,-3.491481338843E-15,-1.219044193948E-29));
#11512=DIRECTION('center_axis',(3.491481338843E-15,1.,3.491481338843E-15));
#11513=DIRECTION('ref_axis',(-1.,3.491481338843E-15,1.219044193948E-29));
#11514=DIRECTION('',(0.,0.,1.));
#11515=DIRECTION('',(1.,0.,0.));
#11516=DIRECTION('',(0.,0.,1.));
#11517=DIRECTION('',(1.,0.,0.));
#11518=CARTESIAN_POINT('',(0.,0.,0.));
#11519=CARTESIAN_POINT('',(0.,0.,0.));
#11520=CARTESIAN_POINT('',(0.,0.,0.));
#11521=CARTESIAN_POINT('Origin',(3.474113538954,-1.489121605922,8.923235144876));
#11522=CARTESIAN_POINT('',(3.474113538954,-1.869121605922,1.373235144876));
#11523=CARTESIAN_POINT('',(3.474113538954,-1.869121605922,4.271235144876));
#11524=CARTESIAN_POINT('',(3.474113538954,-1.869121605922,1.073235144876));
#11525=CARTESIAN_POINT('',(3.474113538954,-1.569121605922,1.073235144876));
#11526=CARTESIAN_POINT('Origin',(3.474113538954,-1.569121605922,1.373235144876));
#11527=CARTESIAN_POINT('',(3.474113538954,-1.409121605922,1.073235144876));
#11528=CARTESIAN_POINT('',(3.474113538954,-1.489121605922,1.073235144876));
#11529=CARTESIAN_POINT('',(3.474113538954,-1.109121605922,1.373235144876));
#11530=CARTESIAN_POINT('Origin',(3.474113538954,-1.409121605922,1.373235144876));
#11531=CARTESIAN_POINT('',(3.474113538954,-1.109121605922,4.271235144876));
#11532=CARTESIAN_POINT('',(3.474113538954,-1.109121605922,4.371235144876));
#11533=CARTESIAN_POINT('',(3.474113538954,-1.009121605922,4.371235144876));
#11534=CARTESIAN_POINT('Origin',(3.474113538954,-1.009121605922,4.271235144876));
#11535=CARTESIAN_POINT('',(3.474113538954,-1.969121605922,4.371235144876));
#11536=CARTESIAN_POINT('',(3.474113538954,-0.739121605922,4.371235144876));
#11537=CARTESIAN_POINT('Origin',(3.474113538954,-1.969121605922,4.271235144876));
#11538=CARTESIAN_POINT('Origin',(3.074113538954,-1.489121605922,8.923235144876));
#11539=CARTESIAN_POINT('',(3.074113538954,-1.569121605922,1.073235144876));
#11540=CARTESIAN_POINT('',(3.074113538954,-1.409121605922,1.073235144876));
#11541=CARTESIAN_POINT('',(3.074113538954,-0.739121605922,1.073235144876));
#11542=CARTESIAN_POINT('',(3.074113538954,-1.869121605922,1.373235144876));
#11543=CARTESIAN_POINT('Origin',(3.074113538954,-1.569121605922,1.373235144876));
#11544=CARTESIAN_POINT('',(3.074113538954,-1.869121605922,4.271235144876));
#11545=CARTESIAN_POINT('',(3.074113538954,-1.869121605922,4.371235144876));
#11546=CARTESIAN_POINT('',(3.074113538954,-1.969121605922,4.371235144876));
#11547=CARTESIAN_POINT('Origin',(3.074113538954,-1.969121605922,4.271235144876));
#11548=CARTESIAN_POINT('',(3.074113538954,-1.009121605922,4.371235144876));
#11549=CARTESIAN_POINT('',(3.074113538954,-0.739121605922,4.371235144876));
#11550=CARTESIAN_POINT('',(3.074113538954,-1.109121605922,4.271235144876));
#11551=CARTESIAN_POINT('Origin',(3.074113538954,-1.009121605922,4.271235144876));
#11552=CARTESIAN_POINT('',(3.074113538954,-1.109121605922,1.373235144876));
#11553=CARTESIAN_POINT('',(3.074113538954,-1.109121605922,1.073235144876));
#11554=CARTESIAN_POINT('Origin',(3.074113538954,-1.409121605922,1.373235144876));
#11555=CARTESIAN_POINT('Origin',(3.474113538954,-0.739121605922,1.073235144876));
#11556=CARTESIAN_POINT('',(3.074113538954,-1.569121605922,1.073235144876));
#11557=CARTESIAN_POINT('',(3.474113538954,-1.409121605922,1.073235144876));
#11558=CARTESIAN_POINT('Origin',(-0.965886461045,-1.489121605922,8.923235144876));
#11559=CARTESIAN_POINT('',(-0.965886461046,-3.439121605922,12.973235144876));
#11560=CARTESIAN_POINT('',(-0.965886461045,0.460878394077,12.973235144876));
#11561=CARTESIAN_POINT('',(-0.965886461046,-3.939121605922,12.973235144876));
#11562=CARTESIAN_POINT('',(-0.965886461045,0.960878394077,12.473235144876));
#11563=CARTESIAN_POINT('Origin',(-0.965886461045,0.460878394077,12.473235144876));
#11564=CARTESIAN_POINT('',(-0.965885838214834,0.960878392523811,11.973235144876));
#11565=CARTESIAN_POINT('',(-0.965886461045,0.960878394077,12.973235144876));
#11566=CARTESIAN_POINT('',(-0.965886461045,0.959878394077,11.973235144876));
#11567=CARTESIAN_POINT('',(-0.965886461045,-1.48912160592,11.973235144877));
#11568=CARTESIAN_POINT('',(-0.965886461045,0.959878394077,5.873235144876));
#11569=CARTESIAN_POINT('',(-0.965886461045,0.959878394077,11.973235144876));
#11570=CARTESIAN_POINT('',(-0.965885836996745,0.960878392695896,5.873235144876));
#11571=CARTESIAN_POINT('Origin',(-0.564886461045,0.959878394077,5.873235144876));
#11572=CARTESIAN_POINT('',(-0.965886461045,0.960878394077,4.773235144876));
#11573=CARTESIAN_POINT('',(-0.965886461045,0.960878394077,12.973235144876));
#11574=CARTESIAN_POINT('',(-0.965886461046,-3.939121605922,4.773235144876));
#11575=CARTESIAN_POINT('',(-0.965886461045,0.960878394077,4.773235144876));
#11576=CARTESIAN_POINT('',(-0.965885838215343,-3.93912160436881,5.873235144876));
#11577=CARTESIAN_POINT('',(-0.965886461046,-3.939121605922,4.873235144876));
#11578=CARTESIAN_POINT('',(-0.965886461046,-3.938121605922,5.873235144876));
#11579=CARTESIAN_POINT('',(-0.965886461045,-1.489121605923,5.873235144875));
#11580=CARTESIAN_POINT('',(-0.965886461046,-3.938121605922,11.973235144876));
#11581=CARTESIAN_POINT('',(-0.965886461046,-3.938121605922,5.873235144876));
#11582=CARTESIAN_POINT('',(-0.965885836997253,-3.9391216045409,11.973235144876));
#11583=CARTESIAN_POINT('Origin',(-0.564886461046,-3.938121605922,11.973235144876));
#11584=CARTESIAN_POINT('',(-0.965886461046,-3.939121605922,12.473235144876));
#11585=CARTESIAN_POINT('',(-0.965886461046,-3.939121605922,4.873235144876));
#11586=CARTESIAN_POINT('Origin',(-0.965886461046,-3.439121605922,12.473235144876));
#11587=CARTESIAN_POINT('',(-0.965886461045,-0.039121605922,11.259899433985));
#11588=CARTESIAN_POINT('',(-0.965886461045,-0.039121605922,6.586570855766));
#11589=CARTESIAN_POINT('',(-0.965886461045,-0.039121605922,11.259899433985));
#11590=CARTESIAN_POINT('',(-0.965886461046,-2.939121605922,11.259899433985));
#11591=CARTESIAN_POINT('Origin',(-0.965886461045,-1.489121605922,8.923235144876));
#11592=CARTESIAN_POINT('',(-0.965886461046,-2.939121605922,6.586570855766));
#11593=CARTESIAN_POINT('',(-0.965886461046,-2.939121605922,6.586570855766));
#11594=CARTESIAN_POINT('Origin',(-0.965886461045,-1.489121605922,8.923235144876));
#11595=CARTESIAN_POINT('Origin',(-0.565886461046,-1.489121605922,8.923235144876));
#11596=CARTESIAN_POINT('',(-0.565886461045,0.960878394077,12.473235144876));
#11597=CARTESIAN_POINT('',(-0.565886461045,0.960878394077,11.973235144876));
#11598=CARTESIAN_POINT('',(-0.565886461045,0.960878394077,12.973235144876));
#11599=CARTESIAN_POINT('',(-0.565886461045,0.460878394077,12.973235144876));
#11600=CARTESIAN_POINT('Origin',(-0.565886461045,0.460878394077,12.473235144876));
#11601=CARTESIAN_POINT('',(-0.565886461046,-3.439121605922,12.973235144876));
#11602=CARTESIAN_POINT('',(-0.565886461046,-3.939121605922,12.973235144876));
#11603=CARTESIAN_POINT('',(-0.565886461046,-3.939121605922,12.473235144876));
#11604=CARTESIAN_POINT('Origin',(-0.565886461046,-3.439121605922,12.473235144876));
#11605=CARTESIAN_POINT('',(-0.565886461046,-3.939121605922,11.973235144876));
#11606=CARTESIAN_POINT('',(-0.565886461046,-3.939121605922,4.873235144876));
#11607=CARTESIAN_POINT('',(-0.565886461046,-3.938121605922,11.973235144876));
#11608=CARTESIAN_POINT('',(-0.565886461046,-3.938121605922,11.973235144876));
#11609=CARTESIAN_POINT('',(-0.565886461046,-3.938121605922,5.873235144876));
#11610=CARTESIAN_POINT('',(-0.565886461046,-3.938121605922,5.873235144876));
#11611=CARTESIAN_POINT('',(-0.565886461046,-3.939121605922,5.873235144876));
#11612=CARTESIAN_POINT('',(-0.565886461046,-3.939121605922,5.873235144876));
#11613=CARTESIAN_POINT('',(-0.565886461046,-3.939121605922,4.773235144876));
#11614=CARTESIAN_POINT('',(-0.565886461046,-3.939121605922,4.873235144876));
#11615=CARTESIAN_POINT('',(-0.565886461045,0.960878394077,4.773235144876));
#11616=CARTESIAN_POINT('',(-0.565886461045,0.960878394077,4.773235144876));
#11617=CARTESIAN_POINT('',(-0.565886461045,0.960878394077,5.873235144876));
#11618=CARTESIAN_POINT('',(-0.565886461045,0.960878394077,12.973235144876));
#11619=CARTESIAN_POINT('',(-0.565886461045,0.959878394077,5.873235144876));
#11620=CARTESIAN_POINT('',(-0.565886461045,0.959878394077,5.873235144876));
#11621=CARTESIAN_POINT('',(-0.565886461045,0.959878394077,11.973235144876));
#11622=CARTESIAN_POINT('',(-0.565886461045,0.959878394077,11.973235144876));
#11623=CARTESIAN_POINT('',(-0.565886461045,0.960878394077,11.973235144876));
#11624=CARTESIAN_POINT('',(-0.565886461046,-2.939121605922,11.259899433985));
#11625=CARTESIAN_POINT('',(-0.565886461045,-0.039121605922,11.259899433985));
#11626=CARTESIAN_POINT('Origin',(-0.565886461046,-1.489121605922,8.923235144876));
#11627=CARTESIAN_POINT('',(-0.565886461045,-0.039121605922,6.586570855766));
#11628=CARTESIAN_POINT('',(-0.565886461045,-0.039121605922,11.259899433985));
#11629=CARTESIAN_POINT('',(-0.565886461046,-2.939121605922,6.586570855766));
#11630=CARTESIAN_POINT('Origin',(-0.565886461046,-1.489121605922,8.923235144876));
#11631=CARTESIAN_POINT('',(-0.565886461046,-2.939121605922,6.586570855766));
#11632=CARTESIAN_POINT('Origin',(-0.965886461045,0.960878394077,12.973235144876));
#11633=CARTESIAN_POINT('',(-0.965886461045,0.960878394077,12.473235144876));
#11634=CARTESIAN_POINT('',(-0.565886461045,0.960878394077,11.973235144876));
#11635=CARTESIAN_POINT('Origin',(-0.965886461045,0.960878394077,12.973235144876));
#11636=CARTESIAN_POINT('',(-0.565886461045,0.960878394077,5.873235144876));
#11637=CARTESIAN_POINT('',(-0.565886461045,0.960878394077,4.773235144876));
#11638=CARTESIAN_POINT('Origin',(-0.965886461046,-3.939121605922,4.873235144876));
#11639=CARTESIAN_POINT('',(-0.565886461046,-3.939121605922,5.873235144876));
#11640=CARTESIAN_POINT('',(-0.565886461046,-3.939121605922,4.773235144876));
#11641=CARTESIAN_POINT('Origin',(-0.965886461046,-3.939121605922,4.873235144876));
#11642=CARTESIAN_POINT('',(-0.965886461046,-3.939121605922,12.473235144876));
#11643=CARTESIAN_POINT('',(-0.565886461046,-3.939121605922,11.973235144876));
#11644=CARTESIAN_POINT('Origin',(3.274113538954,-2.239121605922,4.372235144876));
#11645=CARTESIAN_POINT('',(3.274113538954,-2.239121605922,4.718222176334));
#11646=CARTESIAN_POINT('',(3.274113538954,-2.239121605922,4.772235144876));
#11647=CARTESIAN_POINT('',(3.274113538954,-2.239121605922,4.372235144876));
#11648=CARTESIAN_POINT('',(3.073113538954,-2.239121605922,4.772235144876));
#11649=CARTESIAN_POINT('Origin',(3.073113538954,-2.239121605922,4.371235144876));
#11650=CARTESIAN_POINT('',(7.434113538953,-2.239121605922,4.772235144876));
#11651=CARTESIAN_POINT('Origin',(3.073113538954,-0.739121605922,4.372235144876));
#11652=CARTESIAN_POINT('',(3.274113538954,-0.739121605922,4.772235144876));
#11653=CARTESIAN_POINT('',(3.073113538954,-0.739121605922,4.772235144876));
#11654=CARTESIAN_POINT('',(7.434113538953,-0.739121605922,4.772235144876));
#11655=CARTESIAN_POINT('',(3.274113538954,-0.739121605922,4.718222176334));
#11656=CARTESIAN_POINT('Origin',(3.073113538954,-0.739121605922,4.371235144876));
#11657=CARTESIAN_POINT('',(3.274113538954,-0.739121605922,4.372235144876));
#11658=CARTESIAN_POINT('Origin',(7.434113538953,-1.489121605922,4.372235144876));
#11659=CARTESIAN_POINT('',(2.774113538954,0.960878394077,4.372235144876));
#11660=CARTESIAN_POINT('',(-0.564886461045,0.960878394077,4.372235144876));
#11661=CARTESIAN_POINT('',(-0.565886461045,0.960878394077,4.372235144876));
#11662=CARTESIAN_POINT('',(3.274113538954,0.460878394077,4.372235144876));
#11663=CARTESIAN_POINT('Origin',(2.774113538954,0.460878394077,4.372235144876));
#11664=CARTESIAN_POINT('',(3.274113538954,-0.639121605922,4.372235144876));
#11665=CARTESIAN_POINT('',(3.274113538954,0.960878394077,4.372235144876));
#11666=CARTESIAN_POINT('',(3.374113538954,-0.739121605922,4.372235144876));
#11667=CARTESIAN_POINT('Origin',(3.374113538954,-0.639121605922,4.372235144876));
#11668=CARTESIAN_POINT('',(3.073113538954,-0.739121605922,4.372235144876));
#11669=CARTESIAN_POINT('',(3.073113538954,-0.739121605922,4.372235144876));
#11670=CARTESIAN_POINT('',(3.073113538954,-2.239121605922,4.372235144876));
#11671=CARTESIAN_POINT('',(3.073113538954,-2.239121605922,4.372235144876));
#11672=CARTESIAN_POINT('',(3.374113538954,-2.239121605922,4.372235144876));
#11673=CARTESIAN_POINT('',(3.274113538954,-2.239121605922,4.372235144876));
#11674=CARTESIAN_POINT('',(3.274113538954,-2.339121605922,4.372235144876));
#11675=CARTESIAN_POINT('Origin',(3.374113538954,-2.339121605922,4.372235144876));
#11676=CARTESIAN_POINT('',(3.274113538954,-3.439121605922,4.372235144876));
#11677=CARTESIAN_POINT('',(3.274113538954,0.960878394077,4.372235144876));
#11678=CARTESIAN_POINT('',(2.774113538953,-3.939121605922,4.372235144876));
#11679=CARTESIAN_POINT('Origin',(2.774113538954,-3.439121605922,4.372235144876));
#11680=CARTESIAN_POINT('',(-0.564886461046,-3.939121605922,4.372235144876));
#11681=CARTESIAN_POINT('',(3.274113538953,-3.939121605922,4.372235144876));
#11682=CARTESIAN_POINT('',(-0.564886461046,-1.489121605922,4.372235144876));
#11683=CARTESIAN_POINT('Origin',(7.434113538953,-1.489121605922,4.772235144876));
#11684=CARTESIAN_POINT('',(3.274113538954,0.460878394077,4.772235144876));
#11685=CARTESIAN_POINT('',(3.274113538954,-1.489121605922,4.772235144876));
#11686=CARTESIAN_POINT('',(2.774113538954,0.960878394077,4.772235144876));
#11687=CARTESIAN_POINT('Origin',(2.774113538954,0.460878394077,4.772235144876));
#11688=CARTESIAN_POINT('',(-0.564886461045,0.960878394077,4.772235144876));
#11689=CARTESIAN_POINT('',(7.434113538953,0.960878394077,4.772235144876));
#11690=CARTESIAN_POINT('',(-0.564886461046,-3.939121605922,4.772235144876));
#11691=CARTESIAN_POINT('',(-0.564886461046,-3.939121605922,4.772235144876));
#11692=CARTESIAN_POINT('',(2.774113538954,-3.939121605922,4.772235144876));
#11693=CARTESIAN_POINT('',(7.434113538953,-3.939121605922,4.772235144876));
#11694=CARTESIAN_POINT('',(3.274113538954,-3.439121605922,4.772235144876));
#11695=CARTESIAN_POINT('Origin',(2.774113538954,-3.439121605922,4.772235144876));
#11696=CARTESIAN_POINT('',(3.274113538954,-1.489121605922,4.772235144876));
#11697=CARTESIAN_POINT('',(3.073113538954,-2.239121605922,4.772235144876));
#11698=CARTESIAN_POINT('Origin',(3.274113538954,0.960878394077,4.372235144876));
#11699=CARTESIAN_POINT('',(3.274113538954,-3.439121605922,4.372235144876));
#11700=CARTESIAN_POINT('',(3.274113538954,-2.339121605922,4.718222176334));
#11701=CARTESIAN_POINT('',(3.274113538954,-2.339121605922,4.718222176334));
#11702=CARTESIAN_POINT('',(3.274113538954,-2.339121605922,4.718222176334));
#11703=CARTESIAN_POINT('Origin',(3.274113538954,0.960878394077,4.372235144876));
#11704=CARTESIAN_POINT('',(3.274113538954,0.460878394077,4.372235144876));
#11705=CARTESIAN_POINT('',(3.274113538954,-0.639121605922,4.718222176334));
#11706=CARTESIAN_POINT('',(3.274113538954,-0.739121605922,4.718222176334));
#11707=CARTESIAN_POINT('',(3.274113538954,-0.639121605922,4.372235144876));
#11708=CARTESIAN_POINT('Origin',(-0.965886461046,-3.939121605922,12.973235144876));
#11709=CARTESIAN_POINT('',(-0.965886461045,0.460878394077,12.973235144876));
#11710=CARTESIAN_POINT('',(-0.965886461046,-3.439121605922,12.973235144876));
#11711=CARTESIAN_POINT('Origin',(-0.965886461045,-1.489121605922,8.923235144876));
#11712=CARTESIAN_POINT('',(-0.965886461046,-2.939121605922,11.259899433985));
#11713=CARTESIAN_POINT('',(-0.965886461045,-0.039121605922,11.259899433985));
#11714=CARTESIAN_POINT('Origin',(-0.965886461045,-0.039121605922,11.259899433985));
#11715=CARTESIAN_POINT('',(-0.965886461045,-0.039121605922,6.586570855766));
#11716=CARTESIAN_POINT('Origin',(-0.965886461045,-1.489121605922,8.923235144876));
#11717=CARTESIAN_POINT('',(-0.965886461046,-2.939121605922,6.586570855766));
#11718=CARTESIAN_POINT('Origin',(-0.965886461046,-2.939121605922,6.586570855766));
#11719=CARTESIAN_POINT('Origin',(-0.564886461046,-3.939121605922,4.773235144876));
#11720=CARTESIAN_POINT('',(-0.564886461046,-3.939121605922,4.372235144876));
#11721=CARTESIAN_POINT('Origin',(-0.564886461046,-3.939121605922,4.773235144876));
#11722=CARTESIAN_POINT('Origin',(-0.564886461046,-3.939121605922,4.773235144876));
#11723=CARTESIAN_POINT('Origin',(-0.564886461045,0.960878394077,4.773235144876));
#11724=CARTESIAN_POINT('Origin',(-0.564886461045,0.960878394077,4.773235144876));
#11725=CARTESIAN_POINT('',(-0.564886461045,0.960878394077,4.772235144876));
#11726=CARTESIAN_POINT('Origin',(-0.564886461045,0.960878394077,4.773235144876));
#11727=CARTESIAN_POINT('Origin',(-0.564886461045,0.960878394077,4.773235144876));
#11728=CARTESIAN_POINT('Origin',(-0.564886461045,0.960878394077,4.773235144876));
#11729=CARTESIAN_POINT('Origin',(-0.565886461045,0.960878394077,4.372235144876));
#11730=CARTESIAN_POINT('',(2.774113538954,0.960878394077,4.372235144876));
#11731=CARTESIAN_POINT('Origin',(3.274113538953,-3.939121605922,4.372235144876));
#11732=CARTESIAN_POINT('',(2.774113538953,-3.939121605922,4.372235144876));
#11733=CARTESIAN_POINT('Origin',(3.073113538954,-2.239121605922,4.371235144876));
#11734=CARTESIAN_POINT('',(3.474113538954,-2.239121605922,4.371235144876));
#11735=CARTESIAN_POINT('',(3.374113538954,-2.239121605922,4.636187970866));
#11736=CARTESIAN_POINT('Origin',(3.073113538954,-2.239121605922,4.371235144876));
#11737=CARTESIAN_POINT('',(3.374113538954,-2.239121605922,4.372235144876));
#11738=CARTESIAN_POINT('',(3.074113538954,-2.239121605922,4.371235144876));
#11739=CARTESIAN_POINT('Origin',(3.073113538954,-2.239121605922,4.371235144876));
#11740=CARTESIAN_POINT('',(3.074113538954,-2.239121605922,4.371235144876));
#11741=CARTESIAN_POINT('Origin',(3.073113538954,-0.739121605922,4.371235144876));
#11742=CARTESIAN_POINT('',(3.374113538954,-0.739121605922,4.636187970866));
#11743=CARTESIAN_POINT('',(3.374113538954,-0.739121605922,4.718222176334));
#11744=CARTESIAN_POINT('',(3.474113538954,-0.739121605922,4.371235144876));
#11745=CARTESIAN_POINT('Origin',(3.073113538954,-0.739121605922,4.371235144876));
#11746=CARTESIAN_POINT('',(3.074113538954,-0.739121605922,4.371235144876));
#11747=CARTESIAN_POINT('',(3.474113538954,-0.739121605922,4.371235144876));
#11748=CARTESIAN_POINT('Origin',(3.073113538954,-0.739121605922,4.371235144876));
#11749=CARTESIAN_POINT('Origin',(3.073113538954,-2.239121605922,4.371235144876));
#11750=CARTESIAN_POINT('Ctrl Pts',(3.274113538955,-2.339121605922,4.71822217633337));
#11751=CARTESIAN_POINT('Ctrl Pts',(3.274113538955,-2.32601701210877,4.71822217633337));
#11752=CARTESIAN_POINT('Ctrl Pts',(3.27686979449295,-2.31225659865466,4.71667439130951));
#11753=CARTESIAN_POINT('Ctrl Pts',(3.28735957591361,-2.28759748491696,4.71025114458628));
#11754=CARTESIAN_POINT('Ctrl Pts',(3.29510167134717,-2.27671211729294,4.70533855657464));
#11755=CARTESIAN_POINT('Ctrl Pts',(3.31366356870054,-2.25815021993956,4.69231733880473));
#11756=CARTESIAN_POINT('Ctrl Pts',(3.32607541364488,-2.25044298696706,4.682828614353));
#11757=CARTESIAN_POINT('Ctrl Pts',(3.35094977958725,-2.24090322243026,4.66085495953188));
#11758=CARTESIAN_POINT('Ctrl Pts',(3.36341105111503,-2.239121605923,4.64834654599141));
#11759=CARTESIAN_POINT('Ctrl Pts',(3.374113538954,-2.239121605923,4.63618797086583));
#11760=CARTESIAN_POINT('',(3.474113538954,-0.739121605922,4.371235144876));
#11761=CARTESIAN_POINT('',(3.474113538954,-1.109121605922,4.371235144876));
#11762=CARTESIAN_POINT('Ctrl Pts',(3.374113538954,-0.739121605921001,4.63618797086585));
#11763=CARTESIAN_POINT('Ctrl Pts',(3.36282269867502,-0.739121605920992,
4.64901494454041));
#11764=CARTESIAN_POINT('Ctrl Pts',(3.34963977067586,-0.737137658723321,
4.66214740503375));
#11765=CARTESIAN_POINT('Ctrl Pts',(3.32351726521263,-0.726482844359924,
4.68492927893773));
#11766=CARTESIAN_POINT('Ctrl Pts',(3.31057683239236,-0.717885227924274,
4.69461189908172));
#11767=CARTESIAN_POINT('Ctrl Pts',(3.29267449797986,-0.698204120677098,
4.70690758704608));
#11768=CARTESIAN_POINT('Ctrl Pts',(3.28579090660565,-0.687691944292461,
4.71122686977025));
#11769=CARTESIAN_POINT('Ctrl Pts',(3.27651281800753,-0.664256863708565,
4.71687083429289));
#11770=CARTESIAN_POINT('Ctrl Pts',(3.274113538955,-0.651342281922083,4.71822217633338));
#11771=CARTESIAN_POINT('Ctrl Pts',(3.274113538955,-0.639121605922001,4.71822217633338));
#11772=CARTESIAN_POINT('Origin',(3.073113538954,-2.239121605922,4.371235144876));
#11773=CARTESIAN_POINT('',(3.074113538954,-0.739121605922,4.371235144876));
#11774=CARTESIAN_POINT('',(3.074113538954,-1.869121605922,4.371235144876));
#11775=CARTESIAN_POINT('Origin',(-0.564886461046,-3.938121605922,5.873235144876));
#11776=CARTESIAN_POINT('',(-0.564886461046,-3.939121605922,5.873235144876));
#11777=CARTESIAN_POINT('Origin',(-0.564886461046,-3.938121605922,5.873235144876));
#11778=CARTESIAN_POINT('',(-0.564886461046,-4.339121605922,5.873235144876));
#11779=CARTESIAN_POINT('',(-0.564886461046,-3.939121605922,5.873235144876));
#11780=CARTESIAN_POINT('Origin',(-0.564886461046,-3.938121605922,5.873235144876));
#11781=CARTESIAN_POINT('Origin',(-0.564886461046,-3.938121605922,11.973235144876));
#11782=CARTESIAN_POINT('',(-0.564886461046,-3.939121605922,11.973235144876));
#11783=CARTESIAN_POINT('Origin',(-0.564886461046,-3.938121605922,11.973235144876));
#11784=CARTESIAN_POINT('',(-0.564886461046,-4.339121605922,11.973235144876));
#11785=CARTESIAN_POINT('Origin',(-0.564886461046,-3.938121605922,11.973235144876));
#11786=CARTESIAN_POINT('',(-0.564886461046,-3.939121605922,11.973235144876));
#11787=CARTESIAN_POINT('Origin',(-0.564886461046,-3.938121605922,5.873235144876));
#11788=CARTESIAN_POINT('',(-0.564886461046,-4.339121605922,8.923235144876));
#11789=CARTESIAN_POINT('Origin',(-0.564886461046,-3.938121605922,5.873235144876));
#11790=CARTESIAN_POINT('',(-0.564886461046,-3.939121605922,11.973235144876));
#11791=CARTESIAN_POINT('Origin',(-0.565886461046,-4.339121605922,5.873235144876));
#11792=CARTESIAN_POINT('',(-0.265886461046,-3.939121605922,5.873235144876));
#11793=CARTESIAN_POINT('',(-0.565886461046,-3.939121605922,5.873235144876));
#11794=CARTESIAN_POINT('',(-0.265886461046,-4.339121605922,5.873235144876));
#11795=CARTESIAN_POINT('',(-0.265886461046,-4.339121605922,5.873235144876));
#11796=CARTESIAN_POINT('',(-0.565886461046,-4.339121605922,5.873235144876));
#11797=CARTESIAN_POINT('Origin',(0.234113538953,-4.339121605922,11.973235144876));
#11798=CARTESIAN_POINT('',(-0.265886461046,-4.339121605922,11.973235144876));
#11799=CARTESIAN_POINT('',(0.234113538953,-4.339121605922,11.973235144876));
#11800=CARTESIAN_POINT('',(-0.265886461046,-3.939121605922,11.973235144876));
#11801=CARTESIAN_POINT('',(-0.265886461046,-4.339121605922,11.973235144876));
#11802=CARTESIAN_POINT('',(0.234113538953,-3.939121605922,11.973235144876));
#11803=CARTESIAN_POINT('Origin',(7.434113538953,-4.339121605922,8.923235144876));
#11804=CARTESIAN_POINT('',(0.234113538953,-4.339121605922,11.473235144876));
#11805=CARTESIAN_POINT('',(0.234113538953,-4.339121605922,6.373235144876));
#11806=CARTESIAN_POINT('',(0.234113538953,-4.339121605922,5.873235144876));
#11807=CARTESIAN_POINT('Origin',(-0.265886461046,-4.339121605922,11.473235144876));
#11808=CARTESIAN_POINT('Origin',(-0.265886461046,-4.339121605922,6.373235144876));
#11809=CARTESIAN_POINT('Origin',(7.434113538953,-3.939121605922,8.923235144876));
#11810=CARTESIAN_POINT('',(0.234113538953,-3.939121605922,11.473235144876));
#11811=CARTESIAN_POINT('Origin',(-0.265886461046,-3.939121605922,11.473235144876));
#11812=CARTESIAN_POINT('',(0.234113538953,-3.939121605922,6.373235144876));
#11813=CARTESIAN_POINT('',(0.234113538953,-3.939121605922,5.873235144876));
#11814=CARTESIAN_POINT('Origin',(-0.265886461046,-3.939121605922,6.373235144876));
#11815=CARTESIAN_POINT('Origin',(0.234113538953,-4.339121605922,5.873235144876));
#11816=CARTESIAN_POINT('',(0.234113538953,-4.339121605922,11.473235144876));
#11817=CARTESIAN_POINT('',(0.234113538953,-4.339121605922,6.373235144876));
#11818=CARTESIAN_POINT('Origin',(-0.564886461045,0.959878394077,11.973235144876));
#11819=CARTESIAN_POINT('',(-0.564886461045,0.960878394077,11.973235144876));
#11820=CARTESIAN_POINT('Origin',(-0.564886461045,0.959878394077,11.973235144876));
#11821=CARTESIAN_POINT('',(-0.564886461045,1.360878394077,11.973235144876));
#11822=CARTESIAN_POINT('',(-0.564886461045,0.960878394077,11.973235144876));
#11823=CARTESIAN_POINT('Origin',(-0.564886461045,0.959878394077,11.973235144876));
#11824=CARTESIAN_POINT('Origin',(-0.564886461045,0.959878394077,5.873235144876));
#11825=CARTESIAN_POINT('',(-0.564886461045,0.960878394077,5.873235144876));
#11826=CARTESIAN_POINT('Origin',(-0.564886461045,0.959878394077,5.873235144876));
#11827=CARTESIAN_POINT('',(-0.564886461045,1.360878394077,5.873235144876));
#11828=CARTESIAN_POINT('Origin',(-0.564886461045,0.959878394077,5.873235144876));
#11829=CARTESIAN_POINT('',(-0.564886461045,0.960878394077,5.873235144876));
#11830=CARTESIAN_POINT('Origin',(-0.564886461045,0.959878394077,11.973235144876));
#11831=CARTESIAN_POINT('',(-0.564886461045,1.360878394077,8.923235144876));
#11832=CARTESIAN_POINT('Origin',(-0.564886461045,0.959878394077,11.973235144876));
#11833=CARTESIAN_POINT('',(-0.564886461045,0.960878394077,5.873235144876));
#11834=CARTESIAN_POINT('Origin',(-0.565886461045,1.360878394077,5.873235144876));
#11835=CARTESIAN_POINT('',(-0.265886461045,1.360878394077,5.873235144876));
#11836=CARTESIAN_POINT('',(-0.565886461045,1.360878394077,5.873235144876));
#11837=CARTESIAN_POINT('',(-0.265886461045,0.960878394077,5.873235144876));
#11838=CARTESIAN_POINT('',(-0.265886461045,1.360878394077,5.873235144876));
#11839=CARTESIAN_POINT('',(-0.565886461045,0.960878394077,5.873235144876));
#11840=CARTESIAN_POINT('Origin',(0.234113538954,1.360878394077,11.973235144876));
#11841=CARTESIAN_POINT('',(-0.265886461045,0.960878394077,11.973235144876));
#11842=CARTESIAN_POINT('',(0.234113538954,0.960878394077,11.973235144876));
#11843=CARTESIAN_POINT('',(-0.265886461045,1.360878394077,11.973235144876));
#11844=CARTESIAN_POINT('',(-0.265886461045,1.360878394077,11.973235144876));
#11845=CARTESIAN_POINT('',(0.234113538954,1.360878394077,11.973235144876));
#11846=CARTESIAN_POINT('Origin',(7.434113538954,1.360878394077,8.923235144876));
#11847=CARTESIAN_POINT('',(0.234113538954,1.360878394077,6.373235144876));
#11848=CARTESIAN_POINT('',(0.234113538954,1.360878394077,11.473235144876));
#11849=CARTESIAN_POINT('',(0.234113538954,1.360878394077,5.873235144876));
#11850=CARTESIAN_POINT('Origin',(-0.265886461045,1.360878394077,6.373235144876));
#11851=CARTESIAN_POINT('Origin',(-0.265886461045,1.360878394077,11.473235144876));
#11852=CARTESIAN_POINT('Origin',(7.434113538954,0.960878394077,8.923235144876));
#11853=CARTESIAN_POINT('',(0.234113538954,0.960878394077,6.373235144876));
#11854=CARTESIAN_POINT('Origin',(-0.265886461045,0.960878394077,6.373235144876));
#11855=CARTESIAN_POINT('',(0.234113538954,0.960878394077,11.473235144876));
#11856=CARTESIAN_POINT('',(0.234113538954,0.960878394077,5.873235144876));
#11857=CARTESIAN_POINT('Origin',(-0.265886461045,0.960878394077,11.473235144876));
#11858=CARTESIAN_POINT('Origin',(0.234113538954,1.360878394077,5.873235144876));
#11859=CARTESIAN_POINT('',(0.234113538954,1.360878394077,6.373235144876));
#11860=CARTESIAN_POINT('',(0.234113538954,1.360878394077,11.473235144876));
#11861=CARTESIAN_POINT('Origin',(3.474113538954,-1.869121605922,4.371235144876));
#11862=CARTESIAN_POINT('',(3.474113538954,-1.969121605922,4.371235144876));
#11863=CARTESIAN_POINT('Origin',(7.434113538953,-1.869121605922,8.923235144876));
#11864=CARTESIAN_POINT('',(3.474113538954,-1.869121605922,1.373235144876));
#11865=CARTESIAN_POINT('',(7.434113538954,-1.869121605922,4.271235144876));
#11866=CARTESIAN_POINT('Origin',(3.074113538954,-1.109121605922,4.371235144876));
#11867=CARTESIAN_POINT('',(3.074113538954,-1.009121605922,4.371235144876));
#11868=CARTESIAN_POINT('Origin',(7.434113538954,-1.109121605922,8.923235144876));
#11869=CARTESIAN_POINT('',(3.074113538954,-1.109121605922,1.373235144876));
#11870=CARTESIAN_POINT('',(7.434113538954,-1.109121605922,4.271235144876));
#11871=CARTESIAN_POINT('Origin',(7.434113538954,-1.569121605922,1.373235144876));
#11872=CARTESIAN_POINT('Origin',(7.434113538954,-1.409121605922,1.373235144876));
#11873=CARTESIAN_POINT('Origin',(7.434113538954,-1.009121605922,4.271235144876));
#11874=CARTESIAN_POINT('Origin',(7.434113538954,-1.969121605922,4.271235144876));
#11875=CARTESIAN_POINT('Origin',(3.374113538954,-0.639121605922,4.371235144876));
#11876=CARTESIAN_POINT('Origin',(3.374113538954,-2.339121605922,4.372235144876));
#11877=CARTESIAN_POINT('Origin',(-0.265886461046,-4.339121605922,11.473235144876));
#11878=CARTESIAN_POINT('Origin',(-0.265886461046,-4.339121605922,6.373235144876));
#11879=CARTESIAN_POINT('Origin',(-0.265886461045,1.360878394077,6.373235144876));
#11880=CARTESIAN_POINT('Origin',(-0.265886461045,1.360878394077,11.473235144876));
#11881=CARTESIAN_POINT('Origin',(2.774113538954,0.460878394077,4.372235144876));
#11882=CARTESIAN_POINT('Origin',(2.774113538954,-3.439121605922,4.372235144876));
#11883=CARTESIAN_POINT('Origin',(-0.965886461045,0.460878394077,12.473235144876));
#11884=CARTESIAN_POINT('Origin',(-0.965886461046,-3.439121605922,12.473235144876));
#11885=CARTESIAN_POINT('Origin',(-0.565886461046,-3.939121605922,12.973235144876));
#11886=CARTESIAN_POINT('',(7.934113538953,-3.939121605922,5.673235144876));
#11887=CARTESIAN_POINT('',(7.934113538953,-3.939121605922,5.073235144876));
#11888=CARTESIAN_POINT('',(7.934113538953,-3.939121605922,4.873235144876));
#11889=CARTESIAN_POINT('',(7.634113538953,-3.939121605922,5.673235144876));
#11890=CARTESIAN_POINT('',(-0.565886461046,-3.939121605922,5.673235144876));
#11891=CARTESIAN_POINT('',(7.234113538953,-3.939121605922,6.073235144876));
#11892=CARTESIAN_POINT('Origin',(7.634113538953,-3.939121605922,6.073235144876));
#11893=CARTESIAN_POINT('',(7.234113538953,-3.939121605922,11.773235144876));
#11894=CARTESIAN_POINT('',(7.234113538953,-3.939121605922,12.973235144876));
#11895=CARTESIAN_POINT('',(7.634113538953,-3.939121605922,12.173235144876));
#11896=CARTESIAN_POINT('Origin',(7.634113538953,-3.939121605922,11.773235144876));
#11897=CARTESIAN_POINT('',(7.934113538953,-3.939121605922,12.173235144876));
#11898=CARTESIAN_POINT('',(-0.565886461046,-3.939121605922,12.173235144876));
#11899=CARTESIAN_POINT('',(7.934113538953,-3.939121605922,12.773235144876));
#11900=CARTESIAN_POINT('',(7.934113538953,-3.939121605922,12.973235144876));
#11901=CARTESIAN_POINT('',(-0.565886461046,-3.939121605922,12.773235144876));
#11902=CARTESIAN_POINT('',(-0.565886461046,-3.939121605922,12.773235144876));
#11903=CARTESIAN_POINT('',(-0.565886461046,-3.939121605922,5.073235144876));
#11904=CARTESIAN_POINT('',(-0.565886461046,-3.939121605922,12.973235144876));
#11905=CARTESIAN_POINT('',(-0.565886461046,-3.939121605922,5.073235144876));
#11906=CARTESIAN_POINT('',(4.542309405754,-3.939121605922,6.048397742738));
#11907=CARTESIAN_POINT('',(4.542309405754,-3.939121605922,6.087042078627));
#11908=CARTESIAN_POINT('',(4.542309405754,-3.939121605922,6.087042078627));
#11909=CARTESIAN_POINT('',(4.363557690639,-3.939121605922,6.048397742738));
#11910=CARTESIAN_POINT('',(4.542309405754,-3.939121605922,6.048397742738));
#11911=CARTESIAN_POINT('',(4.363557690639,-3.939121605922,6.387358823457));
#11912=CARTESIAN_POINT('',(4.363557690639,-3.939121605922,6.048397742738));
#11913=CARTESIAN_POINT('',(4.407314169617,-3.939121605922,6.387358823457));
#11914=CARTESIAN_POINT('',(4.363557690639,-3.939121605922,6.387358823457));
#11915=CARTESIAN_POINT('',(4.407314169617,-3.939121605922,6.087042078627));
#11916=CARTESIAN_POINT('',(4.407314169617,-3.939121605922,6.387358823457));
#11917=CARTESIAN_POINT('',(4.407314169617,-3.939121605922,6.087042078627));
#11918=CARTESIAN_POINT('',(5.060108848078,-3.939121605922,6.048397742738));
#11919=CARTESIAN_POINT('',(5.060108848078,-3.939121605922,6.087042078627));
#11920=CARTESIAN_POINT('',(5.060108848078,-3.939121605922,6.087042078627));
#11921=CARTESIAN_POINT('',(4.877804626752,-3.939121605922,6.048397742738));
#11922=CARTESIAN_POINT('',(5.060108848078,-3.939121605922,6.048397742738));
#11923=CARTESIAN_POINT('',(4.877804626752,-3.939121605922,6.387358823457));
#11924=CARTESIAN_POINT('',(4.877804626752,-3.939121605922,6.048397742738));
#11925=CARTESIAN_POINT('',(5.0523973102,-3.939121605922,6.387358823457));
#11926=CARTESIAN_POINT('',(4.877804626752,-3.939121605922,6.387358823457));
#11927=CARTESIAN_POINT('',(5.0523973102,-3.939121605922,6.348367901595));
#11928=CARTESIAN_POINT('',(5.0523973102,-3.939121605922,6.387358823457));
#11929=CARTESIAN_POINT('',(4.92156110573,-3.939121605922,6.348367901595));
#11930=CARTESIAN_POINT('',(5.0523973102,-3.939121605922,6.348367901595));
#11931=CARTESIAN_POINT('',(4.92156110573,-3.939121605922,6.239886492325));
#11932=CARTESIAN_POINT('',(4.92156110573,-3.939121605922,6.348367901595));
#11933=CARTESIAN_POINT('',(5.042779549473,-3.939121605922,6.239886492325));
#11934=CARTESIAN_POINT('',(4.92156110573,-3.939121605922,6.239886492325));
#11935=CARTESIAN_POINT('',(5.042779549473,-3.939121605922,6.20106886345));
#11936=CARTESIAN_POINT('',(5.042779549473,-3.939121605922,6.239886492325));
#11937=CARTESIAN_POINT('',(4.92156110573,-3.939121605922,6.20106886345));
#11938=CARTESIAN_POINT('',(5.042779549473,-3.939121605922,6.20106886345));
#11939=CARTESIAN_POINT('',(4.92156110573,-3.939121605922,6.087042078627));
#11940=CARTESIAN_POINT('',(4.92156110573,-3.939121605922,6.20106886345));
#11941=CARTESIAN_POINT('',(4.92156110573,-3.939121605922,6.087042078627));
#11942=CARTESIAN_POINT('',(5.124140606426,-3.939121605922,6.048397742738));
#11943=CARTESIAN_POINT('',(5.217372232922,-3.939121605922,6.048397742738));
#11944=CARTESIAN_POINT('',(5.217372232922,-3.939121605922,6.048397742738));
#11945=CARTESIAN_POINT('',(5.124140606426,-3.939121605922,6.387358823457));
#11946=CARTESIAN_POINT('',(5.124140606426,-3.939121605922,6.048397742738));
#11947=CARTESIAN_POINT('',(5.220838092644,-3.939121605922,6.387358823457));
#11948=CARTESIAN_POINT('',(5.124140606426,-3.939121605922,6.387358823457));
#11949=CARTESIAN_POINT('',(5.34898825583,-3.939121605922,6.342475940069));
#11950=CARTESIAN_POINT('Ctrl Pts',(5.34898825583,-3.939121605922,6.342475940069));
#11951=CARTESIAN_POINT('Ctrl Pts',(5.31493618407,-3.939121605922,6.372455626657));
#11952=CARTESIAN_POINT('Ctrl Pts',(5.272219463008,-3.939121605922,6.387358823457));
#11953=CARTESIAN_POINT('Ctrl Pts',(5.220838092644,-3.939121605922,6.387358823457));
#11954=CARTESIAN_POINT('',(5.400109686715,-3.939121605922,6.222210607749));
#11955=CARTESIAN_POINT('Ctrl Pts',(5.400109686715,-3.939121605922,6.222210607749));
#11956=CARTESIAN_POINT('Ctrl Pts',(5.400109686715,-3.939121605922,6.272465573703));
#11957=CARTESIAN_POINT('Ctrl Pts',(5.38304032759,-3.939121605922,6.312496253482));
#11958=CARTESIAN_POINT('Ctrl Pts',(5.34898825583,-3.939121605922,6.342475940069));
#11959=CARTESIAN_POINT('',(5.34898825583,-3.939121605922,6.095880020915));
#11960=CARTESIAN_POINT('Origin',(-32.7961272987469,-3.939121605922,29.3893611003228));
#11961=CARTESIAN_POINT('Origin',(-13.1629605616385,-3.939121605922,35.6162939890713));
#11962=CARTESIAN_POINT('',(5.723907631155,-3.939121605922,6.048397742738));
#11963=CARTESIAN_POINT('',(5.594804356545,-3.939121605922,6.387358823457));
#11964=CARTESIAN_POINT('',(5.594804356545,-3.939121605922,6.387358823457));
#11965=CARTESIAN_POINT('',(5.675558888046,-3.939121605922,6.048397742738));
#11966=CARTESIAN_POINT('',(5.723907631155,-3.939121605922,6.048397742738));
#11967=CARTESIAN_POINT('',(5.640986937329,-3.939121605922,6.141109490277));
#11968=CARTESIAN_POINT('',(5.675558888046,-3.939121605922,6.048397742738));
#11969=CARTESIAN_POINT('',(5.499839800188,-3.939121605922,6.141109490277));
#11970=CARTESIAN_POINT('',(5.640986937329,-3.939121605922,6.141109490277));
#11971=CARTESIAN_POINT('',(5.46726071881,-3.939121605922,6.048397742738));
#11972=CARTESIAN_POINT('',(5.499839800188,-3.939121605922,6.141109490277));
#11973=CARTESIAN_POINT('',(5.418911975703,-3.939121605922,6.048397742738));
#11974=CARTESIAN_POINT('',(5.46726071881,-3.939121605922,6.048397742738));
#11975=CARTESIAN_POINT('',(5.548015250311,-3.939121605922,6.387358823457));
#11976=CARTESIAN_POINT('',(5.418911975703,-3.939121605922,6.048397742738));
#11977=CARTESIAN_POINT('',(5.548015250311,-3.939121605922,6.387358823457));
#11978=CARTESIAN_POINT('',(4.90839083879,-3.939121605922,5.539609535687));
#11979=CARTESIAN_POINT('',(4.838553765411,-3.939121605922,5.563004088802));
#11980=CARTESIAN_POINT('Ctrl Pts',(4.90839083879,-3.939121605922,5.539609535687));
#11981=CARTESIAN_POINT('Ctrl Pts',(4.883436648798,-3.939121605922,5.539609535687));
#11982=CARTESIAN_POINT('Ctrl Pts',(4.860215388667,-3.939121605922,5.547407720059));
#11983=CARTESIAN_POINT('Ctrl Pts',(4.838553765411,-3.939121605922,5.563004088802));
#11984=CARTESIAN_POINT('',(4.958472511759,-3.939121605922,5.57236191005));
#11985=CARTESIAN_POINT('Origin',(-9.52805087803413,-3.939121605922,15.0134910902426));
#11986=CARTESIAN_POINT('',(4.947555053637,-3.939121605922,5.595409877194));
#11987=CARTESIAN_POINT('Ctrl Pts',(4.947555053637,-3.939121605922,5.595409877194));
#11988=CARTESIAN_POINT('Ctrl Pts',(4.954833359052,-3.939121605922,5.589344622683));
#11989=CARTESIAN_POINT('Ctrl Pts',(4.958472511759,-3.939121605922,5.581719731298));
#11990=CARTESIAN_POINT('Ctrl Pts',(4.958472511759,-3.939121605922,5.57236191005));
#11991=CARTESIAN_POINT('',(4.903105402716,-3.939121605922,5.617071500452));
#11992=CARTESIAN_POINT('Origin',(4.43585034773879,-3.939121605922,5.67560866243436));
#11993=CARTESIAN_POINT('',(4.85085756742,-3.939121605922,5.649130702872));
#11994=CARTESIAN_POINT('Origin',(6.1747471219151,-3.939121605922,5.62172871216654));
#11995=CARTESIAN_POINT('',(4.838813704889,-3.939121605922,5.68742845279));
#11996=CARTESIAN_POINT('Origin',(5.92940837591675,-3.939121605922,6.27155065777883));
#11997=CARTESIAN_POINT('',(4.8660207037,-3.939121605922,5.739069762633));
#11998=CARTESIAN_POINT('Ctrl Pts',(4.8660207037,-3.939121605922,5.739069762633));
#11999=CARTESIAN_POINT('Ctrl Pts',(4.847911586657,-3.939121605922,5.726072788679));
#12000=CARTESIAN_POINT('Ctrl Pts',(4.838813704889,-3.939121605922,5.708916783059));
#12001=CARTESIAN_POINT('Ctrl Pts',(4.838813704889,-3.939121605922,5.68742845279));
#12002=CARTESIAN_POINT('',(4.933085089302,-3.939121605922,5.758305284086));
#12003=CARTESIAN_POINT('Ctrl Pts',(4.933085089302,-3.939121605922,5.758305284086));
#12004=CARTESIAN_POINT('Ctrl Pts',(4.906571262436,-3.939121605922,5.758305284086));
#12005=CARTESIAN_POINT('Ctrl Pts',(4.884216467235,-3.939121605922,5.751893443602));
#12006=CARTESIAN_POINT('Ctrl Pts',(4.8660207037,-3.939121605922,5.739069762633));
#12007=CARTESIAN_POINT('',(4.990445067686,-3.939121605922,5.747561118949));
#12008=CARTESIAN_POINT('Ctrl Pts',(4.990445067686,-3.939121605922,5.747561118949));
#12009=CARTESIAN_POINT('Ctrl Pts',(4.972769183108,-3.939121605922,5.754839424364));
#12010=CARTESIAN_POINT('Ctrl Pts',(4.953706954642,-3.939121605922,5.758305284086));
#12011=CARTESIAN_POINT('Ctrl Pts',(4.933085089302,-3.939121605922,5.758305284086));
#12012=CARTESIAN_POINT('',(4.990445067686,-3.939121605922,5.706317388269));
#12013=CARTESIAN_POINT('',(4.990445067686,-3.939121605922,5.747561118949));
#12014=CARTESIAN_POINT('',(4.928926057637,-3.939121605922,5.723819979861));
#12015=CARTESIAN_POINT('Ctrl Pts',(4.928926057637,-3.939121605922,5.723819979861));
#12016=CARTESIAN_POINT('Ctrl Pts',(4.951887378289,-3.939121605922,5.723819979861));
#12017=CARTESIAN_POINT('Ctrl Pts',(4.972335950643,-3.939121605922,5.717928018335));
#12018=CARTESIAN_POINT('Ctrl Pts',(4.990445067686,-3.939121605922,5.706317388269));
#12019=CARTESIAN_POINT('',(4.895480511329,-3.939121605922,5.714808744585));
#12020=CARTESIAN_POINT('Ctrl Pts',(4.895480511329,-3.939121605922,5.714808744585));
#12021=CARTESIAN_POINT('Ctrl Pts',(4.904058514138,-3.939121605922,5.720873999097));
#12022=CARTESIAN_POINT('Ctrl Pts',(4.915235911739,-3.939121605922,5.723819979861));
#12023=CARTESIAN_POINT('Ctrl Pts',(4.928926057637,-3.939121605922,5.723819979861));
#12024=CARTESIAN_POINT('',(4.882570183868,-3.939121605922,5.691240898483));
#12025=CARTESIAN_POINT('Origin',(5.13160542825888,-3.939121605922,5.59342215992783));
#12026=CARTESIAN_POINT('',(4.891841358621,-3.939121605922,5.668712810297));
#12027=CARTESIAN_POINT('Ctrl Pts',(4.891841358621,-3.939121605922,5.668712810297));
#12028=CARTESIAN_POINT('Ctrl Pts',(4.885689457616,-3.939121605922,5.674084892863));
#12029=CARTESIAN_POINT('Ctrl Pts',(4.882570183868,-3.939121605922,5.681536491264));
#12030=CARTESIAN_POINT('Ctrl Pts',(4.882570183868,-3.939121605922,5.691240898483));
#12031=CARTESIAN_POINT('',(4.933085089302,-3.939121605922,5.647917651969));
#12032=CARTESIAN_POINT('Origin',(7.31752297981188,-3.939121605922,5.22457415070388));
#12033=CARTESIAN_POINT('',(4.987845672895,-3.939121605922,5.616551621494));
#12034=CARTESIAN_POINT('Origin',(4.30388443975151,-3.939121605922,5.5942499745911));
#12035=CARTESIAN_POINT('',(5.002055697751,-3.939121605922,5.576520941715));
#12036=CARTESIAN_POINT('Origin',(1.37514415751069,-3.939121605922,3.63518365213229));
#12037=CARTESIAN_POINT('',(4.974762052448,-3.939121605922,5.524186459927));
#12038=CARTESIAN_POINT('Origin',(2.36800335883828,-3.939121605922,6.93127799453042));
#12039=CARTESIAN_POINT('',(4.904231807125,-3.939121605922,5.504950938476));
#12040=CARTESIAN_POINT('Origin',(2.916020740217,-3.939121605922,7.91675591728156));
#12041=CARTESIAN_POINT('',(4.838553765411,-3.939121605922,5.519160963333));
#12042=CARTESIAN_POINT('Origin',(9.32119258396782,-3.939121605922,12.666827142898));
#12043=CARTESIAN_POINT('',(4.838553765411,-3.939121605922,5.519160963333));
#12044=CARTESIAN_POINT('',(5.484590017416,-3.939121605922,5.510669607016));
#12045=CARTESIAN_POINT('',(5.484590017416,-3.939121605922,5.549313942906));
#12046=CARTESIAN_POINT('',(5.484590017416,-3.939121605922,5.549313942906));
#12047=CARTESIAN_POINT('',(5.302285796089,-3.939121605922,5.510669607016));
#12048=CARTESIAN_POINT('',(5.484590017416,-3.939121605922,5.510669607016));
#12049=CARTESIAN_POINT('',(5.302285796089,-3.939121605922,5.849630687735));
#12050=CARTESIAN_POINT('',(5.302285796089,-3.939121605922,5.510669607016));
#12051=CARTESIAN_POINT('',(5.476878479537,-3.939121605922,5.849630687735));
#12052=CARTESIAN_POINT('',(5.302285796089,-3.939121605922,5.849630687735));
#12053=CARTESIAN_POINT('',(5.476878479537,-3.939121605922,5.810639765874));
#12054=CARTESIAN_POINT('',(5.476878479537,-3.939121605922,5.849630687735));
#12055=CARTESIAN_POINT('',(5.346042275068,-3.939121605922,5.810639765874));
#12056=CARTESIAN_POINT('',(5.476878479537,-3.939121605922,5.810639765874));
#12057=CARTESIAN_POINT('',(5.346042275068,-3.939121605922,5.702158356604));
#12058=CARTESIAN_POINT('',(5.346042275068,-3.939121605922,5.810639765874));
#12059=CARTESIAN_POINT('',(5.46726071881,-3.939121605922,5.702158356604));
#12060=CARTESIAN_POINT('',(5.346042275068,-3.939121605922,5.702158356604));
#12061=CARTESIAN_POINT('',(5.46726071881,-3.939121605922,5.663340727728));
#12062=CARTESIAN_POINT('',(5.46726071881,-3.939121605922,5.702158356604));
#12063=CARTESIAN_POINT('',(5.346042275068,-3.939121605922,5.663340727728));
#12064=CARTESIAN_POINT('',(5.46726071881,-3.939121605922,5.663340727728));
#12065=CARTESIAN_POINT('',(5.346042275068,-3.939121605922,5.549313942906));
#12066=CARTESIAN_POINT('',(5.346042275068,-3.939121605922,5.663340727728));
#12067=CARTESIAN_POINT('',(5.346042275068,-3.939121605922,5.549313942906));
#12068=CARTESIAN_POINT('',(5.548621775764,-3.939121605922,5.510669607016));
#12069=CARTESIAN_POINT('',(5.64185340226,-3.939121605922,5.510669607016));
#12070=CARTESIAN_POINT('',(5.64185340226,-3.939121605922,5.510669607016));
#12071=CARTESIAN_POINT('',(5.548621775764,-3.939121605922,5.849630687735));
#12072=CARTESIAN_POINT('',(5.548621775764,-3.939121605922,5.510669607016));
#12073=CARTESIAN_POINT('',(5.64531926198,-3.939121605922,5.849630687735));
#12074=CARTESIAN_POINT('',(5.548621775764,-3.939121605922,5.849630687735));
#12075=CARTESIAN_POINT('',(5.773469425165,-3.939121605922,5.804747804348));
#12076=CARTESIAN_POINT('Ctrl Pts',(5.773469425165,-3.939121605922,5.804747804348));
#12077=CARTESIAN_POINT('Ctrl Pts',(5.739417353408,-3.939121605922,5.834727490933));
#12078=CARTESIAN_POINT('Ctrl Pts',(5.696700632344,-3.939121605922,5.849630687735));
#12079=CARTESIAN_POINT('Ctrl Pts',(5.64531926198,-3.939121605922,5.849630687735));
#12080=CARTESIAN_POINT('',(5.824590856053,-3.939121605922,5.684482472026));
#12081=CARTESIAN_POINT('Ctrl Pts',(5.824590856053,-3.939121605922,5.684482472026));
#12082=CARTESIAN_POINT('Ctrl Pts',(5.824590856053,-3.939121605922,5.734737437982));
#12083=CARTESIAN_POINT('Ctrl Pts',(5.807521496925,-3.939121605922,5.77476811776));
#12084=CARTESIAN_POINT('Ctrl Pts',(5.773469425165,-3.939121605922,5.804747804348));
#12085=CARTESIAN_POINT('',(5.773469425165,-3.939121605922,5.558151885194));
#12086=CARTESIAN_POINT('Origin',(-32.3716463622087,-3.939121605922,28.8516331015023));
#12087=CARTESIAN_POINT('Origin',(-12.7384797912716,-3.939121605922,35.0785664795499));
#12088=CARTESIAN_POINT('',(6.148388800491,-3.939121605922,5.510669607016));
#12089=CARTESIAN_POINT('',(6.019285525883,-3.939121605922,5.849630687735));
#12090=CARTESIAN_POINT('',(6.019285525883,-3.939121605922,5.849630687735));
#12091=CARTESIAN_POINT('',(6.100040057384,-3.939121605922,5.510669607016));
#12092=CARTESIAN_POINT('',(6.148388800491,-3.939121605922,5.510669607016));
#12093=CARTESIAN_POINT('',(6.065468106664,-3.939121605922,5.603381354553));
#12094=CARTESIAN_POINT('',(6.100040057384,-3.939121605922,5.510669607016));
#12095=CARTESIAN_POINT('',(5.924320969523,-3.939121605922,5.603381354553));
#12096=CARTESIAN_POINT('',(6.065468106664,-3.939121605922,5.603381354553));
#12097=CARTESIAN_POINT('',(5.891741888146,-3.939121605922,5.510669607016));
#12098=CARTESIAN_POINT('',(5.924320969523,-3.939121605922,5.603381354553));
#12099=CARTESIAN_POINT('',(5.843393145036,-3.939121605922,5.510669607016));
#12100=CARTESIAN_POINT('',(5.891741888146,-3.939121605922,5.510669607016));
#12101=CARTESIAN_POINT('',(5.972496419647,-3.939121605922,5.849630687735));
#12102=CARTESIAN_POINT('',(5.843393145036,-3.939121605922,5.510669607016));
#12103=CARTESIAN_POINT('',(5.972496419647,-3.939121605922,5.849630687735));
#12104=CARTESIAN_POINT('',(4.085955140148,-3.939121605922,5.84689104108));
#12105=CARTESIAN_POINT('',(3.847367312163,-3.939121605922,6.16259815725));
#12106=CARTESIAN_POINT('Ctrl Pts',(4.085955140148,-3.939121605922,5.84689104108));
#12107=CARTESIAN_POINT('Ctrl Pts',(4.083545198303,-3.939121605922,5.991489666204));
#12108=CARTESIAN_POINT('Ctrl Pts',(3.984736019821,-3.939121605922,6.119218560518));
#12109=CARTESIAN_POINT('Ctrl Pts',(3.847367312163,-3.939121605922,6.16259815725));
#12110=CARTESIAN_POINT('',(3.996785912908,-3.939121605922,5.617943072406));
#12111=CARTESIAN_POINT('Origin',(3.751379064349,-3.939121605922,5.84898978538298));
#12112=CARTESIAN_POINT('',(3.77747789548,-3.939121605922,5.509494034612));
#12113=CARTESIAN_POINT('Origin',(3.72466707329792,-3.939121605922,5.91830101132282));
#12114=CARTESIAN_POINT('',(3.635289212199,-3.939121605922,5.509494034612));
#12115=CARTESIAN_POINT('',(3.770247978013,-3.939121605922,5.509494034612));
#12116=CARTESIAN_POINT('',(3.565399795515,-3.939121605922,5.584203334987));
#12117=CARTESIAN_POINT('Ctrl Pts',(3.565399795515,-3.939121605922,5.584203334987));
#12118=CARTESIAN_POINT('Ctrl Pts',(3.565399795515,-3.939121605922,5.545643713878));
#12119=CARTESIAN_POINT('Ctrl Pts',(3.596729499157,-3.939121605922,5.511903976456));
#12120=CARTESIAN_POINT('Ctrl Pts',(3.635289212199,-3.939121605922,5.509494034612));
#12121=CARTESIAN_POINT('',(3.640109095888,-3.939121605922,5.658912635359));
#12122=CARTESIAN_POINT('Ctrl Pts',(3.640109095888,-3.939121605922,5.658912635359));
#12123=CARTESIAN_POINT('Ctrl Pts',(3.599139441002,-3.939121605922,5.658912635359));
#12124=CARTESIAN_POINT('Ctrl Pts',(3.565399795515,-3.939121605922,5.62517289794));
#12125=CARTESIAN_POINT('Ctrl Pts',(3.565399795515,-3.939121605922,5.584203334987));
#12126=CARTESIAN_POINT('',(3.654568930821,-3.939121605922,5.656502693516));
#12127=CARTESIAN_POINT('Ctrl Pts',(3.654568930821,-3.939121605922,5.656502693516));
#12128=CARTESIAN_POINT('Ctrl Pts',(3.649748955198,-3.939121605922,5.656502693516));
#12129=CARTESIAN_POINT('Ctrl Pts',(3.644928979576,-3.939121605922,5.658912635359));
#12130=CARTESIAN_POINT('Ctrl Pts',(3.640109095888,-3.939121605922,5.658912635359));
#12131=CARTESIAN_POINT('',(3.763017968614,-3.939121605922,5.656502693516));
#12132=CARTESIAN_POINT('',(3.763017968614,-3.939121605922,5.656502693516));
#12133=CARTESIAN_POINT('',(3.936536447468,-3.939121605922,5.844481007303));
#12134=CARTESIAN_POINT('Ctrl Pts',(3.936536447468,-3.939121605922,5.844481007303));
#12135=CARTESIAN_POINT('Ctrl Pts',(3.936536447468,-3.939121605922,5.745671874786));
#12136=CARTESIAN_POINT('Ctrl Pts',(3.861827147095,-3.939121605922,5.663732610983));
#12137=CARTESIAN_POINT('Ctrl Pts',(3.763017968614,-3.939121605922,5.656502693516));
#12138=CARTESIAN_POINT('',(3.748558133681,-3.939121605922,6.032459321091));
#12139=CARTESIAN_POINT('Ctrl Pts',(3.748558133681,-3.939121605922,6.032459321091));
#12140=CARTESIAN_POINT('Ctrl Pts',(3.852187195852,-3.939121605922,6.032459321091));
#12141=CARTESIAN_POINT('Ctrl Pts',(3.936536447468,-3.939121605922,5.948110069474));
#12142=CARTESIAN_POINT('Ctrl Pts',(3.936536447468,-3.939121605922,5.844481007303));
#12143=CARTESIAN_POINT('',(3.729278323126,-3.939121605922,6.032459321091));
#12144=CARTESIAN_POINT('',(3.729278323126,-3.939121605922,6.032459321091));
#12145=CARTESIAN_POINT('',(3.391881316659,-3.939121605922,6.333706648293));
#12146=CARTESIAN_POINT('Ctrl Pts',(3.391881316659,-3.939121605922,6.333706648293));
#12147=CARTESIAN_POINT('Ctrl Pts',(3.565399795515,-3.939121605922,6.333706648293));
#12148=CARTESIAN_POINT('Ctrl Pts',(3.709998512572,-3.939121605922,6.201157824324));
#12149=CARTESIAN_POINT('Ctrl Pts',(3.729278323126,-3.939121605922,6.032459321091));
#12150=CARTESIAN_POINT('',(3.068944237057,-3.939121605922,6.102348829707));
#12151=CARTESIAN_POINT('Ctrl Pts',(3.068944237057,-3.939121605922,6.102348829707));
#12152=CARTESIAN_POINT('Ctrl Pts',(3.114733775632,-3.939121605922,6.237307503589));
#12153=CARTESIAN_POINT('Ctrl Pts',(3.240052682135,-3.939121605922,6.333706648293));
#12154=CARTESIAN_POINT('Ctrl Pts',(3.391881316659,-3.939121605922,6.333706648293));
#12155=CARTESIAN_POINT('',(2.94121538871,-3.939121605922,6.138498508972));
#12156=CARTESIAN_POINT('Ctrl Pts',(2.94121538871,-3.939121605922,6.138498508972));
#12157=CARTESIAN_POINT('Ctrl Pts',(2.987004973252,-3.939121605922,6.138498508972));
#12158=CARTESIAN_POINT('Ctrl Pts',(3.032794557794,-3.939121605922,6.124038628074));
#12159=CARTESIAN_POINT('Ctrl Pts',(3.068944237057,-3.939121605922,6.102348829707));
#12160=CARTESIAN_POINT('',(2.700217526948,-3.939121605922,5.897500647211));
#12161=CARTESIAN_POINT('Ctrl Pts',(2.700217526948,-3.939121605922,5.897500647211));
#12162=CARTESIAN_POINT('Ctrl Pts',(2.700217526948,-3.939121605922,6.03004947118));
#12163=CARTESIAN_POINT('Ctrl Pts',(2.808666564741,-3.939121605922,6.138498508972));
#12164=CARTESIAN_POINT('Ctrl Pts',(2.94121538871,-3.939121605922,6.138498508972));
#12165=CARTESIAN_POINT('',(2.844816244006,-3.939121605922,5.675782596004));
#12166=CARTESIAN_POINT('Ctrl Pts',(2.844816244006,-3.939121605922,5.675782596004));
#12167=CARTESIAN_POINT('Ctrl Pts',(2.760466992389,-3.939121605922,5.714342263077));
#12168=CARTESIAN_POINT('Ctrl Pts',(2.700217526948,-3.939121605922,5.798691514694));
#12169=CARTESIAN_POINT('Ctrl Pts',(2.700217526948,-3.939121605922,5.897500647211));
#12170=CARTESIAN_POINT('',(3.071354224869,-3.939121605922,5.834841193959));
#12171=CARTESIAN_POINT('Ctrl Pts',(3.071354224869,-3.939121605922,5.834841193959));
#12172=CARTESIAN_POINT('Ctrl Pts',(2.967725116731,-3.939121605922,5.834841193959));
#12173=CARTESIAN_POINT('Ctrl Pts',(2.878555935459,-3.939121605922,5.767361811054));
#12174=CARTESIAN_POINT('Ctrl Pts',(2.844816244006,-3.939121605922,5.675782596004));
#12175=CARTESIAN_POINT('',(3.252102621191,-3.939121605922,5.752901930153));
#12176=CARTESIAN_POINT('Ctrl Pts',(3.252102621191,-3.939121605922,5.752901930153));
#12177=CARTESIAN_POINT('Ctrl Pts',(3.208723024459,-3.939121605922,5.803511490317));
#12178=CARTESIAN_POINT('Ctrl Pts',(3.143653583398,-3.939121605922,5.834841193959));
#12179=CARTESIAN_POINT('Ctrl Pts',(3.071354224869,-3.939121605922,5.834841193959));
#12180=CARTESIAN_POINT('',(3.575039746758,-3.939121605922,5.921600433386));
#12181=CARTESIAN_POINT('',(3.575039746758,-3.939121605922,5.921600433386));
#12182=CARTESIAN_POINT('',(3.649749047132,-3.939121605922,5.793871539073));
#12183=CARTESIAN_POINT('',(3.649749047132,-3.939121605922,5.793871539073));
#12184=CARTESIAN_POINT('',(3.312352040665,-3.939121605922,5.615533130563));
#12185=CARTESIAN_POINT('',(3.312352040665,-3.939121605922,5.615533130563));
#12186=CARTESIAN_POINT('',(3.312352040665,-3.939121605922,5.591433344385));
#12187=CARTESIAN_POINT('',(3.312352040665,-3.939121605922,5.591433344385));
#12188=CARTESIAN_POINT('',(3.071354178902,-3.939121605922,5.350435482623));
#12189=CARTESIAN_POINT('Ctrl Pts',(3.071354178902,-3.939121605922,5.350435482623));
#12190=CARTESIAN_POINT('Ctrl Pts',(3.203903002871,-3.939121605922,5.350435482623));
#12191=CARTESIAN_POINT('Ctrl Pts',(3.312352040665,-3.939121605922,5.458884520415));
#12192=CARTESIAN_POINT('Ctrl Pts',(3.312352040665,-3.939121605922,5.591433344385));
#12193=CARTESIAN_POINT('',(2.842406187244,-3.939121605922,5.514314010235));
#12194=CARTESIAN_POINT('Ctrl Pts',(2.842406187244,-3.93912160592199,5.514314010235));
#12195=CARTESIAN_POINT('Ctrl Pts',(2.87373591387,-3.93912160592199,5.417914865529));
#12196=CARTESIAN_POINT('Ctrl Pts',(2.965315082953,-3.93912160592199,5.350435482623));
#12197=CARTESIAN_POINT('Ctrl Pts',(3.071354178902,-3.93912160592199,5.350435482623));
#12198=CARTESIAN_POINT('',(2.649607897836,-3.939121605922,5.629992965494));
#12199=CARTESIAN_POINT('Origin',(3.68134493077824,-3.939121605922,7.11820148078702));
#12200=CARTESIAN_POINT('',(2.548388800492,-3.939121605922,5.892680579656));
#12201=CARTESIAN_POINT('Origin',(2.91781534633857,-3.939121605922,5.88029740725603));
#12202=CARTESIAN_POINT('',(2.661657859873,-3.939121605922,6.167418109887));
#12203=CARTESIAN_POINT('Origin',(2.92935572088886,-3.939121605922,5.8921535596448));
#12204=CARTESIAN_POINT('',(2.938805400899,-3.939121605922,6.28309708813));
#12205=CARTESIAN_POINT('Origin',(2.95504098684973,-3.939121605922,5.834506186813));
#12206=CARTESIAN_POINT('',(2.994234890718,-3.939121605922,6.278277135492));
#12207=CARTESIAN_POINT('Ctrl Pts',(2.994234890718,-3.939121605922,6.278277135492));
#12208=CARTESIAN_POINT('Ctrl Pts',(2.974955080164,-3.939121605922,6.280687123303));
#12209=CARTESIAN_POINT('Ctrl Pts',(2.958085211454,-3.939121605922,6.28309708813));
#12210=CARTESIAN_POINT('Ctrl Pts',(2.938805400899,-3.939121605922,6.28309708813));
#12211=CARTESIAN_POINT('',(3.1002739407,-3.939121605922,6.384316196964));
#12212=CARTESIAN_POINT('Ctrl Pts',(3.1002739407,-3.939121605922,6.384316196964));
#12213=CARTESIAN_POINT('Ctrl Pts',(3.059304285813,-3.939121605922,6.355396446658));
#12214=CARTESIAN_POINT('Ctrl Pts',(3.025564594361,-3.939121605922,6.319246767395));
#12215=CARTESIAN_POINT('Ctrl Pts',(2.994234890718,-3.939121605922,6.278277135492));
#12216=CARTESIAN_POINT('',(3.389471374815,-3.939121605922,6.478305365351));
#12217=CARTESIAN_POINT('Origin',(3.46124332693512,-3.939121605922,5.64617936590315));
#12218=CARTESIAN_POINT('',(3.717228430039,-3.939121605922,6.352986470338));
#12219=CARTESIAN_POINT('Ctrl Pts',(3.717228430039,-3.939121605922,6.352986470338));
#12220=CARTESIAN_POINT('Ctrl Pts',(3.625649260955,-3.939121605922,6.432515772191));
#12221=CARTESIAN_POINT('Ctrl Pts',(3.509970305695,-3.939121605922,6.478305365351));
#12222=CARTESIAN_POINT('Ctrl Pts',(3.389471374815,-3.939121605922,6.478305365351));
#12223=CARTESIAN_POINT('Origin',(3.39421636283883,-3.939121605922,6.07993280125807));
#12224=CARTESIAN_POINT('',(5.25653644777,-3.939121605922,5.752759908531));
#12225=CARTESIAN_POINT('',(5.212520029314,-3.939121605922,5.752759908531));
#12226=CARTESIAN_POINT('',(5.212520029314,-3.939121605922,5.752759908531));
#12227=CARTESIAN_POINT('',(5.146668694613,-3.939121605922,5.474104786959));
#12228=CARTESIAN_POINT('',(5.25653644777,-3.939121605922,5.752759908531));
#12229=CARTESIAN_POINT('',(5.060282141065,-3.939121605922,5.396642822192));
#12230=CARTESIAN_POINT('Ctrl Pts',(5.060282141065,-3.939121605922,5.396642822192));
#12231=CARTESIAN_POINT('Ctrl Pts',(5.097453486573,-3.939121605922,5.396642822192));
#12232=CARTESIAN_POINT('Ctrl Pts',(5.126220122259,-3.939121605922,5.422463477114));
#12233=CARTESIAN_POINT('Ctrl Pts',(5.146668694613,-3.939121605922,5.474104786959));
#12234=CARTESIAN_POINT('',(5.032901849269,-3.939121605922,5.400108681914));
#12235=CARTESIAN_POINT('Origin',(5.13302540214146,-3.939121605922,5.47001403276013));
#12236=CARTESIAN_POINT('',(5.032901849269,-3.939121605922,5.437886552874));
#12237=CARTESIAN_POINT('',(5.032901849269,-3.939121605922,5.400108681914));
#12238=CARTESIAN_POINT('',(5.05698957433,-3.939121605922,5.433034349263));
#12239=CARTESIAN_POINT('Ctrl Pts',(5.05698957433,-3.939121605922,5.433034349263));
#12240=CARTESIAN_POINT('Ctrl Pts',(5.049191389958,-3.939121605922,5.433034349263));
#12241=CARTESIAN_POINT('Ctrl Pts',(5.041219912599,-3.939121605922,5.434593986138));
#12242=CARTESIAN_POINT('Ctrl Pts',(5.032901849269,-3.939121605922,5.437886552874));
#12243=CARTESIAN_POINT('',(5.100486113829,-3.939121605922,5.467173067516));
#12244=CARTESIAN_POINT('Ctrl Pts',(5.100486113829,-3.939121605922,5.467173067516));
#12245=CARTESIAN_POINT('Ctrl Pts',(5.090868353104,-3.939121605922,5.444298393358));
#12246=CARTESIAN_POINT('Ctrl Pts',(5.076398388769,-3.939121605922,5.433034349263));
#12247=CARTESIAN_POINT('Ctrl Pts',(5.05698957433,-3.939121605922,5.433034349263));
#12248=CARTESIAN_POINT('',(5.11911510983,-3.939121605922,5.511189485974));
#12249=CARTESIAN_POINT('',(5.100486113829,-3.939121605922,5.467173067516));
#12250=CARTESIAN_POINT('',(5.024150553473,-3.939121605922,5.752759908531));
#12251=CARTESIAN_POINT('',(5.11911510983,-3.939121605922,5.511189485974));
#12252=CARTESIAN_POINT('',(5.071632831652,-3.939121605922,5.752759908531));
#12253=CARTESIAN_POINT('',(5.024150553473,-3.939121605922,5.752759908531));
#12254=CARTESIAN_POINT('',(5.134884771561,-3.939121605922,5.570802273175));
#12255=CARTESIAN_POINT('',(5.071632831652,-3.939121605922,5.752759908531));
#12256=CARTESIAN_POINT('',(5.140083561143,-3.939121605922,5.550873579779));
#12257=CARTESIAN_POINT('',(5.134884771561,-3.939121605922,5.570802273175));
#12258=CARTESIAN_POINT('',(5.141209965551,-3.939121605922,5.550873579779));
#12259=CARTESIAN_POINT('',(5.140083561143,-3.939121605922,5.550873579779));
#12260=CARTESIAN_POINT('',(5.146408755134,-3.939121605922,5.570455687203));
#12261=CARTESIAN_POINT('Ctrl Pts',(5.146408755134,-3.939121605922,5.570455687203));
#12262=CARTESIAN_POINT('Ctrl Pts',(5.143809360344,-3.939121605922,5.561964330887));
#12263=CARTESIAN_POINT('Ctrl Pts',(5.14207643048,-3.939121605922,5.555379197418));
#12264=CARTESIAN_POINT('Ctrl Pts',(5.141209965551,-3.939121605922,5.550873579779));
#12265=CARTESIAN_POINT('',(5.146408755134,-3.939121605922,5.570455687203));
#12266=CARTESIAN_POINT('',(4.693507536084,-3.939121605922,5.758305284086));
#12267=CARTESIAN_POINT('',(4.610153609792,-3.939121605922,5.735777195899));
#12268=CARTESIAN_POINT('Ctrl Pts',(4.693507536084,-3.939121605922,5.758305284086));
#12269=CARTESIAN_POINT('Ctrl Pts',(4.661968212623,-3.939121605922,5.758305284086));
#12270=CARTESIAN_POINT('Ctrl Pts',(4.634154688361,-3.939121605922,5.750853685685));
#12271=CARTESIAN_POINT('Ctrl Pts',(4.610153609792,-3.939121605922,5.735777195899));
#12272=CARTESIAN_POINT('',(4.781020494041,-3.939121605922,5.666460001476));
#12273=CARTESIAN_POINT('Ctrl Pts',(4.781020494041,-3.939121605922,5.666460001476));
#12274=CARTESIAN_POINT('Ctrl Pts',(4.781020494041,-3.939121605922,5.72780571854));
#12275=CARTESIAN_POINT('Ctrl Pts',(4.751820625891,-3.939121605922,5.758305284086));
#12276=CARTESIAN_POINT('Ctrl Pts',(4.693507536084,-3.939121605922,5.758305284086));
#12277=CARTESIAN_POINT('',(4.781020494041,-3.939121605922,5.510669607016));
#12278=CARTESIAN_POINT('',(4.781020494041,-3.939121605922,5.666460001476));
#12279=CARTESIAN_POINT('',(4.738563712458,-3.939121605922,5.510669607016));
#12280=CARTESIAN_POINT('',(4.781020494041,-3.939121605922,5.510669607016));
#12281=CARTESIAN_POINT('',(4.738563712458,-3.939121605922,5.548100892003));
#12282=CARTESIAN_POINT('',(4.738563712458,-3.939121605922,5.510669607016));
#12283=CARTESIAN_POINT('',(4.737437308048,-3.939121605922,5.548100892003));
#12284=CARTESIAN_POINT('',(4.738563712458,-3.939121605922,5.548100892003));
#12285=CARTESIAN_POINT('',(4.663267910018,-3.939121605922,5.504950938476));
#12286=CARTESIAN_POINT('Origin',(1.30699912612847,-3.939121605922,11.6271900578918));
#12287=CARTESIAN_POINT('',(4.607294275523,-3.939121605922,5.524013166941));
#12288=CARTESIAN_POINT('Origin',(10.5945402476702,-3.939121605922,13.5180253759021));
#12289=CARTESIAN_POINT('',(4.586499117196,-3.939121605922,5.5754811838));
#12290=CARTESIAN_POINT('Ctrl Pts',(4.586499117196,-3.939121605922,5.5754811838));
#12291=CARTESIAN_POINT('Ctrl Pts',(4.586499117196,-3.939121605922,5.553819560543));
#12292=CARTESIAN_POINT('Ctrl Pts',(4.593430836639,-3.939121605922,5.536663554922));
#12293=CARTESIAN_POINT('Ctrl Pts',(4.607294275523,-3.939121605922,5.524013166941));
#12294=CARTESIAN_POINT('',(4.666820416232,-3.939121605922,5.65450278544));
#12295=CARTESIAN_POINT('Ctrl Pts',(4.666820416232,-3.939121605922,5.65450278544));
#12296=CARTESIAN_POINT('Ctrl Pts',(4.613272883542,-3.939121605922,5.647051187039));
#12297=CARTESIAN_POINT('Ctrl Pts',(4.586499117196,-3.939121605922,5.620710653159));
#12298=CARTESIAN_POINT('Ctrl Pts',(4.586499117196,-3.939121605922,5.5754811838));
#12299=CARTESIAN_POINT('',(4.738563712458,-3.939121605922,5.664553778632));
#12300=CARTESIAN_POINT('',(4.666820416232,-3.939121605922,5.65450278544));
#12301=CARTESIAN_POINT('',(4.689521797405,-3.939121605922,5.723819979861));
#12302=CARTESIAN_POINT('Origin',(-9.1529487909565,-3.939121605922,-11.0637955420842));
#12303=CARTESIAN_POINT('',(4.610153609792,-3.939121605922,5.694533465217));
#12304=CARTESIAN_POINT('Ctrl Pts',(4.610153609792,-3.939121605922,5.694533465217));
#12305=CARTESIAN_POINT('Ctrl Pts',(4.634068041868,-3.939121605922,5.713942279656));
#12306=CARTESIAN_POINT('Ctrl Pts',(4.660495222241,-3.939121605922,5.723819979861));
#12307=CARTESIAN_POINT('Ctrl Pts',(4.689521797405,-3.939121605922,5.723819979861));
#12308=CARTESIAN_POINT('',(4.610153609792,-3.939121605922,5.694533465217));
#12309=CARTESIAN_POINT('',(4.545861911967,-3.939121605922,5.510669607016));
#12310=CARTESIAN_POINT('',(4.545861911967,-3.939121605922,5.549313942906));
#12311=CARTESIAN_POINT('',(4.545861911967,-3.939121605922,5.549313942906));
#12312=CARTESIAN_POINT('',(4.363557690639,-3.939121605922,5.510669607016));
#12313=CARTESIAN_POINT('',(4.545861911967,-3.939121605922,5.510669607016));
#12314=CARTESIAN_POINT('',(4.363557690639,-3.939121605922,5.849630687735));
#12315=CARTESIAN_POINT('',(4.363557690639,-3.939121605922,5.510669607016));
#12316=CARTESIAN_POINT('',(4.538150374087,-3.939121605922,5.849630687735));
#12317=CARTESIAN_POINT('',(4.363557690639,-3.939121605922,5.849630687735));
#12318=CARTESIAN_POINT('',(4.538150374087,-3.939121605922,5.810639765874));
#12319=CARTESIAN_POINT('',(4.538150374087,-3.939121605922,5.849630687735));
#12320=CARTESIAN_POINT('',(4.407314169617,-3.939121605922,5.810639765874));
#12321=CARTESIAN_POINT('',(4.538150374087,-3.939121605922,5.810639765874));
#12322=CARTESIAN_POINT('',(4.407314169617,-3.939121605922,5.702158356604));
#12323=CARTESIAN_POINT('',(4.407314169617,-3.939121605922,5.810639765874));
#12324=CARTESIAN_POINT('',(4.528532613362,-3.939121605922,5.702158356604));
#12325=CARTESIAN_POINT('',(4.407314169617,-3.939121605922,5.702158356604));
#12326=CARTESIAN_POINT('',(4.528532613362,-3.939121605922,5.663340727728));
#12327=CARTESIAN_POINT('',(4.528532613362,-3.939121605922,5.702158356604));
#12328=CARTESIAN_POINT('',(4.407314169617,-3.939121605922,5.663340727728));
#12329=CARTESIAN_POINT('',(4.528532613362,-3.939121605922,5.663340727728));
#12330=CARTESIAN_POINT('',(4.407314169617,-3.939121605922,5.549313942906));
#12331=CARTESIAN_POINT('',(4.407314169617,-3.939121605922,5.663340727728));
#12332=CARTESIAN_POINT('',(4.407314169617,-3.939121605922,5.549313942906));
#12333=CARTESIAN_POINT('',(4.716122270764,-3.939121605922,6.042679074198));
#12334=CARTESIAN_POINT('',(4.809960422712,-3.939121605922,6.062434474608));
#12335=CARTESIAN_POINT('Ctrl Pts',(4.716122270764,-3.939121605922,6.042679074198));
#12336=CARTESIAN_POINT('Ctrl Pts',(4.753726848737,-3.939121605922,6.042679074198));
#12337=CARTESIAN_POINT('Ctrl Pts',(4.78500623272,-3.939121605922,6.049264207667));
#12338=CARTESIAN_POINT('Ctrl Pts',(4.809960422712,-3.939121605922,6.062434474608));
#12339=CARTESIAN_POINT('',(4.599669384136,-3.939121605922,6.088948301474));
#12340=CARTESIAN_POINT('Ctrl Pts',(4.599669384136,-3.939121605922,6.088948301474));
#12341=CARTESIAN_POINT('Ctrl Pts',(4.628695959301,-3.939121605922,6.058102149957));
#12342=CARTESIAN_POINT('Ctrl Pts',(4.667513588176,-3.939121605922,6.042679074198));
#12343=CARTESIAN_POINT('Ctrl Pts',(4.716122270764,-3.939121605922,6.042679074198));
#12344=CARTESIAN_POINT('',(4.556172844637,-3.939121605922,6.211466442612));
#12345=CARTESIAN_POINT('Origin',(19.2180065127885,-3.939121605922,16.2718051696729));
#12346=CARTESIAN_POINT('',(4.605128113197,-3.939121605922,6.343169112013));
#12347=CARTESIAN_POINT('Ctrl Pts',(4.605128113197,-3.939121605922,6.343169112013));
#12348=CARTESIAN_POINT('Ctrl Pts',(4.572462385326,-3.939121605922,6.309896858692));
#12349=CARTESIAN_POINT('Ctrl Pts',(4.556172844637,-3.939121605922,6.266053733219));
#12350=CARTESIAN_POINT('Ctrl Pts',(4.556172844637,-3.939121605922,6.211466442612));
#12351=CARTESIAN_POINT('',(4.729639123676,-3.939121605922,6.393077491997));
#12352=CARTESIAN_POINT('Ctrl Pts',(4.729639123676,-3.939121605922,6.393077491997));
#12353=CARTESIAN_POINT('Ctrl Pts',(4.679297511228,-3.939121605922,6.393077491997));
#12354=CARTESIAN_POINT('Ctrl Pts',(4.637793841068,-3.939121605922,6.376441365336));
#12355=CARTESIAN_POINT('Ctrl Pts',(4.605128113197,-3.939121605922,6.343169112013));
#12356=CARTESIAN_POINT('',(4.809960422712,-3.939121605922,6.379214053112));
#12357=CARTESIAN_POINT('Origin',(2.82568081956807,-3.939121605922,4.75234079621067));
#12358=CARTESIAN_POINT('',(4.809960422712,-3.939121605922,6.333464704796));
#12359=CARTESIAN_POINT('',(4.809960422712,-3.939121605922,6.379214053112));
#12360=CARTESIAN_POINT('',(4.730072356142,-3.939121605922,6.353566691176));
#12361=CARTESIAN_POINT('Ctrl Pts',(4.730072356142,-3.939121605922,6.353566691176));
#12362=CARTESIAN_POINT('Ctrl Pts',(4.759098931305,-3.939121605922,6.353566691176));
#12363=CARTESIAN_POINT('Ctrl Pts',(4.785699404665,-3.939121605922,6.346981557706));
#12364=CARTESIAN_POINT('Ctrl Pts',(4.809960422712,-3.939121605922,6.333464704796));
#12365=CARTESIAN_POINT('',(4.637707194576,-3.939121605922,6.315962113203));
#12366=CARTESIAN_POINT('Ctrl Pts',(4.637707194576,-3.939121605922,6.315962113203));
#12367=CARTESIAN_POINT('Ctrl Pts',(4.661534980157,-3.939121605922,6.34108959618));
#12368=CARTESIAN_POINT('Ctrl Pts',(4.692294485182,-3.939121605922,6.353566691176));
#12369=CARTESIAN_POINT('Ctrl Pts',(4.730072356142,-3.939121605922,6.353566691176));
#12370=CARTESIAN_POINT('',(4.602095485942,-3.939121605922,6.214065837405));
#12371=CARTESIAN_POINT('Ctrl Pts',(4.602095485942,-3.939121605922,6.214065837405));
#12372=CARTESIAN_POINT('Ctrl Pts',(4.602095485942,-3.939121605922,6.256695911974));
#12373=CARTESIAN_POINT('Ctrl Pts',(4.613966055486,-3.939121605922,6.290661337238));
#12374=CARTESIAN_POINT('Ctrl Pts',(4.637707194576,-3.939121605922,6.315962113203));
#12375=CARTESIAN_POINT('',(4.635367739263,-3.939121605922,6.117368351187));
#12376=CARTESIAN_POINT('Ctrl Pts',(4.635367739263,-3.939121605922,6.117368351187));
#12377=CARTESIAN_POINT('Ctrl Pts',(4.613186237048,-3.939121605922,6.141282783263));
#12378=CARTESIAN_POINT('Ctrl Pts',(4.602095485942,-3.939121605922,6.173515278669));
#12379=CARTESIAN_POINT('Ctrl Pts',(4.602095485942,-3.939121605922,6.214065837405));
#12380=CARTESIAN_POINT('',(4.722447464755,-3.939121605922,6.081669996059));
#12381=CARTESIAN_POINT('Origin',(10.2188084730504,-3.939121605922,15.8066511121666));
#12382=CARTESIAN_POINT('',(4.809960422712,-3.939121605922,6.104371377234));
#12383=CARTESIAN_POINT('Origin',(3.01764002909074,-3.939121605922,9.17368978890106));
#12384=CARTESIAN_POINT('',(4.809960422712,-3.939121605922,6.104371377234));
#12385=CARTESIAN_POINT('Origin',(13.184113538953,-2.239121605922,10.463235144876));
#12386=CARTESIAN_POINT('',(13.184113538954,-1.109121605922,1.373235144876));
#12387=CARTESIAN_POINT('',(13.184113538953,-1.109121605922,10.463235144876));
#12388=CARTESIAN_POINT('',(13.184113538954,-1.109121605922,1.073235144876));
#12389=CARTESIAN_POINT('',(13.184113538953,-1.409121605922,1.073235144876));
#12390=CARTESIAN_POINT('Origin',(13.184113538953,-1.409121605922,1.373235144876));
#12391=CARTESIAN_POINT('',(13.184113538953,-1.569121605922,1.073235144876));
#12392=CARTESIAN_POINT('',(13.184113538953,-2.239121605922,1.073235144876));
#12393=CARTESIAN_POINT('',(13.184113538953,-1.869121605922,1.373235144876));
#12394=CARTESIAN_POINT('Origin',(13.184113538953,-1.569121605922,1.373235144876));
#12395=CARTESIAN_POINT('',(13.184113538953,-1.869121605922,10.463235144876));
#12396=CARTESIAN_POINT('',(13.184113538953,-1.869121605922,10.463235144876));
#12397=CARTESIAN_POINT('',(13.184113538953,-2.239121605922,10.463235144876));
#12398=CARTESIAN_POINT('Origin',(13.684113538953,-2.239121605922,1.073235144876));
#12399=CARTESIAN_POINT('',(13.684113538954,-1.409121605922,1.073235144876));
#12400=CARTESIAN_POINT('',(13.684113538954,-1.409121605922,1.073235144876));
#12401=CARTESIAN_POINT('',(13.684113538954,-1.569121605922,1.073235144876));
#12402=CARTESIAN_POINT('',(13.684113538953,-2.239121605922,1.073235144876));
#12403=CARTESIAN_POINT('',(13.684113538954,-1.569121605922,1.073235144876));
#12404=CARTESIAN_POINT('Origin',(13.684113538953,-2.239121605922,10.463235144876));
#12405=CARTESIAN_POINT('',(13.684113538954,-1.109121605922,1.373235144876));
#12406=CARTESIAN_POINT('Origin',(13.684113538954,-1.409121605922,1.373235144876));
#12407=CARTESIAN_POINT('',(13.684113538954,-1.109121605922,10.463235144876));
#12408=CARTESIAN_POINT('',(13.684113538954,-1.109121605922,10.463235144876));
#12409=CARTESIAN_POINT('',(13.684113538953,-1.869121605922,10.463235144876));
#12410=CARTESIAN_POINT('',(13.684113538953,-2.239121605922,10.463235144876));
#12411=CARTESIAN_POINT('',(13.684113538954,-1.869121605922,1.373235144876));
#12412=CARTESIAN_POINT('',(13.684113538954,-1.869121605922,1.073235144876));
#12413=CARTESIAN_POINT('Origin',(13.684113538954,-1.569121605922,1.373235144876));
#12414=CARTESIAN_POINT('Origin',(12.434113538953,-2.239121605922,10.463235144876));
#12415=CARTESIAN_POINT('',(12.434113538953,-1.109121605922,11.713235144876));
#12416=CARTESIAN_POINT('Origin',(12.434113538954,-1.109121605922,10.463235144876));
#12417=CARTESIAN_POINT('',(12.434113538953,-1.869121605922,11.713235144876));
#12418=CARTESIAN_POINT('',(12.434113538953,-2.239121605922,11.713235144876));
#12419=CARTESIAN_POINT('Origin',(12.434113538953,-1.869121605922,10.463235144876));
#12420=CARTESIAN_POINT('Origin',(12.434113538953,-2.239121605922,10.463235144876));
#12421=CARTESIAN_POINT('',(12.434113538953,-1.109121605922,11.213235144876));
#12422=CARTESIAN_POINT('Origin',(12.434113538954,-1.109121605922,10.463235144876));
#12423=CARTESIAN_POINT('',(12.434113538953,-1.869121605922,11.213235144876));
#12424=CARTESIAN_POINT('Origin',(12.434113538953,-1.869121605922,10.463235144876));
#12425=CARTESIAN_POINT('',(12.434113538953,-2.239121605922,11.213235144876));
#12426=CARTESIAN_POINT('Origin',(10.644113538953,-2.239121605922,7.923235144876));
#12427=CARTESIAN_POINT('',(10.644113538954,-1.569121605922,1.073235144876));
#12428=CARTESIAN_POINT('',(10.644113538954,-1.409121605922,1.073235144876));
#12429=CARTESIAN_POINT('',(10.644113538953,-2.239121605922,1.073235144876));
#12430=CARTESIAN_POINT('',(10.644113538954,-1.869121605922,1.373235144876));
#12431=CARTESIAN_POINT('Origin',(10.644113538954,-1.569121605922,1.373235144876));
#12432=CARTESIAN_POINT('',(10.644113538953,-1.869121605922,7.923235144876));
#12433=CARTESIAN_POINT('',(10.644113538953,-1.869121605922,7.923235144876));
#12434=CARTESIAN_POINT('',(10.644113538954,-1.109121605922,7.923235144876));
#12435=CARTESIAN_POINT('',(10.644113538953,-2.239121605922,7.923235144876));
#12436=CARTESIAN_POINT('',(10.644113538954,-1.109121605922,1.373235144876));
#12437=CARTESIAN_POINT('',(10.644113538954,-1.109121605922,1.073235144876));
#12438=CARTESIAN_POINT('Origin',(10.644113538954,-1.409121605922,1.373235144876));
#12439=CARTESIAN_POINT('Origin',(11.144113538953,-2.239121605922,1.073235144876));
#12440=CARTESIAN_POINT('',(11.144113538954,-1.569121605922,1.073235144876));
#12441=CARTESIAN_POINT('',(11.144113538954,-1.409121605922,1.073235144876));
#12442=CARTESIAN_POINT('',(11.144113538953,-2.239121605922,1.073235144876));
#12443=CARTESIAN_POINT('',(11.144113538954,-1.569121605922,1.073235144876));
#12444=CARTESIAN_POINT('',(11.144113538954,-1.409121605922,1.073235144876));
#12445=CARTESIAN_POINT('Origin',(11.144113538953,-2.239121605922,7.923235144876));
#12446=CARTESIAN_POINT('',(11.144113538954,-1.869121605922,1.373235144876));
#12447=CARTESIAN_POINT('',(11.144113538953,-1.869121605922,7.923235144876));
#12448=CARTESIAN_POINT('',(11.144113538954,-1.869121605922,1.073235144876));
#12449=CARTESIAN_POINT('Origin',(11.144113538954,-1.569121605922,1.373235144876));
#12450=CARTESIAN_POINT('',(11.144113538954,-1.109121605922,1.373235144876));
#12451=CARTESIAN_POINT('Origin',(11.144113538954,-1.409121605922,1.373235144876));
#12452=CARTESIAN_POINT('',(11.144113538954,-1.109121605922,7.923235144876));
#12453=CARTESIAN_POINT('',(11.144113538954,-1.109121605922,7.923235144876));
#12454=CARTESIAN_POINT('',(11.144113538953,-2.239121605922,7.923235144876));
#12455=CARTESIAN_POINT('Origin',(9.894113538953,-2.239121605922,7.923235144876));
#12456=CARTESIAN_POINT('',(9.894113538953,-1.109121605922,9.173235144876));
#12457=CARTESIAN_POINT('Origin',(9.894113538954,-1.109121605922,7.923235144876));
#12458=CARTESIAN_POINT('',(9.894113538953,-1.869121605922,9.173235144876));
#12459=CARTESIAN_POINT('',(9.894113538953,-2.239121605922,9.173235144876));
#12460=CARTESIAN_POINT('Origin',(9.894113538953,-1.869121605922,7.923235144876));
#12461=CARTESIAN_POINT('Origin',(9.894113538953,-2.239121605922,7.923235144876));
#12462=CARTESIAN_POINT('',(9.894113538953,-1.109121605922,8.673235144876));
#12463=CARTESIAN_POINT('Origin',(9.894113538954,-1.109121605922,7.923235144876));
#12464=CARTESIAN_POINT('',(9.894113538953,-1.869121605922,8.673235144876));
#12465=CARTESIAN_POINT('Origin',(9.894113538953,-1.869121605922,7.923235144876));
#12466=CARTESIAN_POINT('',(9.894113538953,-2.239121605922,8.673235144876));
#12467=CARTESIAN_POINT('Origin',(8.104113538953,-2.239121605922,5.383235144876));
#12468=CARTESIAN_POINT('',(8.104113538954,-1.109121605922,1.373235144876));
#12469=CARTESIAN_POINT('',(8.104113538954,-1.109121605922,5.283235144876));
#12470=CARTESIAN_POINT('',(8.104113538954,-1.109121605922,1.073235144876));
#12471=CARTESIAN_POINT('',(8.104113538954,-1.409121605922,1.073235144876));
#12472=CARTESIAN_POINT('Origin',(8.104113538954,-1.409121605922,1.373235144876));
#12473=CARTESIAN_POINT('',(8.104113538954,-1.569121605922,1.073235144876));
#12474=CARTESIAN_POINT('',(8.104113538953,-2.239121605922,1.073235144876));
#12475=CARTESIAN_POINT('',(8.104113538953,-1.869121605922,1.373235144876));
#12476=CARTESIAN_POINT('Origin',(8.104113538954,-1.569121605922,1.373235144876));
#12477=CARTESIAN_POINT('',(8.104113538953,-1.869121605922,5.283235144876));
#12478=CARTESIAN_POINT('',(8.104113538953,-1.869121605922,5.383235144876));
#12479=CARTESIAN_POINT('',(8.104113538953,-1.969121605922,5.383235144876));
#12480=CARTESIAN_POINT('Origin',(8.104113538953,-1.969121605922,5.283235144876));
#12481=CARTESIAN_POINT('',(8.104113538954,-1.009121605922,5.383235144876));
#12482=CARTESIAN_POINT('',(8.104113538953,-2.239121605922,5.383235144876));
#12483=CARTESIAN_POINT('Origin',(8.104113538954,-1.009121605922,5.283235144876));
#12484=CARTESIAN_POINT('Origin',(8.604113538953,-2.239121605922,1.073235144876));
#12485=CARTESIAN_POINT('',(8.604113538954,-1.409121605922,1.073235144876));
#12486=CARTESIAN_POINT('',(8.604113538954,-1.409121605922,1.073235144876));
#12487=CARTESIAN_POINT('',(8.604113538953,-1.569121605922,1.073235144876));
#12488=CARTESIAN_POINT('',(8.604113538953,-2.239121605922,1.073235144876));
#12489=CARTESIAN_POINT('',(8.604113538953,-1.569121605922,1.073235144876));
#12490=CARTESIAN_POINT('Origin',(8.604113538953,-2.239121605922,5.383235144876));
#12491=CARTESIAN_POINT('',(8.604113538954,-1.109121605922,1.373235144876));
#12492=CARTESIAN_POINT('Origin',(8.604113538954,-1.409121605922,1.373235144876));
#12493=CARTESIAN_POINT('',(8.604113538954,-1.109121605922,5.283235144876));
#12494=CARTESIAN_POINT('',(8.604113538954,-1.109121605922,5.383235144876));
#12495=CARTESIAN_POINT('',(8.604113538954,-1.009121605922,5.383235144876));
#12496=CARTESIAN_POINT('Origin',(8.604113538954,-1.009121605922,5.283235144876));
#12497=CARTESIAN_POINT('',(8.604113538953,-1.969121605922,5.383235144876));
#12498=CARTESIAN_POINT('',(8.604113538953,-2.239121605922,5.383235144876));
#12499=CARTESIAN_POINT('',(8.604113538953,-1.869121605922,5.283235144876));
#12500=CARTESIAN_POINT('Origin',(8.604113538953,-1.969121605922,5.283235144876));
#12501=CARTESIAN_POINT('',(8.604113538953,-1.869121605922,1.373235144876));
#12502=CARTESIAN_POINT('',(8.604113538953,-1.869121605922,1.073235144876));
#12503=CARTESIAN_POINT('Origin',(8.604113538953,-1.569121605922,1.373235144876));
#12504=CARTESIAN_POINT('Origin',(7.434113538953,-1.489121605922,8.923235144876));
#12505=CARTESIAN_POINT('',(7.434113538953,-3.739121605922,11.773235144876));
#12506=CARTESIAN_POINT('',(7.434113538953,-3.739121605922,6.073235144876));
#12507=CARTESIAN_POINT('',(7.434113538953,-3.739121605922,8.923235144876));
#12508=CARTESIAN_POINT('',(7.434113538953,-2.739121605922,6.073235144876));
#12509=CARTESIAN_POINT('',(7.434113538953,-2.939121605922,6.073235144876));
#12510=CARTESIAN_POINT('',(7.434113538953,-2.739121605922,5.073235144876));
#12511=CARTESIAN_POINT('',(7.434113538953,-2.739121605922,4.873235144876));
#12512=CARTESIAN_POINT('',(7.434113538954,-0.239121605922,5.073235144876));
#12513=CARTESIAN_POINT('',(7.434113538953,-1.489121605922,5.073235144876));
#12514=CARTESIAN_POINT('',(7.434113538954,-0.239121605922,6.073235144876));
#12515=CARTESIAN_POINT('',(7.434113538954,-0.239121605922,5.873235144876));
#12516=CARTESIAN_POINT('',(7.434113538954,0.760878394077,6.073235144876));
#12517=CARTESIAN_POINT('',(7.434113538954,0.960878394077,6.073235144876));
#12518=CARTESIAN_POINT('',(7.434113538954,0.760878394077,11.773235144876));
#12519=CARTESIAN_POINT('',(7.434113538954,0.760878394077,8.923235144876));
#12520=CARTESIAN_POINT('',(7.434113538954,-0.239121605922,11.773235144876));
#12521=CARTESIAN_POINT('',(7.434113538954,-0.039121605922,11.773235144876));
#12522=CARTESIAN_POINT('',(7.434113538954,-0.239121605922,12.773235144876));
#12523=CARTESIAN_POINT('',(7.434113538954,-0.239121605922,12.973235144876));
#12524=CARTESIAN_POINT('',(7.434113538953,-2.739121605922,12.773235144876));
#12525=CARTESIAN_POINT('',(7.434113538953,-1.489121605922,12.773235144876));
#12526=CARTESIAN_POINT('',(7.434113538953,-2.739121605922,11.773235144876));
#12527=CARTESIAN_POINT('',(7.434113538953,-2.739121605922,11.973235144876));
#12528=CARTESIAN_POINT('',(7.434113538953,-3.939121605922,11.773235144876));
#12529=CARTESIAN_POINT('',(7.434113538953,-2.439121605922,11.913235144876));
#12530=CARTESIAN_POINT('',(7.434113538954,-0.539121605922,11.913235144876));
#12531=CARTESIAN_POINT('',(7.434113538953,-1.489121605922,11.913235144876));
#12532=CARTESIAN_POINT('',(7.434113538954,-0.539121605922,11.013235144876));
#12533=CARTESIAN_POINT('',(7.434113538954,-0.539121605922,11.213235144876));
#12534=CARTESIAN_POINT('',(7.434113538953,-2.439121605922,11.013235144876));
#12535=CARTESIAN_POINT('',(7.434113538953,-2.239121605922,11.013235144876));
#12536=CARTESIAN_POINT('',(7.434113538953,-2.439121605922,8.923235144876));
#12537=CARTESIAN_POINT('',(7.434113538953,-2.439121605922,9.373235144876));
#12538=CARTESIAN_POINT('',(7.434113538954,-0.539121605922,9.373235144876));
#12539=CARTESIAN_POINT('',(7.434113538953,-1.489121605922,9.373235144876));
#12540=CARTESIAN_POINT('',(7.434113538954,-0.539121605922,8.473235144876));
#12541=CARTESIAN_POINT('',(7.434113538954,-0.539121605922,8.673235144876));
#12542=CARTESIAN_POINT('',(7.434113538953,-2.439121605922,8.473235144876));
#12543=CARTESIAN_POINT('',(7.434113538953,-2.239121605922,8.473235144876));
#12544=CARTESIAN_POINT('',(7.434113538953,-2.439121605922,8.923235144876));
#12545=CARTESIAN_POINT('',(7.434113538953,-2.439121605922,6.805943829041));
#12546=CARTESIAN_POINT('',(7.434113538954,-0.539121605922,6.805943829041));
#12547=CARTESIAN_POINT('',(7.434113538953,-1.489121605922,6.805943829041));
#12548=CARTESIAN_POINT('',(7.434113538954,-0.539121605922,5.856627160018));
#12549=CARTESIAN_POINT('',(7.434113538954,-0.539121605922,6.128956272376));
#12550=CARTESIAN_POINT('',(7.434113538953,-2.439121605922,5.856627160018));
#12551=CARTESIAN_POINT('',(7.434113538953,-2.239121605922,5.856627160018));
#12552=CARTESIAN_POINT('',(7.434113538953,-2.439121605922,8.923235144876));
#12553=CARTESIAN_POINT('Origin',(-0.565886461045,0.960878394077,12.973235144876));
#12554=CARTESIAN_POINT('',(7.934113538953,-3.139121605922,12.973235144876));
#12555=CARTESIAN_POINT('',(7.934113538953,-3.739121605922,12.973235144876));
#12556=CARTESIAN_POINT('',(7.934113538953,-3.939121605922,12.973235144876));
#12557=CARTESIAN_POINT('',(7.634113538953,-3.139121605922,12.973235144876));
#12558=CARTESIAN_POINT('',(-0.565886461046,-3.139121605922,12.973235144876));
#12559=CARTESIAN_POINT('',(7.234113538953,-2.739121605922,12.973235144876));
#12560=CARTESIAN_POINT('Origin',(7.634113538953,-2.739121605922,12.973235144876));
#12561=CARTESIAN_POINT('',(7.234113538954,-0.239121605922,12.973235144876));
#12562=CARTESIAN_POINT('',(7.234113538954,0.960878394077,12.973235144876));
#12563=CARTESIAN_POINT('',(7.634113538954,0.160878394077,12.973235144876));
#12564=CARTESIAN_POINT('Origin',(7.634113538954,-0.239121605922,12.973235144876));
#12565=CARTESIAN_POINT('',(7.934113538954,0.160878394077,12.973235144876));
#12566=CARTESIAN_POINT('',(-0.565886461045,0.160878394077,12.973235144876));
#12567=CARTESIAN_POINT('',(7.934113538954,0.760878394077,12.973235144876));
#12568=CARTESIAN_POINT('',(7.934113538954,0.960878394077,12.973235144876));
#12569=CARTESIAN_POINT('',(-0.565886461045,0.760878394077,12.973235144876));
#12570=CARTESIAN_POINT('',(-0.565886461045,0.760878394077,12.973235144876));
#12571=CARTESIAN_POINT('',(-0.565886461046,-3.739121605922,12.973235144876));
#12572=CARTESIAN_POINT('',(-0.565886461045,0.960878394077,12.973235144876));
#12573=CARTESIAN_POINT('',(-0.565886461046,-3.739121605922,12.973235144876));
#12574=CARTESIAN_POINT('Origin',(-0.565886461045,0.960878394077,12.973235144876));
#12575=CARTESIAN_POINT('',(7.934113538954,0.960878394077,12.173235144876));
#12576=CARTESIAN_POINT('',(7.934113538954,0.960878394077,12.773235144876));
#12577=CARTESIAN_POINT('',(7.934113538954,0.960878394077,12.973235144876));
#12578=CARTESIAN_POINT('',(7.634113538954,0.960878394077,12.173235144876));
#12579=CARTESIAN_POINT('',(-0.565886461045,0.960878394077,12.173235144876));
#12580=CARTESIAN_POINT('',(7.234113538954,0.960878394077,11.773235144876));
#12581=CARTESIAN_POINT('Origin',(7.634113538954,0.960878394077,11.773235144876));
#12582=CARTESIAN_POINT('',(7.234113538954,0.960878394077,6.073235144876));
#12583=CARTESIAN_POINT('',(7.234113538954,0.960878394077,12.973235144876));
#12584=CARTESIAN_POINT('',(7.634113538954,0.960878394077,5.673235144876));
#12585=CARTESIAN_POINT('Origin',(7.634113538954,0.960878394077,6.073235144876));
#12586=CARTESIAN_POINT('',(7.934113538954,0.960878394077,5.673235144876));
#12587=CARTESIAN_POINT('',(-0.565886461045,0.960878394077,5.673235144876));
#12588=CARTESIAN_POINT('',(7.934113538954,0.960878394077,5.073235144876));
#12589=CARTESIAN_POINT('',(7.934113538954,0.960878394077,4.873235144876));
#12590=CARTESIAN_POINT('',(-0.565886461045,0.960878394077,5.073235144876));
#12591=CARTESIAN_POINT('',(-0.565886461045,0.960878394077,5.073235144876));
#12592=CARTESIAN_POINT('',(-0.565886461045,0.960878394077,12.773235144876));
#12593=CARTESIAN_POINT('',(-0.565886461045,0.960878394077,12.973235144876));
#12594=CARTESIAN_POINT('',(-0.565886461045,0.960878394077,12.773235144876));
#12595=CARTESIAN_POINT('Origin',(-0.565886461045,0.960878394077,4.873235144876));
#12596=CARTESIAN_POINT('',(7.934113538954,0.160878394077,4.873235144876));
#12597=CARTESIAN_POINT('',(7.934113538954,0.760878394077,4.873235144876));
#12598=CARTESIAN_POINT('',(7.934113538954,0.960878394077,4.873235144876));
#12599=CARTESIAN_POINT('',(7.634113538954,0.160878394077,4.873235144876));
#12600=CARTESIAN_POINT('',(-0.565886461045,0.160878394077,4.873235144876));
#12601=CARTESIAN_POINT('',(7.234113538954,-0.239121605922,4.873235144876));
#12602=CARTESIAN_POINT('Origin',(7.634113538954,-0.239121605922,4.873235144876));
#12603=CARTESIAN_POINT('',(7.234113538953,-2.739121605922,4.873235144876));
#12604=CARTESIAN_POINT('',(7.234113538954,0.960878394077,4.873235144876));
#12605=CARTESIAN_POINT('',(7.634113538953,-3.139121605922,4.873235144876));
#12606=CARTESIAN_POINT('Origin',(7.634113538953,-2.739121605922,4.873235144876));
#12607=CARTESIAN_POINT('',(7.934113538953,-3.139121605922,4.873235144876));
#12608=CARTESIAN_POINT('',(-0.565886461046,-3.139121605922,4.873235144876));
#12609=CARTESIAN_POINT('',(7.934113538953,-3.739121605922,4.873235144876));
#12610=CARTESIAN_POINT('',(7.934113538953,-3.939121605922,4.873235144876));
#12611=CARTESIAN_POINT('',(-0.565886461046,-3.739121605922,4.873235144876));
#12612=CARTESIAN_POINT('',(-0.565886461046,-3.739121605922,4.873235144876));
#12613=CARTESIAN_POINT('',(-0.565886461045,0.760878394077,4.873235144876));
#12614=CARTESIAN_POINT('',(-0.565886461045,0.960878394077,4.873235144876));
#12615=CARTESIAN_POINT('',(-0.565886461045,0.760878394077,4.873235144876));
#12616=CARTESIAN_POINT('Origin',(-0.565886461046,-1.489121605922,8.923235144876));
#12617=CARTESIAN_POINT('Origin',(-0.565886461045,0.760878394077,5.073235144876));
#12618=CARTESIAN_POINT('Origin',(-0.565886461046,-3.739121605922,5.073235144876));
#12619=CARTESIAN_POINT('Origin',(-0.565886461046,-3.739121605922,12.773235144876));
#12620=CARTESIAN_POINT('Origin',(-0.565886461045,0.760878394077,12.773235144876));
#12621=CARTESIAN_POINT('',(-0.565886461046,-2.939121605922,11.259899433985));
#12622=CARTESIAN_POINT('',(-0.565886461045,-0.039121605922,11.259899433985));
#12623=CARTESIAN_POINT('Origin',(-0.565886461046,-1.489121605922,8.923235144876));
#12624=CARTESIAN_POINT('',(-0.565886461046,-2.939121605922,6.586570855766));
#12625=CARTESIAN_POINT('',(-0.565886461046,-2.939121605922,11.259899433985));
#12626=CARTESIAN_POINT('',(-0.565886461045,-0.039121605922,6.586570855766));
#12627=CARTESIAN_POINT('Origin',(-0.565886461046,-1.489121605922,8.923235144876));
#12628=CARTESIAN_POINT('',(-0.565886461045,-0.039121605922,11.259899433985));
#12629=CARTESIAN_POINT('Origin',(5.934113538953,-2.239121605922,11.713235144876));
#12630=CARTESIAN_POINT('',(7.634113538954,-0.739121605922,11.713235144876));
#12631=CARTESIAN_POINT('',(12.084113538954,-0.739121605922,11.713235144876));
#12632=CARTESIAN_POINT('',(5.934113538954,-0.739121605922,11.713235144876));
#12633=CARTESIAN_POINT('',(7.634113538953,-2.239121605922,11.713235144876));
#12634=CARTESIAN_POINT('',(7.634113538953,-2.239121605922,11.713235144876));
#12635=CARTESIAN_POINT('',(12.084113538953,-2.239121605922,11.713235144876));
#12636=CARTESIAN_POINT('',(5.934113538953,-2.239121605922,11.713235144876));
#12637=CARTESIAN_POINT('',(12.184113538953,-2.139121605922,11.713235144876));
#12638=CARTESIAN_POINT('Origin',(12.084113538953,-2.139121605922,11.713235144876));
#12639=CARTESIAN_POINT('',(12.184113538953,-1.969121605922,11.713235144876));
#12640=CARTESIAN_POINT('',(12.184113538953,-1.869121605922,11.713235144876));
#12641=CARTESIAN_POINT('',(12.284113538953,-1.869121605922,11.713235144876));
#12642=CARTESIAN_POINT('Origin',(12.284113538953,-1.969121605922,11.713235144876));
#12643=CARTESIAN_POINT('',(12.434113538953,-1.869121605922,11.713235144876));
#12644=CARTESIAN_POINT('',(12.284113538954,-1.109121605922,11.713235144876));
#12645=CARTESIAN_POINT('',(12.184113538954,-1.109121605922,11.713235144876));
#12646=CARTESIAN_POINT('',(12.184113538954,-1.009121605922,11.713235144876));
#12647=CARTESIAN_POINT('Origin',(12.284113538954,-1.009121605922,11.713235144876));
#12648=CARTESIAN_POINT('',(12.184113538954,-0.839121605922,11.713235144876));
#12649=CARTESIAN_POINT('',(12.184113538954,-1.109121605922,11.713235144876));
#12650=CARTESIAN_POINT('Origin',(12.084113538954,-0.839121605922,11.713235144876));
#12651=CARTESIAN_POINT('Origin',(5.934113538953,-2.239121605922,11.213235144876));
#12652=CARTESIAN_POINT('',(7.634113538953,-2.239121605922,11.213235144876));
#12653=CARTESIAN_POINT('',(12.084113538953,-2.239121605922,11.213235144876));
#12654=CARTESIAN_POINT('',(5.934113538953,-2.239121605922,11.213235144876));
#12655=CARTESIAN_POINT('',(7.634113538954,-0.739121605922,11.213235144876));
#12656=CARTESIAN_POINT('',(7.634113538954,-0.739121605922,11.213235144876));
#12657=CARTESIAN_POINT('',(12.084113538954,-0.739121605922,11.213235144876));
#12658=CARTESIAN_POINT('',(5.934113538954,-0.739121605922,11.213235144876));
#12659=CARTESIAN_POINT('',(12.184113538954,-0.839121605922,11.213235144876));
#12660=CARTESIAN_POINT('Origin',(12.084113538954,-0.839121605922,11.213235144876));
#12661=CARTESIAN_POINT('',(12.184113538954,-1.009121605922,11.213235144876));
#12662=CARTESIAN_POINT('',(12.184113538954,-1.109121605922,11.213235144876));
#12663=CARTESIAN_POINT('',(12.284113538954,-1.109121605922,11.213235144876));
#12664=CARTESIAN_POINT('Origin',(12.284113538954,-1.009121605922,11.213235144876));
#12665=CARTESIAN_POINT('',(12.434113538953,-1.109121605922,11.213235144876));
#12666=CARTESIAN_POINT('',(12.284113538953,-1.869121605922,11.213235144876));
#12667=CARTESIAN_POINT('',(12.184113538953,-1.869121605922,11.213235144876));
#12668=CARTESIAN_POINT('',(12.184113538953,-1.969121605922,11.213235144876));
#12669=CARTESIAN_POINT('Origin',(12.284113538953,-1.969121605922,11.213235144876));
#12670=CARTESIAN_POINT('',(12.184113538953,-2.139121605922,11.213235144876));
#12671=CARTESIAN_POINT('',(12.184113538953,-1.869121605922,11.213235144876));
#12672=CARTESIAN_POINT('Origin',(12.084113538953,-2.139121605922,11.213235144876));
#12673=CARTESIAN_POINT('Origin',(12.434113538953,-2.239121605922,10.463235144876));
#12674=CARTESIAN_POINT('',(7.634113538953,-2.239121605922,10.463235144876));
#12675=CARTESIAN_POINT('',(12.084113538953,-2.239121605922,11.713235144876));
#12676=CARTESIAN_POINT('Origin',(12.434113538954,-0.739121605922,10.463235144876));
#12677=CARTESIAN_POINT('',(7.634113538954,-0.739121605922,11.713235144876));
#12678=CARTESIAN_POINT('',(12.084113538954,-0.739121605922,10.463235144876));
#12679=CARTESIAN_POINT('Origin',(5.934113538953,-2.239121605922,9.173235144876));
#12680=CARTESIAN_POINT('',(7.634113538954,-0.739121605922,9.173235144876));
#12681=CARTESIAN_POINT('',(9.544113538954,-0.739121605922,9.173235144876));
#12682=CARTESIAN_POINT('',(5.934113538954,-0.739121605922,9.173235144876));
#12683=CARTESIAN_POINT('',(7.634113538953,-2.239121605922,9.173235144876));
#12684=CARTESIAN_POINT('',(7.634113538953,-2.239121605922,9.173235144876));
#12685=CARTESIAN_POINT('',(9.544113538953,-2.239121605922,9.173235144876));
#12686=CARTESIAN_POINT('',(5.934113538953,-2.239121605922,9.173235144876));
#12687=CARTESIAN_POINT('',(9.644113538953,-2.139121605922,9.173235144876));
#12688=CARTESIAN_POINT('Origin',(9.544113538953,-2.139121605922,9.173235144876));
#12689=CARTESIAN_POINT('',(9.644113538953,-1.969121605922,9.173235144876));
#12690=CARTESIAN_POINT('',(9.644113538953,-1.869121605922,9.173235144876));
#12691=CARTESIAN_POINT('',(9.744113538953,-1.869121605922,9.173235144876));
#12692=CARTESIAN_POINT('Origin',(9.744113538953,-1.969121605922,9.173235144876));
#12693=CARTESIAN_POINT('',(9.894113538953,-1.869121605922,9.173235144876));
#12694=CARTESIAN_POINT('',(9.744113538954,-1.109121605922,9.173235144876));
#12695=CARTESIAN_POINT('',(9.644113538954,-1.109121605922,9.173235144876));
#12696=CARTESIAN_POINT('',(9.644113538954,-1.009121605922,9.173235144876));
#12697=CARTESIAN_POINT('Origin',(9.744113538954,-1.009121605922,9.173235144876));
#12698=CARTESIAN_POINT('',(9.644113538954,-0.839121605922,9.173235144876));
#12699=CARTESIAN_POINT('',(9.644113538954,-1.109121605922,9.173235144876));
#12700=CARTESIAN_POINT('Origin',(9.544113538954,-0.839121605922,9.173235144876));
#12701=CARTESIAN_POINT('Origin',(5.934113538953,-2.239121605922,8.673235144876));
#12702=CARTESIAN_POINT('',(7.634113538953,-2.239121605922,8.673235144876));
#12703=CARTESIAN_POINT('',(9.544113538953,-2.239121605922,8.673235144876));
#12704=CARTESIAN_POINT('',(5.934113538953,-2.239121605922,8.673235144876));
#12705=CARTESIAN_POINT('',(7.634113538954,-0.739121605922,8.673235144876));
#12706=CARTESIAN_POINT('',(7.634113538954,-0.739121605922,8.673235144876));
#12707=CARTESIAN_POINT('',(9.544113538954,-0.739121605922,8.673235144876));
#12708=CARTESIAN_POINT('',(5.934113538954,-0.739121605922,8.673235144876));
#12709=CARTESIAN_POINT('',(9.644113538954,-0.839121605922,8.673235144876));
#12710=CARTESIAN_POINT('Origin',(9.544113538954,-0.839121605922,8.673235144876));
#12711=CARTESIAN_POINT('',(9.644113538954,-1.009121605922,8.673235144876));
#12712=CARTESIAN_POINT('',(9.644113538954,-1.109121605922,8.673235144876));
#12713=CARTESIAN_POINT('',(9.744113538954,-1.109121605922,8.673235144876));
#12714=CARTESIAN_POINT('Origin',(9.744113538954,-1.009121605922,8.673235144876));
#12715=CARTESIAN_POINT('',(9.894113538953,-1.109121605922,8.673235144876));
#12716=CARTESIAN_POINT('',(9.744113538953,-1.869121605922,8.673235144876));
#12717=CARTESIAN_POINT('',(9.644113538953,-1.869121605922,8.673235144876));
#12718=CARTESIAN_POINT('',(9.644113538953,-1.969121605922,8.673235144876));
#12719=CARTESIAN_POINT('Origin',(9.744113538953,-1.969121605922,8.673235144876));
#12720=CARTESIAN_POINT('',(9.644113538953,-2.139121605922,8.673235144876));
#12721=CARTESIAN_POINT('',(9.644113538953,-1.869121605922,8.673235144876));
#12722=CARTESIAN_POINT('Origin',(9.544113538953,-2.139121605922,8.673235144876));
#12723=CARTESIAN_POINT('Origin',(9.894113538953,-2.239121605922,7.923235144876));
#12724=CARTESIAN_POINT('',(7.634113538953,-2.239121605922,7.923235144876));
#12725=CARTESIAN_POINT('',(9.544113538953,-2.239121605922,9.173235144876));
#12726=CARTESIAN_POINT('Origin',(9.894113538954,-0.739121605922,7.923235144876));
#12727=CARTESIAN_POINT('',(7.634113538954,-0.739121605922,9.173235144876));
#12728=CARTESIAN_POINT('',(9.544113538954,-0.739121605922,7.923235144876));
#12729=CARTESIAN_POINT('Origin',(7.354113538953,-2.239121605922,5.383235144876));
#12730=CARTESIAN_POINT('',(7.634113538954,-0.739121605922,6.601471575131));
#12731=CARTESIAN_POINT('',(7.595492849298,-0.735357286496,6.609708148467));
#12732=CARTESIAN_POINT('Origin',(7.63310250268932,-0.541600335663878,6.56862810302968));
#12733=CARTESIAN_POINT('',(7.595492849298,-2.242885925347,6.609708148467));
#12734=CARTESIAN_POINT('',(7.595492849298,-2.239121605922,6.609708148467));
#12735=CARTESIAN_POINT('',(7.634113538953,-2.239121605922,6.601471575131));
#12736=CARTESIAN_POINT('Origin',(7.63310250267192,-2.43664287617988,6.56862810301859));
#12737=CARTESIAN_POINT('',(8.600107118391,-2.239121605922,5.483235144876));
#12738=CARTESIAN_POINT('Origin',(7.354113538953,-2.239121605922,5.383235144876));
#12739=CARTESIAN_POINT('',(8.604113538953,-2.139121605922,5.383235144876));
#12740=CARTESIAN_POINT('Ctrl Pts',(8.600107118391,-2.239121605922,5.483235144876));
#12741=CARTESIAN_POINT('Ctrl Pts',(8.60058487977655,-2.239121605922,5.47728226869113));
#12742=CARTESIAN_POINT('Ctrl Pts',(8.60102116870573,-2.23858568328091,5.47128030458788));
#12743=CARTESIAN_POINT('Ctrl Pts',(8.60141021134056,-2.23751376743405,5.46537506220579));
#12744=CARTESIAN_POINT('Ctrl Pts',(8.60175010032682,-2.23657728295155,5.46021591853567));
#12745=CARTESIAN_POINT('Ctrl Pts',(8.60205392750152,-2.23523259491285,5.45513124904393));
#12746=CARTESIAN_POINT('Ctrl Pts',(8.60231784265591,-2.23351191070063,5.45021287415157));
#12747=CARTESIAN_POINT('Ctrl Pts',(8.6026192502579,-2.23154678178118,5.44459578260799));
#12748=CARTESIAN_POINT('Ctrl Pts',(8.60287363340605,-2.22906031806871,5.43911037744024));
#12749=CARTESIAN_POINT('Ctrl Pts',(8.6030853580652,-2.22610120421531,5.43389399084881));
#12750=CARTESIAN_POINT('Ctrl Pts',(8.60327127516221,-2.22350278294716,5.42931344054438));
#12751=CARTESIAN_POINT('Ctrl Pts',(8.60342429942906,-2.22054097608239,5.42494065184232));
#12752=CARTESIAN_POINT('Ctrl Pts',(8.60354738699825,-2.21727783146694,5.4208524196344));
#12753=CARTESIAN_POINT('Ctrl Pts',(8.60368768172579,-2.21355851206087,5.41619266863364));
#12754=CARTESIAN_POINT('Ctrl Pts',(8.60379213394777,-2.20939012093153,5.41183203365464));
#12755=CARTESIAN_POINT('Ctrl Pts',(8.60387008862285,-2.20486473507603,5.40788369519494));
#12756=CARTESIAN_POINT('Ctrl Pts',(8.60393816156459,-2.20091299866833,5.40443585818406));
#12757=CARTESIAN_POINT('Ctrl Pts',(8.60398602897033,-2.19669015159897,5.40130234352955));
#12758=CARTESIAN_POINT('Ctrl Pts',(8.60401991347674,-2.19227906847138,5.39853399863044));
#12759=CARTESIAN_POINT('Ctrl Pts',(8.60405951473682,-2.18712377867377,5.39529859820796));
#12760=CARTESIAN_POINT('Ctrl Pts',(8.60408155268081,-2.18163058604259,5.39251233073977));
#12761=CARTESIAN_POINT('Ctrl Pts',(8.60409421123109,-2.1759258928751,5.39025426263737));
#12762=CARTESIAN_POINT('Ctrl Pts',(8.60410480463404,-2.17115187751573,5.38836458137199));
#12763=CARTESIAN_POINT('Ctrl Pts',(8.60410882936146,-2.16623072537377,5.38684424073973));
#12764=CARTESIAN_POINT('Ctrl Pts',(8.60411108182075,-2.16124750438103,5.38571363639002));
#12765=CARTESIAN_POINT('Ctrl Pts',(8.60411356287675,-2.15575854822153,5.38446828971198));
#12766=CARTESIAN_POINT('Ctrl Pts',(8.60411369091838,-2.15011701800415,5.3836800578728));
#12767=CARTESIAN_POINT('Ctrl Pts',(8.604113610268,-2.14445813314007,5.38337763901264));
#12768=CARTESIAN_POINT('Ctrl Pts',(8.60411358491893,-2.1426794992025,5.38328258628389));
#12769=CARTESIAN_POINT('Ctrl Pts',(8.60411353895324,-2.14089922293129,5.383235144876));
#12770=CARTESIAN_POINT('Ctrl Pts',(8.604113538953,-2.139121605922,5.383235144876));
#12771=CARTESIAN_POINT('',(8.604113538953,-2.239121605922,5.383235144876));
#12772=CARTESIAN_POINT('',(8.604113538954,-0.839121605922,5.383235144876));
#12773=CARTESIAN_POINT('',(8.604113538954,-1.109121605922,5.383235144876));
#12774=CARTESIAN_POINT('',(8.600107118391,-0.739121605922,5.483235144876));
#12775=CARTESIAN_POINT('Ctrl Pts',(8.604113538954,-0.839121605922,5.383235144876));
#12776=CARTESIAN_POINT('Ctrl Pts',(8.604113538954,-0.833147034040102,5.383235144876));
#12777=CARTESIAN_POINT('Ctrl Pts',(8.60411467763137,-0.827126829376955,
5.38377495316057));
#12778=CARTESIAN_POINT('Ctrl Pts',(8.60411319806183,-0.821207158613754,
5.384852867114));
#12779=CARTESIAN_POINT('Ctrl Pts',(8.60411190605913,-0.816037931745458,
5.38579413259862));
#12780=CARTESIAN_POINT('Ctrl Pts',(8.60410861756854,-0.810946001391862,
5.3871448024079));
#12781=CARTESIAN_POINT('Ctrl Pts',(8.6041008309976,-0.80602291851017,5.38887160906044));
#12782=CARTESIAN_POINT('Ctrl Pts',(8.60409191875903,-0.800388128879749,
5.39084805196285));
#12783=CARTESIAN_POINT('Ctrl Pts',(8.60407635333739,-0.79488876053351,5.39334843752187));
#12784=CARTESIAN_POINT('Ctrl Pts',(8.60404515744789,-0.789662099148136,
5.39632279138304));
#12785=CARTESIAN_POINT('Ctrl Pts',(8.60401788436641,-0.785092677851855,
5.39892312740517));
#12786=CARTESIAN_POINT('Ctrl Pts',(8.60397866464839,-0.780731992888637,
5.40188465183343));
#12787=CARTESIAN_POINT('Ctrl Pts',(8.60392149961635,-0.77665561892294,5.40514544985654));
#12788=CARTESIAN_POINT('Ctrl Pts',(8.60385621553014,-0.772000284361469,
5.40886937358451));
#12789=CARTESIAN_POINT('Ctrl Pts',(8.60376558157802,-0.767645282470271,
5.41304132941423));
#12790=CARTESIAN_POINT('Ctrl Pts',(8.60364120680025,-0.763703298004088,
5.41756872399897));
#12791=CARTESIAN_POINT('Ctrl Pts',(8.60353216685005,-0.760247341759802,
5.42153791203604));
#12792=CARTESIAN_POINT('Ctrl Pts',(8.60339719332665,-0.757108774614287,
5.42577918182482));
#12793=CARTESIAN_POINT('Ctrl Pts',(8.60323063202418,-0.754338555898069,
5.43020841172526));
#12794=CARTESIAN_POINT('Ctrl Pts',(8.60303721243917,-0.751121634881565,
5.43535186219373));
#12795=CARTESIAN_POINT('Ctrl Pts',(8.60279736427425,-0.748352164748285,
5.44082922758045));
#12796=CARTESIAN_POINT('Ctrl Pts',(8.602509324019,-0.746107865331939,5.44651397848052));
#12797=CARTESIAN_POINT('Ctrl Pts',(8.60226700231768,-0.744219787388217,
5.45129642983786));
#12798=CARTESIAN_POINT('Ctrl Pts',(8.6019905727927,-0.742702830408056,5.45622467279759));
#12799=CARTESIAN_POINT('Ctrl Pts',(8.60167898542934,-0.741576742538074,
5.46121243778966));
#12800=CARTESIAN_POINT('Ctrl Pts',(8.60133660465379,-0.740339366175632,
5.4666931313191));
#12801=CARTESIAN_POINT('Ctrl Pts',(8.60094731413325,-0.739558254330264,
5.47232288115053));
#12802=CARTESIAN_POINT('Ctrl Pts',(8.60051860525259,-0.73926049833098,5.47796644572969));
#12803=CARTESIAN_POINT('Ctrl Pts',(8.60038518550264,-0.739167832811879,
5.47972279603855));
#12804=CARTESIAN_POINT('Ctrl Pts',(8.60024794794685,-0.739121605922002,
5.48148041765311));
#12805=CARTESIAN_POINT('Ctrl Pts',(8.600107118391,-0.739121605922002,5.483235144876));
#12806=CARTESIAN_POINT('Origin',(7.354113538954,-0.739121605922,5.383235144876));
#12807=CARTESIAN_POINT('Origin',(7.354113538953,-2.239121605922,5.383235144876));
#12808=CARTESIAN_POINT('',(7.735931720772,-2.239121605922,6.028769710978));
#12809=CARTESIAN_POINT('',(8.097416976319,-2.239121605922,5.483235144876));
#12810=CARTESIAN_POINT('Origin',(7.354113538953,-2.239121605922,5.383235144876));
#12811=CARTESIAN_POINT('',(7.735931720772,-0.739121605922,6.028769710978));
#12812=CARTESIAN_POINT('',(7.735931720772,-2.239121605922,6.028769710978));
#12813=CARTESIAN_POINT('',(8.097416976319,-0.739121605922,5.483235144876));
#12814=CARTESIAN_POINT('Origin',(7.354113538954,-0.739121605922,5.383235144876));
#12815=CARTESIAN_POINT('',(8.104113538954,-0.839121605922,5.383235144876));
#12816=CARTESIAN_POINT('Ctrl Pts',(8.09741697631792,-0.739121605922,5.483235144876));
#12817=CARTESIAN_POINT('Ctrl Pts',(8.09909743154328,-0.739121605922018,
5.47074426342254));
#12818=CARTESIAN_POINT('Ctrl Pts',(8.100540491401,-0.741607002843108,5.45736984101809));
#12819=CARTESIAN_POINT('Ctrl Pts',(8.10258449088988,-0.751798068509375,
5.43271418042849));
#12820=CARTESIAN_POINT('Ctrl Pts',(8.10319324470322,-0.759502369295493,
5.4214330252652));
#12821=CARTESIAN_POINT('Ctrl Pts',(8.10388831519975,-0.777287185391571,
5.40364820916912));
#12822=CARTESIAN_POINT('Ctrl Pts',(8.10402063829132,-0.788531041079146,
5.39595170422625));
#12823=CARTESIAN_POINT('Ctrl Pts',(8.10412934096423,-0.813169418792382,
5.38574519155223));
#12824=CARTESIAN_POINT('Ctrl Pts',(8.10411353895201,-0.826563889570431,
5.383235144876));
#12825=CARTESIAN_POINT('Ctrl Pts',(8.10411353895201,-0.839121605922,5.383235144876));
#12826=CARTESIAN_POINT('',(8.104113538954,-1.109121605922,5.383235144876));
#12827=CARTESIAN_POINT('',(8.104113538953,-2.139121605922,5.383235144876));
#12828=CARTESIAN_POINT('',(8.104113538953,-2.239121605922,5.383235144876));
#12829=CARTESIAN_POINT('Ctrl Pts',(8.104113538953,-2.139121605922,5.383235144876));
#12830=CARTESIAN_POINT('Ctrl Pts',(8.104113538953,-2.14509580793636,5.383235144876));
#12831=CARTESIAN_POINT('Ctrl Pts',(8.10411543622511,-2.15111563724964,5.3837748868776));
#12832=CARTESIAN_POINT('Ctrl Pts',(8.10411297086937,-2.15703493665861,5.3848526638038));
#12833=CARTESIAN_POINT('Ctrl Pts',(8.10411081823271,-2.16220340006375,5.38579372966601));
#12834=CARTESIAN_POINT('Ctrl Pts',(8.10410533953327,-2.16729458333632,5.38714407591132));
#12835=CARTESIAN_POINT('Ctrl Pts',(8.10409236760499,-2.17221696600588,5.38887044204216));
#12836=CARTESIAN_POINT('Ctrl Pts',(8.10407753313823,-2.17784611539625,5.39084468368597));
#12837=CARTESIAN_POINT('Ctrl Pts',(8.10405163504976,-2.18334021052974,5.39334184713393));
#12838=CARTESIAN_POINT('Ctrl Pts',(8.1039997538555,-2.18856211346294,5.39631198217414));
#12839=CARTESIAN_POINT('Ctrl Pts',(8.10395430626387,-2.19313646675945,5.39891380131671));
#12840=CARTESIAN_POINT('Ctrl Pts',(8.103888920154,-2.19750164016589,5.40187749160027));
#12841=CARTESIAN_POINT('Ctrl Pts',(8.10379356655122,-2.2015817366593,5.40514076563985));
#12842=CARTESIAN_POINT('Ctrl Pts',(8.10368518677069,-2.20621921180028,5.40884983287913));
#12843=CARTESIAN_POINT('Ctrl Pts',(8.1035348590501,-2.21055857036474,5.41300339328296));
#12844=CARTESIAN_POINT('Ctrl Pts',(8.10332878438392,-2.21448781179879,5.41750893235971));
#12845=CARTESIAN_POINT('Ctrl Pts',(8.1031468738178,-2.21795631448737,5.42148615663149));
#12846=CARTESIAN_POINT('Ctrl Pts',(8.10292152346159,-2.22110527503235,5.42573654332946));
#12847=CARTESIAN_POINT('Ctrl Pts',(8.10264324153342,-2.22388331202888,5.43017430076426));
#12848=CARTESIAN_POINT('Ctrl Pts',(8.10232288202076,-2.22708140176544,5.43528306876242));
#12849=CARTESIAN_POINT('Ctrl Pts',(8.10192605196076,-2.22983672893952,5.44071974763602));
#12850=CARTESIAN_POINT('Ctrl Pts',(8.10145000165614,-2.23207358543113,5.44635792283672));
#12851=CARTESIAN_POINT('Ctrl Pts',(8.10104686762799,-2.23396782425237,5.45113250287179));
#12852=CARTESIAN_POINT('Ctrl Pts',(8.10058692299665,-2.23549081687447,5.45605059384095));
#12853=CARTESIAN_POINT('Ctrl Pts',(8.10006849792268,-2.23662387286941,5.46102460818468));
#12854=CARTESIAN_POINT('Ctrl Pts',(8.0994970794026,-2.23787274992474,5.46650706661088));
#12855=CARTESIAN_POINT('Ctrl Pts',(8.09884718858493,-2.23866377384793,5.47213447151507));
#12856=CARTESIAN_POINT('Ctrl Pts',(8.09813135313924,-2.23897222231124,5.47777122625573));
#12857=CARTESIAN_POINT('Ctrl Pts',(8.09789997610806,-2.23907192104807,5.47959317512016));
#12858=CARTESIAN_POINT('Ctrl Pts',(8.09766170948473,-2.239121605922,5.48141603484286));
#12859=CARTESIAN_POINT('Ctrl Pts',(8.097416976319,-2.239121605922,5.483235144876));
#12860=CARTESIAN_POINT('Origin',(7.354113538953,-2.239121605922,5.383235144876));
#12861=CARTESIAN_POINT('',(7.634113538953,-2.239121605922,6.056627160018));
#12862=CARTESIAN_POINT('',(7.634113538953,-2.239121605922,5.383235144876));
#12863=CARTESIAN_POINT('Origin',(7.634113538953,-2.239121605922,5.856627160018));
#12864=CARTESIAN_POINT('',(8.604113538953,-2.239121605922,5.483235144876));
#12865=CARTESIAN_POINT('Origin',(7.354113538954,-0.739121605922,5.383235144876));
#12866=CARTESIAN_POINT('',(7.634113538954,-0.739121605922,6.056627160018));
#12867=CARTESIAN_POINT('Origin',(7.634113538954,-0.739121605922,5.856627160018));
#12868=CARTESIAN_POINT('',(7.634113538954,-0.739121605922,6.630672518053));
#12869=CARTESIAN_POINT('',(7.354113538954,-0.739121605922,5.483235144876));
#12870=CARTESIAN_POINT('Origin',(7.934113538953,-3.939121605922,11.973235144876));
#12871=CARTESIAN_POINT('',(7.934113538953,-3.739121605922,11.973235144876));
#12872=CARTESIAN_POINT('',(7.934113538953,-2.939121605922,11.973235144876));
#12873=CARTESIAN_POINT('',(7.934113538953,-3.939121605922,11.973235144876));
#12874=CARTESIAN_POINT('',(7.634113538953,-3.739121605922,11.973235144876));
#12875=CARTESIAN_POINT('',(7.934113538953,-3.739121605922,11.973235144876));
#12876=CARTESIAN_POINT('',(7.634113538953,-2.939121605922,11.973235144876));
#12877=CARTESIAN_POINT('',(7.634113538953,-2.939121605922,11.973235144876));
#12878=CARTESIAN_POINT('',(7.934113538953,-2.939121605922,11.973235144876));
#12879=CARTESIAN_POINT('Origin',(7.934113538953,-2.939121605922,12.973235144876));
#12880=CARTESIAN_POINT('',(7.634113538953,-2.939121605922,12.773235144876));
#12881=CARTESIAN_POINT('',(7.634113538953,-2.939121605922,12.973235144876));
#12882=CARTESIAN_POINT('',(7.934113538953,-2.939121605922,12.773235144876));
#12883=CARTESIAN_POINT('',(7.934113538953,-2.939121605922,12.773235144876));
#12884=CARTESIAN_POINT('',(7.934113538953,-2.939121605922,12.973235144876));
#12885=CARTESIAN_POINT('Origin',(7.934113538953,-1.489121605922,8.923235144876));
#12886=CARTESIAN_POINT('Origin',(7.934113538953,-3.739121605922,12.173235144876));
#12887=CARTESIAN_POINT('Origin',(7.934113538953,-3.139121605922,12.773235144876));
#12888=CARTESIAN_POINT('Origin',(7.934113538953,-3.739121605922,12.773235144876));
#12889=CARTESIAN_POINT('Origin',(7.934113538954,-0.039121605922,12.973235144876));
#12890=CARTESIAN_POINT('',(7.934113538954,-0.039121605922,12.773235144876));
#12891=CARTESIAN_POINT('',(7.934113538954,-0.039121605922,11.973235144876));
#12892=CARTESIAN_POINT('',(7.934113538954,-0.039121605922,12.973235144876));
#12893=CARTESIAN_POINT('',(7.634113538954,-0.039121605922,12.773235144876));
#12894=CARTESIAN_POINT('',(7.934113538954,-0.039121605922,12.773235144876));
#12895=CARTESIAN_POINT('',(7.634113538954,-0.039121605922,11.973235144876));
#12896=CARTESIAN_POINT('',(7.634113538954,-0.039121605922,11.973235144876));
#12897=CARTESIAN_POINT('',(7.934113538954,-0.039121605922,11.973235144876));
#12898=CARTESIAN_POINT('Origin',(7.934113538954,0.960878394077,11.973235144876));
#12899=CARTESIAN_POINT('',(7.634113538954,0.760878394077,11.973235144876));
#12900=CARTESIAN_POINT('',(7.634113538954,0.960878394077,11.973235144876));
#12901=CARTESIAN_POINT('',(7.934113538954,0.760878394077,11.973235144876));
#12902=CARTESIAN_POINT('',(7.934113538954,0.760878394077,11.973235144876));
#12903=CARTESIAN_POINT('',(7.934113538954,0.960878394077,11.973235144876));
#12904=CARTESIAN_POINT('Origin',(7.934113538953,-1.489121605922,8.923235144876));
#12905=CARTESIAN_POINT('Origin',(7.934113538954,0.160878394077,12.773235144876));
#12906=CARTESIAN_POINT('Origin',(7.934113538954,0.760878394077,12.173235144876));
#12907=CARTESIAN_POINT('Origin',(7.934113538954,0.760878394077,12.773235144876));
#12908=CARTESIAN_POINT('Origin',(7.934113538954,0.960878394077,5.873235144876));
#12909=CARTESIAN_POINT('',(7.934113538954,0.760878394077,5.873235144876));
#12910=CARTESIAN_POINT('',(7.934113538954,-0.039121605922,5.873235144876));
#12911=CARTESIAN_POINT('',(7.934113538954,0.960878394077,5.873235144876));
#12912=CARTESIAN_POINT('',(7.634113538954,0.760878394077,5.873235144876));
#12913=CARTESIAN_POINT('',(7.934113538954,0.760878394077,5.873235144876));
#12914=CARTESIAN_POINT('',(7.634113538954,-0.039121605922,5.873235144876));
#12915=CARTESIAN_POINT('',(7.634113538954,-0.039121605922,5.873235144876));
#12916=CARTESIAN_POINT('',(7.934113538954,-0.039121605922,5.873235144876));
#12917=CARTESIAN_POINT('Origin',(7.934113538954,-0.039121605922,4.873235144876));
#12918=CARTESIAN_POINT('',(7.634113538954,-0.039121605922,5.073235144876));
#12919=CARTESIAN_POINT('',(7.634113538954,-0.039121605922,4.873235144876));
#12920=CARTESIAN_POINT('',(7.934113538954,-0.039121605922,5.073235144876));
#12921=CARTESIAN_POINT('',(7.934113538954,-0.039121605922,5.073235144876));
#12922=CARTESIAN_POINT('',(7.934113538954,-0.039121605922,4.873235144876));
#12923=CARTESIAN_POINT('Origin',(7.934113538953,-1.489121605922,8.923235144876));
#12924=CARTESIAN_POINT('Origin',(7.934113538954,0.760878394077,5.673235144876));
#12925=CARTESIAN_POINT('Origin',(7.934113538954,0.160878394077,5.073235144876));
#12926=CARTESIAN_POINT('Origin',(7.934113538954,0.760878394077,5.073235144876));
#12927=CARTESIAN_POINT('Origin',(7.934113538953,-2.939121605922,4.873235144876));
#12928=CARTESIAN_POINT('',(7.934113538953,-2.939121605922,5.073235144876));
#12929=CARTESIAN_POINT('',(7.934113538953,-2.939121605922,5.873235144876));
#12930=CARTESIAN_POINT('',(7.934113538953,-2.939121605922,4.873235144876));
#12931=CARTESIAN_POINT('',(7.634113538953,-2.939121605922,5.073235144876));
#12932=CARTESIAN_POINT('',(7.934113538953,-2.939121605922,5.073235144876));
#12933=CARTESIAN_POINT('',(7.634113538953,-2.939121605922,5.873235144876));
#12934=CARTESIAN_POINT('',(7.634113538953,-2.939121605922,5.873235144876));
#12935=CARTESIAN_POINT('',(7.934113538953,-2.939121605922,5.873235144876));
#12936=CARTESIAN_POINT('Origin',(7.934113538953,-3.939121605922,5.873235144876));
#12937=CARTESIAN_POINT('',(7.634113538953,-3.739121605922,5.873235144876));
#12938=CARTESIAN_POINT('',(7.634113538953,-3.939121605922,5.873235144876));
#12939=CARTESIAN_POINT('',(7.934113538953,-3.739121605922,5.873235144876));
#12940=CARTESIAN_POINT('',(7.934113538953,-3.739121605922,5.873235144876));
#12941=CARTESIAN_POINT('',(7.934113538953,-3.939121605922,5.873235144876));
#12942=CARTESIAN_POINT('Origin',(7.934113538953,-1.489121605922,8.923235144876));
#12943=CARTESIAN_POINT('Origin',(7.934113538953,-3.739121605922,5.673235144876));
#12944=CARTESIAN_POINT('Origin',(7.934113538953,-3.739121605922,5.073235144876));
#12945=CARTESIAN_POINT('Origin',(7.934113538953,-3.139121605922,5.073235144876));
#12946=CARTESIAN_POINT('Origin',(-4.065886461046,-1.489121605922,8.923235144876));
#12947=CARTESIAN_POINT('',(-4.065886461045,-0.039121605922,11.259899433985));
#12948=CARTESIAN_POINT('',(-4.065886461045,-0.039121605922,11.259899433985));
#12949=CARTESIAN_POINT('',(-4.065886461046,-2.939121605922,11.259899433985));
#12950=CARTESIAN_POINT('Origin',(-4.065886461046,-1.489121605922,8.923235144876));
#12951=CARTESIAN_POINT('',(-4.065886461046,-2.939121605922,11.259899433985));
#12952=CARTESIAN_POINT('Origin',(-4.065886461045,-0.039121605922,11.259899433985));
#12953=CARTESIAN_POINT('',(-4.065886461045,-0.039121605922,6.586570855766));
#12954=CARTESIAN_POINT('',(-4.065886461045,-0.039121605922,6.586570855766));
#12955=CARTESIAN_POINT('',(-4.065886461045,-0.039121605922,11.259899433985));
#12956=CARTESIAN_POINT('Origin',(-4.065886461046,-1.489121605922,8.923235144876));
#12957=CARTESIAN_POINT('',(-4.065886461046,-2.939121605922,6.586570855766));
#12958=CARTESIAN_POINT('',(-4.065886461046,-2.939121605922,6.586570855766));
#12959=CARTESIAN_POINT('Origin',(-4.065886461046,-1.489121605922,8.923235144876));
#12960=CARTESIAN_POINT('Origin',(-4.065886461046,-2.939121605922,11.259899433985));
#12961=CARTESIAN_POINT('',(-4.065886461046,-2.939121605922,11.259899433985));
#12962=CARTESIAN_POINT('Origin',(-4.065886461046,-1.489121605922,8.923235144876));
#12963=CARTESIAN_POINT('Origin',(8.104113538953,-1.869121605922,5.383235144876));
#12964=CARTESIAN_POINT('',(8.104113538953,-2.139121605922,5.383235144876));
#12965=CARTESIAN_POINT('',(8.104113538953,-1.969121605922,5.383235144876));
#12966=CARTESIAN_POINT('Origin',(7.434113538953,-1.869121605922,8.923235144876));
#12967=CARTESIAN_POINT('',(7.434113538953,-1.869121605922,1.373235144876));
#12968=CARTESIAN_POINT('',(7.434113538953,-1.869121605922,5.283235144876));
#12969=CARTESIAN_POINT('Origin',(9.644113538953,-1.869121605922,9.173235144876));
#12970=CARTESIAN_POINT('',(9.644113538953,-1.969121605922,9.173235144876));
#12971=CARTESIAN_POINT('',(9.644113538953,-2.139121605922,8.673235144876));
#12972=CARTESIAN_POINT('Origin',(9.894113538953,-1.869121605922,7.923235144876));
#12973=CARTESIAN_POINT('',(9.894113538953,-1.869121605922,1.373235144876));
#12974=CARTESIAN_POINT('',(9.744113538953,-1.869121605922,7.923235144876));
#12975=CARTESIAN_POINT('Origin',(12.184113538953,-1.869121605922,11.713235144876));
#12976=CARTESIAN_POINT('',(12.184113538953,-1.969121605922,11.713235144876));
#12977=CARTESIAN_POINT('',(12.184113538953,-2.139121605922,11.213235144876));
#12978=CARTESIAN_POINT('Origin',(12.434113538953,-1.869121605922,10.463235144876));
#12979=CARTESIAN_POINT('',(12.434113538953,-1.869121605922,1.373235144876));
#12980=CARTESIAN_POINT('',(12.284113538953,-1.869121605922,10.463235144876));
#12981=CARTESIAN_POINT('Origin',(8.104113538954,-1.109121605922,5.383235144876));
#12982=CARTESIAN_POINT('',(8.104113538954,-1.009121605922,5.383235144876));
#12983=CARTESIAN_POINT('',(8.104113538954,-0.839121605922,5.383235144876));
#12984=CARTESIAN_POINT('Origin',(7.434113538954,-1.109121605922,8.923235144876));
#12985=CARTESIAN_POINT('',(7.434113538954,-1.109121605922,1.373235144876));
#12986=CARTESIAN_POINT('',(7.434113538953,-1.109121605922,5.283235144876));
#12987=CARTESIAN_POINT('Origin',(9.644113538954,-1.109121605922,8.673235144876));
#12988=CARTESIAN_POINT('',(9.644113538954,-1.009121605922,8.673235144876));
#12989=CARTESIAN_POINT('',(9.644113538954,-0.839121605922,8.673235144876));
#12990=CARTESIAN_POINT('Origin',(9.894113538954,-1.109121605922,7.923235144876));
#12991=CARTESIAN_POINT('',(9.894113538954,-1.109121605922,1.373235144876));
#12992=CARTESIAN_POINT('',(9.744113538954,-1.109121605922,7.923235144876));
#12993=CARTESIAN_POINT('Origin',(12.184113538954,-1.109121605922,11.213235144876));
#12994=CARTESIAN_POINT('',(12.184113538954,-0.839121605922,11.213235144876));
#12995=CARTESIAN_POINT('',(12.184113538954,-1.009121605922,11.213235144876));
#12996=CARTESIAN_POINT('Origin',(12.434113538954,-1.109121605922,10.463235144876));
#12997=CARTESIAN_POINT('',(12.434113538954,-1.109121605922,1.373235144876));
#12998=CARTESIAN_POINT('',(12.284113538954,-1.109121605922,10.463235144876));
#12999=CARTESIAN_POINT('Origin',(12.434113538953,-1.409121605922,1.373235144876));
#13000=CARTESIAN_POINT('Origin',(12.434113538953,-1.569121605922,1.373235144876));
#13001=CARTESIAN_POINT('Origin',(9.894113538953,-1.569121605922,1.373235144876));
#13002=CARTESIAN_POINT('Origin',(9.894113538954,-1.409121605922,1.373235144876));
#13003=CARTESIAN_POINT('Origin',(7.434113538953,-1.409121605922,1.373235144876));
#13004=CARTESIAN_POINT('Origin',(7.434113538953,-1.569121605922,1.373235144876));
#13005=CARTESIAN_POINT('Origin',(12.084113538954,-0.839121605922,11.213235144876));
#13006=CARTESIAN_POINT('Origin',(12.284113538954,-1.009121605922,10.463235144876));
#13007=CARTESIAN_POINT('Origin',(12.284113538953,-1.969121605922,10.463235144876));
#13008=CARTESIAN_POINT('Origin',(12.084113538953,-2.139121605922,11.713235144876));
#13009=CARTESIAN_POINT('Origin',(9.744113538953,-1.969121605922,7.923235144876));
#13010=CARTESIAN_POINT('Origin',(9.544113538953,-2.139121605922,9.173235144876));
#13011=CARTESIAN_POINT('Origin',(9.744113538954,-1.009121605922,7.923235144876));
#13012=CARTESIAN_POINT('Origin',(9.544113538954,-0.839121605922,8.673235144876));
#13013=CARTESIAN_POINT('Origin',(7.434113538953,-1.009121605922,5.283235144876));
#13014=CARTESIAN_POINT('Origin',(8.104113538954,-0.839121605922,5.483235144876));
#13015=CARTESIAN_POINT('Origin',(8.104113538953,-2.139121605922,5.483235144876));
#13016=CARTESIAN_POINT('Origin',(7.434113538953,-1.969121605922,5.283235144876));
#13017=CARTESIAN_POINT('Origin',(-0.565886461045,0.760878394077,12.173235144876));
#13018=CARTESIAN_POINT('Origin',(7.634113538954,0.760878394077,12.173235144876));
#13019=CARTESIAN_POINT('Origin',(7.634113538954,0.760878394077,11.773235144876));
#13020=CARTESIAN_POINT('Origin',(7.634113538954,0.760878394077,11.773235144876));
#13021=CARTESIAN_POINT('Origin',(7.234113538954,0.760878394077,11.773235144876));
#13022=CARTESIAN_POINT('Origin',(7.634113538954,0.960878394077,11.773235144876));
#13023=CARTESIAN_POINT('Origin',(7.63411353895607,-0.239121605924547,11.7732351448743));
#13024=CARTESIAN_POINT('Origin',(7.234113538954,0.760878394077,12.973235144876));
#13025=CARTESIAN_POINT('Origin',(7.234113538954,0.760878394077,6.073235144876));
#13026=CARTESIAN_POINT('Origin',(7.934113538954,0.760878394077,5.673235144876));
#13027=CARTESIAN_POINT('Origin',(7.634113538954,0.760878394077,5.673235144876));
#13028=CARTESIAN_POINT('Origin',(7.934113538954,0.160878394077,12.773235144876));
#13029=CARTESIAN_POINT('Origin',(7.634113538954,0.160878394077,12.773235144876));
#13030=CARTESIAN_POINT('Origin',(7.634113538954,-0.239121605922,12.973235144876));
#13031=CARTESIAN_POINT('Origin',(7.634113538954,-0.239121605922,12.773235144876));
#13032=CARTESIAN_POINT('Origin',(7.634113538954,0.760878394077,6.073235144876));
#13033=CARTESIAN_POINT('Origin',(7.634113538954,0.760878394077,6.073235144876));
#13034=CARTESIAN_POINT('Origin',(7.634113538954,-0.239121605922,12.773235144876));
#13035=CARTESIAN_POINT('Origin',(7.234113538954,-0.239121605922,12.773235144876));
#13036=CARTESIAN_POINT('Origin',(7.634113538954,0.960878394077,6.073235144876));
#13037=CARTESIAN_POINT('Origin',(7.63411353895753,-0.239121605925522,6.07323514487952));
#13038=CARTESIAN_POINT('Origin',(-0.565886461046,-3.139121605922,12.773235144876));
#13039=CARTESIAN_POINT('Origin',(7.634113538953,-3.139121605922,12.773235144876));
#13040=CARTESIAN_POINT('Origin',(7.234113538954,0.960878394077,12.773235144876));
#13041=CARTESIAN_POINT('Origin',(7.234113538953,-2.739121605922,12.773235144876));
#13042=CARTESIAN_POINT('Origin',(7.634113538954,-0.239121605922,4.873235144876));
#13043=CARTESIAN_POINT('Origin',(7.634113538954,-0.239121605922,5.073235144876));
#13044=CARTESIAN_POINT('Origin',(-0.565886461045,0.160878394077,5.073235144876));
#13045=CARTESIAN_POINT('Origin',(7.634113538954,0.160878394077,5.073235144876));
#13046=CARTESIAN_POINT('Origin',(7.634113538953,-2.739121605922,12.773235144876));
#13047=CARTESIAN_POINT('Origin',(7.634113538953,-2.739121605922,12.773235144876));
#13048=CARTESIAN_POINT('Origin',(7.634113538954,-0.239121605922,5.073235144876));
#13049=CARTESIAN_POINT('Origin',(7.234113538954,-0.239121605922,5.073235144876));
#13050=CARTESIAN_POINT('Origin',(7.634113538953,-2.739121605922,12.973235144876));
#13051=CARTESIAN_POINT('Origin',(7.63411353895061,-2.73912160592439,11.7732351448784));
#13052=CARTESIAN_POINT('Origin',(7.234113538954,0.960878394077,5.073235144876));
#13053=CARTESIAN_POINT('Origin',(7.234113538953,-2.739121605922,5.073235144876));
#13054=CARTESIAN_POINT('Origin',(7.934113538953,-3.139121605922,5.073235144876));
#13055=CARTESIAN_POINT('Origin',(7.634113538953,-3.139121605922,5.073235144876));
#13056=CARTESIAN_POINT('Origin',(7.934113538953,-3.739121605922,12.173235144876));
#13057=CARTESIAN_POINT('Origin',(7.634113538953,-3.739121605922,12.173235144876));
#13058=CARTESIAN_POINT('Origin',(7.634113538953,-3.939121605922,11.773235144876));
#13059=CARTESIAN_POINT('Origin',(7.634113538953,-3.739121605922,11.773235144876));
#13060=CARTESIAN_POINT('Origin',(7.634113538953,-2.739121605922,5.073235144876));
#13061=CARTESIAN_POINT('Origin',(7.634113538953,-2.739121605922,5.073235144876));
#13062=CARTESIAN_POINT('Origin',(7.634113538953,-3.739121605922,11.773235144876));
#13063=CARTESIAN_POINT('Origin',(7.234113538953,-3.739121605922,11.773235144876));
#13064=CARTESIAN_POINT('Origin',(7.634113538953,-2.739121605922,4.873235144876));
#13065=CARTESIAN_POINT('Origin',(7.63411353895216,-2.73912160592333,6.07323514487553));
#13066=CARTESIAN_POINT('Origin',(7.234113538953,-3.739121605922,12.973235144876));
#13067=CARTESIAN_POINT('Origin',(7.234113538953,-3.739121605922,6.073235144876));
#13068=CARTESIAN_POINT('Origin',(7.634113538953,-3.939121605922,6.073235144876));
#13069=CARTESIAN_POINT('Origin',(7.634113538953,-3.739121605922,6.073235144876));
#13070=CARTESIAN_POINT('Origin',(7.634113538953,-3.739121605922,6.073235144876));
#13071=CARTESIAN_POINT('Origin',(7.634113538953,-3.739121605922,5.673235144876));
#13072=CARTESIAN_POINT('Origin',(-0.565886461046,-3.739121605922,5.673235144876));
#13073=CARTESIAN_POINT('Origin',(7.634113538953,-2.439121605922,8.923235144876));
#13074=CARTESIAN_POINT('Origin',(7.63411353895365,-2.43912160592252,11.9132351448765));
#13075=CARTESIAN_POINT('Origin',(7.63411353895216,-2.43912160592151,11.0132351448773));
#13076=CARTESIAN_POINT('Origin',(7.634113538953,-2.239121605922,11.013235144876));
#13077=CARTESIAN_POINT('Origin',(7.63411353895457,-0.539121605921302,11.0132351448753));
#13078=CARTESIAN_POINT('Origin',(7.634113538953,-1.489121605922,11.913235144876));
#13079=CARTESIAN_POINT('Origin',(7.63411353895611,-0.539121605920264,11.9132351448786));
#13080=CARTESIAN_POINT('Origin',(7.634113538954,-0.539121605922,10.463235144876));
#13081=CARTESIAN_POINT('Origin',(7.634113538953,-2.439121605922,8.923235144876));
#13082=CARTESIAN_POINT('Origin',(7.63411353895366,-2.43912160592253,9.37323514487652));
#13083=CARTESIAN_POINT('Origin',(7.63411353895216,-2.43912160592151,8.47323514487734));
#13084=CARTESIAN_POINT('Origin',(7.634113538953,-2.239121605922,8.473235144876));
#13085=CARTESIAN_POINT('Origin',(7.63411353895458,-0.539121605921299,8.47323514487529));
#13086=CARTESIAN_POINT('Origin',(7.634113538953,-1.489121605922,9.373235144876));
#13087=CARTESIAN_POINT('Origin',(7.63411353895601,-0.53912160592035,9.3732351448785));
#13088=CARTESIAN_POINT('Origin',(7.634113538954,-0.539121605922,7.923235144876));
#13089=CARTESIAN_POINT('Origin',(7.634113538953,-2.439121605922,8.923235144876));
#13090=CARTESIAN_POINT('Origin',(7.63411353894833,-2.43912160591799,6.80594382903749));
#13091=CARTESIAN_POINT('Origin',(7.63411353895215,-2.43912160592152,5.85662716001934));
#13092=CARTESIAN_POINT('Origin',(7.634113538953,-2.239121605922,5.856627160018));
#13093=CARTESIAN_POINT('Origin',(7.6341135389545,-0.539121605921373,5.85662716001738));
#13094=CARTESIAN_POINT('Origin',(7.634113538953,-2.239121605922,6.805943829041));
#13095=CARTESIAN_POINT('Origin',(7.63411353894681,-0.53912160592524,6.80594382903776));
#13096=CARTESIAN_POINT('Origin',(7.634113538954,-0.539121605922,5.383235144876));
#13097=CARTESIAN_POINT('Origin',(-0.565886461045,0.760878394077,5.073235144876));
#13098=CARTESIAN_POINT('Origin',(-0.565886461046,-3.739121605922,5.073235144876));
#13099=CARTESIAN_POINT('Origin',(-0.565886461046,-3.739121605922,12.773235144876));
#13100=CARTESIAN_POINT('Origin',(-0.565886461045,0.760878394077,12.773235144876));
#13101=CARTESIAN_POINT('Origin',(4.542309405754,-3.940121605922,6.087042078627));
#13102=CARTESIAN_POINT('',(4.542309405754,-3.940121605922,6.087042078627));
#13103=CARTESIAN_POINT('',(4.542309405754,-3.940121605922,6.087042078627));
#13104=CARTESIAN_POINT('',(4.542309405754,-3.940121605922,6.048397742738));
#13105=CARTESIAN_POINT('',(4.542309405754,-3.940121605922,6.087042078627));
#13106=CARTESIAN_POINT('',(4.542309405754,-3.940121605922,6.048397742738));
#13107=CARTESIAN_POINT('Origin',(4.407314169617,-3.940121605922,6.087042078627));
#13108=CARTESIAN_POINT('',(4.407314169617,-3.940121605922,6.087042078627));
#13109=CARTESIAN_POINT('',(4.407314169617,-3.940121605922,6.087042078627));
#13110=CARTESIAN_POINT('',(4.407314169617,-3.940121605922,6.087042078627));
#13111=CARTESIAN_POINT('Origin',(4.407314169617,-3.940121605922,6.387358823457));
#13112=CARTESIAN_POINT('',(4.407314169617,-3.940121605922,6.387358823457));
#13113=CARTESIAN_POINT('',(4.407314169617,-3.940121605922,6.387358823457));
#13114=CARTESIAN_POINT('',(4.407314169617,-3.940121605922,6.387358823457));
#13115=CARTESIAN_POINT('Origin',(4.363557690639,-3.940121605922,6.387358823457));
#13116=CARTESIAN_POINT('',(4.363557690639,-3.940121605922,6.387358823457));
#13117=CARTESIAN_POINT('',(4.363557690639,-3.940121605922,6.387358823457));
#13118=CARTESIAN_POINT('',(4.363557690639,-3.940121605922,6.387358823457));
#13119=CARTESIAN_POINT('Origin',(4.363557690639,-3.940121605922,6.048397742738));
#13120=CARTESIAN_POINT('',(4.363557690639,-3.940121605922,6.048397742738));
#13121=CARTESIAN_POINT('',(4.363557690639,-3.940121605922,6.048397742738));
#13122=CARTESIAN_POINT('',(4.363557690639,-3.940121605922,6.048397742738));
#13123=CARTESIAN_POINT('Origin',(4.542309405754,-3.940121605922,6.048397742738));
#13124=CARTESIAN_POINT('',(4.542309405754,-3.940121605922,6.048397742738));
#13125=CARTESIAN_POINT('Origin',(-1.911739682247E-14,-3.940121605922,-3.491481338843E-18));
#13126=CARTESIAN_POINT('Ctrl Pts',(4.716122270764,-3.940121605922,6.042679074198));
#13127=CARTESIAN_POINT('Ctrl Pts',(4.716122270764,-3.938921605922,6.042679074198));
#13128=CARTESIAN_POINT('Ctrl Pts',(4.753726848737,-3.940121605922,6.042679074198));
#13129=CARTESIAN_POINT('Ctrl Pts',(4.753726848737,-3.938921605922,6.042679074198));
#13130=CARTESIAN_POINT('Ctrl Pts',(4.78500623272,-3.940121605922,6.049264207667));
#13131=CARTESIAN_POINT('Ctrl Pts',(4.78500623272,-3.938921605922,6.049264207667));
#13132=CARTESIAN_POINT('Ctrl Pts',(4.809960422712,-3.940121605922,6.062434474608));
#13133=CARTESIAN_POINT('Ctrl Pts',(4.809960422712,-3.938921605922,6.062434474608));
#13134=CARTESIAN_POINT('',(4.809960422712,-3.940121605922,6.062434474608));
#13135=CARTESIAN_POINT('',(4.809960422712,-3.940121605922,6.062434474608));
#13136=CARTESIAN_POINT('',(4.716122270764,-3.940121605922,6.042679074198));
#13137=CARTESIAN_POINT('Ctrl Pts',(4.716122270764,-3.940121605922,6.042679074198));
#13138=CARTESIAN_POINT('Ctrl Pts',(4.753726848737,-3.940121605922,6.042679074198));
#13139=CARTESIAN_POINT('Ctrl Pts',(4.78500623272,-3.940121605922,6.049264207667));
#13140=CARTESIAN_POINT('Ctrl Pts',(4.809960422712,-3.940121605922,6.062434474608));
#13141=CARTESIAN_POINT('',(4.716122270764,-3.940121605922,6.042679074198));
#13142=CARTESIAN_POINT('Origin',(4.809960422712,-3.940121605922,6.104371377234));
#13143=CARTESIAN_POINT('',(4.809960422712,-3.940121605922,6.104371377234));
#13144=CARTESIAN_POINT('',(4.809960422712,-3.940121605922,6.104371377234));
#13145=CARTESIAN_POINT('',(4.809960422712,-3.940121605922,6.104371377234));
#13146=CARTESIAN_POINT('Ctrl Pts',(4.809960422712,-3.940121605922,6.104371377234));
#13147=CARTESIAN_POINT('Ctrl Pts',(4.809960422712,-3.938921605922,6.104371377234));
#13148=CARTESIAN_POINT('Ctrl Pts',(4.785179525706,-3.940121605922,6.089294887446));
#13149=CARTESIAN_POINT('Ctrl Pts',(4.785179525706,-3.938921605922,6.089294887446));
#13150=CARTESIAN_POINT('Ctrl Pts',(4.755979657556,-3.940121605922,6.081669996059));
#13151=CARTESIAN_POINT('Ctrl Pts',(4.755979657556,-3.938921605922,6.081669996059));
#13152=CARTESIAN_POINT('Ctrl Pts',(4.722447464755,-3.940121605922,6.081669996059));
#13153=CARTESIAN_POINT('Ctrl Pts',(4.722447464755,-3.938921605922,6.081669996059));
#13154=CARTESIAN_POINT('',(4.722447464755,-3.940121605922,6.081669996059));
#13155=CARTESIAN_POINT('',(4.722447464755,-3.940121605922,6.081669996059));
#13156=CARTESIAN_POINT('Origin',(3.01764002909074,-3.940121605922,9.17368978890106));
#13157=CARTESIAN_POINT('Ctrl Pts',(4.722447464755,-3.940121605922,6.081669996059));
#13158=CARTESIAN_POINT('Ctrl Pts',(4.722447464755,-3.938921605922,6.081669996059));
#13159=CARTESIAN_POINT('Ctrl Pts',(4.686575816642,-3.940121605922,6.081669996059));
#13160=CARTESIAN_POINT('Ctrl Pts',(4.686575816642,-3.938921605922,6.081669996059));
#13161=CARTESIAN_POINT('Ctrl Pts',(4.657549241478,-3.940121605922,6.093627212097));
#13162=CARTESIAN_POINT('Ctrl Pts',(4.657549241478,-3.938921605922,6.093627212097));
#13163=CARTESIAN_POINT('Ctrl Pts',(4.635367739263,-3.940121605922,6.117368351187));
#13164=CARTESIAN_POINT('Ctrl Pts',(4.635367739263,-3.938921605922,6.117368351187));
#13165=CARTESIAN_POINT('',(4.635367739263,-3.940121605922,6.117368351187));
#13166=CARTESIAN_POINT('',(4.635367739263,-3.940121605922,6.117368351187));
#13167=CARTESIAN_POINT('Origin',(10.2188084730504,-3.940121605922,15.8066511121666));
#13168=CARTESIAN_POINT('Ctrl Pts',(4.635367739263,-3.940121605922,6.117368351187));
#13169=CARTESIAN_POINT('Ctrl Pts',(4.635367739263,-3.938921605922,6.117368351187));
#13170=CARTESIAN_POINT('Ctrl Pts',(4.613186237048,-3.940121605922,6.141282783263));
#13171=CARTESIAN_POINT('Ctrl Pts',(4.613186237048,-3.938921605922,6.141282783263));
#13172=CARTESIAN_POINT('Ctrl Pts',(4.602095485942,-3.940121605922,6.173515278669));
#13173=CARTESIAN_POINT('Ctrl Pts',(4.602095485942,-3.938921605922,6.173515278669));
#13174=CARTESIAN_POINT('Ctrl Pts',(4.602095485942,-3.940121605922,6.214065837405));
#13175=CARTESIAN_POINT('Ctrl Pts',(4.602095485942,-3.938921605922,6.214065837405));
#13176=CARTESIAN_POINT('',(4.602095485942,-3.940121605922,6.214065837405));
#13177=CARTESIAN_POINT('',(4.602095485942,-3.940121605922,6.214065837405));
#13178=CARTESIAN_POINT('Ctrl Pts',(4.635367739263,-3.940121605922,6.117368351187));
#13179=CARTESIAN_POINT('Ctrl Pts',(4.613186237048,-3.940121605922,6.141282783263));
#13180=CARTESIAN_POINT('Ctrl Pts',(4.602095485942,-3.940121605922,6.173515278669));
#13181=CARTESIAN_POINT('Ctrl Pts',(4.602095485942,-3.940121605922,6.214065837405));
#13182=CARTESIAN_POINT('Ctrl Pts',(4.602095485942,-3.940121605922,6.214065837405));
#13183=CARTESIAN_POINT('Ctrl Pts',(4.602095485942,-3.938921605922,6.214065837405));
#13184=CARTESIAN_POINT('Ctrl Pts',(4.602095485942,-3.940121605922,6.256695911974));
#13185=CARTESIAN_POINT('Ctrl Pts',(4.602095485942,-3.938921605922,6.256695911974));
#13186=CARTESIAN_POINT('Ctrl Pts',(4.613966055486,-3.940121605922,6.290661337238));
#13187=CARTESIAN_POINT('Ctrl Pts',(4.613966055486,-3.938921605922,6.290661337238));
#13188=CARTESIAN_POINT('Ctrl Pts',(4.637707194576,-3.940121605922,6.315962113203));
#13189=CARTESIAN_POINT('Ctrl Pts',(4.637707194576,-3.938921605922,6.315962113203));
#13190=CARTESIAN_POINT('',(4.637707194576,-3.940121605922,6.315962113203));
#13191=CARTESIAN_POINT('',(4.637707194576,-3.940121605922,6.315962113203));
#13192=CARTESIAN_POINT('Ctrl Pts',(4.602095485942,-3.940121605922,6.214065837405));
#13193=CARTESIAN_POINT('Ctrl Pts',(4.602095485942,-3.940121605922,6.256695911974));
#13194=CARTESIAN_POINT('Ctrl Pts',(4.613966055486,-3.940121605922,6.290661337238));
#13195=CARTESIAN_POINT('Ctrl Pts',(4.637707194576,-3.940121605922,6.315962113203));
#13196=CARTESIAN_POINT('Ctrl Pts',(4.637707194576,-3.940121605922,6.315962113203));
#13197=CARTESIAN_POINT('Ctrl Pts',(4.637707194576,-3.938921605922,6.315962113203));
#13198=CARTESIAN_POINT('Ctrl Pts',(4.661534980157,-3.940121605922,6.34108959618));
#13199=CARTESIAN_POINT('Ctrl Pts',(4.661534980157,-3.938921605922,6.34108959618));
#13200=CARTESIAN_POINT('Ctrl Pts',(4.692294485182,-3.940121605922,6.353566691176));
#13201=CARTESIAN_POINT('Ctrl Pts',(4.692294485182,-3.938921605922,6.353566691176));
#13202=CARTESIAN_POINT('Ctrl Pts',(4.730072356142,-3.940121605922,6.353566691176));
#13203=CARTESIAN_POINT('Ctrl Pts',(4.730072356142,-3.938921605922,6.353566691176));
#13204=CARTESIAN_POINT('',(4.730072356142,-3.940121605922,6.353566691176));
#13205=CARTESIAN_POINT('',(4.730072356142,-3.940121605922,6.353566691176));
#13206=CARTESIAN_POINT('Ctrl Pts',(4.637707194576,-3.940121605922,6.315962113203));
#13207=CARTESIAN_POINT('Ctrl Pts',(4.661534980157,-3.940121605922,6.34108959618));
#13208=CARTESIAN_POINT('Ctrl Pts',(4.692294485182,-3.940121605922,6.353566691176));
#13209=CARTESIAN_POINT('Ctrl Pts',(4.730072356142,-3.940121605922,6.353566691176));
#13210=CARTESIAN_POINT('Ctrl Pts',(4.730072356142,-3.940121605922,6.353566691176));
#13211=CARTESIAN_POINT('Ctrl Pts',(4.730072356142,-3.938921605922,6.353566691176));
#13212=CARTESIAN_POINT('Ctrl Pts',(4.759098931305,-3.940121605922,6.353566691176));
#13213=CARTESIAN_POINT('Ctrl Pts',(4.759098931305,-3.938921605922,6.353566691176));
#13214=CARTESIAN_POINT('Ctrl Pts',(4.785699404665,-3.940121605922,6.346981557706));
#13215=CARTESIAN_POINT('Ctrl Pts',(4.785699404665,-3.938921605922,6.346981557706));
#13216=CARTESIAN_POINT('Ctrl Pts',(4.809960422712,-3.940121605922,6.333464704796));
#13217=CARTESIAN_POINT('Ctrl Pts',(4.809960422712,-3.938921605922,6.333464704796));
#13218=CARTESIAN_POINT('',(4.809960422712,-3.940121605922,6.333464704796));
#13219=CARTESIAN_POINT('',(4.809960422712,-3.940121605922,6.333464704796));
#13220=CARTESIAN_POINT('Ctrl Pts',(4.730072356142,-3.940121605922,6.353566691176));
#13221=CARTESIAN_POINT('Ctrl Pts',(4.759098931305,-3.940121605922,6.353566691176));
#13222=CARTESIAN_POINT('Ctrl Pts',(4.785699404665,-3.940121605922,6.346981557706));
#13223=CARTESIAN_POINT('Ctrl Pts',(4.809960422712,-3.940121605922,6.333464704796));
#13224=CARTESIAN_POINT('Origin',(4.809960422712,-3.940121605922,6.379214053112));
#13225=CARTESIAN_POINT('',(4.809960422712,-3.940121605922,6.379214053112));
#13226=CARTESIAN_POINT('',(4.809960422712,-3.940121605922,6.379214053112));
#13227=CARTESIAN_POINT('',(4.809960422712,-3.940121605922,6.379214053112));
#13228=CARTESIAN_POINT('Ctrl Pts',(4.809960422712,-3.940121605922,6.379214053112));
#13229=CARTESIAN_POINT('Ctrl Pts',(4.809960422712,-3.938921605922,6.379214053112));
#13230=CARTESIAN_POINT('Ctrl Pts',(4.788818678413,-3.940121605922,6.388398581374));
#13231=CARTESIAN_POINT('Ctrl Pts',(4.788818678413,-3.938921605922,6.388398581374));
#13232=CARTESIAN_POINT('Ctrl Pts',(4.762044912068,-3.940121605922,6.393077491997));
#13233=CARTESIAN_POINT('Ctrl Pts',(4.762044912068,-3.938921605922,6.393077491997));
#13234=CARTESIAN_POINT('Ctrl Pts',(4.729639123676,-3.940121605922,6.393077491997));
#13235=CARTESIAN_POINT('Ctrl Pts',(4.729639123676,-3.938921605922,6.393077491997));
#13236=CARTESIAN_POINT('',(4.729639123676,-3.940121605922,6.393077491997));
#13237=CARTESIAN_POINT('',(4.729639123676,-3.940121605922,6.393077491997));
#13238=CARTESIAN_POINT('Origin',(2.82568081956807,-3.940121605922,4.75234079621067));
#13239=CARTESIAN_POINT('Ctrl Pts',(4.729639123676,-3.940121605922,6.393077491997));
#13240=CARTESIAN_POINT('Ctrl Pts',(4.729639123676,-3.938921605922,6.393077491997));
#13241=CARTESIAN_POINT('Ctrl Pts',(4.679297511228,-3.940121605922,6.393077491997));
#13242=CARTESIAN_POINT('Ctrl Pts',(4.679297511228,-3.938921605922,6.393077491997));
#13243=CARTESIAN_POINT('Ctrl Pts',(4.637793841068,-3.940121605922,6.376441365336));
#13244=CARTESIAN_POINT('Ctrl Pts',(4.637793841068,-3.938921605922,6.376441365336));
#13245=CARTESIAN_POINT('Ctrl Pts',(4.605128113197,-3.940121605922,6.343169112013));
#13246=CARTESIAN_POINT('Ctrl Pts',(4.605128113197,-3.938921605922,6.343169112013));
#13247=CARTESIAN_POINT('',(4.605128113197,-3.940121605922,6.343169112013));
#13248=CARTESIAN_POINT('',(4.605128113197,-3.940121605922,6.343169112013));
#13249=CARTESIAN_POINT('Ctrl Pts',(4.729639123676,-3.940121605922,6.393077491997));
#13250=CARTESIAN_POINT('Ctrl Pts',(4.679297511228,-3.940121605922,6.393077491997));
#13251=CARTESIAN_POINT('Ctrl Pts',(4.637793841068,-3.940121605922,6.376441365336));
#13252=CARTESIAN_POINT('Ctrl Pts',(4.605128113197,-3.940121605922,6.343169112013));
#13253=CARTESIAN_POINT('Ctrl Pts',(4.605128113197,-3.940121605922,6.343169112013));
#13254=CARTESIAN_POINT('Ctrl Pts',(4.605128113197,-3.938921605922,6.343169112013));
#13255=CARTESIAN_POINT('Ctrl Pts',(4.572462385326,-3.940121605922,6.309896858692));
#13256=CARTESIAN_POINT('Ctrl Pts',(4.572462385326,-3.938921605922,6.309896858692));
#13257=CARTESIAN_POINT('Ctrl Pts',(4.556172844637,-3.940121605922,6.266053733219));
#13258=CARTESIAN_POINT('Ctrl Pts',(4.556172844637,-3.938921605922,6.266053733219));
#13259=CARTESIAN_POINT('Ctrl Pts',(4.556172844637,-3.940121605922,6.211466442612));
#13260=CARTESIAN_POINT('Ctrl Pts',(4.556172844637,-3.938921605922,6.211466442612));
#13261=CARTESIAN_POINT('',(4.556172844637,-3.940121605922,6.211466442612));
#13262=CARTESIAN_POINT('',(4.556172844637,-3.940121605922,6.211466442612));
#13263=CARTESIAN_POINT('Ctrl Pts',(4.605128113197,-3.940121605922,6.343169112013));
#13264=CARTESIAN_POINT('Ctrl Pts',(4.572462385326,-3.940121605922,6.309896858692));
#13265=CARTESIAN_POINT('Ctrl Pts',(4.556172844637,-3.940121605922,6.266053733219));
#13266=CARTESIAN_POINT('Ctrl Pts',(4.556172844637,-3.940121605922,6.211466442612));
#13267=CARTESIAN_POINT('Ctrl Pts',(4.556172844637,-3.940121605922,6.211466442612));
#13268=CARTESIAN_POINT('Ctrl Pts',(4.556172844637,-3.938921605922,6.211466442612));
#13269=CARTESIAN_POINT('Ctrl Pts',(4.556172844637,-3.940121605922,6.160691597699));
#13270=CARTESIAN_POINT('Ctrl Pts',(4.556172844637,-3.938921605922,6.160691597699));
#13271=CARTESIAN_POINT('Ctrl Pts',(4.570642808972,-3.940121605922,6.119794452991));
#13272=CARTESIAN_POINT('Ctrl Pts',(4.570642808972,-3.938921605922,6.119794452991));
#13273=CARTESIAN_POINT('Ctrl Pts',(4.599669384136,-3.940121605922,6.088948301474));
#13274=CARTESIAN_POINT('Ctrl Pts',(4.599669384136,-3.938921605922,6.088948301474));
#13275=CARTESIAN_POINT('',(4.599669384136,-3.940121605922,6.088948301474));
#13276=CARTESIAN_POINT('',(4.599669384136,-3.940121605922,6.088948301474));
#13277=CARTESIAN_POINT('Origin',(19.2180065127885,-3.940121605922,16.2718051696729));
#13278=CARTESIAN_POINT('Ctrl Pts',(4.599669384136,-3.940121605922,6.088948301474));
#13279=CARTESIAN_POINT('Ctrl Pts',(4.599669384136,-3.938921605922,6.088948301474));
#13280=CARTESIAN_POINT('Ctrl Pts',(4.628695959301,-3.940121605922,6.058102149957));
#13281=CARTESIAN_POINT('Ctrl Pts',(4.628695959301,-3.938921605922,6.058102149957));
#13282=CARTESIAN_POINT('Ctrl Pts',(4.667513588176,-3.940121605922,6.042679074198));
#13283=CARTESIAN_POINT('Ctrl Pts',(4.667513588176,-3.938921605922,6.042679074198));
#13284=CARTESIAN_POINT('Ctrl Pts',(4.716122270764,-3.940121605922,6.042679074198));
#13285=CARTESIAN_POINT('Ctrl Pts',(4.716122270764,-3.938921605922,6.042679074198));
#13286=CARTESIAN_POINT('Ctrl Pts',(4.599669384136,-3.940121605922,6.088948301474));
#13287=CARTESIAN_POINT('Ctrl Pts',(4.628695959301,-3.940121605922,6.058102149957));
#13288=CARTESIAN_POINT('Ctrl Pts',(4.667513588176,-3.940121605922,6.042679074198));
#13289=CARTESIAN_POINT('Ctrl Pts',(4.716122270764,-3.940121605922,6.042679074198));
#13290=CARTESIAN_POINT('Origin',(4.767785242231,-3.940121605922,6.0476179243));
#13291=CARTESIAN_POINT('Origin',(5.060108848078,-3.940121605922,6.087042078627));
#13292=CARTESIAN_POINT('',(5.060108848078,-3.940121605922,6.087042078627));
#13293=CARTESIAN_POINT('',(5.060108848078,-3.940121605922,6.087042078627));
#13294=CARTESIAN_POINT('',(5.060108848078,-3.940121605922,6.048397742738));
#13295=CARTESIAN_POINT('',(5.060108848078,-3.940121605922,6.087042078627));
#13296=CARTESIAN_POINT('',(5.060108848078,-3.940121605922,6.048397742738));
#13297=CARTESIAN_POINT('Origin',(4.92156110573,-3.940121605922,6.087042078627));
#13298=CARTESIAN_POINT('',(4.92156110573,-3.940121605922,6.087042078627));
#13299=CARTESIAN_POINT('',(4.92156110573,-3.940121605922,6.087042078627));
#13300=CARTESIAN_POINT('',(4.92156110573,-3.940121605922,6.087042078627));
#13301=CARTESIAN_POINT('Origin',(4.92156110573,-3.940121605922,6.20106886345));
#13302=CARTESIAN_POINT('',(4.92156110573,-3.940121605922,6.20106886345));
#13303=CARTESIAN_POINT('',(4.92156110573,-3.940121605922,6.20106886345));
#13304=CARTESIAN_POINT('',(4.92156110573,-3.940121605922,6.20106886345));
#13305=CARTESIAN_POINT('Origin',(5.042779549473,-3.940121605922,6.20106886345));
#13306=CARTESIAN_POINT('',(5.042779549473,-3.940121605922,6.20106886345));
#13307=CARTESIAN_POINT('',(5.042779549473,-3.940121605922,6.20106886345));
#13308=CARTESIAN_POINT('',(5.042779549473,-3.940121605922,6.20106886345));
#13309=CARTESIAN_POINT('Origin',(5.042779549473,-3.940121605922,6.239886492325));
#13310=CARTESIAN_POINT('',(5.042779549473,-3.940121605922,6.239886492325));
#13311=CARTESIAN_POINT('',(5.042779549473,-3.940121605922,6.239886492325));
#13312=CARTESIAN_POINT('',(5.042779549473,-3.940121605922,6.239886492325));
#13313=CARTESIAN_POINT('Origin',(4.92156110573,-3.940121605922,6.239886492325));
#13314=CARTESIAN_POINT('',(4.92156110573,-3.940121605922,6.239886492325));
#13315=CARTESIAN_POINT('',(4.92156110573,-3.940121605922,6.239886492325));
#13316=CARTESIAN_POINT('',(4.92156110573,-3.940121605922,6.239886492325));
#13317=CARTESIAN_POINT('Origin',(4.92156110573,-3.940121605922,6.348367901595));
#13318=CARTESIAN_POINT('',(4.92156110573,-3.940121605922,6.348367901595));
#13319=CARTESIAN_POINT('',(4.92156110573,-3.940121605922,6.348367901595));
#13320=CARTESIAN_POINT('',(4.92156110573,-3.940121605922,6.348367901595));
#13321=CARTESIAN_POINT('Origin',(5.0523973102,-3.940121605922,6.348367901595));
#13322=CARTESIAN_POINT('',(5.0523973102,-3.940121605922,6.348367901595));
#13323=CARTESIAN_POINT('',(5.0523973102,-3.940121605922,6.348367901595));
#13324=CARTESIAN_POINT('',(5.0523973102,-3.940121605922,6.348367901595));
#13325=CARTESIAN_POINT('Origin',(5.0523973102,-3.940121605922,6.387358823457));
#13326=CARTESIAN_POINT('',(5.0523973102,-3.940121605922,6.387358823457));
#13327=CARTESIAN_POINT('',(5.0523973102,-3.940121605922,6.387358823457));
#13328=CARTESIAN_POINT('',(5.0523973102,-3.940121605922,6.387358823457));
#13329=CARTESIAN_POINT('Origin',(4.877804626752,-3.940121605922,6.387358823457));
#13330=CARTESIAN_POINT('',(4.877804626752,-3.940121605922,6.387358823457));
#13331=CARTESIAN_POINT('',(4.877804626752,-3.940121605922,6.387358823457));
#13332=CARTESIAN_POINT('',(4.877804626752,-3.940121605922,6.387358823457));
#13333=CARTESIAN_POINT('Origin',(4.877804626752,-3.940121605922,6.048397742738));
#13334=CARTESIAN_POINT('',(4.877804626752,-3.940121605922,6.048397742738));
#13335=CARTESIAN_POINT('',(4.877804626752,-3.940121605922,6.048397742738));
#13336=CARTESIAN_POINT('',(4.877804626752,-3.940121605922,6.048397742738));
#13337=CARTESIAN_POINT('Origin',(5.060108848078,-3.940121605922,6.048397742738));
#13338=CARTESIAN_POINT('',(5.060108848078,-3.940121605922,6.048397742738));
#13339=CARTESIAN_POINT('Origin',(-1.874493003606E-14,-3.940121605922,-3.491481338843E-18));
#13340=CARTESIAN_POINT('Origin',(5.291411661213,-3.940121605922,6.376159764233));
#13341=CARTESIAN_POINT('',(5.124140606426,-3.940121605922,6.048397742738));
#13342=CARTESIAN_POINT('',(5.217372232922,-3.940121605922,6.048397742738));
#13343=CARTESIAN_POINT('',(5.217372232922,-3.940121605922,6.048397742738));
#13344=CARTESIAN_POINT('',(5.34898825583,-3.940121605922,6.095880020915));
#13345=CARTESIAN_POINT('Origin',(-13.1629605616385,-3.940121605922,35.6162939890713));
#13346=CARTESIAN_POINT('',(5.400109686715,-3.940121605922,6.222210607749));
#13347=CARTESIAN_POINT('Origin',(-32.7961272987469,-3.940121605922,29.3893611003228));
#13348=CARTESIAN_POINT('',(5.34898825583,-3.940121605922,6.342475940069));
#13349=CARTESIAN_POINT('Ctrl Pts',(5.400109686715,-3.940121605922,6.222210607749));
#13350=CARTESIAN_POINT('Ctrl Pts',(5.400109686715,-3.940121605922,6.272465573703));
#13351=CARTESIAN_POINT('Ctrl Pts',(5.38304032759,-3.940121605922,6.312496253482));
#13352=CARTESIAN_POINT('Ctrl Pts',(5.34898825583,-3.940121605922,6.342475940069));
#13353=CARTESIAN_POINT('',(5.220838092644,-3.940121605922,6.387358823457));
#13354=CARTESIAN_POINT('Ctrl Pts',(5.34898825583,-3.940121605922,6.342475940069));
#13355=CARTESIAN_POINT('Ctrl Pts',(5.31493618407,-3.940121605922,6.372455626657));
#13356=CARTESIAN_POINT('Ctrl Pts',(5.272219463008,-3.940121605922,6.387358823457));
#13357=CARTESIAN_POINT('Ctrl Pts',(5.220838092644,-3.940121605922,6.387358823457));
#13358=CARTESIAN_POINT('',(5.124140606426,-3.940121605922,6.387358823457));
#13359=CARTESIAN_POINT('',(5.124140606426,-3.940121605922,6.387358823457));
#13360=CARTESIAN_POINT('',(5.124140606426,-3.940121605922,6.048397742738));
#13361=CARTESIAN_POINT('',(5.167897085405,-3.940121605922,6.348367901595));
#13362=CARTESIAN_POINT('',(5.167897085405,-3.940121605922,6.087042078627));
#13363=CARTESIAN_POINT('',(5.167897085405,-3.940121605922,6.348367901595));
#13364=CARTESIAN_POINT('',(5.219105162781,-3.940121605922,6.348367901595));
#13365=CARTESIAN_POINT('',(5.219105162781,-3.940121605922,6.348367901595));
#13366=CARTESIAN_POINT('',(5.31692905341,-3.940121605922,6.316481992161));
#13367=CARTESIAN_POINT('Origin',(-11.0490368981443,-3.940121605922,-15.6364883971803));
#13368=CARTESIAN_POINT('',(5.354100398919,-3.940121605922,6.220997556846));
#13369=CARTESIAN_POINT('Origin',(-1.46713324565537,-3.940121605922,0.496783857851042));
#13370=CARTESIAN_POINT('',(5.317882164834,-3.940121605922,6.122393847781));
#13371=CARTESIAN_POINT('Origin',(-5.62165517942026,-3.940121605922,14.7954378855664));
#13372=CARTESIAN_POINT('',(5.217112293444,-3.940121605922,6.087042078627));
#13373=CARTESIAN_POINT('Origin',(-5.35860272734628,-3.940121605922,19.2823662830741));
#13374=CARTESIAN_POINT('',(5.167897085405,-3.940121605922,6.087042078627));
#13375=CARTESIAN_POINT('Origin',(5.217372232922,-3.940121605922,6.048397742738));
#13376=CARTESIAN_POINT('',(5.217372232922,-3.940121605922,6.048397742738));
#13377=CARTESIAN_POINT('',(5.124140606426,-3.940121605922,6.048397742738));
#13378=CARTESIAN_POINT('Ctrl Pts',(5.217372232922,-3.940121605922,6.048397742738));
#13379=CARTESIAN_POINT('Ctrl Pts',(5.217372232922,-3.938921605922,6.048397742738));
#13380=CARTESIAN_POINT('Ctrl Pts',(5.271006412105,-3.940121605922,6.048397742738));
#13381=CARTESIAN_POINT('Ctrl Pts',(5.271006412105,-3.938921605922,6.048397742738));
#13382=CARTESIAN_POINT('Ctrl Pts',(5.31493618407,-3.940121605922,6.064167404469));
#13383=CARTESIAN_POINT('Ctrl Pts',(5.31493618407,-3.938921605922,6.064167404469));
#13384=CARTESIAN_POINT('Ctrl Pts',(5.34898825583,-3.940121605922,6.095880020915));
#13385=CARTESIAN_POINT('Ctrl Pts',(5.34898825583,-3.938921605922,6.095880020915));
#13386=CARTESIAN_POINT('',(5.34898825583,-3.940121605922,6.095880020915));
#13387=CARTESIAN_POINT('Ctrl Pts',(5.34898825583,-3.940121605922,6.095880020915));
#13388=CARTESIAN_POINT('Ctrl Pts',(5.34898825583,-3.938921605922,6.095880020915));
#13389=CARTESIAN_POINT('Ctrl Pts',(5.38304032759,-3.940121605922,6.127592637364));
#13390=CARTESIAN_POINT('Ctrl Pts',(5.38304032759,-3.938921605922,6.127592637364));
#13391=CARTESIAN_POINT('Ctrl Pts',(5.400109686715,-3.940121605922,6.169702832975));
#13392=CARTESIAN_POINT('Ctrl Pts',(5.400109686715,-3.938921605922,6.169702832975));
#13393=CARTESIAN_POINT('Ctrl Pts',(5.400109686715,-3.940121605922,6.222210607749));
#13394=CARTESIAN_POINT('Ctrl Pts',(5.400109686715,-3.938921605922,6.222210607749));
#13395=CARTESIAN_POINT('',(5.400109686715,-3.940121605922,6.222210607749));
#13396=CARTESIAN_POINT('Ctrl Pts',(5.400109686715,-3.940121605922,6.222210607749));
#13397=CARTESIAN_POINT('Ctrl Pts',(5.400109686715,-3.938921605922,6.222210607749));
#13398=CARTESIAN_POINT('Ctrl Pts',(5.400109686715,-3.940121605922,6.272465573703));
#13399=CARTESIAN_POINT('Ctrl Pts',(5.400109686715,-3.938921605922,6.272465573703));
#13400=CARTESIAN_POINT('Ctrl Pts',(5.38304032759,-3.940121605922,6.312496253482));
#13401=CARTESIAN_POINT('Ctrl Pts',(5.38304032759,-3.938921605922,6.312496253482));
#13402=CARTESIAN_POINT('Ctrl Pts',(5.34898825583,-3.940121605922,6.342475940069));
#13403=CARTESIAN_POINT('Ctrl Pts',(5.34898825583,-3.938921605922,6.342475940069));
#13404=CARTESIAN_POINT('',(5.34898825583,-3.940121605922,6.342475940069));
#13405=CARTESIAN_POINT('Ctrl Pts',(5.34898825583,-3.940121605922,6.342475940069));
#13406=CARTESIAN_POINT('Ctrl Pts',(5.34898825583,-3.938921605922,6.342475940069));
#13407=CARTESIAN_POINT('Ctrl Pts',(5.31493618407,-3.940121605922,6.372455626657));
#13408=CARTESIAN_POINT('Ctrl Pts',(5.31493618407,-3.938921605922,6.372455626657));
#13409=CARTESIAN_POINT('Ctrl Pts',(5.272219463008,-3.940121605922,6.387358823457));
#13410=CARTESIAN_POINT('Ctrl Pts',(5.272219463008,-3.938921605922,6.387358823457));
#13411=CARTESIAN_POINT('Ctrl Pts',(5.220838092644,-3.940121605922,6.387358823457));
#13412=CARTESIAN_POINT('Ctrl Pts',(5.220838092644,-3.938921605922,6.387358823457));
#13413=CARTESIAN_POINT('',(5.220838092644,-3.940121605922,6.387358823457));
#13414=CARTESIAN_POINT('Origin',(5.124140606426,-3.940121605922,6.387358823457));
#13415=CARTESIAN_POINT('',(5.124140606426,-3.940121605922,6.387358823457));
#13416=CARTESIAN_POINT('Origin',(5.124140606426,-3.940121605922,6.048397742738));
#13417=CARTESIAN_POINT('Origin',(5.219105162781,-3.940121605922,6.348367901595));
#13418=CARTESIAN_POINT('',(5.219105162781,-3.939121605922,6.348367901595));
#13419=CARTESIAN_POINT('',(5.167897085405,-3.939121605922,6.348367901595));
#13420=CARTESIAN_POINT('',(5.219105162781,-3.939121605922,6.348367901595));
#13421=CARTESIAN_POINT('',(5.219105162781,-3.940121605922,6.348367901595));
#13422=CARTESIAN_POINT('',(5.167897085405,-3.940121605922,6.348367901595));
#13423=CARTESIAN_POINT('Origin',(5.167897085405,-3.940121605922,6.348367901595));
#13424=CARTESIAN_POINT('',(5.167897085405,-3.939121605922,6.087042078627));
#13425=CARTESIAN_POINT('',(5.167897085405,-3.939121605922,6.348367901595));
#13426=CARTESIAN_POINT('',(5.167897085405,-3.940121605922,6.087042078627));
#13427=CARTESIAN_POINT('Origin',(5.167897085405,-3.940121605922,6.087042078627));
#13428=CARTESIAN_POINT('',(5.217112293444,-3.939121605922,6.087042078627));
#13429=CARTESIAN_POINT('',(5.167897085405,-3.939121605922,6.087042078627));
#13430=CARTESIAN_POINT('',(5.217112293444,-3.940121605922,6.087042078627));
#13431=CARTESIAN_POINT('Ctrl Pts',(5.217112293444,-3.940121605922,6.087042078627));
#13432=CARTESIAN_POINT('Ctrl Pts',(5.217112293444,-3.938921605922,6.087042078627));
#13433=CARTESIAN_POINT('Ctrl Pts',(5.260175600477,-3.940121605922,6.087042078627));
#13434=CARTESIAN_POINT('Ctrl Pts',(5.260175600477,-3.938921605922,6.087042078627));
#13435=CARTESIAN_POINT('Ctrl Pts',(5.293794439772,-3.940121605922,6.098826001679));
#13436=CARTESIAN_POINT('Ctrl Pts',(5.293794439772,-3.938921605922,6.098826001679));
#13437=CARTESIAN_POINT('Ctrl Pts',(5.317882164834,-3.940121605922,6.122393847781));
#13438=CARTESIAN_POINT('Ctrl Pts',(5.317882164834,-3.938921605922,6.122393847781));
#13439=CARTESIAN_POINT('',(5.317882164834,-3.939121605922,6.122393847781));
#13440=CARTESIAN_POINT('Origin',(-5.35860272734628,-3.939121605922,19.2823662830741));
#13441=CARTESIAN_POINT('',(5.317882164834,-3.940121605922,6.122393847781));
#13442=CARTESIAN_POINT('Ctrl Pts',(5.317882164834,-3.940121605922,6.122393847781));
#13443=CARTESIAN_POINT('Ctrl Pts',(5.317882164834,-3.938921605922,6.122393847781));
#13444=CARTESIAN_POINT('Ctrl Pts',(5.342056536389,-3.940121605922,6.145788400899));
#13445=CARTESIAN_POINT('Ctrl Pts',(5.342056536389,-3.938921605922,6.145788400899));
#13446=CARTESIAN_POINT('Ctrl Pts',(5.354100398919,-3.940121605922,6.178714068249));
#13447=CARTESIAN_POINT('Ctrl Pts',(5.354100398919,-3.938921605922,6.178714068249));
#13448=CARTESIAN_POINT('Ctrl Pts',(5.354100398919,-3.940121605922,6.220997556846));
#13449=CARTESIAN_POINT('Ctrl Pts',(5.354100398919,-3.938921605922,6.220997556846));
#13450=CARTESIAN_POINT('',(5.354100398919,-3.939121605922,6.220997556846));
#13451=CARTESIAN_POINT('Origin',(-5.62165517942026,-3.939121605922,14.7954378855664));
#13452=CARTESIAN_POINT('',(5.354100398919,-3.940121605922,6.220997556846));
#13453=CARTESIAN_POINT('Ctrl Pts',(5.354100398919,-3.940121605922,6.220997556846));
#13454=CARTESIAN_POINT('Ctrl Pts',(5.354100398919,-3.938921605922,6.220997556846));
#13455=CARTESIAN_POINT('Ctrl Pts',(5.354100398919,-3.940121605922,6.263281045443));
#13456=CARTESIAN_POINT('Ctrl Pts',(5.354100398919,-3.938921605922,6.263281045443));
#13457=CARTESIAN_POINT('Ctrl Pts',(5.341709950415,-3.940121605922,6.295166954878));
#13458=CARTESIAN_POINT('Ctrl Pts',(5.341709950415,-3.938921605922,6.295166954878));
#13459=CARTESIAN_POINT('Ctrl Pts',(5.31692905341,-3.940121605922,6.316481992161));
#13460=CARTESIAN_POINT('Ctrl Pts',(5.31692905341,-3.938921605922,6.316481992161));
#13461=CARTESIAN_POINT('',(5.31692905341,-3.939121605922,6.316481992161));
#13462=CARTESIAN_POINT('Origin',(-1.46713324565537,-3.939121605922,0.496783857851042));
#13463=CARTESIAN_POINT('',(5.31692905341,-3.940121605922,6.316481992161));
#13464=CARTESIAN_POINT('Ctrl Pts',(5.31692905341,-3.940121605922,6.316481992161));
#13465=CARTESIAN_POINT('Ctrl Pts',(5.31692905341,-3.938921605922,6.316481992161));
#13466=CARTESIAN_POINT('Ctrl Pts',(5.292148156402,-3.940121605922,6.337797029447));
#13467=CARTESIAN_POINT('Ctrl Pts',(5.292148156402,-3.938921605922,6.337797029447));
#13468=CARTESIAN_POINT('Ctrl Pts',(5.259482428531,-3.940121605922,6.348367901595));
#13469=CARTESIAN_POINT('Ctrl Pts',(5.259482428531,-3.938921605922,6.348367901595));
#13470=CARTESIAN_POINT('Ctrl Pts',(5.219105162781,-3.940121605922,6.348367901595));
#13471=CARTESIAN_POINT('Ctrl Pts',(5.219105162781,-3.938921605922,6.348367901595));
#13472=CARTESIAN_POINT('Origin',(-11.0490368981443,-3.939121605922,-15.6364883971803));
#13473=CARTESIAN_POINT('Origin',(-0.565886461046,-3.939121605922,12.973235144876));
#13474=CARTESIAN_POINT('Origin',(-7.067013434631E-14,-3.940121605922,-2.691895617191E-14));
#13475=CARTESIAN_POINT('',(5.723907631155,-3.940121605922,6.048397742738));
#13476=CARTESIAN_POINT('',(5.594804356545,-3.940121605922,6.387358823457));
#13477=CARTESIAN_POINT('',(5.594804356545,-3.940121605922,6.387358823457));
#13478=CARTESIAN_POINT('',(5.548015250311,-3.940121605922,6.387358823457));
#13479=CARTESIAN_POINT('',(5.548015250311,-3.940121605922,6.387358823457));
#13480=CARTESIAN_POINT('',(5.418911975703,-3.940121605922,6.048397742738));
#13481=CARTESIAN_POINT('',(5.418911975703,-3.940121605922,6.048397742738));
#13482=CARTESIAN_POINT('',(5.46726071881,-3.940121605922,6.048397742738));
#13483=CARTESIAN_POINT('',(5.46726071881,-3.940121605922,6.048397742738));
#13484=CARTESIAN_POINT('',(5.499839800188,-3.940121605922,6.141109490277));
#13485=CARTESIAN_POINT('',(5.499839800188,-3.940121605922,6.141109490277));
#13486=CARTESIAN_POINT('',(5.640986937329,-3.940121605922,6.141109490277));
#13487=CARTESIAN_POINT('',(5.640986937329,-3.940121605922,6.141109490277));
#13488=CARTESIAN_POINT('',(5.675558888046,-3.940121605922,6.048397742738));
#13489=CARTESIAN_POINT('',(5.675558888046,-3.940121605922,6.048397742738));
#13490=CARTESIAN_POINT('',(5.723907631155,-3.940121605922,6.048397742738));
#13491=CARTESIAN_POINT('',(5.513703239072,-3.940121605922,6.179407240195));
#13492=CARTESIAN_POINT('',(5.627470084416,-3.940121605922,6.179407240195));
#13493=CARTESIAN_POINT('',(5.513703239072,-3.940121605922,6.179407240195));
#13494=CARTESIAN_POINT('',(5.564391437493,-3.940121605922,6.320294437854));
#13495=CARTESIAN_POINT('',(5.564391437493,-3.940121605922,6.320294437854));
#13496=CARTESIAN_POINT('',(5.569936813047,-3.940121605922,6.344035576944));
#13497=CARTESIAN_POINT('Ctrl Pts',(5.569936813047,-3.940121605922,6.344035576944));
#13498=CARTESIAN_POINT('Ctrl Pts',(5.568290529679,-3.940121605922,6.333811290767));
#13499=CARTESIAN_POINT('Ctrl Pts',(5.566470953325,-3.940121605922,6.325839813409));
#13500=CARTESIAN_POINT('Ctrl Pts',(5.564391437493,-3.940121605922,6.320294437854));
#13501=CARTESIAN_POINT('',(5.570976570962,-3.940121605922,6.344035576944));
#13502=CARTESIAN_POINT('',(5.570976570962,-3.940121605922,6.344035576944));
#13503=CARTESIAN_POINT('',(5.576262007038,-3.940121605922,6.320294437854));
#13504=CARTESIAN_POINT('Ctrl Pts',(5.576262007038,-3.940121605922,6.320294437854));
#13505=CARTESIAN_POINT('Ctrl Pts',(5.57461572367,-3.940121605922,6.324973348477));
#13506=CARTESIAN_POINT('Ctrl Pts',(5.572882793809,-3.940121605922,6.33277153285));
#13507=CARTESIAN_POINT('Ctrl Pts',(5.570976570962,-3.940121605922,6.344035576944));
#13508=CARTESIAN_POINT('',(5.627470084416,-3.940121605922,6.179407240195));
#13509=CARTESIAN_POINT('Origin',(5.594804356545,-3.940121605922,6.387358823457));
#13510=CARTESIAN_POINT('',(5.594804356545,-3.940121605922,6.387358823457));
#13511=CARTESIAN_POINT('',(5.723907631155,-3.940121605922,6.048397742738));
#13512=CARTESIAN_POINT('Origin',(5.548015250311,-3.940121605922,6.387358823457));
#13513=CARTESIAN_POINT('',(5.548015250311,-3.940121605922,6.387358823457));
#13514=CARTESIAN_POINT('Origin',(5.418911975703,-3.940121605922,6.048397742738));
#13515=CARTESIAN_POINT('',(5.418911975703,-3.940121605922,6.048397742738));
#13516=CARTESIAN_POINT('Origin',(5.46726071881,-3.940121605922,6.048397742738));
#13517=CARTESIAN_POINT('',(5.46726071881,-3.940121605922,6.048397742738));
#13518=CARTESIAN_POINT('Origin',(5.499839800188,-3.940121605922,6.141109490277));
#13519=CARTESIAN_POINT('',(5.499839800188,-3.940121605922,6.141109490277));
#13520=CARTESIAN_POINT('Origin',(5.640986937329,-3.940121605922,6.141109490277));
#13521=CARTESIAN_POINT('',(5.640986937329,-3.940121605922,6.141109490277));
#13522=CARTESIAN_POINT('Origin',(5.675558888046,-3.940121605922,6.048397742738));
#13523=CARTESIAN_POINT('',(5.675558888046,-3.940121605922,6.048397742738));
#13524=CARTESIAN_POINT('Origin',(5.723907631155,-3.940121605922,6.048397742738));
#13525=CARTESIAN_POINT('Origin',(5.513703239072,-3.940121605922,6.179407240195));
#13526=CARTESIAN_POINT('',(5.513703239072,-3.939121605922,6.179407240195));
#13527=CARTESIAN_POINT('',(5.627470084416,-3.939121605922,6.179407240195));
#13528=CARTESIAN_POINT('',(5.513703239072,-3.939121605922,6.179407240195));
#13529=CARTESIAN_POINT('',(5.513703239072,-3.940121605922,6.179407240195));
#13530=CARTESIAN_POINT('',(5.627470084416,-3.940121605922,6.179407240195));
#13531=CARTESIAN_POINT('Origin',(5.627470084416,-3.940121605922,6.179407240195));
#13532=CARTESIAN_POINT('',(5.576262007038,-3.939121605922,6.320294437854));
#13533=CARTESIAN_POINT('',(5.627470084416,-3.939121605922,6.179407240195));
#13534=CARTESIAN_POINT('',(5.576262007038,-3.940121605922,6.320294437854));
#13535=CARTESIAN_POINT('Ctrl Pts',(5.576262007038,-3.940121605922,6.320294437854));
#13536=CARTESIAN_POINT('Ctrl Pts',(5.576262007038,-3.938921605922,6.320294437854));
#13537=CARTESIAN_POINT('Ctrl Pts',(5.57461572367,-3.940121605922,6.324973348477));
#13538=CARTESIAN_POINT('Ctrl Pts',(5.57461572367,-3.938921605922,6.324973348477));
#13539=CARTESIAN_POINT('Ctrl Pts',(5.572882793809,-3.940121605922,6.33277153285));
#13540=CARTESIAN_POINT('Ctrl Pts',(5.572882793809,-3.938921605922,6.33277153285));
#13541=CARTESIAN_POINT('Ctrl Pts',(5.570976570962,-3.940121605922,6.344035576944));
#13542=CARTESIAN_POINT('Ctrl Pts',(5.570976570962,-3.938921605922,6.344035576944));
#13543=CARTESIAN_POINT('',(5.570976570962,-3.939121605922,6.344035576944));
#13544=CARTESIAN_POINT('Ctrl Pts',(5.576262007038,-3.939121605922,6.320294437854));
#13545=CARTESIAN_POINT('Ctrl Pts',(5.57461572367,-3.939121605922,6.324973348477));
#13546=CARTESIAN_POINT('Ctrl Pts',(5.572882793809,-3.939121605922,6.33277153285));
#13547=CARTESIAN_POINT('Ctrl Pts',(5.570976570962,-3.939121605922,6.344035576944));
#13548=CARTESIAN_POINT('',(5.570976570962,-3.940121605922,6.344035576944));
#13549=CARTESIAN_POINT('Origin',(5.570976570962,-3.940121605922,6.344035576944));
#13550=CARTESIAN_POINT('',(5.569936813047,-3.939121605922,6.344035576944));
#13551=CARTESIAN_POINT('',(5.570976570962,-3.939121605922,6.344035576944));
#13552=CARTESIAN_POINT('',(5.569936813047,-3.940121605922,6.344035576944));
#13553=CARTESIAN_POINT('Ctrl Pts',(5.569936813047,-3.940121605922,6.344035576944));
#13554=CARTESIAN_POINT('Ctrl Pts',(5.569936813047,-3.938921605922,6.344035576944));
#13555=CARTESIAN_POINT('Ctrl Pts',(5.568290529679,-3.940121605922,6.333811290767));
#13556=CARTESIAN_POINT('Ctrl Pts',(5.568290529679,-3.938921605922,6.333811290767));
#13557=CARTESIAN_POINT('Ctrl Pts',(5.566470953325,-3.940121605922,6.325839813409));
#13558=CARTESIAN_POINT('Ctrl Pts',(5.566470953325,-3.938921605922,6.325839813409));
#13559=CARTESIAN_POINT('Ctrl Pts',(5.564391437493,-3.940121605922,6.320294437854));
#13560=CARTESIAN_POINT('Ctrl Pts',(5.564391437493,-3.938921605922,6.320294437854));
#13561=CARTESIAN_POINT('',(5.564391437493,-3.939121605922,6.320294437854));
#13562=CARTESIAN_POINT('Ctrl Pts',(5.569936813047,-3.939121605922,6.344035576944));
#13563=CARTESIAN_POINT('Ctrl Pts',(5.568290529679,-3.939121605922,6.333811290767));
#13564=CARTESIAN_POINT('Ctrl Pts',(5.566470953325,-3.939121605922,6.325839813409));
#13565=CARTESIAN_POINT('Ctrl Pts',(5.564391437493,-3.939121605922,6.320294437854));
#13566=CARTESIAN_POINT('',(5.564391437493,-3.940121605922,6.320294437854));
#13567=CARTESIAN_POINT('Origin',(5.564391437493,-3.940121605922,6.320294437854));
#13568=CARTESIAN_POINT('',(5.564391437493,-3.939121605922,6.320294437854));
#13569=CARTESIAN_POINT('Origin',(-0.565886461046,-3.939121605922,12.973235144876));
#13570=CARTESIAN_POINT('Origin',(4.545861911967,-3.940121605922,5.549313942906));
#13571=CARTESIAN_POINT('',(4.545861911967,-3.940121605922,5.549313942906));
#13572=CARTESIAN_POINT('',(4.545861911967,-3.940121605922,5.549313942906));
#13573=CARTESIAN_POINT('',(4.545861911967,-3.940121605922,5.510669607016));
#13574=CARTESIAN_POINT('',(4.545861911967,-3.940121605922,5.549313942906));
#13575=CARTESIAN_POINT('',(4.545861911967,-3.940121605922,5.510669607016));
#13576=CARTESIAN_POINT('Origin',(4.407314169617,-3.940121605922,5.549313942906));
#13577=CARTESIAN_POINT('',(4.407314169617,-3.940121605922,5.549313942906));
#13578=CARTESIAN_POINT('',(4.407314169617,-3.940121605922,5.549313942906));
#13579=CARTESIAN_POINT('',(4.407314169617,-3.940121605922,5.549313942906));
#13580=CARTESIAN_POINT('Origin',(4.407314169617,-3.940121605922,5.663340727728));
#13581=CARTESIAN_POINT('',(4.407314169617,-3.940121605922,5.663340727728));
#13582=CARTESIAN_POINT('',(4.407314169617,-3.940121605922,5.663340727728));
#13583=CARTESIAN_POINT('',(4.407314169617,-3.940121605922,5.663340727728));
#13584=CARTESIAN_POINT('Origin',(4.528532613362,-3.940121605922,5.663340727728));
#13585=CARTESIAN_POINT('',(4.528532613362,-3.940121605922,5.663340727728));
#13586=CARTESIAN_POINT('',(4.528532613362,-3.940121605922,5.663340727728));
#13587=CARTESIAN_POINT('',(4.528532613362,-3.940121605922,5.663340727728));
#13588=CARTESIAN_POINT('Origin',(4.528532613362,-3.940121605922,5.702158356604));
#13589=CARTESIAN_POINT('',(4.528532613362,-3.940121605922,5.702158356604));
#13590=CARTESIAN_POINT('',(4.528532613362,-3.940121605922,5.702158356604));
#13591=CARTESIAN_POINT('',(4.528532613362,-3.940121605922,5.702158356604));
#13592=CARTESIAN_POINT('Origin',(4.407314169617,-3.940121605922,5.702158356604));
#13593=CARTESIAN_POINT('',(4.407314169617,-3.940121605922,5.702158356604));
#13594=CARTESIAN_POINT('',(4.407314169617,-3.940121605922,5.702158356604));
#13595=CARTESIAN_POINT('',(4.407314169617,-3.940121605922,5.702158356604));
#13596=CARTESIAN_POINT('Origin',(4.407314169617,-3.940121605922,5.810639765874));
#13597=CARTESIAN_POINT('',(4.407314169617,-3.940121605922,5.810639765874));
#13598=CARTESIAN_POINT('',(4.407314169617,-3.940121605922,5.810639765874));
#13599=CARTESIAN_POINT('',(4.407314169617,-3.940121605922,5.810639765874));
#13600=CARTESIAN_POINT('Origin',(4.538150374087,-3.940121605922,5.810639765874));
#13601=CARTESIAN_POINT('',(4.538150374087,-3.940121605922,5.810639765874));
#13602=CARTESIAN_POINT('',(4.538150374087,-3.940121605922,5.810639765874));
#13603=CARTESIAN_POINT('',(4.538150374087,-3.940121605922,5.810639765874));
#13604=CARTESIAN_POINT('Origin',(4.538150374087,-3.940121605922,5.849630687735));
#13605=CARTESIAN_POINT('',(4.538150374087,-3.940121605922,5.849630687735));
#13606=CARTESIAN_POINT('',(4.538150374087,-3.940121605922,5.849630687735));
#13607=CARTESIAN_POINT('',(4.538150374087,-3.940121605922,5.849630687735));
#13608=CARTESIAN_POINT('Origin',(4.363557690639,-3.940121605922,5.849630687735));
#13609=CARTESIAN_POINT('',(4.363557690639,-3.940121605922,5.849630687735));
#13610=CARTESIAN_POINT('',(4.363557690639,-3.940121605922,5.849630687735));
#13611=CARTESIAN_POINT('',(4.363557690639,-3.940121605922,5.849630687735));
#13612=CARTESIAN_POINT('Origin',(4.363557690639,-3.940121605922,5.510669607016));
#13613=CARTESIAN_POINT('',(4.363557690639,-3.940121605922,5.510669607016));
#13614=CARTESIAN_POINT('',(4.363557690639,-3.940121605922,5.510669607016));
#13615=CARTESIAN_POINT('',(4.363557690639,-3.940121605922,5.510669607016));
#13616=CARTESIAN_POINT('Origin',(4.545861911967,-3.940121605922,5.510669607016));
#13617=CARTESIAN_POINT('',(4.545861911967,-3.940121605922,5.510669607016));
#13618=CARTESIAN_POINT('Origin',(-1.874493003594E-14,-3.940121605922,-3.491481338843E-18));
#13619=CARTESIAN_POINT('Origin',(4.649003731104,-3.940121605922,5.752694923662));
#13620=CARTESIAN_POINT('',(4.693507536084,-3.940121605922,5.758305284086));
#13621=CARTESIAN_POINT('',(4.610153609792,-3.940121605922,5.735777195899));
#13622=CARTESIAN_POINT('Ctrl Pts',(4.693507536084,-3.940121605922,5.758305284086));
#13623=CARTESIAN_POINT('Ctrl Pts',(4.661968212623,-3.940121605922,5.758305284086));
#13624=CARTESIAN_POINT('Ctrl Pts',(4.634154688361,-3.940121605922,5.750853685685));
#13625=CARTESIAN_POINT('Ctrl Pts',(4.610153609792,-3.940121605922,5.735777195899));
#13626=CARTESIAN_POINT('',(4.610153609792,-3.940121605922,5.694533465217));
#13627=CARTESIAN_POINT('',(4.610153609792,-3.940121605922,5.694533465217));
#13628=CARTESIAN_POINT('',(4.689521797405,-3.940121605922,5.723819979861));
#13629=CARTESIAN_POINT('Ctrl Pts',(4.610153609792,-3.940121605922,5.694533465217));
#13630=CARTESIAN_POINT('Ctrl Pts',(4.634068041868,-3.940121605922,5.713942279656));
#13631=CARTESIAN_POINT('Ctrl Pts',(4.660495222241,-3.940121605922,5.723819979861));
#13632=CARTESIAN_POINT('Ctrl Pts',(4.689521797405,-3.940121605922,5.723819979861));
#13633=CARTESIAN_POINT('',(4.738563712458,-3.940121605922,5.664553778632));
#13634=CARTESIAN_POINT('Origin',(-9.1529487909565,-3.940121605922,-11.0637955420842));
#13635=CARTESIAN_POINT('',(4.666820416232,-3.940121605922,5.65450278544));
#13636=CARTESIAN_POINT('',(4.666820416232,-3.940121605922,5.65450278544));
#13637=CARTESIAN_POINT('',(4.586499117196,-3.940121605922,5.5754811838));
#13638=CARTESIAN_POINT('Ctrl Pts',(4.666820416232,-3.940121605922,5.65450278544));
#13639=CARTESIAN_POINT('Ctrl Pts',(4.613272883542,-3.940121605922,5.647051187039));
#13640=CARTESIAN_POINT('Ctrl Pts',(4.586499117196,-3.940121605922,5.620710653159));
#13641=CARTESIAN_POINT('Ctrl Pts',(4.586499117196,-3.940121605922,5.5754811838));
#13642=CARTESIAN_POINT('',(4.607294275523,-3.940121605922,5.524013166941));
#13643=CARTESIAN_POINT('Ctrl Pts',(4.586499117196,-3.940121605922,5.5754811838));
#13644=CARTESIAN_POINT('Ctrl Pts',(4.586499117196,-3.940121605922,5.553819560543));
#13645=CARTESIAN_POINT('Ctrl Pts',(4.593430836639,-3.940121605922,5.536663554922));
#13646=CARTESIAN_POINT('Ctrl Pts',(4.607294275523,-3.940121605922,5.524013166941));
#13647=CARTESIAN_POINT('',(4.663267910018,-3.940121605922,5.504950938476));
#13648=CARTESIAN_POINT('Origin',(10.5945402476702,-3.940121605922,13.5180253759021));
#13649=CARTESIAN_POINT('',(4.737437308048,-3.940121605922,5.548100892003));
#13650=CARTESIAN_POINT('Origin',(1.30699912612847,-3.940121605922,11.6271900578918));
#13651=CARTESIAN_POINT('',(4.738563712458,-3.940121605922,5.548100892003));
#13652=CARTESIAN_POINT('',(4.738563712458,-3.940121605922,5.548100892003));
#13653=CARTESIAN_POINT('',(4.738563712458,-3.940121605922,5.510669607016));
#13654=CARTESIAN_POINT('',(4.738563712458,-3.940121605922,5.510669607016));
#13655=CARTESIAN_POINT('',(4.781020494041,-3.940121605922,5.510669607016));
#13656=CARTESIAN_POINT('',(4.781020494041,-3.940121605922,5.510669607016));
#13657=CARTESIAN_POINT('',(4.781020494041,-3.940121605922,5.666460001476));
#13658=CARTESIAN_POINT('',(4.781020494041,-3.940121605922,5.666460001476));
#13659=CARTESIAN_POINT('Ctrl Pts',(4.781020494041,-3.940121605922,5.666460001476));
#13660=CARTESIAN_POINT('Ctrl Pts',(4.781020494041,-3.940121605922,5.72780571854));
#13661=CARTESIAN_POINT('Ctrl Pts',(4.751820625891,-3.940121605922,5.758305284086));
#13662=CARTESIAN_POINT('Ctrl Pts',(4.693507536084,-3.940121605922,5.758305284086));
#13663=CARTESIAN_POINT('',(4.640826468324,-3.940121605922,5.609619902051));
#13664=CARTESIAN_POINT('',(4.629562424231,-3.940121605922,5.57894704352));
#13665=CARTESIAN_POINT('Origin',(5.46727126230778,-3.940121605922,4.95395979430266));
#13666=CARTESIAN_POINT('',(4.681896906018,-3.940121605922,5.624523098853));
#13667=CARTESIAN_POINT('Ctrl Pts',(4.681896906018,-3.940121605922,5.624523098853));
#13668=CARTESIAN_POINT('Ctrl Pts',(4.662054859116,-3.940121605922,5.621750411074));
#13669=CARTESIAN_POINT('Ctrl Pts',(4.648364713217,-3.940121605922,5.616898207466));
#13670=CARTESIAN_POINT('Ctrl Pts',(4.640826468324,-3.940121605922,5.609619902051));
#13671=CARTESIAN_POINT('',(4.738563712458,-3.940121605922,5.63214799024));
#13672=CARTESIAN_POINT('',(4.738563712458,-3.940121605922,5.63214799024));
#13673=CARTESIAN_POINT('',(4.738563712458,-3.940121605922,5.608926730107));
#13674=CARTESIAN_POINT('',(4.738563712458,-3.940121605922,5.608926730107));
#13675=CARTESIAN_POINT('',(4.720367948922,-3.940121605922,5.559538229083));
#13676=CARTESIAN_POINT('Ctrl Pts',(4.720367948922,-3.940121605922,5.559538229083));
#13677=CARTESIAN_POINT('Ctrl Pts',(4.732498457946,-3.940121605922,5.572535203036));
#13678=CARTESIAN_POINT('Ctrl Pts',(4.738563712458,-3.940121605922,5.588998036711));
#13679=CARTESIAN_POINT('Ctrl Pts',(4.738563712458,-3.940121605922,5.608926730107));
#13680=CARTESIAN_POINT('',(4.674272014633,-3.940121605922,5.539782828672));
#13681=CARTESIAN_POINT('Origin',(3.89385352270856,-3.940121605922,7.14259596867032));
#13682=CARTESIAN_POINT('',(4.641866226241,-3.940121605922,5.550700286793));
#13683=CARTESIAN_POINT('Origin',(5.58482225777612,-3.940121605922,6.81448207819216));
#13684=CARTESIAN_POINT('Ctrl Pts',(4.629562424231,-3.940121605922,5.57894704352));
#13685=CARTESIAN_POINT('Ctrl Pts',(4.629562424231,-3.940121605922,5.567336413456));
#13686=CARTESIAN_POINT('Ctrl Pts',(4.633634809403,-3.940121605922,5.557978592208));
#13687=CARTESIAN_POINT('Ctrl Pts',(4.641866226241,-3.940121605922,5.550700286793));
#13688=CARTESIAN_POINT('Ctrl Pts',(4.693507536084,-3.940121605922,5.758305284086));
#13689=CARTESIAN_POINT('Ctrl Pts',(4.693507536084,-3.938921605922,5.758305284086));
#13690=CARTESIAN_POINT('Ctrl Pts',(4.661968212623,-3.940121605922,5.758305284086));
#13691=CARTESIAN_POINT('Ctrl Pts',(4.661968212623,-3.938921605922,5.758305284086));
#13692=CARTESIAN_POINT('Ctrl Pts',(4.634154688361,-3.940121605922,5.750853685685));
#13693=CARTESIAN_POINT('Ctrl Pts',(4.634154688361,-3.938921605922,5.750853685685));
#13694=CARTESIAN_POINT('Ctrl Pts',(4.610153609792,-3.940121605922,5.735777195899));
#13695=CARTESIAN_POINT('Ctrl Pts',(4.610153609792,-3.938921605922,5.735777195899));
#13696=CARTESIAN_POINT('',(4.610153609792,-3.940121605922,5.735777195899));
#13697=CARTESIAN_POINT('',(4.693507536084,-3.940121605922,5.758305284086));
#13698=CARTESIAN_POINT('Origin',(4.610153609792,-3.940121605922,5.694533465217));
#13699=CARTESIAN_POINT('',(4.610153609792,-3.940121605922,5.694533465217));
#13700=CARTESIAN_POINT('Ctrl Pts',(4.610153609792,-3.940121605922,5.694533465217));
#13701=CARTESIAN_POINT('Ctrl Pts',(4.610153609792,-3.938921605922,5.694533465217));
#13702=CARTESIAN_POINT('Ctrl Pts',(4.634068041868,-3.940121605922,5.713942279656));
#13703=CARTESIAN_POINT('Ctrl Pts',(4.634068041868,-3.938921605922,5.713942279656));
#13704=CARTESIAN_POINT('Ctrl Pts',(4.660495222241,-3.940121605922,5.723819979861));
#13705=CARTESIAN_POINT('Ctrl Pts',(4.660495222241,-3.938921605922,5.723819979861));
#13706=CARTESIAN_POINT('Ctrl Pts',(4.689521797405,-3.940121605922,5.723819979861));
#13707=CARTESIAN_POINT('Ctrl Pts',(4.689521797405,-3.938921605922,5.723819979861));
#13708=CARTESIAN_POINT('',(4.689521797405,-3.940121605922,5.723819979861));
#13709=CARTESIAN_POINT('Ctrl Pts',(4.689521797405,-3.940121605922,5.723819979861));
#13710=CARTESIAN_POINT('Ctrl Pts',(4.689521797405,-3.938921605922,5.723819979861));
#13711=CARTESIAN_POINT('Ctrl Pts',(4.722187525276,-3.940121605922,5.723819979861));
#13712=CARTESIAN_POINT('Ctrl Pts',(4.722187525276,-3.938921605922,5.723819979861));
#13713=CARTESIAN_POINT('Ctrl Pts',(4.738563712458,-3.940121605922,5.70406457945));
#13714=CARTESIAN_POINT('Ctrl Pts',(4.738563712458,-3.938921605922,5.70406457945));
#13715=CARTESIAN_POINT('Ctrl Pts',(4.738563712458,-3.940121605922,5.664553778632));
#13716=CARTESIAN_POINT('Ctrl Pts',(4.738563712458,-3.938921605922,5.664553778632));
#13717=CARTESIAN_POINT('',(4.738563712458,-3.940121605922,5.664553778632));
#13718=CARTESIAN_POINT('Origin',(4.666820416232,-3.940121605922,5.65450278544));
#13719=CARTESIAN_POINT('',(4.666820416232,-3.940121605922,5.65450278544));
#13720=CARTESIAN_POINT('Ctrl Pts',(4.666820416232,-3.940121605922,5.65450278544));
#13721=CARTESIAN_POINT('Ctrl Pts',(4.666820416232,-3.938921605922,5.65450278544));
#13722=CARTESIAN_POINT('Ctrl Pts',(4.613272883542,-3.940121605922,5.647051187039));
#13723=CARTESIAN_POINT('Ctrl Pts',(4.613272883542,-3.938921605922,5.647051187039));
#13724=CARTESIAN_POINT('Ctrl Pts',(4.586499117196,-3.940121605922,5.620710653159));
#13725=CARTESIAN_POINT('Ctrl Pts',(4.586499117196,-3.938921605922,5.620710653159));
#13726=CARTESIAN_POINT('Ctrl Pts',(4.586499117196,-3.940121605922,5.5754811838));
#13727=CARTESIAN_POINT('Ctrl Pts',(4.586499117196,-3.938921605922,5.5754811838));
#13728=CARTESIAN_POINT('',(4.586499117196,-3.940121605922,5.5754811838));
#13729=CARTESIAN_POINT('Ctrl Pts',(4.586499117196,-3.940121605922,5.5754811838));
#13730=CARTESIAN_POINT('Ctrl Pts',(4.586499117196,-3.938921605922,5.5754811838));
#13731=CARTESIAN_POINT('Ctrl Pts',(4.586499117196,-3.940121605922,5.553819560543));
#13732=CARTESIAN_POINT('Ctrl Pts',(4.586499117196,-3.938921605922,5.553819560543));
#13733=CARTESIAN_POINT('Ctrl Pts',(4.593430836639,-3.940121605922,5.536663554922));
#13734=CARTESIAN_POINT('Ctrl Pts',(4.593430836639,-3.938921605922,5.536663554922));
#13735=CARTESIAN_POINT('Ctrl Pts',(4.607294275523,-3.940121605922,5.524013166941));
#13736=CARTESIAN_POINT('Ctrl Pts',(4.607294275523,-3.938921605922,5.524013166941));
#13737=CARTESIAN_POINT('',(4.607294275523,-3.940121605922,5.524013166941));
#13738=CARTESIAN_POINT('Ctrl Pts',(4.607294275523,-3.940121605922,5.524013166941));
#13739=CARTESIAN_POINT('Ctrl Pts',(4.607294275523,-3.938921605922,5.524013166941));
#13740=CARTESIAN_POINT('Ctrl Pts',(4.621157714407,-3.940121605922,5.51136277896));
#13741=CARTESIAN_POINT('Ctrl Pts',(4.621157714407,-3.938921605922,5.51136277896));
#13742=CARTESIAN_POINT('Ctrl Pts',(4.639786710408,-3.940121605922,5.504950938476));
#13743=CARTESIAN_POINT('Ctrl Pts',(4.639786710408,-3.938921605922,5.504950938476));
#13744=CARTESIAN_POINT('Ctrl Pts',(4.663267910018,-3.940121605922,5.504950938476));
#13745=CARTESIAN_POINT('Ctrl Pts',(4.663267910018,-3.938921605922,5.504950938476));
#13746=CARTESIAN_POINT('',(4.663267910018,-3.940121605922,5.504950938476));
#13747=CARTESIAN_POINT('Ctrl Pts',(4.663267910018,-3.940121605922,5.504950938476));
#13748=CARTESIAN_POINT('Ctrl Pts',(4.663267910018,-3.938921605922,5.504950938476));
#13749=CARTESIAN_POINT('Ctrl Pts',(4.695933637889,-3.940121605922,5.504950938476));
#13750=CARTESIAN_POINT('Ctrl Pts',(4.695933637889,-3.938921605922,5.504950938476));
#13751=CARTESIAN_POINT('Ctrl Pts',(4.720714534895,-3.940121605922,5.519334256318));
#13752=CARTESIAN_POINT('Ctrl Pts',(4.720714534895,-3.938921605922,5.519334256318));
#13753=CARTESIAN_POINT('Ctrl Pts',(4.737437308048,-3.940121605922,5.548100892003));
#13754=CARTESIAN_POINT('Ctrl Pts',(4.737437308048,-3.938921605922,5.548100892003));
#13755=CARTESIAN_POINT('',(4.737437308048,-3.940121605922,5.548100892003));
#13756=CARTESIAN_POINT('Origin',(4.738563712458,-3.940121605922,5.548100892003));
#13757=CARTESIAN_POINT('',(4.738563712458,-3.940121605922,5.548100892003));
#13758=CARTESIAN_POINT('Origin',(4.738563712458,-3.940121605922,5.510669607016));
#13759=CARTESIAN_POINT('',(4.738563712458,-3.940121605922,5.510669607016));
#13760=CARTESIAN_POINT('Origin',(4.781020494041,-3.940121605922,5.510669607016));
#13761=CARTESIAN_POINT('',(4.781020494041,-3.940121605922,5.510669607016));
#13762=CARTESIAN_POINT('Origin',(4.781020494041,-3.940121605922,5.666460001476));
#13763=CARTESIAN_POINT('',(4.781020494041,-3.940121605922,5.666460001476));
#13764=CARTESIAN_POINT('Ctrl Pts',(4.781020494041,-3.940121605922,5.666460001476));
#13765=CARTESIAN_POINT('Ctrl Pts',(4.781020494041,-3.938921605922,5.666460001476));
#13766=CARTESIAN_POINT('Ctrl Pts',(4.781020494041,-3.940121605922,5.72780571854));
#13767=CARTESIAN_POINT('Ctrl Pts',(4.781020494041,-3.938921605922,5.72780571854));
#13768=CARTESIAN_POINT('Ctrl Pts',(4.751820625891,-3.940121605922,5.758305284086));
#13769=CARTESIAN_POINT('Ctrl Pts',(4.751820625891,-3.938921605922,5.758305284086));
#13770=CARTESIAN_POINT('Ctrl Pts',(4.693507536084,-3.940121605922,5.758305284086));
#13771=CARTESIAN_POINT('Ctrl Pts',(4.693507536084,-3.938921605922,5.758305284086));
#13772=CARTESIAN_POINT('Ctrl Pts',(4.681896906018,-3.940121605922,5.624523098853));
#13773=CARTESIAN_POINT('Ctrl Pts',(4.681896906018,-3.938921605922,5.624523098853));
#13774=CARTESIAN_POINT('Ctrl Pts',(4.662054859116,-3.940121605922,5.621750411074));
#13775=CARTESIAN_POINT('Ctrl Pts',(4.662054859116,-3.938921605922,5.621750411074));
#13776=CARTESIAN_POINT('Ctrl Pts',(4.648364713217,-3.940121605922,5.616898207466));
#13777=CARTESIAN_POINT('Ctrl Pts',(4.648364713217,-3.938921605922,5.616898207466));
#13778=CARTESIAN_POINT('Ctrl Pts',(4.640826468324,-3.940121605922,5.609619902051));
#13779=CARTESIAN_POINT('Ctrl Pts',(4.640826468324,-3.938921605922,5.609619902051));
#13780=CARTESIAN_POINT('',(4.681896906018,-3.939121605922,5.624523098853));
#13781=CARTESIAN_POINT('',(4.640826468324,-3.939121605922,5.609619902051));
#13782=CARTESIAN_POINT('Ctrl Pts',(4.681896906018,-3.939121605922,5.624523098853));
#13783=CARTESIAN_POINT('Ctrl Pts',(4.662054859116,-3.939121605922,5.621750411074));
#13784=CARTESIAN_POINT('Ctrl Pts',(4.648364713217,-3.939121605922,5.616898207466));
#13785=CARTESIAN_POINT('Ctrl Pts',(4.640826468324,-3.939121605922,5.609619902051));
#13786=CARTESIAN_POINT('',(4.681896906018,-3.940121605922,5.624523098853));
#13787=CARTESIAN_POINT('',(4.640826468324,-3.940121605922,5.609619902051));
#13788=CARTESIAN_POINT('Ctrl Pts',(4.640826468324,-3.940121605922,5.609619902051));
#13789=CARTESIAN_POINT('Ctrl Pts',(4.640826468324,-3.938921605922,5.609619902051));
#13790=CARTESIAN_POINT('Ctrl Pts',(4.633374869923,-3.940121605922,5.602341596638));
#13791=CARTESIAN_POINT('Ctrl Pts',(4.633374869923,-3.938921605922,5.602341596638));
#13792=CARTESIAN_POINT('Ctrl Pts',(4.629562424231,-3.940121605922,5.592117310461));
#13793=CARTESIAN_POINT('Ctrl Pts',(4.629562424231,-3.938921605922,5.592117310461));
#13794=CARTESIAN_POINT('Ctrl Pts',(4.629562424231,-3.940121605922,5.57894704352));
#13795=CARTESIAN_POINT('Ctrl Pts',(4.629562424231,-3.938921605922,5.57894704352));
#13796=CARTESIAN_POINT('',(4.629562424231,-3.939121605922,5.57894704352));
#13797=CARTESIAN_POINT('Origin',(5.46727126230778,-3.939121605922,4.95395979430266));
#13798=CARTESIAN_POINT('',(4.629562424231,-3.940121605922,5.57894704352));
#13799=CARTESIAN_POINT('Ctrl Pts',(4.629562424231,-3.940121605922,5.57894704352));
#13800=CARTESIAN_POINT('Ctrl Pts',(4.629562424231,-3.938921605922,5.57894704352));
#13801=CARTESIAN_POINT('Ctrl Pts',(4.629562424231,-3.940121605922,5.567336413456));
#13802=CARTESIAN_POINT('Ctrl Pts',(4.629562424231,-3.938921605922,5.567336413456));
#13803=CARTESIAN_POINT('Ctrl Pts',(4.633634809403,-3.940121605922,5.557978592208));
#13804=CARTESIAN_POINT('Ctrl Pts',(4.633634809403,-3.938921605922,5.557978592208));
#13805=CARTESIAN_POINT('Ctrl Pts',(4.641866226241,-3.940121605922,5.550700286793));
#13806=CARTESIAN_POINT('Ctrl Pts',(4.641866226241,-3.938921605922,5.550700286793));
#13807=CARTESIAN_POINT('',(4.641866226241,-3.939121605922,5.550700286793));
#13808=CARTESIAN_POINT('Ctrl Pts',(4.629562424231,-3.939121605922,5.57894704352));
#13809=CARTESIAN_POINT('Ctrl Pts',(4.629562424231,-3.939121605922,5.567336413456));
#13810=CARTESIAN_POINT('Ctrl Pts',(4.633634809403,-3.939121605922,5.557978592208));
#13811=CARTESIAN_POINT('Ctrl Pts',(4.641866226241,-3.939121605922,5.550700286793));
#13812=CARTESIAN_POINT('',(4.641866226241,-3.940121605922,5.550700286793));
#13813=CARTESIAN_POINT('Ctrl Pts',(4.641866226241,-3.940121605922,5.550700286793));
#13814=CARTESIAN_POINT('Ctrl Pts',(4.641866226241,-3.938921605922,5.550700286793));
#13815=CARTESIAN_POINT('Ctrl Pts',(4.650010996585,-3.940121605922,5.54342198138));
#13816=CARTESIAN_POINT('Ctrl Pts',(4.650010996585,-3.938921605922,5.54342198138));
#13817=CARTESIAN_POINT('Ctrl Pts',(4.660841808213,-3.940121605922,5.539782828672));
#13818=CARTESIAN_POINT('Ctrl Pts',(4.660841808213,-3.938921605922,5.539782828672));
#13819=CARTESIAN_POINT('Ctrl Pts',(4.674272014633,-3.940121605922,5.539782828672));
#13820=CARTESIAN_POINT('Ctrl Pts',(4.674272014633,-3.938921605922,5.539782828672));
#13821=CARTESIAN_POINT('',(4.674272014633,-3.939121605922,5.539782828672));
#13822=CARTESIAN_POINT('Origin',(5.58482225777612,-3.939121605922,6.81448207819216));
#13823=CARTESIAN_POINT('',(4.674272014633,-3.940121605922,5.539782828672));
#13824=CARTESIAN_POINT('Ctrl Pts',(4.674272014633,-3.940121605922,5.539782828672));
#13825=CARTESIAN_POINT('Ctrl Pts',(4.674272014633,-3.938921605922,5.539782828672));
#13826=CARTESIAN_POINT('Ctrl Pts',(4.692901010633,-3.940121605922,5.539782828672));
#13827=CARTESIAN_POINT('Ctrl Pts',(4.692901010633,-3.938921605922,5.539782828672));
#13828=CARTESIAN_POINT('Ctrl Pts',(4.708324086391,-3.940121605922,5.546367962142));
#13829=CARTESIAN_POINT('Ctrl Pts',(4.708324086391,-3.938921605922,5.546367962142));
#13830=CARTESIAN_POINT('Ctrl Pts',(4.720367948922,-3.940121605922,5.559538229083));
#13831=CARTESIAN_POINT('Ctrl Pts',(4.720367948922,-3.938921605922,5.559538229083));
#13832=CARTESIAN_POINT('',(4.720367948922,-3.939121605922,5.559538229083));
#13833=CARTESIAN_POINT('Origin',(3.89385352270856,-3.939121605922,7.14259596867032));
#13834=CARTESIAN_POINT('',(4.720367948922,-3.940121605922,5.559538229083));
#13835=CARTESIAN_POINT('Ctrl Pts',(4.720367948922,-3.940121605922,5.559538229083));
#13836=CARTESIAN_POINT('Ctrl Pts',(4.720367948922,-3.938921605922,5.559538229083));
#13837=CARTESIAN_POINT('Ctrl Pts',(4.732498457946,-3.940121605922,5.572535203036));
#13838=CARTESIAN_POINT('Ctrl Pts',(4.732498457946,-3.938921605922,5.572535203036));
#13839=CARTESIAN_POINT('Ctrl Pts',(4.738563712458,-3.940121605922,5.588998036711));
#13840=CARTESIAN_POINT('Ctrl Pts',(4.738563712458,-3.938921605922,5.588998036711));
#13841=CARTESIAN_POINT('Ctrl Pts',(4.738563712458,-3.940121605922,5.608926730107));
#13842=CARTESIAN_POINT('Ctrl Pts',(4.738563712458,-3.938921605922,5.608926730107));
#13843=CARTESIAN_POINT('',(4.738563712458,-3.939121605922,5.608926730107));
#13844=CARTESIAN_POINT('Ctrl Pts',(4.720367948922,-3.939121605922,5.559538229083));
#13845=CARTESIAN_POINT('Ctrl Pts',(4.732498457946,-3.939121605922,5.572535203036));
#13846=CARTESIAN_POINT('Ctrl Pts',(4.738563712458,-3.939121605922,5.588998036711));
#13847=CARTESIAN_POINT('Ctrl Pts',(4.738563712458,-3.939121605922,5.608926730107));
#13848=CARTESIAN_POINT('',(4.738563712458,-3.940121605922,5.608926730107));
#13849=CARTESIAN_POINT('Origin',(4.738563712458,-3.940121605922,5.608926730107));
#13850=CARTESIAN_POINT('',(4.738563712458,-3.939121605922,5.63214799024));
#13851=CARTESIAN_POINT('',(4.738563712458,-3.939121605922,5.608926730107));
#13852=CARTESIAN_POINT('',(4.738563712458,-3.940121605922,5.63214799024));
#13853=CARTESIAN_POINT('Origin',(4.738563712458,-3.940121605922,5.63214799024));
#13854=CARTESIAN_POINT('',(4.738563712458,-3.939121605922,5.63214799024));
#13855=CARTESIAN_POINT('Origin',(-0.565886461046,-3.939121605922,12.973235144876));
#13856=CARTESIAN_POINT('Ctrl Pts',(4.90839083879,-3.940121605922,5.539609535687));
#13857=CARTESIAN_POINT('Ctrl Pts',(4.90839083879,-3.938921605922,5.539609535687));
#13858=CARTESIAN_POINT('Ctrl Pts',(4.883436648798,-3.940121605922,5.539609535687));
#13859=CARTESIAN_POINT('Ctrl Pts',(4.883436648798,-3.938921605922,5.539609535687));
#13860=CARTESIAN_POINT('Ctrl Pts',(4.860215388667,-3.940121605922,5.547407720059));
#13861=CARTESIAN_POINT('Ctrl Pts',(4.860215388667,-3.938921605922,5.547407720059));
#13862=CARTESIAN_POINT('Ctrl Pts',(4.838553765411,-3.940121605922,5.563004088802));
#13863=CARTESIAN_POINT('Ctrl Pts',(4.838553765411,-3.938921605922,5.563004088802));
#13864=CARTESIAN_POINT('',(4.838553765411,-3.940121605922,5.563004088802));
#13865=CARTESIAN_POINT('',(4.838553765411,-3.940121605922,5.563004088802));
#13866=CARTESIAN_POINT('',(4.90839083879,-3.940121605922,5.539609535687));
#13867=CARTESIAN_POINT('Ctrl Pts',(4.90839083879,-3.940121605922,5.539609535687));
#13868=CARTESIAN_POINT('Ctrl Pts',(4.883436648798,-3.940121605922,5.539609535687));
#13869=CARTESIAN_POINT('Ctrl Pts',(4.860215388667,-3.940121605922,5.547407720059));
#13870=CARTESIAN_POINT('Ctrl Pts',(4.838553765411,-3.940121605922,5.563004088802));
#13871=CARTESIAN_POINT('',(4.90839083879,-3.940121605922,5.539609535687));
#13872=CARTESIAN_POINT('Origin',(4.838553765411,-3.940121605922,5.519160963333));
#13873=CARTESIAN_POINT('',(4.838553765411,-3.940121605922,5.519160963333));
#13874=CARTESIAN_POINT('',(4.838553765411,-3.940121605922,5.519160963333));
#13875=CARTESIAN_POINT('',(4.838553765411,-3.940121605922,5.519160963333));
#13876=CARTESIAN_POINT('Ctrl Pts',(4.838553765411,-3.940121605922,5.519160963333));
#13877=CARTESIAN_POINT('Ctrl Pts',(4.838553765411,-3.938921605922,5.519160963333));
#13878=CARTESIAN_POINT('Ctrl Pts',(4.857269407904,-3.940121605922,5.509803142085));
#13879=CARTESIAN_POINT('Ctrl Pts',(4.857269407904,-3.938921605922,5.509803142085));
#13880=CARTESIAN_POINT('Ctrl Pts',(4.879104324147,-3.940121605922,5.504950938476));
#13881=CARTESIAN_POINT('Ctrl Pts',(4.879104324147,-3.938921605922,5.504950938476));
#13882=CARTESIAN_POINT('Ctrl Pts',(4.904231807125,-3.940121605922,5.504950938476));
#13883=CARTESIAN_POINT('Ctrl Pts',(4.904231807125,-3.938921605922,5.504950938476));
#13884=CARTESIAN_POINT('',(4.904231807125,-3.940121605922,5.504950938476));
#13885=CARTESIAN_POINT('',(4.904231807125,-3.940121605922,5.504950938476));
#13886=CARTESIAN_POINT('Origin',(9.32119258396782,-3.940121605922,12.666827142898));
#13887=CARTESIAN_POINT('Ctrl Pts',(4.904231807125,-3.940121605922,5.504950938476));
#13888=CARTESIAN_POINT('Ctrl Pts',(4.904231807125,-3.938921605922,5.504950938476));
#13889=CARTESIAN_POINT('Ctrl Pts',(4.933085089302,-3.940121605922,5.504950938476));
#13890=CARTESIAN_POINT('Ctrl Pts',(4.933085089302,-3.938921605922,5.504950938476));
#13891=CARTESIAN_POINT('Ctrl Pts',(4.956652935405,-3.940121605922,5.51136277896));
#13892=CARTESIAN_POINT('Ctrl Pts',(4.956652935405,-3.938921605922,5.51136277896));
#13893=CARTESIAN_POINT('Ctrl Pts',(4.974762052448,-3.940121605922,5.524186459927));
#13894=CARTESIAN_POINT('Ctrl Pts',(4.974762052448,-3.938921605922,5.524186459927));
#13895=CARTESIAN_POINT('',(4.974762052448,-3.940121605922,5.524186459927));
#13896=CARTESIAN_POINT('',(4.974762052448,-3.940121605922,5.524186459927));
#13897=CARTESIAN_POINT('Origin',(2.916020740217,-3.940121605922,7.91675591728156));
#13898=CARTESIAN_POINT('Ctrl Pts',(4.974762052448,-3.940121605922,5.524186459927));
#13899=CARTESIAN_POINT('Ctrl Pts',(4.974762052448,-3.938921605922,5.524186459927));
#13900=CARTESIAN_POINT('Ctrl Pts',(4.992957815983,-3.940121605922,5.536836847911));
#13901=CARTESIAN_POINT('Ctrl Pts',(4.992957815983,-3.938921605922,5.536836847911));
#13902=CARTESIAN_POINT('Ctrl Pts',(5.002055697751,-3.940121605922,5.5543394395));
#13903=CARTESIAN_POINT('Ctrl Pts',(5.002055697751,-3.938921605922,5.5543394395));
#13904=CARTESIAN_POINT('Ctrl Pts',(5.002055697751,-3.940121605922,5.576520941715));
#13905=CARTESIAN_POINT('Ctrl Pts',(5.002055697751,-3.938921605922,5.576520941715));
#13906=CARTESIAN_POINT('',(5.002055697751,-3.940121605922,5.576520941715));
#13907=CARTESIAN_POINT('',(5.002055697751,-3.940121605922,5.576520941715));
#13908=CARTESIAN_POINT('Origin',(2.36800335883828,-3.940121605922,6.93127799453042));
#13909=CARTESIAN_POINT('Ctrl Pts',(5.002055697751,-3.940121605922,5.576520941715));
#13910=CARTESIAN_POINT('Ctrl Pts',(5.002055697751,-3.938921605922,5.576520941715));
#13911=CARTESIAN_POINT('Ctrl Pts',(5.002055697751,-3.940121605922,5.592463896433));
#13912=CARTESIAN_POINT('Ctrl Pts',(5.002055697751,-3.938921605922,5.592463896433));
#13913=CARTESIAN_POINT('Ctrl Pts',(4.997290140634,-3.940121605922,5.60580745636));
#13914=CARTESIAN_POINT('Ctrl Pts',(4.997290140634,-3.938921605922,5.60580745636));
#13915=CARTESIAN_POINT('Ctrl Pts',(4.987845672895,-3.940121605922,5.616551621494));
#13916=CARTESIAN_POINT('Ctrl Pts',(4.987845672895,-3.938921605922,5.616551621494));
#13917=CARTESIAN_POINT('',(4.987845672895,-3.940121605922,5.616551621494));
#13918=CARTESIAN_POINT('',(4.987845672895,-3.940121605922,5.616551621494));
#13919=CARTESIAN_POINT('Origin',(1.37514415751069,-3.940121605922,3.63518365213229));
#13920=CARTESIAN_POINT('Ctrl Pts',(4.987845672895,-3.940121605922,5.616551621494));
#13921=CARTESIAN_POINT('Ctrl Pts',(4.987845672895,-3.938921605922,5.616551621494));
#13922=CARTESIAN_POINT('Ctrl Pts',(4.978314558662,-3.940121605922,5.627295786629));
#13923=CARTESIAN_POINT('Ctrl Pts',(4.978314558662,-3.938921605922,5.627295786629));
#13924=CARTESIAN_POINT('Ctrl Pts',(4.960118795127,-3.940121605922,5.637866658777));
#13925=CARTESIAN_POINT('Ctrl Pts',(4.960118795127,-3.938921605922,5.637866658777));
#13926=CARTESIAN_POINT('Ctrl Pts',(4.933085089302,-3.940121605922,5.647917651969));
#13927=CARTESIAN_POINT('Ctrl Pts',(4.933085089302,-3.938921605922,5.647917651969));
#13928=CARTESIAN_POINT('',(4.933085089302,-3.940121605922,5.647917651969));
#13929=CARTESIAN_POINT('',(4.933085089302,-3.940121605922,5.647917651969));
#13930=CARTESIAN_POINT('Origin',(4.30388443975151,-3.940121605922,5.5942499745911));
#13931=CARTESIAN_POINT('Ctrl Pts',(4.933085089302,-3.940121605922,5.647917651969));
#13932=CARTESIAN_POINT('Ctrl Pts',(4.933085089302,-3.938921605922,5.647917651969));
#13933=CARTESIAN_POINT('Ctrl Pts',(4.911770052018,-3.940121605922,5.656235715299));
#13934=CARTESIAN_POINT('Ctrl Pts',(4.911770052018,-3.938921605922,5.656235715299));
#13935=CARTESIAN_POINT('Ctrl Pts',(4.89807990612,-3.940121605922,5.663167434742));
#13936=CARTESIAN_POINT('Ctrl Pts',(4.89807990612,-3.938921605922,5.663167434742));
#13937=CARTESIAN_POINT('Ctrl Pts',(4.891841358621,-3.940121605922,5.668712810297));
#13938=CARTESIAN_POINT('Ctrl Pts',(4.891841358621,-3.938921605922,5.668712810297));
#13939=CARTESIAN_POINT('',(4.891841358621,-3.940121605922,5.668712810297));
#13940=CARTESIAN_POINT('',(4.891841358621,-3.940121605922,5.668712810297));
#13941=CARTESIAN_POINT('Origin',(7.31752297981188,-3.940121605922,5.22457415070388));
#13942=CARTESIAN_POINT('Ctrl Pts',(4.891841358621,-3.940121605922,5.668712810297));
#13943=CARTESIAN_POINT('Ctrl Pts',(4.891841358621,-3.938921605922,5.668712810297));
#13944=CARTESIAN_POINT('Ctrl Pts',(4.885689457616,-3.940121605922,5.674084892863));
#13945=CARTESIAN_POINT('Ctrl Pts',(4.885689457616,-3.938921605922,5.674084892863));
#13946=CARTESIAN_POINT('Ctrl Pts',(4.882570183868,-3.940121605922,5.681536491264));
#13947=CARTESIAN_POINT('Ctrl Pts',(4.882570183868,-3.938921605922,5.681536491264));
#13948=CARTESIAN_POINT('Ctrl Pts',(4.882570183868,-3.940121605922,5.691240898483));
#13949=CARTESIAN_POINT('Ctrl Pts',(4.882570183868,-3.938921605922,5.691240898483));
#13950=CARTESIAN_POINT('',(4.882570183868,-3.940121605922,5.691240898483));
#13951=CARTESIAN_POINT('',(4.882570183868,-3.940121605922,5.691240898483));
#13952=CARTESIAN_POINT('Ctrl Pts',(4.891841358621,-3.940121605922,5.668712810297));
#13953=CARTESIAN_POINT('Ctrl Pts',(4.885689457616,-3.940121605922,5.674084892863));
#13954=CARTESIAN_POINT('Ctrl Pts',(4.882570183868,-3.940121605922,5.681536491264));
#13955=CARTESIAN_POINT('Ctrl Pts',(4.882570183868,-3.940121605922,5.691240898483));
#13956=CARTESIAN_POINT('Ctrl Pts',(4.882570183868,-3.940121605922,5.691240898483));
#13957=CARTESIAN_POINT('Ctrl Pts',(4.882570183868,-3.938921605922,5.691240898483));
#13958=CARTESIAN_POINT('Ctrl Pts',(4.882570183868,-3.940121605922,5.7009453057));
#13959=CARTESIAN_POINT('Ctrl Pts',(4.882570183868,-3.938921605922,5.7009453057));
#13960=CARTESIAN_POINT('Ctrl Pts',(4.88690250852,-3.940121605922,5.708916783059));
#13961=CARTESIAN_POINT('Ctrl Pts',(4.88690250852,-3.938921605922,5.708916783059));
#13962=CARTESIAN_POINT('Ctrl Pts',(4.895480511329,-3.940121605922,5.714808744585));
#13963=CARTESIAN_POINT('Ctrl Pts',(4.895480511329,-3.938921605922,5.714808744585));
#13964=CARTESIAN_POINT('',(4.895480511329,-3.940121605922,5.714808744585));
#13965=CARTESIAN_POINT('',(4.895480511329,-3.940121605922,5.714808744585));
#13966=CARTESIAN_POINT('Origin',(5.13160542825888,-3.940121605922,5.59342215992783));
#13967=CARTESIAN_POINT('Ctrl Pts',(4.895480511329,-3.940121605922,5.714808744585));
#13968=CARTESIAN_POINT('Ctrl Pts',(4.895480511329,-3.938921605922,5.714808744585));
#13969=CARTESIAN_POINT('Ctrl Pts',(4.904058514138,-3.940121605922,5.720873999097));
#13970=CARTESIAN_POINT('Ctrl Pts',(4.904058514138,-3.938921605922,5.720873999097));
#13971=CARTESIAN_POINT('Ctrl Pts',(4.915235911739,-3.940121605922,5.723819979861));
#13972=CARTESIAN_POINT('Ctrl Pts',(4.915235911739,-3.938921605922,5.723819979861));
#13973=CARTESIAN_POINT('Ctrl Pts',(4.928926057637,-3.940121605922,5.723819979861));
#13974=CARTESIAN_POINT('Ctrl Pts',(4.928926057637,-3.938921605922,5.723819979861));
#13975=CARTESIAN_POINT('',(4.928926057637,-3.940121605922,5.723819979861));
#13976=CARTESIAN_POINT('',(4.928926057637,-3.940121605922,5.723819979861));
#13977=CARTESIAN_POINT('Ctrl Pts',(4.895480511329,-3.940121605922,5.714808744585));
#13978=CARTESIAN_POINT('Ctrl Pts',(4.904058514138,-3.940121605922,5.720873999097));
#13979=CARTESIAN_POINT('Ctrl Pts',(4.915235911739,-3.940121605922,5.723819979861));
#13980=CARTESIAN_POINT('Ctrl Pts',(4.928926057637,-3.940121605922,5.723819979861));
#13981=CARTESIAN_POINT('Ctrl Pts',(4.928926057637,-3.940121605922,5.723819979861));
#13982=CARTESIAN_POINT('Ctrl Pts',(4.928926057637,-3.938921605922,5.723819979861));
#13983=CARTESIAN_POINT('Ctrl Pts',(4.951887378289,-3.940121605922,5.723819979861));
#13984=CARTESIAN_POINT('Ctrl Pts',(4.951887378289,-3.938921605922,5.723819979861));
#13985=CARTESIAN_POINT('Ctrl Pts',(4.972335950643,-3.940121605922,5.717928018335));
#13986=CARTESIAN_POINT('Ctrl Pts',(4.972335950643,-3.938921605922,5.717928018335));
#13987=CARTESIAN_POINT('Ctrl Pts',(4.990445067686,-3.940121605922,5.706317388269));
#13988=CARTESIAN_POINT('Ctrl Pts',(4.990445067686,-3.938921605922,5.706317388269));
#13989=CARTESIAN_POINT('',(4.990445067686,-3.940121605922,5.706317388269));
#13990=CARTESIAN_POINT('',(4.990445067686,-3.940121605922,5.706317388269));
#13991=CARTESIAN_POINT('Ctrl Pts',(4.928926057637,-3.940121605922,5.723819979861));
#13992=CARTESIAN_POINT('Ctrl Pts',(4.951887378289,-3.940121605922,5.723819979861));
#13993=CARTESIAN_POINT('Ctrl Pts',(4.972335950643,-3.940121605922,5.717928018335));
#13994=CARTESIAN_POINT('Ctrl Pts',(4.990445067686,-3.940121605922,5.706317388269));
#13995=CARTESIAN_POINT('Origin',(4.990445067686,-3.940121605922,5.747561118949));
#13996=CARTESIAN_POINT('',(4.990445067686,-3.940121605922,5.747561118949));
#13997=CARTESIAN_POINT('',(4.990445067686,-3.940121605922,5.747561118949));
#13998=CARTESIAN_POINT('',(4.990445067686,-3.940121605922,5.747561118949));
#13999=CARTESIAN_POINT('Ctrl Pts',(4.990445067686,-3.940121605922,5.747561118949));
#14000=CARTESIAN_POINT('Ctrl Pts',(4.990445067686,-3.938921605922,5.747561118949));
#14001=CARTESIAN_POINT('Ctrl Pts',(4.972769183108,-3.940121605922,5.754839424364));
#14002=CARTESIAN_POINT('Ctrl Pts',(4.972769183108,-3.938921605922,5.754839424364));
#14003=CARTESIAN_POINT('Ctrl Pts',(4.953706954642,-3.940121605922,5.758305284086));
#14004=CARTESIAN_POINT('Ctrl Pts',(4.953706954642,-3.938921605922,5.758305284086));
#14005=CARTESIAN_POINT('Ctrl Pts',(4.933085089302,-3.940121605922,5.758305284086));
#14006=CARTESIAN_POINT('Ctrl Pts',(4.933085089302,-3.938921605922,5.758305284086));
#14007=CARTESIAN_POINT('',(4.933085089302,-3.940121605922,5.758305284086));
#14008=CARTESIAN_POINT('',(4.933085089302,-3.940121605922,5.758305284086));
#14009=CARTESIAN_POINT('Ctrl Pts',(4.990445067686,-3.940121605922,5.747561118949));
#14010=CARTESIAN_POINT('Ctrl Pts',(4.972769183108,-3.940121605922,5.754839424364));
#14011=CARTESIAN_POINT('Ctrl Pts',(4.953706954642,-3.940121605922,5.758305284086));
#14012=CARTESIAN_POINT('Ctrl Pts',(4.933085089302,-3.940121605922,5.758305284086));
#14013=CARTESIAN_POINT('Ctrl Pts',(4.933085089302,-3.940121605922,5.758305284086));
#14014=CARTESIAN_POINT('Ctrl Pts',(4.933085089302,-3.938921605922,5.758305284086));
#14015=CARTESIAN_POINT('Ctrl Pts',(4.906571262436,-3.940121605922,5.758305284086));
#14016=CARTESIAN_POINT('Ctrl Pts',(4.906571262436,-3.938921605922,5.758305284086));
#14017=CARTESIAN_POINT('Ctrl Pts',(4.884216467235,-3.940121605922,5.751893443602));
#14018=CARTESIAN_POINT('Ctrl Pts',(4.884216467235,-3.938921605922,5.751893443602));
#14019=CARTESIAN_POINT('Ctrl Pts',(4.8660207037,-3.940121605922,5.739069762633));
#14020=CARTESIAN_POINT('Ctrl Pts',(4.8660207037,-3.938921605922,5.739069762633));
#14021=CARTESIAN_POINT('',(4.8660207037,-3.940121605922,5.739069762633));
#14022=CARTESIAN_POINT('',(4.8660207037,-3.940121605922,5.739069762633));
#14023=CARTESIAN_POINT('Ctrl Pts',(4.933085089302,-3.940121605922,5.758305284086));
#14024=CARTESIAN_POINT('Ctrl Pts',(4.906571262436,-3.940121605922,5.758305284086));
#14025=CARTESIAN_POINT('Ctrl Pts',(4.884216467235,-3.940121605922,5.751893443602));
#14026=CARTESIAN_POINT('Ctrl Pts',(4.8660207037,-3.940121605922,5.739069762633));
#14027=CARTESIAN_POINT('Ctrl Pts',(4.8660207037,-3.940121605922,5.739069762633));
#14028=CARTESIAN_POINT('Ctrl Pts',(4.8660207037,-3.938921605922,5.739069762633));
#14029=CARTESIAN_POINT('Ctrl Pts',(4.847911586657,-3.940121605922,5.726072788679));
#14030=CARTESIAN_POINT('Ctrl Pts',(4.847911586657,-3.938921605922,5.726072788679));
#14031=CARTESIAN_POINT('Ctrl Pts',(4.838813704889,-3.940121605922,5.708916783059));
#14032=CARTESIAN_POINT('Ctrl Pts',(4.838813704889,-3.938921605922,5.708916783059));
#14033=CARTESIAN_POINT('Ctrl Pts',(4.838813704889,-3.940121605922,5.68742845279));
#14034=CARTESIAN_POINT('Ctrl Pts',(4.838813704889,-3.938921605922,5.68742845279));
#14035=CARTESIAN_POINT('',(4.838813704889,-3.940121605922,5.68742845279));
#14036=CARTESIAN_POINT('',(4.838813704889,-3.940121605922,5.68742845279));
#14037=CARTESIAN_POINT('Ctrl Pts',(4.8660207037,-3.940121605922,5.739069762633));
#14038=CARTESIAN_POINT('Ctrl Pts',(4.847911586657,-3.940121605922,5.726072788679));
#14039=CARTESIAN_POINT('Ctrl Pts',(4.838813704889,-3.940121605922,5.708916783059));
#14040=CARTESIAN_POINT('Ctrl Pts',(4.838813704889,-3.940121605922,5.68742845279));
#14041=CARTESIAN_POINT('Ctrl Pts',(4.838813704889,-3.940121605922,5.68742845279));
#14042=CARTESIAN_POINT('Ctrl Pts',(4.838813704889,-3.938921605922,5.68742845279));
#14043=CARTESIAN_POINT('Ctrl Pts',(4.838813704889,-3.940121605922,5.672525255988));
#14044=CARTESIAN_POINT('Ctrl Pts',(4.838813704889,-3.938921605922,5.672525255988));
#14045=CARTESIAN_POINT('Ctrl Pts',(4.842799443569,-3.940121605922,5.659701575021));
#14046=CARTESIAN_POINT('Ctrl Pts',(4.842799443569,-3.938921605922,5.659701575021));
#14047=CARTESIAN_POINT('Ctrl Pts',(4.85085756742,-3.940121605922,5.649130702872));
#14048=CARTESIAN_POINT('Ctrl Pts',(4.85085756742,-3.938921605922,5.649130702872));
#14049=CARTESIAN_POINT('',(4.85085756742,-3.940121605922,5.649130702872));
#14050=CARTESIAN_POINT('',(4.85085756742,-3.940121605922,5.649130702872));
#14051=CARTESIAN_POINT('Origin',(5.92940837591675,-3.940121605922,6.27155065777883));
#14052=CARTESIAN_POINT('Ctrl Pts',(4.85085756742,-3.940121605922,5.649130702872));
#14053=CARTESIAN_POINT('Ctrl Pts',(4.85085756742,-3.938921605922,5.649130702872));
#14054=CARTESIAN_POINT('Ctrl Pts',(4.858829044779,-3.940121605922,5.638559830723));
#14055=CARTESIAN_POINT('Ctrl Pts',(4.858829044779,-3.938921605922,5.638559830723));
#14056=CARTESIAN_POINT('Ctrl Pts',(4.87633163637,-3.940121605922,5.627815665586));
#14057=CARTESIAN_POINT('Ctrl Pts',(4.87633163637,-3.938921605922,5.627815665586));
#14058=CARTESIAN_POINT('Ctrl Pts',(4.903105402716,-3.940121605922,5.617071500452));
#14059=CARTESIAN_POINT('Ctrl Pts',(4.903105402716,-3.938921605922,5.617071500452));
#14060=CARTESIAN_POINT('',(4.903105402716,-3.940121605922,5.617071500452));
#14061=CARTESIAN_POINT('',(4.903105402716,-3.940121605922,5.617071500452));
#14062=CARTESIAN_POINT('Origin',(6.1747471219151,-3.940121605922,5.62172871216654));
#14063=CARTESIAN_POINT('Ctrl Pts',(4.903105402716,-3.940121605922,5.617071500452));
#14064=CARTESIAN_POINT('Ctrl Pts',(4.903105402716,-3.938921605922,5.617071500452));
#14065=CARTESIAN_POINT('Ctrl Pts',(4.925460197916,-3.940121605922,5.608753437121));
#14066=CARTESIAN_POINT('Ctrl Pts',(4.925460197916,-3.938921605922,5.608753437121));
#14067=CARTESIAN_POINT('Ctrl Pts',(4.940276748223,-3.940121605922,5.601475131706));
#14068=CARTESIAN_POINT('Ctrl Pts',(4.940276748223,-3.938921605922,5.601475131706));
#14069=CARTESIAN_POINT('Ctrl Pts',(4.947555053637,-3.940121605922,5.595409877194));
#14070=CARTESIAN_POINT('Ctrl Pts',(4.947555053637,-3.938921605922,5.595409877194));
#14071=CARTESIAN_POINT('',(4.947555053637,-3.940121605922,5.595409877194));
#14072=CARTESIAN_POINT('',(4.947555053637,-3.940121605922,5.595409877194));
#14073=CARTESIAN_POINT('Origin',(4.43585034773879,-3.940121605922,5.67560866243436));
#14074=CARTESIAN_POINT('Ctrl Pts',(4.947555053637,-3.940121605922,5.595409877194));
#14075=CARTESIAN_POINT('Ctrl Pts',(4.947555053637,-3.938921605922,5.595409877194));
#14076=CARTESIAN_POINT('Ctrl Pts',(4.954833359052,-3.940121605922,5.589344622683));
#14077=CARTESIAN_POINT('Ctrl Pts',(4.954833359052,-3.938921605922,5.589344622683));
#14078=CARTESIAN_POINT('Ctrl Pts',(4.958472511759,-3.940121605922,5.581719731298));
#14079=CARTESIAN_POINT('Ctrl Pts',(4.958472511759,-3.938921605922,5.581719731298));
#14080=CARTESIAN_POINT('Ctrl Pts',(4.958472511759,-3.940121605922,5.57236191005));
#14081=CARTESIAN_POINT('Ctrl Pts',(4.958472511759,-3.938921605922,5.57236191005));
#14082=CARTESIAN_POINT('',(4.958472511759,-3.940121605922,5.57236191005));
#14083=CARTESIAN_POINT('',(4.958472511759,-3.940121605922,5.57236191005));
#14084=CARTESIAN_POINT('Ctrl Pts',(4.947555053637,-3.940121605922,5.595409877194));
#14085=CARTESIAN_POINT('Ctrl Pts',(4.954833359052,-3.940121605922,5.589344622683));
#14086=CARTESIAN_POINT('Ctrl Pts',(4.958472511759,-3.940121605922,5.581719731298));
#14087=CARTESIAN_POINT('Ctrl Pts',(4.958472511759,-3.940121605922,5.57236191005));
#14088=CARTESIAN_POINT('Ctrl Pts',(4.958472511759,-3.940121605922,5.57236191005));
#14089=CARTESIAN_POINT('Ctrl Pts',(4.958472511759,-3.938921605922,5.57236191005));
#14090=CARTESIAN_POINT('Ctrl Pts',(4.958472511759,-3.940121605922,5.550526993807));
#14091=CARTESIAN_POINT('Ctrl Pts',(4.958472511759,-3.938921605922,5.550526993807));
#14092=CARTESIAN_POINT('Ctrl Pts',(4.941749738605,-3.940121605922,5.539609535687));
#14093=CARTESIAN_POINT('Ctrl Pts',(4.941749738605,-3.938921605922,5.539609535687));
#14094=CARTESIAN_POINT('Ctrl Pts',(4.90839083879,-3.940121605922,5.539609535687));
#14095=CARTESIAN_POINT('Ctrl Pts',(4.90839083879,-3.938921605922,5.539609535687));
#14096=CARTESIAN_POINT('Origin',(-9.52805087803413,-3.940121605922,15.0134910902426));
#14097=CARTESIAN_POINT('Origin',(4.872237589574,-3.940121605922,5.545458173966));
#14098=CARTESIAN_POINT('Origin',(5.212520029314,-3.940121605922,5.752759908531));
#14099=CARTESIAN_POINT('',(5.212520029314,-3.940121605922,5.752759908531));
#14100=CARTESIAN_POINT('',(5.212520029314,-3.940121605922,5.752759908531));
#14101=CARTESIAN_POINT('',(5.25653644777,-3.940121605922,5.752759908531));
#14102=CARTESIAN_POINT('',(5.212520029314,-3.940121605922,5.752759908531));
#14103=CARTESIAN_POINT('',(5.25653644777,-3.940121605922,5.752759908531));
#14104=CARTESIAN_POINT('Origin',(5.146408755134,-3.940121605922,5.570455687203));
#14105=CARTESIAN_POINT('',(5.146408755134,-3.940121605922,5.570455687203));
#14106=CARTESIAN_POINT('',(5.146408755134,-3.940121605922,5.570455687203));
#14107=CARTESIAN_POINT('',(5.146408755134,-3.940121605922,5.570455687203));
#14108=CARTESIAN_POINT('Ctrl Pts',(5.146408755134,-3.940121605922,5.570455687203));
#14109=CARTESIAN_POINT('Ctrl Pts',(5.146408755134,-3.938921605922,5.570455687203));
#14110=CARTESIAN_POINT('Ctrl Pts',(5.143809360344,-3.940121605922,5.561964330887));
#14111=CARTESIAN_POINT('Ctrl Pts',(5.143809360344,-3.938921605922,5.561964330887));
#14112=CARTESIAN_POINT('Ctrl Pts',(5.14207643048,-3.940121605922,5.555379197418));
#14113=CARTESIAN_POINT('Ctrl Pts',(5.14207643048,-3.938921605922,5.555379197418));
#14114=CARTESIAN_POINT('Ctrl Pts',(5.141209965551,-3.940121605922,5.550873579779));
#14115=CARTESIAN_POINT('Ctrl Pts',(5.141209965551,-3.938921605922,5.550873579779));
#14116=CARTESIAN_POINT('',(5.141209965551,-3.940121605922,5.550873579779));
#14117=CARTESIAN_POINT('',(5.141209965551,-3.940121605922,5.550873579779));
#14118=CARTESIAN_POINT('Ctrl Pts',(5.146408755134,-3.940121605922,5.570455687203));
#14119=CARTESIAN_POINT('Ctrl Pts',(5.143809360344,-3.940121605922,5.561964330887));
#14120=CARTESIAN_POINT('Ctrl Pts',(5.14207643048,-3.940121605922,5.555379197418));
#14121=CARTESIAN_POINT('Ctrl Pts',(5.141209965551,-3.940121605922,5.550873579779));
#14122=CARTESIAN_POINT('Origin',(5.140083561143,-3.940121605922,5.550873579779));
#14123=CARTESIAN_POINT('',(5.140083561143,-3.940121605922,5.550873579779));
#14124=CARTESIAN_POINT('',(5.140083561143,-3.940121605922,5.550873579779));
#14125=CARTESIAN_POINT('',(5.140083561143,-3.940121605922,5.550873579779));
#14126=CARTESIAN_POINT('Origin',(5.134884771561,-3.940121605922,5.570802273175));
#14127=CARTESIAN_POINT('',(5.134884771561,-3.940121605922,5.570802273175));
#14128=CARTESIAN_POINT('',(5.134884771561,-3.940121605922,5.570802273175));
#14129=CARTESIAN_POINT('',(5.134884771561,-3.940121605922,5.570802273175));
#14130=CARTESIAN_POINT('Origin',(5.071632831652,-3.940121605922,5.752759908531));
#14131=CARTESIAN_POINT('',(5.071632831652,-3.940121605922,5.752759908531));
#14132=CARTESIAN_POINT('',(5.071632831652,-3.940121605922,5.752759908531));
#14133=CARTESIAN_POINT('',(5.071632831652,-3.940121605922,5.752759908531));
#14134=CARTESIAN_POINT('Origin',(5.024150553473,-3.940121605922,5.752759908531));
#14135=CARTESIAN_POINT('',(5.024150553473,-3.940121605922,5.752759908531));
#14136=CARTESIAN_POINT('',(5.024150553473,-3.940121605922,5.752759908531));
#14137=CARTESIAN_POINT('',(5.024150553473,-3.940121605922,5.752759908531));
#14138=CARTESIAN_POINT('Origin',(5.11911510983,-3.940121605922,5.511189485974));
#14139=CARTESIAN_POINT('',(5.11911510983,-3.940121605922,5.511189485974));
#14140=CARTESIAN_POINT('',(5.11911510983,-3.940121605922,5.511189485974));
#14141=CARTESIAN_POINT('',(5.11911510983,-3.940121605922,5.511189485974));
#14142=CARTESIAN_POINT('Origin',(5.100486113829,-3.940121605922,5.467173067516));
#14143=CARTESIAN_POINT('',(5.100486113829,-3.940121605922,5.467173067516));
#14144=CARTESIAN_POINT('',(5.100486113829,-3.940121605922,5.467173067516));
#14145=CARTESIAN_POINT('',(5.100486113829,-3.940121605922,5.467173067516));
#14146=CARTESIAN_POINT('Ctrl Pts',(5.100486113829,-3.940121605922,5.467173067516));
#14147=CARTESIAN_POINT('Ctrl Pts',(5.100486113829,-3.938921605922,5.467173067516));
#14148=CARTESIAN_POINT('Ctrl Pts',(5.090868353104,-3.940121605922,5.444298393358));
#14149=CARTESIAN_POINT('Ctrl Pts',(5.090868353104,-3.938921605922,5.444298393358));
#14150=CARTESIAN_POINT('Ctrl Pts',(5.076398388769,-3.940121605922,5.433034349263));
#14151=CARTESIAN_POINT('Ctrl Pts',(5.076398388769,-3.938921605922,5.433034349263));
#14152=CARTESIAN_POINT('Ctrl Pts',(5.05698957433,-3.940121605922,5.433034349263));
#14153=CARTESIAN_POINT('Ctrl Pts',(5.05698957433,-3.938921605922,5.433034349263));
#14154=CARTESIAN_POINT('',(5.05698957433,-3.940121605922,5.433034349263));
#14155=CARTESIAN_POINT('',(5.05698957433,-3.940121605922,5.433034349263));
#14156=CARTESIAN_POINT('Ctrl Pts',(5.100486113829,-3.940121605922,5.467173067516));
#14157=CARTESIAN_POINT('Ctrl Pts',(5.090868353104,-3.940121605922,5.444298393358));
#14158=CARTESIAN_POINT('Ctrl Pts',(5.076398388769,-3.940121605922,5.433034349263));
#14159=CARTESIAN_POINT('Ctrl Pts',(5.05698957433,-3.940121605922,5.433034349263));
#14160=CARTESIAN_POINT('Ctrl Pts',(5.05698957433,-3.940121605922,5.433034349263));
#14161=CARTESIAN_POINT('Ctrl Pts',(5.05698957433,-3.938921605922,5.433034349263));
#14162=CARTESIAN_POINT('Ctrl Pts',(5.049191389958,-3.940121605922,5.433034349263));
#14163=CARTESIAN_POINT('Ctrl Pts',(5.049191389958,-3.938921605922,5.433034349263));
#14164=CARTESIAN_POINT('Ctrl Pts',(5.041219912599,-3.940121605922,5.434593986138));
#14165=CARTESIAN_POINT('Ctrl Pts',(5.041219912599,-3.938921605922,5.434593986138));
#14166=CARTESIAN_POINT('Ctrl Pts',(5.032901849269,-3.940121605922,5.437886552874));
#14167=CARTESIAN_POINT('Ctrl Pts',(5.032901849269,-3.938921605922,5.437886552874));
#14168=CARTESIAN_POINT('',(5.032901849269,-3.940121605922,5.437886552874));
#14169=CARTESIAN_POINT('',(5.032901849269,-3.940121605922,5.437886552874));
#14170=CARTESIAN_POINT('Ctrl Pts',(5.05698957433,-3.940121605922,5.433034349263));
#14171=CARTESIAN_POINT('Ctrl Pts',(5.049191389958,-3.940121605922,5.433034349263));
#14172=CARTESIAN_POINT('Ctrl Pts',(5.041219912599,-3.940121605922,5.434593986138));
#14173=CARTESIAN_POINT('Ctrl Pts',(5.032901849269,-3.940121605922,5.437886552874));
#14174=CARTESIAN_POINT('Origin',(5.032901849269,-3.940121605922,5.400108681914));
#14175=CARTESIAN_POINT('',(5.032901849269,-3.940121605922,5.400108681914));
#14176=CARTESIAN_POINT('',(5.032901849269,-3.940121605922,5.400108681914));
#14177=CARTESIAN_POINT('',(5.032901849269,-3.940121605922,5.400108681914));
#14178=CARTESIAN_POINT('Ctrl Pts',(5.032901849269,-3.940121605922,5.400108681914));
#14179=CARTESIAN_POINT('Ctrl Pts',(5.032901849269,-3.938921605922,5.400108681914));
#14180=CARTESIAN_POINT('Ctrl Pts',(5.040440094162,-3.940121605922,5.397855873095));
#14181=CARTESIAN_POINT('Ctrl Pts',(5.040440094162,-3.938921605922,5.397855873095));
#14182=CARTESIAN_POINT('Ctrl Pts',(5.049624622423,-3.940121605922,5.396642822192));
#14183=CARTESIAN_POINT('Ctrl Pts',(5.049624622423,-3.938921605922,5.396642822192));
#14184=CARTESIAN_POINT('Ctrl Pts',(5.060282141065,-3.940121605922,5.396642822192));
#14185=CARTESIAN_POINT('Ctrl Pts',(5.060282141065,-3.938921605922,5.396642822192));
#14186=CARTESIAN_POINT('',(5.060282141065,-3.940121605922,5.396642822192));
#14187=CARTESIAN_POINT('',(5.060282141065,-3.940121605922,5.396642822192));
#14188=CARTESIAN_POINT('Origin',(5.13302540214146,-3.940121605922,5.47001403276013));
#14189=CARTESIAN_POINT('Ctrl Pts',(5.060282141065,-3.940121605922,5.396642822192));
#14190=CARTESIAN_POINT('Ctrl Pts',(5.060282141065,-3.938921605922,5.396642822192));
#14191=CARTESIAN_POINT('Ctrl Pts',(5.097453486573,-3.940121605922,5.396642822192));
#14192=CARTESIAN_POINT('Ctrl Pts',(5.097453486573,-3.938921605922,5.396642822192));
#14193=CARTESIAN_POINT('Ctrl Pts',(5.126220122259,-3.940121605922,5.422463477114));
#14194=CARTESIAN_POINT('Ctrl Pts',(5.126220122259,-3.938921605922,5.422463477114));
#14195=CARTESIAN_POINT('Ctrl Pts',(5.146668694613,-3.940121605922,5.474104786959));
#14196=CARTESIAN_POINT('Ctrl Pts',(5.146668694613,-3.938921605922,5.474104786959));
#14197=CARTESIAN_POINT('',(5.146668694613,-3.940121605922,5.474104786959));
#14198=CARTESIAN_POINT('',(5.146668694613,-3.940121605922,5.474104786959));
#14199=CARTESIAN_POINT('Ctrl Pts',(5.060282141065,-3.940121605922,5.396642822192));
#14200=CARTESIAN_POINT('Ctrl Pts',(5.097453486573,-3.940121605922,5.396642822192));
#14201=CARTESIAN_POINT('Ctrl Pts',(5.126220122259,-3.940121605922,5.422463477114));
#14202=CARTESIAN_POINT('Ctrl Pts',(5.146668694613,-3.940121605922,5.474104786959));
#14203=CARTESIAN_POINT('Origin',(5.25653644777,-3.940121605922,5.752759908531));
#14204=CARTESIAN_POINT('',(5.25653644777,-3.940121605922,5.752759908531));
#14205=CARTESIAN_POINT('Origin',(5.109746457772,-3.940121605922,5.416008313384));
#14206=CARTESIAN_POINT('Origin',(5.484590017416,-3.940121605922,5.549313942906));
#14207=CARTESIAN_POINT('',(5.484590017416,-3.940121605922,5.549313942906));
#14208=CARTESIAN_POINT('',(5.484590017416,-3.940121605922,5.549313942906));
#14209=CARTESIAN_POINT('',(5.484590017416,-3.940121605922,5.510669607016));
#14210=CARTESIAN_POINT('',(5.484590017416,-3.940121605922,5.549313942906));
#14211=CARTESIAN_POINT('',(5.484590017416,-3.940121605922,5.510669607016));
#14212=CARTESIAN_POINT('Origin',(5.346042275068,-3.940121605922,5.549313942906));
#14213=CARTESIAN_POINT('',(5.346042275068,-3.940121605922,5.549313942906));
#14214=CARTESIAN_POINT('',(5.346042275068,-3.940121605922,5.549313942906));
#14215=CARTESIAN_POINT('',(5.346042275068,-3.940121605922,5.549313942906));
#14216=CARTESIAN_POINT('Origin',(5.346042275068,-3.940121605922,5.663340727728));
#14217=CARTESIAN_POINT('',(5.346042275068,-3.940121605922,5.663340727728));
#14218=CARTESIAN_POINT('',(5.346042275068,-3.940121605922,5.663340727728));
#14219=CARTESIAN_POINT('',(5.346042275068,-3.940121605922,5.663340727728));
#14220=CARTESIAN_POINT('Origin',(5.46726071881,-3.940121605922,5.663340727728));
#14221=CARTESIAN_POINT('',(5.46726071881,-3.940121605922,5.663340727728));
#14222=CARTESIAN_POINT('',(5.46726071881,-3.940121605922,5.663340727728));
#14223=CARTESIAN_POINT('',(5.46726071881,-3.940121605922,5.663340727728));
#14224=CARTESIAN_POINT('Origin',(5.46726071881,-3.940121605922,5.702158356604));
#14225=CARTESIAN_POINT('',(5.46726071881,-3.940121605922,5.702158356604));
#14226=CARTESIAN_POINT('',(5.46726071881,-3.940121605922,5.702158356604));
#14227=CARTESIAN_POINT('',(5.46726071881,-3.940121605922,5.702158356604));
#14228=CARTESIAN_POINT('Origin',(5.346042275068,-3.940121605922,5.702158356604));
#14229=CARTESIAN_POINT('',(5.346042275068,-3.940121605922,5.702158356604));
#14230=CARTESIAN_POINT('',(5.346042275068,-3.940121605922,5.702158356604));
#14231=CARTESIAN_POINT('',(5.346042275068,-3.940121605922,5.702158356604));
#14232=CARTESIAN_POINT('Origin',(5.346042275068,-3.940121605922,5.810639765874));
#14233=CARTESIAN_POINT('',(5.346042275068,-3.940121605922,5.810639765874));
#14234=CARTESIAN_POINT('',(5.346042275068,-3.940121605922,5.810639765874));
#14235=CARTESIAN_POINT('',(5.346042275068,-3.940121605922,5.810639765874));
#14236=CARTESIAN_POINT('Origin',(5.476878479537,-3.940121605922,5.810639765874));
#14237=CARTESIAN_POINT('',(5.476878479537,-3.940121605922,5.810639765874));
#14238=CARTESIAN_POINT('',(5.476878479537,-3.940121605922,5.810639765874));
#14239=CARTESIAN_POINT('',(5.476878479537,-3.940121605922,5.810639765874));
#14240=CARTESIAN_POINT('Origin',(5.476878479537,-3.940121605922,5.849630687735));
#14241=CARTESIAN_POINT('',(5.476878479537,-3.940121605922,5.849630687735));
#14242=CARTESIAN_POINT('',(5.476878479537,-3.940121605922,5.849630687735));
#14243=CARTESIAN_POINT('',(5.476878479537,-3.940121605922,5.849630687735));
#14244=CARTESIAN_POINT('Origin',(5.302285796089,-3.940121605922,5.849630687735));
#14245=CARTESIAN_POINT('',(5.302285796089,-3.940121605922,5.849630687735));
#14246=CARTESIAN_POINT('',(5.302285796089,-3.940121605922,5.849630687735));
#14247=CARTESIAN_POINT('',(5.302285796089,-3.940121605922,5.849630687735));
#14248=CARTESIAN_POINT('Origin',(5.302285796089,-3.940121605922,5.510669607016));
#14249=CARTESIAN_POINT('',(5.302285796089,-3.940121605922,5.510669607016));
#14250=CARTESIAN_POINT('',(5.302285796089,-3.940121605922,5.510669607016));
#14251=CARTESIAN_POINT('',(5.302285796089,-3.940121605922,5.510669607016));
#14252=CARTESIAN_POINT('Origin',(5.484590017416,-3.940121605922,5.510669607016));
#14253=CARTESIAN_POINT('',(5.484590017416,-3.940121605922,5.510669607016));
#14254=CARTESIAN_POINT('Origin',(-3.491481338843E-18,-3.940121605922,-8.841601775729E-14));
#14255=CARTESIAN_POINT('Origin',(5.71589283055,-3.940121605922,5.838431628511));
#14256=CARTESIAN_POINT('',(5.548621775764,-3.940121605922,5.510669607016));
#14257=CARTESIAN_POINT('',(5.64185340226,-3.940121605922,5.510669607016));
#14258=CARTESIAN_POINT('',(5.64185340226,-3.940121605922,5.510669607016));
#14259=CARTESIAN_POINT('',(5.773469425165,-3.940121605922,5.558151885194));
#14260=CARTESIAN_POINT('Origin',(-12.7384797912716,-3.940121605922,35.0785664795499));
#14261=CARTESIAN_POINT('',(5.824590856053,-3.940121605922,5.684482472026));
#14262=CARTESIAN_POINT('Origin',(-32.3716463622087,-3.940121605922,28.8516331015023));
#14263=CARTESIAN_POINT('',(5.773469425165,-3.940121605922,5.804747804348));
#14264=CARTESIAN_POINT('Ctrl Pts',(5.824590856053,-3.940121605922,5.684482472026));
#14265=CARTESIAN_POINT('Ctrl Pts',(5.824590856053,-3.940121605922,5.734737437982));
#14266=CARTESIAN_POINT('Ctrl Pts',(5.807521496925,-3.940121605922,5.77476811776));
#14267=CARTESIAN_POINT('Ctrl Pts',(5.773469425165,-3.940121605922,5.804747804348));
#14268=CARTESIAN_POINT('',(5.64531926198,-3.940121605922,5.849630687735));
#14269=CARTESIAN_POINT('Ctrl Pts',(5.773469425165,-3.940121605922,5.804747804348));
#14270=CARTESIAN_POINT('Ctrl Pts',(5.739417353408,-3.940121605922,5.834727490933));
#14271=CARTESIAN_POINT('Ctrl Pts',(5.696700632344,-3.940121605922,5.849630687735));
#14272=CARTESIAN_POINT('Ctrl Pts',(5.64531926198,-3.940121605922,5.849630687735));
#14273=CARTESIAN_POINT('',(5.548621775764,-3.940121605922,5.849630687735));
#14274=CARTESIAN_POINT('',(5.548621775764,-3.940121605922,5.849630687735));
#14275=CARTESIAN_POINT('',(5.548621775764,-3.940121605922,5.510669607016));
#14276=CARTESIAN_POINT('',(5.592378254741,-3.940121605922,5.810639765874));
#14277=CARTESIAN_POINT('',(5.592378254741,-3.940121605922,5.549313942906));
#14278=CARTESIAN_POINT('',(5.592378254741,-3.940121605922,5.810639765874));
#14279=CARTESIAN_POINT('',(5.643586332119,-3.940121605922,5.810639765874));
#14280=CARTESIAN_POINT('',(5.643586332119,-3.940121605922,5.810639765874));
#14281=CARTESIAN_POINT('',(5.741410222745,-3.940121605922,5.77875385644));
#14282=CARTESIAN_POINT('Origin',(-10.6245521708617,-3.940121605922,-16.1742117466976));
#14283=CARTESIAN_POINT('',(5.778581568253,-3.940121605922,5.683269421125));
#14284=CARTESIAN_POINT('Origin',(-1.04265249516464,-3.940121605922,-0.0409446320769158));
#14285=CARTESIAN_POINT('',(5.74236333417,-3.940121605922,5.58466571206));
#14286=CARTESIAN_POINT('Origin',(-5.19717441650601,-3.940121605922,14.2577100704721));
#14287=CARTESIAN_POINT('',(5.641593462779,-3.940121605922,5.549313942906));
#14288=CARTESIAN_POINT('Origin',(-4.93412229501421,-3.940121605922,18.7446390580321));
#14289=CARTESIAN_POINT('',(5.592378254741,-3.940121605922,5.549313942906));
#14290=CARTESIAN_POINT('Origin',(5.64185340226,-3.940121605922,5.510669607016));
#14291=CARTESIAN_POINT('',(5.64185340226,-3.940121605922,5.510669607016));
#14292=CARTESIAN_POINT('',(5.548621775764,-3.940121605922,5.510669607016));
#14293=CARTESIAN_POINT('Ctrl Pts',(5.64185340226,-3.940121605922,5.510669607016));
#14294=CARTESIAN_POINT('Ctrl Pts',(5.64185340226,-3.938921605922,5.510669607016));
#14295=CARTESIAN_POINT('Ctrl Pts',(5.695487581443,-3.940121605922,5.510669607016));
#14296=CARTESIAN_POINT('Ctrl Pts',(5.695487581443,-3.938921605922,5.510669607016));
#14297=CARTESIAN_POINT('Ctrl Pts',(5.739417353408,-3.940121605922,5.526439268745));
#14298=CARTESIAN_POINT('Ctrl Pts',(5.739417353408,-3.938921605922,5.526439268745));
#14299=CARTESIAN_POINT('Ctrl Pts',(5.773469425165,-3.940121605922,5.558151885194));
#14300=CARTESIAN_POINT('Ctrl Pts',(5.773469425165,-3.938921605922,5.558151885194));
#14301=CARTESIAN_POINT('',(5.773469425165,-3.940121605922,5.558151885194));
#14302=CARTESIAN_POINT('Ctrl Pts',(5.773469425165,-3.940121605922,5.558151885194));
#14303=CARTESIAN_POINT('Ctrl Pts',(5.773469425165,-3.938921605922,5.558151885194));
#14304=CARTESIAN_POINT('Ctrl Pts',(5.807521496925,-3.940121605922,5.589864501642));
#14305=CARTESIAN_POINT('Ctrl Pts',(5.807521496925,-3.938921605922,5.589864501642));
#14306=CARTESIAN_POINT('Ctrl Pts',(5.824590856053,-3.940121605922,5.631974697251));
#14307=CARTESIAN_POINT('Ctrl Pts',(5.824590856053,-3.938921605922,5.631974697251));
#14308=CARTESIAN_POINT('Ctrl Pts',(5.824590856053,-3.940121605922,5.684482472026));
#14309=CARTESIAN_POINT('Ctrl Pts',(5.824590856053,-3.938921605922,5.684482472026));
#14310=CARTESIAN_POINT('',(5.824590856053,-3.940121605922,5.684482472026));
#14311=CARTESIAN_POINT('Ctrl Pts',(5.824590856053,-3.940121605922,5.684482472026));
#14312=CARTESIAN_POINT('Ctrl Pts',(5.824590856053,-3.938921605922,5.684482472026));
#14313=CARTESIAN_POINT('Ctrl Pts',(5.824590856053,-3.940121605922,5.734737437982));
#14314=CARTESIAN_POINT('Ctrl Pts',(5.824590856053,-3.938921605922,5.734737437982));
#14315=CARTESIAN_POINT('Ctrl Pts',(5.807521496925,-3.940121605922,5.77476811776));
#14316=CARTESIAN_POINT('Ctrl Pts',(5.807521496925,-3.938921605922,5.77476811776));
#14317=CARTESIAN_POINT('Ctrl Pts',(5.773469425165,-3.940121605922,5.804747804348));
#14318=CARTESIAN_POINT('Ctrl Pts',(5.773469425165,-3.938921605922,5.804747804348));
#14319=CARTESIAN_POINT('',(5.773469425165,-3.940121605922,5.804747804348));
#14320=CARTESIAN_POINT('Ctrl Pts',(5.773469425165,-3.940121605922,5.804747804348));
#14321=CARTESIAN_POINT('Ctrl Pts',(5.773469425165,-3.938921605922,5.804747804348));
#14322=CARTESIAN_POINT('Ctrl Pts',(5.739417353408,-3.940121605922,5.834727490933));
#14323=CARTESIAN_POINT('Ctrl Pts',(5.739417353408,-3.938921605922,5.834727490933));
#14324=CARTESIAN_POINT('Ctrl Pts',(5.696700632344,-3.940121605922,5.849630687735));
#14325=CARTESIAN_POINT('Ctrl Pts',(5.696700632344,-3.938921605922,5.849630687735));
#14326=CARTESIAN_POINT('Ctrl Pts',(5.64531926198,-3.940121605922,5.849630687735));
#14327=CARTESIAN_POINT('Ctrl Pts',(5.64531926198,-3.938921605922,5.849630687735));
#14328=CARTESIAN_POINT('',(5.64531926198,-3.940121605922,5.849630687735));
#14329=CARTESIAN_POINT('Origin',(5.548621775764,-3.940121605922,5.849630687735));
#14330=CARTESIAN_POINT('',(5.548621775764,-3.940121605922,5.849630687735));
#14331=CARTESIAN_POINT('Origin',(5.548621775764,-3.940121605922,5.510669607016));
#14332=CARTESIAN_POINT('Origin',(5.643586332119,-3.940121605922,5.810639765874));
#14333=CARTESIAN_POINT('',(5.643586332119,-3.939121605922,5.810639765874));
#14334=CARTESIAN_POINT('',(5.592378254741,-3.939121605922,5.810639765874));
#14335=CARTESIAN_POINT('',(5.643586332119,-3.939121605922,5.810639765874));
#14336=CARTESIAN_POINT('',(5.643586332119,-3.940121605922,5.810639765874));
#14337=CARTESIAN_POINT('',(5.592378254741,-3.940121605922,5.810639765874));
#14338=CARTESIAN_POINT('Origin',(5.592378254741,-3.940121605922,5.810639765874));
#14339=CARTESIAN_POINT('',(5.592378254741,-3.939121605922,5.549313942906));
#14340=CARTESIAN_POINT('',(5.592378254741,-3.939121605922,5.810639765874));
#14341=CARTESIAN_POINT('',(5.592378254741,-3.940121605922,5.549313942906));
#14342=CARTESIAN_POINT('Origin',(5.592378254741,-3.940121605922,5.549313942906));
#14343=CARTESIAN_POINT('',(5.641593462779,-3.939121605922,5.549313942906));
#14344=CARTESIAN_POINT('',(5.592378254741,-3.939121605922,5.549313942906));
#14345=CARTESIAN_POINT('',(5.641593462779,-3.940121605922,5.549313942906));
#14346=CARTESIAN_POINT('Ctrl Pts',(5.641593462779,-3.940121605922,5.549313942906));
#14347=CARTESIAN_POINT('Ctrl Pts',(5.641593462779,-3.938921605922,5.549313942906));
#14348=CARTESIAN_POINT('Ctrl Pts',(5.684656769813,-3.940121605922,5.549313942906));
#14349=CARTESIAN_POINT('Ctrl Pts',(5.684656769813,-3.938921605922,5.549313942906));
#14350=CARTESIAN_POINT('Ctrl Pts',(5.718275609108,-3.940121605922,5.561097865956));
#14351=CARTESIAN_POINT('Ctrl Pts',(5.718275609108,-3.938921605922,5.561097865956));
#14352=CARTESIAN_POINT('Ctrl Pts',(5.74236333417,-3.940121605922,5.58466571206));
#14353=CARTESIAN_POINT('Ctrl Pts',(5.74236333417,-3.938921605922,5.58466571206));
#14354=CARTESIAN_POINT('',(5.74236333417,-3.939121605922,5.58466571206));
#14355=CARTESIAN_POINT('Origin',(-4.93412229501421,-3.939121605922,18.7446390580321));
#14356=CARTESIAN_POINT('',(5.74236333417,-3.940121605922,5.58466571206));
#14357=CARTESIAN_POINT('Ctrl Pts',(5.74236333417,-3.940121605922,5.58466571206));
#14358=CARTESIAN_POINT('Ctrl Pts',(5.74236333417,-3.938921605922,5.58466571206));
#14359=CARTESIAN_POINT('Ctrl Pts',(5.766537705724,-3.940121605922,5.608060265178));
#14360=CARTESIAN_POINT('Ctrl Pts',(5.766537705724,-3.938921605922,5.608060265178));
#14361=CARTESIAN_POINT('Ctrl Pts',(5.778581568253,-3.940121605922,5.640985932527));
#14362=CARTESIAN_POINT('Ctrl Pts',(5.778581568253,-3.938921605922,5.640985932527));
#14363=CARTESIAN_POINT('Ctrl Pts',(5.778581568253,-3.940121605922,5.683269421125));
#14364=CARTESIAN_POINT('Ctrl Pts',(5.778581568253,-3.938921605922,5.683269421125));
#14365=CARTESIAN_POINT('',(5.778581568253,-3.939121605922,5.683269421125));
#14366=CARTESIAN_POINT('Origin',(-5.19717441650601,-3.939121605922,14.2577100704721));
#14367=CARTESIAN_POINT('',(5.778581568253,-3.940121605922,5.683269421125));
#14368=CARTESIAN_POINT('Ctrl Pts',(5.778581568253,-3.940121605922,5.683269421125));
#14369=CARTESIAN_POINT('Ctrl Pts',(5.778581568253,-3.938921605922,5.683269421125));
#14370=CARTESIAN_POINT('Ctrl Pts',(5.778581568253,-3.940121605922,5.725552909722));
#14371=CARTESIAN_POINT('Ctrl Pts',(5.778581568253,-3.938921605922,5.725552909722));
#14372=CARTESIAN_POINT('Ctrl Pts',(5.76619111975,-3.940121605922,5.757438819154));
#14373=CARTESIAN_POINT('Ctrl Pts',(5.76619111975,-3.938921605922,5.757438819154));
#14374=CARTESIAN_POINT('Ctrl Pts',(5.741410222745,-3.940121605922,5.77875385644));
#14375=CARTESIAN_POINT('Ctrl Pts',(5.741410222745,-3.938921605922,5.77875385644));
#14376=CARTESIAN_POINT('',(5.741410222745,-3.939121605922,5.77875385644));
#14377=CARTESIAN_POINT('Origin',(-1.04265249516464,-3.939121605922,-0.0409446320769158));
#14378=CARTESIAN_POINT('',(5.741410222745,-3.940121605922,5.77875385644));
#14379=CARTESIAN_POINT('Ctrl Pts',(5.741410222745,-3.940121605922,5.77875385644));
#14380=CARTESIAN_POINT('Ctrl Pts',(5.741410222745,-3.938921605922,5.77875385644));
#14381=CARTESIAN_POINT('Ctrl Pts',(5.71662932574,-3.940121605922,5.800068893723));
#14382=CARTESIAN_POINT('Ctrl Pts',(5.71662932574,-3.938921605922,5.800068893723));
#14383=CARTESIAN_POINT('Ctrl Pts',(5.683963597869,-3.940121605922,5.810639765874));
#14384=CARTESIAN_POINT('Ctrl Pts',(5.683963597869,-3.938921605922,5.810639765874));
#14385=CARTESIAN_POINT('Ctrl Pts',(5.643586332119,-3.940121605922,5.810639765874));
#14386=CARTESIAN_POINT('Ctrl Pts',(5.643586332119,-3.938921605922,5.810639765874));
#14387=CARTESIAN_POINT('Origin',(-10.6245521708617,-3.939121605922,-16.1742117466976));
#14388=CARTESIAN_POINT('Origin',(-0.565886461046,-3.939121605922,12.973235144876));
#14389=CARTESIAN_POINT('Origin',(-3.491481338843E-18,-3.940121605922,-1.008324268762E-14));
#14390=CARTESIAN_POINT('',(6.148388800491,-3.940121605922,5.510669607016));
#14391=CARTESIAN_POINT('',(6.019285525883,-3.940121605922,5.849630687735));
#14392=CARTESIAN_POINT('',(6.019285525883,-3.940121605922,5.849630687735));
#14393=CARTESIAN_POINT('',(5.972496419647,-3.940121605922,5.849630687735));
#14394=CARTESIAN_POINT('',(5.972496419647,-3.940121605922,5.849630687735));
#14395=CARTESIAN_POINT('',(5.843393145036,-3.940121605922,5.510669607016));
#14396=CARTESIAN_POINT('',(5.843393145036,-3.940121605922,5.510669607016));
#14397=CARTESIAN_POINT('',(5.891741888146,-3.940121605922,5.510669607016));
#14398=CARTESIAN_POINT('',(5.891741888146,-3.940121605922,5.510669607016));
#14399=CARTESIAN_POINT('',(5.924320969523,-3.940121605922,5.603381354553));
#14400=CARTESIAN_POINT('',(5.924320969523,-3.940121605922,5.603381354553));
#14401=CARTESIAN_POINT('',(6.065468106664,-3.940121605922,5.603381354553));
#14402=CARTESIAN_POINT('',(6.065468106664,-3.940121605922,5.603381354553));
#14403=CARTESIAN_POINT('',(6.100040057384,-3.940121605922,5.510669607016));
#14404=CARTESIAN_POINT('',(6.100040057384,-3.940121605922,5.510669607016));
#14405=CARTESIAN_POINT('',(6.148388800491,-3.940121605922,5.510669607016));
#14406=CARTESIAN_POINT('',(5.93818440841,-3.940121605922,5.641679104471));
#14407=CARTESIAN_POINT('',(6.051951253754,-3.940121605922,5.641679104471));
#14408=CARTESIAN_POINT('',(5.93818440841,-3.940121605922,5.641679104471));
#14409=CARTESIAN_POINT('',(5.988872606828,-3.940121605922,5.782566302133));
#14410=CARTESIAN_POINT('',(5.988872606828,-3.940121605922,5.782566302133));
#14411=CARTESIAN_POINT('',(5.994417982383,-3.940121605922,5.806307441221));
#14412=CARTESIAN_POINT('Ctrl Pts',(5.994417982383,-3.940121605922,5.806307441221));
#14413=CARTESIAN_POINT('Ctrl Pts',(5.992771699015,-3.940121605922,5.796083155044));
#14414=CARTESIAN_POINT('Ctrl Pts',(5.990952122663,-3.940121605922,5.788111677685));
#14415=CARTESIAN_POINT('Ctrl Pts',(5.988872606828,-3.940121605922,5.782566302133));
#14416=CARTESIAN_POINT('',(5.9954577403,-3.940121605922,5.806307441221));
#14417=CARTESIAN_POINT('',(5.9954577403,-3.940121605922,5.806307441221));
#14418=CARTESIAN_POINT('',(6.000743176373,-3.940121605922,5.782566302133));
#14419=CARTESIAN_POINT('Ctrl Pts',(6.000743176373,-3.940121605922,5.782566302133));
#14420=CARTESIAN_POINT('Ctrl Pts',(5.999096893008,-3.940121605922,5.787245212756));
#14421=CARTESIAN_POINT('Ctrl Pts',(5.997363963145,-3.940121605922,5.795043397128));
#14422=CARTESIAN_POINT('Ctrl Pts',(5.9954577403,-3.940121605922,5.806307441221));
#14423=CARTESIAN_POINT('',(6.051951253754,-3.940121605922,5.641679104471));
#14424=CARTESIAN_POINT('Origin',(6.019285525883,-3.940121605922,5.849630687735));
#14425=CARTESIAN_POINT('',(6.019285525883,-3.940121605922,5.849630687735));
#14426=CARTESIAN_POINT('',(6.148388800491,-3.940121605922,5.510669607016));
#14427=CARTESIAN_POINT('Origin',(5.972496419647,-3.940121605922,5.849630687735));
#14428=CARTESIAN_POINT('',(5.972496419647,-3.940121605922,5.849630687735));
#14429=CARTESIAN_POINT('Origin',(5.843393145036,-3.940121605922,5.510669607016));
#14430=CARTESIAN_POINT('',(5.843393145036,-3.940121605922,5.510669607016));
#14431=CARTESIAN_POINT('Origin',(5.891741888146,-3.940121605922,5.510669607016));
#14432=CARTESIAN_POINT('',(5.891741888146,-3.940121605922,5.510669607016));
#14433=CARTESIAN_POINT('Origin',(5.924320969523,-3.940121605922,5.603381354553));
#14434=CARTESIAN_POINT('',(5.924320969523,-3.940121605922,5.603381354553));
#14435=CARTESIAN_POINT('Origin',(6.065468106664,-3.940121605922,5.603381354553));
#14436=CARTESIAN_POINT('',(6.065468106664,-3.940121605922,5.603381354553));
#14437=CARTESIAN_POINT('Origin',(6.100040057384,-3.940121605922,5.510669607016));
#14438=CARTESIAN_POINT('',(6.100040057384,-3.940121605922,5.510669607016));
#14439=CARTESIAN_POINT('Origin',(6.148388800491,-3.940121605922,5.510669607016));
#14440=CARTESIAN_POINT('Origin',(5.93818440841,-3.940121605922,5.641679104471));
#14441=CARTESIAN_POINT('',(5.93818440841,-3.939121605922,5.641679104471));
#14442=CARTESIAN_POINT('',(6.051951253754,-3.939121605922,5.641679104471));
#14443=CARTESIAN_POINT('',(5.93818440841,-3.939121605922,5.641679104471));
#14444=CARTESIAN_POINT('',(5.93818440841,-3.940121605922,5.641679104471));
#14445=CARTESIAN_POINT('',(6.051951253754,-3.940121605922,5.641679104471));
#14446=CARTESIAN_POINT('Origin',(6.051951253754,-3.940121605922,5.641679104471));
#14447=CARTESIAN_POINT('',(6.000743176373,-3.939121605922,5.782566302133));
#14448=CARTESIAN_POINT('',(6.051951253754,-3.939121605922,5.641679104471));
#14449=CARTESIAN_POINT('',(6.000743176373,-3.940121605922,5.782566302133));
#14450=CARTESIAN_POINT('Ctrl Pts',(6.000743176373,-3.940121605922,5.782566302133));
#14451=CARTESIAN_POINT('Ctrl Pts',(6.000743176373,-3.938921605922,5.782566302133));
#14452=CARTESIAN_POINT('Ctrl Pts',(5.999096893008,-3.940121605922,5.787245212756));
#14453=CARTESIAN_POINT('Ctrl Pts',(5.999096893008,-3.938921605922,5.787245212756));
#14454=CARTESIAN_POINT('Ctrl Pts',(5.997363963145,-3.940121605922,5.795043397128));
#14455=CARTESIAN_POINT('Ctrl Pts',(5.997363963145,-3.938921605922,5.795043397128));
#14456=CARTESIAN_POINT('Ctrl Pts',(5.9954577403,-3.940121605922,5.806307441221));
#14457=CARTESIAN_POINT('Ctrl Pts',(5.9954577403,-3.938921605922,5.806307441221));
#14458=CARTESIAN_POINT('',(5.9954577403,-3.939121605922,5.806307441221));
#14459=CARTESIAN_POINT('Ctrl Pts',(6.000743176373,-3.939121605922,5.782566302133));
#14460=CARTESIAN_POINT('Ctrl Pts',(5.999096893008,-3.939121605922,5.787245212756));
#14461=CARTESIAN_POINT('Ctrl Pts',(5.997363963145,-3.939121605922,5.795043397128));
#14462=CARTESIAN_POINT('Ctrl Pts',(5.9954577403,-3.939121605922,5.806307441221));
#14463=CARTESIAN_POINT('',(5.9954577403,-3.940121605922,5.806307441221));
#14464=CARTESIAN_POINT('Origin',(5.9954577403,-3.940121605922,5.806307441221));
#14465=CARTESIAN_POINT('',(5.994417982383,-3.939121605922,5.806307441221));
#14466=CARTESIAN_POINT('',(5.9954577403,-3.939121605922,5.806307441221));
#14467=CARTESIAN_POINT('',(5.994417982383,-3.940121605922,5.806307441221));
#14468=CARTESIAN_POINT('Ctrl Pts',(5.994417982383,-3.940121605922,5.806307441221));
#14469=CARTESIAN_POINT('Ctrl Pts',(5.994417982383,-3.938921605922,5.806307441221));
#14470=CARTESIAN_POINT('Ctrl Pts',(5.992771699015,-3.940121605922,5.796083155044));
#14471=CARTESIAN_POINT('Ctrl Pts',(5.992771699015,-3.938921605922,5.796083155044));
#14472=CARTESIAN_POINT('Ctrl Pts',(5.990952122663,-3.940121605922,5.788111677685));
#14473=CARTESIAN_POINT('Ctrl Pts',(5.990952122663,-3.938921605922,5.788111677685));
#14474=CARTESIAN_POINT('Ctrl Pts',(5.988872606828,-3.940121605922,5.782566302133));
#14475=CARTESIAN_POINT('Ctrl Pts',(5.988872606828,-3.938921605922,5.782566302133));
#14476=CARTESIAN_POINT('',(5.988872606828,-3.939121605922,5.782566302133));
#14477=CARTESIAN_POINT('Ctrl Pts',(5.994417982383,-3.939121605922,5.806307441221));
#14478=CARTESIAN_POINT('Ctrl Pts',(5.992771699015,-3.939121605922,5.796083155044));
#14479=CARTESIAN_POINT('Ctrl Pts',(5.990952122663,-3.939121605922,5.788111677685));
#14480=CARTESIAN_POINT('Ctrl Pts',(5.988872606828,-3.939121605922,5.782566302133));
#14481=CARTESIAN_POINT('',(5.988872606828,-3.940121605922,5.782566302133));
#14482=CARTESIAN_POINT('Origin',(5.988872606828,-3.940121605922,5.782566302133));
#14483=CARTESIAN_POINT('',(5.988872606828,-3.939121605922,5.782566302133));
#14484=CARTESIAN_POINT('Origin',(-0.565886461046,-3.939121605922,12.973235144876));
#14485=CARTESIAN_POINT('Origin',(4.017270763335,-3.940121605922,6.042701734812));
#14486=CARTESIAN_POINT('',(4.085955140148,-3.940121605922,5.84689104108));
#14487=CARTESIAN_POINT('',(3.847367312163,-3.940121605922,6.16259815725));
#14488=CARTESIAN_POINT('Ctrl Pts',(4.085955140148,-3.940121605922,5.84689104108));
#14489=CARTESIAN_POINT('Ctrl Pts',(4.083545198303,-3.940121605922,5.991489666204));
#14490=CARTESIAN_POINT('Ctrl Pts',(3.984736019821,-3.940121605922,6.119218560518));
#14491=CARTESIAN_POINT('Ctrl Pts',(3.847367312163,-3.940121605922,6.16259815725));
#14492=CARTESIAN_POINT('',(3.717228430039,-3.940121605922,6.352986470338));
#14493=CARTESIAN_POINT('Origin',(3.39421636283883,-3.940121605922,6.07993280125807));
#14494=CARTESIAN_POINT('',(3.389471374815,-3.940121605922,6.478305365351));
#14495=CARTESIAN_POINT('Ctrl Pts',(3.717228430039,-3.940121605922,6.352986470338));
#14496=CARTESIAN_POINT('Ctrl Pts',(3.625649260955,-3.940121605922,6.432515772191));
#14497=CARTESIAN_POINT('Ctrl Pts',(3.509970305695,-3.940121605922,6.478305365351));
#14498=CARTESIAN_POINT('Ctrl Pts',(3.389471374815,-3.940121605922,6.478305365351));
#14499=CARTESIAN_POINT('',(3.1002739407,-3.940121605922,6.384316196964));
#14500=CARTESIAN_POINT('Origin',(3.46124332693512,-3.940121605922,5.64617936590315));
#14501=CARTESIAN_POINT('',(2.994234890718,-3.940121605922,6.278277135492));
#14502=CARTESIAN_POINT('Ctrl Pts',(3.1002739407,-3.940121605922,6.384316196964));
#14503=CARTESIAN_POINT('Ctrl Pts',(3.059304285813,-3.940121605922,6.355396446658));
#14504=CARTESIAN_POINT('Ctrl Pts',(3.025564594361,-3.940121605922,6.319246767395));
#14505=CARTESIAN_POINT('Ctrl Pts',(2.994234890718,-3.940121605922,6.278277135492));
#14506=CARTESIAN_POINT('',(2.938805400899,-3.940121605922,6.28309708813));
#14507=CARTESIAN_POINT('Ctrl Pts',(2.994234890718,-3.940121605922,6.278277135492));
#14508=CARTESIAN_POINT('Ctrl Pts',(2.974955080164,-3.940121605922,6.280687123303));
#14509=CARTESIAN_POINT('Ctrl Pts',(2.958085211454,-3.940121605922,6.28309708813));
#14510=CARTESIAN_POINT('Ctrl Pts',(2.938805400899,-3.940121605922,6.28309708813));
#14511=CARTESIAN_POINT('',(2.661657859873,-3.940121605922,6.167418109887));
#14512=CARTESIAN_POINT('Origin',(2.95504098684973,-3.940121605922,5.834506186813));
#14513=CARTESIAN_POINT('',(2.548388800492,-3.940121605922,5.892680579656));
#14514=CARTESIAN_POINT('Origin',(2.92935572088886,-3.940121605922,5.8921535596448));
#14515=CARTESIAN_POINT('',(2.649607897836,-3.940121605922,5.629992965494));
#14516=CARTESIAN_POINT('Origin',(2.91781534633857,-3.940121605922,5.88029740725603));
#14517=CARTESIAN_POINT('',(2.842406187244,-3.940121605922,5.514314010235));
#14518=CARTESIAN_POINT('Origin',(3.68134493077824,-3.940121605922,7.11820148078702));
#14519=CARTESIAN_POINT('',(3.071354178902,-3.940121605922,5.350435482623));
#14520=CARTESIAN_POINT('Ctrl Pts',(2.842406187244,-3.940121605922,5.514314010235));
#14521=CARTESIAN_POINT('Ctrl Pts',(2.87373591387,-3.940121605922,5.417914865529));
#14522=CARTESIAN_POINT('Ctrl Pts',(2.965315082953,-3.940121605922,5.350435482623));
#14523=CARTESIAN_POINT('Ctrl Pts',(3.071354178902,-3.940121605922,5.350435482623));
#14524=CARTESIAN_POINT('',(3.312352040665,-3.940121605922,5.591433344385));
#14525=CARTESIAN_POINT('Ctrl Pts',(3.071354178902,-3.940121605922,5.350435482623));
#14526=CARTESIAN_POINT('Ctrl Pts',(3.203903002871,-3.940121605922,5.350435482623));
#14527=CARTESIAN_POINT('Ctrl Pts',(3.312352040665,-3.940121605922,5.458884520415));
#14528=CARTESIAN_POINT('Ctrl Pts',(3.312352040665,-3.940121605922,5.591433344385));
#14529=CARTESIAN_POINT('',(3.312352040665,-3.940121605922,5.615533130563));
#14530=CARTESIAN_POINT('',(3.312352040665,-3.940121605922,5.591433344385));
#14531=CARTESIAN_POINT('',(3.649749047132,-3.940121605922,5.793871539073));
#14532=CARTESIAN_POINT('',(3.312352040665,-3.940121605922,5.615533130563));
#14533=CARTESIAN_POINT('',(3.575039746758,-3.940121605922,5.921600433386));
#14534=CARTESIAN_POINT('',(3.649749047132,-3.940121605922,5.793871539073));
#14535=CARTESIAN_POINT('',(3.252102621191,-3.940121605922,5.752901930153));
#14536=CARTESIAN_POINT('',(3.575039746758,-3.940121605922,5.921600433386));
#14537=CARTESIAN_POINT('',(3.071354224869,-3.940121605922,5.834841193959));
#14538=CARTESIAN_POINT('Ctrl Pts',(3.252102621191,-3.940121605922,5.752901930153));
#14539=CARTESIAN_POINT('Ctrl Pts',(3.208723024459,-3.940121605922,5.803511490317));
#14540=CARTESIAN_POINT('Ctrl Pts',(3.143653583398,-3.940121605922,5.834841193959));
#14541=CARTESIAN_POINT('Ctrl Pts',(3.071354224869,-3.940121605922,5.834841193959));
#14542=CARTESIAN_POINT('',(2.844816244006,-3.940121605922,5.675782596004));
#14543=CARTESIAN_POINT('Ctrl Pts',(3.071354224869,-3.940121605922,5.834841193959));
#14544=CARTESIAN_POINT('Ctrl Pts',(2.967725116731,-3.940121605922,5.834841193959));
#14545=CARTESIAN_POINT('Ctrl Pts',(2.878555935459,-3.940121605922,5.767361811054));
#14546=CARTESIAN_POINT('Ctrl Pts',(2.844816244006,-3.940121605922,5.675782596004));
#14547=CARTESIAN_POINT('',(2.700217526948,-3.940121605922,5.897500647211));
#14548=CARTESIAN_POINT('Ctrl Pts',(2.844816244006,-3.940121605922,5.675782596004));
#14549=CARTESIAN_POINT('Ctrl Pts',(2.760466992389,-3.940121605922,5.714342263077));
#14550=CARTESIAN_POINT('Ctrl Pts',(2.700217526948,-3.940121605922,5.798691514694));
#14551=CARTESIAN_POINT('Ctrl Pts',(2.700217526948,-3.940121605922,5.897500647211));
#14552=CARTESIAN_POINT('',(2.94121538871,-3.940121605922,6.138498508972));
#14553=CARTESIAN_POINT('Ctrl Pts',(2.700217526948,-3.940121605922,5.897500647211));
#14554=CARTESIAN_POINT('Ctrl Pts',(2.700217526948,-3.940121605922,6.03004947118));
#14555=CARTESIAN_POINT('Ctrl Pts',(2.808666564741,-3.940121605922,6.138498508972));
#14556=CARTESIAN_POINT('Ctrl Pts',(2.94121538871,-3.940121605922,6.138498508972));
#14557=CARTESIAN_POINT('',(3.068944237057,-3.940121605922,6.102348829707));
#14558=CARTESIAN_POINT('Ctrl Pts',(2.94121538871,-3.940121605922,6.138498508972));
#14559=CARTESIAN_POINT('Ctrl Pts',(2.987004973252,-3.940121605922,6.138498508972));
#14560=CARTESIAN_POINT('Ctrl Pts',(3.032794557794,-3.940121605922,6.124038628074));
#14561=CARTESIAN_POINT('Ctrl Pts',(3.068944237057,-3.940121605922,6.102348829707));
#14562=CARTESIAN_POINT('',(3.391881316659,-3.940121605922,6.333706648293));
#14563=CARTESIAN_POINT('Ctrl Pts',(3.068944237057,-3.940121605922,6.102348829707));
#14564=CARTESIAN_POINT('Ctrl Pts',(3.114733775632,-3.940121605922,6.237307503589));
#14565=CARTESIAN_POINT('Ctrl Pts',(3.240052682135,-3.940121605922,6.333706648293));
#14566=CARTESIAN_POINT('Ctrl Pts',(3.391881316659,-3.940121605922,6.333706648293));
#14567=CARTESIAN_POINT('',(3.729278323126,-3.940121605922,6.032459321091));
#14568=CARTESIAN_POINT('Ctrl Pts',(3.391881316659,-3.940121605922,6.333706648293));
#14569=CARTESIAN_POINT('Ctrl Pts',(3.565399795515,-3.940121605922,6.333706648293));
#14570=CARTESIAN_POINT('Ctrl Pts',(3.709998512572,-3.940121605922,6.201157824324));
#14571=CARTESIAN_POINT('Ctrl Pts',(3.729278323126,-3.940121605922,6.032459321091));
#14572=CARTESIAN_POINT('',(3.748558133681,-3.940121605922,6.032459321091));
#14573=CARTESIAN_POINT('',(3.729278323126,-3.940121605922,6.032459321091));
#14574=CARTESIAN_POINT('',(3.936536447468,-3.940121605922,5.844481007303));
#14575=CARTESIAN_POINT('Ctrl Pts',(3.748558133681,-3.940121605922,6.032459321091));
#14576=CARTESIAN_POINT('Ctrl Pts',(3.852187195852,-3.940121605922,6.032459321091));
#14577=CARTESIAN_POINT('Ctrl Pts',(3.936536447468,-3.940121605922,5.948110069474));
#14578=CARTESIAN_POINT('Ctrl Pts',(3.936536447468,-3.940121605922,5.844481007303));
#14579=CARTESIAN_POINT('',(3.763017968614,-3.940121605922,5.656502693516));
#14580=CARTESIAN_POINT('Ctrl Pts',(3.936536447468,-3.940121605922,5.844481007303));
#14581=CARTESIAN_POINT('Ctrl Pts',(3.936536447468,-3.940121605922,5.745671874786));
#14582=CARTESIAN_POINT('Ctrl Pts',(3.861827147095,-3.940121605922,5.663732610983));
#14583=CARTESIAN_POINT('Ctrl Pts',(3.763017968614,-3.940121605922,5.656502693516));
#14584=CARTESIAN_POINT('',(3.65456893082,-3.940121605922,5.656502693516));
#14585=CARTESIAN_POINT('',(3.763017968614,-3.940121605922,5.656502693516));
#14586=CARTESIAN_POINT('',(3.640109095888,-3.940121605922,5.658912635359));
#14587=CARTESIAN_POINT('Ctrl Pts',(3.65456893082,-3.940121605922,5.656502693516));
#14588=CARTESIAN_POINT('Ctrl Pts',(3.649748955198,-3.940121605922,5.656502693516));
#14589=CARTESIAN_POINT('Ctrl Pts',(3.644928979576,-3.940121605922,5.658912635359));
#14590=CARTESIAN_POINT('Ctrl Pts',(3.640109095888,-3.940121605922,5.658912635359));
#14591=CARTESIAN_POINT('',(3.565399795515,-3.940121605922,5.584203334987));
#14592=CARTESIAN_POINT('Ctrl Pts',(3.640109095888,-3.940121605922,5.658912635359));
#14593=CARTESIAN_POINT('Ctrl Pts',(3.599139441002,-3.940121605922,5.658912635359));
#14594=CARTESIAN_POINT('Ctrl Pts',(3.565399795515,-3.940121605922,5.62517289794));
#14595=CARTESIAN_POINT('Ctrl Pts',(3.565399795515,-3.940121605922,5.584203334987));
#14596=CARTESIAN_POINT('',(3.635289212199,-3.940121605922,5.509494034612));
#14597=CARTESIAN_POINT('Ctrl Pts',(3.565399795515,-3.940121605922,5.584203334987));
#14598=CARTESIAN_POINT('Ctrl Pts',(3.565399795515,-3.940121605922,5.545643713878));
#14599=CARTESIAN_POINT('Ctrl Pts',(3.596729499157,-3.940121605922,5.511903976456));
#14600=CARTESIAN_POINT('Ctrl Pts',(3.635289212199,-3.940121605922,5.509494034612));
#14601=CARTESIAN_POINT('',(3.77747789548,-3.940121605922,5.509494034612));
#14602=CARTESIAN_POINT('',(3.635289212199,-3.940121605922,5.509494034612));
#14603=CARTESIAN_POINT('',(3.996785912908,-3.940121605922,5.617943072406));
#14604=CARTESIAN_POINT('Origin',(3.72466707329792,-3.940121605922,5.91830101132282));
#14605=CARTESIAN_POINT('Origin',(3.751379064349,-3.940121605922,5.84898978538298));
#14606=CARTESIAN_POINT('',(3.068944191091,-3.940121605922,5.495034015814));
#14607=CARTESIAN_POINT('',(3.068944191091,-3.940121605922,5.683012421535));
#14608=CARTESIAN_POINT('Ctrl Pts',(3.068944191091,-3.940121605922,5.495034015814));
#14609=CARTESIAN_POINT('Ctrl Pts',(3.121963693098,-3.940121605922,5.495034015814));
#14610=CARTESIAN_POINT('Ctrl Pts',(3.162933347984,-3.940121605922,5.538413704477));
#14611=CARTESIAN_POINT('Ctrl Pts',(3.162933347984,-3.940121605922,5.589023218674));
#14612=CARTESIAN_POINT('Ctrl Pts',(3.162933347984,-3.940121605922,5.642042766649));
#14613=CARTESIAN_POINT('Ctrl Pts',(3.119553751254,-3.940121605922,5.683012421535));
#14614=CARTESIAN_POINT('Ctrl Pts',(3.068944191091,-3.940121605922,5.683012421535));
#14615=CARTESIAN_POINT('Ctrl Pts',(3.068944191091,-3.940121605922,5.683012421535));
#14616=CARTESIAN_POINT('Ctrl Pts',(3.018334630928,-3.940121605922,5.683012421535));
#14617=CARTESIAN_POINT('Ctrl Pts',(2.974955034197,-3.940121605922,5.642042766649));
#14618=CARTESIAN_POINT('Ctrl Pts',(2.974955034197,-3.940121605922,5.5360036707));
#14619=CARTESIAN_POINT('Ctrl Pts',(3.018334630928,-3.940121605922,5.495034015814));
#14620=CARTESIAN_POINT('Ctrl Pts',(3.068944191091,-3.940121605922,5.495034015814));
#14621=CARTESIAN_POINT('Ctrl Pts',(4.085955140148,-3.940121605922,5.84689104108));
#14622=CARTESIAN_POINT('Ctrl Pts',(4.085955140148,-3.938921605922,5.84689104108));
#14623=CARTESIAN_POINT('Ctrl Pts',(4.083545198303,-3.940121605922,5.991489666204));
#14624=CARTESIAN_POINT('Ctrl Pts',(4.083545198303,-3.938921605922,5.991489666204));
#14625=CARTESIAN_POINT('Ctrl Pts',(3.984736019821,-3.940121605922,6.119218560518));
#14626=CARTESIAN_POINT('Ctrl Pts',(3.984736019821,-3.938921605922,6.119218560518));
#14627=CARTESIAN_POINT('Ctrl Pts',(3.847367312163,-3.940121605922,6.16259815725));
#14628=CARTESIAN_POINT('Ctrl Pts',(3.847367312163,-3.938921605922,6.16259815725));
#14629=CARTESIAN_POINT('',(3.847367312163,-3.940121605922,6.16259815725));
#14630=CARTESIAN_POINT('',(4.085955140148,-3.940121605922,5.84689104108));
#14631=CARTESIAN_POINT('Ctrl Pts',(3.847367312163,-3.940121605922,6.16259815725));
#14632=CARTESIAN_POINT('Ctrl Pts',(3.847367312163,-3.938921605922,6.16259815725));
#14633=CARTESIAN_POINT('Ctrl Pts',(3.820857584143,-3.940121605922,6.234897515776));
#14634=CARTESIAN_POINT('Ctrl Pts',(3.820857584143,-3.938921605922,6.234897515776));
#14635=CARTESIAN_POINT('Ctrl Pts',(3.775067953635,-3.940121605922,6.299966933857));
#14636=CARTESIAN_POINT('Ctrl Pts',(3.775067953635,-3.938921605922,6.299966933857));
#14637=CARTESIAN_POINT('Ctrl Pts',(3.717228430039,-3.940121605922,6.352986470338));
#14638=CARTESIAN_POINT('Ctrl Pts',(3.717228430039,-3.938921605922,6.352986470338));
#14639=CARTESIAN_POINT('',(3.717228430039,-3.940121605922,6.352986470338));
#14640=CARTESIAN_POINT('Ctrl Pts',(3.717228430039,-3.940121605922,6.352986470338));
#14641=CARTESIAN_POINT('Ctrl Pts',(3.717228430039,-3.938921605922,6.352986470338));
#14642=CARTESIAN_POINT('Ctrl Pts',(3.625649260955,-3.940121605922,6.432515772191));
#14643=CARTESIAN_POINT('Ctrl Pts',(3.625649260955,-3.938921605922,6.432515772191));
#14644=CARTESIAN_POINT('Ctrl Pts',(3.509970305695,-3.940121605922,6.478305365351));
#14645=CARTESIAN_POINT('Ctrl Pts',(3.509970305695,-3.938921605922,6.478305365351));
#14646=CARTESIAN_POINT('Ctrl Pts',(3.389471374815,-3.940121605922,6.478305365351));
#14647=CARTESIAN_POINT('Ctrl Pts',(3.389471374815,-3.938921605922,6.478305365351));
#14648=CARTESIAN_POINT('',(3.389471374815,-3.940121605922,6.478305365351));
#14649=CARTESIAN_POINT('Ctrl Pts',(3.389471374815,-3.940121605922,6.478305365351));
#14650=CARTESIAN_POINT('Ctrl Pts',(3.389471374815,-3.938921605922,6.478305365351));
#14651=CARTESIAN_POINT('Ctrl Pts',(3.283432324833,-3.940121605922,6.478305365351));
#14652=CARTESIAN_POINT('Ctrl Pts',(3.283432324833,-3.938921605922,6.478305365351));
#14653=CARTESIAN_POINT('Ctrl Pts',(3.184623192317,-3.940121605922,6.444565665279));
#14654=CARTESIAN_POINT('Ctrl Pts',(3.184623192317,-3.938921605922,6.444565665279));
#14655=CARTESIAN_POINT('Ctrl Pts',(3.1002739407,-3.940121605922,6.384316196964));
#14656=CARTESIAN_POINT('Ctrl Pts',(3.1002739407,-3.938921605922,6.384316196964));
#14657=CARTESIAN_POINT('',(3.1002739407,-3.940121605922,6.384316196964));
#14658=CARTESIAN_POINT('Ctrl Pts',(3.1002739407,-3.940121605922,6.384316196964));
#14659=CARTESIAN_POINT('Ctrl Pts',(3.1002739407,-3.938921605922,6.384316196964));
#14660=CARTESIAN_POINT('Ctrl Pts',(3.059304285813,-3.940121605922,6.355396446658));
#14661=CARTESIAN_POINT('Ctrl Pts',(3.059304285813,-3.938921605922,6.355396446658));
#14662=CARTESIAN_POINT('Ctrl Pts',(3.025564594361,-3.940121605922,6.319246767395));
#14663=CARTESIAN_POINT('Ctrl Pts',(3.025564594361,-3.938921605922,6.319246767395));
#14664=CARTESIAN_POINT('Ctrl Pts',(2.994234890718,-3.940121605922,6.278277135492));
#14665=CARTESIAN_POINT('Ctrl Pts',(2.994234890718,-3.938921605922,6.278277135492));
#14666=CARTESIAN_POINT('',(2.994234890718,-3.940121605922,6.278277135492));
#14667=CARTESIAN_POINT('Ctrl Pts',(2.994234890718,-3.940121605922,6.278277135492));
#14668=CARTESIAN_POINT('Ctrl Pts',(2.994234890718,-3.938921605922,6.278277135492));
#14669=CARTESIAN_POINT('Ctrl Pts',(2.974955080164,-3.940121605922,6.280687123303));
#14670=CARTESIAN_POINT('Ctrl Pts',(2.974955080164,-3.938921605922,6.280687123303));
#14671=CARTESIAN_POINT('Ctrl Pts',(2.958085211454,-3.940121605922,6.28309708813));
#14672=CARTESIAN_POINT('Ctrl Pts',(2.958085211454,-3.938921605922,6.28309708813));
#14673=CARTESIAN_POINT('Ctrl Pts',(2.938805400899,-3.940121605922,6.28309708813));
#14674=CARTESIAN_POINT('Ctrl Pts',(2.938805400899,-3.938921605922,6.28309708813));
#14675=CARTESIAN_POINT('',(2.938805400899,-3.940121605922,6.28309708813));
#14676=CARTESIAN_POINT('Ctrl Pts',(2.938805400899,-3.940121605922,6.28309708813));
#14677=CARTESIAN_POINT('Ctrl Pts',(2.938805400899,-3.938921605922,6.28309708813));
#14678=CARTESIAN_POINT('Ctrl Pts',(2.835176315745,-3.940121605922,6.28309708813));
#14679=CARTESIAN_POINT('Ctrl Pts',(2.835176315745,-3.938921605922,6.28309708813));
#14680=CARTESIAN_POINT('Ctrl Pts',(2.736367206212,-3.940121605922,6.242127456229));
#14681=CARTESIAN_POINT('Ctrl Pts',(2.736367206212,-3.938921605922,6.242127456229));
#14682=CARTESIAN_POINT('Ctrl Pts',(2.661657859873,-3.940121605922,6.167418109887));
#14683=CARTESIAN_POINT('Ctrl Pts',(2.661657859873,-3.938921605922,6.167418109887));
#14684=CARTESIAN_POINT('',(2.661657859873,-3.940121605922,6.167418109887));
#14685=CARTESIAN_POINT('Ctrl Pts',(2.661657859873,-3.940121605922,6.167418109887));
#14686=CARTESIAN_POINT('Ctrl Pts',(2.661657859873,-3.938921605922,6.167418109887));
#14687=CARTESIAN_POINT('Ctrl Pts',(2.58935843814,-3.940121605922,6.095118774342));
#14688=CARTESIAN_POINT('Ctrl Pts',(2.58935843814,-3.938921605922,6.095118774342));
#14689=CARTESIAN_POINT('Ctrl Pts',(2.548388800492,-3.940121605922,5.996309641825));
#14690=CARTESIAN_POINT('Ctrl Pts',(2.548388800492,-3.938921605922,5.996309641825));
#14691=CARTESIAN_POINT('Ctrl Pts',(2.548388800492,-3.940121605922,5.892680579656));
#14692=CARTESIAN_POINT('Ctrl Pts',(2.548388800492,-3.938921605922,5.892680579656));
#14693=CARTESIAN_POINT('',(2.548388800492,-3.940121605922,5.892680579656));
#14694=CARTESIAN_POINT('Ctrl Pts',(2.548388800492,-3.940121605922,5.892680579656));
#14695=CARTESIAN_POINT('Ctrl Pts',(2.548388800492,-3.938921605922,5.892680579656));
#14696=CARTESIAN_POINT('Ctrl Pts',(2.548388800492,-3.940121605922,5.79628143495));
#14697=CARTESIAN_POINT('Ctrl Pts',(2.548388800492,-3.938921605922,5.79628143495));
#14698=CARTESIAN_POINT('Ctrl Pts',(2.584538479755,-3.940121605922,5.70229223209));
#14699=CARTESIAN_POINT('Ctrl Pts',(2.584538479755,-3.938921605922,5.70229223209));
#14700=CARTESIAN_POINT('Ctrl Pts',(2.649607897836,-3.940121605922,5.629992965494));
#14701=CARTESIAN_POINT('Ctrl Pts',(2.649607897836,-3.938921605922,5.629992965494));
#14702=CARTESIAN_POINT('',(2.649607897836,-3.940121605922,5.629992965494));
#14703=CARTESIAN_POINT('Ctrl Pts',(2.649607897836,-3.940121605922,5.629992965494));
#14704=CARTESIAN_POINT('Ctrl Pts',(2.649607897836,-3.938921605922,5.629992965494));
#14705=CARTESIAN_POINT('Ctrl Pts',(2.702627422825,-3.940121605922,5.572153441897));
#14706=CARTESIAN_POINT('Ctrl Pts',(2.702627422825,-3.938921605922,5.572153441897));
#14707=CARTESIAN_POINT('Ctrl Pts',(2.767696863888,-3.940121605922,5.53359382079));
#14708=CARTESIAN_POINT('Ctrl Pts',(2.767696863888,-3.938921605922,5.53359382079));
#14709=CARTESIAN_POINT('Ctrl Pts',(2.842406187244,-3.940121605922,5.514314010235));
#14710=CARTESIAN_POINT('Ctrl Pts',(2.842406187244,-3.938921605922,5.514314010235));
#14711=CARTESIAN_POINT('',(2.842406187244,-3.940121605922,5.514314010235));
#14712=CARTESIAN_POINT('Ctrl Pts',(2.842406187244,-3.940121605922,5.514314010235));
#14713=CARTESIAN_POINT('Ctrl Pts',(2.842406187244,-3.938921605922,5.514314010235));
#14714=CARTESIAN_POINT('Ctrl Pts',(2.87373591387,-3.940121605922,5.417914865529));
#14715=CARTESIAN_POINT('Ctrl Pts',(2.87373591387,-3.938921605922,5.417914865529));
#14716=CARTESIAN_POINT('Ctrl Pts',(2.965315082953,-3.940121605922,5.350435482623));
#14717=CARTESIAN_POINT('Ctrl Pts',(2.965315082953,-3.938921605922,5.350435482623));
#14718=CARTESIAN_POINT('Ctrl Pts',(3.071354178902,-3.940121605922,5.350435482623));
#14719=CARTESIAN_POINT('Ctrl Pts',(3.071354178902,-3.938921605922,5.350435482623));
#14720=CARTESIAN_POINT('',(3.071354178902,-3.940121605922,5.350435482623));
#14721=CARTESIAN_POINT('Ctrl Pts',(3.071354178902,-3.940121605922,5.350435482623));
#14722=CARTESIAN_POINT('Ctrl Pts',(3.071354178902,-3.938921605922,5.350435482623));
#14723=CARTESIAN_POINT('Ctrl Pts',(3.203903002871,-3.940121605922,5.350435482623));
#14724=CARTESIAN_POINT('Ctrl Pts',(3.203903002871,-3.938921605922,5.350435482623));
#14725=CARTESIAN_POINT('Ctrl Pts',(3.312352040665,-3.940121605922,5.458884520415));
#14726=CARTESIAN_POINT('Ctrl Pts',(3.312352040665,-3.938921605922,5.458884520415));
#14727=CARTESIAN_POINT('Ctrl Pts',(3.312352040665,-3.940121605922,5.591433344385));
#14728=CARTESIAN_POINT('Ctrl Pts',(3.312352040665,-3.938921605922,5.591433344385));
#14729=CARTESIAN_POINT('',(3.312352040665,-3.940121605922,5.591433344385));
#14730=CARTESIAN_POINT('Origin',(3.312352040665,-3.940121605922,5.591433344385));
#14731=CARTESIAN_POINT('',(3.312352040665,-3.940121605922,5.615533130563));
#14732=CARTESIAN_POINT('Origin',(3.312352040665,-3.940121605922,5.615533130563));
#14733=CARTESIAN_POINT('',(3.649749047132,-3.940121605922,5.793871539073));
#14734=CARTESIAN_POINT('Origin',(3.649749047132,-3.940121605922,5.793871539073));
#14735=CARTESIAN_POINT('',(3.575039746758,-3.940121605922,5.921600433386));
#14736=CARTESIAN_POINT('Origin',(3.575039746758,-3.940121605922,5.921600433386));
#14737=CARTESIAN_POINT('',(3.252102621191,-3.940121605922,5.752901930153));
#14738=CARTESIAN_POINT('Ctrl Pts',(3.252102621191,-3.940121605922,5.752901930153));
#14739=CARTESIAN_POINT('Ctrl Pts',(3.252102621191,-3.938921605922,5.752901930153));
#14740=CARTESIAN_POINT('Ctrl Pts',(3.208723024459,-3.940121605922,5.803511490317));
#14741=CARTESIAN_POINT('Ctrl Pts',(3.208723024459,-3.938921605922,5.803511490317));
#14742=CARTESIAN_POINT('Ctrl Pts',(3.143653583398,-3.940121605922,5.834841193959));
#14743=CARTESIAN_POINT('Ctrl Pts',(3.143653583398,-3.938921605922,5.834841193959));
#14744=CARTESIAN_POINT('Ctrl Pts',(3.071354224869,-3.940121605922,5.834841193959));
#14745=CARTESIAN_POINT('Ctrl Pts',(3.071354224869,-3.938921605922,5.834841193959));
#14746=CARTESIAN_POINT('',(3.071354224869,-3.940121605922,5.834841193959));
#14747=CARTESIAN_POINT('Ctrl Pts',(3.071354224869,-3.940121605922,5.834841193959));
#14748=CARTESIAN_POINT('Ctrl Pts',(3.071354224869,-3.938921605922,5.834841193959));
#14749=CARTESIAN_POINT('Ctrl Pts',(2.967725116731,-3.940121605922,5.834841193959));
#14750=CARTESIAN_POINT('Ctrl Pts',(2.967725116731,-3.938921605922,5.834841193959));
#14751=CARTESIAN_POINT('Ctrl Pts',(2.878555935459,-3.940121605922,5.767361811054));
#14752=CARTESIAN_POINT('Ctrl Pts',(2.878555935459,-3.938921605922,5.767361811054));
#14753=CARTESIAN_POINT('Ctrl Pts',(2.844816244006,-3.940121605922,5.675782596004));
#14754=CARTESIAN_POINT('Ctrl Pts',(2.844816244006,-3.938921605922,5.675782596004));
#14755=CARTESIAN_POINT('',(2.844816244006,-3.940121605922,5.675782596004));
#14756=CARTESIAN_POINT('Ctrl Pts',(2.844816244006,-3.940121605922,5.675782596004));
#14757=CARTESIAN_POINT('Ctrl Pts',(2.844816244006,-3.938921605922,5.675782596004));
#14758=CARTESIAN_POINT('Ctrl Pts',(2.760466992389,-3.940121605922,5.714342263077));
#14759=CARTESIAN_POINT('Ctrl Pts',(2.760466992389,-3.938921605922,5.714342263077));
#14760=CARTESIAN_POINT('Ctrl Pts',(2.700217526948,-3.940121605922,5.798691514694));
#14761=CARTESIAN_POINT('Ctrl Pts',(2.700217526948,-3.938921605922,5.798691514694));
#14762=CARTESIAN_POINT('Ctrl Pts',(2.700217526948,-3.940121605922,5.897500647211));
#14763=CARTESIAN_POINT('Ctrl Pts',(2.700217526948,-3.938921605922,5.897500647211));
#14764=CARTESIAN_POINT('',(2.700217526948,-3.940121605922,5.897500647211));
#14765=CARTESIAN_POINT('Ctrl Pts',(2.700217526948,-3.940121605922,5.897500647211));
#14766=CARTESIAN_POINT('Ctrl Pts',(2.700217526948,-3.938921605922,5.897500647211));
#14767=CARTESIAN_POINT('Ctrl Pts',(2.700217526948,-3.940121605922,6.03004947118));
#14768=CARTESIAN_POINT('Ctrl Pts',(2.700217526948,-3.938921605922,6.03004947118));
#14769=CARTESIAN_POINT('Ctrl Pts',(2.808666564741,-3.940121605922,6.138498508972));
#14770=CARTESIAN_POINT('Ctrl Pts',(2.808666564741,-3.938921605922,6.138498508972));
#14771=CARTESIAN_POINT('Ctrl Pts',(2.94121538871,-3.940121605922,6.138498508972));
#14772=CARTESIAN_POINT('Ctrl Pts',(2.94121538871,-3.938921605922,6.138498508972));
#14773=CARTESIAN_POINT('',(2.94121538871,-3.940121605922,6.138498508972));
#14774=CARTESIAN_POINT('Ctrl Pts',(2.94121538871,-3.940121605922,6.138498508972));
#14775=CARTESIAN_POINT('Ctrl Pts',(2.94121538871,-3.938921605922,6.138498508972));
#14776=CARTESIAN_POINT('Ctrl Pts',(2.987004973252,-3.940121605922,6.138498508972));
#14777=CARTESIAN_POINT('Ctrl Pts',(2.987004973252,-3.938921605922,6.138498508972));
#14778=CARTESIAN_POINT('Ctrl Pts',(3.032794557794,-3.940121605922,6.124038628074));
#14779=CARTESIAN_POINT('Ctrl Pts',(3.032794557794,-3.938921605922,6.124038628074));
#14780=CARTESIAN_POINT('Ctrl Pts',(3.068944237057,-3.940121605922,6.102348829707));
#14781=CARTESIAN_POINT('Ctrl Pts',(3.068944237057,-3.938921605922,6.102348829707));
#14782=CARTESIAN_POINT('',(3.068944237057,-3.940121605922,6.102348829707));
#14783=CARTESIAN_POINT('Ctrl Pts',(3.068944237057,-3.940121605922,6.102348829707));
#14784=CARTESIAN_POINT('Ctrl Pts',(3.068944237057,-3.938921605922,6.102348829707));
#14785=CARTESIAN_POINT('Ctrl Pts',(3.114733775632,-3.940121605922,6.237307503589));
#14786=CARTESIAN_POINT('Ctrl Pts',(3.114733775632,-3.938921605922,6.237307503589));
#14787=CARTESIAN_POINT('Ctrl Pts',(3.240052682135,-3.940121605922,6.333706648293));
#14788=CARTESIAN_POINT('Ctrl Pts',(3.240052682135,-3.938921605922,6.333706648293));
#14789=CARTESIAN_POINT('Ctrl Pts',(3.391881316659,-3.940121605922,6.333706648293));
#14790=CARTESIAN_POINT('Ctrl Pts',(3.391881316659,-3.938921605922,6.333706648293));
#14791=CARTESIAN_POINT('',(3.391881316659,-3.940121605922,6.333706648293));
#14792=CARTESIAN_POINT('Ctrl Pts',(3.391881316659,-3.940121605922,6.333706648293));
#14793=CARTESIAN_POINT('Ctrl Pts',(3.391881316659,-3.938921605922,6.333706648293));
#14794=CARTESIAN_POINT('Ctrl Pts',(3.565399795515,-3.940121605922,6.333706648293));
#14795=CARTESIAN_POINT('Ctrl Pts',(3.565399795515,-3.938921605922,6.333706648293));
#14796=CARTESIAN_POINT('Ctrl Pts',(3.709998512572,-3.940121605922,6.201157824324));
#14797=CARTESIAN_POINT('Ctrl Pts',(3.709998512572,-3.938921605922,6.201157824324));
#14798=CARTESIAN_POINT('Ctrl Pts',(3.729278323126,-3.940121605922,6.032459321091));
#14799=CARTESIAN_POINT('Ctrl Pts',(3.729278323126,-3.938921605922,6.032459321091));
#14800=CARTESIAN_POINT('',(3.729278323126,-3.940121605922,6.032459321091));
#14801=CARTESIAN_POINT('Origin',(3.729278323126,-3.940121605922,6.032459321091));
#14802=CARTESIAN_POINT('',(3.748558133681,-3.940121605922,6.032459321091));
#14803=CARTESIAN_POINT('Ctrl Pts',(3.748558133681,-3.940121605922,6.032459321091));
#14804=CARTESIAN_POINT('Ctrl Pts',(3.748558133681,-3.938921605922,6.032459321091));
#14805=CARTESIAN_POINT('Ctrl Pts',(3.852187195852,-3.940121605922,6.032459321091));
#14806=CARTESIAN_POINT('Ctrl Pts',(3.852187195852,-3.938921605922,6.032459321091));
#14807=CARTESIAN_POINT('Ctrl Pts',(3.936536447468,-3.940121605922,5.948110069474));
#14808=CARTESIAN_POINT('Ctrl Pts',(3.936536447468,-3.938921605922,5.948110069474));
#14809=CARTESIAN_POINT('Ctrl Pts',(3.936536447468,-3.940121605922,5.844481007303));
#14810=CARTESIAN_POINT('Ctrl Pts',(3.936536447468,-3.938921605922,5.844481007303));
#14811=CARTESIAN_POINT('',(3.936536447468,-3.940121605922,5.844481007303));
#14812=CARTESIAN_POINT('Ctrl Pts',(3.936536447468,-3.940121605922,5.844481007303));
#14813=CARTESIAN_POINT('Ctrl Pts',(3.936536447468,-3.938921605922,5.844481007303));
#14814=CARTESIAN_POINT('Ctrl Pts',(3.936536447468,-3.940121605922,5.745671874786));
#14815=CARTESIAN_POINT('Ctrl Pts',(3.936536447468,-3.938921605922,5.745671874786));
#14816=CARTESIAN_POINT('Ctrl Pts',(3.861827147095,-3.940121605922,5.663732610983));
#14817=CARTESIAN_POINT('Ctrl Pts',(3.861827147095,-3.938921605922,5.663732610983));
#14818=CARTESIAN_POINT('Ctrl Pts',(3.763017968614,-3.940121605922,5.656502693516));
#14819=CARTESIAN_POINT('Ctrl Pts',(3.763017968614,-3.938921605922,5.656502693516));
#14820=CARTESIAN_POINT('',(3.763017968614,-3.940121605922,5.656502693516));
#14821=CARTESIAN_POINT('Origin',(3.763017968614,-3.940121605922,5.656502693516));
#14822=CARTESIAN_POINT('',(3.65456893082,-3.940121605922,5.656502693516));
#14823=CARTESIAN_POINT('Ctrl Pts',(3.654568930821,-3.940121605922,5.656502693516));
#14824=CARTESIAN_POINT('Ctrl Pts',(3.654568930821,-3.938921605922,5.656502693516));
#14825=CARTESIAN_POINT('Ctrl Pts',(3.649748955198,-3.940121605922,5.656502693516));
#14826=CARTESIAN_POINT('Ctrl Pts',(3.649748955198,-3.938921605922,5.656502693516));
#14827=CARTESIAN_POINT('Ctrl Pts',(3.644928979576,-3.940121605922,5.658912635359));
#14828=CARTESIAN_POINT('Ctrl Pts',(3.644928979576,-3.938921605922,5.658912635359));
#14829=CARTESIAN_POINT('Ctrl Pts',(3.640109095888,-3.940121605922,5.658912635359));
#14830=CARTESIAN_POINT('Ctrl Pts',(3.640109095888,-3.938921605922,5.658912635359));
#14831=CARTESIAN_POINT('',(3.640109095888,-3.940121605922,5.658912635359));
#14832=CARTESIAN_POINT('Ctrl Pts',(3.640109095888,-3.940121605922,5.658912635359));
#14833=CARTESIAN_POINT('Ctrl Pts',(3.640109095888,-3.938921605922,5.658912635359));
#14834=CARTESIAN_POINT('Ctrl Pts',(3.599139441002,-3.940121605922,5.658912635359));
#14835=CARTESIAN_POINT('Ctrl Pts',(3.599139441002,-3.938921605922,5.658912635359));
#14836=CARTESIAN_POINT('Ctrl Pts',(3.565399795515,-3.940121605922,5.62517289794));
#14837=CARTESIAN_POINT('Ctrl Pts',(3.565399795515,-3.938921605922,5.62517289794));
#14838=CARTESIAN_POINT('Ctrl Pts',(3.565399795515,-3.940121605922,5.584203334987));
#14839=CARTESIAN_POINT('Ctrl Pts',(3.565399795515,-3.938921605922,5.584203334987));
#14840=CARTESIAN_POINT('',(3.565399795515,-3.940121605922,5.584203334987));
#14841=CARTESIAN_POINT('Ctrl Pts',(3.565399795515,-3.940121605922,5.584203334987));
#14842=CARTESIAN_POINT('Ctrl Pts',(3.565399795515,-3.938921605922,5.584203334987));
#14843=CARTESIAN_POINT('Ctrl Pts',(3.565399795515,-3.940121605922,5.545643713878));
#14844=CARTESIAN_POINT('Ctrl Pts',(3.565399795515,-3.938921605922,5.545643713878));
#14845=CARTESIAN_POINT('Ctrl Pts',(3.596729499157,-3.940121605922,5.511903976456));
#14846=CARTESIAN_POINT('Ctrl Pts',(3.596729499157,-3.938921605922,5.511903976456));
#14847=CARTESIAN_POINT('Ctrl Pts',(3.635289212199,-3.940121605922,5.509494034612));
#14848=CARTESIAN_POINT('Ctrl Pts',(3.635289212199,-3.938921605922,5.509494034612));
#14849=CARTESIAN_POINT('',(3.635289212199,-3.940121605922,5.509494034612));
#14850=CARTESIAN_POINT('Origin',(3.770247978013,-3.940121605922,5.509494034612));
#14851=CARTESIAN_POINT('',(3.77747789548,-3.940121605922,5.509494034612));
#14852=CARTESIAN_POINT('Ctrl Pts',(3.77747789548,-3.940121605922,5.509494034612));
#14853=CARTESIAN_POINT('Ctrl Pts',(3.77747789548,-3.938921605922,5.509494034612));
#14854=CARTESIAN_POINT('Ctrl Pts',(3.861827147095,-3.940121605922,5.516723952079));
#14855=CARTESIAN_POINT('Ctrl Pts',(3.861827147095,-3.938921605922,5.516723952079));
#14856=CARTESIAN_POINT('Ctrl Pts',(3.938946481247,-3.940121605922,5.555283665122));
#14857=CARTESIAN_POINT('Ctrl Pts',(3.938946481247,-3.938921605922,5.555283665122));
#14858=CARTESIAN_POINT('Ctrl Pts',(3.996785912908,-3.940121605922,5.617943072406));
#14859=CARTESIAN_POINT('Ctrl Pts',(3.996785912908,-3.938921605922,5.617943072406));
#14860=CARTESIAN_POINT('',(3.996785912908,-3.940121605922,5.617943072406));
#14861=CARTESIAN_POINT('Ctrl Pts',(3.996785912908,-3.940121605922,5.617943072406));
#14862=CARTESIAN_POINT('Ctrl Pts',(3.996785912908,-3.938921605922,5.617943072406));
#14863=CARTESIAN_POINT('Ctrl Pts',(4.054625436506,-3.940121605922,5.680602479691));
#14864=CARTESIAN_POINT('Ctrl Pts',(4.054625436506,-3.938921605922,5.680602479691));
#14865=CARTESIAN_POINT('Ctrl Pts',(4.085955140148,-3.940121605922,5.762541789464));
#14866=CARTESIAN_POINT('Ctrl Pts',(4.085955140148,-3.938921605922,5.762541789464));
#14867=CARTESIAN_POINT('Ctrl Pts',(4.085955140148,-3.940121605922,5.84689104108));
#14868=CARTESIAN_POINT('Ctrl Pts',(4.085955140148,-3.938921605922,5.84689104108));
#14869=CARTESIAN_POINT('Ctrl Pts',(3.068944191091,-3.940121605922,5.495034015814));
#14870=CARTESIAN_POINT('Ctrl Pts',(3.068944191091,-3.938921605922,5.495034015814));
#14871=CARTESIAN_POINT('Ctrl Pts',(3.121963693098,-3.940121605922,5.495034015814));
#14872=CARTESIAN_POINT('Ctrl Pts',(3.121963693098,-3.938921605922,5.495034015814));
#14873=CARTESIAN_POINT('Ctrl Pts',(3.162933347984,-3.940121605922,5.538413704477));
#14874=CARTESIAN_POINT('Ctrl Pts',(3.162933347984,-3.938921605922,5.538413704477));
#14875=CARTESIAN_POINT('Ctrl Pts',(3.162933347984,-3.940121605922,5.589023218674));
#14876=CARTESIAN_POINT('Ctrl Pts',(3.162933347984,-3.938921605922,5.589023218674));
#14877=CARTESIAN_POINT('Ctrl Pts',(3.162933347984,-3.940121605922,5.642042766649));
#14878=CARTESIAN_POINT('Ctrl Pts',(3.162933347984,-3.938921605922,5.642042766649));
#14879=CARTESIAN_POINT('Ctrl Pts',(3.119553751254,-3.940121605922,5.683012421535));
#14880=CARTESIAN_POINT('Ctrl Pts',(3.119553751254,-3.938921605922,5.683012421535));
#14881=CARTESIAN_POINT('Ctrl Pts',(3.068944191091,-3.940121605922,5.683012421535));
#14882=CARTESIAN_POINT('Ctrl Pts',(3.068944191091,-3.938921605922,5.683012421535));
#14883=CARTESIAN_POINT('',(3.068944191091,-3.939121605922,5.495034015814));
#14884=CARTESIAN_POINT('',(3.068944191091,-3.939121605922,5.683012421535));
#14885=CARTESIAN_POINT('Ctrl Pts',(3.068944191091,-3.939121605922,5.495034015814));
#14886=CARTESIAN_POINT('Ctrl Pts',(3.121963693098,-3.939121605922,5.495034015814));
#14887=CARTESIAN_POINT('Ctrl Pts',(3.162933347984,-3.939121605922,5.538413704477));
#14888=CARTESIAN_POINT('Ctrl Pts',(3.162933347984,-3.939121605922,5.589023218674));
#14889=CARTESIAN_POINT('Ctrl Pts',(3.162933347984,-3.939121605922,5.642042766649));
#14890=CARTESIAN_POINT('Ctrl Pts',(3.119553751254,-3.939121605922,5.683012421535));
#14891=CARTESIAN_POINT('Ctrl Pts',(3.068944191091,-3.939121605922,5.683012421535));
#14892=CARTESIAN_POINT('',(3.068944191091,-3.940121605922,5.495034015814));
#14893=CARTESIAN_POINT('',(3.068944191091,-3.940121605922,5.683012421535));
#14894=CARTESIAN_POINT('Ctrl Pts',(3.068944191091,-3.940121605922,5.683012421535));
#14895=CARTESIAN_POINT('Ctrl Pts',(3.068944191091,-3.938921605922,5.683012421535));
#14896=CARTESIAN_POINT('Ctrl Pts',(3.018334630928,-3.940121605922,5.683012421535));
#14897=CARTESIAN_POINT('Ctrl Pts',(3.018334630928,-3.938921605922,5.683012421535));
#14898=CARTESIAN_POINT('Ctrl Pts',(2.974955034197,-3.940121605922,5.642042766649));
#14899=CARTESIAN_POINT('Ctrl Pts',(2.974955034197,-3.938921605922,5.642042766649));
#14900=CARTESIAN_POINT('Ctrl Pts',(2.974955034197,-3.940121605922,5.5360036707));
#14901=CARTESIAN_POINT('Ctrl Pts',(2.974955034197,-3.938921605922,5.5360036707));
#14902=CARTESIAN_POINT('Ctrl Pts',(3.018334630928,-3.940121605922,5.495034015814));
#14903=CARTESIAN_POINT('Ctrl Pts',(3.018334630928,-3.938921605922,5.495034015814));
#14904=CARTESIAN_POINT('Ctrl Pts',(3.068944191091,-3.940121605922,5.495034015814));
#14905=CARTESIAN_POINT('Ctrl Pts',(3.068944191091,-3.938921605922,5.495034015814));
#14906=CARTESIAN_POINT('Ctrl Pts',(3.068944191091,-3.939121605922,5.683012421535));
#14907=CARTESIAN_POINT('Ctrl Pts',(3.018334630928,-3.939121605922,5.683012421535));
#14908=CARTESIAN_POINT('Ctrl Pts',(2.974955034197,-3.939121605922,5.642042766649));
#14909=CARTESIAN_POINT('Ctrl Pts',(2.974955034197,-3.939121605922,5.5360036707));
#14910=CARTESIAN_POINT('Ctrl Pts',(3.018334630928,-3.939121605922,5.495034015814));
#14911=CARTESIAN_POINT('Ctrl Pts',(3.068944191091,-3.939121605922,5.495034015814));
#14912=CARTESIAN_POINT('Origin',(-0.565886461046,-3.939121605922,12.973235144876));
#14913=CARTESIAN_POINT('Origin',(-2.686399637187,-2.867548730668,8.923235144876));
#14914=CARTESIAN_POINT('',(-1.68639963718799,1.120878394077,8.92323514487601));
#14915=CARTESIAN_POINT('Origin',(-2.686399637187,1.120878394077,8.923235144876));
#14916=CARTESIAN_POINT('',(-1.68639963718799,1.110878394077,8.92323514487601));
#14917=CARTESIAN_POINT('',(-1.686399637188,-2.867548730668,8.923235144876));
#14918=CARTESIAN_POINT('Origin',(-2.686399637187,1.110878394077,8.923235144876));
#14919=CARTESIAN_POINT('Origin',(-2.686399637187,-2.867548730668,8.923235144876));
#14920=CARTESIAN_POINT('',(-1.68639963718799,0.610878394076997,8.92323514487601));
#14921=CARTESIAN_POINT('Origin',(-2.686399637187,0.610878394077,8.923235144876));
#14922=CARTESIAN_POINT('',(-1.68639963718799,-0.0391216059220034,8.92323514487601));
#14923=CARTESIAN_POINT('',(-1.686399637188,-2.867548730668,8.923235144876));
#14924=CARTESIAN_POINT('Origin',(-2.686399637187,-0.039121605922,8.923235144876));
#14925=CARTESIAN_POINT('Origin',(-2.686399637187,-0.110694481176,8.923235144876));
#14926=CARTESIAN_POINT('',(-3.68639963718601,-4.099121605922,8.92323514487599));
#14927=CARTESIAN_POINT('Origin',(-2.686399637187,-4.099121605922,8.923235144876));
#14928=CARTESIAN_POINT('',(-3.68639963718601,-4.089121605922,8.92323514487599));
#14929=CARTESIAN_POINT('',(-3.686399637186,-0.110694481175997,8.923235144876));
#14930=CARTESIAN_POINT('Origin',(-2.686399637187,-4.089121605922,8.923235144876));
#14931=CARTESIAN_POINT('Origin',(-2.686399637187,-0.110694481176,8.923235144876));
#14932=CARTESIAN_POINT('',(-3.68639963718601,-3.589121605922,8.92323514487599));
#14933=CARTESIAN_POINT('Origin',(-2.686399637187,-3.589121605922,8.923235144876));
#14934=CARTESIAN_POINT('',(-3.68639963718601,-2.939121605922,8.92323514487599));
#14935=CARTESIAN_POINT('',(-3.686399637186,-0.110694481175997,8.923235144876));
#14936=CARTESIAN_POINT('Origin',(-2.686399637187,-2.939121605922,8.923235144876));
#14937=CARTESIAN_POINT('Origin',(-2.686399637187,-4.289121605922,8.923235144876));
#14938=CARTESIAN_POINT('',(-2.904288994057,-4.289121605922,11.413721890105));
#14939=CARTESIAN_POINT('',(-2.468510280318,-4.289121605922,6.432748399646));
#14940=CARTESIAN_POINT('Origin',(-2.686399637187,-4.289121605922,8.923235144876));
#14941=CARTESIAN_POINT('',(-2.913004568331,-4.389121605922,11.513341359914));
#14942=CARTESIAN_POINT('Origin',(-2.913004568331,-4.289121605922,11.513341359914));
#14943=CARTESIAN_POINT('',(-2.559581845081,-4.389121605922,6.326329823612));
#14944=CARTESIAN_POINT('Origin',(-2.686399637187,-4.389121605922,8.923235144876));
#14945=CARTESIAN_POINT('Ctrl Pts',(-2.55958184508248,-4.38912160592199,
6.32632982361329));
#14946=CARTESIAN_POINT('Ctrl Pts',(-2.55915201752285,-4.38912160592199,
6.32682250750288));
#14947=CARTESIAN_POINT('Ctrl Pts',(-2.55872224947675,-4.38911827643934,
6.32731525324405));
#14948=CARTESIAN_POINT('Ctrl Pts',(-2.54213556757504,-4.38886131036431,
6.34633755266285));
#14949=CARTESIAN_POINT('Ctrl Pts',(-2.52639200751507,-4.38391514366347,
6.36458854201026));
#14950=CARTESIAN_POINT('Ctrl Pts',(-2.50164276680873,-4.36758520511958,
6.39351996476105));
#14951=CARTESIAN_POINT('Ctrl Pts',(-2.49221951787481,-4.35790671513409,
6.40462694450662));
#14952=CARTESIAN_POINT('Ctrl Pts',(-2.47945667187782,-4.33782823320518,
6.41972699224758));
#14953=CARTESIAN_POINT('Ctrl Pts',(-2.47496605953915,-4.32789644923923,
6.4250635262836));
#14954=CARTESIAN_POINT('Ctrl Pts',(-2.46974505121023,-4.3079471701747,6.43127584426091));
#14955=CARTESIAN_POINT('Ctrl Pts',(-2.46851028032017,-4.29864388496403,
6.43274839964643));
#14956=CARTESIAN_POINT('Ctrl Pts',(-2.46851028032017,-4.289121605922,6.43274839964643));
#14957=CARTESIAN_POINT('Origin',(-2.686399637187,1.310878394077,8.923235144876));
#14958=CARTESIAN_POINT('',(-3.012456368912,1.410878394077,11.502709317589));
#14959=CARTESIAN_POINT('',(-2.459794706044,1.410878394077,6.333128929837));
#14960=CARTESIAN_POINT('Origin',(-2.686399637187,1.410878394077,8.923235144876));
#14961=CARTESIAN_POINT('',(-2.904288994057,1.310878394077,11.413721890105));
#14962=CARTESIAN_POINT('Ctrl Pts',(-2.90428899405988,1.310878394077,11.413721890105));
#14963=CARTESIAN_POINT('Ctrl Pts',(-2.90428899405988,1.31109802677963,11.413721890105));
#14964=CARTESIAN_POINT('Ctrl Pts',(-2.90428977794685,1.31131777598715,11.4137225478645));
#14965=CARTESIAN_POINT('Ctrl Pts',(-2.90435821022452,1.32089933215957,11.4137799693128));
#14966=CARTESIAN_POINT('Ctrl Pts',(-2.90584597319762,1.33003167237171,11.4150291299849));
#14967=CARTESIAN_POINT('Ctrl Pts',(-2.91169311440767,1.34866599349642,11.4199276123606));
#14968=CARTESIAN_POINT('Ctrl Pts',(-2.91633787304241,1.35768414298797,11.4238142415864));
#14969=CARTESIAN_POINT('Ctrl Pts',(-2.92947362523998,1.37623205312633,11.4347640922537));
#14970=CARTESIAN_POINT('Ctrl Pts',(-2.93869279788864,1.38486329980268,11.4424208995034));
#14971=CARTESIAN_POINT('Ctrl Pts',(-2.95789109343362,1.39785246667096,11.4582684255145));
#14972=CARTESIAN_POINT('Ctrl Pts',(-2.96790992992381,1.40253408456845,11.4664983047911));
#14973=CARTESIAN_POINT('Ctrl Pts',(-2.98883455720597,1.4090128432604,11.4835874477633));
#14974=CARTESIAN_POINT('Ctrl Pts',(-2.99989370328299,1.41072399553189,11.4925681913496));
#14975=CARTESIAN_POINT('Ctrl Pts',(-3.01143871443923,1.41087506459438,11.5018881260616));
#14976=CARTESIAN_POINT('Ctrl Pts',(-3.01194751773751,1.41087839407698,11.5022987574433));
#14977=CARTESIAN_POINT('Ctrl Pts',(-3.01245636891321,1.41087839407699,11.5027093175875));
#14978=CARTESIAN_POINT('',(-2.468510280318,1.310878394077,6.432748399646));
#14979=CARTESIAN_POINT('Origin',(-2.686399637187,1.310878394077,8.923235144876));
#14980=CARTESIAN_POINT('Origin',(-2.459794706044,1.310878394077,6.333128929837));
#14981=CARTESIAN_POINT('Origin',(-2.686399637187,0.610878394077,8.923235144876));
#14982=CARTESIAN_POINT('',(-2.401789386027,0.610878394077,11.40698171104));
#14983=CARTESIAN_POINT('',(-1.974815190257,0.610878394077,6.526644321459));
#14984=CARTESIAN_POINT('Origin',(-2.686399637187,0.610878394077,8.923235144876));
#14985=CARTESIAN_POINT('',(-2.401789386027,1.110878394077,11.40698171104));
#14986=CARTESIAN_POINT('',(-2.401789386027,0.610878394077,11.40698171104));
#14987=CARTESIAN_POINT('',(-2.904288994057,1.110878394077,11.413721890105));
#14988=CARTESIAN_POINT('Origin',(-2.686399637187,1.110878394077,8.923235144876));
#14989=CARTESIAN_POINT('',(-2.904288994057,0.910878394077,11.413721890105));
#14990=CARTESIAN_POINT('',(-2.904288994057,0.610878394077,11.413721890105));
#14991=CARTESIAN_POINT('',(-2.468510280318,0.910878394077,6.432748399646));
#14992=CARTESIAN_POINT('Origin',(-2.686399637187,0.910878394077,8.923235144876));
#14993=CARTESIAN_POINT('',(-2.468510280318,1.110878394077,6.432748399646));
#14994=CARTESIAN_POINT('',(-2.468510280318,0.610878394077,6.432748399646));
#14995=CARTESIAN_POINT('',(-1.974815190257,1.110878394077,6.526644321459));
#14996=CARTESIAN_POINT('Origin',(-2.686399637187,1.110878394077,8.923235144876));
#14997=CARTESIAN_POINT('',(-1.974815190257,0.610878394077,6.526644321459));
#14998=CARTESIAN_POINT('Origin',(-2.686399637187,-3.589121605922,8.923235144876));
#14999=CARTESIAN_POINT('',(-2.065045454709,-3.589121605922,7.557980963444));
#15000=CARTESIAN_POINT('',(-2.311559121574,-3.589121605922,10.375645069055));
#15001=CARTESIAN_POINT('Origin',(-2.686399637187,-3.589121605922,8.923235144876));
#15002=CARTESIAN_POINT('',(-2.311559121574,-4.089121605922,10.375645069055));
#15003=CARTESIAN_POINT('',(-2.311559121574,-3.589121605922,10.375645069055));
#15004=CARTESIAN_POINT('',(-2.065045454709,-4.089121605922,7.557980963444));
#15005=CARTESIAN_POINT('Origin',(-2.686399637187,-4.089121605922,8.923235144876));
#15006=CARTESIAN_POINT('',(-2.065045454709,-3.589121605922,7.557980963444));
#15007=CARTESIAN_POINT('Origin',(-2.686399637187,1.110878394077,8.923235144876));
#15008=CARTESIAN_POINT('Origin',(-2.686399637187,1.110878394077,8.923235144876));
#15009=CARTESIAN_POINT('',(-2.468510280318,1.110878394077,6.432748399646));
#15010=CARTESIAN_POINT('',(-2.904288994057,1.110878394077,11.413721890105));
#15011=CARTESIAN_POINT('Origin',(-3.322636559245,-4.389121605922,16.195456440945));
#15012=CARTESIAN_POINT('',(-3.322636559245,1.310878394077,16.195456440945));
#15013=CARTESIAN_POINT('',(-3.322636559245,-4.289121605922,16.195456440945));
#15014=CARTESIAN_POINT('',(-3.322636559245,-4.389121605922,16.195456440945));
#15015=CARTESIAN_POINT('',(-3.313391445892,-4.389121605922,16.089784311768));
#15016=CARTESIAN_POINT('Origin',(-3.31339144589178,-4.28912160592407,16.0897843117703));
#15017=CARTESIAN_POINT('',(-2.686399637187,-4.389121605922,8.923235144876));
#15018=CARTESIAN_POINT('',(-2.904288994057,-4.089121605922,11.413721890105));
#15019=CARTESIAN_POINT('',(-2.904288994057,-4.089121605922,11.413721890105));
#15020=CARTESIAN_POINT('',(-2.904288994057,-3.889121605922,11.413721890105));
#15021=CARTESIAN_POINT('',(-2.904288994057,-3.589121605922,11.413721890105));
#15022=CARTESIAN_POINT('',(-3.276410992477,-3.889121605922,15.667095795056));
#15023=CARTESIAN_POINT('',(-2.686399637187,-3.889121605922,8.923235144876));
#15024=CARTESIAN_POINT('',(-3.276410992477,0.910878394077,15.667095795056));
#15025=CARTESIAN_POINT('',(-3.276410992477,-4.389121605922,15.667095795056));
#15026=CARTESIAN_POINT('',(-2.686399637187,0.910878394077,8.923235144876));
#15027=CARTESIAN_POINT('',(-3.322636559245,1.310878394077,16.195456440945));
#15028=CARTESIAN_POINT('Origin',(-3.322636559245,-4.389121605922,16.195456440945));
#15029=CARTESIAN_POINT('',(-2.468510280318,-4.089121605922,6.432748399646));
#15030=CARTESIAN_POINT('',(-2.468510280318,-4.089121605922,6.432748399646));
#15031=CARTESIAN_POINT('',(-2.068652941837,-4.289121605922,1.862358107162));
#15032=CARTESIAN_POINT('',(-3.322636559245,-4.289121605922,16.195456440945));
#15033=CARTESIAN_POINT('',(-2.05016271513,-4.289121605922,1.651013848806));
#15034=CARTESIAN_POINT('Origin',(-2.0594078284835,-4.289121605922,1.756685977984));
#15035=CARTESIAN_POINT('',(-2.05016271513,1.310878394077,1.651013848806));
#15036=CARTESIAN_POINT('',(-2.05016271513,-4.389121605922,1.651013848806));
#15037=CARTESIAN_POINT('',(-2.059407828483,1.410878394077,1.756685977984));
#15038=CARTESIAN_POINT('Origin',(-2.05940782848357,1.31087839407501,1.75668597798606));
#15039=CARTESIAN_POINT('',(-3.322636559245,1.410878394077,16.195456440945));
#15040=CARTESIAN_POINT('',(-2.096388281898,0.910878394077,2.179374494696));
#15041=CARTESIAN_POINT('',(-2.686399637187,0.910878394077,8.923235144876));
#15042=CARTESIAN_POINT('',(-2.096388281898,-3.889121605922,2.179374494696));
#15043=CARTESIAN_POINT('',(-2.096388281898,-4.389121605922,2.179374494696));
#15044=CARTESIAN_POINT('',(-2.468510280318,-3.889121605922,6.432748399646));
#15045=CARTESIAN_POINT('',(-2.686399637187,-3.889121605922,8.923235144876));
#15046=CARTESIAN_POINT('',(-2.468510280318,-3.589121605922,6.432748399646));
#15047=CARTESIAN_POINT('Origin',(-28.452892551231,-4.389121605922,6.668959116076));
#15048=CARTESIAN_POINT('',(-8.725886461046,-4.289121605922,3.375749326557));
#15049=CARTESIAN_POINT('',(-9.597443888843,-4.289121605922,13.337696307328));
#15050=CARTESIAN_POINT('Origin',(-28.452892551231,-4.289121605922,6.668959116076));
#15051=CARTESIAN_POINT('',(-9.597443888522,1.310878394077,13.337696307475));
#15052=CARTESIAN_POINT('',(-9.597443888522,-4.389121605922,13.337696307475));
#15053=CARTESIAN_POINT('',(-8.725886461045,1.310878394077,3.375749326557));
#15054=CARTESIAN_POINT('Origin',(-28.452892551231,1.310878394077,6.668959116076));
#15055=CARTESIAN_POINT('',(-8.725886461046,-4.389121605922,3.375749326557));
#15056=CARTESIAN_POINT('Origin',(-8.725886461046,-4.389121605922,3.375749326557));
#15057=CARTESIAN_POINT('',(-8.725886461046,-4.289121605922,3.375749326557));
#15058=CARTESIAN_POINT('',(-2.05016271513,1.310878394077,1.651013848806));
#15059=CARTESIAN_POINT('Origin',(-9.597443888522,-4.389121605922,13.337696307475));
#15060=CARTESIAN_POINT('',(-9.597443888522,-4.289121605922,13.337696307475));
#15061=CARTESIAN_POINT('',(-3.419172056619,1.410878394077,16.151490900431));
#15062=CARTESIAN_POINT('Origin',(-3.41917205661914,1.31087839407691,16.1514909004309));
#15063=CARTESIAN_POINT('',(-9.506090638527,1.410878394077,13.379301676724));
#15064=CARTESIAN_POINT('',(-27.729176610704,1.410878394077,5.07989009844));
#15065=CARTESIAN_POINT('Origin',(-9.50609242127204,1.31088071612126,13.379299687454));
#15066=CARTESIAN_POINT('Origin',(-28.452892551231,-4.389121605922,6.668959116076));
#15067=CARTESIAN_POINT('',(-9.472808232935,-4.389121605922,13.284576945907));
#15068=CARTESIAN_POINT('',(-27.687729316417,-4.389121605922,4.988883934933));
#15069=CARTESIAN_POINT('',(-8.612368381457,-4.389121605922,3.449704440129));
#15070=CARTESIAN_POINT('Origin',(-28.452892551231,-4.389121605922,6.668959116076));
#15071=CARTESIAN_POINT('',(-2.162111270728,-4.389121605922,1.783220369949));
#15072=CARTESIAN_POINT('',(-27.991095858815,-4.389121605922,8.456379381452));
#15073=CARTESIAN_POINT('',(-2.786019106997,-4.389121605922,8.914519570601));
#15074=CARTESIAN_POINT('Origin',(-28.452892551231,1.410878394077,6.668959116076));
#15075=CARTESIAN_POINT('',(-8.612368381457,1.410878394077,3.449704440129));
#15076=CARTESIAN_POINT('',(-8.70087189874,1.410878394077,3.472570149073));
#15077=CARTESIAN_POINT('Origin',(-28.452892551231,1.410878394077,6.668959116076));
#15078=CARTESIAN_POINT('',(-3.003908463866,1.410878394077,11.40500631583));
#15079=CARTESIAN_POINT('Origin',(-28.452892551231,-4.389121605922,6.668959116076));
#15080=CARTESIAN_POINT('',(-8.977997075487,0.910878394077,13.070400063929));
#15081=CARTESIAN_POINT('',(-8.162265942579,0.910878394077,3.746550549798));
#15082=CARTESIAN_POINT('Origin',(-28.452892551231,0.910878394077,6.668959116076));
#15083=CARTESIAN_POINT('',(-8.977997075487,-3.889121605922,13.070400063929));
#15084=CARTESIAN_POINT('',(-8.977997075487,-3.889121605922,13.070400063929));
#15085=CARTESIAN_POINT('',(-8.162265942579,-3.889121605922,3.746550549797));
#15086=CARTESIAN_POINT('Origin',(-28.452892551231,-3.889121605922,6.668959116076));
#15087=CARTESIAN_POINT('',(-8.162265942579,-3.889121605922,3.746550549797));
#15088=CARTESIAN_POINT('Origin',(-8.600813649517,-4.389121605922,3.859853439137));
#15089=CARTESIAN_POINT('',(-27.891037609592,0.910878394077,8.843662671516));
#15090=CARTESIAN_POINT('',(-27.891037609592,-3.889121605922,8.843662671516));
#15091=CARTESIAN_POINT('Origin',(-9.390207417087,-4.389121605922,12.882665489939));
#15092=CARTESIAN_POINT('',(-27.521940139269,0.910878394077,4.624859280904));
#15093=CARTESIAN_POINT('',(-27.521940139269,-3.889121605922,4.624859280904));
#15094=CARTESIAN_POINT('Origin',(-28.452892551231,-3.889121605922,6.668959116076));
#15095=CARTESIAN_POINT('Origin',(-2.686399637187,-3.889121605922,8.923235144876));
#15096=CARTESIAN_POINT('Origin',(-28.452892551231,0.910878394077,6.668959116076));
#15097=CARTESIAN_POINT('Origin',(-2.686399637187,-4.089121605922,8.923235144876));
#15098=CARTESIAN_POINT('Origin',(-2.686399637187,-4.089121605922,8.923235144876));
#15099=CARTESIAN_POINT('',(-1.974815190257,-4.089121605922,6.526644321459));
#15100=CARTESIAN_POINT('Origin',(-2.686399637187,-4.089121605922,8.923235144876));
#15101=CARTESIAN_POINT('',(-1.974815190257,-4.089121605922,6.526644321459));
#15102=CARTESIAN_POINT('',(-2.401789386027,-4.089121605922,11.40698171104));
#15103=CARTESIAN_POINT('',(-2.311559121574,-4.089121605922,10.375645069055));
#15104=CARTESIAN_POINT('Origin',(-2.686399637187,-4.089121605922,8.923235144876));
#15105=CARTESIAN_POINT('Origin',(-2.686399637187,-4.089121605922,8.923235144876));
#15106=CARTESIAN_POINT('Origin',(-2.686399637187,1.110878394077,8.923235144876));
#15107=CARTESIAN_POINT('',(-2.311559121574,1.110878394077,10.375645069055));
#15108=CARTESIAN_POINT('',(-2.311559121574,1.110878394077,10.375645069055));
#15109=CARTESIAN_POINT('',(-2.065045454709,1.110878394077,7.557980963444));
#15110=CARTESIAN_POINT('Origin',(-2.686399637187,1.110878394077,8.923235144876));
#15111=CARTESIAN_POINT('',(-1.974815190257,1.110878394077,6.526644321459));
#15112=CARTESIAN_POINT('Origin',(-2.686399637187,-3.589121605922,8.923235144876));
#15113=CARTESIAN_POINT('',(-2.401789386027,-3.589121605922,11.40698171104));
#15114=CARTESIAN_POINT('',(-2.401789386027,-3.589121605922,11.40698171104));
#15115=CARTESIAN_POINT('',(-1.974815190257,-3.589121605922,6.526644321459));
#15116=CARTESIAN_POINT('Origin',(-2.686399637187,-3.589121605922,8.923235144876));
#15117=CARTESIAN_POINT('',(-1.974815190257,-3.589121605922,6.526644321459));
#15118=CARTESIAN_POINT('Origin',(-1.974815190257,-3.589121605922,6.526644321459));
#15119=CARTESIAN_POINT('',(-1.974815190257,-3.589121605922,6.526644321459));
#15120=CARTESIAN_POINT('Origin',(-2.311559121574,-3.589121605922,10.375645069055));
#15121=CARTESIAN_POINT('',(-2.311559121574,-3.589121605922,10.375645069055));
#15122=CARTESIAN_POINT('Origin',(-2.686399637187,-3.589121605922,8.923235144876));
#15123=CARTESIAN_POINT('Origin',(-2.686399637187,0.610878394077,8.923235144876));
#15124=CARTESIAN_POINT('',(-2.311559121574,0.610878394077,10.375645069055));
#15125=CARTESIAN_POINT('',(-2.311559121574,0.610878394077,10.375645069055));
#15126=CARTESIAN_POINT('',(-2.065045454709,0.610878394077,7.557980963444));
#15127=CARTESIAN_POINT('Origin',(-2.686399637187,0.610878394077,8.923235144876));
#15128=CARTESIAN_POINT('',(-2.065045454709,0.610878394077,7.557980963444));
#15129=CARTESIAN_POINT('Origin',(-2.311559121574,0.610878394077,10.375645069055));
#15130=CARTESIAN_POINT('',(-2.311559121574,0.610878394077,10.375645069055));
#15131=CARTESIAN_POINT('Origin',(-1.974815190257,0.610878394077,6.526644321459));
#15132=CARTESIAN_POINT('',(-1.974815190257,0.610878394077,6.526644321459));
#15133=CARTESIAN_POINT('Origin',(-2.686399637187,0.610878394077,8.923235144876));
#15134=CARTESIAN_POINT('Origin',(-8.70087189874,1.310878394077,3.472570149073));
#15135=CARTESIAN_POINT('Ctrl Pts',(-8.61236838145778,1.41087839407694,3.44970444012936));
#15136=CARTESIAN_POINT('Ctrl Pts',(-8.61290255058228,1.41087839407694,3.44935557115581));
#15137=CARTESIAN_POINT('Ctrl Pts',(-8.61343673074751,1.41087506083762,3.44900670719138));
#15138=CARTESIAN_POINT('Ctrl Pts',(-8.62371287586101,1.4107468110106,3.44229576718459));
#15139=CARTESIAN_POINT('Ctrl Pts',(-8.63348036318133,1.40951606837188,3.4359211478291));
#15140=CARTESIAN_POINT('Ctrl Pts',(-8.65227483034623,1.40486270590451,3.42366283152286));
#15141=CARTESIAN_POINT('Ctrl Pts',(-8.66137943436074,1.40149054048159,3.41772828032004));
#15142=CARTESIAN_POINT('Ctrl Pts',(-8.68176786451649,1.39088485961718,3.40444608551448));
#15143=CARTESIAN_POINT('Ctrl Pts',(-8.69280814538299,1.38263748465294,3.39726000709698));
#15144=CARTESIAN_POINT('Ctrl Pts',(-8.70904138582611,1.36421323653739,3.38669960994312));
#15145=CARTESIAN_POINT('Ctrl Pts',(-8.71497611393055,1.35500912652457,3.38284096141432));
#15146=CARTESIAN_POINT('Ctrl Pts',(-8.72280915201192,1.33582500040968,3.3777490914059));
#15147=CARTESIAN_POINT('Ctrl Pts',(-8.72506777150669,1.32636875865295,3.37628136297045));
#15148=CARTESIAN_POINT('Ctrl Pts',(-8.72582552084139,1.31466376368679,3.37578892892162));
#15149=CARTESIAN_POINT('Ctrl Pts',(-8.72588646104646,1.31276856096566,3.3757493265573));
#15150=CARTESIAN_POINT('Ctrl Pts',(-8.72588646104646,1.310878394077,3.3757493265573));
#15151=CARTESIAN_POINT('Origin',(-28.452892551231,1.310878394077,6.668959116076));
#15152=CARTESIAN_POINT('Origin',(-27.991095858815,-4.289121605922,8.456379381452));
#15153=CARTESIAN_POINT('Ctrl Pts',(-8.61236838145971,-4.38912160592206,
3.44970444013315));
#15154=CARTESIAN_POINT('Ctrl Pts',(-8.61290255058117,-4.38912160592205,
3.44935557116158));
#15155=CARTESIAN_POINT('Ctrl Pts',(-8.61343673074956,-4.38911827268269,
3.4490067072006));
#15156=CARTESIAN_POINT('Ctrl Pts',(-8.61723936873875,-4.38907081445212,
3.44652335617433));
#15157=CARTESIAN_POINT('Ctrl Pts',(-8.62050822575922,-4.38890520285293,
3.44438905473695));
#15158=CARTESIAN_POINT('Ctrl Pts',(-8.64268988087406,-4.38692693301322,
3.42990930943491));
#15159=CARTESIAN_POINT('Ctrl Pts',(-8.66082956819739,-4.38107223573581,
3.41808417984733));
#15160=CARTESIAN_POINT('Ctrl Pts',(-8.68916891120731,-4.36394991996374,
3.39962757030933));
#15161=CARTESIAN_POINT('Ctrl Pts',(-8.69988295277885,-4.3541807800337,3.39265665205234));
#15162=CARTESIAN_POINT('Ctrl Pts',(-8.71451220553051,-4.33396591165622,
3.38314224998585));
#15163=CARTESIAN_POINT('Ctrl Pts',(-8.71958843892164,-4.32386948225367,
3.37984258474067));
#15164=CARTESIAN_POINT('Ctrl Pts',(-8.72478665134155,-4.30509100899861,
3.37646400023921));
#15165=CARTESIAN_POINT('Ctrl Pts',(-8.72588646104552,-4.29715175264679,
3.37574932656294));
#15166=CARTESIAN_POINT('Ctrl Pts',(-8.72588646104551,-4.289121605922,3.37574932656294));
#15167=CARTESIAN_POINT('Origin',(-2.16211127072695,-4.28912160592308,1.78322036995004));
#15168=CARTESIAN_POINT('Origin',(-28.452892551231,-4.289121605922,6.668959116076));
#15169=CARTESIAN_POINT('Ctrl Pts',(-9.4728082329365,-4.38912160592209,13.284576945908));
#15170=CARTESIAN_POINT('Ctrl Pts',(-9.47339486729047,-4.38912160592209,
13.2848277572817));
#15171=CARTESIAN_POINT('Ctrl Pts',(-9.473981511655,-4.38911827268273,13.2850785618042));
#15172=CARTESIAN_POINT('Ctrl Pts',(-9.47815760841001,-4.38907081445214,
13.2868638639901));
#15173=CARTESIAN_POINT('Ctrl Pts',(-9.48174742170175,-4.38890520285296,
13.2883981095288));
#15174=CARTESIAN_POINT('Ctrl Pts',(-9.50610646901837,-4.38692693301327,
13.2988060709754));
#15175=CARTESIAN_POINT('Ctrl Pts',(-9.52602398593508,-4.38107223573581,
13.3073016266265));
#15176=CARTESIAN_POINT('Ctrl Pts',(-9.55713774725826,-4.36394991996403,
13.3205567635237));
#15177=CARTESIAN_POINT('Ctrl Pts',(-9.56889950571615,-4.35418078003407,
13.3255613040745));
#15178=CARTESIAN_POINT('Ctrl Pts',(-9.58495866582745,-4.33396591165632,
13.332390817914));
#15179=CARTESIAN_POINT('Ctrl Pts',(-9.59053076068387,-4.32386948225378,
13.334758875152));
#15180=CARTESIAN_POINT('Ctrl Pts',(-9.5962366856186,-4.30509100899869,13.3371834712494));
#15181=CARTESIAN_POINT('Ctrl Pts',(-9.59744388852343,-4.29715175264683,
13.3376963074758));
#15182=CARTESIAN_POINT('Ctrl Pts',(-9.59744388852342,-4.289121605922,13.3376963074758));
#15183=CARTESIAN_POINT('Origin',(-3.422256029055,1.310878394077,16.186740866671));
#15184=CARTESIAN_POINT('Origin',(-2.786019106997,-4.289121605922,8.914519570601));
#15185=CARTESIAN_POINT('Origin',(-27.687729316417,-4.289121605922,4.988883934933));
#15186=CARTESIAN_POINT('Origin',(-4.065886461046,-2.939121605922,11.259899433985));
#15187=CARTESIAN_POINT('Origin',(-2.686399637187,-4.099121605922,8.923235144876));
#15188=CARTESIAN_POINT('Origin',(-4.065886461045,-0.039121605922,11.259899433985));
#15189=CARTESIAN_POINT('Origin',(-2.686399637187,1.120878394077,8.923235144876));
#15190=CARTESIAN_POINT('',(0.,0.,0.));
#15191=CARTESIAN_POINT('',(-8.363330374563,1.52636613985,-2.773184243664));
#15192=UNCERTAINTY_MEASURE_WITH_UNIT(LENGTH_MEASURE(0.01),#15200,
'DISTANCE_ACCURACY_VALUE',
'Maximum model space distance between geometric entities at asserted c
onnectivities');
#15193=UNCERTAINTY_MEASURE_WITH_UNIT(LENGTH_MEASURE(0.01),#15200,
'DISTANCE_ACCURACY_VALUE',
'Maximum model space distance between geometric entities at asserted c
onnectivities');
#15194=UNCERTAINTY_MEASURE_WITH_UNIT(LENGTH_MEASURE(0.01),#15200,
'DISTANCE_ACCURACY_VALUE',
'Maximum model space distance between geometric entities at asserted c
onnectivities');
#15195=UNCERTAINTY_MEASURE_WITH_UNIT(LENGTH_MEASURE(0.01),#15200,
'DISTANCE_ACCURACY_VALUE',
'Maximum model space distance between geometric entities at asserted c
onnectivities');
#15196=(
GEOMETRIC_REPRESENTATION_CONTEXT(3)
GLOBAL_UNCERTAINTY_ASSIGNED_CONTEXT((#15192))
GLOBAL_UNIT_ASSIGNED_CONTEXT((#15200,#15202,#15203))
REPRESENTATION_CONTEXT('','3D')
);
#15197=(
GEOMETRIC_REPRESENTATION_CONTEXT(3)
GLOBAL_UNCERTAINTY_ASSIGNED_CONTEXT((#15193))
GLOBAL_UNIT_ASSIGNED_CONTEXT((#15200,#15202,#15203))
REPRESENTATION_CONTEXT('','3D')
);
#15198=(
GEOMETRIC_REPRESENTATION_CONTEXT(3)
GLOBAL_UNCERTAINTY_ASSIGNED_CONTEXT((#15194))
GLOBAL_UNIT_ASSIGNED_CONTEXT((#15200,#15202,#15203))
REPRESENTATION_CONTEXT('','3D')
);
#15199=(
GEOMETRIC_REPRESENTATION_CONTEXT(3)
GLOBAL_UNCERTAINTY_ASSIGNED_CONTEXT((#15195))
GLOBAL_UNIT_ASSIGNED_CONTEXT((#15200,#15202,#15203))
REPRESENTATION_CONTEXT('','3D')
);
#15200=(
LENGTH_UNIT()
NAMED_UNIT(*)
SI_UNIT(.MILLI.,.METRE.)
);
#15201=(
LENGTH_UNIT()
NAMED_UNIT(*)
SI_UNIT($,.METRE.)
);
#15202=(
NAMED_UNIT(*)
PLANE_ANGLE_UNIT()
SI_UNIT($,.RADIAN.)
);
#15203=(
NAMED_UNIT(*)
SI_UNIT($,.STERADIAN.)
SOLID_ANGLE_UNIT()
);
#15204=SHAPE_DEFINITION_REPRESENTATION(#15207,#15212);
#15205=SHAPE_DEFINITION_REPRESENTATION(#15208,#15213);
#15206=SHAPE_DEFINITION_REPRESENTATION(#15209,#15214);
#15207=PRODUCT_DEFINITION_SHAPE('',$,#15216);
#15208=PRODUCT_DEFINITION_SHAPE('',$,#15217);
#15209=PRODUCT_DEFINITION_SHAPE('',$,#15218);
#15210=PRODUCT_DEFINITION_SHAPE($,$,#17);
#15211=PRODUCT_DEFINITION_SHAPE($,$,#18);
#15212=SHAPE_REPRESENTATION('',(#8770,#9421),#15196);
#15213=SHAPE_REPRESENTATION('',(#8771,#9420),#15197);
#15214=SHAPE_REPRESENTATION('',(#8772),#15198);
#15215=PRODUCT_DEFINITION_CONTEXT('part definition',#15226,'design');
#15216=PRODUCT_DEFINITION('EasyEDA PCB Model~velS','(\X2\672A4FDD5B58\X0\)',
#15219,#15215);
#15217=PRODUCT_DEFINITION(
'SW1~SW-TH_SA-0-102-C04-0004-WP~SW-TH_SA-0-102-C04-0004-WP~czE1',
'SW1~SW-TH_SA-0-102-C04-0004-WP~SW-TH_SA-0-102-C04-0004-WP~czE1',#15220,
#15215);
#15218=PRODUCT_DEFINITION(
'SW-TH_SA-0-102-C04-0004-WP~SW-TH_SA-0-102-C04-0004-WP~wWw8',
'SW-TH_SA-0-102-C04-0004-WP~SW-TH_SA-0-102-C04-0004-WP~wWw8',#15221,#15215);
#15219=PRODUCT_DEFINITION_FORMATION('',$,#15228);
#15220=PRODUCT_DEFINITION_FORMATION('',$,#15229);
#15221=PRODUCT_DEFINITION_FORMATION('',$,#15230);
#15222=PRODUCT_RELATED_PRODUCT_CATEGORY('(\X2\672A4FDD5B58\X0\)',
'(\X2\672A4FDD5B58\X0\)',(#15228));
#15223=PRODUCT_RELATED_PRODUCT_CATEGORY(
'SW1~SW-TH_SA-0-102-C04-0004-WP~SW-TH_SA-0-102-C04-0004-WP~czE1',
'SW1~SW-TH_SA-0-102-C04-0004-WP~SW-TH_SA-0-102-C04-0004-WP~czE1',(#15229));
#15224=PRODUCT_RELATED_PRODUCT_CATEGORY(
'SW-TH_SA-0-102-C04-0004-WP~SW-TH_SA-0-102-C04-0004-WP~wWw8',
'SW-TH_SA-0-102-C04-0004-WP~SW-TH_SA-0-102-C04-0004-WP~wWw8',(#15230));
#15225=APPLICATION_PROTOCOL_DEFINITION('international standard',
'automotive_design',2009,#15226);
#15226=APPLICATION_CONTEXT(
'Core Data for Automotive Mechanical Design Process');
#15227=PRODUCT_CONTEXT('part definition',#15226,'mechanical');
#15228=PRODUCT('EasyEDA PCB Model~velS','(\X2\672A4FDD5B58\X0\)',
'Designed by EasyEDA Pro',(#15227));
#15229=PRODUCT(
'SW1~SW-TH_SA-0-102-C04-0004-WP~SW-TH_SA-0-102-C04-0004-WP~czE1',
'SW1~SW-TH_SA-0-102-C04-0004-WP~SW-TH_SA-0-102-C04-0004-WP~czE1',$,(#15227));
#15230=PRODUCT(
'SW-TH_SA-0-102-C04-0004-WP~SW-TH_SA-0-102-C04-0004-WP~wWw8',
'SW-TH_SA-0-102-C04-0004-WP~SW-TH_SA-0-102-C04-0004-WP~wWw8',$,(#15227));
#15231=PRESENTATION_STYLE_ASSIGNMENT((#15237));
#15232=PRESENTATION_STYLE_ASSIGNMENT((#15238));
#15233=PRESENTATION_STYLE_ASSIGNMENT((#15239));
#15234=PRESENTATION_STYLE_ASSIGNMENT((#15240));
#15235=PRESENTATION_STYLE_ASSIGNMENT((#15241));
#15236=PRESENTATION_STYLE_ASSIGNMENT((#15242));
#15237=SURFACE_STYLE_USAGE(.BOTH.,#15243);
#15238=SURFACE_STYLE_USAGE(.BOTH.,#15244);
#15239=SURFACE_STYLE_USAGE(.BOTH.,#15245);
#15240=SURFACE_STYLE_USAGE(.BOTH.,#15246);
#15241=SURFACE_STYLE_USAGE(.BOTH.,#15247);
#15242=SURFACE_STYLE_USAGE(.BOTH.,#15248);
#15243=SURFACE_SIDE_STYLE('',(#15249));
#15244=SURFACE_SIDE_STYLE('',(#15250));
#15245=SURFACE_SIDE_STYLE('',(#15251));
#15246=SURFACE_SIDE_STYLE('',(#15252));
#15247=SURFACE_SIDE_STYLE('',(#15253));
#15248=SURFACE_SIDE_STYLE('',(#15254));
#15249=SURFACE_STYLE_FILL_AREA(#15255);
#15250=SURFACE_STYLE_FILL_AREA(#15256);
#15251=SURFACE_STYLE_FILL_AREA(#15257);
#15252=SURFACE_STYLE_FILL_AREA(#15258);
#15253=SURFACE_STYLE_FILL_AREA(#15259);
#15254=SURFACE_STYLE_FILL_AREA(#15260);
#15255=FILL_AREA_STYLE('\X2\94A2\X0\ - \X2\7F0E5149\X0\',(#15261));
#15256=FILL_AREA_STYLE('Opaque(255,255,255)',(#15262));
#15257=FILL_AREA_STYLE('Opaque(192,192,192)',(#15263));
#15258=FILL_AREA_STYLE('Opaque(255,0,0)',(#15264));
#15259=FILL_AREA_STYLE('Opaque(64,64,64)',(#15265));
#15260=FILL_AREA_STYLE('Opaque(63,63,63)',(#15266));
#15261=FILL_AREA_STYLE_COLOUR('\X2\94A2\X0\ - \X2\7F0E5149\X0\',#15267);
#15262=FILL_AREA_STYLE_COLOUR('Opaque(255,255,255)',#15268);
#15263=FILL_AREA_STYLE_COLOUR('Opaque(192,192,192)',#15269);
#15264=FILL_AREA_STYLE_COLOUR('Opaque(255,0,0)',#15270);
#15265=FILL_AREA_STYLE_COLOUR('Opaque(64,64,64)',#15271);
#15266=FILL_AREA_STYLE_COLOUR('Opaque(63,63,63)',#15272);
#15267=COLOUR_RGB('\X2\94A2\X0\ - \X2\7F0E5149\X0\',0.627450980392157,0.627450980392157,
0.627450980392157);
#15268=COLOUR_RGB('Opaque(255,255,255)',1.,1.,1.);
#15269=COLOUR_RGB('Opaque(192,192,192)',0.752941176470588,0.752941176470588,
0.752941176470588);
#15270=COLOUR_RGB('Opaque(255,0,0)',1.,0.,0.);
#15271=COLOUR_RGB('Opaque(64,64,64)',0.250980392156863,0.250980392156863,
0.250980392156863);
#15272=COLOUR_RGB('Opaque(63,63,63)',0.250980392156863,0.250980392156863,
0.250980392156863);
ENDSEC;
END-ISO-10303-21;
