ISO-10303-21;
HEADER;
FILE_DESCRIPTION (( 'STEP AP214' ),
    '1' );
FILE_NAME ('760390015.STEP',
    '2018-10-06T15:30:44',
    ( '' ),
    ( '' ),
    'SwSTEP 2.0',
    'SolidWorks 2017',
    '' );
FILE_SCHEMA (( 'AUTOMOTIVE_DESIGN' ));
ENDSEC;

DATA;
#1 = ORIENTED_EDGE ( 'NONE', *, *, #1461, .F. ) ;
#2 = EDGE_LOOP ( 'NONE', ( #2123, #1902, #845, #1679 ) ) ;
#3 =( NAMED_UNIT ( * ) SI_UNIT ( $, .STERADIAN. ) SOLID_ANGLE_UNIT ( ) );
#4 = ORIENTED_EDGE ( 'NONE', *, *, #260, .F. ) ;
#5 = CARTESIAN_POINT ( 'NONE',  ( -3.730482405502320900, 0.2951766889287116800, 0.2500000000000002200 ) ) ;
#6 = DIRECTION ( 'NONE',  ( 1.000000000000000000, 0.0000000000000000000, -0.0000000000000000000 ) ) ;
#7 = EDGE_CURVE ( 'NONE', #405, #1246, #1735, .T. ) ;
#8 = DIRECTION ( 'NONE',  ( 0.5879296996640562800, -0.8089120275116031800, -0.0000000000000000000 ) ) ;
#9 = EDGE_CURVE ( 'NONE', #201, #1926, #281, .T. ) ;
#10 = FACE_OUTER_BOUND ( 'NONE', #2050, .T. ) ;
#11 = ADVANCED_FACE ( 'NONE', ( #1795 ), #466, .F. ) ;
#12 = AXIS2_PLACEMENT_3D ( 'NONE', #1621, #143, #2183 ) ;
#13 = CARTESIAN_POINT ( 'NONE',  ( -2.563175261000484100, 0.4852212400842086900, -3.365500000000000400 ) ) ;
#14 = LINE ( 'NONE', #1628, #740 ) ;
#15 = CARTESIAN_POINT ( 'NONE',  ( -2.541079151118327900, 3.990000000000000700, -2.014591036643548900 ) ) ;
#16 = FACE_OUTER_BOUND ( 'NONE', #1561, .T. ) ;
#17 = LINE ( 'NONE', #2203, #309 ) ;
#18 = PRESENTATION_STYLE_ASSIGNMENT (( #1426 ) ) ;
#19 = ORIENTED_EDGE ( 'NONE', *, *, #110, .T. ) ;
#20 = DIRECTION ( 'NONE',  ( -0.8089120275116020700, -0.5879296996640578400, 0.0000000000000000000 ) ) ;
#21 = VERTEX_POINT ( 'NONE', #1742 ) ;
#22 = ORIENTED_EDGE ( 'NONE', *, *, #1143, .F. ) ;
#23 = EDGE_CURVE ( 'NONE', #607, #201, #1001, .T. ) ;
#24 = PLANE ( 'NONE',  #2265 ) ;
#25 = VECTOR ( 'NONE', #1874, 1000.000000000000000 ) ;
#26 = ORIENTED_EDGE ( 'NONE', *, *, #2162, .T. ) ;
#27 = FACE_OUTER_BOUND ( 'NONE', #2326, .T. ) ;
#28 = VERTEX_POINT ( 'NONE', #277 ) ;
#29 = DIRECTION ( 'NONE',  ( 0.0000000000000000000, 1.000000000000000000, 0.0000000000000000000 ) ) ;
#30 = ORIENTED_EDGE ( 'NONE', *, *, #2042, .F. ) ;
#31 = ORIENTED_EDGE ( 'NONE', *, *, #2401, .F. ) ;
#32 = DIRECTION ( 'NONE',  ( 0.5879296996640562800, -0.8089120275116031800, -0.0000000000000000000 ) ) ;
#33 = ORIENTED_EDGE ( 'NONE', *, *, #397, .F. ) ;
#34 = ADVANCED_FACE ( 'NONE', ( #1701 ), #854, .F. ) ;
#35 = CARTESIAN_POINT ( 'NONE',  ( 3.730482405502320900, 0.2951766889287116800, 0.2500000000000002200 ) ) ;
#36 = EDGE_CURVE ( 'NONE', #487, #1268, #1342, .T. ) ;
#37 = VECTOR ( 'NONE', #1282, 1000.000000000000000 ) ;
#38 = AXIS2_PLACEMENT_3D ( 'NONE', #172, #1463, #181 ) ;
#39 = LINE ( 'NONE', #2134, #1963 ) ;
#40 = AXIS2_PLACEMENT_3D ( 'NONE', #528, #2180, #1038 ) ;
#41 = DIRECTION ( 'NONE',  ( 1.000000000000000000, 0.0000000000000000000, -0.0000000000000000000 ) ) ;
#42 = LINE ( 'NONE', #2172, #161 ) ;
#43 = ADVANCED_FACE ( 'NONE', ( #2210 ), #139, .F. ) ;
#44 = CARTESIAN_POINT ( 'NONE',  ( 3.771184040063300100, -0.1009999999999995300, 0.2500000000000002200 ) ) ;
#45 = VECTOR ( 'NONE', #1648, 1000.000000000000000 ) ;
#46 = ORIENTED_EDGE ( 'NONE', *, *, #162, .T. ) ;
#47 = ORIENTED_EDGE ( 'NONE', *, *, #370, .F. ) ;
#48 = VECTOR ( 'NONE', #1051, 1000.000000000000000 ) ;
#49 = ORIENTED_EDGE ( 'NONE', *, *, #2130, .T. ) ;
#50 = DIRECTION ( 'NONE',  ( 0.0000000000000000000, 0.0000000000000000000, -1.000000000000000000 ) ) ;
#51 = ORIENTED_EDGE ( 'NONE', *, *, #1762, .T. ) ;
#52 = EDGE_CURVE ( 'NONE', #1344, #2271, #1373, .T. ) ;
#53 = CARTESIAN_POINT ( 'NONE',  ( -3.568700000000000200, 0.4852212400842085800, 0.7089903454162803700 ) ) ;
#54 = DIRECTION ( 'NONE',  ( -1.000000000000000000, 0.0000000000000000000, 0.0000000000000000000 ) ) ;
#55 = CARTESIAN_POINT ( 'NONE',  ( -5.016499999999999700, -0.1009999999999996900, -0.2499999999999997800 ) ) ;
#56 = ORIENTED_EDGE ( 'NONE', *, *, #1218, .T. ) ;
#57 = DIRECTION ( 'NONE',  ( -1.000000000000000000, 0.0000000000000000000, 1.822852308939677200E-016 ) ) ;
#58 = AXIS2_PLACEMENT_3D ( 'NONE', #1410, #840, #292 ) ;
#59 = ADVANCED_FACE ( 'NONE', ( #1941 ), #2370, .F. ) ;
#60 = ORIENTED_EDGE ( 'NONE', *, *, #52, .F. ) ;
#61 = FILL_AREA_STYLE_COLOUR ( '', #128 ) ;
#62 = CARTESIAN_POINT ( 'NONE',  ( 3.568700000000000200, 0.1775907489959000500, 0.2500000000000002200 ) ) ;
#63 = LINE ( 'NONE', #882, #765 ) ;
#64 = EDGE_CURVE ( 'NONE', #1580, #1900, #955, .T. ) ;
#65 = LINE ( 'NONE', #293, #617 ) ;
#66 = CARTESIAN_POINT ( 'NONE',  ( -2.563175261000484100, 8.946062254689056900, -3.365500000000000400 ) ) ;
#67 = AXIS2_PLACEMENT_3D ( 'NONE', #523, #1994, #1245 ) ;
#68 = FACE_OUTER_BOUND ( 'NONE', #497, .T. ) ;
#69 = AXIS2_PLACEMENT_3D ( 'NONE', #237, #2136, #606 ) ;
#70 = VECTOR ( 'NONE', #361, 1000.000000000000200 ) ;
#71 = LINE ( 'NONE', #106, #682 ) ;
#72 = ORIENTED_EDGE ( 'NONE', *, *, #1778, .F. ) ;
#73 = SURFACE_STYLE_FILL_AREA ( #2133 ) ;
#74 = ORIENTED_EDGE ( 'NONE', *, *, #581, .F. ) ;
#75 = ORIENTED_EDGE ( 'NONE', *, *, #1521, .T. ) ;
#76 = DIRECTION ( 'NONE',  ( 1.000000000000000000, 1.197108232069350100E-016, -0.0000000000000000000 ) ) ;
#77 = VECTOR ( 'NONE', #2256, 1000.000000000000000 ) ;
#78 = ADVANCED_FACE ( 'NONE', ( #1204 ), #1972, .F. ) ;
#79 = EDGE_LOOP ( 'NONE', ( #1838, #490, #1827, #1206, #930, #1916 ) ) ;
#80 = EDGE_CURVE ( 'NONE', #1472, #1584, #2033, .T. ) ;
#81 = VERTEX_POINT ( 'NONE', #1405 ) ;
#82 = EDGE_CURVE ( 'NONE', #2424, #1274, #977, .T. ) ;
#83 = ORIENTED_EDGE ( 'NONE', *, *, #215, .T. ) ;
#84 = DIRECTION ( 'NONE',  ( -0.0000000000000000000, -0.0000000000000000000, -1.000000000000000000 ) ) ;
#85 = DIRECTION ( 'NONE',  ( 0.0000000000000000000, 1.000000000000000000, -2.234449119122123800E-016 ) ) ;
#86 = EDGE_LOOP ( 'NONE', ( #2049, #1439, #286, #719, #1321, #2215 ) ) ;
#87 = CARTESIAN_POINT ( 'NONE',  ( -5.016499999999999700, 0.09900000000000032400, -0.2499999999999997800 ) ) ;
#88 = DIRECTION ( 'NONE',  ( 1.000000000000000000, 0.0000000000000000000, 0.0000000000000000000 ) ) ;
#89 = ADVANCED_FACE ( 'NONE', ( #1402 ), #502, .F. ) ;
#90 = DIRECTION ( 'NONE',  ( 1.197108232069350100E-016, 1.000000000000000000, 0.0000000000000000000 ) ) ;
#91 = EDGE_CURVE ( 'NONE', #842, #2402, #924, .T. ) ;
#92 = CARTESIAN_POINT ( 'NONE',  ( -2.541079151118327900, 3.990000000000000700, -1.648312133175455100 ) ) ;
#93 = LINE ( 'NONE', #838, #2029 ) ;
#94 = DIRECTION ( 'NONE',  ( 0.0000000000000000000, -0.0000000000000000000, -1.000000000000000000 ) ) ;
#95 = LINE ( 'NONE', #1799, #1517 ) ;
#96 = AXIS2_PLACEMENT_3D ( 'NONE', #1582, #301, #269 ) ;
#97 = LINE ( 'NONE', #251, #2032 ) ;
#98 = CARTESIAN_POINT ( 'NONE',  ( -2.541079151118327900, 5.125993185791449100, -2.380869940111642900 ) ) ;
#99 = LINE ( 'NONE', #1160, #1670 ) ;
#100 = LINE ( 'NONE', #1272, #1522 ) ;
#101 = ORIENTED_EDGE ( 'NONE', *, *, #1633, .T. ) ;
#102 = CARTESIAN_POINT ( 'NONE',  ( 0.0000000000000000000, 0.0000000000000000000, 0.0000000000000000000 ) ) ;
#103 = VERTEX_POINT ( 'NONE', #475 ) ;
#104 = VECTOR ( 'NONE', #961, 1000.000000000000000 ) ;
#105 = ORIENTED_EDGE ( 'NONE', *, *, #1702, .F. ) ;
#106 = CARTESIAN_POINT ( 'NONE',  ( 2.563175261000484100, 8.946062254689056900, -3.365500000000000400 ) ) ;
#107 = CARTESIAN_POINT ( 'NONE',  ( -3.873066639486024700, 0.09900000000000044900, -2.290000000000000000 ) ) ;
#108 = ORIENTED_EDGE ( 'NONE', *, *, #670, .T. ) ;
#109 = VERTEX_POINT ( 'NONE', #297 ) ;
#110 = EDGE_CURVE ( 'NONE', #892, #578, #396, .T. ) ;
#111 = DIRECTION ( 'NONE',  ( 0.0000000000000000000, 0.0000000000000000000, -1.000000000000000000 ) ) ;
#112 = ORIENTED_EDGE ( 'NONE', *, *, #1668, .F. ) ;
#113 = DIRECTION ( 'NONE',  ( 0.5879296996640586100, 0.8089120275116014100, -0.0000000000000000000 ) ) ;
#114 = EDGE_CURVE ( 'NONE', #280, #764, #1318, .T. ) ;
#115 = CARTESIAN_POINT ( 'NONE',  ( 5.016499999999999700, -0.1009999999999996900, 0.2500000000000002200 ) ) ;
#116 = PLANE ( 'NONE',  #569 ) ;
#117 = ORIENTED_EDGE ( 'NONE', *, *, #2381, .T. ) ;
#118 = DIRECTION ( 'NONE',  ( 0.0000000000000000000, 1.000000000000000000, 2.234449119122123800E-016 ) ) ;
#119 = AXIS2_PLACEMENT_3D ( 'NONE', #1607, #1620, #2388 ) ;
#120 = LINE ( 'NONE', #918, #1749 ) ;
#121 = CARTESIAN_POINT ( 'NONE',  ( -3.568700000000000200, 0.1775907489959000500, -2.290000000000000000 ) ) ;
#122 = DIRECTION ( 'NONE',  ( -0.0000000000000000000, -0.0000000000000000000, -1.000000000000000000 ) ) ;
#123 = CARTESIAN_POINT ( 'NONE',  ( 5.016499999999999700, 0.09900000000000032400, 2.790000000000000500 ) ) ;
#124 = VECTOR ( 'NONE', #627, 1000.000000000000200 ) ;
#125 = CARTESIAN_POINT ( 'NONE',  ( 3.568700000000000200, 0.5177674744007918500, 2.790000000000000500 ) ) ;
#126 = LINE ( 'NONE', #2406, #192 ) ;
#127 = PRESENTATION_LAYER_ASSIGNMENT (  '', '', ( #1655 ) ) ;
#128 = COLOUR_RGB ( '',1.000000000000000000, 1.000000000000000000, 1.000000000000000000 ) ;
#129 = FILL_AREA_STYLE ('',( #2199 ) ) ;
#130 = LINE ( 'NONE', #848, #1853 ) ;
#131 = EDGE_LOOP ( 'NONE', ( #1003, #485, #1381, #1551, #313, #629 ) ) ;
#132 = AXIS2_PLACEMENT_3D ( 'NONE', #552, #927, #2060 ) ;
#133 = ORIENTED_EDGE ( 'NONE', *, *, #1461, .T. ) ;
#134 = DIRECTION ( 'NONE',  ( 0.8089120275116015200, 0.5879296996640587200, 0.0000000000000000000 ) ) ;
#135 = LINE ( 'NONE', #805, #748 ) ;
#136 = ORIENTED_EDGE ( 'NONE', *, *, #1512, .F. ) ;
#137 = ORIENTED_EDGE ( 'NONE', *, *, #736, .F. ) ;
#138 = PRODUCT_DEFINITION_SHAPE ( 'NONE', 'NONE',  #919 ) ;
#139 = PLANE ( 'NONE',  #1085 ) ;
#140 = ORIENTED_EDGE ( 'NONE', *, *, #1814, .T. ) ;
#141 = DIRECTION ( 'NONE',  ( 0.0000000000000000000, 1.000000000000000000, 0.0000000000000000000 ) ) ;
#142 = ORIENTED_EDGE ( 'NONE', *, *, #243, .F. ) ;
#143 = DIRECTION ( 'NONE',  ( 1.000000000000000000, 0.0000000000000000000, 0.0000000000000000000 ) ) ;
#144 = CARTESIAN_POINT ( 'NONE',  ( 3.568700000000000200, 0.1775907489959000500, -2.790000000000000000 ) ) ;
#145 = VERTEX_POINT ( 'NONE', #1982 ) ;
#146 = CARTESIAN_POINT ( 'NONE',  ( 3.568700000000000200, 0.1775907489959000500, 2.790000000000000500 ) ) ;
#147 = EDGE_CURVE ( 'NONE', #1613, #2131, #95, .T. ) ;
#148 = EDGE_LOOP ( 'NONE', ( #583, #1478, #929, #2158 ) ) ;
#149 = DIRECTION ( 'NONE',  ( -1.000000000000000000, 1.197108232069350100E-016, 0.0000000000000000000 ) ) ;
#150 = DIRECTION ( 'NONE',  ( 0.0000000000000000000, 0.0000000000000000000, -1.000000000000000000 ) ) ;
#151 = ORIENTED_EDGE ( 'NONE', *, *, #1927, .F. ) ;
#152 = DIRECTION ( 'NONE',  ( -1.000000000000000000, -0.0000000000000000000, -0.0000000000000000000 ) ) ;
#153 = CARTESIAN_POINT ( 'NONE',  ( -2.563175261000484100, 0.0000000000000000000, -1.947519309167438800 ) ) ;
#154 = LINE ( 'NONE', #1518, #801 ) ;
#155 = LINE ( 'NONE', #123, #880 ) ;
#156 = CARTESIAN_POINT ( 'NONE',  ( 3.568700000000000200, 0.0000000000000000000, -1.947519309167438800 ) ) ;
#157 = DIRECTION ( 'NONE',  ( 0.0000000000000000000, 0.0000000000000000000, -1.000000000000000000 ) ) ;
#158 = CARTESIAN_POINT ( 'NONE',  ( 2.563175261000484100, 0.4852212400842086900, 0.7089903454162802500 ) ) ;
#159 = DIRECTION ( 'NONE',  ( 0.8089120275116020700, -0.5879296996640578400, 0.0000000000000000000 ) ) ;
#160 = FACE_OUTER_BOUND ( 'NONE', #200, .T. ) ;
#161 = VECTOR ( 'NONE', #1303, 1000.000000000000000 ) ;
#162 = EDGE_CURVE ( 'NONE', #2009, #1580, #2141, .T. ) ;
#163 = FACE_OUTER_BOUND ( 'NONE', #2280, .T. ) ;
#164 = LINE ( 'NONE', #1420, #2208 ) ;
#165 = VERTEX_POINT ( 'NONE', #1605 ) ;
#166 = ORIENTED_EDGE ( 'NONE', *, *, #1884, .F. ) ;
#167 = DIRECTION ( 'NONE',  ( -0.0000000000000000000, 1.000000000000000000, -0.0000000000000000000 ) ) ;
#168 =( NAMED_UNIT ( * ) PLANE_ANGLE_UNIT ( ) SI_UNIT ( $, .RADIAN. ) );
#169 = AXIS2_PLACEMENT_3D ( 'NONE', #1108, #2051, #1452 ) ;
#170 = ORIENTED_EDGE ( 'NONE', *, *, #2278, .F. ) ;
#171 = EDGE_LOOP ( 'NONE', ( #782, #661, #524, #2093, #2177, #2129 ) ) ;
#172 = CARTESIAN_POINT ( 'NONE',  ( 3.568700000000000200, 0.4852212400842085800, 0.7089903454162803700 ) ) ;
#173 = ORIENTED_EDGE ( 'NONE', *, *, #2139, .F. ) ;
#174 = FILL_AREA_STYLE ('',( #2426 ) ) ;
#175 = CARTESIAN_POINT ( 'NONE',  ( -2.541079151118327900, 5.125993185791449100, -2.014591036643548900 ) ) ;
#176 = CARTESIAN_POINT ( 'NONE',  ( -3.568700000000000200, 0.1775907489959000500, 0.2500000000000002200 ) ) ;
#177 = ORIENTED_EDGE ( 'NONE', *, *, #9, .T. ) ;
#178 = EDGE_CURVE ( 'NONE', #1031, #1404, #1370, .T. ) ;
#179 = DIRECTION ( 'NONE',  ( 1.000000000000000000, 1.197108232069350100E-016, -0.0000000000000000000 ) ) ;
#180 = EDGE_CURVE ( 'NONE', #165, #2214, #622, .T. ) ;
#181 = DIRECTION ( 'NONE',  ( 0.0000000000000000000, 1.000000000000000000, 2.234449119122123800E-016 ) ) ;
#182 = APPLICATION_PROTOCOL_DEFINITION ( 'draft international standard', 'automotive_design', 1998, #382 ) ;
#183 = DIRECTION ( 'NONE',  ( -0.0000000000000000000, -1.000000000000000000, -0.0000000000000000000 ) ) ;
#184 = CARTESIAN_POINT ( 'NONE',  ( -3.771184040063300100, -0.1009999999999995300, -2.290000000000000000 ) ) ;
#185 = VECTOR ( 'NONE', #1776, 1000.000000000000000 ) ;
#186 = CARTESIAN_POINT ( 'NONE',  ( -2.563175261000484100, 8.946062254689056900, -3.365500000000000400 ) ) ;
#187 = SHAPE_DEFINITION_REPRESENTATION ( #138, #1457 ) ;
#188 = CARTESIAN_POINT ( 'NONE',  ( 5.016499999999999700, 0.09900000000000032400, -2.290000000000000000 ) ) ;
#189 =( LENGTH_UNIT ( ) NAMED_UNIT ( * ) SI_UNIT ( .MILLI., .METRE. ) );
#190 = CARTESIAN_POINT ( 'NONE',  ( 3.568700000000000200, 4.090000000000000700, 3.365499999999999000 ) ) ;
#191 = LINE ( 'NONE', #657, #920 ) ;
#192 = VECTOR ( 'NONE', #1280, 1000.000000000000000 ) ;
#193 = VECTOR ( 'NONE', #1484, 1000.000000000000000 ) ;
#194 = ADVANCED_FACE ( 'NONE', ( #2031 ), #1253, .F. ) ;
#195 = EDGE_CURVE ( 'NONE', #1501, #2227, #276, .T. ) ;
#196 = VECTOR ( 'NONE', #317, 1000.000000000000000 ) ;
#197 = ORIENTED_EDGE ( 'NONE', *, *, #1570, .F. ) ;
#198 = ORIENTED_EDGE ( 'NONE', *, *, #736, .T. ) ;
#199 = LINE ( 'NONE', #1710, #402 ) ;
#200 = EDGE_LOOP ( 'NONE', ( #1219, #408, #1769, #75 ) ) ;
#201 = VERTEX_POINT ( 'NONE', #1476 ) ;
#202 = LINE ( 'NONE', #717, #1209 ) ;
#203 = VERTEX_POINT ( 'NONE', #1627 ) ;
#204 = DIRECTION ( 'NONE',  ( 0.0000000000000000000, 0.0000000000000000000, -1.000000000000000000 ) ) ;
#205 = SURFACE_STYLE_USAGE ( .BOTH. , #942 ) ;
#206 = ORIENTED_EDGE ( 'NONE', *, *, #2248, .T. ) ;
#207 = DIRECTION ( 'NONE',  ( 0.0000000000000000000, 0.0000000000000000000, 1.000000000000000000 ) ) ;
#208 = DIRECTION ( 'NONE',  ( 1.000000000000000000, -1.185248535164035800E-016, 0.0000000000000000000 ) ) ;
#209 = EDGE_LOOP ( 'NONE', ( #239, #1684, #60, #1734 ) ) ;
#210 = ADVANCED_FACE ( 'NONE', ( #2175 ), #708, .F. ) ;
#211 = ORIENTED_EDGE ( 'NONE', *, *, #1732, .T. ) ;
#212 = CARTESIAN_POINT ( 'NONE',  ( 5.016499999999999700, -0.1009999999999996900, 2.290000000000000500 ) ) ;
#213 = DIRECTION ( 'NONE',  ( 0.0000000000000000000, -0.0000000000000000000, -1.000000000000000000 ) ) ;
#214 = VECTOR ( 'NONE', #1862, 1000.000000000000000 ) ;
#215 = EDGE_CURVE ( 'NONE', #329, #1744, #1172, .T. ) ;
#216 = LINE ( 'NONE', #144, #1876 ) ;
#217 = CARTESIAN_POINT ( 'NONE',  ( -2.541079151118327900, 5.125993185791449100, -2.014591036643548900 ) ) ;
#218 = ADVANCED_FACE ( 'NONE', ( #1938 ), #541, .F. ) ;
#219 = DIRECTION ( 'NONE',  ( 0.0000000000000000000, -0.0000000000000000000, -1.000000000000000000 ) ) ;
#220 = CARTESIAN_POINT ( 'NONE',  ( 3.771184040063300100, -0.1009999999999995300, 0.2500000000000002200 ) ) ;
#221 = VECTOR ( 'NONE', #644, 1000.000000000000000 ) ;
#222 = VECTOR ( 'NONE', #1990, 1000.000000000000000 ) ;
#223 = VECTOR ( 'NONE', #1861, 1000.000000000000000 ) ;
#224 = EDGE_CURVE ( 'NONE', #1704, #109, #1124, .T. ) ;
#225 = ORIENTED_EDGE ( 'NONE', *, *, #340, .T. ) ;
#226 = PLANE ( 'NONE',  #546 ) ;
#227 = LINE ( 'NONE', #2351, #196 ) ;
#228 = EDGE_LOOP ( 'NONE', ( #586, #2366, #527, #1326 ) ) ;
#229 = ORIENTED_EDGE ( 'NONE', *, *, #1029, .F. ) ;
#230 = EDGE_CURVE ( 'NONE', #2364, #1867, #743, .T. ) ;
#231 = DIRECTION ( 'NONE',  ( -0.0000000000000000000, 1.000000000000000000, -0.0000000000000000000 ) ) ;
#232 = SURFACE_SIDE_STYLE ('',( #1256 ) ) ;
#233 = VECTOR ( 'NONE', #1680, 1000.000000000000000 ) ;
#234 = EDGE_LOOP ( 'NONE', ( #1216, #1126, #532, #428 ) ) ;
#235 = ADVANCED_FACE ( 'NONE', ( #596 ), #549, .F. ) ;
#236 = ORIENTED_EDGE ( 'NONE', *, *, #1845, .T. ) ;
#237 = CARTESIAN_POINT ( 'NONE',  ( -2.541079151118327900, 4.090000000000000700, -2.014591036643548900 ) ) ;
#238 = ORIENTED_EDGE ( 'NONE', *, *, #2332, .F. ) ;
#239 = ORIENTED_EDGE ( 'NONE', *, *, #1901, .T. ) ;
#240 = CARTESIAN_POINT ( 'NONE',  ( -3.730482405502320900, 0.2951766889287116800, 0.2500000000000002200 ) ) ;
#241 = ORIENTED_EDGE ( 'NONE', *, *, #2024, .T. ) ;
#242 = CARTESIAN_POINT ( 'NONE',  ( -2.541079151118327900, 4.090000000000000700, -2.014591036643548900 ) ) ;
#243 = EDGE_CURVE ( 'NONE', #966, #386, #1432, .T. ) ;
#244 = ADVANCED_FACE ( 'NONE', ( #1998 ), #339, .F. ) ;
#245 = DIRECTION ( 'NONE',  ( 1.000000000000000000, 1.197108232069350100E-016, -0.0000000000000000000 ) ) ;
#246 = AXIS2_PLACEMENT_3D ( 'NONE', #2138, #90, #1573 ) ;
#247 = AXIS2_PLACEMENT_3D ( 'NONE', #1444, #141, #2363 ) ;
#248 = LINE ( 'NONE', #720, #1817 ) ;
#249 = CARTESIAN_POINT ( 'NONE',  ( -2.563175261000484100, 0.0000000000000000000, -0.7089903454162802500 ) ) ;
#250 = DIRECTION ( 'NONE',  ( 1.000000000000000000, 0.0000000000000000000, 0.0000000000000000000 ) ) ;
#251 = CARTESIAN_POINT ( 'NONE',  ( -3.771184040063300100, -0.1009999999999995300, -0.2499999999999997800 ) ) ;
#252 = LINE ( 'NONE', #1856, #2383 ) ;
#253 = LINE ( 'NONE', #1629, #2241 ) ;
#254 = ORIENTED_EDGE ( 'NONE', *, *, #1046, .F. ) ;
#255 = ORIENTED_EDGE ( 'NONE', *, *, #23, .F. ) ;
#256 = EDGE_CURVE ( 'NONE', #1155, #2119, #1496, .T. ) ;
#257 = ORIENTED_EDGE ( 'NONE', *, *, #443, .T. ) ;
#258 = LINE ( 'NONE', #2022, #48 ) ;
#259 = ORIENTED_EDGE ( 'NONE', *, *, #1553, .F. ) ;
#260 = EDGE_CURVE ( 'NONE', #634, #1528, #17, .T. ) ;
#261 = DIRECTION ( 'NONE',  ( 1.000000000000000000, 0.0000000000000000000, 0.0000000000000000000 ) ) ;
#262 = CARTESIAN_POINT ( 'NONE',  ( -3.568700000000000200, 0.5177674744007918500, -0.2499999999999997800 ) ) ;
#263 = MECHANICAL_DESIGN_GEOMETRIC_PRESENTATION_REPRESENTATION (  '', ( #1109 ), #1467 ) ;
#264 = ORIENTED_EDGE ( 'NONE', *, *, #80, .T. ) ;
#265 = ORIENTED_EDGE ( 'NONE', *, *, #180, .F. ) ;
#266 = ADVANCED_FACE ( 'NONE', ( #163 ), #899, .F. ) ;
#267 = CARTESIAN_POINT ( 'NONE',  ( -5.016499999999999700, 0.09900000000000032400, -2.290000000000000000 ) ) ;
#268 = CARTESIAN_POINT ( 'NONE',  ( -3.873066639486024700, 0.09900000000000044900, -0.2499999999999997800 ) ) ;
#269 = DIRECTION ( 'NONE',  ( 1.000000000000000000, 0.0000000000000000000, 0.0000000000000000000 ) ) ;
#270 = VECTOR ( 'NONE', #1622, 1000.000000000000000 ) ;
#271 = EDGE_CURVE ( 'NONE', #459, #280, #1574, .T. ) ;
#272 = DIRECTION ( 'NONE',  ( 0.0000000000000000000, 0.0000000000000000000, -1.000000000000000000 ) ) ;
#273 = CARTESIAN_POINT ( 'NONE',  ( -3.568700000000000200, 4.090000000000000700, -3.365499999999999500 ) ) ;
#274 = CARTESIAN_POINT ( 'NONE',  ( -2.563175261000484100, -0.0000000000000000000, -3.365500000000000400 ) ) ;
#275 = CIRCLE ( 'NONE', #1236, 0.3662789034680937700 ) ;
#276 = LINE ( 'NONE', #1846, #1887 ) ;
#277 = CARTESIAN_POINT ( 'NONE',  ( -2.541079151118327900, 3.990000000000000700, -2.380869940111642900 ) ) ;
#278 = FACE_OUTER_BOUND ( 'NONE', #228, .T. ) ;
#279 = DIRECTION ( 'NONE',  ( -1.000000000000000000, -0.0000000000000000000, -0.0000000000000000000 ) ) ;
#280 = VERTEX_POINT ( 'NONE', #923 ) ;
#281 = LINE ( 'NONE', #87, #2416 ) ;
#282 = LINE ( 'NONE', #608, #1296 ) ;
#283 = ORIENTED_EDGE ( 'NONE', *, *, #147, .T. ) ;
#284 = ORIENTED_EDGE ( 'NONE', *, *, #959, .F. ) ;
#285 = CARTESIAN_POINT ( 'NONE',  ( 2.563175261000484100, 0.0000000000000000000, -0.7089903454162811400 ) ) ;
#286 = ORIENTED_EDGE ( 'NONE', *, *, #1748, .F. ) ;
#287 = EDGE_CURVE ( 'NONE', #903, #1739, #1025, .T. ) ;
#288 = ORIENTED_EDGE ( 'NONE', *, *, #847, .F. ) ;
#289 = CARTESIAN_POINT ( 'NONE',  ( 3.568700000000000200, 0.0000000000000000000, -0.7089903454162798100 ) ) ;
#290 = EDGE_CURVE ( 'NONE', #988, #1082, #2206, .T. ) ;
#291 = ORIENTED_EDGE ( 'NONE', *, *, #1911, .F. ) ;
#292 = DIRECTION ( 'NONE',  ( 0.0000000000000000000, 0.0000000000000000000, -1.000000000000000000 ) ) ;
#293 = CARTESIAN_POINT ( 'NONE',  ( -2.563175261000484100, 8.946062254689056900, 3.365500000000000400 ) ) ;
#294 = EDGE_LOOP ( 'NONE', ( #575, #346, #2097, #799, #1925, #938, #1377, #1674, #264, #1563, #296, #809 ) ) ;
#295 = PLANE ( 'NONE',  #2281 ) ;
#296 = ORIENTED_EDGE ( 'NONE', *, *, #728, .F. ) ;
#297 = CARTESIAN_POINT ( 'NONE',  ( 3.771184040063300100, -0.1009999999999995300, -2.790000000000000000 ) ) ;
#298 = DIRECTION ( 'NONE',  ( 0.0000000000000000000, 0.0000000000000000000, 1.000000000000000000 ) ) ;
#299 = DIRECTION ( 'NONE',  ( 0.0000000000000000000, -1.000000000000000000, 0.0000000000000000000 ) ) ;
#300 = EDGE_CURVE ( 'NONE', #103, #375, #648, .T. ) ;
#301 = DIRECTION ( 'NONE',  ( 0.0000000000000000000, 0.0000000000000000000, -1.000000000000000000 ) ) ;
#302 = EDGE_CURVE ( 'NONE', #1222, #1468, #252, .T. ) ;
#303 = CARTESIAN_POINT ( 'NONE',  ( 3.568700000000000200, 0.5177674744007918500, -2.290000000000000000 ) ) ;
#304 = FACE_OUTER_BOUND ( 'NONE', #1414, .T. ) ;
#305 = PLANE ( 'NONE',  #1485 ) ;
#306 = CARTESIAN_POINT ( 'NONE',  ( 3.771184040063300100, -0.1009999999999995300, 2.790000000000000500 ) ) ;
#307 = STYLED_ITEM ( 'NONE', ( #18 ), #1715 ) ;
#308 = LINE ( 'NONE', #538, #1341 ) ;
#309 = VECTOR ( 'NONE', #2405, 1000.000000000000000 ) ;
#310 = FACE_OUTER_BOUND ( 'NONE', #1202, .T. ) ;
#311 = VERTEX_POINT ( 'NONE', #1669 ) ;
#312 = CARTESIAN_POINT ( 'NONE',  ( -5.016499999999999700, -0.1009999999999996900, -2.290000000000000000 ) ) ;
#313 = ORIENTED_EDGE ( 'NONE', *, *, #810, .T. ) ;
#314 = DIRECTION ( 'NONE',  ( 0.0000000000000000000, -1.000000000000000000, 0.0000000000000000000 ) ) ;
#315 = VECTOR ( 'NONE', #213, 1000.000000000000000 ) ;
#316 = ORIENTED_EDGE ( 'NONE', *, *, #2010, .F. ) ;
#317 = DIRECTION ( 'NONE',  ( 0.0000000000000000000, -0.0000000000000000000, -1.000000000000000000 ) ) ;
#318 = DIRECTION ( 'NONE',  ( 0.8089120275116015200, 0.5879296996640587200, 0.0000000000000000000 ) ) ;
#319 = EDGE_LOOP ( 'NONE', ( #30, #353, #1449, #1505 ) ) ;
#320 = UNCERTAINTY_MEASURE_WITH_UNIT (LENGTH_MEASURE( 1.000000000000000100E-005 ), #2233, 'distance_accuracy_value', 'NONE');
#321 = CARTESIAN_POINT ( 'NONE',  ( 3.568700000000000200, 0.1775907489959000500, -2.290000000000000000 ) ) ;
#322 = ORIENTED_EDGE ( 'NONE', *, *, #2273, .T. ) ;
#323 = EDGE_CURVE ( 'NONE', #2396, #2331, #342, .T. ) ;
#324 = ORIENTED_EDGE ( 'NONE', *, *, #82, .T. ) ;
#325 = CARTESIAN_POINT ( 'NONE',  ( -3.568700000000000200, 4.090000000000000700, 3.365500000000000400 ) ) ;
#326 = STYLED_ITEM ( 'NONE', ( #2347 ), #423 ) ;
#327 =( NAMED_UNIT ( * ) SI_UNIT ( $, .STERADIAN. ) SOLID_ANGLE_UNIT ( ) );
#328 = CARTESIAN_POINT ( 'NONE',  ( 2.563175261000484100, 0.0000000000000000000, 1.947519309167437200 ) ) ;
#329 = VERTEX_POINT ( 'NONE', #1278 ) ;
#330 = DIRECTION ( 'NONE',  ( -1.000000000000000000, 0.0000000000000000000, 0.0000000000000000000 ) ) ;
#331 = CARTESIAN_POINT ( 'NONE',  ( -2.541079151118327900, 3.990000000000000700, -2.014591036643548900 ) ) ;
#332 = CARTESIAN_POINT ( 'NONE',  ( 3.873066639486024700, 0.09900000000000044900, 2.790000000000000500 ) ) ;
#333 = VECTOR ( 'NONE', #2171, 1000.000000000000000 ) ;
#334 = DIRECTION ( 'NONE',  ( -1.000000000000000000, 1.185248535164035800E-016, 0.0000000000000000000 ) ) ;
#335 = PLANE ( 'NONE',  #1433 ) ;
#336 = DIRECTION ( 'NONE',  ( 0.0000000000000000000, 0.0000000000000000000, 1.000000000000000000 ) ) ;
#337 = ADVANCED_FACE ( 'NONE', ( #568 ), #738, .F. ) ;
#338 = COLOUR_RGB ( '',1.000000000000000000, 1.000000000000000000, 1.000000000000000000 ) ;
#339 = PLANE ( 'NONE',  #1958 ) ;
#340 = EDGE_CURVE ( 'NONE', #1468, #2209, #1546, .T. ) ;
#341 = LINE ( 'NONE', #1520, #2140 ) ;
#342 = LINE ( 'NONE', #1091, #1096 ) ;
#343 = DIRECTION ( 'NONE',  ( 0.5879296996640578400, 0.8089120275116020700, 0.0000000000000000000 ) ) ;
#344 = CARTESIAN_POINT ( 'NONE',  ( -2.563175261000484100, 0.4852212400842086900, -3.365500000000000400 ) ) ;
#345 = LINE ( 'NONE', #917, #223 ) ;
#346 = ORIENTED_EDGE ( 'NONE', *, *, #1118, .F. ) ;
#347 = AXIS2_PLACEMENT_3D ( 'NONE', #1186, #1745, #2288 ) ;
#348 = LINE ( 'NONE', #44, #1550 ) ;
#349 = ORIENTED_EDGE ( 'NONE', *, *, #1802, .T. ) ;
#350 = ORIENTED_EDGE ( 'NONE', *, *, #916, .F. ) ;
#351 = CARTESIAN_POINT ( 'NONE',  ( 3.771184040063300100, -0.1009999999999995300, -2.790000000000000000 ) ) ;
#352 = FACE_OUTER_BOUND ( 'NONE', #2122, .T. ) ;
#353 = ORIENTED_EDGE ( 'NONE', *, *, #1732, .F. ) ;
#354 = CARTESIAN_POINT ( 'NONE',  ( 3.873066639486024700, 0.09900000000000044900, 0.2500000000000002200 ) ) ;
#355 = VERTEX_POINT ( 'NONE', #2085 ) ;
#356 = DIRECTION ( 'NONE',  ( 0.0000000000000000000, 1.000000000000000000, 0.0000000000000000000 ) ) ;
#357 = ORIENTED_EDGE ( 'NONE', *, *, #795, .F. ) ;
#358 = CARTESIAN_POINT ( 'NONE',  ( 3.568700000000000200, 0.4852212400842085800, -0.7089903454162803700 ) ) ;
#359 = EDGE_CURVE ( 'NONE', #1069, #1346, #1758, .T. ) ;
#360 = ORIENTED_EDGE ( 'NONE', *, *, #1382, .T. ) ;
#361 = DIRECTION ( 'NONE',  ( 0.5879296996640586100, 0.8089120275116014100, -0.0000000000000000000 ) ) ;
#362 = DIRECTION ( 'NONE',  ( -0.0000000000000000000, 1.000000000000000000, -0.0000000000000000000 ) ) ;
#363 = VERTEX_POINT ( 'NONE', #590 ) ;
#364 = AXIS2_PLACEMENT_3D ( 'NONE', #1894, #2279, #770 ) ;
#365 = CARTESIAN_POINT ( 'NONE',  ( -3.873066639486024700, 0.09900000000000044900, -2.290000000000000000 ) ) ;
#366 = DIRECTION ( 'NONE',  ( 1.000000000000000000, 0.0000000000000000000, 0.0000000000000000000 ) ) ;
#367 = CARTESIAN_POINT ( 'NONE',  ( 3.568700000000000200, 0.0000000000000000000, 3.365499999999999000 ) ) ;
#368 = DIRECTION ( 'NONE',  ( 0.5879296996640578400, 0.8089120275116020700, 0.0000000000000000000 ) ) ;
#369 = FACE_OUTER_BOUND ( 'NONE', #2117, .T. ) ;
#370 = EDGE_CURVE ( 'NONE', #1112, #1744, #2115, .T. ) ;
#371 = CARTESIAN_POINT ( 'NONE',  ( -5.016499999999999700, -0.1009999999999996900, -2.790000000000000000 ) ) ;
#372 = AXIS2_PLACEMENT_3D ( 'NONE', #601, #813, #806 ) ;
#373 = VECTOR ( 'NONE', #152, 1000.000000000000000 ) ;
#374 = ORIENTED_EDGE ( 'NONE', *, *, #1716, .F. ) ;
#375 = VERTEX_POINT ( 'NONE', #744 ) ;
#376 = CARTESIAN_POINT ( 'NONE',  ( 3.568700000000000200, 0.5177674744007918500, 2.290000000000000500 ) ) ;
#377 = ORIENTED_EDGE ( 'NONE', *, *, #1782, .F. ) ;
#378 = DIRECTION ( 'NONE',  ( -1.185248535164035800E-016, -1.000000000000000000, 0.0000000000000000000 ) ) ;
#379 = ORIENTED_EDGE ( 'NONE', *, *, #638, .F. ) ;
#380 = ADVANCED_FACE ( 'NONE', ( #1731 ), #1711, .F. ) ;
#381 = ORIENTED_EDGE ( 'NONE', *, *, #2287, .T. ) ;
#382 = APPLICATION_CONTEXT ( 'automotive_design' ) ;
#383 = DIRECTION ( 'NONE',  ( 0.0000000000000000000, 0.0000000000000000000, 1.000000000000000000 ) ) ;
#384 = CARTESIAN_POINT ( 'NONE',  ( -3.568700000000000200, 4.090000000000000700, 3.365500000000000400 ) ) ;
#385 = VERTEX_POINT ( 'NONE', #262 ) ;
#386 = VERTEX_POINT ( 'NONE', #1913 ) ;
#387 = PLANE ( 'NONE',  #1170 ) ;
#388 = FILL_AREA_STYLE_COLOUR ( '', #1059 ) ;
#389 = VECTOR ( 'NONE', #1448, 1000.000000000000000 ) ;
#390 = ADVANCED_FACE ( 'NONE', ( #888 ), #2289, .F. ) ;
#391 = MANIFOLD_SOLID_BREP ( 'LPattern1[2]', #664 ) ;
#392 = VECTOR ( 'NONE', #1746, 1000.000000000000000 ) ;
#393 = CARTESIAN_POINT ( 'NONE',  ( 0.0000000000000000000, 0.0000000000000000000, -2.790000000000000000 ) ) ;
#394 = CARTESIAN_POINT ( 'NONE',  ( 3.771184040063300100, -0.1009999999999995300, -0.2499999999999997800 ) ) ;
#395 = FACE_OUTER_BOUND ( 'NONE', #1067, .T. ) ;
#396 = LINE ( 'NONE', #665, #222 ) ;
#397 = EDGE_CURVE ( 'NONE', #1185, #1032, #2268, .T. ) ;
#398 = CARTESIAN_POINT ( 'NONE',  ( 5.016499999999999700, 0.09900000000000032400, 2.790000000000000500 ) ) ;
#399 = PRESENTATION_STYLE_ASSIGNMENT (( #1301 ) ) ;
#400 = ORIENTED_EDGE ( 'NONE', *, *, #1974, .T. ) ;
#401 = CARTESIAN_POINT ( 'NONE',  ( -3.730482405502320900, 0.2951766889287116800, -2.290000000000000000 ) ) ;
#402 = VECTOR ( 'NONE', #777, 1000.000000000000000 ) ;
#403 = ORIENTED_EDGE ( 'NONE', *, *, #972, .T. ) ;
#404 = AXIS2_PLACEMENT_3D ( 'NONE', #1480, #1843, #2400 ) ;
#405 = VERTEX_POINT ( 'NONE', #2095 ) ;
#406 = ADVANCED_FACE ( 'NONE', ( #1883 ), #444, .F. ) ;
#407 = VECTOR ( 'NONE', #410, 1000.000000000000000 ) ;
#408 = ORIENTED_EDGE ( 'NONE', *, *, #1192, .T. ) ;
#409 = ORIENTED_EDGE ( 'NONE', *, *, #230, .T. ) ;
#410 = DIRECTION ( 'NONE',  ( 0.0000000000000000000, 1.000000000000000000, 0.0000000000000000000 ) ) ;
#411 = CLOSED_SHELL ( 'NONE', ( #1352, #788, #592, #390, #766, #1880, #776, #2102 ) ) ;
#412 = ORIENTED_EDGE ( 'NONE', *, *, #1930, .F. ) ;
#413 = DIRECTION ( 'NONE',  ( 1.000000000000000000, -1.185248535164035800E-016, 0.0000000000000000000 ) ) ;
#414 = EDGE_CURVE ( 'NONE', #1114, #2069, #1289, .T. ) ;
#415 = EDGE_LOOP ( 'NONE', ( #1826, #939, #1610, #1892 ) ) ;
#416 = ADVANCED_FACE ( 'NONE', ( #2264 ), #786, .T. ) ;
#417 = PLANE ( 'NONE',  #1849 ) ;
#418 = AXIS2_PLACEMENT_3D ( 'NONE', #2106, #797, #1187 ) ;
#419 = LINE ( 'NONE', #1770, #705 ) ;
#420 = CARTESIAN_POINT ( 'NONE',  ( 3.568700000000000200, 4.090000000000000700, 3.365499999999999000 ) ) ;
#421 = AXIS2_PLACEMENT_3D ( 'NONE', #325, #1431, #1078 ) ;
#422 = DIRECTION ( 'NONE',  ( 0.0000000000000000000, 0.0000000000000000000, 1.000000000000000000 ) ) ;
#423 = MANIFOLD_SOLID_BREP ( 'Mirror1[2]', #1180 ) ;
#424 = CIRCLE ( 'NONE', #1557, 0.3662789034680937700 ) ;
#425 = VECTOR ( 'NONE', #674, 1000.000000000000000 ) ;
#426 = EDGE_CURVE ( 'NONE', #2182, #1237, #1058, .T. ) ;
#427 = ORIENTED_EDGE ( 'NONE', *, *, #1331, .T. ) ;
#428 = ORIENTED_EDGE ( 'NONE', *, *, #688, .F. ) ;
#429 = EDGE_CURVE ( 'NONE', #2424, #165, #1092, .T. ) ;
#430 = SURFACE_SIDE_STYLE ('',( #73 ) ) ;
#431 = DIRECTION ( 'NONE',  ( 1.000000000000000000, 1.197108232069350100E-016, -0.0000000000000000000 ) ) ;
#432 = PLANE ( 'NONE',  #1625 ) ;
#433 = VECTOR ( 'NONE', #639, 1000.000000000000000 ) ;
#434 = ORIENTED_EDGE ( 'NONE', *, *, #2162, .F. ) ;
#435 = ORIENTED_EDGE ( 'NONE', *, *, #1291, .F. ) ;
#436 = VERTEX_POINT ( 'NONE', #1721 ) ;
#437 = ADVANCED_FACE ( 'NONE', ( #160 ), #2305, .F. ) ;
#438 = ORIENTED_EDGE ( 'NONE', *, *, #1311, .F. ) ;
#439 = CARTESIAN_POINT ( 'NONE',  ( 5.016499999999999700, 0.09900000000000032400, 0.2500000000000002200 ) ) ;
#440 =( NAMED_UNIT ( * ) PLANE_ANGLE_UNIT ( ) SI_UNIT ( $, .RADIAN. ) );
#441 = ORIENTED_EDGE ( 'NONE', *, *, #224, .F. ) ;
#442 = CARTESIAN_POINT ( 'NONE',  ( -5.016499999999999700, 0.09900000000000032400, 0.2500000000000002200 ) ) ;
#443 = EDGE_CURVE ( 'NONE', #811, #109, #1572, .T. ) ;
#444 = PLANE ( 'NONE',  #372 ) ;
#445 = AXIS2_PLACEMENT_3D ( 'NONE', #1877, #29, #1487 ) ;
#446 = FACE_OUTER_BOUND ( 'NONE', #2145, .T. ) ;
#447 = CARTESIAN_POINT ( 'NONE',  ( -5.016499999999999700, -0.1009999999999996900, 2.790000000000000500 ) ) ;
#448 = FACE_OUTER_BOUND ( 'NONE', #557, .T. ) ;
#449 = DIRECTION ( 'NONE',  ( -0.0000000000000000000, -0.0000000000000000000, -1.000000000000000000 ) ) ;
#450 = VECTOR ( 'NONE', #1329, 1000.000000000000000 ) ;
#451 = LINE ( 'NONE', #1313, #1399 ) ;
#452 = ORIENTED_EDGE ( 'NONE', *, *, #2404, .T. ) ;
#453 = CARTESIAN_POINT ( 'NONE',  ( -3.568700000000000200, 4.090000000000000700, 3.365500000000000400 ) ) ;
#454 = EDGE_CURVE ( 'NONE', #1739, #2402, #2234, .T. ) ;
#455 = ORIENTED_EDGE ( 'NONE', *, *, #847, .T. ) ;
#456 = ORIENTED_EDGE ( 'NONE', *, *, #876, .F. ) ;
#457 = VECTOR ( 'NONE', #2174, 1000.000000000000000 ) ;
#458 = ADVANCED_FACE ( 'NONE', ( #591 ), #1752, .T. ) ;
#459 = VERTEX_POINT ( 'NONE', #2352 ) ;
#460 = AXIS2_PLACEMENT_3D ( 'NONE', #1217, #878, #1964 ) ;
#461 = PLANE ( 'NONE',  #965 ) ;
#462 = CARTESIAN_POINT ( 'NONE',  ( 3.771184040063300100, -0.1009999999999995300, -2.290000000000000000 ) ) ;
#463 = ORIENTED_EDGE ( 'NONE', *, *, #1291, .T. ) ;
#464 = DIRECTION ( 'NONE',  ( -0.5879296996640586100, 0.8089120275116014100, 0.0000000000000000000 ) ) ;
#465 = VERTEX_POINT ( 'NONE', #268 ) ;
#466 = PLANE ( 'NONE',  #962 ) ;
#467 = ORIENTED_EDGE ( 'NONE', *, *, #114, .F. ) ;
#468 = CARTESIAN_POINT ( 'NONE',  ( 3.568700000000000200, 0.1775907489959000500, -2.290000000000000000 ) ) ;
#469 = PLANE ( 'NONE',  #2198 ) ;
#470 = ORIENTED_EDGE ( 'NONE', *, *, #787, .F. ) ;
#471 = EDGE_CURVE ( 'NONE', #2395, #746, #39, .T. ) ;
#472 = CARTESIAN_POINT ( 'NONE',  ( 5.016499999999999700, -0.1009999999999996900, 2.790000000000000500 ) ) ;
#473 = ADVANCED_FACE ( 'NONE', ( #768 ), #1944, .F. ) ;
#474 = VECTOR ( 'NONE', #735, 1000.000000000000000 ) ;
#475 = CARTESIAN_POINT ( 'NONE',  ( -3.568700000000000200, 0.4852212400842085800, 1.947519309167438800 ) ) ;
#476 = EDGE_CURVE ( 'NONE', #2227, #1274, #970, .T. ) ;
#477 = CARTESIAN_POINT ( 'NONE',  ( 0.0000000000000000000, 0.0000000000000000000, -2.290000000000000000 ) ) ;
#478 = CARTESIAN_POINT ( 'NONE',  ( -3.568700000000000200, 0.1775907489959000500, -2.290000000000000000 ) ) ;
#479 = AXIS2_PLACEMENT_3D ( 'NONE', #1641, #378, #1840 ) ;
#480 = FACE_OUTER_BOUND ( 'NONE', #319, .T. ) ;
#481 = CARTESIAN_POINT ( 'NONE',  ( -3.568700000000000200, 0.1775907489959000500, -0.2499999999999997800 ) ) ;
#482 = DIRECTION ( 'NONE',  ( -0.0000000000000000000, -0.0000000000000000000, 1.000000000000000000 ) ) ;
#483 = CARTESIAN_POINT ( 'NONE',  ( 0.0000000000000000000, 0.0000000000000000000, 2.290000000000000500 ) ) ;
#484 = VERTEX_POINT ( 'NONE', #841 ) ;
#485 = ORIENTED_EDGE ( 'NONE', *, *, #114, .T. ) ;
#486 = VECTOR ( 'NONE', #1564, 1000.000000000000000 ) ;
#487 = VERTEX_POINT ( 'NONE', #1213 ) ;
#488 = EDGE_CURVE ( 'NONE', #2214, #1237, #1283, .T. ) ;
#489 = CARTESIAN_POINT ( 'NONE',  ( -3.873066639486024700, 0.09900000000000044900, 2.290000000000000500 ) ) ;
#490 = ORIENTED_EDGE ( 'NONE', *, *, #414, .T. ) ;
#491 = CARTESIAN_POINT ( 'NONE',  ( 5.016499999999999700, 0.09900000000000032400, 0.2500000000000002200 ) ) ;
#492 = ORIENTED_EDGE ( 'NONE', *, *, #359, .T. ) ;
#493 = DIRECTION ( 'NONE',  ( 0.0000000000000000000, 1.000000000000000000, 0.0000000000000000000 ) ) ;
#494 = PLANE ( 'NONE',  #851 ) ;
#495 = EDGE_LOOP ( 'NONE', ( #702, #957, #522, #2421 ) ) ;
#496 = CARTESIAN_POINT ( 'NONE',  ( -2.563175261000484100, 0.0000000000000000000, 3.365500000000000400 ) ) ;
#497 = EDGE_LOOP ( 'NONE', ( #197, #861, #1653, #870 ) ) ;
#498 = DIRECTION ( 'NONE',  ( 1.000000000000000000, 1.185248535164035800E-016, 0.0000000000000000000 ) ) ;
#499 = DIRECTION ( 'NONE',  ( 0.0000000000000000000, 0.0000000000000000000, -1.000000000000000000 ) ) ;
#500 = CARTESIAN_POINT ( 'NONE',  ( 2.563175261000484100, 0.4852212400842086900, -0.7089903454162802500 ) ) ;
#501 = LINE ( 'NONE', #1427, #2261 ) ;
#502 = PLANE ( 'NONE',  #2058 ) ;
#503 = EDGE_CURVE ( 'NONE', #2396, #764, #1366, .T. ) ;
#504 = DIRECTION ( 'NONE',  ( 1.185248535164035800E-016, -1.000000000000000000, 0.0000000000000000000 ) ) ;
#505 = CARTESIAN_POINT ( 'NONE',  ( 0.0000000000000000000, 4.090000000000000700, 0.0000000000000000000 ) ) ;
#506 = FACE_OUTER_BOUND ( 'NONE', #209, .T. ) ;
#507 = CARTESIAN_POINT ( 'NONE',  ( 3.568700000000000200, 0.1775907489959000500, -2.290000000000000000 ) ) ;
#508 = AXIS2_PLACEMENT_3D ( 'NONE', #2252, #111, #366 ) ;
#509 = VECTOR ( 'NONE', #1724, 1000.000000000000000 ) ;
#510 = CARTESIAN_POINT ( 'NONE',  ( -2.541079151118327900, 4.090000000000000700, -1.648312133175454900 ) ) ;
#511 = VECTOR ( 'NONE', #1106, 1000.000000000000000 ) ;
#512 = LINE ( 'NONE', #2207, #45 ) ;
#513 = EDGE_LOOP ( 'NONE', ( #1148, #691, #236, #2079 ) ) ;
#514 = DIRECTION ( 'NONE',  ( 0.0000000000000000000, 0.0000000000000000000, -1.000000000000000000 ) ) ;
#515 = VECTOR ( 'NONE', #1597, 1000.000000000000000 ) ;
#516 = PLANE ( 'NONE',  #2431 ) ;
#517 = ORIENTED_EDGE ( 'NONE', *, *, #2042, .T. ) ;
#518 = EDGE_LOOP ( 'NONE', ( #1924, #605, #1129, #550, #1774, #875 ) ) ;
#519 = DIRECTION ( 'NONE',  ( 0.0000000000000000000, -0.0000000000000000000, -1.000000000000000000 ) ) ;
#520 = DIRECTION ( 'NONE',  ( -1.000000000000000000, -0.0000000000000000000, -0.0000000000000000000 ) ) ;
#521 = LINE ( 'NONE', #921, #1895 ) ;
#522 = ORIENTED_EDGE ( 'NONE', *, *, #1158, .F. ) ;
#523 = CARTESIAN_POINT ( 'NONE',  ( 3.730482405502320900, 0.2951766889287116800, 2.790000000000000500 ) ) ;
#524 = ORIENTED_EDGE ( 'NONE', *, *, #1536, .F. ) ;
#525 = EDGE_CURVE ( 'NONE', #607, #2046, #2166, .T. ) ;
#526 = DIRECTION ( 'NONE',  ( 0.0000000000000000000, 0.0000000000000000000, -1.000000000000000000 ) ) ;
#527 = ORIENTED_EDGE ( 'NONE', *, *, #1989, .T. ) ;
#528 = CARTESIAN_POINT ( 'NONE',  ( 3.568700000000000200, 0.0000000000000000000, -1.947519309167438800 ) ) ;
#529 = AXIS2_PLACEMENT_3D ( 'NONE', #2237, #1290, #1302 ) ;
#530 = DIRECTION ( 'NONE',  ( 0.8089120275116020700, -0.5879296996640578400, 0.0000000000000000000 ) ) ;
#531 = CARTESIAN_POINT ( 'NONE',  ( 3.568700000000000200, 0.1775907489959000500, 2.790000000000000500 ) ) ;
#532 = ORIENTED_EDGE ( 'NONE', *, *, #1830, .F. ) ;
#533 = DIRECTION ( 'NONE',  ( 0.0000000000000000000, 0.0000000000000000000, 1.000000000000000000 ) ) ;
#534 = DIRECTION ( 'NONE',  ( -1.000000000000000000, -0.0000000000000000000, -0.0000000000000000000 ) ) ;
#535 = DIRECTION ( 'NONE',  ( -1.000000000000000000, -0.0000000000000000000, -0.0000000000000000000 ) ) ;
#536 = LINE ( 'NONE', #704, #389 ) ;
#537 = DIRECTION ( 'NONE',  ( -1.000000000000000000, 0.0000000000000000000, 1.215234872626451500E-016 ) ) ;
#538 = CARTESIAN_POINT ( 'NONE',  ( -2.563175261000484100, -0.0000000000000000000, -3.365500000000000400 ) ) ;
#539 = EDGE_CURVE ( 'NONE', #21, #1064, #65, .T. ) ;
#540 = DIRECTION ( 'NONE',  ( 0.0000000000000000000, -1.000000000000000000, 0.0000000000000000000 ) ) ;
#541 = PLANE ( 'NONE',  #1618 ) ;
#542 =( GEOMETRIC_REPRESENTATION_CONTEXT ( 3 ) GLOBAL_UNCERTAINTY_ASSIGNED_CONTEXT ( ( #599 ) ) GLOBAL_UNIT_ASSIGNED_CONTEXT ( ( #619, #1932, #992 ) ) REPRESENTATION_CONTEXT ( 'NONE', 'WORKASPACE' ) );
#543 = VECTOR ( 'NONE', #534, 1000.000000000000000 ) ;
#544 = CARTESIAN_POINT ( 'NONE',  ( 0.0000000000000000000, 0.0000000000000000000, 2.790000000000000500 ) ) ;
#545 = VECTOR ( 'NONE', #2429, 1000.000000000000000 ) ;
#546 = AXIS2_PLACEMENT_3D ( 'NONE', #1922, #50, #2342 ) ;
#547 = EDGE_LOOP ( 'NONE', ( #1183, #803, #142, #829, #1760, #4 ) ) ;
#548 = ORIENTED_EDGE ( 'NONE', *, *, #787, .T. ) ;
#549 = PLANE ( 'NONE',  #2425 ) ;
#550 = ORIENTED_EDGE ( 'NONE', *, *, #597, .F. ) ;
#551 = ORIENTED_EDGE ( 'NONE', *, *, #1930, .T. ) ;
#552 = CARTESIAN_POINT ( 'NONE',  ( -2.541079151118327900, 3.990000000000000700, -2.014591036643548900 ) ) ;
#553 = CARTESIAN_POINT ( 'NONE',  ( -3.771184040063300100, -0.1009999999999995300, 0.2500000000000002200 ) ) ;
#554 = DIRECTION ( 'NONE',  ( -0.0000000000000000000, -0.0000000000000000000, -1.000000000000000000 ) ) ;
#555 = VERTEX_POINT ( 'NONE', #2344 ) ;
#556 = EDGE_CURVE ( 'NONE', #1042, #311, #1166, .T. ) ;
#557 = EDGE_LOOP ( 'NONE', ( #2220, #136, #654, #1323 ) ) ;
#558 = DIRECTION ( 'NONE',  ( 0.0000000000000000000, 0.0000000000000000000, -1.000000000000000000 ) ) ;
#559 = DIRECTION ( 'NONE',  ( 0.5879296996640586100, 0.8089120275116014100, -0.0000000000000000000 ) ) ;
#560 = DIRECTION ( 'NONE',  ( 0.0000000000000000000, 0.0000000000000000000, -1.000000000000000000 ) ) ;
#561 = FILL_AREA_STYLE ('',( #1017 ) ) ;
#562 = DIRECTION ( 'NONE',  ( 0.0000000000000000000, 0.0000000000000000000, -1.000000000000000000 ) ) ;
#563 = LINE ( 'NONE', #176, #2086 ) ;
#564 = PLANE ( 'NONE',  #1768 ) ;
#565 = CARTESIAN_POINT ( 'NONE',  ( 3.771184040063300100, -0.1009999999999995300, 2.290000000000000500 ) ) ;
#566 = EDGE_CURVE ( 'NONE', #1686, #1704, #1663, .T. ) ;
#567 = UNCERTAINTY_MEASURE_WITH_UNIT (LENGTH_MEASURE( 1.000000000000000100E-005 ), #587, 'distance_accuracy_value', 'NONE');
#568 = FACE_OUTER_BOUND ( 'NONE', #2006, .T. ) ;
#569 = AXIS2_PLACEMENT_3D ( 'NONE', #1057, #695, #2392 ) ;
#570 = LINE ( 'NONE', #2336, #1173 ) ;
#571 = ORIENTED_EDGE ( 'NONE', *, *, #1702, .T. ) ;
#572 = CARTESIAN_POINT ( 'NONE',  ( -3.568700000000000200, 0.5177674744007918500, 2.290000000000000500 ) ) ;
#573 = LINE ( 'NONE', #2078, #315 ) ;
#574 = PRESENTATION_LAYER_ASSIGNMENT (  '', '', ( #1034 ) ) ;
#575 = ORIENTED_EDGE ( 'NONE', *, *, #1586, .T. ) ;
#576 = ORIENTED_EDGE ( 'NONE', *, *, #2349, .T. ) ;
#577 = VECTOR ( 'NONE', #2262, 1000.000000000000000 ) ;
#578 = VERTEX_POINT ( 'NONE', #1565 ) ;
#579 = ORIENTED_EDGE ( 'NONE', *, *, #943, .T. ) ;
#580 = ORIENTED_EDGE ( 'NONE', *, *, #454, .T. ) ;
#581 = EDGE_CURVE ( 'NONE', #824, #1704, #1490, .T. ) ;
#582 = ADVANCED_FACE ( 'NONE', ( #2056 ), #827, .F. ) ;
#583 = ORIENTED_EDGE ( 'NONE', *, *, #706, .F. ) ;
#584 = CARTESIAN_POINT ( 'NONE',  ( 3.873066639486024700, 0.09900000000000044900, -2.290000000000000000 ) ) ;
#585 = EDGE_CURVE ( 'NONE', #2153, #103, #1141, .T. ) ;
#586 = ORIENTED_EDGE ( 'NONE', *, *, #2173, .F. ) ;
#587 =( LENGTH_UNIT ( ) NAMED_UNIT ( * ) SI_UNIT ( .MILLI., .METRE. ) );
#588 = LINE ( 'NONE', #1436, #1568 ) ;
#589 = CARTESIAN_POINT ( 'NONE',  ( 2.563175261000484100, 0.4852212400842086900, 1.947519309167439000 ) ) ;
#590 = CARTESIAN_POINT ( 'NONE',  ( -3.568700000000000200, 0.1775907489959000500, 2.790000000000000500 ) ) ;
#591 = FACE_OUTER_BOUND ( 'NONE', #171, .T. ) ;
#592 = ADVANCED_FACE ( 'NONE', ( #1489 ), #469, .F. ) ;
#593 = EDGE_CURVE ( 'NONE', #693, #1344, #63, .T. ) ;
#594 = LINE ( 'NONE', #274, #1193 ) ;
#595 = VECTOR ( 'NONE', #2282, 1000.000000000000200 ) ;
#596 = FACE_OUTER_BOUND ( 'NONE', #2301, .T. ) ;
#597 = EDGE_CURVE ( 'NONE', #2331, #1613, #2197, .T. ) ;
#598 = DIRECTION ( 'NONE',  ( 1.000000000000000000, 0.0000000000000000000, -0.0000000000000000000 ) ) ;
#599 = UNCERTAINTY_MEASURE_WITH_UNIT (LENGTH_MEASURE( 1.000000000000000100E-005 ), #619, 'distance_accuracy_value', 'NONE');
#600 = FACE_OUTER_BOUND ( 'NONE', #1388, .T. ) ;
#601 = CARTESIAN_POINT ( 'NONE',  ( 0.0000000000000000000, 0.0000000000000000000, 0.0000000000000000000 ) ) ;
#602 = ORIENTED_EDGE ( 'NONE', *, *, #2303, .F. ) ;
#603 = ORIENTED_EDGE ( 'NONE', *, *, #1782, .T. ) ;
#604 = LINE ( 'NONE', #697, #2274 ) ;
#605 = ORIENTED_EDGE ( 'NONE', *, *, #860, .F. ) ;
#606 = DIRECTION ( 'NONE',  ( 0.0000000000000000000, 0.0000000000000000000, 1.000000000000000000 ) ) ;
#607 = VERTEX_POINT ( 'NONE', #681 ) ;
#608 = CARTESIAN_POINT ( 'NONE',  ( -3.568700000000000200, 0.5177674744007918500, 2.290000000000000500 ) ) ;
#609 = SURFACE_STYLE_USAGE ( .BOTH. , #232 ) ;
#610 = VERTEX_POINT ( 'NONE', #1594 ) ;
#611 = ORIENTED_EDGE ( 'NONE', *, *, #147, .F. ) ;
#612 = DIRECTION ( 'NONE',  ( 1.000000000000000000, 0.0000000000000000000, 0.0000000000000000000 ) ) ;
#613 = EDGE_CURVE ( 'NONE', #871, #1344, #588, .T. ) ;
#614 = EDGE_LOOP ( 'NONE', ( #1349, #625, #1548, #2399 ) ) ;
#615 =( NAMED_UNIT ( * ) SI_UNIT ( $, .STERADIAN. ) SOLID_ANGLE_UNIT ( ) );
#616 = ADVANCED_FACE ( 'NONE', ( #10 ), #305, .F. ) ;
#617 = VECTOR ( 'NONE', #1757, 1000.000000000000000 ) ;
#618 = CARTESIAN_POINT ( 'NONE',  ( 3.568700000000000200, 0.0000000000000000000, 3.365499999999999000 ) ) ;
#619 =( LENGTH_UNIT ( ) NAMED_UNIT ( * ) SI_UNIT ( .MILLI., .METRE. ) );
#620 = LINE ( 'NONE', #2377, #1787 ) ;
#621 = LINE ( 'NONE', #1872, #2113 ) ;
#622 = LINE ( 'NONE', #121, #70 ) ;
#623 = VECTOR ( 'NONE', #867, 1000.000000000000000 ) ;
#624 = ORIENTED_EDGE ( 'NONE', *, *, #1350, .T. ) ;
#625 = ORIENTED_EDGE ( 'NONE', *, *, #2417, .F. ) ;
#626 = ADVANCED_FACE ( 'NONE', ( #1779 ), #116, .F. ) ;
#627 = DIRECTION ( 'NONE',  ( 0.5879296996640586100, 0.8089120275116014100, -0.0000000000000000000 ) ) ;
#628 = CLOSED_SHELL ( 'NONE', ( #2276, #473, #1210, #1560, #582, #699, #898, #1868 ) ) ;
#629 = ORIENTED_EDGE ( 'NONE', *, *, #1696, .T. ) ;
#630 = LINE ( 'NONE', #2239, #25 ) ;
#631 = PRESENTATION_LAYER_ASSIGNMENT (  '', '', ( #1368 ) ) ;
#632 = ORIENTED_EDGE ( 'NONE', *, *, #1884, .T. ) ;
#633 = EDGE_LOOP ( 'NONE', ( #22, #166, #2099, #1110 ) ) ;
#634 = VERTEX_POINT ( 'NONE', #1818 ) ;
#635 = CARTESIAN_POINT ( 'NONE',  ( 3.568700000000000200, 0.1775907489959000500, -2.790000000000000000 ) ) ;
#636 = DIRECTION ( 'NONE',  ( 0.0000000000000000000, 0.0000000000000000000, -1.000000000000000000 ) ) ;
#637 = ORIENTED_EDGE ( 'NONE', *, *, #2401, .T. ) ;
#638 = EDGE_CURVE ( 'NONE', #901, #1714, #501, .T. ) ;
#639 = DIRECTION ( 'NONE',  ( -0.0000000000000000000, -0.0000000000000000000, -1.000000000000000000 ) ) ;
#640 = DIRECTION ( 'NONE',  ( 0.0000000000000000000, -1.000000000000000000, 0.0000000000000000000 ) ) ;
#641 = LINE ( 'NONE', #890, #1392 ) ;
#642 = AXIS2_PLACEMENT_3D ( 'NONE', #2224, #1119, #2403 ) ;
#643 = DIRECTION ( 'NONE',  ( -1.000000000000000000, 0.0000000000000000000, 0.0000000000000000000 ) ) ;
#644 = DIRECTION ( 'NONE',  ( -0.0000000000000000000, -0.0000000000000000000, -1.000000000000000000 ) ) ;
#645 = DIRECTION ( 'NONE',  ( 1.000000000000000000, 1.185248535164035800E-016, 0.0000000000000000000 ) ) ;
#646 = VECTOR ( 'NONE', #978, 1000.000000000000000 ) ;
#647 = CARTESIAN_POINT ( 'NONE',  ( 5.016499999999999700, -0.1009999999999996900, -2.290000000000000000 ) ) ;
#648 = LINE ( 'NONE', #1662, #1231 ) ;
#649 = LINE ( 'NONE', #1308, #677 ) ;
#650 = DIRECTION ( 'NONE',  ( -0.0000000000000000000, -0.0000000000000000000, -1.000000000000000000 ) ) ;
#651 = VECTOR ( 'NONE', #2376, 1000.000000000000000 ) ;
#652 = EDGE_CURVE ( 'NONE', #1714, #1580, #1540, .T. ) ;
#653 = VECTOR ( 'NONE', #519, 1000.000000000000000 ) ;
#654 = ORIENTED_EDGE ( 'NONE', *, *, #471, .F. ) ;
#655 = DIRECTION ( 'NONE',  ( -1.000000000000000000, -1.185248535164035800E-016, 0.0000000000000000000 ) ) ;
#656 = ORIENTED_EDGE ( 'NONE', *, *, #359, .F. ) ;
#657 = CARTESIAN_POINT ( 'NONE',  ( 3.568700000000000200, 0.0000000000000000000, 0.7089903454162802500 ) ) ;
#658 = FACE_OUTER_BOUND ( 'NONE', #2217, .T. ) ;
#659 = ORIENTED_EDGE ( 'NONE', *, *, #897, .T. ) ;
#660 = CARTESIAN_POINT ( 'NONE',  ( 5.016499999999999700, 0.09900000000000032400, -2.790000000000000000 ) ) ;
#661 = ORIENTED_EDGE ( 'NONE', *, *, #1227, .F. ) ;
#662 = CARTESIAN_POINT ( 'NONE',  ( 3.568700000000000200, 4.090000000000000700, 3.365499999999999000 ) ) ;
#663 = AXIS2_PLACEMENT_3D ( 'NONE', #1298, #1288, #2047 ) ;
#664 = CLOSED_SHELL ( 'NONE', ( #971, #78, #1616, #2135, #808, #626, #1542, #1525 ) ) ;
#665 = CARTESIAN_POINT ( 'NONE',  ( 3.568700000000000200, 4.090000000000000700, 3.365499999999999000 ) ) ;
#666 = ORIENTED_EDGE ( 'NONE', *, *, #1482, .T. ) ;
#667 = DIRECTION ( 'NONE',  ( -1.000000000000000000, -0.0000000000000000000, -0.0000000000000000000 ) ) ;
#668 = CARTESIAN_POINT ( 'NONE',  ( 3.568700000000000200, 0.0000000000000000000, -1.947519309167438800 ) ) ;
#669 = UNCERTAINTY_MEASURE_WITH_UNIT (LENGTH_MEASURE( 1.000000000000000100E-005 ), #2410, 'distance_accuracy_value', 'NONE');
#670 = EDGE_CURVE ( 'NONE', #436, #774, #1992, .T. ) ;
#671 = DIRECTION ( 'NONE',  ( -0.5879296996640578400, -0.8089120275116020700, 0.0000000000000000000 ) ) ;
#672 = EDGE_CURVE ( 'NONE', #386, #1185, #641, .T. ) ;
#673 = CARTESIAN_POINT ( 'NONE',  ( -3.568700000000000200, 0.1775907489959000500, 2.790000000000000500 ) ) ;
#674 = DIRECTION ( 'NONE',  ( -0.0000000000000000000, -0.0000000000000000000, -1.000000000000000000 ) ) ;
#675 = DIRECTION ( 'NONE',  ( 1.000000000000000000, -1.197108232069350100E-016, 0.0000000000000000000 ) ) ;
#676 = AXIS2_PLACEMENT_3D ( 'NONE', #1361, #2126, #2298 ) ;
#677 = VECTOR ( 'NONE', #1664, 1000.000000000000000 ) ;
#678 = VECTOR ( 'NONE', #2196, 1000.000000000000000 ) ;
#679 = VECTOR ( 'NONE', #2044, 1000.000000000000000 ) ;
#680 = CARTESIAN_POINT ( 'NONE',  ( -2.563175261000484100, 0.4852212400842085800, -0.7089903454162803700 ) ) ;
#681 = CARTESIAN_POINT ( 'NONE',  ( -5.016499999999999700, 0.09900000000000032400, 0.2500000000000002200 ) ) ;
#682 = VECTOR ( 'NONE', #1985, 1000.000000000000000 ) ;
#683 = ORIENTED_EDGE ( 'NONE', *, *, #825, .F. ) ;
#684 = ORIENTED_EDGE ( 'NONE', *, *, #340, .F. ) ;
#685 = PLANE ( 'NONE',  #67 ) ;
#686 = ORIENTED_EDGE ( 'NONE', *, *, #370, .T. ) ;
#687 = ORIENTED_EDGE ( 'NONE', *, *, #224, .T. ) ;
#688 = EDGE_CURVE ( 'NONE', #1440, #1155, #1052, .T. ) ;
#689 = DIRECTION ( 'NONE',  ( -1.197108232069350100E-016, 1.000000000000000000, 0.0000000000000000000 ) ) ;
#690 = CIRCLE ( 'NONE', #364, 0.3662789034680937700 ) ;
#691 = ORIENTED_EDGE ( 'NONE', *, *, #1143, .T. ) ;
#692 =( GEOMETRIC_REPRESENTATION_CONTEXT ( 3 ) GLOBAL_UNCERTAINTY_ASSIGNED_CONTEXT ( ( #1200 ) ) GLOBAL_UNIT_ASSIGNED_CONTEXT ( ( #2299, #440, #1157 ) ) REPRESENTATION_CONTEXT ( 'NONE', 'WORKASPACE' ) );
#693 = VERTEX_POINT ( 'NONE', #328 ) ;
#694 = PLANE ( 'NONE',  #1338 ) ;
#695 = DIRECTION ( 'NONE',  ( -0.8089120275116015200, 0.5879296996640587200, 0.0000000000000000000 ) ) ;
#696 = ORIENTED_EDGE ( 'NONE', *, *, #972, .F. ) ;
#697 = CARTESIAN_POINT ( 'NONE',  ( -2.541079151118327900, 3.990000000000000700, -2.380869940111642900 ) ) ;
#698 =( GEOMETRIC_REPRESENTATION_CONTEXT ( 3 ) GLOBAL_UNCERTAINTY_ASSIGNED_CONTEXT ( ( #320 ) ) GLOBAL_UNIT_ASSIGNED_CONTEXT ( ( #2233, #1656, #3 ) ) REPRESENTATION_CONTEXT ( 'NONE', 'WORKASPACE' ) );
#699 = ADVANCED_FACE ( 'NONE', ( #850 ), #494, .F. ) ;
#700 = ORIENTED_EDGE ( 'NONE', *, *, #843, .F. ) ;
#701 = CARTESIAN_POINT ( 'NONE',  ( 2.563175261000484100, 0.4852212400842086900, 3.365500000000000400 ) ) ;
#702 = ORIENTED_EDGE ( 'NONE', *, *, #1536, .T. ) ;
#703 = DIRECTION ( 'NONE',  ( 0.0000000000000000000, -0.0000000000000000000, -1.000000000000000000 ) ) ;
#704 = CARTESIAN_POINT ( 'NONE',  ( -2.563175261000484100, 0.4852212400842086900, -3.365500000000000400 ) ) ;
#705 = VECTOR ( 'NONE', #852, 1000.000000000000000 ) ;
#706 = EDGE_CURVE ( 'NONE', #21, #2153, #536, .T. ) ;
#707 = CARTESIAN_POINT ( 'NONE',  ( 2.563175261000484100, 0.4852212400842086900, -3.365500000000000400 ) ) ;
#708 = PLANE ( 'NONE',  #994 ) ;
#709 = AXIS2_PLACEMENT_3D ( 'NONE', #102, #1415, #1223 ) ;
#710 = DIRECTION ( 'NONE',  ( 0.0000000000000000000, -0.0000000000000000000, -1.000000000000000000 ) ) ;
#711 = VECTOR ( 'NONE', #1953, 1000.000000000000000 ) ;
#712 = CARTESIAN_POINT ( 'NONE',  ( 3.568700000000000200, 0.1775907489959000500, 2.790000000000000500 ) ) ;
#713 = ADVANCED_FACE ( 'NONE', ( #967 ), #2380, .F. ) ;
#714 = DIRECTION ( 'NONE',  ( -0.5879296996640586100, 0.8089120275116014100, 0.0000000000000000000 ) ) ;
#715 =( GEOMETRIC_REPRESENTATION_CONTEXT ( 3 ) GLOBAL_UNCERTAINTY_ASSIGNED_CONTEXT ( ( #1788 ) ) GLOBAL_UNIT_ASSIGNED_CONTEXT ( ( #1447, #1249, #327 ) ) REPRESENTATION_CONTEXT ( 'NONE', 'WORKASPACE' ) );
#716 = LINE ( 'NONE', #1515, #1937 ) ;
#717 = CARTESIAN_POINT ( 'NONE',  ( 3.873066639486024700, 0.09900000000000044900, -2.790000000000000000 ) ) ;
#718 = LINE ( 'NONE', #2228, #1789 ) ;
#719 = ORIENTED_EDGE ( 'NONE', *, *, #476, .F. ) ;
#720 = CARTESIAN_POINT ( 'NONE',  ( 3.568700000000000200, 0.5177674744007918500, -2.290000000000000000 ) ) ;
#721 = VECTOR ( 'NONE', #1837, 1000.000000000000200 ) ;
#722 = VERTEX_POINT ( 'NONE', #531 ) ;
#723 = ORIENTED_EDGE ( 'NONE', *, *, #968, .T. ) ;
#724 = CYLINDRICAL_SURFACE ( 'NONE', #1723, 0.3662789034680937700 ) ;
#725 = ORIENTED_EDGE ( 'NONE', *, *, #454, .F. ) ;
#726 = CARTESIAN_POINT ( 'NONE',  ( 3.568700000000000200, 0.1775907489959000500, -0.2499999999999997800 ) ) ;
#727 = ORIENTED_EDGE ( 'NONE', *, *, #2349, .F. ) ;
#728 = EDGE_CURVE ( 'NONE', #1042, #892, #2407, .T. ) ;
#729 = ORIENTED_EDGE ( 'NONE', *, *, #1974, .F. ) ;
#730 = CARTESIAN_POINT ( 'NONE',  ( -5.016499999999999700, 0.09900000000000032400, 2.290000000000000500 ) ) ;
#731 = FILL_AREA_STYLE ('',( #1117 ) ) ;
#732 = VERTEX_POINT ( 'NONE', #868 ) ;
#733 = ORIENTED_EDGE ( 'NONE', *, *, #195, .F. ) ;
#734 = DIRECTION ( 'NONE',  ( 0.5879296996640578400, -0.8089120275116020700, 0.0000000000000000000 ) ) ;
#735 = DIRECTION ( 'NONE',  ( -0.0000000000000000000, -1.000000000000000000, -0.0000000000000000000 ) ) ;
#736 = EDGE_CURVE ( 'NONE', #109, #1532, #216, .T. ) ;
#737 = CARTESIAN_POINT ( 'NONE',  ( -3.873066639486024700, 0.09900000000000044900, -0.2499999999999997800 ) ) ;
#738 = PLANE ( 'NONE',  #758 ) ;
#739 = MECHANICAL_DESIGN_GEOMETRIC_PRESENTATION_REPRESENTATION (  '', ( #326 ), #692 ) ;
#740 = VECTOR ( 'NONE', #314, 1000.000000000000000 ) ;
#741 = DIRECTION ( 'NONE',  ( 0.0000000000000000000, 1.000000000000000000, 0.0000000000000000000 ) ) ;
#742 = FILL_AREA_STYLE ('',( #388 ) ) ;
#743 = LINE ( 'NONE', #1458, #679 ) ;
#744 = CARTESIAN_POINT ( 'NONE',  ( -3.568700000000000200, 0.4852212400842085800, 0.7089903454162803700 ) ) ;
#745 = ORIENTED_EDGE ( 'NONE', *, *, #215, .F. ) ;
#746 = VERTEX_POINT ( 'NONE', #2365 ) ;
#747 = UNCERTAINTY_MEASURE_WITH_UNIT (LENGTH_MEASURE( 1.000000000000000100E-005 ), #1095, 'distance_accuracy_value', 'NONE');
#748 = VECTOR ( 'NONE', #1534, 1000.000000000000000 ) ;
#749 = ORIENTED_EDGE ( 'NONE', *, *, #2132, .T. ) ;
#750 = FACE_OUTER_BOUND ( 'NONE', #1319, .T. ) ;
#751 = ORIENTED_EDGE ( 'NONE', *, *, #82, .F. ) ;
#752 = CARTESIAN_POINT ( 'NONE',  ( 3.771184040063300100, -0.1009999999999995300, -2.290000000000000000 ) ) ;
#753 = DIRECTION ( 'NONE',  ( -1.000000000000000000, -0.0000000000000000000, -0.0000000000000000000 ) ) ;
#754 = EDGE_CURVE ( 'NONE', #1409, #966, #155, .T. ) ;
#755 = ADVANCED_FACE ( 'NONE', ( #1087 ), #335, .F. ) ;
#756 = ORIENTED_EDGE ( 'NONE', *, *, #585, .T. ) ;
#757 = CARTESIAN_POINT ( 'NONE',  ( 3.730482405502320900, 0.2951766889287116800, 0.2500000000000002200 ) ) ;
#758 = AXIS2_PLACEMENT_3D ( 'NONE', #1474, #945, #1140 ) ;
#759 = ORIENTED_EDGE ( 'NONE', *, *, #1413, .F. ) ;
#760 = CARTESIAN_POINT ( 'NONE',  ( 3.873066639486024700, 0.09900000000000044900, -2.290000000000000000 ) ) ;
#761 = ORIENTED_EDGE ( 'NONE', *, *, #1227, .T. ) ;
#762 = MECHANICAL_DESIGN_GEOMETRIC_PRESENTATION_REPRESENTATION (  '', ( #307 ), #715 ) ;
#763 = PLANE ( 'NONE',  #1050 ) ;
#764 = VERTEX_POINT ( 'NONE', #1048 ) ;
#765 = VECTOR ( 'NONE', #1080, 1000.000000000000000 ) ;
#766 = ADVANCED_FACE ( 'NONE', ( #1934 ), #2028, .F. ) ;
#767 = CARTESIAN_POINT ( 'NONE',  ( -3.568700000000000200, 0.5177674744007918500, 2.790000000000000500 ) ) ;
#768 = FACE_OUTER_BOUND ( 'NONE', #2073, .T. ) ;
#769 = EDGE_CURVE ( 'NONE', #779, #1360, #563, .T. ) ;
#770 = DIRECTION ( 'NONE',  ( 0.0000000000000000000, 0.0000000000000000000, 1.000000000000000000 ) ) ;
#771 = LINE ( 'NONE', #565, #1695 ) ;
#772 =( GEOMETRIC_REPRESENTATION_CONTEXT ( 3 ) GLOBAL_UNCERTAINTY_ASSIGNED_CONTEXT ( ( #669 ) ) GLOBAL_UNIT_ASSIGNED_CONTEXT ( ( #2410, #168, #1851 ) ) REPRESENTATION_CONTEXT ( 'NONE', 'WORKASPACE' ) );
#773 = ORIENTED_EDGE ( 'NONE', *, *, #1430, .T. ) ;
#774 = VERTEX_POINT ( 'NONE', #2053 ) ;
#775 = ORIENTED_EDGE ( 'NONE', *, *, #2231, .F. ) ;
#776 = ADVANCED_FACE ( 'NONE', ( #2311 ), #1273, .F. ) ;
#777 = DIRECTION ( 'NONE',  ( -1.000000000000000000, 1.197108232069350100E-016, 0.0000000000000000000 ) ) ;
#778 = MANIFOLD_SOLID_BREP ( 'Mirror1[1]', #628 ) ;
#779 = VERTEX_POINT ( 'NONE', #553 ) ;
#780 = EDGE_LOOP ( 'NONE', ( #1643, #19, #56, #1483 ) ) ;
#781 = CARTESIAN_POINT ( 'NONE',  ( 3.568700000000000200, 0.1775907489959000500, -2.290000000000000000 ) ) ;
#782 = ORIENTED_EDGE ( 'NONE', *, *, #1394, .F. ) ;
#783 = EDGE_CURVE ( 'NONE', #1174, #280, #1190, .T. ) ;
#784 = ORIENTED_EDGE ( 'NONE', *, *, #2248, .F. ) ;
#785 = CARTESIAN_POINT ( 'NONE',  ( 3.568700000000000200, 0.0000000000000000000, 1.947519309167438800 ) ) ;
#786 = PLANE ( 'NONE',  #1264 ) ;
#787 = EDGE_CURVE ( 'NONE', #436, #375, #1019, .T. ) ;
#788 = ADVANCED_FACE ( 'NONE', ( #1753 ), #1122, .F. ) ;
#789 = DIRECTION ( 'NONE',  ( 0.0000000000000000000, -1.000000000000000000, -2.234449119122123800E-016 ) ) ;
#790 = CARTESIAN_POINT ( 'NONE',  ( 3.568700000000000200, 0.1775907489959000500, 2.290000000000000500 ) ) ;
#791 = CARTESIAN_POINT ( 'NONE',  ( -2.541079151118327900, 3.990000000000000700, -2.014591036643548900 ) ) ;
#792 = DIRECTION ( 'NONE',  ( -1.822852308939677200E-016, 0.0000000000000000000, -1.000000000000000000 ) ) ;
#793 = VECTOR ( 'NONE', #431, 1000.000000000000000 ) ;
#794 = VECTOR ( 'NONE', #157, 1000.000000000000000 ) ;
#795 = EDGE_CURVE ( 'NONE', #578, #1468, #1456, .T. ) ;
#796 = CARTESIAN_POINT ( 'NONE',  ( -3.568700000000000200, 0.0000000000000000000, 1.947519309167438800 ) ) ;
#797 = DIRECTION ( 'NONE',  ( 1.000000000000000000, 0.0000000000000000000, -0.0000000000000000000 ) ) ;
#798 = VECTOR ( 'NONE', #356, 1000.000000000000000 ) ;
#799 = ORIENTED_EDGE ( 'NONE', *, *, #230, .F. ) ;
#800 = AXIS2_PLACEMENT_3D ( 'NONE', #477, #826, #2327 ) ;
#801 = VECTOR ( 'NONE', #1337, 1000.000000000000000 ) ;
#802 = VECTOR ( 'NONE', #84, 1000.000000000000000 ) ;
#803 = ORIENTED_EDGE ( 'NONE', *, *, #1762, .F. ) ;
#804 = ORIENTED_EDGE ( 'NONE', *, *, #429, .T. ) ;
#805 = CARTESIAN_POINT ( 'NONE',  ( 3.568700000000000200, 4.090000000000000700, -3.365500000000000400 ) ) ;
#806 = DIRECTION ( 'NONE',  ( 0.0000000000000000000, -0.0000000000000000000, 1.000000000000000000 ) ) ;
#807 = EDGE_LOOP ( 'NONE', ( #2420, #2275, #1855, #2320 ) ) ;
#808 = ADVANCED_FACE ( 'NONE', ( #2023 ), #564, .F. ) ;
#809 = ORIENTED_EDGE ( 'NONE', *, *, #556, .T. ) ;
#810 = EDGE_CURVE ( 'NONE', #2131, #2041, #120, .T. ) ;
#811 = VERTEX_POINT ( 'NONE', #752 ) ;
#812 = PLANE ( 'NONE',  #800 ) ;
#813 = DIRECTION ( 'NONE',  ( 0.0000000000000000000, 1.000000000000000000, 0.0000000000000000000 ) ) ;
#814 = PRESENTATION_LAYER_ASSIGNMENT (  '', '', ( #1144 ) ) ;
#815 = VECTOR ( 'NONE', #858, 1000.000000000000000 ) ;
#816 = ADVANCED_FACE ( 'NONE', ( #1961 ), #2048, .F. ) ;
#817 = DIRECTION ( 'NONE',  ( 0.0000000000000000000, 1.000000000000000000, 0.0000000000000000000 ) ) ;
#818 = VECTOR ( 'NONE', #94, 1000.000000000000000 ) ;
#819 = CARTESIAN_POINT ( 'NONE',  ( 3.730482405502320900, 0.2951766889287116800, -2.290000000000000000 ) ) ;
#820 = LINE ( 'NONE', #1390, #509 ) ;
#821 = VECTOR ( 'NONE', #1270, 1000.000000000000000 ) ;
#822 = LINE ( 'NONE', #1079, #2384 ) ;
#823 = DIRECTION ( 'NONE',  ( -0.0000000000000000000, 0.0000000000000000000, -1.000000000000000000 ) ) ;
#824 = VERTEX_POINT ( 'NONE', #928 ) ;
#825 = EDGE_CURVE ( 'NONE', #873, #555, #1362, .T. ) ;
#826 = DIRECTION ( 'NONE',  ( 0.0000000000000000000, 0.0000000000000000000, -1.000000000000000000 ) ) ;
#827 = PLANE ( 'NONE',  #246 ) ;
#828 = FACE_OUTER_BOUND ( 'NONE', #1949, .T. ) ;
#829 = ORIENTED_EDGE ( 'NONE', *, *, #754, .F. ) ;
#830 = ORIENTED_EDGE ( 'NONE', *, *, #2273, .F. ) ;
#831 = CARTESIAN_POINT ( 'NONE',  ( -3.568700000000000200, 0.0000000000000000000, 0.7089903454162802500 ) ) ;
#832 = VECTOR ( 'NONE', #540, 1000.000000000000000 ) ;
#833 = AXIS2_PLACEMENT_3D ( 'NONE', #1693, #598, #422 ) ;
#834 = ADVANCED_FACE ( 'NONE', ( #1722 ), #1486, .F. ) ;
#835 = ORIENTED_EDGE ( 'NONE', *, *, #488, .F. ) ;
#836 = VECTOR ( 'NONE', #1591, 1000.000000000000000 ) ;
#837 = ORIENTED_EDGE ( 'NONE', *, *, #2381, .F. ) ;
#838 = CARTESIAN_POINT ( 'NONE',  ( 3.568700000000000200, 0.4852212400842085800, 0.7089903454162803700 ) ) ;
#839 = EDGE_LOOP ( 'NONE', ( #632, #1705 ) ) ;
#840 = DIRECTION ( 'NONE',  ( -1.000000000000000000, 0.0000000000000000000, 0.0000000000000000000 ) ) ;
#841 = CARTESIAN_POINT ( 'NONE',  ( -3.771184040063300100, -0.1009999999999995300, 2.790000000000000500 ) ) ;
#842 = VERTEX_POINT ( 'NONE', #2098 ) ;
#843 = EDGE_CURVE ( 'NONE', #1114, #385, #154, .T. ) ;
#844 = DIRECTION ( 'NONE',  ( -1.000000000000000000, 0.0000000000000000000, 0.0000000000000000000 ) ) ;
#845 = ORIENTED_EDGE ( 'NONE', *, *, #860, .T. ) ;
#846 = CARTESIAN_POINT ( 'NONE',  ( -3.568700000000000200, 0.0000000000000000000, 3.365500000000000400 ) ) ;
#847 = EDGE_CURVE ( 'NONE', #732, #487, #99, .T. ) ;
#848 = CARTESIAN_POINT ( 'NONE',  ( -2.563175261000484100, 0.4852212400842085800, 0.7089903454162803700 ) ) ;
#849 = CARTESIAN_POINT ( 'NONE',  ( -5.016499999999999700, 0.09900000000000032400, 0.2500000000000002200 ) ) ;
#850 = FACE_OUTER_BOUND ( 'NONE', #1307, .T. ) ;
#851 = AXIS2_PLACEMENT_3D ( 'NONE', #507, #318, #1611 ) ;
#852 = DIRECTION ( 'NONE',  ( 0.0000000000000000000, -1.000000000000000000, 0.0000000000000000000 ) ) ;
#853 = VECTOR ( 'NONE', #299, 1000.000000000000000 ) ;
#854 = PLANE ( 'NONE',  #709 ) ;
#855 = DIRECTION ( 'NONE',  ( 0.0000000000000000000, -0.0000000000000000000, -1.000000000000000000 ) ) ;
#856 = CARTESIAN_POINT ( 'NONE',  ( -3.873066639486024700, 0.09900000000000044900, -2.290000000000000000 ) ) ;
#857 = LINE ( 'NONE', #1997, #678 ) ;
#858 = DIRECTION ( 'NONE',  ( -1.000000000000000000, -0.0000000000000000000, -0.0000000000000000000 ) ) ;
#859 = VECTOR ( 'NONE', #671, 1000.000000000000200 ) ;
#860 = EDGE_CURVE ( 'NONE', #610, #2323, #1340, .T. ) ;
#861 = ORIENTED_EDGE ( 'NONE', *, *, #688, .T. ) ;
#862 = ORIENTED_EDGE ( 'NONE', *, *, #1153, .T. ) ;
#863 = DIRECTION ( 'NONE',  ( -1.000000000000000000, 1.185248535164035800E-016, 0.0000000000000000000 ) ) ;
#864 = COLOUR_RGB ( '',0.2509803921568627400, 0.2509803921568627400, 0.2509803921568627400 ) ;
#865 = ORIENTED_EDGE ( 'NONE', *, *, #1614, .F. ) ;
#866 = AXIS2_PLACEMENT_3D ( 'NONE', #974, #996, #1737 ) ;
#867 = DIRECTION ( 'NONE',  ( -1.000000000000000000, -0.0000000000000000000, -0.0000000000000000000 ) ) ;
#868 = CARTESIAN_POINT ( 'NONE',  ( 3.568700000000000200, 0.4852212400842085800, -0.7089903454162803700 ) ) ;
#869 = CIRCLE ( 'NONE', #2250, 0.3662789034680937700 ) ;
#870 = ORIENTED_EDGE ( 'NONE', *, *, #1118, .T. ) ;
#871 = VERTEX_POINT ( 'NONE', #2118 ) ;
#872 = DIRECTION ( 'NONE',  ( 0.0000000000000000000, -0.0000000000000000000, -1.000000000000000000 ) ) ;
#873 = VERTEX_POINT ( 'NONE', #285 ) ;
#874 = PLANE ( 'NONE',  #421 ) ;
#875 = ORIENTED_EDGE ( 'NONE', *, *, #1153, .F. ) ;
#876 = EDGE_CURVE ( 'NONE', #1609, #990, #424, .T. ) ;
#877 = CARTESIAN_POINT ( 'NONE',  ( 2.563175261000484100, 0.4852212400842086900, -1.947519309167438800 ) ) ;
#878 = DIRECTION ( 'NONE',  ( 0.8089120275116020700, -0.5879296996640578400, 0.0000000000000000000 ) ) ;
#879 = MECHANICAL_DESIGN_GEOMETRIC_PRESENTATION_REPRESENTATION (  '', ( #1655 ), #542 ) ;
#880 = VECTOR ( 'NONE', #2184, 1000.000000000000000 ) ;
#881 = ADVANCED_FACE ( 'NONE', ( #2059 ), #1203, .F. ) ;
#882 = CARTESIAN_POINT ( 'NONE',  ( 2.563175261000484100, 0.0000000000000000000, 1.947519309167438800 ) ) ;
#883 = AXIS2_PLACEMENT_3D ( 'NONE', #791, #983, #2290 ) ;
#884 = DIRECTION ( 'NONE',  ( -0.0000000000000000000, 1.000000000000000000, -0.0000000000000000000 ) ) ;
#885 = FACE_OUTER_BOUND ( 'NONE', #839, .T. ) ;
#886 = LINE ( 'NONE', #767, #1544 ) ;
#887 = PLANE ( 'NONE',  #40 ) ;
#888 = FACE_OUTER_BOUND ( 'NONE', #1294, .T. ) ;
#889 = DIRECTION ( 'NONE',  ( 0.0000000000000000000, 1.000000000000000000, 0.0000000000000000000 ) ) ;
#890 = CARTESIAN_POINT ( 'NONE',  ( 3.771184040063300100, -0.1009999999999995300, 2.790000000000000500 ) ) ;
#891 = LINE ( 'NONE', #1658, #545 ) ;
#892 = VERTEX_POINT ( 'NONE', #453 ) ;
#893 = CARTESIAN_POINT ( 'NONE',  ( 3.568700000000000200, 0.4852212400842085800, 0.7089903454162803700 ) ) ;
#894 = VECTOR ( 'NONE', #817, 1000.000000000000000 ) ;
#895 = ORIENTED_EDGE ( 'NONE', *, *, #2142, .T. ) ;
#896 = EDGE_LOOP ( 'NONE', ( #2338, #2016, #1772, #357, #2362, #1304, #1858, #2155 ) ) ;
#897 = EDGE_CURVE ( 'NONE', #873, #1112, #2308, .T. ) ;
#898 = ADVANCED_FACE ( 'NONE', ( #2110 ), #1955, .F. ) ;
#899 = PLANE ( 'NONE',  #38 ) ;
#900 = LINE ( 'NONE', #737, #2072 ) ;
#901 = VERTEX_POINT ( 'NONE', #2312 ) ;
#902 = CARTESIAN_POINT ( 'NONE',  ( -5.016499999999999700, 0.09900000000000032400, 2.790000000000000500 ) ) ;
#903 = VERTEX_POINT ( 'NONE', #2329 ) ;
#904 = CARTESIAN_POINT ( 'NONE',  ( 3.771184040063300100, -0.1009999999999995300, 0.2500000000000002200 ) ) ;
#905 = VERTEX_POINT ( 'NONE', #1378 ) ;
#906 = ORIENTED_EDGE ( 'NONE', *, *, #1029, .T. ) ;
#907 = DIRECTION ( 'NONE',  ( 0.0000000000000000000, -0.0000000000000000000, 1.000000000000000000 ) ) ;
#908 =( NAMED_UNIT ( * ) PLANE_ANGLE_UNIT ( ) SI_UNIT ( $, .RADIAN. ) );
#909 = EDGE_LOOP ( 'NONE', ( #932, #1039, #1138, #2272, #656, #1137 ) ) ;
#910 = PLANE ( 'NONE',  #1135 ) ;
#911 = DIRECTION ( 'NONE',  ( -1.000000000000000000, 0.0000000000000000000, -0.0000000000000000000 ) ) ;
#912 = EDGE_CURVE ( 'NONE', #1440, #1006, #594, .T. ) ;
#913 = DIRECTION ( 'NONE',  ( 0.5879296996640586100, 0.8089120275116014100, -0.0000000000000000000 ) ) ;
#914 = VECTOR ( 'NONE', #1250, 1000.000000000000000 ) ;
#915 = DIRECTION ( 'NONE',  ( -0.0000000000000000000, -0.0000000000000000000, -1.000000000000000000 ) ) ;
#916 = EDGE_CURVE ( 'NONE', #732, #1112, #1790, .T. ) ;
#917 = CARTESIAN_POINT ( 'NONE',  ( -5.016499999999999700, 0.09900000000000032400, 2.790000000000000500 ) ) ;
#918 = CARTESIAN_POINT ( 'NONE',  ( 3.771184040063300100, -0.1009999999999995300, -0.2499999999999997800 ) ) ;
#919 = PRODUCT_DEFINITION ( 'UNKNOWN', '', #1530, #1771 ) ;
#920 = VECTOR ( 'NONE', #279, 1000.000000000000000 ) ;
#921 = CARTESIAN_POINT ( 'NONE',  ( 3.568700000000000200, 4.090000000000000700, 3.365499999999999000 ) ) ;
#922 = LINE ( 'NONE', #2052, #425 ) ;
#923 = CARTESIAN_POINT ( 'NONE',  ( 3.568700000000000200, 0.5177674744007918500, -0.2499999999999997800 ) ) ;
#924 = LINE ( 'NONE', #2361, #859 ) ;
#925 = ORIENTED_EDGE ( 'NONE', *, *, #1259, .T. ) ;
#926 = EDGE_LOOP ( 'NONE', ( #981, #2255, #284, #1587 ) ) ;
#927 = DIRECTION ( 'NONE',  ( 0.0000000000000000000, 1.000000000000000000, 0.0000000000000000000 ) ) ;
#928 = CARTESIAN_POINT ( 'NONE',  ( 5.016499999999999700, -0.1009999999999996900, -2.290000000000000000 ) ) ;
#929 = ORIENTED_EDGE ( 'NONE', *, *, #1939, .T. ) ;
#930 = ORIENTED_EDGE ( 'NONE', *, *, #959, .T. ) ;
#931 = EDGE_CURVE ( 'NONE', #1346, #824, #419, .T. ) ;
#932 = ORIENTED_EDGE ( 'NONE', *, *, #2368, .F. ) ;
#933 = CARTESIAN_POINT ( 'NONE',  ( -5.016499999999999700, -0.1009999999999996900, -2.290000000000000000 ) ) ;
#934 = STYLED_ITEM ( 'NONE', ( #1002 ), #1529 ) ;
#935 = FILL_AREA_STYLE_COLOUR ( '', #2415 ) ;
#936 = SURFACE_SIDE_STYLE ('',( #1364 ) ) ;
#937 = CARTESIAN_POINT ( 'NONE',  ( 2.563175261000484100, 0.4852212400842085800, 0.7089903454162803700 ) ) ;
#938 = ORIENTED_EDGE ( 'NONE', *, *, #1459, .F. ) ;
#939 = ORIENTED_EDGE ( 'NONE', *, *, #1939, .F. ) ;
#940 = CARTESIAN_POINT ( 'NONE',  ( -3.568700000000000200, 0.1775907489959000500, -0.2499999999999997800 ) ) ;
#941 = PLANE ( 'NONE',  #508 ) ;
#942 = SURFACE_SIDE_STYLE ('',( #1756 ) ) ;
#943 = EDGE_CURVE ( 'NONE', #1867, #2119, #1477, .T. ) ;
#944 = CARTESIAN_POINT ( 'NONE',  ( 3.730482405502320900, 0.2951766889287116800, -2.290000000000000000 ) ) ;
#945 = DIRECTION ( 'NONE',  ( 0.0000000000000000000, 1.000000000000000000, 0.0000000000000000000 ) ) ;
#946 = AXIS2_PLACEMENT_3D ( 'NONE', #1676, #1470, #911 ) ;
#947 = VECTOR ( 'NONE', #1407, 1000.000000000000000 ) ;
#948 = SURFACE_SIDE_STYLE ('',( #1888 ) ) ;
#949 = DIRECTION ( 'NONE',  ( -0.0000000000000000000, -1.000000000000000000, -0.0000000000000000000 ) ) ;
#950 = LINE ( 'NONE', #468, #595 ) ;
#951 = VECTOR ( 'NONE', #1424, 1000.000000000000200 ) ;
#952 = CARTESIAN_POINT ( 'NONE',  ( 5.016499999999999700, 0.09900000000000032400, -2.290000000000000000 ) ) ;
#953 = LINE ( 'NONE', #668, #623 ) ;
#954 = ORIENTED_EDGE ( 'NONE', *, *, #2010, .T. ) ;
#955 = LINE ( 'NONE', #489, #1640 ) ;
#956 = EDGE_LOOP ( 'NONE', ( #46, #1533, #379, #1836 ) ) ;
#957 = ORIENTED_EDGE ( 'NONE', *, *, #1915, .F. ) ;
#958 = ORIENTED_EDGE ( 'NONE', *, *, #2287, .F. ) ;
#959 = EDGE_CURVE ( 'NONE', #2046, #779, #2157, .T. ) ;
#960 = VERTEX_POINT ( 'NONE', #831 ) ;
#961 = DIRECTION ( 'NONE',  ( 0.0000000000000000000, -1.000000000000000000, 0.0000000000000000000 ) ) ;
#962 = AXIS2_PLACEMENT_3D ( 'NONE', #1541, #643, #2333 ) ;
#963 = ORIENTED_EDGE ( 'NONE', *, *, #1295, .T. ) ;
#964 = ORIENTED_EDGE ( 'NONE', *, *, #2088, .T. ) ;
#965 = AXIS2_PLACEMENT_3D ( 'NONE', #439, #1556, #272 ) ;
#966 = VERTEX_POINT ( 'NONE', #472 ) ;
#967 = FACE_OUTER_BOUND ( 'NONE', #1276, .T. ) ;
#968 = EDGE_CURVE ( 'NONE', #779, #145, #1154, .T. ) ;
#969 = PLANE ( 'NONE',  #2340 ) ;
#970 = LINE ( 'NONE', #1021, #853 ) ;
#971 = ADVANCED_FACE ( 'NONE', ( #1832 ), #2339, .F. ) ;
#972 = EDGE_CURVE ( 'NONE', #1954, #405, #1978, .T. ) ;
#973 = DIRECTION ( 'NONE',  ( 0.0000000000000000000, 0.0000000000000000000, 1.000000000000000000 ) ) ;
#974 = CARTESIAN_POINT ( 'NONE',  ( 3.568700000000000200, 0.0000000000000000000, 1.947519309167438800 ) ) ;
#975 = AXIS2_PLACEMENT_3D ( 'NONE', #175, #183, #560 ) ;
#976 = PRESENTATION_STYLE_ASSIGNMENT (( #2200 ) ) ;
#977 = LINE ( 'NONE', #312, #1914 ) ;
#978 = DIRECTION ( 'NONE',  ( -0.0000000000000000000, -0.0000000000000000000, -1.000000000000000000 ) ) ;
#979 = LINE ( 'NONE', #2343, #1547 ) ;
#980 = ORIENTED_EDGE ( 'NONE', *, *, #2260, .F. ) ;
#981 = ORIENTED_EDGE ( 'NONE', *, *, #1927, .T. ) ;
#982 = CARTESIAN_POINT ( 'NONE',  ( -3.568700000000000200, 0.1775907489959000500, 0.2500000000000002200 ) ) ;
#983 = DIRECTION ( 'NONE',  ( -0.0000000000000000000, 1.000000000000000000, -0.0000000000000000000 ) ) ;
#984 = FACE_OUTER_BOUND ( 'NONE', #2302, .T. ) ;
#985 = ORIENTED_EDGE ( 'NONE', *, *, #1482, .F. ) ;
#986 = ADVANCED_FACE ( 'NONE', ( #27 ), #295, .F. ) ;
#987 = EDGE_LOOP ( 'NONE', ( #1384, #434, #2160, #324 ) ) ;
#988 = VERTEX_POINT ( 'NONE', #707 ) ;
#989 = EDGE_CURVE ( 'NONE', #1615, #1044, #1445, .T. ) ;
#990 = VERTEX_POINT ( 'NONE', #1632 ) ;
#991 = CARTESIAN_POINT ( 'NONE',  ( 3.873066639486024700, 0.09900000000000044900, 2.790000000000000500 ) ) ;
#992 =( NAMED_UNIT ( * ) SI_UNIT ( $, .STERADIAN. ) SOLID_ANGLE_UNIT ( ) );
#993 = VECTOR ( 'NONE', #2034, 1000.000000000000000 ) ;
#994 = AXIS2_PLACEMENT_3D ( 'NONE', #2398, #1824, #1841 ) ;
#995 = CARTESIAN_POINT ( 'NONE',  ( 3.568700000000000200, 0.0000000000000000000, -1.947519309167438800 ) ) ;
#996 = DIRECTION ( 'NONE',  ( 0.0000000000000000000, 0.0000000000000000000, 1.000000000000000000 ) ) ;
#997 = VECTOR ( 'NONE', #1815, 1000.000000000000000 ) ;
#998 = COLOUR_RGB ( '',1.000000000000000000, 1.000000000000000000, 1.000000000000000000 ) ;
#999 = ORIENTED_EDGE ( 'NONE', *, *, #2077, .T. ) ;
#1000 = AXIS2_PLACEMENT_3D ( 'NONE', #306, #1792, #675 ) ;
#1001 = LINE ( 'NONE', #442, #1576 ) ;
#1002 = PRESENTATION_STYLE_ASSIGNMENT (( #1726 ) ) ;
#1003 = ORIENTED_EDGE ( 'NONE', *, *, #783, .T. ) ;
#1004 = ORIENTED_EDGE ( 'NONE', *, *, #503, .F. ) ;
#1005 = VECTOR ( 'NONE', #2017, 1000.000000000000000 ) ;
#1006 = VERTEX_POINT ( 'NONE', #2358 ) ;
#1007 = DIRECTION ( 'NONE',  ( -1.000000000000000000, -0.0000000000000000000, -0.0000000000000000000 ) ) ;
#1008 = DIRECTION ( 'NONE',  ( -0.5879296996640578400, 0.8089120275116020700, 0.0000000000000000000 ) ) ;
#1009 = ORIENTED_EDGE ( 'NONE', *, *, #195, .T. ) ;
#1010 = DIRECTION ( 'NONE',  ( -1.000000000000000000, -0.0000000000000000000, -0.0000000000000000000 ) ) ;
#1011 = ORIENTED_EDGE ( 'NONE', *, *, #1101, .F. ) ;
#1012 = EDGE_CURVE ( 'NONE', #28, #2125, #869, .T. ) ;
#1013 = ORIENTED_EDGE ( 'NONE', *, *, #593, .T. ) ;
#1014 = CARTESIAN_POINT ( 'NONE',  ( -3.771184040063300100, -0.1009999999999995300, -2.290000000000000000 ) ) ;
#1015 = ADVANCED_FACE ( 'NONE', ( #2427 ), #1820, .F. ) ;
#1016 = CARTESIAN_POINT ( 'NONE',  ( -3.568700000000000200, 0.0000000000000000000, 3.365500000000000400 ) ) ;
#1017 = FILL_AREA_STYLE_COLOUR ( '', #1027 ) ;
#1018 = AXIS2_PLACEMENT_3D ( 'NONE', #819, #1198, #1008 ) ;
#1019 = LINE ( 'NONE', #2221, #37 ) ;
#1020 = CARTESIAN_POINT ( 'NONE',  ( 5.016499999999999700, 0.09900000000000032400, -2.290000000000000000 ) ) ;
#1021 = CARTESIAN_POINT ( 'NONE',  ( -5.016499999999999700, 0.09900000000000032400, -2.790000000000000000 ) ) ;
#1022 = CARTESIAN_POINT ( 'NONE',  ( -3.771184040063300100, -0.1009999999999995300, 0.2500000000000002200 ) ) ;
#1023 = VECTOR ( 'NONE', #2054, 1000.000000000000000 ) ;
#1024 = EDGE_CURVE ( 'NONE', #2271, #1222, #1767, .T. ) ;
#1025 = LINE ( 'NONE', #401, #1147 ) ;
#1026 = DIRECTION ( 'NONE',  ( -0.0000000000000000000, -0.0000000000000000000, -1.000000000000000000 ) ) ;
#1027 = COLOUR_RGB ( '',1.000000000000000000, 1.000000000000000000, 1.000000000000000000 ) ;
#1028 = VECTOR ( 'NONE', #1228, 1000.000000000000000 ) ;
#1029 = EDGE_CURVE ( 'NONE', #634, #1889, #1800, .T. ) ;
#1030 = LINE ( 'NONE', #1999, #2294 ) ;
#1031 = VERTEX_POINT ( 'NONE', #510 ) ;
#1032 = VERTEX_POINT ( 'NONE', #2382 ) ;
#1033 = DIRECTION ( 'NONE',  ( 0.0000000000000000000, 1.000000000000000000, 0.0000000000000000000 ) ) ;
#1034 = STYLED_ITEM ( 'NONE', ( #2379 ), #1457 ) ;
#1035 = ORIENTED_EDGE ( 'NONE', *, *, #2278, .T. ) ;
#1036 = DIRECTION ( 'NONE',  ( 0.5879296996640578400, -0.8089120275116020700, 0.0000000000000000000 ) ) ;
#1037 = ORIENTED_EDGE ( 'NONE', *, *, #1320, .F. ) ;
#1038 = DIRECTION ( 'NONE',  ( -1.000000000000000000, 0.0000000000000000000, -0.0000000000000000000 ) ) ;
#1039 = ORIENTED_EDGE ( 'NONE', *, *, #2211, .F. ) ;
#1040 = CARTESIAN_POINT ( 'NONE',  ( -3.873066639486024700, 0.09900000000000044900, -2.790000000000000000 ) ) ;
#1041 = DIRECTION ( 'NONE',  ( 1.185248535164035800E-016, -1.000000000000000000, 0.0000000000000000000 ) ) ;
#1042 = VERTEX_POINT ( 'NONE', #1043 ) ;
#1043 = CARTESIAN_POINT ( 'NONE',  ( -3.568700000000000200, 4.090000000000000700, -3.365499999999999500 ) ) ;
#1044 = VERTEX_POINT ( 'NONE', #1831 ) ;
#1045 = DIRECTION ( 'NONE',  ( -1.000000000000000000, -1.197108232069350100E-016, 0.0000000000000000000 ) ) ;
#1046 = EDGE_CURVE ( 'NONE', #81, #2131, #258, .T. ) ;
#1047 = CARTESIAN_POINT ( 'NONE',  ( 2.563175261000484100, 0.0000000000000000000, -3.365500000000000400 ) ) ;
#1048 = CARTESIAN_POINT ( 'NONE',  ( 3.873066639486024700, 0.09900000000000044900, -0.2499999999999997800 ) ) ;
#1049 = VECTOR ( 'NONE', #85, 1000.000000000000000 ) ;
#1050 = AXIS2_PLACEMENT_3D ( 'NONE', #2236, #2074, #1842 ) ;
#1051 = DIRECTION ( 'NONE',  ( 0.0000000000000000000, -1.000000000000000000, 0.0000000000000000000 ) ) ;
#1052 = LINE ( 'NONE', #153, #270 ) ;
#1053 = DIRECTION ( 'NONE',  ( 0.8089120275116015200, 0.5879296996640587200, 0.0000000000000000000 ) ) ;
#1054 = CARTESIAN_POINT ( 'NONE',  ( -5.016499999999999700, -0.1009999999999996900, 0.2500000000000002200 ) ) ;
#1055 = CARTESIAN_POINT ( 'NONE',  ( 3.568700000000000200, 0.1775907489959000500, -0.2499999999999997800 ) ) ;
#1056 = LINE ( 'NONE', #188, #2313 ) ;
#1057 = CARTESIAN_POINT ( 'NONE',  ( -3.568700000000000200, 0.1775907489959000500, -2.290000000000000000 ) ) ;
#1058 = LINE ( 'NONE', #2109, #124 ) ;
#1059 = COLOUR_RGB ( '',1.000000000000000000, 1.000000000000000000, 1.000000000000000000 ) ;
#1060 = VECTOR ( 'NONE', #208, 1000.000000000000000 ) ;
#1061 = EDGE_CURVE ( 'NONE', #722, #1032, #1151, .T. ) ;
#1062 = VECTOR ( 'NONE', #1242, 1000.000000000000000 ) ;
#1063 = ORIENTED_EDGE ( 'NONE', *, *, #1320, .T. ) ;
#1064 = VERTEX_POINT ( 'NONE', #496 ) ;
#1065 = CARTESIAN_POINT ( 'NONE',  ( 2.563175261000484100, 8.946062254689056900, -3.365500000000000400 ) ) ;
#1066 = LINE ( 'NONE', #944, #2389 ) ;
#1067 = EDGE_LOOP ( 'NONE', ( #467, #1683, #862, #1438 ) ) ;
#1068 = AXIS2_PLACEMENT_3D ( 'NONE', #5, #159, #368 ) ;
#1069 = VERTEX_POINT ( 'NONE', #2003 ) ;
#1070 = CARTESIAN_POINT ( 'NONE',  ( -3.730482405502320900, 0.2951766889287116800, 2.790000000000000500 ) ) ;
#1071 = DIRECTION ( 'NONE',  ( 0.0000000000000000000, -0.0000000000000000000, -1.000000000000000000 ) ) ;
#1072 = LINE ( 'NONE', #1526, #577 ) ;
#1073 = ORIENTED_EDGE ( 'NONE', *, *, #795, .T. ) ;
#1074 = PLANE ( 'NONE',  #2408 ) ;
#1075 = ORIENTED_EDGE ( 'NONE', *, *, #1061, .F. ) ;
#1076 = DIRECTION ( 'NONE',  ( 0.0000000000000000000, -0.0000000000000000000, -1.000000000000000000 ) ) ;
#1077 = ORIENTED_EDGE ( 'NONE', *, *, #1567, .F. ) ;
#1078 = DIRECTION ( 'NONE',  ( 0.0000000000000000000, 0.0000000000000000000, -1.000000000000000000 ) ) ;
#1079 = CARTESIAN_POINT ( 'NONE',  ( 3.730482405502320900, 0.2951766889287116800, 2.290000000000000500 ) ) ;
#1080 = DIRECTION ( 'NONE',  ( 0.0000000000000000000, 1.000000000000000000, 0.0000000000000000000 ) ) ;
#1081 =( LENGTH_UNIT ( ) NAMED_UNIT ( * ) SI_UNIT ( .MILLI., .METRE. ) );
#1082 = VERTEX_POINT ( 'NONE', #877 ) ;
#1083 = EDGE_CURVE ( 'NONE', #2125, #1609, #2096, .T. ) ;
#1084 = CARTESIAN_POINT ( 'NONE',  ( -2.541079151118327900, 3.990000000000000700, -2.014591036643548900 ) ) ;
#1085 = AXIS2_PLACEMENT_3D ( 'NONE', #2167, #689, #1045 ) ;
#1086 = CARTESIAN_POINT ( 'NONE',  ( -5.016499999999999700, 0.09900000000000032400, 2.290000000000000500 ) ) ;
#1087 = FACE_OUTER_BOUND ( 'NONE', #1759, .T. ) ;
#1088 = CARTESIAN_POINT ( 'NONE',  ( 5.016499999999999700, 0.09900000000000032400, 2.790000000000000500 ) ) ;
#1089 =( GEOMETRIC_REPRESENTATION_CONTEXT ( 3 ) GLOBAL_UNCERTAINTY_ASSIGNED_CONTEXT ( ( #2238 ) ) GLOBAL_UNIT_ASSIGNED_CONTEXT ( ( #1751, #1543, #615 ) ) REPRESENTATION_CONTEXT ( 'NONE', 'WORKASPACE' ) );
#1090 = DIRECTION ( 'NONE',  ( 0.0000000000000000000, 0.0000000000000000000, -1.000000000000000000 ) ) ;
#1091 = CARTESIAN_POINT ( 'NONE',  ( 3.873066639486024700, 0.09900000000000044900, 0.2500000000000002200 ) ) ;
#1092 = LINE ( 'NONE', #1165, #793 ) ;
#1093 = CARTESIAN_POINT ( 'NONE',  ( 3.568700000000000200, 4.090000000000000700, -3.365500000000000400 ) ) ;
#1094 = VECTOR ( 'NONE', #113, 1000.000000000000200 ) ;
#1095 =( LENGTH_UNIT ( ) NAMED_UNIT ( * ) SI_UNIT ( .MILLI., .METRE. ) );
#1096 = VECTOR ( 'NONE', #1285, 1000.000000000000000 ) ;
#1097 = SURFACE_SIDE_STYLE ('',( #1578 ) ) ;
#1098 = SURFACE_STYLE_USAGE ( .BOTH. , #936 ) ;
#1099 =( NAMED_UNIT ( * ) SI_UNIT ( $, .STERADIAN. ) SOLID_ANGLE_UNIT ( ) );
#1100 = FACE_OUTER_BOUND ( 'NONE', #633, .T. ) ;
#1101 = EDGE_CURVE ( 'NONE', #203, #1686, #202, .T. ) ;
#1102 = LINE ( 'NONE', #1040, #1603 ) ;
#1103 = ORIENTED_EDGE ( 'NONE', *, *, #2173, .T. ) ;
#1104 = ORIENTED_EDGE ( 'NONE', *, *, #1915, .T. ) ;
#1105 = EDGE_CURVE ( 'NONE', #2242, #1532, #1612, .T. ) ;
#1106 = DIRECTION ( 'NONE',  ( -0.0000000000000000000, -1.000000000000000000, -0.0000000000000000000 ) ) ;
#1107 = EDGE_LOOP ( 'NONE', ( #1241, #659, #350, #2391 ) ) ;
#1108 = CARTESIAN_POINT ( 'NONE',  ( -2.563175261000484100, 8.946062254689056900, -3.365500000000000400 ) ) ;
#1109 = STYLED_ITEM ( 'NONE', ( #399 ), #1905 ) ;
#1110 = ORIENTED_EDGE ( 'NONE', *, *, #876, .T. ) ;
#1111 = DIRECTION ( 'NONE',  ( -1.000000000000000000, -0.0000000000000000000, -0.0000000000000000000 ) ) ;
#1112 = VERTEX_POINT ( 'NONE', #500 ) ;
#1113 = CARTESIAN_POINT ( 'NONE',  ( 5.016499999999999700, 0.09900000000000032400, 2.290000000000000500 ) ) ;
#1114 = VERTEX_POINT ( 'NONE', #1809 ) ;
#1115 = APPLICATION_CONTEXT ( 'automotive_design' ) ;
#1116 = CARTESIAN_POINT ( 'NONE',  ( -2.541079151118327900, 4.090000000000000700, -2.014591036643548900 ) ) ;
#1117 = FILL_AREA_STYLE_COLOUR ( '', #1692 ) ;
#1118 = EDGE_CURVE ( 'NONE', #2119, #1829, #1503, .T. ) ;
#1119 = DIRECTION ( 'NONE',  ( -0.0000000000000000000, 2.234449119122123800E-016, 1.000000000000000000 ) ) ;
#1120 =( NAMED_UNIT ( * ) SI_UNIT ( $, .STERADIAN. ) SOLID_ANGLE_UNIT ( ) );
#1121 = FILL_AREA_STYLE ('',( #935 ) ) ;
#1122 = PLANE ( 'NONE',  #1068 ) ;
#1123 = CARTESIAN_POINT ( 'NONE',  ( -5.016499999999999700, -0.1009999999999996900, 2.290000000000000500 ) ) ;
#1124 = LINE ( 'NONE', #351, #1636 ) ;
#1125 = FACE_OUTER_BOUND ( 'NONE', #780, .T. ) ;
#1126 = ORIENTED_EDGE ( 'NONE', *, *, #1279, .F. ) ;
#1127 = ORIENTED_EDGE ( 'NONE', *, *, #1218, .F. ) ;
#1128 = LINE ( 'NONE', #1942, #2068 ) ;
#1129 = ORIENTED_EDGE ( 'NONE', *, *, #1814, .F. ) ;
#1130 = ORIENTED_EDGE ( 'NONE', *, *, #1651, .F. ) ;
#1131 = CARTESIAN_POINT ( 'NONE',  ( 3.568700000000000200, 0.5177674744007918500, 0.2500000000000002200 ) ) ;
#1132 = LINE ( 'NONE', #2418, #2152 ) ;
#1133 = ORIENTED_EDGE ( 'NONE', *, *, #706, .T. ) ;
#1134 = ORIENTED_EDGE ( 'NONE', *, *, #1865, .F. ) ;
#1135 = AXIS2_PLACEMENT_3D ( 'NONE', #1070, #530, #343 ) ;
#1136 = PLANE ( 'NONE',  #1401 ) ;
#1137 = ORIENTED_EDGE ( 'NONE', *, *, #1416, .F. ) ;
#1138 = ORIENTED_EDGE ( 'NONE', *, *, #1350, .F. ) ;
#1139 = CARTESIAN_POINT ( 'NONE',  ( 5.016499999999999700, 0.09900000000000032400, 2.290000000000000500 ) ) ;
#1140 = DIRECTION ( 'NONE',  ( 0.0000000000000000000, -0.0000000000000000000, 1.000000000000000000 ) ) ;
#1141 = LINE ( 'NONE', #2337, #815 ) ;
#1142 = ADVANCED_FACE ( 'NONE', ( #1975 ), #685, .F. ) ;
#1143 = EDGE_CURVE ( 'NONE', #28, #990, #604, .T. ) ;
#1144 = STYLED_ITEM ( 'NONE', ( #2284 ), #778 ) ;
#1145 = CARTESIAN_POINT ( 'NONE',  ( 3.568700000000000200, 4.090000000000000700, -3.365500000000000400 ) ) ;
#1146 = PRESENTATION_STYLE_ASSIGNMENT (( #205 ) ) ;
#1147 = VECTOR ( 'NONE', #1886, 1000.000000000000000 ) ;
#1148 = ORIENTED_EDGE ( 'NONE', *, *, #1012, .F. ) ;
#1149 = ORIENTED_EDGE ( 'NONE', *, *, #271, .T. ) ;
#1150 = ADVANCED_FACE ( 'NONE', ( #1181 ), #1074, .F. ) ;
#1151 = LINE ( 'NONE', #146, #2216 ) ;
#1152 = ORIENTED_EDGE ( 'NONE', *, *, #23, .T. ) ;
#1153 = EDGE_CURVE ( 'NONE', #459, #2396, #1554, .T. ) ;
#1154 = LINE ( 'NONE', #1022, #836 ) ;
#1155 = VERTEX_POINT ( 'NONE', #1626 ) ;
#1156 = DIRECTION ( 'NONE',  ( 0.0000000000000000000, 0.0000000000000000000, 1.000000000000000000 ) ) ;
#1157 =( NAMED_UNIT ( * ) SI_UNIT ( $, .STERADIAN. ) SOLID_ANGLE_UNIT ( ) );
#1158 = EDGE_CURVE ( 'NONE', #746, #484, #1948, .T. ) ;
#1159 = VERTEX_POINT ( 'NONE', #1813 ) ;
#1160 = CARTESIAN_POINT ( 'NONE',  ( 3.568700000000000200, 0.4852212400842085800, -1.947519309167438800 ) ) ;
#1161 = STYLED_ITEM ( 'NONE', ( #1146 ), #2055 ) ;
#1162 = PLANE ( 'NONE',  #1707 ) ;
#1163 = ADVANCED_FACE ( 'NONE', ( #750 ), #2030, .F. ) ;
#1164 = CARTESIAN_POINT ( 'NONE',  ( -2.563175261000484100, 0.0000000000000000000, -1.947519309167439200 ) ) ;
#1165 = CARTESIAN_POINT ( 'NONE',  ( -3.771184040063300100, -0.1009999999999995300, -2.290000000000000000 ) ) ;
#1166 = LINE ( 'NONE', #273, #185 ) ;
#1167 = EDGE_CURVE ( 'NONE', #1380, #2128, #2124, .T. ) ;
#1168 = PLANE ( 'NONE',  #2107 ) ;
#1169 = LINE ( 'NONE', #1261, #1728 ) ;
#1170 = AXIS2_PLACEMENT_3D ( 'NONE', #393, #1479, #1691 ) ;
#1171 = CIRCLE ( 'NONE', #132, 0.3662789034680937700 ) ;
#1172 = LINE ( 'NONE', #1617, #997 ) ;
#1173 = VECTOR ( 'NONE', #1225, 1000.000000000000000 ) ;
#1174 = VERTEX_POINT ( 'NONE', #726 ) ;
#1175 = ORIENTED_EDGE ( 'NONE', *, *, #1835, .F. ) ;
#1176 = DIRECTION ( 'NONE',  ( 0.0000000000000000000, 0.0000000000000000000, -1.000000000000000000 ) ) ;
#1177 = DIRECTION ( 'NONE',  ( 0.0000000000000000000, 0.0000000000000000000, -1.000000000000000000 ) ) ;
#1178 = LINE ( 'NONE', #995, #1608 ) ;
#1179 = ORIENTED_EDGE ( 'NONE', *, *, #302, .F. ) ;
#1180 = CLOSED_SHELL ( 'NONE', ( #1363, #2083, #1750, #1491, #1918, #89, #1514, #416 ) ) ;
#1181 = FACE_OUTER_BOUND ( 'NONE', #1265, .T. ) ;
#1182 = EDGE_LOOP ( 'NONE', ( #47, #1357, #1981, #316 ) ) ;
#1183 = ORIENTED_EDGE ( 'NONE', *, *, #2314, .F. ) ;
#1184 = EDGE_CURVE ( 'NONE', #2128, #732, #2393, .T. ) ;
#1185 = VERTEX_POINT ( 'NONE', #1305 ) ;
#1186 = CARTESIAN_POINT ( 'NONE',  ( 0.0000000000000000000, 0.0000000000000000000, 0.0000000000000000000 ) ) ;
#1187 = DIRECTION ( 'NONE',  ( -0.0000000000000000000, 0.0000000000000000000, -1.000000000000000000 ) ) ;
#1188 = ORIENTED_EDGE ( 'NONE', *, *, #414, .F. ) ;
#1189 = FILL_AREA_STYLE_COLOUR ( '', #864 ) ;
#1190 = LINE ( 'NONE', #2244, #1513 ) ;
#1191 = CARTESIAN_POINT ( 'NONE',  ( 3.568700000000000200, 0.4852212400842085800, -0.7089903454162803700 ) ) ;
#1192 = EDGE_CURVE ( 'NONE', #2153, #1322, #1682, .T. ) ;
#1193 = VECTOR ( 'NONE', #2321, 1000.000000000000000 ) ;
#1194 = CARTESIAN_POINT ( 'NONE',  ( 3.568700000000000200, 0.0000000000000000000, -3.365500000000000400 ) ) ;
#1195 = PLANE ( 'NONE',  #2375 ) ;
#1196 = CARTESIAN_POINT ( 'NONE',  ( -3.568700000000000200, 0.0000000000000000000, 3.365500000000000400 ) ) ;
#1197 = FACE_OUTER_BOUND ( 'NONE', #1700, .T. ) ;
#1198 = DIRECTION ( 'NONE',  ( -0.8089120275116020700, -0.5879296996640578400, 0.0000000000000000000 ) ) ;
#1199 = VECTOR ( 'NONE', #149, 1000.000000000000000 ) ;
#1200 = UNCERTAINTY_MEASURE_WITH_UNIT (LENGTH_MEASURE( 1.000000000000000100E-005 ), #2299, 'distance_accuracy_value', 'NONE');
#1201 = VECTOR ( 'NONE', #204, 1000.000000000000000 ) ;
#1202 = EDGE_LOOP ( 'NONE', ( #101, #733, #1761, #580 ) ) ;
#1203 = PLANE ( 'NONE',  #2150 ) ;
#1204 = FACE_OUTER_BOUND ( 'NONE', #1808, .T. ) ;
#1205 = VECTOR ( 'NONE', #1365, 1000.000000000000200 ) ;
#1206 = ORIENTED_EDGE ( 'NONE', *, *, #525, .T. ) ;
#1207 = ORIENTED_EDGE ( 'NONE', *, *, #1331, .F. ) ;
#1208 = DIRECTION ( 'NONE',  ( 0.0000000000000000000, 0.0000000000000000000, -1.000000000000000000 ) ) ;
#1209 = VECTOR ( 'NONE', #2201, 1000.000000000000000 ) ;
#1210 = ADVANCED_FACE ( 'NONE', ( #352 ), #2411, .F. ) ;
#1211 = ORIENTED_EDGE ( 'NONE', *, *, #1668, .T. ) ;
#1212 = DIRECTION ( 'NONE',  ( 1.185248535164035800E-016, -1.000000000000000000, 0.0000000000000000000 ) ) ;
#1213 = CARTESIAN_POINT ( 'NONE',  ( 3.568700000000000200, 0.4852212400842085800, -1.947519309167438800 ) ) ;
#1214 = ORIENTED_EDGE ( 'NONE', *, *, #1989, .F. ) ;
#1215 = CARTESIAN_POINT ( 'NONE',  ( -3.568700000000000200, 0.5177674744007918500, -2.290000000000000000 ) ) ;
#1216 = ORIENTED_EDGE ( 'NONE', *, *, #912, .T. ) ;
#1217 = CARTESIAN_POINT ( 'NONE',  ( -3.730482405502320900, 0.2951766889287116800, -2.290000000000000000 ) ) ;
#1218 = EDGE_CURVE ( 'NONE', #578, #1954, #521, .T. ) ;
#1219 = ORIENTED_EDGE ( 'NONE', *, *, #585, .F. ) ;
#1220 = CARTESIAN_POINT ( 'NONE',  ( -2.541079151118327900, 4.090000000000000700, -1.648312133175455100 ) ) ;
#1221 = CARTESIAN_POINT ( 'NONE',  ( 5.016499999999999700, 0.09900000000000032400, 0.2500000000000002200 ) ) ;
#1222 = VERTEX_POINT ( 'NONE', #2230 ) ;
#1223 = DIRECTION ( 'NONE',  ( 0.0000000000000000000, -0.0000000000000000000, 1.000000000000000000 ) ) ;
#1224 = CARTESIAN_POINT ( 'NONE',  ( 3.568700000000000200, 0.1775907489959000500, 0.2500000000000002200 ) ) ;
#1225 = DIRECTION ( 'NONE',  ( -1.000000000000000000, -1.185248535164035800E-016, 0.0000000000000000000 ) ) ;
#1226 = VECTOR ( 'NONE', #449, 1000.000000000000000 ) ;
#1227 = EDGE_CURVE ( 'NONE', #355, #905, #1132, .T. ) ;
#1228 = DIRECTION ( 'NONE',  ( -0.0000000000000000000, -0.0000000000000000000, 1.000000000000000000 ) ) ;
#1229 = PLANE ( 'NONE',  #1358 ) ;
#1230 = LINE ( 'NONE', #1086, #993 ) ;
#1231 = VECTOR ( 'NONE', #558, 1000.000000000000000 ) ;
#1232 = AXIS2_PLACEMENT_3D ( 'NONE', #483, #636, #1977 ) ;
#1233 = LINE ( 'NONE', #1016, #2354 ) ;
#1234 = VERTEX_POINT ( 'NONE', #1113 ) ;
#1235 = VECTOR ( 'NONE', #1359, 1000.000000000000000 ) ;
#1236 = AXIS2_PLACEMENT_3D ( 'NONE', #242, #1965, #298 ) ;
#1237 = VERTEX_POINT ( 'NONE', #2057 ) ;
#1238 = VECTOR ( 'NONE', #1661, 1000.000000000000000 ) ;
#1239 = ORIENTED_EDGE ( 'NONE', *, *, #1901, .F. ) ;
#1240 = PLANE ( 'NONE',  #247 ) ;
#1241 = ORIENTED_EDGE ( 'NONE', *, *, #1778, .T. ) ;
#1242 = DIRECTION ( 'NONE',  ( 0.0000000000000000000, -1.000000000000000000, 2.234449119122123800E-016 ) ) ;
#1243 = CARTESIAN_POINT ( 'NONE',  ( 0.0000000000000000000, 0.0000000000000000000, 0.0000000000000000000 ) ) ;
#1244 = EDGE_LOOP ( 'NONE', ( #2306, #112, #1327, #2012, #1794, #1330, #2194, #403 ) ) ;
#1245 = DIRECTION ( 'NONE',  ( -0.5879296996640578400, 0.8089120275116020700, 0.0000000000000000000 ) ) ;
#1246 = VERTEX_POINT ( 'NONE', #1284 ) ;
#1247 = DIRECTION ( 'NONE',  ( 0.5879296996640586100, -0.8089120275116014100, 0.0000000000000000000 ) ) ;
#1248 = EDGE_CURVE ( 'NONE', #1528, #1409, #2325, .T. ) ;
#1249 =( NAMED_UNIT ( * ) PLANE_ANGLE_UNIT ( ) SI_UNIT ( $, .RADIAN. ) );
#1250 = DIRECTION ( 'NONE',  ( -0.0000000000000000000, -0.0000000000000000000, 1.000000000000000000 ) ) ;
#1251 = DIRECTION ( 'NONE',  ( -0.0000000000000000000, -1.000000000000000000, -0.0000000000000000000 ) ) ;
#1252 = VECTOR ( 'NONE', #1375, 1000.000000000000000 ) ;
#1253 = PLANE ( 'NONE',  #1499 ) ;
#1254 = DIRECTION ( 'NONE',  ( 1.000000000000000000, 0.0000000000000000000, 0.0000000000000000000 ) ) ;
#1255 = VECTOR ( 'NONE', #122, 1000.000000000000000 ) ;
#1256 = SURFACE_STYLE_FILL_AREA ( #2114 ) ;
#1257 = CIRCLE ( 'NONE', #69, 0.3662789034680937700 ) ;
#1258 = DIRECTION ( 'NONE',  ( -0.0000000000000000000, -1.000000000000000000, -0.0000000000000000000 ) ) ;
#1259 = EDGE_CURVE ( 'NONE', #465, #201, #900, .T. ) ;
#1260 = ORIENTED_EDGE ( 'NONE', *, *, #613, .F. ) ;
#1261 = CARTESIAN_POINT ( 'NONE',  ( -3.568700000000000200, 0.5177674744007918500, -2.290000000000000000 ) ) ;
#1262 = LINE ( 'NONE', #1736, #486 ) ;
#1263 = ORIENTED_EDGE ( 'NONE', *, *, #1956, .T. ) ;
#1264 = AXIS2_PLACEMENT_3D ( 'NONE', #2283, #1177, #250 ) ;
#1265 = EDGE_LOOP ( 'NONE', ( #33, #2104, #51, #1903 ) ) ;
#1266 = DIRECTION ( 'NONE',  ( 0.0000000000000000000, 1.000000000000000000, 0.0000000000000000000 ) ) ;
#1267 = FACE_OUTER_BOUND ( 'NONE', #513, .T. ) ;
#1268 = VERTEX_POINT ( 'NONE', #1866 ) ;
#1269 = ORIENTED_EDGE ( 'NONE', *, *, #1570, .T. ) ;
#1270 = DIRECTION ( 'NONE',  ( 0.0000000000000000000, -0.0000000000000000000, 1.000000000000000000 ) ) ;
#1271 = VERTEX_POINT ( 'NONE', #940 ) ;
#1272 = CARTESIAN_POINT ( 'NONE',  ( -3.568700000000000200, 0.5177674744007918500, 0.2500000000000002200 ) ) ;
#1273 = PLANE ( 'NONE',  #946 ) ;
#1274 = VERTEX_POINT ( 'NONE', #371 ) ;
#1275 = EDGE_CURVE ( 'NONE', #1584, #1064, #630, .T. ) ;
#1276 = EDGE_LOOP ( 'NONE', ( #377, #1075, #1579, #906 ) ) ;
#1277 = DIRECTION ( 'NONE',  ( -1.000000000000000000, -1.185248535164035800E-016, 0.0000000000000000000 ) ) ;
#1278 = CARTESIAN_POINT ( 'NONE',  ( 3.568700000000000200, 0.4852212400842085800, 0.7089903454162803700 ) ) ;
#1279 = EDGE_CURVE ( 'NONE', #2019, #1006, #1828, .T. ) ;
#1280 = DIRECTION ( 'NONE',  ( -1.000000000000000000, -1.185248535164035800E-016, 0.0000000000000000000 ) ) ;
#1281 = DIRECTION ( 'NONE',  ( -1.000000000000000000, 1.197108232069350100E-016, 0.0000000000000000000 ) ) ;
#1282 = DIRECTION ( 'NONE',  ( -1.000000000000000000, -0.0000000000000000000, -0.0000000000000000000 ) ) ;
#1283 = LINE ( 'NONE', #478, #1226 ) ;
#1284 = CARTESIAN_POINT ( 'NONE',  ( 2.563175261000484100, 0.0000000000000000000, -3.365500000000000400 ) ) ;
#1285 = DIRECTION ( 'NONE',  ( 1.000000000000000000, -1.185248535164035800E-016, 0.0000000000000000000 ) ) ;
#1286 = DIRECTION ( 'NONE',  ( 0.0000000000000000000, 1.000000000000000000, 0.0000000000000000000 ) ) ;
#1287 = LINE ( 'NONE', #1054, #1255 ) ;
#1288 = DIRECTION ( 'NONE',  ( 0.0000000000000000000, 0.0000000000000000000, 1.000000000000000000 ) ) ;
#1289 = LINE ( 'NONE', #240, #392 ) ;
#1290 = DIRECTION ( 'NONE',  ( -0.0000000000000000000, 2.234449119122123800E-016, 1.000000000000000000 ) ) ;
#1291 = EDGE_CURVE ( 'NONE', #1044, #1404, #690, .T. ) ;
#1292 = LINE ( 'NONE', #2020, #798 ) ;
#1293 = ORIENTED_EDGE ( 'NONE', *, *, #1158, .T. ) ;
#1294 = EDGE_LOOP ( 'NONE', ( #177, #1412, #1558, #1152 ) ) ;
#1295 = EDGE_CURVE ( 'NONE', #2323, #459, #1764, .T. ) ;
#1296 = VECTOR ( 'NONE', #1508, 1000.000000000000000 ) ;
#1297 = ORIENTED_EDGE ( 'NONE', *, *, #91, .T. ) ;
#1298 = CARTESIAN_POINT ( 'NONE',  ( 0.0000000000000000000, 0.0000000000000000000, 0.0000000000000000000 ) ) ;
#1299 = VECTOR ( 'NONE', #1251, 1000.000000000000000 ) ;
#1300 = ORIENTED_EDGE ( 'NONE', *, *, #1845, .F. ) ;
#1301 = SURFACE_STYLE_USAGE ( .BOTH. , #948 ) ;
#1302 = DIRECTION ( 'NONE',  ( 0.0000000000000000000, -1.000000000000000000, 2.234449119122123800E-016 ) ) ;
#1303 = DIRECTION ( 'NONE',  ( -0.0000000000000000000, -0.0000000000000000000, -1.000000000000000000 ) ) ;
#1304 = ORIENTED_EDGE ( 'NONE', *, *, #1968, .T. ) ;
#1305 = CARTESIAN_POINT ( 'NONE',  ( 3.771184040063300100, -0.1009999999999995300, 2.290000000000000500 ) ) ;
#1306 = ORIENTED_EDGE ( 'NONE', *, *, #426, .T. ) ;
#1307 = EDGE_LOOP ( 'NONE', ( #137, #2178, #2190, #2270 ) ) ;
#1308 = CARTESIAN_POINT ( 'NONE',  ( -3.568700000000000200, 0.5177674744007918500, 2.790000000000000500 ) ) ;
#1309 = DIRECTION ( 'NONE',  ( -0.0000000000000000000, 1.000000000000000000, -0.0000000000000000000 ) ) ;
#1310 = ADVANCED_FACE ( 'NONE', ( #1267 ), #724, .F. ) ;
#1311 = EDGE_CURVE ( 'NONE', #1271, #385, #1645, .T. ) ;
#1312 = DIRECTION ( 'NONE',  ( -0.0000000000000000000, 1.000000000000000000, -0.0000000000000000000 ) ) ;
#1313 = CARTESIAN_POINT ( 'NONE',  ( 2.563175261000484100, 0.0000000000000000000, -3.365500000000000400 ) ) ;
#1314 =( NAMED_UNIT ( * ) SI_UNIT ( $, .STERADIAN. ) SOLID_ANGLE_UNIT ( ) );
#1315 = VECTOR ( 'NONE', #1391, 1000.000000000000000 ) ;
#1316 = CARTESIAN_POINT ( 'NONE',  ( -2.563175261000484100, 0.0000000000000000000, 1.947519309167438800 ) ) ;
#1317 = VECTOR ( 'NONE', #612, 1000.000000000000000 ) ;
#1318 = LINE ( 'NONE', #2154, #2091 ) ;
#1319 = EDGE_LOOP ( 'NONE', ( #830, #571, #1945, #409 ) ) ;
#1320 = EDGE_CURVE ( 'NONE', #1555, #2151, #1072, .T. ) ;
#1321 = ORIENTED_EDGE ( 'NONE', *, *, #1633, .F. ) ;
#1322 = VERTEX_POINT ( 'NONE', #1316 ) ;
#1323 = ORIENTED_EDGE ( 'NONE', *, *, #1878, .T. ) ;
#1324 = ORIENTED_EDGE ( 'NONE', *, *, #597, .T. ) ;
#1325 = DIRECTION ( 'NONE',  ( -0.5879296996640578400, 0.8089120275116020700, 0.0000000000000000000 ) ) ;
#1326 = ORIENTED_EDGE ( 'NONE', *, *, #989, .F. ) ;
#1327 = ORIENTED_EDGE ( 'NONE', *, *, #2103, .F. ) ;
#1328 = CARTESIAN_POINT ( 'NONE',  ( -3.568700000000000200, 0.5177674744007918500, -0.2499999999999997800 ) ) ;
#1329 = DIRECTION ( 'NONE',  ( 0.0000000000000000000, -0.0000000000000000000, 1.000000000000000000 ) ) ;
#1330 = ORIENTED_EDGE ( 'NONE', *, *, #556, .F. ) ;
#1331 = EDGE_CURVE ( 'NONE', #1234, #1893, #2008, .T. ) ;
#1332 = CARTESIAN_POINT ( 'NONE',  ( -5.016499999999999700, 0.09900000000000032400, -2.290000000000000000 ) ) ;
#1333 = VECTOR ( 'NONE', #1386, 1000.000000000000000 ) ;
#1334 = EDGE_CURVE ( 'NONE', #1237, #842, #2040, .T. ) ;
#1335 = DIRECTION ( 'NONE',  ( 1.000000000000000000, 0.0000000000000000000, -0.0000000000000000000 ) ) ;
#1336 = SURFACE_STYLE_USAGE ( .BOTH. , #1545 ) ;
#1337 = DIRECTION ( 'NONE',  ( -0.0000000000000000000, -0.0000000000000000000, -1.000000000000000000 ) ) ;
#1338 = AXIS2_PLACEMENT_3D ( 'NONE', #1993, #2191, #334 ) ;
#1339 = VECTOR ( 'NONE', #559, 1000.000000000000200 ) ;
#1340 = LINE ( 'NONE', #62, #1729 ) ;
#1341 = VECTOR ( 'NONE', #554, 1000.000000000000000 ) ;
#1342 = LINE ( 'NONE', #1773, #651 ) ;
#1343 = LINE ( 'NONE', #1088, #653 ) ;
#1344 = VERTEX_POINT ( 'NONE', #589 ) ;
#1345 = DIRECTION ( 'NONE',  ( -0.0000000000000000000, -0.0000000000000000000, -1.000000000000000000 ) ) ;
#1346 = VERTEX_POINT ( 'NONE', #952 ) ;
#1347 = UNCERTAINTY_MEASURE_WITH_UNIT (LENGTH_MEASURE( 1.000000000000000100E-005 ), #189, 'distance_accuracy_value', 'NONE');
#1348 = FACE_OUTER_BOUND ( 'NONE', #86, .T. ) ;
#1349 = ORIENTED_EDGE ( 'NONE', *, *, #566, .F. ) ;
#1350 = EDGE_CURVE ( 'NONE', #824, #811, #199, .T. ) ;
#1351 = VECTOR ( 'NONE', #1258, 1000.000000000000000 ) ;
#1352 = ADVANCED_FACE ( 'NONE', ( #658 ), #24, .F. ) ;
#1353 = EDGE_LOOP ( 'NONE', ( #117, #2328, #452, #749, #804, #1987 ) ) ;
#1354 = DIRECTION ( 'NONE',  ( 1.000000000000000000, -1.197108232069350100E-016, 0.0000000000000000000 ) ) ;
#1355 = AXIS2_PLACEMENT_3D ( 'NONE', #1986, #1411, #2192 ) ;
#1356 = EDGE_LOOP ( 'NONE', ( #895, #1103 ) ) ;
#1357 = ORIENTED_EDGE ( 'NONE', *, *, #897, .F. ) ;
#1358 = AXIS2_PLACEMENT_3D ( 'NONE', #303, #2011, #1984 ) ;
#1359 = DIRECTION ( 'NONE',  ( -1.000000000000000000, 0.0000000000000000000, 1.215234872626451500E-016 ) ) ;
#1360 = VERTEX_POINT ( 'NONE', #2064 ) ;
#1361 = CARTESIAN_POINT ( 'NONE',  ( 0.0000000000000000000, 0.0000000000000000000, -2.790000000000000000 ) ) ;
#1362 = LINE ( 'NONE', #1659, #214 ) ;
#1363 = ADVANCED_FACE ( 'NONE', ( #2322 ), #1720, .F. ) ;
#1364 = SURFACE_STYLE_FILL_AREA ( #731 ) ;
#1365 = DIRECTION ( 'NONE',  ( -0.5879296996640578400, -0.8089120275116020700, 0.0000000000000000000 ) ) ;
#1366 = LINE ( 'NONE', #2317, #818 ) ;
#1367 = DIRECTION ( 'NONE',  ( 0.0000000000000000000, 0.0000000000000000000, 1.000000000000000000 ) ) ;
#1368 = STYLED_ITEM ( 'NONE', ( #976 ), #1943 ) ;
#1369 = LINE ( 'NONE', #1677, #1966 ) ;
#1370 = LINE ( 'NONE', #2348, #511 ) ;
#1371 = LINE ( 'NONE', #904, #1699 ) ;
#1372 = ORIENTED_EDGE ( 'NONE', *, *, #9, .F. ) ;
#1373 = LINE ( 'NONE', #2189, #515 ) ;
#1374 = PLANE ( 'NONE',  #347 ) ;
#1375 = DIRECTION ( 'NONE',  ( 0.0000000000000000000, -1.000000000000000000, 0.0000000000000000000 ) ) ;
#1376 = ORIENTED_EDGE ( 'NONE', *, *, #566, .T. ) ;
#1377 = ORIENTED_EDGE ( 'NONE', *, *, #300, .F. ) ;
#1378 = CARTESIAN_POINT ( 'NONE',  ( -3.568700000000000200, 0.1775907489959000500, 2.290000000000000500 ) ) ;
#1379 = VECTOR ( 'NONE', #1667, 1000.000000000000000 ) ;
#1380 = VERTEX_POINT ( 'NONE', #1882 ) ;
#1381 = ORIENTED_EDGE ( 'NONE', *, *, #2139, .T. ) ;
#1382 = EDGE_CURVE ( 'NONE', #1528, #2243, #573, .T. ) ;
#1383 = CARTESIAN_POINT ( 'NONE',  ( -3.568700000000000200, 0.4852212400842085800, -1.947519309167438800 ) ) ;
#1384 = ORIENTED_EDGE ( 'NONE', *, *, #1748, .T. ) ;
#1385 = CARTESIAN_POINT ( 'NONE',  ( -3.873066639486024700, 0.09900000000000044900, 2.290000000000000500 ) ) ;
#1386 = DIRECTION ( 'NONE',  ( 0.0000000000000000000, -0.0000000000000000000, -1.000000000000000000 ) ) ;
#1387 = PRESENTATION_LAYER_ASSIGNMENT (  '', '', ( #326 ) ) ;
#1388 = EDGE_LOOP ( 'NONE', ( #1971, #2193, #1741, #1376, #687, #198 ) ) ;
#1389 = ORIENTED_EDGE ( 'NONE', *, *, #1586, .F. ) ;
#1390 = CARTESIAN_POINT ( 'NONE',  ( -5.016499999999999700, 0.09900000000000032400, -2.290000000000000000 ) ) ;
#1391 = DIRECTION ( 'NONE',  ( 0.0000000000000000000, -0.0000000000000000000, -1.000000000000000000 ) ) ;
#1392 = VECTOR ( 'NONE', #1071, 1000.000000000000000 ) ;
#1393 = DIRECTION ( 'NONE',  ( -1.000000000000000000, 0.0000000000000000000, 0.0000000000000000000 ) ) ;
#1394 = EDGE_CURVE ( 'NONE', #905, #2009, #282, .T. ) ;
#1395 = DIRECTION ( 'NONE',  ( 0.0000000000000000000, -0.0000000000000000000, 1.000000000000000000 ) ) ;
#1396 = DIRECTION ( 'NONE',  ( 0.0000000000000000000, -1.000000000000000000, -2.234449119122123800E-016 ) ) ;
#1397 = LINE ( 'NONE', #1909, #646 ) ;
#1398 = VECTOR ( 'NONE', #1516, 1000.000000000000200 ) ;
#1399 = VECTOR ( 'NONE', #1870, 1000.000000000000000 ) ;
#1400 = CARTESIAN_POINT ( 'NONE',  ( -3.568700000000000200, 0.4852212400842085800, -1.947519309167438800 ) ) ;
#1401 = AXIS2_PLACEMENT_3D ( 'NONE', #35, #20, #1325 ) ;
#1402 = FACE_OUTER_BOUND ( 'NONE', #2, .T. ) ;
#1403 = FACE_OUTER_BOUND ( 'NONE', #1672, .T. ) ;
#1404 = VERTEX_POINT ( 'NONE', #2269 ) ;
#1405 = CARTESIAN_POINT ( 'NONE',  ( 5.016499999999999700, 0.09900000000000032400, -0.2499999999999997800 ) ) ;
#1406 = ORIENTED_EDGE ( 'NONE', *, *, #36, .T. ) ;
#1407 = DIRECTION ( 'NONE',  ( 0.0000000000000000000, 1.000000000000000000, 0.0000000000000000000 ) ) ;
#1408 = VECTOR ( 'NONE', #2084, 1000.000000000000000 ) ;
#1409 = VERTEX_POINT ( 'NONE', #398 ) ;
#1410 = CARTESIAN_POINT ( 'NONE',  ( 5.016499999999999700, 0.09900000000000032400, 2.790000000000000500 ) ) ;
#1411 = DIRECTION ( 'NONE',  ( 1.000000000000000000, 0.0000000000000000000, -0.0000000000000000000 ) ) ;
#1412 = ORIENTED_EDGE ( 'NONE', *, *, #2291, .F. ) ;
#1413 = EDGE_CURVE ( 'NONE', #1069, #203, #1500, .T. ) ;
#1414 = EDGE_LOOP ( 'NONE', ( #2149, #1688, #1973, #1585 ) ) ;
#1415 = DIRECTION ( 'NONE',  ( 0.0000000000000000000, 1.000000000000000000, 0.0000000000000000000 ) ) ;
#1416 = EDGE_CURVE ( 'NONE', #1555, #1069, #1066, .T. ) ;
#1417 = EDGE_LOOP ( 'NONE', ( #173, #1004, #2101, #1446 ) ) ;
#1418 = CARTESIAN_POINT ( 'NONE',  ( 3.568700000000000200, 0.1775907489959000500, 0.2500000000000002200 ) ) ;
#1419 = PLANE ( 'NONE',  #2394 ) ;
#1420 = CARTESIAN_POINT ( 'NONE',  ( 3.730482405502320900, 0.2951766889287116800, -2.790000000000000000 ) ) ;
#1421 = EDGE_LOOP ( 'NONE', ( #761, #1712, #238, #1104 ) ) ;
#1422 = AXIS2_PLACEMENT_3D ( 'NONE', #505, #1266, #1434 ) ;
#1423 = DIRECTION ( 'NONE',  ( 0.0000000000000000000, -0.0000000000000000000, -1.000000000000000000 ) ) ;
#1424 = DIRECTION ( 'NONE',  ( -0.5879296996640578400, -0.8089120275116020700, 0.0000000000000000000 ) ) ;
#1425 = CARTESIAN_POINT ( 'NONE',  ( -3.873066639486024700, 0.09900000000000044900, 2.790000000000000500 ) ) ;
#1426 = SURFACE_STYLE_USAGE ( .BOTH. , #1097 ) ;
#1427 = CARTESIAN_POINT ( 'NONE',  ( -3.730482405502320900, 0.2951766889287116800, 2.790000000000000500 ) ) ;
#1428 = CARTESIAN_POINT ( 'NONE',  ( 2.563175261000484100, 8.946062254689056900, 3.365500000000000400 ) ) ;
#1429 = LINE ( 'NONE', #367, #794 ) ;
#1430 = EDGE_CURVE ( 'NONE', #610, #2041, #348, .T. ) ;
#1431 = DIRECTION ( 'NONE',  ( 1.000000000000000000, -0.0000000000000000000, 0.0000000000000000000 ) ) ;
#1432 = LINE ( 'NONE', #1644, #1199 ) ;
#1433 = AXIS2_PLACEMENT_3D ( 'NONE', #544, #1453, #2229 ) ;
#1434 = DIRECTION ( 'NONE',  ( 0.0000000000000000000, -0.0000000000000000000, 1.000000000000000000 ) ) ;
#1435 = ADVANCED_FACE ( 'NONE', ( #1919 ), #417, .F. ) ;
#1436 = CARTESIAN_POINT ( 'NONE',  ( 3.568700000000000200, 0.4852212400842085800, 1.947519309167438800 ) ) ;
#1437 = LINE ( 'NONE', #1047, #2035 ) ;
#1438 = ORIENTED_EDGE ( 'NONE', *, *, #503, .T. ) ;
#1439 = ORIENTED_EDGE ( 'NONE', *, *, #426, .F. ) ;
#1440 = VERTEX_POINT ( 'NONE', #1164 ) ;
#1441 = CARTESIAN_POINT ( 'NONE',  ( 3.568700000000000200, 0.4852212400842085800, -1.947519309167438800 ) ) ;
#1442 = VECTOR ( 'NONE', #1090, 1000.000000000000000 ) ;
#1443 = EDGE_LOOP ( 'NONE', ( #206, #1, #1951, #723 ) ) ;
#1444 = CARTESIAN_POINT ( 'NONE',  ( -2.541079151118327900, 3.990000000000000700, -2.014591036643548900 ) ) ;
#1445 = LINE ( 'NONE', #98, #1351 ) ;
#1446 = ORIENTED_EDGE ( 'NONE', *, *, #1687, .T. ) ;
#1447 =( LENGTH_UNIT ( ) NAMED_UNIT ( * ) SI_UNIT ( .MILLI., .METRE. ) );
#1448 = DIRECTION ( 'NONE',  ( 0.0000000000000000000, 0.0000000000000000000, -1.000000000000000000 ) ) ;
#1449 = ORIENTED_EDGE ( 'NONE', *, *, #243, .T. ) ;
#1450 = EDGE_CURVE ( 'NONE', #1322, #1472, #1262, .T. ) ;
#1451 = EDGE_LOOP ( 'NONE', ( #1917, #611, #140, #773 ) ) ;
#1452 = DIRECTION ( 'NONE',  ( 0.0000000000000000000, 0.0000000000000000000, 1.000000000000000000 ) ) ;
#1453 = DIRECTION ( 'NONE',  ( 0.0000000000000000000, 0.0000000000000000000, -1.000000000000000000 ) ) ;
#1454 = PRESENTATION_LAYER_ASSIGNMENT (  '', '', ( #1109 ) ) ;
#1455 = CARTESIAN_POINT ( 'NONE',  ( -2.563175261000484100, 0.0000000000000000000, 1.947519309167438800 ) ) ;
#1456 = LINE ( 'NONE', #190, #474 ) ;
#1457 = ADVANCED_BREP_SHAPE_REPRESENTATION ( '760390015', ( #1715, #1943, #391, #778, #423, #1905, #1529, #2055, #663 ), #2082 ) ;
#1458 = CARTESIAN_POINT ( 'NONE',  ( -3.568700000000000200, 0.4852212400842085800, -0.7089903454162803700 ) ) ;
#1459 = EDGE_CURVE ( 'NONE', #375, #960, #2213, .T. ) ;
#1460 = DIRECTION ( 'NONE',  ( 0.5879296996640586100, -0.8089120275116014100, 0.0000000000000000000 ) ) ;
#1461 = EDGE_CURVE ( 'NONE', #1360, #1271, #1891, .T. ) ;
#1462 = CYLINDRICAL_SURFACE ( 'NONE', #883, 0.3662789034680937700 ) ;
#1463 = DIRECTION ( 'NONE',  ( 0.0000000000000000000, 2.234449119122123800E-016, -1.000000000000000000 ) ) ;
#1464 = SURFACE_SIDE_STYLE ('',( #1995 ) ) ;
#1465 = LINE ( 'NONE', #680, #1062 ) ;
#1466 = ORIENTED_EDGE ( 'NONE', *, *, #1802, .F. ) ;
#1467 =( GEOMETRIC_REPRESENTATION_CONTEXT ( 3 ) GLOBAL_UNCERTAINTY_ASSIGNED_CONTEXT ( ( #1347 ) ) GLOBAL_UNIT_ASSIGNED_CONTEXT ( ( #189, #2257, #2038 ) ) REPRESENTATION_CONTEXT ( 'NONE', 'WORKASPACE' ) );
#1468 = VERTEX_POINT ( 'NONE', #618 ) ;
#1469 = DIRECTION ( 'NONE',  ( 0.0000000000000000000, 1.000000000000000000, 0.0000000000000000000 ) ) ;
#1470 = DIRECTION ( 'NONE',  ( 0.0000000000000000000, 0.0000000000000000000, -1.000000000000000000 ) ) ;
#1471 = VECTOR ( 'NONE', #179, 1000.000000000000000 ) ;
#1472 = VERTEX_POINT ( 'NONE', #2108 ) ;
#1473 = CARTESIAN_POINT ( 'NONE',  ( 3.873066639486024700, 0.09900000000000044900, 2.790000000000000500 ) ) ;
#1474 = CARTESIAN_POINT ( 'NONE',  ( 3.568700000000000200, 0.4852212400842085800, -1.947519309167438800 ) ) ;
#1475 = VERTEX_POINT ( 'NONE', #249 ) ;
#1476 = CARTESIAN_POINT ( 'NONE',  ( -5.016499999999999700, 0.09900000000000032400, -0.2499999999999997800 ) ) ;
#1477 = LINE ( 'NONE', #1400, #1803 ) ;
#1478 = ORIENTED_EDGE ( 'NONE', *, *, #539, .T. ) ;
#1479 = DIRECTION ( 'NONE',  ( 0.0000000000000000000, 0.0000000000000000000, -1.000000000000000000 ) ) ;
#1480 = CARTESIAN_POINT ( 'NONE',  ( -3.771184040063300100, -0.1009999999999995300, 0.2500000000000002200 ) ) ;
#1481 = ORIENTED_EDGE ( 'NONE', *, *, #2332, .T. ) ;
#1482 = EDGE_CURVE ( 'NONE', #385, #465, #1825, .T. ) ;
#1483 = ORIENTED_EDGE ( 'NONE', *, *, #1495, .T. ) ;
#1484 = DIRECTION ( 'NONE',  ( 0.0000000000000000000, 0.0000000000000000000, -1.000000000000000000 ) ) ;
#1485 = AXIS2_PLACEMENT_3D ( 'NONE', #1243, #1806, #1631 ) ;
#1486 = PLANE ( 'NONE',  #2026 ) ;
#1487 = DIRECTION ( 'NONE',  ( 0.0000000000000000000, 0.0000000000000000000, 1.000000000000000000 ) ) ;
#1488 = AXIS2_PLACEMENT_3D ( 'NONE', #2245, #6, #2075 ) ;
#1489 = FACE_OUTER_BOUND ( 'NONE', #1549, .T. ) ;
#1490 = LINE ( 'NONE', #647, #1333 ) ;
#1491 = ADVANCED_FACE ( 'NONE', ( #828 ), #461, .F. ) ;
#1492 = VECTOR ( 'NONE', #855, 1000.000000000000000 ) ;
#1493 = DIRECTION ( 'NONE',  ( -1.000000000000000000, 1.197108232069350100E-016, 0.0000000000000000000 ) ) ;
#1494 = FACE_OUTER_BOUND ( 'NONE', #2428, .T. ) ;
#1495 = EDGE_CURVE ( 'NONE', #1954, #1042, #135, .T. ) ;
#1496 = LINE ( 'NONE', #1441, #543 ) ;
#1497 = FACE_OUTER_BOUND ( 'NONE', #956, .T. ) ;
#1498 = ORIENTED_EDGE ( 'NONE', *, *, #1394, .T. ) ;
#1499 = AXIS2_PLACEMENT_3D ( 'NONE', #1654, #526, #2225 ) ;
#1500 = LINE ( 'NONE', #584, #1408 ) ;
#1501 = VERTEX_POINT ( 'NONE', #267 ) ;
#1502 = ORIENTED_EDGE ( 'NONE', *, *, #1956, .F. ) ;
#1503 = LINE ( 'NONE', #2187, #457 ) ;
#1504 = MECHANICAL_DESIGN_GEOMETRIC_PRESENTATION_REPRESENTATION (  '', ( #1368 ), #1962 ) ;
#1505 = ORIENTED_EDGE ( 'NONE', *, *, #672, .T. ) ;
#1506 = ADVANCED_FACE ( 'NONE', ( #984 ), #1374, .F. ) ;
#1507 = ORIENTED_EDGE ( 'NONE', *, *, #783, .F. ) ;
#1508 = DIRECTION ( 'NONE',  ( -0.0000000000000000000, 1.000000000000000000, -0.0000000000000000000 ) ) ;
#1509 = ORIENTED_EDGE ( 'NONE', *, *, #397, .T. ) ;
#1510 = ORIENTED_EDGE ( 'NONE', *, *, #1844, .T. ) ;
#1511 = DIRECTION ( 'NONE',  ( 0.0000000000000000000, -1.000000000000000000, -2.234449119122123800E-016 ) ) ;
#1512 = EDGE_CURVE ( 'NONE', #746, #2001, #1703, .T. ) ;
#1513 = VECTOR ( 'NONE', #1649, 1000.000000000000000 ) ;
#1514 = ADVANCED_FACE ( 'NONE', ( #1857 ), #1168, .F. ) ;
#1515 = CARTESIAN_POINT ( 'NONE',  ( 3.873066639486024700, 0.09900000000000044900, 2.290000000000000500 ) ) ;
#1516 = DIRECTION ( 'NONE',  ( -0.5879296996640586100, 0.8089120275116014100, 0.0000000000000000000 ) ) ;
#1517 = VECTOR ( 'NONE', #872, 1000.000000000000000 ) ;
#1518 = CARTESIAN_POINT ( 'NONE',  ( -3.568700000000000200, 0.5177674744007918500, 0.2500000000000002200 ) ) ;
#1519 = LINE ( 'NONE', #1577, #2350 ) ;
#1520 = CARTESIAN_POINT ( 'NONE',  ( 3.873066639486024700, 0.09900000000000044900, -0.2499999999999997800 ) ) ;
#1521 = EDGE_CURVE ( 'NONE', #1472, #103, #2423, .T. ) ;
#1522 = VECTOR ( 'NONE', #167, 1000.000000000000000 ) ;
#1523 = ORIENTED_EDGE ( 'NONE', *, *, #488, .T. ) ;
#1524 = EDGE_LOOP ( 'NONE', ( #1306, #835, #265, #26 ) ) ;
#1525 = ADVANCED_FACE ( 'NONE', ( #1348 ), #1931, .T. ) ;
#1526 = CARTESIAN_POINT ( 'NONE',  ( 3.568700000000000200, 0.5177674744007918500, -2.290000000000000000 ) ) ;
#1527 = EDGE_LOOP ( 'NONE', ( #456, #1300 ) ) ;
#1528 = VERTEX_POINT ( 'NONE', #991 ) ;
#1529 = MANIFOLD_SOLID_BREP ( 'Cut-Extrude3', #2249 ) ;
#1530 = PRODUCT_DEFINITION_FORMATION_WITH_SPECIFIED_SOURCE ( 'ANY', '', #2120, .NOT_KNOWN. ) ;
#1531 = CARTESIAN_POINT ( 'NONE',  ( -3.568700000000000200, 0.1775907489959000500, -2.290000000000000000 ) ) ;
#1532 = VERTEX_POINT ( 'NONE', #635 ) ;
#1533 = ORIENTED_EDGE ( 'NONE', *, *, #652, .F. ) ;
#1534 = DIRECTION ( 'NONE',  ( -1.000000000000000000, 0.0000000000000000000, 1.215234872626451500E-016 ) ) ;
#1535 = FILL_AREA_STYLE ('',( #61 ) ) ;
#1536 = EDGE_CURVE ( 'NONE', #2001, #355, #2246, .T. ) ;
#1537 = EDGE_CURVE ( 'NONE', #1268, #1159, #1178, .T. ) ;
#1538 = CARTESIAN_POINT ( 'NONE',  ( 0.0000000000000000000, 0.0000000000000000000, 0.2500000000000002200 ) ) ;
#1539 = DIRECTION ( 'NONE',  ( 1.000000000000000000, 1.197108232069350100E-016, -0.0000000000000000000 ) ) ;
#1540 = LINE ( 'NONE', #2373, #333 ) ;
#1541 = CARTESIAN_POINT ( 'NONE',  ( -3.568700000000000200, 0.5177674744007918500, 2.790000000000000500 ) ) ;
#1542 = ADVANCED_FACE ( 'NONE', ( #2121 ), #812, .F. ) ;
#1543 =( NAMED_UNIT ( * ) PLANE_ANGLE_UNIT ( ) SI_UNIT ( $, .RADIAN. ) );
#1544 = VECTOR ( 'NONE', #1309, 1000.000000000000000 ) ;
#1545 = SURFACE_SIDE_STYLE ('',( #2063 ) ) ;
#1546 = LINE ( 'NONE', #2089, #193 ) ;
#1547 = VECTOR ( 'NONE', #2164, 1000.000000000000000 ) ;
#1548 = ORIENTED_EDGE ( 'NONE', *, *, #931, .T. ) ;
#1549 = EDGE_LOOP ( 'NONE', ( #925, #255, #1077, #2251 ) ) ;
#1550 = VECTOR ( 'NONE', #219, 1000.000000000000000 ) ;
#1551 = ORIENTED_EDGE ( 'NONE', *, *, #1046, .T. ) ;
#1552 = ORIENTED_EDGE ( 'NONE', *, *, #1105, .F. ) ;
#1553 = EDGE_CURVE ( 'NONE', #2364, #960, #1128, .T. ) ;
#1554 = LINE ( 'NONE', #757, #1583 ) ;
#1555 = VERTEX_POINT ( 'NONE', #1571 ) ;
#1556 = DIRECTION ( 'NONE',  ( -1.000000000000000000, 0.0000000000000000000, 0.0000000000000000000 ) ) ;
#1557 = AXIS2_PLACEMENT_3D ( 'NONE', #1969, #1033, #1367 ) ;
#1558 = ORIENTED_EDGE ( 'NONE', *, *, #525, .F. ) ;
#1559 = CARTESIAN_POINT ( 'NONE',  ( -2.563175261000484100, 8.946062254689056900, -3.365500000000000400 ) ) ;
#1560 = ADVANCED_FACE ( 'NONE', ( #2359 ), #1588, .F. ) ;
#1561 = EDGE_LOOP ( 'NONE', ( #1646, #1211, #1940, #602 ) ) ;
#1562 = MECHANICAL_DESIGN_GEOMETRIC_PRESENTATION_REPRESENTATION (  '', ( #1161 ), #1821 ) ;
#1563 = ORIENTED_EDGE ( 'NONE', *, *, #1968, .F. ) ;
#1564 = DIRECTION ( 'NONE',  ( -1.000000000000000000, -0.0000000000000000000, -0.0000000000000000000 ) ) ;
#1565 = CARTESIAN_POINT ( 'NONE',  ( 3.568700000000000200, 4.090000000000000700, 3.365499999999999000 ) ) ;
#1566 = CARTESIAN_POINT ( 'NONE',  ( 2.563175261000484100, 0.4852212400842085800, -0.7089903454162803700 ) ) ;
#1567 = EDGE_CURVE ( 'NONE', #2069, #607, #570, .T. ) ;
#1568 = VECTOR ( 'NONE', #520, 1000.000000000000000 ) ;
#1569 = DIRECTION ( 'NONE',  ( 0.0000000000000000000, -1.000000000000000000, 0.0000000000000000000 ) ) ;
#1570 = EDGE_CURVE ( 'NONE', #1440, #1829, #953, .T. ) ;
#1571 = CARTESIAN_POINT ( 'NONE',  ( 3.568700000000000200, 0.5177674744007918500, -2.290000000000000000 ) ) ;
#1572 = LINE ( 'NONE', #462, #1315 ) ;
#1573 = DIRECTION ( 'NONE',  ( 1.000000000000000000, -1.197108232069350100E-016, 0.0000000000000000000 ) ) ;
#1574 = LINE ( 'NONE', #2232, #2240 ) ;
#1575 = FACE_OUTER_BOUND ( 'NONE', #1804, .T. ) ;
#1576 = VECTOR ( 'NONE', #1026, 1000.000000000000000 ) ;
#1577 = CARTESIAN_POINT ( 'NONE',  ( -3.568700000000000200, 0.5177674744007918500, -2.290000000000000000 ) ) ;
#1578 = SURFACE_STYLE_FILL_AREA ( #129 ) ;
#1579 = ORIENTED_EDGE ( 'NONE', *, *, #2314, .T. ) ;
#1580 = VERTEX_POINT ( 'NONE', #1385 ) ;
#1581 = EDGE_CURVE ( 'NONE', #1246, #1159, #1437, .T. ) ;
#1582 = CARTESIAN_POINT ( 'NONE',  ( 0.0000000000000000000, 0.0000000000000000000, -2.290000000000000000 ) ) ;
#1583 = VECTOR ( 'NONE', #8, 1000.000000000000000 ) ;
#1584 = VERTEX_POINT ( 'NONE', #1196 ) ;
#1585 = ORIENTED_EDGE ( 'NONE', *, *, #652, .T. ) ;
#1586 = EDGE_CURVE ( 'NONE', #311, #1829, #1233, .T. ) ;
#1587 = ORIENTED_EDGE ( 'NONE', *, *, #2291, .T. ) ;
#1588 = PLANE ( 'NONE',  #2235 ) ;
#1589 = DIRECTION ( 'NONE',  ( -0.0000000000000000000, -0.0000000000000000000, -1.000000000000000000 ) ) ;
#1590 = ORIENTED_EDGE ( 'NONE', *, *, #2103, .T. ) ;
#1591 = DIRECTION ( 'NONE',  ( -0.0000000000000000000, -0.0000000000000000000, -1.000000000000000000 ) ) ;
#1592 = PLANE ( 'NONE',  #119 ) ;
#1593 = CARTESIAN_POINT ( 'NONE',  ( 5.016499999999999700, 0.09900000000000032400, -2.790000000000000000 ) ) ;
#1594 = CARTESIAN_POINT ( 'NONE',  ( 3.771184040063300100, -0.1009999999999995300, 0.2500000000000002200 ) ) ;
#1595 = EDGE_CURVE ( 'NONE', #2186, #436, #130, .T. ) ;
#1596 = VECTOR ( 'NONE', #1784, 1000.000000000000000 ) ;
#1597 = DIRECTION ( 'NONE',  ( 0.0000000000000000000, -0.0000000000000000000, 1.000000000000000000 ) ) ;
#1598 = UNCERTAINTY_MEASURE_WITH_UNIT (LENGTH_MEASURE( 1.000000000000000100E-005 ), #1081, 'distance_accuracy_value', 'NONE');
#1599 = CARTESIAN_POINT ( 'NONE',  ( 3.568700000000000200, 0.5177674744007918500, 2.790000000000000500 ) ) ;
#1600 = CARTESIAN_POINT ( 'NONE',  ( 0.0000000000000000000, 4.090000000000000700, 0.0000000000000000000 ) ) ;
#1601 = LINE ( 'NONE', #937, #2413 ) ;
#1602 = DIRECTION ( 'NONE',  ( 0.0000000000000000000, -0.0000000000000000000, -1.000000000000000000 ) ) ;
#1603 = VECTOR ( 'NONE', #1959, 1000.000000000000000 ) ;
#1604 = ORIENTED_EDGE ( 'NONE', *, *, #912, .F. ) ;
#1605 = CARTESIAN_POINT ( 'NONE',  ( -3.771184040063300100, -0.1009999999999995300, -2.290000000000000000 ) ) ;
#1606 = EDGE_LOOP ( 'NONE', ( #2188, #1864, #1860, #727 ) ) ;
#1607 = CARTESIAN_POINT ( 'NONE',  ( -3.568700000000000200, 0.1775907489959000500, 2.790000000000000500 ) ) ;
#1608 = VECTOR ( 'NONE', #1007, 1000.000000000000000 ) ;
#1609 = VERTEX_POINT ( 'NONE', #1220 ) ;
#1610 = ORIENTED_EDGE ( 'NONE', *, *, #1275, .F. ) ;
#1611 = DIRECTION ( 'NONE',  ( 0.5879296996640586100, -0.8089120275116014100, 0.0000000000000000000 ) ) ;
#1612 = LINE ( 'NONE', #321, #2185 ) ;
#1613 = VERTEX_POINT ( 'NONE', #115 ) ;
#1614 = EDGE_CURVE ( 'NONE', #1532, #2151, #2065, .T. ) ;
#1615 = VERTEX_POINT ( 'NONE', #1791 ) ;
#1616 = ADVANCED_FACE ( 'NONE', ( #310 ), #2159, .F. ) ;
#1617 = CARTESIAN_POINT ( 'NONE',  ( 3.568700000000000200, 0.4852212400842085800, 0.7089903454162803700 ) ) ;
#1618 = AXIS2_PLACEMENT_3D ( 'NONE', #156, #514, #2007 ) ;
#1619 = ORIENTED_EDGE ( 'NONE', *, *, #260, .T. ) ;
#1620 = DIRECTION ( 'NONE',  ( -0.8089120275116015200, 0.5879296996640587200, 0.0000000000000000000 ) ) ;
#1621 = CARTESIAN_POINT ( 'NONE',  ( 2.563175261000484100, 8.946062254689056900, -3.365500000000000400 ) ) ;
#1622 = DIRECTION ( 'NONE',  ( 0.0000000000000000000, 1.000000000000000000, 0.0000000000000000000 ) ) ;
#1623 = DIRECTION ( 'NONE',  ( -0.0000000000000000000, -0.0000000000000000000, -1.000000000000000000 ) ) ;
#1624 = EDGE_LOOP ( 'NONE', ( #666, #1801, #1188, #1950 ) ) ;
#1625 = AXIS2_PLACEMENT_3D ( 'NONE', #220, #1727, #1354 ) ;
#1626 = CARTESIAN_POINT ( 'NONE',  ( -2.563175261000484100, 0.4852212400842085800, -1.947519309167438800 ) ) ;
#1627 = CARTESIAN_POINT ( 'NONE',  ( 3.873066639486024700, 0.09900000000000044900, -2.790000000000000000 ) ) ;
#1628 = CARTESIAN_POINT ( 'NONE',  ( 2.563175261000484100, 0.0000000000000000000, -1.947519309167438800 ) ) ;
#1629 = CARTESIAN_POINT ( 'NONE',  ( 3.568700000000000200, 0.0000000000000000000, -3.365500000000000400 ) ) ;
#1630 = ADVANCED_FACE ( 'NONE', ( #1403 ), #1952, .F. ) ;
#1631 = DIRECTION ( 'NONE',  ( 0.0000000000000000000, -0.0000000000000000000, 1.000000000000000000 ) ) ;
#1632 = CARTESIAN_POINT ( 'NONE',  ( -2.541079151118327900, 4.090000000000000700, -2.380869940111642900 ) ) ;
#1633 = EDGE_CURVE ( 'NONE', #2402, #2227, #1102, .T. ) ;
#1634 = LINE ( 'NONE', #481, #1094 ) ;
#1635 = CARTESIAN_POINT ( 'NONE',  ( 3.568700000000000200, 0.4852212400842085800, -1.947519309167438800 ) ) ;
#1636 = VECTOR ( 'NONE', #1834, 1000.000000000000000 ) ;
#1637 = DIRECTION ( 'NONE',  ( -0.5879296996640586100, 0.8089120275116014100, 0.0000000000000000000 ) ) ;
#1638 = DIRECTION ( 'NONE',  ( 0.5879296996640586100, 0.8089120275116014100, -0.0000000000000000000 ) ) ;
#1639 = FACE_OUTER_BOUND ( 'NONE', #1451, .T. ) ;
#1640 = VECTOR ( 'NONE', #655, 1000.000000000000000 ) ;
#1641 = CARTESIAN_POINT ( 'NONE',  ( 3.873066639486024700, 0.09900000000000044900, -2.290000000000000000 ) ) ;
#1642 = EDGE_LOOP ( 'NONE', ( #1130, #2076, #548, #2253 ) ) ;
#1643 = ORIENTED_EDGE ( 'NONE', *, *, #728, .T. ) ;
#1644 = CARTESIAN_POINT ( 'NONE',  ( 3.771184040063300100, -0.1009999999999995300, 2.790000000000000500 ) ) ;
#1645 = LINE ( 'NONE', #1328, #77 ) ;
#1646 = ORIENTED_EDGE ( 'NONE', *, *, #290, .F. ) ;
#1647 = ORIENTED_EDGE ( 'NONE', *, *, #1167, .F. ) ;
#1648 = DIRECTION ( 'NONE',  ( 1.000000000000000000, 1.197108232069350100E-016, -0.0000000000000000000 ) ) ;
#1649 = DIRECTION ( 'NONE',  ( 0.0000000000000000000, 1.000000000000000000, 0.0000000000000000000 ) ) ;
#1650 = ORIENTED_EDGE ( 'NONE', *, *, #2130, .F. ) ;
#1651 = EDGE_CURVE ( 'NONE', #2186, #960, #979, .T. ) ;
#1652 = CARTESIAN_POINT ( 'NONE',  ( -3.771184040063300100, -0.1009999999999995300, 2.790000000000000500 ) ) ;
#1653 = ORIENTED_EDGE ( 'NONE', *, *, #256, .T. ) ;
#1654 = CARTESIAN_POINT ( 'NONE',  ( 0.0000000000000000000, 0.0000000000000000000, 2.790000000000000500 ) ) ;
#1655 = STYLED_ITEM ( 'NONE', ( #2318 ), #391 ) ;
#1656 =( NAMED_UNIT ( * ) PLANE_ANGLE_UNIT ( ) SI_UNIT ( $, .RADIAN. ) );
#1657 = ORIENTED_EDGE ( 'NONE', *, *, #1416, .T. ) ;
#1658 = CARTESIAN_POINT ( 'NONE',  ( -3.873066639486024700, 0.09900000000000044900, 2.790000000000000500 ) ) ;
#1659 = CARTESIAN_POINT ( 'NONE',  ( 2.563175261000484100, 0.0000000000000000000, -3.365500000000000400 ) ) ;
#1660 = PRESENTATION_LAYER_ASSIGNMENT (  '', '', ( #1161 ) ) ;
#1661 = DIRECTION ( 'NONE',  ( -0.0000000000000000000, 1.000000000000000000, -2.234449119122123800E-016 ) ) ;
#1662 = CARTESIAN_POINT ( 'NONE',  ( -3.568700000000000200, 0.4852212400842085800, 1.947519309167438800 ) ) ;
#1663 = LINE ( 'NONE', #660, #1596 ) ;
#1664 = DIRECTION ( 'NONE',  ( -0.0000000000000000000, -0.0000000000000000000, -1.000000000000000000 ) ) ;
#1665 = DIRECTION ( 'NONE',  ( 0.5879296996640578400, -0.8089120275116020700, 0.0000000000000000000 ) ) ;
#1666 = VECTOR ( 'NONE', #535, 1000.000000000000000 ) ;
#1667 = DIRECTION ( 'NONE',  ( 1.000000000000000000, -1.185248535164035800E-016, 0.0000000000000000000 ) ) ;
#1668 = EDGE_CURVE ( 'NONE', #988, #1246, #71, .T. ) ;
#1669 = CARTESIAN_POINT ( 'NONE',  ( -3.568700000000000200, 0.0000000000000000000, -3.365499999999999500 ) ) ;
#1670 = VECTOR ( 'NONE', #1345, 1000.000000000000000 ) ;
#1671 = FACE_OUTER_BOUND ( 'NONE', #1356, .T. ) ;
#1672 = EDGE_LOOP ( 'NONE', ( #1207, #374, #1689, #211 ) ) ;
#1673 = MECHANICAL_DESIGN_GEOMETRIC_PRESENTATION_REPRESENTATION (  '', ( #934 ), #1089 ) ;
#1674 = ORIENTED_EDGE ( 'NONE', *, *, #1521, .F. ) ;
#1675 = CARTESIAN_POINT ( 'NONE',  ( -3.568700000000000200, 0.4852212400842085800, -0.7089903454162803700 ) ) ;
#1676 = CARTESIAN_POINT ( 'NONE',  ( 0.0000000000000000000, 0.0000000000000000000, 0.2500000000000002200 ) ) ;
#1677 = CARTESIAN_POINT ( 'NONE',  ( -3.568700000000000200, 0.1775907489959000500, 2.790000000000000500 ) ) ;
#1678 = ORIENTED_EDGE ( 'NONE', *, *, #1413, .T. ) ;
#1679 = ORIENTED_EDGE ( 'NONE', *, *, #2260, .T. ) ;
#1680 = DIRECTION ( 'NONE',  ( -0.0000000000000000000, -1.000000000000000000, -0.0000000000000000000 ) ) ;
#1681 = CARTESIAN_POINT ( 'NONE',  ( 2.563175261000484100, 0.4852212400842086900, -3.365500000000000400 ) ) ;
#1682 = LINE ( 'NONE', #1455, #832 ) ;
#1683 = ORIENTED_EDGE ( 'NONE', *, *, #271, .F. ) ;
#1684 = ORIENTED_EDGE ( 'NONE', *, *, #1024, .F. ) ;
#1685 = PLANE ( 'NONE',  #1488 ) ;
#1686 = VERTEX_POINT ( 'NONE', #1593 ) ;
#1687 = EDGE_CURVE ( 'NONE', #2331, #81, #227, .T. ) ;
#1688 = ORIENTED_EDGE ( 'NONE', *, *, #1878, .F. ) ;
#1689 = ORIENTED_EDGE ( 'NONE', *, *, #754, .T. ) ;
#1690 = ADVANCED_FACE ( 'NONE', ( #2116, #1125 ), #1419, .T. ) ;
#1691 = DIRECTION ( 'NONE',  ( 1.000000000000000000, 0.0000000000000000000, 0.0000000000000000000 ) ) ;
#1692 = COLOUR_RGB ( '',1.000000000000000000, 1.000000000000000000, 1.000000000000000000 ) ;
#1693 = CARTESIAN_POINT ( 'NONE',  ( 3.568700000000000200, 0.5177674744007918500, 0.2500000000000002200 ) ) ;
#1694 =( NAMED_UNIT ( * ) PLANE_ANGLE_UNIT ( ) SI_UNIT ( $, .RADIAN. ) );
#1695 = VECTOR ( 'NONE', #1493, 1000.000000000000000 ) ;
#1696 = EDGE_CURVE ( 'NONE', #2041, #1174, #2000, .T. ) ;
#1697 = ADVANCED_FACE ( 'NONE', ( #1793 ), #2372, .F. ) ;
#1698 = CARTESIAN_POINT ( 'NONE',  ( -3.568700000000000200, 0.5177674744007918500, -2.790000000000000000 ) ) ;
#1699 = VECTOR ( 'NONE', #1281, 1000.000000000000000 ) ;
#1700 = EDGE_LOOP ( 'NONE', ( #1983, #1896, #1833, #463 ) ) ;
#1701 = FACE_OUTER_BOUND ( 'NONE', #1606, .T. ) ;
#1702 = EDGE_CURVE ( 'NONE', #774, #1475, #1465, .T. ) ;
#1703 = LINE ( 'NONE', #447, #433 ) ;
#1704 = VERTEX_POINT ( 'NONE', #2013 ) ;
#1705 = ORIENTED_EDGE ( 'NONE', *, *, #1012, .T. ) ;
#1706 = VECTOR ( 'NONE', #1988, 1000.000000000000000 ) ;
#1707 = AXIS2_PLACEMENT_3D ( 'NONE', #1332, #41, #823 ) ;
#1708 = EDGE_LOOP ( 'NONE', ( #441, #74, #624, #257 ) ) ;
#1709 = ORIENTED_EDGE ( 'NONE', *, *, #2368, .T. ) ;
#1710 = CARTESIAN_POINT ( 'NONE',  ( 3.771184040063300100, -0.1009999999999995300, -2.290000000000000000 ) ) ;
#1711 = PLANE ( 'NONE',  #2179 ) ;
#1712 = ORIENTED_EDGE ( 'NONE', *, *, #2002, .F. ) ;
#1713 = ADVANCED_FACE ( 'NONE', ( #1497 ), #910, .F. ) ;
#1714 = VERTEX_POINT ( 'NONE', #2409 ) ;
#1715 = MANIFOLD_SOLID_BREP ( 'Boss-Extrude2', #2223 ) ;
#1716 = EDGE_CURVE ( 'NONE', #1409, #1234, #1343, .T. ) ;
#1717 = CARTESIAN_POINT ( 'NONE',  ( -2.563175261000484100, 0.4852212400842086900, 1.947519309167439000 ) ) ;
#1718 = ORIENTED_EDGE ( 'NONE', *, *, #916, .T. ) ;
#1719 = EDGE_CURVE ( 'NONE', #1360, #1114, #100, .T. ) ;
#1720 = PLANE ( 'NONE',  #833 ) ;
#1721 = CARTESIAN_POINT ( 'NONE',  ( -2.563175261000484100, 0.4852212400842086900, 0.7089903454162802500 ) ) ;
#1722 = FACE_OUTER_BOUND ( 'NONE', #896, .T. ) ;
#1723 = AXIS2_PLACEMENT_3D ( 'NONE', #15, #1312, #1156 ) ;
#1724 = DIRECTION ( 'NONE',  ( 0.0000000000000000000, -1.000000000000000000, 0.0000000000000000000 ) ) ;
#1725 = ADVANCED_FACE ( 'NONE', ( #1671 ), #2378, .T. ) ;
#1726 = SURFACE_STYLE_USAGE ( .BOTH. , #430 ) ;
#1727 = DIRECTION ( 'NONE',  ( 1.197108232069350100E-016, 1.000000000000000000, 0.0000000000000000000 ) ) ;
#1728 = VECTOR ( 'NONE', #362, 1000.000000000000000 ) ;
#1729 = VECTOR ( 'NONE', #464, 1000.000000000000200 ) ;
#1730 = VECTOR ( 'NONE', #2168, 1000.000000000000000 ) ;
#1731 = FACE_OUTER_BOUND ( 'NONE', #234, .T. ) ;
#1732 = EDGE_CURVE ( 'NONE', #966, #1893, #1030, .T. ) ;
#1733 = LINE ( 'NONE', #1812, #373 ) ;
#1734 = ORIENTED_EDGE ( 'NONE', *, *, #593, .F. ) ;
#1735 = LINE ( 'NONE', #1194, #1235 ) ;
#1736 = CARTESIAN_POINT ( 'NONE',  ( 3.568700000000000200, 0.0000000000000000000, 1.947519309167438800 ) ) ;
#1737 = DIRECTION ( 'NONE',  ( 1.000000000000000000, 0.0000000000000000000, -0.0000000000000000000 ) ) ;
#1738 = VECTOR ( 'NONE', #789, 1000.000000000000000 ) ;
#1739 = VERTEX_POINT ( 'NONE', #365 ) ;
#1740 = MECHANICAL_DESIGN_GEOMETRIC_PRESENTATION_REPRESENTATION (  '', ( #1144 ), #772 ) ;
#1741 = ORIENTED_EDGE ( 'NONE', *, *, #1101, .T. ) ;
#1742 = CARTESIAN_POINT ( 'NONE',  ( -2.563175261000484100, 0.4852212400842086900, 3.365500000000000400 ) ) ;
#1743 = ORIENTED_EDGE ( 'NONE', *, *, #476, .T. ) ;
#1744 = VERTEX_POINT ( 'NONE', #158 ) ;
#1745 = DIRECTION ( 'NONE',  ( 0.0000000000000000000, 1.000000000000000000, 0.0000000000000000000 ) ) ;
#1746 = DIRECTION ( 'NONE',  ( -0.5879296996640562800, -0.8089120275116031800, -0.0000000000000000000 ) ) ;
#1747 = ORIENTED_EDGE ( 'NONE', *, *, #670, .F. ) ;
#1748 = EDGE_CURVE ( 'NONE', #1274, #2182, #512, .T. ) ;
#1749 = VECTOR ( 'NONE', #1871, 1000.000000000000000 ) ;
#1750 = ADVANCED_FACE ( 'NONE', ( #2176 ), #694, .F. ) ;
#1751 =( LENGTH_UNIT ( ) NAMED_UNIT ( * ) SI_UNIT ( .MILLI., .METRE. ) );
#1752 = PLANE ( 'NONE',  #1232 ) ;
#1753 = FACE_OUTER_BOUND ( 'NONE', #1624, .T. ) ;
#1754 = PRESENTATION_LAYER_ASSIGNMENT (  '', '', ( #307 ) ) ;
#1755 = LINE ( 'NONE', #673, #1339 ) ;
#1756 = SURFACE_STYLE_FILL_AREA ( #742 ) ;
#1757 = DIRECTION ( 'NONE',  ( -0.0000000000000000000, -1.000000000000000000, -0.0000000000000000000 ) ) ;
#1758 = LINE ( 'NONE', #760, #1060 ) ;
#1759 = EDGE_LOOP ( 'NONE', ( #400, #2300, #1510, #2037, #1293, #1481 ) ) ;
#1760 = ORIENTED_EDGE ( 'NONE', *, *, #1248, .F. ) ;
#1761 = ORIENTED_EDGE ( 'NONE', *, *, #2404, .F. ) ;
#1762 = EDGE_CURVE ( 'NONE', #386, #722, #2148, .T. ) ;
#1763 = CARTESIAN_POINT ( 'NONE',  ( 2.563175261000484100, 0.4852212400842086900, -3.365500000000000400 ) ) ;
#1764 = LINE ( 'NONE', #1131, #407 ) ;
#1765 = ORIENTED_EDGE ( 'NONE', *, *, #1184, .T. ) ;
#1766 = DIRECTION ( 'NONE',  ( 0.0000000000000000000, 1.000000000000000000, 2.234449119122123800E-016 ) ) ;
#1767 = LINE ( 'NONE', #1428, #1299 ) ;
#1768 = AXIS2_PLACEMENT_3D ( 'NONE', #184, #2039, #2430 ) ;
#1769 = ORIENTED_EDGE ( 'NONE', *, *, #1450, .T. ) ;
#1770 = CARTESIAN_POINT ( 'NONE',  ( 5.016499999999999700, 0.09900000000000032400, -2.290000000000000000 ) ) ;
#1771 = PRODUCT_DEFINITION_CONTEXT ( 'detailed design', #382, 'design' ) ;
#1772 = ORIENTED_EDGE ( 'NONE', *, *, #302, .T. ) ;
#1773 = CARTESIAN_POINT ( 'NONE',  ( 3.568700000000000200, 0.0000000000000000000, -1.947519309167438800 ) ) ;
#1774 = ORIENTED_EDGE ( 'NONE', *, *, #323, .F. ) ;
#1775 = DIRECTION ( 'NONE',  ( 1.000000000000000000, -1.185248535164035800E-016, 0.0000000000000000000 ) ) ;
#1776 = DIRECTION ( 'NONE',  ( -0.0000000000000000000, -1.000000000000000000, -0.0000000000000000000 ) ) ;
#1777 = EDGE_LOOP ( 'NONE', ( #1179, #1239, #2355, #684 ) ) ;
#1778 = EDGE_CURVE ( 'NONE', #2128, #873, #1733, .T. ) ;
#1779 = FACE_OUTER_BOUND ( 'NONE', #1524, .T. ) ;
#1780 = CARTESIAN_POINT ( 'NONE',  ( 3.568700000000000200, 0.1775907489959000500, 0.2500000000000002200 ) ) ;
#1781 = CARTESIAN_POINT ( 'NONE',  ( -3.771184040063300100, -0.1009999999999995300, -2.790000000000000000 ) ) ;
#1782 = EDGE_CURVE ( 'NONE', #1032, #1889, #1292, .T. ) ;
#1783 = DIRECTION ( 'NONE',  ( 0.0000000000000000000, 0.0000000000000000000, 1.000000000000000000 ) ) ;
#1784 = DIRECTION ( 'NONE',  ( 0.0000000000000000000, -1.000000000000000000, 0.0000000000000000000 ) ) ;
#1785 = DIRECTION ( 'NONE',  ( 0.0000000000000000000, 0.0000000000000000000, 1.000000000000000000 ) ) ;
#1786 = MECHANICAL_DESIGN_GEOMETRIC_PRESENTATION_REPRESENTATION (  '', ( #1034 ), #698 ) ;
#1787 = VECTOR ( 'NONE', #667, 1000.000000000000000 ) ;
#1788 = UNCERTAINTY_MEASURE_WITH_UNIT (LENGTH_MEASURE( 1.000000000000000100E-005 ), #1447, 'distance_accuracy_value', 'NONE');
#1789 = VECTOR ( 'NONE', #1111, 1000.000000000000000 ) ;
#1790 = LINE ( 'NONE', #1191, #2146 ) ;
#1791 = CARTESIAN_POINT ( 'NONE',  ( -2.541079151118327900, 4.090000000000000700, -2.380869940111642900 ) ) ;
#1792 = DIRECTION ( 'NONE',  ( 1.197108232069350100E-016, 1.000000000000000000, 0.0000000000000000000 ) ) ;
#1793 = FACE_OUTER_BOUND ( 'NONE', #1182, .T. ) ;
#1794 = ORIENTED_EDGE ( 'NONE', *, *, #1796, .T. ) ;
#1795 = FACE_OUTER_BOUND ( 'NONE', #1823, .T. ) ;
#1796 = EDGE_CURVE ( 'NONE', #1006, #311, #253, .T. ) ;
#1797 = CARTESIAN_POINT ( 'NONE',  ( -2.541079151118327900, 3.990000000000000700, -1.648312133175455100 ) ) ;
#1798 = EDGE_LOOP ( 'NONE', ( #1507, #980, #963, #1149 ) ) ;
#1799 = CARTESIAN_POINT ( 'NONE',  ( 5.016499999999999700, -0.1009999999999996900, 0.2500000000000002200 ) ) ;
#1800 = LINE ( 'NONE', #125, #1005 ) ;
#1801 = ORIENTED_EDGE ( 'NONE', *, *, #2195, .F. ) ;
#1802 = EDGE_CURVE ( 'NONE', #1889, #2243, #822, .T. ) ;
#1803 = VECTOR ( 'NONE', #650, 1000.000000000000000 ) ;
#1804 = EDGE_LOOP ( 'NONE', ( #603, #349, #964, #427, #517, #1509 ) ) ;
#1805 = DIRECTION ( 'NONE',  ( 0.0000000000000000000, 0.0000000000000000000, -1.000000000000000000 ) ) ;
#1806 = DIRECTION ( 'NONE',  ( 0.0000000000000000000, 1.000000000000000000, 0.0000000000000000000 ) ) ;
#1807 = PRESENTATION_LAYER_ASSIGNMENT (  '', '', ( #934 ) ) ;
#1808 = EDGE_LOOP ( 'NONE', ( #1297, #725, #2066, #551 ) ) ;
#1809 = CARTESIAN_POINT ( 'NONE',  ( -3.568700000000000200, 0.5177674744007918500, 0.2500000000000002200 ) ) ;
#1810 = ORIENTED_EDGE ( 'NONE', *, *, #1537, .F. ) ;
#1811 = DIRECTION ( 'NONE',  ( -0.0000000000000000000, -0.0000000000000000000, -1.000000000000000000 ) ) ;
#1812 = CARTESIAN_POINT ( 'NONE',  ( 3.568700000000000200, 0.0000000000000000000, -0.7089903454162802500 ) ) ;
#1813 = CARTESIAN_POINT ( 'NONE',  ( 2.563175261000484100, 0.0000000000000000000, -1.947519309167439200 ) ) ;
#1814 = EDGE_CURVE ( 'NONE', #1613, #610, #1371, .T. ) ;
#1815 = DIRECTION ( 'NONE',  ( -1.000000000000000000, -0.0000000000000000000, -0.0000000000000000000 ) ) ;
#1816 = DIRECTION ( 'NONE',  ( -1.185248535164035800E-016, -1.000000000000000000, 0.0000000000000000000 ) ) ;
#1817 = VECTOR ( 'NONE', #741, 1000.000000000000000 ) ;
#1818 = CARTESIAN_POINT ( 'NONE',  ( 3.568700000000000200, 0.5177674744007918500, 2.790000000000000500 ) ) ;
#1819 = VECTOR ( 'NONE', #2087, 1000.000000000000000 ) ;
#1820 = PLANE ( 'NONE',  #2319 ) ;
#1821 =( GEOMETRIC_REPRESENTATION_CONTEXT ( 3 ) GLOBAL_UNCERTAINTY_ASSIGNED_CONTEXT ( ( #567 ) ) GLOBAL_UNIT_ASSIGNED_CONTEXT ( ( #587, #1694, #1314 ) ) REPRESENTATION_CONTEXT ( 'NONE', 'WORKASPACE' ) );
#1822 = FACE_OUTER_BOUND ( 'NONE', #1443, .T. ) ;
#1823 = EDGE_LOOP ( 'NONE', ( #1498, #1175, #729, #2390 ) ) ;
#1824 = DIRECTION ( 'NONE',  ( 0.0000000000000000000, 1.000000000000000000, 0.0000000000000000000 ) ) ;
#1825 = LINE ( 'NONE', #2105, #1205 ) ;
#1826 = ORIENTED_EDGE ( 'NONE', *, *, #1450, .F. ) ;
#1827 = ORIENTED_EDGE ( 'NONE', *, *, #1567, .T. ) ;
#1828 = LINE ( 'NONE', #186, #233 ) ;
#1829 = VERTEX_POINT ( 'NONE', #1850 ) ;
#1830 = EDGE_CURVE ( 'NONE', #1155, #2019, #1852, .T. ) ;
#1831 = CARTESIAN_POINT ( 'NONE',  ( -2.541079151118327900, 3.990000000000000700, -2.380869940111642900 ) ) ;
#1832 = FACE_OUTER_BOUND ( 'NONE', #2018, .T. ) ;
#1833 = ORIENTED_EDGE ( 'NONE', *, *, #989, .T. ) ;
#1834 = DIRECTION ( 'NONE',  ( -1.000000000000000000, 1.197108232069350100E-016, 0.0000000000000000000 ) ) ;
#1835 = EDGE_CURVE ( 'NONE', #901, #2009, #649, .T. ) ;
#1836 = ORIENTED_EDGE ( 'NONE', *, *, #1835, .T. ) ;
#1837 = DIRECTION ( 'NONE',  ( -0.5879296996640586100, 0.8089120275116014100, 0.0000000000000000000 ) ) ;
#1838 = ORIENTED_EDGE ( 'NONE', *, *, #1719, .T. ) ;
#1839 = CLOSED_SHELL ( 'NONE', ( #713, #1142, #2258, #1630, #1936, #1150, #194, #1908 ) ) ;
#1840 = DIRECTION ( 'NONE',  ( -1.000000000000000000, 1.185248535164035800E-016, 0.0000000000000000000 ) ) ;
#1841 = DIRECTION ( 'NONE',  ( 0.0000000000000000000, -0.0000000000000000000, 1.000000000000000000 ) ) ;
#1842 = DIRECTION ( 'NONE',  ( -0.5879296996640586100, -0.8089120275116014100, 0.0000000000000000000 ) ) ;
#1843 = DIRECTION ( 'NONE',  ( -1.197108232069350100E-016, 1.000000000000000000, 0.0000000000000000000 ) ) ;
#1844 = EDGE_CURVE ( 'NONE', #1714, #2395, #891, .T. ) ;
#1845 = EDGE_CURVE ( 'NONE', #990, #1609, #2293, .T. ) ;
#1846 = CARTESIAN_POINT ( 'NONE',  ( -5.016499999999999700, 0.09900000000000032400, -2.290000000000000000 ) ) ;
#1847 = FACE_OUTER_BOUND ( 'NONE', #1421, .T. ) ;
#1848 = SURFACE_STYLE_USAGE ( .BOTH. , #1464 ) ;
#1849 = AXIS2_PLACEMENT_3D ( 'NONE', #785, #973, #1335 ) ;
#1850 = CARTESIAN_POINT ( 'NONE',  ( -3.568700000000000200, 0.0000000000000000000, -1.947519309167438800 ) ) ;
#1851 =( NAMED_UNIT ( * ) SI_UNIT ( $, .STERADIAN. ) SOLID_ANGLE_UNIT ( ) );
#1852 = LINE ( 'NONE', #13, #1201 ) ;
#1853 = VECTOR ( 'NONE', #1766, 1000.000000000000000 ) ;
#1854 = ORIENTED_EDGE ( 'NONE', *, *, #2231, .T. ) ;
#1855 = ORIENTED_EDGE ( 'NONE', *, *, #1248, .T. ) ;
#1856 = CARTESIAN_POINT ( 'NONE',  ( 3.568700000000000200, 0.0000000000000000000, 3.365499999999999000 ) ) ;
#1857 = FACE_OUTER_BOUND ( 'NONE', #518, .T. ) ;
#1858 = ORIENTED_EDGE ( 'NONE', *, *, #1275, .T. ) ;
#1859 = CARTESIAN_POINT ( 'NONE',  ( -3.568700000000000200, 0.0000000000000000000, -0.7089903454162802500 ) ) ;
#1860 = ORIENTED_EDGE ( 'NONE', *, *, #7, .F. ) ;
#1861 = DIRECTION ( 'NONE',  ( -0.0000000000000000000, -0.0000000000000000000, -1.000000000000000000 ) ) ;
#1862 = DIRECTION ( 'NONE',  ( 0.0000000000000000000, 0.0000000000000000000, 1.000000000000000000 ) ) ;
#1863 = SURFACE_SIDE_STYLE ('',( #1967 ) ) ;
#1864 = ORIENTED_EDGE ( 'NONE', *, *, #1581, .F. ) ;
#1865 = EDGE_CURVE ( 'NONE', #1475, #2364, #718, .T. ) ;
#1866 = CARTESIAN_POINT ( 'NONE',  ( 3.568700000000000200, 0.0000000000000000000, -1.947519309167438800 ) ) ;
#1867 = VERTEX_POINT ( 'NONE', #1675 ) ;
#1868 = ADVANCED_FACE ( 'NONE', ( #600 ), #387, .T. ) ;
#1869 = ORIENTED_EDGE ( 'NONE', *, *, #1687, .F. ) ;
#1870 = DIRECTION ( 'NONE',  ( 0.0000000000000000000, 0.0000000000000000000, 1.000000000000000000 ) ) ;
#1871 = DIRECTION ( 'NONE',  ( -1.000000000000000000, 1.197108232069350100E-016, 0.0000000000000000000 ) ) ;
#1872 = CARTESIAN_POINT ( 'NONE',  ( 3.568700000000000200, 0.0000000000000000000, 1.947519309167438800 ) ) ;
#1873 = AXIS2_PLACEMENT_3D ( 'NONE', #1065, #1254, #150 ) ;
#1874 = DIRECTION ( 'NONE',  ( 1.000000000000000000, -0.0000000000000000000, -1.822852308939677200E-016 ) ) ;
#1875 = DIRECTION ( 'NONE',  ( 1.000000000000000000, -0.0000000000000000000, -1.822852308939677200E-016 ) ) ;
#1876 = VECTOR ( 'NONE', #714, 1000.000000000000200 ) ;
#1877 = CARTESIAN_POINT ( 'NONE',  ( -2.541079151118327900, 3.990000000000000700, -2.014591036643548900 ) ) ;
#1878 = EDGE_CURVE ( 'NONE', #2395, #1900, #345, .T. ) ;
#1879 = VECTOR ( 'NONE', #1589, 1000.000000000000000 ) ;
#1880 = ADVANCED_FACE ( 'NONE', ( #1822 ), #763, .F. ) ;
#1881 = LINE ( 'NONE', #1599, #947 ) ;
#1882 = CARTESIAN_POINT ( 'NONE',  ( 3.568700000000000200, 0.0000000000000000000, 0.7089903454162802500 ) ) ;
#1883 = FACE_OUTER_BOUND ( 'NONE', #1777, .T. ) ;
#1884 = EDGE_CURVE ( 'NONE', #2125, #28, #1171, .T. ) ;
#1885 = CIRCLE ( 'NONE', #445, 0.3662789034680937700 ) ;
#1886 = DIRECTION ( 'NONE',  ( -0.5879296996640562800, -0.8089120275116031800, -0.0000000000000000000 ) ) ;
#1887 = VECTOR ( 'NONE', #915, 1000.000000000000000 ) ;
#1888 = SURFACE_STYLE_FILL_AREA ( #1121 ) ;
#1889 = VERTEX_POINT ( 'NONE', #376 ) ;
#1890 = CARTESIAN_POINT ( 'NONE',  ( 2.563175261000484100, 0.4852212400842086900, 3.365500000000000400 ) ) ;
#1891 = LINE ( 'NONE', #982, #802 ) ;
#1892 = ORIENTED_EDGE ( 'NONE', *, *, #80, .F. ) ;
#1893 = VERTEX_POINT ( 'NONE', #212 ) ;
#1894 = CARTESIAN_POINT ( 'NONE',  ( -2.541079151118327900, 3.990000000000000700, -2.014591036643548900 ) ) ;
#1895 = VECTOR ( 'NONE', #562, 1000.000000000000000 ) ;
#1896 = ORIENTED_EDGE ( 'NONE', *, *, #2142, .F. ) ;
#1897 = ADVANCED_FACE ( 'NONE', ( #278 ), #2143, .T. ) ;
#1898 = ORIENTED_EDGE ( 'NONE', *, *, #1796, .F. ) ;
#1899 = DIRECTION ( 'NONE',  ( 0.0000000000000000000, 0.0000000000000000000, -1.000000000000000000 ) ) ;
#1900 = VERTEX_POINT ( 'NONE', #730 ) ;
#1901 = EDGE_CURVE ( 'NONE', #693, #1222, #451, .T. ) ;
#1902 = ORIENTED_EDGE ( 'NONE', *, *, #1430, .F. ) ;
#1903 = ORIENTED_EDGE ( 'NONE', *, *, #1061, .T. ) ;
#1904 = AXIS2_PLACEMENT_3D ( 'NONE', #1215, #1393, #1785 ) ;
#1905 = MANIFOLD_SOLID_BREP ( 'Mirror1[3]', #1839 ) ;
#1906 = CARTESIAN_POINT ( 'NONE',  ( -5.016499999999999700, 0.09900000000000032400, -2.790000000000000000 ) ) ;
#1907 = VECTOR ( 'NONE', #499, 1000.000000000000000 ) ;
#1908 = ADVANCED_FACE ( 'NONE', ( #1575 ), #941, .T. ) ;
#1909 = CARTESIAN_POINT ( 'NONE',  ( -3.873066639486024700, 0.09900000000000044900, 0.2500000000000002200 ) ) ;
#1910 = LINE ( 'NONE', #1763, #1317 ) ;
#1911 = EDGE_CURVE ( 'NONE', #2151, #203, #164, .T. ) ;
#1912 = DIRECTION ( 'NONE',  ( -1.000000000000000000, 0.0000000000000000000, 0.0000000000000000000 ) ) ;
#1913 = CARTESIAN_POINT ( 'NONE',  ( 3.771184040063300100, -0.1009999999999995300, 2.790000000000000500 ) ) ;
#1914 = VECTOR ( 'NONE', #1811, 1000.000000000000000 ) ;
#1915 = EDGE_CURVE ( 'NONE', #484, #355, #922, .T. ) ;
#1916 = ORIENTED_EDGE ( 'NONE', *, *, #769, .T. ) ;
#1917 = ORIENTED_EDGE ( 'NONE', *, *, #810, .F. ) ;
#1918 = ADVANCED_FACE ( 'NONE', ( #1639 ), #432, .F. ) ;
#1919 = FACE_OUTER_BOUND ( 'NONE', #2277, .T. ) ;
#1920 = PRODUCT_RELATED_PRODUCT_CATEGORY ( 'part', '', ( #2120 ) ) ;
#1921 = EDGE_LOOP ( 'NONE', ( #1466, #229, #1619, #360 ) ) ;
#1922 = CARTESIAN_POINT ( 'NONE',  ( 0.0000000000000000000, 0.0000000000000000000, -0.2499999999999997800 ) ) ;
#1923 = VECTOR ( 'NONE', #1980, 1000.000000000000000 ) ;
#1924 = ORIENTED_EDGE ( 'NONE', *, *, #1295, .F. ) ;
#1925 = ORIENTED_EDGE ( 'NONE', *, *, #1553, .T. ) ;
#1926 = VERTEX_POINT ( 'NONE', #55 ) ;
#1927 = EDGE_CURVE ( 'NONE', #1926, #145, #97, .T. ) ;
#1928 = EDGE_LOOP ( 'NONE', ( #435, #1214 ) ) ;
#1929 = ADVANCED_FACE ( 'NONE', ( #1100 ), #1462, .F. ) ;
#1930 = EDGE_CURVE ( 'NONE', #903, #842, #1519, .T. ) ;
#1931 = PLANE ( 'NONE',  #676 ) ;
#1932 =( NAMED_UNIT ( * ) PLANE_ANGLE_UNIT ( ) SI_UNIT ( $, .RADIAN. ) );
#1933 = AXIS2_PLACEMENT_3D ( 'NONE', #1116, #1469, #383 ) ;
#1934 = FACE_OUTER_BOUND ( 'NONE', #926, .T. ) ;
#1935 = COLOUR_RGB ( '',0.7921568627450980000, 0.8196078431372548800, 0.9333333333333333500 ) ;
#1936 = ADVANCED_FACE ( 'NONE', ( #480 ), #2353, .F. ) ;
#1937 = VECTOR ( 'NONE', #413, 1000.000000000000000 ) ;
#1938 = FACE_OUTER_BOUND ( 'NONE', #2043, .T. ) ;
#1939 = EDGE_CURVE ( 'NONE', #1064, #1322, #308, .T. ) ;
#1940 = ORIENTED_EDGE ( 'NONE', *, *, #1581, .T. ) ;
#1941 = FACE_OUTER_BOUND ( 'NONE', #1928, .T. ) ;
#1942 = CARTESIAN_POINT ( 'NONE',  ( -3.568700000000000200, 0.0000000000000000000, 3.365500000000000400 ) ) ;
#1943 = MANIFOLD_SOLID_BREP ( 'LPattern1[1]', #411 ) ;
#1944 = PLANE ( 'NONE',  #1018 ) ;
#1945 = ORIENTED_EDGE ( 'NONE', *, *, #1865, .T. ) ;
#1946 = ORIENTED_EDGE ( 'NONE', *, *, #2417, .T. ) ;
#1947 = DIRECTION ( 'NONE',  ( 0.0000000000000000000, 0.0000000000000000000, 1.000000000000000000 ) ) ;
#1948 = LINE ( 'NONE', #1652, #1471 ) ;
#1949 = EDGE_LOOP ( 'NONE', ( #254, #1869, #1324, #283 ) ) ;
#1950 = ORIENTED_EDGE ( 'NONE', *, *, #843, .T. ) ;
#1951 = ORIENTED_EDGE ( 'NONE', *, *, #769, .F. ) ;
#1952 = PLANE ( 'NONE',  #58 ) ;
#1953 = DIRECTION ( 'NONE',  ( 0.0000000000000000000, -1.000000000000000000, 0.0000000000000000000 ) ) ;
#1954 = VERTEX_POINT ( 'NONE', #1145 ) ;
#1955 = PLANE ( 'NONE',  #96 ) ;
#1956 = EDGE_CURVE ( 'NONE', #2186, #1475, #42, .T. ) ;
#1957 = CARTESIAN_POINT ( 'NONE',  ( 3.873066639486024700, 0.09900000000000044900, 2.290000000000000500 ) ) ;
#1958 = AXIS2_PLACEMENT_3D ( 'NONE', #1093, #2422, #2412 ) ;
#1959 = DIRECTION ( 'NONE',  ( -1.000000000000000000, -1.185248535164035800E-016, 0.0000000000000000000 ) ) ;
#1960 = CARTESIAN_POINT ( 'NONE',  ( -3.873066639486024700, 0.09900000000000044900, 0.2500000000000002200 ) ) ;
#1961 = FACE_OUTER_BOUND ( 'NONE', #1107, .T. ) ;
#1962 =( GEOMETRIC_REPRESENTATION_CONTEXT ( 3 ) GLOBAL_UNCERTAINTY_ASSIGNED_CONTEXT ( ( #1598 ) ) GLOBAL_UNIT_ASSIGNED_CONTEXT ( ( #1081, #2222, #1099 ) ) REPRESENTATION_CONTEXT ( 'NONE', 'WORKASPACE' ) );
#1963 = VECTOR ( 'NONE', #640, 1000.000000000000000 ) ;
#1964 = DIRECTION ( 'NONE',  ( 0.5879296996640578400, 0.8089120275116020700, 0.0000000000000000000 ) ) ;
#1965 = DIRECTION ( 'NONE',  ( 0.0000000000000000000, 1.000000000000000000, 0.0000000000000000000 ) ) ;
#1966 = VECTOR ( 'NONE', #2266, 1000.000000000000000 ) ;
#1967 = SURFACE_STYLE_FILL_AREA ( #561 ) ;
#1968 = EDGE_CURVE ( 'NONE', #892, #1584, #2204, .T. ) ;
#1969 = CARTESIAN_POINT ( 'NONE',  ( -2.541079151118327900, 4.090000000000000700, -2.014591036643548900 ) ) ;
#1970 = VECTOR ( 'NONE', #493, 1000.000000000000000 ) ;
#1971 = ORIENTED_EDGE ( 'NONE', *, *, #1614, .T. ) ;
#1972 = PLANE ( 'NONE',  #460 ) ;
#1973 = ORIENTED_EDGE ( 'NONE', *, *, #1844, .F. ) ;
#1974 = EDGE_CURVE ( 'NONE', #363, #901, #886, .T. ) ;
#1975 = FACE_OUTER_BOUND ( 'NONE', #1921, .T. ) ;
#1976 = ORIENTED_EDGE ( 'NONE', *, *, #2132, .F. ) ;
#1977 = DIRECTION ( 'NONE',  ( -1.000000000000000000, 0.0000000000000000000, -0.0000000000000000000 ) ) ;
#1978 = LINE ( 'NONE', #2161, #1923 ) ;
#1979 = ORIENTED_EDGE ( 'NONE', *, *, #1259, .F. ) ;
#1980 = DIRECTION ( 'NONE',  ( -0.0000000000000000000, -1.000000000000000000, -0.0000000000000000000 ) ) ;
#1981 = ORIENTED_EDGE ( 'NONE', *, *, #825, .T. ) ;
#1982 = CARTESIAN_POINT ( 'NONE',  ( -3.771184040063300100, -0.1009999999999995300, -0.2499999999999997800 ) ) ;
#1983 = ORIENTED_EDGE ( 'NONE', *, *, #178, .F. ) ;
#1984 = DIRECTION ( 'NONE',  ( 0.0000000000000000000, 0.0000000000000000000, 1.000000000000000000 ) ) ;
#1985 = DIRECTION ( 'NONE',  ( -0.0000000000000000000, -1.000000000000000000, -0.0000000000000000000 ) ) ;
#1986 = CARTESIAN_POINT ( 'NONE',  ( 3.568700000000000200, 0.5177674744007918500, 2.790000000000000500 ) ) ;
#1987 = ORIENTED_EDGE ( 'NONE', *, *, #180, .T. ) ;
#1988 = DIRECTION ( 'NONE',  ( -0.0000000000000000000, 1.000000000000000000, -0.0000000000000000000 ) ) ;
#1989 = EDGE_CURVE ( 'NONE', #1404, #1044, #1885, .T. ) ;
#1990 = DIRECTION ( 'NONE',  ( 1.000000000000000000, -0.0000000000000000000, -1.822852308939677200E-016 ) ) ;
#1991 = PLANE ( 'NONE',  #1873 ) ;
#1992 = LINE ( 'NONE', #344, #1907 ) ;
#1993 = CARTESIAN_POINT ( 'NONE',  ( 3.873066639486024700, 0.09900000000000044900, 0.2500000000000002200 ) ) ;
#1994 = DIRECTION ( 'NONE',  ( -0.8089120275116020700, -0.5879296996640578400, 0.0000000000000000000 ) ) ;
#1995 = SURFACE_STYLE_FILL_AREA ( #174 ) ;
#1996 = LINE ( 'NONE', #1890, #1819 ) ;
#1997 = CARTESIAN_POINT ( 'NONE',  ( 3.568700000000000200, 0.0000000000000000000, 1.947519309167438800 ) ) ;
#1998 = FACE_OUTER_BOUND ( 'NONE', #1244, .T. ) ;
#1999 = CARTESIAN_POINT ( 'NONE',  ( 5.016499999999999700, -0.1009999999999996900, 2.790000000000000500 ) ) ;
#2000 = LINE ( 'NONE', #1055, #721 ) ;
#2001 = VERTEX_POINT ( 'NONE', #1123 ) ;
#2002 = EDGE_CURVE ( 'NONE', #363, #905, #1369, .T. ) ;
#2003 = CARTESIAN_POINT ( 'NONE',  ( 3.873066639486024700, 0.09900000000000044900, -2.290000000000000000 ) ) ;
#2004 = VECTOR ( 'NONE', #231, 1000.000000000000000 ) ;
#2005 = ORIENTED_EDGE ( 'NONE', *, *, #1651, .T. ) ;
#2006 = EDGE_LOOP ( 'NONE', ( #2070, #2360, #1590, #2295, #31, #288, #1718, #686, #745, #170, #2067, #2357, #999, #1133, #756, #2247, #470, #108, #322, #579 ) ) ;
#2007 = DIRECTION ( 'NONE',  ( -1.000000000000000000, 0.0000000000000000000, -0.0000000000000000000 ) ) ;
#2008 = LINE ( 'NONE', #1139, #104 ) ;
#2009 = VERTEX_POINT ( 'NONE', #572 ) ;
#2010 = EDGE_CURVE ( 'NONE', #1744, #555, #1601, .T. ) ;
#2011 = DIRECTION ( 'NONE',  ( 1.000000000000000000, 0.0000000000000000000, -0.0000000000000000000 ) ) ;
#2012 = ORIENTED_EDGE ( 'NONE', *, *, #1279, .T. ) ;
#2013 = CARTESIAN_POINT ( 'NONE',  ( 5.016499999999999700, -0.1009999999999996900, -2.790000000000000000 ) ) ;
#2014 = ADVANCED_FACE ( 'NONE', ( #448 ), #1685, .F. ) ;
#2015 = DIRECTION ( 'NONE',  ( -0.5879296996640562800, -0.8089120275116031800, -0.0000000000000000000 ) ) ;
#2016 = ORIENTED_EDGE ( 'NONE', *, *, #1024, .T. ) ;
#2017 = DIRECTION ( 'NONE',  ( 0.0000000000000000000, -0.0000000000000000000, -1.000000000000000000 ) ) ;
#2018 = EDGE_LOOP ( 'NONE', ( #2304, #412, #837, #1523 ) ) ;
#2019 = VERTEX_POINT ( 'NONE', #2259 ) ;
#2020 = CARTESIAN_POINT ( 'NONE',  ( 3.568700000000000200, 0.5177674744007918500, 2.290000000000000500 ) ) ;
#2021 = CARTESIAN_POINT ( 'NONE',  ( -3.568700000000000200, 4.090000000000000700, 3.365500000000000400 ) ) ;
#2022 = CARTESIAN_POINT ( 'NONE',  ( 5.016499999999999700, 0.09900000000000032400, -0.2499999999999997800 ) ) ;
#2023 = FACE_OUTER_BOUND ( 'NONE', #987, .T. ) ;
#2024 = EDGE_CURVE ( 'NONE', #2209, #693, #621, .T. ) ;
#2025 = CARTESIAN_POINT ( 'NONE',  ( 0.0000000000000000000, 0.0000000000000000000, 0.0000000000000000000 ) ) ;
#2026 = AXIS2_PLACEMENT_3D ( 'NONE', #420, #792, #57 ) ;
#2027 = DIRECTION ( 'NONE',  ( 0.0000000000000000000, -0.0000000000000000000, 1.000000000000000000 ) ) ;
#2028 = PLANE ( 'NONE',  #404 ) ;
#2029 = VECTOR ( 'NONE', #1396, 1000.000000000000000 ) ;
#2030 = PLANE ( 'NONE',  #642 ) ;
#2031 = FACE_OUTER_BOUND ( 'NONE', #547, .T. ) ;
#2032 = VECTOR ( 'NONE', #1539, 1000.000000000000000 ) ;
#2033 = LINE ( 'NONE', #846, #1028 ) ;
#2034 = DIRECTION ( 'NONE',  ( 0.0000000000000000000, -1.000000000000000000, 0.0000000000000000000 ) ) ;
#2035 = VECTOR ( 'NONE', #1783, 1000.000000000000000 ) ;
#2036 = ORIENTED_EDGE ( 'NONE', *, *, #1595, .F. ) ;
#2037 = ORIENTED_EDGE ( 'NONE', *, *, #471, .T. ) ;
#2038 =( NAMED_UNIT ( * ) SI_UNIT ( $, .STERADIAN. ) SOLID_ANGLE_UNIT ( ) );
#2039 = DIRECTION ( 'NONE',  ( -1.197108232069350100E-016, 1.000000000000000000, 0.0000000000000000000 ) ) ;
#2040 = LINE ( 'NONE', #1698, #2004 ) ;
#2041 = VERTEX_POINT ( 'NONE', #394 ) ;
#2042 = EDGE_CURVE ( 'NONE', #1893, #1185, #771, .T. ) ;
#2043 = EDGE_LOOP ( 'NONE', ( #637, #2334, #1810, #2369 ) ) ;
#2044 = DIRECTION ( 'NONE',  ( -0.0000000000000000000, 1.000000000000000000, -2.234449119122123800E-016 ) ) ;
#2045 = VECTOR ( 'NONE', #76, 1000.000000000000000 ) ;
#2046 = VERTEX_POINT ( 'NONE', #2081 ) ;
#2047 = DIRECTION ( 'NONE',  ( 1.000000000000000000, 0.0000000000000000000, 0.0000000000000000000 ) ) ;
#2048 = PLANE ( 'NONE',  #529 ) ;
#2049 = ORIENTED_EDGE ( 'NONE', *, *, #1334, .F. ) ;
#2050 = EDGE_LOOP ( 'NONE', ( #49, #683, #72, #1647 ) ) ;
#2051 = DIRECTION ( 'NONE',  ( -1.000000000000000000, 0.0000000000000000000, 0.0000000000000000000 ) ) ;
#2052 = CARTESIAN_POINT ( 'NONE',  ( -3.771184040063300100, -0.1009999999999995300, 2.790000000000000500 ) ) ;
#2053 = CARTESIAN_POINT ( 'NONE',  ( -2.563175261000484100, 0.4852212400842086900, -0.7089903454162802500 ) ) ;
#2054 = DIRECTION ( 'NONE',  ( -0.0000000000000000000, -1.000000000000000000, -0.0000000000000000000 ) ) ;
#2055 = MANIFOLD_SOLID_BREP ( 'Boss-Extrude3', #2385 ) ;
#2056 = FACE_OUTER_BOUND ( 'NONE', #1708, .T. ) ;
#2057 = CARTESIAN_POINT ( 'NONE',  ( -3.568700000000000200, 0.1775907489959000500, -2.790000000000000000 ) ) ;
#2058 = AXIS2_PLACEMENT_3D ( 'NONE', #1780, #1053, #1247 ) ;
#2059 = FACE_OUTER_BOUND ( 'NONE', #148, .T. ) ;
#2060 = DIRECTION ( 'NONE',  ( 0.0000000000000000000, 0.0000000000000000000, 1.000000000000000000 ) ) ;
#2061 = CARTESIAN_POINT ( 'NONE',  ( -3.873066639486024700, 0.09900000000000044900, 0.2500000000000002200 ) ) ;
#2062 = CYLINDRICAL_SURFACE ( 'NONE', #2202, 0.3662789034680940000 ) ;
#2063 = SURFACE_STYLE_FILL_AREA ( #1535 ) ;
#2064 = CARTESIAN_POINT ( 'NONE',  ( -3.568700000000000200, 0.1775907489959000500, 0.2500000000000002200 ) ) ;
#2065 = LINE ( 'NONE', #2169, #1970 ) ;
#2066 = ORIENTED_EDGE ( 'NONE', *, *, #287, .F. ) ;
#2067 = ORIENTED_EDGE ( 'NONE', *, *, #613, .T. ) ;
#2068 = VECTOR ( 'NONE', #2316, 1000.000000000000000 ) ;
#2069 = VERTEX_POINT ( 'NONE', #2061 ) ;
#2070 = ORIENTED_EDGE ( 'NONE', *, *, #256, .F. ) ;
#2071 = ADVANCED_FACE ( 'NONE', ( #1197 ), #2062, .T. ) ;
#2072 = VECTOR ( 'NONE', #1277, 1000.000000000000000 ) ;
#2073 = EDGE_LOOP ( 'NONE', ( #291, #1037, #1657, #1678 ) ) ;
#2074 = DIRECTION ( 'NONE',  ( -0.8089120275116015200, 0.5879296996640587200, 0.0000000000000000000 ) ) ;
#2075 = DIRECTION ( 'NONE',  ( -0.0000000000000000000, 0.0000000000000000000, -1.000000000000000000 ) ) ;
#2076 = ORIENTED_EDGE ( 'NONE', *, *, #1595, .T. ) ;
#2077 = EDGE_CURVE ( 'NONE', #2271, #21, #1996, .T. ) ;
#2078 = CARTESIAN_POINT ( 'NONE',  ( 3.873066639486024700, 0.09900000000000044900, 2.790000000000000500 ) ) ;
#2079 = ORIENTED_EDGE ( 'NONE', *, *, #1083, .F. ) ;
#2080 = ORIENTED_EDGE ( 'NONE', *, *, #1719, .F. ) ;
#2081 = CARTESIAN_POINT ( 'NONE',  ( -5.016499999999999700, -0.1009999999999996900, 0.2500000000000002200 ) ) ;
#2082 =( GEOMETRIC_REPRESENTATION_CONTEXT ( 3 ) GLOBAL_UNCERTAINTY_ASSIGNED_CONTEXT ( ( #747 ) ) GLOBAL_UNIT_ASSIGNED_CONTEXT ( ( #1095, #908, #1120 ) ) REPRESENTATION_CONTEXT ( 'NONE', 'WORKASPACE' ) );
#2083 = ADVANCED_FACE ( 'NONE', ( #395 ), #1136, .F. ) ;
#2084 = DIRECTION ( 'NONE',  ( 0.0000000000000000000, -0.0000000000000000000, -1.000000000000000000 ) ) ;
#2085 = CARTESIAN_POINT ( 'NONE',  ( -3.771184040063300100, -0.1009999999999995300, 2.290000000000000500 ) ) ;
#2086 = VECTOR ( 'NONE', #1638, 1000.000000000000200 ) ;
#2087 = DIRECTION ( 'NONE',  ( -1.000000000000000000, 0.0000000000000000000, 0.0000000000000000000 ) ) ;
#2088 = EDGE_CURVE ( 'NONE', #2243, #1234, #716, .T. ) ;
#2089 = CARTESIAN_POINT ( 'NONE',  ( 3.568700000000000200, 0.0000000000000000000, 3.365499999999999000 ) ) ;
#2090 = LINE ( 'NONE', #1014, #221 ) ;
#2091 = VECTOR ( 'NONE', #1036, 1000.000000000000200 ) ;
#2092 = EDGE_LOOP ( 'NONE', ( #1743, #751, #1976, #1009 ) ) ;
#2093 = ORIENTED_EDGE ( 'NONE', *, *, #2387, .F. ) ;
#2094 = CARTESIAN_POINT ( 'NONE',  ( -3.568700000000000200, 0.5177674744007918500, 0.2500000000000002200 ) ) ;
#2095 = CARTESIAN_POINT ( 'NONE',  ( 3.568700000000000200, 0.0000000000000000000, -3.365500000000000400 ) ) ;
#2096 = LINE ( 'NONE', #1797, #1706 ) ;
#2097 = ORIENTED_EDGE ( 'NONE', *, *, #943, .F. ) ;
#2098 = CARTESIAN_POINT ( 'NONE',  ( -3.568700000000000200, 0.5177674744007918500, -2.790000000000000000 ) ) ;
#2099 = ORIENTED_EDGE ( 'NONE', *, *, #1083, .T. ) ;
#2100 = CARTESIAN_POINT ( 'NONE',  ( -2.563175261000484100, 0.0000000000000000000, 0.7089903454162784800 ) ) ;
#2101 = ORIENTED_EDGE ( 'NONE', *, *, #323, .T. ) ;
#2102 = ADVANCED_FACE ( 'NONE', ( #1494 ), #226, .T. ) ;
#2103 = EDGE_CURVE ( 'NONE', #2019, #988, #1910, .T. ) ;
#2104 = ORIENTED_EDGE ( 'NONE', *, *, #672, .F. ) ;
#2105 = CARTESIAN_POINT ( 'NONE',  ( -3.730482405502320900, 0.2951766889287116800, -0.2499999999999997800 ) ) ;
#2106 = CARTESIAN_POINT ( 'NONE',  ( -5.016499999999999700, 0.09900000000000032400, 0.2500000000000002200 ) ) ;
#2107 = AXIS2_PLACEMENT_3D ( 'NONE', #1538, #1176, #261 ) ;
#2108 = CARTESIAN_POINT ( 'NONE',  ( -3.568700000000000200, 0.0000000000000000000, 1.947519309167438800 ) ) ;
#2109 = CARTESIAN_POINT ( 'NONE',  ( -3.568700000000000200, 0.1775907489959000500, -2.790000000000000000 ) ) ;
#2110 = FACE_OUTER_BOUND ( 'NONE', #909, .T. ) ;
#2111 = ADVANCED_FACE ( 'NONE', ( #16 ), #1195, .F. ) ;
#2112 = LINE ( 'NONE', #1418, #1492 ) ;
#2113 = VECTOR ( 'NONE', #753, 1000.000000000000000 ) ;
#2114 = FILL_AREA_STYLE ('',( #2127 ) ) ;
#2115 = LINE ( 'NONE', #1681, #450 ) ;
#2116 = FACE_BOUND ( 'NONE', #1527, .T. ) ;
#2117 = EDGE_LOOP ( 'NONE', ( #865, #1552, #1709, #1063 ) ) ;
#2118 = CARTESIAN_POINT ( 'NONE',  ( 3.568700000000000200, 0.4852212400842085800, 1.947519309167438800 ) ) ;
#2119 = VERTEX_POINT ( 'NONE', #1383 ) ;
#2120 = PRODUCT ( '760390015', '760390015', '', ( #2205 ) ) ;
#2121 = FACE_OUTER_BOUND ( 'NONE', #1353, .T. ) ;
#2122 = EDGE_LOOP ( 'NONE', ( #1011, #759, #492, #1946 ) ) ;
#2123 = ORIENTED_EDGE ( 'NONE', *, *, #1696, .F. ) ;
#2124 = LINE ( 'NONE', #2212, #1442 ) ;
#2125 = VERTEX_POINT ( 'NONE', #92 ) ;
#2126 = DIRECTION ( 'NONE',  ( 0.0000000000000000000, 0.0000000000000000000, -1.000000000000000000 ) ) ;
#2127 = FILL_AREA_STYLE_COLOUR ( '', #338 ) ;
#2128 = VERTEX_POINT ( 'NONE', #289 ) ;
#2129 = ORIENTED_EDGE ( 'NONE', *, *, #162, .F. ) ;
#2130 = EDGE_CURVE ( 'NONE', #1380, #555, #191, .T. ) ;
#2131 = VERTEX_POINT ( 'NONE', #2144 ) ;
#2132 = EDGE_CURVE ( 'NONE', #1501, #2424, #820, .T. ) ;
#2133 = FILL_AREA_STYLE ('',( #1189 ) ) ;
#2134 = CARTESIAN_POINT ( 'NONE',  ( -5.016499999999999700, 0.09900000000000032400, 2.790000000000000500 ) ) ;
#2135 = ADVANCED_FACE ( 'NONE', ( #2267 ), #1162, .F. ) ;
#2136 = DIRECTION ( 'NONE',  ( 0.0000000000000000000, 1.000000000000000000, 0.0000000000000000000 ) ) ;
#2137 = DIRECTION ( 'NONE',  ( -1.000000000000000000, 0.0000000000000000000, 0.0000000000000000000 ) ) ;
#2138 = CARTESIAN_POINT ( 'NONE',  ( 3.771184040063300100, -0.1009999999999995300, -2.290000000000000000 ) ) ;
#2139 = EDGE_CURVE ( 'NONE', #764, #81, #341, .T. ) ;
#2140 = VECTOR ( 'NONE', #1775, 1000.000000000000000 ) ;
#2141 = LINE ( 'NONE', #2341, #951 ) ;
#2142 = EDGE_CURVE ( 'NONE', #1615, #1031, #1257, .T. ) ;
#2143 = CYLINDRICAL_SURFACE ( 'NONE', #975, 0.3662789034680940000 ) ;
#2144 = CARTESIAN_POINT ( 'NONE',  ( 5.016499999999999700, -0.1009999999999996900, -0.2499999999999997800 ) ) ;
#2145 = EDGE_LOOP ( 'NONE', ( #1263, #105, #1747, #2036 ) ) ;
#2146 = VECTOR ( 'NONE', #1010, 1000.000000000000000 ) ;
#2147 = DIRECTION ( 'NONE',  ( 1.000000000000000000, 1.185248535164035800E-016, 0.0000000000000000000 ) ) ;
#2148 = LINE ( 'NONE', #712, #2419 ) ;
#2149 = ORIENTED_EDGE ( 'NONE', *, *, #64, .T. ) ;
#2150 = AXIS2_PLACEMENT_3D ( 'NONE', #1559, #844, #1947 ) ;
#2151 = VERTEX_POINT ( 'NONE', #2335 ) ;
#2152 = VECTOR ( 'NONE', #913, 1000.000000000000200 ) ;
#2153 = VERTEX_POINT ( 'NONE', #1717 ) ;
#2154 = CARTESIAN_POINT ( 'NONE',  ( 3.730482405502320900, 0.2951766889287116800, -0.2499999999999997800 ) ) ;
#2155 = ORIENTED_EDGE ( 'NONE', *, *, #539, .F. ) ;
#2156 = CARTESIAN_POINT ( 'NONE',  ( 2.563175261000484100, 8.946062254689056900, -3.365500000000000400 ) ) ;
#2157 = LINE ( 'NONE', #2345, #2045 ) ;
#2158 = ORIENTED_EDGE ( 'NONE', *, *, #1192, .F. ) ;
#2159 = PLANE ( 'NONE',  #2356 ) ;
#2160 = ORIENTED_EDGE ( 'NONE', *, *, #429, .F. ) ;
#2161 = CARTESIAN_POINT ( 'NONE',  ( 3.568700000000000200, 4.090000000000000700, -3.365500000000000400 ) ) ;
#2162 = EDGE_CURVE ( 'NONE', #165, #2182, #2090, .T. ) ;
#2163 = DIRECTION ( 'NONE',  ( 0.0000000000000000000, 1.000000000000000000, 0.0000000000000000000 ) ) ;
#2164 = DIRECTION ( 'NONE',  ( -1.000000000000000000, -0.0000000000000000000, -0.0000000000000000000 ) ) ;
#2165 = DIRECTION ( 'NONE',  ( 0.0000000000000000000, 1.000000000000000000, 0.0000000000000000000 ) ) ;
#2166 = LINE ( 'NONE', #849, #711 ) ;
#2167 = CARTESIAN_POINT ( 'NONE',  ( -3.771184040063300100, -0.1009999999999995300, 2.790000000000000500 ) ) ;
#2168 = DIRECTION ( 'NONE',  ( 0.0000000000000000000, 0.0000000000000000000, -1.000000000000000000 ) ) ;
#2169 = CARTESIAN_POINT ( 'NONE',  ( 3.568700000000000200, 0.5177674744007918500, -2.790000000000000000 ) ) ;
#2170 = LINE ( 'NONE', #1635, #1666 ) ;
#2171 = DIRECTION ( 'NONE',  ( -0.0000000000000000000, -0.0000000000000000000, -1.000000000000000000 ) ) ;
#2172 = CARTESIAN_POINT ( 'NONE',  ( -2.563175261000484100, -0.0000000000000000000, -3.365500000000000400 ) ) ;
#2173 = EDGE_CURVE ( 'NONE', #1031, #1615, #275, .T. ) ;
#2174 = DIRECTION ( 'NONE',  ( -0.0000000000000000000, -1.000000000000000000, -0.0000000000000000000 ) ) ;
#2175 = FACE_OUTER_BOUND ( 'NONE', #415, .T. ) ;
#2176 = FACE_OUTER_BOUND ( 'NONE', #1417, .T. ) ;
#2177 = ORIENTED_EDGE ( 'NONE', *, *, #64, .F. ) ;
#2178 = ORIENTED_EDGE ( 'NONE', *, *, #443, .F. ) ;
#2179 = AXIS2_PLACEMENT_3D ( 'NONE', #66, #54, #2310 ) ;
#2180 = DIRECTION ( 'NONE',  ( 0.0000000000000000000, 0.0000000000000000000, -1.000000000000000000 ) ) ;
#2181 = VECTOR ( 'NONE', #245, 1000.000000000000000 ) ;
#2182 = VERTEX_POINT ( 'NONE', #1781 ) ;
#2183 = DIRECTION ( 'NONE',  ( 0.0000000000000000000, 0.0000000000000000000, -1.000000000000000000 ) ) ;
#2184 = DIRECTION ( 'NONE',  ( 0.0000000000000000000, -1.000000000000000000, 0.0000000000000000000 ) ) ;
#2185 = VECTOR ( 'NONE', #1602, 1000.000000000000000 ) ;
#2186 = VERTEX_POINT ( 'NONE', #2100 ) ;
#2187 = CARTESIAN_POINT ( 'NONE',  ( -3.568700000000000200, 0.0000000000000000000, -1.947519309167438800 ) ) ;
#2188 = ORIENTED_EDGE ( 'NONE', *, *, #1537, .T. ) ;
#2189 = CARTESIAN_POINT ( 'NONE',  ( 2.563175261000484100, 0.4852212400842086900, -3.365500000000000400 ) ) ;
#2190 = ORIENTED_EDGE ( 'NONE', *, *, #2211, .T. ) ;
#2191 = DIRECTION ( 'NONE',  ( -1.185248535164035800E-016, -1.000000000000000000, 0.0000000000000000000 ) ) ;
#2192 = DIRECTION ( 'NONE',  ( 0.0000000000000000000, 0.0000000000000000000, 1.000000000000000000 ) ) ;
#2193 = ORIENTED_EDGE ( 'NONE', *, *, #1911, .T. ) ;
#2194 = ORIENTED_EDGE ( 'NONE', *, *, #1495, .F. ) ;
#2195 = EDGE_CURVE ( 'NONE', #2069, #465, #1397, .T. ) ;
#2196 = DIRECTION ( 'NONE',  ( 0.0000000000000000000, 1.000000000000000000, 0.0000000000000000000 ) ) ;
#2197 = LINE ( 'NONE', #1221, #1252 ) ;
#2198 = AXIS2_PLACEMENT_3D ( 'NONE', #1960, #1041, #2147 ) ;
#2199 = FILL_AREA_STYLE_COLOUR ( '', #998 ) ;
#2200 = SURFACE_STYLE_USAGE ( .BOTH. , #1863 ) ;
#2201 = DIRECTION ( 'NONE',  ( 1.000000000000000000, -1.185248535164035800E-016, 0.0000000000000000000 ) ) ;
#2202 = AXIS2_PLACEMENT_3D ( 'NONE', #217, #949, #1899 ) ;
#2203 = CARTESIAN_POINT ( 'NONE',  ( 3.730482405502320900, 0.2951766889287116800, 2.790000000000000500 ) ) ;
#2204 = LINE ( 'NONE', #384, #1023 ) ;
#2205 = PRODUCT_CONTEXT ( 'NONE', #1115, 'mechanical' ) ;
#2206 = LINE ( 'NONE', #2386, #821 ) ;
#2207 = CARTESIAN_POINT ( 'NONE',  ( -3.771184040063300100, -0.1009999999999995300, -2.790000000000000000 ) ) ;
#2208 = VECTOR ( 'NONE', #1665, 1000.000000000000200 ) ;
#2209 = VERTEX_POINT ( 'NONE', #2286 ) ;
#2210 = FACE_OUTER_BOUND ( 'NONE', #495, .T. ) ;
#2211 = EDGE_CURVE ( 'NONE', #811, #2242, #950, .T. ) ;
#2212 = CARTESIAN_POINT ( 'NONE',  ( 3.568700000000000200, 0.0000000000000000000, 3.365499999999999000 ) ) ;
#2213 = LINE ( 'NONE', #53, #1738 ) ;
#2214 = VERTEX_POINT ( 'NONE', #1531 ) ;
#2215 = ORIENTED_EDGE ( 'NONE', *, *, #91, .F. ) ;
#2216 = VECTOR ( 'NONE', #1423, 1000.000000000000000 ) ;
#2217 = EDGE_LOOP ( 'NONE', ( #2296, #700, #2080, #133 ) ) ;
#2218 = AXIS2_PLACEMENT_3D ( 'NONE', #331, #2163, #1395 ) ;
#2219 = APPLICATION_PROTOCOL_DEFINITION ( 'draft international standard', 'automotive_design', 1998, #1115 ) ;
#2220 = ORIENTED_EDGE ( 'NONE', *, *, #2387, .T. ) ;
#2221 = CARTESIAN_POINT ( 'NONE',  ( 3.568700000000000200, 0.4852212400842085800, 0.7089903454162803700 ) ) ;
#2222 =( NAMED_UNIT ( * ) PLANE_ANGLE_UNIT ( ) SI_UNIT ( $, .RADIAN. ) );
#2223 = CLOSED_SHELL ( 'NONE', ( #11, #1713, #2254, #2014, #43, #2307, #755, #458 ) ) ;
#2224 = CARTESIAN_POINT ( 'NONE',  ( 3.568700000000000200, 0.4852212400842085800, -0.7089903454162803700 ) ) ;
#2225 = DIRECTION ( 'NONE',  ( 1.000000000000000000, 0.0000000000000000000, 0.0000000000000000000 ) ) ;
#2226 = PLANE ( 'NONE',  #169 ) ;
#2227 = VERTEX_POINT ( 'NONE', #1906 ) ;
#2228 = CARTESIAN_POINT ( 'NONE',  ( 3.568700000000000200, 0.0000000000000000000, -0.7089903454162802500 ) ) ;
#2229 = DIRECTION ( 'NONE',  ( -1.000000000000000000, 0.0000000000000000000, -0.0000000000000000000 ) ) ;
#2230 = CARTESIAN_POINT ( 'NONE',  ( 2.563175261000484100, 0.0000000000000000000, 3.365500000000000400 ) ) ;
#2231 = EDGE_CURVE ( 'NONE', #329, #1380, #93, .T. ) ;
#2232 = CARTESIAN_POINT ( 'NONE',  ( 3.568700000000000200, 0.5177674744007918500, 0.2500000000000002200 ) ) ;
#2233 =( LENGTH_UNIT ( ) NAMED_UNIT ( * ) SI_UNIT ( .MILLI., .METRE. ) );
#2234 = LINE ( 'NONE', #107, #1879 ) ;
#2235 = AXIS2_PLACEMENT_3D ( 'NONE', #1020, #2137, #1805 ) ;
#2236 = CARTESIAN_POINT ( 'NONE',  ( -3.568700000000000200, 0.1775907489959000500, 0.2500000000000002200 ) ) ;
#2237 = CARTESIAN_POINT ( 'NONE',  ( 3.568700000000000200, 0.4852212400842085800, -0.7089903454162803700 ) ) ;
#2238 = UNCERTAINTY_MEASURE_WITH_UNIT (LENGTH_MEASURE( 1.000000000000000100E-005 ), #1751, 'distance_accuracy_value', 'NONE');
#2239 = CARTESIAN_POINT ( 'NONE',  ( 3.568700000000000200, 0.0000000000000000000, 3.365499999999999000 ) ) ;
#2240 = VECTOR ( 'NONE', #1076, 1000.000000000000000 ) ;
#2241 = VECTOR ( 'NONE', #537, 1000.000000000000000 ) ;
#2242 = VERTEX_POINT ( 'NONE', #781 ) ;
#2243 = VERTEX_POINT ( 'NONE', #1957 ) ;
#2244 = CARTESIAN_POINT ( 'NONE',  ( 3.568700000000000200, 0.5177674744007918500, -0.2499999999999997800 ) ) ;
#2245 = CARTESIAN_POINT ( 'NONE',  ( -5.016499999999999700, 0.09900000000000032400, 2.790000000000000500 ) ) ;
#2246 = LINE ( 'NONE', #2309, #2181 ) ;
#2247 = ORIENTED_EDGE ( 'NONE', *, *, #300, .T. ) ;
#2248 = EDGE_CURVE ( 'NONE', #145, #1271, #1634, .T. ) ;
#2249 = CLOSED_SHELL ( 'NONE', ( #1310, #34, #616, #406, #266, #1435, #218, #816, #235, #1506, #2297, #834, #986, #244, #1690, #210, #1015, #437, #2315, #337, #1163, #1697, #2397, #2111, #380, #2330, #881, #1929, #2285 ) ) ;
#2250 = AXIS2_PLACEMENT_3D ( 'NONE', #1084, #2165, #336 ) ;
#2251 = ORIENTED_EDGE ( 'NONE', *, *, #2195, .T. ) ;
#2252 = CARTESIAN_POINT ( 'NONE',  ( 0.0000000000000000000, 0.0000000000000000000, 2.290000000000000500 ) ) ;
#2253 = ORIENTED_EDGE ( 'NONE', *, *, #1459, .T. ) ;
#2254 = ADVANCED_FACE ( 'NONE', ( #304 ), #969, .F. ) ;
#2255 = ORIENTED_EDGE ( 'NONE', *, *, #968, .F. ) ;
#2256 = DIRECTION ( 'NONE',  ( -0.0000000000000000000, 1.000000000000000000, -0.0000000000000000000 ) ) ;
#2257 =( NAMED_UNIT ( * ) PLANE_ANGLE_UNIT ( ) SI_UNIT ( $, .RADIAN. ) );
#2258 = ADVANCED_FACE ( 'NONE', ( #2292 ), #516, .F. ) ;
#2259 = CARTESIAN_POINT ( 'NONE',  ( -2.563175261000484100, 0.4852212400842086900, -3.365500000000000400 ) ) ;
#2260 = EDGE_CURVE ( 'NONE', #2323, #1174, #2112, .T. ) ;
#2261 = VECTOR ( 'NONE', #2015, 1000.000000000000000 ) ;
#2262 = DIRECTION ( 'NONE',  ( 0.0000000000000000000, -0.0000000000000000000, -1.000000000000000000 ) ) ;
#2263 = LINE ( 'NONE', #2371, #1730 ) ;
#2264 = FACE_OUTER_BOUND ( 'NONE', #131, .T. ) ;
#2265 = AXIS2_PLACEMENT_3D ( 'NONE', #2094, #1912, #207 ) ;
#2266 = DIRECTION ( 'NONE',  ( -0.0000000000000000000, -0.0000000000000000000, -1.000000000000000000 ) ) ;
#2267 = FACE_OUTER_BOUND ( 'NONE', #2092, .T. ) ;
#2268 = LINE ( 'NONE', #790, #1398 ) ;
#2269 = CARTESIAN_POINT ( 'NONE',  ( -2.541079151118327900, 3.990000000000000700, -1.648312133175454900 ) ) ;
#2270 = ORIENTED_EDGE ( 'NONE', *, *, #1105, .T. ) ;
#2271 = VERTEX_POINT ( 'NONE', #701 ) ;
#2272 = ORIENTED_EDGE ( 'NONE', *, *, #931, .F. ) ;
#2273 = EDGE_CURVE ( 'NONE', #774, #1867, #620, .T. ) ;
#2274 = VECTOR ( 'NONE', #884, 1000.000000000000000 ) ;
#2275 = ORIENTED_EDGE ( 'NONE', *, *, #1382, .F. ) ;
#2276 = ADVANCED_FACE ( 'NONE', ( #369 ), #1229, .F. ) ;
#2277 = EDGE_LOOP ( 'NONE', ( #241, #1013, #1260, #958 ) ) ;
#2278 = EDGE_CURVE ( 'NONE', #871, #329, #2263, .T. ) ;
#2279 = DIRECTION ( 'NONE',  ( 0.0000000000000000000, 1.000000000000000000, 0.0000000000000000000 ) ) ;
#2280 = EDGE_LOOP ( 'NONE', ( #83, #954, #1650, #775 ) ) ;
#2281 = AXIS2_PLACEMENT_3D ( 'NONE', #662, #330, #533 ) ;
#2282 = DIRECTION ( 'NONE',  ( -0.5879296996640586100, 0.8089120275116014100, 0.0000000000000000000 ) ) ;
#2283 = CARTESIAN_POINT ( 'NONE',  ( 0.0000000000000000000, 0.0000000000000000000, -0.2499999999999997800 ) ) ;
#2284 = PRESENTATION_STYLE_ASSIGNMENT (( #1098 ) ) ;
#2285 = ADVANCED_FACE ( 'NONE', ( #885 ), #1240, .T. ) ;
#2286 = CARTESIAN_POINT ( 'NONE',  ( 3.568700000000000200, 0.0000000000000000000, 1.947519309167438800 ) ) ;
#2287 = EDGE_CURVE ( 'NONE', #2209, #871, #857, .T. ) ;
#2288 = DIRECTION ( 'NONE',  ( 0.0000000000000000000, -0.0000000000000000000, 1.000000000000000000 ) ) ;
#2289 = PLANE ( 'NONE',  #418 ) ;
#2290 = DIRECTION ( 'NONE',  ( 0.0000000000000000000, 0.0000000000000000000, 1.000000000000000000 ) ) ;
#2291 = EDGE_CURVE ( 'NONE', #2046, #1926, #1287, .T. ) ;
#2292 = FACE_OUTER_BOUND ( 'NONE', #807, .T. ) ;
#2293 = CIRCLE ( 'NONE', #1933, 0.3662789034680937700 ) ;
#2294 = VECTOR ( 'NONE', #703, 1000.000000000000000 ) ;
#2295 = ORIENTED_EDGE ( 'NONE', *, *, #290, .T. ) ;
#2296 = ORIENTED_EDGE ( 'NONE', *, *, #1311, .T. ) ;
#2297 = ADVANCED_FACE ( 'NONE', ( #2346 ), #874, .F. ) ;
#2298 = DIRECTION ( 'NONE',  ( -1.000000000000000000, 0.0000000000000000000, -0.0000000000000000000 ) ) ;
#2299 =( LENGTH_UNIT ( ) NAMED_UNIT ( * ) SI_UNIT ( .MILLI., .METRE. ) );
#2300 = ORIENTED_EDGE ( 'NONE', *, *, #638, .T. ) ;
#2301 = EDGE_LOOP ( 'NONE', ( #1898, #1604, #1269, #1389 ) ) ;
#2302 = EDGE_LOOP ( 'NONE', ( #1134, #1502, #2005, #259 ) ) ;
#2303 = EDGE_CURVE ( 'NONE', #1082, #1159, #14, .T. ) ;
#2304 = ORIENTED_EDGE ( 'NONE', *, *, #1334, .T. ) ;
#2305 = PLANE ( 'NONE',  #866 ) ;
#2306 = ORIENTED_EDGE ( 'NONE', *, *, #7, .T. ) ;
#2307 = ADVANCED_FACE ( 'NONE', ( #1847 ), #1592, .F. ) ;
#2308 = LINE ( 'NONE', #1566, #1049 ) ;
#2309 = CARTESIAN_POINT ( 'NONE',  ( -3.771184040063300100, -0.1009999999999995300, 2.290000000000000500 ) ) ;
#2310 = DIRECTION ( 'NONE',  ( 0.0000000000000000000, 0.0000000000000000000, 1.000000000000000000 ) ) ;
#2311 = FACE_OUTER_BOUND ( 'NONE', #79, .T. ) ;
#2312 = CARTESIAN_POINT ( 'NONE',  ( -3.568700000000000200, 0.5177674744007918500, 2.790000000000000500 ) ) ;
#2313 = VECTOR ( 'NONE', #710, 1000.000000000000000 ) ;
#2314 = EDGE_CURVE ( 'NONE', #722, #634, #1881, .T. ) ;
#2315 = ADVANCED_FACE ( 'NONE', ( #68 ), #887, .F. ) ;
#2316 = DIRECTION ( 'NONE',  ( -0.0000000000000000000, -0.0000000000000000000, 1.000000000000000000 ) ) ;
#2317 = CARTESIAN_POINT ( 'NONE',  ( 3.873066639486024700, 0.09900000000000044900, 0.2500000000000002200 ) ) ;
#2318 = PRESENTATION_STYLE_ASSIGNMENT (( #1336 ) ) ;
#2319 = AXIS2_PLACEMENT_3D ( 'NONE', #893, #2367, #118 ) ;
#2320 = ORIENTED_EDGE ( 'NONE', *, *, #1716, .T. ) ;
#2321 = DIRECTION ( 'NONE',  ( -0.0000000000000000000, -0.0000000000000000000, -1.000000000000000000 ) ) ;
#2322 = FACE_OUTER_BOUND ( 'NONE', #1798, .T. ) ;
#2323 = VERTEX_POINT ( 'NONE', #1224 ) ;
#2324 = ORIENTED_EDGE ( 'NONE', *, *, #1167, .T. ) ;
#2325 = LINE ( 'NONE', #1473, #1379 ) ;
#2326 = EDGE_LOOP ( 'NONE', ( #455, #1406, #576, #696, #1127, #1073, #225, #381, #1035, #1854, #2324, #1765 ) ) ;
#2327 = DIRECTION ( 'NONE',  ( -1.000000000000000000, 0.0000000000000000000, -0.0000000000000000000 ) ) ;
#2328 = ORIENTED_EDGE ( 'NONE', *, *, #287, .T. ) ;
#2329 = CARTESIAN_POINT ( 'NONE',  ( -3.568700000000000200, 0.5177674744007918500, -2.290000000000000000 ) ) ;
#2330 = ADVANCED_FACE ( 'NONE', ( #506 ), #1991, .F. ) ;
#2331 = VERTEX_POINT ( 'NONE', #491 ) ;
#2332 = EDGE_CURVE ( 'NONE', #484, #363, #1755, .T. ) ;
#2333 = DIRECTION ( 'NONE',  ( 0.0000000000000000000, 0.0000000000000000000, 1.000000000000000000 ) ) ;
#2334 = ORIENTED_EDGE ( 'NONE', *, *, #2303, .T. ) ;
#2335 = CARTESIAN_POINT ( 'NONE',  ( 3.568700000000000200, 0.5177674744007918500, -2.790000000000000000 ) ) ;
#2336 = CARTESIAN_POINT ( 'NONE',  ( -3.873066639486024700, 0.09900000000000044900, 0.2500000000000002200 ) ) ;
#2337 = CARTESIAN_POINT ( 'NONE',  ( 3.568700000000000200, 0.4852212400842085800, 1.947519309167438800 ) ) ;
#2338 = ORIENTED_EDGE ( 'NONE', *, *, #2077, .F. ) ;
#2339 = PLANE ( 'NONE',  #1904 ) ;
#2340 = AXIS2_PLACEMENT_3D ( 'NONE', #1425, #504, #498 ) ;
#2341 = CARTESIAN_POINT ( 'NONE',  ( -3.730482405502320900, 0.2951766889287116800, 2.290000000000000500 ) ) ;
#2342 = DIRECTION ( 'NONE',  ( -1.000000000000000000, 0.0000000000000000000, -0.0000000000000000000 ) ) ;
#2343 = CARTESIAN_POINT ( 'NONE',  ( 3.568700000000000200, 0.0000000000000000000, 0.7089903454162802500 ) ) ;
#2344 = CARTESIAN_POINT ( 'NONE',  ( 2.563175261000484100, 0.0000000000000000000, 0.7089903454162784800 ) ) ;
#2345 = CARTESIAN_POINT ( 'NONE',  ( -3.771184040063300100, -0.1009999999999995300, 0.2500000000000002200 ) ) ;
#2346 = FACE_OUTER_BOUND ( 'NONE', #294, .T. ) ;
#2347 = PRESENTATION_STYLE_ASSIGNMENT (( #609 ) ) ;
#2348 = CARTESIAN_POINT ( 'NONE',  ( -2.541079151118327900, 5.125993185791449100, -1.648312133175455100 ) ) ;
#2349 = EDGE_CURVE ( 'NONE', #1268, #405, #1429, .T. ) ;
#2350 = VECTOR ( 'NONE', #1623, 1000.000000000000000 ) ;
#2351 = CARTESIAN_POINT ( 'NONE',  ( 5.016499999999999700, 0.09900000000000032400, 0.2500000000000002200 ) ) ;
#2352 = CARTESIAN_POINT ( 'NONE',  ( 3.568700000000000200, 0.5177674744007918500, 0.2500000000000002200 ) ) ;
#2353 = PLANE ( 'NONE',  #1000 ) ;
#2354 = VECTOR ( 'NONE', #482, 1000.000000000000000 ) ;
#2355 = ORIENTED_EDGE ( 'NONE', *, *, #2024, .F. ) ;
#2356 = AXIS2_PLACEMENT_3D ( 'NONE', #856, #1212, #645 ) ;
#2357 = ORIENTED_EDGE ( 'NONE', *, *, #52, .T. ) ;
#2358 = CARTESIAN_POINT ( 'NONE',  ( -2.563175261000484100, -0.0000000000000000000, -3.365500000000000400 ) ) ;
#2359 = FACE_OUTER_BOUND ( 'NONE', #614, .T. ) ;
#2360 = ORIENTED_EDGE ( 'NONE', *, *, #1830, .T. ) ;
#2361 = CARTESIAN_POINT ( 'NONE',  ( -3.730482405502320900, 0.2951766889287116800, -2.790000000000000000 ) ) ;
#2362 = ORIENTED_EDGE ( 'NONE', *, *, #110, .F. ) ;
#2363 = DIRECTION ( 'NONE',  ( 0.0000000000000000000, -0.0000000000000000000, 1.000000000000000000 ) ) ;
#2364 = VERTEX_POINT ( 'NONE', #1859 ) ;
#2365 = CARTESIAN_POINT ( 'NONE',  ( -5.016499999999999700, -0.1009999999999996900, 2.790000000000000500 ) ) ;
#2366 = ORIENTED_EDGE ( 'NONE', *, *, #178, .T. ) ;
#2367 = DIRECTION ( 'NONE',  ( 0.0000000000000000000, 2.234449119122123800E-016, -1.000000000000000000 ) ) ;
#2368 = EDGE_CURVE ( 'NONE', #2242, #1555, #248, .T. ) ;
#2369 = ORIENTED_EDGE ( 'NONE', *, *, #36, .F. ) ;
#2370 = PLANE ( 'NONE',  #2218 ) ;
#2371 = CARTESIAN_POINT ( 'NONE',  ( 3.568700000000000200, 0.4852212400842085800, 1.947519309167438800 ) ) ;
#2372 = PLANE ( 'NONE',  #12 ) ;
#2373 = CARTESIAN_POINT ( 'NONE',  ( -3.873066639486024700, 0.09900000000000044900, 2.790000000000000500 ) ) ;
#2374 = CARTESIAN_POINT ( 'NONE',  ( 3.568700000000000200, 0.1775907489959000500, 2.790000000000000500 ) ) ;
#2375 = AXIS2_PLACEMENT_3D ( 'NONE', #2156, #88, #1208 ) ;
#2376 = DIRECTION ( 'NONE',  ( -0.0000000000000000000, -1.000000000000000000, -0.0000000000000000000 ) ) ;
#2377 = CARTESIAN_POINT ( 'NONE',  ( 3.568700000000000200, 0.4852212400842085800, -0.7089903454162803700 ) ) ;
#2378 = PLANE ( 'NONE',  #1422 ) ;
#2379 = PRESENTATION_STYLE_ASSIGNMENT (( #1848 ) ) ;
#2380 = PLANE ( 'NONE',  #1355 ) ;
#2381 = EDGE_CURVE ( 'NONE', #2214, #903, #1169, .T. ) ;
#2382 = CARTESIAN_POINT ( 'NONE',  ( 3.568700000000000200, 0.1775907489959000500, 2.290000000000000500 ) ) ;
#2383 = VECTOR ( 'NONE', #1875, 1000.000000000000000 ) ;
#2384 = VECTOR ( 'NONE', #734, 1000.000000000000200 ) ;
#2385 = CLOSED_SHELL ( 'NONE', ( #1897, #2071, #59, #1725 ) ) ;
#2386 = CARTESIAN_POINT ( 'NONE',  ( 2.563175261000484100, 0.4852212400842086900, -3.365500000000000400 ) ) ;
#2387 = EDGE_CURVE ( 'NONE', #1900, #2001, #1230, .T. ) ;
#2388 = DIRECTION ( 'NONE',  ( -0.5879296996640586100, -0.8089120275116014100, 0.0000000000000000000 ) ) ;
#2389 = VECTOR ( 'NONE', #32, 1000.000000000000000 ) ;
#2390 = ORIENTED_EDGE ( 'NONE', *, *, #2002, .T. ) ;
#2391 = ORIENTED_EDGE ( 'NONE', *, *, #1184, .F. ) ;
#2392 = DIRECTION ( 'NONE',  ( -0.5879296996640586100, -0.8089120275116014100, 0.0000000000000000000 ) ) ;
#2393 = LINE ( 'NONE', #358, #1238 ) ;
#2394 = AXIS2_PLACEMENT_3D ( 'NONE', #1600, #889, #2027 ) ;
#2395 = VERTEX_POINT ( 'NONE', #902 ) ;
#2396 = VERTEX_POINT ( 'NONE', #354 ) ;
#2397 = ADVANCED_FACE ( 'NONE', ( #446 ), #2226, .F. ) ;
#2398 = CARTESIAN_POINT ( 'NONE',  ( 0.0000000000000000000, 0.0000000000000000000, 0.0000000000000000000 ) ) ;
#2399 = ORIENTED_EDGE ( 'NONE', *, *, #581, .T. ) ;
#2400 = DIRECTION ( 'NONE',  ( -1.000000000000000000, -1.197108232069350100E-016, 0.0000000000000000000 ) ) ;
#2401 = EDGE_CURVE ( 'NONE', #487, #1082, #2170, .T. ) ;
#2402 = VERTEX_POINT ( 'NONE', #2414 ) ;
#2403 = DIRECTION ( 'NONE',  ( 0.0000000000000000000, -1.000000000000000000, 2.234449119122123800E-016 ) ) ;
#2404 = EDGE_CURVE ( 'NONE', #1739, #1501, #126, .T. ) ;
#2405 = DIRECTION ( 'NONE',  ( 0.5879296996640562800, -0.8089120275116031800, -0.0000000000000000000 ) ) ;
#2406 = CARTESIAN_POINT ( 'NONE',  ( -3.873066639486024700, 0.09900000000000044900, -2.290000000000000000 ) ) ;
#2407 = LINE ( 'NONE', #2021, #914 ) ;
#2408 = AXIS2_PLACEMENT_3D ( 'NONE', #2374, #134, #1460 ) ;
#2409 = CARTESIAN_POINT ( 'NONE',  ( -3.873066639486024700, 0.09900000000000044900, 2.790000000000000500 ) ) ;
#2410 =( LENGTH_UNIT ( ) NAMED_UNIT ( * ) SI_UNIT ( .MILLI., .METRE. ) );
#2411 = PLANE ( 'NONE',  #479 ) ;
#2412 = DIRECTION ( 'NONE',  ( 1.000000000000000000, 0.0000000000000000000, -1.215234872626451500E-016 ) ) ;
#2413 = VECTOR ( 'NONE', #1511, 1000.000000000000000 ) ;
#2414 = CARTESIAN_POINT ( 'NONE',  ( -3.873066639486024700, 0.09900000000000044900, -2.790000000000000000 ) ) ;
#2415 = COLOUR_RGB ( '',1.000000000000000000, 1.000000000000000000, 1.000000000000000000 ) ;
#2416 = VECTOR ( 'NONE', #1569, 1000.000000000000000 ) ;
#2417 = EDGE_CURVE ( 'NONE', #1346, #1686, #1056, .T. ) ;
#2418 = CARTESIAN_POINT ( 'NONE',  ( -3.568700000000000200, 0.1775907489959000500, 2.290000000000000500 ) ) ;
#2419 = VECTOR ( 'NONE', #1637, 1000.000000000000200 ) ;
#2420 = ORIENTED_EDGE ( 'NONE', *, *, #2088, .F. ) ;
#2421 = ORIENTED_EDGE ( 'NONE', *, *, #1512, .T. ) ;
#2422 = DIRECTION ( 'NONE',  ( 1.215234872626451500E-016, -0.0000000000000000000, 1.000000000000000000 ) ) ;
#2423 = LINE ( 'NONE', #796, #894 ) ;
#2424 = VERTEX_POINT ( 'NONE', #933 ) ;
#2425 = AXIS2_PLACEMENT_3D ( 'NONE', #2025, #1286, #907 ) ;
#2426 = FILL_AREA_STYLE_COLOUR ( '', #1935 ) ;
#2427 = FACE_OUTER_BOUND ( 'NONE', #1642, .T. ) ;
#2428 = EDGE_LOOP ( 'NONE', ( #438, #784, #151, #1372, #1979, #985 ) ) ;
#2429 = DIRECTION ( 'NONE',  ( -1.000000000000000000, -1.185248535164035800E-016, 0.0000000000000000000 ) ) ;
#2430 = DIRECTION ( 'NONE',  ( -1.000000000000000000, -1.197108232069350100E-016, 0.0000000000000000000 ) ) ;
#2431 = AXIS2_PLACEMENT_3D ( 'NONE', #332, #1816, #863 ) ;
ENDSEC;
END-ISO-10303-21;
